# Blender v3.6.0 OBJ File: ''
# www.blender.org
mtllib Line_3006.mtl
o Line_3006
v 1408.795410 1716.912231 197.326401
v 1407.490234 1715.000000 197.794540
v 1407.490234 1716.912231 197.794540
v 1406.257324 1715.000000 198.429031
v 1406.257324 1716.912231 198.429031
v 1405.117920 1715.000000 199.219009
v 1405.117920 1716.912231 199.219009
v 1404.091309 1715.000000 200.150970
v 1404.091309 1716.912231 200.150970
v 1403.195068 1715.000000 201.208969
v 1403.195068 1716.912231 201.208969
v 1402.444580 1715.000000 202.374878
v 1402.444580 1716.912231 202.374878
v 1401.852783 1715.000000 203.628769
v 1401.852783 1716.912231 203.628769
v 1401.429688 1715.000000 204.949188
v 1401.429688 1716.912231 204.949188
v 1401.182495 1715.000000 206.313522
v 1401.182495 1716.912231 206.313522
v 1401.115601 1715.000000 207.698456
v 1401.115601 1716.912231 207.698456
v 1401.229980 1715.000000 209.080276
v 1401.229980 1716.912231 209.080276
v 1401.523804 1715.000000 210.435333
v 1401.523804 1716.912231 210.435333
v 1401.991943 1715.000000 211.740463
v 1401.991943 1716.912231 211.740463
v 1402.626465 1715.000000 212.973312
v 1402.626465 1716.912231 212.973312
v 1403.416382 1715.000000 214.112808
v 1403.416382 1716.912231 214.112808
v 1404.348389 1715.000000 215.139435
v 1404.348389 1716.912231 215.139435
v 1405.406372 1715.000000 216.035629
v 1405.406372 1716.912231 216.035629
v 1406.572266 1715.000000 216.786072
v 1406.572266 1716.912231 216.786072
v 1407.826172 1715.000000 217.377899
v 1407.826172 1716.912231 217.377899
v 1409.146606 1715.000000 217.801010
v 1409.146606 1716.912231 217.801010
v 1410.510986 1715.000000 218.048141
v 1410.510986 1716.912231 218.048141
v 1411.895874 1715.000000 218.115082
v 1411.895874 1716.912231 218.115082
v 1413.277710 1715.000000 218.000687
v 1413.277710 1716.912231 218.000687
v 1414.632690 1715.000000 217.706894
v 1414.632690 1716.912231 217.706894
v 1415.937866 1715.000000 217.238754
v 1415.937866 1716.912231 217.238754
v 1417.170776 1715.000000 216.604263
v 1417.170776 1716.912231 216.604263
v 1418.310181 1715.000000 215.814285
v 1418.310181 1716.912231 215.814285
v 1419.336792 1715.000000 214.882324
v 1419.336792 1716.912231 214.882324
v 1420.233032 1715.000000 213.824326
v 1420.233032 1716.912231 213.824326
v 1420.983521 1715.000000 212.658417
v 1420.983521 1716.912231 212.658417
v 1421.575317 1715.000000 211.404526
v 1421.575317 1716.912231 211.404526
v 1421.998413 1715.000000 210.084106
v 1421.998413 1716.912231 210.084106
v 1422.245605 1715.000000 208.719772
v 1422.245605 1716.912231 208.719772
v 1422.312500 1715.000000 207.334839
v 1422.312500 1716.912231 207.334839
v 1422.198120 1715.000000 205.953018
v 1422.198120 1716.912231 205.953018
v 1421.904297 1715.000000 204.597961
v 1421.904297 1716.912231 204.597961
v 1421.436157 1715.000000 203.292831
v 1421.436157 1716.912231 203.292831
v 1420.801636 1715.000000 202.059982
v 1420.801636 1716.912231 202.059982
v 1420.011719 1715.000000 200.920486
v 1420.011719 1716.912231 200.920486
v 1419.079712 1715.000000 199.893860
v 1419.079712 1716.912231 199.893860
v 1418.021729 1715.000000 198.997665
v 1418.021729 1716.912231 198.997665
v 1416.855835 1715.000000 198.247223
v 1416.855835 1716.912231 198.247223
v 1415.601929 1715.000000 197.655396
v 1415.601929 1716.912231 197.655396
v 1414.281494 1715.000000 197.232285
v 1414.281494 1716.912231 197.232285
v 1412.917114 1715.000000 196.985153
v 1412.917114 1716.912231 196.985153
v 1411.532227 1715.000000 196.918213
v 1411.532227 1716.912231 196.918213
v 1410.150391 1715.000000 197.032608
v 1410.150391 1716.912231 197.032608
v 1408.795410 1715.000000 197.326401
v 1414.632690 1709.000000 217.706894
v 1420.848267 1709.000000 216.342743
v 1408.637573 1709.000000 219.840134
v 1423.924805 1709.000000 204.019257
v 1422.312500 1709.000000 207.334839
v 1422.198120 1709.000000 205.953018
v 1403.195068 1709.000000 201.208969
v 1402.444580 1709.000000 202.374878
v 1402.579834 1709.000000 198.690552
v 1401.115601 1709.000000 207.698456
v 1401.229980 1709.000000 209.080276
v 1399.503296 1709.000000 211.014038
v 1415.937866 1709.000000 217.238754
v 1417.170776 1709.000000 216.604263
v 1418.310181 1709.000000 215.814285
v 1419.336792 1709.000000 214.882324
v 1420.233032 1709.000000 213.824326
v 1420.983521 1709.000000 212.658417
v 1421.904297 1709.000000 204.597961
v 1421.436157 1709.000000 203.292831
v 1420.801636 1709.000000 202.059982
v 1414.790527 1709.000000 195.193161
v 1416.855835 1709.000000 198.247223
v 1415.601929 1709.000000 197.655396
v 1401.852783 1709.000000 203.628769
v 1401.429688 1709.000000 204.949188
v 1401.182495 1709.000000 206.313522
v 1406.572266 1709.000000 216.786072
v 1407.826172 1709.000000 217.377899
v 1409.146606 1709.000000 217.801010
v 1410.510986 1709.000000 218.048141
v 1421.575317 1709.000000 211.404526
v 1421.998413 1709.000000 210.084106
v 1422.245605 1709.000000 208.719772
v 1420.011719 1709.000000 200.920486
v 1419.079712 1709.000000 199.893860
v 1418.021729 1709.000000 198.997665
v 1414.281494 1709.000000 197.232285
v 1412.917114 1709.000000 196.985153
v 1411.532227 1709.000000 196.918213
v 1411.895874 1709.000000 218.115082
v 1413.277710 1709.000000 218.000687
v 1401.523804 1709.000000 210.435333
v 1401.991943 1709.000000 211.740463
v 1402.626465 1709.000000 212.973312
v 1406.257324 1709.000000 198.429031
v 1405.117920 1709.000000 199.219009
v 1404.091309 1709.000000 200.150970
v 1403.416382 1709.000000 214.112808
v 1404.348389 1709.000000 215.139435
v 1405.406372 1709.000000 216.035629
v 1410.150391 1709.000000 197.032608
v 1408.795410 1709.000000 197.326401
v 1407.490234 1709.000000 197.794540
v 1399.503296 1715.000000 211.014038
v 1402.579834 1715.000000 198.690552
v 1408.637573 1715.000000 219.840134
v 1420.848267 1715.000000 216.342743
v 1423.924805 1715.000000 204.019257
v 1414.790527 1715.000000 195.193161
v 1401.603271 1729.000000 209.024612
v 1401.492920 1729.000000 207.691986
v 1401.557495 1729.000000 206.356354
v 1401.795776 1729.000000 205.040588
v 1402.203857 1729.000000 203.767181
v 1402.774658 1729.000000 202.557938
v 1403.498413 1729.000000 201.433533
v 1404.362671 1729.000000 200.413208
v 1405.352783 1729.000000 199.514420
v 1406.451660 1729.000000 198.752563
v 1407.640625 1729.000000 198.140656
v 1408.899292 1729.000000 197.689178
v 1410.206055 1729.000000 197.405853
v 1411.538696 1729.000000 197.295532
v 1412.874390 1729.000000 197.360092
v 1414.190063 1729.000000 197.598419
v 1415.463501 1729.000000 198.006470
v 1416.672729 1729.000000 198.577225
v 1417.797119 1729.000000 199.300949
v 1418.817505 1729.000000 200.165237
v 1419.716309 1729.000000 201.155319
v 1420.478149 1729.000000 202.254242
v 1421.090088 1729.000000 203.443207
v 1421.541504 1729.000000 204.701874
v 1421.824829 1729.000000 206.008682
v 1421.935181 1729.000000 207.341309
v 1421.870605 1729.000000 208.676941
v 1421.632324 1729.000000 209.992706
v 1421.224243 1729.000000 211.266113
v 1420.653442 1729.000000 212.475357
v 1419.929688 1729.000000 213.599762
v 1419.065430 1729.000000 214.620087
v 1418.075317 1729.000000 215.518875
v 1416.976440 1729.000000 216.280731
v 1415.787476 1729.000000 216.892639
v 1414.528809 1729.000000 217.344116
v 1413.222046 1729.000000 217.627441
v 1411.889404 1729.000000 217.737762
v 1410.553711 1729.000000 217.673203
v 1409.238037 1729.000000 217.434875
v 1407.964600 1729.000000 217.026825
v 1406.755371 1729.000000 216.456070
v 1405.630981 1729.000000 215.732346
v 1404.610596 1729.000000 214.868057
v 1403.711792 1729.000000 213.877975
v 1402.949951 1729.000000 212.779053
v 1402.338013 1729.000000 211.590088
v 1401.886597 1729.000000 210.331421
v 1421.904297 1707.087769 204.597961
v 1421.090088 1695.000000 203.443207
v 1421.436157 1707.087769 203.292831
v 1420.478149 1695.000000 202.254242
v 1420.801636 1707.087769 202.059982
v 1419.716309 1695.000000 201.155319
v 1420.011719 1707.087769 200.920486
v 1418.817505 1695.000000 200.165237
v 1419.079712 1707.087769 199.893860
v 1417.797119 1695.000000 199.300949
v 1418.021729 1707.087769 198.997665
v 1416.672729 1695.000000 198.577225
v 1416.855835 1707.087769 198.247223
v 1415.463501 1695.000000 198.006470
v 1415.601929 1707.087769 197.655396
v 1414.190063 1695.000000 197.598419
v 1414.281494 1707.087769 197.232285
v 1412.874390 1695.000000 197.360092
v 1412.917114 1707.087769 196.985153
v 1411.538696 1695.000000 197.295532
v 1411.532227 1707.087769 196.918213
v 1410.206055 1695.000000 197.405853
v 1410.150391 1707.087769 197.032608
v 1408.899292 1695.000000 197.689178
v 1408.795410 1707.087769 197.326401
v 1407.640625 1695.000000 198.140656
v 1407.490234 1707.087769 197.794540
v 1406.451660 1695.000000 198.752563
v 1406.257324 1707.087769 198.429031
v 1405.352783 1695.000000 199.514420
v 1405.117920 1707.087769 199.219009
v 1404.362671 1695.000000 200.413208
v 1404.091309 1707.087769 200.150970
v 1403.498413 1695.000000 201.433533
v 1403.195068 1707.087769 201.208969
v 1402.774658 1695.000000 202.557938
v 1402.444580 1707.087769 202.374878
v 1402.203857 1695.000000 203.767181
v 1401.852783 1707.087769 203.628769
v 1401.795776 1695.000000 205.040588
v 1401.429688 1707.087769 204.949188
v 1401.557495 1695.000000 206.356354
v 1401.182495 1707.087769 206.313522
v 1401.492920 1695.000000 207.691986
v 1401.115601 1707.087769 207.698456
v 1401.603271 1695.000000 209.024612
v 1401.229980 1707.087769 209.080276
v 1401.886597 1695.000000 210.331421
v 1401.523804 1707.087769 210.435333
v 1402.338013 1695.000000 211.590088
v 1401.991943 1707.087769 211.740463
v 1402.949951 1695.000000 212.779053
v 1402.626465 1707.087769 212.973312
v 1403.711792 1695.000000 213.877975
v 1403.416382 1707.087769 214.112808
v 1404.610596 1695.000000 214.868057
v 1404.348389 1707.087769 215.139435
v 1405.630981 1695.000000 215.732346
v 1405.406372 1707.087769 216.035629
v 1406.755371 1695.000000 216.456070
v 1406.572266 1707.087769 216.786072
v 1407.964600 1695.000000 217.026825
v 1407.826172 1707.087769 217.377899
v 1409.238037 1695.000000 217.434875
v 1409.146606 1707.087769 217.801010
v 1410.553711 1695.000000 217.673203
v 1410.510986 1707.087769 218.048141
v 1411.889404 1695.000000 217.737762
v 1411.895874 1707.087769 218.115082
v 1413.222046 1695.000000 217.627441
v 1413.277710 1707.087769 218.000687
v 1414.528809 1695.000000 217.344116
v 1414.632690 1707.087769 217.706894
v 1415.787476 1695.000000 216.892639
v 1415.937866 1707.087769 217.238754
v 1416.976440 1695.000000 216.280731
v 1417.170776 1707.087769 216.604263
v 1418.075317 1695.000000 215.518875
v 1418.310181 1707.087769 215.814285
v 1419.065430 1695.000000 214.620087
v 1419.336792 1707.087769 214.882324
v 1419.929688 1695.000000 213.599762
v 1420.233032 1707.087769 213.824326
v 1420.653442 1695.000000 212.475357
v 1420.983521 1707.087769 212.658417
v 1421.224243 1695.000000 211.266113
v 1421.575317 1707.087769 211.404526
v 1421.632324 1695.000000 209.992706
v 1421.998413 1707.087769 210.084106
v 1421.870605 1695.000000 208.676941
v 1422.245605 1707.087769 208.719772
v 1421.935181 1695.000000 207.341309
v 1422.312500 1707.087769 207.334839
v 1421.824829 1695.000000 206.008682
v 1422.198120 1707.087769 205.953018
v 1421.541504 1695.000000 204.701874
v 1409.786621 1695.000000 200.787231
v 1409.786621 1729.000000 200.787231
v 1408.732056 1695.000000 201.183563
v 1408.732056 1729.000000 201.183563
v 1407.754761 1695.000000 201.743912
v 1407.754761 1729.000000 201.743912
v 1406.880127 1695.000000 202.453781
v 1406.880127 1729.000000 202.453781
v 1406.130493 1695.000000 203.294754
v 1406.130493 1729.000000 203.294754
v 1405.525635 1695.000000 204.245087
v 1405.525635 1729.000000 204.245087
v 1405.080933 1695.000000 205.280151
v 1405.080933 1729.000000 205.280151
v 1404.808105 1695.000000 206.373138
v 1404.808105 1729.000000 206.373138
v 1404.714111 1695.000000 207.495743
v 1404.714111 1729.000000 207.495743
v 1404.801392 1695.000000 208.618896
v 1404.801392 1729.000000 208.618896
v 1405.067749 1695.000000 209.713486
v 1405.067749 1729.000000 209.713486
v 1405.506226 1695.000000 210.751190
v 1405.506226 1729.000000 210.751190
v 1406.105469 1695.000000 211.705109
v 1406.105469 1729.000000 211.705109
v 1406.849976 1695.000000 212.550568
v 1406.849976 1729.000000 212.550568
v 1407.720459 1695.000000 213.265640
v 1407.720459 1729.000000 213.265640
v 1408.694336 1695.000000 213.831818
v 1408.694336 1729.000000 213.831818
v 1409.746460 1695.000000 214.234436
v 1409.746460 1729.000000 214.234436
v 1410.849487 1695.000000 214.463058
v 1410.849487 1729.000000 214.463058
v 1411.974976 1695.000000 214.511780
v 1411.974976 1729.000000 214.511780
v 1413.093750 1695.000000 214.379333
v 1413.093750 1729.000000 214.379333
v 1414.176758 1695.000000 214.069138
v 1414.176758 1729.000000 214.069138
v 1415.195923 1695.000000 213.589249
v 1415.195923 1729.000000 213.589249
v 1416.125000 1695.000000 212.952072
v 1416.125000 1729.000000 212.952072
v 1416.939697 1695.000000 212.174133
v 1416.939697 1729.000000 212.174133
v 1417.619141 1695.000000 211.275558
v 1417.619141 1729.000000 211.275558
v 1418.145630 1695.000000 210.279633
v 1418.145630 1729.000000 210.279633
v 1418.505615 1695.000000 209.212143
v 1418.505615 1729.000000 209.212143
v 1418.689697 1695.000000 208.100739
v 1418.689697 1729.000000 208.100739
v 1418.692993 1695.000000 206.974213
v 1418.692993 1729.000000 206.974213
v 1418.515625 1695.000000 205.861740
v 1418.515625 1729.000000 205.861740
v 1418.162109 1695.000000 204.792130
v 1418.162109 1729.000000 204.792130
v 1417.641479 1695.000000 203.793076
v 1417.641479 1729.000000 203.793076
v 1416.967407 1695.000000 202.890457
v 1416.967407 1729.000000 202.890457
v 1416.157349 1695.000000 202.107651
v 1416.157349 1729.000000 202.107651
v 1415.232178 1695.000000 201.464951
v 1415.232178 1729.000000 201.464951
v 1414.215820 1695.000000 200.978973
v 1414.215820 1729.000000 200.978973
v 1413.134644 1695.000000 200.662323
v 1413.134644 1729.000000 200.662323
v 1412.016846 1695.000000 200.523193
v 1412.016846 1729.000000 200.523193
v 1410.890991 1695.000000 200.565201
v 1410.890991 1729.000000 200.565201
v 1380.940308 1671.422119 205.557709
v 1379.440186 1670.340576 204.088409
v 1381.237061 1670.340576 204.742401
v 1379.782715 1669.381470 203.147430
v 1381.579590 1669.381470 203.801422
v 1380.165039 1668.561401 202.096863
v 1381.961914 1668.561401 202.750870
v 1380.580811 1667.894165 200.954697
v 1382.377686 1667.894165 201.608704
v 1381.022705 1667.391357 199.740463
v 1382.819580 1667.391357 200.394470
v 1381.483398 1667.061523 198.474960
v 1383.280273 1667.061523 199.128952
v 1381.954712 1666.910156 197.179810
v 1383.751587 1666.910156 197.833801
v 1382.428833 1666.940063 195.877182
v 1384.225708 1666.940063 196.531189
v 1382.897583 1667.150757 194.589371
v 1384.694458 1667.150757 195.243378
v 1383.352905 1667.538452 193.338409
v 1385.149780 1667.538452 193.992416
v 1383.786987 1668.096558 192.145706
v 1385.583862 1668.096558 192.799713
v 1384.192505 1668.815552 191.031662
v 1385.989380 1668.815552 191.685669
v 1384.562378 1669.683228 190.015335
v 1386.359253 1669.683228 190.669342
v 1384.890381 1670.684570 189.114120
v 1386.687256 1670.684570 189.768127
v 1385.170898 1671.802490 188.343445
v 1386.967773 1671.802490 188.997452
v 1385.399170 1673.018066 187.716492
v 1387.195923 1673.018066 188.370499
v 1385.571045 1674.310181 187.243973
v 1387.367920 1674.310181 187.897980
v 1385.683960 1675.656860 186.934006
v 1387.480835 1675.656860 187.587997
v 1385.735718 1677.035156 186.791855
v 1387.532471 1677.035156 187.445862
v 1385.725464 1678.421387 186.819977
v 1387.522339 1678.421387 187.473969
v 1385.653442 1679.791870 187.017883
v 1387.450195 1679.791870 187.671875
v 1385.520752 1681.123047 187.382187
v 1387.317627 1681.123047 188.036194
v 1385.329956 1682.392334 187.906662
v 1387.126709 1682.392334 188.560669
v 1385.083984 1683.577881 188.582321
v 1386.880859 1683.577881 189.236328
v 1384.787231 1684.659424 189.397629
v 1386.584106 1684.659424 190.051620
v 1384.444702 1685.618530 190.338608
v 1386.241577 1685.618530 190.992599
v 1384.062378 1686.438599 191.389160
v 1385.859253 1686.438599 192.043167
v 1383.646606 1687.105835 192.531326
v 1385.443481 1687.105835 193.185333
v 1383.204712 1687.608643 193.745560
v 1385.001587 1687.608643 194.399551
v 1382.744141 1687.938477 195.011078
v 1384.541016 1687.938477 195.665070
v 1382.272705 1688.089844 196.306229
v 1384.069580 1688.089844 196.960220
v 1381.798584 1688.059937 197.608841
v 1383.595459 1688.059937 198.262848
v 1381.329834 1687.849243 198.896652
v 1383.126709 1687.849243 199.550659
v 1380.874512 1687.461548 200.147614
v 1382.671387 1687.461548 200.801620
v 1380.440430 1686.903442 201.340317
v 1382.237305 1686.903442 201.994324
v 1380.034912 1686.184448 202.454361
v 1381.831787 1686.184448 203.108368
v 1379.665039 1685.316772 203.470688
v 1381.461914 1685.316772 204.124695
v 1379.337036 1684.315430 204.371902
v 1381.133911 1684.315430 205.025894
v 1379.056519 1683.197510 205.142578
v 1380.853394 1683.197510 205.796570
v 1378.828369 1681.981934 205.769531
v 1380.625244 1681.981934 206.423538
v 1378.656372 1680.689819 206.242050
v 1380.453247 1680.689819 206.896042
v 1378.543579 1679.343140 206.552032
v 1380.340454 1679.343140 207.206024
v 1378.491821 1677.964844 206.694168
v 1380.288696 1677.964844 207.348175
v 1378.502075 1676.578613 206.666046
v 1380.298950 1676.578613 207.320053
v 1378.574097 1675.208130 206.468140
v 1380.370972 1675.208130 207.122147
v 1378.706665 1673.876953 206.103836
v 1380.503540 1673.876953 206.757843
v 1378.897583 1672.607666 205.579361
v 1380.694458 1672.607666 206.233368
v 1379.143433 1671.422119 204.903702
v 1379.445801 1683.577881 186.530197
v 1378.312500 1689.010376 189.644135
v 1380.803345 1678.604126 182.800369
v 1373.984619 1687.906372 201.534653
v 1375.236450 1687.461548 198.095490
v 1374.802246 1686.903442 199.288193
v 1375.384644 1667.391357 197.688354
v 1375.845215 1667.061523 196.422836
v 1374.638672 1665.989624 199.737640
v 1377.714722 1667.538452 191.286285
v 1378.148804 1668.096558 190.093582
v 1378.966553 1667.093628 187.847122
v 1379.149048 1684.659424 187.345505
v 1378.806641 1685.618530 188.286484
v 1378.424194 1686.438599 189.337036
v 1378.008545 1687.105835 190.479202
v 1377.566528 1687.608643 191.693436
v 1377.105957 1687.938477 192.958954
v 1374.396851 1686.184448 200.402252
v 1374.026855 1685.316772 201.418564
v 1373.698853 1684.315430 202.319778
v 1372.147827 1676.395874 206.581421
v 1372.905396 1679.343140 204.499908
v 1372.853638 1677.964844 204.642059
v 1376.316650 1666.910156 195.127686
v 1376.790771 1666.940063 193.825058
v 1377.259399 1667.150757 192.537247
v 1380.045776 1675.656860 184.881882
v 1380.097534 1677.035156 184.739731
v 1380.087280 1678.421387 184.767853
v 1380.015259 1679.791870 184.965759
v 1376.634521 1688.089844 194.254105
v 1376.160400 1688.059937 195.556732
v 1375.691772 1687.849243 196.844528
v 1373.418335 1683.197510 203.090454
v 1373.190186 1681.981934 203.717407
v 1373.018188 1680.689819 204.189926
v 1372.863892 1676.578613 204.613937
v 1372.935913 1675.208130 204.416031
v 1373.068481 1673.876953 204.051712
v 1379.882690 1681.123047 185.330063
v 1379.691772 1682.392334 185.854538
v 1378.554321 1668.815552 188.979538
v 1378.924194 1669.683228 187.963211
v 1379.252319 1670.684570 187.062012
v 1374.144531 1669.381470 201.095306
v 1374.526978 1668.561401 200.044739
v 1374.942627 1667.894165 198.902573
v 1379.532715 1671.802490 186.291336
v 1379.760986 1673.018066 185.664368
v 1379.932983 1674.310181 185.191864
v 1373.259399 1672.607666 203.527252
v 1373.505371 1671.422119 202.851578
v 1373.802124 1670.340576 202.036285
v 1384.604614 1667.093628 189.899246
v 1380.276855 1665.989624 201.789764
v 1386.441528 1678.604126 184.852493
v 1383.950562 1689.010376 191.696259
v 1379.622803 1687.906372 203.586777
v 1377.785889 1676.395874 208.633530
v 1396.883179 1668.431274 197.097656
v 1396.464478 1667.893066 198.247894
v 1396.025391 1667.519165 199.454330
v 1395.573364 1667.316040 200.696289
v 1395.116089 1667.287231 201.952530
v 1394.661499 1667.433105 203.201584
v 1394.217285 1667.751221 204.422043
v 1393.791016 1668.236206 205.593033
v 1393.390137 1668.879639 206.694534
v 1393.021362 1669.670532 207.707703
v 1392.691162 1670.595459 208.615173
v 1392.404907 1671.638428 209.401443
v 1392.167725 1672.781860 210.053055
v 1391.983643 1674.005859 210.558868
v 1391.855835 1675.289795 210.910202
v 1391.786377 1676.611450 211.101059
v 1391.776489 1677.948242 211.128174
v 1391.826294 1679.277466 210.991089
v 1391.935181 1680.576294 210.692154
v 1392.100952 1681.822388 210.236450
v 1392.321045 1682.994629 209.631821
v 1392.591553 1684.072754 208.888580
v 1392.907959 1685.038452 208.019455
v 1393.264648 1685.875244 207.039322
v 1393.655762 1686.568726 205.964935
v 1394.074341 1687.106934 204.814682
v 1394.513428 1687.480835 203.608261
v 1394.965454 1687.683960 202.366302
v 1395.422729 1687.712769 201.110062
v 1395.877319 1687.566895 199.861008
v 1396.321533 1687.248779 198.640549
v 1396.747803 1686.763794 197.469543
v 1397.148682 1686.120361 196.368042
v 1397.517456 1685.329468 195.354889
v 1397.847778 1684.404541 194.447418
v 1398.133911 1683.361572 193.661133
v 1398.371094 1682.218140 193.009537
v 1398.555176 1680.994141 192.503723
v 1398.683105 1679.710205 192.152390
v 1398.752563 1678.388550 191.961533
v 1398.762451 1677.051758 191.934418
v 1398.712524 1675.722534 192.071503
v 1398.603760 1674.423706 192.370438
v 1398.437866 1673.177612 192.826126
v 1398.217773 1672.005371 193.430771
v 1397.947266 1670.927246 194.174011
v 1397.630981 1669.961548 195.043137
v 1397.274170 1669.124756 196.023270
v 1372.599976 1686.184448 199.748245
v 1360.958374 1685.038452 196.390762
v 1372.230103 1685.316772 200.764557
v 1360.642090 1684.072754 197.259888
v 1371.901978 1684.315430 201.665771
v 1360.371582 1682.994629 198.003128
v 1371.621582 1683.197510 202.436447
v 1360.151489 1681.822388 198.607773
v 1371.393311 1681.981934 203.063416
v 1359.985596 1680.576294 199.063461
v 1371.221313 1680.689819 203.535919
v 1359.876831 1679.277466 199.362411
v 1371.108521 1679.343140 203.845901
v 1359.826904 1677.948242 199.499496
v 1371.056763 1677.964844 203.988052
v 1359.836792 1676.611450 199.472366
v 1371.067017 1676.578613 203.959930
v 1359.906250 1675.289795 199.281509
v 1371.139038 1675.208130 203.762024
v 1360.034058 1674.005859 198.930176
v 1371.271606 1673.876953 203.397720
v 1360.218262 1672.781860 198.424377
v 1371.462524 1672.607666 202.873245
v 1360.455322 1671.638428 197.772766
v 1371.708496 1671.422119 202.197571
v 1360.741577 1670.595459 196.986496
v 1372.005249 1670.340576 201.382278
v 1361.071899 1669.670532 196.079010
v 1372.347656 1669.381470 200.441299
v 1361.440552 1668.879639 195.065857
v 1372.730103 1668.561401 199.390747
v 1361.841553 1668.236206 193.964355
v 1373.145752 1667.894165 198.248581
v 1362.267700 1667.751221 192.793350
v 1373.587769 1667.391357 197.034348
v 1362.711914 1667.433105 191.572891
v 1374.048340 1667.061523 195.768829
v 1363.166504 1667.287231 190.323853
v 1374.519775 1666.910156 194.473679
v 1363.623779 1667.316040 189.067596
v 1374.993896 1666.940063 193.171051
v 1364.075806 1667.519165 187.825638
v 1375.462524 1667.150757 191.883240
v 1364.514893 1667.893066 186.619217
v 1375.917847 1667.538452 190.632294
v 1364.933594 1668.431274 185.468979
v 1376.352051 1668.096558 189.439575
v 1365.324585 1669.124756 184.394592
v 1376.757446 1668.815552 188.325531
v 1365.681396 1669.961548 183.414444
v 1377.127441 1669.683228 187.309219
v 1365.997681 1670.927246 182.545319
v 1377.455444 1670.684570 186.408005
v 1366.268188 1672.005371 181.802078
v 1377.735962 1671.802490 185.637329
v 1366.488281 1673.177612 181.197449
v 1377.964111 1673.018066 185.010376
v 1366.654175 1674.423706 180.741760
v 1378.136108 1674.310181 184.537857
v 1366.762939 1675.722534 180.442810
v 1378.248901 1675.656860 184.227875
v 1366.812866 1677.051758 180.305725
v 1378.300659 1677.035156 184.085724
v 1366.802979 1678.388550 180.332840
v 1378.290405 1678.421387 184.113846
v 1366.733521 1679.710205 180.523712
v 1378.218384 1679.791870 184.311752
v 1366.605591 1680.994141 180.875046
v 1378.085815 1681.123047 184.676056
v 1366.421509 1682.218140 181.380844
v 1377.894897 1682.392334 185.200531
v 1366.184326 1683.361572 182.032455
v 1377.648926 1683.577881 185.876205
v 1365.898193 1684.404541 182.818726
v 1377.352173 1684.659424 186.691498
v 1365.567871 1685.329468 183.726212
v 1377.009766 1685.618530 187.632477
v 1365.199097 1686.120361 184.739365
v 1376.627319 1686.438599 188.683044
v 1364.798218 1686.763794 185.840866
v 1376.211670 1687.105835 189.825195
v 1364.372070 1687.248779 187.011871
v 1375.769653 1687.608643 191.039429
v 1363.927856 1687.566895 188.232330
v 1375.309082 1687.938477 192.304947
v 1363.473145 1687.712769 189.481369
v 1374.837646 1688.089844 193.600098
v 1363.015991 1687.683960 190.737610
v 1374.363525 1688.059937 194.902725
v 1362.563965 1687.480835 191.979584
v 1373.894897 1687.849243 196.190536
v 1362.124878 1687.106934 193.186005
v 1373.439575 1687.461548 197.441498
v 1361.706177 1686.568726 194.336243
v 1373.005493 1686.903442 198.634201
v 1361.315063 1685.875244 195.410629
v 1361.358398 1673.486328 195.291748
v 1393.307983 1673.486328 206.920425
v 1361.604004 1672.618286 194.616943
v 1393.553589 1672.618286 206.245621
v 1361.894043 1671.876709 193.820038
v 1393.843628 1671.876709 205.448730
v 1362.221069 1671.280884 192.921677
v 1394.170532 1671.280884 204.550369
v 1362.576416 1670.846069 191.945129
v 1394.526001 1670.846069 203.573807
v 1362.951172 1670.583496 190.915665
v 1394.900757 1670.583496 202.544357
v 1363.335449 1670.500122 189.859985
v 1395.284912 1670.500122 201.488663
v 1363.719238 1670.598022 188.805389
v 1395.668823 1670.598022 200.434082
v 1364.092773 1670.874756 187.779221
v 1396.042236 1670.874756 199.407913
v 1364.446167 1671.322998 186.808044
v 1396.395752 1671.322998 198.436737
v 1364.770508 1671.931274 185.917023
v 1396.720093 1671.931274 197.545700
v 1365.057251 1672.683716 185.129211
v 1397.006836 1672.683716 196.757904
v 1365.298950 1673.560913 184.465042
v 1397.248535 1673.560913 196.093735
v 1365.489502 1674.540161 183.941696
v 1397.438965 1674.540161 195.570389
v 1365.623779 1675.596069 183.572739
v 1397.573364 1675.596069 195.201431
v 1365.698364 1676.701294 183.367722
v 1397.647949 1676.701294 194.996399
v 1365.711426 1677.827148 183.331955
v 1397.661011 1677.827148 194.960632
v 1365.662476 1678.944580 183.466354
v 1397.612061 1678.944580 195.095047
v 1365.552856 1680.024658 183.767456
v 1397.502441 1680.024658 195.396149
v 1365.385498 1681.039185 184.227463
v 1397.334961 1681.039185 195.856140
v 1365.164551 1681.962158 184.834442
v 1397.114136 1681.962158 196.463135
v 1364.895874 1682.769531 185.572693
v 1396.845337 1682.769531 197.201370
v 1364.586304 1683.440430 186.423080
v 1396.535889 1683.440430 198.051758
v 1364.244019 1683.957520 187.363586
v 1396.193604 1683.957520 198.992264
v 1363.877808 1684.307251 188.369858
v 1395.827271 1684.307251 199.998535
v 1363.497070 1684.480835 189.415817
v 1395.446655 1684.480835 201.044495
v 1363.111816 1684.473511 190.474380
v 1395.061279 1684.473511 202.103073
v 1362.731812 1684.285645 191.518143
v 1394.681396 1684.285645 203.146835
v 1362.367188 1683.921997 192.520065
v 1394.316772 1683.921997 204.148758
v 1362.027222 1683.391968 193.454193
v 1393.976807 1683.391968 205.082886
v 1361.720703 1682.709351 194.296341
v 1393.670288 1682.709351 205.925034
v 1361.455566 1681.891846 195.024704
v 1393.405151 1681.891846 206.653381
v 1361.238770 1680.960693 195.620392
v 1393.188354 1680.960693 207.249069
v 1361.075806 1679.939819 196.067993
v 1393.025391 1679.939819 207.696671
v 1360.971069 1678.855713 196.355911
v 1392.920654 1678.855713 207.984604
v 1360.927124 1677.736572 196.476700
v 1392.876709 1677.736572 208.105392
v 1360.945068 1676.611206 196.427216
v 1392.894653 1676.611206 208.055908
v 1361.024658 1675.508911 196.208755
v 1392.974121 1675.508911 207.837448
v 1361.163574 1674.458252 195.826965
v 1393.113159 1674.458252 207.455658
v 1394.927490 1405.000000 204.831573
v 1389.318604 1405.000000 205.350571
v 1394.727661 1405.000000 206.835815
v 1389.214600 1405.000000 207.664780
v 1394.766357 1405.000000 208.849625
v 1389.348999 1405.000000 209.977417
v 1395.042969 1405.000000 210.844727
v 1389.720581 1405.000000 212.263962
v 1395.553589 1405.000000 212.793106
v 1390.325317 1405.000000 214.500198
v 1396.291138 1405.000000 214.667419
v 1391.156738 1405.000000 216.662399
v 1397.245117 1405.000000 216.441345
v 1392.206055 1405.000000 218.727646
v 1398.402222 1405.000000 218.089981
v 1413.900513 1405.000000 190.657837
v 1413.302734 1405.000000 185.072800
v 1411.891235 1405.000000 190.517563
v 1410.986694 1405.000000 185.028412
v 1409.879395 1405.000000 190.615936
v 1408.678223 1405.000000 185.222397
v 1407.893433 1405.000000 190.951538
v 1406.401978 1405.000000 185.652695
v 1405.961060 1405.000000 191.519684
v 1404.182129 1405.000000 186.314758
v 1404.109375 1405.000000 192.312393
v 1402.041992 1405.000000 187.201584
v 1402.364502 1405.000000 193.318542
v 1400.004517 1405.000000 188.303741
v 1400.750854 1405.000000 194.524002
v 1428.630249 1405.000000 209.202560
v 1434.191406 1405.000000 208.526962
v 1428.710938 1405.000000 207.189987
v 1434.176147 1405.000000 206.210464
v 1428.552979 1405.000000 205.182007
v 1433.922729 1405.000000 203.907822
v 1428.158691 1405.000000 203.206802
v 1433.433960 1405.000000 201.643417
v 1427.533447 1405.000000 201.292099
v 1432.714966 1405.000000 199.441284
v 1426.686279 1405.000000 199.464767
v 1431.773315 1405.000000 197.324753
v 1425.628906 1405.000000 197.750473
v 1430.619141 1405.000000 195.316254
v 1429.264404 1405.000000 193.437088
v 1424.376099 1405.000000 196.173279
v 1427.723755 1405.000000 191.707153
v 1422.945679 1405.000000 194.755310
v 1426.013306 1405.000000 190.144821
v 1421.357422 1405.000000 193.516495
v 1424.151367 1405.000000 188.766632
v 1419.633911 1405.000000 192.474197
v 1422.157593 1405.000000 187.587189
v 1417.799194 1405.000000 191.643066
v 1420.052979 1405.000000 186.619003
v 1415.879150 1405.000000 191.034760
v 1417.860107 1405.000000 185.872345
v 1415.602051 1405.000000 185.355118
v 1421.888306 1405.000000 221.135941
v 1426.240845 1405.000000 224.698685
v 1423.427612 1405.000000 219.837006
v 1427.930542 1405.000000 223.113968
v 1424.802612 1405.000000 218.365128
v 1429.448242 1405.000000 221.363907
v 1425.993774 1405.000000 216.740967
v 1430.778076 1405.000000 219.467056
v 1426.984619 1405.000000 214.987305
v 1431.905762 1405.000000 217.443542
v 1427.760986 1405.000000 213.128769
v 1432.819458 1405.000000 215.314789
v 1428.312134 1405.000000 211.191452
v 1433.509399 1405.000000 213.103378
v 1433.968384 1405.000000 210.832748
v 1398.091064 1405.000000 189.609558
v 1396.322021 1405.000000 191.105209
v 1399.291138 1405.000000 195.911835
v 1394.716187 1405.000000 192.774811
v 1398.005859 1405.000000 197.462585
v 1393.290527 1405.000000 194.600677
v 1396.912842 1405.000000 199.154480
v 1392.060059 1405.000000 196.563477
v 1396.027710 1405.000000 200.963745
v 1391.038086 1405.000000 198.642365
v 1395.362793 1405.000000 202.865005
v 1390.235229 1405.000000 200.815323
v 1389.660034 1405.000000 203.059326
v 1408.532715 1405.000000 224.216324
v 1408.972046 1405.000000 229.848938
v 1410.530151 1405.000000 224.475372
v 1411.282837 1405.000000 230.012512
v 1412.544189 1405.000000 224.496368
v 1413.598145 1405.000000 229.937622
v 1414.546631 1405.000000 224.278992
v 1415.893555 1405.000000 229.625061
v 1416.509277 1405.000000 223.826324
v 1418.144531 1405.000000 229.078156
v 1418.404663 1405.000000 223.144699
v 1420.327515 1405.000000 228.302673
v 1420.206055 1405.000000 222.243683
v 1422.419067 1405.000000 227.306870
v 1424.397217 1405.000000 226.101288
v 1393.462158 1405.000000 220.674072
v 1394.911743 1405.000000 222.481018
v 1399.746216 1405.000000 219.590210
v 1396.539429 1405.000000 224.129333
v 1401.258179 1405.000000 220.920929
v 1398.328003 1405.000000 225.601547
v 1402.916992 1405.000000 222.063492
v 1400.258423 1405.000000 226.882065
v 1404.699219 1405.000000 223.001862
v 1402.310303 1405.000000 227.957306
v 1406.579956 1405.000000 223.722839
v 1404.461914 1405.000000 228.815857
v 1406.690308 1405.000000 229.448639
v 1395.553589 1401.000000 212.793106
v 1396.291138 1401.000000 214.667419
v 1397.245117 1401.000000 216.441345
v 1398.402222 1401.000000 218.089981
v 1399.746216 1401.000000 219.590210
v 1401.258179 1401.000000 220.920929
v 1402.916992 1401.000000 222.063492
v 1404.699219 1401.000000 223.001862
v 1406.579956 1401.000000 223.722839
v 1408.532715 1401.000000 224.216324
v 1410.530151 1401.000000 224.475372
v 1412.544189 1401.000000 224.496368
v 1414.546631 1401.000000 224.278992
v 1416.509277 1401.000000 223.826324
v 1418.404663 1401.000000 223.144699
v 1420.206055 1401.000000 222.243683
v 1421.888306 1401.000000 221.135941
v 1423.427612 1401.000000 219.837006
v 1424.802612 1401.000000 218.365128
v 1425.993774 1401.000000 216.740967
v 1426.984619 1401.000000 214.987305
v 1427.760986 1401.000000 213.128769
v 1428.312134 1401.000000 211.191452
v 1428.630249 1401.000000 209.202560
v 1428.710938 1401.000000 207.189987
v 1428.552979 1401.000000 205.182007
v 1428.158691 1401.000000 203.206802
v 1427.533447 1401.000000 201.292099
v 1426.686279 1401.000000 199.464767
v 1425.628906 1401.000000 197.750473
v 1424.376099 1401.000000 196.173279
v 1422.945679 1401.000000 194.755310
v 1421.357422 1401.000000 193.516495
v 1419.633911 1401.000000 192.474197
v 1417.799194 1401.000000 191.643066
v 1415.879150 1401.000000 191.034760
v 1413.900513 1401.000000 190.657837
v 1411.891235 1401.000000 190.517563
v 1409.879395 1401.000000 190.615936
v 1407.893433 1401.000000 190.951538
v 1405.961060 1401.000000 191.519684
v 1404.109375 1401.000000 192.312393
v 1402.364502 1401.000000 193.318542
v 1400.750854 1401.000000 194.524002
v 1399.291138 1401.000000 195.911835
v 1398.005859 1401.000000 197.462585
v 1396.912842 1401.000000 199.154480
v 1396.027710 1401.000000 200.963745
v 1395.362793 1401.000000 202.865005
v 1394.927490 1401.000000 204.831573
v 1394.727661 1401.000000 206.835815
v 1394.766357 1401.000000 208.849625
v 1395.042969 1401.000000 210.844727
v 1429.264404 1401.000000 193.437088
v 1430.619141 1401.000000 195.316254
v 1431.773315 1401.000000 197.324753
v 1432.714966 1401.000000 199.441284
v 1433.433960 1401.000000 201.643417
v 1433.922729 1401.000000 203.907822
v 1413.302734 1401.000000 185.072800
v 1415.602051 1401.000000 185.355118
v 1417.860107 1401.000000 185.872345
v 1420.052979 1401.000000 186.619003
v 1422.157593 1401.000000 187.587189
v 1424.151367 1401.000000 188.766632
v 1426.013306 1401.000000 190.144821
v 1427.723755 1401.000000 191.707153
v 1396.322021 1401.000000 191.105209
v 1398.091064 1401.000000 189.609558
v 1400.004517 1401.000000 188.303741
v 1402.041992 1401.000000 187.201584
v 1404.182129 1401.000000 186.314758
v 1406.401978 1401.000000 185.652695
v 1408.678223 1401.000000 185.222397
v 1410.986694 1401.000000 185.028412
v 1389.318604 1401.000000 205.350571
v 1389.660034 1401.000000 203.059326
v 1390.235229 1401.000000 200.815323
v 1391.038086 1401.000000 198.642365
v 1392.060059 1401.000000 196.563477
v 1393.290527 1401.000000 194.600677
v 1394.716187 1401.000000 192.774811
v 1394.911743 1401.000000 222.481018
v 1393.462158 1401.000000 220.674072
v 1392.206055 1401.000000 218.727646
v 1391.156738 1401.000000 216.662399
v 1390.325317 1401.000000 214.500198
v 1389.720581 1401.000000 212.263962
v 1389.348999 1401.000000 209.977417
v 1389.214600 1401.000000 207.664780
v 1408.972046 1401.000000 229.848938
v 1406.690308 1401.000000 229.448639
v 1404.461914 1401.000000 228.815857
v 1402.310303 1401.000000 227.957306
v 1400.258423 1401.000000 226.882065
v 1398.328003 1401.000000 225.601547
v 1396.539429 1401.000000 224.129333
v 1434.176147 1401.000000 206.210464
v 1434.191406 1401.000000 208.526962
v 1433.968384 1401.000000 210.832748
v 1433.509399 1401.000000 213.103378
v 1432.819458 1401.000000 215.314789
v 1431.905762 1401.000000 217.443542
v 1430.778076 1401.000000 219.467056
v 1429.448242 1401.000000 221.363907
v 1427.930542 1401.000000 223.113968
v 1426.240845 1401.000000 224.698685
v 1424.397217 1401.000000 226.101288
v 1422.419067 1401.000000 227.306870
v 1420.327515 1401.000000 228.302673
v 1418.144531 1401.000000 229.078156
v 1415.893555 1401.000000 229.625061
v 1413.598145 1401.000000 229.937622
v 1411.282837 1401.000000 230.012512
v 1408.199829 1489.000000 229.172668
v 1428.711548 1489.000000 221.388107
v 1408.199829 1520.000000 229.172668
v 1428.711548 1520.000000 221.388107
v 1432.225830 1489.000000 199.732101
v 1432.225830 1520.000000 199.732101
v 1415.228394 1489.000000 185.860626
v 1415.228394 1520.000000 185.860626
v 1394.716553 1489.000000 193.645187
v 1394.716553 1520.000000 193.645187
v 1391.202271 1489.000000 215.301193
v 1391.202271 1520.000000 215.301193
v 1402.792847 1489.000000 195.277466
v 1401.300903 1489.000000 196.518784
v 1419.294556 1489.000000 194.404724
v 1417.555542 1489.000000 193.542999
v 1415.720703 1489.000000 192.910736
v 1413.820068 1489.000000 192.518280
v 1411.884766 1489.000000 192.372116
v 1409.946777 1489.000000 192.474609
v 1396.623047 1489.000000 208.800888
v 1396.911255 1489.000000 210.720139
v 1399.980103 1489.000000 197.940674
v 1398.851807 1489.000000 199.519806
v 1397.934814 1489.000000 201.230240
v 1397.244019 1489.000000 203.043900
v 1396.790894 1489.000000 204.931000
v 1396.582764 1489.000000 206.860565
v 1397.442383 1489.000000 212.586777
v 1398.207886 1489.000000 214.370178
v 1399.195190 1489.000000 216.041031
v 1404.989258 1489.000000 221.087311
v 1406.779785 1489.000000 221.835846
v 1408.037720 1489.000000 192.824097
v 1406.189087 1489.000000 193.414841
v 1404.431152 1489.000000 194.237137
v 1400.388062 1489.000000 217.571915
v 1401.766846 1489.000000 218.937698
v 1403.309082 1489.000000 220.115936
v 1408.651367 1489.000000 222.349258
v 1410.573364 1489.000000 222.619125
v 1412.513916 1489.000000 222.641006
v 1414.441406 1489.000000 222.414551
v 1416.324097 1489.000000 221.943466
v 1426.856323 1489.000000 207.201920
v 1426.691772 1489.000000 205.268158
v 1418.131104 1489.000000 221.235489
v 1419.832764 1489.000000 220.302261
v 1421.401123 1489.000000 219.159088
v 1426.281250 1489.000000 203.371323
v 1425.631470 1489.000000 201.542542
v 1424.753296 1489.000000 199.811859
v 1423.661011 1489.000000 198.207687
v 1422.372559 1489.000000 196.756378
v 1420.909058 1489.000000 195.481750
v 1422.810425 1489.000000 217.824753
v 1424.037476 1489.000000 216.321152
v 1425.062256 1489.000000 214.672974
v 1425.867798 1489.000000 212.907303
v 1426.440918 1489.000000 211.053116
v 1426.772217 1489.000000 209.140854
v 1403.143188 1508.000000 203.867279
v 1403.839478 1508.000000 202.539658
v 1403.839478 1520.000000 202.539658
v 1404.496826 1508.000000 201.626785
v 1404.739868 1520.000000 201.340942
v 1404.739868 1508.000000 201.340942
v 1405.820801 1520.000000 200.302185
v 1405.820801 1508.000000 200.302185
v 1407.054443 1520.000000 199.450272
v 1407.054443 1508.000000 199.450272
v 1408.408691 1520.000000 198.807266
v 1408.408691 1508.000000 198.807266
v 1409.848633 1520.000000 198.389847
v 1409.848633 1508.000000 198.389847
v 1411.336792 1520.000000 198.208786
v 1411.336792 1508.000000 198.208786
v 1412.834717 1520.000000 198.268799
v 1412.834717 1508.000000 198.268799
v 1414.303711 1520.000000 198.568344
v 1414.303711 1508.000000 198.568344
v 1415.705566 1520.000000 199.099625
v 1415.705566 1508.000000 199.099625
v 1417.004028 1520.000000 199.848907
v 1417.004028 1508.000000 199.848907
v 1418.165527 1520.000000 200.796783
v 1418.165527 1508.000000 200.796783
v 1419.159912 1520.000000 201.918701
v 1419.159912 1508.000000 201.918701
v 1419.961548 1520.000000 203.185608
v 1419.961548 1508.000000 203.185608
v 1420.549438 1520.000000 204.564667
v 1420.549438 1508.000000 204.564667
v 1420.908569 1520.000000 206.020203
v 1420.908569 1508.000000 206.020203
v 1421.029541 1520.000000 207.514481
v 1421.029541 1508.000000 207.514481
v 1420.909302 1520.000000 209.008820
v 1420.909302 1508.000000 209.008820
v 1420.550781 1520.000000 210.464508
v 1420.550781 1508.000000 210.464508
v 1419.963501 1520.000000 211.843857
v 1419.963501 1508.000000 211.843857
v 1419.162598 1520.000000 213.111130
v 1419.162598 1508.000000 213.111130
v 1418.168701 1520.000000 214.233505
v 1418.168701 1508.000000 214.233505
v 1417.007690 1520.000000 215.181931
v 1417.007690 1508.000000 215.181931
v 1415.709473 1520.000000 215.931808
v 1415.709473 1508.000000 215.931808
v 1414.307861 1520.000000 216.463745
v 1414.307861 1508.000000 216.463745
v 1412.839111 1520.000000 216.763962
v 1412.839111 1508.000000 216.763962
v 1411.341064 1520.000000 216.824677
v 1411.341064 1508.000000 216.824677
v 1409.852783 1520.000000 216.644318
v 1409.852783 1508.000000 216.644318
v 1408.412720 1520.000000 216.227554
v 1408.412720 1508.000000 216.227554
v 1407.058228 1520.000000 215.585190
v 1407.058228 1508.000000 215.585190
v 1405.824219 1520.000000 214.733841
v 1405.824219 1508.000000 214.733841
v 1404.742676 1520.000000 213.695587
v 1404.742676 1508.000000 213.695587
v 1403.841797 1520.000000 212.497299
v 1403.841797 1508.000000 212.497299
v 1403.144775 1520.000000 211.169998
v 1403.144775 1508.000000 211.169998
v 1402.669800 1520.000000 209.748093
v 1402.669800 1508.000000 209.748093
v 1402.428955 1520.000000 208.268387
v 1402.428955 1508.000000 208.268387
v 1402.428589 1520.000000 206.769211
v 1402.428589 1508.000000 206.769211
v 1402.668701 1520.000000 205.289398
v 1402.668701 1508.000000 205.289398
v 1403.143188 1520.000000 203.867279
v 1399.980103 1508.000000 197.940674
v 1398.851807 1508.000000 199.519806
v 1397.934814 1508.000000 201.230240
v 1397.244019 1508.000000 203.043900
v 1396.790894 1508.000000 204.931000
v 1396.582764 1508.000000 206.860565
v 1396.623047 1508.000000 208.800888
v 1396.911255 1508.000000 210.720139
v 1397.442383 1508.000000 212.586777
v 1398.207886 1508.000000 214.370178
v 1399.195190 1508.000000 216.041031
v 1400.388062 1508.000000 217.571915
v 1401.766846 1508.000000 218.937698
v 1403.309082 1508.000000 220.115936
v 1404.989258 1508.000000 221.087311
v 1406.779785 1508.000000 221.835846
v 1408.651367 1508.000000 222.349258
v 1410.573364 1508.000000 222.619125
v 1412.513916 1508.000000 222.641006
v 1414.441406 1508.000000 222.414551
v 1416.324097 1508.000000 221.943466
v 1418.131104 1508.000000 221.235489
v 1419.832764 1508.000000 220.302261
v 1421.401123 1508.000000 219.159088
v 1422.810425 1508.000000 217.824753
v 1424.037476 1508.000000 216.321152
v 1425.062256 1508.000000 214.672974
v 1425.867798 1508.000000 212.907303
v 1426.440918 1508.000000 211.053116
v 1426.772217 1508.000000 209.140854
v 1426.856323 1508.000000 207.201920
v 1426.691772 1508.000000 205.268158
v 1426.281250 1508.000000 203.371323
v 1425.631470 1508.000000 201.542542
v 1424.753296 1508.000000 199.811859
v 1423.661011 1508.000000 198.207687
v 1422.372559 1508.000000 196.756378
v 1420.909058 1508.000000 195.481750
v 1419.294556 1508.000000 194.404724
v 1417.555542 1508.000000 193.542999
v 1415.720703 1508.000000 192.910736
v 1413.820068 1508.000000 192.518280
v 1411.884766 1508.000000 192.372116
v 1409.946777 1508.000000 192.474609
v 1408.037720 1508.000000 192.824097
v 1406.189087 1508.000000 193.414841
v 1404.431152 1508.000000 194.237137
v 1402.792847 1508.000000 195.277466
v 1401.300903 1508.000000 196.518784
v 1401.770142 1659.250366 209.986389
v 1402.263916 1660.000000 208.168869
v 1401.492310 1659.250366 208.222122
v 1402.294189 1660.000000 206.517960
v 1401.525146 1659.250366 206.436417
v 1402.610718 1660.000000 204.897400
v 1401.867554 1659.250366 204.683548
v 1403.203857 1660.000000 203.356415
v 1402.509033 1659.250366 203.016754
v 1404.055542 1660.000000 201.941849
v 1403.430298 1659.250366 201.486679
v 1405.140015 1660.000000 200.696655
v 1404.603271 1659.250366 200.139832
v 1406.424194 1660.000000 199.658691
v 1405.992188 1659.250366 199.017120
v 1407.869019 1660.000000 198.859497
v 1407.555054 1659.250366 198.152664
v 1409.430786 1660.000000 198.323334
v 1409.244263 1659.250366 197.572739
v 1411.061768 1660.000000 198.066498
v 1411.008545 1659.250366 197.294937
v 1412.712769 1660.000000 198.096817
v 1412.794312 1659.250366 197.327728
v 1414.333252 1660.000000 198.413345
v 1414.547119 1659.250366 197.670090
v 1415.874268 1660.000000 199.006470
v 1416.213989 1659.250366 198.311646
v 1417.288818 1660.000000 199.858170
v 1417.744019 1659.250366 199.232895
v 1418.534058 1660.000000 200.942581
v 1419.090820 1659.250366 200.405838
v 1419.572021 1660.000000 202.226730
v 1420.213623 1659.250366 201.794830
v 1420.371216 1660.000000 203.671616
v 1421.078003 1659.250366 203.357681
v 1420.907349 1660.000000 205.233337
v 1421.657959 1659.250366 205.046906
v 1421.164185 1660.000000 206.864426
v 1421.935791 1659.250366 206.811172
v 1421.133911 1660.000000 208.515335
v 1421.902954 1659.250366 208.596878
v 1420.817383 1660.000000 210.135895
v 1421.560547 1659.250366 210.349747
v 1420.224243 1660.000000 211.676880
v 1420.919067 1659.250366 212.016541
v 1419.372559 1660.000000 213.091446
v 1419.997803 1659.250366 213.546616
v 1418.288086 1660.000000 214.336639
v 1418.824829 1659.250366 214.893463
v 1417.003906 1660.000000 215.374603
v 1417.435913 1659.250366 216.016174
v 1415.559082 1660.000000 216.173798
v 1415.873047 1659.250366 216.880630
v 1413.997314 1660.000000 216.709961
v 1414.183838 1659.250366 217.460556
v 1412.366333 1660.000000 216.966797
v 1412.419556 1659.250366 217.738358
v 1410.715332 1660.000000 216.936478
v 1410.633789 1659.250366 217.705566
v 1409.094849 1660.000000 216.619949
v 1408.880981 1659.250366 217.363205
v 1407.553833 1660.000000 216.026825
v 1407.214111 1659.250366 216.721649
v 1406.139282 1660.000000 215.175125
v 1405.684082 1659.250366 215.800400
v 1404.894043 1660.000000 214.090714
v 1404.337280 1659.250366 214.627457
v 1403.856079 1660.000000 212.806564
v 1403.214478 1659.250366 213.238464
v 1403.056885 1660.000000 211.361679
v 1402.350098 1659.250366 211.675613
v 1402.520752 1660.000000 209.799957
v 1421.657959 1510.749634 205.046906
v 1420.371216 1510.000000 203.671616
v 1421.078003 1510.749634 203.357681
v 1419.572021 1510.000000 202.226730
v 1420.213623 1510.749634 201.794830
v 1418.534058 1510.000000 200.942581
v 1419.090820 1510.749634 200.405838
v 1417.288818 1510.000000 199.858170
v 1417.744019 1510.749634 199.232895
v 1415.874268 1510.000000 199.006470
v 1416.213989 1510.749634 198.311646
v 1414.333252 1510.000000 198.413345
v 1414.547119 1510.749634 197.670090
v 1412.712769 1510.000000 198.096817
v 1412.794312 1510.749634 197.327728
v 1411.061768 1510.000000 198.066498
v 1411.008545 1510.749634 197.294937
v 1409.430786 1510.000000 198.323334
v 1409.244263 1510.749634 197.572723
v 1407.869019 1510.000000 198.859497
v 1407.555054 1510.749634 198.152664
v 1406.424194 1510.000000 199.658691
v 1405.992188 1510.749634 199.017120
v 1405.140015 1510.000000 200.696655
v 1404.603271 1510.749634 200.139832
v 1404.055542 1510.000000 201.941849
v 1403.430298 1510.749634 201.486679
v 1403.203857 1510.000000 203.356415
v 1402.509033 1510.749634 203.016754
v 1402.610718 1510.000000 204.897400
v 1401.867554 1510.749634 204.683548
v 1402.294189 1510.000000 206.517960
v 1401.525146 1510.749634 206.436417
v 1402.263916 1510.000000 208.168869
v 1401.492310 1510.749634 208.222122
v 1402.520752 1510.000000 209.799957
v 1401.770142 1510.749634 209.986389
v 1403.056885 1510.000000 211.361679
v 1402.350098 1510.749634 211.675613
v 1403.856079 1510.000000 212.806564
v 1403.214478 1510.749634 213.238464
v 1404.894043 1510.000000 214.090714
v 1404.337280 1510.749634 214.627457
v 1406.139282 1510.000000 215.175110
v 1405.684082 1510.749634 215.800400
v 1407.553833 1510.000000 216.026825
v 1407.214111 1510.749634 216.721649
v 1409.094849 1510.000000 216.619949
v 1408.880981 1510.749634 217.363205
v 1410.715332 1510.000000 216.936478
v 1410.633789 1510.749634 217.705566
v 1412.366333 1510.000000 216.966797
v 1412.419556 1510.749634 217.738358
v 1413.997314 1510.000000 216.709961
v 1414.183838 1510.749634 217.460556
v 1415.559082 1510.000000 216.173798
v 1415.873047 1510.749634 216.880630
v 1417.003906 1510.000000 215.374603
v 1417.435913 1510.749634 216.016174
v 1418.288086 1510.000000 214.336639
v 1418.824829 1510.749634 214.893463
v 1419.372559 1510.000000 213.091446
v 1419.997803 1510.749634 213.546616
v 1420.224243 1510.000000 211.676880
v 1420.919067 1510.749634 212.016541
v 1420.817383 1510.000000 210.135895
v 1421.560547 1510.749634 210.349747
v 1421.133911 1510.000000 208.515335
v 1421.902954 1510.749634 208.596863
v 1421.164185 1510.000000 206.864426
v 1421.935791 1510.749634 206.811172
v 1420.907349 1510.000000 205.233337
v 1422.050049 1523.689331 204.949539
v 1421.447266 1523.689331 203.193710
v 1420.548706 1523.689331 201.569229
v 1419.381714 1523.689331 200.125473
v 1417.981812 1523.689331 198.906281
v 1416.391357 1523.689331 197.948715
v 1414.658813 1523.689331 197.281876
v 1412.836914 1523.689331 196.925995
v 1410.980713 1523.689331 196.891922
v 1409.146973 1523.689331 197.180664
v 1407.391113 1523.689331 197.783478
v 1405.766602 1523.689331 198.682007
v 1404.322876 1523.689331 199.848984
v 1403.103638 1523.689331 201.248932
v 1402.146118 1523.689331 202.839325
v 1401.479248 1523.689331 204.571838
v 1401.123413 1523.689331 206.393829
v 1401.089355 1523.689331 208.249939
v 1401.378052 1523.689331 210.083755
v 1401.980835 1523.689331 211.839584
v 1402.879395 1523.689331 213.464050
v 1404.046387 1523.689331 214.907822
v 1405.446289 1523.689331 216.127014
v 1407.036743 1523.689331 217.084579
v 1408.769287 1523.689331 217.751419
v 1410.591187 1523.689331 218.107300
v 1412.447388 1523.689331 218.141373
v 1414.281128 1523.689331 217.852631
v 1416.036987 1523.689331 217.249817
v 1417.661499 1523.689331 216.351288
v 1419.105225 1523.689331 215.184311
v 1420.324463 1523.689331 213.784363
v 1421.281982 1523.689331 212.193954
v 1421.948853 1523.689331 210.461456
v 1422.304688 1523.689331 208.639465
v 1422.338745 1523.689331 206.783356
v 1401.378052 1646.310547 210.083755
v 1401.089355 1646.310547 208.249939
v 1401.123413 1646.310547 206.393829
v 1401.479248 1646.310547 204.571838
v 1402.146118 1646.310547 202.839340
v 1403.103638 1646.310547 201.248932
v 1404.322876 1646.310547 199.848984
v 1405.766602 1646.310547 198.682007
v 1407.391113 1646.310547 197.783478
v 1409.146973 1646.310547 197.180664
v 1410.980713 1646.310547 196.891922
v 1412.836914 1646.310547 196.925995
v 1414.658813 1646.310547 197.281876
v 1416.391357 1646.310547 197.948715
v 1417.981812 1646.310547 198.906281
v 1419.381714 1646.310547 200.125473
v 1420.548706 1646.310547 201.569229
v 1421.447266 1646.310547 203.193710
v 1422.050049 1646.310547 204.949539
v 1422.338745 1646.310547 206.783356
v 1422.304688 1646.310547 208.639465
v 1421.948853 1646.310547 210.461456
v 1421.281982 1646.310547 212.193954
v 1420.324463 1646.310547 213.784363
v 1419.105225 1646.310547 215.184311
v 1417.661499 1646.310547 216.351288
v 1416.036987 1646.310547 217.249817
v 1414.281128 1646.310547 217.852631
v 1412.447388 1646.310547 218.141373
v 1410.591187 1646.310547 218.107300
v 1408.769287 1646.310547 217.751419
v 1407.036743 1646.310547 217.084579
v 1405.446289 1646.310547 216.127014
v 1404.046387 1646.310547 214.907822
v 1402.879395 1646.310547 213.464050
v 1401.980835 1646.310547 211.839584
v 1406.057861 1510.000000 201.648911
v 1407.162720 1510.000000 200.755875
v 1408.405884 1510.000000 200.068253
v 1409.749512 1510.000000 199.606949
v 1411.152954 1510.000000 199.385986
v 1412.573242 1510.000000 199.412064
v 1413.967529 1510.000000 199.684402
v 1415.293457 1510.000000 200.194717
v 1416.510498 1510.000000 200.927490
v 1417.581787 1510.000000 201.860489
v 1418.474854 1510.000000 202.965347
v 1419.162476 1510.000000 204.208481
v 1419.623779 1510.000000 205.552139
v 1419.844727 1510.000000 206.955490
v 1419.818604 1510.000000 208.375885
v 1419.546265 1510.000000 209.770187
v 1419.036011 1510.000000 211.095993
v 1418.303223 1510.000000 212.313065
v 1417.370239 1510.000000 213.384384
v 1416.265381 1510.000000 214.277420
v 1415.022217 1510.000000 214.965042
v 1413.678589 1510.000000 215.426346
v 1412.275269 1510.000000 215.647308
v 1410.854858 1510.000000 215.621231
v 1409.460571 1510.000000 215.348892
v 1408.134644 1510.000000 214.838577
v 1406.917603 1510.000000 214.105789
v 1405.846313 1510.000000 213.172806
v 1404.953247 1510.000000 212.067947
v 1404.265625 1510.000000 210.824814
v 1403.804321 1510.000000 209.481155
v 1403.583374 1510.000000 208.077805
v 1403.609497 1510.000000 206.657410
v 1403.881836 1510.000000 205.263107
v 1404.392090 1510.000000 203.937286
v 1405.124878 1510.000000 202.720230
v 1415.293457 1660.000000 200.194717
v 1413.967529 1660.000000 199.684402
v 1412.573242 1660.000000 199.412064
v 1411.152954 1660.000000 199.385986
v 1409.749512 1660.000000 199.606949
v 1408.405884 1660.000000 200.068253
v 1407.162720 1660.000000 200.755875
v 1406.057861 1660.000000 201.648911
v 1405.124878 1660.000000 202.720230
v 1404.392090 1660.000000 203.937302
v 1403.881836 1660.000000 205.263107
v 1403.609497 1660.000000 206.657410
v 1403.583374 1660.000000 208.077805
v 1403.804321 1660.000000 209.481155
v 1404.265625 1660.000000 210.824814
v 1404.953247 1660.000000 212.067947
v 1405.846313 1660.000000 213.172806
v 1406.917603 1660.000000 214.105804
v 1408.134644 1660.000000 214.838577
v 1409.460571 1660.000000 215.348892
v 1410.854858 1660.000000 215.621231
v 1412.275146 1660.000000 215.647308
v 1413.678589 1660.000000 215.426346
v 1415.022217 1660.000000 214.965042
v 1416.265381 1660.000000 214.277420
v 1417.370239 1660.000000 213.384384
v 1418.303223 1660.000000 212.313065
v 1419.036011 1660.000000 211.095993
v 1419.546265 1660.000000 209.770187
v 1419.818604 1660.000000 208.375885
v 1419.844727 1660.000000 206.955490
v 1419.623779 1660.000000 205.552139
v 1419.162476 1660.000000 204.208481
v 1418.474854 1660.000000 202.965347
v 1417.581787 1660.000000 201.860489
v 1416.510498 1660.000000 200.927490
v 1389.907593 1401.000000 205.105698
v 1402.898804 1401.000000 187.426239
v 1389.907593 1370.000000 205.105698
v 1402.898804 1370.000000 187.426239
v 1424.705200 1401.000000 189.837189
v 1424.705200 1370.000000 189.837189
v 1433.520508 1401.000000 209.927597
v 1433.520508 1370.000000 209.927597
v 1420.529297 1401.000000 227.607040
v 1420.529297 1370.000000 227.607040
v 1398.722900 1401.000000 225.196106
v 1398.722900 1370.000000 225.196106
v 1421.118530 1401.000000 219.388565
v 1419.523193 1401.000000 220.493713
v 1426.376709 1401.000000 203.722656
v 1426.741455 1401.000000 205.628815
v 1426.859497 1401.000000 207.565979
v 1426.728760 1401.000000 209.502319
v 1426.351685 1401.000000 211.406067
v 1425.734131 1401.000000 213.245941
v 1406.437012 1401.000000 221.713104
v 1404.664917 1401.000000 220.921753
v 1417.799561 1401.000000 221.385773
v 1415.976074 1401.000000 222.050110
v 1414.082520 1401.000000 222.475800
v 1412.150146 1401.000000 222.655869
v 1410.210693 1401.000000 222.587341
v 1408.295776 1401.000000 222.271362
v 1403.008667 1401.000000 219.910278
v 1401.495239 1401.000000 218.695297
v 1400.149658 1401.000000 217.296768
v 1396.838501 1401.000000 210.363403
v 1396.596558 1401.000000 208.437790
v 1424.886353 1401.000000 214.991745
v 1423.822266 1401.000000 216.614822
v 1422.559448 1401.000000 218.088486
v 1398.993896 1401.000000 215.737656
v 1398.047119 1401.000000 214.043549
v 1397.324707 1401.000000 212.242279
v 1396.602905 1401.000000 206.497040
v 1396.857300 1401.000000 204.573044
v 1397.355713 1401.000000 202.697388
v 1398.089844 1401.000000 200.900848
v 1399.047729 1401.000000 199.212952
v 1416.070679 1401.000000 193.011261
v 1417.889771 1401.000000 193.687454
v 1400.213623 1401.000000 197.661392
v 1401.568237 1401.000000 196.271667
v 1403.089600 1401.000000 195.066574
v 1419.607544 1401.000000 194.590729
v 1421.195679 1401.000000 195.706238
v 1422.628052 1401.000000 197.015686
v 1423.881348 1401.000000 198.497543
v 1424.934692 1401.000000 200.127502
v 1425.771118 1401.000000 201.878799
v 1404.752441 1401.000000 194.065903
v 1406.529663 1401.000000 193.286118
v 1408.391968 1401.000000 192.739975
v 1410.308838 1401.000000 192.436478
v 1412.248779 1401.000000 192.380585
v 1414.179932 1401.000000 192.573242
v 1412.935913 1382.000000 216.751663
v 1414.401489 1382.000000 216.436066
v 1414.401489 1370.000000 216.436066
v 1415.457031 1382.000000 216.047089
v 1415.797485 1370.000000 215.889465
v 1415.797485 1382.000000 215.889465
v 1417.087769 1370.000000 215.126007
v 1417.087769 1382.000000 215.126007
v 1418.238770 1370.000000 214.165466
v 1418.238770 1382.000000 214.165466
v 1419.220825 1370.000000 213.032730
v 1419.220825 1382.000000 213.032730
v 1420.008423 1370.000000 211.757141
v 1420.008423 1382.000000 211.757141
v 1420.581299 1370.000000 210.371704
v 1420.581299 1382.000000 210.371704
v 1420.924438 1370.000000 208.912338
v 1420.924438 1382.000000 208.912338
v 1421.029053 1370.000000 207.416824
v 1421.029053 1382.000000 207.416824
v 1420.892334 1370.000000 205.923889
v 1420.892334 1382.000000 205.923889
v 1420.518066 1370.000000 204.472198
v 1420.518066 1382.000000 204.472198
v 1419.915649 1370.000000 203.099380
v 1419.915649 1382.000000 203.099380
v 1419.100830 1370.000000 201.840942
v 1419.100830 1382.000000 201.840942
v 1418.094727 1370.000000 200.729523
v 1418.094727 1382.000000 200.729523
v 1416.923340 1370.000000 199.793869
v 1416.923340 1382.000000 199.793869
v 1415.617065 1370.000000 199.058243
v 1415.617065 1382.000000 199.058243
v 1414.209717 1370.000000 198.541687
v 1414.209717 1382.000000 198.541687
v 1412.737793 1370.000000 198.257568
v 1412.737793 1382.000000 198.257568
v 1411.239258 1370.000000 198.213257
v 1411.239258 1382.000000 198.213257
v 1409.753052 1370.000000 198.409897
v 1409.753052 1382.000000 198.409897
v 1408.317627 1370.000000 198.842407
v 1408.317627 1382.000000 198.842407
v 1406.970093 1370.000000 199.499557
v 1406.970093 1382.000000 199.499557
v 1405.745483 1370.000000 200.364365
v 1405.745483 1382.000000 200.364365
v 1404.675537 1370.000000 201.414398
v 1404.675537 1382.000000 201.414398
v 1403.787842 1370.000000 202.622482
v 1403.787842 1382.000000 202.622482
v 1403.105347 1370.000000 203.957336
v 1403.105347 1382.000000 203.957336
v 1402.645874 1370.000000 205.384354
v 1402.645874 1382.000000 205.384354
v 1402.421265 1370.000000 206.866608
v 1402.421265 1382.000000 206.866608
v 1402.437378 1370.000000 208.365692
v 1402.437378 1382.000000 208.365692
v 1402.693604 1370.000000 209.842789
v 1402.693604 1382.000000 209.842789
v 1403.183594 1370.000000 211.259644
v 1403.183594 1382.000000 211.259644
v 1403.894531 1370.000000 212.579544
v 1403.894531 1382.000000 212.579544
v 1404.807861 1370.000000 213.768326
v 1404.807861 1382.000000 213.768326
v 1405.900146 1370.000000 214.795197
v 1405.900146 1382.000000 214.795197
v 1407.143066 1370.000000 215.633560
v 1407.143066 1382.000000 215.633560
v 1408.504272 1370.000000 216.261688
v 1408.504272 1382.000000 216.261688
v 1409.948608 1370.000000 216.663330
v 1409.948608 1382.000000 216.663330
v 1411.438721 1370.000000 216.828079
v 1411.438721 1382.000000 216.828079
v 1412.935913 1370.000000 216.751663
v 1417.799561 1382.000000 221.385773
v 1415.976074 1382.000000 222.050110
v 1414.082520 1382.000000 222.475800
v 1412.150146 1382.000000 222.655869
v 1410.210693 1382.000000 222.587341
v 1408.295776 1382.000000 222.271362
v 1406.437012 1382.000000 221.713104
v 1404.664917 1382.000000 220.921753
v 1403.008667 1382.000000 219.910278
v 1401.495239 1382.000000 218.695297
v 1400.149658 1382.000000 217.296768
v 1398.993896 1382.000000 215.737656
v 1398.047119 1382.000000 214.043549
v 1397.324707 1382.000000 212.242279
v 1396.838501 1382.000000 210.363403
v 1396.596558 1382.000000 208.437790
v 1396.602905 1382.000000 206.497040
v 1396.857300 1382.000000 204.573044
v 1397.355713 1382.000000 202.697388
v 1398.089966 1382.000000 200.900848
v 1399.047729 1382.000000 199.212952
v 1400.213623 1382.000000 197.661392
v 1401.568237 1382.000000 196.271652
v 1403.089600 1382.000000 195.066574
v 1404.752441 1382.000000 194.065903
v 1406.529663 1382.000000 193.286118
v 1408.391968 1382.000000 192.739975
v 1410.308838 1382.000000 192.436478
v 1412.248779 1382.000000 192.380585
v 1414.179932 1382.000000 192.573242
v 1416.070679 1382.000000 193.011261
v 1417.889771 1382.000000 193.687454
v 1419.607544 1382.000000 194.590729
v 1421.195679 1382.000000 195.706238
v 1422.628052 1382.000000 197.015686
v 1423.881348 1382.000000 198.497543
v 1424.934692 1382.000000 200.127502
v 1425.771118 1382.000000 201.878799
v 1426.376709 1382.000000 203.722656
v 1426.741455 1382.000000 205.628815
v 1426.859497 1382.000000 207.565979
v 1426.728760 1382.000000 209.502319
v 1426.351685 1382.000000 211.406067
v 1425.734131 1382.000000 213.245941
v 1424.886353 1382.000000 214.991745
v 1423.822266 1382.000000 216.614822
v 1422.559448 1382.000000 218.088486
v 1421.118530 1382.000000 219.388565
v 1419.523193 1382.000000 220.493713
v 1415.583862 1489.000000 224.070343
v 1418.187622 1489.000000 229.065277
v 1417.514526 1489.000000 223.496460
v 1420.368896 1489.000000 228.285446
v 1419.363770 1489.000000 222.698257
v 1422.458496 1489.000000 227.285461
v 1421.105713 1489.000000 221.686935
v 1424.434204 1489.000000 226.075928
v 1422.715698 1489.000000 220.476700
v 1426.275146 1489.000000 224.669662
v 1424.171387 1489.000000 219.084534
v 1427.961670 1489.000000 223.081573
v 1425.452026 1489.000000 217.529984
v 1429.475952 1489.000000 221.328491
v 1426.539917 1489.000000 215.834854
v 1395.282349 1489.000000 211.875259
v 1390.339233 1489.000000 214.542877
v 1395.913086 1489.000000 213.788116
v 1391.174927 1489.000000 216.703415
v 1396.765747 1489.000000 215.612915
v 1392.228394 1489.000000 218.766571
v 1397.828247 1489.000000 217.324066
v 1393.488403 1489.000000 220.710464
v 1399.085693 1489.000000 218.897537
v 1394.941650 1489.000000 222.514511
v 1400.520386 1489.000000 220.311249
v 1396.572632 1489.000000 224.159576
v 1402.112183 1489.000000 221.545364
v 1398.364136 1489.000000 225.628235
v 1403.838867 1489.000000 222.582535
v 1406.870361 1489.000000 191.221268
v 1404.139771 1489.000000 186.329834
v 1404.977051 1489.000000 191.908524
v 1402.001465 1489.000000 187.220932
v 1403.178345 1489.000000 192.814865
v 1399.966187 1489.000000 188.327148
v 1401.499512 1489.000000 193.927597
v 1398.055298 1489.000000 189.636795
v 1399.963989 1489.000000 195.231094
v 1396.289307 1489.000000 191.135956
v 1398.593384 1489.000000 196.707047
v 1394.686768 1489.000000 192.808762
v 1397.406982 1489.000000 198.334747
v 1393.264771 1489.000000 194.637482
v 1392.038330 1489.000000 196.602722
v 1396.421387 1489.000000 200.091339
v 1391.020386 1489.000000 198.683640
v 1395.650513 1489.000000 201.952164
v 1390.221802 1489.000000 200.858200
v 1395.105103 1489.000000 203.891113
v 1389.651123 1489.000000 203.103348
v 1394.792969 1489.000000 205.880936
v 1389.314331 1489.000000 205.395264
v 1394.718262 1489.000000 207.893738
v 1389.214844 1489.000000 207.709686
v 1394.882080 1489.000000 209.901245
v 1389.354004 1489.000000 210.022049
v 1389.730103 1489.000000 212.307846
v 1420.467896 1489.000000 192.943756
v 1422.117798 1489.000000 187.566376
v 1418.682983 1489.000000 192.010681
v 1420.011353 1489.000000 186.602402
v 1416.800049 1489.000000 191.295288
v 1417.816895 1489.000000 185.860123
v 1414.845825 1489.000000 190.807602
v 1415.557861 1489.000000 185.347397
v 1412.847656 1489.000000 190.554474
v 1413.257935 1489.000000 185.069687
v 1410.833496 1489.000000 190.539474
v 1410.941772 1489.000000 185.029907
v 1408.831665 1489.000000 190.762772
v 1408.633789 1489.000000 185.228500
v 1406.358398 1489.000000 185.663345
v 1400.297119 1489.000000 226.904892
v 1402.351196 1489.000000 227.976028
v 1405.676025 1489.000000 223.408218
v 1404.504395 1489.000000 228.830292
v 1407.597900 1489.000000 224.010818
v 1406.734131 1489.000000 229.458633
v 1409.577637 1489.000000 224.381866
v 1409.016602 1489.000000 229.854370
v 1411.587280 1489.000000 224.516174
v 1411.327759 1489.000000 230.013336
v 1413.598755 1489.000000 224.411850
v 1413.642944 1489.000000 229.933823
v 1415.937622 1489.000000 229.616684
v 1428.375122 1489.000000 204.139114
v 1433.422241 1489.000000 201.600082
v 1427.858765 1489.000000 202.192261
v 1432.698853 1489.000000 199.399384
v 1427.115723 1489.000000 200.320145
v 1431.752930 1489.000000 197.284744
v 1426.156372 1489.000000 198.549057
v 1430.594727 1489.000000 195.278549
v 1424.994385 1489.000000 196.903854
v 1429.236328 1489.000000 193.402084
v 1423.645996 1489.000000 195.407623
v 1427.692139 1489.000000 191.675232
v 1422.130127 1489.000000 194.081390
v 1425.978638 1489.000000 190.116318
v 1424.113892 1489.000000 188.741837
v 1430.801880 1489.000000 219.428986
v 1431.925537 1489.000000 217.403214
v 1427.419678 1489.000000 214.022964
v 1432.834961 1489.000000 215.272644
v 1428.078979 1489.000000 212.119736
v 1433.520508 1489.000000 213.059860
v 1428.508545 1489.000000 210.151901
v 1433.974976 1489.000000 210.788315
v 1428.702393 1489.000000 208.147064
v 1434.193359 1489.000000 208.482101
v 1428.657715 1489.000000 206.133377
v 1434.173462 1489.000000 206.165634
v 1433.915527 1489.000000 203.863495
v 1422.715698 1485.000000 220.476700
v 1424.171387 1485.000000 219.084534
v 1425.452026 1485.000000 217.529984
v 1426.539917 1485.000000 215.834854
v 1427.419678 1485.000000 214.022964
v 1428.078979 1485.000000 212.119736
v 1428.508545 1485.000000 210.151901
v 1428.702393 1485.000000 208.147064
v 1428.657715 1485.000000 206.133377
v 1428.375122 1485.000000 204.139114
v 1427.858765 1485.000000 202.192261
v 1427.115723 1485.000000 200.320145
v 1426.156372 1485.000000 198.549057
v 1424.994385 1485.000000 196.903854
v 1423.645996 1485.000000 195.407623
v 1422.130127 1485.000000 194.081390
v 1420.467896 1485.000000 192.943756
v 1418.682983 1485.000000 192.010681
v 1416.800049 1485.000000 191.295288
v 1414.845825 1485.000000 190.807602
v 1412.847656 1485.000000 190.554474
v 1410.833496 1485.000000 190.539474
v 1408.831665 1485.000000 190.762772
v 1406.870361 1485.000000 191.221268
v 1404.977051 1485.000000 191.908524
v 1403.178345 1485.000000 192.814865
v 1401.499512 1485.000000 193.927597
v 1399.963989 1485.000000 195.231094
v 1398.593384 1485.000000 196.707047
v 1397.406982 1485.000000 198.334747
v 1396.421387 1485.000000 200.091339
v 1395.650513 1485.000000 201.952164
v 1395.105103 1485.000000 203.891113
v 1394.792969 1485.000000 205.880936
v 1394.718262 1485.000000 207.893738
v 1394.882080 1485.000000 209.901245
v 1395.282349 1485.000000 211.875259
v 1395.913086 1485.000000 213.788116
v 1396.765747 1485.000000 215.612915
v 1397.828247 1485.000000 217.324066
v 1399.085693 1485.000000 218.897537
v 1400.520386 1485.000000 220.311249
v 1402.112183 1485.000000 221.545364
v 1403.838867 1485.000000 222.582535
v 1405.676025 1485.000000 223.408218
v 1407.597900 1485.000000 224.010818
v 1409.577637 1485.000000 224.381866
v 1411.587280 1485.000000 224.516174
v 1413.598755 1485.000000 224.411850
v 1415.583862 1485.000000 224.070343
v 1417.514526 1485.000000 223.496460
v 1419.363770 1485.000000 222.698257
v 1421.105713 1485.000000 221.686935
v 1392.038330 1485.000000 196.602722
v 1393.264771 1485.000000 194.637482
v 1394.686768 1485.000000 192.808762
v 1396.289307 1485.000000 191.135956
v 1398.055298 1485.000000 189.636795
v 1399.966187 1485.000000 188.327148
v 1390.339233 1485.000000 214.542877
v 1389.730103 1485.000000 212.307846
v 1389.354004 1485.000000 210.022049
v 1389.214844 1485.000000 207.709686
v 1389.314331 1485.000000 205.395264
v 1389.651123 1485.000000 203.103348
v 1390.221802 1485.000000 200.858200
v 1391.020386 1485.000000 198.683640
v 1402.351196 1485.000000 227.976028
v 1400.297119 1485.000000 226.904892
v 1398.364136 1485.000000 225.628235
v 1396.572632 1485.000000 224.159576
v 1394.941650 1485.000000 222.514511
v 1393.488403 1485.000000 220.710464
v 1392.228394 1485.000000 218.766571
v 1391.174927 1485.000000 216.703415
v 1418.187622 1485.000000 229.065277
v 1415.937622 1485.000000 229.616684
v 1413.642944 1485.000000 229.933823
v 1411.327759 1485.000000 230.013336
v 1409.016602 1485.000000 229.854370
v 1406.734131 1485.000000 229.458633
v 1404.504395 1485.000000 228.830292
v 1431.925537 1485.000000 217.403214
v 1430.801880 1485.000000 219.428986
v 1429.475952 1485.000000 221.328491
v 1427.961670 1485.000000 223.081573
v 1426.275146 1485.000000 224.669662
v 1424.434204 1485.000000 226.075928
v 1422.458496 1485.000000 227.285461
v 1420.368896 1485.000000 228.285446
v 1433.422241 1485.000000 201.600082
v 1433.915527 1485.000000 203.863495
v 1434.173462 1485.000000 206.165634
v 1434.193359 1485.000000 208.482101
v 1433.974976 1485.000000 210.788315
v 1433.520508 1485.000000 213.059860
v 1432.834961 1485.000000 215.272644
v 1402.001465 1485.000000 187.220932
v 1404.139771 1485.000000 186.329834
v 1406.358398 1485.000000 185.663345
v 1408.633789 1485.000000 185.228500
v 1410.941772 1485.000000 185.029907
v 1413.257935 1485.000000 185.069687
v 1415.557861 1485.000000 185.347397
v 1417.816895 1485.000000 185.860123
v 1420.011353 1485.000000 186.602402
v 1422.117798 1485.000000 187.566376
v 1424.113892 1485.000000 188.741837
v 1425.978638 1485.000000 190.116318
v 1427.692139 1485.000000 191.675232
v 1429.236328 1485.000000 193.402084
v 1430.594727 1485.000000 195.278549
v 1431.752930 1485.000000 197.284744
v 1432.698853 1485.000000 199.399384
v 1404.086914 1379.250366 214.358215
v 1403.671387 1380.000000 212.521225
v 1403.014771 1379.250366 212.929840
v 1402.924561 1380.000000 211.048599
v 1402.206909 1379.250366 211.336975
v 1402.444702 1380.000000 209.468658
v 1401.687988 1379.250366 209.628036
v 1402.246582 1380.000000 207.829407
v 1401.473633 1379.250366 207.854935
v 1402.336060 1380.000000 206.180649
v 1401.570435 1379.250366 206.071564
v 1402.710571 1380.000000 204.572479
v 1401.975464 1379.250366 204.332108
v 1403.358643 1380.000000 203.053772
v 1402.676392 1379.250366 202.689392
v 1404.260498 1380.000000 201.670670
v 1403.651978 1379.250366 201.193359
v 1405.388916 1380.000000 200.465195
v 1404.872437 1379.250366 199.889465
v 1406.709473 1380.000000 199.473969
v 1406.300903 1379.250366 198.817307
v 1408.182129 1380.000000 198.727112
v 1407.893677 1379.250366 198.009476
v 1409.762085 1380.000000 198.247330
v 1409.602661 1379.250366 197.490524
v 1411.401245 1380.000000 198.049194
v 1411.375732 1379.250366 197.276199
v 1413.050049 1380.000000 198.138702
v 1413.159180 1379.250366 197.373032
v 1414.658203 1380.000000 198.513168
v 1414.898560 1379.250366 197.778076
v 1416.176880 1380.000000 199.161209
v 1416.541260 1379.250366 198.479019
v 1417.560059 1380.000000 200.063110
v 1418.037354 1379.250366 199.454559
v 1418.765503 1380.000000 201.191498
v 1419.341187 1379.250366 200.675064
v 1419.756714 1380.000000 202.512054
v 1420.413330 1379.250366 202.103455
v 1420.503540 1380.000000 203.984695
v 1421.221191 1379.250366 203.696320
v 1420.983398 1380.000000 205.564636
v 1421.740234 1379.250366 205.405258
v 1421.181519 1380.000000 207.203888
v 1421.954468 1379.250366 207.178360
v 1421.092041 1380.000000 208.852646
v 1421.857666 1379.250366 208.961731
v 1420.717529 1380.000000 210.460815
v 1421.452637 1379.250366 210.701187
v 1420.069458 1380.000000 211.979523
v 1420.751709 1379.250366 212.343903
v 1419.167603 1380.000000 213.362625
v 1419.776123 1379.250366 213.839935
v 1418.039185 1380.000000 214.568100
v 1418.555664 1379.250366 215.143829
v 1416.718628 1380.000000 215.559326
v 1417.127197 1379.250366 216.215988
v 1415.245972 1380.000000 216.306183
v 1415.534424 1379.250366 217.023804
v 1413.666016 1380.000000 216.785965
v 1413.825439 1379.250366 217.542770
v 1412.026855 1380.000000 216.984100
v 1412.052368 1379.250366 217.757080
v 1410.378052 1380.000000 216.894577
v 1410.268921 1379.250366 217.660248
v 1408.769897 1380.000000 216.520111
v 1408.529541 1379.250366 217.255219
v 1407.251221 1380.000000 215.872086
v 1406.886841 1379.250366 216.554276
v 1405.868042 1380.000000 214.970184
v 1405.390747 1379.250366 215.578735
v 1404.662598 1380.000000 213.841797
v 1419.341187 1280.749634 200.675064
v 1417.560059 1280.000000 200.063110
v 1418.037354 1280.749634 199.454559
v 1416.176880 1280.000000 199.161209
v 1416.541260 1280.749634 198.479019
v 1414.658203 1280.000000 198.513168
v 1414.898560 1280.749634 197.778076
v 1413.050049 1280.000000 198.138702
v 1413.159180 1280.749634 197.373032
v 1411.401245 1280.000000 198.049194
v 1411.375732 1280.749634 197.276199
v 1409.762085 1280.000000 198.247330
v 1409.602661 1280.749634 197.490524
v 1408.182129 1280.000000 198.727112
v 1407.893677 1280.749634 198.009476
v 1406.709473 1280.000000 199.473969
v 1406.300903 1280.749634 198.817307
v 1405.388916 1280.000000 200.465195
v 1404.872437 1280.749634 199.889465
v 1404.260498 1280.000000 201.670670
v 1403.651978 1280.749634 201.193359
v 1403.358643 1280.000000 203.053772
v 1402.676392 1280.749634 202.689392
v 1402.710571 1280.000000 204.572479
v 1401.975464 1280.749634 204.332092
v 1402.336060 1280.000000 206.180649
v 1401.570435 1280.749634 206.071564
v 1402.246582 1280.000000 207.829407
v 1401.473633 1280.749634 207.854935
v 1402.444702 1280.000000 209.468658
v 1401.687988 1280.749634 209.628036
v 1402.924561 1280.000000 211.048599
v 1402.206909 1280.749634 211.336975
v 1403.671387 1280.000000 212.521225
v 1403.014771 1280.749634 212.929840
v 1404.662598 1280.000000 213.841797
v 1404.086914 1280.749634 214.358215
v 1405.868042 1280.000000 214.970169
v 1405.390747 1280.749634 215.578735
v 1407.251221 1280.000000 215.872086
v 1406.886841 1280.749634 216.554276
v 1408.769897 1280.000000 216.520111
v 1408.529541 1280.749634 217.255219
v 1410.378052 1280.000000 216.894577
v 1410.268921 1280.749634 217.660248
v 1412.026855 1280.000000 216.984100
v 1412.052368 1280.749634 217.757080
v 1413.666016 1280.000000 216.785965
v 1413.825439 1280.749634 217.542770
v 1415.245972 1280.000000 216.306183
v 1415.534424 1280.749634 217.023804
v 1416.718628 1280.000000 215.559326
v 1417.127197 1280.749634 216.215988
v 1418.039185 1280.000000 214.568100
v 1418.555664 1280.749634 215.143829
v 1419.167603 1280.000000 213.362625
v 1419.776123 1280.749634 213.839920
v 1420.069458 1280.000000 211.979523
v 1420.751709 1280.749634 212.343903
v 1420.717529 1280.000000 210.460815
v 1421.452637 1280.749634 210.701187
v 1421.092041 1280.000000 208.852646
v 1421.857666 1280.749634 208.961731
v 1421.181519 1280.000000 207.203888
v 1421.954468 1280.749634 207.178360
v 1420.983398 1280.000000 205.564636
v 1421.740234 1280.749634 205.405258
v 1420.503540 1280.000000 203.984695
v 1421.221191 1280.749634 203.696320
v 1419.756714 1280.000000 202.512054
v 1420.413330 1280.749634 202.103455
v 1418.765503 1280.000000 201.191498
v 1419.641968 1293.689331 200.405319
v 1418.286621 1293.689331 199.136703
v 1416.731567 1293.689331 198.122696
v 1415.024170 1293.689331 197.394104
v 1413.216064 1293.689331 196.973099
v 1411.362427 1293.689331 196.872452
v 1409.519409 1293.689331 197.095215
v 1407.743042 1293.689331 197.634644
v 1406.087402 1293.689331 198.474319
v 1404.602783 1293.689331 199.588745
v 1403.334106 1293.689331 200.944061
v 1402.320068 1293.689331 202.499069
v 1401.591553 1293.689331 204.206543
v 1401.170532 1293.689331 206.014587
v 1401.069824 1293.689331 207.868271
v 1401.292603 1293.689331 209.711273
v 1401.832031 1293.689331 211.487595
v 1402.671753 1293.689331 213.143265
v 1403.786133 1293.689331 214.627960
v 1405.141479 1293.689331 215.896591
v 1406.696533 1293.689331 216.910599
v 1408.403931 1293.689331 217.639175
v 1410.212036 1293.689331 218.060196
v 1412.065674 1293.689331 218.160843
v 1413.908691 1293.689331 217.938065
v 1415.685059 1293.689331 217.398651
v 1417.340698 1293.689331 216.558975
v 1418.825317 1293.689331 215.444550
v 1420.093994 1293.689331 214.089233
v 1421.108032 1293.689331 212.534225
v 1421.836548 1293.689331 210.826752
v 1422.257568 1293.689331 209.018707
v 1422.358276 1293.689331 207.165009
v 1422.135498 1293.689331 205.322006
v 1421.596069 1293.689331 203.545700
v 1420.756348 1293.689331 201.890030
v 1403.786133 1366.310669 214.627960
v 1402.671753 1366.310669 213.143265
v 1401.832031 1366.310669 211.487595
v 1401.292603 1366.310669 209.711273
v 1401.069824 1366.310669 207.868271
v 1401.170532 1366.310669 206.014587
v 1401.591553 1366.310669 204.206543
v 1402.320068 1366.310669 202.499069
v 1403.334106 1366.310669 200.944061
v 1404.602783 1366.310669 199.588745
v 1406.087402 1366.310669 198.474319
v 1407.743042 1366.310669 197.634644
v 1409.519409 1366.310669 197.095215
v 1411.362427 1366.310669 196.872452
v 1413.216064 1366.310669 196.973099
v 1415.024170 1366.310669 197.394104
v 1416.731567 1366.310669 198.122696
v 1418.286621 1366.310669 199.136703
v 1419.641968 1366.310669 200.405319
v 1420.756348 1366.310669 201.890030
v 1421.596069 1366.310669 203.545700
v 1422.135498 1366.310669 205.322006
v 1422.358276 1366.310669 207.165009
v 1422.257568 1366.310669 209.018707
v 1421.836548 1366.310669 210.826752
v 1421.108032 1366.310669 212.534225
v 1420.093994 1366.310669 214.089233
v 1418.825317 1366.310669 215.444550
v 1417.340698 1366.310669 216.558975
v 1415.685059 1366.310669 217.398651
v 1413.908691 1366.310669 217.938065
v 1412.065674 1366.310669 218.160843
v 1410.212036 1366.310669 218.060196
v 1408.403931 1366.310669 217.639175
v 1406.696533 1366.310669 216.910599
v 1405.141479 1366.310669 215.896591
v 1403.967651 1280.000000 204.983566
v 1404.525269 1280.000000 203.676910
v 1405.301270 1280.000000 202.486923
v 1406.272095 1280.000000 201.449753
v 1407.408203 1280.000000 200.596924
v 1408.675293 1280.000000 199.954361
v 1410.034546 1280.000000 199.541565
v 1411.444946 1280.000000 199.371094
v 1412.863525 1280.000000 199.448105
v 1414.247192 1280.000000 199.770294
v 1415.553833 1280.000000 200.327850
v 1416.743774 1280.000000 201.103821
v 1417.780884 1280.000000 202.074646
v 1418.633789 1280.000000 203.210831
v 1419.276367 1280.000000 204.477844
v 1419.689087 1280.000000 205.837189
v 1419.859619 1280.000000 207.247559
v 1419.782593 1280.000000 208.666107
v 1419.460449 1280.000000 210.049728
v 1418.902832 1280.000000 211.356384
v 1418.126831 1280.000000 212.546371
v 1417.156006 1280.000000 213.583542
v 1416.019897 1280.000000 214.436356
v 1414.752808 1280.000000 215.078934
v 1413.393555 1280.000000 215.491730
v 1411.983154 1280.000000 215.662201
v 1410.564575 1280.000000 215.585175
v 1409.180908 1280.000000 215.263000
v 1407.874268 1280.000000 214.705444
v 1406.684326 1280.000000 213.929474
v 1405.647217 1280.000000 212.958649
v 1404.794312 1280.000000 211.822464
v 1404.151733 1280.000000 210.555450
v 1403.739014 1280.000000 209.196106
v 1403.568481 1280.000000 207.785736
v 1403.645508 1280.000000 206.367188
v 1411.444946 1380.000000 199.371094
v 1410.034546 1380.000000 199.541565
v 1408.675293 1380.000000 199.954361
v 1407.408203 1380.000000 200.596924
v 1406.272095 1380.000000 201.449753
v 1405.301270 1380.000000 202.486923
v 1404.525269 1380.000000 203.676910
v 1403.967651 1380.000000 204.983566
v 1403.645508 1380.000000 206.367188
v 1403.568481 1380.000000 207.785736
v 1403.739014 1380.000000 209.196106
v 1404.151733 1380.000000 210.555450
v 1404.794312 1380.000000 211.822464
v 1405.647217 1380.000000 212.958649
v 1406.684326 1380.000000 213.929474
v 1407.874268 1380.000000 214.705444
v 1409.180908 1380.000000 215.263000
v 1410.564575 1380.000000 215.585175
v 1411.983154 1380.000000 215.662201
v 1413.393555 1380.000000 215.491730
v 1414.752808 1380.000000 215.078934
v 1416.019897 1380.000000 214.436356
v 1417.156006 1380.000000 213.583542
v 1418.126831 1380.000000 212.546371
v 1418.902832 1380.000000 211.356384
v 1419.460449 1380.000000 210.049728
v 1419.782593 1380.000000 208.666107
v 1419.859619 1380.000000 207.247559
v 1419.689087 1380.000000 205.837189
v 1419.276367 1380.000000 204.477844
v 1418.633789 1380.000000 203.210831
v 1417.780884 1380.000000 202.074646
v 1416.743774 1380.000000 201.103821
v 1415.553833 1380.000000 200.327850
v 1414.247192 1380.000000 199.770294
v 1412.863525 1380.000000 199.448105
v 1410.498535 1659.166626 214.410309
v 1409.041992 1659.166626 217.308624
v 1409.319946 1659.166626 214.094498
v 1407.466797 1659.166626 216.735275
v 1408.213989 1659.166626 213.578827
v 1406.007324 1659.166626 215.910461
v 1407.214478 1659.166626 212.878952
v 1404.703613 1659.166626 214.856689
v 1406.351685 1659.166626 212.016159
v 1403.591064 1659.166626 213.602707
v 1405.651855 1659.166626 211.016647
v 1402.700195 1659.166626 212.182709
v 1405.136230 1659.166626 209.910782
v 1402.055054 1659.166626 210.635437
v 1404.820435 1659.166626 208.732178
v 1401.673462 1659.166626 209.003082
v 1404.713989 1659.166626 207.516647
v 1401.565796 1659.166626 207.330185
v 1404.820435 1659.166626 206.301117
v 1401.734863 1659.166626 205.662369
v 1405.136230 1659.166626 205.122513
v 1402.176147 1659.166626 204.045135
v 1405.651855 1659.166626 204.016647
v 1402.877686 1659.166626 202.522614
v 1406.351685 1659.166626 203.017136
v 1403.820190 1659.166626 201.136292
v 1407.214478 1659.166626 202.154343
v 1404.978027 1659.166626 199.924026
v 1408.213989 1659.166626 201.454468
v 1406.319580 1659.166626 198.918854
v 1409.319946 1659.166626 200.938797
v 1407.808228 1659.166626 198.148209
v 1410.498535 1659.166626 200.622986
v 1409.403564 1659.166626 197.633118
v 1411.713989 1659.166626 200.516647
v 1411.061890 1659.166626 197.387619
v 1412.929565 1659.166626 200.622986
v 1412.737915 1659.166626 197.418427
v 1414.108154 1659.166626 200.938797
v 1414.386108 1659.166626 197.724670
v 1415.961304 1659.166626 198.298019
v 1415.213989 1659.166626 201.454468
v 1417.420776 1659.166626 199.122833
v 1416.213623 1659.166626 202.154343
v 1418.724487 1659.166626 200.176605
v 1417.076416 1659.166626 203.017136
v 1419.837036 1659.166626 201.430588
v 1417.776245 1659.166626 204.016647
v 1420.727905 1659.166626 202.850586
v 1418.291870 1659.166626 205.122513
v 1421.373047 1659.166626 204.397858
v 1418.607666 1659.166626 206.301117
v 1421.754639 1659.166626 206.030212
v 1418.713989 1659.166626 207.516647
v 1421.862305 1659.166626 207.703110
v 1418.607666 1659.166626 208.732178
v 1421.693237 1659.166626 209.370926
v 1418.291870 1659.166626 209.910782
v 1421.251953 1659.166626 210.988159
v 1417.776245 1659.166626 211.016647
v 1420.550415 1659.166626 212.510681
v 1417.076416 1659.166626 212.016159
v 1419.607910 1659.166626 213.897003
v 1416.213623 1659.166626 212.878952
v 1418.450073 1659.166626 215.109268
v 1415.213989 1659.166626 213.578827
v 1417.108521 1659.166626 216.114441
v 1414.108154 1659.166626 214.094498
v 1415.619751 1659.166626 216.885086
v 1412.929565 1659.166626 214.410309
v 1414.024536 1659.166626 217.400177
v 1411.713989 1659.166626 214.516647
v 1412.366211 1659.166626 217.645676
v 1410.690186 1659.166626 217.614868
v 1402.176147 1650.000000 204.045135
v 1401.734863 1650.000000 205.662369
v 1401.565796 1650.000000 207.330185
v 1401.673462 1650.000000 209.003082
v 1402.055054 1650.000000 210.635437
v 1402.700195 1650.000000 212.182709
v 1403.591064 1650.000000 213.602707
v 1404.703613 1650.000000 214.856689
v 1406.007324 1650.000000 215.910461
v 1407.466797 1650.000000 216.735275
v 1409.041992 1650.000000 217.308624
v 1410.690186 1650.000000 217.614868
v 1412.366211 1650.000000 217.645676
v 1414.024536 1650.000000 217.400177
v 1415.619751 1650.000000 216.885086
v 1417.108521 1650.000000 216.114441
v 1418.450073 1650.000000 215.109268
v 1419.607910 1650.000000 213.897003
v 1420.550415 1650.000000 212.510681
v 1421.251953 1650.000000 210.988159
v 1421.693237 1650.000000 209.370926
v 1421.862305 1650.000000 207.703110
v 1421.754639 1650.000000 206.030212
v 1421.373047 1650.000000 204.397858
v 1420.727905 1650.000000 202.850586
v 1419.837036 1650.000000 201.430588
v 1418.724487 1650.000000 200.176605
v 1417.420776 1650.000000 199.122833
v 1415.961304 1650.000000 198.298019
v 1414.386108 1650.000000 197.724670
v 1412.737915 1650.000000 197.418427
v 1411.061890 1650.000000 197.387619
v 1409.403564 1650.000000 197.633118
v 1407.808228 1650.000000 198.148209
v 1406.319580 1650.000000 198.918854
v 1404.978027 1650.000000 199.924026
v 1403.820190 1650.000000 201.136292
v 1402.877686 1650.000000 202.522614
v 1394.902100 1670.606323 200.104050
v 1394.773071 1667.384644 200.458649
v 1394.486328 1670.500000 201.246277
v 1394.199707 1667.384644 202.033905
v 1394.070557 1670.606323 202.388504
v 1393.634155 1667.660645 203.587692
v 1393.667480 1670.922119 203.496033
v 1393.091919 1668.204956 205.077606
v 1393.289307 1671.437866 204.535202
v 1392.587646 1669.002808 206.462997
v 1392.947388 1672.137695 205.474442
v 1392.135132 1670.032349 207.706116
v 1392.652344 1673.000488 206.285202
v 1391.746826 1671.265747 208.773010
v 1392.412964 1674.000000 206.942856
v 1391.433228 1672.669189 209.634598
v 1392.236572 1675.105835 207.427429
v 1391.203003 1674.204346 210.267365
v 1392.128540 1676.284424 207.724197
v 1391.062134 1675.829346 210.654068
v 1392.092163 1677.500000 207.824127
v 1391.014893 1677.500000 210.784164
v 1392.128540 1678.715576 207.724197
v 1391.062134 1679.170654 210.654068
v 1392.236572 1679.894165 207.427429
v 1391.203003 1680.795654 210.267365
v 1392.412964 1681.000000 206.942856
v 1391.433228 1682.330811 209.634598
v 1392.652344 1681.999512 206.285202
v 1391.746826 1683.734253 208.773010
v 1392.947388 1682.862305 205.474442
v 1392.135132 1684.967651 207.706116
v 1393.289307 1683.562134 204.535202
v 1392.587646 1685.997192 206.462997
v 1393.667480 1684.077881 203.496033
v 1393.091919 1686.795044 205.077606
v 1394.070557 1684.393677 202.388504
v 1393.634155 1687.339355 203.587692
v 1394.199707 1687.615356 202.033905
v 1394.486328 1684.500000 201.246277
v 1394.773071 1687.615356 200.458649
v 1394.902100 1684.393677 200.104050
v 1395.338501 1687.339355 198.904861
v 1395.305176 1684.077881 198.996521
v 1395.880859 1686.795044 197.414963
v 1395.683472 1683.562134 197.957352
v 1396.385132 1685.997192 196.029556
v 1396.025269 1682.862305 197.018112
v 1396.837524 1684.967651 194.786453
v 1396.320312 1681.999512 196.207352
v 1397.225830 1683.734253 193.719543
v 1396.559692 1681.000000 195.549698
v 1397.539429 1682.330811 192.857956
v 1396.736084 1679.894165 195.065125
v 1397.769775 1680.795654 192.225189
v 1396.844116 1678.715576 194.768356
v 1397.910522 1679.170654 191.838486
v 1396.880493 1677.500000 194.668427
v 1397.957886 1677.500000 191.708405
v 1396.844116 1676.284424 194.768356
v 1397.910522 1675.829346 191.838486
v 1396.736084 1675.105835 195.065125
v 1397.769775 1674.204346 192.225189
v 1396.559692 1674.000000 195.549698
v 1397.539429 1672.669189 192.857956
v 1396.320312 1673.000488 196.207352
v 1397.225830 1671.265747 193.719543
v 1396.025269 1672.137695 197.018112
v 1396.837524 1670.032349 194.786453
v 1395.683472 1671.437866 197.957352
v 1396.385132 1669.002808 196.029556
v 1395.305176 1670.922119 198.996521
v 1395.880859 1668.204956 197.414963
v 1395.338501 1667.660645 198.904861
v 1382.401001 1677.500000 207.648972
v 1382.448364 1675.829346 207.518890
v 1382.589111 1674.204346 207.132187
v 1382.819458 1672.669189 206.499405
v 1383.133057 1671.265747 205.637817
v 1383.521362 1670.032349 204.570923
v 1383.973755 1669.002808 203.327820
v 1384.478027 1668.204956 201.942413
v 1385.020264 1667.660645 200.452499
v 1385.585815 1667.384644 198.898727
v 1386.159180 1667.384644 197.323456
v 1386.724731 1667.660645 195.769684
v 1387.266968 1668.204956 194.279770
v 1387.771240 1669.002808 192.894363
v 1388.223633 1670.032349 191.651260
v 1388.612061 1671.265747 190.584366
v 1388.925659 1672.669189 189.722778
v 1389.155884 1674.204346 189.089996
v 1389.296631 1675.829346 188.703293
v 1389.343994 1677.500000 188.573212
v 1389.296631 1679.170654 188.703293
v 1389.155884 1680.795654 189.089996
v 1388.925659 1682.330811 189.722778
v 1388.612061 1683.734253 190.584366
v 1388.223633 1684.967651 191.651260
v 1387.771240 1685.997192 192.894363
v 1387.266968 1686.795044 194.279770
v 1386.724731 1687.339355 195.769684
v 1386.159180 1687.615356 197.323456
v 1385.585815 1687.615356 198.898727
v 1385.020264 1687.339355 200.452499
v 1384.478027 1686.795044 201.942413
v 1383.973755 1685.997192 203.327820
v 1383.521362 1684.967651 204.570923
v 1383.133057 1683.734253 205.637817
v 1382.819458 1682.330811 206.499405
v 1382.589111 1680.795654 207.132187
v 1382.448364 1679.170654 207.518890
v 1415.213989 1695.833374 201.454468
v 1415.961304 1695.833374 198.298019
v 1414.108154 1695.833374 200.938797
v 1414.386108 1695.833374 197.724670
v 1412.929565 1695.833374 200.622986
v 1412.737915 1695.833374 197.418427
v 1411.713989 1695.833374 200.516647
v 1411.061890 1695.833374 197.387619
v 1410.498535 1695.833374 200.622986
v 1409.403564 1695.833374 197.633118
v 1409.319946 1695.833374 200.938797
v 1407.808228 1695.833374 198.148209
v 1408.213989 1695.833374 201.454468
v 1406.319580 1695.833374 198.918854
v 1407.214478 1695.833374 202.154343
v 1404.978027 1695.833374 199.924026
v 1406.351685 1695.833374 203.017136
v 1403.820190 1695.833374 201.136292
v 1405.651855 1695.833374 204.016647
v 1402.877686 1695.833374 202.522614
v 1405.136230 1695.833374 205.122513
v 1402.176147 1695.833374 204.045135
v 1404.820435 1695.833374 206.301117
v 1401.734863 1695.833374 205.662369
v 1404.713989 1695.833374 207.516647
v 1401.565796 1695.833374 207.330185
v 1404.820435 1695.833374 208.732178
v 1401.673462 1695.833374 209.003082
v 1405.136230 1695.833374 209.910782
v 1402.055054 1695.833374 210.635437
v 1405.651855 1695.833374 211.016647
v 1402.700195 1695.833374 212.182709
v 1406.351685 1695.833374 212.016159
v 1403.591064 1695.833374 213.602707
v 1407.214478 1695.833374 212.878952
v 1404.703613 1695.833374 214.856689
v 1408.213989 1695.833374 213.578827
v 1406.007324 1695.833374 215.910461
v 1409.319946 1695.833374 214.094498
v 1407.466797 1695.833374 216.735275
v 1409.041992 1695.833374 217.308624
v 1410.498535 1695.833374 214.410309
v 1410.690186 1695.833374 217.614868
v 1411.713989 1695.833374 214.516647
v 1412.366211 1695.833374 217.645676
v 1412.929565 1695.833374 214.410309
v 1414.024536 1695.833374 217.400177
v 1414.108154 1695.833374 214.094498
v 1415.619751 1695.833374 216.885086
v 1415.213989 1695.833374 213.578827
v 1417.108521 1695.833374 216.114441
v 1416.213623 1695.833374 212.878952
v 1418.450073 1695.833374 215.109268
v 1417.076416 1695.833374 212.016159
v 1419.607910 1695.833374 213.897003
v 1417.776245 1695.833374 211.016647
v 1420.550415 1695.833374 212.510681
v 1418.291870 1695.833374 209.910782
v 1421.251953 1695.833374 210.988159
v 1418.607666 1695.833374 208.732178
v 1421.693237 1695.833374 209.370926
v 1418.713989 1695.833374 207.516647
v 1421.862305 1695.833374 207.703110
v 1418.607666 1695.833374 206.301117
v 1421.754639 1695.833374 206.030212
v 1418.291870 1695.833374 205.122513
v 1421.373047 1695.833374 204.397858
v 1417.776245 1695.833374 204.016647
v 1420.727905 1695.833374 202.850586
v 1417.076416 1695.833374 203.017136
v 1419.837036 1695.833374 201.430588
v 1416.213623 1695.833374 202.154343
v 1418.724487 1695.833374 200.176605
v 1417.420776 1695.833374 199.122833
v 1421.251953 1705.000000 210.988159
v 1420.550415 1705.000000 212.510681
v 1419.607910 1705.000000 213.897003
v 1418.450073 1705.000000 215.109268
v 1417.108521 1705.000000 216.114441
v 1415.619751 1705.000000 216.885086
v 1414.024536 1705.000000 217.400177
v 1412.366211 1705.000000 217.645676
v 1410.690186 1705.000000 217.614868
v 1409.041992 1705.000000 217.308624
v 1407.466797 1705.000000 216.735275
v 1406.007324 1705.000000 215.910461
v 1404.703613 1705.000000 214.856689
v 1403.591064 1705.000000 213.602707
v 1402.700195 1705.000000 212.182709
v 1402.055054 1705.000000 210.635437
v 1401.673462 1705.000000 209.003082
v 1401.565796 1705.000000 207.330185
v 1401.734863 1705.000000 205.662369
v 1402.176147 1705.000000 204.045135
v 1402.877686 1705.000000 202.522614
v 1403.820190 1705.000000 201.136292
v 1404.978027 1705.000000 199.924026
v 1406.319580 1705.000000 198.918854
v 1407.808228 1705.000000 198.148209
v 1409.403564 1705.000000 197.633118
v 1411.061890 1705.000000 197.387619
v 1412.737915 1705.000000 197.418427
v 1414.386108 1705.000000 197.724670
v 1415.961304 1705.000000 198.298019
v 1417.420776 1705.000000 199.122833
v 1418.724487 1705.000000 200.176605
v 1419.837036 1705.000000 201.430588
v 1420.727905 1705.000000 202.850586
v 1421.373047 1705.000000 204.397858
v 1421.754639 1705.000000 206.030212
v 1421.862305 1705.000000 207.703110
v 1421.693237 1705.000000 209.370926
v 1398.545776 1705.000000 210.490845
v 1399.103027 1705.000000 212.334610
v 1399.917114 1705.000000 214.080307
v 1400.971313 1705.000000 215.692383
v 1402.244141 1705.000000 217.138016
v 1403.709839 1705.000000 218.387802
v 1403.538330 1705.000000 196.773865
v 1402.092651 1705.000000 198.046738
v 1400.842896 1705.000000 199.512390
v 1399.814453 1705.000000 201.140991
v 1399.028198 1705.000000 202.899368
v 1398.500244 1705.000000 204.751755
v 1398.241211 1705.000000 206.660431
v 1398.256470 1705.000000 208.586517
v 1419.889771 1705.000000 218.259430
v 1421.335449 1705.000000 216.986557
v 1422.585205 1705.000000 215.520905
v 1423.613647 1705.000000 213.892303
v 1424.399902 1705.000000 212.133926
v 1424.927856 1705.000000 210.281540
v 1425.186890 1705.000000 208.372864
v 1405.338379 1705.000000 219.416275
v 1407.096802 1705.000000 220.202499
v 1408.949219 1705.000000 220.730484
v 1410.857788 1705.000000 220.989471
v 1412.783936 1705.000000 220.974182
v 1414.688232 1705.000000 220.684952
v 1416.531982 1705.000000 220.127640
v 1418.277710 1705.000000 219.313614
v 1416.331299 1705.000000 194.830795
v 1414.478882 1705.000000 194.302811
v 1412.570312 1705.000000 194.043823
v 1410.644165 1705.000000 194.059113
v 1408.739868 1705.000000 194.348343
v 1406.896118 1705.000000 194.905655
v 1405.150391 1705.000000 195.719681
v 1425.171631 1705.000000 206.446777
v 1424.882324 1705.000000 204.542450
v 1424.325073 1705.000000 202.698685
v 1423.510986 1705.000000 200.952988
v 1422.456787 1705.000000 199.340912
v 1421.183960 1705.000000 197.895279
v 1419.718262 1705.000000 196.645493
v 1418.089722 1705.000000 195.617020
v 1408.949219 1699.000000 220.730484
v 1410.857788 1699.000000 220.989471
v 1412.783936 1699.000000 220.974182
v 1414.688232 1699.000000 220.684952
v 1416.531982 1699.000000 220.127640
v 1418.277710 1699.000000 219.313614
v 1419.889771 1699.000000 218.259430
v 1421.335449 1699.000000 216.986557
v 1422.585205 1699.000000 215.520905
v 1423.613647 1699.000000 213.892303
v 1424.399902 1699.000000 212.133926
v 1424.927856 1699.000000 210.281540
v 1425.186890 1699.000000 208.372864
v 1425.171631 1699.000000 206.446777
v 1424.882324 1699.000000 204.542450
v 1424.325073 1699.000000 202.698685
v 1423.510986 1699.000000 200.952988
v 1422.456787 1699.000000 199.340912
v 1421.183960 1699.000000 197.895279
v 1419.718262 1699.000000 196.645493
v 1418.089722 1699.000000 195.617020
v 1416.331299 1699.000000 194.830795
v 1414.478882 1699.000000 194.302811
v 1412.570312 1699.000000 194.043823
v 1410.644165 1699.000000 194.059113
v 1408.739868 1699.000000 194.348343
v 1406.896118 1699.000000 194.905655
v 1405.150391 1699.000000 195.719681
v 1403.538330 1699.000000 196.773865
v 1402.092651 1699.000000 198.046738
v 1400.842896 1699.000000 199.512390
v 1399.814453 1699.000000 201.140991
v 1399.028198 1699.000000 202.899368
v 1398.500244 1699.000000 204.751755
v 1398.241211 1699.000000 206.660431
v 1398.256470 1699.000000 208.586517
v 1398.545776 1699.000000 210.490845
v 1399.103027 1699.000000 212.334610
v 1399.917114 1699.000000 214.080307
v 1400.971313 1699.000000 215.692383
v 1402.244141 1699.000000 217.138016
v 1403.709839 1699.000000 218.387802
v 1405.338379 1699.000000 219.416275
v 1407.096802 1699.000000 220.202499
v 1399.681274 1699.000000 204.131134
v 1400.320190 1699.000000 202.375565
v 1401.213745 1699.000000 200.734818
v 1402.341797 1699.000000 199.245575
v 1403.679199 1699.000000 197.941086
v 1405.196167 1699.000000 196.850510
v 1406.858643 1699.000000 195.998199
v 1408.629639 1699.000000 195.403183
v 1410.469482 1699.000000 195.078766
v 1412.337158 1699.000000 195.032181
v 1414.190918 1699.000000 195.264496
v 1415.989258 1699.000000 195.770493
v 1417.692261 1699.000000 196.538879
v 1419.261597 1699.000000 197.552490
v 1420.662354 1699.000000 198.788681
v 1421.863281 1699.000000 200.219849
v 1422.837402 1699.000000 201.814011
v 1423.563110 1699.000000 203.535568
v 1424.024170 1699.000000 205.346039
v 1424.210205 1699.000000 207.205017
v 1424.117065 1699.000000 209.070938
v 1423.746826 1699.000000 210.902161
v 1423.107910 1699.000000 212.657730
v 1422.214355 1699.000000 214.298477
v 1421.086304 1699.000000 215.787720
v 1419.748901 1699.000000 217.092209
v 1418.231934 1699.000000 218.182785
v 1416.569458 1699.000000 219.035095
v 1414.798462 1699.000000 219.630112
v 1412.958618 1699.000000 219.954529
v 1411.090942 1699.000000 220.001114
v 1409.237183 1699.000000 219.768799
v 1407.438843 1699.000000 219.262802
v 1405.735840 1699.000000 218.494415
v 1404.166504 1699.000000 217.480804
v 1402.765747 1699.000000 216.244614
v 1401.564819 1699.000000 214.813446
v 1400.590698 1699.000000 213.219284
v 1399.864990 1699.000000 211.497726
v 1399.403931 1699.000000 209.687256
v 1399.217896 1699.000000 207.828278
v 1399.311035 1699.000000 205.962357
v 1412.497192 1677.036621 195.041077
v 1412.529419 1677.500000 195.043259
v 1414.190918 1656.000000 195.264496
v 1412.337158 1656.000000 195.032181
v 1412.343628 1676.369141 195.032471
v 1412.399780 1676.559448 195.035370
v 1410.469482 1656.000000 195.078766
v 1410.473511 1673.361816 195.078308
v 1410.764404 1673.714966 195.052750
v 1410.893677 1673.877808 195.043594
v 1411.284424 1674.398682 195.023972
v 1411.732422 1675.074951 195.016663
v 1412.021851 1675.594482 195.020584
v 1412.057861 1675.667114 195.021515
v 1412.239136 1676.077271 195.027695
v 1409.404663 1672.175293 195.231979
v 1409.526733 1672.303955 195.209595
v 1410.160278 1672.998413 195.113586
v 1407.798340 1670.596924 195.645813
v 1408.074585 1670.855469 195.558197
v 1408.629639 1656.000000 195.403183
v 1408.631592 1671.391479 195.402924
v 1408.785034 1671.543213 195.364914
v 1406.190063 1669.180298 196.303452
v 1406.580444 1669.510864 196.119492
v 1406.858643 1656.000000 195.998199
v 1406.861328 1669.754028 195.997086
v 1407.354004 1670.190918 195.801727
v 1405.196167 1656.000000 196.850510
v 1404.472534 1667.823975 197.327911
v 1404.651367 1667.957397 197.203140
v 1405.118652 1668.314697 196.898392
v 1405.197021 1668.375977 196.850113
v 1405.823486 1668.877075 196.491699
v 1403.237183 1666.958130 198.330215
v 1403.285767 1666.990234 198.285599
v 1403.679199 1656.000000 197.941086
v 1403.680786 1667.257080 197.939896
v 1403.877686 1667.394287 197.778107
v 1402.341797 1656.000000 199.245575
v 1401.758179 1666.083862 199.958267
v 1401.991943 1666.206909 199.659927
v 1402.243896 1666.346802 199.357849
v 1402.342651 1666.403442 199.244705
v 1402.733398 1666.637085 198.821915
v 1400.909790 1665.705688 201.230270
v 1400.947388 1665.719604 201.166168
v 1401.213745 1656.000000 200.734818
v 1401.214233 1665.827026 200.734024
v 1401.319092 1665.872925 200.574387
v 1400.133179 1665.508789 202.812256
v 1400.320190 1656.000000 202.375565
v 1399.955322 1665.500000 203.276123
v 1399.681274 1656.000000 204.131134
v 1399.723267 1665.525513 203.985336
v 1400.228516 1665.520874 202.583862
v 1400.320435 1665.536499 202.375183
v 1400.543579 1665.588013 201.906952
v 1399.387695 1665.715698 205.440613
v 1399.533936 1665.597412 204.707138
v 1399.311035 1656.000000 205.962357
v 1399.568604 1665.579224 204.560944
v 1399.681274 1665.536499 204.131516
v 1399.214966 1666.339111 207.658646
v 1399.229492 1666.080566 206.896484
v 1399.217896 1656.000000 207.828278
v 1399.266724 1665.929199 206.371109
v 1399.287598 1665.875488 206.163101
v 1399.310913 1665.827026 205.963257
v 1399.317383 1666.965576 209.120285
v 1399.246460 1666.642334 208.416534
v 1399.403931 1656.000000 209.687256
v 1399.232666 1666.550537 208.199051
v 1399.218018 1666.403442 207.829651
v 1399.813354 1668.265747 211.340363
v 1399.618042 1667.825195 210.668747
v 1399.864990 1656.000000 211.497726
v 1399.463257 1667.428101 210.000031
v 1399.442627 1667.369873 209.895920
v 1399.404419 1667.256958 209.688995
v 1400.408325 1669.425659 212.848679
v 1400.088867 1668.826538 212.110443
v 1400.590698 1656.000000 213.219284
v 1399.946167 1668.542725 211.731430
v 1399.865601 1668.376465 211.499313
v 1401.533203 1671.337769 214.768875
v 1401.137329 1670.686035 214.178711
v 1401.564819 1656.000000 214.813446
v 1401.551636 1671.367798 214.794678
v 1400.749023 1670.027954 213.518082
v 1400.655762 1669.865845 213.344498
v 1400.591797 1669.753662 213.221466
v 1402.560059 1673.012939 216.028610
v 1402.402710 1672.753418 215.856247
v 1402.765747 1656.000000 216.244614
v 1401.986816 1672.074829 215.366791
v 1401.565674 1671.390503 214.814102
v 1403.878784 1675.498291 217.256073
v 1403.615967 1674.912109 217.038849
v 1404.166504 1656.000000 217.480804
v 1403.543091 1674.763794 216.976410
v 1403.276489 1674.252808 216.739334
v 1402.880249 1673.551880 216.360580
v 1402.768066 1673.361206 216.247116
v 1404.238281 1678.336548 217.534729
v 1404.303955 1677.875122 217.583511
v 1404.319824 1677.407837 217.595139
v 1405.735840 1656.000000 218.494415
v 1404.286621 1676.963989 217.570663
v 1404.205444 1676.508301 217.510193
v 1404.170898 1676.365967 217.484161
v 1404.071411 1676.023193 217.408020
v 1404.221313 1676.580688 217.522125
v 1403.429199 1680.459839 216.876785
v 1403.542847 1680.236938 216.976105
v 1403.749146 1679.803101 217.150360
v 1403.964722 1679.282593 217.324585
v 1404.123901 1678.805298 217.448425
v 1404.171387 1678.632202 217.484512
v 1404.221313 1678.419678 217.522079
v 1402.149292 1682.660767 215.564240
v 1402.560669 1681.985962 216.029327
v 1402.587646 1681.941162 216.058289
v 1402.769043 1681.637207 216.248123
v 1403.053711 1681.147583 216.530426
v 1400.827148 1684.837646 213.658737
v 1401.220093 1684.176392 214.308304
v 1401.551880 1683.631836 214.794998
v 1401.566650 1683.607788 214.815491
v 1401.684937 1683.415283 214.977173
v 1400.100342 1686.151245 212.139313
v 1400.438599 1685.519531 212.912384
v 1400.592041 1685.245850 213.222000
v 1400.656006 1685.133667 213.344971
v 1399.463257 1687.571899 209.999924
v 1399.608276 1687.198242 210.631180
v 1399.825195 1686.708984 211.377090
v 1399.865479 1686.623779 211.498978
v 1399.946167 1686.457275 211.731384
v 1399.243286 1688.377319 208.370895
v 1399.319580 1688.026367 209.136734
v 1399.404419 1687.742920 209.689011
v 1399.444092 1687.625977 209.903198
v 1399.266724 1689.070679 206.371246
v 1399.230591 1688.925659 206.876587
v 1399.214722 1688.665771 207.645508
v 1399.218018 1688.596558 207.829636
v 1399.232666 1688.449585 208.198776
v 1399.558105 1689.415527 204.604584
v 1399.402222 1689.300171 205.356339
v 1399.310913 1689.172974 205.963181
v 1399.291992 1689.134644 206.122742
v 1399.681152 1689.463501 204.131607
v 1399.568726 1689.420776 204.560730
v 1400.270752 1689.472412 202.486832
v 1400.133179 1689.491211 202.812195
v 1399.990845 1689.499756 203.178711
v 1399.753540 1689.480835 203.884109
v 1400.952271 1689.278564 201.157806
v 1400.947266 1689.280518 201.166473
v 1400.591309 1689.398804 201.812912
v 1400.320435 1689.463623 202.375305
v 1402.250610 1688.649414 199.350174
v 1401.991943 1688.793091 199.659958
v 1401.770264 1688.910034 199.942413
v 1401.340698 1689.117432 200.542282
v 1401.214233 1689.172974 200.733994
v 1403.271729 1688.019165 198.298477
v 1403.237061 1688.041992 198.330353
v 1402.760864 1688.345947 198.793701
v 1402.342651 1688.596558 199.244705
v 1405.082764 1686.713135 196.920776
v 1404.651123 1687.042725 197.203308
v 1404.495728 1687.158813 197.311447
v 1403.867798 1687.612671 197.786102
v 1403.680786 1687.742920 197.939911
v 1406.505249 1685.553345 196.153610
v 1406.189941 1685.819946 196.303558
v 1405.790039 1686.150269 196.509674
v 1405.197388 1686.623779 196.849884
v 1407.922119 1684.287842 195.605713
v 1408.607788 1683.631836 195.409012
v 1408.630127 1683.609985 195.403305
v 1407.798096 1684.403320 195.645920
v 1407.203857 1684.943726 195.858719
v 1406.860962 1685.246338 195.997223
v 1410.051514 1682.124390 195.127701
v 1409.404663 1682.824829 195.231995
v 1409.343872 1682.888306 195.243607
v 1412.497681 1677.962891 195.041229
v 1412.406616 1678.415771 195.035843
v 1412.343750 1678.630493 195.032516
v 1412.249146 1678.897095 195.028107
v 1412.057739 1679.333130 195.021500
v 1412.016968 1679.415283 195.020447
v 1411.667480 1680.030518 195.016739
v 1411.236450 1680.667969 195.025726
v 1410.893311 1681.122681 195.043625
v 1410.696411 1681.369141 195.058105
v 1410.473389 1681.638184 195.078308
v 1407.438843 1656.000000 219.262802
v 1409.237183 1656.000000 219.768799
v 1411.090942 1656.000000 220.001114
v 1412.958618 1656.000000 219.954529
v 1414.798462 1656.000000 219.630112
v 1416.569458 1656.000000 219.035095
v 1418.231934 1656.000000 218.182785
v 1419.748901 1656.000000 217.092209
v 1421.086304 1656.000000 215.787720
v 1422.214355 1656.000000 214.298477
v 1423.107910 1656.000000 212.657730
v 1423.746826 1656.000000 210.902161
v 1424.117065 1656.000000 209.070938
v 1424.210205 1656.000000 207.205017
v 1424.024170 1656.000000 205.346039
v 1423.563110 1656.000000 203.535568
v 1422.837402 1656.000000 201.814011
v 1421.863281 1656.000000 200.219849
v 1420.662354 1656.000000 198.788681
v 1419.261597 1656.000000 197.552490
v 1417.692261 1656.000000 196.538879
v 1415.989258 1656.000000 195.770493
v 1424.927856 1656.000000 210.281540
v 1425.186890 1656.000000 208.372864
v 1425.171631 1656.000000 206.446777
v 1424.882324 1656.000000 204.542450
v 1424.325073 1656.000000 202.698685
v 1423.510986 1656.000000 200.952988
v 1422.456787 1656.000000 199.340912
v 1421.183960 1656.000000 197.895279
v 1419.718262 1656.000000 196.645493
v 1418.089722 1656.000000 195.617020
v 1416.331299 1656.000000 194.830795
v 1414.478882 1656.000000 194.302811
v 1412.570312 1656.000000 194.043823
v 1410.644165 1656.000000 194.059113
v 1408.739868 1656.000000 194.348343
v 1406.896118 1656.000000 194.905655
v 1405.150391 1656.000000 195.719681
v 1403.538330 1656.000000 196.773865
v 1402.092651 1656.000000 198.046738
v 1400.842896 1656.000000 199.512390
v 1399.814453 1656.000000 201.140991
v 1399.028198 1656.000000 202.899368
v 1398.500244 1656.000000 204.751755
v 1398.241211 1656.000000 206.660431
v 1398.256470 1656.000000 208.586517
v 1398.545776 1656.000000 210.490845
v 1399.103027 1656.000000 212.334610
v 1399.917114 1656.000000 214.080307
v 1400.971313 1656.000000 215.692383
v 1402.244141 1656.000000 217.138016
v 1403.709839 1656.000000 218.387802
v 1405.338379 1656.000000 219.416275
v 1407.096802 1656.000000 220.202499
v 1408.949219 1656.000000 220.730484
v 1410.857788 1656.000000 220.989471
v 1412.783936 1656.000000 220.974182
v 1414.688232 1656.000000 220.684952
v 1416.531982 1656.000000 220.127640
v 1418.277710 1656.000000 219.313614
v 1419.889771 1656.000000 218.259430
v 1421.335449 1656.000000 216.986557
v 1422.585205 1656.000000 215.520905
v 1423.613647 1656.000000 213.892303
v 1424.399902 1656.000000 212.133926
v 1408.949219 1650.000000 220.730484
v 1410.857788 1650.000000 220.989471
v 1412.783936 1650.000000 220.974182
v 1414.688232 1650.000000 220.684952
v 1416.531982 1650.000000 220.127640
v 1418.277710 1650.000000 219.313614
v 1419.889771 1650.000000 218.259430
v 1421.335449 1650.000000 216.986557
v 1422.585205 1650.000000 215.520905
v 1423.613647 1650.000000 213.892303
v 1424.399902 1650.000000 212.133926
v 1424.927856 1650.000000 210.281540
v 1425.186890 1650.000000 208.372864
v 1425.171631 1650.000000 206.446777
v 1424.882324 1650.000000 204.542450
v 1424.325073 1650.000000 202.698685
v 1423.510986 1650.000000 200.952988
v 1422.456787 1650.000000 199.340912
v 1421.183960 1650.000000 197.895279
v 1419.718262 1650.000000 196.645493
v 1418.089722 1650.000000 195.617020
v 1416.331299 1650.000000 194.830795
v 1414.478882 1650.000000 194.302811
v 1412.570312 1650.000000 194.043823
v 1410.644165 1650.000000 194.059113
v 1408.739868 1650.000000 194.348343
v 1406.896118 1650.000000 194.905655
v 1405.150391 1650.000000 195.719681
v 1403.538330 1650.000000 196.773865
v 1402.092651 1650.000000 198.046738
v 1400.842896 1650.000000 199.512390
v 1399.814453 1650.000000 201.140991
v 1399.028198 1650.000000 202.899368
v 1398.500244 1650.000000 204.751755
v 1398.241211 1650.000000 206.660431
v 1398.256470 1650.000000 208.586517
v 1398.545776 1650.000000 210.490845
v 1399.103027 1650.000000 212.334610
v 1399.917114 1650.000000 214.080307
v 1400.971313 1650.000000 215.692383
v 1402.244141 1650.000000 217.138016
v 1403.709839 1650.000000 218.387802
v 1405.338379 1650.000000 219.416275
v 1407.096802 1650.000000 220.202499
v 1405.369873 1670.526611 204.558319
v 1405.651855 1670.606323 204.016647
v 1411.713989 1675.105835 200.516647
v 1413.525757 1676.889893 200.755173
v 1412.929565 1676.284424 200.622986
v 1412.324097 1675.688232 200.543289
v 1409.319946 1673.000488 200.938797
v 1409.902344 1673.484985 200.755173
v 1410.498535 1674.000000 200.622986
v 1411.104004 1674.541626 200.543289
v 1407.214478 1671.437866 202.154343
v 1407.698975 1671.765991 201.782578
v 1408.213989 1672.137695 201.454468
v 1408.755737 1672.550293 201.172485
v 1405.979980 1670.738525 203.501617
v 1406.351685 1670.922119 203.017136
v 1406.764282 1671.155884 202.566895
v 1405.136230 1670.500000 205.122513
v 1404.952515 1670.526611 205.704910
v 1404.820435 1670.606323 206.301117
v 1404.740723 1670.738525 206.906555
v 1404.713989 1670.922119 207.516647
v 1404.740723 1671.155884 208.126740
v 1404.820435 1671.437866 208.732178
v 1404.952515 1671.765991 209.328384
v 1405.136230 1672.137695 209.910782
v 1405.369873 1672.550293 210.474976
v 1405.651855 1673.000488 211.016647
v 1405.979980 1673.484985 211.531677
v 1406.351685 1674.000000 212.016159
v 1406.764282 1674.541626 212.466400
v 1407.214478 1675.105835 212.878952
v 1407.698975 1675.688232 213.250717
v 1408.213989 1676.284424 213.578827
v 1408.755737 1676.889893 213.860809
v 1409.319946 1677.500000 214.094498
v 1407.214478 1679.894165 212.878952
v 1407.698975 1679.311768 213.250717
v 1408.213989 1678.715576 213.578827
v 1408.755737 1678.110107 213.860809
v 1405.651855 1681.999512 211.016647
v 1405.979980 1681.515015 211.531677
v 1406.351685 1681.000000 212.016159
v 1406.764282 1680.458374 212.466400
v 1404.820435 1683.562134 208.732178
v 1404.952515 1683.234009 209.328384
v 1405.136230 1682.862305 209.910782
v 1405.369873 1682.449707 210.474976
v 1404.820435 1684.393677 206.301117
v 1404.740723 1684.261475 206.906555
v 1404.713989 1684.077881 207.516647
v 1404.740723 1683.844116 208.126740
v 1405.369873 1684.473389 204.558319
v 1405.136230 1684.500000 205.122513
v 1404.952515 1684.473389 205.704910
v 1405.979980 1684.261475 203.501617
v 1405.651855 1684.393677 204.016647
v 1406.764282 1683.844116 202.566895
v 1406.351685 1684.077881 203.017136
v 1407.698975 1683.234009 201.782578
v 1407.214478 1683.562134 202.154343
v 1408.755737 1682.449707 201.172485
v 1408.213989 1682.862305 201.454468
v 1409.902344 1681.515015 200.755173
v 1409.319946 1681.999512 200.938797
v 1411.104004 1680.458374 200.543289
v 1410.498535 1681.000000 200.622986
v 1412.324097 1679.311768 200.543289
v 1411.713989 1679.894165 200.516647
v 1414.108154 1677.500000 200.938797
v 1413.525757 1678.110107 200.755173
v 1412.929565 1678.715576 200.622986
v 1392.292114 1689.280518 198.016312
v 1395.614868 1677.500000 188.886902
v 1395.566772 1679.331787 189.019058
v 1395.423584 1681.120605 189.412415
v 1395.188721 1682.824585 190.057770
v 1394.867676 1684.403809 190.939987
v 1394.467896 1685.821167 192.038391
v 1393.998779 1687.043457 193.327225
v 1393.471313 1688.042114 194.776291
v 1392.897949 1688.793701 196.351624
v 1391.667847 1689.491211 199.731308
v 1391.039917 1689.420776 201.456421
v 1390.423096 1689.071045 203.151230
v 1389.831787 1688.450073 204.776001
v 1389.279785 1687.572388 206.292648
v 1388.780029 1686.458618 207.665634
v 1388.344238 1685.134888 208.862762
v 1387.982788 1683.632202 209.855988
v 1387.703979 1681.985840 210.622025
v 1387.514404 1680.234253 211.142914
v 1387.418457 1678.418579 211.406433
v 1387.418457 1676.581421 211.406433
v 1387.514404 1674.765747 211.142914
v 1387.703979 1673.014160 210.622025
v 1387.982788 1671.367798 209.855988
v 1388.344238 1669.865112 208.862762
v 1388.780029 1668.541382 207.665634
v 1389.279785 1667.427612 206.292648
v 1389.831787 1666.549927 204.776001
v 1390.423096 1665.928955 203.151230
v 1391.039917 1665.579224 201.456421
v 1391.667847 1665.508789 199.731308
v 1392.292114 1665.719482 198.016312
v 1392.897949 1666.206299 196.351624
v 1393.471313 1666.957886 194.776291
v 1393.998779 1667.956543 193.327225
v 1394.467896 1669.178833 192.038391
v 1394.867676 1670.596191 190.939987
v 1395.188721 1672.175415 190.057770
v 1395.423584 1673.879395 189.412415
v 1395.566772 1675.668213 189.019058
v 1393.428711 1689.780029 194.893326
v 1392.811523 1690.453125 196.589203
v 1392.167725 1690.862549 198.357834
v 1391.510620 1691.000000 200.163208
v 1390.853516 1690.862549 201.968597
v 1390.209839 1690.453125 203.737228
v 1389.592529 1689.780029 205.433105
v 1389.014404 1688.856934 207.021698
v 1388.486938 1687.702637 208.470673
v 1388.021118 1686.340576 209.750534
v 1387.626343 1684.798706 210.835236
v 1387.310669 1683.108154 211.702667
v 1387.080444 1681.303345 212.335205
v 1386.940430 1679.421265 212.719940
v 1386.893433 1677.500000 212.849060
v 1386.940430 1675.578735 212.719940
v 1387.080444 1673.696655 212.335205
v 1387.310669 1671.891846 211.702667
v 1387.626343 1670.201294 210.835236
v 1388.021118 1668.659424 209.750534
v 1388.486938 1667.297363 208.470673
v 1389.014404 1666.143066 207.021698
v 1389.592529 1665.219971 205.433105
v 1390.209839 1664.546875 203.737228
v 1390.853516 1664.137451 201.968597
v 1391.510620 1664.000000 200.163208
v 1392.167725 1664.137451 198.357834
v 1392.811523 1664.546875 196.589203
v 1393.428711 1665.219971 194.893326
v 1394.006958 1666.143066 193.304718
v 1394.534302 1667.297363 191.855743
v 1395.000122 1668.659424 190.575882
v 1395.394897 1670.201294 189.491196
v 1395.710693 1671.891846 188.623764
v 1395.940918 1673.696655 187.991226
v 1396.080933 1675.578735 187.606491
v 1396.127930 1677.500000 187.477356
v 1396.080933 1679.421265 187.606491
v 1395.940918 1681.303345 187.991226
v 1395.710693 1683.108154 188.623764
v 1395.394897 1684.798706 189.491196
v 1395.000122 1686.340576 190.575882
v 1394.534302 1687.702637 191.855743
v 1394.006958 1688.856934 193.304718
v 1390.489746 1677.500000 185.425247
v 1390.442749 1675.578735 185.554367
v 1390.302734 1673.696655 185.939102
v 1390.072510 1671.891846 186.571640
v 1389.756836 1670.201294 187.439072
v 1389.362061 1668.659424 188.523773
v 1388.896118 1667.297363 189.803635
v 1388.368774 1666.143066 191.252609
v 1387.790527 1665.219971 192.841202
v 1387.173340 1664.546875 194.537079
v 1386.529663 1664.137451 196.305710
v 1385.872559 1664.000000 198.111099
v 1385.215454 1664.137451 199.916473
v 1384.571655 1664.546875 201.685104
v 1383.954468 1665.219971 203.380981
v 1383.376221 1666.143066 204.969589
v 1382.848877 1667.297363 206.418564
v 1382.383057 1668.659424 207.698425
v 1381.988159 1670.201294 208.783112
v 1381.672485 1671.891846 209.650543
v 1381.442261 1673.696655 210.283081
v 1381.302246 1675.578735 210.667816
v 1381.255249 1677.500000 210.796951
v 1381.302246 1679.421265 210.667816
v 1381.442261 1681.303345 210.283081
v 1381.672485 1683.108154 209.650543
v 1381.988159 1684.798706 208.783112
v 1382.383057 1686.340576 207.698425
v 1382.848877 1687.702637 206.418564
v 1383.376221 1688.856934 204.969589
v 1383.954468 1689.780029 203.380981
v 1384.571655 1690.453125 201.685104
v 1385.215454 1690.862549 199.916473
v 1385.872559 1691.000000 198.111099
v 1386.529663 1690.862549 196.305710
v 1387.173340 1690.453125 194.537079
v 1387.790527 1689.780029 192.841202
v 1388.368774 1688.856934 191.252609
v 1388.896118 1687.702637 189.803635
v 1389.362061 1686.340576 188.523773
v 1389.756836 1684.798706 187.439072
v 1390.072510 1683.108154 186.571640
v 1390.302734 1681.303345 185.939102
v 1390.442749 1679.421265 185.554367
vn -0.2753 0.0156 -0.9612
vn -0.2756 0.7219 -0.6348
vn -0.3984 0.0156 -0.9171
vn -0.3562 0.7224 -0.5927
vn -0.5147 0.0156 -0.8572
vn -0.4305 0.7221 -0.5416
vn -0.6222 0.0156 -0.7827
vn -0.4975 0.7221 -0.4807
vn -0.7190 0.0156 -0.6948
vn -0.5559 0.7221 -0.4117
vn -0.8036 0.0156 -0.5950
vn -0.6049 0.7221 -0.3355
vn -0.8744 0.0156 -0.4850
vn -0.6436 0.7221 -0.2537
vn -0.9302 0.0156 -0.3667
vn -0.6712 0.7221 -0.1676
vn -0.9701 0.0156 -0.2422
vn -0.6873 0.7221 -0.0784
vn -0.9934 0.0156 -0.1135
vn -0.6917 0.7221 0.0119
vn -0.9997 0.0156 0.0172
vn -0.6842 0.7221 0.1020
vn -0.9889 0.0156 0.1475
vn -0.6650 0.7221 0.1905
vn -0.9612 0.0156 0.2753
vn -0.6345 0.7221 0.2757
vn -0.9171 0.0156 0.3984
vn -0.5931 0.7221 0.3562
vn -0.8572 0.0156 0.5147
vn -0.5415 0.7221 0.4306
vn -0.7827 0.0156 0.6222
vn -0.4807 0.7221 0.4975
vn -0.6948 0.0156 0.7191
vn -0.4118 0.7223 0.5556
vn -0.5950 0.0156 0.8036
vn -0.3356 0.7221 0.6049
vn -0.4850 0.0156 0.8744
vn -0.2537 0.7221 0.6435
vn -0.3667 0.0156 0.9302
vn -0.1676 0.7221 0.6712
vn -0.2422 0.0156 0.9701
vn -0.0785 0.7221 0.6873
vn -0.1135 0.0156 0.9934
vn 0.0119 0.7221 0.6917
vn 0.0172 0.0156 0.9997
vn 0.1021 0.7221 0.6842
vn 0.1475 0.0156 0.9889
vn 0.1905 0.7222 0.6649
vn 0.2753 0.0156 0.9612
vn 0.2756 0.7219 0.6348
vn 0.3984 0.0156 0.9171
vn 0.3562 0.7224 0.5927
vn 0.5147 0.0156 0.8572
vn 0.4305 0.7221 0.5416
vn 0.6222 0.0156 0.7827
vn 0.4975 0.7221 0.4807
vn 0.7190 0.0156 0.6948
vn 0.5559 0.7221 0.4117
vn 0.8036 0.0156 0.5950
vn 0.6049 0.7221 0.3355
vn 0.8744 0.0156 0.4850
vn 0.6436 0.7221 0.2537
vn 0.9302 0.0156 0.3667
vn 0.6712 0.7221 0.1676
vn 0.9701 0.0156 0.2422
vn 0.6873 0.7221 0.0784
vn 0.9934 0.0156 0.1135
vn 0.6917 0.7221 -0.0119
vn 0.9997 0.0156 -0.0172
vn 0.6842 0.7221 -0.1020
vn 0.9889 0.0156 -0.1475
vn 0.6650 0.7221 -0.1905
vn 0.9612 0.0156 -0.2753
vn 0.6345 0.7221 -0.2757
vn 0.9171 0.0156 -0.3984
vn 0.5931 0.7221 -0.3562
vn 0.8572 0.0156 -0.5147
vn 0.5415 0.7221 -0.4306
vn 0.7827 0.0156 -0.6222
vn 0.4807 0.7221 -0.4975
vn 0.6948 0.0156 -0.7191
vn 0.4118 0.7223 -0.5556
vn 0.5950 0.0156 -0.8036
vn 0.3356 0.7221 -0.6049
vn 0.4850 0.0156 -0.8744
vn 0.2537 0.7221 -0.6435
vn 0.3667 0.0156 -0.9302
vn 0.1676 0.7221 -0.6712
vn 0.2422 0.0156 -0.9701
vn 0.0785 0.7221 -0.6873
vn 0.1135 0.0156 -0.9934
vn -0.0119 0.7221 -0.6917
vn -0.0171 0.0156 -0.9997
vn -0.1021 0.7221 -0.6842
vn -0.1475 0.0156 -0.9889
vn -0.1905 0.7222 -0.6649
vn 0.1905 -0.7221 0.6650
vn 0.5698 -0.6100 0.5506
vn -0.1919 -0.6100 0.7688
vn 0.7618 -0.6100 -0.2182
vn 0.6917 -0.7221 -0.0119
vn 0.6842 -0.7221 -0.1020
vn -0.5560 -0.7221 -0.4116
vn -0.6049 -0.7221 -0.3355
vn -0.5698 -0.6100 -0.5506
vn -0.6917 -0.7221 0.0119
vn -0.6842 -0.7221 0.1020
vn -0.7618 -0.6100 0.2182
vn 0.2755 -0.7216 0.6351
vn 0.3562 -0.7222 0.5929
vn 0.4305 -0.7221 0.5416
vn 0.4975 -0.7221 0.4807
vn 0.5560 -0.7221 0.4116
vn 0.6049 -0.7221 0.3355
vn 0.6650 -0.7221 -0.1905
vn 0.6345 -0.7221 -0.2756
vn 0.5931 -0.7221 -0.3561
vn 0.1919 -0.6100 -0.7688
vn 0.3356 -0.7221 -0.6050
vn 0.2537 -0.7221 -0.6436
vn -0.6436 -0.7221 -0.2537
vn -0.6712 -0.7221 -0.1676
vn -0.6873 -0.7221 -0.0784
vn -0.3356 -0.7221 0.6050
vn -0.2537 -0.7221 0.6436
vn -0.1676 -0.7221 0.6712
vn -0.0785 -0.7221 0.6873
vn 0.6436 -0.7221 0.2537
vn 0.6712 -0.7221 0.1676
vn 0.6873 -0.7221 0.0784
vn 0.5415 -0.7221 -0.4306
vn 0.4807 -0.7221 -0.4975
vn 0.4118 -0.7223 -0.5557
vn 0.1676 -0.7221 -0.6712
vn 0.0785 -0.7221 -0.6873
vn -0.0119 -0.7221 -0.6917
vn 0.0119 -0.7221 0.6917
vn 0.1021 -0.7221 0.6842
vn -0.6650 -0.7221 0.1905
vn -0.6345 -0.7221 0.2756
vn -0.5931 -0.7221 0.3561
vn -0.3562 -0.7223 -0.5929
vn -0.4305 -0.7221 -0.5415
vn -0.4975 -0.7221 -0.4807
vn -0.5415 -0.7221 0.4306
vn -0.4807 -0.7221 0.4975
vn -0.4118 -0.7223 0.5556
vn -0.1020 -0.7221 -0.6842
vn -0.1905 -0.7222 -0.6649
vn -0.2756 -0.7219 -0.6348
vn -0.7618 0.6100 0.2182
vn -0.5698 0.6100 -0.5506
vn -0.1919 0.6100 0.7688
vn 0.5698 0.6100 0.5506
vn 0.7618 0.6100 -0.2182
vn 0.1919 0.6100 -0.7688
vn -0.7026 0.7038 0.1048
vn -0.7103 0.7038 0.0122
vn -0.7058 0.7038 -0.0806
vn -0.6892 0.7038 -0.1721
vn -0.6608 0.7038 -0.2606
vn -0.6212 0.7038 -0.3446
vn -0.5709 0.7039 -0.4227
vn -0.5108 0.7038 -0.4936
vn -0.4420 0.7039 -0.5560
vn -0.3657 0.7039 -0.6090
vn -0.2830 0.7038 -0.6515
vn -0.1956 0.7038 -0.6829
vn -0.1048 0.7038 -0.7026
vn -0.0122 0.7038 -0.7103
vn 0.0806 0.7038 -0.7058
vn 0.1721 0.7038 -0.6892
vn 0.2605 0.7038 -0.6609
vn 0.3446 0.7038 -0.6212
vn 0.4227 0.7038 -0.5709
vn 0.4936 0.7038 -0.5109
vn 0.5561 0.7038 -0.4420
vn 0.6090 0.7039 -0.3656
vn 0.6515 0.7038 -0.2831
vn 0.6829 0.7038 -0.1956
vn 0.7026 0.7038 -0.1048
vn 0.7103 0.7038 -0.0122
vn 0.7058 0.7039 0.0806
vn 0.6892 0.7038 0.1721
vn 0.6608 0.7038 0.2606
vn 0.6212 0.7038 0.3446
vn 0.5709 0.7038 0.4227
vn 0.5108 0.7038 0.4936
vn 0.4420 0.7039 0.5560
vn 0.3657 0.7038 0.6090
vn 0.2830 0.7038 0.6515
vn 0.1956 0.7038 0.6829
vn 0.1048 0.7038 0.7026
vn 0.0122 0.7038 0.7103
vn -0.0806 0.7038 0.7058
vn -0.1721 0.7039 0.6892
vn -0.2605 0.7038 0.6609
vn -0.3446 0.7038 0.6212
vn -0.4227 0.7038 0.5709
vn -0.4936 0.7038 0.5109
vn -0.5561 0.7038 0.4420
vn -0.6090 0.7039 0.3656
vn -0.6515 0.7038 0.2831
vn -0.6829 0.7038 0.1956
vn 0.9612 -0.0156 -0.2753
vn 0.6515 -0.7038 -0.2831
vn 0.9171 -0.0156 -0.3984
vn 0.6090 -0.7038 -0.3657
vn 0.8572 -0.0156 -0.5147
vn 0.5560 -0.7038 -0.4421
vn 0.7827 -0.0156 -0.6222
vn 0.4936 -0.7038 -0.5109
vn 0.6948 -0.0156 -0.7191
vn 0.4227 -0.7038 -0.5709
vn 0.5950 -0.0156 -0.8036
vn 0.3446 -0.7039 -0.6212
vn 0.4850 -0.0156 -0.8744
vn 0.2605 -0.7039 -0.6608
vn 0.3667 -0.0156 -0.9302
vn 0.1721 -0.7038 -0.6892
vn 0.2422 -0.0156 -0.9701
vn 0.0806 -0.7038 -0.7058
vn 0.1135 -0.0156 -0.9934
vn -0.0122 -0.7038 -0.7103
vn -0.0171 -0.0156 -0.9997
vn -0.1048 -0.7038 -0.7026
vn -0.1475 -0.0156 -0.9889
vn -0.1956 -0.7038 -0.6829
vn -0.2753 -0.0156 -0.9612
vn -0.2831 -0.7039 -0.6515
vn -0.3984 -0.0156 -0.9171
vn -0.3657 -0.7039 -0.6090
vn -0.5147 -0.0156 -0.8572
vn -0.4420 -0.7039 -0.5560
vn -0.6222 -0.0156 -0.7827
vn -0.5108 -0.7038 -0.4936
vn -0.7190 -0.0156 -0.6948
vn -0.5709 -0.7038 -0.4227
vn -0.8036 -0.0156 -0.5950
vn -0.6212 -0.7038 -0.3446
vn -0.8744 -0.0156 -0.4850
vn -0.6608 -0.7038 -0.2606
vn -0.9302 -0.0156 -0.3667
vn -0.6892 -0.7038 -0.1721
vn -0.9701 -0.0156 -0.2422
vn -0.7058 -0.7038 -0.0807
vn -0.9934 -0.0156 -0.1135
vn -0.7103 -0.7038 0.0121
vn -0.9997 -0.0156 0.0172
vn -0.7026 -0.7038 0.1048
vn -0.9889 -0.0156 0.1475
vn -0.6829 -0.7038 0.1956
vn -0.9612 -0.0156 0.2753
vn -0.6515 -0.7038 0.2831
vn -0.9171 -0.0156 0.3984
vn -0.6090 -0.7039 0.3657
vn -0.8572 -0.0156 0.5147
vn -0.5561 -0.7038 0.4420
vn -0.7827 -0.0156 0.6222
vn -0.4936 -0.7038 0.5108
vn -0.6948 -0.0156 0.7191
vn -0.4227 -0.7039 0.5709
vn -0.5950 -0.0156 0.8036
vn -0.3446 -0.7038 0.6212
vn -0.4850 -0.0156 0.8744
vn -0.2605 -0.7038 0.6609
vn -0.3667 -0.0156 0.9302
vn -0.1721 -0.7038 0.6892
vn -0.2422 -0.0156 0.9701
vn -0.0806 -0.7038 0.7058
vn -0.1135 -0.0156 0.9934
vn 0.0122 -0.7038 0.7103
vn 0.0171 -0.0156 0.9997
vn 0.1048 -0.7038 0.7026
vn 0.1475 -0.0156 0.9889
vn 0.1956 -0.7038 0.6829
vn 0.2753 -0.0156 0.9612
vn 0.2831 -0.7038 0.6515
vn 0.3984 -0.0156 0.9171
vn 0.3657 -0.7038 0.6090
vn 0.5147 -0.0156 0.8572
vn 0.4420 -0.7038 0.5561
vn 0.6222 -0.0156 0.7827
vn 0.5108 -0.7038 0.4937
vn 0.7190 -0.0156 0.6948
vn 0.5709 -0.7038 0.4227
vn 0.8036 -0.0156 0.5950
vn 0.6212 -0.7038 0.3446
vn 0.8744 -0.0156 0.4850
vn 0.6608 -0.7038 0.2606
vn 0.9302 -0.0156 0.3667
vn 0.6892 -0.7038 0.1721
vn 0.9701 -0.0156 0.2422
vn 0.7058 -0.7038 0.0807
vn 0.9934 -0.0156 0.1135
vn 0.7103 -0.7038 -0.0121
vn 0.9997 -0.0156 -0.0172
vn 0.7026 -0.7039 -0.1048
vn 0.9889 -0.0156 -0.1475
vn 0.6829 -0.7038 -0.1956
vn 0.1894 -0.7257 0.6614
vn 0.1894 0.7257 0.6614
vn 0.2931 -0.7257 0.6225
vn 0.2931 0.7257 0.6225
vn 0.3892 -0.7257 0.5674
vn 0.3892 0.7257 0.5674
vn 0.4751 -0.7256 0.4977
vn 0.4751 0.7256 0.4977
vn 0.5488 -0.7257 0.4150
vn 0.5488 0.7257 0.4149
vn 0.6083 -0.7257 0.3216
vn 0.6083 0.7257 0.3215
vn 0.6520 -0.7257 0.2198
vn 0.6520 0.7257 0.2198
vn 0.6788 -0.7257 0.1124
vn 0.6788 0.7257 0.1123
vn 0.6880 -0.7257 0.0021
vn 0.6880 0.7257 0.0020
vn 0.6794 -0.7257 -0.1083
vn 0.6795 0.7257 -0.1082
vn 0.6533 -0.7257 -0.2159
vn 0.6533 0.7257 -0.2159
vn 0.6102 -0.7257 -0.3179
vn 0.6102 0.7257 -0.3179
vn 0.5513 -0.7257 -0.4117
vn 0.5513 0.7257 -0.4117
vn 0.4781 -0.7257 -0.4947
vn 0.4781 0.7257 -0.4948
vn 0.3926 -0.7257 -0.5650
vn 0.3925 0.7257 -0.5651
vn 0.2968 -0.7257 -0.6207
vn 0.2968 0.7257 -0.6207
vn 0.1934 -0.7257 -0.6603
vn 0.1934 0.7257 -0.6603
vn 0.0850 -0.7257 -0.6828
vn 0.0850 0.7257 -0.6828
vn -0.0256 -0.7257 -0.6876
vn -0.0256 0.7257 -0.6876
vn -0.1356 -0.7257 -0.6745
vn -0.1356 0.7257 -0.6745
vn -0.2421 -0.7257 -0.6440
vn -0.2421 0.7257 -0.6441
vn -0.3422 -0.7257 -0.5969
vn -0.3422 0.7257 -0.5969
vn -0.4336 -0.7257 -0.5342
vn -0.4336 0.7257 -0.5342
vn -0.5137 -0.7257 -0.4578
vn -0.5137 0.7257 -0.4578
vn -0.5804 -0.7257 -0.3695
vn -0.5804 0.7257 -0.3695
vn -0.6322 -0.7257 -0.2716
vn -0.6322 0.7257 -0.2716
vn -0.6675 -0.7257 -0.1668
vn -0.6675 0.7257 -0.1668
vn -0.6856 -0.7257 -0.0575
vn -0.6856 0.7257 -0.0574
vn -0.6860 -0.7257 0.0533
vn -0.6860 0.7257 0.0534
vn -0.6685 -0.7257 0.1626
vn -0.6685 0.7257 0.1627
vn -0.6338 -0.7257 0.2679
vn -0.6338 0.7257 0.2679
vn -0.5826 -0.7256 0.3661
vn -0.5826 0.7256 0.3661
vn -0.5164 -0.7257 0.4547
vn -0.5164 0.7257 0.4547
vn -0.4368 -0.7257 0.5316
vn -0.4368 0.7257 0.5316
vn -0.3458 -0.7257 0.5948
vn -0.3458 0.7257 0.5948
vn -0.2459 -0.7257 0.6426
vn -0.2459 0.7257 0.6426
vn -0.1396 -0.7257 0.6737
vn -0.1396 0.7257 0.6737
vn -0.0298 -0.7257 0.6874
vn -0.0298 0.7257 0.6874
vn 0.0809 -0.7257 0.6833
vn 0.0809 0.7257 0.6833
vn -0.2655 -0.5733 0.7751
vn 0.5041 -0.4671 0.7264
vn -0.2375 -0.6754 0.6982
vn 0.5264 -0.5298 0.6650
vn -0.2052 -0.7658 0.6094
vn 0.5514 -0.5833 0.5964
vn -0.1692 -0.8432 0.5103
vn 0.5785 -0.6269 0.5218
vn -0.1299 -0.9061 0.4027
vn 0.6074 -0.6596 0.4426
vn -0.0882 -0.9535 0.2881
vn 0.6372 -0.6815 0.3599
vn -0.0448 -0.9846 0.1687
vn 0.6683 -0.6909 0.2757
vn -0.0004 -0.9989 0.0466
vn 0.6991 -0.6892 0.1904
vn 0.0444 -0.9961 -0.0764
vn 0.7298 -0.6753 0.1064
vn 0.0886 -0.9762 -0.1979
vn 0.7593 -0.6503 0.0249
vn 0.1315 -0.9397 -0.3158
vn 0.7878 -0.6137 -0.0530
vn 0.1725 -0.8870 -0.4283
vn 0.8143 -0.5667 -0.1258
vn 0.2107 -0.8192 -0.5334
vn 0.8384 -0.5101 -0.1921
vn 0.2456 -0.7374 -0.6293
vn 0.8597 -0.4449 -0.2509
vn 0.2766 -0.6429 -0.7143
vn 0.8783 -0.3714 -0.3011
vn 0.3031 -0.5375 -0.7870
vn 0.8929 -0.2926 -0.3421
vn 0.3246 -0.4227 -0.8461
vn 0.9044 -0.2079 -0.3727
vn 0.3408 -0.3009 -0.8907
vn 0.9115 -0.1203 -0.3932
vn 0.3514 -0.1738 -0.9199
vn 0.9149 -0.0303 -0.4025
vn 0.3563 -0.0438 -0.9333
vn 0.9143 0.0600 -0.4006
vn 0.3554 0.0869 -0.9307
vn 0.9096 0.1496 -0.3877
vn 0.3486 0.2162 -0.9120
vn 0.9010 0.2363 -0.3638
vn 0.3361 0.3418 -0.8776
vn 0.8883 0.3199 -0.3296
vn 0.3180 0.4615 -0.8282
vn 0.8725 0.3965 -0.2857
vn 0.2948 0.5733 -0.7645
vn 0.8531 0.4671 -0.2324
vn 0.2669 0.6754 -0.6875
vn 0.8308 0.5297 -0.1709
vn 0.2345 0.7658 -0.5988
vn 0.8057 0.5833 -0.1025
vn 0.1985 0.8432 -0.4996
vn 0.7786 0.6269 -0.0278
vn 0.1593 0.9061 -0.3919
vn 0.7499 0.6596 0.0514
vn 0.1176 0.9535 -0.2775
vn 0.7195 0.6814 0.1338
vn 0.0741 0.9846 -0.1581
vn 0.6886 0.6914 0.2186
vn 0.0297 0.9989 -0.0359
vn 0.6579 0.6893 0.3035
vn -0.0151 0.9961 0.0871
vn 0.6274 0.6755 0.3874
vn -0.0593 0.9762 0.2085
vn 0.5978 0.6499 0.4693
vn -0.1022 0.9397 0.3265
vn 0.5694 0.6137 0.5470
vn -0.1432 0.8870 0.4390
vn 0.5430 0.5667 0.6197
vn -0.1814 0.8191 0.5441
vn 0.5188 0.5101 0.6860
vn -0.2163 0.7373 0.6400
vn 0.4974 0.4448 0.7448
vn -0.2473 0.6429 0.7249
vn 0.4793 0.3716 0.7951
vn -0.2737 0.5374 0.7977
vn 0.4641 0.2926 0.8361
vn -0.2952 0.4227 0.8568
vn 0.4529 0.2084 0.8669
vn -0.3115 0.3009 0.9014
vn 0.4455 0.1203 0.8871
vn -0.3221 0.1739 0.9306
vn 0.4422 0.0303 0.8964
vn -0.3270 0.0439 0.9440
vn 0.4429 -0.0602 0.8946
vn -0.3261 -0.0869 0.9413
vn 0.4476 -0.1495 0.8817
vn -0.3193 -0.2162 0.9227
vn 0.4562 -0.2364 0.8579
vn -0.3067 -0.3417 0.8883
vn 0.4685 -0.3201 0.8235
vn -0.2887 -0.4614 0.8389
vn 0.4848 -0.3967 0.7795
vn -0.4847 0.3966 -0.7796
vn -0.4586 0.7181 -0.5235
vn -0.3032 0.0689 -0.9504
vn -0.7286 0.6492 0.2183
vn -0.7596 0.6500 -0.0248
vn -0.7877 0.6138 0.0530
vn -0.7498 -0.6597 -0.0513
vn -0.7197 -0.6812 -0.1338
vn -0.6878 -0.7181 0.1062
vn -0.5976 -0.6503 -0.4691
vn -0.5694 -0.6136 -0.5471
vn -0.4178 -0.6492 -0.6356
vn -0.5041 0.4673 -0.7263
vn -0.5265 0.5298 -0.6649
vn -0.5514 0.5833 -0.5964
vn -0.5785 0.6268 -0.5219
vn -0.6073 0.6598 -0.4426
vn -0.6375 0.6813 -0.3599
vn -0.8143 0.5667 0.1257
vn -0.8384 0.5101 0.1921
vn -0.8598 0.4448 0.2508
vn -0.8432 -0.0689 0.5332
vn -0.9116 0.1204 0.3932
vn -0.9149 0.0303 0.4025
vn -0.6890 -0.6910 -0.2186
vn -0.6581 -0.6890 -0.3036
vn -0.6275 -0.6752 -0.3877
vn -0.4456 -0.1204 -0.8871
vn -0.4423 -0.0302 -0.8964
vn -0.4429 0.0601 -0.8946
vn -0.4476 0.1496 -0.8817
vn -0.6682 0.6910 -0.2756
vn -0.6992 0.6891 -0.1904
vn -0.7298 0.6754 -0.1063
vn -0.8780 0.3719 0.3013
vn -0.8930 0.2924 0.3421
vn -0.9043 0.2078 0.3729
vn -0.9143 -0.0601 0.4006
vn -0.9096 -0.1496 0.3877
vn -0.9009 -0.2364 0.3640
vn -0.4563 0.2363 -0.8579
vn -0.4688 0.3191 -0.8237
vn -0.5429 -0.5667 -0.6197
vn -0.5187 -0.5101 -0.6861
vn -0.4974 -0.4448 -0.7448
vn -0.8307 -0.5299 0.1710
vn -0.8058 -0.5833 0.1024
vn -0.7786 -0.6269 0.0279
vn -0.4789 -0.3720 -0.7951
vn -0.4642 -0.2924 -0.8361
vn -0.4529 -0.2084 -0.8669
vn -0.8882 -0.3199 0.3297
vn -0.8725 -0.3966 0.2856
vn -0.8531 -0.4673 0.2323
vn 0.7286 -0.6492 -0.2183
vn 0.4586 -0.7181 0.5235
vn 0.8432 0.0689 -0.5332
vn 0.6878 0.7181 -0.1062
vn 0.4178 0.6492 0.6356
vn 0.3032 -0.0689 0.9504
vn 0.7735 -0.6302 -0.0673
vn 0.7444 -0.6676 0.0126
vn 0.7139 -0.6936 0.0964
vn 0.6825 -0.7077 0.1827
vn 0.6508 -0.7097 0.2700
vn 0.6192 -0.6995 0.3568
vn 0.5883 -0.6774 0.4416
vn 0.5587 -0.6437 0.5230
vn 0.5308 -0.5990 0.5995
vn 0.5052 -0.5441 0.6699
vn 0.4823 -0.4798 0.7330
vn 0.4623 -0.4073 0.7876
vn 0.4459 -0.3278 0.8329
vn 0.4331 -0.2429 0.8680
vn 0.4242 -0.1536 0.8924
vn 0.4194 -0.0618 0.9057
vn 0.4187 0.0312 0.9076
vn 0.4221 0.1235 0.8981
vn 0.4297 0.2137 0.8773
vn 0.4412 0.3004 0.8456
vn 0.4565 0.3818 0.8036
vn 0.4753 0.4567 0.7520
vn 0.4973 0.5239 0.6915
vn 0.5221 0.5820 0.6235
vn 0.5493 0.6302 0.5488
vn 0.5784 0.6676 0.4689
vn 0.6089 0.6935 0.3852
vn 0.6403 0.7077 0.2988
vn 0.6721 0.7097 0.2114
vn 0.7036 0.6996 0.1246
vn 0.7345 0.6775 0.0399
vn 0.7641 0.6437 -0.0415
vn 0.7920 0.5990 -0.1181
vn 0.8176 0.5440 -0.1885
vn 0.8406 0.4797 -0.2515
vn 0.8604 0.4073 -0.3062
vn 0.8769 0.3279 -0.3514
vn 0.8897 0.2428 -0.3866
vn 0.8986 0.1536 -0.4110
vn 0.9034 0.0617 -0.4243
vn 0.9041 -0.0312 -0.4262
vn 0.9007 -0.1235 -0.4166
vn 0.8931 -0.2138 -0.3958
vn 0.8816 -0.3004 -0.3642
vn 0.8663 -0.3818 -0.3222
vn 0.8475 -0.4567 -0.2705
vn 0.8255 -0.5238 -0.2102
vn 0.8007 -0.5820 -0.1420
vn -0.2107 0.8192 0.5335
vn -0.8255 0.5238 0.2101
vn -0.2456 0.7373 0.6293
vn -0.8475 0.4568 0.2705
vn -0.2765 0.6429 0.7143
vn -0.8663 0.3819 0.3221
vn -0.3030 0.5374 0.7870
vn -0.8816 0.3004 0.3641
vn -0.3246 0.4228 0.8461
vn -0.8931 0.2138 0.3958
vn -0.3408 0.3009 0.8907
vn -0.9006 0.1236 0.4166
vn -0.3514 0.1738 0.9199
vn -0.9041 0.0312 0.4262
vn -0.3563 0.0438 0.9333
vn -0.9034 -0.0617 0.4243
vn -0.3553 -0.0869 0.9307
vn -0.8986 -0.1536 0.4110
vn -0.3485 -0.2162 0.9120
vn -0.8897 -0.2428 0.3866
vn -0.3361 -0.3418 0.8776
vn -0.8769 -0.3279 0.3515
vn -0.3181 -0.4615 0.8281
vn -0.8604 -0.4073 0.3062
vn -0.2948 -0.5733 0.7645
vn -0.8406 -0.4798 0.2515
vn -0.2668 -0.6753 0.6876
vn -0.8176 -0.5441 0.1884
vn -0.2345 -0.7657 0.5989
vn -0.7920 -0.5990 0.1179
vn -0.1985 -0.8431 0.4998
vn -0.7641 -0.6438 0.0414
vn -0.1593 -0.9061 0.3920
vn -0.7345 -0.6774 -0.0399
vn -0.1176 -0.9535 0.2774
vn -0.7036 -0.6995 -0.1247
vn -0.0741 -0.9846 0.1581
vn -0.6721 -0.7097 -0.2115
vn -0.0297 -0.9989 0.0360
vn -0.6403 -0.7077 -0.2988
vn 0.0151 -0.9961 -0.0870
vn -0.6088 -0.6936 -0.3851
vn 0.0593 -0.9762 -0.2085
vn -0.5784 -0.6676 -0.4689
vn 0.1022 -0.9397 -0.3264
vn -0.5492 -0.6302 -0.5488
vn 0.1432 -0.8870 -0.4390
vn -0.5221 -0.5820 -0.6234
vn 0.1814 -0.8191 -0.5441
vn -0.4973 -0.5239 -0.6916
vn 0.2163 -0.7373 -0.6400
vn -0.4753 -0.4568 -0.7519
vn 0.2472 -0.6429 -0.7250
vn -0.4565 -0.3819 -0.8036
vn 0.2737 -0.5374 -0.7977
vn -0.4412 -0.3004 -0.8456
vn 0.2952 -0.4227 -0.8568
vn -0.4297 -0.2137 -0.8773
vn 0.3115 -0.3009 -0.9014
vn -0.4221 -0.1235 -0.8981
vn 0.3221 -0.1738 -0.9306
vn -0.4187 -0.0312 -0.9076
vn 0.3270 -0.0438 -0.9440
vn -0.4194 0.0617 -0.9057
vn 0.3260 0.0869 -0.9414
vn -0.4242 0.1536 -0.8925
vn 0.3192 0.2162 -0.9227
vn -0.4331 0.2428 -0.8680
vn 0.3067 0.3418 -0.8883
vn -0.4459 0.3278 -0.8329
vn 0.2887 0.4615 -0.8388
vn -0.4624 0.4073 -0.7876
vn 0.2655 0.5733 -0.7751
vn -0.4822 0.4799 -0.7329
vn 0.2375 0.6753 -0.6983
vn -0.5052 0.5441 -0.6699
vn 0.2052 0.7658 -0.6094
vn -0.5308 0.5990 -0.5995
vn 0.1692 0.8432 -0.5103
vn -0.5587 0.6437 -0.5229
vn 0.1299 0.9061 -0.4026
vn -0.5883 0.6774 -0.4416
vn 0.0883 0.9536 -0.2880
vn -0.6191 0.6995 -0.3569
vn 0.0448 0.9847 -0.1687
vn -0.6508 0.7096 -0.2701
vn 0.0004 0.9989 -0.0466
vn -0.6825 0.7077 -0.1826
vn -0.0444 0.9961 0.0763
vn -0.7139 0.6936 -0.0963
vn -0.0886 0.9762 0.1978
vn -0.7444 0.6676 -0.0125
vn -0.1315 0.9397 0.3157
vn -0.7735 0.6302 0.0673
vn -0.1725 0.8870 0.4283
vn -0.8007 0.5820 0.1420
vn -0.4891 0.3944 -0.7780
vn 0.8747 0.3945 -0.2815
vn -0.5133 0.4798 -0.7116
vn 0.8506 0.4798 -0.2152
vn -0.5418 0.5527 -0.6332
vn 0.8221 0.5526 -0.1369
vn -0.5739 0.6113 -0.5449
vn 0.7899 0.6113 -0.0486
vn -0.6088 0.6540 -0.4490
vn 0.7550 0.6540 0.0474
vn -0.6456 0.6798 -0.3478
vn 0.7182 0.6798 0.1486
vn -0.6834 0.6881 -0.2440
vn 0.6804 0.6880 0.2524
vn -0.7212 0.6784 -0.1404
vn 0.6427 0.6784 0.3561
vn -0.7578 0.6512 -0.0395
vn 0.6059 0.6512 0.4569
vn -0.7926 0.6072 0.0560
vn 0.5712 0.6071 0.5524
vn -0.8245 0.5474 0.1436
vn 0.5393 0.5474 0.6399
vn -0.8527 0.4734 0.2210
vn 0.5111 0.4734 0.7174
vn -0.8764 0.3872 0.2862
vn 0.4874 0.3872 0.7826
vn -0.8951 0.2911 0.3377
vn 0.4686 0.2909 0.8341
vn -0.9084 0.1872 0.3740
vn 0.4555 0.1871 0.8704
vn -0.9157 0.0786 0.3941
vn 0.4481 0.0785 0.8905
vn -0.9170 -0.0321 0.3976
vn 0.4469 -0.0322 0.8940
vn -0.9122 -0.1420 0.3844
vn 0.4517 -0.1420 0.8808
vn -0.9014 -0.2481 0.3549
vn 0.4625 -0.2481 0.8512
vn -0.8849 -0.3479 0.3097
vn 0.4789 -0.3479 0.8060
vn -0.8632 -0.4386 0.2499
vn 0.5006 -0.4386 0.7463
vn -0.8368 -0.5180 0.1774
vn 0.5270 -0.5179 0.6738
vn -0.8064 -0.5839 0.0938
vn 0.5574 -0.5839 0.5902
vn -0.7728 -0.6347 0.0014
vn 0.5911 -0.6347 0.4977
vn -0.7367 -0.6691 -0.0975
vn 0.6270 -0.6691 0.3989
vn -0.6993 -0.6861 -0.2004
vn 0.6645 -0.6861 0.2961
vn -0.6614 -0.6854 -0.3044
vn 0.7023 -0.6855 0.1920
vn -0.6241 -0.6669 -0.4070
vn 0.7397 -0.6670 0.0894
vn -0.5882 -0.6312 -0.5055
vn 0.7755 -0.6312 -0.0090
vn -0.5548 -0.5791 -0.5973
vn 0.8090 -0.5791 -0.1009
vn -0.5247 -0.5120 -0.6801
vn 0.8391 -0.5121 -0.1836
vn -0.4987 -0.4316 -0.7517
vn 0.8651 -0.4317 -0.2552
vn -0.4774 -0.3402 -0.8102
vn 0.8865 -0.3402 -0.3138
vn -0.4614 -0.2399 -0.8542
vn 0.9025 -0.2398 -0.3578
vn -0.4510 -0.1334 -0.8825
vn 0.9128 -0.1332 -0.3861
vn -0.4467 -0.0233 -0.8944
vn 0.9171 -0.0233 -0.3979
vn -0.4485 0.0874 -0.8895
vn 0.9153 0.0873 -0.3931
vn -0.4563 0.1957 -0.8680
vn 0.9075 0.1957 -0.3717
vn -0.4700 0.2989 -0.8305
vn 0.8939 0.2989 -0.3341
vn 0.6846 0.7207 0.1095
vn -0.7150 0.6957 -0.0691
vn 0.6927 0.7207 0.0278
vn -0.7183 0.6957 0.0047
vn 0.6911 0.7207 -0.0544
vn -0.7140 0.6957 0.0785
vn 0.6798 0.7207 -0.1357
vn -0.7022 0.6957 0.1516
vn 0.6590 0.7207 -0.2152
vn -0.6829 0.6957 0.2230
vn 0.6289 0.7207 -0.2916
vn -0.6563 0.6957 0.2920
vn 0.5900 0.7207 -0.3640
vn -0.6228 0.6957 0.3579
vn 0.5429 0.7207 -0.4312
vn -0.0892 0.7207 0.6875
vn 0.0507 0.6957 -0.7165
vn -0.0072 0.7207 0.6932
vn -0.0232 0.6957 -0.7180
vn 0.0748 0.7207 0.6892
vn -0.0969 0.6957 -0.7118
vn 0.1558 0.7207 0.6755
vn -0.1696 0.6957 -0.6980
vn 0.2346 0.7207 0.6524
vn -0.2405 0.6957 -0.6769
vn 0.3101 0.7207 0.6200
vn -0.3088 0.6957 -0.6486
vn 0.3813 0.7207 0.5790
vn -0.3738 0.6957 -0.6134
vn 0.4471 0.7207 0.5298
vn -0.6898 0.7207 -0.0688
vn 0.7176 0.6957 0.0323
vn -0.6931 0.7207 0.0133
vn 0.7171 0.6957 -0.0417
vn -0.6867 0.7207 0.0952
vn 0.7090 0.6957 -0.1152
vn -0.6706 0.7207 0.1758
vn 0.6934 0.6957 -0.1875
vn -0.6451 0.7207 0.2538
vn 0.6705 0.6957 -0.2578
vn -0.6106 0.7207 0.3283
vn 0.6404 0.6957 -0.3254
vn -0.5674 0.7207 0.3983
vn 0.6036 0.6957 -0.3895
vn 0.5603 0.6957 -0.4495
vn -0.5164 0.7207 0.4626
vn 0.5111 0.6957 -0.5047
vn -0.4580 0.7207 0.5204
vn 0.4565 0.6957 -0.5546
vn -0.3932 0.7207 0.5709
vn 0.3971 0.6957 -0.5986
vn -0.3230 0.7207 0.6134
vn 0.3334 0.6957 -0.6363
vn -0.2482 0.7207 0.6473
vn 0.2662 0.6957 -0.6672
vn -0.1699 0.7207 0.6721
vn 0.1962 0.6957 -0.6910
vn 0.1241 0.6957 -0.7075
vn -0.4149 0.7207 -0.5554
vn 0.4638 0.6957 0.5486
vn -0.4777 0.7207 -0.5024
vn 0.5177 0.6957 0.4980
vn -0.5337 0.7207 -0.4424
vn 0.5662 0.6957 0.4421
vn -0.5823 0.7207 -0.3762
vn 0.6086 0.6957 0.3815
vn -0.6227 0.7207 -0.3047
vn 0.6446 0.6957 0.3169
vn -0.6544 0.7207 -0.2289
vn 0.6738 0.6957 0.2490
vn -0.6769 0.7207 -0.1499
vn 0.6958 0.6957 0.1784
vn 0.7105 0.6957 0.1059
vn -0.4349 0.6957 -0.5717
vn -0.4914 0.6957 -0.5240
vn 0.5066 0.7207 0.4733
vn -0.5427 0.6957 -0.4706
vn 0.5590 0.7207 0.4100
vn -0.5882 0.6957 -0.4124
vn 0.6036 0.7207 0.3410
vn -0.6275 0.6957 -0.3497
vn 0.6397 0.7207 0.2672
vn -0.6601 0.6957 -0.2833
vn 0.6668 0.7207 0.1896
vn -0.6857 0.6957 -0.2139
vn -0.7041 0.6957 -0.1423
vn 0.1297 0.7207 -0.6810
vn -0.0875 0.6957 0.7130
vn 0.0483 0.7207 -0.6916
vn -0.0138 0.6957 0.7182
vn -0.0339 0.7207 -0.6924
vn 0.0602 0.6957 0.7158
vn -0.1155 0.7207 -0.6836
vn 0.1334 0.6957 0.7058
vn -0.1955 0.7207 -0.6651
vn 0.2053 0.6957 0.6884
vn -0.2728 0.7207 -0.6373
vn 0.2750 0.6957 0.6636
vn -0.3463 0.7207 -0.6006
vn 0.3418 0.6957 0.6318
vn 0.4049 0.6957 0.5933
vn -0.5827 0.6957 0.4201
vn -0.5364 0.6957 0.4777
vn 0.4880 0.7207 -0.4924
vn -0.4845 0.6957 0.5304
vn 0.4264 0.7207 -0.5466
vn -0.4274 0.6957 0.5774
vn 0.3588 0.7207 -0.5932
vn -0.3657 0.6957 0.6183
vn 0.2861 0.7207 -0.6315
vn -0.3002 0.6957 0.6526
vn 0.2094 0.7207 -0.6609
vn -0.2315 0.6957 0.6800
vn -0.1604 0.6957 0.7002
vn 0.6590 -0.7207 -0.2152
vn 0.6289 -0.7207 -0.2916
vn 0.5900 -0.7207 -0.3640
vn 0.5428 -0.7207 -0.4312
vn 0.4880 -0.7207 -0.4924
vn 0.4264 -0.7207 -0.5466
vn 0.3587 -0.7207 -0.5932
vn 0.2861 -0.7207 -0.6315
vn 0.2094 -0.7207 -0.6609
vn 0.1297 -0.7207 -0.6810
vn 0.0483 -0.7207 -0.6916
vn -0.0339 -0.7207 -0.6925
vn -0.1155 -0.7207 -0.6836
vn -0.1956 -0.7207 -0.6651
vn -0.2728 -0.7207 -0.6373
vn -0.3463 -0.7207 -0.6005
vn -0.4149 -0.7207 -0.5554
vn -0.4777 -0.7207 -0.5024
vn -0.5337 -0.7207 -0.4424
vn -0.5823 -0.7207 -0.3762
vn -0.6227 -0.7207 -0.3047
vn -0.6544 -0.7207 -0.2289
vn -0.6769 -0.7207 -0.1499
vn -0.6898 -0.7207 -0.0688
vn -0.6931 -0.7207 0.0133
vn -0.6867 -0.7207 0.0952
vn -0.6706 -0.7207 0.1757
vn -0.6451 -0.7207 0.2538
vn -0.6106 -0.7207 0.3283
vn -0.5674 -0.7207 0.3983
vn -0.5164 -0.7207 0.4626
vn -0.4580 -0.7207 0.5204
vn -0.3933 -0.7207 0.5709
vn -0.3230 -0.7207 0.6134
vn -0.2482 -0.7207 0.6473
vn -0.1698 -0.7207 0.6721
vn -0.0892 -0.7207 0.6875
vn -0.0072 -0.7207 0.6932
vn 0.0748 -0.7207 0.6892
vn 0.1558 -0.7207 0.6755
vn 0.2346 -0.7207 0.6523
vn 0.3101 -0.7207 0.6200
vn 0.3813 -0.7207 0.5790
vn 0.4471 -0.7207 0.5298
vn 0.5066 -0.7207 0.4732
vn 0.5590 -0.7207 0.4100
vn 0.6036 -0.7207 0.3410
vn 0.6397 -0.7207 0.2672
vn 0.6668 -0.7207 0.1897
vn 0.6846 -0.7207 0.1095
vn 0.6927 -0.7207 0.0278
vn 0.6911 -0.7207 -0.0544
vn 0.6798 -0.7207 -0.1357
vn 0.5603 -0.6957 -0.4495
vn 0.6036 -0.6957 -0.3895
vn 0.6404 -0.6957 -0.3254
vn 0.6705 -0.6957 -0.2578
vn 0.6934 -0.6957 -0.1875
vn 0.7090 -0.6957 -0.1152
vn 0.0507 -0.6957 -0.7165
vn 0.1241 -0.6957 -0.7075
vn 0.1962 -0.6957 -0.6910
vn 0.2662 -0.6957 -0.6672
vn 0.3334 -0.6957 -0.6363
vn 0.3971 -0.6957 -0.5986
vn 0.4565 -0.6957 -0.5546
vn 0.5111 -0.6957 -0.5047
vn -0.4914 -0.6957 -0.5239
vn -0.4349 -0.6957 -0.5717
vn -0.3738 -0.6957 -0.6134
vn -0.3088 -0.6957 -0.6486
vn -0.2405 -0.6957 -0.6769
vn -0.1696 -0.6957 -0.6980
vn -0.0969 -0.6957 -0.7118
vn -0.0232 -0.6957 -0.7180
vn -0.7150 -0.6957 -0.0692
vn -0.7041 -0.6957 -0.1423
vn -0.6857 -0.6957 -0.2139
vn -0.6601 -0.6957 -0.2833
vn -0.6275 -0.6957 -0.3497
vn -0.5882 -0.6957 -0.4124
vn -0.5427 -0.6957 -0.4706
vn -0.5364 -0.6957 0.4778
vn -0.5827 -0.6957 0.4201
vn -0.6228 -0.6957 0.3579
vn -0.6563 -0.6957 0.2920
vn -0.6829 -0.6957 0.2230
vn -0.7022 -0.6957 0.1516
vn -0.7140 -0.6957 0.0786
vn -0.7183 -0.6957 0.0047
vn -0.0875 -0.6957 0.7130
vn -0.1604 -0.6957 0.7002
vn -0.2315 -0.6957 0.6800
vn -0.3002 -0.6957 0.6526
vn -0.3657 -0.6957 0.6183
vn -0.4274 -0.6957 0.5774
vn -0.4845 -0.6957 0.5304
vn 0.7171 -0.6957 -0.0417
vn 0.7176 -0.6957 0.0322
vn 0.7105 -0.6957 0.1059
vn 0.6958 -0.6957 0.1784
vn 0.6738 -0.6957 0.2489
vn 0.6446 -0.6957 0.3169
vn 0.6086 -0.6957 0.3815
vn 0.5662 -0.6957 0.4421
vn 0.5177 -0.6957 0.4980
vn 0.4638 -0.6957 0.5485
vn 0.4049 -0.6957 0.5933
vn 0.3418 -0.6957 0.6318
vn 0.2750 -0.6957 0.6636
vn 0.2053 -0.6957 0.6884
vn 0.1334 -0.6957 0.7058
vn 0.0602 -0.6957 0.7158
vn -0.0138 -0.6957 0.7182
vn -0.1269 -0.6100 0.7822
vn 0.6139 -0.6100 0.5010
vn -0.1269 0.6100 0.7822
vn 0.6139 0.6100 0.5010
vn 0.7408 -0.6100 -0.2812
vn 0.7408 0.6100 -0.2812
vn 0.1269 -0.6100 -0.7822
vn 0.1269 0.6100 -0.7822
vn -0.6139 -0.6100 -0.5010
vn -0.6139 0.6100 -0.5010
vn -0.7408 -0.6100 0.2812
vn -0.7408 0.6100 0.2812
vn 0.4077 -0.7218 0.5593
vn 0.4758 -0.7218 0.5026
vn -0.3464 -0.7218 0.5992
vn -0.2669 -0.7218 0.6385
vn -0.1831 -0.7218 0.6674
vn -0.0962 -0.7218 0.6854
vn -0.0078 -0.7218 0.6920
vn 0.0807 -0.7218 0.6874
vn 0.6896 -0.7218 -0.0587
vn 0.6764 -0.7218 -0.1464
vn 0.5362 -0.7218 0.4376
vn 0.5877 -0.7218 0.3654
vn 0.6297 -0.7218 0.2873
vn 0.6612 -0.7218 0.2044
vn 0.6819 -0.7218 0.1182
vn 0.6914 -0.7218 0.0299
vn 0.6522 -0.7218 -0.2317
vn 0.6172 -0.7218 -0.3132
vn 0.5720 -0.7218 -0.3895
vn 0.3073 -0.7218 -0.6201
vn 0.2255 -0.7218 -0.6543
vn 0.1680 -0.7218 0.6714
vn 0.2525 -0.7218 0.6444
vn 0.3328 -0.7218 0.6068
vn 0.5176 -0.7218 -0.4595
vn 0.4545 -0.7218 -0.5219
vn 0.3841 -0.7218 -0.5758
vn 0.1400 -0.7218 -0.6778
vn 0.0521 -0.7218 -0.6901
vn -0.0365 -0.7218 -0.6911
vn -0.1246 -0.7218 -0.6808
vn -0.2107 -0.7218 -0.6592
vn -0.6919 -0.7218 0.0144
vn -0.6844 -0.7218 0.1027
vn -0.2932 -0.7218 -0.6269
vn -0.3710 -0.7218 -0.5843
vn -0.4427 -0.7218 -0.5320
vn -0.6657 -0.7218 0.1894
vn -0.6360 -0.7218 0.2730
vn -0.5958 -0.7218 0.3521
vn -0.5459 -0.7218 0.4253
vn -0.4871 -0.7218 0.4917
vn -0.4202 -0.7218 0.5499
vn -0.5071 -0.7218 -0.4710
vn -0.5631 -0.7218 -0.4023
vn -0.6099 -0.7218 -0.3270
vn -0.6468 -0.7218 -0.2463
vn -0.6730 -0.7218 -0.1616
vn -0.6881 -0.7218 -0.0742
vn 0.6331 -0.7257 0.2695
vn 0.5874 -0.7233 0.3630
vn 0.5821 0.7254 0.3674
vn 0.5494 -0.7163 0.4302
vn 0.5151 0.7254 0.4567
vn 0.5065 -0.7186 0.4766
vn 0.4353 0.7257 0.5329
vn 0.4353 -0.7257 0.5329
vn 0.3442 0.7257 0.5958
vn 0.3442 -0.7257 0.5958
vn 0.2441 0.7257 0.6433
vn 0.2441 -0.7257 0.6433
vn 0.1378 0.7257 0.6741
vn 0.1378 -0.7257 0.6741
vn 0.0279 0.7257 0.6875
vn 0.0279 -0.7257 0.6875
vn -0.0828 0.7257 0.6830
vn -0.0828 -0.7257 0.6830
vn -0.1913 0.7257 0.6609
vn -0.1913 -0.7257 0.6609
vn -0.2948 0.7257 0.6217
vn -0.2948 -0.7257 0.6217
vn -0.3907 0.7257 0.5663
vn -0.3907 -0.7257 0.5663
vn -0.4765 0.7257 0.4963
vn -0.4765 -0.7257 0.4963
vn -0.5499 0.7257 0.4135
vn -0.5499 -0.7257 0.4135
vn -0.6091 0.7257 0.3199
vn -0.6091 -0.7257 0.3199
vn -0.6526 0.7257 0.2180
vn -0.6526 -0.7257 0.2180
vn -0.6791 0.7257 0.1105
vn -0.6791 -0.7257 0.1105
vn -0.6880 0.7257 0.0002
vn -0.6880 -0.7257 0.0003
vn -0.6791 0.7257 -0.1102
vn -0.6791 -0.7257 -0.1102
vn -0.6527 0.7257 -0.2177
vn -0.6527 -0.7257 -0.2177
vn -0.6093 0.7257 -0.3196
vn -0.6093 -0.7257 -0.3196
vn -0.5501 0.7257 -0.4132
vn -0.5501 -0.7257 -0.4132
vn -0.4767 0.7257 -0.4961
vn -0.4767 -0.7257 -0.4961
vn -0.3910 0.7257 -0.5661
vn -0.3910 -0.7257 -0.5662
vn -0.2951 0.7257 -0.6215
vn -0.2951 -0.7257 -0.6215
vn -0.1916 0.7257 -0.6608
vn -0.1916 -0.7257 -0.6608
vn -0.0831 0.7257 -0.6830
vn -0.0831 -0.7257 -0.6830
vn 0.0275 0.7257 -0.6875
vn 0.0275 -0.7257 -0.6875
vn 0.1375 0.7257 -0.6742
vn 0.1375 -0.7257 -0.6742
vn 0.2438 0.7257 -0.6434
vn 0.2438 -0.7257 -0.6434
vn 0.3439 0.7257 -0.5959
vn 0.3439 -0.7257 -0.5959
vn 0.4350 0.7257 -0.5331
vn 0.4350 -0.7257 -0.5331
vn 0.5149 0.7257 -0.4564
vn 0.5149 -0.7257 -0.4564
vn 0.5814 0.7257 -0.3679
vn 0.5814 -0.7257 -0.3679
vn 0.6329 0.7257 -0.2698
vn 0.6329 -0.7257 -0.2698
vn 0.6680 0.7257 -0.1648
vn 0.6680 -0.7257 -0.1648
vn 0.6858 0.7257 -0.0555
vn 0.6858 -0.7257 -0.0555
vn 0.6858 0.7257 0.0552
vn 0.6858 -0.7257 0.0552
vn 0.6681 0.7257 0.1645
vn 0.6681 -0.7257 0.1645
vn 0.6331 0.7257 0.2695
vn 0.5586 -0.6930 0.4558
vn 0.6123 -0.6930 0.3807
vn 0.6559 -0.6930 0.2993
vn 0.6888 -0.6930 0.2129
vn 0.7104 -0.6930 0.1231
vn 0.7203 -0.6930 0.0313
vn 0.7184 -0.6930 -0.0611
vn 0.7046 -0.6930 -0.1525
vn 0.6794 -0.6930 -0.2413
vn 0.6429 -0.6930 -0.3262
vn 0.5959 -0.6930 -0.4058
vn 0.5392 -0.6930 -0.4787
vn 0.4735 -0.6930 -0.5437
vn 0.4001 -0.6930 -0.5998
vn 0.3201 -0.6930 -0.6460
vn 0.2349 -0.6930 -0.6816
vn 0.1458 -0.6930 -0.7061
vn 0.0543 -0.6930 -0.7189
vn -0.0381 -0.6930 -0.7200
vn -0.1298 -0.6930 -0.7092
vn -0.2195 -0.6930 -0.6868
vn -0.3055 -0.6930 -0.6531
vn -0.3865 -0.6930 -0.6086
vn -0.4611 -0.6930 -0.5542
vn -0.5282 -0.6930 -0.4907
vn -0.5866 -0.6930 -0.4191
vn -0.6354 -0.6930 -0.3407
vn -0.6738 -0.6930 -0.2566
vn -0.7010 -0.6930 -0.1683
vn -0.7168 -0.6930 -0.0773
vn -0.7208 -0.6930 0.0150
vn -0.7130 -0.6930 0.1070
vn -0.6934 -0.6930 0.1974
vn -0.6625 -0.6930 0.2844
vn -0.6207 -0.6930 0.3668
vn -0.5687 -0.6930 0.4431
vn -0.5074 -0.6930 0.5122
vn -0.4377 -0.6930 0.5729
vn -0.3608 -0.6930 0.6242
vn -0.2781 -0.6930 0.6652
vn -0.1907 -0.6930 0.6953
vn -0.1002 -0.6930 0.7140
vn -0.0081 -0.6930 0.7209
vn 0.0841 -0.6930 0.7160
vn 0.1750 -0.6930 0.6994
vn 0.2630 -0.6930 0.6713
vn 0.3467 -0.6930 0.6321
vn 0.4247 -0.6930 0.5826
vn 0.4957 -0.6930 0.5235
vn -0.8909 0.3967 0.2213
vn -0.3922 0.9195 0.0271
vn -0.9158 0.3967 0.0632
vn -0.3909 0.9195 -0.0415
vn -0.9128 0.3967 -0.0968
vn -0.3778 0.9195 -0.1087
vn -0.8822 0.3967 -0.2538
vn -0.3532 0.9195 -0.1726
vn -0.8247 0.3967 -0.4031
vn -0.3178 0.9195 -0.2313
vn -0.7422 0.3967 -0.5402
vn -0.2728 0.9195 -0.2830
vn -0.6371 0.3967 -0.6609
vn -0.2195 0.9195 -0.3261
vn -0.5126 0.3967 -0.7615
vn -0.1596 0.9195 -0.3593
vn -0.3726 0.3967 -0.8389
vn -0.0947 0.9195 -0.3815
vn -0.2213 0.3967 -0.8909
vn -0.0271 0.9195 -0.3922
vn -0.0632 0.3967 -0.9158
vn 0.0415 0.9195 -0.3909
vn 0.0968 0.3967 -0.9128
vn 0.1087 0.9195 -0.3777
vn 0.2538 0.3967 -0.8822
vn 0.1726 0.9195 -0.3532
vn 0.4031 0.3967 -0.8247
vn 0.2314 0.9195 -0.3178
vn 0.5403 0.3967 -0.7421
vn 0.2830 0.9195 -0.2728
vn 0.6609 0.3967 -0.6371
vn 0.3261 0.9195 -0.2195
vn 0.7615 0.3967 -0.5126
vn 0.3593 0.9195 -0.1595
vn 0.8389 0.3967 -0.3726
vn 0.3815 0.9195 -0.0948
vn 0.8909 0.3967 -0.2213
vn 0.3922 0.9195 -0.0271
vn 0.9158 0.3967 -0.0632
vn 0.3909 0.9195 0.0415
vn 0.9128 0.3967 0.0968
vn 0.3778 0.9195 0.1087
vn 0.8822 0.3967 0.2538
vn 0.3532 0.9195 0.1726
vn 0.8247 0.3967 0.4031
vn 0.3178 0.9195 0.2313
vn 0.7421 0.3967 0.5402
vn 0.2728 0.9195 0.2830
vn 0.6371 0.3967 0.6609
vn 0.2195 0.9195 0.3261
vn 0.5126 0.3967 0.7615
vn 0.1596 0.9195 0.3592
vn 0.3726 0.3967 0.8389
vn 0.0948 0.9195 0.3815
vn 0.2213 0.3967 0.8909
vn 0.0271 0.9195 0.3921
vn 0.0632 0.3967 0.9158
vn -0.0415 0.9195 0.3909
vn -0.0968 0.3967 0.9128
vn -0.1087 0.9195 0.3777
vn -0.2538 0.3967 0.8822
vn -0.1726 0.9195 0.3532
vn -0.4031 0.3967 0.8247
vn -0.2314 0.9195 0.3178
vn -0.5403 0.3967 0.7421
vn -0.2831 0.9195 0.2728
vn -0.6609 0.3967 0.6371
vn -0.3261 0.9195 0.2195
vn -0.7615 0.3967 0.5126
vn -0.3593 0.9195 0.1595
vn -0.8389 0.3967 0.3726
vn -0.3815 0.9195 0.0948
vn 0.8909 -0.3967 -0.2213
vn 0.3593 -0.9195 -0.1596
vn 0.8389 -0.3966 -0.3726
vn 0.3261 -0.9195 -0.2195
vn 0.7615 -0.3967 -0.5126
vn 0.2830 -0.9195 -0.2728
vn 0.6609 -0.3967 -0.6371
vn 0.2313 -0.9195 -0.3178
vn 0.5402 -0.3967 -0.7421
vn 0.1726 -0.9195 -0.3532
vn 0.4031 -0.3967 -0.8247
vn 0.1087 -0.9195 -0.3778
vn 0.2538 -0.3967 -0.8822
vn 0.0414 -0.9195 -0.3909
vn 0.0968 -0.3967 -0.9128
vn -0.0271 -0.9195 -0.3922
vn -0.0632 -0.3967 -0.9158
vn -0.0948 -0.9195 -0.3815
vn -0.2213 -0.3967 -0.8909
vn -0.1596 -0.9195 -0.3592
vn -0.3726 -0.3967 -0.8389
vn -0.2195 -0.9195 -0.3261
vn -0.5126 -0.3967 -0.7615
vn -0.2728 -0.9195 -0.2830
vn -0.6370 -0.3967 -0.6609
vn -0.3179 -0.9195 -0.2314
vn -0.7422 -0.3966 -0.5403
vn -0.3532 -0.9195 -0.1726
vn -0.8247 -0.3967 -0.4031
vn -0.3778 -0.9195 -0.1087
vn -0.8822 -0.3967 -0.2538
vn -0.3909 -0.9195 -0.0414
vn -0.9128 -0.3967 -0.0968
vn -0.3922 -0.9195 0.0270
vn -0.9158 -0.3967 0.0632
vn -0.3815 -0.9195 0.0947
vn -0.8909 -0.3967 0.2213
vn -0.3592 -0.9195 0.1596
vn -0.8389 -0.3967 0.3726
vn -0.3261 -0.9195 0.2195
vn -0.7615 -0.3967 0.5126
vn -0.2831 -0.9195 0.2728
vn -0.6609 -0.3967 0.6371
vn -0.2314 -0.9195 0.3178
vn -0.5402 -0.3967 0.7422
vn -0.1726 -0.9195 0.3532
vn -0.4031 -0.3967 0.8247
vn -0.1087 -0.9195 0.3778
vn -0.2538 -0.3967 0.8822
vn -0.0414 -0.9195 0.3909
vn -0.0968 -0.3967 0.9128
vn 0.0271 -0.9195 0.3922
vn 0.0632 -0.3967 0.9158
vn 0.0948 -0.9195 0.3815
vn 0.2213 -0.3967 0.8909
vn 0.1596 -0.9195 0.3593
vn 0.3726 -0.3967 0.8389
vn 0.2195 -0.9195 0.3260
vn 0.5126 -0.3967 0.7615
vn 0.2728 -0.9195 0.2830
vn 0.6371 -0.3967 0.6609
vn 0.3178 -0.9195 0.2313
vn 0.7421 -0.3967 0.5402
vn 0.3531 -0.9195 0.1726
vn 0.8247 -0.3967 0.4031
vn 0.3778 -0.9195 0.1087
vn 0.8822 -0.3967 0.2538
vn 0.3909 -0.9195 0.0414
vn 0.9128 -0.3967 0.0968
vn 0.3921 -0.9195 -0.0270
vn 0.9158 -0.3967 -0.0632
vn 0.3815 -0.9195 -0.0947
vn 0.9704 -0.0156 -0.2410
vn 0.9138 -0.0156 -0.4059
vn 0.8294 -0.0156 -0.5584
vn 0.7199 -0.0156 -0.6939
vn 0.5884 -0.0156 -0.8084
vn 0.4391 -0.0156 -0.8983
vn 0.2765 -0.0156 -0.9609
vn 0.1054 -0.0156 -0.9943
vn -0.0688 -0.0156 -0.9975
vn -0.2410 -0.0156 -0.9704
vn -0.4059 -0.0156 -0.9138
vn -0.5584 -0.0156 -0.8294
vn -0.6939 -0.0156 -0.7199
vn -0.8084 -0.0156 -0.5884
vn -0.8983 -0.0156 -0.4391
vn -0.9609 -0.0156 -0.2765
vn -0.9943 -0.0156 -0.1054
vn -0.9975 -0.0156 0.0688
vn -0.9704 -0.0156 0.2410
vn -0.9138 -0.0156 0.4059
vn -0.8294 -0.0156 0.5584
vn -0.7199 -0.0156 0.6939
vn -0.5884 -0.0156 0.8084
vn -0.4391 -0.0156 0.8983
vn -0.2765 -0.0156 0.9609
vn -0.1054 -0.0156 0.9943
vn 0.0688 -0.0156 0.9975
vn 0.2410 -0.0156 0.9704
vn 0.4059 -0.0156 0.9138
vn 0.5584 -0.0156 0.8294
vn 0.6939 -0.0156 0.7199
vn 0.8084 -0.0156 0.5885
vn 0.8983 -0.0156 0.4391
vn 0.9609 -0.0156 0.2765
vn 0.9943 -0.0156 0.1054
vn 0.9975 -0.0156 -0.0688
vn -0.9704 0.0156 0.2410
vn -0.9975 0.0156 0.0688
vn -0.9943 0.0156 -0.1054
vn -0.9609 0.0156 -0.2765
vn -0.8983 0.0156 -0.4391
vn -0.8084 0.0156 -0.5884
vn -0.6939 0.0156 -0.7199
vn -0.5584 0.0156 -0.8294
vn -0.4058 0.0156 -0.9138
vn -0.2410 0.0156 -0.9704
vn -0.0689 0.0156 -0.9975
vn 0.1054 0.0156 -0.9943
vn 0.2765 0.0156 -0.9609
vn 0.4391 0.0156 -0.8983
vn 0.5884 0.0156 -0.8084
vn 0.7199 0.0156 -0.6939
vn 0.8294 0.0156 -0.5584
vn 0.9138 0.0156 -0.4059
vn 0.9704 0.0156 -0.2410
vn 0.9975 0.0156 -0.0688
vn 0.9943 0.0156 0.1054
vn 0.9609 0.0156 0.2765
vn 0.8983 0.0156 0.4391
vn 0.8084 0.0156 0.5884
vn 0.6939 0.0156 0.7199
vn 0.5584 0.0156 0.8294
vn 0.4058 0.0156 0.9138
vn 0.2410 0.0156 0.9704
vn 0.0689 0.0156 0.9975
vn -0.1054 0.0156 0.9943
vn -0.2765 0.0156 0.9609
vn -0.4391 0.0156 0.8983
vn -0.5884 0.0156 0.8084
vn -0.7199 0.0156 0.6939
vn -0.8294 0.0156 0.5584
vn -0.9138 0.0156 0.4059
vn 0.4763 -0.7273 0.4942
vn 0.3833 -0.7273 0.5694
vn 0.2786 -0.7273 0.6273
vn 0.1654 -0.7273 0.6661
vn 0.0473 -0.7273 0.6847
vn -0.0724 -0.7273 0.6825
vn -0.1898 -0.7273 0.6596
vn -0.3014 -0.7273 0.6166
vn -0.4039 -0.7273 0.5549
vn -0.4942 -0.7273 0.4763
vn -0.5694 -0.7273 0.3833
vn -0.6273 -0.7273 0.2786
vn -0.6661 -0.7273 0.1654
vn -0.6847 -0.7273 0.0472
vn -0.6825 -0.7273 -0.0724
vn -0.6596 -0.7273 -0.1898
vn -0.6166 -0.7273 -0.3014
vn -0.5549 -0.7273 -0.4039
vn -0.4763 -0.7273 -0.4942
vn -0.3833 -0.7273 -0.5694
vn -0.2786 -0.7273 -0.6273
vn -0.1654 -0.7273 -0.6661
vn -0.0473 -0.7273 -0.6847
vn 0.0724 -0.7273 -0.6825
vn 0.1898 -0.7273 -0.6596
vn 0.3014 -0.7273 -0.6166
vn 0.4039 -0.7273 -0.5549
vn 0.4942 -0.7273 -0.4763
vn 0.5694 -0.7273 -0.3833
vn 0.6273 -0.7273 -0.2786
vn 0.6661 -0.7273 -0.1654
vn 0.6847 -0.7273 -0.0472
vn 0.6825 -0.7273 0.0724
vn 0.6596 -0.7273 0.1898
vn 0.6166 -0.7273 0.3014
vn 0.5549 -0.7273 0.4039
vn -0.3014 0.7273 0.6166
vn -0.1898 0.7273 0.6596
vn -0.0724 0.7273 0.6825
vn 0.0473 0.7273 0.6847
vn 0.1654 0.7273 0.6661
vn 0.2786 0.7273 0.6273
vn 0.3833 0.7273 0.5694
vn 0.4763 0.7273 0.4942
vn 0.5549 0.7273 0.4039
vn 0.6166 0.7273 0.3014
vn 0.6596 0.7273 0.1898
vn 0.6825 0.7273 0.0724
vn 0.6847 0.7273 -0.0472
vn 0.6661 0.7273 -0.1654
vn 0.6273 0.7273 -0.2786
vn 0.5694 0.7273 -0.3833
vn 0.4942 0.7273 -0.4763
vn 0.4039 0.7273 -0.5549
vn 0.3014 0.7273 -0.6166
vn 0.1898 0.7273 -0.6596
vn 0.0724 0.7273 -0.6825
vn -0.0473 0.7273 -0.6847
vn -0.1654 0.7273 -0.6661
vn -0.2786 0.7273 -0.6273
vn -0.3833 0.7273 -0.5694
vn -0.4763 0.7273 -0.4942
vn -0.5549 0.7273 -0.4039
vn -0.6166 0.7273 -0.3014
vn -0.6596 0.7273 -0.1898
vn -0.6825 0.7273 -0.0724
vn -0.6847 0.7273 0.0472
vn -0.6661 0.7273 0.1654
vn -0.6273 0.7273 0.2786
vn -0.5694 0.7273 0.3833
vn -0.4942 0.7273 0.4763
vn -0.4039 0.7273 0.5549
vn -0.7876 0.6100 -0.0871
vn -0.3184 0.6100 -0.7256
vn -0.7876 -0.6100 -0.0871
vn -0.3184 -0.6100 -0.7256
vn 0.4692 0.6100 -0.6385
vn 0.4692 -0.6100 -0.6385
vn 0.7876 0.6100 0.0871
vn 0.7876 -0.6100 0.0871
vn 0.3184 0.6100 0.7256
vn 0.3184 -0.6100 0.7256
vn -0.4692 0.6100 0.6385
vn -0.4692 -0.6100 0.6385
vn -0.4297 0.7218 -0.5425
vn -0.3568 0.7218 -0.5930
vn -0.6700 0.7218 0.1734
vn -0.6867 0.7218 0.0863
vn -0.6921 0.7218 -0.0023
vn -0.6861 0.7218 -0.0907
vn -0.6689 0.7218 -0.1777
vn -0.6407 0.7218 -0.2618
vn 0.2411 0.7218 -0.6488
vn 0.3221 0.7218 -0.6126
vn -0.2781 0.7218 -0.6338
vn -0.1948 0.7218 -0.6641
vn -0.1082 0.7219 -0.6835
vn -0.0199 0.7218 -0.6918
vn 0.0687 0.7218 -0.6887
vn 0.1562 0.7218 -0.6742
vn 0.3978 0.7218 -0.5663
vn 0.4670 0.7218 -0.5108
vn 0.5284 0.7218 -0.4469
vn 0.6797 0.7218 -0.1301
vn 0.6908 0.7218 -0.0420
vn -0.6019 0.7218 -0.3416
vn -0.5533 0.7218 -0.4158
vn -0.4956 0.7218 -0.4831
vn 0.5813 0.7218 -0.3757
vn 0.6245 0.7218 -0.2982
vn 0.6575 0.7218 -0.2160
vn 0.6905 0.7218 0.0466
vn 0.6789 0.7218 0.1345
vn 0.6561 0.7218 0.2202
vn 0.6226 0.7218 0.3023
vn 0.5788 0.7218 0.3795
vn -0.1991 0.7218 0.6628
vn -0.2822 0.7218 0.6319
vn 0.5255 0.7218 0.4503
vn 0.4636 0.7218 0.5138
vn 0.3941 0.7218 0.5689
vn -0.3607 0.7218 0.5907
vn -0.4333 0.7218 0.5397
vn -0.4987 0.7218 0.4799
vn -0.5560 0.7218 0.4121
vn -0.6041 0.7218 0.3377
vn -0.6423 0.7218 0.2577
vn 0.3181 0.7218 0.6146
vn 0.2369 0.7218 0.6503
vn 0.1518 0.7218 0.6752
vn 0.0642 0.7218 0.6891
vn -0.0244 0.7218 0.6916
vn -0.1127 0.7219 0.6828
vn -0.0902 0.7257 -0.6821
vn -0.1926 0.7233 -0.6631
vn -0.1982 -0.7253 -0.6592
vn -0.2675 0.7163 -0.6445
vn -0.3021 -0.7254 -0.6185
vn -0.3236 0.7186 -0.6156
vn -0.3969 -0.7257 -0.5620
vn -0.3969 0.7257 -0.5620
vn -0.4819 -0.7257 -0.4911
vn -0.4819 0.7257 -0.4911
vn -0.5544 -0.7257 -0.4074
vn -0.5544 0.7257 -0.4074
vn -0.6126 -0.7256 -0.3133
vn -0.6126 0.7257 -0.3132
vn -0.6549 -0.7257 -0.2109
vn -0.6549 0.7257 -0.2109
vn -0.6803 -0.7257 -0.1030
vn -0.6803 0.7257 -0.1031
vn -0.6880 -0.7257 0.0074
vn -0.6880 0.7257 0.0074
vn -0.6779 -0.7257 0.1177
vn -0.6779 0.7257 0.1176
vn -0.6502 -0.7257 0.2249
vn -0.6502 0.7257 0.2249
vn -0.6058 -0.7257 0.3262
vn -0.6058 0.7257 0.3263
vn -0.5456 -0.7257 0.4192
vn -0.5456 0.7257 0.4192
vn -0.4713 -0.7257 0.5013
vn -0.4713 0.7257 0.5013
vn -0.3848 -0.7257 0.5704
vn -0.3848 0.7257 0.5704
vn -0.2883 -0.7257 0.6247
vn -0.2883 0.7257 0.6247
vn -0.1843 -0.7257 0.6629
vn -0.1843 0.7257 0.6629
vn -0.0756 -0.7257 0.6839
vn -0.0756 0.7257 0.6839
vn 0.0351 -0.7257 0.6872
vn 0.0351 0.7257 0.6871
vn 0.1448 -0.7257 0.6726
vn 0.1448 0.7257 0.6726
vn 0.2509 -0.7257 0.6407
vn 0.2509 0.7257 0.6407
vn 0.3504 -0.7257 0.5921
vn 0.3504 0.7257 0.5922
vn 0.4408 -0.7257 0.5283
vn 0.4408 0.7257 0.5283
vn 0.5199 -0.7257 0.4507
vn 0.5199 0.7257 0.4507
vn 0.5854 -0.7257 0.3615
vn 0.5854 0.7257 0.3615
vn 0.6358 -0.7257 0.2628
vn 0.6358 0.7257 0.2629
vn 0.6698 -0.7257 0.1575
vn 0.6698 0.7257 0.1575
vn 0.6864 -0.7257 0.0480
vn 0.6864 0.7257 0.0480
vn 0.6852 -0.7257 -0.0627
vn 0.6852 0.7257 -0.0627
vn 0.6662 -0.7257 -0.1718
vn 0.6662 0.7257 -0.1718
vn 0.6300 -0.7257 -0.2765
vn 0.6300 0.7257 -0.2765
vn 0.5776 -0.7257 -0.3739
vn 0.5776 0.7257 -0.3739
vn 0.5101 -0.7257 -0.4617
vn 0.5101 0.7257 -0.4617
vn 0.4294 -0.7257 -0.5376
vn 0.4294 0.7257 -0.5376
vn 0.3376 -0.7257 -0.5995
vn 0.3376 0.7257 -0.5995
vn 0.2371 -0.7257 -0.6459
vn 0.2371 0.7257 -0.6459
vn 0.1304 -0.7257 -0.6756
vn 0.1304 0.7257 -0.6756
vn 0.0203 -0.7257 -0.6878
vn 0.0203 0.7257 -0.6877
vn -0.0902 -0.7257 -0.6821
vn -0.2897 0.6930 -0.6602
vn -0.2029 0.6930 -0.6918
vn -0.1127 0.6930 -0.7121
vn -0.0208 0.6930 -0.7207
vn 0.0716 0.6930 -0.7174
vn 0.1627 0.6930 -0.7024
vn 0.2512 0.6930 -0.6758
vn 0.3356 0.6930 -0.6381
vn 0.4144 0.6930 -0.5899
vn 0.4864 0.6930 -0.5321
vn 0.5505 0.6930 -0.4656
vn 0.6055 0.6930 -0.3913
vn 0.6506 0.6930 -0.3107
vn 0.6850 0.6930 -0.2249
vn 0.7081 0.6930 -0.1355
vn 0.7196 0.6930 -0.0439
vn 0.7193 0.6930 0.0485
vn 0.7072 0.6930 0.1401
vn 0.6835 0.6930 0.2294
vn 0.6485 0.6930 0.3149
vn 0.6030 0.6930 0.3953
vn 0.5475 0.6930 0.4691
vn 0.4830 0.6930 0.5353
vn 0.4105 0.6930 0.5927
vn 0.3314 0.6930 0.6403
vn 0.2468 0.6930 0.6774
vn 0.1581 0.6930 0.7034
vn 0.0669 0.6930 0.7179
vn -0.0255 0.6930 0.7205
vn -0.1174 0.6930 0.7114
vn -0.2074 0.6930 0.6905
vn -0.2940 0.6930 0.6583
vn -0.3757 0.6930 0.6153
vn -0.4514 0.6930 0.5622
vn -0.5195 0.6930 0.4999
vn -0.5792 0.6930 0.4293
vn -0.6293 0.6930 0.3517
vn -0.6691 0.6930 0.2684
vn -0.6980 0.6930 0.1806
vn -0.7153 0.6930 0.0899
vn -0.7210 0.6930 -0.0024
vn -0.7147 0.6930 -0.0945
vn -0.6968 0.6930 -0.1851
vn -0.6674 0.6930 -0.2727
vn -0.6270 0.6930 -0.3558
vn -0.5764 0.6930 -0.4331
vn -0.5163 0.6930 -0.5033
vn -0.4477 0.6930 -0.5651
vn -0.3717 0.6930 -0.6177
vn -0.1578 0.7207 -0.6751
vn 0.2067 0.6957 0.6880
vn -0.2365 0.7207 -0.6517
vn 0.2763 0.6957 0.6631
vn -0.3120 0.7207 -0.6191
vn 0.3430 0.6957 0.6311
vn -0.3830 0.7207 -0.5779
vn 0.4061 0.6957 0.5925
vn -0.4487 0.7207 -0.5285
vn 0.4649 0.6957 0.5476
vn -0.5080 0.7207 -0.4717
vn 0.5187 0.6957 0.4969
vn -0.5603 0.7207 -0.4083
vn 0.5671 0.6957 0.4409
vn -0.6046 0.7207 -0.3392
vn 0.6701 0.7207 -0.1777
vn -0.6824 0.6957 0.2243
vn 0.6444 0.7207 -0.2557
vn -0.6557 0.6957 0.2933
vn 0.6096 0.7207 -0.3302
vn -0.6221 0.6957 0.3592
vn 0.5663 0.7207 -0.4000
vn -0.5819 0.6957 0.4212
vn 0.5150 0.7207 -0.4642
vn -0.5355 0.6957 0.4788
vn 0.4565 0.7207 -0.5218
vn -0.4834 0.6957 0.5313
vn 0.3916 0.7207 -0.5721
vn -0.4262 0.6957 0.5782
vn 0.3212 0.7207 -0.6144
vn 0.1975 0.7207 0.6645
vn -0.2418 0.6957 -0.6764
vn 0.2747 0.7207 0.6365
vn -0.3101 0.6957 -0.6480
vn 0.3481 0.7207 0.5995
vn -0.3751 0.6957 -0.6126
vn 0.4166 0.7207 0.5542
vn -0.4361 0.6957 -0.5708
vn 0.4792 0.7207 0.5010
vn -0.4924 0.6957 -0.5230
vn 0.5351 0.7207 0.4408
vn -0.5436 0.6957 -0.4696
vn 0.5834 0.7207 0.3744
vn -0.5890 0.6957 -0.4112
vn -0.6282 0.6957 -0.3484
vn 0.6236 0.7207 0.3028
vn -0.6607 0.6957 -0.2820
vn 0.6551 0.7207 0.2269
vn -0.6862 0.6957 -0.2126
vn 0.6773 0.7207 0.1479
vn -0.7044 0.6957 -0.1409
vn 0.6901 0.7207 0.0667
vn -0.7151 0.6957 -0.0678
vn 0.6931 0.7207 -0.0153
vn -0.7183 0.6957 0.0061
vn 0.6864 0.7207 -0.0972
vn -0.7139 0.6957 0.0800
vn -0.7019 0.6957 0.1530
vn -0.3570 0.7207 0.5943
vn 0.3322 0.6957 -0.6369
vn -0.2842 0.7207 0.6323
vn 0.2649 0.6957 -0.6677
vn -0.2074 0.7207 0.6615
vn 0.1948 0.6957 -0.6914
vn -0.1277 0.7207 0.6814
vn 0.1227 0.6957 -0.7078
vn -0.0462 0.7207 0.6917
vn 0.0493 0.6957 -0.7166
vn 0.0359 0.7207 0.6923
vn -0.0247 0.6957 -0.7179
vn 0.1175 0.7207 0.6832
vn -0.0983 0.6957 -0.7116
vn -0.1710 0.6957 -0.6977
vn -0.3645 0.6957 0.6190
vn -0.2989 0.6957 0.6532
vn 0.2462 0.7207 -0.6480
vn -0.2302 0.6957 0.6805
vn 0.1679 0.7207 -0.6726
vn -0.1590 0.6957 0.7005
vn 0.0871 0.7207 -0.6878
vn -0.0861 0.6957 0.7132
vn 0.0052 0.7207 -0.6932
vn -0.0123 0.6957 0.7182
vn -0.0769 0.7207 -0.6890
vn 0.0616 0.6957 0.7157
vn 0.1348 0.6957 0.7056
vn -0.6794 0.7207 0.1378
vn 0.6931 0.6957 -0.1889
vn -0.6584 0.7207 0.2171
vn 0.6700 0.6957 -0.2592
vn -0.6281 0.7207 0.2935
vn 0.6398 0.6957 -0.3267
vn -0.5890 0.7207 0.3657
vn 0.6028 0.6957 -0.3907
vn -0.5416 0.7207 0.4327
vn 0.5594 0.6957 -0.4506
vn -0.4866 0.7207 0.4938
vn 0.5101 0.6957 -0.5057
vn -0.4248 0.7207 0.5479
vn 0.4554 0.6957 -0.5555
vn 0.3959 0.6957 -0.5994
vn 0.6094 0.6957 0.3803
vn 0.6453 0.6957 0.3156
vn -0.6405 0.7207 -0.2653
vn 0.6743 0.6957 0.2476
vn -0.6674 0.7207 -0.1877
vn 0.6962 0.6957 0.1770
vn -0.6849 0.7207 -0.1075
vn 0.7107 0.6957 0.1045
vn -0.6928 0.7207 -0.0258
vn 0.7177 0.6957 0.0308
vn -0.6910 0.7207 0.0564
vn 0.7170 0.6957 -0.0431
vn 0.7088 0.6957 -0.1167
vn -0.4486 -0.7207 -0.5285
vn -0.5080 -0.7207 -0.4717
vn -0.5602 -0.7207 -0.4083
vn -0.6046 -0.7207 -0.3392
vn -0.6405 -0.7207 -0.2653
vn -0.6674 -0.7207 -0.1877
vn -0.6849 -0.7207 -0.1074
vn -0.6928 -0.7207 -0.0257
vn -0.6910 -0.7207 0.0564
vn -0.6794 -0.7207 0.1377
vn -0.6584 -0.7207 0.2171
vn -0.6281 -0.7207 0.2935
vn -0.5890 -0.7207 0.3657
vn -0.5416 -0.7207 0.4328
vn -0.4866 -0.7207 0.4938
vn -0.4248 -0.7207 0.5479
vn -0.3570 -0.7207 0.5943
vn -0.2842 -0.7207 0.6323
vn -0.2074 -0.7207 0.6615
vn -0.1277 -0.7207 0.6814
vn -0.0462 -0.7207 0.6917
vn 0.0359 -0.7207 0.6923
vn 0.1175 -0.7207 0.6832
vn 0.1975 -0.7207 0.6645
vn 0.2747 -0.7207 0.6365
vn 0.3481 -0.7207 0.5995
vn 0.4166 -0.7207 0.5542
vn 0.4792 -0.7207 0.5010
vn 0.5351 -0.7207 0.4408
vn 0.5834 -0.7207 0.3744
vn 0.6236 -0.7207 0.3028
vn 0.6551 -0.7207 0.2269
vn 0.6773 -0.7207 0.1478
vn 0.6901 -0.7207 0.0667
vn 0.6931 -0.7207 -0.0154
vn 0.6864 -0.7207 -0.0972
vn 0.6701 -0.7207 -0.1777
vn 0.6444 -0.7207 -0.2558
vn 0.6096 -0.7207 -0.3302
vn 0.5663 -0.7207 -0.3999
vn 0.5150 -0.7207 -0.4641
vn 0.4565 -0.7207 -0.5218
vn 0.3916 -0.7207 -0.5721
vn 0.3211 -0.7207 -0.6144
vn 0.2462 -0.7207 -0.6481
vn 0.1679 -0.7207 -0.6726
vn 0.0871 -0.7207 -0.6878
vn 0.0052 -0.7207 -0.6932
vn -0.0769 -0.7207 -0.6890
vn -0.1578 -0.7207 -0.6751
vn -0.2365 -0.7207 -0.6517
vn -0.3119 -0.7207 -0.6191
vn -0.3830 -0.7207 -0.5779
vn -0.6282 -0.6957 -0.3484
vn -0.5890 -0.6957 -0.4112
vn -0.5436 -0.6957 -0.4696
vn -0.4924 -0.6957 -0.5230
vn -0.4361 -0.6957 -0.5708
vn -0.3751 -0.6957 -0.6126
vn -0.6824 -0.6957 0.2243
vn -0.7019 -0.6957 0.1529
vn -0.7139 -0.6957 0.0800
vn -0.7183 -0.6957 0.0062
vn -0.7151 -0.6957 -0.0677
vn -0.7044 -0.6957 -0.1409
vn -0.6862 -0.6957 -0.2126
vn -0.6607 -0.6957 -0.2820
vn -0.2989 -0.6957 0.6532
vn -0.3645 -0.6957 0.6190
vn -0.4262 -0.6957 0.5782
vn -0.4834 -0.6957 0.5313
vn -0.5355 -0.6957 0.4788
vn -0.5819 -0.6957 0.4212
vn -0.6221 -0.6957 0.3592
vn -0.6557 -0.6957 0.2933
vn 0.2067 -0.6957 0.6880
vn 0.1348 -0.6957 0.7056
vn 0.0616 -0.6957 0.7157
vn -0.0123 -0.6957 0.7182
vn -0.0861 -0.6957 0.7132
vn -0.1590 -0.6957 0.7005
vn -0.2302 -0.6957 0.6805
vn 0.6453 -0.6957 0.3156
vn 0.6094 -0.6957 0.3803
vn 0.5671 -0.6957 0.4409
vn 0.5187 -0.6957 0.4969
vn 0.4649 -0.6957 0.5476
vn 0.4061 -0.6957 0.5925
vn 0.3430 -0.6957 0.6311
vn 0.2763 -0.6957 0.6631
vn 0.6931 -0.6957 -0.1889
vn 0.7088 -0.6957 -0.1166
vn 0.7170 -0.6957 -0.0431
vn 0.7177 -0.6957 0.0308
vn 0.7107 -0.6957 0.1045
vn 0.6962 -0.6957 0.1770
vn 0.6743 -0.6957 0.2476
vn -0.3101 -0.6957 -0.6480
vn -0.2418 -0.6957 -0.6764
vn -0.1710 -0.6957 -0.6977
vn -0.0983 -0.6957 -0.7116
vn -0.0247 -0.6957 -0.7179
vn 0.0493 -0.6957 -0.7166
vn 0.1227 -0.6957 -0.7078
vn 0.1948 -0.6957 -0.6914
vn 0.2649 -0.6957 -0.6677
vn 0.3322 -0.6957 -0.6369
vn 0.3959 -0.6957 -0.5994
vn 0.4554 -0.6957 -0.5555
vn 0.5101 -0.6957 -0.5058
vn 0.5594 -0.6957 -0.4506
vn 0.6028 -0.6957 -0.3907
vn 0.6398 -0.6957 -0.3267
vn 0.6700 -0.6957 -0.2592
vn -0.6833 0.3967 0.6129
vn -0.3338 0.9195 0.2077
vn -0.7794 0.3967 0.4850
vn -0.3647 0.9195 0.1466
vn -0.8518 0.3967 0.3423
vn -0.3847 0.9195 0.0810
vn -0.8983 0.3967 0.1891
vn -0.3929 0.9195 0.0130
vn -0.9175 0.3967 0.0303
vn -0.3892 0.9195 -0.0554
vn -0.9088 0.3967 -0.1294
vn -0.3736 0.9195 -0.1221
vn -0.8725 0.3967 -0.2853
vn -0.3467 0.9195 -0.1852
vn -0.8097 0.3967 -0.4325
vn -0.3093 0.9195 -0.2426
vn -0.7223 0.3967 -0.5665
vn -0.2625 0.9195 -0.2926
vn -0.6129 0.3967 -0.6833
vn -0.2077 0.9195 -0.3338
vn -0.4850 0.3967 -0.7794
vn -0.1466 0.9195 -0.3647
vn -0.3423 0.3967 -0.8517
vn -0.0810 0.9195 -0.3846
vn -0.1892 0.3967 -0.8982
vn -0.0130 0.9195 -0.3928
vn -0.0303 0.3967 -0.9174
vn 0.0555 0.9195 -0.3891
vn 0.1295 0.3967 -0.9088
vn 0.1222 0.9195 -0.3736
vn 0.2853 0.3967 -0.8725
vn 0.1852 0.9195 -0.3467
vn 0.4325 0.3967 -0.8097
vn 0.2426 0.9195 -0.3093
vn 0.5665 0.3967 -0.7223
vn 0.2926 0.9195 -0.2625
vn 0.6833 0.3967 -0.6129
vn 0.3337 0.9195 -0.2077
vn 0.7794 0.3967 -0.4850
vn 0.3647 0.9195 -0.1466
vn 0.8517 0.3967 -0.3423
vn 0.3847 0.9195 -0.0810
vn 0.8983 0.3967 -0.1892
vn 0.3929 0.9195 -0.0130
vn 0.9174 0.3967 -0.0303
vn 0.3892 0.9195 0.0554
vn 0.9088 0.3967 0.1294
vn 0.3737 0.9195 0.1222
vn 0.8725 0.3967 0.2853
vn 0.3467 0.9195 0.1852
vn 0.8097 0.3967 0.4325
vn 0.3093 0.9195 0.2426
vn 0.7223 0.3967 0.5665
vn 0.2625 0.9195 0.2926
vn 0.6129 0.3967 0.6833
vn 0.2077 0.9195 0.3338
vn 0.4850 0.3967 0.7794
vn 0.1466 0.9195 0.3648
vn 0.3423 0.3967 0.8518
vn 0.0810 0.9195 0.3846
vn 0.1892 0.3967 0.8982
vn 0.0130 0.9195 0.3929
vn 0.0303 0.3967 0.9174
vn -0.0554 0.9195 0.3891
vn -0.1295 0.3967 0.9088
vn -0.1222 0.9195 0.3736
vn -0.2853 0.3967 0.8725
vn -0.1852 0.9195 0.3467
vn -0.4325 0.3967 0.8097
vn -0.2426 0.9195 0.3093
vn -0.5665 0.3967 0.7223
vn -0.2926 0.9195 0.2625
vn 0.6833 -0.3967 -0.6130
vn 0.2426 -0.9195 -0.3093
vn 0.5665 -0.3967 -0.7223
vn 0.1852 -0.9195 -0.3467
vn 0.4325 -0.3967 -0.8097
vn 0.1222 -0.9195 -0.3736
vn 0.2853 -0.3967 -0.8725
vn 0.0554 -0.9195 -0.3891
vn 0.1295 -0.3967 -0.9088
vn -0.0130 -0.9195 -0.3928
vn -0.0303 -0.3967 -0.9175
vn -0.0810 -0.9195 -0.3846
vn -0.1892 -0.3967 -0.8982
vn -0.1466 -0.9195 -0.3647
vn -0.3423 -0.3967 -0.8518
vn -0.2077 -0.9195 -0.3338
vn -0.4850 -0.3967 -0.7794
vn -0.2625 -0.9195 -0.2926
vn -0.6129 -0.3967 -0.6833
vn -0.3094 -0.9195 -0.2426
vn -0.7223 -0.3966 -0.5665
vn -0.3467 -0.9195 -0.1851
vn -0.8097 -0.3968 -0.4325
vn -0.3736 -0.9195 -0.1222
vn -0.8725 -0.3967 -0.2853
vn -0.3892 -0.9195 -0.0554
vn -0.9088 -0.3967 -0.1295
vn -0.3929 -0.9195 0.0130
vn -0.9175 -0.3967 0.0303
vn -0.3847 -0.9195 0.0810
vn -0.8982 -0.3967 0.1892
vn -0.3647 -0.9195 0.1466
vn -0.8518 -0.3967 0.3423
vn -0.3337 -0.9195 0.2076
vn -0.7794 -0.3967 0.4850
vn -0.2926 -0.9195 0.2625
vn -0.6833 -0.3967 0.6130
vn -0.2426 -0.9195 0.3093
vn -0.5665 -0.3967 0.7223
vn -0.1852 -0.9195 0.3467
vn -0.4325 -0.3967 0.8097
vn -0.1222 -0.9195 0.3736
vn -0.2853 -0.3967 0.8725
vn -0.0554 -0.9195 0.3891
vn -0.1295 -0.3967 0.9088
vn 0.0130 -0.9195 0.3929
vn 0.0303 -0.3967 0.9175
vn 0.0810 -0.9195 0.3846
vn 0.1892 -0.3967 0.8982
vn 0.1466 -0.9195 0.3647
vn 0.3423 -0.3967 0.8518
vn 0.2077 -0.9195 0.3337
vn 0.4850 -0.3967 0.7794
vn 0.2625 -0.9195 0.2926
vn 0.6129 -0.3967 0.6833
vn 0.3093 -0.9195 0.2426
vn 0.7223 -0.3967 0.5665
vn 0.3468 -0.9195 0.1852
vn 0.8097 -0.3967 0.4325
vn 0.3737 -0.9195 0.1222
vn 0.8725 -0.3967 0.2853
vn 0.3892 -0.9195 0.0554
vn 0.9088 -0.3967 0.1295
vn 0.3929 -0.9195 -0.0130
vn 0.9174 -0.3967 -0.0303
vn 0.3846 -0.9195 -0.0810
vn 0.8982 -0.3967 -0.1892
vn 0.3647 -0.9195 -0.1465
vn 0.8517 -0.3967 -0.3423
vn 0.3338 -0.9195 -0.2077
vn 0.7794 -0.3967 -0.4850
vn 0.2927 -0.9195 -0.2625
vn 0.7443 -0.0156 -0.6676
vn 0.6171 -0.0156 -0.7868
vn 0.4711 -0.0156 -0.8820
vn 0.3108 -0.0156 -0.9504
vn 0.1410 -0.0156 -0.9899
vn -0.0330 -0.0156 -0.9993
vn -0.2060 -0.0156 -0.9784
vn -0.3728 -0.0156 -0.9278
vn -0.5283 -0.0156 -0.8489
vn -0.6677 -0.0156 -0.7443
vn -0.7867 -0.0156 -0.6171
vn -0.8820 -0.0156 -0.4711
vn -0.9504 -0.0156 -0.3108
vn -0.9899 -0.0156 -0.1410
vn -0.9993 -0.0156 0.0330
vn -0.9784 -0.0156 0.2060
vn -0.9278 -0.0156 0.3728
vn -0.8489 -0.0156 0.5283
vn -0.7443 -0.0156 0.6676
vn -0.6171 -0.0156 0.7868
vn -0.4711 -0.0156 0.8820
vn -0.3108 -0.0156 0.9504
vn -0.1410 -0.0156 0.9899
vn 0.0330 -0.0156 0.9993
vn 0.2060 -0.0156 0.9784
vn 0.3728 -0.0156 0.9278
vn 0.5283 -0.0156 0.8489
vn 0.6677 -0.0156 0.7443
vn 0.7867 -0.0156 0.6171
vn 0.8820 -0.0156 0.4711
vn 0.9504 -0.0156 0.3108
vn 0.9899 -0.0156 0.1410
vn 0.9993 -0.0156 -0.0330
vn 0.9784 -0.0156 -0.2061
vn 0.9278 -0.0156 -0.3728
vn 0.8489 -0.0156 -0.5283
vn -0.7443 0.0156 0.6676
vn -0.8489 0.0156 0.5283
vn -0.9278 0.0156 0.3728
vn -0.9784 0.0156 0.2060
vn -0.9993 0.0156 0.0330
vn -0.9899 0.0156 -0.1410
vn -0.9504 0.0156 -0.3108
vn -0.8820 0.0156 -0.4711
vn -0.7867 0.0156 -0.6171
vn -0.6677 0.0156 -0.7443
vn -0.5283 0.0156 -0.8489
vn -0.3728 0.0156 -0.9278
vn -0.2060 0.0156 -0.9784
vn -0.0330 0.0156 -0.9993
vn 0.1410 0.0156 -0.9899
vn 0.3108 0.0156 -0.9504
vn 0.4711 0.0156 -0.8819
vn 0.6171 0.0156 -0.7868
vn 0.7443 0.0156 -0.6677
vn 0.8489 0.0156 -0.5283
vn 0.9278 0.0156 -0.3728
vn 0.9784 0.0156 -0.2060
vn 0.9993 0.0156 -0.0330
vn 0.9899 0.0156 0.1410
vn 0.9504 0.0156 0.3108
vn 0.8820 0.0156 0.4711
vn 0.7867 0.0156 0.6171
vn 0.6677 0.0156 0.7443
vn 0.5283 0.0156 0.8489
vn 0.3728 0.0156 0.9278
vn 0.2060 0.0156 0.9784
vn 0.0330 0.0156 0.9993
vn -0.1410 0.0156 0.9899
vn -0.3108 0.0156 0.9504
vn -0.4711 0.0156 0.8820
vn -0.6171 0.0156 0.7868
vn 0.6524 -0.7273 0.2133
vn 0.6054 -0.7273 0.3234
vn 0.5401 -0.7273 0.4236
vn 0.4583 -0.7273 0.5109
vn 0.3626 -0.7273 0.5827
vn 0.2559 -0.7273 0.6369
vn 0.1414 -0.7273 0.6716
vn 0.0227 -0.7273 0.6860
vn -0.0968 -0.7273 0.6795
vn -0.2133 -0.7273 0.6524
vn -0.3234 -0.7273 0.6054
vn -0.4236 -0.7273 0.5401
vn -0.5109 -0.7273 0.4583
vn -0.5827 -0.7273 0.3626
vn -0.6369 -0.7273 0.2559
vn -0.6716 -0.7272 0.1414
vn -0.6860 -0.7273 0.0227
vn -0.6795 -0.7273 -0.0968
vn -0.6524 -0.7273 -0.2133
vn -0.6054 -0.7273 -0.3234
vn -0.5401 -0.7273 -0.4236
vn -0.4583 -0.7273 -0.5109
vn -0.3626 -0.7273 -0.5827
vn -0.2559 -0.7273 -0.6369
vn -0.1414 -0.7273 -0.6716
vn -0.0227 -0.7273 -0.6860
vn 0.0968 -0.7273 -0.6795
vn 0.2133 -0.7273 -0.6524
vn 0.3234 -0.7273 -0.6054
vn 0.4236 -0.7273 -0.5401
vn 0.5109 -0.7273 -0.4583
vn 0.5827 -0.7273 -0.3626
vn 0.6369 -0.7273 -0.2559
vn 0.6716 -0.7272 -0.1414
vn 0.6860 -0.7273 -0.0227
vn 0.6795 -0.7273 0.0968
vn 0.0227 0.7273 0.6860
vn 0.1414 0.7273 0.6716
vn 0.2559 0.7273 0.6369
vn 0.3626 0.7273 0.5827
vn 0.4583 0.7273 0.5109
vn 0.5401 0.7273 0.4236
vn 0.6054 0.7273 0.3234
vn 0.6524 0.7273 0.2133
vn 0.6795 0.7273 0.0968
vn 0.6860 0.7273 -0.0227
vn 0.6716 0.7272 -0.1414
vn 0.6369 0.7273 -0.2559
vn 0.5827 0.7273 -0.3626
vn 0.5109 0.7273 -0.4583
vn 0.4236 0.7273 -0.5401
vn 0.3234 0.7273 -0.6054
vn 0.2133 0.7273 -0.6524
vn 0.0968 0.7273 -0.6795
vn -0.0227 0.7273 -0.6860
vn -0.1414 0.7273 -0.6716
vn -0.2559 0.7273 -0.6369
vn -0.3626 0.7273 -0.5827
vn -0.4583 0.7273 -0.5109
vn -0.5401 0.7273 -0.4236
vn -0.6054 0.7273 -0.3234
vn -0.6524 0.7273 -0.2133
vn -0.6795 0.7273 -0.0968
vn -0.6860 0.7273 0.0227
vn -0.6716 0.7272 0.1414
vn -0.6369 0.7273 0.2559
vn -0.5827 0.7273 0.3626
vn -0.5109 0.7273 0.4583
vn -0.4236 0.7273 0.5401
vn -0.3234 0.7273 0.6054
vn -0.2133 0.7273 0.6524
vn -0.0968 0.7273 0.6795
vn 0.1192 -0.7273 -0.6759
vn 0.1908 -0.6890 -0.6992
vn 0.2347 -0.7272 -0.6450
vn 0.3033 -0.6890 -0.6583
vn 0.3432 -0.7273 -0.5944
vn 0.4075 -0.6890 -0.5994
vn 0.4412 -0.7273 -0.5258
vn 0.5006 -0.6890 -0.5241
vn 0.5258 -0.7273 -0.4412
vn 0.5800 -0.6890 -0.4346
vn 0.5944 -0.7272 -0.3432
vn 0.6436 -0.6890 -0.3332
vn 0.6450 -0.7272 -0.2348
vn 0.6897 -0.6890 -0.2227
vn 0.6760 -0.7272 -0.1192
vn 0.7170 -0.6890 -0.1061
vn 0.6864 -0.7273 0.0000
vn 0.7246 -0.6890 0.0133
vn 0.6760 -0.7272 0.1192
vn 0.7126 -0.6890 0.1324
vn 0.6455 -0.7269 0.2344
vn 0.6811 -0.6890 0.2479
vn 0.5951 -0.7265 0.3436
vn 0.6310 -0.6890 0.3567
vn 0.5264 -0.7265 0.4416
vn 0.5637 -0.6890 0.4556
vn 0.4417 -0.7266 0.5263
vn 0.4810 -0.6890 0.5422
vn 0.3435 -0.7266 0.5950
vn 0.3852 -0.6890 0.6139
vn 0.2349 -0.7266 0.6457
vn 0.2789 -0.6890 0.6690
vn 0.1193 -0.7266 0.6766
vn 0.1650 -0.6890 0.7058
vn -0.0000 -0.7267 0.6869
vn 0.0466 -0.6890 0.7233
vn -0.1193 -0.7268 0.6765
vn -0.0731 -0.6890 0.7211
vn -0.2351 -0.7270 0.6451
vn -0.1908 -0.6890 0.6992
vn -0.3033 -0.6890 0.6583
vn -0.3432 -0.7272 0.5944
vn -0.4075 -0.6890 0.5994
vn -0.4412 -0.7273 0.5258
vn -0.5006 -0.6890 0.5241
vn -0.5258 -0.7273 0.4411
vn -0.5800 -0.6890 0.4346
vn -0.5944 -0.7273 0.3432
vn -0.6436 -0.6890 0.3332
vn -0.6450 -0.7273 0.2348
vn -0.6897 -0.6890 0.2227
vn -0.6759 -0.7273 0.1192
vn -0.7170 -0.6890 0.1062
vn -0.6864 -0.7273 -0.0001
vn -0.7246 -0.6890 -0.0133
vn -0.6759 -0.7273 -0.1192
vn -0.7126 -0.6890 -0.1324
vn -0.6450 -0.7273 -0.2347
vn -0.6811 -0.6890 -0.2479
vn -0.5944 -0.7273 -0.3432
vn -0.6310 -0.6890 -0.3567
vn -0.5258 -0.7273 -0.4411
vn -0.5637 -0.6890 -0.4556
vn -0.4412 -0.7273 -0.5257
vn -0.4810 -0.6890 -0.5422
vn -0.3432 -0.7273 -0.5944
vn -0.3852 -0.6890 -0.6139
vn -0.2348 -0.7273 -0.6449
vn -0.2789 -0.6890 -0.6690
vn -0.1192 -0.7273 -0.6759
vn -0.1650 -0.6890 -0.7058
vn -0.0000 -0.7273 -0.6863
vn -0.0466 -0.6890 -0.7233
vn 0.0731 -0.6890 -0.7211
vn 0.6460 -0.7262 0.2351
vn 0.6759 -0.7262 0.1256
vn 0.6874 -0.7262 0.0126
vn 0.6801 -0.7262 -0.1007
vn 0.6542 -0.7262 -0.2112
vn 0.6106 -0.7262 -0.3161
vn 0.5502 -0.7262 -0.4122
vn 0.4749 -0.7262 -0.4972
vn 0.3865 -0.7262 -0.5685
vn 0.2877 -0.7262 -0.6244
vn 0.1810 -0.7262 -0.6633
vn 0.0694 -0.7262 -0.6840
vn -0.0442 -0.7262 -0.6861
vn -0.1565 -0.7262 -0.6695
vn -0.2646 -0.7262 -0.6346
vn -0.3654 -0.7262 -0.5824
vn -0.4563 -0.7262 -0.5143
vn -0.5347 -0.7262 -0.4322
vn -0.5985 -0.7262 -0.3383
vn -0.6460 -0.7262 -0.2351
vn -0.6759 -0.7262 -0.1256
vn -0.6874 -0.7262 -0.0126
vn -0.6801 -0.7262 0.1007
vn -0.6542 -0.7262 0.2112
vn -0.6106 -0.7262 0.3161
vn -0.5502 -0.7262 0.4122
vn -0.4749 -0.7262 0.4972
vn -0.3865 -0.7262 0.5685
vn -0.2877 -0.7262 0.6244
vn -0.1810 -0.7262 0.6633
vn -0.0694 -0.7262 0.6840
vn 0.0442 -0.7262 0.6861
vn 0.1565 -0.7262 0.6695
vn 0.2646 -0.7262 0.6346
vn 0.3654 -0.7262 0.5824
vn 0.4563 -0.7262 0.5143
vn 0.5347 -0.7262 0.4322
vn 0.5985 -0.7262 0.3383
vn -0.7241 0.6760 -0.1367
vn -0.6679 0.7223 -0.1793
vn -0.6832 0.6868 -0.2481
vn -0.6270 0.7223 -0.2919
vn -0.6419 0.6767 -0.3606
vn -0.5866 0.7025 -0.4029
vn -0.6023 0.6457 -0.4693
vn -0.5479 0.6637 -0.5093
vn -0.5652 0.5951 -0.5713
vn -0.5119 0.6067 -0.6082
vn -0.5317 0.5263 -0.6636
vn -0.4795 0.5333 -0.6969
vn -0.5028 0.4416 -0.7431
vn -0.4518 0.4451 -0.7731
vn -0.4793 0.3435 -0.8076
vn -0.4294 0.3450 -0.8346
vn -0.4621 0.2349 -0.8552
vn -0.4130 0.2353 -0.8798
vn -0.4515 0.1192 -0.8842
vn -0.4029 0.1193 -0.9074
vn -0.4483 -0.0003 -0.8939
vn -0.3996 0.0000 -0.9167
vn -0.4522 -0.1191 -0.8839
vn -0.4029 -0.1193 -0.9074
vn -0.4628 -0.2347 -0.8548
vn -0.4130 -0.2354 -0.8798
vn -0.4801 -0.3432 -0.8073
vn -0.4294 -0.3450 -0.8346
vn -0.5035 -0.4412 -0.7428
vn -0.4518 -0.4451 -0.7731
vn -0.5325 -0.5259 -0.6633
vn -0.4795 -0.5333 -0.6969
vn -0.5659 -0.5944 -0.5713
vn -0.5119 -0.6067 -0.6082
vn -0.6031 -0.6449 -0.4694
vn -0.5479 -0.6637 -0.5092
vn -0.6426 -0.6759 -0.3607
vn -0.5866 -0.7026 -0.4028
vn -0.6270 -0.7223 -0.2919
vn -0.6828 -0.6868 -0.2492
vn -0.6679 -0.7223 -0.1794
vn -0.7235 -0.6767 -0.1363
vn -0.7083 -0.7026 -0.0684
vn -0.7631 -0.6457 -0.0276
vn -0.7470 -0.6637 0.0379
vn -0.8002 -0.5950 0.0744
vn -0.7830 -0.6067 0.1369
vn -0.8338 -0.5263 0.1666
vn -0.8153 -0.5332 0.2257
vn -0.8628 -0.4416 0.2461
vn -0.8431 -0.4451 0.3018
vn -0.8863 -0.3435 0.3105
vn -0.8654 -0.3449 0.3633
vn -0.9037 -0.2350 0.3580
vn -0.8819 -0.2354 0.4085
vn -0.9143 -0.1193 0.3871
vn -0.8919 -0.1193 0.4361
vn -0.9180 0.0004 0.3966
vn -0.8953 -0.0000 0.4454
vn -0.9146 0.1193 0.3864
vn -0.8919 0.1193 0.4361
vn -0.9040 0.2348 0.3573
vn -0.8819 0.2353 0.4085
vn -0.8867 0.3433 0.3098
vn -0.8654 0.3450 0.3633
vn -0.8632 0.4412 0.2453
vn -0.8431 0.4451 0.3018
vn -0.8343 0.5257 0.1660
vn -0.8153 0.5332 0.2257
vn -0.8008 0.5944 0.0739
vn -0.7830 0.6068 0.1369
vn -0.7637 0.6450 -0.0281
vn -0.7470 0.6637 0.0379
vn -0.7083 0.7026 -0.0685
vn -0.4473 0.0000 -0.8944
vn -0.4505 0.1132 -0.8856
vn -0.4600 0.2233 -0.8594
vn -0.4756 0.3273 -0.8165
vn -0.4968 0.4223 -0.7582
vn -0.5231 0.5058 -0.6859
vn -0.5538 0.5756 -0.6017
vn -0.5879 0.6296 -0.5078
vn -0.6247 0.6665 -0.4069
vn -0.6630 0.6851 -0.3018
vn -0.7018 0.6851 -0.1950
vn -0.7401 0.6665 -0.0897
vn -0.7768 0.6296 0.0112
vn -0.8110 0.5756 0.1050
vn -0.8416 0.5058 0.1891
vn -0.8679 0.4223 0.2615
vn -0.8892 0.3272 0.3198
vn -0.9048 0.2232 0.3627
vn -0.9143 0.1131 0.3889
vn -0.9175 -0.0000 0.3977
vn -0.9143 -0.1132 0.3889
vn -0.9048 -0.2233 0.3627
vn -0.8892 -0.3273 0.3198
vn -0.8679 -0.4223 0.2614
vn -0.8416 -0.5058 0.1891
vn -0.8110 -0.5756 0.1050
vn -0.7768 -0.6296 0.0111
vn -0.7401 -0.6665 -0.0898
vn -0.7018 -0.6851 -0.1950
vn -0.6630 -0.6851 -0.3017
vn -0.6247 -0.6664 -0.4070
vn -0.5879 -0.6296 -0.5079
vn -0.5538 -0.5755 -0.6017
vn -0.5232 -0.5058 -0.6859
vn -0.4968 -0.4223 -0.7582
vn -0.4756 -0.3272 -0.8166
vn -0.4600 -0.2231 -0.8594
vn -0.4505 -0.1132 -0.8856
vn -0.3432 0.7273 0.5944
vn -0.3033 0.6890 0.6583
vn -0.2348 0.7273 0.6450
vn -0.1908 0.6890 0.6992
vn -0.1192 0.7272 0.6759
vn -0.0731 0.6890 0.7211
vn -0.0000 0.7272 0.6864
vn 0.0466 0.6890 0.7233
vn 0.1192 0.7272 0.6760
vn 0.1650 0.6890 0.7057
vn 0.2348 0.7272 0.6450
vn 0.2789 0.6890 0.6690
vn 0.3432 0.7272 0.5944
vn 0.3852 0.6890 0.6139
vn 0.4412 0.7272 0.5258
vn 0.4810 0.6890 0.5421
vn 0.5258 0.7272 0.4412
vn 0.5637 0.6890 0.4556
vn 0.5944 0.7272 0.3431
vn 0.6310 0.6890 0.3566
vn 0.6452 0.7269 0.2353
vn 0.6811 0.6890 0.2479
vn 0.6767 0.7265 0.1194
vn 0.7126 0.6890 0.1324
vn 0.6871 0.7265 0.0001
vn 0.7246 0.6890 0.0133
vn 0.6767 0.7265 -0.1193
vn 0.7170 0.6890 -0.1062
vn 0.6456 0.7266 -0.2350
vn 0.6897 0.6890 -0.2228
vn 0.5950 0.7266 -0.3435
vn 0.6436 0.6890 -0.3332
vn 0.5263 0.7267 -0.4416
vn 0.5800 0.6890 -0.4346
vn 0.4416 0.7267 -0.5262
vn 0.5006 0.6890 -0.5241
vn 0.3434 0.7267 -0.5949
vn 0.4075 0.6890 -0.5994
vn 0.2345 0.7270 -0.6453
vn 0.3033 0.6890 -0.6582
vn 0.1908 0.6890 -0.6992
vn 0.1192 0.7273 -0.6759
vn 0.0731 0.6890 -0.7211
vn 0.0000 0.7272 -0.6864
vn -0.0466 0.6890 -0.7233
vn -0.1192 0.7273 -0.6759
vn -0.1650 0.6890 -0.7058
vn -0.2348 0.7273 -0.6450
vn -0.2789 0.6890 -0.6690
vn -0.3432 0.7273 -0.5944
vn -0.3852 0.6890 -0.6139
vn -0.4412 0.7272 -0.5258
vn -0.4810 0.6890 -0.5422
vn -0.5258 0.7273 -0.4412
vn -0.5637 0.6890 -0.4556
vn -0.5944 0.7273 -0.3431
vn -0.6310 0.6890 -0.3566
vn -0.6450 0.7273 -0.2347
vn -0.6811 0.6890 -0.2479
vn -0.6759 0.7273 -0.1192
vn -0.7126 0.6890 -0.1324
vn -0.6864 0.7273 -0.0001
vn -0.7246 0.6890 -0.0133
vn -0.6759 0.7273 0.1191
vn -0.7170 0.6890 0.1062
vn -0.6450 0.7273 0.2347
vn -0.6897 0.6890 0.2228
vn -0.5944 0.7273 0.3432
vn -0.6436 0.6890 0.3332
vn -0.5258 0.7273 0.4412
vn -0.5800 0.6890 0.4346
vn -0.4412 0.7273 0.5258
vn -0.5006 0.6890 0.5241
vn -0.4075 0.6890 0.5994
vn -0.6460 0.7262 -0.2352
vn -0.5985 0.7262 -0.3383
vn -0.5347 0.7262 -0.4322
vn -0.4563 0.7262 -0.5143
vn -0.3654 0.7262 -0.5824
vn -0.2646 0.7262 -0.6346
vn -0.1565 0.7262 -0.6695
vn -0.0442 0.7262 -0.6861
vn 0.0693 0.7262 -0.6840
vn 0.1810 0.7262 -0.6633
vn 0.2877 0.7262 -0.6244
vn 0.3865 0.7262 -0.5686
vn 0.4749 0.7262 -0.4972
vn 0.5502 0.7262 -0.4122
vn 0.6106 0.7262 -0.3161
vn 0.6542 0.7262 -0.2112
vn 0.6801 0.7262 -0.1006
vn 0.6874 0.7262 0.0127
vn 0.6759 0.7262 0.1256
vn 0.6460 0.7262 0.2352
vn 0.5985 0.7262 0.3383
vn 0.5347 0.7262 0.4322
vn 0.4563 0.7262 0.5143
vn 0.3654 0.7262 0.5824
vn 0.2646 0.7262 0.6346
vn 0.1565 0.7262 0.6695
vn 0.0442 0.7262 0.6861
vn -0.0694 0.7262 0.6840
vn -0.1810 0.7262 0.6633
vn -0.2877 0.7262 0.6244
vn -0.3865 0.7262 0.5686
vn -0.4749 0.7262 0.4972
vn -0.5502 0.7262 0.4122
vn -0.6106 0.7262 0.3161
vn -0.6542 0.7262 0.2112
vn -0.6801 0.7262 0.1006
vn -0.6874 0.7262 -0.0127
vn -0.6759 0.7262 -0.1256
vn -0.7047 0.6914 0.1592
vn -0.6749 0.6914 0.2578
vn -0.6313 0.6914 0.3513
vn -0.5749 0.6914 0.4375
vn -0.5068 0.6914 0.5149
vn -0.4284 0.6914 0.5818
vn -0.4375 0.6914 -0.5749
vn -0.5149 0.6914 -0.5068
vn -0.5818 0.6914 -0.4284
vn -0.6368 0.6914 -0.3412
vn -0.6789 0.6914 -0.2471
vn -0.7072 0.6914 -0.1480
vn -0.7210 0.6914 -0.0459
vn -0.7202 0.6914 0.0572
vn 0.4375 0.6914 0.5749
vn 0.5149 0.6914 0.5068
vn 0.5818 0.6914 0.4284
vn 0.6368 0.6914 0.3412
vn 0.6789 0.6914 0.2471
vn 0.7072 0.6914 0.1480
vn 0.7210 0.6914 0.0458
vn -0.3412 0.6914 0.6368
vn -0.2471 0.6914 0.6789
vn -0.1480 0.6914 0.7072
vn -0.0458 0.6914 0.7210
vn 0.0573 0.6914 0.7202
vn 0.1592 0.6914 0.7047
vn 0.2578 0.6914 0.6749
vn 0.3513 0.6914 0.6313
vn 0.2471 0.6914 -0.6789
vn 0.1480 0.6914 -0.7072
vn 0.0458 0.6914 -0.7210
vn -0.0573 0.6914 -0.7202
vn -0.1592 0.6914 -0.7047
vn -0.2578 0.6914 -0.6749
vn -0.3513 0.6914 -0.6313
vn 0.7202 0.6914 -0.0572
vn 0.7047 0.6914 -0.1592
vn 0.6749 0.6914 -0.2578
vn 0.6313 0.6914 -0.3513
vn 0.5749 0.6914 -0.4375
vn 0.5068 0.6914 -0.5149
vn 0.4284 0.6914 -0.5818
vn 0.3412 0.6914 -0.6368
vn -0.1480 -0.6914 0.7071
vn -0.0458 -0.6914 0.7210
vn 0.0573 -0.6914 0.7202
vn 0.1592 -0.6914 0.7047
vn 0.2578 -0.6914 0.6749
vn 0.3513 -0.6914 0.6313
vn 0.4375 -0.6914 0.5749
vn 0.5149 -0.6914 0.5068
vn 0.5818 -0.6914 0.4284
vn 0.6368 -0.6914 0.3412
vn 0.6789 -0.6914 0.2471
vn 0.7072 -0.6914 0.1479
vn 0.7210 -0.6914 0.0458
vn 0.7202 -0.6914 -0.0573
vn 0.7047 -0.6914 -0.1592
vn 0.6749 -0.6914 -0.2578
vn 0.6313 -0.6914 -0.3513
vn 0.5749 -0.6914 -0.4375
vn 0.5068 -0.6914 -0.5149
vn 0.4284 -0.6914 -0.5818
vn 0.3412 -0.6914 -0.6368
vn 0.2471 -0.6914 -0.6789
vn 0.1480 -0.6914 -0.7071
vn 0.0458 -0.6914 -0.7210
vn -0.0573 -0.6914 -0.7202
vn -0.1592 -0.6914 -0.7047
vn -0.2578 -0.6914 -0.6749
vn -0.3513 -0.6914 -0.6313
vn -0.4375 -0.6914 -0.5749
vn -0.5149 -0.6914 -0.5068
vn -0.5818 -0.6914 -0.4284
vn -0.6368 -0.6914 -0.3412
vn -0.6789 -0.6914 -0.2471
vn -0.7072 -0.6914 -0.1479
vn -0.7210 -0.6914 -0.0458
vn -0.7202 -0.6914 0.0573
vn -0.7047 -0.6914 0.1592
vn -0.6749 -0.6914 0.2578
vn -0.6313 -0.6914 0.3513
vn -0.5749 -0.6914 0.4375
vn -0.5068 -0.6914 0.5149
vn -0.4284 -0.6914 0.5818
vn -0.3412 -0.6914 0.6368
vn -0.2471 -0.6914 0.6789
vn -0.6645 -0.7237 -0.1861
vn -0.6295 -0.7232 -0.2841
vn -0.5797 -0.7235 -0.3749
vn -0.5177 -0.7235 -0.4566
vn -0.4434 -0.7236 -0.5289
vn -0.3601 -0.7236 -0.5888
vn -0.2679 -0.7236 -0.6361
vn -0.1704 -0.7237 -0.6688
vn -0.0684 -0.7238 -0.6866
vn 0.0346 -0.7242 -0.6887
vn 0.1366 -0.7243 -0.6758
vn 0.2358 -0.7243 -0.6479
vn 0.3297 -0.7243 -0.6055
vn 0.4163 -0.7243 -0.5496
vn 0.4936 -0.7243 -0.4814
vn 0.5598 -0.7243 -0.4025
vn 0.6135 -0.7243 -0.3145
vn 0.6536 -0.7243 -0.2196
vn 0.6790 -0.7243 -0.1197
vn 0.6892 -0.7243 -0.0172
vn 0.6841 -0.7243 0.0857
vn 0.6637 -0.7243 0.1867
vn 0.6284 -0.7243 0.2836
vn 0.5792 -0.7243 0.3741
vn 0.5169 -0.7243 0.4563
vn 0.4432 -0.7243 0.5281
vn 0.3595 -0.7243 0.5883
vn 0.2678 -0.7243 0.6353
vn 0.1701 -0.7243 0.6681
vn 0.0687 -0.7243 0.6860
vn -0.0344 -0.7244 0.6886
vn -0.1366 -0.7243 0.6758
vn -0.2358 -0.7243 0.6479
vn -0.3297 -0.7243 0.6055
vn -0.4163 -0.7243 0.5497
vn -0.4936 -0.7243 0.4814
vn -0.5598 -0.7243 0.4025
vn -0.6136 -0.7243 0.3146
vn -0.6536 -0.7243 0.2196
vn -0.6791 -0.7243 0.1198
vn -0.6893 -0.7242 0.0172
vn -0.6842 -0.7242 -0.0857
vn 0.2173 -0.0194 -0.9759
vn 0.2324 0.0000 -0.9726
vn 0.1366 0.7243 -0.6758
vn 0.0344 0.7243 -0.6886
vn 0.2026 -0.0489 -0.9780
vn 0.2071 -0.0368 -0.9776
vn -0.0687 0.7243 -0.6861
vn 0.1212 -0.1775 -0.9766
vn 0.1311 -0.1647 -0.9776
vn 0.1411 -0.1495 -0.9786
vn 0.1554 -0.1244 -0.9800
vn 0.1713 -0.0986 -0.9803
vn 0.1815 -0.0820 -0.9800
vn 0.1863 -0.0715 -0.9799
vn 0.1901 -0.0574 -0.9801
vn 0.0631 -0.2386 -0.9691
vn 0.0793 -0.2164 -0.9731
vn 0.1002 -0.1937 -0.9759
vn -0.0165 -0.3162 -0.9485
vn 0.0037 -0.2933 -0.9560
vn -0.1701 0.7243 -0.6682
vn 0.0271 -0.2774 -0.9604
vn 0.0452 -0.2592 -0.9648
vn -0.1080 -0.3967 -0.9116
vn -0.0877 -0.3757 -0.9226
vn -0.2678 0.7243 -0.6354
vn -0.0625 -0.3596 -0.9310
vn -0.0380 -0.3373 -0.9406
vn -0.3595 0.7243 -0.5884
vn -0.2337 -0.4967 -0.8358
vn -0.2084 -0.4767 -0.8540
vn -0.1885 -0.4586 -0.8684
vn -0.1634 -0.4437 -0.8811
vn -0.1346 -0.4199 -0.8975
vn -0.3362 -0.5669 -0.7520
vn -0.3168 -0.5502 -0.7726
vn -0.4432 0.7243 -0.5282
vn -0.2918 -0.5381 -0.7908
vn -0.2640 -0.5199 -0.8124
vn -0.5170 0.7242 -0.4563
vn -0.4704 -0.6465 -0.6006
vn -0.4419 -0.6303 -0.6383
vn -0.4226 -0.6165 -0.6643
vn -0.4002 -0.6069 -0.6866
vn -0.3673 -0.5884 -0.7204
vn -0.5656 -0.6880 -0.4547
vn -0.5466 -0.6800 -0.4887
vn -0.5792 0.7242 -0.3741
vn -0.5246 -0.6721 -0.5226
vn -0.5025 -0.6632 -0.5546
vn -0.6478 -0.7065 -0.2850
vn -0.6287 0.7237 -0.2846
vn -0.6689 -0.7066 -0.2306
vn -0.6648 0.7233 -0.1868
vn -0.6888 -0.7042 -0.1720
vn -0.6344 -0.7046 -0.3179
vn -0.6179 -0.7024 -0.3533
vn -0.5941 -0.6973 -0.4010
vn -0.7311 -0.6823 0.0033
vn -0.7198 -0.6917 -0.0590
vn -0.6849 0.7236 -0.0855
vn -0.7108 -0.6971 -0.0935
vn -0.7003 -0.7019 -0.1303
vn -0.7496 -0.6218 0.2269
vn -0.7492 -0.6398 0.1711
vn -0.6899 0.7237 0.0170
vn -0.7446 -0.6566 0.1203
vn -0.7399 -0.6666 0.0904
vn -0.7385 -0.6717 0.0585
vn -0.7401 -0.5593 0.3734
vn -0.7462 -0.5827 0.3219
vn -0.6795 0.7237 0.1200
vn -0.7482 -0.5964 0.2908
vn -0.7486 -0.6096 0.2608
vn -0.7034 -0.4638 0.5386
vn -0.7149 -0.4878 0.5011
vn -0.6540 0.7239 0.2197
vn -0.7244 -0.5140 0.4595
vn -0.7267 -0.5302 0.4367
vn -0.7334 -0.5387 0.4146
vn -0.6628 -0.3838 0.6429
vn -0.6792 -0.4131 0.6067
vn -0.6138 0.7240 0.3148
vn -0.6903 -0.4352 0.5780
vn -0.6969 -0.4510 0.5576
vn -0.6023 -0.2821 0.7468
vn -0.6175 -0.3054 0.7249
vn -0.5604 0.7238 0.4025
vn -0.5994 -0.2723 0.7527
vn -0.6369 -0.3379 0.6929
vn -0.6462 -0.3545 0.6758
vn -0.6521 -0.3660 0.6639
vn -0.5493 -0.1883 0.8141
vn -0.5573 -0.2076 0.8040
vn -0.4937 0.7239 0.4820
vn -0.5737 -0.2331 0.7852
vn -0.5932 -0.2603 0.7618
vn -0.4927 -0.0797 0.8666
vn -0.5011 -0.1006 0.8595
vn -0.4164 0.7241 0.5498
vn -0.5075 -0.1148 0.8540
vn -0.5154 -0.1356 0.8462
vn -0.5283 -0.1606 0.8337
vn -0.5416 -0.1765 0.8219
vn -0.4684 0.0308 0.8830
vn -0.4587 0.0157 0.8884
vn -0.4477 -0.0031 0.8942
vn -0.3297 0.7242 0.6056
vn -0.4634 -0.0216 0.8859
vn -0.4782 -0.0422 0.8772
vn -0.4792 -0.0480 0.8764
vn -0.4849 -0.0605 0.8725
vn -0.4767 -0.0345 0.8784
vn -0.5104 0.1273 0.8505
vn -0.5026 0.1111 0.8573
vn -0.4964 0.0910 0.8633
vn -0.4891 0.0709 0.8693
vn -0.4823 0.0557 0.8743
vn -0.4710 0.0482 0.8808
vn -0.4686 0.0415 0.8824
vn -0.5661 0.2212 0.7941
vn -0.5524 0.1993 0.8094
vn -0.5475 0.1859 0.8159
vn -0.5353 0.1734 0.8266
vn -0.5226 0.1497 0.8393
vn -0.6321 0.3311 0.7006
vn -0.6140 0.2999 0.7301
vn -0.6005 0.2797 0.7491
vn -0.5944 0.2705 0.7573
vn -0.5854 0.2536 0.7701
vn -0.6772 0.4110 0.6104
vn -0.6618 0.3821 0.6449
vn -0.6482 0.3677 0.6668
vn -0.6424 0.3566 0.6784
vn -0.7228 0.5178 0.4577
vn -0.7141 0.4880 0.5018
vn -0.7033 0.4635 0.5390
vn -0.6935 0.4529 0.5603
vn -0.6877 0.4396 0.5778
vn -0.7450 0.5837 0.3230
vn -0.7402 0.5594 0.3731
vn -0.7301 0.5406 0.4180
vn -0.7262 0.5324 0.4349
vn -0.7421 0.6599 0.1179
vn -0.7481 0.6409 0.1720
vn -0.7496 0.6223 0.2257
vn -0.7461 0.6115 0.2635
vn -0.7445 0.6028 0.2871
vn -0.7161 0.6949 -0.0651
vn -0.7299 0.6835 -0.0044
vn -0.7359 0.6745 0.0590
vn -0.7378 0.6694 0.0870
vn -0.6983 0.7038 -0.1305
vn -0.7043 0.7025 -0.1024
vn -0.6328 0.7026 -0.3255
vn -0.6456 0.7062 -0.2906
vn -0.6654 0.7071 -0.2391
vn -0.6858 0.7049 -0.1809
vn -0.5506 0.6787 -0.4859
vn -0.5670 0.6835 -0.4598
vn -0.5908 0.6943 -0.4109
vn -0.6205 0.6990 -0.3555
vn -0.4251 0.6161 -0.6631
vn -0.4424 0.6269 -0.6413
vn -0.4693 0.6460 -0.6021
vn -0.5012 0.6601 -0.5595
vn -0.5302 0.6689 -0.5210
vn -0.3204 0.5503 -0.7710
vn -0.3376 0.5628 -0.7545
vn -0.3658 0.5859 -0.7231
vn -0.4027 0.6052 -0.6867
vn -0.1915 0.4595 -0.8673
vn -0.2102 0.4739 -0.8551
vn -0.2329 0.4963 -0.8363
vn -0.2635 0.5180 -0.8138
vn -0.2963 0.5364 -0.7902
vn -0.0916 0.3781 -0.9212
vn -0.1118 0.3948 -0.9120
vn -0.1353 0.4198 -0.8975
vn -0.1676 0.4430 -0.8807
vn -0.0025 0.2976 -0.9547
vn 0.0180 0.2798 -0.9599
vn 0.0374 0.2617 -0.9644
vn -0.0227 0.3159 -0.9485
vn -0.0419 0.3402 -0.9394
vn -0.0696 0.3608 -0.9300
vn 0.0965 0.1973 -0.9756
vn 0.0742 0.2218 -0.9723
vn 0.0583 0.2427 -0.9684
vn 0.2165 0.0193 -0.9761
vn 0.2077 0.0364 -0.9775
vn 0.2034 0.0485 -0.9779
vn 0.1905 0.0568 -0.9800
vn 0.1866 0.0714 -0.9798
vn 0.1810 0.0833 -0.9800
vn 0.1693 0.1014 -0.9803
vn 0.1525 0.1278 -0.9800
vn 0.1383 0.1488 -0.9791
vn 0.1300 0.1659 -0.9775
vn 0.1155 0.1776 -0.9773
vn -0.2358 0.7243 0.6479
vn -0.1366 0.7243 0.6758
vn -0.0344 0.7243 0.6886
vn 0.0687 0.7243 0.6860
vn 0.1701 0.7243 0.6681
vn 0.2678 0.7243 0.6353
vn 0.3595 0.7243 0.5883
vn 0.4432 0.7243 0.5282
vn 0.5169 0.7243 0.4562
vn 0.5792 0.7243 0.3741
vn 0.6284 0.7243 0.2836
vn 0.6637 0.7243 0.1867
vn 0.6841 0.7243 0.0857
vn 0.6892 0.7243 -0.0172
vn 0.6790 0.7243 -0.1197
vn 0.6536 0.7243 -0.2196
vn 0.6135 0.7243 -0.3145
vn 0.5598 0.7243 -0.4025
vn 0.4936 0.7243 -0.4814
vn 0.4163 0.7243 -0.5496
vn 0.3297 0.7243 -0.6055
vn 0.2358 0.7243 -0.6479
vn 0.7202 0.6914 -0.0573
vn -0.7210 0.6914 -0.0458
vn -0.7202 0.6914 0.0573
vn -0.1480 -0.6914 0.7072
vn 0.5818 -0.6914 0.4283
vn 0.7072 -0.6914 0.1480
vn 0.7210 -0.6914 0.0459
vn 0.7202 -0.6914 -0.0572
vn 0.6313 -0.6914 -0.3512
vn 0.1480 -0.6914 -0.7072
vn -0.3513 -0.6914 -0.6314
vn -0.5818 -0.6914 -0.4283
vn -0.7072 -0.6914 -0.1480
vn -0.7210 -0.6914 -0.0459
vn -0.7202 -0.6914 0.0572
vn -0.6313 -0.6914 0.3512
vn 0.6172 0.7008 0.3575
vn 0.5592 0.6838 0.4687
vn -0.1759 0.1639 0.9707
vn -0.3105 0.0329 0.9500
vn -0.2671 0.0751 0.9608
vn -0.2230 0.1210 0.9673
vn 0.0339 0.3493 0.9364
vn -0.0229 0.3037 0.9525
vn -0.0763 0.2552 0.9639
vn -0.1278 0.2110 0.9691
vn 0.2892 0.5398 0.7905
vn 0.2216 0.4951 0.8401
vn 0.1561 0.4456 0.8815
vn 0.0933 0.3991 0.9122
vn 0.4962 0.6586 0.5657
vn 0.4278 0.6236 0.6543
vn 0.3589 0.5851 0.7272
vn 0.6645 0.7071 0.2418
vn 0.7013 0.7024 0.1220
vn 0.7278 0.6858 -0.0002
vn 0.7426 0.6599 -0.1143
vn 0.7462 0.6258 -0.2270
vn 0.7415 0.5859 -0.3269
vn 0.7274 0.5422 -0.4205
vn 0.7092 0.4957 -0.5014
vn 0.6837 0.4482 -0.5759
vn 0.6573 0.3997 -0.6388
vn 0.6253 0.3522 -0.6964
vn 0.5943 0.3042 -0.7445
vn 0.5585 0.2580 -0.7883
vn 0.5247 0.2114 -0.8246
vn 0.4866 0.1666 -0.8576
vn 0.4507 0.1213 -0.8844
vn 0.4106 0.0777 -0.9085
vn 0.3726 0.0331 -0.9274
vn 0.3111 -0.0000 -0.9504
vn 0.4891 -0.1639 -0.8567
vn 0.4509 -0.1210 -0.8843
vn 0.4130 -0.0751 -0.9076
vn 0.3728 -0.0328 -0.9273
vn 0.6279 -0.3494 -0.6955
vn 0.5947 -0.3038 -0.7443
vn 0.5611 -0.2552 -0.7874
vn 0.5250 -0.2110 -0.8245
vn 0.7298 -0.5397 -0.4197
vn 0.7098 -0.4950 -0.5012
vn 0.6862 -0.4454 -0.5750
vn 0.6578 -0.3992 -0.6387
vn 0.7297 -0.6838 0.0004
vn 0.7437 -0.6586 -0.1142
vn 0.7483 -0.6236 -0.2262
vn 0.7424 -0.5851 -0.3264
vn 0.6158 -0.7023 0.3571
vn 0.6645 -0.7071 0.2418
vn 0.7027 -0.7008 0.1229
vn 0.4952 -0.6599 0.5651
vn 0.5574 -0.6858 0.4680
vn 0.3581 -0.5859 0.7270
vn 0.4257 -0.6258 0.6536
vn 0.2210 -0.4958 0.8398
vn 0.2869 -0.5423 0.7897
vn 0.0928 -0.3996 0.9120
vn 0.1536 -0.4482 0.8806
vn -0.0233 -0.3042 0.9523
vn 0.0313 -0.3521 0.9354
vn -0.1281 -0.2113 0.9690
vn -0.0789 -0.2579 0.9629
vn -0.2233 -0.1213 0.9672
vn -0.1786 -0.1666 0.9697
vn -0.3726 -0.0000 0.9280
vn -0.3108 -0.0332 0.9499
vn -0.2694 -0.0777 0.9599
vn 0.7257 0.6767 0.1239
vn 0.9164 -0.0000 -0.4002
vn 0.9138 0.1056 -0.3923
vn 0.9057 0.2079 -0.3694
vn 0.8922 0.3057 -0.3324
vn 0.8737 0.3965 -0.2818
vn 0.8508 0.4778 -0.2187
vn 0.8238 0.5480 -0.1447
vn 0.7935 0.6054 -0.0615
vn 0.7607 0.6485 0.0289
vn 0.6892 0.6896 0.2225
vn 0.6531 0.6851 0.3227
vn 0.6181 0.6652 0.4189
vn 0.5837 0.6293 0.5131
vn 0.5522 0.5792 0.5997
vn 0.5232 0.5149 0.6790
vn 0.4984 0.4387 0.7477
vn 0.4780 0.3520 0.8047
vn 0.4624 0.2576 0.8484
vn 0.4512 0.1574 0.8784
vn 0.4457 0.0525 0.8936
vn 0.4460 -0.0528 0.8935
vn 0.4516 -0.1570 0.8783
vn 0.4624 -0.2576 0.8484
vn 0.4784 -0.3521 0.8045
vn 0.4992 -0.4384 0.7474
vn 0.5241 -0.5145 0.6786
vn 0.5528 -0.5784 0.5998
vn 0.5845 -0.6288 0.5127
vn 0.6185 -0.6645 0.4195
vn 0.6533 -0.6849 0.3227
vn 0.6892 -0.6895 0.2228
vn 0.7250 -0.6775 0.1241
vn 0.7600 -0.6494 0.0283
vn 0.7933 -0.6056 -0.0621
vn 0.8233 -0.5488 -0.1448
vn 0.8503 -0.4783 -0.2195
vn 0.8734 -0.3967 -0.2824
vn 0.8920 -0.3057 -0.3329
vn 0.9054 -0.2082 -0.3699
vn 0.9136 -0.1051 -0.3927
vn 0.7523 0.6572 -0.0455
vn 0.7193 0.6932 0.0452
vn 0.6849 0.7151 0.1399
vn 0.6497 0.7225 0.2365
vn 0.6145 0.7151 0.3331
vn 0.5801 0.6932 0.4277
vn 0.5470 0.6572 0.5185
vn 0.5161 0.6078 0.6035
vn 0.4878 0.5460 0.6811
vn 0.4630 0.4731 0.7495
vn 0.4418 0.3906 0.8076
vn 0.4249 0.3001 0.8540
vn 0.4126 0.2035 0.8879
vn 0.4051 0.1028 0.9085
vn 0.4026 0.0000 0.9154
vn 0.4051 -0.1029 0.9085
vn 0.4126 -0.2036 0.8879
vn 0.4249 -0.3001 0.8540
vn 0.4418 -0.3906 0.8076
vn 0.4630 -0.4732 0.7495
vn 0.4879 -0.5460 0.6811
vn 0.5161 -0.6077 0.6036
vn 0.5470 -0.6572 0.5185
vn 0.5801 -0.6932 0.4277
vn 0.6145 -0.7151 0.3331
vn 0.6497 -0.7225 0.2365
vn 0.6848 -0.7152 0.1399
vn 0.7193 -0.6932 0.0452
vn 0.7524 -0.6572 -0.0456
vn 0.7833 -0.6078 -0.1305
vn 0.8115 -0.5460 -0.2082
vn 0.8364 -0.4731 -0.2766
vn 0.8576 -0.3907 -0.3346
vn 0.8745 -0.3002 -0.3811
vn 0.8868 -0.2035 -0.4149
vn 0.8943 -0.1028 -0.4355
vn 0.8968 0.0000 -0.4424
vn 0.8943 0.1029 -0.4355
vn 0.8868 0.2035 -0.4149
vn 0.8745 0.3001 -0.3811
vn 0.8576 0.3906 -0.3347
vn 0.8364 0.4731 -0.2766
vn 0.8115 0.5460 -0.2082
vn 0.7833 0.6078 -0.1306
vn -0.4026 0.0000 -0.9154
vn -0.4051 -0.1028 -0.9085
vn -0.4126 -0.2035 -0.8879
vn -0.4249 -0.3001 -0.8540
vn -0.4418 -0.3906 -0.8076
vn -0.4629 -0.4731 -0.7496
vn -0.4879 -0.5460 -0.6811
vn -0.5161 -0.6078 -0.6035
vn -0.5471 -0.6572 -0.5185
vn -0.5801 -0.6932 -0.4277
vn -0.6145 -0.7151 -0.3331
vn -0.6497 -0.7225 -0.2365
vn -0.6849 -0.7151 -0.1399
vn -0.7193 -0.6932 -0.0453
vn -0.7523 -0.6572 0.0455
vn -0.7833 -0.6078 0.1305
vn -0.8115 -0.5460 0.2081
vn -0.8364 -0.4732 0.2766
vn -0.8576 -0.3906 0.3346
vn -0.8745 -0.3001 0.3811
vn -0.8868 -0.2036 0.4149
vn -0.8943 -0.1029 0.4355
vn -0.8968 -0.0001 0.4424
vn -0.8943 0.1028 0.4355
vn -0.8868 0.2036 0.4149
vn -0.8745 0.3001 0.3811
vn -0.8576 0.3906 0.3347
vn -0.8364 0.4732 0.2766
vn -0.8115 0.5460 0.2081
vn -0.7833 0.6078 0.1306
vn -0.7523 0.6572 0.0456
vn -0.7193 0.6932 -0.0452
vn -0.6849 0.7151 -0.1399
vn -0.6497 0.7225 -0.2365
vn -0.6145 0.7151 -0.3331
vn -0.5801 0.6932 -0.4277
vn -0.5471 0.6572 -0.5185
vn -0.5161 0.6078 -0.6035
vn -0.4879 0.5460 -0.6811
vn -0.4629 0.4731 -0.7495
vn -0.4418 0.3907 -0.8076
vn -0.4249 0.3002 -0.8540
vn -0.4126 0.2036 -0.8879
vn -0.4051 0.1028 -0.9085
usemtl None
s 1
f 1//1 2//2 3//3
f 3//3 2//2 4//4
f 3//3 4//4 5//5
f 5//5 4//4 6//6
f 5//5 6//6 7//7
f 7//7 6//6 8//8
f 7//7 8//8 9//9
f 9//9 8//8 10//10
f 9//9 10//10 11//11
f 11//11 10//10 12//12
f 11//11 12//12 13//13
f 13//13 12//12 14//14
f 13//13 14//14 15//15
f 15//15 14//14 16//16
f 15//15 16//16 17//17
f 17//17 16//16 18//18
f 17//17 18//18 19//19
f 19//19 18//18 20//20
f 19//19 20//20 21//21
f 21//21 20//20 22//22
f 21//21 22//22 23//23
f 23//23 22//22 24//24
f 23//23 24//24 25//25
f 25//25 24//24 26//26
f 25//25 26//26 27//27
f 27//27 26//26 28//28
f 27//27 28//28 29//29
f 29//29 28//28 30//30
f 29//29 30//30 31//31
f 31//31 30//30 32//32
f 31//31 32//32 33//33
f 33//33 32//32 34//34
f 33//33 34//34 35//35
f 35//35 34//34 36//36
f 35//35 36//36 37//37
f 37//37 36//36 38//38
f 37//37 38//38 39//39
f 39//39 38//38 40//40
f 39//39 40//40 41//41
f 41//41 40//40 42//42
f 41//41 42//42 43//43
f 43//43 42//42 44//44
f 43//43 44//44 45//45
f 45//45 44//44 46//46
f 45//45 46//46 47//47
f 47//47 46//46 48//48
f 47//47 48//48 49//49
f 49//49 48//48 50//50
f 49//49 50//50 51//51
f 51//51 50//50 52//52
f 51//51 52//52 53//53
f 53//53 52//52 54//54
f 53//53 54//54 55//55
f 55//55 54//54 56//56
f 55//55 56//56 57//57
f 57//57 56//56 58//58
f 57//57 58//58 59//59
f 59//59 58//58 60//60
f 59//59 60//60 61//61
f 61//61 60//60 62//62
f 61//61 62//62 63//63
f 63//63 62//62 64//64
f 63//63 64//64 65//65
f 65//65 64//64 66//66
f 65//65 66//66 67//67
f 67//67 66//66 68//68
f 67//67 68//68 69//69
f 69//69 68//68 70//70
f 69//69 70//70 71//71
f 71//71 70//70 72//72
f 71//71 72//72 73//73
f 73//73 72//72 74//74
f 73//73 74//74 75//75
f 75//75 74//74 76//76
f 75//75 76//76 77//77
f 77//77 76//76 78//78
f 77//77 78//78 79//79
f 79//79 78//78 80//80
f 79//79 80//80 81//81
f 81//81 80//80 82//82
f 81//81 82//82 83//83
f 83//83 82//82 84//84
f 83//83 84//84 85//85
f 85//85 84//84 86//86
f 85//85 86//86 87//87
f 87//87 86//86 88//88
f 87//87 88//88 89//89
f 89//89 88//88 90//90
f 89//89 90//90 91//91
f 91//91 90//90 92//92
f 91//91 92//92 93//93
f 93//93 92//92 94//94
f 93//93 94//94 95//95
f 95//95 94//94 96//96
f 95//95 96//96 1//1
f 1//1 96//96 2//2
f 97//97 98//98 99//99
f 100//100 101//101 102//102
f 103//103 104//104 105//105
f 106//106 107//107 108//108
f 97//97 109//109 98//98
f 98//98 109//109 110//110
f 98//98 110//110 111//111
f 111//111 112//112 98//98
f 98//98 112//112 113//113
f 98//98 113//113 114//114
f 102//102 115//115 100//100
f 100//100 115//115 116//116
f 100//100 116//116 117//117
f 118//118 119//119 120//120
f 104//104 121//121 105//105
f 105//105 121//121 122//122
f 105//105 122//122 108//108
f 108//108 122//122 123//123
f 108//108 123//123 106//106
f 124//124 125//125 99//99
f 99//99 125//125 126//126
f 99//99 126//126 127//127
f 114//114 128//128 98//98
f 98//98 128//128 129//129
f 98//98 129//129 100//100
f 100//100 129//129 130//130
f 100//100 130//130 101//101
f 117//117 131//131 100//100
f 100//100 131//131 132//132
f 100//100 132//132 118//118
f 118//118 132//132 133//133
f 118//118 133//133 119//119
f 120//120 134//134 118//118
f 118//118 134//134 135//135
f 118//118 135//135 136//136
f 127//127 137//137 99//99
f 99//99 137//137 138//138
f 99//99 138//138 97//97
f 107//107 139//139 108//108
f 108//108 139//139 140//140
f 108//108 140//140 141//141
f 142//142 143//143 105//105
f 105//105 143//143 144//144
f 105//105 144//144 103//103
f 141//141 145//145 108//108
f 108//108 145//145 146//146
f 108//108 146//146 99//99
f 99//99 146//146 147//147
f 99//99 147//147 124//124
f 136//136 148//148 118//118
f 118//118 148//148 149//149
f 118//118 149//149 105//105
f 105//105 149//149 150//150
f 105//105 150//150 142//142
f 108//108 151//151 105//105
f 105//105 151//151 152//152
f 99//99 153//153 108//108
f 108//108 153//153 151//151
f 98//98 154//154 99//99
f 99//99 154//154 153//153
f 100//100 155//155 98//98
f 98//98 155//155 154//154
f 118//118 156//156 100//100
f 100//100 156//156 155//155
f 25//25 157//157 23//23
f 23//23 157//157 158//158
f 23//23 158//158 21//21
f 21//21 158//158 159//159
f 21//21 159//159 19//19
f 19//19 159//159 160//160
f 19//19 160//160 17//17
f 17//17 160//160 161//161
f 17//17 161//161 15//15
f 15//15 161//161 162//162
f 15//15 162//162 13//13
f 13//13 162//162 163//163
f 13//13 163//163 11//11
f 11//11 163//163 164//164
f 11//11 164//164 9//9
f 9//9 164//164 165//165
f 9//9 165//165 7//7
f 7//7 165//165 166//166
f 7//7 166//166 5//5
f 5//5 166//166 167//167
f 5//5 167//167 3//3
f 3//3 167//167 168//168
f 3//3 168//168 1//1
f 1//1 168//168 169//169
f 1//1 169//169 95//95
f 95//95 169//169 170//170
f 95//95 170//170 93//93
f 93//93 170//170 171//171
f 93//93 171//171 91//91
f 91//91 171//171 172//172
f 91//91 172//172 89//89
f 89//89 172//172 173//173
f 89//89 173//173 87//87
f 87//87 173//173 174//174
f 87//87 174//174 85//85
f 85//85 174//174 175//175
f 85//85 175//175 83//83
f 83//83 175//175 176//176
f 83//83 176//176 81//81
f 81//81 176//176 177//177
f 81//81 177//177 79//79
f 79//79 177//177 178//178
f 79//79 178//178 77//77
f 77//77 178//178 179//179
f 77//77 179//179 75//75
f 75//75 179//179 180//180
f 75//75 180//180 73//73
f 73//73 180//180 181//181
f 73//73 181//181 71//71
f 71//71 181//181 182//182
f 71//71 182//182 69//69
f 69//69 182//182 183//183
f 69//69 183//183 67//67
f 67//67 183//183 184//184
f 67//67 184//184 65//65
f 65//65 184//184 185//185
f 65//65 185//185 63//63
f 63//63 185//185 186//186
f 63//63 186//186 61//61
f 61//61 186//186 187//187
f 61//61 187//187 59//59
f 59//59 187//187 188//188
f 59//59 188//188 57//57
f 57//57 188//188 189//189
f 57//57 189//189 55//55
f 55//55 189//189 190//190
f 55//55 190//190 53//53
f 53//53 190//190 191//191
f 53//53 191//191 51//51
f 51//51 191//191 192//192
f 51//51 192//192 49//49
f 49//49 192//192 193//193
f 49//49 193//193 47//47
f 47//47 193//193 194//194
f 47//47 194//194 45//45
f 45//45 194//194 195//195
f 45//45 195//195 43//43
f 43//43 195//195 196//196
f 43//43 196//196 41//41
f 41//41 196//196 197//197
f 41//41 197//197 39//39
f 39//39 197//197 198//198
f 39//39 198//198 37//37
f 37//37 198//198 199//199
f 37//37 199//199 35//35
f 35//35 199//199 200//200
f 35//35 200//200 33//33
f 33//33 200//200 201//201
f 33//33 201//201 31//31
f 31//31 201//201 202//202
f 31//31 202//202 29//29
f 29//29 202//202 203//203
f 29//29 203//203 27//27
f 27//27 203//203 204//204
f 27//27 204//204 25//25
f 25//25 204//204 157//157
f 205//205 206//206 207//207
f 207//207 206//206 208//208
f 207//207 208//208 209//209
f 209//209 208//208 210//210
f 209//209 210//210 211//211
f 211//211 210//210 212//212
f 211//211 212//212 213//213
f 213//213 212//212 214//214
f 213//213 214//214 215//215
f 215//215 214//214 216//216
f 215//215 216//216 217//217
f 217//217 216//216 218//218
f 217//217 218//218 219//219
f 219//219 218//218 220//220
f 219//219 220//220 221//221
f 221//221 220//220 222//222
f 221//221 222//222 223//223
f 223//223 222//222 224//224
f 223//223 224//224 225//225
f 225//225 224//224 226//226
f 225//225 226//226 227//227
f 227//227 226//226 228//228
f 227//227 228//228 229//229
f 229//229 228//228 230//230
f 229//229 230//230 231//231
f 231//231 230//230 232//232
f 231//231 232//232 233//233
f 233//233 232//232 234//234
f 233//233 234//234 235//235
f 235//235 234//234 236//236
f 235//235 236//236 237//237
f 237//237 236//236 238//238
f 237//237 238//238 239//239
f 239//239 238//238 240//240
f 239//239 240//240 241//241
f 241//241 240//240 242//242
f 241//241 242//242 243//243
f 243//243 242//242 244//244
f 243//243 244//244 245//245
f 245//245 244//244 246//246
f 245//245 246//246 247//247
f 247//247 246//246 248//248
f 247//247 248//248 249//249
f 249//249 248//248 250//250
f 249//249 250//250 251//251
f 251//251 250//250 252//252
f 251//251 252//252 253//253
f 253//253 252//252 254//254
f 253//253 254//254 255//255
f 255//255 254//254 256//256
f 255//255 256//256 257//257
f 257//257 256//256 258//258
f 257//257 258//258 259//259
f 259//259 258//258 260//260
f 259//259 260//260 261//261
f 261//261 260//260 262//262
f 261//261 262//262 263//263
f 263//263 262//262 264//264
f 263//263 264//264 265//265
f 265//265 264//264 266//266
f 265//265 266//266 267//267
f 267//267 266//266 268//268
f 267//267 268//268 269//269
f 269//269 268//268 270//270
f 269//269 270//270 271//271
f 271//271 270//270 272//272
f 271//271 272//272 273//273
f 273//273 272//272 274//274
f 273//273 274//274 275//275
f 275//275 274//274 276//276
f 275//275 276//276 277//277
f 277//277 276//276 278//278
f 277//277 278//278 279//279
f 279//279 278//278 280//280
f 279//279 280//280 281//281
f 281//281 280//280 282//282
f 281//281 282//282 283//283
f 283//283 282//282 284//284
f 283//283 284//284 285//285
f 285//285 284//284 286//286
f 285//285 286//286 287//287
f 287//287 286//286 288//288
f 287//287 288//288 289//289
f 289//289 288//288 290//290
f 289//289 290//290 291//291
f 291//291 290//290 292//292
f 291//291 292//292 293//293
f 293//293 292//292 294//294
f 293//293 294//294 295//295
f 295//295 294//294 296//296
f 295//295 296//296 297//297
f 297//297 296//296 298//298
f 297//297 298//298 299//299
f 299//299 298//298 300//300
f 299//299 300//300 205//205
f 205//205 300//300 206//206
f 156//156 92//92 90//90
f 90//90 88//88 156//156
f 156//156 88//88 86//86
f 156//156 86//86 84//84
f 76//76 74//74 155//155
f 74//74 72//72 155//155
f 155//155 72//72 70//70
f 155//155 70//70 68//68
f 44//44 42//42 153//153
f 42//42 40//40 153//153
f 153//153 40//40 38//38
f 153//153 38//38 36//36
f 28//28 26//26 151//151
f 84//84 82//82 156//156
f 156//156 82//82 80//80
f 156//156 80//80 155//155
f 155//155 80//80 78//78
f 155//155 78//78 76//76
f 68//68 66//66 155//155
f 155//155 66//66 64//64
f 155//155 64//64 154//154
f 64//64 62//62 154//154
f 154//154 62//62 60//60
f 154//154 60//60 58//58
f 152//152 12//12 10//10
f 10//10 8//8 152//152
f 152//152 8//8 6//6
f 152//152 6//6 4//4
f 58//58 56//56 154//154
f 154//154 56//56 54//54
f 154//154 54//54 52//52
f 26//26 24//24 151//151
f 151//151 24//24 22//22
f 151//151 22//22 20//20
f 4//4 2//2 152//152
f 152//152 2//2 96//96
f 152//152 96//96 156//156
f 156//156 96//96 94//94
f 156//156 94//94 92//92
f 36//36 34//34 153//153
f 153//153 34//34 32//32
f 153//153 32//32 151//151
f 151//151 32//32 30//30
f 151//151 30//30 28//28
f 20//20 18//18 151//151
f 151//151 18//18 16//16
f 151//151 16//16 152//152
f 152//152 16//16 14//14
f 152//152 14//14 12//12
f 52//52 50//50 154//154
f 154//154 50//50 48//48
f 154//154 48//48 153//153
f 153//153 48//48 46//46
f 153//153 46//46 44//44
f 105//105 152//152 118//118
f 118//118 152//152 156//156
f 301//301 302//302 303//303
f 303//303 302//302 304//304
f 303//303 304//304 305//305
f 305//305 304//304 306//306
f 305//305 306//306 307//307
f 307//307 306//306 308//308
f 307//307 308//308 309//309
f 309//309 308//308 310//310
f 309//309 310//310 311//311
f 311//311 310//310 312//312
f 311//311 312//312 313//313
f 313//313 312//312 314//314
f 313//313 314//314 315//315
f 315//315 314//314 316//316
f 315//315 316//316 317//317
f 317//317 316//316 318//318
f 317//317 318//318 319//319
f 319//319 318//318 320//320
f 319//319 320//320 321//321
f 321//321 320//320 322//322
f 321//321 322//322 323//323
f 323//323 322//322 324//324
f 323//323 324//324 325//325
f 325//325 324//324 326//326
f 325//325 326//326 327//327
f 327//327 326//326 328//328
f 327//327 328//328 329//329
f 329//329 328//328 330//330
f 329//329 330//330 331//331
f 331//331 330//330 332//332
f 331//331 332//332 333//333
f 333//333 332//332 334//334
f 333//333 334//334 335//335
f 335//335 334//334 336//336
f 335//335 336//336 337//337
f 337//337 336//336 338//338
f 337//337 338//338 339//339
f 339//339 338//338 340//340
f 339//339 340//340 341//341
f 341//341 340//340 342//342
f 341//341 342//342 343//343
f 343//343 342//342 344//344
f 343//343 344//344 345//345
f 345//345 344//344 346//346
f 345//345 346//346 347//347
f 347//347 346//346 348//348
f 347//347 348//348 349//349
f 349//349 348//348 350//350
f 349//349 350//350 351//351
f 351//351 350//350 352//352
f 351//351 352//352 353//353
f 353//353 352//352 354//354
f 353//353 354//354 355//355
f 355//355 354//354 356//356
f 355//355 356//356 357//357
f 357//357 356//356 358//358
f 357//357 358//358 359//359
f 359//359 358//358 360//360
f 359//359 360//360 361//361
f 361//361 360//360 362//362
f 361//361 362//362 363//363
f 363//363 362//362 364//364
f 363//363 364//364 365//365
f 365//365 364//364 366//366
f 365//365 366//366 367//367
f 367//367 366//366 368//368
f 367//367 368//368 369//369
f 369//369 368//368 370//370
f 369//369 370//370 371//371
f 371//371 370//370 372//372
f 371//371 372//372 373//373
f 373//373 372//372 374//374
f 373//373 374//374 375//375
f 375//375 374//374 376//376
f 375//375 376//376 377//377
f 377//377 376//376 378//378
f 377//377 378//378 301//301
f 301//301 378//378 302//302
f 375//375 222//222 373//373
f 373//373 222//222 220//220
f 373//373 220//220 371//371
f 371//371 220//220 218//218
f 371//371 218//218 369//369
f 369//369 218//218 216//216
f 369//369 216//216 367//367
f 216//216 214//214 367//367
f 367//367 214//214 212//212
f 367//367 212//212 365//365
f 365//365 212//212 210//210
f 365//365 210//210 363//363
f 363//363 210//210 208//208
f 363//363 208//208 361//361
f 361//361 208//208 206//206
f 361//361 206//206 359//359
f 341//341 276//276 339//339
f 339//339 276//276 274//274
f 339//339 274//274 337//337
f 337//337 274//274 272//272
f 337//337 272//272 335//335
f 335//335 272//272 270//270
f 335//335 270//270 333//333
f 349//349 286//286 347//347
f 347//347 286//286 284//284
f 347//347 284//284 345//345
f 345//345 284//284 282//282
f 345//345 282//282 343//343
f 343//343 282//282 280//280
f 343//343 280//280 341//341
f 341//341 280//280 278//278
f 341//341 278//278 276//276
f 206//206 300//300 359//359
f 359//359 300//300 298//298
f 359//359 298//298 357//357
f 357//357 298//298 296//296
f 357//357 296//296 355//355
f 355//355 296//296 294//294
f 355//355 294//294 353//353
f 353//353 294//294 292//292
f 353//353 292//292 351//351
f 351//351 292//292 290//290
f 351//351 290//290 349//349
f 349//349 290//290 288//288
f 349//349 288//288 286//286
f 307//307 234//234 305//305
f 305//305 234//234 232//232
f 305//305 232//232 303//303
f 303//303 232//232 230//230
f 303//303 230//230 301//301
f 301//301 230//230 228//228
f 301//301 228//228 377//377
f 377//377 228//228 226//226
f 377//377 226//226 375//375
f 375//375 226//226 224//224
f 375//375 224//224 222//222
f 315//315 244//244 313//313
f 313//313 244//244 242//242
f 313//313 242//242 311//311
f 311//311 242//242 240//240
f 311//311 240//240 309//309
f 309//309 240//240 238//238
f 309//309 238//238 307//307
f 307//307 238//238 236//236
f 307//307 236//236 234//234
f 323//323 254//254 321//321
f 321//321 254//254 252//252
f 321//321 252//252 319//319
f 319//319 252//252 250//250
f 319//319 250//250 317//317
f 317//317 250//250 248//248
f 317//317 248//248 315//315
f 315//315 248//248 246//246
f 315//315 246//246 244//244
f 270//270 268//268 333//333
f 333//333 268//268 266//266
f 333//333 266//266 331//331
f 331//331 266//266 264//264
f 331//331 264//264 329//329
f 329//329 264//264 262//262
f 329//329 262//262 327//327
f 327//327 262//262 260//260
f 327//327 260//260 325//325
f 325//325 260//260 258//258
f 325//325 258//258 323//323
f 323//323 258//258 256//256
f 323//323 256//256 254//254
f 366//366 176//176 368//368
f 368//368 176//176 175//175
f 368//368 175//175 370//370
f 370//370 175//175 174//174
f 370//370 174//174 372//372
f 372//372 174//174 173//173
f 372//372 173//173 374//374
f 314//314 160//160 316//316
f 316//316 160//160 159//159
f 316//316 159//159 318//318
f 318//318 159//159 158//158
f 318//318 158//158 320//320
f 320//320 158//158 157//157
f 320//320 157//157 322//322
f 358//358 181//181 360//360
f 360//360 181//181 180//180
f 360//360 180//180 362//362
f 362//362 180//180 179//179
f 362//362 179//179 364//364
f 364//364 179//179 178//178
f 364//364 178//178 366//366
f 366//366 178//178 177//177
f 366//366 177//177 176//176
f 340//340 192//192 342//342
f 342//342 192//192 191//191
f 342//342 191//191 344//344
f 344//344 191//191 190//190
f 344//344 190//190 346//346
f 346//346 190//190 189//189
f 346//346 189//189 348//348
f 189//189 188//188 348//348
f 348//348 188//188 187//187
f 348//348 187//187 350//350
f 350//350 187//187 186//186
f 350//350 186//186 352//352
f 352//352 186//186 185//185
f 352//352 185//185 354//354
f 354//354 185//185 184//184
f 354//354 184//184 356//356
f 356//356 184//184 183//183
f 356//356 183//183 358//358
f 358//358 183//183 182//182
f 358//358 182//182 181//181
f 306//306 165//165 308//308
f 308//308 165//165 164//164
f 308//308 164//164 310//310
f 310//310 164//164 163//163
f 310//310 163//163 312//312
f 312//312 163//163 162//162
f 312//312 162//162 314//314
f 314//314 162//162 161//161
f 314//314 161//161 160//160
f 173//173 172//172 374//374
f 374//374 172//172 171//171
f 374//374 171//171 376//376
f 376//376 171//171 170//170
f 376//376 170//170 378//378
f 378//378 170//170 169//169
f 378//378 169//169 302//302
f 302//302 169//169 168//168
f 302//302 168//168 304//304
f 304//304 168//168 167//167
f 304//304 167//167 306//306
f 306//306 167//167 166//166
f 306//306 166//166 165//165
f 157//157 204//204 322//322
f 322//322 204//204 203//203
f 322//322 203//203 324//324
f 324//324 203//203 202//202
f 324//324 202//202 326//326
f 326//326 202//202 201//201
f 326//326 201//201 328//328
f 328//328 201//201 200//200
f 328//328 200//200 330//330
f 330//330 200//200 199//199
f 330//330 199//199 332//332
f 199//199 198//198 332//332
f 332//332 198//198 197//197
f 332//332 197//197 334//334
f 334//334 197//197 196//196
f 334//334 196//196 336//336
f 336//336 196//196 195//195
f 336//336 195//195 338//338
f 338//338 195//195 194//194
f 338//338 194//194 340//340
f 340//340 194//194 193//193
f 340//340 193//193 192//192
f 149//149 231//231 150//150
f 150//150 231//231 233//233
f 150//150 233//233 142//142
f 142//142 233//233 235//235
f 142//142 235//235 143//143
f 143//143 235//235 237//237
f 143//143 237//237 144//144
f 144//144 237//237 239//239
f 144//144 239//239 103//103
f 103//103 239//239 241//241
f 103//103 241//241 104//104
f 104//104 241//241 243//243
f 104//104 243//243 121//121
f 121//121 243//243 245//245
f 121//121 245//245 122//122
f 122//122 245//245 247//247
f 122//122 247//247 123//123
f 123//123 247//247 249//249
f 123//123 249//249 106//106
f 106//106 249//249 251//251
f 106//106 251//251 107//107
f 107//107 251//251 253//253
f 107//107 253//253 139//139
f 139//139 253//253 255//255
f 139//139 255//255 140//140
f 140//140 255//255 257//257
f 140//140 257//257 141//141
f 141//141 257//257 259//259
f 141//141 259//259 145//145
f 145//145 259//259 261//261
f 145//145 261//261 146//146
f 146//146 261//261 263//263
f 146//146 263//263 147//147
f 147//147 263//263 265//265
f 147//147 265//265 124//124
f 124//124 265//265 267//267
f 124//124 267//267 125//125
f 125//125 267//267 269//269
f 125//125 269//269 126//126
f 126//126 269//269 271//271
f 126//126 271//271 127//127
f 127//127 271//271 273//273
f 127//127 273//273 137//137
f 137//137 273//273 275//275
f 137//137 275//275 138//138
f 138//138 275//275 277//277
f 138//138 277//277 97//97
f 97//97 277//277 279//279
f 97//97 279//279 109//109
f 109//109 279//279 281//281
f 109//109 281//281 110//110
f 110//110 281//281 283//283
f 110//110 283//283 111//111
f 111//111 283//283 285//285
f 111//111 285//285 112//112
f 112//112 285//285 287//287
f 112//112 287//287 113//113
f 113//113 287//287 289//289
f 113//113 289//289 114//114
f 114//114 289//289 291//291
f 114//114 291//291 128//128
f 128//128 291//291 293//293
f 128//128 293//293 129//129
f 129//129 293//293 295//295
f 129//129 295//295 130//130
f 130//130 295//295 297//297
f 130//130 297//297 101//101
f 101//101 297//297 299//299
f 101//101 299//299 102//102
f 102//102 299//299 205//205
f 102//102 205//205 115//115
f 115//115 205//205 207//207
f 115//115 207//207 116//116
f 116//116 207//207 209//209
f 116//116 209//209 117//117
f 117//117 209//209 211//211
f 117//117 211//211 131//131
f 131//131 211//211 213//213
f 131//131 213//213 132//132
f 132//132 213//213 215//215
f 132//132 215//215 133//133
f 133//133 215//215 217//217
f 133//133 217//217 119//119
f 119//119 217//217 219//219
f 119//119 219//219 120//120
f 120//120 219//219 221//221
f 120//120 221//221 134//134
f 134//134 221//221 223//223
f 134//134 223//223 135//135
f 135//135 223//223 225//225
f 135//135 225//225 136//136
f 136//136 225//225 227//227
f 136//136 227//227 148//148
f 148//148 227//227 229//229
f 148//148 229//229 149//149
f 149//149 229//229 231//231
f 379//379 380//380 381//381
f 381//381 380//380 382//382
f 381//381 382//382 383//383
f 383//383 382//382 384//384
f 383//383 384//384 385//385
f 385//385 384//384 386//386
f 385//385 386//386 387//387
f 387//387 386//386 388//388
f 387//387 388//388 389//389
f 389//389 388//388 390//390
f 389//389 390//390 391//391
f 391//391 390//390 392//392
f 391//391 392//392 393//393
f 393//393 392//392 394//394
f 393//393 394//394 395//395
f 395//395 394//394 396//396
f 395//395 396//396 397//397
f 397//397 396//396 398//398
f 397//397 398//398 399//399
f 399//399 398//398 400//400
f 399//399 400//400 401//401
f 401//401 400//400 402//402
f 401//401 402//402 403//403
f 403//403 402//402 404//404
f 403//403 404//404 405//405
f 405//405 404//404 406//406
f 405//405 406//406 407//407
f 407//407 406//406 408//408
f 407//407 408//408 409//409
f 409//409 408//408 410//410
f 409//409 410//410 411//411
f 411//411 410//410 412//412
f 411//411 412//412 413//413
f 413//413 412//412 414//414
f 413//413 414//414 415//415
f 415//415 414//414 416//416
f 415//415 416//416 417//417
f 417//417 416//416 418//418
f 417//417 418//418 419//419
f 419//419 418//418 420//420
f 419//419 420//420 421//421
f 421//421 420//420 422//422
f 421//421 422//422 423//423
f 423//423 422//422 424//424
f 423//423 424//424 425//425
f 425//425 424//424 426//426
f 425//425 426//426 427//427
f 427//427 426//426 428//428
f 427//427 428//428 429//429
f 429//429 428//428 430//430
f 429//429 430//430 431//431
f 431//431 430//430 432//432
f 431//431 432//432 433//433
f 433//433 432//432 434//434
f 433//433 434//434 435//435
f 435//435 434//434 436//436
f 435//435 436//436 437//437
f 437//437 436//436 438//438
f 437//437 438//438 439//439
f 439//439 438//438 440//440
f 439//439 440//440 441//441
f 441//441 440//440 442//442
f 441//441 442//442 443//443
f 443//443 442//442 444//444
f 443//443 444//444 445//445
f 445//445 444//444 446//446
f 445//445 446//446 447//447
f 447//447 446//446 448//448
f 447//447 448//448 449//449
f 449//449 448//448 450//450
f 449//449 450//450 451//451
f 451//451 450//450 452//452
f 451//451 452//452 453//453
f 453//453 452//452 454//454
f 453//453 454//454 455//455
f 455//455 454//454 456//456
f 455//455 456//456 457//457
f 457//457 456//456 458//458
f 457//457 458//458 459//459
f 459//459 458//458 460//460
f 459//459 460//460 461//461
f 461//461 460//460 462//462
f 461//461 462//462 463//463
f 463//463 462//462 464//464
f 463//463 464//464 465//465
f 465//465 464//464 466//466
f 465//465 466//466 467//467
f 467//467 466//466 468//468
f 467//467 468//468 469//469
f 469//469 468//468 470//470
f 469//469 470//470 471//471
f 471//471 470//470 472//472
f 471//471 472//472 473//473
f 473//473 472//472 474//474
f 473//473 474//474 379//379
f 379//379 474//474 380//380
f 475//475 476//476 477//477
f 478//478 479//479 480//480
f 481//481 482//482 483//483
f 484//484 485//485 486//486
f 475//475 487//487 476//476
f 476//476 487//487 488//488
f 476//476 488//488 489//489
f 489//489 490//490 476//476
f 476//476 490//490 491//491
f 476//476 491//491 492//492
f 480//480 493//493 478//478
f 478//478 493//493 494//494
f 478//478 494//494 495//495
f 496//496 497//497 498//498
f 482//482 499//499 483//483
f 483//483 499//499 500//500
f 483//483 500//500 486//486
f 486//486 500//500 501//501
f 486//486 501//501 484//484
f 502//502 503//503 477//477
f 477//477 503//503 504//504
f 477//477 504//504 505//505
f 492//492 506//506 476//476
f 476//476 506//506 507//507
f 476//476 507//507 478//478
f 478//478 507//507 508//508
f 478//478 508//508 479//479
f 495//495 509//509 478//478
f 478//478 509//509 510//510
f 478//478 510//510 496//496
f 496//496 510//510 511//511
f 496//496 511//511 497//497
f 498//498 512//512 496//496
f 496//496 512//512 513//513
f 496//496 513//513 514//514
f 505//505 515//515 477//477
f 477//477 515//515 516//516
f 477//477 516//516 475//475
f 485//485 517//517 486//486
f 486//486 517//517 518//518
f 486//486 518//518 519//519
f 520//520 521//521 483//483
f 483//483 521//521 522//522
f 483//483 522//522 481//481
f 519//519 523//523 486//486
f 486//486 523//523 524//524
f 486//486 524//524 477//477
f 477//477 524//524 525//525
f 477//477 525//525 502//502
f 514//514 526//526 496//496
f 496//496 526//526 527//527
f 496//496 527//527 483//483
f 483//483 527//527 528//528
f 483//483 528//528 520//520
f 486//486 529//529 483//483
f 483//483 529//529 530//530
f 477//477 531//531 486//486
f 486//486 531//531 529//529
f 476//476 532//532 477//477
f 477//477 532//532 531//531
f 478//478 533//533 476//476
f 476//476 533//533 532//532
f 496//496 534//534 478//478
f 478//478 534//534 533//533
f 403//403 535//535 401//401
f 401//401 535//535 536//536
f 401//401 536//536 399//399
f 399//399 536//536 537//537
f 399//399 537//537 397//397
f 397//397 537//537 538//538
f 397//397 538//538 395//395
f 395//395 538//538 539//539
f 395//395 539//539 393//393
f 393//393 539//539 540//540
f 393//393 540//540 391//391
f 391//391 540//540 541//541
f 391//391 541//541 389//389
f 389//389 541//541 542//542
f 389//389 542//542 387//387
f 387//387 542//542 543//543
f 387//387 543//543 385//385
f 385//385 543//543 544//544
f 385//385 544//544 383//383
f 383//383 544//544 545//545
f 383//383 545//545 381//381
f 381//381 545//545 546//546
f 381//381 546//546 379//379
f 379//379 546//546 547//547
f 379//379 547//547 473//473
f 473//473 547//547 548//548
f 473//473 548//548 471//471
f 471//471 548//548 549//549
f 471//471 549//549 469//469
f 469//469 549//549 550//550
f 469//469 550//550 467//467
f 467//467 550//550 551//551
f 467//467 551//551 465//465
f 465//465 551//551 552//552
f 465//465 552//552 463//463
f 463//463 552//552 553//553
f 463//463 553//553 461//461
f 461//461 553//553 554//554
f 461//461 554//554 459//459
f 459//459 554//554 555//555
f 459//459 555//555 457//457
f 457//457 555//555 556//556
f 457//457 556//556 455//455
f 455//455 556//556 557//557
f 455//455 557//557 453//453
f 453//453 557//557 558//558
f 453//453 558//558 451//451
f 451//451 558//558 559//559
f 451//451 559//559 449//449
f 449//449 559//559 560//560
f 449//449 560//560 447//447
f 447//447 560//560 561//561
f 447//447 561//561 445//445
f 445//445 561//561 562//562
f 445//445 562//562 443//443
f 443//443 562//562 563//563
f 443//443 563//563 441//441
f 441//441 563//563 564//564
f 441//441 564//564 439//439
f 439//439 564//564 565//565
f 439//439 565//565 437//437
f 437//437 565//565 566//566
f 437//437 566//566 435//435
f 435//435 566//566 567//567
f 435//435 567//567 433//433
f 433//433 567//567 568//568
f 433//433 568//568 431//431
f 431//431 568//568 569//569
f 431//431 569//569 429//429
f 429//429 569//569 570//570
f 429//429 570//570 427//427
f 427//427 570//570 571//571
f 427//427 571//571 425//425
f 425//425 571//571 572//572
f 425//425 572//572 423//423
f 423//423 572//572 573//573
f 423//423 573//573 421//421
f 421//421 573//573 574//574
f 421//421 574//574 419//419
f 419//419 574//574 575//575
f 419//419 575//575 417//417
f 417//417 575//575 576//576
f 417//417 576//576 415//415
f 415//415 576//576 577//577
f 415//415 577//577 413//413
f 413//413 577//577 578//578
f 413//413 578//578 411//411
f 411//411 578//578 579//579
f 411//411 579//579 409//409
f 409//409 579//579 580//580
f 409//409 580//580 407//407
f 407//407 580//580 581//581
f 407//407 581//581 405//405
f 405//405 581//581 582//582
f 405//405 582//582 403//403
f 403//403 582//582 535//535
f 583//583 584//584 585//585
f 585//585 584//584 586//586
f 585//585 586//586 587//587
f 587//587 586//586 588//588
f 587//587 588//588 589//589
f 589//589 588//588 590//590
f 589//589 590//590 591//591
f 591//591 590//590 592//592
f 591//591 592//592 593//593
f 593//593 592//592 594//594
f 593//593 594//594 595//595
f 595//595 594//594 596//596
f 595//595 596//596 597//597
f 597//597 596//596 598//598
f 597//597 598//598 599//599
f 599//599 598//598 600//600
f 599//599 600//600 601//601
f 601//601 600//600 602//602
f 601//601 602//602 603//603
f 603//603 602//602 604//604
f 603//603 604//604 605//605
f 605//605 604//604 606//606
f 605//605 606//606 607//607
f 607//607 606//606 608//608
f 607//607 608//608 609//609
f 609//609 608//608 610//610
f 609//609 610//610 611//611
f 611//611 610//610 612//612
f 611//611 612//612 613//613
f 613//613 612//612 614//614
f 613//613 614//614 615//615
f 615//615 614//614 616//616
f 615//615 616//616 617//617
f 617//617 616//616 618//618
f 617//617 618//618 619//619
f 619//619 618//618 620//620
f 619//619 620//620 621//621
f 621//621 620//620 622//622
f 621//621 622//622 623//623
f 623//623 622//622 624//624
f 623//623 624//624 625//625
f 625//625 624//624 626//626
f 625//625 626//626 627//627
f 627//627 626//626 628//628
f 627//627 628//628 629//629
f 629//629 628//628 630//630
f 629//629 630//630 631//631
f 631//631 630//630 632//632
f 631//631 632//632 633//633
f 633//633 632//632 634//634
f 633//633 634//634 635//635
f 635//635 634//634 636//636
f 635//635 636//636 637//637
f 637//637 636//636 638//638
f 637//637 638//638 639//639
f 639//639 638//638 640//640
f 639//639 640//640 641//641
f 641//641 640//640 642//642
f 641//641 642//642 643//643
f 643//643 642//642 644//644
f 643//643 644//644 645//645
f 645//645 644//644 646//646
f 645//645 646//646 647//647
f 647//647 646//646 648//648
f 647//647 648//648 649//649
f 649//649 648//648 650//650
f 649//649 650//650 651//651
f 651//651 650//650 652//652
f 651//651 652//652 653//653
f 653//653 652//652 654//654
f 653//653 654//654 655//655
f 655//655 654//654 656//656
f 655//655 656//656 657//657
f 657//657 656//656 658//658
f 657//657 658//658 659//659
f 659//659 658//658 660//660
f 659//659 660//660 661//661
f 661//661 660//660 662//662
f 661//661 662//662 663//663
f 663//663 662//662 664//664
f 663//663 664//664 665//665
f 665//665 664//664 666//666
f 665//665 666//666 667//667
f 667//667 666//666 668//668
f 667//667 668//668 669//669
f 669//669 668//668 670//670
f 669//669 670//670 671//671
f 671//671 670//670 672//672
f 671//671 672//672 673//673
f 673//673 672//672 674//674
f 673//673 674//674 675//675
f 675//675 674//674 676//676
f 675//675 676//676 677//677
f 677//677 676//676 678//678
f 677//677 678//678 583//583
f 583//583 678//678 584//584
f 534//534 470//470 468//468
f 468//468 466//466 534//534
f 534//534 466//466 464//464
f 534//534 464//464 462//462
f 454//454 452//452 533//533
f 452//452 450//450 533//533
f 533//533 450//450 448//448
f 533//533 448//448 446//446
f 422//422 420//420 531//531
f 420//420 418//418 531//531
f 531//531 418//418 416//416
f 531//531 416//416 414//414
f 406//406 404//404 529//529
f 462//462 460//460 534//534
f 534//534 460//460 458//458
f 534//534 458//458 533//533
f 533//533 458//458 456//456
f 533//533 456//456 454//454
f 446//446 444//444 533//533
f 533//533 444//444 442//442
f 533//533 442//442 532//532
f 442//442 440//440 532//532
f 532//532 440//440 438//438
f 532//532 438//438 436//436
f 530//530 390//390 388//388
f 388//388 386//386 530//530
f 530//530 386//386 384//384
f 530//530 384//384 382//382
f 436//436 434//434 532//532
f 532//532 434//434 432//432
f 532//532 432//432 430//430
f 404//404 402//402 529//529
f 529//529 402//402 400//400
f 529//529 400//400 398//398
f 382//382 380//380 530//530
f 530//530 380//380 474//474
f 530//530 474//474 534//534
f 534//534 474//474 472//472
f 534//534 472//472 470//470
f 414//414 412//412 531//531
f 531//531 412//412 410//410
f 531//531 410//410 529//529
f 529//529 410//410 408//408
f 529//529 408//408 406//406
f 398//398 396//396 529//529
f 529//529 396//396 394//394
f 529//529 394//394 530//530
f 530//530 394//394 392//392
f 530//530 392//392 390//390
f 430//430 428//428 532//532
f 532//532 428//428 426//426
f 532//532 426//426 531//531
f 531//531 426//426 424//424
f 531//531 424//424 422//422
f 483//483 530//530 496//496
f 496//496 530//530 534//534
f 679//679 680//680 681//681
f 681//681 680//680 682//682
f 681//681 682//682 683//683
f 683//683 682//682 684//684
f 683//683 684//684 685//685
f 685//685 684//684 686//686
f 685//685 686//686 687//687
f 687//687 686//686 688//688
f 687//687 688//688 689//689
f 689//689 688//688 690//690
f 689//689 690//690 691//691
f 691//691 690//690 692//692
f 691//691 692//692 693//693
f 693//693 692//692 694//694
f 693//693 694//694 695//695
f 695//695 694//694 696//696
f 695//695 696//696 697//697
f 697//697 696//696 698//698
f 697//697 698//698 699//699
f 699//699 698//698 700//700
f 699//699 700//700 701//701
f 701//701 700//700 702//702
f 701//701 702//702 703//703
f 703//703 702//702 704//704
f 703//703 704//704 705//705
f 705//705 704//704 706//706
f 705//705 706//706 707//707
f 707//707 706//706 708//708
f 707//707 708//708 709//709
f 709//709 708//708 710//710
f 709//709 710//710 711//711
f 711//711 710//710 712//712
f 711//711 712//712 713//713
f 713//713 712//712 714//714
f 713//713 714//714 715//715
f 715//715 714//714 716//716
f 715//715 716//716 717//717
f 717//717 716//716 718//718
f 717//717 718//718 719//719
f 719//719 718//718 720//720
f 719//719 720//720 721//721
f 721//721 720//720 722//722
f 721//721 722//722 723//723
f 723//723 722//722 724//724
f 723//723 724//724 725//725
f 725//725 724//724 726//726
f 725//725 726//726 727//727
f 727//727 726//726 728//728
f 727//727 728//728 729//729
f 729//729 728//728 730//730
f 729//729 730//730 731//731
f 731//731 730//730 732//732
f 731//731 732//732 733//733
f 733//733 732//732 734//734
f 733//733 734//734 735//735
f 735//735 734//734 736//736
f 735//735 736//736 737//737
f 737//737 736//736 738//738
f 737//737 738//738 739//739
f 739//739 738//738 740//740
f 739//739 740//740 741//741
f 741//741 740//740 742//742
f 741//741 742//742 743//743
f 743//743 742//742 744//744
f 743//743 744//744 745//745
f 745//745 744//744 746//746
f 745//745 746//746 747//747
f 747//747 746//746 748//748
f 747//747 748//748 749//749
f 749//749 748//748 750//750
f 749//749 750//750 751//751
f 751//751 750//750 752//752
f 751//751 752//752 753//753
f 753//753 752//752 754//754
f 753//753 754//754 755//755
f 755//755 754//754 756//756
f 755//755 756//756 679//679
f 679//679 756//756 680//680
f 753//753 600//600 751//751
f 751//751 600//600 598//598
f 751//751 598//598 749//749
f 749//749 598//598 596//596
f 749//749 596//596 747//747
f 747//747 596//596 594//594
f 747//747 594//594 745//745
f 594//594 592//592 745//745
f 745//745 592//592 590//590
f 745//745 590//590 743//743
f 743//743 590//590 588//588
f 743//743 588//588 741//741
f 741//741 588//588 586//586
f 741//741 586//586 739//739
f 739//739 586//586 584//584
f 739//739 584//584 737//737
f 719//719 654//654 717//717
f 717//717 654//654 652//652
f 717//717 652//652 715//715
f 715//715 652//652 650//650
f 715//715 650//650 713//713
f 713//713 650//650 648//648
f 713//713 648//648 711//711
f 727//727 664//664 725//725
f 725//725 664//664 662//662
f 725//725 662//662 723//723
f 723//723 662//662 660//660
f 723//723 660//660 721//721
f 721//721 660//660 658//658
f 721//721 658//658 719//719
f 719//719 658//658 656//656
f 719//719 656//656 654//654
f 584//584 678//678 737//737
f 737//737 678//678 676//676
f 737//737 676//676 735//735
f 735//735 676//676 674//674
f 735//735 674//674 733//733
f 733//733 674//674 672//672
f 733//733 672//672 731//731
f 731//731 672//672 670//670
f 731//731 670//670 729//729
f 729//729 670//670 668//668
f 729//729 668//668 727//727
f 727//727 668//668 666//666
f 727//727 666//666 664//664
f 685//685 612//612 683//683
f 683//683 612//612 610//610
f 683//683 610//610 681//681
f 681//681 610//610 608//608
f 681//681 608//608 679//679
f 679//679 608//608 606//606
f 679//679 606//606 755//755
f 755//755 606//606 604//604
f 755//755 604//604 753//753
f 753//753 604//604 602//602
f 753//753 602//602 600//600
f 693//693 622//622 691//691
f 691//691 622//622 620//620
f 691//691 620//620 689//689
f 689//689 620//620 618//618
f 689//689 618//618 687//687
f 687//687 618//618 616//616
f 687//687 616//616 685//685
f 685//685 616//616 614//614
f 685//685 614//614 612//612
f 701//701 632//632 699//699
f 699//699 632//632 630//630
f 699//699 630//630 697//697
f 697//697 630//630 628//628
f 697//697 628//628 695//695
f 695//695 628//628 626//626
f 695//695 626//626 693//693
f 693//693 626//626 624//624
f 693//693 624//624 622//622
f 648//648 646//646 711//711
f 711//711 646//646 644//644
f 711//711 644//644 709//709
f 709//709 644//644 642//642
f 709//709 642//642 707//707
f 707//707 642//642 640//640
f 707//707 640//640 705//705
f 705//705 640//640 638//638
f 705//705 638//638 703//703
f 703//703 638//638 636//636
f 703//703 636//636 701//701
f 701//701 636//636 634//634
f 701//701 634//634 632//632
f 744//744 554//554 746//746
f 746//746 554//554 553//553
f 746//746 553//553 748//748
f 748//748 553//553 552//552
f 748//748 552//552 750//750
f 750//750 552//552 551//551
f 750//750 551//551 752//752
f 692//692 538//538 694//694
f 694//694 538//538 537//537
f 694//694 537//537 696//696
f 696//696 537//537 536//536
f 696//696 536//536 698//698
f 698//698 536//536 535//535
f 698//698 535//535 700//700
f 736//736 559//559 738//738
f 738//738 559//559 558//558
f 738//738 558//558 740//740
f 740//740 558//558 557//557
f 740//740 557//557 742//742
f 742//742 557//557 556//556
f 742//742 556//556 744//744
f 744//744 556//556 555//555
f 744//744 555//555 554//554
f 718//718 570//570 720//720
f 720//720 570//570 569//569
f 720//720 569//569 722//722
f 722//722 569//569 568//568
f 722//722 568//568 724//724
f 724//724 568//568 567//567
f 724//724 567//567 726//726
f 567//567 566//566 726//726
f 726//726 566//566 565//565
f 726//726 565//565 728//728
f 728//728 565//565 564//564
f 728//728 564//564 730//730
f 730//730 564//564 563//563
f 730//730 563//563 732//732
f 732//732 563//563 562//562
f 732//732 562//562 734//734
f 734//734 562//562 561//561
f 734//734 561//561 736//736
f 736//736 561//561 560//560
f 736//736 560//560 559//559
f 684//684 543//543 686//686
f 686//686 543//543 542//542
f 686//686 542//542 688//688
f 688//688 542//542 541//541
f 688//688 541//541 690//690
f 690//690 541//541 540//540
f 690//690 540//540 692//692
f 692//692 540//540 539//539
f 692//692 539//539 538//538
f 551//551 550//550 752//752
f 752//752 550//550 549//549
f 752//752 549//549 754//754
f 754//754 549//549 548//548
f 754//754 548//548 756//756
f 756//756 548//548 547//547
f 756//756 547//547 680//680
f 680//680 547//547 546//546
f 680//680 546//546 682//682
f 682//682 546//546 545//545
f 682//682 545//545 684//684
f 684//684 545//545 544//544
f 684//684 544//544 543//543
f 535//535 582//582 700//700
f 700//700 582//582 581//581
f 700//700 581//581 702//702
f 702//702 581//581 580//580
f 702//702 580//580 704//704
f 704//704 580//580 579//579
f 704//704 579//579 706//706
f 706//706 579//579 578//578
f 706//706 578//578 708//708
f 708//708 578//578 577//577
f 708//708 577//577 710//710
f 577//577 576//576 710//710
f 710//710 576//576 575//575
f 710//710 575//575 712//712
f 712//712 575//575 574//574
f 712//712 574//574 714//714
f 714//714 574//574 573//573
f 714//714 573//573 716//716
f 716//716 573//573 572//572
f 716//716 572//572 718//718
f 718//718 572//572 571//571
f 718//718 571//571 570//570
f 527//527 609//609 528//528
f 528//528 609//609 611//611
f 528//528 611//611 520//520
f 520//520 611//611 613//613
f 520//520 613//613 521//521
f 521//521 613//613 615//615
f 521//521 615//615 522//522
f 522//522 615//615 617//617
f 522//522 617//617 481//481
f 481//481 617//617 619//619
f 481//481 619//619 482//482
f 482//482 619//619 621//621
f 482//482 621//621 499//499
f 499//499 621//621 623//623
f 499//499 623//623 500//500
f 500//500 623//623 625//625
f 500//500 625//625 501//501
f 501//501 625//625 627//627
f 501//501 627//627 484//484
f 484//484 627//627 629//629
f 484//484 629//629 485//485
f 485//485 629//629 631//631
f 485//485 631//631 517//517
f 517//517 631//631 633//633
f 517//517 633//633 518//518
f 518//518 633//633 635//635
f 518//518 635//635 519//519
f 519//519 635//635 637//637
f 519//519 637//637 523//523
f 523//523 637//637 639//639
f 523//523 639//639 524//524
f 524//524 639//639 641//641
f 524//524 641//641 525//525
f 525//525 641//641 643//643
f 525//525 643//643 502//502
f 502//502 643//643 645//645
f 502//502 645//645 503//503
f 503//503 645//645 647//647
f 503//503 647//647 504//504
f 504//504 647//647 649//649
f 504//504 649//649 505//505
f 505//505 649//649 651//651
f 505//505 651//651 515//515
f 515//515 651//651 653//653
f 515//515 653//653 516//516
f 516//516 653//653 655//655
f 516//516 655//655 475//475
f 475//475 655//655 657//657
f 475//475 657//657 487//487
f 487//487 657//657 659//659
f 487//487 659//659 488//488
f 488//488 659//659 661//661
f 488//488 661//661 489//489
f 489//489 661//661 663//663
f 489//489 663//663 490//490
f 490//490 663//663 665//665
f 490//490 665//665 491//491
f 491//491 665//665 667//667
f 491//491 667//667 492//492
f 492//492 667//667 669//669
f 492//492 669//669 506//506
f 506//506 669//669 671//671
f 506//506 671//671 507//507
f 507//507 671//671 673//673
f 507//507 673//673 508//508
f 508//508 673//673 675//675
f 508//508 675//675 479//479
f 479//479 675//675 677//677
f 479//479 677//677 480//480
f 480//480 677//677 583//583
f 480//480 583//583 493//493
f 493//493 583//583 585//585
f 493//493 585//585 494//494
f 494//494 585//585 587//587
f 494//494 587//587 495//495
f 495//495 587//587 589//589
f 495//495 589//589 509//509
f 509//509 589//589 591//591
f 509//509 591//591 510//510
f 510//510 591//591 593//593
f 510//510 593//593 511//511
f 511//511 593//593 595//595
f 511//511 595//595 497//497
f 497//497 595//595 597//597
f 497//497 597//597 498//498
f 498//498 597//597 599//599
f 498//498 599//599 512//512
f 512//512 599//599 601//601
f 512//512 601//601 513//513
f 513//513 601//601 603//603
f 513//513 603//603 514//514
f 514//514 603//603 605//605
f 514//514 605//605 526//526
f 526//526 605//605 607//607
f 526//526 607//607 527//527
f 527//527 607//607 609//609
f 757//757 758//758 759//759
f 759//759 758//758 760//760
f 759//759 760//760 761//761
f 761//761 760//760 762//762
f 761//761 762//762 763//763
f 763//763 762//762 764//764
f 763//763 764//764 765//765
f 765//765 764//764 766//766
f 765//765 766//766 767//767
f 767//767 766//766 768//768
f 767//767 768//768 769//769
f 769//769 768//768 770//770
f 769//769 770//770 771//771
f 772//772 773//773 774//774
f 774//774 773//773 775//775
f 774//774 775//775 776//776
f 776//776 775//775 777//777
f 776//776 777//777 778//778
f 778//778 777//777 779//779
f 778//778 779//779 780//780
f 780//780 779//779 781//781
f 780//780 781//781 782//782
f 782//782 781//781 783//783
f 782//782 783//783 784//784
f 784//784 783//783 785//785
f 784//784 785//785 786//786
f 787//787 788//788 789//789
f 789//789 788//788 790//790
f 789//789 790//790 791//791
f 791//791 790//790 792//792
f 791//791 792//792 793//793
f 793//793 792//792 794//794
f 793//793 794//794 795//795
f 795//795 794//794 796//796
f 795//795 796//796 797//797
f 797//797 796//796 798//798
f 797//797 798//798 799//799
f 798//798 800//800 799//799
f 799//799 800//800 801//801
f 799//799 801//801 802//802
f 802//802 801//801 803//803
f 802//802 803//803 804//804
f 804//804 803//803 805//805
f 804//804 805//805 806//806
f 806//806 805//805 807//807
f 806//806 807//807 808//808
f 808//808 807//807 809//809
f 808//808 809//809 810//810
f 810//810 809//809 811//811
f 810//810 811//811 812//812
f 812//812 811//811 813//813
f 812//812 813//813 772//772
f 772//772 813//813 814//814
f 772//772 814//814 773//773
f 815//815 816//816 817//817
f 817//817 816//816 818//818
f 817//817 818//818 819//819
f 819//819 818//818 820//820
f 819//819 820//820 821//821
f 821//821 820//820 822//822
f 821//821 822//822 823//823
f 823//823 822//822 824//824
f 823//823 824//824 825//825
f 825//825 824//824 826//826
f 825//825 826//826 827//827
f 827//827 826//826 828//828
f 827//827 828//828 787//787
f 787//787 828//828 829//829
f 787//787 829//829 788//788
f 785//785 830//830 786//786
f 786//786 830//830 831//831
f 786//786 831//831 832//832
f 832//832 831//831 833//833
f 832//832 833//833 834//834
f 834//834 833//833 835//835
f 834//834 835//835 836//836
f 836//836 835//835 837//837
f 836//836 837//837 838//838
f 838//838 837//837 839//839
f 838//838 839//839 840//840
f 840//840 839//839 841//841
f 840//840 841//841 757//757
f 757//757 841//841 842//842
f 757//757 842//842 758//758
f 843//843 844//844 845//845
f 845//845 844//844 846//846
f 845//845 846//846 847//847
f 847//847 846//846 848//848
f 847//847 848//848 849//849
f 849//849 848//848 850//850
f 849//849 850//850 851//851
f 851//851 850//850 852//852
f 851//851 852//852 853//853
f 853//853 852//852 854//854
f 853//853 854//854 855//855
f 855//855 854//854 856//856
f 855//855 856//856 815//815
f 815//815 856//856 857//857
f 815//815 857//857 816//816
f 770//770 858//858 771//771
f 771//771 858//858 859//859
f 771//771 859//859 860//860
f 860//860 859//859 861//861
f 860//860 861//861 862//862
f 862//862 861//861 863//863
f 862//862 863//863 864//864
f 864//864 863//863 865//865
f 864//864 865//865 866//866
f 866//866 865//865 867//867
f 866//866 867//867 868//868
f 868//868 867//867 869//869
f 868//868 869//869 843//843
f 843//843 869//869 870//870
f 843//843 870//870 844//844
f 871//871 765//765 872//872
f 872//872 765//765 767//767
f 872//872 767//767 873//873
f 873//873 767//767 769//769
f 873//873 769//769 874//874
f 874//874 769//769 771//771
f 874//874 771//771 875//875
f 875//875 771//771 860//860
f 875//875 860//860 876//876
f 876//876 860//860 862//862
f 876//876 862//862 877//877
f 877//877 862//862 864//864
f 877//877 864//864 878//878
f 878//878 864//864 866//866
f 878//878 866//866 879//879
f 879//879 866//866 868//868
f 879//879 868//868 880//880
f 880//880 868//868 843//843
f 880//880 843//843 881//881
f 881//881 843//843 845//845
f 881//881 845//845 882//882
f 882//882 845//845 847//847
f 882//882 847//847 883//883
f 883//883 847//847 849//849
f 883//883 849//849 884//884
f 884//884 849//849 851//851
f 884//884 851//851 885//885
f 885//885 851//851 853//853
f 885//885 853//853 886//886
f 886//886 853//853 855//855
f 886//886 855//855 887//887
f 887//887 855//855 815//815
f 887//887 815//815 888//888
f 888//888 815//815 817//817
f 888//888 817//817 889//889
f 889//889 817//817 819//819
f 889//889 819//819 890//890
f 890//890 819//819 821//821
f 890//890 821//821 891//891
f 891//891 821//821 823//823
f 891//891 823//823 892//892
f 892//892 823//823 825//825
f 892//892 825//825 893//893
f 893//893 825//825 827//827
f 893//893 827//827 894//894
f 894//894 827//827 787//787
f 894//894 787//787 895//895
f 895//895 787//787 789//789
f 895//895 789//789 896//896
f 896//896 789//789 791//791
f 896//896 791//791 897//897
f 897//897 791//791 793//793
f 897//897 793//793 898//898
f 898//898 793//793 795//795
f 898//898 795//795 899//899
f 899//899 795//795 797//797
f 899//899 797//797 900//900
f 900//900 797//797 799//799
f 900//900 799//799 901//901
f 901//901 799//799 802//802
f 901//901 802//802 902//902
f 902//902 802//802 804//804
f 902//902 804//804 903//903
f 903//903 804//804 806//806
f 903//903 806//806 904//904
f 904//904 806//806 808//808
f 904//904 808//808 905//905
f 905//905 808//808 810//810
f 905//905 810//810 906//906
f 906//906 810//810 812//812
f 906//906 812//812 907//907
f 907//907 812//812 772//772
f 907//907 772//772 908//908
f 908//908 772//772 774//774
f 908//908 774//774 909//909
f 909//909 774//774 776//776
f 909//909 776//776 910//910
f 910//910 776//776 778//778
f 910//910 778//778 911//911
f 911//911 778//778 780//780
f 911//911 780//780 912//912
f 912//912 780//780 782//782
f 912//912 782//782 913//913
f 913//913 782//782 784//784
f 913//913 784//784 914//914
f 914//914 784//784 786//786
f 914//914 786//786 915//915
f 915//915 786//786 832//832
f 915//915 832//832 916//916
f 916//916 832//832 834//834
f 916//916 834//834 917//917
f 917//917 834//834 836//836
f 917//917 836//836 918//918
f 918//918 836//836 838//838
f 918//918 838//838 919//919
f 919//919 838//838 840//840
f 919//919 840//840 920//920
f 920//920 840//840 757//757
f 920//920 757//757 921//921
f 921//921 757//757 759//759
f 921//921 759//759 922//922
f 922//922 759//759 761//761
f 922//922 761//761 923//923
f 923//923 761//761 763//763
f 923//923 763//763 871//871
f 871//871 763//763 765//765
f 901//901 924//924 900//900
f 900//900 924//924 925//925
f 900//900 925//925 899//899
f 899//899 925//925 926//926
f 899//899 926//926 898//898
f 898//898 926//926 927//927
f 898//898 927//927 897//897
f 897//897 927//927 928//928
f 897//897 928//928 896//896
f 896//896 928//928 929//929
f 896//896 929//929 895//895
f 908//908 930//930 907//907
f 907//907 930//930 931//931
f 907//907 931//931 906//906
f 906//906 931//931 932//932
f 906//906 932//932 905//905
f 905//905 932//932 933//933
f 905//905 933//933 904//904
f 904//904 933//933 934//934
f 904//904 934//934 903//903
f 903//903 934//934 935//935
f 903//903 935//935 902//902
f 902//902 935//935 936//936
f 902//902 936//936 901//901
f 901//901 936//936 937//937
f 901//901 937//937 924//924
f 915//915 938//938 914//914
f 914//914 938//938 939//939
f 914//914 939//939 913//913
f 913//913 939//939 940//940
f 913//913 940//940 912//912
f 912//912 940//940 941//941
f 912//912 941//941 911//911
f 911//911 941//941 942//942
f 911//911 942//942 910//910
f 910//910 942//942 943//943
f 910//910 943//943 909//909
f 909//909 943//943 944//944
f 909//909 944//944 908//908
f 908//908 944//944 945//945
f 908//908 945//945 930//930
f 921//921 946//946 920//920
f 920//920 946//946 947//947
f 920//920 947//947 919//919
f 919//919 947//947 948//948
f 919//919 948//948 918//918
f 918//918 948//948 949//949
f 918//918 949//949 917//917
f 917//917 949//949 950//950
f 917//917 950//950 916//916
f 916//916 950//950 951//951
f 916//916 951//951 915//915
f 915//915 951//951 952//952
f 915//915 952//952 938//938
f 875//875 953//953 874//874
f 874//874 953//953 954//954
f 874//874 954//954 873//873
f 873//873 954//954 955//955
f 873//873 955//955 872//872
f 872//872 955//955 956//956
f 872//872 956//956 871//871
f 871//871 956//956 957//957
f 871//871 957//957 923//923
f 923//923 957//957 958//958
f 923//923 958//958 922//922
f 922//922 958//958 959//959
f 922//922 959//959 921//921
f 921//921 959//959 960//960
f 921//921 960//960 946//946
f 881//881 961//961 880//880
f 880//880 961//961 962//962
f 880//880 962//962 879//879
f 879//879 962//962 963//963
f 879//879 963//963 878//878
f 878//878 963//963 964//964
f 878//878 964//964 877//877
f 877//877 964//964 965//965
f 877//877 965//965 876//876
f 876//876 965//965 966//966
f 876//876 966//966 875//875
f 875//875 966//966 967//967
f 875//875 967//967 953//953
f 929//929 968//968 895//895
f 895//895 968//968 969//969
f 895//895 969//969 894//894
f 894//894 969//969 970//970
f 894//894 970//970 893//893
f 893//893 970//970 971//971
f 893//893 971//971 892//892
f 892//892 971//971 972//972
f 892//892 972//972 891//891
f 891//891 972//972 973//973
f 891//891 973//973 890//890
f 890//890 973//973 974//974
f 890//890 974//974 889//889
f 889//889 974//974 975//975
f 889//889 975//975 888//888
f 975//975 976//976 888//888
f 888//888 976//976 977//977
f 888//888 977//977 887//887
f 887//887 977//977 978//978
f 887//887 978//978 886//886
f 886//886 978//978 979//979
f 886//886 979//979 885//885
f 885//885 979//979 980//980
f 885//885 980//980 884//884
f 884//884 980//980 981//981
f 884//884 981//981 883//883
f 883//883 981//981 982//982
f 883//883 982//982 882//882
f 882//882 982//982 983//983
f 882//882 983//983 881//881
f 881//881 983//983 984//984
f 881//881 984//984 961//961
f 766//766 956//956 768//768
f 768//768 956//956 955//955
f 768//768 955//955 770//770
f 770//770 955//955 954//954
f 770//770 954//954 858//858
f 858//858 954//954 953//953
f 858//858 953//953 859//859
f 859//859 953//953 967//967
f 859//859 967//967 861//861
f 861//861 967//967 966//966
f 861//861 966//966 863//863
f 863//863 966//966 965//965
f 863//863 965//965 865//865
f 865//865 965//965 964//964
f 865//865 964//964 867//867
f 867//867 964//964 963//963
f 867//867 963//963 869//869
f 869//869 963//963 962//962
f 869//869 962//962 870//870
f 870//870 962//962 961//961
f 870//870 961//961 844//844
f 844//844 961//961 984//984
f 844//844 984//984 846//846
f 846//846 984//984 983//983
f 846//846 983//983 848//848
f 848//848 983//983 982//982
f 848//848 982//982 850//850
f 850//850 982//982 981//981
f 850//850 981//981 852//852
f 852//852 981//981 980//980
f 852//852 980//980 854//854
f 854//854 980//980 979//979
f 854//854 979//979 856//856
f 856//856 979//979 978//978
f 856//856 978//978 857//857
f 857//857 978//978 977//977
f 857//857 977//977 816//816
f 816//816 977//977 976//976
f 816//816 976//976 818//818
f 818//818 976//976 975//975
f 818//818 975//975 820//820
f 820//820 975//975 974//974
f 820//820 974//974 822//822
f 822//822 974//974 973//973
f 822//822 973//973 824//824
f 824//824 973//973 972//972
f 824//824 972//972 826//826
f 826//826 972//972 971//971
f 826//826 971//971 828//828
f 828//828 971//971 970//970
f 828//828 970//970 829//829
f 829//829 970//970 969//969
f 829//829 969//969 788//788
f 788//788 969//969 968//968
f 788//788 968//968 790//790
f 790//790 968//968 929//929
f 790//790 929//929 792//792
f 792//792 929//929 928//928
f 792//792 928//928 794//794
f 794//794 928//928 927//927
f 794//794 927//927 796//796
f 796//796 927//927 926//926
f 796//796 926//926 798//798
f 798//798 926//926 925//925
f 798//798 925//925 800//800
f 800//800 925//925 924//924
f 800//800 924//924 801//801
f 801//801 924//924 937//937
f 801//801 937//937 803//803
f 803//803 937//937 936//936
f 803//803 936//936 805//805
f 805//805 936//936 935//935
f 805//805 935//935 807//807
f 807//807 935//935 934//934
f 807//807 934//934 809//809
f 809//809 934//934 933//933
f 809//809 933//933 811//811
f 811//811 933//933 932//932
f 811//811 932//932 813//813
f 813//813 932//932 931//931
f 813//813 931//931 814//814
f 814//814 931//931 930//930
f 814//814 930//930 773//773
f 773//773 930//930 945//945
f 773//773 945//945 775//775
f 775//775 945//945 944//944
f 775//775 944//944 777//777
f 777//777 944//944 943//943
f 777//777 943//943 779//779
f 779//779 943//943 942//942
f 779//779 942//942 781//781
f 781//781 942//942 941//941
f 781//781 941//941 783//783
f 783//783 941//941 940//940
f 783//783 940//940 785//785
f 785//785 940//940 939//939
f 785//785 939//939 830//830
f 830//830 939//939 938//938
f 830//830 938//938 831//831
f 831//831 938//938 952//952
f 831//831 952//952 833//833
f 833//833 952//952 951//951
f 833//833 951//951 835//835
f 835//835 951//951 950//950
f 835//835 950//950 837//837
f 837//837 950//950 949//949
f 837//837 949//949 839//839
f 839//839 949//949 948//948
f 839//839 948//948 841//841
f 841//841 948//948 947//947
f 841//841 947//947 842//842
f 842//842 947//947 946//946
f 842//842 946//946 758//758
f 758//758 946//946 960//960
f 758//758 960//960 760//760
f 760//760 960//960 959//959
f 760//760 959//959 762//762
f 762//762 959//959 958//958
f 762//762 958//958 764//764
f 764//764 958//958 957//957
f 764//764 957//957 766//766
f 766//766 957//957 956//956
f 985//985 986//986 987//987
f 987//987 986//986 988//988
f 986//986 989//989 988//988
f 988//988 989//989 990//990
f 989//989 991//991 990//990
f 990//990 991//991 992//992
f 991//991 993//993 992//992
f 992//992 993//993 994//994
f 993//993 995//995 994//994
f 994//994 995//995 996//996
f 997//997 998//998 993//993
f 999//999 1000//1000 991//991
f 991//991 1000//1000 1001//1001
f 1001//1001 1002//1002 991//991
f 991//991 1002//1002 1003//1003
f 991//991 1003//1003 1004//1004
f 1005//1005 1006//1006 995//995
f 998//998 1007//1007 993//993
f 993//993 1007//1007 1008//1008
f 993//993 1008//1008 1009//1009
f 1009//1009 1010//1010 993//993
f 993//993 1010//1010 1011//1011
f 993//993 1011//1011 995//995
f 995//995 1011//1011 1012//1012
f 995//995 1012//1012 1005//1005
f 1006//1006 1013//1013 995//995
f 995//995 1013//1013 1014//1014
f 995//995 1014//1014 1015//1015
f 985//985 1016//1016 1017//1017
f 1004//1004 1018//1018 991//991
f 991//991 1018//1018 1019//1019
f 991//991 1019//1019 993//993
f 993//993 1019//1019 1020//1020
f 993//993 1020//1020 997//997
f 1015//1015 1021//1021 995//995
f 995//995 1021//1021 1022//1022
f 995//995 1022//1022 985//985
f 985//985 1022//1022 1023//1023
f 985//985 1023//1023 1016//1016
f 1017//1017 1024//1024 985//985
f 985//985 1024//1024 1025//1025
f 985//985 1025//1025 1026//1026
f 1026//1026 1027//1027 985//985
f 985//985 1027//1027 1028//1028
f 985//985 1028//1028 986//986
f 989//989 1029//1029 1030//1030
f 1028//1028 1031//1031 986//986
f 986//986 1031//1031 1032//1032
f 986//986 1032//1032 1033//1033
f 1030//1030 1034//1034 989//989
f 989//989 1034//1034 1035//1035
f 989//989 1035//1035 1036//1036
f 1036//1036 1037//1037 989//989
f 989//989 1037//1037 1038//1038
f 989//989 1038//1038 991//991
f 991//991 1038//1038 1039//1039
f 991//991 1039//1039 999//999
f 1033//1033 1040//1040 986//986
f 986//986 1040//1040 1041//1041
f 986//986 1041//1041 1042//1042
f 1042//1042 1043//1043 986//986
f 986//986 1043//1043 1044//1044
f 986//986 1044//1044 989//989
f 989//989 1044//1044 1045//1045
f 989//989 1045//1045 1029//1029
f 995//995 985//985 996//996
f 996//996 985//985 987//987
f 1046//1046 1047//1047 1048//1048
f 1048//1048 1047//1047 1049//1049
f 1048//1048 1049//1049 1050//1050
f 1050//1050 1049//1049 1051//1051
f 1050//1050 1051//1051 1052//1052
f 1052//1052 1051//1051 1053//1053
f 1052//1052 1053//1053 1054//1054
f 1054//1054 1053//1053 1055//1055
f 1054//1054 1055//1055 1056//1056
f 1056//1056 1055//1055 1057//1057
f 1056//1056 1057//1057 1058//1058
f 1058//1058 1057//1057 1059//1059
f 1058//1058 1059//1059 1060//1060
f 1060//1060 1059//1059 1061//1061
f 1060//1060 1061//1061 1062//1062
f 1062//1062 1061//1061 1063//1063
f 1062//1062 1063//1063 1064//1064
f 1064//1064 1063//1063 1065//1065
f 1064//1064 1065//1065 1066//1066
f 1066//1066 1065//1065 1067//1067
f 1066//1066 1067//1067 1068//1068
f 1068//1068 1067//1067 1069//1069
f 1068//1068 1069//1069 1070//1070
f 1070//1070 1069//1069 1071//1071
f 1070//1070 1071//1071 1072//1072
f 1072//1072 1071//1071 1073//1073
f 1072//1072 1073//1073 1074//1074
f 1074//1074 1073//1073 1075//1075
f 1074//1074 1075//1075 1076//1076
f 1076//1076 1075//1075 1077//1077
f 1076//1076 1077//1077 1078//1078
f 1078//1078 1077//1077 1079//1079
f 1078//1078 1079//1079 1080//1080
f 1080//1080 1079//1079 1081//1081
f 1080//1080 1081//1081 1082//1082
f 1082//1082 1081//1081 1083//1083
f 1082//1082 1083//1083 1084//1084
f 1084//1084 1083//1083 1085//1085
f 1084//1084 1085//1085 1086//1086
f 1086//1086 1085//1085 1087//1087
f 1086//1086 1087//1087 1088//1088
f 1088//1088 1087//1087 1089//1089
f 1088//1088 1089//1089 1090//1090
f 1090//1090 1089//1089 1091//1091
f 1090//1090 1091//1091 1092//1092
f 1092//1092 1091//1091 1093//1093
f 1092//1092 1093//1093 1094//1094
f 1094//1094 1093//1093 1095//1095
f 1094//1094 1095//1095 1096//1096
f 1096//1096 1095//1095 1097//1097
f 1096//1096 1097//1097 1098//1098
f 1098//1098 1097//1097 1099//1099
f 1098//1098 1099//1099 1100//1100
f 1100//1100 1099//1099 1101//1101
f 1100//1100 1101//1101 1102//1102
f 1102//1102 1101//1101 1103//1103
f 1102//1102 1103//1103 1104//1104
f 1104//1104 1103//1103 1105//1105
f 1104//1104 1105//1105 1106//1106
f 1106//1106 1105//1105 1107//1107
f 1106//1106 1107//1107 1108//1108
f 1108//1108 1107//1107 1109//1109
f 1108//1108 1109//1109 1110//1110
f 1110//1110 1109//1109 1111//1111
f 1110//1110 1111//1111 1112//1112
f 1112//1112 1111//1111 1113//1113
f 1112//1112 1113//1113 1114//1114
f 1114//1114 1113//1113 1115//1115
f 1114//1114 1115//1115 1116//1116
f 1116//1116 1115//1115 1117//1117
f 1116//1116 1117//1117 1118//1118
f 1118//1118 1117//1117 1119//1119
f 1118//1118 1119//1119 1120//1120
f 1120//1120 1119//1119 1121//1121
f 1120//1120 1121//1121 1122//1122
f 1122//1122 1121//1121 1123//1123
f 1122//1122 1123//1123 1124//1124
f 1124//1124 1123//1123 1046//1046
f 1124//1124 1046//1046 1048//1048
f 1086//1086 1088//1088 988//988
f 988//988 1088//1088 1090//1090
f 1112//1112 1114//1114 996//996
f 996//996 1114//1114 1116//1116
f 1124//1124 1048//1048 994//994
f 994//994 1048//1048 1050//1050
f 994//994 1050//1050 1052//1052
f 1058//1058 992//992 1056//1056
f 1056//1056 992//992 994//994
f 1056//1056 994//994 1054//1054
f 1054//1054 994//994 1052//1052
f 1058//1058 1060//1060 992//992
f 992//992 1060//1060 1062//1062
f 992//992 1062//1062 1064//1064
f 1090//1090 1092//1092 988//988
f 988//988 1092//1092 1094//1094
f 988//988 1094//1094 987//987
f 987//987 1094//1094 1096//1096
f 987//987 1096//1096 1098//1098
f 1098//1098 1100//1100 987//987
f 987//987 1100//1100 1102//1102
f 987//987 1102//1102 1104//1104
f 1104//1104 1106//1106 987//987
f 987//987 1106//1106 1108//1108
f 987//987 1108//1108 996//996
f 996//996 1108//1108 1110//1110
f 996//996 1110//1110 1112//1112
f 1116//1116 1118//1118 996//996
f 996//996 1118//1118 1120//1120
f 996//996 1120//1120 994//994
f 994//994 1120//1120 1122//1122
f 994//994 1122//1122 1124//1124
f 1064//1064 1066//1066 992//992
f 992//992 1066//1066 1068//1068
f 992//992 1068//1068 990//990
f 990//990 1068//1068 1070//1070
f 990//990 1070//1070 1072//1072
f 1072//1072 1074//1074 990//990
f 990//990 1074//1074 1076//1076
f 990//990 1076//1076 1078//1078
f 1078//1078 1080//1080 990//990
f 990//990 1080//1080 1082//1082
f 990//990 1082//1082 988//988
f 988//988 1082//1082 1084//1084
f 988//988 1084//1084 1086//1086
f 1007//1007 1125//1125 1008//1008
f 1008//1008 1125//1125 1126//1126
f 1008//1008 1126//1126 1009//1009
f 1009//1009 1126//1126 1127//1127
f 1009//1009 1127//1127 1010//1010
f 1010//1010 1127//1127 1128//1128
f 1010//1010 1128//1128 1011//1011
f 1011//1011 1128//1128 1129//1129
f 1011//1011 1129//1129 1012//1012
f 1012//1012 1129//1129 1130//1130
f 1012//1012 1130//1130 1005//1005
f 1005//1005 1130//1130 1131//1131
f 1005//1005 1131//1131 1006//1006
f 1006//1006 1131//1131 1132//1132
f 1006//1006 1132//1132 1013//1013
f 1013//1013 1132//1132 1133//1133
f 1013//1013 1133//1133 1014//1014
f 1014//1014 1133//1133 1134//1134
f 1014//1014 1134//1134 1015//1015
f 1015//1015 1134//1134 1135//1135
f 1015//1015 1135//1135 1021//1021
f 1021//1021 1135//1135 1136//1136
f 1021//1021 1136//1136 1022//1022
f 1022//1022 1136//1136 1137//1137
f 1022//1022 1137//1137 1023//1023
f 1023//1023 1137//1137 1138//1138
f 1023//1023 1138//1138 1016//1016
f 1016//1016 1138//1138 1139//1139
f 1016//1016 1139//1139 1017//1017
f 1017//1017 1139//1139 1140//1140
f 1017//1017 1140//1140 1024//1024
f 1024//1024 1140//1140 1141//1141
f 1024//1024 1141//1141 1025//1025
f 1025//1025 1141//1141 1142//1142
f 1025//1025 1142//1142 1026//1026
f 1026//1026 1142//1142 1143//1143
f 1026//1026 1143//1143 1027//1027
f 1027//1027 1143//1143 1144//1144
f 1027//1027 1144//1144 1028//1028
f 1028//1028 1144//1144 1145//1145
f 1028//1028 1145//1145 1031//1031
f 1031//1031 1145//1145 1146//1146
f 1031//1031 1146//1146 1032//1032
f 1032//1032 1146//1146 1147//1147
f 1032//1032 1147//1147 1033//1033
f 1033//1033 1147//1147 1148//1148
f 1033//1033 1148//1148 1040//1040
f 1040//1040 1148//1148 1149//1149
f 1040//1040 1149//1149 1041//1041
f 1041//1041 1149//1149 1150//1150
f 1041//1041 1150//1150 1042//1042
f 1042//1042 1150//1150 1151//1151
f 1042//1042 1151//1151 1043//1043
f 1043//1043 1151//1151 1152//1152
f 1043//1043 1152//1152 1044//1044
f 1044//1044 1152//1152 1153//1153
f 1044//1044 1153//1153 1045//1045
f 1045//1045 1153//1153 1154//1154
f 1045//1045 1154//1154 1029//1029
f 1029//1029 1154//1154 1155//1155
f 1029//1029 1155//1155 1030//1030
f 1030//1030 1155//1155 1156//1156
f 1030//1030 1156//1156 1034//1034
f 1034//1034 1156//1156 1157//1157
f 1034//1034 1157//1157 1035//1035
f 1035//1035 1157//1157 1158//1158
f 1035//1035 1158//1158 1036//1036
f 1036//1036 1158//1158 1159//1159
f 1036//1036 1159//1159 1037//1037
f 1037//1037 1159//1159 1160//1160
f 1037//1037 1160//1160 1038//1038
f 1038//1038 1160//1160 1161//1161
f 1038//1038 1161//1161 1039//1039
f 1039//1039 1161//1161 1162//1162
f 1039//1039 1162//1162 999//999
f 999//999 1162//1162 1163//1163
f 999//999 1163//1163 1000//1000
f 1000//1000 1163//1163 1164//1164
f 1000//1000 1164//1164 1001//1001
f 1001//1001 1164//1164 1165//1165
f 1001//1001 1165//1165 1002//1002
f 1002//1002 1165//1165 1166//1166
f 1002//1002 1166//1166 1003//1003
f 1003//1003 1166//1166 1167//1167
f 1003//1003 1167//1167 1004//1004
f 1004//1004 1167//1167 1168//1168
f 1004//1004 1168//1168 1018//1018
f 1018//1018 1168//1168 1169//1169
f 1018//1018 1169//1169 1019//1019
f 1019//1019 1169//1169 1170//1170
f 1019//1019 1170//1170 1020//1020
f 1020//1020 1170//1170 1171//1171
f 1020//1020 1171//1171 997//997
f 997//997 1171//1171 1172//1172
f 997//997 1172//1172 998//998
f 998//998 1172//1172 1173//1173
f 998//998 1173//1173 1007//1007
f 1007//1007 1173//1173 1125//1125
f 1113//1113 1134//1134 1115//1115
f 1115//1115 1134//1134 1133//1133
f 1115//1115 1133//1133 1117//1117
f 1117//1117 1133//1133 1132//1132
f 1117//1117 1132//1132 1119//1119
f 1119//1119 1132//1132 1131//1131
f 1119//1119 1131//1131 1121//1121
f 1083//1083 1153//1153 1085//1085
f 1085//1085 1153//1153 1152//1152
f 1085//1085 1152//1152 1087//1087
f 1087//1087 1152//1152 1151//1151
f 1087//1087 1151//1151 1089//1089
f 1089//1089 1151//1151 1150//1150
f 1089//1089 1150//1150 1091//1091
f 1067//1067 1163//1163 1069//1069
f 1069//1069 1163//1163 1162//1162
f 1069//1069 1162//1162 1071//1071
f 1071//1071 1162//1162 1161//1161
f 1071//1071 1161//1161 1073//1073
f 1073//1073 1161//1161 1160//1160
f 1073//1073 1160//1160 1075//1075
f 1059//1059 1168//1168 1061//1061
f 1061//1061 1168//1168 1167//1167
f 1061//1061 1167//1167 1063//1063
f 1063//1063 1167//1167 1166//1166
f 1063//1063 1166//1166 1065//1065
f 1065//1065 1166//1166 1165//1165
f 1065//1065 1165//1165 1067//1067
f 1067//1067 1165//1165 1164//1164
f 1067//1067 1164//1164 1163//1163
f 1131//1131 1130//1130 1121//1121
f 1121//1121 1130//1130 1129//1129
f 1121//1121 1129//1129 1123//1123
f 1123//1123 1129//1129 1128//1128
f 1123//1123 1128//1128 1046//1046
f 1046//1046 1128//1128 1127//1127
f 1046//1046 1127//1127 1047//1047
f 1047//1047 1127//1127 1126//1126
f 1047//1047 1126//1126 1049//1049
f 1049//1049 1126//1126 1125//1125
f 1049//1049 1125//1125 1051//1051
f 1051//1051 1125//1125 1173//1173
f 1051//1051 1173//1173 1053//1053
f 1053//1053 1173//1173 1172//1172
f 1053//1053 1172//1172 1055//1055
f 1055//1055 1172//1172 1171//1171
f 1055//1055 1171//1171 1057//1057
f 1057//1057 1171//1171 1170//1170
f 1057//1057 1170//1170 1059//1059
f 1059//1059 1170//1170 1169//1169
f 1059//1059 1169//1169 1168//1168
f 1107//1107 1138//1138 1109//1109
f 1109//1109 1138//1138 1137//1137
f 1109//1109 1137//1137 1111//1111
f 1111//1111 1137//1137 1136//1136
f 1111//1111 1136//1136 1113//1113
f 1113//1113 1136//1136 1135//1135
f 1113//1113 1135//1135 1134//1134
f 1099//1099 1143//1143 1101//1101
f 1101//1101 1143//1143 1142//1142
f 1101//1101 1142//1142 1103//1103
f 1103//1103 1142//1142 1141//1141
f 1103//1103 1141//1141 1105//1105
f 1105//1105 1141//1141 1140//1140
f 1105//1105 1140//1140 1107//1107
f 1107//1107 1140//1140 1139//1139
f 1107//1107 1139//1139 1138//1138
f 1150//1150 1149//1149 1091//1091
f 1091//1091 1149//1149 1148//1148
f 1091//1091 1148//1148 1093//1093
f 1093//1093 1148//1148 1147//1147
f 1093//1093 1147//1147 1095//1095
f 1095//1095 1147//1147 1146//1146
f 1095//1095 1146//1146 1097//1097
f 1097//1097 1146//1146 1145//1145
f 1097//1097 1145//1145 1099//1099
f 1099//1099 1145//1145 1144//1144
f 1099//1099 1144//1144 1143//1143
f 1160//1160 1159//1159 1075//1075
f 1075//1075 1159//1159 1158//1158
f 1075//1075 1158//1158 1077//1077
f 1077//1077 1158//1158 1157//1157
f 1077//1077 1157//1157 1079//1079
f 1079//1079 1157//1157 1156//1156
f 1079//1079 1156//1156 1081//1081
f 1081//1081 1156//1156 1155//1155
f 1081//1081 1155//1155 1083//1083
f 1083//1083 1155//1155 1154//1154
f 1083//1083 1154//1154 1153//1153
f 1174//1174 1175//1175 1176//1176
f 1176//1176 1175//1175 1177//1177
f 1176//1176 1177//1177 1178//1178
f 1178//1178 1177//1177 1179//1179
f 1178//1178 1179//1179 1180//1180
f 1180//1180 1179//1179 1181//1181
f 1180//1180 1181//1181 1182//1182
f 1182//1182 1181//1181 1183//1183
f 1182//1182 1183//1183 1184//1184
f 1184//1184 1183//1183 1185//1185
f 1184//1184 1185//1185 1186//1186
f 1186//1186 1185//1185 1187//1187
f 1186//1186 1187//1187 1188//1188
f 1188//1188 1187//1187 1189//1189
f 1188//1188 1189//1189 1190//1190
f 1190//1190 1189//1189 1191//1191
f 1190//1190 1191//1191 1192//1192
f 1192//1192 1191//1191 1193//1193
f 1192//1192 1193//1193 1194//1194
f 1194//1194 1193//1193 1195//1195
f 1194//1194 1195//1195 1196//1196
f 1196//1196 1195//1195 1197//1197
f 1196//1196 1197//1197 1198//1198
f 1198//1198 1197//1197 1199//1199
f 1198//1198 1199//1199 1200//1200
f 1200//1200 1199//1199 1201//1201
f 1200//1200 1201//1201 1202//1202
f 1202//1202 1201//1201 1203//1203
f 1202//1202 1203//1203 1204//1204
f 1204//1204 1203//1203 1205//1205
f 1204//1204 1205//1205 1206//1206
f 1206//1206 1205//1205 1207//1207
f 1206//1206 1207//1207 1208//1208
f 1208//1208 1207//1207 1209//1209
f 1208//1208 1209//1209 1210//1210
f 1210//1210 1209//1209 1211//1211
f 1210//1210 1211//1211 1212//1212
f 1212//1212 1211//1211 1213//1213
f 1212//1212 1213//1213 1214//1214
f 1214//1214 1213//1213 1215//1215
f 1214//1214 1215//1215 1216//1216
f 1216//1216 1215//1215 1217//1217
f 1216//1216 1217//1217 1218//1218
f 1218//1218 1217//1217 1219//1219
f 1218//1218 1219//1219 1220//1220
f 1220//1220 1219//1219 1221//1221
f 1220//1220 1221//1221 1222//1222
f 1222//1222 1221//1221 1223//1223
f 1222//1222 1223//1223 1224//1224
f 1224//1224 1223//1223 1225//1225
f 1224//1224 1225//1225 1226//1226
f 1226//1226 1225//1225 1227//1227
f 1226//1226 1227//1227 1228//1228
f 1228//1228 1227//1227 1229//1229
f 1228//1228 1229//1229 1230//1230
f 1230//1230 1229//1229 1231//1231
f 1230//1230 1231//1231 1232//1232
f 1232//1232 1231//1231 1233//1233
f 1232//1232 1233//1233 1234//1234
f 1234//1234 1233//1233 1235//1235
f 1234//1234 1235//1235 1236//1236
f 1236//1236 1235//1235 1237//1237
f 1236//1236 1237//1237 1238//1238
f 1238//1238 1237//1237 1239//1239
f 1238//1238 1239//1239 1240//1240
f 1240//1240 1239//1239 1241//1241
f 1240//1240 1241//1241 1242//1242
f 1242//1242 1241//1241 1243//1243
f 1242//1242 1243//1243 1244//1244
f 1244//1244 1243//1243 1245//1245
f 1244//1244 1245//1245 1174//1174
f 1174//1174 1245//1245 1175//1175
f 1246//1246 1247//1247 1248//1248
f 1248//1248 1247//1247 1249//1249
f 1248//1248 1249//1249 1250//1250
f 1250//1250 1249//1249 1251//1251
f 1250//1250 1251//1251 1252//1252
f 1252//1252 1251//1251 1253//1253
f 1252//1252 1253//1253 1254//1254
f 1254//1254 1253//1253 1255//1255
f 1254//1254 1255//1255 1256//1256
f 1256//1256 1255//1255 1257//1257
f 1256//1256 1257//1257 1258//1258
f 1258//1258 1257//1257 1259//1259
f 1258//1258 1259//1259 1260//1260
f 1260//1260 1259//1259 1261//1261
f 1260//1260 1261//1261 1262//1262
f 1262//1262 1261//1261 1263//1263
f 1262//1262 1263//1263 1264//1264
f 1264//1264 1263//1263 1265//1265
f 1264//1264 1265//1265 1266//1266
f 1266//1266 1265//1265 1267//1267
f 1266//1266 1267//1267 1268//1268
f 1268//1268 1267//1267 1269//1269
f 1268//1268 1269//1269 1270//1270
f 1270//1270 1269//1269 1271//1271
f 1270//1270 1271//1271 1272//1272
f 1272//1272 1271//1271 1273//1273
f 1272//1272 1273//1273 1274//1274
f 1274//1274 1273//1273 1275//1275
f 1274//1274 1275//1275 1276//1276
f 1276//1276 1275//1275 1277//1277
f 1276//1276 1277//1277 1278//1278
f 1278//1278 1277//1277 1279//1279
f 1278//1278 1279//1279 1280//1280
f 1280//1280 1279//1279 1281//1281
f 1280//1280 1281//1281 1282//1282
f 1282//1282 1281//1281 1283//1283
f 1282//1282 1283//1283 1284//1284
f 1284//1284 1283//1283 1285//1285
f 1284//1284 1285//1285 1286//1286
f 1286//1286 1285//1285 1287//1287
f 1286//1286 1287//1287 1288//1288
f 1288//1288 1287//1287 1289//1289
f 1288//1288 1289//1289 1290//1290
f 1290//1290 1289//1289 1291//1291
f 1290//1290 1291//1291 1292//1292
f 1292//1292 1291//1291 1293//1293
f 1292//1292 1293//1293 1294//1294
f 1294//1294 1293//1293 1295//1295
f 1294//1294 1295//1295 1296//1296
f 1296//1296 1295//1295 1297//1297
f 1296//1296 1297//1297 1298//1298
f 1298//1298 1297//1297 1299//1299
f 1298//1298 1299//1299 1300//1300
f 1300//1300 1299//1299 1301//1301
f 1300//1300 1301//1301 1302//1302
f 1302//1302 1301//1301 1303//1303
f 1302//1302 1303//1303 1304//1304
f 1304//1304 1303//1303 1305//1305
f 1304//1304 1305//1305 1306//1306
f 1306//1306 1305//1305 1307//1307
f 1306//1306 1307//1307 1308//1308
f 1308//1308 1307//1307 1309//1309
f 1308//1308 1309//1309 1310//1310
f 1310//1310 1309//1309 1311//1311
f 1310//1310 1311//1311 1312//1312
f 1312//1312 1311//1311 1313//1313
f 1312//1312 1313//1313 1314//1314
f 1314//1314 1313//1313 1315//1315
f 1314//1314 1315//1315 1316//1316
f 1316//1316 1315//1315 1317//1317
f 1316//1316 1317//1317 1246//1246
f 1246//1246 1317//1317 1247//1247
f 1318//1318 1248//1248 1319//1319
f 1319//1319 1248//1248 1250//1250
f 1319//1319 1250//1250 1320//1320
f 1320//1320 1250//1250 1252//1252
f 1320//1320 1252//1252 1321//1321
f 1321//1321 1252//1252 1254//1254
f 1321//1321 1254//1254 1322//1322
f 1322//1322 1254//1254 1256//1256
f 1322//1322 1256//1256 1323//1323
f 1323//1323 1256//1256 1258//1258
f 1323//1323 1258//1258 1324//1324
f 1324//1324 1258//1258 1260//1260
f 1324//1324 1260//1260 1325//1325
f 1325//1325 1260//1260 1262//1262
f 1325//1325 1262//1262 1326//1326
f 1326//1326 1262//1262 1264//1264
f 1326//1326 1264//1264 1327//1327
f 1327//1327 1264//1264 1266//1266
f 1327//1327 1266//1266 1328//1328
f 1328//1328 1266//1266 1268//1268
f 1328//1328 1268//1268 1329//1329
f 1329//1329 1268//1268 1270//1270
f 1329//1329 1270//1270 1330//1330
f 1330//1330 1270//1270 1272//1272
f 1330//1330 1272//1272 1331//1331
f 1331//1331 1272//1272 1274//1274
f 1331//1331 1274//1274 1332//1332
f 1332//1332 1274//1274 1276//1276
f 1332//1332 1276//1276 1333//1333
f 1333//1333 1276//1276 1278//1278
f 1333//1333 1278//1278 1334//1334
f 1334//1334 1278//1278 1280//1280
f 1334//1334 1280//1280 1335//1335
f 1335//1335 1280//1280 1282//1282
f 1335//1335 1282//1282 1336//1336
f 1336//1336 1282//1282 1284//1284
f 1336//1336 1284//1284 1337//1337
f 1337//1337 1284//1284 1286//1286
f 1337//1337 1286//1286 1338//1338
f 1338//1338 1286//1286 1288//1288
f 1338//1338 1288//1288 1339//1339
f 1339//1339 1288//1288 1290//1290
f 1339//1339 1290//1290 1340//1340
f 1340//1340 1290//1290 1292//1292
f 1340//1340 1292//1292 1341//1341
f 1341//1341 1292//1292 1294//1294
f 1341//1341 1294//1294 1342//1342
f 1342//1342 1294//1294 1296//1296
f 1342//1342 1296//1296 1343//1343
f 1343//1343 1296//1296 1298//1298
f 1343//1343 1298//1298 1344//1344
f 1344//1344 1298//1298 1300//1300
f 1344//1344 1300//1300 1345//1345
f 1345//1345 1300//1300 1302//1302
f 1345//1345 1302//1302 1346//1346
f 1346//1346 1302//1302 1304//1304
f 1346//1346 1304//1304 1347//1347
f 1347//1347 1304//1304 1306//1306
f 1347//1347 1306//1306 1348//1348
f 1348//1348 1306//1306 1308//1308
f 1348//1348 1308//1308 1349//1349
f 1349//1349 1308//1308 1310//1310
f 1349//1349 1310//1310 1350//1350
f 1350//1350 1310//1310 1312//1312
f 1350//1350 1312//1312 1351//1351
f 1351//1351 1312//1312 1314//1314
f 1351//1351 1314//1314 1352//1352
f 1352//1352 1314//1314 1316//1316
f 1352//1352 1316//1316 1353//1353
f 1353//1353 1316//1316 1246//1246
f 1353//1353 1246//1246 1318//1318
f 1318//1318 1246//1246 1248//1248
f 1354//1354 1176//1176 1355//1355
f 1355//1355 1176//1176 1178//1178
f 1355//1355 1178//1178 1356//1356
f 1356//1356 1178//1178 1180//1180
f 1356//1356 1180//1180 1357//1357
f 1357//1357 1180//1180 1182//1182
f 1357//1357 1182//1182 1358//1358
f 1358//1358 1182//1182 1184//1184
f 1358//1358 1184//1184 1359//1359
f 1359//1359 1184//1184 1186//1186
f 1359//1359 1186//1186 1360//1360
f 1360//1360 1186//1186 1188//1188
f 1360//1360 1188//1188 1361//1361
f 1361//1361 1188//1188 1190//1190
f 1361//1361 1190//1190 1362//1362
f 1362//1362 1190//1190 1192//1192
f 1362//1362 1192//1192 1363//1363
f 1363//1363 1192//1192 1194//1194
f 1363//1363 1194//1194 1364//1364
f 1364//1364 1194//1194 1196//1196
f 1364//1364 1196//1196 1365//1365
f 1365//1365 1196//1196 1198//1198
f 1365//1365 1198//1198 1366//1366
f 1366//1366 1198//1198 1200//1200
f 1366//1366 1200//1200 1367//1367
f 1367//1367 1200//1200 1202//1202
f 1367//1367 1202//1202 1368//1368
f 1368//1368 1202//1202 1204//1204
f 1368//1368 1204//1204 1369//1369
f 1369//1369 1204//1204 1206//1206
f 1369//1369 1206//1206 1370//1370
f 1370//1370 1206//1206 1208//1208
f 1370//1370 1208//1208 1371//1371
f 1371//1371 1208//1208 1210//1210
f 1371//1371 1210//1210 1372//1372
f 1372//1372 1210//1210 1212//1212
f 1372//1372 1212//1212 1373//1373
f 1373//1373 1212//1212 1214//1214
f 1373//1373 1214//1214 1374//1374
f 1374//1374 1214//1214 1216//1216
f 1374//1374 1216//1216 1375//1375
f 1375//1375 1216//1216 1218//1218
f 1375//1375 1218//1218 1376//1376
f 1376//1376 1218//1218 1220//1220
f 1376//1376 1220//1220 1377//1377
f 1377//1377 1220//1220 1222//1222
f 1377//1377 1222//1222 1378//1378
f 1378//1378 1222//1222 1224//1224
f 1378//1378 1224//1224 1379//1379
f 1379//1379 1224//1224 1226//1226
f 1379//1379 1226//1226 1380//1380
f 1380//1380 1226//1226 1228//1228
f 1380//1380 1228//1228 1381//1381
f 1381//1381 1228//1228 1230//1230
f 1381//1381 1230//1230 1382//1382
f 1382//1382 1230//1230 1232//1232
f 1382//1382 1232//1232 1383//1383
f 1383//1383 1232//1232 1234//1234
f 1383//1383 1234//1234 1384//1384
f 1384//1384 1234//1234 1236//1236
f 1384//1384 1236//1236 1385//1385
f 1385//1385 1236//1236 1238//1238
f 1385//1385 1238//1238 1386//1386
f 1386//1386 1238//1238 1240//1240
f 1386//1386 1240//1240 1387//1387
f 1387//1387 1240//1240 1242//1242
f 1387//1387 1242//1242 1388//1388
f 1388//1388 1242//1242 1244//1244
f 1388//1388 1244//1244 1389//1389
f 1389//1389 1244//1244 1174//1174
f 1389//1389 1174//1174 1354//1354
f 1354//1354 1174//1174 1176//1176
f 1390//1390 1269//1269 1391//1391
f 1391//1391 1269//1269 1267//1267
f 1391//1391 1267//1267 1392//1392
f 1392//1392 1267//1267 1265//1265
f 1392//1392 1265//1265 1393//1393
f 1393//1393 1265//1265 1263//1263
f 1393//1393 1263//1263 1394//1394
f 1394//1394 1263//1263 1261//1261
f 1394//1394 1261//1261 1395//1395
f 1395//1395 1261//1261 1259//1259
f 1395//1395 1259//1259 1396//1396
f 1396//1396 1259//1259 1257//1257
f 1396//1396 1257//1257 1397//1397
f 1397//1397 1257//1257 1255//1255
f 1397//1397 1255//1255 1398//1398
f 1398//1398 1255//1255 1253//1253
f 1398//1398 1253//1253 1399//1399
f 1399//1399 1253//1253 1251//1251
f 1399//1399 1251//1251 1400//1400
f 1400//1400 1251//1251 1249//1249
f 1400//1400 1249//1249 1401//1401
f 1401//1401 1249//1249 1247//1247
f 1401//1401 1247//1247 1402//1402
f 1402//1402 1247//1247 1317//1317
f 1402//1402 1317//1317 1403//1403
f 1403//1403 1317//1317 1315//1315
f 1403//1403 1315//1315 1404//1404
f 1404//1404 1315//1315 1313//1313
f 1404//1404 1313//1313 1405//1405
f 1405//1405 1313//1313 1311//1311
f 1405//1405 1311//1311 1406//1406
f 1406//1406 1311//1311 1309//1309
f 1406//1406 1309//1309 1407//1407
f 1407//1407 1309//1309 1307//1307
f 1407//1407 1307//1307 1408//1408
f 1408//1408 1307//1307 1305//1305
f 1408//1408 1305//1305 1409//1409
f 1409//1409 1305//1305 1303//1303
f 1409//1409 1303//1303 1410//1410
f 1410//1410 1303//1303 1301//1301
f 1410//1410 1301//1301 1411//1411
f 1411//1411 1301//1301 1299//1299
f 1411//1411 1299//1299 1412//1412
f 1412//1412 1299//1299 1297//1297
f 1412//1412 1297//1297 1413//1413
f 1413//1413 1297//1297 1295//1295
f 1413//1413 1295//1295 1414//1414
f 1414//1414 1295//1295 1293//1293
f 1414//1414 1293//1293 1415//1415
f 1415//1415 1293//1293 1291//1291
f 1415//1415 1291//1291 1416//1416
f 1416//1416 1291//1291 1289//1289
f 1416//1416 1289//1289 1417//1417
f 1417//1417 1289//1289 1287//1287
f 1417//1417 1287//1287 1418//1418
f 1418//1418 1287//1287 1285//1285
f 1418//1418 1285//1285 1419//1419
f 1419//1419 1285//1285 1283//1283
f 1419//1419 1283//1283 1420//1420
f 1420//1420 1283//1283 1281//1281
f 1420//1420 1281//1281 1421//1421
f 1421//1421 1281//1281 1279//1279
f 1421//1421 1279//1279 1422//1422
f 1422//1422 1279//1279 1277//1277
f 1422//1422 1277//1277 1423//1423
f 1423//1423 1277//1277 1275//1275
f 1423//1423 1275//1275 1424//1424
f 1424//1424 1275//1275 1273//1273
f 1424//1424 1273//1273 1425//1425
f 1425//1425 1273//1273 1271//1271
f 1425//1425 1271//1271 1390//1390
f 1390//1390 1271//1271 1269//1269
f 1372//1372 1319//1319 1371//1371
f 1371//1371 1319//1319 1320//1320
f 1371//1371 1320//1320 1370//1370
f 1370//1370 1320//1320 1321//1321
f 1370//1370 1321//1321 1369//1369
f 1369//1369 1321//1321 1322//1322
f 1369//1369 1322//1322 1368//1368
f 1368//1368 1322//1322 1323//1323
f 1368//1368 1323//1323 1367//1367
f 1367//1367 1323//1323 1324//1324
f 1367//1367 1324//1324 1366//1366
f 1366//1366 1324//1324 1325//1325
f 1366//1366 1325//1325 1365//1365
f 1365//1365 1325//1325 1326//1326
f 1365//1365 1326//1326 1364//1364
f 1364//1364 1326//1326 1327//1327
f 1364//1364 1327//1327 1363//1363
f 1363//1363 1327//1327 1328//1328
f 1363//1363 1328//1328 1362//1362
f 1362//1362 1328//1328 1329//1329
f 1362//1362 1329//1329 1361//1361
f 1361//1361 1329//1329 1330//1330
f 1361//1361 1330//1330 1360//1360
f 1360//1360 1330//1330 1331//1331
f 1360//1360 1331//1331 1359//1359
f 1359//1359 1331//1331 1332//1332
f 1359//1359 1332//1332 1358//1358
f 1358//1358 1332//1332 1333//1333
f 1358//1358 1333//1333 1357//1357
f 1357//1357 1333//1333 1334//1334
f 1357//1357 1334//1334 1356//1356
f 1356//1356 1334//1334 1335//1335
f 1356//1356 1335//1335 1355//1355
f 1355//1355 1335//1335 1336//1336
f 1355//1355 1336//1336 1354//1354
f 1354//1354 1336//1336 1337//1337
f 1354//1354 1337//1337 1389//1389
f 1389//1389 1337//1337 1338//1338
f 1389//1389 1338//1338 1388//1388
f 1388//1388 1338//1338 1339//1339
f 1388//1388 1339//1339 1387//1387
f 1387//1387 1339//1339 1340//1340
f 1387//1387 1340//1340 1386//1386
f 1386//1386 1340//1340 1341//1341
f 1386//1386 1341//1341 1385//1385
f 1385//1385 1341//1341 1342//1342
f 1385//1385 1342//1342 1384//1384
f 1384//1384 1342//1342 1343//1343
f 1384//1384 1343//1343 1383//1383
f 1383//1383 1343//1343 1344//1344
f 1383//1383 1344//1344 1382//1382
f 1382//1382 1344//1344 1345//1345
f 1382//1382 1345//1345 1381//1381
f 1381//1381 1345//1345 1346//1346
f 1381//1381 1346//1346 1380//1380
f 1380//1380 1346//1346 1347//1347
f 1380//1380 1347//1347 1379//1379
f 1379//1379 1347//1347 1348//1348
f 1379//1379 1348//1348 1378//1378
f 1378//1378 1348//1348 1349//1349
f 1378//1378 1349//1349 1377//1377
f 1377//1377 1349//1349 1350//1350
f 1377//1377 1350//1350 1376//1376
f 1376//1376 1350//1350 1351//1351
f 1376//1376 1351//1351 1375//1375
f 1375//1375 1351//1351 1352//1352
f 1375//1375 1352//1352 1374//1374
f 1374//1374 1352//1352 1353//1353
f 1374//1374 1353//1353 1373//1373
f 1373//1373 1353//1353 1318//1318
f 1373//1373 1318//1318 1372//1372
f 1372//1372 1318//1318 1319//1319
f 1426//1426 1199//1199 1427//1427
f 1427//1427 1199//1199 1197//1197
f 1427//1427 1197//1197 1428//1428
f 1428//1428 1197//1197 1195//1195
f 1428//1428 1195//1195 1429//1429
f 1429//1429 1195//1195 1193//1193
f 1429//1429 1193//1193 1430//1430
f 1430//1430 1193//1193 1191//1191
f 1430//1430 1191//1191 1431//1431
f 1431//1431 1191//1191 1189//1189
f 1431//1431 1189//1189 1432//1432
f 1432//1432 1189//1189 1187//1187
f 1432//1432 1187//1187 1433//1433
f 1433//1433 1187//1187 1185//1185
f 1433//1433 1185//1185 1434//1434
f 1434//1434 1185//1185 1183//1183
f 1434//1434 1183//1183 1435//1435
f 1435//1435 1183//1183 1181//1181
f 1435//1435 1181//1181 1436//1436
f 1436//1436 1181//1181 1179//1179
f 1436//1436 1179//1179 1437//1437
f 1437//1437 1179//1179 1177//1177
f 1437//1437 1177//1177 1438//1438
f 1438//1438 1177//1177 1175//1175
f 1438//1438 1175//1175 1439//1439
f 1439//1439 1175//1175 1245//1245
f 1439//1439 1245//1245 1440//1440
f 1440//1440 1245//1245 1243//1243
f 1440//1440 1243//1243 1441//1441
f 1441//1441 1243//1243 1241//1241
f 1441//1441 1241//1241 1442//1442
f 1442//1442 1241//1241 1239//1239
f 1442//1442 1239//1239 1443//1443
f 1443//1443 1239//1239 1237//1237
f 1443//1443 1237//1237 1444//1444
f 1444//1444 1237//1237 1235//1235
f 1444//1444 1235//1235 1445//1445
f 1445//1445 1235//1235 1233//1233
f 1445//1445 1233//1233 1446//1446
f 1446//1446 1233//1233 1231//1231
f 1446//1446 1231//1231 1447//1447
f 1447//1447 1231//1231 1229//1229
f 1447//1447 1229//1229 1448//1448
f 1448//1448 1229//1229 1227//1227
f 1448//1448 1227//1227 1449//1449
f 1449//1449 1227//1227 1225//1225
f 1449//1449 1225//1225 1450//1450
f 1450//1450 1225//1225 1223//1223
f 1450//1450 1223//1223 1451//1451
f 1451//1451 1223//1223 1221//1221
f 1451//1451 1221//1221 1452//1452
f 1452//1452 1221//1221 1219//1219
f 1452//1452 1219//1219 1453//1453
f 1453//1453 1219//1219 1217//1217
f 1453//1453 1217//1217 1454//1454
f 1454//1454 1217//1217 1215//1215
f 1454//1454 1215//1215 1455//1455
f 1455//1455 1215//1215 1213//1213
f 1455//1455 1213//1213 1456//1456
f 1456//1456 1213//1213 1211//1211
f 1456//1456 1211//1211 1457//1457
f 1457//1457 1211//1211 1209//1209
f 1457//1457 1209//1209 1458//1458
f 1458//1458 1209//1209 1207//1207
f 1458//1458 1207//1207 1459//1459
f 1459//1459 1207//1207 1205//1205
f 1459//1459 1205//1205 1460//1460
f 1460//1460 1205//1205 1203//1203
f 1460//1460 1203//1203 1461//1461
f 1461//1461 1203//1203 1201//1201
f 1461//1461 1201//1201 1426//1426
f 1426//1426 1201//1201 1199//1199
f 1402//1402 1457//1457 1401//1401
f 1401//1401 1457//1457 1458//1458
f 1401//1401 1458//1458 1400//1400
f 1400//1400 1458//1458 1459//1459
f 1400//1400 1459//1459 1399//1399
f 1399//1399 1459//1459 1460//1460
f 1399//1399 1460//1460 1398//1398
f 1398//1398 1460//1460 1461//1461
f 1398//1398 1461//1461 1397//1397
f 1397//1397 1461//1461 1426//1426
f 1397//1397 1426//1426 1396//1396
f 1396//1396 1426//1426 1427//1427
f 1396//1396 1427//1427 1395//1395
f 1395//1395 1427//1427 1428//1428
f 1395//1395 1428//1428 1394//1394
f 1394//1394 1428//1428 1429//1429
f 1394//1394 1429//1429 1393//1393
f 1393//1393 1429//1429 1430//1430
f 1393//1393 1430//1430 1392//1392
f 1392//1392 1430//1430 1431//1431
f 1392//1392 1431//1431 1391//1391
f 1391//1391 1431//1431 1432//1432
f 1391//1391 1432//1432 1390//1390
f 1390//1390 1432//1432 1433//1433
f 1390//1390 1433//1433 1425//1425
f 1425//1425 1433//1433 1434//1434
f 1425//1425 1434//1434 1424//1424
f 1424//1424 1434//1434 1435//1435
f 1424//1424 1435//1435 1423//1423
f 1423//1423 1435//1435 1436//1436
f 1423//1423 1436//1436 1422//1422
f 1422//1422 1436//1436 1437//1437
f 1422//1422 1437//1437 1421//1421
f 1421//1421 1437//1437 1438//1438
f 1421//1421 1438//1438 1420//1420
f 1420//1420 1438//1438 1439//1439
f 1420//1420 1439//1439 1419//1419
f 1419//1419 1439//1439 1440//1440
f 1419//1419 1440//1440 1418//1418
f 1418//1418 1440//1440 1441//1441
f 1418//1418 1441//1441 1417//1417
f 1417//1417 1441//1441 1442//1442
f 1417//1417 1442//1442 1416//1416
f 1416//1416 1442//1442 1443//1443
f 1416//1416 1443//1443 1415//1415
f 1415//1415 1443//1443 1444//1444
f 1415//1415 1444//1444 1414//1414
f 1414//1414 1444//1444 1445//1445
f 1414//1414 1445//1445 1413//1413
f 1413//1413 1445//1445 1446//1446
f 1413//1413 1446//1446 1412//1412
f 1412//1412 1446//1446 1447//1447
f 1412//1412 1447//1447 1411//1411
f 1411//1411 1447//1447 1448//1448
f 1411//1411 1448//1448 1410//1410
f 1410//1410 1448//1448 1449//1449
f 1410//1410 1449//1449 1409//1409
f 1409//1409 1449//1449 1450//1450
f 1409//1409 1450//1450 1408//1408
f 1408//1408 1450//1450 1451//1451
f 1408//1408 1451//1451 1407//1407
f 1407//1407 1451//1451 1452//1452
f 1407//1407 1452//1452 1406//1406
f 1406//1406 1452//1452 1453//1453
f 1406//1406 1453//1453 1405//1405
f 1405//1405 1453//1453 1454//1454
f 1405//1405 1454//1454 1404//1404
f 1404//1404 1454//1454 1455//1455
f 1404//1404 1455//1455 1403//1403
f 1403//1403 1455//1455 1456//1456
f 1403//1403 1456//1456 1402//1402
f 1402//1402 1456//1456 1457//1457
f 1462//1462 1463//1463 1464//1464
f 1464//1464 1463//1463 1465//1465
f 1463//1463 1466//1466 1465//1465
f 1465//1465 1466//1466 1467//1467
f 1466//1466 1468//1468 1467//1467
f 1467//1467 1468//1468 1469//1469
f 1468//1468 1470//1470 1469//1469
f 1469//1469 1470//1470 1471//1471
f 1470//1470 1472//1472 1471//1471
f 1471//1471 1472//1472 1473//1473
f 1474//1474 1475//1475 1470//1470
f 1476//1476 1477//1477 1468//1468
f 1468//1468 1477//1477 1478//1478
f 1478//1478 1479//1479 1468//1468
f 1468//1468 1479//1479 1480//1480
f 1468//1468 1480//1480 1481//1481
f 1482//1482 1483//1483 1472//1472
f 1475//1475 1484//1484 1470//1470
f 1470//1470 1484//1484 1485//1485
f 1470//1470 1485//1485 1486//1486
f 1486//1486 1487//1487 1470//1470
f 1470//1470 1487//1487 1488//1488
f 1470//1470 1488//1488 1472//1472
f 1472//1472 1488//1488 1489//1489
f 1472//1472 1489//1489 1482//1482
f 1483//1483 1490//1490 1472//1472
f 1472//1472 1490//1490 1491//1491
f 1472//1472 1491//1491 1492//1492
f 1462//1462 1493//1493 1494//1494
f 1481//1481 1495//1495 1468//1468
f 1468//1468 1495//1495 1496//1496
f 1468//1468 1496//1496 1470//1470
f 1470//1470 1496//1496 1497//1497
f 1470//1470 1497//1497 1474//1474
f 1492//1492 1498//1498 1472//1472
f 1472//1472 1498//1498 1499//1499
f 1472//1472 1499//1499 1462//1462
f 1462//1462 1499//1499 1500//1500
f 1462//1462 1500//1500 1493//1493
f 1494//1494 1501//1501 1462//1462
f 1462//1462 1501//1501 1502//1502
f 1462//1462 1502//1502 1503//1503
f 1503//1503 1504//1504 1462//1462
f 1462//1462 1504//1504 1505//1505
f 1462//1462 1505//1505 1463//1463
f 1466//1466 1506//1506 1507//1507
f 1505//1505 1508//1508 1463//1463
f 1463//1463 1508//1508 1509//1509
f 1463//1463 1509//1509 1510//1510
f 1507//1507 1511//1511 1466//1466
f 1466//1466 1511//1511 1512//1512
f 1466//1466 1512//1512 1513//1513
f 1513//1513 1514//1514 1466//1466
f 1466//1466 1514//1514 1515//1515
f 1466//1466 1515//1515 1468//1468
f 1468//1468 1515//1515 1516//1516
f 1468//1468 1516//1516 1476//1476
f 1510//1510 1517//1517 1463//1463
f 1463//1463 1517//1517 1518//1518
f 1463//1463 1518//1518 1519//1519
f 1519//1519 1520//1520 1463//1463
f 1463//1463 1520//1520 1521//1521
f 1463//1463 1521//1521 1466//1466
f 1466//1466 1521//1521 1522//1522
f 1466//1466 1522//1522 1506//1506
f 1472//1472 1462//1462 1473//1473
f 1473//1473 1462//1462 1464//1464
f 1523//1523 1524//1524 1525//1525
f 1525//1525 1524//1524 1526//1526
f 1525//1525 1526//1526 1527//1527
f 1527//1527 1526//1526 1528//1528
f 1527//1527 1528//1528 1529//1529
f 1529//1529 1528//1528 1530//1530
f 1529//1529 1530//1530 1531//1531
f 1531//1531 1530//1530 1532//1532
f 1531//1531 1532//1532 1533//1533
f 1533//1533 1532//1532 1534//1534
f 1533//1533 1534//1534 1535//1535
f 1535//1535 1534//1534 1536//1536
f 1535//1535 1536//1536 1537//1537
f 1537//1537 1536//1536 1538//1538
f 1537//1537 1538//1538 1539//1539
f 1539//1539 1538//1538 1540//1540
f 1539//1539 1540//1540 1541//1541
f 1541//1541 1540//1540 1542//1542
f 1541//1541 1542//1542 1543//1543
f 1543//1543 1542//1542 1544//1544
f 1543//1543 1544//1544 1545//1545
f 1545//1545 1544//1544 1546//1546
f 1545//1545 1546//1546 1547//1547
f 1547//1547 1546//1546 1548//1548
f 1547//1547 1548//1548 1549//1549
f 1549//1549 1548//1548 1550//1550
f 1549//1549 1550//1550 1551//1551
f 1551//1551 1550//1550 1552//1552
f 1551//1551 1552//1552 1553//1553
f 1553//1553 1552//1552 1554//1554
f 1553//1553 1554//1554 1555//1555
f 1555//1555 1554//1554 1556//1556
f 1555//1555 1556//1556 1557//1557
f 1557//1557 1556//1556 1558//1558
f 1557//1557 1558//1558 1559//1559
f 1559//1559 1558//1558 1560//1560
f 1559//1559 1560//1560 1561//1561
f 1561//1561 1560//1560 1562//1562
f 1561//1561 1562//1562 1563//1563
f 1563//1563 1562//1562 1564//1564
f 1563//1563 1564//1564 1565//1565
f 1565//1565 1564//1564 1566//1566
f 1565//1565 1566//1566 1567//1567
f 1567//1567 1566//1566 1568//1568
f 1567//1567 1568//1568 1569//1569
f 1569//1569 1568//1568 1570//1570
f 1569//1569 1570//1570 1571//1571
f 1571//1571 1570//1570 1572//1572
f 1571//1571 1572//1572 1573//1573
f 1573//1573 1572//1572 1574//1574
f 1573//1573 1574//1574 1575//1575
f 1575//1575 1574//1574 1576//1576
f 1575//1575 1576//1576 1577//1577
f 1577//1577 1576//1576 1578//1578
f 1577//1577 1578//1578 1579//1579
f 1579//1579 1578//1578 1580//1580
f 1579//1579 1580//1580 1581//1581
f 1581//1581 1580//1580 1582//1582
f 1581//1581 1582//1582 1583//1583
f 1583//1583 1582//1582 1584//1584
f 1583//1583 1584//1584 1585//1585
f 1585//1585 1584//1584 1586//1586
f 1585//1585 1586//1586 1587//1587
f 1587//1587 1586//1586 1588//1588
f 1587//1587 1588//1588 1589//1589
f 1589//1589 1588//1588 1590//1590
f 1589//1589 1590//1590 1591//1591
f 1591//1591 1590//1590 1592//1592
f 1591//1591 1592//1592 1593//1593
f 1593//1593 1592//1592 1594//1594
f 1593//1593 1594//1594 1595//1595
f 1595//1595 1594//1594 1596//1596
f 1595//1595 1596//1596 1597//1597
f 1597//1597 1596//1596 1598//1598
f 1597//1597 1598//1598 1599//1599
f 1599//1599 1598//1598 1600//1600
f 1599//1599 1600//1600 1601//1601
f 1601//1601 1600//1600 1523//1523
f 1601//1601 1523//1523 1525//1525
f 1563//1563 1565//1565 1465//1465
f 1465//1465 1565//1565 1567//1567
f 1589//1589 1591//1591 1473//1473
f 1473//1473 1591//1591 1593//1593
f 1601//1601 1525//1525 1471//1471
f 1471//1471 1525//1525 1527//1527
f 1471//1471 1527//1527 1529//1529
f 1535//1535 1469//1469 1533//1533
f 1533//1533 1469//1469 1471//1471
f 1533//1533 1471//1471 1531//1531
f 1531//1531 1471//1471 1529//1529
f 1535//1535 1537//1537 1469//1469
f 1469//1469 1537//1537 1539//1539
f 1469//1469 1539//1539 1541//1541
f 1567//1567 1569//1569 1465//1465
f 1465//1465 1569//1569 1571//1571
f 1465//1465 1571//1571 1464//1464
f 1464//1464 1571//1571 1573//1573
f 1464//1464 1573//1573 1575//1575
f 1575//1575 1577//1577 1464//1464
f 1464//1464 1577//1577 1579//1579
f 1464//1464 1579//1579 1581//1581
f 1581//1581 1583//1583 1464//1464
f 1464//1464 1583//1583 1585//1585
f 1464//1464 1585//1585 1473//1473
f 1473//1473 1585//1585 1587//1587
f 1473//1473 1587//1587 1589//1589
f 1593//1593 1595//1595 1473//1473
f 1473//1473 1595//1595 1597//1597
f 1473//1473 1597//1597 1471//1471
f 1471//1471 1597//1597 1599//1599
f 1471//1471 1599//1599 1601//1601
f 1541//1541 1543//1543 1469//1469
f 1469//1469 1543//1543 1545//1545
f 1469//1469 1545//1545 1467//1467
f 1467//1467 1545//1545 1547//1547
f 1467//1467 1547//1547 1549//1549
f 1549//1549 1551//1551 1467//1467
f 1467//1467 1551//1551 1553//1553
f 1467//1467 1553//1553 1555//1555
f 1555//1555 1557//1557 1467//1467
f 1467//1467 1557//1557 1559//1559
f 1467//1467 1559//1559 1465//1465
f 1465//1465 1559//1559 1561//1561
f 1465//1465 1561//1561 1563//1563
f 1484//1484 1602//1602 1485//1485
f 1485//1485 1602//1602 1603//1603
f 1485//1485 1603//1603 1486//1486
f 1486//1486 1603//1603 1604//1604
f 1486//1486 1604//1604 1487//1487
f 1487//1487 1604//1604 1605//1605
f 1487//1487 1605//1605 1488//1488
f 1488//1488 1605//1605 1606//1606
f 1488//1488 1606//1606 1489//1489
f 1489//1489 1606//1606 1607//1607
f 1489//1489 1607//1607 1482//1482
f 1482//1482 1607//1607 1608//1608
f 1482//1482 1608//1608 1483//1483
f 1483//1483 1608//1608 1609//1609
f 1483//1483 1609//1609 1490//1490
f 1490//1490 1609//1609 1610//1610
f 1490//1490 1610//1610 1491//1491
f 1491//1491 1610//1610 1611//1611
f 1491//1491 1611//1611 1492//1492
f 1492//1492 1611//1611 1612//1612
f 1492//1492 1612//1612 1498//1498
f 1498//1498 1612//1612 1613//1613
f 1498//1498 1613//1613 1499//1499
f 1499//1499 1613//1613 1614//1614
f 1499//1499 1614//1614 1500//1500
f 1500//1500 1614//1614 1615//1615
f 1500//1500 1615//1615 1493//1493
f 1493//1493 1615//1615 1616//1616
f 1493//1493 1616//1616 1494//1494
f 1494//1494 1616//1616 1617//1617
f 1494//1494 1617//1617 1501//1501
f 1501//1501 1617//1617 1618//1618
f 1501//1501 1618//1618 1502//1502
f 1502//1502 1618//1618 1619//1619
f 1502//1502 1619//1619 1503//1503
f 1503//1503 1619//1619 1620//1620
f 1503//1503 1620//1620 1504//1504
f 1504//1504 1620//1620 1621//1621
f 1504//1504 1621//1621 1505//1505
f 1505//1505 1621//1621 1622//1622
f 1505//1505 1622//1622 1508//1508
f 1508//1508 1622//1622 1623//1623
f 1508//1508 1623//1623 1509//1509
f 1509//1509 1623//1623 1624//1624
f 1509//1509 1624//1624 1510//1510
f 1510//1510 1624//1624 1625//1625
f 1510//1510 1625//1625 1517//1517
f 1517//1517 1625//1625 1626//1626
f 1517//1517 1626//1626 1518//1518
f 1518//1518 1626//1626 1627//1627
f 1518//1518 1627//1627 1519//1519
f 1519//1519 1627//1627 1628//1628
f 1519//1519 1628//1628 1520//1520
f 1520//1520 1628//1628 1629//1629
f 1520//1520 1629//1629 1521//1521
f 1521//1521 1629//1629 1630//1630
f 1521//1521 1630//1630 1522//1522
f 1522//1522 1630//1630 1631//1631
f 1522//1522 1631//1631 1506//1506
f 1506//1506 1631//1631 1632//1632
f 1506//1506 1632//1632 1507//1507
f 1507//1507 1632//1632 1633//1633
f 1507//1507 1633//1633 1511//1511
f 1511//1511 1633//1633 1634//1634
f 1511//1511 1634//1634 1512//1512
f 1512//1512 1634//1634 1635//1635
f 1512//1512 1635//1635 1513//1513
f 1513//1513 1635//1635 1636//1636
f 1513//1513 1636//1636 1514//1514
f 1514//1514 1636//1636 1637//1637
f 1514//1514 1637//1637 1515//1515
f 1515//1515 1637//1637 1638//1638
f 1515//1515 1638//1638 1516//1516
f 1516//1516 1638//1638 1639//1639
f 1516//1516 1639//1639 1476//1476
f 1476//1476 1639//1639 1640//1640
f 1476//1476 1640//1640 1477//1477
f 1477//1477 1640//1640 1641//1641
f 1477//1477 1641//1641 1478//1478
f 1478//1478 1641//1641 1642//1642
f 1478//1478 1642//1642 1479//1479
f 1479//1479 1642//1642 1643//1643
f 1479//1479 1643//1643 1480//1480
f 1480//1480 1643//1643 1644//1644
f 1480//1480 1644//1644 1481//1481
f 1481//1481 1644//1644 1645//1645
f 1481//1481 1645//1645 1495//1495
f 1495//1495 1645//1645 1646//1646
f 1495//1495 1646//1646 1496//1496
f 1496//1496 1646//1646 1647//1647
f 1496//1496 1647//1647 1497//1497
f 1497//1497 1647//1647 1648//1648
f 1497//1497 1648//1648 1474//1474
f 1474//1474 1648//1648 1649//1649
f 1474//1474 1649//1649 1475//1475
f 1475//1475 1649//1649 1650//1650
f 1475//1475 1650//1650 1484//1484
f 1484//1484 1650//1650 1602//1602
f 1590//1590 1611//1611 1592//1592
f 1592//1592 1611//1611 1610//1610
f 1592//1592 1610//1610 1594//1594
f 1594//1594 1610//1610 1609//1609
f 1594//1594 1609//1609 1596//1596
f 1596//1596 1609//1609 1608//1608
f 1596//1596 1608//1608 1598//1598
f 1560//1560 1630//1630 1562//1562
f 1562//1562 1630//1630 1629//1629
f 1562//1562 1629//1629 1564//1564
f 1564//1564 1629//1629 1628//1628
f 1564//1564 1628//1628 1566//1566
f 1566//1566 1628//1628 1627//1627
f 1566//1566 1627//1627 1568//1568
f 1544//1544 1640//1640 1546//1546
f 1546//1546 1640//1640 1639//1639
f 1546//1546 1639//1639 1548//1548
f 1548//1548 1639//1639 1638//1638
f 1548//1548 1638//1638 1550//1550
f 1550//1550 1638//1638 1637//1637
f 1550//1550 1637//1637 1552//1552
f 1536//1536 1645//1645 1538//1538
f 1538//1538 1645//1645 1644//1644
f 1538//1538 1644//1644 1540//1540
f 1540//1540 1644//1644 1643//1643
f 1540//1540 1643//1643 1542//1542
f 1542//1542 1643//1643 1642//1642
f 1542//1542 1642//1642 1544//1544
f 1544//1544 1642//1642 1641//1641
f 1544//1544 1641//1641 1640//1640
f 1608//1608 1607//1607 1598//1598
f 1598//1598 1607//1607 1606//1606
f 1598//1598 1606//1606 1600//1600
f 1600//1600 1606//1606 1605//1605
f 1600//1600 1605//1605 1523//1523
f 1523//1523 1605//1605 1604//1604
f 1523//1523 1604//1604 1524//1524
f 1524//1524 1604//1604 1603//1603
f 1524//1524 1603//1603 1526//1526
f 1526//1526 1603//1603 1602//1602
f 1526//1526 1602//1602 1528//1528
f 1528//1528 1602//1602 1650//1650
f 1528//1528 1650//1650 1530//1530
f 1530//1530 1650//1650 1649//1649
f 1530//1530 1649//1649 1532//1532
f 1532//1532 1649//1649 1648//1648
f 1532//1532 1648//1648 1534//1534
f 1534//1534 1648//1648 1647//1647
f 1534//1534 1647//1647 1536//1536
f 1536//1536 1647//1647 1646//1646
f 1536//1536 1646//1646 1645//1645
f 1584//1584 1615//1615 1586//1586
f 1586//1586 1615//1615 1614//1614
f 1586//1586 1614//1614 1588//1588
f 1588//1588 1614//1614 1613//1613
f 1588//1588 1613//1613 1590//1590
f 1590//1590 1613//1613 1612//1612
f 1590//1590 1612//1612 1611//1611
f 1576//1576 1620//1620 1578//1578
f 1578//1578 1620//1620 1619//1619
f 1578//1578 1619//1619 1580//1580
f 1580//1580 1619//1619 1618//1618
f 1580//1580 1618//1618 1582//1582
f 1582//1582 1618//1618 1617//1617
f 1582//1582 1617//1617 1584//1584
f 1584//1584 1617//1617 1616//1616
f 1584//1584 1616//1616 1615//1615
f 1627//1627 1626//1626 1568//1568
f 1568//1568 1626//1626 1625//1625
f 1568//1568 1625//1625 1570//1570
f 1570//1570 1625//1625 1624//1624
f 1570//1570 1624//1624 1572//1572
f 1572//1572 1624//1624 1623//1623
f 1572//1572 1623//1623 1574//1574
f 1574//1574 1623//1623 1622//1622
f 1574//1574 1622//1622 1576//1576
f 1576//1576 1622//1622 1621//1621
f 1576//1576 1621//1621 1620//1620
f 1637//1637 1636//1636 1552//1552
f 1552//1552 1636//1636 1635//1635
f 1552//1552 1635//1635 1554//1554
f 1554//1554 1635//1635 1634//1634
f 1554//1554 1634//1634 1556//1556
f 1556//1556 1634//1634 1633//1633
f 1556//1556 1633//1633 1558//1558
f 1558//1558 1633//1633 1632//1632
f 1558//1558 1632//1632 1560//1560
f 1560//1560 1632//1632 1631//1631
f 1560//1560 1631//1631 1630//1630
f 1651//1651 1652//1652 1653//1653
f 1653//1653 1652//1652 1654//1654
f 1653//1653 1654//1654 1655//1655
f 1655//1655 1654//1654 1656//1656
f 1655//1655 1656//1656 1657//1657
f 1657//1657 1656//1656 1658//1658
f 1657//1657 1658//1658 1659//1659
f 1659//1659 1658//1658 1660//1660
f 1659//1659 1660//1660 1661//1661
f 1661//1661 1660//1660 1662//1662
f 1661//1661 1662//1662 1663//1663
f 1663//1663 1662//1662 1664//1664
f 1663//1663 1664//1664 1665//1665
f 1666//1666 1667//1667 1668//1668
f 1668//1668 1667//1667 1669//1669
f 1668//1668 1669//1669 1670//1670
f 1670//1670 1669//1669 1671//1671
f 1670//1670 1671//1671 1672//1672
f 1672//1672 1671//1671 1673//1673
f 1672//1672 1673//1673 1674//1674
f 1674//1674 1673//1673 1675//1675
f 1674//1674 1675//1675 1676//1676
f 1676//1676 1675//1675 1677//1677
f 1676//1676 1677//1677 1678//1678
f 1678//1678 1677//1677 1679//1679
f 1678//1678 1679//1679 1680//1680
f 1681//1681 1682//1682 1683//1683
f 1683//1683 1682//1682 1684//1684
f 1683//1683 1684//1684 1685//1685
f 1685//1685 1684//1684 1686//1686
f 1685//1685 1686//1686 1687//1687
f 1687//1687 1686//1686 1688//1688
f 1687//1687 1688//1688 1689//1689
f 1689//1689 1688//1688 1690//1690
f 1689//1689 1690//1690 1691//1691
f 1691//1691 1690//1690 1692//1692
f 1691//1691 1692//1692 1693//1693
f 1692//1692 1694//1694 1693//1693
f 1693//1693 1694//1694 1695//1695
f 1693//1693 1695//1695 1696//1696
f 1696//1696 1695//1695 1697//1697
f 1696//1696 1697//1697 1698//1698
f 1698//1698 1697//1697 1699//1699
f 1698//1698 1699//1699 1700//1700
f 1700//1700 1699//1699 1701//1701
f 1700//1700 1701//1701 1702//1702
f 1702//1702 1701//1701 1703//1703
f 1702//1702 1703//1703 1704//1704
f 1704//1704 1703//1703 1705//1705
f 1704//1704 1705//1705 1706//1706
f 1706//1706 1705//1705 1707//1707
f 1706//1706 1707//1707 1666//1666
f 1666//1666 1707//1707 1708//1708
f 1666//1666 1708//1708 1667//1667
f 1709//1709 1710//1710 1711//1711
f 1711//1711 1710//1710 1712//1712
f 1711//1711 1712//1712 1713//1713
f 1713//1713 1712//1712 1714//1714
f 1713//1713 1714//1714 1715//1715
f 1715//1715 1714//1714 1716//1716
f 1715//1715 1716//1716 1717//1717
f 1717//1717 1716//1716 1718//1718
f 1717//1717 1718//1718 1719//1719
f 1719//1719 1718//1718 1720//1720
f 1719//1719 1720//1720 1721//1721
f 1721//1721 1720//1720 1722//1722
f 1721//1721 1722//1722 1681//1681
f 1681//1681 1722//1722 1723//1723
f 1681//1681 1723//1723 1682//1682
f 1679//1679 1724//1724 1680//1680
f 1680//1680 1724//1724 1725//1725
f 1680//1680 1725//1725 1726//1726
f 1726//1726 1725//1725 1727//1727
f 1726//1726 1727//1727 1728//1728
f 1728//1728 1727//1727 1729//1729
f 1728//1728 1729//1729 1730//1730
f 1730//1730 1729//1729 1731//1731
f 1730//1730 1731//1731 1732//1732
f 1732//1732 1731//1731 1733//1733
f 1732//1732 1733//1733 1734//1734
f 1734//1734 1733//1733 1735//1735
f 1734//1734 1735//1735 1651//1651
f 1651//1651 1735//1735 1736//1736
f 1651//1651 1736//1736 1652//1652
f 1737//1737 1738//1738 1739//1739
f 1739//1739 1738//1738 1740//1740
f 1739//1739 1740//1740 1741//1741
f 1741//1741 1740//1740 1742//1742
f 1741//1741 1742//1742 1743//1743
f 1743//1743 1742//1742 1744//1744
f 1743//1743 1744//1744 1745//1745
f 1745//1745 1744//1744 1746//1746
f 1745//1745 1746//1746 1747//1747
f 1747//1747 1746//1746 1748//1748
f 1747//1747 1748//1748 1749//1749
f 1749//1749 1748//1748 1750//1750
f 1749//1749 1750//1750 1709//1709
f 1709//1709 1750//1750 1751//1751
f 1709//1709 1751//1751 1710//1710
f 1664//1664 1752//1752 1665//1665
f 1665//1665 1752//1752 1753//1753
f 1665//1665 1753//1753 1754//1754
f 1754//1754 1753//1753 1755//1755
f 1754//1754 1755//1755 1756//1756
f 1756//1756 1755//1755 1757//1757
f 1756//1756 1757//1757 1758//1758
f 1758//1758 1757//1757 1759//1759
f 1758//1758 1759//1759 1760//1760
f 1760//1760 1759//1759 1761//1761
f 1760//1760 1761//1761 1762//1762
f 1762//1762 1761//1761 1763//1763
f 1762//1762 1763//1763 1737//1737
f 1737//1737 1763//1763 1764//1764
f 1737//1737 1764//1764 1738//1738
f 1765//1765 1659//1659 1766//1766
f 1766//1766 1659//1659 1661//1661
f 1766//1766 1661//1661 1767//1767
f 1767//1767 1661//1661 1663//1663
f 1767//1767 1663//1663 1768//1768
f 1768//1768 1663//1663 1665//1665
f 1768//1768 1665//1665 1769//1769
f 1769//1769 1665//1665 1754//1754
f 1769//1769 1754//1754 1770//1770
f 1770//1770 1754//1754 1756//1756
f 1770//1770 1756//1756 1771//1771
f 1771//1771 1756//1756 1758//1758
f 1771//1771 1758//1758 1772//1772
f 1772//1772 1758//1758 1760//1760
f 1772//1772 1760//1760 1773//1773
f 1773//1773 1760//1760 1762//1762
f 1773//1773 1762//1762 1774//1774
f 1774//1774 1762//1762 1737//1737
f 1774//1774 1737//1737 1775//1775
f 1775//1775 1737//1737 1739//1739
f 1775//1775 1739//1739 1776//1776
f 1776//1776 1739//1739 1741//1741
f 1776//1776 1741//1741 1777//1777
f 1777//1777 1741//1741 1743//1743
f 1777//1777 1743//1743 1778//1778
f 1778//1778 1743//1743 1745//1745
f 1778//1778 1745//1745 1779//1779
f 1779//1779 1745//1745 1747//1747
f 1779//1779 1747//1747 1780//1780
f 1780//1780 1747//1747 1749//1749
f 1780//1780 1749//1749 1781//1781
f 1781//1781 1749//1749 1709//1709
f 1781//1781 1709//1709 1782//1782
f 1782//1782 1709//1709 1711//1711
f 1782//1782 1711//1711 1783//1783
f 1783//1783 1711//1711 1713//1713
f 1783//1783 1713//1713 1784//1784
f 1784//1784 1713//1713 1715//1715
f 1784//1784 1715//1715 1785//1785
f 1785//1785 1715//1715 1717//1717
f 1785//1785 1717//1717 1786//1786
f 1786//1786 1717//1717 1719//1719
f 1786//1786 1719//1719 1787//1787
f 1787//1787 1719//1719 1721//1721
f 1787//1787 1721//1721 1788//1788
f 1788//1788 1721//1721 1681//1681
f 1788//1788 1681//1681 1789//1789
f 1789//1789 1681//1681 1683//1683
f 1789//1789 1683//1683 1790//1790
f 1790//1790 1683//1683 1685//1685
f 1790//1790 1685//1685 1791//1791
f 1791//1791 1685//1685 1687//1687
f 1791//1791 1687//1687 1792//1792
f 1792//1792 1687//1687 1689//1689
f 1792//1792 1689//1689 1793//1793
f 1793//1793 1689//1689 1691//1691
f 1793//1793 1691//1691 1794//1794
f 1794//1794 1691//1691 1693//1693
f 1794//1794 1693//1693 1795//1795
f 1795//1795 1693//1693 1696//1696
f 1795//1795 1696//1696 1796//1796
f 1796//1796 1696//1696 1698//1698
f 1796//1796 1698//1698 1797//1797
f 1797//1797 1698//1698 1700//1700
f 1797//1797 1700//1700 1798//1798
f 1798//1798 1700//1700 1702//1702
f 1798//1798 1702//1702 1799//1799
f 1799//1799 1702//1702 1704//1704
f 1799//1799 1704//1704 1800//1800
f 1800//1800 1704//1704 1706//1706
f 1800//1800 1706//1706 1801//1801
f 1801//1801 1706//1706 1666//1666
f 1801//1801 1666//1666 1802//1802
f 1802//1802 1666//1666 1668//1668
f 1802//1802 1668//1668 1803//1803
f 1803//1803 1668//1668 1670//1670
f 1803//1803 1670//1670 1804//1804
f 1804//1804 1670//1670 1672//1672
f 1804//1804 1672//1672 1805//1805
f 1805//1805 1672//1672 1674//1674
f 1805//1805 1674//1674 1806//1806
f 1806//1806 1674//1674 1676//1676
f 1806//1806 1676//1676 1807//1807
f 1807//1807 1676//1676 1678//1678
f 1807//1807 1678//1678 1808//1808
f 1808//1808 1678//1678 1680//1680
f 1808//1808 1680//1680 1809//1809
f 1809//1809 1680//1680 1726//1726
f 1809//1809 1726//1726 1810//1810
f 1810//1810 1726//1726 1728//1728
f 1810//1810 1728//1728 1811//1811
f 1811//1811 1728//1728 1730//1730
f 1811//1811 1730//1730 1812//1812
f 1812//1812 1730//1730 1732//1732
f 1812//1812 1732//1732 1813//1813
f 1813//1813 1732//1732 1734//1734
f 1813//1813 1734//1734 1814//1814
f 1814//1814 1734//1734 1651//1651
f 1814//1814 1651//1651 1815//1815
f 1815//1815 1651//1651 1653//1653
f 1815//1815 1653//1653 1816//1816
f 1816//1816 1653//1653 1655//1655
f 1816//1816 1655//1655 1817//1817
f 1817//1817 1655//1655 1657//1657
f 1817//1817 1657//1657 1765//1765
f 1765//1765 1657//1657 1659//1659
f 1795//1795 1818//1818 1794//1794
f 1794//1794 1818//1818 1819//1819
f 1794//1794 1819//1819 1793//1793
f 1793//1793 1819//1819 1820//1820
f 1793//1793 1820//1820 1792//1792
f 1792//1792 1820//1820 1821//1821
f 1792//1792 1821//1821 1791//1791
f 1791//1791 1821//1821 1822//1822
f 1791//1791 1822//1822 1790//1790
f 1790//1790 1822//1822 1823//1823
f 1790//1790 1823//1823 1789//1789
f 1802//1802 1824//1824 1801//1801
f 1801//1801 1824//1824 1825//1825
f 1801//1801 1825//1825 1800//1800
f 1800//1800 1825//1825 1826//1826
f 1800//1800 1826//1826 1799//1799
f 1799//1799 1826//1826 1827//1827
f 1799//1799 1827//1827 1798//1798
f 1798//1798 1827//1827 1828//1828
f 1798//1798 1828//1828 1797//1797
f 1797//1797 1828//1828 1829//1829
f 1797//1797 1829//1829 1796//1796
f 1796//1796 1829//1829 1830//1830
f 1796//1796 1830//1830 1795//1795
f 1795//1795 1830//1830 1831//1831
f 1795//1795 1831//1831 1818//1818
f 1809//1809 1832//1832 1808//1808
f 1808//1808 1832//1832 1833//1833
f 1808//1808 1833//1833 1807//1807
f 1807//1807 1833//1833 1834//1834
f 1807//1807 1834//1834 1806//1806
f 1806//1806 1834//1834 1835//1835
f 1806//1806 1835//1835 1805//1805
f 1805//1805 1835//1835 1836//1836
f 1805//1805 1836//1836 1804//1804
f 1804//1804 1836//1836 1837//1837
f 1804//1804 1837//1837 1803//1803
f 1803//1803 1837//1837 1838//1838
f 1803//1803 1838//1838 1802//1802
f 1802//1802 1838//1838 1839//1839
f 1802//1802 1839//1839 1824//1824
f 1815//1815 1840//1840 1814//1814
f 1814//1814 1840//1840 1841//1841
f 1814//1814 1841//1841 1813//1813
f 1813//1813 1841//1841 1842//1842
f 1813//1813 1842//1842 1812//1812
f 1812//1812 1842//1842 1843//1843
f 1812//1812 1843//1843 1811//1811
f 1811//1811 1843//1843 1844//1844
f 1811//1811 1844//1844 1810//1810
f 1810//1810 1844//1844 1845//1845
f 1810//1810 1845//1845 1809//1809
f 1809//1809 1845//1845 1846//1846
f 1809//1809 1846//1846 1832//1832
f 1769//1769 1847//1847 1768//1768
f 1768//1768 1847//1847 1848//1848
f 1768//1768 1848//1848 1767//1767
f 1767//1767 1848//1848 1849//1849
f 1767//1767 1849//1849 1766//1766
f 1766//1766 1849//1849 1850//1850
f 1766//1766 1850//1850 1765//1765
f 1765//1765 1850//1850 1851//1851
f 1765//1765 1851//1851 1817//1817
f 1817//1817 1851//1851 1852//1852
f 1817//1817 1852//1852 1816//1816
f 1816//1816 1852//1852 1853//1853
f 1816//1816 1853//1853 1815//1815
f 1815//1815 1853//1853 1854//1854
f 1815//1815 1854//1854 1840//1840
f 1775//1775 1855//1855 1774//1774
f 1774//1774 1855//1855 1856//1856
f 1774//1774 1856//1856 1773//1773
f 1773//1773 1856//1856 1857//1857
f 1773//1773 1857//1857 1772//1772
f 1772//1772 1857//1857 1858//1858
f 1772//1772 1858//1858 1771//1771
f 1771//1771 1858//1858 1859//1859
f 1771//1771 1859//1859 1770//1770
f 1770//1770 1859//1859 1860//1860
f 1770//1770 1860//1860 1769//1769
f 1769//1769 1860//1860 1861//1861
f 1769//1769 1861//1861 1847//1847
f 1823//1823 1862//1862 1789//1789
f 1789//1789 1862//1862 1863//1863
f 1789//1789 1863//1863 1788//1788
f 1788//1788 1863//1863 1864//1864
f 1788//1788 1864//1864 1787//1787
f 1787//1787 1864//1864 1865//1865
f 1787//1787 1865//1865 1786//1786
f 1786//1786 1865//1865 1866//1866
f 1786//1786 1866//1866 1785//1785
f 1785//1785 1866//1866 1867//1867
f 1785//1785 1867//1867 1784//1784
f 1784//1784 1867//1867 1868//1868
f 1784//1784 1868//1868 1783//1783
f 1783//1783 1868//1868 1869//1869
f 1783//1783 1869//1869 1782//1782
f 1869//1869 1870//1870 1782//1782
f 1782//1782 1870//1870 1871//1871
f 1782//1782 1871//1871 1781//1781
f 1781//1781 1871//1871 1872//1872
f 1781//1781 1872//1872 1780//1780
f 1780//1780 1872//1872 1873//1873
f 1780//1780 1873//1873 1779//1779
f 1779//1779 1873//1873 1874//1874
f 1779//1779 1874//1874 1778//1778
f 1778//1778 1874//1874 1875//1875
f 1778//1778 1875//1875 1777//1777
f 1777//1777 1875//1875 1876//1876
f 1777//1777 1876//1876 1776//1776
f 1776//1776 1876//1876 1877//1877
f 1776//1776 1877//1877 1775//1775
f 1775//1775 1877//1877 1878//1878
f 1775//1775 1878//1878 1855//1855
f 1660//1660 1850//1850 1662//1662
f 1662//1662 1850//1850 1849//1849
f 1662//1662 1849//1849 1664//1664
f 1664//1664 1849//1849 1848//1848
f 1664//1664 1848//1848 1752//1752
f 1752//1752 1848//1848 1847//1847
f 1752//1752 1847//1847 1753//1753
f 1753//1753 1847//1847 1861//1861
f 1753//1753 1861//1861 1755//1755
f 1755//1755 1861//1861 1860//1860
f 1755//1755 1860//1860 1757//1757
f 1757//1757 1860//1860 1859//1859
f 1757//1757 1859//1859 1759//1759
f 1759//1759 1859//1859 1858//1858
f 1759//1759 1858//1858 1761//1761
f 1761//1761 1858//1858 1857//1857
f 1761//1761 1857//1857 1763//1763
f 1763//1763 1857//1857 1856//1856
f 1763//1763 1856//1856 1764//1764
f 1764//1764 1856//1856 1855//1855
f 1764//1764 1855//1855 1738//1738
f 1738//1738 1855//1855 1878//1878
f 1738//1738 1878//1878 1740//1740
f 1740//1740 1878//1878 1877//1877
f 1740//1740 1877//1877 1742//1742
f 1742//1742 1877//1877 1876//1876
f 1742//1742 1876//1876 1744//1744
f 1744//1744 1876//1876 1875//1875
f 1744//1744 1875//1875 1746//1746
f 1746//1746 1875//1875 1874//1874
f 1746//1746 1874//1874 1748//1748
f 1748//1748 1874//1874 1873//1873
f 1748//1748 1873//1873 1750//1750
f 1750//1750 1873//1873 1872//1872
f 1750//1750 1872//1872 1751//1751
f 1751//1751 1872//1872 1871//1871
f 1751//1751 1871//1871 1710//1710
f 1710//1710 1871//1871 1870//1870
f 1710//1710 1870//1870 1712//1712
f 1712//1712 1870//1870 1869//1869
f 1712//1712 1869//1869 1714//1714
f 1714//1714 1869//1869 1868//1868
f 1714//1714 1868//1868 1716//1716
f 1716//1716 1868//1868 1867//1867
f 1716//1716 1867//1867 1718//1718
f 1718//1718 1867//1867 1866//1866
f 1718//1718 1866//1866 1720//1720
f 1720//1720 1866//1866 1865//1865
f 1720//1720 1865//1865 1722//1722
f 1722//1722 1865//1865 1864//1864
f 1722//1722 1864//1864 1723//1723
f 1723//1723 1864//1864 1863//1863
f 1723//1723 1863//1863 1682//1682
f 1682//1682 1863//1863 1862//1862
f 1682//1682 1862//1862 1684//1684
f 1684//1684 1862//1862 1823//1823
f 1684//1684 1823//1823 1686//1686
f 1686//1686 1823//1823 1822//1822
f 1686//1686 1822//1822 1688//1688
f 1688//1688 1822//1822 1821//1821
f 1688//1688 1821//1821 1690//1690
f 1690//1690 1821//1821 1820//1820
f 1690//1690 1820//1820 1692//1692
f 1692//1692 1820//1820 1819//1819
f 1692//1692 1819//1819 1694//1694
f 1694//1694 1819//1819 1818//1818
f 1694//1694 1818//1818 1695//1695
f 1695//1695 1818//1818 1831//1831
f 1695//1695 1831//1831 1697//1697
f 1697//1697 1831//1831 1830//1830
f 1697//1697 1830//1830 1699//1699
f 1699//1699 1830//1830 1829//1829
f 1699//1699 1829//1829 1701//1701
f 1701//1701 1829//1829 1828//1828
f 1701//1701 1828//1828 1703//1703
f 1703//1703 1828//1828 1827//1827
f 1703//1703 1827//1827 1705//1705
f 1705//1705 1827//1827 1826//1826
f 1705//1705 1826//1826 1707//1707
f 1707//1707 1826//1826 1825//1825
f 1707//1707 1825//1825 1708//1708
f 1708//1708 1825//1825 1824//1824
f 1708//1708 1824//1824 1667//1667
f 1667//1667 1824//1824 1839//1839
f 1667//1667 1839//1839 1669//1669
f 1669//1669 1839//1839 1838//1838
f 1669//1669 1838//1838 1671//1671
f 1671//1671 1838//1838 1837//1837
f 1671//1671 1837//1837 1673//1673
f 1673//1673 1837//1837 1836//1836
f 1673//1673 1836//1836 1675//1675
f 1675//1675 1836//1836 1835//1835
f 1675//1675 1835//1835 1677//1677
f 1677//1677 1835//1835 1834//1834
f 1677//1677 1834//1834 1679//1679
f 1679//1679 1834//1834 1833//1833
f 1679//1679 1833//1833 1724//1724
f 1724//1724 1833//1833 1832//1832
f 1724//1724 1832//1832 1725//1725
f 1725//1725 1832//1832 1846//1846
f 1725//1725 1846//1846 1727//1727
f 1727//1727 1846//1846 1845//1845
f 1727//1727 1845//1845 1729//1729
f 1729//1729 1845//1845 1844//1844
f 1729//1729 1844//1844 1731//1731
f 1731//1731 1844//1844 1843//1843
f 1731//1731 1843//1843 1733//1733
f 1733//1733 1843//1843 1842//1842
f 1733//1733 1842//1842 1735//1735
f 1735//1735 1842//1842 1841//1841
f 1735//1735 1841//1841 1736//1736
f 1736//1736 1841//1841 1840//1840
f 1736//1736 1840//1840 1652//1652
f 1652//1652 1840//1840 1854//1854
f 1652//1652 1854//1854 1654//1654
f 1654//1654 1854//1854 1853//1853
f 1654//1654 1853//1853 1656//1656
f 1656//1656 1853//1853 1852//1852
f 1656//1656 1852//1852 1658//1658
f 1658//1658 1852//1852 1851//1851
f 1658//1658 1851//1851 1660//1660
f 1660//1660 1851//1851 1850//1850
f 1879//1879 1880//1880 1881//1881
f 1881//1881 1880//1880 1882//1882
f 1881//1881 1882//1882 1883//1883
f 1883//1883 1882//1882 1884//1884
f 1883//1883 1884//1884 1885//1885
f 1885//1885 1884//1884 1886//1886
f 1885//1885 1886//1886 1887//1887
f 1887//1887 1886//1886 1888//1888
f 1887//1887 1888//1888 1889//1889
f 1889//1889 1888//1888 1890//1890
f 1889//1889 1890//1890 1891//1891
f 1891//1891 1890//1890 1892//1892
f 1891//1891 1892//1892 1893//1893
f 1893//1893 1892//1892 1894//1894
f 1893//1893 1894//1894 1895//1895
f 1895//1895 1894//1894 1896//1896
f 1895//1895 1896//1896 1897//1897
f 1897//1897 1896//1896 1898//1898
f 1897//1897 1898//1898 1899//1899
f 1899//1899 1898//1898 1900//1900
f 1899//1899 1900//1900 1901//1901
f 1901//1901 1900//1900 1902//1902
f 1901//1901 1902//1902 1903//1903
f 1903//1903 1902//1902 1904//1904
f 1903//1903 1904//1904 1905//1905
f 1905//1905 1904//1904 1906//1906
f 1905//1905 1906//1906 1907//1907
f 1907//1907 1906//1906 1908//1908
f 1907//1907 1908//1908 1909//1909
f 1909//1909 1908//1908 1910//1910
f 1909//1909 1910//1910 1911//1911
f 1911//1911 1910//1910 1912//1912
f 1911//1911 1912//1912 1913//1913
f 1913//1913 1912//1912 1914//1914
f 1913//1913 1914//1914 1915//1915
f 1915//1915 1914//1914 1916//1916
f 1915//1915 1916//1916 1917//1917
f 1917//1917 1916//1916 1918//1918
f 1917//1917 1918//1918 1919//1919
f 1919//1919 1918//1918 1920//1920
f 1919//1919 1920//1920 1921//1921
f 1921//1921 1920//1920 1922//1922
f 1921//1921 1922//1922 1923//1923
f 1923//1923 1922//1922 1924//1924
f 1923//1923 1924//1924 1925//1925
f 1925//1925 1924//1924 1926//1926
f 1925//1925 1926//1926 1927//1927
f 1927//1927 1926//1926 1928//1928
f 1927//1927 1928//1928 1929//1929
f 1929//1929 1928//1928 1930//1930
f 1929//1929 1930//1930 1931//1931
f 1931//1931 1930//1930 1932//1932
f 1931//1931 1932//1932 1933//1933
f 1933//1933 1932//1932 1934//1934
f 1933//1933 1934//1934 1935//1935
f 1935//1935 1934//1934 1936//1936
f 1935//1935 1936//1936 1937//1937
f 1937//1937 1936//1936 1938//1938
f 1937//1937 1938//1938 1939//1939
f 1939//1939 1938//1938 1940//1940
f 1939//1939 1940//1940 1941//1941
f 1941//1941 1940//1940 1942//1942
f 1941//1941 1942//1942 1943//1943
f 1943//1943 1942//1942 1944//1944
f 1943//1943 1944//1944 1945//1945
f 1945//1945 1944//1944 1946//1946
f 1945//1945 1946//1946 1947//1947
f 1947//1947 1946//1946 1948//1948
f 1947//1947 1948//1948 1949//1949
f 1949//1949 1948//1948 1950//1950
f 1949//1949 1950//1950 1879//1879
f 1879//1879 1950//1950 1880//1880
f 1951//1951 1952//1952 1953//1953
f 1953//1953 1952//1952 1954//1954
f 1953//1953 1954//1954 1955//1955
f 1955//1955 1954//1954 1956//1956
f 1955//1955 1956//1956 1957//1957
f 1957//1957 1956//1956 1958//1958
f 1957//1957 1958//1958 1959//1959
f 1959//1959 1958//1958 1960//1960
f 1959//1959 1960//1960 1961//1961
f 1961//1961 1960//1960 1962//1962
f 1961//1961 1962//1962 1963//1963
f 1963//1963 1962//1962 1964//1964
f 1963//1963 1964//1964 1965//1965
f 1965//1965 1964//1964 1966//1966
f 1965//1965 1966//1966 1967//1967
f 1967//1967 1966//1966 1968//1968
f 1967//1967 1968//1968 1969//1969
f 1969//1969 1968//1968 1970//1970
f 1969//1969 1970//1970 1971//1971
f 1971//1971 1970//1970 1972//1972
f 1971//1971 1972//1972 1973//1973
f 1973//1973 1972//1972 1974//1974
f 1973//1973 1974//1974 1975//1975
f 1975//1975 1974//1974 1976//1976
f 1975//1975 1976//1976 1977//1977
f 1977//1977 1976//1976 1978//1978
f 1977//1977 1978//1978 1979//1979
f 1979//1979 1978//1978 1980//1980
f 1979//1979 1980//1980 1981//1981
f 1981//1981 1980//1980 1982//1982
f 1981//1981 1982//1982 1983//1983
f 1983//1983 1982//1982 1984//1984
f 1983//1983 1984//1984 1985//1985
f 1985//1985 1984//1984 1986//1986
f 1985//1985 1986//1986 1987//1987
f 1987//1987 1986//1986 1988//1988
f 1987//1987 1988//1988 1989//1989
f 1989//1989 1988//1988 1990//1990
f 1989//1989 1990//1990 1991//1991
f 1991//1991 1990//1990 1992//1992
f 1991//1991 1992//1992 1993//1993
f 1993//1993 1992//1992 1994//1994
f 1993//1993 1994//1994 1995//1995
f 1995//1995 1994//1994 1996//1996
f 1995//1995 1996//1996 1997//1997
f 1997//1997 1996//1996 1998//1998
f 1997//1997 1998//1998 1999//1999
f 1999//1999 1998//1998 2000//2000
f 1999//1999 2000//2000 2001//2001
f 2001//2001 2000//2000 2002//2002
f 2001//2001 2002//2002 2003//2003
f 2003//2003 2002//2002 2004//2004
f 2003//2003 2004//2004 2005//2005
f 2005//2005 2004//2004 2006//2006
f 2005//2005 2006//2006 2007//2007
f 2007//2007 2006//2006 2008//2008
f 2007//2007 2008//2008 2009//2009
f 2009//2009 2008//2008 2010//2010
f 2009//2009 2010//2010 2011//2011
f 2011//2011 2010//2010 2012//2012
f 2011//2011 2012//2012 2013//2013
f 2013//2013 2012//2012 2014//2014
f 2013//2013 2014//2014 2015//2015
f 2015//2015 2014//2014 2016//2016
f 2015//2015 2016//2016 2017//2017
f 2017//2017 2016//2016 2018//2018
f 2017//2017 2018//2018 2019//2019
f 2019//2019 2018//2018 2020//2020
f 2019//2019 2020//2020 2021//2021
f 2021//2021 2020//2020 2022//2022
f 2021//2021 2022//2022 1951//1951
f 1951//1951 2022//2022 1952//1952
f 2023//2023 1953//1953 2024//2024
f 2024//2024 1953//1953 1955//1955
f 2024//2024 1955//1955 2025//2025
f 2025//2025 1955//1955 1957//1957
f 2025//2025 1957//1957 2026//2026
f 2026//2026 1957//1957 1959//1959
f 2026//2026 1959//1959 2027//2027
f 2027//2027 1959//1959 1961//1961
f 2027//2027 1961//1961 2028//2028
f 2028//2028 1961//1961 1963//1963
f 2028//2028 1963//1963 2029//2029
f 2029//2029 1963//1963 1965//1965
f 2029//2029 1965//1965 2030//2030
f 2030//2030 1965//1965 1967//1967
f 2030//2030 1967//1967 2031//2031
f 2031//2031 1967//1967 1969//1969
f 2031//2031 1969//1969 2032//2032
f 2032//2032 1969//1969 1971//1971
f 2032//2032 1971//1971 2033//2033
f 2033//2033 1971//1971 1973//1973
f 2033//2033 1973//1973 2034//2034
f 2034//2034 1973//1973 1975//1975
f 2034//2034 1975//1975 2035//2035
f 2035//2035 1975//1975 1977//1977
f 2035//2035 1977//1977 2036//2036
f 2036//2036 1977//1977 1979//1979
f 2036//2036 1979//1979 2037//2037
f 2037//2037 1979//1979 1981//1981
f 2037//2037 1981//1981 2038//2038
f 2038//2038 1981//1981 1983//1983
f 2038//2038 1983//1983 2039//2039
f 2039//2039 1983//1983 1985//1985
f 2039//2039 1985//1985 2040//2040
f 2040//2040 1985//1985 1987//1987
f 2040//2040 1987//1987 2041//2041
f 2041//2041 1987//1987 1989//1989
f 2041//2041 1989//1989 2042//2042
f 2042//2042 1989//1989 1991//1991
f 2042//2042 1991//1991 2043//2043
f 2043//2043 1991//1991 1993//1993
f 2043//2043 1993//1993 2044//2044
f 2044//2044 1993//1993 1995//1995
f 2044//2044 1995//1995 2045//2045
f 2045//2045 1995//1995 1997//1997
f 2045//2045 1997//1997 2046//2046
f 2046//2046 1997//1997 1999//1999
f 2046//2046 1999//1999 2047//2047
f 2047//2047 1999//1999 2001//2001
f 2047//2047 2001//2001 2048//2048
f 2048//2048 2001//2001 2003//2003
f 2048//2048 2003//2003 2049//2049
f 2049//2049 2003//2003 2005//2005
f 2049//2049 2005//2005 2050//2050
f 2050//2050 2005//2005 2007//2007
f 2050//2050 2007//2007 2051//2051
f 2051//2051 2007//2007 2009//2009
f 2051//2051 2009//2009 2052//2052
f 2052//2052 2009//2009 2011//2011
f 2052//2052 2011//2011 2053//2053
f 2053//2053 2011//2011 2013//2013
f 2053//2053 2013//2013 2054//2054
f 2054//2054 2013//2013 2015//2015
f 2054//2054 2015//2015 2055//2055
f 2055//2055 2015//2015 2017//2017
f 2055//2055 2017//2017 2056//2056
f 2056//2056 2017//2017 2019//2019
f 2056//2056 2019//2019 2057//2057
f 2057//2057 2019//2019 2021//2021
f 2057//2057 2021//2021 2058//2058
f 2058//2058 2021//2021 1951//1951
f 2058//2058 1951//1951 2023//2023
f 2023//2023 1951//1951 1953//1953
f 2059//2059 1881//1881 2060//2060
f 2060//2060 1881//1881 1883//1883
f 2060//2060 1883//1883 2061//2061
f 2061//2061 1883//1883 1885//1885
f 2061//2061 1885//1885 2062//2062
f 2062//2062 1885//1885 1887//1887
f 2062//2062 1887//1887 2063//2063
f 2063//2063 1887//1887 1889//1889
f 2063//2063 1889//1889 2064//2064
f 2064//2064 1889//1889 1891//1891
f 2064//2064 1891//1891 2065//2065
f 2065//2065 1891//1891 1893//1893
f 2065//2065 1893//1893 2066//2066
f 2066//2066 1893//1893 1895//1895
f 2066//2066 1895//1895 2067//2067
f 2067//2067 1895//1895 1897//1897
f 2067//2067 1897//1897 2068//2068
f 2068//2068 1897//1897 1899//1899
f 2068//2068 1899//1899 2069//2069
f 2069//2069 1899//1899 1901//1901
f 2069//2069 1901//1901 2070//2070
f 2070//2070 1901//1901 1903//1903
f 2070//2070 1903//1903 2071//2071
f 2071//2071 1903//1903 1905//1905
f 2071//2071 1905//1905 2072//2072
f 2072//2072 1905//1905 1907//1907
f 2072//2072 1907//1907 2073//2073
f 2073//2073 1907//1907 1909//1909
f 2073//2073 1909//1909 2074//2074
f 2074//2074 1909//1909 1911//1911
f 2074//2074 1911//1911 2075//2075
f 2075//2075 1911//1911 1913//1913
f 2075//2075 1913//1913 2076//2076
f 2076//2076 1913//1913 1915//1915
f 2076//2076 1915//1915 2077//2077
f 2077//2077 1915//1915 1917//1917
f 2077//2077 1917//1917 2078//2078
f 2078//2078 1917//1917 1919//1919
f 2078//2078 1919//1919 2079//2079
f 2079//2079 1919//1919 1921//1921
f 2079//2079 1921//1921 2080//2080
f 2080//2080 1921//1921 1923//1923
f 2080//2080 1923//1923 2081//2081
f 2081//2081 1923//1923 1925//1925
f 2081//2081 1925//1925 2082//2082
f 2082//2082 1925//1925 1927//1927
f 2082//2082 1927//1927 2083//2083
f 2083//2083 1927//1927 1929//1929
f 2083//2083 1929//1929 2084//2084
f 2084//2084 1929//1929 1931//1931
f 2084//2084 1931//1931 2085//2085
f 2085//2085 1931//1931 1933//1933
f 2085//2085 1933//1933 2086//2086
f 2086//2086 1933//1933 1935//1935
f 2086//2086 1935//1935 2087//2087
f 2087//2087 1935//1935 1937//1937
f 2087//2087 1937//1937 2088//2088
f 2088//2088 1937//1937 1939//1939
f 2088//2088 1939//1939 2089//2089
f 2089//2089 1939//1939 1941//1941
f 2089//2089 1941//1941 2090//2090
f 2090//2090 1941//1941 1943//1943
f 2090//2090 1943//1943 2091//2091
f 2091//2091 1943//1943 1945//1945
f 2091//2091 1945//1945 2092//2092
f 2092//2092 1945//1945 1947//1947
f 2092//2092 1947//1947 2093//2093
f 2093//2093 1947//1947 1949//1949
f 2093//2093 1949//1949 2094//2094
f 2094//2094 1949//1949 1879//1879
f 2094//2094 1879//1879 2059//2059
f 2059//2059 1879//1879 1881//1881
f 2095//2095 1974//1974 2096//2096
f 2096//2096 1974//1974 1972//1972
f 2096//2096 1972//1972 2097//2097
f 2097//2097 1972//1972 1970//1970
f 2097//2097 1970//1970 2098//2098
f 2098//2098 1970//1970 1968//1968
f 2098//2098 1968//1968 2099//2099
f 2099//2099 1968//1968 1966//1966
f 2099//2099 1966//1966 2100//2100
f 2100//2100 1966//1966 1964//1964
f 2100//2100 1964//1964 2101//2101
f 2101//2101 1964//1964 1962//1962
f 2101//2101 1962//1962 2102//2102
f 2102//2102 1962//1962 1960//1960
f 2102//2102 1960//1960 2103//2103
f 2103//2103 1960//1960 1958//1958
f 2103//2103 1958//1958 2104//2104
f 2104//2104 1958//1958 1956//1956
f 2104//2104 1956//1956 2105//2105
f 2105//2105 1956//1956 1954//1954
f 2105//2105 1954//1954 2106//2106
f 2106//2106 1954//1954 1952//1952
f 2106//2106 1952//1952 2107//2107
f 2107//2107 1952//1952 2022//2022
f 2107//2107 2022//2022 2108//2108
f 2108//2108 2022//2022 2020//2020
f 2108//2108 2020//2020 2109//2109
f 2109//2109 2020//2020 2018//2018
f 2109//2109 2018//2018 2110//2110
f 2110//2110 2018//2018 2016//2016
f 2110//2110 2016//2016 2111//2111
f 2111//2111 2016//2016 2014//2014
f 2111//2111 2014//2014 2112//2112
f 2112//2112 2014//2014 2012//2012
f 2112//2112 2012//2012 2113//2113
f 2113//2113 2012//2012 2010//2010
f 2113//2113 2010//2010 2114//2114
f 2114//2114 2010//2010 2008//2008
f 2114//2114 2008//2008 2115//2115
f 2115//2115 2008//2008 2006//2006
f 2115//2115 2006//2006 2116//2116
f 2116//2116 2006//2006 2004//2004
f 2116//2116 2004//2004 2117//2117
f 2117//2117 2004//2004 2002//2002
f 2117//2117 2002//2002 2118//2118
f 2118//2118 2002//2002 2000//2000
f 2118//2118 2000//2000 2119//2119
f 2119//2119 2000//2000 1998//1998
f 2119//2119 1998//1998 2120//2120
f 2120//2120 1998//1998 1996//1996
f 2120//2120 1996//1996 2121//2121
f 2121//2121 1996//1996 1994//1994
f 2121//2121 1994//1994 2122//2122
f 2122//2122 1994//1994 1992//1992
f 2122//2122 1992//1992 2123//2123
f 2123//2123 1992//1992 1990//1990
f 2123//2123 1990//1990 2124//2124
f 2124//2124 1990//1990 1988//1988
f 2124//2124 1988//1988 2125//2125
f 2125//2125 1988//1988 1986//1986
f 2125//2125 1986//1986 2126//2126
f 2126//2126 1986//1986 1984//1984
f 2126//2126 1984//1984 2127//2127
f 2127//2127 1984//1984 1982//1982
f 2127//2127 1982//1982 2128//2128
f 2128//2128 1982//1982 1980//1980
f 2128//2128 1980//1980 2129//2129
f 2129//2129 1980//1980 1978//1978
f 2129//2129 1978//1978 2130//2130
f 2130//2130 1978//1978 1976//1976
f 2130//2130 1976//1976 2095//2095
f 2095//2095 1976//1976 1974//1974
f 2077//2077 2024//2024 2076//2076
f 2076//2076 2024//2024 2025//2025
f 2076//2076 2025//2025 2075//2075
f 2075//2075 2025//2025 2026//2026
f 2075//2075 2026//2026 2074//2074
f 2074//2074 2026//2026 2027//2027
f 2074//2074 2027//2027 2073//2073
f 2073//2073 2027//2027 2028//2028
f 2073//2073 2028//2028 2072//2072
f 2072//2072 2028//2028 2029//2029
f 2072//2072 2029//2029 2071//2071
f 2071//2071 2029//2029 2030//2030
f 2071//2071 2030//2030 2070//2070
f 2070//2070 2030//2030 2031//2031
f 2070//2070 2031//2031 2069//2069
f 2069//2069 2031//2031 2032//2032
f 2069//2069 2032//2032 2068//2068
f 2068//2068 2032//2032 2033//2033
f 2068//2068 2033//2033 2067//2067
f 2067//2067 2033//2033 2034//2034
f 2067//2067 2034//2034 2066//2066
f 2066//2066 2034//2034 2035//2035
f 2066//2066 2035//2035 2065//2065
f 2065//2065 2035//2035 2036//2036
f 2065//2065 2036//2036 2064//2064
f 2064//2064 2036//2036 2037//2037
f 2064//2064 2037//2037 2063//2063
f 2063//2063 2037//2037 2038//2038
f 2063//2063 2038//2038 2062//2062
f 2062//2062 2038//2038 2039//2039
f 2062//2062 2039//2039 2061//2061
f 2061//2061 2039//2039 2040//2040
f 2061//2061 2040//2040 2060//2060
f 2060//2060 2040//2040 2041//2041
f 2060//2060 2041//2041 2059//2059
f 2059//2059 2041//2041 2042//2042
f 2059//2059 2042//2042 2094//2094
f 2094//2094 2042//2042 2043//2043
f 2094//2094 2043//2043 2093//2093
f 2093//2093 2043//2043 2044//2044
f 2093//2093 2044//2044 2092//2092
f 2092//2092 2044//2044 2045//2045
f 2092//2092 2045//2045 2091//2091
f 2091//2091 2045//2045 2046//2046
f 2091//2091 2046//2046 2090//2090
f 2090//2090 2046//2046 2047//2047
f 2090//2090 2047//2047 2089//2089
f 2089//2089 2047//2047 2048//2048
f 2089//2089 2048//2048 2088//2088
f 2088//2088 2048//2048 2049//2049
f 2088//2088 2049//2049 2087//2087
f 2087//2087 2049//2049 2050//2050
f 2087//2087 2050//2050 2086//2086
f 2086//2086 2050//2050 2051//2051
f 2086//2086 2051//2051 2085//2085
f 2085//2085 2051//2051 2052//2052
f 2085//2085 2052//2052 2084//2084
f 2084//2084 2052//2052 2053//2053
f 2084//2084 2053//2053 2083//2083
f 2083//2083 2053//2053 2054//2054
f 2083//2083 2054//2054 2082//2082
f 2082//2082 2054//2054 2055//2055
f 2082//2082 2055//2055 2081//2081
f 2081//2081 2055//2055 2056//2056
f 2081//2081 2056//2056 2080//2080
f 2080//2080 2056//2056 2057//2057
f 2080//2080 2057//2057 2079//2079
f 2079//2079 2057//2057 2058//2058
f 2079//2079 2058//2058 2078//2078
f 2078//2078 2058//2058 2023//2023
f 2078//2078 2023//2023 2077//2077
f 2077//2077 2023//2023 2024//2024
f 2131//2131 1904//1904 2132//2132
f 2132//2132 1904//1904 1902//1902
f 2132//2132 1902//1902 2133//2133
f 2133//2133 1902//1902 1900//1900
f 2133//2133 1900//1900 2134//2134
f 2134//2134 1900//1900 1898//1898
f 2134//2134 1898//1898 2135//2135
f 2135//2135 1898//1898 1896//1896
f 2135//2135 1896//1896 2136//2136
f 2136//2136 1896//1896 1894//1894
f 2136//2136 1894//1894 2137//2137
f 2137//2137 1894//1894 1892//1892
f 2137//2137 1892//1892 2138//2138
f 2138//2138 1892//1892 1890//1890
f 2138//2138 1890//1890 2139//2139
f 2139//2139 1890//1890 1888//1888
f 2139//2139 1888//1888 2140//2140
f 2140//2140 1888//1888 1886//1886
f 2140//2140 1886//1886 2141//2141
f 2141//2141 1886//1886 1884//1884
f 2141//2141 1884//1884 2142//2142
f 2142//2142 1884//1884 1882//1882
f 2142//2142 1882//1882 2143//2143
f 2143//2143 1882//1882 1880//1880
f 2143//2143 1880//1880 2144//2144
f 2144//2144 1880//1880 1950//1950
f 2144//2144 1950//1950 2145//2145
f 2145//2145 1950//1950 1948//1948
f 2145//2145 1948//1948 2146//2146
f 2146//2146 1948//1948 1946//1946
f 2146//2146 1946//1946 2147//2147
f 2147//2147 1946//1946 1944//1944
f 2147//2147 1944//1944 2148//2148
f 2148//2148 1944//1944 1942//1942
f 2148//2148 1942//1942 2149//2149
f 2149//2149 1942//1942 1940//1940
f 2149//2149 1940//1940 2150//2150
f 2150//2150 1940//1940 1938//1938
f 2150//2150 1938//1938 2151//2151
f 2151//2151 1938//1938 1936//1936
f 2151//2151 1936//1936 2152//2152
f 2152//2152 1936//1936 1934//1934
f 2152//2152 1934//1934 2153//2153
f 2153//2153 1934//1934 1932//1932
f 2153//2153 1932//1932 2154//2154
f 2154//2154 1932//1932 1930//1930
f 2154//2154 1930//1930 2155//2155
f 2155//2155 1930//1930 1928//1928
f 2155//2155 1928//1928 2156//2156
f 2156//2156 1928//1928 1926//1926
f 2156//2156 1926//1926 2157//2157
f 2157//2157 1926//1926 1924//1924
f 2157//2157 1924//1924 2158//2158
f 2158//2158 1924//1924 1922//1922
f 2158//2158 1922//1922 2159//2159
f 2159//2159 1922//1922 1920//1920
f 2159//2159 1920//1920 2160//2160
f 2160//2160 1920//1920 1918//1918
f 2160//2160 1918//1918 2161//2161
f 2161//2161 1918//1918 1916//1916
f 2161//2161 1916//1916 2162//2162
f 2162//2162 1916//1916 1914//1914
f 2162//2162 1914//1914 2163//2163
f 2163//2163 1914//1914 1912//1912
f 2163//2163 1912//1912 2164//2164
f 2164//2164 1912//1912 1910//1910
f 2164//2164 1910//1910 2165//2165
f 2165//2165 1910//1910 1908//1908
f 2165//2165 1908//1908 2166//2166
f 2166//2166 1908//1908 1906//1906
f 2166//2166 1906//1906 2131//2131
f 2131//2131 1906//1906 1904//1904
f 2107//2107 2162//2162 2106//2106
f 2106//2106 2162//2162 2163//2163
f 2106//2106 2163//2163 2105//2105
f 2105//2105 2163//2163 2164//2164
f 2105//2105 2164//2164 2104//2104
f 2104//2104 2164//2164 2165//2165
f 2104//2104 2165//2165 2103//2103
f 2103//2103 2165//2165 2166//2166
f 2103//2103 2166//2166 2102//2102
f 2102//2102 2166//2166 2131//2131
f 2102//2102 2131//2131 2101//2101
f 2101//2101 2131//2131 2132//2132
f 2101//2101 2132//2132 2100//2100
f 2100//2100 2132//2132 2133//2133
f 2100//2100 2133//2133 2099//2099
f 2099//2099 2133//2133 2134//2134
f 2099//2099 2134//2134 2098//2098
f 2098//2098 2134//2134 2135//2135
f 2098//2098 2135//2135 2097//2097
f 2097//2097 2135//2135 2136//2136
f 2097//2097 2136//2136 2096//2096
f 2096//2096 2136//2136 2137//2137
f 2096//2096 2137//2137 2095//2095
f 2095//2095 2137//2137 2138//2138
f 2095//2095 2138//2138 2130//2130
f 2130//2130 2138//2138 2139//2139
f 2130//2130 2139//2139 2129//2129
f 2129//2129 2139//2139 2140//2140
f 2129//2129 2140//2140 2128//2128
f 2128//2128 2140//2140 2141//2141
f 2128//2128 2141//2141 2127//2127
f 2127//2127 2141//2141 2142//2142
f 2127//2127 2142//2142 2126//2126
f 2126//2126 2142//2142 2143//2143
f 2126//2126 2143//2143 2125//2125
f 2125//2125 2143//2143 2144//2144
f 2125//2125 2144//2144 2124//2124
f 2124//2124 2144//2144 2145//2145
f 2124//2124 2145//2145 2123//2123
f 2123//2123 2145//2145 2146//2146
f 2123//2123 2146//2146 2122//2122
f 2122//2122 2146//2146 2147//2147
f 2122//2122 2147//2147 2121//2121
f 2121//2121 2147//2147 2148//2148
f 2121//2121 2148//2148 2120//2120
f 2120//2120 2148//2148 2149//2149
f 2120//2120 2149//2149 2119//2119
f 2119//2119 2149//2149 2150//2150
f 2119//2119 2150//2150 2118//2118
f 2118//2118 2150//2150 2151//2151
f 2118//2118 2151//2151 2117//2117
f 2117//2117 2151//2151 2152//2152
f 2117//2117 2152//2152 2116//2116
f 2116//2116 2152//2152 2153//2153
f 2116//2116 2153//2153 2115//2115
f 2115//2115 2153//2153 2154//2154
f 2115//2115 2154//2154 2114//2114
f 2114//2114 2154//2154 2155//2155
f 2114//2114 2155//2155 2113//2113
f 2113//2113 2155//2155 2156//2156
f 2113//2113 2156//2156 2112//2112
f 2112//2112 2156//2156 2157//2157
f 2112//2112 2157//2157 2111//2111
f 2111//2111 2157//2157 2158//2158
f 2111//2111 2158//2158 2110//2110
f 2110//2110 2158//2158 2159//2159
f 2110//2110 2159//2159 2109//2109
f 2109//2109 2159//2159 2160//2160
f 2109//2109 2160//2160 2108//2108
f 2108//2108 2160//2160 2161//2161
f 2108//2108 2161//2161 2107//2107
f 2107//2107 2161//2161 2162//2162
f 2167//2167 2168//2168 2169//2169
f 2169//2169 2168//2168 2170//2170
f 2169//2169 2170//2170 2171//2171
f 2171//2171 2170//2170 2172//2172
f 2171//2171 2172//2172 2173//2173
f 2173//2173 2172//2172 2174//2174
f 2173//2173 2174//2174 2175//2175
f 2175//2175 2174//2174 2176//2176
f 2175//2175 2176//2176 2177//2177
f 2177//2177 2176//2176 2178//2178
f 2177//2177 2178//2178 2179//2179
f 2179//2179 2178//2178 2180//2180
f 2179//2179 2180//2180 2181//2181
f 2181//2181 2180//2180 2182//2182
f 2181//2181 2182//2182 2183//2183
f 2183//2183 2182//2182 2184//2184
f 2183//2183 2184//2184 2185//2185
f 2185//2185 2184//2184 2186//2186
f 2185//2185 2186//2186 2187//2187
f 2187//2187 2186//2186 2188//2188
f 2187//2187 2188//2188 2189//2189
f 2189//2189 2188//2188 2190//2190
f 2189//2189 2190//2190 2191//2191
f 2191//2191 2190//2190 2192//2192
f 2191//2191 2192//2192 2193//2193
f 2193//2193 2192//2192 2194//2194
f 2193//2193 2194//2194 2195//2195
f 2195//2195 2194//2194 2196//2196
f 2195//2195 2196//2196 2197//2197
f 2197//2197 2196//2196 2198//2198
f 2197//2197 2198//2198 2199//2199
f 2199//2199 2198//2198 2200//2200
f 2199//2199 2200//2200 2201//2201
f 2201//2201 2200//2200 2202//2202
f 2201//2201 2202//2202 2203//2203
f 2203//2203 2202//2202 2204//2204
f 2203//2203 2204//2204 2205//2205
f 2204//2204 2206//2206 2205//2205
f 2205//2205 2206//2206 2207//2207
f 2205//2205 2207//2207 2208//2208
f 2208//2208 2207//2207 2209//2209
f 2208//2208 2209//2209 2210//2210
f 2210//2210 2209//2209 2211//2211
f 2210//2210 2211//2211 2212//2212
f 2212//2212 2211//2211 2213//2213
f 2212//2212 2213//2213 2214//2214
f 2214//2214 2213//2213 2215//2215
f 2214//2214 2215//2215 2216//2216
f 2216//2216 2215//2215 2217//2217
f 2216//2216 2217//2217 2218//2218
f 2218//2218 2217//2217 2219//2219
f 2218//2218 2219//2219 2220//2220
f 2220//2220 2219//2219 2221//2221
f 2220//2220 2221//2221 2222//2222
f 2222//2222 2221//2221 2223//2223
f 2222//2222 2223//2223 2224//2224
f 2224//2224 2223//2223 2225//2225
f 2224//2224 2225//2225 2226//2226
f 2226//2226 2225//2225 2227//2227
f 2226//2226 2227//2227 2228//2228
f 2228//2228 2227//2227 2229//2229
f 2228//2228 2229//2229 2230//2230
f 2230//2230 2229//2229 2231//2231
f 2230//2230 2231//2231 2232//2232
f 2232//2232 2231//2231 2233//2233
f 2232//2232 2233//2233 2234//2234
f 2234//2234 2233//2233 2235//2235
f 2234//2234 2235//2235 2236//2236
f 2236//2236 2235//2235 2237//2237
f 2236//2236 2237//2237 2238//2238
f 2238//2238 2237//2237 2239//2239
f 2238//2238 2239//2239 2167//2167
f 2167//2167 2239//2239 2240//2240
f 2167//2167 2240//2240 2168//2168
f 2241//2241 2188//2188 2242//2242
f 2242//2242 2188//2188 2186//2186
f 2242//2242 2186//2186 2243//2243
f 2243//2243 2186//2186 2184//2184
f 2243//2243 2184//2184 2244//2244
f 2244//2244 2184//2184 2182//2182
f 2244//2244 2182//2182 2245//2245
f 2245//2245 2182//2182 2180//2180
f 2245//2245 2180//2180 2246//2246
f 2246//2246 2180//2180 2178//2178
f 2246//2246 2178//2178 2247//2247
f 2247//2247 2178//2178 2176//2176
f 2247//2247 2176//2176 2248//2248
f 2248//2248 2176//2176 2174//2174
f 2248//2248 2174//2174 2249//2249
f 2249//2249 2174//2174 2172//2172
f 2249//2249 2172//2172 2250//2250
f 2250//2250 2172//2172 2170//2170
f 2250//2250 2170//2170 2251//2251
f 2251//2251 2170//2170 2168//2168
f 2251//2251 2168//2168 2252//2252
f 2252//2252 2168//2168 2240//2240
f 2252//2252 2240//2240 2253//2253
f 2253//2253 2240//2240 2239//2239
f 2253//2253 2239//2239 2254//2254
f 2254//2254 2239//2239 2237//2237
f 2254//2254 2237//2237 2255//2255
f 2255//2255 2237//2237 2235//2235
f 2255//2255 2235//2235 2256//2256
f 2256//2256 2235//2235 2233//2233
f 2256//2256 2233//2233 2257//2257
f 2257//2257 2233//2233 2231//2231
f 2257//2257 2231//2231 2258//2258
f 2258//2258 2231//2231 2229//2229
f 2258//2258 2229//2229 2259//2259
f 2259//2259 2229//2229 2227//2227
f 2259//2259 2227//2227 2260//2260
f 2260//2260 2227//2227 2225//2225
f 2260//2260 2225//2225 2261//2261
f 2261//2261 2225//2225 2223//2223
f 2261//2261 2223//2223 2262//2262
f 2262//2262 2223//2223 2221//2221
f 2262//2262 2221//2221 2263//2263
f 2263//2263 2221//2221 2219//2219
f 2263//2263 2219//2219 2264//2264
f 2264//2264 2219//2219 2217//2217
f 2264//2264 2217//2217 2265//2265
f 2265//2265 2217//2217 2215//2215
f 2265//2265 2215//2215 2266//2266
f 2266//2266 2215//2215 2213//2213
f 2266//2266 2213//2213 2267//2267
f 2267//2267 2213//2213 2211//2211
f 2267//2267 2211//2211 2268//2268
f 2268//2268 2211//2211 2209//2209
f 2268//2268 2209//2209 2269//2269
f 2269//2269 2209//2209 2207//2207
f 2269//2269 2207//2207 2270//2270
f 2270//2270 2207//2207 2206//2206
f 2270//2270 2206//2206 2271//2271
f 2271//2271 2206//2206 2204//2204
f 2271//2271 2204//2204 2272//2272
f 2272//2272 2204//2204 2202//2202
f 2272//2272 2202//2202 2273//2273
f 2273//2273 2202//2202 2200//2200
f 2273//2273 2200//2200 2274//2274
f 2274//2274 2200//2200 2198//2198
f 2274//2274 2198//2198 2275//2275
f 2275//2275 2198//2198 2196//2196
f 2275//2275 2196//2196 2276//2276
f 2276//2276 2196//2196 2194//2194
f 2276//2276 2194//2194 2277//2277
f 2277//2277 2194//2194 2192//2192
f 2277//2277 2192//2192 2278//2278
f 2278//2278 2192//2192 2190//2190
f 2278//2278 2190//2190 2241//2241
f 2241//2241 2190//2190 2188//2188
f 2279//2279 2280//2280 2281//2281
f 2281//2281 2280//2280 2282//2282
f 2281//2281 2282//2282 2283//2283
f 2283//2283 2282//2282 2284//2284
f 2283//2283 2284//2284 2285//2285
f 2285//2285 2284//2284 2286//2286
f 2285//2285 2286//2286 2287//2287
f 2287//2287 2286//2286 2288//2288
f 2287//2287 2288//2288 2289//2289
f 2289//2289 2288//2288 2290//2290
f 2289//2289 2290//2290 2291//2291
f 2291//2291 2290//2290 2292//2292
f 2291//2291 2292//2292 2293//2293
f 2293//2293 2292//2292 2294//2294
f 2293//2293 2294//2294 2295//2295
f 2295//2295 2294//2294 2296//2296
f 2295//2295 2296//2296 2297//2297
f 2297//2297 2296//2296 2298//2298
f 2297//2297 2298//2298 2299//2299
f 2299//2299 2298//2298 2300//2300
f 2299//2299 2300//2300 2301//2301
f 2301//2301 2300//2300 2302//2302
f 2301//2301 2302//2302 2303//2303
f 2303//2303 2302//2302 2304//2304
f 2303//2303 2304//2304 2305//2305
f 2305//2305 2304//2304 2306//2306
f 2305//2305 2306//2306 2307//2307
f 2307//2307 2306//2306 2308//2308
f 2307//2307 2308//2308 2309//2309
f 2309//2309 2308//2308 2310//2310
f 2309//2309 2310//2310 2311//2311
f 2311//2311 2310//2310 2312//2312
f 2311//2311 2312//2312 2313//2313
f 2313//2313 2312//2312 2314//2314
f 2313//2313 2314//2314 2315//2315
f 2314//2314 2316//2316 2315//2315
f 2315//2315 2316//2316 2317//2317
f 2315//2315 2317//2317 2318//2318
f 2318//2318 2317//2317 2319//2319
f 2318//2318 2319//2319 2320//2320
f 2320//2320 2319//2319 2321//2321
f 2320//2320 2321//2321 2322//2322
f 2322//2322 2321//2321 2323//2323
f 2322//2322 2323//2323 2324//2324
f 2324//2324 2323//2323 2325//2325
f 2324//2324 2325//2325 2326//2326
f 2326//2326 2325//2325 2327//2327
f 2326//2326 2327//2327 2328//2328
f 2328//2328 2327//2327 2329//2329
f 2328//2328 2329//2329 2330//2330
f 2330//2330 2329//2329 2331//2331
f 2330//2330 2331//2331 2332//2332
f 2332//2332 2331//2331 2333//2333
f 2332//2332 2333//2333 2334//2334
f 2334//2334 2333//2333 2335//2335
f 2334//2334 2335//2335 2336//2336
f 2336//2336 2335//2335 2337//2337
f 2336//2336 2337//2337 2338//2338
f 2338//2338 2337//2337 2339//2339
f 2338//2338 2339//2339 2340//2340
f 2340//2340 2339//2339 2341//2341
f 2340//2340 2341//2341 2342//2342
f 2342//2342 2341//2341 2343//2343
f 2342//2342 2343//2343 2344//2344
f 2344//2344 2343//2343 2345//2345
f 2344//2344 2345//2345 2346//2346
f 2346//2346 2345//2345 2347//2347
f 2346//2346 2347//2347 2348//2348
f 2348//2348 2347//2347 2349//2349
f 2348//2348 2349//2349 2350//2350
f 2350//2350 2349//2349 2351//2351
f 2350//2350 2351//2351 2279//2279
f 2279//2279 2351//2351 2352//2352
f 2279//2279 2352//2352 2280//2280
f 2353//2353 2300//2300 2354//2354
f 2354//2354 2300//2300 2298//2298
f 2354//2354 2298//2298 2355//2355
f 2355//2355 2298//2298 2296//2296
f 2355//2355 2296//2296 2356//2356
f 2356//2356 2296//2296 2294//2294
f 2356//2356 2294//2294 2357//2357
f 2357//2357 2294//2294 2292//2292
f 2357//2357 2292//2292 2358//2358
f 2358//2358 2292//2292 2290//2290
f 2358//2358 2290//2290 2359//2359
f 2359//2359 2290//2290 2288//2288
f 2359//2359 2288//2288 2360//2360
f 2360//2360 2288//2288 2286//2286
f 2360//2360 2286//2286 2361//2361
f 2361//2361 2286//2286 2284//2284
f 2361//2361 2284//2284 2362//2362
f 2362//2362 2284//2284 2282//2282
f 2362//2362 2282//2282 2363//2363
f 2363//2363 2282//2282 2280//2280
f 2363//2363 2280//2280 2364//2364
f 2364//2364 2280//2280 2352//2352
f 2364//2364 2352//2352 2365//2365
f 2365//2365 2352//2352 2351//2351
f 2365//2365 2351//2351 2366//2366
f 2366//2366 2351//2351 2349//2349
f 2366//2366 2349//2349 2367//2367
f 2367//2367 2349//2349 2347//2347
f 2367//2367 2347//2347 2368//2368
f 2368//2368 2347//2347 2345//2345
f 2368//2368 2345//2345 2369//2369
f 2369//2369 2345//2345 2343//2343
f 2369//2369 2343//2343 2370//2370
f 2370//2370 2343//2343 2341//2341
f 2370//2370 2341//2341 2371//2371
f 2371//2371 2341//2341 2339//2339
f 2371//2371 2339//2339 2372//2372
f 2372//2372 2339//2339 2337//2337
f 2372//2372 2337//2337 2373//2373
f 2373//2373 2337//2337 2335//2335
f 2373//2373 2335//2335 2374//2374
f 2374//2374 2335//2335 2333//2333
f 2374//2374 2333//2333 2375//2375
f 2375//2375 2333//2333 2331//2331
f 2375//2375 2331//2331 2376//2376
f 2376//2376 2331//2331 2329//2329
f 2376//2376 2329//2329 2377//2377
f 2377//2377 2329//2329 2327//2327
f 2377//2377 2327//2327 2378//2378
f 2378//2378 2327//2327 2325//2325
f 2378//2378 2325//2325 2379//2379
f 2379//2379 2325//2325 2323//2323
f 2379//2379 2323//2323 2380//2380
f 2380//2380 2323//2323 2321//2321
f 2380//2380 2321//2321 2381//2381
f 2381//2381 2321//2321 2319//2319
f 2381//2381 2319//2319 2382//2382
f 2382//2382 2319//2319 2317//2317
f 2382//2382 2317//2317 2383//2383
f 2383//2383 2317//2317 2316//2316
f 2383//2383 2316//2316 2384//2384
f 2384//2384 2316//2316 2314//2314
f 2384//2384 2314//2314 2385//2385
f 2385//2385 2314//2314 2312//2312
f 2385//2385 2312//2312 2386//2386
f 2386//2386 2312//2312 2310//2310
f 2386//2386 2310//2310 2387//2387
f 2387//2387 2310//2310 2308//2308
f 2387//2387 2308//2308 2388//2388
f 2388//2388 2308//2308 2306//2306
f 2388//2388 2306//2306 2389//2389
f 2389//2389 2306//2306 2304//2304
f 2389//2389 2304//2304 2390//2390
f 2390//2390 2304//2304 2302//2302
f 2390//2390 2302//2302 2353//2353
f 2353//2353 2302//2302 2300//2300
f 2391//2391 2392//2392 2393//2393
f 2393//2393 2392//2392 2394//2394
f 2393//2393 2394//2394 2395//2395
f 2395//2395 2394//2394 2396//2396
f 2395//2395 2396//2396 2397//2397
f 2397//2397 2396//2396 2398//2398
f 2397//2397 2398//2398 2399//2399
f 2399//2399 2398//2398 2400//2400
f 2399//2399 2400//2400 2401//2401
f 2401//2401 2400//2400 2402//2402
f 2401//2401 2402//2402 2403//2403
f 2403//2403 2402//2402 2404//2404
f 2403//2403 2404//2404 2405//2405
f 2405//2405 2404//2404 2406//2406
f 2405//2405 2406//2406 2407//2407
f 2407//2407 2406//2406 2408//2408
f 2407//2407 2408//2408 2409//2409
f 2409//2409 2408//2408 2410//2410
f 2409//2409 2410//2410 2411//2411
f 2411//2411 2410//2410 2412//2412
f 2411//2411 2412//2412 2413//2413
f 2413//2413 2412//2412 2414//2414
f 2413//2413 2414//2414 2415//2415
f 2415//2415 2414//2414 2416//2416
f 2415//2415 2416//2416 2417//2417
f 2417//2417 2416//2416 2418//2418
f 2417//2417 2418//2418 2419//2419
f 2419//2419 2418//2418 2420//2420
f 2419//2419 2420//2420 2421//2421
f 2421//2421 2420//2420 2422//2422
f 2421//2421 2422//2422 2423//2423
f 2423//2423 2422//2422 2424//2424
f 2423//2423 2424//2424 2425//2425
f 2425//2425 2424//2424 2426//2426
f 2425//2425 2426//2426 2427//2427
f 2427//2427 2426//2426 2428//2428
f 2427//2427 2428//2428 2429//2429
f 2428//2428 2430//2430 2429//2429
f 2429//2429 2430//2430 2431//2431
f 2429//2429 2431//2431 2432//2432
f 2432//2432 2431//2431 2433//2433
f 2432//2432 2433//2433 2434//2434
f 2434//2434 2433//2433 2435//2435
f 2434//2434 2435//2435 2436//2436
f 2436//2436 2435//2435 2437//2437
f 2436//2436 2437//2437 2438//2438
f 2438//2438 2437//2437 2439//2439
f 2438//2438 2439//2439 2440//2440
f 2440//2440 2439//2439 2441//2441
f 2440//2440 2441//2441 2442//2442
f 2442//2442 2441//2441 2443//2443
f 2442//2442 2443//2443 2444//2444
f 2444//2444 2443//2443 2445//2445
f 2444//2444 2445//2445 2446//2446
f 2446//2446 2445//2445 2447//2447
f 2446//2446 2447//2447 2448//2448
f 2448//2448 2447//2447 2449//2449
f 2448//2448 2449//2449 2450//2450
f 2450//2450 2449//2449 2451//2451
f 2450//2450 2451//2451 2452//2452
f 2452//2452 2451//2451 2453//2453
f 2452//2452 2453//2453 2454//2454
f 2454//2454 2453//2453 2455//2455
f 2454//2454 2455//2455 2456//2456
f 2456//2456 2455//2455 2457//2457
f 2456//2456 2457//2457 2458//2458
f 2458//2458 2457//2457 2459//2459
f 2458//2458 2459//2459 2460//2460
f 2460//2460 2459//2459 2461//2461
f 2460//2460 2461//2461 2462//2462
f 2462//2462 2461//2461 2463//2463
f 2462//2462 2463//2463 2391//2391
f 2391//2391 2463//2463 2464//2464
f 2391//2391 2464//2464 2392//2392
f 2465//2465 2449//2449 2466//2466
f 2466//2466 2449//2449 2447//2447
f 2466//2466 2447//2447 2467//2467
f 2467//2467 2447//2447 2445//2445
f 2467//2467 2445//2445 2468//2468
f 2468//2468 2445//2445 2443//2443
f 2468//2468 2443//2443 2469//2469
f 2469//2469 2443//2443 2441//2441
f 2469//2469 2441//2441 2470//2470
f 2470//2470 2441//2441 2439//2439
f 2470//2470 2439//2439 2471//2471
f 2471//2471 2439//2439 2437//2437
f 2471//2471 2437//2437 2472//2472
f 2472//2472 2437//2437 2435//2435
f 2472//2472 2435//2435 2473//2473
f 2473//2473 2435//2435 2433//2433
f 2473//2473 2433//2433 2474//2474
f 2474//2474 2433//2433 2431//2431
f 2474//2474 2431//2431 2475//2475
f 2475//2475 2431//2431 2430//2430
f 2475//2475 2430//2430 2476//2476
f 2476//2476 2430//2430 2428//2428
f 2476//2476 2428//2428 2477//2477
f 2477//2477 2428//2428 2426//2426
f 2477//2477 2426//2426 2478//2478
f 2478//2478 2426//2426 2424//2424
f 2478//2478 2424//2424 2479//2479
f 2479//2479 2424//2424 2422//2422
f 2479//2479 2422//2422 2480//2480
f 2480//2480 2422//2422 2420//2420
f 2480//2480 2420//2420 2481//2481
f 2481//2481 2420//2420 2418//2418
f 2481//2481 2418//2418 2482//2482
f 2482//2482 2418//2418 2416//2416
f 2482//2482 2416//2416 2483//2483
f 2483//2483 2416//2416 2414//2414
f 2483//2483 2414//2414 2484//2484
f 2484//2484 2414//2414 2412//2412
f 2484//2484 2412//2412 2485//2485
f 2485//2485 2412//2412 2410//2410
f 2485//2485 2410//2410 2486//2486
f 2486//2486 2410//2410 2408//2408
f 2486//2486 2408//2408 2487//2487
f 2487//2487 2408//2408 2406//2406
f 2487//2487 2406//2406 2488//2488
f 2488//2488 2406//2406 2404//2404
f 2488//2488 2404//2404 2489//2489
f 2489//2489 2404//2404 2402//2402
f 2489//2489 2402//2402 2490//2490
f 2490//2490 2402//2402 2400//2400
f 2490//2490 2400//2400 2491//2491
f 2491//2491 2400//2400 2398//2398
f 2491//2491 2398//2398 2492//2492
f 2492//2492 2398//2398 2396//2396
f 2492//2492 2396//2396 2493//2493
f 2493//2493 2396//2396 2394//2394
f 2493//2493 2394//2394 2494//2494
f 2494//2494 2394//2394 2392//2392
f 2494//2494 2392//2392 2495//2495
f 2495//2495 2392//2392 2464//2464
f 2495//2495 2464//2464 2496//2496
f 2496//2496 2464//2464 2463//2463
f 2496//2496 2463//2463 2497//2497
f 2497//2497 2463//2463 2461//2461
f 2497//2497 2461//2461 2498//2498
f 2498//2498 2461//2461 2459//2459
f 2498//2498 2459//2459 2499//2499
f 2499//2499 2459//2459 2457//2457
f 2499//2499 2457//2457 2500//2500
f 2500//2500 2457//2457 2455//2455
f 2500//2500 2455//2455 2501//2501
f 2501//2501 2455//2455 2453//2453
f 2501//2501 2453//2453 2502//2502
f 2502//2502 2453//2453 2451//2451
f 2502//2502 2451//2451 2465//2465
f 2465//2465 2451//2451 2449//2449
f 2481//2481 2503//2503 2480//2480
f 2480//2480 2503//2503 2504//2504
f 2480//2480 2504//2504 2479//2479
f 2479//2479 2504//2504 2505//2505
f 2479//2479 2505//2505 2478//2478
f 2478//2478 2505//2505 2506//2506
f 2478//2478 2506//2506 2477//2477
f 2477//2477 2506//2506 2507//2507
f 2477//2477 2507//2507 2476//2476
f 2476//2476 2507//2507 2508//2508
f 2476//2476 2508//2508 2475//2475
f 2488//2488 2509//2509 2487//2487
f 2487//2487 2509//2509 2510//2510
f 2487//2487 2510//2510 2486//2486
f 2486//2486 2510//2510 2511//2511
f 2486//2486 2511//2511 2485//2485
f 2485//2485 2511//2511 2512//2512
f 2485//2485 2512//2512 2484//2484
f 2484//2484 2512//2512 2513//2513
f 2484//2484 2513//2513 2483//2483
f 2483//2483 2513//2513 2514//2514
f 2483//2483 2514//2514 2482//2482
f 2482//2482 2514//2514 2515//2515
f 2482//2482 2515//2515 2481//2481
f 2481//2481 2515//2515 2516//2516
f 2481//2481 2516//2516 2503//2503
f 2469//2469 2517//2517 2468//2468
f 2468//2468 2517//2517 2518//2518
f 2468//2468 2518//2518 2467//2467
f 2467//2467 2518//2518 2519//2519
f 2467//2467 2519//2519 2466//2466
f 2466//2466 2519//2519 2520//2520
f 2466//2466 2520//2520 2465//2465
f 2465//2465 2520//2520 2521//2521
f 2465//2465 2521//2521 2502//2502
f 2502//2502 2521//2521 2522//2522
f 2502//2502 2522//2522 2501//2501
f 2501//2501 2522//2522 2523//2523
f 2501//2501 2523//2523 2500//2500
f 2508//2508 2524//2524 2475//2475
f 2475//2475 2524//2524 2525//2525
f 2475//2475 2525//2525 2474//2474
f 2474//2474 2525//2525 2526//2526
f 2474//2474 2526//2526 2473//2473
f 2473//2473 2526//2526 2527//2527
f 2473//2473 2527//2527 2472//2472
f 2472//2472 2527//2527 2528//2528
f 2472//2472 2528//2528 2471//2471
f 2471//2471 2528//2528 2529//2529
f 2471//2471 2529//2529 2470//2470
f 2470//2470 2529//2529 2530//2530
f 2470//2470 2530//2530 2469//2469
f 2469//2469 2530//2530 2531//2531
f 2469//2469 2531//2531 2517//2517
f 2494//2494 2532//2532 2493//2493
f 2493//2493 2532//2532 2533//2533
f 2493//2493 2533//2533 2492//2492
f 2492//2492 2533//2533 2534//2534
f 2492//2492 2534//2534 2491//2491
f 2491//2491 2534//2534 2535//2535
f 2491//2491 2535//2535 2490//2490
f 2490//2490 2535//2535 2536//2536
f 2490//2490 2536//2536 2489//2489
f 2489//2489 2536//2536 2537//2537
f 2489//2489 2537//2537 2488//2488
f 2488//2488 2537//2537 2538//2538
f 2488//2488 2538//2538 2509//2509
f 2523//2523 2539//2539 2500//2500
f 2500//2500 2539//2539 2540//2540
f 2500//2500 2540//2540 2499//2499
f 2499//2499 2540//2540 2541//2541
f 2499//2499 2541//2541 2498//2498
f 2498//2498 2541//2541 2542//2542
f 2498//2498 2542//2542 2497//2497
f 2497//2497 2542//2542 2543//2543
f 2497//2497 2543//2543 2496//2496
f 2496//2496 2543//2543 2544//2544
f 2496//2496 2544//2544 2495//2495
f 2495//2495 2544//2544 2545//2545
f 2495//2495 2545//2545 2494//2494
f 2494//2494 2545//2545 2546//2546
f 2494//2494 2546//2546 2532//2532
f 2525//2525 2547//2547 2526//2526
f 2526//2526 2547//2547 2548//2548
f 2526//2526 2548//2548 2527//2527
f 2527//2527 2548//2548 2549//2549
f 2527//2527 2549//2549 2528//2528
f 2528//2528 2549//2549 2550//2550
f 2528//2528 2550//2550 2529//2529
f 2529//2529 2550//2550 2551//2551
f 2529//2529 2551//2551 2530//2530
f 2530//2530 2551//2551 2552//2552
f 2530//2530 2552//2552 2531//2531
f 2531//2531 2552//2552 2553//2553
f 2531//2531 2553//2553 2517//2517
f 2517//2517 2553//2553 2554//2554
f 2517//2517 2554//2554 2518//2518
f 2518//2518 2554//2554 2555//2555
f 2518//2518 2555//2555 2519//2519
f 2519//2519 2555//2555 2556//2556
f 2519//2519 2556//2556 2520//2520
f 2520//2520 2556//2556 2557//2557
f 2520//2520 2557//2557 2521//2521
f 2521//2521 2557//2557 2558//2558
f 2521//2521 2558//2558 2522//2522
f 2522//2522 2558//2558 2559//2559
f 2522//2522 2559//2559 2523//2523
f 2523//2523 2559//2559 2560//2560
f 2523//2523 2560//2560 2539//2539
f 2539//2539 2560//2560 2561//2561
f 2539//2539 2561//2561 2540//2540
f 2540//2540 2561//2561 2562//2562
f 2540//2540 2562//2562 2541//2541
f 2541//2541 2562//2562 2563//2563
f 2541//2541 2563//2563 2542//2542
f 2542//2542 2563//2563 2564//2564
f 2542//2542 2564//2564 2543//2543
f 2543//2543 2564//2564 2565//2565
f 2543//2543 2565//2565 2544//2544
f 2544//2544 2565//2565 2566//2566
f 2544//2544 2566//2566 2545//2545
f 2545//2545 2566//2566 2567//2567
f 2545//2545 2567//2567 2546//2546
f 2546//2546 2567//2567 2568//2568
f 2546//2546 2568//2568 2532//2532
f 2532//2532 2568//2568 2569//2569
f 2532//2532 2569//2569 2533//2533
f 2533//2533 2569//2569 2570//2570
f 2533//2533 2570//2570 2534//2534
f 2534//2534 2570//2570 2571//2571
f 2534//2534 2571//2571 2535//2535
f 2535//2535 2571//2571 2572//2572
f 2535//2535 2572//2572 2536//2536
f 2536//2536 2572//2572 2573//2573
f 2536//2536 2573//2573 2537//2537
f 2537//2537 2573//2573 2574//2574
f 2537//2537 2574//2574 2538//2538
f 2538//2538 2574//2574 2575//2575
f 2538//2538 2575//2575 2509//2509
f 2509//2509 2575//2575 2576//2576
f 2509//2509 2576//2576 2510//2510
f 2510//2510 2576//2576 2577//2577
f 2510//2510 2577//2577 2511//2511
f 2511//2511 2577//2577 2578//2578
f 2511//2511 2578//2578 2512//2512
f 2512//2512 2578//2578 2579//2579
f 2512//2512 2579//2579 2513//2513
f 2513//2513 2579//2579 2580//2580
f 2513//2513 2580//2580 2514//2514
f 2514//2514 2580//2580 2581//2581
f 2514//2514 2581//2581 2515//2515
f 2515//2515 2581//2581 2582//2582
f 2515//2515 2582//2582 2516//2516
f 2516//2516 2582//2582 2583//2583
f 2516//2516 2583//2583 2503//2503
f 2503//2503 2583//2583 2584//2584
f 2503//2503 2584//2584 2504//2504
f 2504//2504 2584//2584 2585//2585
f 2504//2504 2585//2585 2505//2505
f 2505//2505 2585//2585 2586//2586
f 2505//2505 2586//2586 2506//2506
f 2506//2506 2586//2586 2587//2587
f 2506//2506 2587//2587 2507//2507
f 2507//2507 2587//2587 2588//2588
f 2507//2507 2588//2588 2508//2508
f 2508//2508 2588//2588 2589//2589
f 2508//2508 2589//2589 2524//2524
f 2524//2524 2589//2589 2590//2590
f 2524//2524 2590//2590 2525//2525
f 2525//2525 2590//2590 2547//2547
f 2591//2591 2579//2579 2592//2592
f 2592//2592 2579//2579 2578//2578
f 2592//2592 2578//2578 2593//2593
f 2593//2593 2578//2578 2577//2577
f 2593//2593 2577//2577 2594//2594
f 2594//2594 2577//2577 2576//2576
f 2594//2594 2576//2576 2595//2595
f 2595//2595 2576//2576 2575//2575
f 2595//2595 2575//2575 2596//2596
f 2596//2596 2575//2575 2574//2574
f 2596//2596 2574//2574 2597//2597
f 2597//2597 2574//2574 2573//2573
f 2597//2597 2573//2573 2598//2598
f 2598//2598 2573//2573 2572//2572
f 2598//2598 2572//2572 2599//2599
f 2599//2599 2572//2572 2571//2571
f 2599//2599 2571//2571 2600//2600
f 2600//2600 2571//2571 2570//2570
f 2600//2600 2570//2570 2601//2601
f 2601//2601 2570//2570 2569//2569
f 2601//2601 2569//2569 2602//2602
f 2602//2602 2569//2569 2568//2568
f 2602//2602 2568//2568 2603//2603
f 2603//2603 2568//2568 2567//2567
f 2603//2603 2567//2567 2604//2604
f 2604//2604 2567//2567 2566//2566
f 2604//2604 2566//2566 2605//2605
f 2605//2605 2566//2566 2565//2565
f 2605//2605 2565//2565 2606//2606
f 2606//2606 2565//2565 2564//2564
f 2606//2606 2564//2564 2607//2607
f 2607//2607 2564//2564 2563//2563
f 2607//2607 2563//2563 2608//2608
f 2608//2608 2563//2563 2562//2562
f 2608//2608 2562//2562 2609//2609
f 2609//2609 2562//2562 2561//2561
f 2609//2609 2561//2561 2610//2610
f 2610//2610 2561//2561 2560//2560
f 2610//2610 2560//2560 2611//2611
f 2611//2611 2560//2560 2559//2559
f 2611//2611 2559//2559 2612//2612
f 2559//2559 2558//2558 2612//2612
f 2612//2612 2558//2558 2557//2557
f 2612//2612 2557//2557 2613//2613
f 2613//2613 2557//2557 2556//2556
f 2613//2613 2556//2556 2614//2614
f 2614//2614 2556//2556 2555//2555
f 2614//2614 2555//2555 2615//2615
f 2615//2615 2555//2555 2554//2554
f 2615//2615 2554//2554 2616//2616
f 2616//2616 2554//2554 2553//2553
f 2616//2616 2553//2553 2617//2617
f 2617//2617 2553//2553 2552//2552
f 2617//2617 2552//2552 2618//2618
f 2618//2618 2552//2552 2551//2551
f 2618//2618 2551//2551 2619//2619
f 2619//2619 2551//2551 2550//2550
f 2619//2619 2550//2550 2620//2620
f 2620//2620 2550//2550 2549//2549
f 2620//2620 2549//2549 2621//2621
f 2621//2621 2549//2549 2548//2548
f 2621//2621 2548//2548 2622//2622
f 2622//2622 2548//2548 2547//2547
f 2622//2622 2547//2547 2623//2623
f 2623//2623 2547//2547 2590//2590
f 2623//2623 2590//2590 2624//2624
f 2624//2624 2590//2590 2589//2589
f 2624//2624 2589//2589 2625//2625
f 2625//2625 2589//2589 2588//2588
f 2625//2625 2588//2588 2626//2626
f 2626//2626 2588//2588 2587//2587
f 2626//2626 2587//2587 2627//2627
f 2627//2627 2587//2587 2586//2586
f 2627//2627 2586//2586 2628//2628
f 2628//2628 2586//2586 2585//2585
f 2628//2628 2585//2585 2629//2629
f 2629//2629 2585//2585 2584//2584
f 2629//2629 2584//2584 2630//2630
f 2630//2630 2584//2584 2583//2583
f 2630//2630 2583//2583 2631//2631
f 2631//2631 2583//2583 2582//2582
f 2631//2631 2582//2582 2632//2632
f 2632//2632 2582//2582 2581//2581
f 2632//2632 2581//2581 2591//2591
f 2591//2591 2581//2581 2580//2580
f 2591//2591 2580//2580 2579//2579
f 2633//2633 2634//2634 2635//2635
f 2636//2636 2637//2637 2635//2635
f 2635//2635 2637//2637 2638//2638
f 2635//2635 2638//2638 2633//2633
f 2639//2639 2640//2640 2636//2636
f 2636//2636 2640//2640 2641//2641
f 2636//2636 2641//2641 2642//2642
f 2642//2642 2643//2643 2636//2636
f 2636//2636 2643//2643 2644//2644
f 2636//2636 2644//2644 2645//2645
f 2645//2645 2646//2646 2636//2636
f 2636//2636 2646//2646 2647//2647
f 2636//2636 2647//2647 2637//2637
f 2648//2648 2649//2649 2639//2639
f 2639//2639 2649//2649 2650//2650
f 2639//2639 2650//2650 2640//2640
f 2651//2651 2652//2652 2653//2653
f 2653//2653 2652//2652 2654//2654
f 2653//2653 2654//2654 2639//2639
f 2639//2639 2654//2654 2655//2655
f 2639//2639 2655//2655 2648//2648
f 2656//2656 2657//2657 2658//2658
f 2658//2658 2657//2657 2659//2659
f 2658//2658 2659//2659 2653//2653
f 2653//2653 2659//2659 2660//2660
f 2653//2653 2660//2660 2651//2651
f 2661//2661 2662//2662 2663//2663
f 2663//2663 2664//2664 2661//2661
f 2661//2661 2664//2664 2665//2665
f 2661//2661 2665//2665 2658//2658
f 2658//2658 2665//2665 2666//2666
f 2658//2658 2666//2666 2656//2656
f 2667//2667 2668//2668 2669//2669
f 2669//2669 2668//2668 2670//2670
f 2669//2669 2670//2670 2661//2661
f 2661//2661 2670//2670 2671//2671
f 2661//2661 2671//2671 2662//2662
f 2672//2672 2673//2673 2674//2674
f 2674//2674 2675//2675 2672//2672
f 2672//2672 2675//2675 2676//2676
f 2672//2672 2676//2676 2669//2669
f 2669//2669 2676//2676 2677//2677
f 2669//2669 2677//2677 2667//2667
f 2678//2678 2679//2679 2680//2680
f 2680//2680 2679//2679 2681//2681
f 2680//2680 2681//2681 2672//2672
f 2672//2672 2681//2681 2682//2682
f 2672//2672 2682//2682 2673//2673
f 2683//2683 2684//2684 2685//2685
f 2685//2685 2684//2684 2686//2686
f 2685//2685 2686//2686 2687//2687
f 2683//2683 2688//2688 2684//2684
f 2684//2684 2688//2688 2689//2689
f 2684//2684 2689//2689 2680//2680
f 2680//2680 2689//2689 2690//2690
f 2680//2680 2690//2690 2678//2678
f 2691//2691 2692//2692 2693//2693
f 2693//2693 2692//2692 2694//2694
f 2693//2693 2694//2694 2686//2686
f 2686//2686 2694//2694 2695//2695
f 2686//2686 2695//2695 2687//2687
f 2696//2696 2697//2697 2698//2698
f 2697//2697 2699//2699 2698//2698
f 2698//2698 2699//2699 2700//2700
f 2698//2698 2700//2700 2693//2693
f 2693//2693 2700//2700 2701//2701
f 2693//2693 2701//2701 2691//2691
f 2702//2702 2703//2703 2704//2704
f 2704//2704 2703//2703 2705//2705
f 2704//2704 2705//2705 2698//2698
f 2698//2698 2705//2705 2706//2706
f 2698//2698 2706//2706 2696//2696
f 2707//2707 2708//2708 2709//2709
f 2708//2708 2710//2710 2709//2709
f 2709//2709 2710//2710 2711//2711
f 2709//2709 2711//2711 2704//2704
f 2704//2704 2711//2711 2712//2712
f 2704//2704 2712//2712 2702//2702
f 2713//2713 2714//2714 2715//2715
f 2715//2715 2714//2714 2716//2716
f 2715//2715 2716//2716 2709//2709
f 2709//2709 2716//2716 2717//2717
f 2709//2709 2717//2717 2707//2707
f 2718//2718 2719//2719 2720//2720
f 2718//2718 2720//2720 2721//2721
f 2719//2719 2722//2722 2720//2720
f 2720//2720 2722//2722 2723//2723
f 2720//2720 2723//2723 2715//2715
f 2715//2715 2723//2723 2724//2724
f 2715//2715 2724//2724 2713//2713
f 2725//2725 2726//2726 2727//2727
f 2727//2727 2726//2726 2728//2728
f 2727//2727 2728//2728 2720//2720
f 2720//2720 2728//2728 2729//2729
f 2720//2720 2729//2729 2721//2721
f 2730//2730 2731//2731 2732//2732
f 2732//2732 2731//2731 2733//2733
f 2733//2733 2734//2734 2732//2732
f 2732//2732 2734//2734 2735//2735
f 2732//2732 2735//2735 2727//2727
f 2727//2727 2735//2735 2736//2736
f 2727//2727 2736//2736 2725//2725
f 2737//2737 2738//2738 2624//2624
f 2624//2624 2738//2738 2739//2739
f 2740//2740 2739//2739 2741//2741
f 2742//2742 2743//2743 2732//2732
f 2732//2732 2743//2743 2744//2744
f 2732//2732 2744//2744 2730//2730
f 2740//2740 2741//2741 2732//2732
f 2732//2732 2741//2741 2745//2745
f 2732//2732 2745//2745 2742//2742
f 2746//2746 2747//2747 2625//2625
f 2625//2625 2747//2747 2748//2748
f 2625//2625 2748//2748 2749//2749
f 2749//2749 2750//2750 2625//2625
f 2625//2625 2750//2750 2751//2751
f 2625//2625 2751//2751 2624//2624
f 2624//2624 2751//2751 2752//2752
f 2624//2624 2752//2752 2737//2737
f 2626//2626 2753//2753 2754//2754
f 2754//2754 2755//2755 2626//2626
f 2626//2626 2755//2755 2756//2756
f 2626//2626 2756//2756 2625//2625
f 2625//2625 2756//2756 2757//2757
f 2625//2625 2757//2757 2746//2746
f 2758//2758 2759//2759 2627//2627
f 2759//2759 2760//2760 2627//2627
f 2627//2627 2760//2760 2761//2761
f 2627//2627 2761//2761 2626//2626
f 2626//2626 2761//2761 2762//2762
f 2626//2626 2762//2762 2753//2753
f 2763//2763 2764//2764 2628//2628
f 2628//2628 2764//2764 2765//2765
f 2628//2628 2765//2765 2627//2627
f 2627//2627 2765//2765 2766//2766
f 2627//2627 2766//2766 2758//2758
f 2767//2767 2768//2768 2629//2629
f 2768//2768 2769//2769 2629//2629
f 2629//2629 2769//2769 2770//2770
f 2629//2629 2770//2770 2628//2628
f 2628//2628 2770//2770 2771//2771
f 2628//2628 2771//2771 2763//2763
f 2772//2772 2773//2773 2630//2630
f 2630//2630 2773//2773 2774//2774
f 2630//2630 2774//2774 2629//2629
f 2629//2629 2774//2774 2775//2775
f 2629//2629 2775//2775 2767//2767
f 2776//2776 2777//2777 2631//2631
f 2777//2777 2778//2778 2631//2631
f 2631//2631 2778//2778 2779//2779
f 2631//2631 2779//2779 2630//2630
f 2630//2630 2779//2779 2780//2780
f 2630//2630 2780//2780 2772//2772
f 2781//2781 2782//2782 2632//2632
f 2632//2632 2782//2782 2783//2783
f 2632//2632 2783//2783 2631//2631
f 2631//2631 2783//2783 2784//2784
f 2631//2631 2784//2784 2776//2776
f 2591//2591 2785//2785 2632//2632
f 2632//2632 2785//2785 2786//2786
f 2632//2632 2786//2786 2781//2781
f 2787//2787 2788//2788 2592//2592
f 2592//2592 2788//2788 2789//2789
f 2592//2592 2789//2789 2591//2591
f 2591//2591 2789//2789 2790//2790
f 2591//2591 2790//2790 2785//2785
f 2791//2791 2792//2792 2593//2593
f 2593//2593 2792//2792 2793//2793
f 2593//2593 2793//2793 2592//2592
f 2592//2592 2793//2793 2794//2794
f 2592//2592 2794//2794 2787//2787
f 2795//2795 2796//2796 2594//2594
f 2796//2796 2797//2797 2594//2594
f 2594//2594 2797//2797 2798//2798
f 2594//2594 2798//2798 2593//2593
f 2593//2593 2798//2798 2799//2799
f 2593//2593 2799//2799 2791//2791
f 2800//2800 2801//2801 2595//2595
f 2595//2595 2801//2801 2802//2802
f 2595//2595 2802//2802 2594//2594
f 2594//2594 2802//2802 2803//2803
f 2594//2594 2803//2803 2795//2795
f 2804//2804 2805//2805 2596//2596
f 2805//2805 2806//2806 2596//2596
f 2596//2596 2806//2806 2807//2807
f 2596//2596 2807//2807 2595//2595
f 2595//2595 2807//2807 2808//2808
f 2595//2595 2808//2808 2800//2800
f 2809//2809 2810//2810 2597//2597
f 2597//2597 2810//2810 2811//2811
f 2597//2597 2811//2811 2596//2596
f 2596//2596 2811//2811 2812//2812
f 2596//2596 2812//2812 2804//2804
f 2813//2813 2598//2598 2814//2814
f 2814//2814 2598//2598 2815//2815
f 2813//2813 2816//2816 2598//2598
f 2598//2598 2816//2816 2817//2817
f 2598//2598 2817//2817 2597//2597
f 2597//2597 2817//2817 2818//2818
f 2597//2597 2818//2818 2809//2809
f 2599//2599 2819//2819 2820//2820
f 2599//2599 2820//2820 2598//2598
f 2598//2598 2820//2820 2821//2821
f 2598//2598 2821//2821 2815//2815
f 2822//2822 2823//2823 2601//2601
f 2601//2601 2823//2823 2824//2824
f 2601//2601 2824//2824 2600//2600
f 2600//2600 2824//2824 2825//2825
f 2600//2600 2825//2825 2826//2826
f 2826//2826 2827//2827 2600//2600
f 2600//2600 2827//2827 2828//2828
f 2600//2600 2828//2828 2829//2829
f 2829//2829 2830//2830 2600//2600
f 2600//2600 2830//2830 2831//2831
f 2600//2600 2831//2831 2599//2599
f 2599//2599 2831//2831 2832//2832
f 2599//2599 2832//2832 2819//2819
f 2739//2739 2740//2740 2624//2624
f 2624//2624 2740//2740 2833//2833
f 2624//2624 2833//2833 2623//2623
f 2623//2623 2833//2833 2834//2834
f 2623//2623 2834//2834 2622//2622
f 2622//2622 2834//2834 2835//2835
f 2622//2622 2835//2835 2621//2621
f 2621//2621 2835//2835 2836//2836
f 2621//2621 2836//2836 2620//2620
f 2620//2620 2836//2836 2837//2837
f 2620//2620 2837//2837 2619//2619
f 2619//2619 2837//2837 2838//2838
f 2619//2619 2838//2838 2618//2618
f 2618//2618 2838//2838 2839//2839
f 2618//2618 2839//2839 2617//2617
f 2617//2617 2839//2839 2840//2840
f 2617//2617 2840//2840 2616//2616
f 2616//2616 2840//2840 2841//2841
f 2616//2616 2841//2841 2615//2615
f 2615//2615 2841//2841 2842//2842
f 2615//2615 2842//2842 2614//2614
f 2614//2614 2842//2842 2843//2843
f 2614//2614 2843//2843 2613//2613
f 2613//2613 2843//2843 2844//2844
f 2613//2613 2844//2844 2612//2612
f 2612//2612 2844//2844 2845//2845
f 2612//2612 2845//2845 2611//2611
f 2611//2611 2845//2845 2846//2846
f 2611//2611 2846//2846 2610//2610
f 2610//2610 2846//2846 2847//2847
f 2610//2610 2847//2847 2609//2609
f 2609//2609 2847//2847 2848//2848
f 2609//2609 2848//2848 2608//2608
f 2608//2608 2848//2848 2849//2849
f 2608//2608 2849//2849 2607//2607
f 2607//2607 2849//2849 2850//2850
f 2607//2607 2850//2850 2606//2606
f 2606//2606 2850//2850 2851//2851
f 2606//2606 2851//2851 2605//2605
f 2605//2605 2851//2851 2852//2852
f 2605//2605 2852//2852 2604//2604
f 2604//2604 2852//2852 2853//2853
f 2604//2604 2853//2853 2603//2603
f 2603//2603 2853//2853 2854//2854
f 2603//2603 2854//2854 2602//2602
f 2602//2602 2854//2854 2635//2635
f 2602//2602 2635//2635 2601//2601
f 2601//2601 2635//2635 2634//2634
f 2601//2601 2634//2634 2822//2822
f 2844//2844 2855//2522 2845//2845
f 2845//2845 2855//2522 2856//2523
f 2845//2845 2856//2523 2846//2846
f 2846//2846 2856//2523 2857//2855
f 2846//2846 2857//2855 2847//2847
f 2847//2847 2857//2855 2858//2540
f 2847//2847 2858//2540 2848//2848
f 2848//2848 2858//2540 2859//2541
f 2848//2848 2859//2541 2849//2849
f 2849//2849 2859//2541 2860//2542
f 2849//2849 2860//2542 2850//2850
f 2850//2850 2860//2542 2861//2543
f 2850//2850 2861//2543 2851//2851
f 2851//2851 2861//2543 2862//2544
f 2851//2851 2862//2544 2852//2852
f 2852//2852 2862//2544 2863//2545
f 2852//2852 2863//2545 2853//2853
f 2853//2853 2863//2545 2864//2546
f 2853//2853 2864//2546 2854//2854
f 2854//2854 2864//2546 2865//2532
f 2854//2854 2865//2532 2635//2635
f 2635//2635 2865//2532 2866//2533
f 2635//2635 2866//2533 2636//2636
f 2636//2636 2866//2533 2867//2534
f 2636//2636 2867//2534 2639//2639
f 2639//2639 2867//2534 2868//2535
f 2639//2639 2868//2535 2653//2653
f 2653//2653 2868//2535 2869//2536
f 2653//2653 2869//2536 2658//2658
f 2658//2658 2869//2536 2870//2537
f 2658//2658 2870//2537 2661//2661
f 2661//2661 2870//2537 2871//2538
f 2661//2661 2871//2538 2669//2669
f 2669//2669 2871//2538 2872//2509
f 2669//2669 2872//2509 2672//2672
f 2672//2672 2872//2509 2873//2510
f 2672//2672 2873//2510 2680//2680
f 2680//2680 2873//2510 2874//2511
f 2680//2680 2874//2511 2684//2684
f 2684//2684 2874//2511 2875//2512
f 2684//2684 2875//2512 2686//2686
f 2875//2512 2876//2513 2686//2686
f 2686//2686 2876//2513 2877//2514
f 2686//2686 2877//2514 2693//2693
f 2693//2693 2877//2514 2878//2856
f 2693//2693 2878//2856 2698//2698
f 2698//2698 2878//2856 2879//2857
f 2698//2698 2879//2857 2704//2704
f 2704//2704 2879//2857 2880//2503
f 2704//2704 2880//2503 2709//2709
f 2709//2709 2880//2503 2881//2504
f 2709//2709 2881//2504 2715//2715
f 2715//2715 2881//2504 2882//2505
f 2715//2715 2882//2505 2720//2720
f 2720//2720 2882//2505 2883//2506
f 2720//2720 2883//2506 2727//2727
f 2727//2727 2883//2506 2884//2507
f 2727//2727 2884//2507 2732//2732
f 2732//2732 2884//2507 2885//2508
f 2732//2732 2885//2508 2740//2740
f 2740//2740 2885//2508 2886//2524
f 2740//2740 2886//2524 2833//2833
f 2833//2833 2886//2524 2887//2525
f 2833//2833 2887//2525 2834//2834
f 2834//2834 2887//2525 2888//2526
f 2834//2834 2888//2526 2835//2835
f 2835//2835 2888//2526 2889//2527
f 2835//2835 2889//2527 2836//2836
f 2836//2836 2889//2527 2890//2528
f 2836//2836 2890//2528 2837//2837
f 2837//2837 2890//2528 2891//2529
f 2837//2837 2891//2529 2838//2838
f 2838//2838 2891//2529 2892//2530
f 2838//2838 2892//2530 2839//2839
f 2839//2839 2892//2530 2893//2531
f 2839//2839 2893//2531 2840//2840
f 2840//2840 2893//2531 2894//2517
f 2840//2840 2894//2517 2841//2841
f 2841//2841 2894//2517 2895//2518
f 2841//2841 2895//2518 2842//2842
f 2842//2842 2895//2518 2896//2519
f 2842//2842 2896//2519 2843//2843
f 2843//2843 2896//2519 2897//2520
f 2843//2843 2897//2520 2844//2844
f 2844//2844 2897//2520 2898//2521
f 2844//2844 2898//2521 2855//2522
f 2887//2525 2899//2858 2888//2526
f 2888//2526 2899//2858 2900//2548
f 2888//2526 2900//2548 2889//2527
f 2889//2527 2900//2548 2901//2549
f 2889//2527 2901//2549 2890//2528
f 2890//2528 2901//2549 2902//2550
f 2890//2528 2902//2550 2891//2529
f 2891//2529 2902//2550 2903//2551
f 2891//2529 2903//2551 2892//2530
f 2892//2530 2903//2551 2904//2552
f 2892//2530 2904//2552 2893//2531
f 2893//2531 2904//2552 2905//2553
f 2893//2531 2905//2553 2894//2517
f 2894//2517 2905//2553 2906//2554
f 2894//2517 2906//2554 2895//2518
f 2895//2518 2906//2554 2907//2859
f 2895//2518 2907//2859 2896//2519
f 2896//2519 2907//2859 2908//2556
f 2896//2519 2908//2556 2897//2520
f 2897//2520 2908//2556 2909//2557
f 2897//2520 2909//2557 2898//2521
f 2898//2521 2909//2557 2910//2860
f 2898//2521 2910//2860 2855//2522
f 2855//2522 2910//2860 2911//2861
f 2855//2522 2911//2861 2856//2523
f 2856//2523 2911//2861 2912//2862
f 2856//2523 2912//2862 2857//2855
f 2857//2855 2912//2862 2913//2561
f 2857//2855 2913//2561 2858//2540
f 2858//2540 2913//2561 2914//2562
f 2858//2540 2914//2562 2859//2541
f 2859//2541 2914//2562 2915//2863
f 2859//2541 2915//2863 2860//2542
f 2860//2542 2915//2863 2916//2564
f 2860//2542 2916//2564 2861//2543
f 2861//2543 2916//2564 2917//2565
f 2861//2543 2917//2565 2862//2544
f 2862//2544 2917//2565 2918//2566
f 2862//2544 2918//2566 2863//2545
f 2863//2545 2918//2566 2919//2567
f 2863//2545 2919//2567 2864//2546
f 2864//2546 2919//2567 2920//2568
f 2864//2546 2920//2568 2865//2532
f 2865//2532 2920//2568 2921//2864
f 2865//2532 2921//2864 2866//2533
f 2866//2533 2921//2864 2922//2570
f 2866//2533 2922//2570 2867//2534
f 2867//2534 2922//2570 2923//2571
f 2867//2534 2923//2571 2868//2535
f 2868//2535 2923//2571 2924//2572
f 2868//2535 2924//2572 2869//2536
f 2869//2536 2924//2572 2925//2573
f 2869//2536 2925//2573 2870//2537
f 2870//2537 2925//2573 2926//2865
f 2870//2537 2926//2865 2871//2538
f 2871//2538 2926//2865 2927//2575
f 2871//2538 2927//2575 2872//2509
f 2872//2509 2927//2575 2928//2576
f 2872//2509 2928//2576 2873//2510
f 2873//2510 2928//2576 2929//2866
f 2873//2510 2929//2866 2874//2511
f 2874//2511 2929//2866 2930//2578
f 2874//2511 2930//2578 2875//2512
f 2875//2512 2930//2578 2931//2579
f 2875//2512 2931//2579 2876//2513
f 2876//2513 2931//2579 2932//2867
f 2876//2513 2932//2867 2877//2514
f 2877//2514 2932//2867 2933//2868
f 2877//2514 2933//2868 2878//2856
f 2878//2856 2933//2868 2934//2869
f 2878//2856 2934//2869 2879//2857
f 2879//2857 2934//2869 2935//2583
f 2879//2857 2935//2583 2880//2503
f 2880//2503 2935//2583 2936//2584
f 2880//2503 2936//2584 2881//2504
f 2881//2504 2936//2584 2937//2870
f 2881//2504 2937//2870 2882//2505
f 2882//2505 2937//2870 2938//2586
f 2882//2505 2938//2586 2883//2506
f 2883//2506 2938//2586 2939//2587
f 2883//2506 2939//2587 2884//2507
f 2884//2507 2939//2587 2940//2588
f 2884//2507 2940//2588 2885//2508
f 2885//2508 2940//2588 2941//2589
f 2885//2508 2941//2589 2886//2524
f 2886//2524 2941//2589 2942//2590
f 2886//2524 2942//2590 2887//2525
f 2887//2525 2942//2590 2899//2858
f 2276//2276 2927//2575 2275//2275
f 2275//2275 2927//2575 2926//2865
f 2275//2275 2926//2865 2274//2274
f 2274//2274 2926//2865 2925//2573
f 2274//2274 2925//2573 2273//2273
f 2273//2273 2925//2573 2924//2572
f 2273//2273 2924//2572 2272//2272
f 2272//2272 2924//2572 2923//2571
f 2272//2272 2923//2571 2271//2271
f 2271//2271 2923//2571 2922//2570
f 2271//2271 2922//2570 2270//2270
f 2245//2245 2935//2583 2244//2244
f 2244//2244 2935//2583 2934//2869
f 2244//2244 2934//2869 2243//2243
f 2243//2243 2934//2869 2933//2868
f 2243//2243 2933//2868 2242//2242
f 2242//2242 2933//2868 2932//2867
f 2242//2242 2932//2867 2241//2241
f 2241//2241 2932//2867 2931//2579
f 2241//2241 2931//2579 2278//2278
f 2278//2278 2931//2579 2930//2578
f 2278//2278 2930//2578 2277//2277
f 2277//2277 2930//2578 2929//2866
f 2277//2277 2929//2866 2276//2276
f 2276//2276 2929//2866 2928//2576
f 2276//2276 2928//2576 2927//2575
f 2264//2264 2913//2561 2263//2263
f 2263//2263 2913//2561 2912//2862
f 2263//2263 2912//2862 2262//2262
f 2262//2262 2912//2862 2911//2861
f 2262//2262 2911//2861 2261//2261
f 2261//2261 2911//2861 2910//2860
f 2261//2261 2910//2860 2260//2260
f 2260//2260 2910//2860 2909//2557
f 2260//2260 2909//2557 2259//2259
f 2259//2259 2909//2557 2908//2556
f 2259//2259 2908//2556 2258//2258
f 2258//2258 2908//2556 2907//2859
f 2258//2258 2907//2859 2257//2257
f 2922//2570 2921//2864 2270//2270
f 2270//2270 2921//2864 2920//2568
f 2270//2270 2920//2568 2269//2269
f 2269//2269 2920//2568 2919//2567
f 2269//2269 2919//2567 2268//2268
f 2268//2268 2919//2567 2918//2566
f 2268//2268 2918//2566 2267//2267
f 2267//2267 2918//2566 2917//2565
f 2267//2267 2917//2565 2266//2266
f 2266//2266 2917//2565 2916//2564
f 2266//2266 2916//2564 2265//2265
f 2265//2265 2916//2564 2915//2863
f 2265//2265 2915//2863 2264//2264
f 2264//2264 2915//2863 2914//2562
f 2264//2264 2914//2562 2913//2561
f 2251//2251 2942//2590 2250//2250
f 2250//2250 2942//2590 2941//2589
f 2250//2250 2941//2589 2249//2249
f 2249//2249 2941//2589 2940//2588
f 2249//2249 2940//2588 2248//2248
f 2248//2248 2940//2588 2939//2587
f 2248//2248 2939//2587 2247//2247
f 2247//2247 2939//2587 2938//2586
f 2247//2247 2938//2586 2246//2246
f 2246//2246 2938//2586 2937//2870
f 2246//2246 2937//2870 2245//2245
f 2245//2245 2937//2870 2936//2584
f 2245//2245 2936//2584 2935//2583
f 2907//2859 2906//2554 2257//2257
f 2257//2257 2906//2554 2905//2553
f 2257//2257 2905//2553 2256//2256
f 2256//2256 2905//2553 2904//2552
f 2256//2256 2904//2552 2255//2255
f 2255//2255 2904//2552 2903//2551
f 2255//2255 2903//2551 2254//2254
f 2254//2254 2903//2551 2902//2550
f 2254//2254 2902//2550 2253//2253
f 2253//2253 2902//2550 2901//2549
f 2253//2253 2901//2549 2252//2252
f 2252//2252 2901//2549 2900//2548
f 2252//2252 2900//2548 2251//2251
f 2251//2251 2900//2548 2899//2858
f 2251//2251 2899//2858 2942//2590
f 2943//2871 2944//2872 2279//2279
f 2338//2338 2340//2340 2945//2873
f 2946//2874 2336//2336 2947//2875
f 2947//2875 2336//2336 2338//2338
f 2947//2875 2338//2338 2948//2876
f 2948//2876 2338//2338 2945//2873
f 2342//2342 2344//2344 2949//2877
f 2949//2877 2950//2878 2342//2342
f 2342//2342 2950//2878 2951//2879
f 2342//2342 2951//2879 2340//2340
f 2340//2340 2951//2879 2952//2880
f 2340//2340 2952//2880 2945//2873
f 2346//2346 2348//2348 2953//2881
f 2953//2881 2954//2882 2346//2346
f 2346//2346 2954//2882 2955//2883
f 2346//2346 2955//2883 2344//2344
f 2344//2344 2955//2883 2956//2884
f 2344//2344 2956//2884 2949//2877
f 2279//2279 2944//2872 2350//2350
f 2944//2872 2957//2885 2350//2350
f 2350//2350 2957//2885 2958//2886
f 2350//2350 2958//2886 2348//2348
f 2348//2348 2958//2886 2959//2887
f 2348//2348 2959//2887 2953//2881
f 2943//2871 2279//2279 2960//2888
f 2960//2888 2279//2279 2281//2281
f 2960//2888 2281//2281 2961//2889
f 2961//2889 2281//2281 2283//2283
f 2961//2889 2283//2283 2962//2890
f 2962//2890 2283//2283 2963//2891
f 2963//2891 2283//2283 2285//2285
f 2963//2891 2285//2285 2964//2892
f 2964//2892 2285//2285 2965//2893
f 2965//2893 2285//2285 2287//2287
f 2965//2893 2287//2287 2966//2894
f 2966//2894 2287//2287 2967//2895
f 2967//2895 2287//2287 2289//2289
f 2967//2895 2289//2289 2968//2896
f 2968//2896 2289//2289 2969//2897
f 2969//2897 2289//2289 2291//2291
f 2969//2897 2291//2291 2970//2898
f 2970//2898 2291//2291 2971//2899
f 2971//2899 2291//2291 2293//2293
f 2971//2899 2293//2293 2972//2900
f 2972//2900 2293//2293 2973//2901
f 2973//2901 2293//2293 2295//2295
f 2973//2901 2295//2295 2974//2902
f 2974//2902 2295//2295 2975//2903
f 2975//2903 2295//2295 2297//2297
f 2975//2903 2297//2297 2976//2904
f 2976//2904 2297//2297 2977//2905
f 2977//2905 2297//2297 2299//2299
f 2977//2905 2299//2299 2978//2906
f 2301//2301 2303//2303 2979//2907
f 2979//2907 2980//2908 2301//2301
f 2301//2301 2980//2908 2981//2909
f 2301//2301 2981//2909 2299//2299
f 2299//2299 2981//2909 2982//2910
f 2299//2299 2982//2910 2978//2906
f 2305//2305 2307//2307 2983//2911
f 2983//2911 2984//2912 2305//2305
f 2305//2305 2984//2912 2985//2913
f 2305//2305 2985//2913 2303//2303
f 2303//2303 2985//2913 2986//2914
f 2303//2303 2986//2914 2979//2907
f 2309//2309 2311//2311 2987//2915
f 2987//2915 2988//2916 2309//2309
f 2309//2309 2988//2916 2989//2917
f 2309//2309 2989//2917 2307//2307
f 2307//2307 2989//2917 2990//2918
f 2307//2307 2990//2918 2983//2911
f 2313//2313 2315//2315 2991//2919
f 2991//2919 2992//2920 2313//2313
f 2313//2313 2992//2920 2993//2921
f 2313//2313 2993//2921 2311//2311
f 2311//2311 2993//2921 2994//2922
f 2311//2311 2994//2922 2987//2915
f 2320//2320 2995//2923 2318//2318
f 2318//2318 2995//2923 2996//2924
f 2318//2318 2996//2924 2315//2315
f 2315//2315 2996//2924 2997//2925
f 2315//2315 2997//2925 2991//2919
f 2322//2322 2998//2926 2320//2320
f 2320//2320 2998//2926 2999//2927
f 2320//2320 2999//2927 2995//2923
f 2324//2324 3000//2928 2322//2322
f 2322//2322 3000//2928 3001//2929
f 2322//2322 3001//2929 2998//2926
f 2326//2326 3002//2930 2324//2324
f 2324//2324 3002//2930 3003//2931
f 2324//2324 3003//2931 3000//2928
f 2328//2328 3004//2932 2326//2326
f 2326//2326 3004//2932 3005//2933
f 2326//2326 3005//2933 3002//2930
f 2330//2330 3006//2934 2328//2328
f 2328//2328 3006//2934 3007//2935
f 2328//2328 3007//2935 3004//2932
f 2332//2332 3008//2936 2330//2330
f 2330//2330 3008//2936 3009//2937
f 2330//2330 3009//2937 3006//2934
f 2334//2334 3010//2938 2332//2332
f 2332//2332 3010//2938 3011//2939
f 2332//2332 3011//2939 3008//2936
f 2946//2874 3012//2940 2336//2336
f 2336//2336 3012//2940 3013//2941
f 2336//2336 3013//2941 2334//2334
f 2334//2334 3013//2941 3014//2942
f 2334//2334 3014//2942 3010//2938
f 2169//2169 2171//2171 2976//2904
f 2173//2173 2974//2902 2171//2171
f 2171//2171 2974//2902 2975//2903
f 2171//2171 2975//2903 2976//2904
f 2175//2175 2177//2177 2970//2898
f 2970//2898 2971//2899 2175//2175
f 2175//2175 2971//2899 2972//2900
f 2175//2175 2972//2900 2173//2173
f 2173//2173 2972//2900 2973//2901
f 2173//2173 2973//2901 2974//2902
f 2179//2179 2181//2181 2966//2894
f 2966//2894 2967//2895 2179//2179
f 2179//2179 2967//2895 2968//2896
f 2179//2179 2968//2896 2177//2177
f 2177//2177 2968//2896 2969//2897
f 2177//2177 2969//2897 2970//2898
f 2183//2183 2185//2185 2962//2890
f 2962//2890 2963//2891 2183//2183
f 2183//2183 2963//2891 2964//2892
f 2183//2183 2964//2892 2181//2181
f 2181//2181 2964//2892 2965//2893
f 2181//2181 2965//2893 2966//2894
f 2189//2189 2943//2871 2187//2187
f 2187//2187 2943//2871 2960//2888
f 2187//2187 2960//2888 2185//2185
f 2185//2185 2960//2888 2961//2889
f 2185//2185 2961//2889 2962//2890
f 2191//2191 2957//2885 2189//2189
f 2189//2189 2957//2885 2944//2872
f 2189//2189 2944//2872 2943//2871
f 2193//2193 2959//2887 2191//2191
f 2191//2191 2959//2887 2958//2886
f 2191//2191 2958//2886 2957//2885
f 2195//2195 2954//2882 2193//2193
f 2193//2193 2954//2882 2953//2881
f 2193//2193 2953//2881 2959//2887
f 2197//2197 2956//2884 2195//2195
f 2195//2195 2956//2884 2955//2883
f 2195//2195 2955//2883 2954//2882
f 2199//2199 2950//2878 2197//2197
f 2197//2197 2950//2878 2949//2877
f 2197//2197 2949//2877 2956//2884
f 2201//2201 2952//2880 2199//2199
f 2199//2199 2952//2880 2951//2879
f 2199//2199 2951//2879 2950//2878
f 2203//2203 2948//2876 2201//2201
f 2201//2201 2948//2876 2945//2873
f 2201//2201 2945//2873 2952//2880
f 2208//2208 3012//2940 2205//2205
f 2205//2205 3012//2940 2946//2874
f 2205//2205 2946//2874 2203//2203
f 2203//2203 2946//2874 2947//2875
f 2203//2203 2947//2875 2948//2876
f 2393//2393 2395//2395 3014//2942
f 2397//2397 3011//2939 2395//2395
f 2395//2395 3011//2939 3010//2938
f 2395//2395 3010//2938 3014//2942
f 2399//2399 2401//2401 3007//2935
f 3007//2935 3006//2934 2399//2399
f 2399//2399 3006//2934 3009//2937
f 2399//2399 3009//2937 2397//2397
f 2397//2397 3009//2937 3008//2936
f 2397//2397 3008//2936 3011//2939
f 2403//2403 2405//2405 3003//2931
f 3003//2931 3002//2930 2403//2403
f 2403//2403 3002//2930 3005//2933
f 2403//2403 3005//2933 2401//2401
f 2401//2401 3005//2933 3004//2932
f 2401//2401 3004//2932 3007//2935
f 2407//2407 2409//2409 2999//2927
f 2999//2927 2998//2926 2407//2407
f 2407//2407 2998//2926 3001//2929
f 2407//2407 3001//2929 2405//2405
f 2405//2405 3001//2929 3000//2928
f 2405//2405 3000//2928 3003//2931
f 2413//2413 2997//2925 2411//2411
f 2411//2411 2997//2925 2996//2924
f 2411//2411 2996//2924 2409//2409
f 2409//2409 2996//2924 2995//2923
f 2409//2409 2995//2923 2999//2927
f 2415//2415 2992//2920 2413//2413
f 2413//2413 2992//2920 2991//2919
f 2413//2413 2991//2919 2997//2925
f 2417//2417 2994//2922 2415//2415
f 2415//2415 2994//2922 2993//2921
f 2415//2415 2993//2921 2992//2920
f 2419//2419 2988//2916 2417//2417
f 2417//2417 2988//2916 2987//2915
f 2417//2417 2987//2915 2994//2922
f 2421//2421 2990//2918 2419//2419
f 2419//2419 2990//2918 2989//2917
f 2419//2419 2989//2917 2988//2916
f 2423//2423 2984//2912 2421//2421
f 2421//2421 2984//2912 2983//2911
f 2421//2421 2983//2911 2990//2918
f 2425//2425 2986//2914 2423//2423
f 2423//2423 2986//2914 2985//2913
f 2423//2423 2985//2913 2984//2912
f 2427//2427 2980//2908 2425//2425
f 2425//2425 2980//2908 2979//2907
f 2425//2425 2979//2907 2986//2914
f 2432//2432 2978//2906 2429//2429
f 2429//2429 2978//2906 2982//2910
f 2429//2429 2982//2910 2427//2427
f 2427//2427 2982//2910 2981//2909
f 2427//2427 2981//2909 2980//2908
f 2976//2904 2977//2905 2169//2169
f 2169//2169 2977//2905 2978//2906
f 2169//2169 2978//2906 2167//2167
f 2167//2167 2978//2906 2432//2432
f 2167//2167 2432//2432 2238//2238
f 2238//2238 2432//2432 2434//2434
f 2238//2238 2434//2434 2236//2236
f 2236//2236 2434//2434 2436//2436
f 2236//2236 2436//2436 2234//2234
f 2234//2234 2436//2436 2438//2438
f 2234//2234 2438//2438 2232//2232
f 2232//2232 2438//2438 2440//2440
f 2232//2232 2440//2440 2230//2230
f 2230//2230 2440//2440 2442//2442
f 2230//2230 2442//2442 2228//2228
f 2228//2228 2442//2442 2444//2444
f 2228//2228 2444//2444 2226//2226
f 2226//2226 2444//2444 2446//2446
f 2226//2226 2446//2446 2224//2224
f 2224//2224 2446//2446 2448//2448
f 2224//2224 2448//2448 2222//2222
f 2222//2222 2448//2448 2450//2450
f 2222//2222 2450//2450 2220//2220
f 2220//2220 2450//2450 2452//2452
f 2220//2220 2452//2452 2218//2218
f 2218//2218 2452//2452 2454//2454
f 2218//2218 2454//2454 2216//2216
f 2216//2216 2454//2454 2456//2456
f 2216//2216 2456//2456 2214//2214
f 2214//2214 2456//2456 2458//2458
f 2214//2214 2458//2458 2212//2212
f 2212//2212 2458//2458 2460//2460
f 2212//2212 2460//2460 2210//2210
f 2210//2210 2460//2460 2462//2462
f 2210//2210 2462//2462 2208//2208
f 2208//2208 2462//2462 2391//2391
f 2208//2208 2391//2391 3012//2940
f 3012//2940 2391//2391 2393//2393
f 3012//2940 2393//2393 3013//2941
f 3013//2941 2393//2393 3014//2942
f 2793//2793 2792//2792 3015//2943
f 2825//2825 3016//2944 3017//2945
f 2825//2825 2824//2824 3016//2944
f 3016//2944 2824//2824 2823//2823
f 3016//2944 2823//2823 2822//2822
f 2828//2828 2827//2827 3017//2945
f 3017//2945 2827//2827 2826//2826
f 3017//2945 2826//2826 2825//2825
f 2832//2832 2831//2831 3018//2946
f 3018//2946 2831//2831 2830//2830
f 3018//2946 2830//2830 3017//2945
f 3017//2945 2830//2830 2829//2829
f 3017//2945 2829//2829 2828//2828
f 3019//2947 2820//2820 3018//2946
f 3018//2946 2820//2820 2819//2819
f 3018//2946 2819//2819 2832//2832
f 2814//2814 2815//2815 3019//2947
f 3019//2947 2815//2815 2821//2821
f 3019//2947 2821//2821 2820//2820
f 2818//2818 2817//2817 3020//2948
f 3020//2948 2817//2817 2816//2816
f 3020//2948 2816//2816 3019//2947
f 3019//2947 2816//2816 2813//2813
f 3019//2947 2813//2813 2814//2814
f 2812//2812 2811//2811 3021//2949
f 3021//2949 2811//2811 2810//2810
f 3021//2949 2810//2810 3020//2948
f 3020//2948 2810//2810 2809//2809
f 3020//2948 2809//2809 2818//2818
f 2808//2808 2807//2807 3022//2950
f 2807//2807 2806//2806 3022//2950
f 3022//2950 2806//2806 2805//2805
f 3022//2950 2805//2805 3021//2949
f 3021//2949 2805//2805 2804//2804
f 3021//2949 2804//2804 2812//2812
f 2803//2803 2802//2802 3023//2951
f 3023//2951 2802//2802 2801//2801
f 3023//2951 2801//2801 3022//2950
f 3022//2950 2801//2801 2800//2800
f 3022//2950 2800//2800 2808//2808
f 3024//2952 2796//2796 3023//2951
f 3023//2951 2796//2796 2795//2795
f 3023//2951 2795//2795 2803//2803
f 2799//2799 2798//2798 3024//2952
f 3024//2952 2798//2798 2797//2797
f 3024//2952 2797//2797 2796//2796
f 3015//2943 2792//2792 3024//2952
f 3024//2952 2792//2792 2791//2791
f 3024//2952 2791//2791 2799//2799
f 2789//2789 2788//2788 3025//2953
f 3025//2953 2788//2788 2787//2787
f 3025//2953 2787//2787 3015//2943
f 3015//2943 2787//2787 2794//2794
f 3015//2943 2794//2794 2793//2793
f 2789//2789 3025//2953 2790//2790
f 2790//2790 3025//2953 3026//2954
f 2790//2790 3026//2954 2785//2785
f 2784//2784 2783//2783 3027//2955
f 2783//2783 2782//2782 3027//2955
f 3027//2955 2782//2782 2781//2781
f 3027//2955 2781//2781 3026//2954
f 3026//2954 2781//2781 2786//2786
f 3026//2954 2786//2786 2785//2785
f 2779//2779 2778//2778 3028//2956
f 3028//2956 2778//2778 2777//2777
f 3028//2956 2777//2777 3027//2955
f 3027//2955 2777//2777 2776//2776
f 3027//2955 2776//2776 2784//2784
f 2775//2775 2774//2774 3029//2957
f 2774//2774 2773//2773 3029//2957
f 3029//2957 2773//2773 2772//2772
f 3029//2957 2772//2772 3028//2956
f 3028//2956 2772//2772 2780//2780
f 3028//2956 2780//2780 2779//2779
f 2770//2770 2769//2769 3030//2958
f 3030//2958 2769//2769 2768//2768
f 3030//2958 2768//2768 3029//2957
f 3029//2957 2768//2768 2767//2767
f 3029//2957 2767//2767 2775//2775
f 3031//2959 2766//2766 2765//2765
f 2765//2765 2764//2764 3031//2959
f 3031//2959 2764//2764 2763//2763
f 3031//2959 2763//2763 3030//2958
f 3030//2958 2763//2763 2771//2771
f 3030//2958 2771//2771 2770//2770
f 2766//2766 3031//2959 2758//2758
f 2758//2758 3031//2959 3032//2960
f 2758//2758 3032//2960 2759//2759
f 2753//2753 2762//2762 3033//2961
f 3033//2961 2762//2762 2761//2761
f 3033//2961 2761//2761 3032//2960
f 3032//2960 2761//2761 2760//2760
f 3032//2960 2760//2760 2759//2759
f 2746//2746 2757//2757 3034//2962
f 2757//2757 2756//2756 3034//2962
f 3034//2962 2756//2756 2755//2755
f 3034//2962 2755//2755 3033//2961
f 3033//2961 2755//2755 2754//2754
f 3033//2961 2754//2754 2753//2753
f 3035//2963 2751//2751 2750//2750
f 2750//2750 2749//2749 3035//2963
f 3035//2963 2749//2749 2748//2748
f 3035//2963 2748//2748 3034//2962
f 3034//2962 2748//2748 2747//2747
f 3034//2962 2747//2747 2746//2746
f 2742//2742 2745//2745 3036//2964
f 3036//2964 2745//2745 2741//2741
f 3036//2964 2741//2741 2739//2739
f 2739//2739 2738//2738 3036//2964
f 3036//2964 2738//2738 2737//2737
f 3036//2964 2737//2737 3035//2963
f 3035//2963 2737//2737 2752//2752
f 3035//2963 2752//2752 2751//2751
f 2730//2730 2744//2744 3036//2964
f 3036//2964 2744//2744 2743//2743
f 3036//2964 2743//2743 2742//2742
f 2735//2735 2734//2734 3037//2965
f 3037//2965 2734//2734 2733//2733
f 3037//2965 2733//2733 3036//2964
f 3036//2964 2733//2733 2731//2731
f 3036//2964 2731//2731 2730//2730
f 2728//2728 2726//2726 3038//2966
f 3038//2966 2726//2726 2725//2725
f 3038//2966 2725//2725 3037//2965
f 3037//2965 2725//2725 2736//2736
f 3037//2965 2736//2736 2735//2735
f 2719//2719 2718//2718 3039//2967
f 3039//2967 2718//2718 2721//2721
f 3039//2967 2721//2721 3038//2966
f 3038//2966 2721//2721 2729//2729
f 3038//2966 2729//2729 2728//2728
f 2713//2713 2724//2724 3040//2968
f 3040//2968 2724//2724 2723//2723
f 3040//2968 2723//2723 3039//2967
f 3039//2967 2723//2723 2722//2722
f 3039//2967 2722//2722 2719//2719
f 2707//2707 2717//2717 3041//2969
f 3041//2969 2717//2717 2716//2716
f 3041//2969 2716//2716 3040//2968
f 3040//2968 2716//2716 2714//2714
f 3040//2968 2714//2714 2713//2713
f 3042//2970 2702//2702 2712//2712
f 2712//2712 2711//2711 3042//2970
f 3042//2970 2711//2711 2710//2710
f 3042//2970 2710//2710 3041//2969
f 3041//2969 2710//2710 2708//2708
f 3041//2969 2708//2708 2707//2707
f 2696//2696 2706//2706 3043//2971
f 3043//2971 2706//2706 2705//2705
f 3043//2971 2705//2705 3042//2970
f 3042//2970 2705//2705 2703//2703
f 3042//2970 2703//2703 2702//2702
f 3044//2972 2691//2691 2701//2701
f 2701//2701 2700//2700 3044//2972
f 3044//2972 2700//2700 2699//2699
f 3044//2972 2699//2699 3043//2971
f 3043//2971 2699//2699 2697//2697
f 3043//2971 2697//2697 2696//2696
f 2687//2687 3045//2973 2685//2685
f 2685//2685 3045//2973 3046//2974
f 2685//2685 3046//2974 2683//2683
f 2687//2687 2695//2695 3045//2973
f 3045//2973 2695//2695 2694//2694
f 3045//2973 2694//2694 3044//2972
f 3044//2972 2694//2694 2692//2692
f 3044//2972 2692//2692 2691//2691
f 2678//2678 2690//2690 3047//2975
f 3047//2975 2690//2690 2689//2689
f 3047//2975 2689//2689 3046//2974
f 3046//2974 2689//2689 2688//2688
f 3046//2974 2688//2688 2683//2683
f 2673//2673 2682//2682 3048//2976
f 3048//2976 2682//2682 2681//2681
f 3048//2976 2681//2681 3047//2975
f 3047//2975 2681//2681 2679//2679
f 3047//2975 2679//2679 2678//2678
f 2677//2677 2676//2676 3049//2977
f 3049//2977 2676//2676 2675//2675
f 3049//2977 2675//2675 3048//2976
f 3048//2976 2675//2675 2674//2674
f 3048//2976 2674//2674 2673//2673
f 2662//2662 2671//2671 3050//2978
f 2671//2671 2670//2670 3050//2978
f 3050//2978 2670//2670 2668//2668
f 3050//2978 2668//2668 3049//2977
f 3049//2977 2668//2668 2667//2667
f 3049//2977 2667//2667 2677//2677
f 2666//2666 2665//2665 3051//2979
f 3051//2979 2665//2665 2664//2664
f 3051//2979 2664//2664 3050//2978
f 3050//2978 2664//2664 2663//2663
f 3050//2978 2663//2663 2662//2662
f 2660//2660 2659//2659 3052//2980
f 3052//2980 2659//2659 2657//2657
f 3052//2980 2657//2657 3051//2979
f 3051//2979 2657//2657 2656//2656
f 3051//2979 2656//2656 2666//2666
f 2655//2655 2654//2654 3053//2981
f 3053//2981 2654//2654 2652//2652
f 3053//2981 2652//2652 3052//2980
f 3052//2980 2652//2652 2651//2651
f 3052//2980 2651//2651 2660//2660
f 3054//2982 2641//2641 2640//2640
f 2640//2640 2650//2650 3054//2982
f 3054//2982 2650//2650 2649//2649
f 3054//2982 2649//2649 3053//2981
f 3053//2981 2649//2649 2648//2648
f 3053//2981 2648//2648 2655//2655
f 2645//2645 2644//2644 3055//2983
f 3055//2983 2644//2644 2643//2643
f 3055//2983 2643//2643 3054//2982
f 3054//2982 2643//2643 2642//2642
f 3054//2982 2642//2642 2641//2641
f 2822//2822 2634//2634 3016//2944
f 3016//2944 2634//2634 2633//2633
f 3016//2944 2633//2633 2638//2638
f 2638//2638 2637//2637 3016//2944
f 3016//2944 2637//2637 2647//2647
f 3016//2944 2647//2647 3055//2983
f 3055//2983 2647//2647 2646//2646
f 3055//2983 2646//2646 2645//2645
f 3023//2951 3056//2984 3024//2952
f 3024//2952 3056//2984 3057//2985
f 3024//2952 3057//2985 3015//2943
f 3015//2943 3057//2985 3058//2986
f 3015//2943 3058//2986 3025//2953
f 3025//2953 3058//2986 3059//2987
f 3025//2953 3059//2987 3026//2954
f 3026//2954 3059//2987 3060//2988
f 3026//2954 3060//2988 3027//2955
f 3027//2955 3060//2988 3061//2989
f 3027//2955 3061//2989 3028//2956
f 3028//2956 3061//2989 3062//2990
f 3028//2956 3062//2990 3029//2957
f 3029//2957 3062//2990 3063//2991
f 3029//2957 3063//2991 3030//2958
f 3030//2958 3063//2991 3064//2992
f 3030//2958 3064//2992 3031//2959
f 3031//2959 3064//2992 3065//2993
f 3031//2959 3065//2993 3032//2960
f 3032//2960 3065//2993 3066//2994
f 3032//2960 3066//2994 3033//2961
f 3033//2961 3066//2994 3067//2995
f 3033//2961 3067//2995 3034//2962
f 3034//2962 3067//2995 3068//2996
f 3034//2962 3068//2996 3035//2963
f 3068//2996 3069//2997 3035//2963
f 3035//2963 3069//2997 3070//2998
f 3035//2963 3070//2998 3036//2964
f 3036//2964 3070//2998 3071//2999
f 3036//2964 3071//2999 3037//2965
f 3037//2965 3071//2999 3072//3000
f 3037//2965 3072//3000 3038//2966
f 3038//2966 3072//3000 3073//3001
f 3038//2966 3073//3001 3039//2967
f 3039//2967 3073//3001 3074//3002
f 3039//2967 3074//3002 3040//2968
f 3040//2968 3074//3002 3075//3003
f 3040//2968 3075//3003 3041//2969
f 3041//2969 3075//3003 3076//3004
f 3041//2969 3076//3004 3042//2970
f 3042//2970 3076//3004 3077//3005
f 3042//2970 3077//3005 3043//2971
f 3043//2971 3077//3005 3078//3006
f 3043//2971 3078//3006 3044//2972
f 3044//2972 3078//3006 3079//3007
f 3044//2972 3079//3007 3045//2973
f 3045//2973 3079//3007 3080//3008
f 3045//2973 3080//3008 3046//2974
f 3046//2974 3080//3008 3081//3009
f 3046//2974 3081//3009 3047//2975
f 3047//2975 3081//3009 3082//3010
f 3047//2975 3082//3010 3048//2976
f 3048//2976 3082//3010 3083//3011
f 3048//2976 3083//3011 3049//2977
f 3083//3011 3084//3012 3049//2977
f 3049//2977 3084//3012 3085//3013
f 3049//2977 3085//3013 3050//2978
f 3050//2978 3085//3013 3086//3014
f 3050//2978 3086//3014 3051//2979
f 3051//2979 3086//3014 3087//3015
f 3051//2979 3087//3015 3052//2980
f 3052//2980 3087//3015 3088//3016
f 3052//2980 3088//3016 3053//2981
f 3053//2981 3088//3016 3089//3017
f 3053//2981 3089//3017 3054//2982
f 3054//2982 3089//3017 3090//3018
f 3054//2982 3090//3018 3055//2983
f 3055//2983 3090//3018 3091//3019
f 3055//2983 3091//3019 3016//2944
f 3016//2944 3091//3019 3092//3020
f 3016//2944 3092//3020 3017//2945
f 3017//2945 3092//3020 3093//3021
f 3017//2945 3093//3021 3018//2946
f 3018//2946 3093//3021 3094//3022
f 3018//2946 3094//3022 3019//2947
f 3019//2947 3094//3022 3095//3023
f 3019//2947 3095//3023 3020//2948
f 3020//2948 3095//3023 3096//3024
f 3020//2948 3096//3024 3021//2949
f 3021//2949 3096//3024 3097//3025
f 3021//2949 3097//3025 3022//2950
f 3022//2950 3097//3025 3098//3026
f 3022//2950 3098//3026 3023//2951
f 3023//2951 3098//3026 3099//3027
f 3023//2951 3099//3027 3056//2984
f 3100//3028 3091//3019 3101//3029
f 3101//3029 3091//3019 3090//3018
f 3101//3029 3090//3018 3102//3030
f 3102//3030 3090//3018 3089//3017
f 3102//3030 3089//3017 3103//3031
f 3103//3031 3089//3017 3088//3016
f 3103//3031 3088//3016 3104//3032
f 3104//3032 3088//3016 3087//3015
f 3104//3032 3087//3015 3105//3033
f 3105//3033 3087//3015 3086//3014
f 3105//3033 3086//3014 3106//3034
f 3106//3034 3086//3014 3085//3013
f 3106//3034 3085//3013 3107//3035
f 3107//3035 3085//3013 3084//3012
f 3107//3035 3084//3012 3108//3036
f 3108//3036 3084//3012 3083//3011
f 3108//3036 3083//3011 3109//3037
f 3109//3037 3083//3011 3082//3010
f 3109//3037 3082//3010 3110//3038
f 3110//3038 3082//3010 3081//3009
f 3110//3038 3081//3009 3111//3039
f 3111//3039 3081//3009 3080//3008
f 3111//3039 3080//3008 3112//3040
f 3112//3040 3080//3008 3079//3007
f 3112//3040 3079//3007 3113//3041
f 3113//3041 3079//3007 3078//3006
f 3113//3041 3078//3006 3114//3042
f 3114//3042 3078//3006 3077//3005
f 3114//3042 3077//3005 3115//3043
f 3115//3043 3077//3005 3076//3004
f 3115//3043 3076//3004 3116//3044
f 3116//3044 3076//3004 3075//3003
f 3116//3044 3075//3003 3117//3045
f 3117//3045 3075//3003 3074//3002
f 3117//3045 3074//3002 3118//3046
f 3118//3046 3074//3002 3073//3001
f 3118//3046 3073//3001 3119//3047
f 3119//3047 3073//3001 3072//3000
f 3119//3047 3072//3000 3120//3048
f 3120//3048 3072//3000 3071//2999
f 3120//3048 3071//2999 3121//3049
f 3121//3049 3071//2999 3070//2998
f 3121//3049 3070//2998 3122//3050
f 3122//3050 3070//2998 3069//2997
f 3122//3050 3069//2997 3123//3051
f 3123//3051 3069//2997 3068//2996
f 3123//3051 3068//2996 3124//3052
f 3124//3052 3068//2996 3067//2995
f 3124//3052 3067//2995 3125//3053
f 3125//3053 3067//2995 3066//2994
f 3125//3053 3066//2994 3126//3054
f 3126//3054 3066//2994 3065//2993
f 3126//3054 3065//2993 3127//3055
f 3127//3055 3065//2993 3064//2992
f 3127//3055 3064//2992 3128//3056
f 3128//3056 3064//2992 3063//2991
f 3128//3056 3063//2991 3129//3057
f 3129//3057 3063//2991 3062//2990
f 3129//3057 3062//2990 3130//3058
f 3130//3058 3062//2990 3061//2989
f 3130//3058 3061//2989 3131//3059
f 3131//3059 3061//2989 3060//2988
f 3131//3059 3060//2988 3132//3060
f 3132//3060 3060//2988 3059//2987
f 3132//3060 3059//2987 3133//3061
f 3133//3061 3059//2987 3058//2986
f 3133//3061 3058//2986 3134//3062
f 3134//3062 3058//2986 3057//2985
f 3134//3062 3057//2985 3135//3063
f 3135//3063 3057//2985 3056//2984
f 3135//3063 3056//2984 3136//3064
f 3136//3064 3056//2984 3099//3027
f 3136//3064 3099//3027 3137//3065
f 3137//3065 3099//3027 3098//3026
f 3137//3065 3098//3026 3138//3066
f 3138//3066 3098//3026 3097//3025
f 3138//3066 3097//3025 3139//3067
f 3139//3067 3097//3025 3096//3024
f 3139//3067 3096//3024 3140//3068
f 3140//3068 3096//3024 3095//3023
f 3140//3068 3095//3023 3141//3069
f 3141//3069 3095//3023 3094//3022
f 3141//3069 3094//3022 3142//3070
f 3142//3070 3094//3022 3093//3021
f 3142//3070 3093//3021 3143//3071
f 3143//3071 3093//3021 3092//3020
f 3143//3071 3092//3020 3100//3028
f 3100//3028 3092//3020 3091//3019
f 2376//2376 3140//3068 2375//2375
f 2375//2375 3140//3068 3141//3069
f 2375//2375 3141//3069 2374//2374
f 2374//2374 3141//3069 3142//3070
f 2374//2374 3142//3070 2373//2373
f 2373//2373 3142//3070 3143//3071
f 2373//2373 3143//3071 2372//2372
f 2372//2372 3143//3071 3100//3028
f 2372//2372 3100//3028 2371//2371
f 2371//2371 3100//3028 3101//3029
f 2371//2371 3101//3029 2370//2370
f 2370//2370 3101//3029 3102//3030
f 2370//2370 3102//3030 2369//2369
f 3102//3030 3103//3031 2369//2369
f 2369//2369 3103//3031 3104//3032
f 2369//2369 3104//3032 2368//2368
f 2368//2368 3104//3032 3105//3033
f 2368//2368 3105//3033 2367//2367
f 2367//2367 3105//3033 3106//3034
f 2367//2367 3106//3034 2366//2366
f 2366//2366 3106//3034 3107//3035
f 2366//2366 3107//3035 2365//2365
f 2365//2365 3107//3035 3108//3036
f 2365//2365 3108//3036 2364//2364
f 2364//2364 3108//3036 3109//3037
f 2364//2364 3109//3037 2363//2363
f 2382//2382 3133//3061 2381//2381
f 2381//2381 3133//3061 3134//3062
f 2381//2381 3134//3062 2380//2380
f 2380//2380 3134//3062 3135//3063
f 2380//2380 3135//3063 2379//2379
f 2379//2379 3135//3063 3136//3064
f 2379//2379 3136//3064 2378//2378
f 2378//2378 3136//3064 3137//3065
f 2378//2378 3137//3065 2377//2377
f 2377//2377 3137//3065 3138//3066
f 2377//2377 3138//3066 2376//2376
f 2376//2376 3138//3066 3139//3067
f 2376//2376 3139//3067 3140//3068
f 2388//2388 3126//3054 2387//2387
f 2387//2387 3126//3054 3127//3055
f 2387//2387 3127//3055 2386//2386
f 2386//2386 3127//3055 3128//3056
f 2386//2386 3128//3056 2385//2385
f 2385//2385 3128//3056 3129//3057
f 2385//2385 3129//3057 2384//2384
f 2384//2384 3129//3057 3130//3058
f 2384//2384 3130//3058 2383//2383
f 2383//2383 3130//3058 3131//3059
f 2383//2383 3131//3059 2382//2382
f 2382//2382 3131//3059 3132//3060
f 2382//2382 3132//3060 3133//3061
f 3109//3037 3110//3038 2363//2363
f 2363//2363 3110//3038 3111//3039
f 2363//2363 3111//3039 2362//2362
f 2362//2362 3111//3039 3112//3040
f 2362//2362 3112//3040 2361//2361
f 2361//2361 3112//3040 3113//3041
f 2361//2361 3113//3041 2360//2360
f 2360//2360 3113//3041 3114//3042
f 2360//2360 3114//3042 2359//2359
f 2359//2359 3114//3042 3115//3043
f 2359//2359 3115//3043 2358//2358
f 2358//2358 3115//3043 3116//3044
f 2358//2358 3116//3044 2357//2357
f 3116//3044 3117//3045 2357//2357
f 2357//2357 3117//3045 3118//3046
f 2357//2357 3118//3046 2356//2356
f 2356//2356 3118//3046 3119//3047
f 2356//2356 3119//3047 2355//2355
f 2355//2355 3119//3047 3120//3048
f 2355//2355 3120//3048 2354//2354
f 2354//2354 3120//3048 3121//3049
f 2354//2354 3121//3049 2353//2353
f 2353//2353 3121//3049 3122//3050
f 2353//2353 3122//3050 2390//2390
f 2390//2390 3122//3050 3123//3051
f 2390//2390 3123//3051 2389//2389
f 2389//2389 3123//3051 3124//3052
f 2389//2389 3124//3052 2388//2388
f 2388//2388 3124//3052 3125//3053
f 2388//2388 3125//3053 3126//3054
