# Blender v3.6.0 OBJ File: ''
# www.blender.org
mtllib Line_1022.mtl
o Line_1022
v -1445.139038 1125.968506 300.535095
v -1452.210083 1125.968506 307.606140
v -1435.740234 1122.053589 309.933838
v -1442.811279 1122.053589 317.004913
v -1433.438354 1108.585083 312.235809
v -1440.509399 1108.585083 319.306854
v -1452.235840 1116.414917 293.438293
v -1459.306885 1116.414917 300.509369
v -1466.097168 1119.743164 316.346527
v -1455.598755 1118.435791 304.217529
v -1466.912476 1118.435791 315.531219
v -1456.241089 1116.948242 303.575134
v -1467.554810 1116.948242 314.888824
v -1456.691040 1115.325439 303.125153
v -1468.004761 1115.325439 314.438873
v -1456.934937 1113.616699 302.881287
v -1468.248657 1113.616699 314.194977
v -1456.965332 1111.874146 302.850922
v -1468.279053 1111.874146 314.164612
v -1456.781250 1110.150513 303.034973
v -1468.094971 1110.150513 314.348694
v -1456.388306 1108.498413 303.427887
v -1467.702026 1108.498413 314.741577
v -1455.798584 1106.967773 304.017670
v -1467.112305 1106.967773 315.331390
v -1455.029785 1105.605347 304.786438
v -1466.343506 1105.605347 316.100159
v -1454.105347 1104.452271 305.710846
v -1465.419067 1104.452271 317.024567
v -1453.053467 1103.543823 306.762787
v -1464.367188 1103.543823 318.076477
v -1451.906006 1102.907471 307.910278
v -1463.219727 1102.907471 319.223969
v -1450.697754 1102.562500 309.118469
v -1462.011475 1102.562500 320.432190
v -1449.465576 1102.519653 310.350677
v -1460.779297 1102.519653 321.664368
v -1448.246826 1102.779907 311.569427
v -1459.560547 1102.779907 322.883118
v -1447.078491 1103.335571 312.737671
v -1458.392212 1103.335571 324.051392
v -1445.996216 1104.169678 313.819977
v -1457.309937 1104.169678 325.133698
v -1445.032837 1105.256836 314.783417
v -1456.346558 1105.256836 326.097137
v -1444.217529 1106.564209 315.598724
v -1455.531250 1106.564209 326.912415
v -1443.575073 1108.051758 316.241119
v -1454.888794 1108.051758 327.554810
v -1443.125122 1109.674561 316.691071
v -1454.438843 1109.674561 328.004791
v -1442.881226 1111.383301 316.934967
v -1454.194946 1111.383301 328.248657
v -1442.850952 1113.125854 316.965332
v -1454.164673 1113.125854 328.279022
v -1443.035034 1114.849487 316.781250
v -1454.348633 1114.849487 328.094971
v -1443.427856 1116.501587 316.388367
v -1454.741577 1116.501587 327.702057
v -1444.017700 1118.032227 315.798553
v -1455.331421 1118.032227 327.112274
v -1444.786499 1119.394653 315.029785
v -1456.100220 1119.394653 326.343506
v -1445.710815 1120.547729 314.105377
v -1457.024536 1120.547729 325.419098
v -1446.762817 1121.456177 313.053467
v -1458.076538 1121.456177 324.367157
v -1447.910278 1122.092529 311.905975
v -1459.223999 1122.092529 323.219666
v -1449.118530 1122.437500 310.697754
v -1460.432129 1122.437500 322.011475
v -1450.350708 1122.480347 309.465576
v -1461.664429 1122.480347 320.779266
v -1451.569458 1122.220093 308.246826
v -1462.883179 1122.220093 319.560516
v -1452.737671 1121.664429 307.078552
v -1464.051392 1121.664429 318.392242
v -1453.819946 1120.830322 305.996246
v -1465.133667 1120.830322 317.309967
v -1454.783447 1119.743164 305.032806
v -1459.099609 1105.626709 323.343994
v -1458.287964 1106.252197 324.155731
v -1457.565308 1107.067627 324.878296
v -1456.953857 1108.048096 325.489777
v -1456.472046 1109.163818 325.971558
v -1456.134644 1110.380981 326.309052
v -1455.951660 1111.662476 326.491943
v -1455.928955 1112.969360 326.514740
v -1456.067017 1114.262085 326.376678
v -1456.361694 1115.501221 326.082001
v -1456.803955 1116.649170 325.639648
v -1457.380615 1117.671021 325.063080
v -1458.073853 1118.535767 324.369781
v -1458.862793 1119.217163 323.580841
v -1459.723389 1119.694458 322.720215
v -1460.629639 1119.953125 321.814056
v -1461.553711 1119.985352 320.889923
v -1462.467773 1119.790039 319.975861
v -1463.343994 1119.373291 319.099640
v -1464.155762 1118.747803 318.287933
v -1464.878296 1117.932373 317.565338
v -1465.489746 1116.951904 316.953888
v -1465.971558 1115.836182 316.472076
v -1466.309082 1114.619019 316.134613
v -1466.491943 1113.337524 315.951691
v -1466.514771 1112.030640 315.928925
v -1466.376709 1110.737915 316.066956
v -1466.082031 1109.498779 316.361633
v -1465.639648 1108.350830 316.803986
v -1465.063110 1107.328979 317.380585
v -1464.369751 1106.464233 318.073883
v -1463.580811 1105.782837 318.862823
v -1462.720215 1105.305542 319.723450
v -1461.814087 1105.046875 320.629608
v -1460.889893 1105.014648 321.553741
v -1459.975830 1105.209961 322.467804
v -1414.673706 1117.932373 267.360779
v -1415.285156 1116.951904 266.749298
v -1415.766968 1115.836182 266.267487
v -1416.104492 1114.619019 265.930023
v -1416.287354 1113.337524 265.747101
v -1416.310181 1112.030640 265.724335
v -1416.172119 1110.737915 265.862396
v -1415.877441 1109.498779 266.157074
v -1415.435059 1108.350830 266.599396
v -1414.858521 1107.328979 267.175995
v -1414.165161 1106.464233 267.869293
v -1413.376221 1105.782837 268.658234
v -1412.515625 1105.305542 269.518860
v -1411.609497 1105.046875 270.425018
v -1410.685303 1105.014648 271.349152
v -1409.771240 1105.209961 272.263214
v -1408.895020 1105.626709 273.139404
v -1408.083374 1106.252197 273.951141
v -1407.360718 1107.067627 274.673706
v -1406.749268 1108.048096 275.285187
v -1406.267456 1109.163818 275.766998
v -1405.930054 1110.380981 276.104462
v -1405.747070 1111.662476 276.287384
v -1405.724365 1112.969360 276.310150
v -1405.862427 1114.262085 276.172089
v -1406.157104 1115.501221 275.877411
v -1406.599365 1116.649170 275.435089
v -1407.176025 1117.671021 274.858490
v -1407.869263 1118.535767 274.165192
v -1408.658203 1119.217163 273.376251
v -1409.518799 1119.694458 272.515625
v -1410.425049 1119.953125 271.609467
v -1411.349121 1119.985352 270.685333
v -1412.263184 1119.790039 269.771271
v -1413.139404 1119.373291 268.895081
v -1413.951172 1118.747803 268.083344
v -1407.301025 1104.586182 274.733521
v -1408.329102 1103.793823 273.705322
v -1409.438965 1103.265869 272.595490
v -1410.596802 1103.018677 271.437653
v -1411.767456 1103.059448 270.267090
v -1412.915161 1103.387085 269.119293
v -1414.005371 1103.991577 268.029175
v -1415.004639 1104.854614 267.029846
v -1415.882812 1105.950073 266.151672
v -1416.613159 1107.244385 265.421326
v -1417.173462 1108.698486 264.861023
v -1417.546753 1110.268066 264.487762
v -1417.721558 1111.905396 264.312897
v -1417.692749 1113.560913 264.341736
v -1417.461060 1115.184082 264.573425
v -1417.033569 1116.725830 265.000885
v -1416.423340 1118.139038 265.611176
v -1415.648804 1119.380981 266.385712
v -1414.733521 1120.413818 267.300964
v -1413.705322 1121.206177 268.329163
v -1412.595459 1121.734131 269.438995
v -1411.437622 1121.981323 270.596832
v -1410.267090 1121.940552 271.767395
v -1409.119263 1121.612915 272.915192
v -1408.029175 1121.008423 274.005310
v -1407.029785 1120.145386 275.004639
v -1406.151611 1119.049927 275.882812
v -1405.421265 1117.755615 276.613159
v -1404.860962 1116.301514 277.173462
v -1404.487793 1114.731934 277.546722
v -1404.312866 1113.094604 277.721588
v -1404.341797 1111.439087 277.692749
v -1404.573486 1109.815918 277.461060
v -1405.000854 1108.274170 277.033600
v -1405.611206 1106.860962 276.423309
v -1406.385742 1105.619019 275.648773
v -1419.428101 1119.743164 269.677490
v -1420.243408 1118.435791 268.862183
v -1420.885742 1116.948242 268.219788
v -1421.335693 1115.325439 267.769806
v -1421.579590 1113.616699 267.525940
v -1421.609985 1111.874146 267.495575
v -1421.425903 1110.150513 267.679626
v -1421.033081 1108.498413 268.072540
v -1420.443237 1106.967773 268.662323
v -1419.674438 1105.605347 269.431122
v -1418.750000 1104.452271 270.355499
v -1417.698120 1103.543823 271.407440
v -1416.550659 1102.907471 272.554932
v -1415.342407 1102.562500 273.763123
v -1414.110229 1102.519653 274.995331
v -1412.891479 1102.779907 276.214081
v -1411.723267 1103.335571 277.382355
v -1410.640869 1104.169678 278.464630
v -1409.677490 1105.256836 279.428070
v -1408.862183 1106.564209 280.243378
v -1408.219727 1108.051758 280.885773
v -1407.769775 1109.674561 281.335754
v -1407.525879 1111.383301 281.579620
v -1407.495605 1113.125854 281.609985
v -1407.679688 1114.849487 281.425934
v -1408.072510 1116.501587 281.033020
v -1408.662354 1118.032227 280.443207
v -1409.431152 1119.394653 279.674438
v -1410.355469 1120.547729 278.750061
v -1411.407471 1121.456177 277.698120
v -1412.554932 1122.092529 276.550629
v -1413.763184 1122.437500 275.342407
v -1414.995361 1122.480347 274.110229
v -1416.214111 1122.220093 272.891479
v -1417.382324 1121.664429 271.723206
v -1418.464600 1120.830322 270.640900
v -1420.996582 1115.184082 268.108948
v -1421.228271 1113.560913 267.877289
v -1421.257080 1111.905396 267.848419
v -1421.082275 1110.268066 268.023285
v -1420.708984 1108.698486 268.396545
v -1420.148682 1107.244385 268.956848
v -1419.418335 1105.950073 269.687195
v -1418.540161 1104.854614 270.565369
v -1417.540894 1103.991577 271.564697
v -1416.450684 1103.387085 272.654816
v -1415.302979 1103.059448 273.802612
v -1414.132324 1103.018677 274.973206
v -1412.974487 1103.265869 276.131012
v -1411.864746 1103.793823 277.240875
v -1410.836548 1104.586182 278.269043
v -1409.921265 1105.619019 279.184326
v -1409.146729 1106.860962 279.958862
v -1408.536377 1108.274170 280.569122
v -1408.109009 1109.815918 280.996582
v -1407.877319 1111.439087 281.228271
v -1407.848389 1113.094604 281.257111
v -1408.023315 1114.731934 281.082275
v -1408.396606 1116.301514 280.709015
v -1408.956909 1117.755615 280.148712
v -1409.687256 1119.049927 279.418365
v -1410.565430 1120.145386 278.540192
v -1411.564697 1121.008423 277.540863
v -1412.654785 1121.612915 276.450745
v -1413.802612 1121.940552 275.302948
v -1414.973145 1121.981323 274.132355
v -1416.130981 1121.734131 272.974548
v -1417.240845 1121.206177 271.864685
v -1418.269043 1120.413818 270.836517
v -1419.184326 1119.380981 269.921234
v -1419.958862 1118.139038 269.146698
v -1420.569092 1116.725830 268.536438
v -1422.963623 1119.743164 273.213013
v -1423.778931 1118.435791 272.397705
v -1424.421265 1116.948242 271.755310
v -1424.871216 1115.325439 271.305359
v -1425.115112 1113.616699 271.061462
v -1425.145508 1111.874146 271.031097
v -1424.961426 1110.150513 271.215179
v -1424.568604 1108.498413 271.608063
v -1423.978760 1106.967773 272.197876
v -1423.209961 1105.605347 272.966644
v -1422.285522 1104.452271 273.891052
v -1421.233643 1103.543823 274.942963
v -1420.086182 1102.907471 276.090454
v -1418.877930 1102.562500 277.298676
v -1417.645752 1102.519653 278.530853
v -1416.427002 1102.779907 279.749603
v -1415.258789 1103.335571 280.917877
v -1414.176392 1104.169678 282.000183
v -1413.213013 1105.256836 282.963623
v -1412.397705 1106.564209 283.778900
v -1411.755371 1108.051758 284.421295
v -1411.305298 1109.674561 284.871277
v -1411.061523 1111.383301 285.115143
v -1411.031128 1113.125854 285.145508
v -1411.215210 1114.849487 284.961456
v -1411.608032 1116.501587 284.568542
v -1412.197876 1118.032227 283.978760
v -1412.966675 1119.394653 283.209991
v -1413.890991 1120.547729 282.285583
v -1414.942993 1121.456177 281.233643
v -1416.090454 1122.092529 280.086151
v -1417.298706 1122.437500 278.877960
v -1418.530884 1122.480347 277.645752
v -1419.749634 1122.220093 276.427002
v -1420.917847 1121.664429 275.258728
v -1422.000122 1120.830322 274.176453
v -1424.532104 1115.184082 271.644501
v -1424.763794 1113.560913 271.412811
v -1424.792603 1111.905396 271.383972
v -1424.617798 1110.268066 271.558838
v -1424.244507 1108.698486 271.932068
v -1423.684204 1107.244385 272.492401
v -1422.953857 1105.950073 273.222717
v -1422.075684 1104.854614 274.100891
v -1421.076416 1103.991577 275.100250
v -1419.986206 1103.387085 276.190369
v -1418.838501 1103.059448 277.338165
v -1417.667847 1103.018677 278.508728
v -1416.510132 1103.265869 279.666534
v -1415.400269 1103.793823 280.776398
v -1414.372070 1104.586182 281.804596
v -1413.456787 1105.619019 282.719849
v -1412.682251 1106.860962 283.494385
v -1412.072021 1108.274170 284.104645
v -1411.644531 1109.815918 284.532135
v -1411.412842 1111.439087 284.763794
v -1411.383911 1113.094604 284.792664
v -1411.558838 1114.731934 284.617798
v -1411.932129 1116.301514 284.244537
v -1412.492432 1117.755615 283.684235
v -1413.222778 1119.049927 282.953888
v -1414.100952 1120.145386 282.075714
v -1415.100220 1121.008423 281.076385
v -1416.190308 1121.612915 279.986267
v -1417.338135 1121.940552 278.838470
v -1418.508789 1121.981323 277.667877
v -1419.666504 1121.734131 276.510071
v -1420.776367 1121.206177 275.400208
v -1421.804565 1120.413818 274.372040
v -1422.719849 1119.380981 273.456787
v -1423.494385 1118.139038 272.682251
v -1424.104614 1116.725830 272.071960
v -1426.499146 1119.743164 276.748535
v -1427.314453 1118.435791 275.933258
v -1427.956787 1116.948242 275.290863
v -1428.406860 1115.325439 274.840881
v -1428.650635 1113.616699 274.597015
v -1428.681030 1111.874146 274.566650
v -1428.496948 1110.150513 274.750702
v -1428.104126 1108.498413 275.143616
v -1427.514282 1106.967773 275.733398
v -1426.745483 1105.605347 276.502167
v -1425.821167 1104.452271 277.426575
v -1424.769165 1103.543823 278.478516
v -1423.621704 1102.907471 279.626007
v -1422.413452 1102.562500 280.834198
v -1421.181274 1102.519653 282.066406
v -1419.962524 1102.779907 283.285156
v -1418.794312 1103.335571 284.453400
v -1417.712036 1104.169678 285.535706
v -1416.748535 1105.256836 286.499146
v -1415.933228 1106.564209 287.314453
v -1415.290894 1108.051758 287.956848
v -1414.840820 1109.674561 288.406799
v -1414.597046 1111.383301 288.650696
v -1414.566650 1113.125854 288.681061
v -1414.750732 1114.849487 288.496979
v -1415.143555 1116.501587 288.104095
v -1415.733398 1118.032227 287.514282
v -1416.502197 1119.394653 286.745514
v -1417.426514 1120.547729 285.821106
v -1418.478516 1121.456177 284.769196
v -1419.625977 1122.092529 283.621704
v -1420.834229 1122.437500 282.413483
v -1422.066406 1122.480347 281.181305
v -1423.285156 1122.220093 279.962555
v -1424.453369 1121.664429 278.794281
v -1425.535767 1120.830322 277.711975
v -1428.067627 1115.184082 275.180023
v -1428.299316 1113.560913 274.948334
v -1428.328247 1111.905396 274.919495
v -1428.153320 1110.268066 275.094360
v -1427.780029 1108.698486 275.467621
v -1427.219727 1107.244385 276.027924
v -1426.489380 1105.950073 276.758270
v -1425.611206 1104.854614 277.636444
v -1424.611938 1103.991577 278.635773
v -1423.521851 1103.387085 279.725891
v -1422.374023 1103.059448 280.873688
v -1421.203369 1103.018677 282.044281
v -1420.045654 1103.265869 283.202087
v -1418.935791 1103.793823 284.311920
v -1417.907593 1104.586182 285.340118
v -1416.992310 1105.619019 286.255371
v -1416.217773 1106.860962 287.029907
v -1415.607544 1108.274170 287.640198
v -1415.180054 1109.815918 288.067657
v -1414.948364 1111.439087 288.299347
v -1414.919556 1113.094604 288.328186
v -1415.094360 1114.731934 288.153320
v -1415.467651 1116.301514 287.780060
v -1416.027954 1117.755615 287.219757
v -1416.758301 1119.049927 286.489441
v -1417.636475 1120.145386 285.611237
v -1418.635742 1121.008423 284.611908
v -1419.725952 1121.612915 283.521790
v -1420.873657 1121.940552 282.373993
v -1422.044312 1121.981323 281.203430
v -1423.202026 1121.734131 280.045624
v -1424.311890 1121.206177 278.935760
v -1425.340088 1120.413818 277.907562
v -1426.255371 1119.380981 276.992310
v -1427.029907 1118.139038 276.217773
v -1427.640137 1116.725830 275.607513
v -1428.926880 1120.365234 281.391876
v -1428.875610 1120.413818 281.443115
v -1427.960083 1121.134888 282.358643
v -1427.847412 1121.206177 282.471283
v -1426.916870 1121.669067 283.401825
v -1426.737671 1121.734131 283.581146
v -1425.825806 1121.953125 284.492950
v -1425.579834 1121.981323 284.738953
v -1424.716553 1121.979370 285.602264
v -1424.409180 1121.940552 285.909546
v -1423.619263 1121.746948 286.699463
v -1423.261475 1121.612915 287.057343
v -1422.564087 1121.262329 287.754700
v -1422.171265 1121.008423 288.147461
v -1421.579712 1120.538696 288.739105
v -1421.171997 1120.145386 289.146790
v -1420.692871 1119.595825 289.625885
v -1420.293823 1119.049927 290.024963
v -1419.927979 1118.459351 290.390808
v -1419.563477 1117.755615 290.755310
v -1419.305664 1117.160400 291.013062
v -1419.003174 1116.301514 291.315613
v -1418.843140 1115.734253 291.475616
v -1418.629883 1114.731934 291.688873
v -1418.552856 1114.219849 291.765900
v -1418.455078 1113.094604 291.863739
v -1418.442749 1112.658569 291.875946
v -1418.483887 1111.439087 291.834869
v -1418.515991 1111.093018 291.802826
v -1418.715576 1109.815918 291.603210
v -1418.770264 1109.565796 291.548462
v -1419.143066 1108.274170 291.175720
v -1419.198975 1108.118652 291.119812
v -1419.753296 1106.860962 290.565460
v -1419.790161 1106.791016 290.528595
v -1420.527832 1105.619019 289.790924
v -1421.391846 1104.634766 288.926910
v -1421.443115 1104.586182 288.875641
v -1422.358643 1103.865112 287.960114
v -1422.471313 1103.793823 287.847473
v -1423.401855 1103.330933 286.916931
v -1423.581177 1103.265869 286.737610
v -1424.492920 1103.046875 285.825806
v -1424.739014 1103.018677 285.579803
v -1425.602295 1103.020630 284.716492
v -1425.909546 1103.059448 284.409210
v -1426.699463 1103.253052 283.619293
v -1427.057373 1103.387085 283.261414
v -1427.754639 1103.737671 282.564087
v -1428.147461 1103.991577 282.171295
v -1428.739136 1104.461304 281.579651
v -1429.146729 1104.854614 281.171967
v -1429.625854 1105.404175 280.692871
v -1430.025024 1105.950073 280.293793
v -1430.390869 1106.540649 279.927948
v -1430.755249 1107.244385 279.563446
v -1431.013062 1107.839600 279.305695
v -1431.315552 1108.698486 279.003143
v -1431.475586 1109.265747 278.843140
v -1431.688843 1110.268066 278.629883
v -1431.765869 1110.780151 278.552856
v -1431.863770 1111.905396 278.455048
v -1431.875977 1112.341431 278.442810
v -1431.834839 1113.560913 278.483887
v -1431.802856 1113.906982 278.515961
v -1431.603149 1115.184082 278.715576
v -1431.548462 1115.434204 278.770294
v -1431.175781 1116.725830 279.143036
v -1431.119873 1116.881348 279.198944
v -1430.565430 1118.139038 279.753296
v -1430.528564 1118.208984 279.790161
v -1429.790894 1119.380981 280.527832
v -1424.549927 1121.807983 292.839844
v -1431.937866 1122.498291 285.451965
v -1433.057251 1121.607056 284.332520
v -1430.729980 1123.116821 286.659851
v -1429.466553 1123.445679 287.923248
v -1428.182129 1123.476074 289.207703
v -1426.911621 1123.207031 290.478180
v -1425.689819 1122.645874 291.700012
v -1423.523193 1120.716187 293.866638
v -1422.637451 1119.400391 294.752350
v -1421.916992 1117.896240 295.472839
v -1421.381348 1116.244873 296.008453
v -1421.045288 1114.491455 296.344543
v -1420.917847 1112.683716 296.472015
v -1421.002563 1110.870850 296.387299
v -1421.296997 1109.102539 296.092773
v -1421.793335 1107.426880 295.596466
v -1422.477905 1105.889526 294.911896
v -1423.332031 1104.532593 294.057739
v -1424.332520 1103.392944 293.057312
v -1425.451904 1102.501709 291.937866
v -1426.659912 1101.883179 290.729980
v -1427.923218 1101.554321 289.466553
v -1429.207764 1101.523926 288.182098
v -1430.478149 1101.792969 286.911652
v -1431.699951 1102.354126 285.689819
v -1432.839844 1103.192017 284.549957
v -1434.752319 1105.599609 282.637451
v -1433.866699 1104.283813 283.523193
v -1435.472900 1107.103760 281.916992
v -1436.008423 1108.755127 281.381378
v -1436.344604 1110.508545 281.045258
v -1436.472046 1112.316284 280.917816
v -1436.387329 1114.129150 281.002502
v -1436.092773 1115.897461 281.297028
v -1435.596436 1117.573120 281.793365
v -1434.057739 1120.467407 283.332092
v -1434.911865 1119.110474 282.477936
v -1434.856689 1107.594360 282.533142
v -1434.201660 1106.226929 283.188141
v -1433.396484 1105.030762 283.993347
v -1432.463013 1104.038208 284.926788
v -1431.426758 1103.276489 285.963013
v -1430.316040 1102.766357 287.073761
v -1429.161133 1102.521729 288.228729
v -1427.993408 1102.549316 289.396423
v -1426.844849 1102.848389 290.544952
v -1425.746826 1103.410645 291.643066
v -1424.729126 1104.220825 292.660706
v -1423.819580 1105.256836 293.570221
v -1423.043091 1106.490479 294.346710
v -1422.420776 1107.888062 294.969055
v -1421.969604 1109.411377 295.420258
v -1421.701782 1111.018921 295.687988
v -1421.624878 1112.666992 295.764984
v -1421.740723 1114.310425 295.649139
v -1422.046265 1115.904419 295.343597
v -1422.533203 1117.405640 294.856659
v -1423.188110 1118.773071 294.201691
v -1423.993286 1119.969238 293.396484
v -1424.926758 1120.961792 292.463043
v -1425.963013 1121.723511 291.426819
v -1427.073730 1122.233643 290.316071
v -1428.228760 1122.478271 289.161102
v -1429.396362 1122.450684 287.993408
v -1430.544922 1122.151611 286.844849
v -1431.643066 1121.589355 285.746765
v -1432.660767 1120.779175 284.729095
v -1433.570190 1119.743164 283.819611
v -1434.346680 1118.509521 283.043121
v -1434.969116 1117.111938 282.420776
v -1435.420288 1115.588623 281.969574
v -1435.687988 1113.981079 281.701813
v -1435.765015 1112.333008 281.624817
v -1435.649170 1110.689575 281.740692
v -1435.343628 1109.095581 282.046234
v -1437.593262 1120.467407 286.867615
v -1438.447388 1119.110474 286.013458
v -1439.131958 1117.573120 285.328888
v -1439.628296 1115.897461 284.832581
v -1439.922852 1114.129150 284.538055
v -1440.007568 1112.316284 284.453369
v -1439.880127 1110.508545 284.580811
v -1439.543945 1108.755127 284.916901
v -1439.008423 1107.103760 285.452515
v -1438.287842 1105.599609 286.173004
v -1437.402222 1104.283813 287.058716
v -1436.375366 1103.192017 288.085510
v -1435.235596 1102.354126 289.225342
v -1434.013672 1101.792969 290.447174
v -1432.743286 1101.523926 291.717651
v -1431.458740 1101.554321 293.002106
v -1430.195435 1101.883179 294.265503
v -1428.987549 1102.501709 295.473389
v -1427.868042 1103.392944 296.592834
v -1426.867676 1104.532593 297.593262
v -1426.013428 1105.889526 298.447418
v -1425.328857 1107.426880 299.132019
v -1424.832520 1109.102539 299.628326
v -1424.538086 1110.870850 299.922852
v -1424.453369 1112.683716 300.007538
v -1424.580811 1114.491455 299.880096
v -1424.916870 1116.244873 299.543976
v -1425.452515 1117.896240 299.008392
v -1426.172974 1119.400391 298.287903
v -1427.058716 1120.716187 297.402191
v -1428.085449 1121.807983 296.375397
v -1429.225342 1122.645874 295.235535
v -1430.447144 1123.207031 294.013702
v -1431.717651 1123.476074 292.743256
v -1433.002075 1123.445679 291.458801
v -1434.265503 1123.116821 290.195374
v -1435.473389 1122.498291 288.987488
v -1436.592773 1121.607056 287.868073
v -1438.392212 1107.594360 286.068695
v -1437.737183 1106.226929 286.723663
v -1436.932007 1105.030762 287.528870
v -1435.998535 1104.038208 288.462311
v -1434.962402 1103.276489 289.498535
v -1433.851562 1102.766357 290.609283
v -1432.696655 1102.521729 291.764252
v -1431.528931 1102.549316 292.931946
v -1430.380371 1102.848389 294.080505
v -1429.282349 1103.410645 295.178589
v -1428.264648 1104.220825 296.196259
v -1427.355103 1105.256836 297.105743
v -1426.578613 1106.490479 297.882263
v -1425.956299 1107.888062 298.504578
v -1425.505127 1109.411377 298.955780
v -1425.237305 1111.018921 299.223541
v -1425.160400 1112.666992 299.300537
v -1425.276245 1114.310425 299.184662
v -1425.581787 1115.904419 298.879120
v -1426.068726 1117.405640 298.392212
v -1426.723633 1118.773071 297.737213
v -1427.528931 1119.969238 296.932007
v -1428.462280 1120.961792 295.998566
v -1429.498535 1121.723511 294.962341
v -1430.609253 1122.233643 293.851593
v -1431.764282 1122.478271 292.696625
v -1432.932007 1122.450684 291.528931
v -1434.080444 1122.151611 290.380402
v -1435.178589 1121.589355 289.282318
v -1436.196289 1120.779175 288.264648
v -1437.105713 1119.743164 287.355164
v -1437.882202 1118.509521 286.578644
v -1438.504639 1117.111938 285.956299
v -1438.955811 1115.588623 285.505096
v -1439.223511 1113.981079 285.237366
v -1439.300537 1112.333008 285.160370
v -1439.184692 1110.689575 285.276215
v -1438.879150 1109.095581 285.581787
v -1441.128784 1120.467407 290.403168
v -1441.982910 1119.110474 289.549011
v -1442.667480 1117.573120 288.864410
v -1443.163818 1115.897461 288.368103
v -1443.458374 1114.129150 288.073578
v -1443.543091 1112.316284 287.988892
v -1443.415649 1110.508545 288.116333
v -1443.079468 1108.755127 288.452454
v -1442.543945 1107.103760 288.988037
v -1441.823486 1105.599609 289.708527
v -1440.937744 1104.283813 290.594238
v -1439.910889 1103.192017 291.621033
v -1438.771118 1102.354126 292.760895
v -1437.549194 1101.792969 293.982727
v -1436.278809 1101.523926 295.253174
v -1434.994385 1101.554321 296.537628
v -1433.730957 1101.883179 297.801025
v -1432.523071 1102.501709 299.008942
v -1431.403564 1103.392944 300.128357
v -1430.403198 1104.532593 301.128815
v -1429.548950 1105.889526 301.982971
v -1428.864380 1107.426880 302.667542
v -1428.368164 1109.102539 303.163849
v -1428.073608 1110.870850 303.458374
v -1427.988892 1112.683716 303.543060
v -1428.116333 1114.491455 303.415619
v -1428.452393 1116.244873 303.079529
v -1428.988037 1117.896240 302.543915
v -1429.708496 1119.400391 301.823425
v -1430.594238 1120.716187 300.937714
v -1431.621094 1121.807983 299.910919
v -1432.760864 1122.645874 298.771088
v -1433.982666 1123.207031 297.549255
v -1435.253174 1123.476074 296.278778
v -1436.537598 1123.445679 294.994324
v -1437.801025 1123.116821 293.730927
v -1439.008911 1122.498291 292.523041
v -1440.128418 1121.607056 291.403595
v -1440.887695 1105.605347 290.644318
v -1439.963257 1104.452271 291.568726
v -1438.911377 1103.543823 292.620636
v -1437.763794 1102.907471 293.768127
v -1436.555664 1102.562500 294.976349
v -1435.323486 1102.519653 296.208527
v -1434.104736 1102.779907 297.427277
v -1432.936401 1103.335571 298.595551
v -1431.854126 1104.169678 299.677856
v -1430.890625 1105.256836 300.641266
v -1430.075439 1106.564209 301.456573
v -1429.432983 1108.051758 302.098969
v -1428.983032 1109.674561 302.548950
v -1428.739136 1111.383301 302.792816
v -1428.708740 1113.125854 302.823181
v -1428.892822 1114.849487 302.639130
v -1429.285767 1116.501587 302.246216
v -1429.875488 1118.032227 301.656433
v -1430.644287 1119.394653 300.887634
v -1431.568726 1120.547729 299.963257
v -1432.620605 1121.456177 298.911316
v -1433.768188 1122.092529 297.763824
v -1434.976318 1122.437500 296.555634
v -1436.208496 1122.480347 295.323425
v -1437.427246 1122.220093 294.104675
v -1438.595581 1121.664429 292.936401
v -1439.677856 1120.830322 291.854126
v -1440.641235 1119.743164 290.890686
v -1441.456543 1118.435791 290.075378
v -1442.098999 1116.948242 289.432983
v -1442.548950 1115.325439 288.983032
v -1442.792847 1113.616699 288.739136
v -1442.823242 1111.874146 288.708771
v -1442.639160 1110.150513 288.892853
v -1442.246216 1108.498413 289.285736
v -1441.656372 1106.967773 289.875549
v -1447.712402 1119.743164 297.961761
v -1448.527588 1118.435791 297.146454
v -1449.170044 1116.948242 296.504059
v -1449.619995 1115.325439 296.054077
v -1449.863892 1113.616699 295.810211
v -1449.894287 1111.874146 295.779846
v -1449.710205 1110.150513 295.963898
v -1449.317261 1108.498413 296.356812
v -1448.727539 1106.967773 296.946594
v -1447.958740 1105.605347 297.715393
v -1447.034302 1104.452271 298.639771
v -1445.982422 1103.543823 299.691711
v -1444.834839 1102.907471 300.839203
v -1443.626709 1102.562500 302.047394
v -1442.394531 1102.519653 303.279602
v -1441.175781 1102.779907 304.498352
v -1440.007446 1103.335571 305.666626
v -1438.925171 1104.169678 306.748901
v -1437.961792 1105.256836 307.712341
v -1437.146484 1106.564209 308.527649
v -1436.504028 1108.051758 309.170044
v -1436.054077 1109.674561 309.620026
v -1435.810181 1111.383301 309.863892
v -1435.779785 1113.125854 309.894257
v -1435.963867 1114.849487 309.710205
v -1436.356812 1116.501587 309.317291
v -1436.946655 1118.032227 308.727478
v -1437.715332 1119.394653 307.958710
v -1438.639771 1120.547729 307.034332
v -1439.691650 1121.456177 305.982391
v -1440.839233 1122.092529 304.834900
v -1442.047363 1122.437500 303.626678
v -1443.279541 1122.480347 302.394501
v -1444.498291 1122.220093 301.175751
v -1445.666626 1121.664429 300.007477
v -1446.748901 1120.830322 298.925171
v -1457.004883 1102.946411 302.811340
v -1447.606201 1099.031494 312.210083
v -1440.535034 1099.031494 305.139008
v -1449.933838 1102.946411 295.740265
v -1404.453613 1112.500000 248.190140
v -1440.238647 1114.496948 284.222260
v -1404.329956 1114.496948 248.313660
v -1439.871826 1116.433228 284.589111
v -1403.963257 1116.433228 248.680527
v -1439.272705 1118.250000 285.188171
v -1403.364136 1118.250000 249.279572
v -1438.459717 1119.891968 286.001190
v -1402.551147 1119.891968 250.092590
v -1437.457397 1121.309570 287.003479
v -1401.548828 1121.309570 251.094879
v -1436.296387 1122.459351 288.164581
v -1400.387817 1122.459351 252.256012
v -1435.011597 1123.306519 289.449249
v -1399.103027 1123.306519 253.540634
v -1433.642456 1123.825317 290.818390
v -1397.733887 1123.825317 254.909821
v -1432.230469 1124.000000 292.230469
v -1396.321899 1124.000000 256.321838
v -1430.818481 1123.825317 293.642517
v -1394.909912 1123.825317 257.733917
v -1429.449219 1123.306519 295.011658
v -1393.540649 1123.306519 259.103088
v -1428.164551 1122.459351 296.296295
v -1392.255981 1122.459351 260.387726
v -1427.003540 1121.309570 297.457428
v -1391.094971 1121.309570 261.548859
v -1426.001221 1119.891968 298.459717
v -1390.092651 1119.891968 262.551117
v -1425.188232 1118.250000 299.272705
v -1389.279663 1118.250000 263.364136
v -1424.589111 1116.433228 299.871765
v -1388.680542 1116.433228 263.963196
v -1424.222290 1114.496948 300.238647
v -1388.313599 1114.496948 264.330048
v -1424.098755 1112.500000 300.362183
v -1388.190186 1112.500000 264.453583
v -1424.222290 1110.503052 300.238647
v -1388.313599 1110.503052 264.330048
v -1424.589111 1108.566772 299.871765
v -1388.680542 1108.566772 263.963196
v -1425.188232 1106.750000 299.272705
v -1389.279663 1106.750000 263.364136
v -1426.001221 1105.107910 298.459717
v -1390.092651 1105.107910 262.551117
v -1427.003540 1103.690552 297.457428
v -1391.094971 1103.690552 261.548859
v -1428.164551 1102.540771 296.296295
v -1392.255981 1102.540771 260.387726
v -1429.449219 1101.693481 295.011658
v -1393.540649 1101.693481 259.103088
v -1430.818481 1101.174683 293.642517
v -1394.909912 1101.174683 257.733917
v -1432.230469 1101.000000 292.230469
v -1396.321899 1101.000000 256.321838
v -1433.642456 1101.174683 290.818390
v -1397.733887 1101.174683 254.909821
v -1435.011597 1101.693481 289.449249
v -1399.103027 1101.693481 253.540634
v -1436.296387 1102.540771 288.164581
v -1400.387817 1102.540771 252.256012
v -1437.457397 1103.690552 287.003479
v -1401.548828 1103.690552 251.094879
v -1438.459717 1105.107910 286.001190
v -1402.551147 1105.107910 250.092590
v -1439.272705 1106.750000 285.188171
v -1403.364136 1106.750000 249.279572
v -1439.871826 1108.566772 284.589111
v -1403.963257 1108.566772 248.680527
v -1440.238647 1110.503052 284.222260
v -1404.329956 1110.503052 248.313660
v -1440.362183 1112.500000 284.098724
v -1437.213867 1115.065063 287.246979
v -1437.453125 1113.802368 287.007721
v -1437.533691 1112.500000 286.927124
v -1437.453125 1111.197632 287.007721
v -1437.213867 1109.934814 287.246979
v -1436.823242 1108.750000 287.637665
v -1436.292969 1107.679077 288.167908
v -1435.639404 1106.754639 288.821533
v -1434.882080 1106.004883 289.578796
v -1434.044189 1105.452271 290.416595
v -1433.151367 1105.114014 291.309540
v -1432.230469 1105.000000 292.230469
v -1431.309570 1105.114014 293.151337
v -1430.416626 1105.452271 294.044281
v -1429.578735 1106.004883 294.882080
v -1428.821533 1106.754639 295.639343
v -1428.167969 1107.679077 296.293030
v -1427.637695 1108.750000 296.823242
v -1427.246948 1109.934814 297.213898
v -1427.007690 1111.197632 297.453156
v -1426.927124 1112.500000 297.533752
v -1427.007690 1113.802368 297.453156
v -1427.246948 1115.065063 297.213898
v -1427.637695 1116.250000 296.823242
v -1428.167969 1117.320923 296.293030
v -1428.821533 1118.245361 295.639343
v -1429.578735 1118.995239 294.882080
v -1430.416626 1119.547729 294.044281
v -1431.309570 1119.885986 293.151337
v -1432.230469 1120.000000 292.230469
v -1433.151367 1119.885986 291.309540
v -1434.044189 1119.547729 290.416595
v -1434.882080 1118.995239 289.578796
v -1435.639404 1118.245361 288.821533
v -1436.292969 1117.320923 288.167908
v -1436.823242 1116.250000 287.637665
v -1252.888550 612.500000 122.501450
v -1251.520508 612.500000 126.260223
v -1254.151367 612.500000 122.839806
v -1253.456787 612.500000 126.779037
v -1255.453735 612.500000 122.953751
v -1255.453735 612.500000 126.953751
v -1256.756104 612.500000 122.839806
v -1257.450684 612.500000 126.779037
v -1258.018799 612.500000 122.501450
v -1259.386963 612.500000 126.260223
v -1259.203735 612.500000 121.948944
v -1261.203735 612.500000 125.413048
v -1260.274658 612.500000 121.199089
v -1262.845703 612.500000 124.263268
v -1261.199097 612.500000 120.274658
v -1264.263306 612.500000 122.845810
v -1261.948975 612.500000 119.203751
v -1265.413086 612.500000 121.203751
v -1262.501465 612.500000 118.018906
v -1266.260254 612.500000 119.386986
v -1262.839844 612.500000 116.756111
v -1266.779053 612.500000 117.450706
v -1262.953735 612.500000 115.453751
v -1266.953735 612.500000 115.453751
v -1262.839844 612.500000 114.151390
v -1266.779053 612.500000 113.456802
v -1262.501465 612.500000 112.888603
v -1266.260254 612.500000 111.520523
v -1261.948975 612.500000 111.703751
v -1265.413086 612.500000 109.703751
v -1261.199097 612.500000 110.632843
v -1264.263306 612.500000 108.061691
v -1260.757080 612.500000 110.150452
v -1263.585449 612.500000 107.322021
v -1260.274658 612.500000 109.708420
v -1262.845703 612.500000 106.644241
v -1259.203735 612.500000 108.958565
v -1261.203735 612.500000 105.494461
v -1258.018799 612.500000 108.406059
v -1259.386963 612.500000 104.647285
v -1256.756104 612.500000 108.067688
v -1257.450684 612.500000 104.128464
v -1255.453735 612.500000 107.953751
v -1255.453735 612.500000 103.953751
v -1254.151367 612.500000 108.067688
v -1253.456787 612.500000 104.128464
v -1252.888550 612.500000 108.406059
v -1251.520508 612.500000 104.647285
v -1251.703735 612.500000 108.958565
v -1249.703735 612.500000 105.494461
v -1250.632935 612.500000 109.708420
v -1248.061646 612.500000 106.644241
v -1249.708374 612.500000 110.632843
v -1246.644287 612.500000 108.061691
v -1248.958618 612.500000 111.703751
v -1245.494507 612.500000 109.703751
v -1248.406006 612.500000 112.888603
v -1244.647217 612.500000 111.520523
v -1248.067749 612.500000 114.151390
v -1244.128418 612.500000 113.456802
v -1247.953735 612.500000 115.453751
v -1243.953735 612.500000 115.453751
v -1248.067749 612.500000 116.756111
v -1244.128418 612.500000 117.450706
v -1248.406006 612.500000 118.018906
v -1244.647217 612.500000 119.386986
v -1248.958618 612.500000 119.203751
v -1245.494507 612.500000 121.203751
v -1249.708374 612.500000 120.274658
v -1246.644287 612.500000 122.845810
v -1250.632935 612.500000 121.199089
v -1248.061646 612.500000 124.263268
v -1251.703735 612.500000 121.948944
v -1249.703735 612.500000 125.413048
v -1266.215698 926.723511 120.653313
v -1265.876343 913.282410 120.313858
v -1265.413086 913.282410 121.203751
v -1265.212524 926.686462 122.388390
v -1266.260254 913.282410 119.386986
v -1266.902954 926.783936 118.771141
v -1266.561890 913.282410 118.430168
v -1266.779053 913.282410 117.450706
v -1267.253052 926.865967 116.799088
v -1266.909912 913.282410 116.456047
v -1266.953735 913.282410 115.453751
v -1267.255493 926.967102 114.797058
v -1266.909912 913.282410 114.451462
v -1266.779053 913.282410 113.456802
v -1266.910400 927.084229 112.825890
v -1266.561890 913.282410 112.477333
v -1266.260254 913.282410 111.520523
v -1266.228027 927.213867 110.945473
v -1265.876343 913.282410 110.593636
v -1265.413086 913.282410 109.703751
v -1265.229370 927.351929 109.212944
v -1264.874023 913.282410 108.857628
v -1264.263306 913.282410 108.061691
v -1263.944336 927.494385 107.680939
v -1263.585449 913.282410 107.322021
v -1262.845703 913.282410 106.644241
v -1262.412476 927.636841 106.396019
v -1262.049927 913.282410 106.033501
v -1261.203735 913.282410 105.494461
v -1260.679810 927.775024 105.397217
v -1260.313843 913.282410 105.031212
v -1259.386963 913.282410 104.647285
v -1258.799438 927.904602 104.714874
v -1258.430176 913.282410 104.345604
v -1257.450684 913.282410 104.128464
v -1256.828369 928.021790 104.369743
v -1256.456055 913.282410 103.997513
v -1255.453735 913.282410 103.953751
v -1254.826294 928.122864 104.372299
v -1254.451538 913.282410 103.997513
v -1253.456787 913.282410 104.128464
v -1252.854248 928.204895 104.722466
v -1252.477295 913.282410 104.345604
v -1251.520508 913.282410 104.647285
v -1250.972046 928.265320 105.409599
v -1250.593628 913.282410 105.031212
v -1249.703735 913.282410 105.494461
v -1249.236938 928.302368 106.412819
v -1248.857666 913.282410 106.033501
v -1248.061646 913.282410 106.644241
v -1247.701660 928.314819 107.701660
v -1247.322021 913.282410 107.322021
v -1246.644287 913.282410 108.061691
v -1246.412842 928.302368 109.236938
v -1246.033569 913.282410 108.857628
v -1245.494507 913.282410 109.703751
v -1245.409668 928.265320 110.972023
v -1245.031250 913.282410 110.593636
v -1244.647217 913.282410 111.520523
v -1244.722534 928.204895 112.854187
v -1244.345581 913.282410 112.477333
v -1244.128418 913.282410 113.456802
v -1244.372192 928.122864 114.826248
v -1243.997437 913.282410 114.451462
v -1243.953735 913.282410 115.453751
v -1244.369751 928.021790 116.828278
v -1243.997437 913.282410 116.456047
v -1244.128418 913.282410 117.450706
v -1244.714844 927.904602 118.799446
v -1244.345581 913.282410 118.430168
v -1244.647217 913.282410 119.386986
v -1245.397217 927.775024 120.679863
v -1245.031250 913.282410 120.313858
v -1245.494507 913.282410 121.203751
v -1246.396118 927.636841 122.412392
v -1246.033569 913.282410 122.049881
v -1246.644287 913.282410 122.845810
v -1247.680908 927.494385 123.944397
v -1247.322021 913.282410 123.585480
v -1249.213013 927.351929 125.229317
v -1250.945435 927.213867 126.228127
v -1250.593628 913.282410 125.876289
v -1249.703735 913.282410 125.413048
v -1248.857666 913.282410 124.874001
v -1248.061646 913.282410 124.263268
v -1252.825806 927.084229 126.910446
v -1254.797119 926.967102 127.255592
v -1254.451538 913.282410 126.909988
v -1253.456787 913.282410 126.779037
v -1252.477295 913.282410 126.561897
v -1251.520508 913.282410 126.260223
v -1256.799072 926.865967 127.253044
v -1258.771240 926.783936 126.902878
v -1258.430176 913.282410 126.561897
v -1257.450684 913.282410 126.779037
v -1256.456055 913.282410 126.909988
v -1255.453735 913.282410 126.953751
v -1260.653198 926.723511 126.215744
v -1262.388306 926.686462 125.212509
v -1262.049927 913.282410 124.874001
v -1261.203735 913.282410 125.413048
v -1260.313843 913.282410 125.876289
v -1259.386963 913.282410 126.260223
v -1264.874023 913.282410 122.049881
v -1264.263306 913.282410 122.845810
v -1263.923584 926.674011 123.923676
v -1263.585449 913.282410 123.585480
v -1262.845703 913.282410 124.263268
v -1264.936523 939.997437 124.936546
v -1266.226318 940.022278 123.402199
v -1267.232300 940.096069 121.669922
v -1267.924072 940.216675 119.792328
v -1268.280396 940.380310 117.826469
v -1268.290649 940.582031 115.832092
v -1267.954346 940.815735 113.869789
v -1267.281738 941.074280 111.999168
v -1266.293457 941.349792 110.277084
v -1265.019287 941.634033 108.755859
v -1263.498047 941.918274 107.481712
v -1261.776001 942.193787 106.493355
v -1259.905396 942.452332 105.820824
v -1257.942993 942.686035 105.484550
v -1255.948608 942.887756 105.494751
v -1253.982910 943.051392 105.851120
v -1252.105225 943.171997 106.542824
v -1250.373047 943.245789 107.548851
v -1248.838623 943.270630 108.838623
v -1247.548828 943.245789 110.372971
v -1246.542847 943.171997 112.105247
v -1245.851196 943.051392 113.982849
v -1245.494751 942.887756 115.948700
v -1245.484619 942.686035 117.943077
v -1245.820923 942.452332 119.905388
v -1246.493286 942.193787 121.776009
v -1247.481689 941.918274 123.498093
v -1248.755859 941.634033 125.019310
v -1250.277100 941.349792 126.293465
v -1251.999146 941.074280 127.281815
v -1253.869751 940.815735 127.954346
v -1255.832031 940.582031 128.290619
v -1257.826416 940.380310 128.280411
v -1259.792358 940.216675 127.924057
v -1261.669922 940.096069 127.232346
v -1263.402222 940.022278 126.226318
v -1266.619019 953.184692 126.618919
v -1267.910278 953.221802 125.086143
v -1268.920898 953.332092 123.358513
v -1269.620239 953.512146 121.488510
v -1269.986816 953.756592 119.532967
v -1270.009888 954.057861 117.551292
v -1269.688232 954.406921 115.603691
v -1269.031982 954.793091 113.749359
v -1268.061035 955.204651 112.044632
v -1266.804810 955.629150 110.541298
v -1265.301514 956.053589 109.285049
v -1263.596680 956.465271 108.314049
v -1261.742310 956.851440 107.657799
v -1259.794800 957.200439 107.336243
v -1257.813110 957.501770 107.359146
v -1255.857544 957.746155 107.725822
v -1253.987549 957.926208 108.425117
v -1252.260010 958.036560 109.435799
v -1250.727173 958.073669 110.727142
v -1249.435791 958.036560 112.259911
v -1248.425171 957.926208 113.987549
v -1247.725830 957.746155 115.857552
v -1247.359131 957.501770 117.813095
v -1247.336304 957.200439 119.794769
v -1247.657715 956.851440 121.742371
v -1248.313965 956.465271 123.596695
v -1249.285156 956.053589 125.301437
v -1250.541382 955.629150 126.804756
v -1252.044678 955.204651 128.061005
v -1253.749390 954.793091 129.032013
v -1255.603638 954.406921 129.688263
v -1257.551270 954.057861 130.009811
v -1259.532959 953.756592 129.986908
v -1261.488525 953.512146 129.620239
v -1263.358521 953.332092 128.920944
v -1265.086182 953.221802 127.910271
v -1268.962280 966.168579 128.962234
v -1270.255859 966.217834 127.431648
v -1271.272949 966.363953 125.710487
v -1271.982788 966.602600 123.851059
v -1272.363770 966.926575 121.909866
v -1272.404419 967.325928 119.945885
v -1272.103271 967.788513 118.018784
v -1271.469849 968.300354 116.187134
v -1270.522949 968.845886 114.506569
v -1269.291626 969.408508 113.028168
v -1267.813232 969.971130 111.796852
v -1266.132690 970.516602 110.850021
v -1264.301025 971.028442 110.216446
v -1262.373901 971.491089 109.915390
v -1260.409912 971.890381 109.955986
v -1258.468750 972.214355 110.337013
v -1256.609375 972.453003 111.046890
v -1254.888184 972.599182 112.064041
v -1253.357544 972.648438 113.357567
v -1252.063965 972.599182 114.888161
v -1251.046875 972.453003 116.609322
v -1250.337036 972.214355 118.468750
v -1249.956055 971.890381 120.409935
v -1249.915405 971.491089 122.373924
v -1250.216431 971.028442 124.301018
v -1250.849976 970.516602 126.132668
v -1251.796875 969.971130 127.813232
v -1253.028198 969.408508 129.291626
v -1254.506592 968.845886 130.522949
v -1256.187134 968.300354 131.469788
v -1258.018677 967.788513 132.103348
v -1259.945923 967.325928 132.404419
v -1261.909790 966.926575 132.363815
v -1263.851074 966.602600 131.982788
v -1265.710449 966.363953 131.272919
v -1267.431641 966.217834 130.255753
v -1271.954590 978.882996 131.954544
v -1273.250854 978.944092 130.426727
v -1274.276245 979.125305 128.713852
v -1274.999634 979.421387 126.867920
v -1275.398926 979.823242 124.945061
v -1275.462158 980.318542 123.003670
v -1275.187378 980.892395 121.102753
v -1274.582764 981.527283 119.300056
v -1273.666748 982.203979 117.650368
v -1272.467285 982.901794 116.203796
v -1271.020630 983.599670 115.004311
v -1269.371094 984.276367 114.088341
v -1267.568359 984.911255 113.483734
v -1265.667358 985.485107 113.208847
v -1263.725952 985.980469 113.272041
v -1261.803101 986.382263 113.671402
v -1259.957153 986.678284 114.394775
v -1258.244263 986.859619 115.420189
v -1256.716431 986.920654 116.716507
v -1255.420166 986.859619 118.244316
v -1254.394775 986.678284 119.957199
v -1253.671387 986.382263 121.803123
v -1253.272095 985.980469 123.725990
v -1253.208862 985.485107 125.667381
v -1253.483765 984.911255 127.568306
v -1254.088257 984.276367 129.370987
v -1255.004272 983.599670 131.020676
v -1256.203735 982.901794 132.467255
v -1257.650391 982.203979 133.666733
v -1259.300171 981.527283 134.582718
v -1261.102783 980.892395 135.187317
v -1263.003662 980.318542 135.462189
v -1264.945068 979.823242 135.399017
v -1266.867920 979.421387 134.999649
v -1268.713867 979.125305 134.276276
v -1270.426758 978.944092 133.250870
v -1275.580688 991.263062 135.580597
v -1276.880249 991.335693 134.056168
v -1277.915771 991.551208 132.353302
v -1278.655518 991.903137 130.523743
v -1279.077026 992.380798 128.623077
v -1279.167603 992.969604 126.709076
v -1278.924438 993.651733 124.839882
v -1278.354858 994.406433 123.072281
v -1277.476318 995.210815 121.459991
v -1276.315430 996.040405 120.051994
v -1274.907471 996.869995 118.891075
v -1273.295166 997.674316 118.012520
v -1271.527588 998.429016 117.442993
v -1269.658325 999.111206 117.199829
v -1267.744263 999.700012 117.290405
v -1265.843750 1000.177612 117.711967
v -1264.014160 1000.529541 118.451714
v -1262.311279 1000.745056 119.487160
v -1260.786865 1000.817627 120.786842
v -1259.487183 1000.745056 122.311279
v -1258.451660 1000.529541 124.014145
v -1257.712036 1000.177612 125.843704
v -1257.290405 999.700012 127.744362
v -1257.199829 999.111206 129.658371
v -1257.442993 998.429016 131.527557
v -1258.012573 997.674316 133.295166
v -1258.891113 996.869995 134.907455
v -1260.052002 996.040405 136.315445
v -1261.459961 995.210815 137.476364
v -1263.072266 994.406433 138.354935
v -1264.839844 993.651733 138.924454
v -1266.709106 992.969604 139.167603
v -1268.623169 992.380798 139.077042
v -1270.523804 991.903137 138.655472
v -1272.353271 991.551208 137.915726
v -1274.056152 991.335693 136.880295
v -1279.821899 1003.245850 139.821930
v -1281.125488 1003.329651 138.301453
v -1282.172729 1003.578308 136.610306
v -1282.931519 1003.984192 134.799881
v -1283.379150 1004.535339 132.925201
v -1283.501709 1005.214600 131.043228
v -1283.295654 1006.001587 129.211121
v -1282.767212 1006.872314 127.484573
v -1281.932373 1007.800232 125.916031
v -1280.816528 1008.757263 124.553154
v -1279.453735 1009.714233 123.437363
v -1277.885254 1010.642273 122.602547
v -1276.158691 1011.512878 122.074074
v -1274.326538 1012.299866 121.868011
v -1272.444580 1012.979126 121.990616
v -1270.569946 1013.530273 122.438156
v -1268.759521 1013.936279 123.197037
v -1267.068237 1014.184814 124.244209
v -1265.547852 1014.268616 125.547844
v -1264.244141 1014.184814 127.068329
v -1263.197021 1013.936279 128.759460
v -1262.438232 1013.530273 130.569870
v -1261.990723 1012.979126 132.444565
v -1261.868042 1012.299866 134.326553
v -1262.074097 1011.512878 136.158646
v -1262.602539 1010.642273 137.885193
v -1263.437378 1009.714233 139.453735
v -1264.553223 1008.757263 140.816620
v -1265.916016 1007.800232 141.932404
v -1267.484497 1006.872314 142.767227
v -1269.211182 1006.001587 143.295685
v -1271.043213 1005.214600 143.501755
v -1272.925293 1004.535339 143.379150
v -1274.799805 1003.984192 142.931610
v -1276.610229 1003.578308 142.172729
v -1278.301514 1003.329651 141.125565
v -1284.656860 1014.770142 144.656906
v -1285.965088 1014.864685 143.140930
v -1287.025513 1015.145203 141.463150
v -1287.806274 1015.603210 139.674545
v -1288.283447 1016.224731 137.829483
v -1288.442505 1016.991150 135.984024
v -1288.278809 1017.878906 134.194214
v -1287.797119 1018.861084 132.514450
v -1287.012085 1019.907959 130.995773
v -1285.947754 1020.987610 129.684341
v -1284.636353 1022.067200 128.619980
v -1283.117676 1023.114075 127.835037
v -1281.437866 1024.096191 127.353355
v -1279.648071 1024.984009 127.189590
v -1277.802734 1025.750366 127.348709
v -1275.957642 1026.371948 127.825859
v -1274.168945 1026.829956 128.606552
v -1272.491211 1027.110474 129.667084
v -1270.975220 1027.204956 130.975220
v -1269.667114 1027.110474 132.491211
v -1268.606567 1026.829956 134.168991
v -1267.825806 1026.371948 135.957581
v -1267.348633 1025.750366 137.802643
v -1267.189575 1024.984009 139.648117
v -1267.353394 1024.096191 141.437927
v -1267.834961 1023.114075 143.117676
v -1268.619995 1022.067200 144.636353
v -1269.684326 1020.987610 145.947800
v -1270.995728 1019.907959 147.012161
v -1272.514404 1018.861084 147.797089
v -1274.194214 1017.878906 148.278778
v -1275.984009 1016.991150 148.442535
v -1277.829468 1016.224731 148.283432
v -1279.674561 1015.603210 147.806274
v -1281.463135 1015.145203 147.025574
v -1283.140869 1014.864685 145.965042
v -1290.060913 1025.777344 150.060913
v -1291.374146 1025.882080 148.549957
v -1292.449585 1026.192993 146.887115
v -1293.254639 1026.700684 145.122894
v -1293.764771 1027.389771 143.310928
v -1293.964844 1028.239136 141.506271
v -1293.848267 1029.223145 139.763748
v -1293.418945 1030.311890 138.136276
v -1292.689697 1031.472290 136.673340
v -1291.682861 1032.669067 135.419403
v -1290.428833 1033.865845 134.412521
v -1288.965942 1035.026245 133.683319
v -1287.338501 1036.114990 133.253967
v -1285.596069 1037.098999 133.137451
v -1283.791260 1037.948364 133.337372
v -1281.979370 1038.637451 133.847626
v -1280.215088 1039.145142 134.652725
v -1278.552246 1039.456055 135.728180
v -1277.041260 1039.560791 137.041351
v -1275.728271 1039.456055 138.552307
v -1274.652710 1039.145142 140.215149
v -1273.847534 1038.637451 141.979355
v -1273.337402 1037.948364 143.791321
v -1273.137451 1037.098999 145.595978
v -1273.253906 1036.114990 147.338531
v -1273.683350 1035.026245 148.965988
v -1274.412476 1033.865845 150.428909
v -1275.419312 1032.669067 151.682861
v -1276.673340 1031.472290 152.689728
v -1278.136230 1030.311890 153.418930
v -1279.763672 1029.223145 153.848312
v -1281.506348 1028.239136 153.964798
v -1283.310913 1027.389771 153.764893
v -1285.122925 1026.700684 153.254623
v -1286.887207 1026.192993 152.449539
v -1288.549927 1025.882080 151.374069
v -1296.006470 1036.211304 156.006393
v -1297.325195 1036.325684 154.500977
v -1298.416992 1036.665405 152.854568
v -1299.248901 1037.220215 151.117188
v -1299.795654 1037.973145 149.341644
v -1300.040405 1038.901489 147.581863
v -1299.975830 1039.976685 145.891342
v -1299.604004 1041.166382 144.321426
v -1298.936279 1042.434448 142.919830
v -1297.992554 1043.742188 141.729111
v -1296.801880 1045.049927 140.785507
v -1295.400269 1046.317993 140.117615
v -1293.830444 1047.507690 139.745789
v -1292.139893 1048.582886 139.681290
v -1290.380005 1049.511230 139.926102
v -1288.604492 1050.264160 140.472778
v -1286.867188 1050.818970 141.304703
v -1285.220703 1051.158691 142.396606
v -1283.715210 1051.273071 143.715286
v -1282.396606 1051.158691 145.220734
v -1281.304688 1050.818970 146.867142
v -1280.472778 1050.264160 148.604507
v -1279.926025 1049.511230 150.380066
v -1279.681274 1048.582886 152.139832
v -1279.745850 1047.507690 153.830353
v -1280.117676 1046.317993 155.400269
v -1280.785400 1045.049927 156.801880
v -1281.729126 1043.742188 157.992569
v -1282.919800 1042.434448 158.936203
v -1284.321411 1041.166382 159.604065
v -1285.891235 1039.976685 159.975906
v -1287.581909 1038.901489 160.040390
v -1289.341675 1037.973145 159.795578
v -1291.117188 1037.220215 159.248917
v -1292.854492 1036.665405 158.416992
v -1294.500977 1036.325684 157.325089
v -1302.463013 1046.018799 162.463074
v -1303.787842 1046.142334 160.963654
v -1304.897583 1046.509155 159.335083
v -1305.758545 1047.108276 157.626846
v -1306.344727 1047.921265 155.890854
v -1306.638306 1048.923462 154.179825
v -1306.630371 1050.084717 152.545776
v -1306.321045 1051.369263 151.038361
v -1305.719727 1052.738403 149.703354
v -1304.844727 1054.150513 148.581345
v -1303.722778 1055.562622 147.706406
v -1302.387817 1056.931763 147.105133
v -1300.880371 1058.216309 146.795776
v -1299.246338 1059.377563 146.787781
v -1297.535278 1060.379761 147.081329
v -1295.799316 1061.192749 147.667557
v -1294.091064 1061.791870 148.528625
v -1292.462524 1062.158691 149.638351
v -1290.963013 1062.282227 150.963074
v -1289.638428 1062.158691 152.462479
v -1288.528564 1061.791870 154.091049
v -1287.667480 1061.192749 155.799286
v -1287.081421 1060.379761 157.535278
v -1286.787720 1059.377563 159.246292
v -1286.795776 1058.216309 160.880341
v -1287.105103 1056.931763 162.387772
v -1287.706421 1055.562622 163.722778
v -1288.581421 1054.150513 164.844803
v -1289.703369 1052.738403 165.719727
v -1291.038452 1051.369263 166.321014
v -1292.545776 1050.084717 166.630341
v -1294.179810 1048.923462 166.638367
v -1295.890869 1047.921265 166.344788
v -1297.626831 1047.108276 165.758575
v -1299.335083 1046.509155 164.897522
v -1300.963623 1046.142334 163.787766
v -1309.398071 1055.149902 169.398010
v -1310.729126 1055.281860 167.905060
v -1311.858032 1055.674072 166.295670
v -1312.750488 1056.314209 164.618713
v -1313.379150 1057.183228 162.925201
v -1313.725098 1058.254517 161.266541
v -1313.777710 1059.495483 159.693161
v -1313.535400 1060.868530 158.252853
v -1313.005859 1062.331787 156.989380
v -1312.204590 1063.840942 155.941147
v -1311.156372 1065.350220 155.139984
v -1309.892944 1066.813599 154.610229
v -1308.452637 1068.186523 154.368011
v -1306.879150 1069.427612 154.420654
v -1305.220459 1070.498779 154.766586
v -1303.526978 1071.367798 155.395279
v -1301.850098 1072.008057 156.287659
v -1300.240601 1072.400146 157.416550
v -1298.747803 1072.532227 158.747711
v -1297.416626 1072.400146 160.240677
v -1296.287598 1072.008057 161.850082
v -1295.395264 1071.367798 163.527008
v -1294.766602 1070.498779 165.220551
v -1294.420776 1069.427612 166.879196
v -1294.368042 1068.186523 168.452576
v -1294.610229 1066.813599 169.892883
v -1295.140015 1065.350220 171.156342
v -1295.941162 1063.840942 172.204605
v -1296.989502 1062.331787 173.005753
v -1298.252808 1060.868530 173.535492
v -1299.693115 1059.495483 173.777725
v -1301.266602 1058.254517 173.725067
v -1302.925171 1057.183228 173.379135
v -1304.618774 1056.314209 172.750443
v -1306.295654 1055.674072 171.858093
v -1307.905029 1055.281860 170.729172
v -1316.775879 1063.558105 176.775925
v -1318.113892 1063.697876 175.289825
v -1319.263184 1064.113281 173.700806
v -1320.188843 1064.791382 172.057159
v -1320.862793 1065.711914 170.408829
v -1321.264404 1066.846558 168.805893
v -1321.381592 1068.161255 167.297043
v -1321.210693 1069.615601 165.928146
v -1320.757202 1071.165649 164.740768
v -1320.034546 1072.764282 163.771011
v -1319.064697 1074.363037 163.048340
v -1317.877441 1075.913086 162.594711
v -1316.508423 1077.367432 162.423874
v -1314.999634 1078.681885 162.541077
v -1313.396729 1079.816650 162.942719
v -1311.748413 1080.737061 163.616592
v -1310.104736 1081.415283 164.542252
v -1308.515625 1081.830566 165.691559
v -1307.029663 1081.970581 167.029587
v -1305.691650 1081.830566 168.515686
v -1304.542358 1081.415283 170.104675
v -1303.616699 1080.737061 171.748322
v -1302.942749 1079.816650 173.396667
v -1302.541016 1078.681885 174.999603
v -1302.423828 1077.367432 176.508453
v -1302.594604 1075.913086 177.877350
v -1303.048340 1074.363037 179.064728
v -1303.770996 1072.764282 180.034470
v -1304.740845 1071.165649 180.757156
v -1305.928101 1069.615601 181.210800
v -1307.296997 1068.161255 181.381607
v -1308.805908 1066.846558 181.264435
v -1310.408813 1065.711914 180.862778
v -1312.057129 1064.791382 180.188889
v -1313.700806 1064.113281 179.263229
v -1315.289795 1063.697876 178.113937
v -1324.559204 1071.200439 184.559158
v -1325.904419 1071.347534 183.080307
v -1327.075195 1071.783936 181.512802
v -1328.036011 1072.496704 179.904297
v -1328.757568 1073.463867 178.303635
v -1329.218018 1074.656372 176.759460
v -1329.403320 1076.037598 175.318710
v -1329.307739 1077.566040 174.025116
v -1328.934448 1079.195068 172.918030
v -1328.294556 1080.874878 172.031082
v -1327.407593 1082.554810 171.391205
v -1326.300537 1084.183838 171.017853
v -1325.006958 1085.712036 170.922348
v -1323.566162 1087.093506 171.107635
v -1322.021973 1088.285889 171.568039
v -1320.421387 1089.253174 172.289597
v -1318.812866 1089.965942 173.250381
v -1317.245361 1090.402344 174.421188
v -1315.766479 1090.549316 175.766464
v -1314.421143 1090.402344 177.245316
v -1313.250366 1089.965942 178.812820
v -1312.289551 1089.253174 180.421326
v -1311.567993 1088.285889 182.021988
v -1311.107666 1087.093506 183.566162
v -1310.922363 1085.712036 185.006912
v -1311.017822 1084.183838 186.300507
v -1311.391235 1082.554810 187.407578
v -1312.031006 1080.874878 188.294540
v -1312.918091 1079.195068 188.934418
v -1314.025146 1077.566040 189.307785
v -1315.318726 1076.037598 189.403259
v -1316.759521 1074.656372 189.217987
v -1318.303589 1073.463867 188.757584
v -1319.904297 1072.496704 188.036026
v -1321.512817 1071.783936 187.075241
v -1323.080322 1071.347534 185.904434
v -1332.708130 1078.038208 192.708084
v -1334.060913 1078.191528 191.236816
v -1335.254272 1078.646851 189.691849
v -1336.251831 1079.390381 188.120117
v -1337.023315 1080.399658 186.569366
v -1337.545288 1081.643677 185.086716
v -1337.801758 1083.084839 183.717239
v -1337.785156 1084.679321 182.502533
v -1337.495972 1086.378784 181.479492
v -1336.942627 1088.131592 180.679230
v -1336.142456 1089.884155 180.126038
v -1335.119385 1091.583618 179.836746
v -1333.904785 1093.178101 179.820114
v -1332.535156 1094.619385 180.076675
v -1331.052490 1095.863403 180.598618
v -1329.501831 1096.872559 181.370102
v -1327.930054 1097.616089 182.367645
v -1326.385132 1098.071411 183.560989
v -1324.913818 1098.224731 184.913849
v -1323.560913 1098.071411 186.385117
v -1322.367676 1097.616089 187.930084
v -1321.370117 1096.872559 189.501816
v -1320.598633 1095.863403 191.052567
v -1320.076660 1094.619385 192.535202
v -1319.820190 1093.178101 193.904678
v -1319.836792 1091.583618 195.119400
v -1320.126099 1089.884155 196.142426
v -1320.679199 1088.131592 196.942688
v -1321.479614 1086.378784 197.495880
v -1322.502441 1084.679321 197.785187
v -1323.717285 1083.084839 197.801819
v -1325.086670 1081.643677 197.545242
v -1326.569336 1080.399658 197.023300
v -1328.120117 1079.390381 196.251846
v -1329.691895 1078.646851 195.254288
v -1331.236816 1078.191528 194.060944
v -1341.181152 1084.036377 201.181168
v -1342.541992 1084.195312 199.717789
v -1343.758667 1084.667236 198.196243
v -1344.794556 1085.437744 196.662735
v -1345.617920 1086.483765 195.163895
v -1346.203857 1087.773071 193.745224
v -1346.534546 1089.266724 192.449875
v -1346.599854 1090.919312 191.317169
v -1346.397827 1092.680542 190.381546
v -1345.934814 1094.497070 189.671417
v -1345.224731 1096.313599 189.208359
v -1344.289062 1098.074951 189.006454
v -1343.156372 1099.727539 189.071838
v -1341.860962 1101.221191 189.402512
v -1340.442383 1102.510620 189.988434
v -1338.943481 1103.556396 190.811798
v -1337.409912 1104.326904 191.847595
v -1335.888550 1104.798950 193.064346
v -1334.425049 1104.957764 194.425095
v -1333.064331 1104.798950 195.888474
v -1331.847534 1104.326904 197.410034
v -1330.811890 1103.556396 198.943527
v -1329.988525 1102.510620 200.442368
v -1329.402466 1101.221191 201.861038
v -1329.071899 1099.727539 203.156403
v -1329.006470 1098.074951 204.289093
v -1329.208374 1096.313599 205.224731
v -1329.671387 1094.497070 205.934860
v -1330.381470 1092.680542 206.397903
v -1331.317139 1090.919312 206.599823
v -1332.449951 1089.266724 206.534424
v -1333.745239 1087.773071 206.203766
v -1335.163818 1086.483765 205.617844
v -1336.662720 1085.437744 204.794464
v -1338.196289 1084.667236 203.758667
v -1339.717773 1084.195312 202.541916
v -1349.935303 1089.164429 209.935242
v -1351.304199 1089.328003 208.480011
v -1352.545166 1089.814209 206.982651
v -1353.620361 1090.607910 205.488663
v -1354.497437 1091.685181 204.043427
v -1355.149414 1093.013306 202.690887
v -1355.556641 1094.551758 201.472092
v -1355.706787 1096.254028 200.424118
v -1355.595093 1098.068237 199.578781
v -1355.225220 1099.939209 198.961777
v -1354.608154 1101.810303 198.591843
v -1353.762817 1103.624512 198.480255
v -1352.714844 1105.326782 198.630341
v -1351.496094 1106.865234 199.037598
v -1350.143555 1108.193359 199.689621
v -1348.698364 1109.270630 200.566620
v -1347.204346 1110.064331 201.641922
v -1345.706909 1110.550537 202.882874
v -1344.251709 1110.714233 204.251755
v -1342.882812 1110.550537 205.706985
v -1341.641846 1110.064331 207.204346
v -1340.566650 1109.270630 208.698349
v -1339.689575 1108.193359 210.143570
v -1339.037598 1106.865234 211.496124
v -1338.630371 1105.326782 212.714905
v -1338.480225 1103.624512 213.762894
v -1338.591797 1101.810303 214.608215
v -1338.961670 1099.939209 215.225235
v -1339.578735 1098.068237 215.595154
v -1340.424072 1096.254028 215.706772
v -1341.472168 1094.551758 215.556671
v -1342.690796 1093.013306 215.149399
v -1344.043457 1091.685181 214.497391
v -1345.488647 1090.607910 213.620392
v -1346.982544 1089.814209 212.545074
v -1348.479980 1089.328003 211.304138
v -1358.925659 1093.396118 218.925705
v -1360.302979 1093.563843 217.478836
v -1361.568848 1094.061646 216.006317
v -1362.684570 1094.874390 214.552902
v -1363.616699 1095.977661 213.162735
v -1364.336670 1097.337646 211.878082
v -1364.822510 1098.913208 210.737930
v -1365.059570 1100.656372 209.776962
v -1365.040771 1102.514282 209.024368
v -1364.766479 1104.430298 208.502991
v -1364.245117 1106.346313 208.228729
v -1363.492432 1108.204224 208.209839
v -1362.531494 1109.947266 208.446960
v -1361.391479 1111.522949 208.932861
v -1360.106689 1112.882935 209.652771
v -1358.716553 1113.986084 210.584824
v -1357.263062 1114.799072 211.700714
v -1355.790649 1115.296875 212.966507
v -1354.343750 1115.464478 214.343750
v -1352.966553 1115.296875 215.790619
v -1351.700684 1114.799072 217.263138
v -1350.584839 1113.986084 218.716553
v -1349.652710 1112.882935 220.106720
v -1348.932861 1111.522949 221.391373
v -1348.447021 1109.947266 222.531525
v -1348.209839 1108.204224 223.492493
v -1348.228638 1106.346313 224.245102
v -1348.503052 1104.430298 224.766464
v -1349.024414 1102.514282 225.040741
v -1349.776978 1100.656372 225.059616
v -1350.737915 1098.913208 224.822495
v -1351.878052 1097.337646 224.336609
v -1353.162720 1095.977661 223.616684
v -1354.552856 1094.874390 222.684631
v -1356.006226 1094.061646 221.568741
v -1357.478882 1093.563843 220.302948
v -1368.106689 1096.710083 228.106705
v -1369.492554 1096.880737 226.668381
v -1370.783691 1097.387817 225.221268
v -1371.940918 1098.215576 223.809265
v -1372.929321 1099.338989 222.475342
v -1373.718506 1100.724121 221.259995
v -1374.284790 1102.328613 220.200165
v -1374.610718 1104.103882 219.328064
v -1374.686523 1105.995850 218.670166
v -1374.509888 1107.947266 218.246460
v -1374.086304 1109.898560 218.069855
v -1373.428345 1111.790649 218.145676
v -1372.556152 1113.565796 218.471649
v -1371.496460 1115.170410 219.037842
v -1370.281006 1116.555420 219.827087
v -1368.947144 1117.678955 220.815369
v -1367.535156 1118.506836 221.972687
v -1366.088013 1119.013672 223.263870
v -1364.649658 1119.184448 224.649673
v -1363.263794 1119.013672 226.087982
v -1361.972656 1118.506836 227.535126
v -1360.815430 1117.678955 228.947098
v -1359.827026 1116.555420 230.281036
v -1359.037842 1115.170410 231.496384
v -1358.471680 1113.565796 232.556213
v -1358.145752 1111.790649 233.428329
v -1358.069946 1109.898560 234.086227
v -1358.246460 1107.947266 234.509918
v -1358.670166 1105.995850 234.686539
v -1359.328003 1104.103882 234.610703
v -1360.200195 1102.328613 234.284729
v -1361.260010 1100.724121 233.718536
v -1362.475342 1099.338989 232.929291
v -1363.809204 1098.215576 231.940994
v -1365.221313 1097.387817 230.783691
v -1366.668335 1096.880737 229.492508
v -1377.431519 1099.089233 237.431519
v -1378.826050 1099.262207 236.001862
v -1380.142944 1099.775757 234.580505
v -1381.342285 1100.614258 233.210587
v -1382.387817 1101.752441 231.933792
v -1383.247314 1103.155518 230.788864
v -1383.895142 1104.780762 229.810593
v -1384.311279 1106.579102 229.028717
v -1384.483398 1108.495605 228.466995
v -1384.406006 1110.472168 228.142517
v -1384.081543 1112.448975 228.065094
v -1383.519775 1114.365479 228.237106
v -1382.737915 1116.163696 228.653320
v -1381.759644 1117.789062 229.301102
v -1380.614624 1119.192139 230.160736
v -1379.337891 1120.330200 231.206146
v -1377.967896 1121.168701 232.405548
v -1376.546631 1121.682251 233.722488
v -1375.116943 1121.855103 235.116974
v -1373.722534 1121.682251 236.546616
v -1372.405518 1121.168701 237.967987
v -1371.206177 1120.330200 239.337875
v -1370.160645 1119.192139 240.614700
v -1369.301025 1117.789062 241.759628
v -1368.653320 1116.163696 242.737885
v -1368.237183 1114.365479 243.519760
v -1368.065063 1112.448975 244.081467
v -1368.142456 1110.472168 244.405975
v -1368.466919 1108.495605 244.483383
v -1369.028687 1106.579102 244.311371
v -1369.810547 1104.780762 243.895157
v -1370.788818 1103.155518 243.247375
v -1371.933838 1101.752441 242.387726
v -1373.210571 1100.614258 241.342316
v -1374.580444 1099.775757 240.142929
v -1376.001831 1099.262207 238.825974
v -1386.852539 1100.521729 246.852554
v -1388.255859 1100.695923 245.431671
v -1389.598755 1101.213501 244.036362
v -1390.840698 1102.058472 242.708969
v -1391.943848 1103.205322 241.489853
v -1392.874634 1104.619141 240.416061
v -1393.604736 1106.257080 239.520218
v -1394.112183 1108.069214 238.829529
v -1394.381348 1110.000488 238.364990
v -1394.404175 1111.992310 238.140717
v -1394.179932 1113.984253 238.163513
v -1393.715332 1115.915649 238.432709
v -1393.024658 1117.727783 238.940109
v -1392.128784 1119.365723 239.670288
v -1391.054932 1120.779541 240.601074
v -1389.835938 1121.926270 241.704193
v -1388.508545 1122.771362 242.946106
v -1387.113159 1123.288818 244.289078
v -1385.692383 1123.463135 245.692322
v -1384.289185 1123.288818 247.113220
v -1382.946167 1122.771362 248.508530
v -1381.704224 1121.926270 249.835922
v -1380.601074 1120.779541 251.055038
v -1379.670288 1119.365723 252.128815
v -1378.940063 1117.727783 253.024673
v -1378.432739 1115.915649 253.715363
v -1378.163574 1113.984253 254.179901
v -1378.140747 1111.992310 254.404190
v -1378.364990 1110.000488 254.381363
v -1378.829468 1108.069214 254.112183
v -1379.520142 1106.257080 253.604767
v -1380.416016 1104.619141 252.874619
v -1381.489868 1103.205322 251.943802
v -1382.708984 1102.058472 250.840698
v -1384.036255 1101.213501 249.598785
v -1385.431641 1100.695923 248.255798
v -1401.625122 1112.500000 251.018555
v -1401.544556 1113.802368 251.099136
v -1401.305298 1115.065063 251.338394
v -1400.914673 1116.250000 251.729065
v -1400.384399 1117.320923 252.259277
v -1399.730835 1118.245361 252.912964
v -1398.973511 1118.995239 253.670212
v -1398.135620 1119.547729 254.508026
v -1397.242798 1119.885986 255.400955
v -1396.321899 1120.000000 256.321838
v -1395.401001 1119.885986 257.242767
v -1394.508057 1119.547729 258.135712
v -1393.670166 1118.995239 258.973511
v -1392.912964 1118.245361 259.730743
v -1392.259277 1117.320923 260.384399
v -1391.729126 1116.250000 260.914642
v -1391.338379 1115.065063 261.305328
v -1391.099121 1113.802368 261.544586
v -1391.018555 1112.500000 261.625183
v -1391.099121 1111.197632 261.544586
v -1391.338379 1109.934814 261.305328
v -1391.729126 1108.750000 260.914642
v -1392.259277 1107.679077 260.384399
v -1392.912964 1106.754639 259.730743
v -1393.670166 1106.004883 258.973511
v -1394.508057 1105.452271 258.135712
v -1395.401001 1105.114014 257.242767
v -1396.321899 1105.000000 256.321838
v -1397.242798 1105.114014 255.400955
v -1398.135620 1105.452271 254.508026
v -1398.973511 1106.004883 253.670212
v -1399.730835 1106.754639 252.912964
v -1400.384399 1107.679077 252.259277
v -1400.914673 1108.750000 251.729065
v -1401.305298 1109.934814 251.338394
v -1401.544556 1111.197632 251.099136
v -1254.800049 913.282410 107.982292
v -1253.512573 913.282410 108.209312
v -1254.151367 913.282410 108.067688
v -1252.284180 913.282410 108.656441
v -1252.888550 913.282410 108.406059
v -1251.151978 913.282410 109.310112
v -1251.703735 913.282410 108.958565
v -1250.150391 913.282410 110.150452
v -1250.632935 913.282410 109.708420
v -1249.310181 913.282410 111.151924
v -1249.708374 913.282410 110.632843
v -1248.656372 913.282410 112.284119
v -1248.958618 913.282410 111.703751
v -1248.209351 913.282410 113.512611
v -1248.406006 913.282410 112.888603
v -1247.982300 913.282410 114.800079
v -1248.067749 913.282410 114.151390
v -1247.982300 913.282410 116.107422
v -1247.953735 913.282410 115.453751
v -1248.209351 913.282410 117.394897
v -1248.067749 913.282410 116.756111
v -1248.656372 913.282410 118.623390
v -1248.406006 913.282410 118.018906
v -1249.310181 913.282410 119.755577
v -1248.958618 913.282410 119.203751
v -1250.150391 913.282410 120.757050
v -1249.708374 913.282410 120.274658
v -1251.151978 913.282410 121.597397
v -1250.632935 913.282410 121.199089
v -1252.284180 913.282410 122.251060
v -1251.703735 913.282410 121.948944
v -1253.512573 913.282410 122.698196
v -1252.888550 913.282410 122.501450
v -1254.800049 913.282410 122.925217
v -1254.151367 913.282410 122.839806
v -1256.107422 913.282410 122.925217
v -1255.453735 913.282410 122.953751
v -1257.394897 913.282410 122.698196
v -1256.756104 913.282410 122.839806
v -1258.623413 913.282410 122.251060
v -1258.018799 913.282410 122.501450
v -1259.755615 913.282410 121.597397
v -1259.203735 913.282410 121.948944
v -1260.757080 913.282410 120.757050
v -1260.274658 913.282410 121.199089
v -1261.597412 913.282410 119.755577
v -1261.199097 913.282410 120.274658
v -1262.250977 913.282410 118.623390
v -1261.948975 913.282410 119.203751
v -1262.698120 913.282410 117.394897
v -1262.501465 913.282410 118.018906
v -1262.925293 913.282410 116.107422
v -1262.839844 913.282410 116.756111
v -1262.925293 913.282410 114.800079
v -1262.953735 913.282410 115.453751
v -1262.698120 913.282410 113.512611
v -1262.839844 913.282410 114.151390
v -1262.250977 913.282410 112.284119
v -1262.501465 913.282410 112.888603
v -1261.597412 913.282410 111.151924
v -1261.948975 913.282410 111.703751
v -1259.755615 913.282410 109.310112
v -1260.274658 913.282410 109.708420
v -1260.757080 913.282410 110.150452
v -1261.199097 913.282410 110.632843
v -1258.623413 913.282410 108.656441
v -1259.203735 913.282410 108.958565
v -1257.394897 913.282410 108.209312
v -1258.018799 913.282410 108.406059
v -1255.453735 913.282410 107.953751
v -1256.107422 913.282410 107.982292
v -1256.756104 913.282410 108.067688
v -1258.969604 926.991638 122.597275
v -1260.101196 926.967529 121.943001
v -1257.742188 927.031067 123.045410
v -1256.456055 927.084595 123.273773
v -1255.150269 927.150513 123.275444
v -1253.864746 927.226929 123.050354
v -1252.638428 927.311401 122.605354
v -1251.508423 927.401550 121.953964
v -1250.509399 927.494385 121.115967
v -1249.671387 927.587341 120.116837
v -1249.020020 927.677429 118.986923
v -1248.574951 927.761963 117.760567
v -1248.349854 927.838318 116.475021
v -1248.351562 927.904297 115.169357
v -1248.579956 927.957764 113.883224
v -1249.028076 927.997253 112.655731
v -1249.682251 928.021362 111.524147
v -1250.522827 928.029480 110.522881
v -1251.524170 928.021362 109.682335
v -1252.655762 927.997253 109.028053
v -1253.883301 927.957764 108.579926
v -1255.169434 927.904297 108.351555
v -1256.474976 927.838318 108.349892
v -1257.760498 927.761963 108.574982
v -1258.986938 927.677429 109.019981
v -1260.116821 927.587341 109.671379
v -1261.115967 927.494385 110.509369
v -1261.953979 927.401550 111.508499
v -1262.605347 927.311401 112.638405
v -1263.050293 927.226929 113.864769
v -1263.275391 927.150513 115.150314
v -1263.273804 927.084595 116.455986
v -1263.045410 927.031067 117.742104
v -1262.597290 926.991638 118.969604
v -1261.942993 926.967529 120.101181
v -1261.102417 926.959412 121.102463
v -1262.136963 940.566650 122.136909
v -1262.978027 940.582886 121.136246
v -1263.634155 940.631042 120.006500
v -1264.085327 940.709656 118.781982
v -1264.317749 940.816406 117.499901
v -1264.324341 940.947937 116.199219
v -1264.105103 941.100342 114.919456
v -1263.666382 941.268982 113.699486
v -1263.021851 941.448669 112.576385
v -1262.190918 941.634033 111.584282
v -1261.198730 941.819397 110.753319
v -1260.075684 941.999084 110.108742
v -1258.855713 942.167725 109.670135
v -1257.575928 942.320129 109.450821
v -1256.275269 942.451660 109.457481
v -1254.993164 942.558411 109.689888
v -1253.768677 942.637024 110.140999
v -1252.638916 942.685181 110.797104
v -1251.638306 942.701416 111.638260
v -1250.797119 942.685181 112.638924
v -1250.140991 942.637024 113.768677
v -1249.689941 942.558411 114.993195
v -1249.457520 942.451660 116.275269
v -1249.450806 942.320129 117.575951
v -1249.670166 942.167725 118.855721
v -1250.108765 941.999084 120.075691
v -1250.753296 941.819397 121.198784
v -1251.584351 941.634033 122.190887
v -1252.576294 941.448669 123.021858
v -1253.699585 941.268982 123.666435
v -1254.919434 941.100342 124.105042
v -1256.199219 940.947937 124.324348
v -1257.499878 940.816406 124.317696
v -1258.781982 940.709656 124.085281
v -1260.006592 940.631042 123.634171
v -1261.136353 940.582886 122.978065
v -1263.855103 954.034912 123.855133
v -1264.697266 954.059143 122.855499
v -1265.356445 954.131042 121.728775
v -1265.812500 954.248474 120.509216
v -1266.051636 954.407898 119.233856
v -1266.066528 954.604370 117.941460
v -1265.856812 954.832031 116.671288
v -1265.428955 955.083923 115.461937
v -1264.795654 955.352295 114.350159
v -1263.976318 955.629150 113.369728
v -1262.995972 955.905945 112.550438
v -1261.884033 956.174438 111.917175
v -1260.674683 956.426270 111.489182
v -1259.404663 956.653870 111.279472
v -1258.112183 956.850403 111.294411
v -1256.836914 957.009766 111.533546
v -1255.617310 957.127258 111.989609
v -1254.490601 957.199158 112.648750
v -1253.490967 957.223389 113.490921
v -1252.648682 957.199158 114.490562
v -1251.989624 957.127258 115.617279
v -1251.533447 957.009766 116.836845
v -1251.294434 956.850403 118.112206
v -1251.279419 956.653870 119.404602
v -1251.489136 956.426270 120.674774
v -1251.917114 956.174438 121.884117
v -1252.550537 955.905945 122.995895
v -1253.369629 955.629150 123.976326
v -1254.350220 955.352295 124.795624
v -1255.461914 955.083923 125.428886
v -1256.671265 954.832031 125.856873
v -1257.941528 954.604370 126.066582
v -1259.233887 954.407898 126.051651
v -1260.509277 954.248474 125.812515
v -1261.728760 954.131042 125.356453
v -1262.855469 954.059143 124.697311
v -1266.248291 967.295471 126.248375
v -1267.092041 967.327576 125.250160
v -1267.755371 967.422913 124.127670
v -1268.218262 967.578613 122.915001
v -1268.466797 967.789856 121.649002
v -1268.493286 968.050293 120.368149
v -1268.296997 968.351990 119.111343
v -1267.883789 968.685791 117.916794
v -1267.266235 969.041565 116.820778
v -1266.463135 969.408508 115.856606
v -1265.499023 969.775452 115.053566
v -1264.402954 970.131165 114.436066
v -1263.208496 970.465027 114.022865
v -1261.951660 970.766724 113.826523
v -1260.670776 971.027161 113.852997
v -1259.404785 971.238403 114.101501
v -1258.192139 971.394043 114.564453
v -1257.069580 971.489380 115.227821
v -1256.071411 971.521484 116.071419
v -1255.227783 971.489380 117.069633
v -1254.564453 971.394043 118.192131
v -1254.101562 971.238403 119.404800
v -1253.852905 971.027161 120.670792
v -1253.826538 970.766724 121.951653
v -1254.022827 970.465027 123.208458
v -1254.436035 970.131165 124.403008
v -1255.053467 969.775452 125.499023
v -1255.856689 969.408508 126.463203
v -1256.820801 969.041565 127.266243
v -1257.916748 968.685791 127.883736
v -1259.111450 968.351990 128.296921
v -1260.368164 968.050293 128.493286
v -1261.649048 967.789856 128.466797
v -1262.915039 967.578613 128.218307
v -1264.127563 967.422913 127.755341
v -1265.250244 967.327576 127.091988
v -1269.304443 980.280823 129.304459
v -1270.149780 980.320618 128.308060
v -1270.818604 980.438904 127.190948
v -1271.290405 980.632019 125.987099
v -1271.550903 980.894043 124.733047
v -1271.592041 981.217102 123.466927
v -1271.412720 981.591370 122.227188
v -1271.018555 982.005432 121.051529
v -1270.421143 982.446655 119.975639
v -1269.638794 982.901794 119.032227
v -1268.695312 983.356934 118.249947
v -1267.619507 983.798279 117.652580
v -1266.443848 984.212341 117.258263
v -1265.204102 984.586548 117.078995
v -1263.937988 984.909607 117.120216
v -1262.683960 985.171692 117.380653
v -1261.480103 985.364746 117.852425
v -1260.363037 985.482971 118.521179
v -1259.366577 985.522827 119.366600
v -1258.521240 985.482971 120.362999
v -1257.852417 985.364746 121.480103
v -1257.380615 985.171692 122.683960
v -1257.120239 984.909607 123.938004
v -1257.078979 984.586548 125.204132
v -1257.258301 984.212341 126.443848
v -1257.652466 983.798279 127.619522
v -1258.250000 983.356934 128.695419
v -1259.032227 982.901794 129.638824
v -1259.975708 982.446655 130.421097
v -1261.051514 982.005432 131.018478
v -1262.227173 981.591370 131.412781
v -1263.466919 981.217102 131.592056
v -1264.733032 980.894043 131.550827
v -1265.987061 980.632019 131.290390
v -1267.190918 980.438904 130.818619
v -1268.307983 980.320618 130.149872
v -1273.007690 992.924744 133.007782
v -1273.855469 992.972107 132.013580
v -1274.530640 993.112671 130.903000
v -1275.013062 993.342163 129.709824
v -1275.288086 993.653687 128.470261
v -1275.347168 994.037659 127.222000
v -1275.188599 994.482605 126.002953
v -1274.817139 994.974792 124.850166
v -1274.244141 995.499390 123.798676
v -1273.486938 996.040405 122.880424
v -1272.568848 996.581421 122.123299
v -1271.517334 997.106018 121.550331
v -1270.364502 997.598145 121.178902
v -1269.145508 998.043091 121.020317
v -1267.897095 998.427063 121.079384
v -1266.657593 998.738586 121.354317
v -1265.464478 998.968140 121.836761
v -1264.353882 999.108643 122.512047
v -1263.359619 999.156006 123.359673
v -1262.512085 999.108643 124.353867
v -1261.836792 998.968140 125.464424
v -1261.354370 998.738586 126.657623
v -1261.079468 998.427063 127.897171
v -1261.020264 998.043091 129.145447
v -1261.178833 997.598145 130.364487
v -1261.550293 997.106018 131.517273
v -1262.123291 996.581421 132.568756
v -1262.880493 996.040405 133.487015
v -1263.798706 995.499390 134.244141
v -1264.850098 994.974792 134.817123
v -1266.003052 994.482605 135.188538
v -1267.222046 994.037659 135.347122
v -1268.470337 993.653687 135.288055
v -1269.709839 993.342163 135.013123
v -1270.902954 993.112671 134.530685
v -1272.013550 992.972107 133.855392
v -1277.339478 1005.162842 137.339478
v -1278.189697 1005.217407 136.347855
v -1278.872559 1005.379700 135.244934
v -1279.367554 1005.644470 134.064224
v -1279.659424 1006.003723 132.841614
v -1279.739380 1006.446838 131.614243
v -1279.604980 1006.960022 130.419388
v -1279.260254 1007.527954 129.293365
v -1278.715820 1008.133057 128.270416
v -1277.988159 1008.757263 127.381577
v -1277.099365 1009.381409 126.653893
v -1276.076416 1009.986633 126.109436
v -1274.950439 1010.554443 125.764786
v -1273.755493 1011.067627 125.630394
v -1272.528198 1011.510742 125.710350
v -1271.305542 1011.870056 126.002235
v -1270.124756 1012.134766 126.497147
v -1269.021851 1012.297058 127.180084
v -1268.030273 1012.351624 128.030289
v -1267.180054 1012.297058 129.021912
v -1266.497192 1012.134766 130.124817
v -1266.002197 1011.870056 131.305527
v -1265.710327 1011.510742 132.528152
v -1265.630371 1011.067627 133.755539
v -1265.764893 1010.554443 134.950363
v -1266.109497 1009.986633 136.076385
v -1266.653931 1009.381409 137.099350
v -1267.381592 1008.757263 137.988174
v -1268.270386 1008.133057 138.715881
v -1269.293457 1007.527954 139.260315
v -1270.419312 1006.960022 139.604965
v -1271.614136 1006.446838 139.739365
v -1272.841553 1006.003723 139.659409
v -1274.064209 1005.644470 139.367538
v -1275.244995 1005.379700 138.872604
v -1276.347900 1005.217407 138.189667
v -1282.277466 1016.932739 142.277496
v -1283.130615 1016.994385 141.288803
v -1283.822266 1017.177368 140.194595
v -1284.331421 1017.475952 139.028122
v -1284.642578 1017.881409 137.824814
v -1284.746460 1018.381226 136.621246
v -1284.639648 1018.960144 135.453979
v -1284.325439 1019.600769 134.358490
v -1283.813477 1020.283447 133.368042
v -1283.119263 1020.987610 132.512756
v -1282.264160 1021.691650 131.818619
v -1281.273560 1022.374390 131.306686
v -1280.178223 1023.015015 130.992569
v -1279.010864 1023.593872 130.885757
v -1277.807373 1024.093750 130.989517
v -1276.604004 1024.499146 131.300720
v -1275.437622 1024.797852 131.809860
v -1274.343384 1024.980835 132.501511
v -1273.354614 1025.042358 133.354645
v -1272.501465 1024.980835 134.343338
v -1271.809814 1024.797852 135.437531
v -1271.300659 1024.499146 136.604004
v -1270.989502 1024.093750 137.807312
v -1270.885742 1023.593872 139.010895
v -1270.992554 1023.015015 140.178146
v -1271.306763 1022.374390 141.273651
v -1271.818604 1021.691650 142.264084
v -1272.512817 1020.987610 143.119370
v -1273.368042 1020.283447 143.813522
v -1274.358521 1019.600769 144.325439
v -1275.453979 1018.960144 144.639572
v -1276.621216 1018.381226 144.746384
v -1277.824707 1017.881409 144.642609
v -1279.028198 1017.475952 144.331421
v -1280.194580 1017.177368 143.822266
v -1281.288696 1016.994385 143.130615
v -1287.796631 1028.174561 147.796646
v -1288.653076 1028.242676 146.811234
v -1289.354492 1028.445435 145.726776
v -1289.879517 1028.776611 144.576202
v -1290.212280 1029.226074 143.394485
v -1290.342651 1029.780029 142.217529
v -1290.266602 1030.421753 141.081100
v -1289.986572 1031.131836 140.019714
v -1289.511108 1031.888550 139.065628
v -1288.854492 1032.669067 138.247833
v -1288.036621 1033.449585 137.591171
v -1287.082520 1034.206299 137.115616
v -1286.021118 1034.916382 136.835571
v -1284.884644 1035.558105 136.759613
v -1283.707764 1036.112061 136.889984
v -1282.526001 1036.561523 137.222748
v -1281.375488 1036.892578 137.747818
v -1280.291138 1037.095337 138.449203
v -1279.305542 1037.163574 139.305618
v -1278.449219 1037.095337 140.291016
v -1277.747925 1036.892578 141.375504
v -1277.222778 1036.561523 142.526062
v -1276.890015 1036.112061 143.707779
v -1276.759644 1035.558105 144.884735
v -1276.835571 1034.916382 146.021179
v -1277.115601 1034.206299 147.082550
v -1277.591187 1033.449585 148.036636
v -1278.247803 1032.669067 148.854431
v -1279.065552 1031.888550 149.511078
v -1280.019775 1031.131836 149.986649
v -1281.081055 1030.421753 150.266678
v -1282.217529 1029.780029 150.342651
v -1283.394409 1029.226074 150.212280
v -1284.576172 1028.776611 149.879501
v -1285.726807 1028.445435 149.354446
v -1286.811279 1028.242676 148.653046
v -1293.868774 1038.830811 153.868805
v -1294.728882 1038.905396 152.887024
v -1295.440918 1039.126831 151.813263
v -1295.983521 1039.488770 150.680206
v -1296.339966 1039.979858 149.522232
v -1296.499756 1040.585205 148.374557
v -1296.457642 1041.286499 147.272034
v -1296.215210 1042.062378 146.248184
v -1295.779541 1042.889404 145.334091
v -1295.164062 1043.742188 144.557556
v -1294.387573 1044.594971 143.942139
v -1293.473511 1045.421997 143.506577
v -1292.449707 1046.197876 143.264069
v -1291.347168 1046.899170 143.222015
v -1290.199463 1047.504517 143.381668
v -1289.041504 1047.995728 143.738190
v -1287.908447 1048.357544 144.280762
v -1286.834717 1048.578979 144.992859
v -1285.852905 1048.653564 145.852875
v -1284.992798 1048.578979 146.834671
v -1284.280762 1048.357544 147.908417
v -1283.738159 1047.995728 149.041504
v -1283.381714 1047.504517 150.199463
v -1283.221924 1046.899170 151.347153
v -1283.264038 1046.197876 152.449646
v -1283.506470 1045.421997 153.473511
v -1283.942139 1044.594971 154.387604
v -1284.557617 1043.742188 155.164154
v -1285.334106 1042.889404 155.779556
v -1286.248169 1042.062378 156.215134
v -1287.272095 1041.286499 156.457611
v -1288.374512 1040.585205 156.499680
v -1289.522339 1039.979858 156.340012
v -1290.680176 1039.488770 155.983490
v -1291.813232 1039.126831 155.440948
v -1292.886963 1038.905396 154.728836
v -1300.463135 1048.847168 160.463058
v -1301.327026 1048.927734 159.485184
v -1302.050659 1049.166992 158.423080
v -1302.612305 1049.557739 157.309006
v -1302.994629 1050.087891 156.176834
v -1303.186035 1050.741699 155.060959
v -1303.180786 1051.498901 153.995270
v -1302.979126 1052.336670 153.012177
v -1302.587036 1053.229614 152.141510
v -1302.016357 1054.150513 151.409760
v -1301.284668 1055.071533 150.839157
v -1300.413940 1055.964355 150.447006
v -1299.430908 1056.802124 150.245285
v -1298.365234 1057.559326 150.240051
v -1297.249268 1058.213135 150.431503
v -1296.117065 1058.743408 150.813812
v -1295.003052 1059.134033 151.375381
v -1293.940918 1059.373291 152.099136
v -1292.963013 1059.453857 152.963074
v -1292.099121 1059.373291 153.940948
v -1291.375366 1059.134033 155.003052
v -1290.813843 1058.743408 156.117126
v -1290.431519 1058.213135 157.249298
v -1290.239990 1057.559326 158.365173
v -1290.245239 1056.802124 159.430862
v -1290.447021 1055.964355 160.413971
v -1290.839233 1055.071533 161.284607
v -1291.409790 1054.150513 162.016357
v -1292.141602 1053.229614 162.586975
v -1293.012085 1052.336670 162.979111
v -1293.995239 1051.498901 163.180862
v -1295.061035 1050.741699 163.186081
v -1296.176758 1050.087891 162.994629
v -1297.309082 1049.557739 162.612320
v -1298.423096 1049.166992 162.050751
v -1299.485229 1048.927734 161.327011
v -1307.545776 1058.172974 167.545792
v -1308.413940 1058.259033 166.572128
v -1309.150269 1058.514771 165.522522
v -1309.732178 1058.932251 164.428864
v -1310.142212 1059.499023 163.324387
v -1310.367798 1060.197632 162.242645
v -1310.402100 1061.006958 161.216537
v -1310.244263 1061.902344 160.277206
v -1309.898560 1062.856812 159.453201
v -1309.376099 1063.840942 158.769562
v -1308.692627 1064.825317 158.247070
v -1307.868530 1065.779663 157.901581
v -1306.929199 1066.675049 157.743622
v -1305.903076 1067.484375 157.777954
v -1304.821411 1068.183105 158.003555
v -1303.716919 1068.749756 158.413574
v -1302.623291 1069.167236 158.995560
v -1301.573608 1069.423096 159.731796
v -1300.599976 1069.509155 160.599945
v -1299.731812 1069.423096 161.573624
v -1298.995483 1069.167236 162.623230
v -1298.413574 1068.749756 163.716888
v -1298.003540 1068.183105 164.821350
v -1297.777954 1067.484375 165.903076
v -1297.743530 1066.675049 166.929199
v -1297.901611 1065.779663 167.868530
v -1298.247070 1064.825317 168.692535
v -1298.769653 1063.840942 169.376160
v -1299.453247 1062.856812 169.898666
v -1300.277222 1061.902344 170.244156
v -1301.216431 1061.006958 170.402130
v -1302.242676 1060.197632 170.367783
v -1303.324341 1059.499023 170.142181
v -1304.428833 1058.932251 169.732147
v -1305.522583 1058.514771 169.150192
v -1306.572021 1058.259033 168.413940
v -1315.080933 1066.760254 175.080902
v -1315.953491 1066.851440 174.111710
v -1316.703125 1067.122314 173.075394
v -1317.306763 1067.564575 172.003464
v -1317.746338 1068.164917 170.928467
v -1318.008179 1068.905029 169.883057
v -1318.084595 1069.762207 168.899033
v -1317.973267 1070.710815 168.006271
v -1317.677368 1071.721680 167.231903
v -1317.206055 1072.764282 166.599457
v -1316.573608 1073.806885 166.128143
v -1315.799194 1074.817749 165.832275
v -1314.906494 1075.766357 165.720886
v -1313.922363 1076.623657 165.797302
v -1312.877075 1077.363770 166.059250
v -1311.802002 1077.963989 166.498734
v -1310.730103 1078.406372 167.102432
v -1309.693848 1078.677124 167.851974
v -1308.724609 1078.768433 168.724594
v -1307.852051 1078.677124 169.693802
v -1307.102417 1078.406372 170.730103
v -1306.498779 1077.963989 171.802048
v -1306.059204 1077.363770 172.877045
v -1305.797363 1076.623657 173.922440
v -1305.720947 1075.766357 174.906464
v -1305.832275 1074.817749 175.799240
v -1306.128174 1073.806885 176.573608
v -1306.599487 1072.764282 177.206055
v -1307.231934 1071.721680 177.677368
v -1308.006348 1070.710815 177.973206
v -1308.899048 1069.762207 178.084610
v -1309.883057 1068.905029 178.008179
v -1310.928467 1068.164917 177.746246
v -1312.003540 1067.564575 177.306763
v -1313.075439 1067.122314 176.703064
v -1314.111694 1066.851440 175.953522
v -1323.030029 1074.565552 183.029999
v -1323.907349 1074.661377 182.065536
v -1324.670898 1074.946045 181.043243
v -1325.297485 1075.410889 179.994217
v -1325.768066 1076.041626 178.950317
v -1326.068359 1076.819336 177.943237
v -1326.189209 1077.720215 177.003601
v -1326.126953 1078.717041 176.159973
v -1325.883423 1079.779297 175.437958
v -1325.466187 1080.874878 174.859512
v -1324.887573 1081.970581 174.442200
v -1324.165649 1083.032837 174.198700
v -1323.322021 1084.029541 174.136429
v -1322.382324 1084.930542 174.257263
v -1321.375366 1085.708130 174.557526
v -1320.331421 1086.338989 175.028122
v -1319.282471 1086.803833 175.654709
v -1318.260132 1087.088501 176.418274
v -1317.295654 1087.184326 177.295624
v -1316.418335 1087.088501 178.260101
v -1315.654785 1086.803833 179.282379
v -1315.028076 1086.338989 180.331406
v -1314.557495 1085.708130 181.375320
v -1314.257324 1084.930542 182.382385
v -1314.136353 1084.029541 183.322006
v -1314.198730 1083.032837 184.165649
v -1314.442139 1081.970581 184.887665
v -1314.859497 1080.874878 185.466110
v -1315.437866 1079.779297 185.883423
v -1316.159912 1078.717041 186.126923
v -1317.003662 1077.720215 186.189194
v -1317.943237 1076.819336 186.068375
v -1318.950317 1076.041626 185.768097
v -1319.994263 1075.410889 185.297516
v -1321.043213 1074.946045 184.670914
v -1322.065430 1074.661377 183.907349
v -1331.352539 1081.548950 191.352554
v -1332.234863 1081.648926 190.393051
v -1333.013184 1081.945923 189.385437
v -1333.663696 1082.430786 188.360413
v -1334.166870 1083.088989 187.349045
v -1334.507202 1083.900391 186.382111
v -1334.674561 1084.840210 185.488968
v -1334.663696 1085.880127 184.696762
v -1334.475098 1086.988403 184.029572
v -1334.114258 1088.131592 183.507660
v -1333.592285 1089.274536 183.146881
v -1332.925171 1090.382935 182.958221
v -1332.132935 1091.422852 182.947372
v -1331.239868 1092.362793 183.114685
v -1330.272949 1093.174072 183.455078
v -1329.261597 1093.832275 183.958221
v -1328.236450 1094.317139 184.608795
v -1327.228882 1094.614136 185.387054
v -1326.269409 1094.713989 186.269363
v -1325.387085 1094.614136 187.228882
v -1324.608765 1094.317139 188.236481
v -1323.958252 1093.832275 189.261520
v -1323.455078 1093.174072 190.272888
v -1323.114624 1092.362793 191.239822
v -1322.947388 1091.422852 192.132950
v -1322.958252 1090.382935 192.925156
v -1323.146973 1089.274536 193.592361
v -1323.507690 1088.131592 194.114273
v -1324.029541 1086.988403 194.475037
v -1324.696777 1085.880127 194.663712
v -1325.488892 1084.840210 194.674545
v -1326.382202 1083.900391 194.507248
v -1327.349121 1083.088989 194.166840
v -1328.360474 1082.430786 193.663696
v -1329.385376 1081.945923 193.013123
v -1330.393066 1081.648926 192.234863
v -1340.006226 1087.674805 200.006195
v -1340.893677 1087.778564 199.051834
v -1341.687256 1088.086304 198.059509
v -1342.362671 1088.588867 197.059387
v -1342.899658 1089.270996 196.081894
v -1343.281738 1090.111816 195.156677
v -1343.497559 1091.086060 194.311874
v -1343.540039 1092.163818 193.573166
v -1343.408447 1093.312378 192.962967
v -1343.106445 1094.497070 192.499832
v -1342.643311 1095.681763 192.197845
v -1342.033203 1096.830444 192.066162
v -1341.294434 1097.908203 192.108810
v -1340.449585 1098.882324 192.324463
v -1339.524414 1099.723267 192.706589
v -1338.546875 1100.405396 193.243561
v -1337.546753 1100.907959 193.919098
v -1336.554443 1101.215698 194.712631
v -1335.599976 1101.319336 195.600067
v -1334.712646 1101.215698 196.554443
v -1333.919067 1100.907959 197.546768
v -1333.243652 1100.405396 198.546875
v -1332.706543 1099.723267 199.524368
v -1332.324463 1098.882324 200.449585
v -1332.108887 1097.908203 201.294388
v -1332.066162 1096.830444 202.033112
v -1332.197754 1095.681763 202.643311
v -1332.499878 1094.497070 203.106430
v -1332.963013 1093.312378 203.408417
v -1333.573120 1092.163818 203.540100
v -1334.311890 1091.086060 203.497467
v -1335.156738 1090.111816 203.281799
v -1336.081909 1089.270996 202.899673
v -1337.059326 1088.588867 202.362701
v -1338.059570 1088.086304 201.687180
v -1339.051880 1087.778564 200.893646
v -1348.946777 1092.912231 208.946808
v -1349.839600 1093.018921 207.997757
v -1350.648926 1093.335938 207.021210
v -1351.350220 1093.853638 206.046860
v -1351.922119 1094.556152 205.104324
v -1352.347412 1095.422363 204.222229
v -1352.612915 1096.425781 203.427353
v -1352.710815 1097.535889 202.743896
v -1352.638062 1098.718994 202.192596
v -1352.396851 1099.939209 201.790192
v -1351.994385 1101.159546 201.548950
v -1351.442993 1102.342773 201.476151
v -1350.759644 1103.452759 201.574051
v -1349.964722 1104.456177 201.839661
v -1349.082764 1105.322388 202.264893
v -1348.140137 1106.025024 202.836838
v -1347.165771 1106.542603 203.538116
v -1346.189209 1106.859741 204.347427
v -1345.240234 1106.966431 205.240189
v -1344.347534 1106.859741 206.189255
v -1343.538208 1106.542603 207.165787
v -1342.836914 1106.025024 208.140137
v -1342.264893 1105.322388 209.082672
v -1341.839722 1104.456177 209.964783
v -1341.574097 1103.452759 210.759644
v -1341.476196 1102.342773 211.443115
v -1341.548950 1101.159546 211.994415
v -1341.790161 1099.939209 212.396805
v -1342.192627 1098.718994 212.638062
v -1342.743896 1097.535889 212.710846
v -1343.427368 1096.425781 212.612961
v -1344.222168 1095.422363 212.347351
v -1345.104370 1094.556152 211.922119
v -1346.046875 1093.853638 211.350174
v -1347.021240 1093.335938 210.648880
v -1347.997803 1093.018921 209.839569
v -1358.128784 1097.234131 218.128845
v -1359.026978 1097.343506 217.185226
v -1359.852539 1097.668091 216.224899
v -1360.580322 1098.198120 215.277023
v -1361.188232 1098.917725 214.370392
v -1361.657715 1099.804688 213.532562
v -1361.974609 1100.832275 212.788986
v -1362.129150 1101.968994 212.162277
v -1362.116943 1103.180664 211.671448
v -1361.937988 1104.430298 211.331421
v -1361.598022 1105.679810 211.152557
v -1361.107178 1106.891479 211.140244
v -1360.480469 1108.028442 211.294876
v -1359.736938 1109.055908 211.611755
v -1358.899170 1109.942871 212.081268
v -1357.992432 1110.662354 212.689133
v -1357.044556 1111.192505 213.416885
v -1356.084229 1111.517212 214.242416
v -1355.140625 1111.626465 215.140610
v -1354.242432 1111.517212 216.084229
v -1353.416870 1111.192505 217.044556
v -1352.689087 1110.662354 217.992447
v -1352.081299 1109.942871 218.899078
v -1351.611694 1109.055908 219.736893
v -1351.294922 1108.028442 220.480469
v -1351.140259 1106.891479 221.107178
v -1351.152588 1105.679810 221.598007
v -1351.331421 1104.430298 221.938034
v -1351.671509 1103.180664 222.116913
v -1352.162231 1101.968994 222.129211
v -1352.789062 1100.832275 221.974579
v -1353.532593 1099.804688 221.657700
v -1354.370361 1098.917725 221.188187
v -1355.277100 1098.198120 220.580322
v -1356.224854 1097.668091 219.852570
v -1357.185303 1097.343506 219.027054
v -1367.505371 1100.618652 227.505493
v -1368.409302 1100.729980 226.567444
v -1369.251343 1101.060669 225.623672
v -1370.006104 1101.600586 224.702805
v -1370.650635 1102.333130 223.832855
v -1371.165405 1103.236572 223.040237
v -1371.534546 1104.282959 222.349045
v -1371.747314 1105.440796 221.780273
v -1371.796753 1106.674683 221.351212
v -1371.681396 1107.947266 221.074890
v -1371.405151 1109.219849 220.959702
v -1370.976074 1110.453735 221.009171
v -1370.407349 1111.611572 221.221741
v -1369.716187 1112.658081 221.591003
v -1368.923584 1113.561279 222.105743
v -1368.053589 1114.294067 222.750275
v -1367.132690 1114.833862 223.505035
v -1366.188843 1115.164551 224.347107
v -1365.250977 1115.275879 225.250900
v -1364.347046 1115.164551 226.188934
v -1363.505005 1114.833862 227.132706
v -1362.750244 1114.294067 228.053574
v -1362.105713 1113.561279 228.923523
v -1361.590942 1112.658081 229.716141
v -1361.221802 1111.611572 230.407333
v -1361.009155 1110.453735 230.976105
v -1360.959595 1109.219849 231.405167
v -1361.074951 1107.947266 231.681503
v -1361.351196 1106.674683 231.796677
v -1361.780273 1105.440796 231.747223
v -1362.348999 1104.282959 231.534637
v -1363.040161 1103.236572 231.165359
v -1363.832886 1102.333130 230.650650
v -1364.702881 1101.600586 230.006119
v -1365.623657 1101.060669 229.251343
v -1366.567505 1100.729980 228.409271
v -1377.028931 1103.048584 237.028976
v -1377.938354 1103.161377 236.096603
v -1378.797241 1103.496338 235.169617
v -1379.579590 1104.043091 234.276199
v -1380.261353 1104.785400 233.443497
v -1380.821899 1105.700317 232.696823
v -1381.244385 1106.760376 232.058807
v -1381.515869 1107.933105 231.548904
v -1381.628052 1109.183228 231.182556
v -1381.577515 1110.472168 230.970932
v -1381.365845 1111.761353 230.920456
v -1380.999512 1113.011230 231.032623
v -1380.489746 1114.184082 231.304077
v -1379.851685 1115.244019 231.726547
v -1379.104980 1116.159058 232.287186
v -1378.272339 1116.901245 232.968964
v -1377.378784 1117.448242 233.751175
v -1376.451904 1117.783203 234.610046
v -1375.519531 1117.895996 235.519501
v -1374.610107 1117.783203 236.451874
v -1373.751221 1117.448242 237.378845
v -1372.968872 1116.901245 238.272263
v -1372.287109 1116.159058 239.104965
v -1371.726562 1115.244019 239.851669
v -1371.304077 1114.184082 240.489655
v -1371.032593 1113.011230 240.999573
v -1370.920410 1111.761353 241.365906
v -1370.970947 1110.472168 241.577530
v -1371.182617 1109.183228 241.628036
v -1371.548950 1107.933105 241.515839
v -1372.058838 1106.760376 241.244400
v -1372.696777 1105.700317 240.821945
v -1373.443481 1104.785400 240.261307
v -1374.276123 1104.043091 239.579514
v -1375.169678 1103.496338 238.797287
v -1376.096558 1103.161377 237.938416
v -1386.650757 1104.511475 246.650787
v -1387.565918 1104.625244 245.724121
v -1388.441772 1104.962646 244.814133
v -1389.251709 1105.513794 243.948441
v -1389.971191 1106.261719 243.153366
v -1390.578125 1107.183838 242.453064
v -1391.054443 1108.251953 241.868820
v -1391.385376 1109.433716 241.418381
v -1391.560913 1110.693359 241.115402
v -1391.575684 1111.992310 240.969147
v -1391.429443 1113.291504 240.984024
v -1391.126465 1114.551025 241.159576
v -1390.676025 1115.732910 241.490479
v -1390.091797 1116.801025 241.966690
v -1389.391602 1117.723145 242.573730
v -1388.596436 1118.471069 243.293152
v -1387.730713 1119.022095 244.103088
v -1386.820801 1119.359619 244.978943
v -1385.894043 1119.473389 245.894119
v -1384.979004 1119.359619 246.820770
v -1384.103027 1119.022095 247.730759
v -1383.293213 1118.471069 248.596451
v -1382.573730 1117.723145 249.391525
v -1381.966675 1116.801025 250.091827
v -1381.490479 1115.732910 250.676071
v -1381.159546 1114.551025 251.126526
v -1380.984009 1113.291504 251.429474
v -1380.969116 1111.992310 251.575745
v -1381.115479 1110.693359 251.560867
v -1381.418335 1109.433716 251.385300
v -1381.868896 1108.251953 251.054413
v -1382.453125 1107.183838 250.578201
v -1383.153320 1106.261719 249.971161
v -1383.948486 1105.513794 249.251740
v -1384.814087 1104.962646 248.441803
v -1385.724121 1104.625244 247.565933
v -1468.372070 1101.500000 338.980255
v -1469.627930 1101.500000 338.980255
v -1469.000000 1070.000000 339.000000
v -1469.627930 1070.000000 338.980255
v -1470.873779 1101.500000 338.822876
v -1470.873779 1070.000000 338.822876
v -1472.090210 1101.500000 338.510559
v -1472.090210 1070.000000 338.510559
v -1473.257812 1101.500000 338.048279
v -1473.257812 1070.000000 338.048279
v -1474.358276 1101.500000 337.443268
v -1474.358276 1070.000000 337.443268
v -1475.374268 1101.500000 336.705139
v -1475.374268 1070.000000 336.705139
v -1476.289673 1101.500000 335.845459
v -1476.289673 1070.000000 335.845459
v -1477.090210 1101.500000 334.877838
v -1477.090210 1070.000000 334.877838
v -1477.763062 1101.500000 333.817535
v -1477.763062 1070.000000 333.817535
v -1478.297729 1101.500000 332.681244
v -1478.297729 1070.000000 332.681244
v -1478.685791 1101.500000 331.486908
v -1478.685791 1070.000000 331.486908
v -1478.921143 1101.500000 330.253326
v -1478.921143 1070.000000 330.253326
v -1479.000000 1101.500000 329.000000
v -1479.000000 1070.000000 329.000000
v -1478.921143 1101.500000 327.746674
v -1478.921143 1070.000000 327.746674
v -1478.685791 1101.500000 326.513092
v -1478.685791 1070.000000 326.513092
v -1478.297729 1101.500000 325.318756
v -1478.297729 1070.000000 325.318756
v -1477.763062 1101.500000 324.182465
v -1477.763062 1070.000000 324.182465
v -1477.090210 1101.500000 323.122162
v -1477.090210 1070.000000 323.122162
v -1476.289673 1101.500000 322.154541
v -1476.289673 1070.000000 322.154541
v -1475.374268 1101.500000 321.294861
v -1475.374268 1070.000000 321.294861
v -1474.358276 1101.500000 320.556732
v -1474.358276 1070.000000 320.556732
v -1473.257812 1101.500000 319.951721
v -1473.257812 1070.000000 319.951721
v -1472.090210 1101.500000 319.489441
v -1472.090210 1070.000000 319.489441
v -1470.873779 1101.500000 319.177124
v -1470.873779 1070.000000 319.177124
v -1469.627930 1101.500000 319.019745
v -1469.627930 1070.000000 319.019745
v -1469.000000 1101.500000 319.000000
v -1468.372070 1070.000000 319.019745
v -1468.372070 1070.000000 338.980255
v -1467.126221 1070.000000 338.822876
v -1467.126221 1101.500000 338.822876
v -1465.909790 1070.000000 338.510559
v -1465.909790 1101.500000 338.510559
v -1464.742188 1070.000000 338.048279
v -1464.742188 1101.500000 338.048279
v -1463.641724 1070.000000 337.443268
v -1463.641724 1101.500000 337.443268
v -1462.625732 1070.000000 336.705139
v -1462.625732 1101.500000 336.705139
v -1461.710327 1070.000000 335.845459
v -1461.710327 1101.500000 335.845459
v -1460.909790 1070.000000 334.877838
v -1460.909790 1101.500000 334.877838
v -1460.236938 1070.000000 333.817535
v -1460.236938 1101.500000 333.817535
v -1459.702271 1070.000000 332.681244
v -1459.702271 1101.500000 332.681244
v -1459.314209 1070.000000 331.486908
v -1459.314209 1101.500000 331.486908
v -1459.078857 1070.000000 330.253326
v -1459.078857 1101.500000 330.253326
v -1459.000000 1070.000000 329.000000
v -1459.000000 1101.500000 329.000000
v -1459.078857 1070.000000 327.746674
v -1459.078857 1101.500000 327.746674
v -1459.314209 1070.000000 326.513092
v -1459.314209 1101.500000 326.513092
v -1459.702271 1070.000000 325.318756
v -1459.702271 1101.500000 325.318756
v -1460.236938 1070.000000 324.182465
v -1460.236938 1101.500000 324.182465
v -1460.909790 1070.000000 323.122162
v -1460.909790 1101.500000 323.122162
v -1461.710327 1070.000000 322.154541
v -1461.710327 1101.500000 322.154541
v -1462.625732 1070.000000 321.294861
v -1462.625732 1101.500000 321.294861
v -1463.641724 1070.000000 320.556732
v -1463.641724 1101.500000 320.556732
v -1464.742188 1070.000000 319.951721
v -1464.742188 1101.500000 319.951721
v -1465.909790 1070.000000 319.489441
v -1465.909790 1101.500000 319.489441
v -1467.126221 1070.000000 319.177124
v -1467.126221 1101.500000 319.177124
v -1468.372070 1101.500000 319.019745
v -1461.300049 1070.000000 329.000000
v -1461.300049 1101.500000 329.000000
v -1461.378418 1070.000000 327.904175
v -1461.378418 1101.500000 327.904175
v -1461.611938 1070.000000 326.830658
v -1461.611938 1101.500000 326.830658
v -1461.995850 1070.000000 325.801300
v -1461.995850 1101.500000 325.801300
v -1462.522339 1070.000000 324.837067
v -1462.522339 1101.500000 324.837067
v -1463.180786 1070.000000 323.957581
v -1463.180786 1101.500000 323.957581
v -1463.957520 1070.000000 323.180725
v -1463.957520 1101.500000 323.180725
v -1464.837036 1070.000000 322.522339
v -1464.837036 1101.500000 322.522339
v -1465.801270 1070.000000 321.995819
v -1465.801270 1101.500000 321.995819
v -1466.830688 1070.000000 321.611908
v -1466.830688 1101.500000 321.611908
v -1467.904175 1070.000000 321.378387
v -1467.904175 1101.500000 321.378387
v -1469.000000 1070.000000 321.299988
v -1469.000000 1101.500000 321.299988
v -1470.095825 1070.000000 321.378387
v -1470.095825 1101.500000 321.378387
v -1471.169312 1070.000000 321.611908
v -1471.169312 1101.500000 321.611908
v -1472.198730 1070.000000 321.995819
v -1472.198730 1101.500000 321.995819
v -1473.162964 1070.000000 322.522339
v -1473.162964 1101.500000 322.522339
v -1474.042480 1070.000000 323.180725
v -1474.042480 1101.500000 323.180725
v -1474.819214 1070.000000 323.957581
v -1474.819214 1101.500000 323.957581
v -1475.477661 1070.000000 324.837067
v -1475.477661 1101.500000 324.837067
v -1476.004150 1070.000000 325.801300
v -1476.004150 1101.500000 325.801300
v -1476.388062 1070.000000 326.830658
v -1476.388062 1101.500000 326.830658
v -1476.621582 1070.000000 327.904175
v -1476.621582 1101.500000 327.904175
v -1476.699951 1070.000000 329.000000
v -1476.699951 1101.500000 329.000000
v -1476.621582 1070.000000 330.095825
v -1476.621582 1101.500000 330.095825
v -1476.388062 1070.000000 331.169342
v -1476.388062 1101.500000 331.169342
v -1476.004150 1070.000000 332.198700
v -1476.004150 1101.500000 332.198700
v -1475.477661 1070.000000 333.162933
v -1475.477661 1101.500000 333.162933
v -1474.819214 1070.000000 334.042419
v -1474.819214 1101.500000 334.042419
v -1474.042480 1070.000000 334.819275
v -1474.042480 1101.500000 334.819275
v -1473.162964 1070.000000 335.477661
v -1473.162964 1101.500000 335.477661
v -1472.198730 1070.000000 336.004181
v -1472.198730 1101.500000 336.004181
v -1471.169312 1070.000000 336.388092
v -1471.169312 1101.500000 336.388092
v -1470.095825 1070.000000 336.621613
v -1470.095825 1101.500000 336.621613
v -1469.000000 1070.000000 336.700012
v -1469.000000 1101.500000 336.700012
v -1467.904175 1070.000000 336.621613
v -1467.904175 1101.500000 336.621613
v -1466.830688 1070.000000 336.388092
v -1466.830688 1101.500000 336.388092
v -1465.801270 1070.000000 336.004181
v -1465.801270 1101.500000 336.004181
v -1464.837036 1070.000000 335.477661
v -1464.837036 1101.500000 335.477661
v -1463.957520 1070.000000 334.819275
v -1463.957520 1101.500000 334.819275
v -1463.180786 1070.000000 334.042419
v -1463.180786 1101.500000 334.042419
v -1462.522339 1070.000000 333.162933
v -1462.522339 1101.500000 333.162933
v -1461.995850 1070.000000 332.198700
v -1461.995850 1101.500000 332.198700
v -1461.611938 1070.000000 331.169342
v -1461.611938 1101.500000 331.169342
v -1461.378418 1070.000000 330.095825
v -1461.378418 1101.500000 330.095825
v -1475.434692 1112.500000 322.565338
v -1475.405396 1113.366943 322.594604
v -1475.473999 1113.361572 322.663239
v -1475.392578 1114.921753 322.993317
v -1475.199585 1114.937134 322.800385
v -1475.023682 1115.699951 322.976288
v -1462.585693 1112.729126 335.450867
v -1462.567383 1112.730591 335.432617
v -1462.565308 1112.500000 335.434662
v -1463.053101 1113.293823 335.842133
v -1462.654175 1112.695312 335.519379
v -1462.669067 1112.680298 335.534271
v -1462.730469 1112.500000 335.595703
v -1462.729492 1112.525879 335.594666
v -1462.978882 1112.500000 335.823212
v -1463.318970 1112.613647 336.107941
v -1463.591431 1113.771606 336.206940
v -1463.113159 1113.218018 335.902191
v -1462.682739 1112.663086 335.547913
v -1462.577881 1113.067139 335.422150
v -1462.685913 1113.509033 335.474884
v -1462.605469 1113.515381 335.394501
v -1464.250488 1114.104370 336.594604
v -1463.686401 1113.621216 336.301971
v -1463.166870 1113.133057 335.955841
v -1462.694946 1112.643799 335.560120
v -1463.323486 1112.500000 336.112457
v -1463.945312 1112.500000 336.567047
v -1463.955811 1112.701294 336.571381
v -1463.963867 1112.500000 336.579376
v -1464.647339 1112.500000 336.991547
v -1465.008179 1114.273315 336.983154
v -1464.368530 1113.869019 336.712677
v -1463.768921 1113.456787 336.384491
v -1463.213379 1113.040161 336.002411
v -1462.705444 1112.622681 335.570679
v -1462.689087 1114.276489 335.310852
v -1462.834595 1114.286987 335.450134
v -1462.692261 1114.298340 335.307770
v -1463.031616 1115.056885 335.375793
v -1462.827881 1115.073120 335.172089
v -1464.990601 1112.500000 337.169128
v -1465.354614 1112.873169 337.329590
v -1464.635986 1112.788086 336.980103
v -1465.839600 1114.266724 337.348694
v -1465.135986 1113.946167 337.110992
v -1464.467163 1113.616455 336.811371
v -1463.837891 1113.280273 336.453461
v -1463.252441 1112.940552 336.041351
v -1462.714355 1112.600098 335.579529
v -1462.910767 1115.441406 335.089264
v -1463.276367 1115.812256 335.251373
v -1463.012573 1115.833130 334.987488
v -1465.369385 1112.500000 337.344391
v -1466.093750 1112.500000 337.623444
v -1466.106689 1112.955933 337.615723
v -1466.718018 1114.079712 337.666443
v -1465.963257 1113.844849 337.472260
v -1465.237183 1113.600830 337.212128
v -1464.545288 1113.349854 336.889435
v -1463.892456 1113.093994 336.508026
v -1463.283203 1112.835327 336.072174
v -1462.721313 1112.576172 335.586548
v -1467.616211 1113.714966 337.911743
v -1466.823120 1113.564331 337.771454
v -1466.052612 1113.406128 337.561646
v -1465.310303 1113.241699 337.285309
v -1464.601807 1113.072632 336.945923
v -1463.932007 1112.900146 336.547516
v -1463.305542 1112.725952 336.094452
v -1462.726440 1112.551270 335.591614
v -1463.235107 1116.542725 334.764832
v -1463.567871 1116.546387 335.076904
v -1463.245483 1116.572021 334.754517
v -1463.904541 1117.252808 334.852844
v -1463.525757 1117.282959 334.474182
v -1466.124756 1112.500000 337.633850
v -1466.907837 1112.500000 337.856232
v -1466.886597 1113.035522 337.834961
v -1467.234253 1112.500000 337.927032
v -1467.688843 1113.111328 337.984253
v -1468.490845 1113.181274 338.060181
v -1467.713013 1112.500000 338.008545
v -1468.391724 1112.500000 338.079651
v -1468.517944 1112.500000 338.087219
v -1469.346558 1112.500000 338.093384
v -1465.155029 1119.133057 333.901886
v -1464.215332 1118.584717 333.784637
v -1464.697144 1118.546509 334.266388
v -1464.156006 1118.490112 333.843964
v -1464.284546 1117.925659 334.580017
v -1463.852295 1117.959961 334.147736
v -1463.653564 1117.563843 334.346405
v -1469.316895 1113.247314 338.063721
v -1469.546509 1112.500000 338.083588
v -1470.144897 1113.307617 337.991486
v -1465.647827 1119.667480 333.494324
v -1464.731445 1119.309448 333.268524
v -1464.626587 1119.175049 333.373413
v -1470.177002 1112.500000 338.023560
v -1470.734497 1112.500000 337.933167
v -1470.968018 1113.361328 337.842804
v -1466.722534 1120.558472 332.561493
v -1465.562622 1120.192749 332.437408
v -1466.171631 1120.144409 333.046448
v -1465.400635 1120.043213 332.599304
v -1465.076782 1119.712891 332.923279
v -1471.002197 1112.500000 337.877014
v -1471.814819 1112.500000 337.653717
v -1471.778809 1113.407959 337.617676
v -1471.824829 1112.500000 337.650452
v -1472.570068 1113.447021 337.316742
v -1467.296265 1120.905151 332.043030
v -1466.087158 1120.614258 331.912842
v -1466.080566 1120.609497 331.919464
v -1472.607666 1112.500000 337.354340
v -1472.862061 1112.500000 337.239838
v -1473.334473 1113.478027 336.941437
v -1467.888062 1121.180298 331.495087
v -1466.811157 1121.057251 331.188904
v -1466.626587 1120.958374 331.373352
v -1473.373291 1112.500000 336.980255
v -1473.829590 1112.500000 336.712646
v -1474.064819 1113.500610 336.493805
v -1468.493042 1121.380249 330.922028
v -1467.558472 1121.368774 330.441498
v -1467.196533 1121.235229 330.803497
v -1474.104492 1112.500000 336.533539
v -1474.715454 1112.500000 336.081238
v -1474.753906 1113.514282 335.976654
v -1470.325439 1121.502319 329.109070
v -1469.000000 1121.599976 329.000000
v -1469.720459 1121.542725 329.720459
v -1468.388672 1121.558838 329.611389
v -1469.105835 1121.501831 330.328583
v -1468.317139 1121.548584 329.682892
v -1467.785522 1121.436401 330.214508
v -1474.794189 1112.500000 336.016937
v -1475.434692 1112.500000 335.434662
v -1475.394165 1113.518921 335.394226
v -1476.014038 1112.500000 334.797699
v -1475.973755 1113.514282 334.757416
v -1476.241943 1112.500000 334.510406
v -1476.496826 1113.500488 334.060364
v -1470.925659 1121.379272 328.489227
v -1469.865723 1121.517212 328.134247
v -1469.608154 1121.559204 328.391815
v -1476.536499 1112.500000 334.100098
v -1476.861694 1112.500000 333.582916
v -1476.952515 1113.477295 333.314178
v -1471.510254 1121.173828 327.871887
v -1470.639404 1121.299683 327.360596
v -1470.218262 1121.435425 327.781799
v -1476.991333 1112.500000 333.352997
v -1477.366089 1112.500000 332.580353
v -1477.336060 1113.445068 332.525208
v -1472.610352 1120.520996 326.667694
v -1471.405396 1120.940308 326.594574
v -1472.073608 1120.887207 327.262817
v -1471.392822 1120.947388 326.607147
v -1470.819214 1121.228760 327.180817
v -1477.373535 1112.500000 332.562744
v -1477.678833 1112.500000 331.736206
v -1477.642944 1113.403687 331.700317
v -1477.744751 1112.500000 331.517944
v -1477.869629 1113.353760 330.846771
v -1473.115112 1120.077637 326.092285
v -1472.113403 1120.463867 325.886597
v -1471.971313 1120.571655 326.028656
v -1477.903564 1112.500000 330.880676
v -1478.008545 1112.500000 330.286926
v -1478.012817 1113.295532 329.972260
v -1473.582886 1119.560547 325.542206
v -1472.860840 1119.780029 325.139191
v -1472.511475 1120.125610 325.488586
v -1478.044434 1112.500000 330.003845
v -1478.098755 1112.500000 329.152740
v -1478.070312 1113.229370 329.084747
v -1474.386597 1118.323608 324.541351
v -1473.492798 1119.014526 324.507202
v -1474.008545 1118.973633 325.022980
v -1473.473022 1119.041748 324.527008
v -1473.020264 1119.605225 324.979675
v -1478.099243 1112.500000 329.113708
v -1478.066650 1112.500000 328.221375
v -1478.040527 1113.156128 328.195343
v -1478.046265 1112.500000 328.012054
v -1477.959717 1113.096191 327.523834
v -1474.639526 1117.791626 324.203674
v -1474.017090 1118.197998 323.982910
v -1473.922607 1118.360474 324.077393
v -1477.983276 1112.500000 327.547516
v -1477.821289 1112.500000 326.764954
v -1477.798462 1113.020630 326.736145
v -1474.929688 1116.033691 323.070282
v -1474.800415 1116.439575 323.199585
v -1475.112305 1116.414795 323.511475
v -1474.531128 1117.149902 323.468811
v -1474.899292 1117.120728 323.836945
v -1474.528198 1117.157227 323.471863
v -1474.217896 1117.825073 323.782074
v -1477.819214 1112.500000 326.756805
v -1477.586182 1112.500000 325.985291
v -1477.568604 1112.941040 325.967773
v -1477.428345 1112.500000 325.568939
v -1477.272217 1112.858276 325.224731
v -1475.277100 1115.679810 323.229614
v -1477.286377 1112.500000 325.238983
v -1476.922852 1112.500000 324.523651
v -1476.912109 1112.772827 324.512817
v -1476.879028 1112.500000 324.446991
v -1476.491577 1112.685547 323.837433
v -1475.216064 1114.851929 322.783936
v -1475.458252 1114.146851 322.804138
v -1475.327026 1114.157227 322.672943
v -1476.498901 1112.500000 323.844818
v -1476.186890 1112.500000 323.418091
v -1476.014648 1112.597046 323.203796
v -1476.018433 1112.500000 323.207642
v -1476.003052 1112.692871 323.192291
v -1476.469604 1112.868774 323.815430
v -1476.879639 1113.042358 324.480438
v -1477.229736 1113.212036 325.182251
v -1477.516235 1113.376587 325.915436
v -1477.736694 1113.534668 326.674377
v -1477.888916 1113.684937 327.453094
v -1477.962769 1113.804077 328.117493
v -1477.983765 1113.949585 328.998230
v -1477.918457 1114.081055 329.877869
v -1477.768311 1114.196899 330.745483
v -1477.535767 1114.296143 331.593109
v -1477.223999 1114.378174 332.413116
v -1476.836548 1114.442383 333.198242
v -1476.378052 1114.488281 333.941681
v -1475.853394 1114.515869 334.637085
v -1475.273315 1114.524902 335.273346
v -1474.633545 1114.515747 335.856354
v -1473.946045 1114.488525 336.375092
v -1473.218384 1114.443726 336.825409
v -1472.457642 1114.382202 337.204376
v -1471.671021 1114.304565 337.509949
v -1470.865845 1114.211792 337.740631
v -1470.049072 1114.104980 337.895691
v -1469.228271 1113.985352 337.975067
v -1468.410034 1113.854004 337.979340
v -1475.984009 1112.786377 323.173248
v -1476.433228 1113.047363 323.779053
v -1476.826172 1113.304932 324.426941
v -1477.159424 1113.556885 325.112000
v -1477.429810 1113.801147 325.828949
v -1477.634644 1114.035767 326.572296
v -1477.771973 1114.258789 327.336212
v -1477.834106 1114.435547 327.988831
v -1477.840820 1114.651611 328.855225
v -1477.762573 1114.846680 329.721893
v -1477.600952 1115.018555 330.578094
v -1477.358643 1115.165894 331.415924
v -1477.038696 1115.287598 332.227844
v -1476.645020 1115.382935 333.006622
v -1476.182007 1115.451172 333.745544
v -1475.654541 1115.492065 334.438232
v -1475.073608 1115.505493 335.073578
v -1474.434692 1115.491943 335.657471
v -1473.749878 1115.451538 336.178925
v -1473.026611 1115.385132 336.633636
v -1472.271973 1115.293579 337.018707
v -1471.493042 1115.178345 337.331940
v -1470.696899 1115.040771 337.571747
v -1469.890747 1114.882324 337.737335
v -1469.081665 1114.704590 337.828522
v -1468.276489 1114.509644 337.845764
v -1467.496460 1114.303345 337.791870
v -1475.957764 1112.876221 323.146942
v -1476.382935 1113.219116 323.728760
v -1476.752197 1113.557373 324.352997
v -1477.062378 1113.888428 325.014893
v -1477.310303 1114.209351 325.709412
v -1477.493530 1114.517578 326.431213
v -1477.610474 1114.810425 327.174622
v -1477.656250 1115.042725 327.811005
v -1477.643066 1115.326538 328.657532
v -1477.546875 1115.582886 329.506287
v -1477.369507 1115.808594 330.346710
v -1477.113647 1116.002197 331.170990
v -1476.782593 1116.162109 331.971710
v -1476.380127 1116.287231 332.741760
v -1475.910767 1116.376953 333.474396
v -1475.379639 1116.430664 334.163330
v -1474.797485 1116.448364 334.797424
v -1474.159790 1116.430420 335.382599
v -1473.478760 1116.377319 335.907745
v -1472.761597 1116.290039 336.368561
v -1472.015259 1116.169922 336.762054
v -1471.246948 1116.018555 337.085846
v -1470.463501 1115.837769 337.338318
v -1469.671875 1115.629517 337.518463
v -1468.879150 1115.396240 337.625977
v -1468.091797 1115.140137 337.661133
v -1467.330688 1114.869019 337.626190
v -1466.572876 1114.575195 337.521301
v -1475.924438 1112.961304 323.113678
v -1476.319336 1113.381714 323.665192
v -1476.658813 1113.796631 324.259521
v -1476.939575 1114.202515 324.892151
v -1477.159180 1114.595947 325.558319
v -1477.315186 1114.973877 326.252838
v -1477.406128 1115.333130 326.970367
v -1477.431396 1115.618042 327.586212
v -1477.393188 1115.965942 328.407654
v -1477.274414 1116.280151 329.233765
v -1477.077026 1116.557007 330.054199
v -1476.804077 1116.794434 330.861389
v -1476.458862 1116.990479 331.647980
v -1476.045288 1117.143921 332.406952
v -1475.568115 1117.253906 333.131653
v -1475.032227 1117.319824 333.815826
v -1474.448364 1117.341431 334.448395
v -1473.812378 1117.319580 335.035126
v -1473.135986 1117.254517 335.564972
v -1472.426514 1117.147461 336.033508
v -1471.690918 1117.000122 336.437592
v -1470.935913 1116.814453 336.774780
v -1470.168457 1116.592773 337.043243
v -1469.395264 1116.337524 337.241821
v -1468.623047 1116.051392 337.369934
v -1467.858521 1115.737305 337.427734
v -1467.121338 1115.404907 337.416779
v -1466.389526 1115.044678 337.337860
v -1465.683472 1114.666382 337.192505
v -1475.884644 1113.040527 323.073914
v -1476.243286 1113.533325 323.589142
v -1476.546875 1114.019531 324.147705
v -1476.792725 1114.495117 324.745331
v -1476.978394 1114.956299 325.377533
v -1477.101807 1115.399170 326.039459
v -1477.161865 1115.820190 326.726013
v -1477.162598 1116.153931 327.317291
v -1477.094238 1116.561768 328.108734
v -1476.948364 1116.930054 328.907715
v -1476.727173 1117.254517 329.704285
v -1476.433716 1117.532593 330.490997
v -1476.071533 1117.762451 331.260681
v -1475.644775 1117.942261 332.006409
v -1475.158081 1118.071167 332.721649
v -1474.616455 1118.148315 333.400146
v -1474.030884 1118.173706 334.030823
v -1473.396729 1118.148071 334.619446
v -1472.725830 1118.071777 335.154938
v -1472.025635 1117.946289 335.632690
v -1471.302734 1117.773682 336.049469
v -1470.563721 1117.556152 336.402679
v -1469.815430 1117.296387 336.690277
v -1469.064331 1116.997192 336.910828
v -1468.316772 1116.661865 337.063660
v -1467.579224 1116.293823 337.148529
v -1466.870728 1115.904297 337.166229
v -1466.170044 1115.482056 337.118378
v -1465.496582 1115.038818 337.005676
v -1464.855225 1114.578247 336.830200
v -1475.838867 1113.113037 323.028076
v -1476.155762 1113.671875 323.501587
v -1476.418213 1114.223267 324.018921
v -1476.623657 1114.762695 324.576233
v -1476.770264 1115.285645 325.169373
v -1476.856201 1115.787964 325.793793
v -1476.880493 1116.265381 326.444641
v -1476.852905 1116.644043 327.007629
v -1476.750122 1117.106445 327.764496
v -1476.572876 1117.524170 328.532288
v -1476.324219 1117.892090 329.301361
v -1476.007202 1118.207520 330.064514
v -1475.625488 1118.468140 330.814697
v -1475.183594 1118.672119 331.545197
v -1474.685913 1118.818359 332.249512
v -1474.137817 1118.905884 332.921448
v -1473.550049 1118.934692 333.549988
v -1472.918091 1118.905518 334.140808
v -1472.253662 1118.818970 334.682739
v -1471.564087 1118.676758 335.171143
v -1470.855835 1118.480957 335.602570
v -1470.135254 1118.234253 335.974182
v -1469.408936 1117.939575 336.283783
v -1468.683228 1117.600342 336.529724
v -1467.964111 1117.219971 336.710938
v -1467.257690 1116.802612 336.827026
v -1466.582275 1116.360840 336.877747
v -1465.917236 1115.882080 336.865662
v -1465.281494 1115.379272 336.790497
v -1464.679077 1114.856934 336.654083
v -1464.114502 1114.319458 336.458649
v -1475.787598 1113.177856 322.976837
v -1476.057739 1113.795654 323.403595
v -1476.274048 1114.405396 323.874817
v -1476.434448 1115.001831 324.387054
v -1476.537231 1115.580078 324.936432
v -1476.581177 1116.135498 325.518860
v -1476.565674 1116.663330 326.129791
v -1476.506348 1117.081909 326.661133
v -1476.364868 1117.593262 327.379333
v -1476.152832 1118.055054 328.112183
v -1475.873413 1118.461914 328.850494
v -1475.529907 1118.810669 329.587250
v -1475.126465 1119.098877 330.315674
v -1474.667480 1119.324463 331.029114
v -1474.157593 1119.485962 331.721191
v -1473.602173 1119.582764 332.385834
v -1473.011963 1119.614624 333.011963
v -1472.382446 1119.582520 333.605194
v -1471.725342 1119.486816 334.154358
v -1471.047607 1119.329468 334.654633
v -1470.355713 1119.113037 335.102448
v -1469.655762 1118.840210 335.494720
v -1468.954102 1118.514404 335.828949
v -1468.256714 1118.139282 336.103241
v -1467.569458 1117.718750 336.316284
v -1466.897949 1117.257324 336.467255
v -1466.259399 1116.768799 336.554901
v -1465.634521 1116.239502 336.582855
v -1465.040649 1115.683594 336.549744
v -1464.482056 1115.105957 336.457001
v -1463.962402 1114.511719 336.306488
v -1463.485107 1113.906006 336.100616
v -1475.731567 1113.234131 322.920746
v -1475.950562 1113.903320 323.296417
v -1476.116455 1114.563599 323.717224
v -1476.227539 1115.209473 324.180115
v -1476.282471 1115.835693 324.681671
v -1476.280518 1116.437256 325.218140
v -1476.221191 1117.008911 325.785400
v -1476.127319 1117.462280 326.282135
v -1475.943604 1118.015991 326.958008
v -1475.693359 1118.516113 327.652710
v -1475.380249 1118.956787 328.357361
v -1475.007935 1119.334473 329.065247
v -1474.580688 1119.646606 329.769836
v -1474.102905 1119.890869 330.464600
v -1473.579712 1120.065796 331.143341
v -1473.016357 1120.170654 331.799957
v -1472.423462 1120.205200 332.423462
v -1471.796631 1120.170288 333.019348
v -1471.147461 1120.066650 333.576447
v -1470.482788 1119.896362 334.089722
v -1469.808716 1119.661865 334.555450
v -1469.131348 1119.366455 334.970276
v -1468.456665 1119.013672 335.331451
v -1467.790283 1118.607300 335.636780
v -1467.137817 1118.151978 335.884613
v -1466.504517 1117.652100 336.073761
v -1465.906372 1117.123169 336.201813
v -1465.325195 1116.549805 336.273560
v -1464.777344 1115.947876 336.286407
v -1464.266479 1115.322266 336.241425
v -1463.795898 1114.678711 336.140106
v -1463.368774 1114.022705 335.984314
v -1462.987549 1113.359741 335.776489
v -1475.671387 1113.281128 322.860596
v -1475.835571 1113.993164 323.181396
v -1475.947266 1114.695679 323.548065
v -1476.005493 1115.383057 323.958038
v -1476.009033 1116.049438 324.408264
v -1475.957764 1116.689453 324.895416
v -1475.851685 1117.297729 325.415833
v -1475.720581 1117.780151 325.875397
v -1475.491455 1118.369385 326.505890
v -1475.200195 1118.901611 327.159576
v -1474.850952 1119.370483 327.828125
v -1474.447754 1119.772339 328.505066
v -1473.994873 1120.104370 329.184082
v -1473.497192 1120.364380 329.858826
v -1472.959595 1120.550537 330.523193
v -1472.387573 1120.662109 331.171234
v -1471.791870 1120.698853 331.791901
v -1471.167847 1120.661743 332.390656
v -1470.527222 1120.551392 332.956238
v -1469.876465 1120.370239 333.483490
v -1469.221680 1120.120728 333.968414
v -1468.568604 1119.806396 334.407471
v -1467.922729 1119.430908 334.797577
v -1467.289673 1118.998535 335.136200
v -1466.674561 1118.514038 335.421356
v -1466.082153 1117.982178 335.651459
v -1465.527344 1117.419312 335.822876
v -1464.993286 1116.809326 335.941620
v -1464.494751 1116.168701 336.003815
v -1464.035156 1115.503052 336.010101
v -1463.617310 1114.818237 335.961517
v -1463.244019 1114.120239 335.859497
v -1462.916992 1113.414795 335.706024
v -1462.638184 1112.707764 335.503357
v -1475.607910 1113.318359 322.797089
v -1475.714111 1114.064331 323.059998
v -1475.768799 1114.800293 323.369537
v -1475.770996 1115.520386 323.723602
v -1475.720459 1116.218506 324.119629
v -1475.617188 1116.889038 324.554779
v -1475.461548 1117.526245 325.025726
v -1475.291260 1118.031616 325.446045
v -1475.014160 1118.649048 326.028656
v -1474.679688 1119.206543 326.639069
v -1474.292358 1119.697632 327.269470
v -1473.856445 1120.118774 327.913757
v -1473.376587 1120.466675 328.565735
v -1472.857666 1120.738892 329.219360
v -1472.305054 1120.933960 329.868591
v -1471.723877 1121.050903 330.507568
v -1471.125244 1121.089355 331.125244
v -1470.504272 1121.050537 331.726990
v -1469.872559 1120.934937 332.301544
v -1469.236572 1120.745117 332.843567
v -1468.602051 1120.483765 333.348755
v -1467.974487 1120.154419 333.813354
v -1467.359131 1119.761108 334.234009
v -1466.761230 1119.308105 334.607788
v -1466.185547 1118.800537 334.932343
v -1465.636475 1118.243286 335.205688
v -1465.127441 1117.653564 335.422882
v -1464.642822 1117.014526 335.591217
v -1464.196411 1116.343506 335.705505
v -1463.791016 1115.646118 335.765930
v -1463.428833 1114.928711 335.773010
v -1463.112183 1114.197388 335.727753
v -1462.842651 1113.458374 335.631622
v -1462.621216 1112.717651 335.486481
v -1462.603638 1112.724854 335.468903
v -1462.765259 1113.489868 335.554260
v -1462.975220 1114.253296 335.590729
v -1463.232788 1115.008545 335.576935
v -1463.536987 1115.749634 335.511932
v -1463.886230 1116.469849 335.395233
v -1464.278442 1117.162964 335.226776
v -1464.711426 1117.823120 335.006836
v -1465.172729 1118.432251 334.742065
v -1465.676880 1119.007690 334.423706
v -1466.211670 1119.532104 334.058197
v -1466.772949 1119.999878 333.647827
v -1467.356567 1120.406128 333.195435
v -1467.957520 1120.746338 332.704254
v -1468.570923 1121.016235 332.177948
v -1469.191650 1121.212402 331.620636
v -1469.813965 1121.331665 331.036743
v -1470.431885 1121.371826 330.431854
v -1471.033569 1121.332153 329.817261
v -1471.624146 1121.211426 329.187744
v -1472.192627 1121.009888 328.554260
v -1472.733521 1120.728638 327.922607
v -1473.241333 1120.369263 327.298706
v -1473.711304 1119.934448 326.688416
v -1474.138306 1119.427124 326.097656
v -1474.517822 1118.851196 325.532257
v -1474.844727 1118.213623 324.999512
v -1475.055786 1117.691650 324.619965
v -1475.262817 1117.033325 324.200470
v -1475.420288 1116.340820 323.819458
v -1475.527222 1115.619751 323.479767
v -1475.583130 1114.875977 323.183838
v -1475.587769 1114.115723 322.933716
v -1475.541870 1113.345215 322.731018
v -1475.384399 1113.634888 322.615570
v -1463.376587 1122.129272 319.067017
v -1463.614624 1120.947388 318.828979
v -1464.390747 1121.551270 318.052887
v -1464.335205 1120.463867 318.108429
v -1465.330566 1120.761108 317.113037
v -1465.082642 1119.780029 317.361023
v -1466.174194 1119.777222 316.269470
v -1465.694824 1119.041748 316.748840
v -1466.901611 1118.622925 315.542023
v -1466.238892 1118.197998 316.204742
v -1467.495972 1117.324951 314.947693
v -1466.750000 1117.157227 315.693665
v -1467.943237 1115.913940 314.500427
v -1467.151611 1116.033691 315.292114
v -1468.232910 1114.422974 314.210693
v -1454.335327 1109.823730 328.108307
v -1454.913208 1110.707397 327.530396
v -1454.127197 1111.341675 328.316498
v -1454.799683 1111.932861 327.643982
v -1454.085327 1112.886841 328.358368
v -1454.799683 1113.067139 327.643982
v -1454.210693 1114.422974 328.232971
v -1454.911011 1114.276489 327.532684
v -1454.500366 1115.913940 327.943237
v -1455.132568 1115.441406 327.311096
v -1454.947632 1117.324951 327.495972
v -1455.457031 1116.542725 326.986664
v -1455.541992 1118.622925 326.901642
v -1467.437866 1114.851929 315.005768
v -1467.606201 1113.634888 314.837402
v -1468.358398 1112.886841 314.085297
v -1467.656494 1112.500000 314.787140
v -1468.316528 1111.341675 314.127167
v -1467.598389 1111.279541 314.845276
v -1468.108276 1109.823730 314.335327
v -1467.427002 1110.091431 315.016632
v -1467.738770 1108.368408 314.704926
v -1467.149170 1108.958496 315.294434
v -1467.216431 1107.010010 315.227264
v -1466.773193 1107.898315 315.670502
v -1466.553589 1105.780151 315.890106
v -1455.875366 1117.563843 326.568237
v -1456.377808 1118.490112 326.065796
v -1456.269531 1119.777222 326.174164
v -1456.953247 1119.309448 325.490356
v -1457.113037 1120.761108 325.330627
v -1457.622559 1120.043213 324.821136
v -1458.052856 1121.551270 324.390778
v -1458.308960 1120.614258 324.134674
v -1459.067017 1122.129272 323.376648
v -1459.032959 1121.057251 323.410736
v -1460.131592 1122.481689 322.312012
v -1459.780273 1121.368774 322.663330
v -1460.538940 1121.548584 321.904724
v -1461.221802 1122.599976 321.221832
v -1461.221802 1121.599976 321.221832
v -1462.312012 1122.481689 320.131653
v -1462.087524 1121.517212 320.356079
v -1462.861206 1121.299683 319.582428
v -1460.675171 1102.429688 321.768524
v -1460.371948 1103.479736 322.071747
v -1459.594604 1102.665649 322.849091
v -1459.597900 1103.694580 322.845734
v -1458.552124 1103.132202 323.891541
v -1458.843994 1104.044189 323.599701
v -1457.572266 1103.818359 324.871399
v -1458.122559 1104.525024 324.321045
v -1456.677979 1104.708008 325.765717
v -1457.445557 1105.131836 324.998108
v -1457.109741 1105.500610 325.333893
v -1455.890137 1105.780151 326.553528
v -1456.523315 1106.282471 325.920380
v -1455.227295 1107.010010 327.216400
v -1455.955811 1107.270386 326.487823
v -1454.704956 1108.368408 327.738739
v -1455.494141 1108.353149 326.949554
v -1455.145264 1109.506470 327.298370
v -1466.308350 1106.926392 316.135345
v -1465.765259 1106.056030 316.678375
v -1465.765747 1104.708008 316.677917
v -1465.155396 1105.298340 317.288208
v -1464.871460 1103.818359 317.572235
v -1464.862793 1104.996826 317.580902
v -1464.160645 1104.404541 318.283051
v -1463.891602 1103.132202 318.552094
v -1463.438721 1103.957153 319.004974
v -1462.849121 1102.665649 319.594543
v -1462.691895 1103.640625 319.751770
v -1461.768555 1102.429688 320.675140
v -1461.933472 1103.455811 320.510162
v -1461.221802 1103.400024 321.221832
v -1449.908081 1122.599976 309.908112
v -1450.998291 1122.481689 308.817932
v -1452.062988 1122.129272 307.753296
v -1453.077026 1121.551270 306.739166
v -1454.016968 1120.761108 305.799316
v -1454.860474 1119.777222 304.955780
v -1455.587891 1118.622925 304.228302
v -1456.182251 1117.324951 303.633972
v -1456.629517 1115.913940 303.186707
v -1456.919312 1114.422974 302.896973
v -1457.044678 1112.886841 302.771576
v -1457.002808 1111.341675 302.813446
v -1456.794556 1109.823730 303.021637
v -1456.425049 1108.368408 303.391205
v -1455.902710 1107.010010 303.913544
v -1455.239868 1105.780151 304.576385
v -1454.452026 1104.708008 305.364227
v -1453.557739 1103.818359 306.258545
v -1452.577881 1103.132202 307.238403
v -1451.535400 1102.665649 308.280823
v -1450.454834 1102.429688 309.361420
v -1449.361450 1102.429688 310.454803
v -1448.280884 1102.665649 311.535400
v -1447.238403 1103.132202 312.577850
v -1446.258545 1103.818359 313.557709
v -1445.364258 1104.708008 314.452026
v -1444.576416 1105.780151 315.239838
v -1443.913574 1107.010010 315.902679
v -1443.391235 1108.368408 316.425018
v -1443.021606 1109.823730 316.794586
v -1442.813477 1111.341675 317.002777
v -1442.771606 1112.886841 317.044647
v -1442.896973 1114.422974 316.919250
v -1443.186646 1115.913940 316.629517
v -1443.634033 1117.324951 316.182251
v -1444.228271 1118.622925 315.587921
v -1444.955811 1119.777222 314.860443
v -1445.799316 1120.761108 314.016907
v -1446.739136 1121.551270 313.077057
v -1447.753296 1122.129272 312.062927
v -1448.817871 1122.481689 310.998291
v -1474.511475 1111.279785 321.758911
v -1474.513550 1111.282349 321.760498
v -1474.513550 1101.500000 321.760437
v -1475.434692 1101.500000 322.565338
v -1474.540039 1111.315186 321.780701
v -1475.048706 1111.970459 322.201172
v -1473.388672 1109.966431 321.028198
v -1473.502441 1110.092163 321.091858
v -1473.502075 1101.500000 321.091705
v -1474.009521 1110.672852 321.402985
v -1472.116821 1108.659546 320.450409
v -1472.424316 1108.960571 320.568878
v -1472.423218 1101.500000 320.568390
v -1472.791138 1109.331543 320.727356
v -1470.145386 1101.500000 319.972351
v -1470.145752 1106.927002 319.972412
v -1471.297363 1101.500000 320.194794
v -1470.190308 1106.962524 319.978180
v -1470.832520 1107.492920 320.086426
v -1471.298950 1107.900146 320.195190
v -1471.497070 1108.078857 320.249329
v -1467.841309 1101.500000 319.974060
v -1467.843994 1105.300049 319.973724
v -1468.986938 1101.500000 319.900024
v -1468.206543 1105.529053 319.934662
v -1468.836670 1105.951660 319.901459
v -1468.988281 1106.057983 319.899994
v -1469.510986 1106.437622 319.914368
v -1466.214355 1101.500000 320.336853
v -1466.214966 1104.406616 320.336639
v -1467.335449 1101.500000 320.053528
v -1466.335205 1104.464844 320.298920
v -1466.948364 1104.781128 320.134308
v -1467.575195 1105.137207 320.012238
v -1465.169067 1103.955444 320.745636
v -1465.175781 1103.958008 320.742523
v -1465.176147 1101.500000 320.742401
v -1465.740479 1104.189331 320.503784
v -1463.316406 1101.500000 321.893158
v -1463.316895 1103.456665 321.892822
v -1464.205566 1101.500000 321.265442
v -1463.676758 1103.517822 321.619385
v -1464.177002 1103.633301 321.283234
v -1464.205811 1103.640991 321.265289
v -1464.671265 1103.779175 320.995483
v -1462.336548 1103.406128 322.802612
v -1462.565308 1103.400024 322.565338
v -1462.565308 1101.500000 322.565338
v -1462.752075 1103.403809 322.383789
v -1463.200439 1103.441162 321.987488
v -1461.946411 1103.447632 323.250549
v -1461.771729 1101.500000 323.471649
v -1461.771362 1103.480713 323.472107
v -1461.149170 1103.694824 324.398438
v -1461.237671 1103.653076 324.250671
v -1461.149658 1101.500000 324.397522
v -1461.583618 1103.527832 323.726807
v -1460.642456 1104.045044 325.399780
v -1460.691162 1104.000854 325.288788
v -1460.642944 1101.500000 325.398712
v -1460.956787 1103.802856 324.743530
v -1460.459717 1104.239502 325.857666
v -1460.261597 1101.500000 326.460083
v -1460.273926 1104.504150 326.418213
v -1460.013550 1105.132324 327.566803
v -1460.125244 1104.801636 326.987793
v -1460.013672 1101.500000 327.566223
v -1460.261475 1104.525269 326.460693
v -1460.007446 1105.155640 327.605988
v -1459.938599 1101.500000 328.162720
v -1459.930420 1105.561279 328.256622
v -1459.900879 1105.975342 328.871796
v -1459.905029 1101.500000 329.302124
v -1459.905151 1106.284302 329.304413
v -1460.036499 1107.272217 330.570282
v -1459.977173 1106.956177 330.182556
v -1460.036133 1101.500000 330.568146
v -1459.914673 1106.441772 329.517395
v -1460.340698 1108.355347 331.797577
v -1460.235229 1108.032837 331.447021
v -1460.339966 1101.500000 331.795471
v -1460.082275 1107.475342 330.811951
v -1460.807251 1109.507690 332.960846
v -1460.701172 1109.271973 332.733612
v -1460.806641 1101.500000 332.959778
v -1460.455444 1108.671753 332.130554
v -1461.424072 1110.707764 334.041443
v -1461.327637 1110.534668 333.893250
v -1461.423828 1101.500000 334.040985
v -1460.987549 1109.885010 333.313995
v -1462.176514 1111.932983 335.020782
v -1462.104126 1111.823242 334.937805
v -1462.176758 1101.500000 335.021088
v -1461.674072 1111.137329 334.398224
v -1462.978882 1101.500000 335.823212
v -1475.434692 1101.500000 335.434662
v -1476.241943 1101.500000 334.510406
v -1476.861694 1101.500000 333.582916
v -1477.366089 1101.500000 332.580353
v -1477.744751 1101.500000 331.517944
v -1478.008545 1101.500000 330.286926
v -1478.098755 1101.500000 329.152740
v -1478.046265 1101.500000 328.012054
v -1477.821289 1101.500000 326.764954
v -1477.428345 1101.500000 325.568939
v -1476.879028 1101.500000 324.446991
v -1476.186890 1101.500000 323.418091
v -1463.945312 1101.500000 336.567047
v -1464.990601 1101.500000 337.169128
v -1466.093750 1101.500000 337.623444
v -1467.234253 1101.500000 337.927032
v -1468.391724 1101.500000 338.079651
v -1469.546509 1101.500000 338.083588
v -1470.734497 1101.500000 337.933167
v -1472.862061 1101.500000 337.239838
v -1471.824829 1101.500000 337.650452
v -1473.829590 1101.500000 336.712646
v -1474.715454 1101.500000 336.081238
v -1478.441162 1114.494629 319.558838
v -1459.349243 1114.494629 300.466949
v -1459.447144 1113.013428 300.369080
v -1463.973389 1100.086670 316.470703
v -1464.601562 1100.365112 316.236633
v -1454.090088 1100.364502 305.726105
v -1466.886963 1101.577759 315.666382
v -1467.393677 1101.886230 315.595917
v -1455.805664 1101.884521 304.010529
v -1476.697998 1110.101440 317.909851
v -1477.295044 1110.834106 318.349030
v -1459.381104 1110.833862 300.435150
v -1478.424194 1112.328857 319.333801
v -1478.545898 1112.500000 319.454071
v -1478.516724 1113.556274 319.483337
v -1459.453247 1112.328857 300.362946
v -1477.358887 1110.914673 318.399139
v -1475.279541 1108.490356 317.049347
v -1476.020020 1109.310303 317.468750
v -1459.191040 1109.352539 300.625244
v -1476.057251 1109.352661 317.491516
v -1473.834473 1107.005737 316.395325
v -1474.564697 1107.737671 316.700226
v -1458.883667 1107.903442 300.932556
v -1474.725952 1107.904297 316.774506
v -1472.304077 1105.580811 315.910583
v -1473.081177 1106.286743 316.131653
v -1458.461182 1106.505127 301.354980
v -1473.315430 1106.506714 316.208344
v -1470.742798 1104.266357 315.612976
v -1471.512329 1104.897217 315.735840
v -1457.927246 1105.176270 301.888977
v -1471.842651 1105.178101 315.802673
v -1469.154663 1103.064087 315.500885
v -1469.946655 1103.647095 315.533234
v -1457.286621 1103.934692 302.529572
v -1470.324463 1103.936768 315.565125
v -1467.657837 1102.052490 315.566895
v -1468.406860 1102.543945 315.513031
v -1456.547119 1102.799561 303.269135
v -1468.782227 1102.801270 315.501770
v -1464.679199 1100.401245 316.210114
v -1465.368042 1100.737671 315.997711
v -1454.946777 1101.033813 304.869415
v -1465.932983 1101.034668 315.853027
v -1466.131470 1101.143555 315.808289
v -1462.629272 1099.579102 317.097717
v -1463.289062 1099.812500 316.767426
v -1453.192139 1099.823975 306.624084
v -1463.320923 1099.824585 316.752625
v -1461.386230 1099.233521 317.851868
v -1452.262939 1099.417236 307.553253
v -1460.963257 1099.147095 318.152802
v -1451.312866 1099.146973 308.503357
v -1460.795532 1099.117798 318.279144
v -1462.026733 1099.395386 317.440460
v -1462.104492 1099.417358 317.393921
v -1449.314941 1099.026123 310.501251
v -1458.879150 1099.026245 320.065857
v -1459.170898 1099.006226 319.745911
v -1450.350342 1099.014526 309.465851
v -1459.682983 1099.003784 319.230530
v -1459.906738 1099.014526 319.021881
v -1460.220581 1099.040405 318.744690
v -1458.685303 1099.047852 320.290344
v -1448.371460 1099.176025 311.444733
v -1458.232300 1099.128174 320.857117
v -1457.305908 1099.461426 322.254761
v -1457.425537 1099.402222 322.051422
v -1447.434570 1099.461060 312.381714
v -1457.821045 1099.243652 321.431549
v -1458.041504 1099.176147 321.115814
v -1457.076050 1099.592529 322.670044
v -1446.514404 1099.881958 313.301880
v -1456.754028 1099.823242 323.317993
v -1445.621582 1100.437622 314.194611
v -1456.183960 1100.437744 324.757507
v -1456.196899 1100.419434 324.718597
v -1456.456543 1100.101318 324.008820
v -1456.683350 1099.882690 323.472656
v -1455.996094 1100.740967 325.373932
v -1444.765625 1101.126343 315.050598
v -1455.815063 1101.126587 326.100342
v -1443.987671 1101.910156 315.828613
v -1455.665283 1101.581543 326.893646
v -1455.809692 1101.140381 326.125244
v -1455.594727 1101.913208 327.433258
v -1455.572021 1102.020264 327.607391
v -1443.237549 1102.843018 316.578674
v -1455.514282 1102.524414 328.377991
v -1455.500854 1102.844971 328.844879
v -1455.501343 1103.086792 329.186523
v -1442.555664 1103.890015 317.260590
v -1455.532349 1103.637329 329.933960
v -1455.769531 1105.042480 331.684082
v -1455.745117 1104.938232 331.561005
v -1441.951294 1105.041626 317.864960
v -1455.611938 1104.260010 330.734924
v -1455.559570 1103.891968 330.266846
v -1455.905273 1105.562012 332.282837
v -1441.433228 1106.286987 318.383026
v -1456.131958 1106.287231 333.081940
v -1456.141113 1106.314331 333.111023
v -1441.009521 1107.613525 318.806763
v -1456.412598 1107.049438 333.879120
v -1457.127686 1108.649170 335.426422
v -1456.731201 1107.807739 334.632690
v -1440.687134 1109.007324 319.129028
v -1456.646484 1107.614624 334.444458
v -1457.950684 1110.171753 336.756500
v -1457.507202 1109.381836 336.082825
v -1440.472534 1110.453247 319.343689
v -1457.309814 1109.008301 335.751984
v -1458.902588 1111.696655 337.960632
v -1458.391724 1110.903198 337.349579
v -1440.370605 1111.934326 319.445679
v -1458.117310 1110.453613 336.988647
v -1459.456177 1112.785400 338.543823
v -1459.454102 1112.500000 338.545929
v -1440.384644 1113.425293 319.431610
v -1459.062378 1111.934448 338.137421
v -1448.852539 1125.917236 310.963654
v -1449.908081 1126.000000 309.908112
v -1468.535889 1125.984009 329.464142
v -1467.062866 1125.719116 330.937134
v -1447.897583 1125.697144 311.918640
v -1467.794312 1125.891846 330.205658
v -1467.944458 1125.917236 330.055542
v -1466.989502 1125.697144 331.010529
v -1466.345703 1125.467651 331.654266
v -1446.959595 1125.339844 312.856659
v -1465.140991 1124.847656 332.859039
v -1446.049072 1124.847656 313.767151
v -1465.647095 1125.139893 332.352875
v -1466.051514 1125.339844 331.948517
v -1464.970947 1124.738647 333.029053
v -1464.320923 1124.267090 333.679047
v -1445.176147 1124.224731 314.640045
v -1464.268066 1124.224731 333.731903
v -1463.700684 1123.728760 334.299347
v -1444.350708 1123.476440 315.465485
v -1462.768311 1122.726562 335.231689
v -1443.676392 1122.726562 316.139801
v -1463.113403 1123.127563 334.886627
v -1463.442627 1123.476440 334.557373
v -1462.562134 1122.467773 335.437927
v -1462.049561 1121.753784 335.950409
v -1442.890869 1121.652344 316.925354
v -1461.290771 1120.461548 336.709198
v -1442.198975 1120.461548 317.617310
v -1461.578369 1120.990479 336.421631
v -1461.982788 1121.652344 336.017242
v -1461.161987 1120.205933 336.838013
v -1460.778076 1119.359253 337.221954
v -1441.610474 1119.174438 318.205750
v -1460.223145 1117.808960 337.776825
v -1441.131348 1117.808960 318.684937
v -1460.441284 1118.479004 337.558655
v -1460.702393 1119.174438 337.297638
v -1460.152832 1117.569946 337.847198
v -1459.913452 1116.637573 338.086517
v -1440.765625 1116.383179 319.050629
v -1459.608154 1114.915649 338.391876
v -1440.516235 1114.915649 319.299988
v -1459.723999 1115.687500 338.276031
v -1459.857422 1116.383179 338.142517
v -1459.584595 1114.725098 338.415375
v -1459.495483 1113.755859 338.504547
v -1459.476562 1113.425293 338.523499
v -1477.972900 1111.712769 318.913513
v -1459.138550 1115.942139 300.677673
v -1478.437744 1114.526855 319.562256
v -1478.309082 1115.488647 319.690918
v -1478.230469 1115.942139 319.769562
v -1478.131104 1116.436279 319.868835
v -1458.819946 1117.338013 300.996216
v -1477.911865 1117.338013 320.088104
v -1458.399780 1118.667114 301.416473
v -1477.904663 1117.364624 320.095337
v -1477.630615 1118.268555 320.369415
v -1476.976807 1119.915649 321.023193
v -1457.884888 1119.915649 301.931305
v -1477.271973 1119.238037 320.728088
v -1477.491699 1118.667114 320.508362
v -1476.859741 1120.161499 321.140228
v -1476.410767 1121.009521 321.589233
v -1457.283447 1121.070801 302.532745
v -1476.375366 1121.070801 321.624634
v -1475.903687 1121.823486 322.096313
v -1456.604126 1122.121582 303.212067
v -1475.696045 1122.121582 322.303955
v -1475.353638 1122.575439 322.646393
v -1455.856323 1123.058716 303.959869
v -1474.140259 1123.875732 323.859772
v -1455.014526 1123.906128 304.801727
v -1474.764404 1123.260742 323.235565
v -1474.948242 1123.058716 323.051758
v -1474.106445 1123.906128 323.893616
v -1473.485107 1124.417114 324.514862
v -1454.159180 1124.587402 305.657013
v -1473.251099 1124.587402 324.748901
v -1472.803589 1124.882080 325.196472
v -1453.265015 1125.137695 306.551178
v -1472.356934 1125.137695 325.643036
v -1472.099854 1125.268433 325.900208
v -1452.343994 1125.553101 307.472198
v -1471.435913 1125.553101 326.564087
v -1451.406616 1125.832642 308.409668
v -1471.378540 1125.574219 326.621521
v -1470.644165 1125.798218 327.355865
v -1470.498413 1125.832642 327.501556
v -1469.901367 1125.939697 328.098633
v -1450.463013 1125.977173 309.353180
v -1469.154785 1125.998169 328.845215
v -1469.000000 1126.000000 329.000000
v -1459.474854 1112.784180 338.562439
v -1459.654541 1112.552490 338.742157
v -1459.657104 1112.526367 338.744751
v -1459.577393 1113.750610 338.586487
v -1459.931885 1115.673950 338.484009
v -1462.603271 1112.500000 340.888306
v -1461.977905 1112.500000 340.529938
v -1461.968262 1112.794067 340.520325
v -1460.831421 1118.453491 337.948761
v -1461.225586 1119.329956 337.669464
v -1462.132324 1120.954224 336.975586
v -1466.920532 1112.500000 342.338867
v -1466.610962 1112.500000 342.286926
v -1466.587646 1113.211060 342.263672
v -1462.653320 1121.714355 336.554169
v -1463.806763 1123.082275 335.580017
v -1469.999634 1112.500000 342.462952
v -1469.610352 1112.500000 342.486206
v -1469.580322 1113.419678 342.456116
v -1464.433228 1123.680786 335.031921
v -1471.204102 1112.500000 342.318848
v -1470.628174 1112.500000 342.401459
v -1470.596069 1113.480591 342.369385
v -1465.088623 1124.216797 334.446777
v -1466.471802 1125.085938 333.177551
v -1473.872070 1112.500000 341.590179
v -1473.625000 1112.500000 341.683044
v -1473.588013 1113.629272 341.646149
v -1467.191772 1125.412354 332.500305
v -1475.130615 1112.500000 341.027679
v -1474.584839 1112.500000 341.290619
v -1474.546753 1113.666260 341.252502
v -1467.925293 1125.662720 331.799622
v -1476.321289 1112.500000 340.342346
v -1475.515259 1112.500000 340.823761
v -1475.476196 1113.696533 340.784637
v -1469.415649 1125.926514 330.343903
v -1470.035522 1125.940674 329.725861
v -1479.084717 1112.500000 337.974854
v -1478.545898 1112.500000 338.545929
v -1478.658813 1113.745483 338.349182
v -1471.511719 1125.741577 328.223480
v -1479.926025 1112.500000 336.929138
v -1479.404663 1112.500000 337.601929
v -1479.364136 1113.740112 337.561371
v -1472.932861 1125.213989 326.733246
v -1473.611328 1124.829224 326.004333
v -1481.293213 1112.500000 334.579254
v -1481.128418 1112.500000 334.928833
v -1481.089966 1113.678101 334.890320
v -1474.262695 1124.366211 325.292358
v -1481.798218 1112.500000 333.295990
v -1481.558960 1112.500000 333.951935
v -1481.521606 1113.642456 333.914581
v -1474.882446 1123.827148 324.601959
v -1476.010986 1122.532471 323.303772
v -1482.414429 1112.500000 330.517914
v -1482.373413 1112.500000 330.844543
v -1482.340942 1113.492920 330.812073
v -1476.511963 1121.783691 322.704590
v -1482.499512 1112.500000 329.107483
v -1482.478027 1112.500000 329.770782
v -1482.447632 1113.429688 329.740387
v -1476.965942 1120.973145 322.144440
v -1477.711548 1119.209229 321.167694
v -1482.220459 1112.500000 326.266815
v -1482.277222 1112.500000 326.557709
v -1482.254150 1113.206909 326.534607
v -1481.852539 1112.500000 324.869202
v -1482.036377 1112.500000 325.492584
v -1482.016113 1113.121704 325.472260
v -1478.387939 1116.419434 320.125671
v -1480.664429 1112.500000 322.203491
v -1480.914551 1112.500000 322.652191
v -1480.902588 1112.863159 322.640320
v -1478.701050 1114.492310 319.825592
v -1478.653931 1113.538330 319.620575
v -1478.721069 1113.515991 319.687714
v -1478.585571 1113.551758 319.552246
v -1479.260376 1112.597412 320.227051
v -1478.902100 1112.500000 319.824005
v -1478.569946 1114.518188 319.694489
v -1478.504028 1115.475830 319.885895
v -1480.422363 1112.500000 321.804169
v -1478.697388 1115.437744 320.079224
v -1478.829956 1114.449463 319.954468
v -1478.786499 1113.484985 319.753143
v -1478.222046 1117.343872 320.412720
v -1478.642578 1116.369263 320.380280
v -1478.887451 1115.374512 320.269226
v -1478.955444 1114.390015 320.079987
v -1478.849609 1113.445557 319.816254
v -1478.006958 1118.243896 320.745758
v -1478.380127 1118.170288 321.118927
v -1478.536743 1117.281738 320.727417
v -1478.845947 1117.178955 321.036682
v -1478.892822 1116.286011 320.630554
v -1479.136597 1116.170410 320.874298
v -1479.072510 1115.286743 320.454315
v -1479.251099 1115.175293 320.632874
v -1479.076538 1114.314331 320.201080
v -1479.192261 1114.223267 320.316742
v -1478.909912 1113.398071 319.876526
v -1478.966797 1113.342896 319.933441
v -1477.359619 1120.128784 321.640106
v -1478.147339 1119.123291 321.603546
v -1478.746826 1118.048340 321.485657
v -1479.147217 1117.036133 321.337952
v -1479.371826 1116.023560 321.109497
v -1479.421631 1115.041016 320.803406
v -1479.301392 1114.117432 320.425934
v -1479.019897 1113.280640 319.986511
v -1477.855225 1120.031006 322.135681
v -1478.575806 1118.980835 322.031952
v -1479.104126 1117.879028 321.842896
v -1479.437866 1116.854614 321.628601
v -1479.596436 1115.846680 321.334106
v -1479.582642 1114.885010 320.964447
v -1479.403320 1113.997803 320.527771
v -1479.068604 1113.211670 320.035278
v -1477.516357 1120.864624 322.694885
v -1478.342285 1119.869019 322.622803
v -1478.993042 1118.782959 322.449219
v -1479.448730 1117.663818 322.187561
v -1479.715454 1116.635986 321.906158
v -1479.808472 1115.641235 321.546204
v -1479.732788 1114.708618 321.114594
v -1479.496826 1113.865479 320.621399
v -1479.112671 1113.136597 320.079376
v -1477.115112 1121.664795 323.307709
v -1478.057373 1120.684692 323.235901
v -1478.816772 1119.644165 323.097260
v -1479.395630 1118.531616 322.851807
v -1479.777832 1117.404541 322.516693
v -1479.977539 1116.382080 322.168274
v -1480.006226 1115.408936 321.743988
v -1479.870850 1114.513428 321.252625
v -1479.581421 1113.721436 320.705963
v -1479.151733 1113.056030 320.118347
v -1475.466553 1123.214844 323.937622
v -1476.662720 1122.403809 323.955505
v -1477.707886 1121.467651 323.900482
v -1478.584351 1120.434814 323.762878
v -1479.274536 1119.358276 323.555023
v -1479.780151 1118.228760 323.236267
v -1480.088745 1117.103394 322.827545
v -1480.222046 1116.094971 322.412720
v -1480.188110 1115.151855 321.925781
v -1479.995483 1114.301025 321.377319
v -1479.656250 1113.567017 320.780762
v -1479.185303 1112.970825 320.151917
v -1476.162598 1123.077515 324.633698
v -1477.303223 1122.190796 324.596069
v -1478.285278 1121.193970 324.477875
v -1479.092773 1120.117432 324.271301
v -1479.711670 1119.013916 323.992157
v -1480.143188 1117.877075 323.599335
v -1480.378540 1116.762939 323.117401
v -1480.446655 1115.777222 322.637390
v -1480.352295 1114.872070 322.090027
v -1480.105835 1114.073242 321.487640
v -1479.720703 1113.403442 320.845184
v -1479.213135 1112.881592 320.179779
v -1475.618286 1123.682007 325.337830
v -1476.846680 1122.849976 325.317871
v -1477.927246 1121.895020 325.220032
v -1478.842285 1120.846069 325.034943
v -1479.578369 1119.734863 324.756836
v -1480.124512 1118.614014 324.404999
v -1480.481689 1117.479492 323.937897
v -1480.645020 1116.386230 323.383789
v -1480.649658 1115.431519 322.840363
v -1480.497559 1114.572144 322.235291
v -1480.200806 1113.832153 321.582611
v -1479.774170 1113.232178 320.898651
v -1479.235107 1112.789062 320.201721
v -1475.033569 1124.214233 326.063232
v -1476.341553 1123.441406 326.061066
v -1477.513062 1122.534058 325.984253
v -1478.529175 1121.519165 325.822021
v -1479.374268 1120.427002 325.566925
v -1480.036865 1119.290771 325.215363
v -1480.509521 1118.161865 324.789978
v -1480.792969 1117.039429 324.249084
v -1480.885620 1115.976318 323.624481
v -1480.829224 1115.060913 323.019928
v -1480.622681 1114.254517 322.360413
v -1480.279663 1113.579590 321.661469
v -1479.816162 1113.054688 320.940735
v -1479.250854 1112.694092 320.217499
v -1474.412354 1124.671265 326.805267
v -1475.791260 1123.962158 326.820923
v -1477.046021 1123.107544 326.765533
v -1478.156006 1122.132568 326.627167
v -1479.104126 1121.066284 326.396912
v -1479.876709 1119.940308 326.069305
v -1480.464478 1118.788574 325.642944
v -1480.863281 1117.661499 325.143799
v -1481.074097 1116.560547 324.530243
v -1481.098633 1115.536743 323.837402
v -1480.983887 1114.668335 323.174530
v -1480.726562 1113.921997 322.464233
v -1480.341675 1113.317871 321.723511
v -1479.846558 1112.872437 320.971039
v -1472.231445 1125.518433 327.474518
v -1473.758789 1125.051025 327.559204
v -1475.199585 1124.409424 327.592529
v -1476.529175 1123.612305 327.558899
v -1477.725708 1122.683105 327.445221
v -1478.770020 1121.648926 327.241180
v -1479.646973 1120.540283 326.939789
v -1480.345215 1119.390137 326.537781
v -1480.857422 1118.232788 326.035950
v -1481.182983 1117.117065 325.463470
v -1481.322754 1116.047119 324.778931
v -1481.281982 1115.071289 324.020752
v -1481.112183 1114.257324 323.302856
v -1480.808228 1113.577148 322.545959
v -1480.386353 1113.049194 321.768188
v -1479.864868 1112.687012 320.989319
v -1473.077271 1125.351685 328.320251
v -1474.570557 1124.781006 328.371002
v -1475.966309 1124.046021 328.359314
v -1477.241211 1123.167725 328.270935
v -1478.374756 1122.171753 328.094299
v -1479.349854 1121.087280 327.820984
v -1480.153320 1119.945801 327.446075
v -1480.775757 1118.781250 326.968384
v -1481.212524 1117.628052 326.390991
v -1481.465820 1116.533203 325.746277
v -1481.536865 1115.503418 324.993103
v -1481.434082 1114.583862 324.172913
v -1481.213135 1113.831299 323.403839
v -1480.867065 1113.223267 322.604797
v -1480.413330 1112.775757 321.795166
v -1470.778198 1125.882324 328.975494
v -1472.371948 1125.571777 329.083710
v -1473.908447 1125.075195 329.151489
v -1475.361328 1124.406250 329.161713
v -1476.706177 1123.583984 329.099121
v -1477.921265 1122.632080 328.950928
v -1478.987671 1121.578003 328.707275
v -1479.890503 1120.452271 328.361694
v -1480.618530 1119.287720 327.911377
v -1481.164795 1118.118652 327.357422
v -1481.526611 1116.979614 326.705109
v -1481.709351 1115.915039 325.989777
v -1481.714722 1114.934082 325.170837
v -1481.553833 1114.078613 324.292664
v -1481.285889 1113.393921 323.476562
v -1479.851562 1112.500000 320.969238
v -1479.263550 1112.500000 320.230225
v -1471.647583 1125.710815 329.844849
v -1473.217407 1125.290649 329.929199
v -1474.718140 1124.691406 329.961151
v -1476.124268 1123.929810 329.924591
v -1477.412720 1123.027466 329.805634
v -1478.563354 1122.010010 329.593048
v -1479.559326 1120.906738 329.278870
v -1480.387573 1119.749390 328.858673
v -1481.038940 1118.571777 328.331787
v -1481.508911 1117.408203 327.701538
v -1481.796997 1116.292969 326.975555
v -1481.911377 1115.267700 326.191895
v -1481.854492 1114.343994 325.310699
v -1481.640137 1113.559937 324.378906
v -1481.329712 1112.948853 323.520477
v -1481.332886 1112.500000 323.509125
v -1470.908691 1125.768433 330.599030
v -1472.502075 1125.426636 330.699341
v -1474.041016 1124.900269 330.752716
v -1475.499268 1124.203613 330.742310
v -1476.852783 1123.355957 330.653168
v -1478.079834 1122.381104 330.472809
v -1479.162109 1121.306885 330.191864
v -1480.084717 1120.163696 329.804230
v -1480.836548 1118.984741 329.307648
v -1481.410889 1117.803955 328.703674
v -1481.805298 1116.655884 327.997864
v -1482.021606 1115.573975 327.200043
v -1482.070435 1114.596680 326.350922
v -1481.955322 1113.738159 325.411469
v -1481.692139 1113.032227 324.430969
v -1481.709595 1112.500000 324.448364
v -1468.668091 1125.834717 331.079376
v -1470.287842 1125.754395 331.216156
v -1471.766846 1125.482910 331.457214
v -1473.334351 1125.032104 331.531616
v -1474.835571 1124.404053 331.547272
v -1476.245239 1123.615967 331.488312
v -1477.540771 1122.689453 331.341156
v -1478.702026 1121.650513 331.095001
v -1479.712524 1120.528442 330.742218
v -1480.559326 1119.355347 330.278900
v -1481.233643 1118.164795 329.704834
v -1481.731079 1116.990967 329.023895
v -1482.051270 1115.868042 328.243835
v -1482.198120 1114.828735 327.376648
v -1482.185059 1113.907837 326.465485
v -1469.534302 1125.663818 331.945679
v -1471.145142 1125.469238 332.073425
v -1472.602783 1125.086670 332.293152
v -1474.137329 1124.530762 332.334595
v -1475.594360 1123.806396 332.306061
v -1476.949707 1122.933472 332.192810
v -1478.182373 1121.935913 331.982758
v -1479.273926 1120.841797 331.666840
v -1480.209717 1119.681641 331.239471
v -1480.979248 1118.488525 330.698792
v -1481.575684 1117.296509 330.046844
v -1481.996826 1116.139648 329.289703
v -1482.244751 1115.051514 328.437347
v -1482.325439 1114.063599 327.503906
v -1468.780396 1125.494019 332.654724
v -1470.385742 1125.380615 332.797119
v -1471.980103 1125.073486 332.908478
v -1473.409180 1124.583130 333.099640
v -1474.904175 1123.926636 333.101471
v -1476.310913 1123.112183 333.022614
v -1477.606689 1122.161987 332.849762
v -1478.772095 1121.102051 332.572449
v -1479.790527 1119.961914 332.183472
v -1480.649658 1118.773560 331.679321
v -1481.340698 1117.570557 331.060303
v -1481.859619 1116.387207 330.330719
v -1482.206055 1115.257202 329.498810
v -1482.384155 1114.213135 328.576782
v -1482.402222 1113.285156 327.580688
v -1482.435791 1112.500000 327.685089
v -1468.030640 1125.246826 333.339142
v -1469.620850 1125.214478 333.495148
v -1471.215088 1124.987549 333.626434
v -1472.785767 1124.570435 333.714111
v -1474.179443 1123.976440 333.869843
v -1475.628418 1123.225098 333.825653
v -1476.979126 1122.327515 333.690826
v -1478.210571 1121.308105 333.453583
v -1479.304810 1120.194702 333.105194
v -1480.247559 1119.018311 332.640503
v -1481.028320 1117.811890 332.058075
v -1481.640869 1116.609375 331.360413
v -1482.082886 1115.444824 330.554077
v -1482.356689 1114.351318 329.649475
v -1482.468262 1113.360229 328.660889
v -1482.496460 1112.500000 328.689026
v -1465.769409 1124.686401 333.827545
v -1467.289429 1124.924683 333.995178
v -1468.855103 1124.972656 334.163605
v -1470.439453 1124.826416 334.313782
v -1472.015259 1124.487915 334.426575
v -1473.555176 1123.964355 334.483490
v -1474.906738 1123.271851 334.597168
v -1476.303711 1122.432007 334.500946
v -1477.593262 1121.458984 334.304993
v -1478.756104 1120.379028 333.999084
v -1479.776123 1119.221680 333.576508
v -1480.641113 1118.019165 333.034027
v -1481.342773 1116.804932 332.372467
v -1481.876953 1115.613159 331.596527
v -1482.243896 1114.477295 330.714966
v -1466.561157 1124.530273 334.619202
v -1468.093018 1124.657349 334.798798
v -1469.658203 1124.591919 334.966675
v -1471.229370 1124.333252 335.103607
v -1472.779419 1123.885986 335.190704
v -1474.281738 1123.260498 335.210052
v -1475.584961 1122.475342 335.275421
v -1476.924438 1121.554199 335.121643
v -1478.148071 1120.514038 334.859863
v -1479.238647 1119.382690 334.481689
v -1480.181885 1118.191406 333.982300
v -1480.967773 1116.972900 333.360687
v -1481.590088 1115.761230 332.619812
v -1482.047119 1114.590332 331.766632
v -1465.849854 1124.066650 335.207947
v -1467.339233 1124.271362 335.397339
v -1468.875854 1124.286377 335.581543
v -1470.432983 1124.108154 335.741455
v -1471.983643 1123.739136 335.857880
v -1473.500977 1123.187012 335.912292
v -1474.959351 1122.464844 335.887604
v -1476.208374 1121.593750 335.898804
v -1477.485107 1120.599243 335.682404
v -1478.638916 1119.500610 335.350708
v -1479.654175 1118.327637 334.897186
v -1480.518799 1117.112427 334.319153
v -1481.224731 1115.888550 333.617706
v -1481.768311 1114.689697 332.798035
v -1482.149780 1113.549561 331.869293
v -1482.171753 1112.500000 331.958954
v -1465.159668 1123.537476 335.758301
v -1466.598022 1123.817871 335.956055
v -1468.097168 1123.912109 336.155243
v -1469.630981 1123.814697 336.336761
v -1471.172852 1123.525269 336.481384
v -1472.695923 1123.049072 336.570160
v -1474.173950 1122.396729 336.585205
v -1475.582031 1121.584106 336.510345
v -1476.771606 1120.634521 336.462036
v -1477.981201 1119.575073 336.178497
v -1479.061646 1118.427490 335.773346
v -1479.999023 1117.222900 335.242126
v -1480.783813 1115.994263 334.584167
v -1481.409912 1114.775146 333.802856
v -1481.875854 1113.599609 332.905548
v -1481.911743 1112.500000 332.941498
v -1463.212402 1122.425293 336.088257
v -1464.494263 1122.946655 336.267487
v -1465.873535 1123.300049 336.472198
v -1467.326660 1123.472412 336.684784
v -1468.828369 1123.455566 336.886475
v -1470.352295 1123.246582 337.057983
v -1471.871582 1122.848389 337.180115
v -1473.360107 1122.269043 337.234406
v -1474.792358 1121.522095 337.203705
v -1476.144653 1120.625977 337.072968
v -1477.269897 1119.605957 336.960266
v -1478.408325 1118.490601 336.605621
v -1479.412476 1117.303833 336.124176
v -1480.270386 1116.077881 335.513489
v -1480.974731 1114.846191 334.775116
v -1463.857178 1122.298096 336.733032
v -1465.169922 1122.721802 336.943176
v -1466.568848 1122.970459 337.167572
v -1468.029785 1123.033447 337.387817
v -1469.526733 1122.905518 337.584778
v -1471.033325 1122.586792 337.739075
v -1472.523193 1122.083252 337.831726
v -1473.970581 1121.405640 337.844910
v -1475.351196 1120.570435 337.762482
v -1476.642334 1119.598389 337.570679
v -1477.698853 1118.516724 337.389252
v -1478.762939 1117.354980 336.960175
v -1479.688477 1116.139282 336.400177
v -1480.465942 1114.902344 335.708984
v -1463.251953 1121.596313 337.152771
v -1464.490967 1122.087280 337.366760
v -1465.828003 1122.409912 337.601318
v -1467.239746 1122.551514 337.838440
v -1468.701172 1122.504517 338.059235
v -1470.186157 1122.266602 338.244263
v -1471.668457 1121.840942 338.374176
v -1473.122070 1121.236206 338.430603
v -1474.522217 1120.466309 338.396484
v -1475.845459 1119.549927 338.256775
v -1477.070923 1118.510376 337.999237
v -1478.054932 1117.376099 337.745361
v -1479.041870 1116.177979 337.239136
v -1479.887329 1114.943604 336.599030
v -1480.583984 1113.706299 335.826965
v -1480.665771 1112.500000 335.794006
v -1461.664795 1120.173096 337.340759
v -1462.681519 1120.845947 337.524811
v -1463.840332 1121.400513 337.741119
v -1465.108154 1121.794678 337.984039
v -1466.463013 1122.013428 338.236267
v -1467.880493 1122.046875 338.479156
v -1469.335205 1121.890259 338.693298
v -1470.801147 1121.544434 338.859222
v -1472.252197 1121.015381 338.957947
v -1473.663208 1120.314697 338.971680
v -1475.010132 1119.458984 338.884399
v -1476.271118 1118.469238 338.682404
v -1477.426636 1117.370972 338.354950
v -1478.335083 1116.193970 338.025513
v -1479.242798 1114.969482 337.440094
v -1480.007324 1113.727051 336.719025
v -1480.047363 1112.500000 336.759155
v -1462.163208 1120.074707 337.839233
v -1463.221313 1120.666382 338.064636
v -1464.413330 1121.128906 338.314178
v -1465.703735 1121.422729 338.579620
v -1467.069458 1121.535767 338.842682
v -1468.485474 1121.460693 339.084198
v -1469.926514 1121.195923 339.284546
v -1471.366333 1120.745117 339.424438
v -1472.779541 1120.117188 339.485352
v -1474.141846 1119.326538 339.450317
v -1475.430176 1118.392212 339.304535
v -1476.624390 1117.337769 339.035706
v -1477.706543 1116.190063 338.634827
v -1478.536987 1114.980347 338.227356
v -1461.669312 1119.242432 338.113159
v -1462.653198 1119.911743 338.329163
v -1463.747192 1120.417114 338.590424
v -1464.966187 1120.783691 338.867096
v -1466.272461 1120.974731 339.148346
v -1467.642090 1120.980957 339.415314
v -1469.049805 1120.798096 339.648407
v -1470.469971 1120.427368 339.828003
v -1471.876953 1119.875366 339.935089
v -1473.246094 1119.154053 339.951904
v -1474.553955 1118.280151 339.862457
v -1475.778931 1117.275269 339.653259
v -1476.902344 1116.164917 339.313660
v -1477.908203 1114.977661 338.836456
v -1460.483643 1117.548340 338.177979
v -1461.218140 1118.377197 338.335510
v -1462.105347 1119.097412 338.549286
v -1463.130371 1119.685547 338.806366
v -1464.254395 1120.100342 339.097717
v -1465.494263 1120.367798 339.395111
v -1466.809570 1120.454468 339.685455
v -1468.176025 1120.353882 339.949341
v -1469.568359 1120.064697 340.166992
v -1470.960938 1119.591187 340.318970
v -1472.328735 1118.942749 340.386841
v -1473.647827 1118.134033 340.353607
v -1474.895996 1117.184448 340.204559
v -1476.053345 1116.117554 339.927643
v -1477.102661 1114.960693 339.513916
v -1478.029785 1113.744141 338.958130
v -1478.070557 1112.500000 338.998810
v -1460.183472 1116.619995 338.356476
v -1460.451050 1116.567139 338.624146
v -1460.811523 1117.483643 338.505920
v -1461.133911 1117.376465 338.828278
v -1461.598267 1118.250732 338.715668
v -1461.968628 1118.075195 339.085907
v -1462.530151 1118.895996 338.974060
v -1462.939941 1118.640137 339.383881
v -1463.590820 1119.398071 339.266785
v -1464.030518 1119.051758 339.706482
v -1464.738892 1119.718750 339.582184
v -1465.196411 1119.275513 340.039673
v -1465.992920 1119.884766 339.893738
v -1466.457886 1119.338623 340.358704
v -1467.310425 1119.866211 340.186310
v -1467.770874 1119.215210 340.646667
v -1468.666870 1119.659790 340.440155
v -1469.110352 1118.904541 340.883606
v -1470.036865 1119.266846 340.635498
v -1470.451294 1118.411133 341.049988
v -1471.395264 1118.694580 340.753326
v -1471.769165 1117.744995 341.127289
v -1472.717651 1117.955200 340.775787
v -1473.040527 1116.921143 341.098663
v -1473.981323 1117.066040 340.687073
v -1474.243652 1115.959106 340.949432
v -1475.165161 1116.048706 340.473724
v -1475.359131 1114.882812 340.667633
v -1476.250977 1114.928955 340.125305
v -1476.370361 1113.719727 340.244598
v -1477.223389 1113.735596 339.634766
v -1476.410156 1112.500000 340.284454
v -1477.431885 1112.500000 339.542938
v -1459.729736 1114.715576 338.560547
v -1460.138062 1115.633179 338.690186
v -1460.714111 1116.479736 338.887207
v -1461.447876 1117.227661 339.142242
v -1462.325806 1117.852173 339.443146
v -1463.331421 1118.331787 339.775269
v -1464.445679 1118.649414 340.121704
v -1465.623047 1118.774536 340.466309
v -1466.885254 1118.734253 340.786072
v -1468.186768 1118.506958 341.062561
v -1469.502563 1118.094727 341.275879
v -1470.808228 1117.505127 341.406830
v -1472.079590 1116.750732 341.437714
v -1473.294556 1115.849243 341.352692
v -1474.432739 1114.822632 341.138428
v -1461.151245 1112.705322 339.982056
v -1461.316284 1112.500000 340.100037
v -1460.383545 1112.500000 339.392609
v -1472.558716 1112.500000 342.022522
v -1472.605957 1113.585693 341.964111
v -1472.499878 1114.662231 341.857910
v -1471.505371 1114.563232 342.104034
v -1471.337524 1115.572876 341.936127
v -1470.341309 1115.408325 342.114594
v -1470.120728 1116.339111 341.894012
v -1469.134399 1116.100830 342.010254
v -1468.871460 1116.942993 341.747284
v -1467.906982 1116.624756 341.807861
v -1467.612915 1117.371460 341.513763
v -1466.682739 1116.969727 341.526093
v -1466.369385 1117.616699 341.212677
v -1465.510376 1117.143921 341.186340
v -1465.188843 1117.691406 340.864807
v -1464.362427 1117.121094 340.806305
v -1464.045654 1117.569092 340.489502
v -1463.289551 1116.918579 340.406921
v -1462.989136 1117.271362 340.106476
v -1462.313232 1116.545898 340.007629
v -1462.040039 1116.810547 339.734436
v -1461.453735 1116.017822 339.626740
v -1461.217529 1116.203857 339.390656
v -1460.728638 1115.353271 339.280701
v -1460.538208 1115.472290 339.090240
v -1460.152954 1114.574829 338.983765
v -1460.015137 1114.640137 338.845947
v -1459.738525 1113.708008 338.747559
v -1459.658691 1113.734497 338.667725
v -1473.477661 1114.748779 341.535706
v -1472.323853 1115.720215 341.681946
v -1471.104370 1116.556274 341.703064
v -1469.840332 1117.237061 341.613617
v -1468.554688 1117.747314 341.430481
v -1467.271362 1118.076660 341.172211
v -1466.015137 1118.219971 340.858429
v -1464.832886 1118.194702 340.508911
v -1463.700928 1117.973755 340.144867
v -1462.666992 1117.583496 339.784302
v -1461.750732 1117.038452 339.445160
v -1460.970337 1116.358276 339.143433
v -1460.340820 1115.565796 338.892853
v -1459.873779 1114.687256 338.704498
v -1460.379761 1112.615845 339.388824
v -1459.650269 1112.578125 338.737915
v -1460.368408 1112.730713 339.377472
v -1460.130737 1112.500000 339.177765
v -1459.644409 1112.603149 338.731964
v -1460.349609 1112.843750 339.358704
v -1461.131226 1112.908813 339.961975
v -1459.636841 1112.627197 338.724457
v -1460.323608 1112.953735 339.332642
v -1461.097900 1113.108887 339.928711
v -1461.939453 1113.085693 340.491577
v -1462.826782 1112.881714 340.999786
v -1462.839233 1112.500000 341.012268
v -1459.627808 1112.650269 338.715393
v -1460.290405 1113.059814 339.299500
v -1461.051758 1113.303833 339.882507
v -1461.891846 1113.372314 340.443909
v -1462.789429 1113.260254 340.962463
v -1463.722534 1112.967773 341.416901
v -1463.977173 1112.500000 341.530792
v -1459.617188 1112.671997 338.704834
v -1460.250488 1113.161133 339.259583
v -1460.993042 1113.491821 339.823822
v -1461.825684 1113.651489 340.377747
v -1462.727539 1113.632324 340.900574
v -1463.676758 1113.431641 341.371155
v -1464.651123 1113.051636 341.768433
v -1464.669067 1112.500000 341.786469
v -1459.605347 1112.692261 338.692932
v -1460.204102 1113.256836 339.213226
v -1460.922363 1113.671387 339.753113
v -1461.741577 1113.920776 340.293640
v -1462.641602 1113.994629 340.814697
v -1463.600952 1113.887451 341.295349
v -1464.597168 1113.598633 341.714478
v -1465.607544 1113.132935 342.051483
v -1465.421997 1112.500000 342.017212
v -1459.592163 1112.710938 338.679749
v -1460.151733 1113.346069 339.160828
v -1460.840210 1113.840942 339.670959
v -1461.640259 1114.177979 340.192352
v -1462.532471 1114.344238 340.705536
v -1463.495728 1114.331543 341.190094
v -1464.507690 1114.136230 341.625061
v -1465.545654 1113.760376 341.989563
v -1459.577759 1112.727783 338.665405
v -1460.093750 1113.428101 339.102814
v -1460.747314 1113.999023 339.578125
v -1461.522583 1114.420898 340.074677
v -1462.401001 1114.678223 340.574036
v -1463.361938 1114.759888 341.056366
v -1464.383667 1114.659912 341.500977
v -1465.443115 1114.377075 341.886993
v -1466.518188 1113.916016 342.194153
v -1467.556396 1113.283447 342.399719
v -1467.582031 1112.500000 342.425323
v -1459.562378 1112.742676 338.650055
v -1460.030640 1113.502197 339.039734
v -1460.644653 1114.144409 339.475372
v -1461.389648 1114.647461 339.941681
v -1462.248291 1114.993530 340.421326
v -1463.200806 1115.168945 340.895233
v -1464.225952 1115.165039 341.343231
v -1465.300781 1114.977783 341.744629
v -1466.402954 1114.608887 342.078918
v -1467.479858 1114.060181 342.323090
v -1468.565063 1113.353882 342.465942
v -1468.454468 1112.500000 342.488983
v -1459.546143 1112.755493 338.633759
v -1459.963013 1113.567749 338.972046
v -1460.532837 1114.275635 339.363556
v -1461.242432 1114.855591 339.794495
v -1462.075562 1115.287476 340.248688
v -1463.013672 1115.555298 340.708099
v -1464.035889 1115.647583 341.153198
v -1465.119751 1115.557373 341.563690
v -1466.242920 1115.283691 341.918976
v -1467.352905 1114.823486 342.196136
v -1468.481567 1114.200439 342.382446
v -1459.529053 1112.766113 338.616699
v -1459.891357 1113.624268 338.900391
v -1460.412842 1114.391846 339.243652
v -1461.082275 1115.043701 339.634308
v -1461.884521 1115.557739 340.057587
v -1462.802124 1115.915649 340.496552
v -1463.815186 1116.103149 340.932526
v -1464.901733 1116.110962 341.345673
v -1466.039673 1115.934814 341.715668
v -1467.176636 1115.567139 342.019897
v -1468.343262 1115.032471 342.244080
v -1469.490356 1114.331543 342.366180
v -1459.511475 1112.774536 338.599030
v -1459.816284 1113.671143 338.825348
v -1460.285889 1114.491821 339.116699
v -1460.910522 1115.210083 339.462555
v -1461.676636 1115.801880 339.849670
v -1462.567993 1116.246704 340.262390
v -1463.565674 1116.528076 340.683044
v -1464.648560 1116.633667 341.092499
v -1465.794800 1116.556641 341.470764
v -1466.952637 1116.284546 341.795929
v -1468.151123 1115.842896 342.052002
v -1469.341309 1115.227783 342.217133
v -1470.500244 1114.452759 342.273499
v -1471.606689 1113.536011 342.205353
v -1471.640625 1112.500000 342.239227
v -1459.493286 1112.780518 338.580902
v -1458.879395 1085.500000 320.065643
v -1460.130737 1085.500000 339.177765
v -1459.062500 1085.500000 338.137573
v -1458.117065 1085.500000 336.988281
v -1457.309326 1085.500000 335.751190
v -1456.131836 1085.500000 333.081635
v -1456.645996 1085.500000 334.443329
v -1455.769287 1085.500000 331.682983
v -1455.559326 1085.500000 330.264282
v -1455.500977 1085.500000 328.842072
v -1455.591309 1085.500000 327.432343
v -1455.815186 1085.500000 326.100067
v -1456.184082 1085.500000 324.757080
v -1456.683960 1085.500000 323.471466
v -1457.306519 1085.500000 322.253723
v -1458.041992 1085.500000 321.115143
v -1459.906616 1085.500000 319.022064
v -1460.962769 1085.500000 318.153229
v -1462.104004 1085.500000 317.394196
v -1463.320801 1085.500000 316.752686
v -1464.600830 1085.500000 316.236877
v -1465.930908 1085.500000 315.853485
v -1467.391357 1085.500000 315.596191
v -1468.779785 1085.500000 315.501801
v -1470.322021 1085.500000 315.564880
v -1471.840454 1085.500000 315.802216
v -1473.314087 1085.500000 316.207886
v -1474.725220 1085.500000 316.774139
v -1476.057251 1085.500000 317.491516
v -1477.294800 1085.500000 318.348907
v -1478.424072 1085.500000 319.333771
v -1478.902100 1085.500000 319.824005
v -1477.431885 1085.500000 339.542938
v -1478.545898 1085.500000 338.545929
v -1475.130615 1085.500000 341.027679
v -1476.321289 1085.500000 340.342346
v -1473.872070 1085.500000 341.590179
v -1472.558716 1085.500000 342.022522
v -1471.204102 1085.500000 342.318848
v -1469.999634 1085.500000 342.462952
v -1468.454468 1085.500000 342.488983
v -1466.920532 1085.500000 342.338867
v -1465.421997 1085.500000 342.017212
v -1463.977173 1085.500000 341.530792
v -1462.603271 1085.500000 340.888306
v -1461.316284 1085.500000 340.100037
v -1479.851562 1085.500000 320.969238
v -1480.664429 1085.500000 322.203491
v -1481.332886 1085.500000 323.509125
v -1481.852539 1085.500000 324.869202
v -1482.220459 1085.500000 326.266815
v -1482.435791 1085.500000 327.685089
v -1482.499512 1085.500000 329.107483
v -1482.414429 1085.500000 330.517914
v -1482.171753 1085.500000 331.958954
v -1481.798218 1085.500000 333.295990
v -1481.293213 1085.500000 334.579254
v -1480.665771 1085.500000 335.794006
v -1479.926025 1085.500000 336.929138
v -1479.084717 1085.500000 337.974854
v -1476.667480 1085.500000 335.574127
v -1477.581177 1085.500000 334.326630
v -1478.293701 1085.500000 332.954285
v -1459.864502 1085.500000 333.307373
v -1460.629150 1085.500000 334.651398
v -1461.589966 1085.500000 335.862976
v -1462.724365 1085.500000 336.913696
v -1458.990723 1085.500000 330.350281
v -1459.314087 1085.500000 331.862366
v -1475.574097 1085.500000 336.667511
v -1472.954346 1085.500000 338.293732
v -1474.326660 1085.500000 337.581207
v -1465.404541 1085.500000 338.438385
v -1466.887451 1085.500000 338.876587
v -1468.419922 1085.500000 339.083313
v -1469.965942 1085.500000 339.053711
v -1459.049683 1085.500000 327.267334
v -1458.901855 1085.500000 328.806549
v -1467.267334 1085.500000 319.049744
v -1465.768677 1085.500000 319.430847
v -1464.345825 1085.500000 320.036224
v -1478.788452 1085.500000 331.489288
v -1479.053711 1085.500000 329.965912
v -1471.489258 1085.500000 338.788452
v -1464.005981 1085.500000 337.778931
v -1461.858276 1085.500000 321.858215
v -1460.851685 1085.500000 323.032104
v -1460.036255 1085.500000 324.345886
v -1459.430786 1085.500000 325.768738
v -1463.032104 1085.500000 320.851746
v -1478.438354 1085.500000 325.404572
v -1477.778931 1085.500000 324.005951
v -1476.913696 1085.500000 322.724396
v -1479.083374 1085.500000 328.419891
v -1478.876587 1085.500000 326.887482
v -1471.862427 1085.500000 319.314087
v -1470.350220 1085.500000 318.990662
v -1468.806519 1085.500000 318.901855
v -1475.863037 1085.500000 321.589905
v -1474.651367 1085.500000 320.629120
v -1473.307373 1085.500000 319.864532
v -1464.005981 1101.500000 337.778931
v -1462.724365 1101.500000 336.913696
v -1461.589966 1101.500000 335.862976
v -1460.629150 1101.500000 334.651398
v -1459.864502 1101.500000 333.307373
v -1459.314087 1101.500000 331.862366
v -1458.990723 1101.500000 330.350281
v -1458.901855 1101.500000 328.806549
v -1474.651367 1101.500000 320.629120
v -1475.863037 1101.500000 321.589905
v -1476.913696 1101.500000 322.724396
v -1477.778931 1101.500000 324.005951
v -1478.438354 1101.500000 325.404572
v -1478.876587 1101.500000 326.887482
v -1479.083374 1101.500000 328.419891
v -1471.489258 1101.500000 338.788452
v -1469.965942 1101.500000 339.053711
v -1468.419922 1101.500000 339.083313
v -1466.887451 1101.500000 338.876587
v -1465.404541 1101.500000 338.438385
v -1479.053711 1101.500000 329.965912
v -1478.788452 1101.500000 331.489288
v -1478.293701 1101.500000 332.954285
v -1477.581177 1101.500000 334.326630
v -1476.667480 1101.500000 335.574127
v -1459.049683 1101.500000 327.267334
v -1459.430786 1101.500000 325.768738
v -1460.036255 1101.500000 324.345886
v -1464.345825 1101.500000 320.036224
v -1465.768677 1101.500000 319.430847
v -1467.267334 1101.500000 319.049744
v -1468.806519 1101.500000 318.901855
v -1470.350220 1101.500000 318.990662
v -1471.862427 1101.500000 319.314087
v -1473.307373 1101.500000 319.864532
v -1475.574097 1101.500000 336.667511
v -1474.326660 1101.500000 337.581207
v -1472.954346 1101.500000 338.293732
v -1460.851685 1101.500000 323.032104
v -1461.858276 1101.500000 321.858215
v -1463.032104 1101.500000 320.851746
vn 0.2997 0.7702 -0.5630
vn -0.5630 0.7702 0.2997
vn 0.8372 0.5463 -0.0255
vn -0.0255 0.5463 0.8372
vn 0.9688 -0.2239 0.1062
vn 0.1062 -0.2239 0.9688
vn -0.1062 0.2239 -0.9688
vn -0.9688 0.2239 -0.1062
vn -0.8403 0.5257 0.1327
vn -0.9048 0.4076 0.1237
vn -0.8995 0.4307 0.0735
vn -0.9490 0.3052 0.0796
vn -0.9461 0.3228 0.0269
vn -0.9798 0.1939 0.0487
vn -0.9787 0.2051 -0.0057
vn -0.9965 0.0766 0.0320
vn -0.9964 0.0811 -0.0234
vn -0.9986 -0.0429 0.0298
vn -0.9986 -0.0454 -0.0256
vn -0.9860 -0.1613 0.0425
vn -0.9853 -0.1705 -0.0123
vn -0.9590 -0.2747 0.0695
vn -0.9568 -0.2904 0.0162
vn -0.9185 -0.3797 0.1100
vn -0.9140 -0.4015 0.0590
vn -0.8658 -0.4732 0.1627
vn -0.8582 -0.5003 0.1148
vn -0.8023 -0.5523 0.2262
vn -0.7911 -0.5841 0.1819
vn -0.7302 -0.6147 0.2983
vn -0.7147 -0.6500 0.2583
vn -0.6514 -0.6584 0.3770
vn -0.6315 -0.6961 0.3415
vn -0.5684 -0.6821 0.4601
vn -0.5438 -0.7212 0.4292
vn -0.4839 -0.6850 0.5446
vn -0.4544 -0.7243 0.5186
vn -0.4002 -0.6672 0.6283
vn -0.3659 -0.7054 0.6071
vn -0.3200 -0.6290 0.7085
vn -0.2812 -0.6651 0.6918
vn -0.2458 -0.5717 0.7828
vn -0.2026 -0.6045 0.7704
vn -0.1797 -0.4971 0.8489
vn -0.1327 -0.5256 0.8403
vn -0.1236 -0.4074 0.9049
vn -0.0735 -0.4308 0.8995
vn -0.0796 -0.3052 0.9490
vn -0.0269 -0.3228 0.9461
vn -0.0487 -0.1939 0.9798
vn 0.0058 -0.2050 0.9787
vn -0.0320 -0.0766 0.9965
vn 0.0235 -0.0810 0.9964
vn -0.0299 0.0430 0.9986
vn 0.0256 0.0455 0.9986
vn -0.0425 0.1612 0.9860
vn 0.0123 0.1706 0.9853
vn -0.0695 0.2746 0.9590
vn -0.0162 0.2905 0.9567
vn -0.1099 0.3797 0.9185
vn -0.0590 0.4014 0.9140
vn -0.1627 0.4733 0.8657
vn -0.1148 0.5003 0.8582
vn -0.2262 0.5523 0.8024
vn -0.1819 0.5840 0.7911
vn -0.2984 0.6147 0.7301
vn -0.2583 0.6499 0.7147
vn -0.3771 0.6584 0.6514
vn -0.3415 0.6961 0.6315
vn -0.4601 0.6820 0.5685
vn -0.4292 0.7212 0.5438
vn -0.5446 0.6850 0.4839
vn -0.5186 0.7243 0.4544
vn -0.6283 0.6672 0.4002
vn -0.6071 0.7054 0.3659
vn -0.7085 0.6290 0.3200
vn -0.6918 0.6651 0.2812
vn -0.7828 0.5717 0.2458
vn -0.7704 0.6046 0.2026
vn -0.8489 0.4971 0.1796
vn -0.7827 0.5718 0.2458
vn -0.9049 0.4074 0.1236
vn -0.9489 0.3053 0.0796
vn -0.9798 0.1940 0.0487
vn -0.9965 0.0767 0.0319
vn -0.9986 -0.0430 0.0299
vn -0.9185 -0.3797 0.1099
vn -0.8023 -0.5524 0.2262
vn -0.7302 -0.6147 0.2984
vn -0.6514 -0.6584 0.3771
vn -0.5685 -0.6821 0.4600
vn -0.3200 -0.6290 0.7084
vn -0.2458 -0.5718 0.7827
vn -0.1796 -0.4972 0.8489
vn -0.1237 -0.4074 0.9048
vn -0.0796 -0.3053 0.9489
vn -0.0487 -0.1940 0.9798
vn -0.0320 -0.0767 0.9965
vn -0.0299 0.0429 0.9986
vn -0.0426 0.1612 0.9860
vn -0.0695 0.2747 0.9590
vn -0.1627 0.4733 0.8658
vn -0.2261 0.5524 0.8023
vn -0.4600 0.6821 0.5685
vn 0.8489 -0.4972 -0.1797
vn 0.9048 -0.4074 -0.1237
vn 0.9489 -0.3053 -0.0796
vn 0.9798 -0.1939 -0.0487
vn 0.9965 -0.0767 -0.0320
vn 0.9986 0.0429 -0.0299
vn 0.9860 0.1613 -0.0426
vn 0.9590 0.2747 -0.0695
vn 0.9185 0.3798 -0.1100
vn 0.8658 0.4732 -0.1627
vn 0.8023 0.5524 -0.2262
vn 0.7301 0.6147 -0.2984
vn 0.6514 0.6584 -0.3772
vn 0.5684 0.6821 -0.4601
vn 0.4838 0.6850 -0.5447
vn 0.4002 0.6672 -0.6283
vn 0.3201 0.6290 -0.7085
vn 0.2458 0.5718 -0.7827
vn 0.1797 0.4971 -0.8489
vn 0.1237 0.4074 -0.9048
vn 0.0796 0.3053 -0.9489
vn 0.0487 0.1938 -0.9798
vn 0.0320 0.0766 -0.9966
vn 0.0298 -0.0430 -0.9986
vn 0.0424 -0.1613 -0.9860
vn 0.0694 -0.2746 -0.9591
vn 0.1100 -0.3797 -0.9186
vn 0.1627 -0.4732 -0.8658
vn 0.2261 -0.5523 -0.8024
vn 0.2984 -0.6147 -0.7302
vn 0.3772 -0.6584 -0.6513
vn 0.4600 -0.6821 -0.5684
vn 0.5447 -0.6850 -0.4839
vn 0.6283 -0.6671 -0.4002
vn 0.7085 -0.6290 -0.3200
vn 0.7828 -0.5717 -0.2458
vn 0.7816 -0.5752 -0.2413
vn 0.7069 -0.6328 -0.3161
vn 0.6262 -0.6712 -0.3967
vn 0.5420 -0.6891 -0.4809
vn 0.4569 -0.6862 -0.5660
vn 0.3735 -0.6624 -0.6494
vn 0.2943 -0.6185 -0.7287
vn 0.2216 -0.5557 -0.8013
vn 0.1578 -0.4761 -0.8651
vn 0.1047 -0.3820 -0.9182
vn 0.0640 -0.2763 -0.9589
vn 0.0369 -0.1623 -0.9861
vn 0.0242 -0.0432 -0.9988
vn 0.0262 0.0771 -0.9967
vn 0.0431 0.1950 -0.9799
vn 0.0742 0.3071 -0.9488
vn 0.1185 0.4099 -0.9044
vn 0.1748 0.5001 -0.8481
vn 0.2413 0.5752 -0.7816
vn 0.3161 0.6328 -0.7069
vn 0.3967 0.6712 -0.6262
vn 0.4809 0.6891 -0.5420
vn 0.5660 0.6862 -0.4569
vn 0.6494 0.6624 -0.3735
vn 0.7286 0.6185 -0.2943
vn 0.8013 0.5557 -0.2217
vn 0.8651 0.4761 -0.1578
vn 0.9182 0.3820 -0.1047
vn 0.9590 0.2763 -0.0640
vn 0.9861 0.1622 -0.0369
vn 0.9988 0.0433 -0.0241
vn 0.9967 -0.0771 -0.0262
vn 0.9798 -0.1951 -0.0431
vn 0.9488 -0.3072 -0.0742
vn 0.9044 -0.4099 -0.1186
vn 0.8481 -0.5002 -0.1749
vn -0.8305 0.5497 0.0904
vn -0.8924 0.4504 0.0286
vn -0.9411 0.3376 -0.0202
vn -0.9752 0.2145 -0.0543
vn -0.9937 0.0848 -0.0728
vn -0.9960 -0.0475 -0.0751
vn -0.9821 -0.1783 -0.0612
vn -0.9523 -0.3037 -0.0312
vn -0.9076 -0.4197 0.0134
vn -0.8492 -0.5232 0.0718
vn -0.7790 -0.6107 0.1419
vn -0.6991 -0.6797 0.2217
vn -0.6121 -0.7280 0.3089
vn -0.5204 -0.7542 0.4006
vn -0.4269 -0.7574 0.4941
vn -0.3344 -0.7376 0.5866
vn -0.2458 -0.6955 0.6752
vn -0.1635 -0.6322 0.7574
vn -0.0904 -0.5496 0.8305
vn -0.0286 -0.4504 0.8924
vn 0.0202 -0.3376 0.9411
vn 0.0544 -0.2144 0.9752
vn 0.0729 -0.0847 0.9937
vn 0.0751 0.0475 0.9960
vn 0.0611 0.1784 0.9821
vn 0.0314 0.3038 0.9522
vn -0.0135 0.4199 0.9075
vn -0.0718 0.5232 0.8492
vn -0.1419 0.6108 0.7790
vn -0.2218 0.6797 0.6992
vn -0.3088 0.7280 0.6120
vn -0.4006 0.7542 0.5203
vn -0.4941 0.7574 0.4270
vn -0.5865 0.7377 0.3344
vn -0.6751 0.6956 0.2457
vn -0.7573 0.6323 0.1636
vn -0.9790 0.2040 -0.0001
vn -0.9966 0.0806 -0.0177
vn -0.9988 -0.0451 -0.0199
vn -0.9855 -0.1696 -0.0067
vn -0.9571 -0.2889 0.0218
vn -0.9146 -0.3992 0.0642
vn -0.8591 -0.4976 0.1198
vn -0.7924 -0.5807 0.1865
vn -0.7164 -0.6465 0.2624
vn -0.6336 -0.6924 0.3453
vn -0.5464 -0.7173 0.4324
vn -0.4575 -0.7204 0.5213
vn -0.3696 -0.7015 0.6094
vn -0.2852 -0.6615 0.6936
vn -0.2071 -0.6013 0.7717
vn -0.1375 -0.5228 0.8413
vn -0.0787 -0.4285 0.9001
vn -0.0324 -0.3210 0.9465
vn 0.0002 -0.2039 0.9790
vn 0.0178 -0.0806 0.9966
vn 0.0199 0.0451 0.9988
vn 0.0066 0.1697 0.9855
vn -0.0216 0.2889 0.9571
vn -0.0643 0.3993 0.9146
vn -0.1198 0.4977 0.8591
vn -0.1864 0.5809 0.7923
vn -0.2624 0.6464 0.7164
vn -0.3452 0.6924 0.6336
vn -0.4324 0.7172 0.5464
vn -0.5214 0.7202 0.4576
vn -0.6094 0.7015 0.3696
vn -0.6936 0.6615 0.2851
vn -0.7717 0.6013 0.2071
vn -0.8413 0.5228 0.1376
vn -0.9002 0.4284 0.0787
vn -0.9465 0.3211 0.0324
vn -0.8305 0.5496 0.0904
vn -0.8923 0.4505 0.0285
vn -0.9411 0.3375 -0.0202
vn -0.9752 0.2144 -0.0543
vn -0.9937 0.0847 -0.0728
vn -0.9522 -0.3038 -0.0312
vn -0.9075 -0.4199 0.0134
vn -0.7791 -0.6107 0.1419
vn -0.6992 -0.6797 0.2217
vn -0.6121 -0.7279 0.3089
vn -0.5203 -0.7542 0.4006
vn -0.4269 -0.7575 0.4940
vn -0.3343 -0.7377 0.5865
vn -0.2457 -0.6956 0.6752
vn -0.1635 -0.6323 0.7573
vn -0.0904 -0.5497 0.8305
vn -0.0286 -0.4505 0.8923
vn 0.0202 -0.3375 0.9411
vn 0.0728 -0.0847 0.9937
vn 0.0611 0.1782 0.9821
vn 0.0314 0.3037 0.9522
vn -0.0134 0.4199 0.9075
vn -0.1419 0.6108 0.7789
vn -0.2218 0.6797 0.6991
vn -0.3088 0.7280 0.6121
vn -0.4005 0.7542 0.5204
vn -0.4940 0.7575 0.4268
vn -0.5865 0.7376 0.3345
vn -0.6752 0.6955 0.2457
vn -0.7574 0.6322 0.1636
vn -0.9790 0.2039 -0.0002
vn -0.9988 -0.0452 -0.0199
vn -0.9855 -0.1695 -0.0067
vn -0.9145 -0.3994 0.0642
vn -0.7924 -0.5808 0.1865
vn -0.6336 -0.6923 0.3453
vn -0.3695 -0.7016 0.6093
vn -0.0323 -0.3210 0.9465
vn 0.0177 -0.0806 0.9966
vn 0.0199 0.0452 0.9988
vn 0.0066 0.1695 0.9855
vn -0.1197 0.4976 0.8591
vn -0.1865 0.5809 0.7923
vn -0.3452 0.6923 0.6337
vn -0.4324 0.7172 0.5465
vn -0.5213 0.7205 0.4574
vn -0.6093 0.7015 0.3696
vn -0.7718 0.6012 0.2071
vn -0.8413 0.5227 0.1375
vn -0.9465 0.3210 0.0323
vn -0.9960 -0.0476 -0.0751
vn -0.9075 -0.4197 0.0134
vn -0.8491 -0.5233 0.0717
vn -0.7791 -0.6106 0.1419
vn -0.6120 -0.7280 0.3088
vn -0.5203 -0.7543 0.4005
vn -0.4269 -0.7573 0.4941
vn -0.1636 -0.6322 0.7574
vn -0.0905 -0.5497 0.8305
vn 0.0201 -0.3376 0.9411
vn 0.0752 0.0475 0.9960
vn 0.0611 0.1783 0.9821
vn 0.0314 0.3036 0.9523
vn -0.0717 0.5232 0.8492
vn -0.3088 0.7281 0.6120
vn -0.4005 0.7542 0.5203
vn -0.4941 0.7574 0.4269
vn -0.9798 0.1945 0.0468
vn -0.9966 0.0770 0.0296
vn -0.9987 -0.0430 0.0272
vn -0.9860 -0.1617 0.0396
vn -0.9590 -0.2755 0.0666
vn -0.9184 -0.3809 0.1070
vn -0.8654 -0.4750 0.1599
vn -0.8018 -0.5541 0.2237
vn -0.7293 -0.6168 0.2962
vn -0.6502 -0.6605 0.3754
vn -0.5671 -0.6841 0.4587
vn -0.4826 -0.6866 0.5437
vn -0.3989 -0.6685 0.6277
vn -0.3189 -0.6299 0.7082
vn -0.2449 -0.5721 0.7827
vn -0.1792 -0.4975 0.8488
vn -0.1230 -0.4081 0.9046
vn -0.0783 -0.3060 0.9488
vn -0.0468 -0.1945 0.9798
vn -0.0296 -0.0770 0.9966
vn -0.0271 0.0430 0.9987
vn -0.0397 0.1617 0.9860
vn -0.0663 0.2756 0.9590
vn -0.1070 0.3810 0.9184
vn -0.1598 0.4749 0.8654
vn -0.2236 0.5543 0.8018
vn -0.2962 0.6167 0.7293
vn -0.3752 0.6606 0.6503
vn -0.4586 0.6840 0.5673
vn -0.5437 0.6867 0.4825
vn -0.6278 0.6684 0.3989
vn -0.7082 0.6299 0.3188
vn -0.7828 0.5721 0.2449
vn -0.8488 0.4974 0.1792
vn -0.9046 0.4081 0.1229
vn -0.9488 0.3060 0.0782
vn -0.3115 0.7964 -0.5183
vn -0.2623 0.8437 -0.4684
vn -0.2107 0.8844 -0.4166
vn -0.1563 0.9193 -0.3613
vn -0.1009 0.9465 -0.3065
vn -0.0429 0.9680 -0.2473
vn 0.0151 0.9817 -0.1898
vn 0.0749 0.9889 -0.1286
vn 0.1334 0.9885 -0.0715
vn 0.1935 0.9811 -0.0097
vn 0.2508 0.9669 0.0464
vn 0.3093 0.9449 0.1068
vn 0.3640 0.9176 0.1598
vn 0.4192 0.8816 0.2171
vn 0.4696 0.8419 0.2659
vn 0.5198 0.7927 0.3184
vn 0.5647 0.7420 0.3614
vn 0.6095 0.6821 0.4039
vn 0.6491 0.6188 0.4424
vn 0.6838 0.5512 0.4782
vn 0.7152 0.4793 0.5086
vn 0.7413 0.4041 0.5358
vn 0.7638 0.3259 0.5572
vn 0.7805 0.2458 0.5749
vn 0.7932 0.1634 0.5866
vn 0.8001 0.0801 0.5944
vn 0.8028 -0.0040 0.5962
vn 0.7997 -0.0879 0.5940
vn 0.7922 -0.1714 0.5857
vn 0.7793 -0.2532 0.5732
vn 0.7619 -0.3336 0.5552
vn 0.7392 -0.4112 0.5334
vn 0.7123 -0.4863 0.5061
vn 0.6812 -0.5569 0.4752
vn 0.6457 -0.6245 0.4395
vn 0.5858 -0.7165 0.3788
vn 0.5175 -0.7969 0.3116
vn 0.4676 -0.8441 0.2624
vn 0.4164 -0.8844 0.2107
vn 0.3612 -0.9193 0.1563
vn 0.3063 -0.9466 0.1008
vn 0.2472 -0.9680 0.0428
vn 0.1901 -0.9817 -0.0152
vn 0.1288 -0.9888 -0.0750
vn 0.0714 -0.9885 -0.1334
vn 0.0097 -0.9810 -0.1935
vn -0.0463 -0.9669 -0.2509
vn -0.1067 -0.9449 -0.3094
vn -0.1599 -0.9176 -0.3639
vn -0.2172 -0.8815 -0.4192
vn -0.2659 -0.8418 -0.4697
vn -0.3185 -0.7927 -0.5199
vn -0.3614 -0.7419 -0.5647
vn -0.4039 -0.6821 -0.6095
vn -0.4424 -0.6189 -0.6491
vn -0.4782 -0.5512 -0.6838
vn -0.5086 -0.4794 -0.7152
vn -0.5357 -0.4042 -0.7414
vn -0.5570 -0.3260 -0.7638
vn -0.5748 -0.2457 -0.7805
vn -0.5866 -0.1633 -0.7933
vn -0.5945 -0.0801 -0.8001
vn -0.5963 0.0041 -0.8028
vn -0.5940 0.0878 -0.7997
vn -0.5857 0.1713 -0.7922
vn -0.5736 0.2531 -0.7791
vn -0.5555 0.3335 -0.7617
vn -0.5331 0.4112 -0.7394
vn -0.5058 0.4864 -0.7124
vn -0.4750 0.5569 -0.6814
vn -0.4393 0.6244 -0.6459
vn -0.3788 0.7165 -0.5858
vn -0.1010 0.6907 0.7161
vn -0.6491 0.7419 0.1678
vn -0.7322 0.6759 0.0847
vn -0.5595 0.7878 0.2574
vn -0.4658 0.8123 0.3511
vn -0.3705 0.8145 0.4465
vn -0.2762 0.7945 0.5408
vn -0.1856 0.7528 0.6315
vn -0.0265 0.6102 0.7918
vn 0.0389 0.5111 0.8586
vn 0.0923 0.3997 0.9120
vn 0.1321 0.2773 0.9516
vn 0.1572 0.1474 0.9765
vn 0.1669 0.0134 0.9859
vn 0.1608 -0.1210 0.9795
vn 0.1394 -0.2522 0.9576
vn 0.1030 -0.3766 0.9206
vn 0.0526 -0.4908 0.8697
vn -0.0103 -0.5914 0.8063
vn -0.0846 -0.6759 0.7321
vn -0.1677 -0.7420 0.6491
vn -0.2574 -0.7878 0.5595
vn -0.3511 -0.8122 0.4658
vn -0.4465 -0.8144 0.3706
vn -0.5408 -0.7945 0.2762
vn -0.6315 -0.7529 0.1856
vn -0.7161 -0.6907 0.1010
vn -0.8586 -0.5112 -0.0389
vn -0.7918 -0.6102 0.0265
vn -0.9120 -0.3997 -0.0923
vn -0.9516 -0.2773 -0.1321
vn -0.9765 -0.1474 -0.1572
vn -0.9859 -0.0134 -0.1669
vn -0.9795 0.1210 -0.1609
vn -0.9576 0.2522 -0.1394
vn -0.9206 0.3766 -0.1030
vn -0.8064 0.5913 0.0104
vn -0.8697 0.4907 -0.0527
vn -0.9287 -0.3709 -0.0028
vn -0.8792 -0.4742 0.0467
vn -0.8183 -0.5646 0.1075
vn -0.7478 -0.6396 0.1781
vn -0.6695 -0.6972 0.2564
vn -0.5855 -0.7358 0.3404
vn -0.4981 -0.7543 0.4277
vn -0.4098 -0.7522 0.5160
vn -0.3231 -0.7296 0.6028
vn -0.2400 -0.6871 0.6858
vn -0.1631 -0.6259 0.7627
vn -0.0943 -0.5476 0.8314
vn -0.0357 -0.4543 0.8901
vn 0.0114 -0.3487 0.9372
vn 0.0455 -0.2335 0.9713
vn 0.0656 -0.1119 0.9915
vn 0.0715 0.0126 0.9974
vn 0.0628 0.1368 0.9886
vn 0.0397 0.2574 0.9655
vn 0.0029 0.3708 0.9287
vn -0.0466 0.4741 0.8792
vn -0.1075 0.5646 0.8183
vn -0.1781 0.6396 0.7478
vn -0.2564 0.6972 0.6695
vn -0.3404 0.7358 0.5855
vn -0.4277 0.7542 0.4982
vn -0.5160 0.7522 0.4099
vn -0.6028 0.7296 0.3230
vn -0.6858 0.6871 0.2400
vn -0.7627 0.6258 0.1631
vn -0.8314 0.5476 0.0944
vn -0.8901 0.4543 0.0357
vn -0.9372 0.3486 -0.0114
vn -0.9713 0.2335 -0.0455
vn -0.9915 0.1120 -0.0657
vn -0.9974 -0.0126 -0.0715
vn -0.9886 -0.1368 -0.0628
vn -0.9655 -0.2573 -0.0397
vn -0.8192 0.5713 0.0502
vn -0.8804 0.4740 -0.0111
vn -0.9295 0.3638 -0.0601
vn -0.9651 0.2436 -0.0957
vn -0.9863 0.1168 -0.1169
vn -0.9923 -0.0132 -0.1229
vn -0.9832 -0.1428 -0.1138
vn -0.9591 -0.2685 -0.0898
vn -0.9207 -0.3869 -0.0513
vn -0.8690 -0.4948 0.0003
vn -0.8056 -0.5891 0.0639
vn -0.7319 -0.6674 0.1375
vn -0.6501 -0.7275 0.2192
vn -0.5625 -0.7677 0.3068
vn -0.4714 -0.7870 0.3979
vn -0.3794 -0.7848 0.4900
vn -0.2888 -0.7612 0.5806
vn -0.2022 -0.7169 0.6672
vn -0.1219 -0.6530 0.7475
vn -0.0502 -0.5712 0.8193
vn 0.0111 -0.4740 0.8805
vn 0.0602 -0.3637 0.9296
vn 0.0958 -0.2436 0.9651
vn 0.1168 -0.1168 0.9863
vn 0.1230 0.0132 0.9923
vn 0.1138 0.1427 0.9832
vn 0.0897 0.2685 0.9591
vn 0.0513 0.3869 0.9207
vn -0.0003 0.4948 0.8690
vn -0.0639 0.5891 0.8055
vn -0.1375 0.6674 0.7319
vn -0.2192 0.7275 0.6501
vn -0.3068 0.7677 0.5625
vn -0.3979 0.7870 0.4715
vn -0.4900 0.7848 0.3794
vn -0.5806 0.7613 0.2888
vn -0.6672 0.7169 0.2021
vn -0.7475 0.6530 0.1219
vn -0.9287 -0.3708 -0.0029
vn -0.8792 -0.4742 0.0466
vn -0.7477 -0.6396 0.1781
vn -0.6694 -0.6973 0.2564
vn -0.4099 -0.7522 0.5160
vn -0.3231 -0.7295 0.6028
vn -0.2401 -0.6870 0.6858
vn -0.1631 -0.6258 0.7627
vn -0.0944 -0.5475 0.8315
vn -0.0357 -0.4543 0.8902
vn 0.0114 -0.3486 0.9372
vn 0.0656 -0.1120 0.9915
vn 0.0397 0.2573 0.9655
vn -0.0467 0.4742 0.8792
vn -0.1075 0.5647 0.8183
vn -0.1781 0.6397 0.7477
vn -0.2564 0.6973 0.6694
vn -0.3404 0.7358 0.5854
vn -0.4276 0.7543 0.4982
vn -0.5160 0.7522 0.4098
vn -0.8314 0.5475 0.0944
vn -0.9915 0.1119 -0.0657
vn -0.9886 -0.1369 -0.0628
vn -0.9655 -0.2574 -0.0397
vn -0.8193 0.5712 0.0502
vn -0.8805 0.4740 -0.0111
vn -0.9295 0.3638 -0.0602
vn -0.9651 0.2437 -0.0957
vn -0.9862 0.1169 -0.1169
vn -0.9591 -0.2686 -0.0897
vn -0.9207 -0.3870 -0.0513
vn -0.8690 -0.4947 0.0003
vn -0.8055 -0.5891 0.0639
vn -0.7319 -0.6674 0.1374
vn -0.6502 -0.7275 0.2192
vn -0.5626 -0.7677 0.3068
vn -0.3794 -0.7849 0.4899
vn -0.2888 -0.7613 0.5806
vn -0.2021 -0.7169 0.6672
vn -0.1218 -0.6530 0.7475
vn -0.0502 -0.5713 0.8192
vn 0.0602 -0.3638 0.9295
vn 0.0957 -0.2436 0.9651
vn 0.1169 -0.1167 0.9863
vn 0.1229 0.0132 0.9923
vn 0.1138 0.1428 0.9832
vn 0.0898 0.2685 0.9591
vn -0.0004 0.4948 0.8690
vn -0.2192 0.7275 0.6502
vn -0.3068 0.7677 0.5626
vn -0.3979 0.7870 0.4714
vn -0.6672 0.7169 0.2022
vn -0.8658 -0.4733 0.1627
vn -0.7301 -0.6147 0.2983
vn -0.4839 -0.6851 0.5446
vn -0.4002 -0.6671 0.6283
vn -0.2457 -0.5717 0.7828
vn -0.0320 -0.0765 0.9966
vn -0.0425 0.1613 0.9860
vn -0.0694 0.2747 0.9590
vn -0.1099 0.3797 0.9186
vn -0.1627 0.4732 0.8658
vn -0.2262 0.5524 0.8023
vn -0.4600 0.6820 0.5685
vn -0.6282 0.6672 0.4003
vn -0.8489 0.4971 0.1797
vn -0.9048 0.4074 0.1237
vn -0.9986 -0.0430 0.0298
vn -0.9860 -0.1612 0.0425
vn -0.9591 -0.2745 0.0695
vn 0.1796 0.4971 -0.8489
vn 0.1235 0.4075 -0.9048
vn 0.0487 0.1939 -0.9798
vn 0.0319 0.0766 -0.9965
vn 0.0299 -0.0430 -0.9986
vn 0.0425 -0.1613 -0.9860
vn 0.0695 -0.2747 -0.9590
vn 0.1100 -0.3797 -0.9185
vn 0.2262 -0.5524 -0.8023
vn 0.2985 -0.6146 -0.7302
vn 0.3771 -0.6584 -0.6514
vn 0.6283 -0.6672 -0.4002
vn 0.7827 -0.5718 -0.2458
vn 0.8489 -0.4971 -0.1796
vn 0.9048 -0.4074 -0.1238
vn 0.9489 -0.3054 -0.0796
vn 0.9986 0.0429 -0.0298
vn 0.9860 0.1613 -0.0425
vn 0.9185 0.3797 -0.1100
vn 0.8024 0.5523 -0.2261
vn 0.7301 0.6148 -0.2983
vn 0.6514 0.6584 -0.3771
vn 0.5685 0.6820 -0.4601
vn 0.4838 0.6850 -0.5446
vn 0.4002 0.6671 -0.6283
vn 0.3200 0.6290 -0.7085
vn 0.2457 0.5718 -0.7827
vn -0.8372 -0.5463 0.0255
vn -0.2997 -0.7702 0.5630
vn 0.5630 -0.7702 -0.2997
vn 0.0255 -0.5463 -0.8372
vn -0.7071 0.0010 -0.7071
vn -0.9918 0.1260 -0.0188
vn -0.6940 0.1746 -0.6985
vn -0.9687 0.2482 0.0043
vn -0.6599 0.3429 -0.6686
vn -0.9309 0.3628 0.0421
vn -0.6057 0.5007 -0.6184
vn -0.8796 0.4664 0.0934
vn -0.5332 0.6433 -0.5494
vn -0.8164 0.5559 0.1566
vn -0.4445 0.7664 -0.4638
vn -0.7431 0.6285 0.2299
vn -0.3423 0.8662 -0.3641
vn -0.6620 0.6819 0.3110
vn -0.2297 0.9397 -0.2535
vn -0.5756 0.7147 0.3974
vn -0.1102 0.9847 -0.1351
vn -0.4865 0.7257 0.4865
vn 0.0126 0.9998 -0.0126
vn -0.3974 0.7147 0.5756
vn 0.1351 0.9847 0.1102
vn -0.3110 0.6819 0.6620
vn 0.2534 0.9397 0.2297
vn -0.2299 0.6285 0.7430
vn 0.3642 0.8662 0.3423
vn -0.1566 0.5559 0.8163
vn 0.4638 0.7663 0.4445
vn -0.0934 0.4665 0.8796
vn 0.5494 0.6433 0.5332
vn -0.0421 0.3629 0.9309
vn 0.6184 0.5007 0.6057
vn -0.0043 0.2482 0.9687
vn 0.6686 0.3429 0.6599
vn 0.0188 0.1260 0.9918
vn 0.6985 0.1746 0.6940
vn 0.0266 0.0000 0.9996
vn 0.7071 0.0010 0.7071
vn 0.0188 -0.1261 0.9918
vn 0.6943 -0.1727 0.6987
vn -0.0043 -0.2482 0.9687
vn 0.6604 -0.3411 0.6690
vn -0.0421 -0.3628 0.9309
vn 0.6064 -0.4992 0.6190
vn -0.0934 -0.4665 0.8796
vn 0.5339 -0.6422 0.5501
vn -0.1567 -0.5559 0.8163
vn 0.4451 -0.7656 0.4645
vn -0.2299 -0.6285 0.7431
vn 0.3429 -0.8656 0.3648
vn -0.3110 -0.6819 0.6620
vn 0.2302 -0.9394 0.2539
vn -0.3974 -0.7147 0.5756
vn 0.1104 -0.9846 0.1353
vn -0.4865 -0.7257 0.4865
vn -0.0126 -0.9998 0.0126
vn -0.5756 -0.7147 0.3974
vn -0.1353 -0.9846 -0.1104
vn -0.6620 -0.6820 0.3110
vn -0.2539 -0.9394 -0.2301
vn -0.7431 -0.6285 0.2299
vn -0.3648 -0.8657 -0.3429
vn -0.8163 -0.5559 0.1566
vn -0.4645 -0.7656 -0.4451
vn -0.8796 -0.4665 0.0934
vn -0.5501 -0.6422 -0.5339
vn -0.9309 -0.3629 0.0421
vn -0.6190 -0.4993 -0.6063
vn -0.9687 -0.2483 0.0043
vn -0.6690 -0.3411 -0.6604
vn -0.9918 -0.1261 -0.0188
vn -0.6986 -0.1727 -0.6943
vn -0.9996 -0.0000 -0.0266
vn -0.0581 -0.2348 0.9703
vn -0.0363 -0.1192 0.9922
vn -0.0289 0.0001 0.9996
vn -0.0363 0.1192 0.9922
vn -0.0582 0.2347 0.9703
vn -0.0940 0.3432 0.9346
vn -0.1425 0.4412 0.8860
vn -0.2023 0.5258 0.8262
vn -0.2716 0.5944 0.7569
vn -0.3483 0.6450 0.6802
vn -0.4300 0.6759 0.5985
vn -0.5143 0.6864 0.5143
vn -0.5985 0.6760 0.4300
vn -0.6803 0.6450 0.3483
vn -0.7569 0.5944 0.2715
vn -0.8262 0.5258 0.2022
vn -0.8860 0.4412 0.1425
vn -0.9346 0.3432 0.0939
vn -0.9703 0.2348 0.0582
vn -0.9922 0.1192 0.0363
vn -0.9996 0.0000 0.0289
vn -0.9922 -0.1191 0.0363
vn -0.9703 -0.2347 0.0581
vn -0.9345 -0.3432 0.0939
vn -0.8860 -0.4412 0.1425
vn -0.8262 -0.5258 0.2023
vn -0.7569 -0.5944 0.2716
vn -0.6802 -0.6450 0.3483
vn -0.5985 -0.6760 0.4299
vn -0.5143 -0.6864 0.5143
vn -0.4300 -0.6760 0.5985
vn -0.3483 -0.6450 0.6802
vn -0.2716 -0.5944 0.7569
vn -0.2023 -0.5257 0.8263
vn -0.1424 -0.4411 0.8861
vn -0.0939 -0.3431 0.9346
vn -0.2348 -0.7272 -0.6450
vn 0.2482 -0.6880 0.6819
vn -0.1192 -0.7272 -0.6760
vn 0.1260 -0.6880 0.7147
vn 0.0000 -0.7272 -0.6864
vn 0.0000 -0.6880 0.7257
vn 0.1192 -0.7272 -0.6760
vn -0.1260 -0.6880 0.7147
vn 0.2348 -0.7272 -0.6450
vn -0.2482 -0.6880 0.6819
vn 0.3432 -0.7272 -0.5944
vn -0.3629 -0.6880 0.6285
vn 0.4412 -0.7272 -0.5258
vn -0.4665 -0.6880 0.5559
vn 0.5258 -0.7272 -0.4412
vn -0.5559 -0.6880 0.4665
vn 0.5944 -0.7272 -0.3432
vn -0.6285 -0.6880 0.3629
vn 0.6450 -0.7272 -0.2348
vn -0.6819 -0.6880 0.2482
vn 0.6760 -0.7272 -0.1192
vn -0.7147 -0.6880 0.1260
vn 0.6864 -0.7272 0.0000
vn -0.7257 -0.6880 -0.0000
vn 0.6760 -0.7272 0.1192
vn -0.7147 -0.6880 -0.1260
vn 0.6450 -0.7272 0.2348
vn -0.6819 -0.6880 -0.2482
vn 0.5944 -0.7272 0.3432
vn -0.6285 -0.6880 -0.3628
vn 0.5395 -0.7221 0.4330
vn -0.5625 -0.6927 -0.4515
vn 0.4929 -0.7171 0.4929
vn -0.5067 -0.6974 -0.5068
vn 0.4330 -0.7221 0.5395
vn -0.4514 -0.6927 -0.5625
vn 0.3432 -0.7272 0.5944
vn -0.3629 -0.6880 -0.6285
vn 0.2348 -0.7272 0.6450
vn -0.2482 -0.6880 -0.6819
vn 0.1192 -0.7272 0.6760
vn -0.1260 -0.6880 -0.7147
vn 0.0000 -0.7272 0.6864
vn -0.0000 -0.6880 -0.7257
vn -0.1192 -0.7272 0.6760
vn 0.1260 -0.6880 -0.7147
vn -0.2348 -0.7272 0.6450
vn 0.2482 -0.6880 -0.6819
vn -0.3432 -0.7272 0.5944
vn 0.3628 -0.6880 -0.6285
vn -0.4412 -0.7272 0.5258
vn 0.4665 -0.6880 -0.5559
vn -0.5258 -0.7272 0.4412
vn 0.5559 -0.6880 -0.4665
vn -0.5944 -0.7272 0.3432
vn 0.6285 -0.6880 -0.3629
vn -0.6450 -0.7272 0.2348
vn 0.6819 -0.6880 -0.2482
vn -0.6760 -0.7272 0.1192
vn 0.7147 -0.6880 -0.1260
vn -0.6864 -0.7272 0.0000
vn 0.7257 -0.6880 0.0000
vn -0.6760 -0.7272 -0.1192
vn 0.7147 -0.6880 0.1260
vn -0.6450 -0.7272 -0.2348
vn 0.6819 -0.6880 0.2482
vn -0.5945 -0.7272 -0.3432
vn 0.6285 -0.6880 0.3628
vn -0.5258 -0.7273 -0.4412
vn 0.5559 -0.6880 0.4665
vn -0.4412 -0.7272 -0.5258
vn 0.4665 -0.6880 0.5559
vn -0.3432 -0.7272 -0.5944
vn 0.3629 -0.6880 0.6285
vn -0.9050 -0.0655 0.4204
vn -0.9062 -0.0169 0.4224
vn -0.8660 -0.0172 0.4998
vn -0.8177 -0.0687 0.5716
vn -0.9397 -0.0162 0.3417
vn -0.9647 -0.0602 0.2564
vn -0.9659 -0.0155 0.2586
vn -0.9848 -0.0146 0.1733
vn -0.9950 -0.0530 0.0845
vn -0.9961 -0.0137 0.0869
vn -0.9999 -0.0126 -0.0004
vn -0.9950 -0.0442 -0.0898
vn -0.9961 -0.0115 -0.0875
vn -0.9847 -0.0102 -0.1741
vn -0.9647 -0.0340 -0.2613
vn -0.9658 -0.0090 -0.2592
vn -0.9395 -0.0075 -0.3424
vn -0.9050 -0.0228 -0.4248
vn -0.9061 -0.0062 -0.4230
vn -0.8657 -0.0046 -0.5005
vn -0.8178 -0.0108 -0.5754
vn -0.8189 -0.0032 -0.5739
vn -0.7657 -0.0015 -0.6432
vn -0.7058 0.0016 -0.7084
vn -0.7067 0.0000 -0.7075
vn -0.6424 0.0016 -0.7664
vn -0.5724 0.0140 -0.8199
vn -0.5732 0.0030 -0.8194
vn -0.4995 0.0046 -0.8663
vn -0.4216 0.0260 -0.9064
vn -0.4222 0.0060 -0.9065
vn -0.3416 0.0076 -0.9398
vn -0.2581 0.0372 -0.9654
vn -0.2584 0.0089 -0.9660
vn -0.1732 0.0102 -0.9848
vn -0.0869 0.0474 -0.9951
vn -0.0868 0.0114 -0.9962
vn 0.0004 0.0126 -0.9999
vn 0.0870 0.0561 -0.9946
vn 0.0874 0.0136 -0.9961
vn 0.1739 0.0146 -0.9846
vn 0.2581 0.0632 -0.9640
vn 0.2590 0.0154 -0.9658
vn 0.3422 0.0162 -0.9395
vn 0.4215 0.0684 -0.9043
vn 0.4227 0.0167 -0.9061
vn 0.5001 0.0172 -0.8658
vn 0.5720 0.0717 -0.8171
vn 0.5735 0.0175 -0.8190
vn 0.6427 0.0178 -0.7659
vn 0.7052 0.0727 -0.7052
vn 0.7070 0.0178 -0.7070
vn 0.7659 0.0178 -0.6427
vn 0.8171 0.0716 -0.5720
vn 0.8190 0.0175 -0.5736
vn 0.8658 0.0172 -0.5000
vn 0.9043 0.0684 -0.4215
vn 0.9061 0.0167 -0.4228
vn 0.9395 0.0162 -0.3422
vn 0.9640 0.0632 -0.2582
vn 0.9657 0.0154 -0.2591
vn 0.9847 0.0146 -0.1739
vn 0.9946 0.0561 -0.0870
vn 0.9961 0.0136 -0.0875
vn 0.9999 0.0126 -0.0003
vn 0.9951 0.0474 0.0869
vn 0.9962 0.0114 0.0867
vn 0.9848 0.0102 0.1733
vn 0.9654 0.0372 0.2581
vn 0.9660 0.0089 0.2583
vn 0.9398 0.0076 0.3417
vn 0.9064 0.0260 0.4216
vn 0.9065 0.0060 0.4222
vn 0.8662 0.0046 0.4996
vn 0.8199 0.0140 0.5724
vn 0.8195 0.0031 0.5731
vn 0.7663 0.0016 0.6424
vn 0.7081 0.0009 0.7061
vn 0.7075 -0.0001 0.7067
vn 0.5755 -0.0122 0.8177
vn 0.4249 -0.0242 0.9049
vn 0.4240 -0.0047 0.9057
vn 0.4995 -0.0031 0.8663
vn 0.5748 -0.0017 0.8183
vn 0.6424 -0.0001 0.7664
vn 0.2614 -0.0355 0.9646
vn 0.0898 -0.0457 0.9949
vn 0.0886 -0.0100 0.9960
vn 0.1730 -0.0087 0.9849
vn 0.2602 -0.0075 0.9655
vn 0.3415 -0.0060 0.9399
vn -0.0845 -0.0545 0.9949
vn -0.2563 -0.0617 0.9646
vn -0.2575 -0.0140 0.9662
vn -0.1744 -0.0131 0.9846
vn -0.0858 -0.0122 0.9962
vn -0.0007 -0.0111 0.9999
vn -0.4203 -0.0669 0.9049
vn -0.5715 -0.0702 0.8176
vn -0.5726 -0.0162 0.8197
vn -0.5007 -0.0156 0.8655
vn -0.4214 -0.0154 0.9067
vn -0.3428 -0.0146 0.9393
vn -0.8190 -0.0177 0.5735
vn -0.7660 -0.0178 0.6426
vn -0.7050 -0.0706 0.7057
vn -0.7062 -0.0165 0.7078
vn -0.6435 -0.0162 0.7653
vn -0.6999 -0.1423 0.6999
vn -0.8123 -0.1401 0.5662
vn -0.8998 -0.1337 0.4152
vn -0.9600 -0.1232 0.2516
vn -0.9908 -0.1089 0.0804
vn -0.9914 -0.0913 -0.0933
vn -0.9619 -0.0709 -0.2641
vn -0.9031 -0.0484 -0.4268
vn -0.8168 -0.0244 -0.5764
vn -0.7057 0.0003 -0.7085
vn -0.5732 0.0250 -0.8190
vn -0.4234 0.0489 -0.9046
vn -0.2608 0.0714 -0.9628
vn -0.0903 0.0916 -0.9917
vn 0.0829 0.1091 -0.9906
vn 0.2535 0.1233 -0.9594
vn 0.4165 0.1338 -0.8993
vn 0.5668 0.1402 -0.8119
vn 0.6999 0.1423 -0.6999
vn 0.8119 0.1402 -0.5668
vn 0.8993 0.1338 -0.4164
vn 0.9594 0.1233 -0.2535
vn 0.9906 0.1091 -0.0829
vn 0.9917 0.0916 0.0903
vn 0.9628 0.0714 0.2607
vn 0.9046 0.0489 0.4234
vn 0.8190 0.0250 0.5733
vn 0.7085 0.0003 0.7057
vn 0.5764 -0.0244 0.8168
vn 0.4268 -0.0484 0.9031
vn 0.2641 -0.0709 0.9619
vn 0.0933 -0.0913 0.9914
vn -0.0804 -0.1089 0.9908
vn -0.2516 -0.1232 0.9600
vn -0.4152 -0.1337 0.8998
vn -0.5662 -0.1402 0.8123
vn -0.6910 -0.2126 0.6909
vn -0.8034 -0.2093 0.5574
vn -0.8914 -0.1997 0.4068
vn -0.9522 -0.1840 0.2439
vn -0.9839 -0.1627 0.0735
vn -0.9857 -0.1364 -0.0990
vn -0.9574 -0.1060 -0.2686
vn -0.9000 -0.0723 -0.4298
vn -0.8153 -0.0365 -0.5779
vn -0.7057 0.0004 -0.7085
vn -0.5748 0.0373 -0.8174
vn -0.4265 0.0731 -0.9015
vn -0.2653 0.1066 -0.9583
vn -0.0961 0.1369 -0.9859
vn 0.0760 0.1630 -0.9837
vn 0.2458 0.1842 -0.9517
vn 0.4080 0.1998 -0.8908
vn 0.5579 0.2094 -0.8030
vn 0.6909 0.2126 -0.6910
vn 0.8030 0.2093 -0.5579
vn 0.8908 0.1998 -0.4080
vn 0.9517 0.1842 -0.2458
vn 0.9837 0.1630 -0.0760
vn 0.9859 0.1369 0.0960
vn 0.9583 0.1066 0.2652
vn 0.9015 0.0731 0.4265
vn 0.8174 0.0373 0.5748
vn 0.7085 0.0004 0.7057
vn 0.5780 -0.0365 0.8152
vn 0.4298 -0.0723 0.9000
vn 0.2685 -0.1060 0.9574
vn 0.0990 -0.1364 0.9857
vn -0.0735 -0.1627 0.9839
vn -0.2439 -0.1840 0.9522
vn -0.4068 -0.1997 0.8914
vn -0.5574 -0.2093 0.8034
vn -0.6785 -0.2817 0.6785
vn -0.7911 -0.2774 0.5451
vn -0.8797 -0.2647 0.3951
vn -0.9414 -0.2438 0.2331
vn -0.9744 -0.2156 0.0640
vn -0.9777 -0.1808 -0.1071
vn -0.9512 -0.1405 -0.2747
vn -0.8958 -0.0959 -0.4340
vn -0.8131 -0.0484 -0.5801
vn -0.7058 0.0005 -0.7084
vn -0.5770 0.0495 -0.8152
vn -0.4308 0.0968 -0.8972
vn -0.2715 0.1413 -0.9520
vn -0.1041 0.1814 -0.9779
vn 0.0665 0.2161 -0.9741
vn 0.2350 0.2441 -0.9408
vn 0.3963 0.2648 -0.8791
vn 0.5456 0.2775 -0.7908
vn 0.6785 0.2817 -0.6785
vn 0.7908 0.2775 -0.5456
vn 0.8791 0.2648 -0.3963
vn 0.9409 0.2441 -0.2349
vn 0.9741 0.2160 -0.0665
vn 0.9779 0.1814 0.1041
vn 0.9520 0.1413 0.2715
vn 0.8972 0.0968 0.4308
vn 0.8152 0.0495 0.5770
vn 0.7084 0.0006 0.7058
vn 0.5801 -0.0484 0.8131
vn 0.4341 -0.0959 0.8958
vn 0.2748 -0.1404 0.9512
vn 0.1070 -0.1808 0.9777
vn -0.0640 -0.2156 0.9744
vn -0.2331 -0.2438 0.9414
vn -0.3951 -0.2647 0.8797
vn -0.5451 -0.2774 0.7911
vn -0.6625 -0.3495 0.6625
vn -0.7754 -0.3441 0.5294
vn -0.8647 -0.3283 0.3801
vn -0.9276 -0.3025 0.2193
vn -0.9622 -0.2674 0.0518
vn -0.9675 -0.2242 -0.1172
vn -0.9433 -0.1742 -0.2827
vn -0.8903 -0.1189 -0.4395
vn -0.8104 -0.0600 -0.5828
vn -0.7058 0.0007 -0.7084
vn -0.5798 0.0613 -0.8124
vn -0.4363 0.1201 -0.8918
vn -0.2795 0.1753 -0.9440
vn -0.1144 0.2250 -0.9676
vn 0.0542 0.2680 -0.9619
vn 0.2211 0.3028 -0.9270
vn 0.3813 0.3285 -0.8641
vn 0.5299 0.3442 -0.7750
vn 0.6625 0.3495 -0.6625
vn 0.7751 0.3442 -0.5299
vn 0.8641 0.3285 -0.3813
vn 0.9270 0.3028 -0.2211
vn 0.9619 0.2680 -0.0542
vn 0.9676 0.2250 0.1144
vn 0.9440 0.1753 0.2795
vn 0.8918 0.1201 0.4363
vn 0.8124 0.0614 0.5798
vn 0.7084 0.0007 0.7058
vn 0.5828 -0.0600 0.8104
vn 0.4395 -0.1189 0.8904
vn 0.2827 -0.1742 0.9433
vn 0.1173 -0.2242 0.9675
vn -0.0518 -0.2674 0.9622
vn -0.2193 -0.3025 0.9276
vn -0.3801 -0.3283 0.8647
vn -0.5294 -0.3441 0.7754
vn -0.6432 -0.4154 0.6432
vn -0.7564 -0.4091 0.5104
vn -0.8466 -0.3903 0.3620
vn -0.9109 -0.3595 0.2025
vn -0.9474 -0.3179 0.0370
vn -0.9551 -0.2666 -0.1297
vn -0.9336 -0.2071 -0.2923
vn -0.8838 -0.1413 -0.4461
vn -0.8071 -0.0713 -0.5861
vn -0.7058 0.0008 -0.7084
vn -0.5832 0.0729 -0.8090
vn -0.4429 0.1428 -0.8851
vn -0.2892 0.2083 -0.9343
vn -0.1268 0.2675 -0.9552
vn 0.0394 0.3186 -0.9471
vn 0.2044 0.3600 -0.9103
vn 0.3632 0.3905 -0.8460
vn 0.5109 0.4091 -0.7560
vn 0.6432 0.4154 -0.6432
vn 0.7560 0.4091 -0.5109
vn 0.8460 0.3905 -0.3631
vn 0.9103 0.3600 -0.2044
vn 0.9471 0.3186 -0.0394
vn 0.9552 0.2675 0.1268
vn 0.9343 0.2083 0.2892
vn 0.8851 0.1428 0.4429
vn 0.8091 0.0729 0.5832
vn 0.7084 0.0008 0.7058
vn 0.5862 -0.0713 0.8071
vn 0.4461 -0.1414 0.8838
vn 0.2923 -0.2071 0.9336
vn 0.1297 -0.2665 0.9551
vn -0.0370 -0.3179 0.9474
vn -0.2026 -0.3595 0.9109
vn -0.3620 -0.3903 0.8466
vn -0.5103 -0.4091 0.7564
vn -0.6206 -0.4792 0.6206
vn -0.7342 -0.4719 0.4881
vn -0.8253 -0.4502 0.3408
vn -0.8913 -0.4148 0.1830
vn -0.9301 -0.3667 0.0197
vn -0.9406 -0.3075 -0.1442
vn -0.9224 -0.2389 -0.3036
vn -0.8761 -0.1631 -0.4538
vn -0.8032 -0.0823 -0.5900
vn -0.7059 0.0009 -0.7083
vn -0.5872 0.0841 -0.8051
vn -0.4507 0.1648 -0.8774
vn -0.3005 0.2403 -0.9230
vn -0.1413 0.3086 -0.9406
vn 0.0221 0.3675 -0.9298
vn 0.1848 0.4153 -0.8907
vn 0.3419 0.4504 -0.8247
vn 0.4887 0.4720 -0.7338
vn 0.6206 0.4792 -0.6206
vn 0.7338 0.4720 -0.4887
vn 0.8247 0.4504 -0.3419
vn 0.8907 0.4153 -0.1848
vn 0.9298 0.3675 -0.0221
vn 0.9406 0.3086 0.1413
vn 0.9230 0.2403 0.3005
vn 0.8774 0.1647 0.4507
vn 0.8051 0.0841 0.5872
vn 0.7083 0.0010 0.7059
vn 0.5900 -0.0823 0.8032
vn 0.4537 -0.1631 0.8761
vn 0.3036 -0.2389 0.9224
vn 0.1442 -0.3075 0.9406
vn -0.0197 -0.3667 0.9301
vn -0.1830 -0.4148 0.8913
vn -0.3408 -0.4502 0.8253
vn -0.4881 -0.4719 0.7342
vn -0.5949 -0.5406 0.5949
vn -0.7088 -0.5324 0.4627
vn -0.8011 -0.5079 0.3165
vn -0.8690 -0.4680 0.1607
vn -0.9104 -0.4137 -0.0000
vn -0.9240 -0.3469 -0.1607
vn -0.9095 -0.2695 -0.3164
vn -0.8673 -0.1840 -0.4625
vn -0.7988 -0.0928 -0.5945
vn -0.7059 0.0010 -0.7083
vn -0.5917 0.0949 -0.8006
vn -0.4595 0.1858 -0.8685
vn -0.3134 0.2711 -0.9101
vn -0.1579 0.3481 -0.9240
vn 0.0023 0.4146 -0.9100
vn 0.1625 0.4685 -0.8684
vn 0.3177 0.5082 -0.8005
vn 0.4633 0.5325 -0.7084
vn 0.5948 0.5406 -0.5949
vn 0.7084 0.5324 -0.4633
vn 0.8005 0.5082 -0.3178
vn 0.8684 0.4685 -0.1625
vn 0.9100 0.4146 -0.0023
vn 0.9240 0.3482 0.1579
vn 0.9101 0.2711 0.3134
vn 0.8685 0.1859 0.4595
vn 0.8006 0.0949 0.5917
vn 0.7083 0.0011 0.7059
vn 0.5945 -0.0929 0.7987
vn 0.4625 -0.1840 0.8673
vn 0.3164 -0.2695 0.9095
vn 0.1607 -0.3469 0.9240
vn 0.0000 -0.4137 0.9104
vn -0.1607 -0.4679 0.8690
vn -0.3166 -0.5079 0.8011
vn -0.4627 -0.5324 0.7088
vn -0.5661 -0.5993 0.5661
vn -0.6805 -0.5901 0.4344
vn -0.7741 -0.5630 0.2895
vn -0.8441 -0.5187 0.1357
vn -0.8884 -0.4586 -0.0220
vn -0.9056 -0.3845 -0.1791
vn -0.8952 -0.2987 -0.3308
vn -0.8575 -0.2039 -0.4723
vn -0.7938 -0.1029 -0.5994
vn -0.7060 0.0012 -0.7082
vn -0.5967 0.1052 -0.7955
vn -0.4694 0.2060 -0.8586
vn -0.3279 0.3005 -0.8956
vn -0.1765 0.3859 -0.9055
vn -0.0197 0.4596 -0.8879
vn 0.1376 0.5193 -0.8434
vn 0.2907 0.5633 -0.7734
vn 0.4350 0.5902 -0.6800
vn 0.5661 0.5993 -0.5660
vn 0.6801 0.5902 -0.4349
vn 0.7734 0.5633 -0.2907
vn 0.8435 0.5193 -0.1375
vn 0.8879 0.4596 0.0197
vn 0.9055 0.3859 0.1764
vn 0.8956 0.3005 0.3279
vn 0.8586 0.2060 0.4694
vn 0.7955 0.1052 0.5967
vn 0.7082 0.0012 0.7060
vn 0.5994 -0.1029 0.7938
vn 0.4723 -0.2039 0.8575
vn 0.3308 -0.2987 0.8952
vn 0.1792 -0.3845 0.9056
vn 0.0220 -0.4586 0.8884
vn -0.1358 -0.5187 0.8441
vn -0.2895 -0.5630 0.7741
vn -0.4344 -0.5901 0.6805
vn -0.5344 -0.6549 0.5344
vn -0.6493 -0.6449 0.4032
vn -0.7443 -0.6152 0.2598
vn -0.8167 -0.5668 0.1084
vn -0.8641 -0.5011 -0.0463
vn -0.8852 -0.4202 -0.1995
vn -0.8794 -0.3265 -0.3466
vn -0.8468 -0.2229 -0.4830
vn -0.7884 -0.1125 -0.6048
vn -0.7060 0.0013 -0.7082
vn -0.6023 0.1150 -0.7899
vn -0.4803 0.2251 -0.8477
vn -0.3438 0.3284 -0.8798
vn -0.1969 0.4217 -0.8851
vn -0.0440 0.5022 -0.8636
vn 0.1101 0.5674 -0.8160
vn 0.2609 0.6155 -0.7437
vn 0.4037 0.6449 -0.6489
vn 0.5344 0.6549 -0.5344
vn 0.6489 0.6449 -0.4038
vn 0.7437 0.6155 -0.2609
vn 0.8160 0.5674 -0.1101
vn 0.8636 0.5022 0.0440
vn 0.8851 0.4217 0.1969
vn 0.8798 0.3284 0.3438
vn 0.8477 0.2251 0.4803
vn 0.7899 0.1150 0.6023
vn 0.7081 0.0013 0.7061
vn 0.6048 -0.1125 0.7884
vn 0.4831 -0.2228 0.8468
vn 0.3466 -0.3265 0.8794
vn 0.1995 -0.4202 0.8852
vn 0.0463 -0.5011 0.8641
vn -0.1084 -0.5668 0.8167
vn -0.2598 -0.6152 0.7443
vn -0.4032 -0.6449 0.6493
vn -0.5000 -0.7071 0.5000
vn -0.6154 -0.6963 0.3694
vn -0.7121 -0.6643 0.2274
vn -0.7869 -0.6120 0.0786
vn -0.8378 -0.5411 -0.0726
vn -0.8632 -0.4537 -0.2216
vn -0.8622 -0.3525 -0.3637
vn -0.8351 -0.2406 -0.4948
vn -0.7825 -0.1214 -0.6107
vn -0.7061 0.0014 -0.7081
vn -0.6084 0.1241 -0.7839
vn -0.4921 0.2431 -0.8359
vn -0.3610 0.3546 -0.8625
vn -0.2190 0.4553 -0.8630
vn -0.0704 0.5423 -0.8373
vn 0.0803 0.6127 -0.7862
vn 0.2286 0.6646 -0.7113
vn 0.3699 0.6964 -0.6150
vn 0.5000 0.7071 -0.5000
vn 0.6150 0.6964 -0.3699
vn 0.7113 0.6646 -0.2286
vn 0.7862 0.6127 -0.0803
vn 0.8372 0.5423 0.0704
vn 0.8630 0.4554 0.2190
vn 0.8625 0.3546 0.3610
vn 0.8359 0.2431 0.4921
vn 0.7839 0.1241 0.6084
vn 0.7081 0.0014 0.7061
vn 0.6107 -0.1214 0.7825
vn 0.4948 -0.2406 0.8350
vn 0.3637 -0.3525 0.8622
vn 0.2216 -0.4537 0.8632
vn 0.0726 -0.5411 0.8378
vn -0.0786 -0.6120 0.7869
vn -0.2274 -0.6643 0.7120
vn -0.3694 -0.6963 0.6154
vn -0.4631 -0.7557 0.4631
vn -0.5790 -0.7442 0.3330
vn -0.6773 -0.7100 0.1928
vn -0.7550 -0.6541 0.0466
vn -0.8096 -0.5783 -0.1009
vn -0.8395 -0.4849 -0.2453
vn -0.8438 -0.3767 -0.3822
vn -0.8225 -0.2572 -0.5073
vn -0.7761 -0.1298 -0.6171
vn -0.7062 0.0015 -0.7080
vn -0.6148 0.1327 -0.7774
vn -0.5048 0.2598 -0.8232
vn -0.3795 0.3790 -0.8440
vn -0.2428 0.4866 -0.8392
vn -0.0987 0.5795 -0.8089
vn 0.0483 0.6549 -0.7542
vn 0.1938 0.7103 -0.6766
vn 0.3335 0.7443 -0.5786
vn 0.4631 0.7557 -0.4630
vn 0.5786 0.7443 -0.3335
vn 0.6766 0.7104 -0.1939
vn 0.7542 0.6549 -0.0483
vn 0.8089 0.5795 0.0988
vn 0.8392 0.4867 0.2429
vn 0.8440 0.3790 0.3795
vn 0.8232 0.2598 0.5048
vn 0.7774 0.1327 0.6148
vn 0.7080 0.0015 0.7062
vn 0.6171 -0.1298 0.7761
vn 0.5074 -0.2572 0.8225
vn 0.3821 -0.3767 0.8438
vn 0.2453 -0.4849 0.8395
vn 0.1009 -0.5783 0.8096
vn -0.0466 -0.6541 0.7549
vn -0.1927 -0.7100 0.6773
vn -0.3330 -0.7442 0.5790
vn -0.4238 -0.8005 0.4237
vn -0.5403 -0.7883 0.2942
vn -0.6404 -0.7521 0.1558
vn -0.7209 -0.6929 0.0126
vn -0.7795 -0.6126 -0.1309
vn -0.8143 -0.5136 -0.2705
vn -0.8242 -0.3990 -0.4018
vn -0.8091 -0.2724 -0.5207
vn -0.7694 -0.1375 -0.6238
vn -0.7063 0.0016 -0.7079
vn -0.6217 0.1405 -0.7705
vn -0.5184 0.2752 -0.8097
vn -0.3993 0.4015 -0.8243
vn -0.2681 0.5155 -0.8139
vn -0.1289 0.6139 -0.7788
vn 0.0142 0.6937 -0.7201
vn 0.1569 0.7524 -0.6397
vn 0.2948 0.7884 -0.5399
vn 0.4238 0.8005 -0.4237
vn 0.5399 0.7884 -0.2948
vn 0.6397 0.7524 -0.1569
vn 0.7201 0.6937 -0.0143
vn 0.7788 0.6139 0.1288
vn 0.8139 0.5155 0.2681
vn 0.8243 0.4015 0.3993
vn 0.8097 0.2752 0.5184
vn 0.7705 0.1405 0.6217
vn 0.7079 0.0015 0.7063
vn 0.6238 -0.1375 0.7694
vn 0.5207 -0.2724 0.8091
vn 0.4017 -0.3991 0.8242
vn 0.2705 -0.5137 0.8142
vn 0.1309 -0.6126 0.7795
vn -0.0126 -0.6929 0.7209
vn -0.1558 -0.7521 0.6404
vn -0.2943 -0.7883 0.5403
vn -0.3823 -0.8412 0.3823
vn -0.4995 -0.8284 0.2534
vn -0.6015 -0.7903 0.1168
vn -0.6851 -0.7281 -0.0233
vn -0.7478 -0.6437 -0.1627
vn -0.7876 -0.5398 -0.2970
vn -0.8036 -0.4194 -0.4224
vn -0.7950 -0.2863 -0.5348
vn -0.7622 -0.1445 -0.6310
vn -0.7063 0.0017 -0.7079
vn -0.6290 0.1477 -0.7633
vn -0.5326 0.2892 -0.7954
vn -0.4201 0.4219 -0.8035
vn -0.2948 0.5417 -0.7872
vn -0.1607 0.6451 -0.7470
vn -0.0217 0.7290 -0.6842
vn 0.1179 0.7907 -0.6007
vn 0.2540 0.8285 -0.4991
vn 0.3823 0.8412 -0.3823
vn 0.4991 0.8285 -0.2540
vn 0.6007 0.7907 -0.1179
vn 0.6842 0.7290 0.0217
vn 0.7470 0.6451 0.1607
vn 0.7872 0.5417 0.2948
vn 0.8035 0.4219 0.4200
vn 0.7954 0.2892 0.5326
vn 0.7632 0.1477 0.6290
vn 0.7079 0.0017 0.7063
vn 0.6310 -0.1444 0.7622
vn 0.5348 -0.2862 0.7950
vn 0.4224 -0.4194 0.8036
vn 0.2971 -0.5398 0.7877
vn 0.1627 -0.6437 0.7478
vn 0.0233 -0.7281 0.6851
vn -0.1168 -0.7903 0.6015
vn -0.2534 -0.8284 0.4995
vn -0.3389 -0.8777 0.3389
vn -0.4567 -0.8643 0.2107
vn -0.5606 -0.8246 0.0761
vn -0.6475 -0.7596 -0.0609
vn -0.7145 -0.6716 -0.1959
vn -0.7598 -0.5631 -0.3249
vn -0.7819 -0.4375 -0.4441
vn -0.7802 -0.2986 -0.5496
vn -0.7548 -0.1507 -0.6384
vn -0.7065 0.0018 -0.7078
vn -0.6366 0.1541 -0.7556
vn -0.5475 0.3017 -0.7805
vn -0.4418 0.4401 -0.7817
vn -0.3228 0.5652 -0.7592
vn -0.1940 0.6730 -0.7137
vn -0.0593 0.7605 -0.6466
vn 0.0771 0.8250 -0.5599
vn 0.2112 0.8644 -0.4563
vn 0.3389 0.8777 -0.3389
vn 0.4563 0.8644 -0.2112
vn 0.5599 0.8249 -0.0771
vn 0.6466 0.7605 0.0593
vn 0.7137 0.6731 0.1940
vn 0.7592 0.5652 0.3228
vn 0.7817 0.4401 0.4418
vn 0.7805 0.3017 0.5475
vn 0.7556 0.1541 0.6366
vn 0.7078 0.0017 0.7064
vn 0.6384 -0.1507 0.7548
vn 0.5496 -0.2986 0.7802
vn 0.4440 -0.4375 0.7819
vn 0.3249 -0.5631 0.7598
vn 0.1959 -0.6716 0.7145
vn 0.0609 -0.7596 0.6475
vn -0.0761 -0.8246 0.5606
vn -0.2107 -0.8643 0.4567
vn -0.2937 -0.9096 0.2938
vn -0.4123 -0.8958 0.1663
vn -0.5182 -0.8546 0.0337
vn -0.6084 -0.7873 -0.0999
vn -0.6800 -0.6961 -0.2305
vn -0.7308 -0.5837 -0.3539
vn -0.7594 -0.4534 -0.4666
vn -0.7648 -0.3095 -0.5650
vn -0.7470 -0.1562 -0.6462
vn -0.7065 0.0018 -0.7077
vn -0.6445 0.1597 -0.7477
vn -0.5630 0.3127 -0.7650
vn -0.4644 0.4562 -0.7591
vn -0.3518 0.5857 -0.7302
vn -0.2286 0.6976 -0.6791
vn -0.0984 0.7882 -0.6075
vn 0.0347 0.8550 -0.5175
vn 0.1668 0.8959 -0.4119
vn 0.2937 0.9096 -0.2938
vn 0.4118 0.8959 -0.1667
vn 0.5175 0.8550 -0.0347
vn 0.6075 0.7882 0.0984
vn 0.6791 0.6976 0.2286
vn 0.7301 0.5858 0.3518
vn 0.7591 0.4562 0.4644
vn 0.7650 0.3127 0.5630
vn 0.7477 0.1597 0.6446
vn 0.7077 0.0018 0.7065
vn 0.6462 -0.1562 0.7470
vn 0.5649 -0.3096 0.7649
vn 0.4665 -0.4535 0.7594
vn 0.3539 -0.5836 0.7308
vn 0.2305 -0.6960 0.6800
vn 0.0999 -0.7873 0.6084
vn -0.0337 -0.8546 0.5182
vn -0.1662 -0.8957 0.4123
vn -0.2471 -0.9370 0.2471
vn -0.3664 -0.9227 0.1203
vn -0.4745 -0.8802 -0.0101
vn -0.5680 -0.8110 -0.1402
vn -0.6443 -0.7170 -0.2661
vn -0.7009 -0.6012 -0.3838
vn -0.7362 -0.4671 -0.4898
vn -0.7490 -0.3188 -0.5808
vn -0.7390 -0.1610 -0.6541
vn -0.7066 0.0018 -0.7076
vn -0.6527 0.1645 -0.7395
vn -0.5791 0.3221 -0.7490
vn -0.4878 0.4699 -0.7357
vn -0.3819 0.6034 -0.7001
vn -0.2643 0.7185 -0.6433
vn -0.1388 0.8119 -0.5670
vn -0.0091 0.8807 -0.4736
vn 0.1208 0.9228 -0.3659
vn 0.2471 0.9369 -0.2471
vn 0.3659 0.9228 -0.1208
vn 0.4737 0.8807 0.0091
vn 0.5671 0.8119 0.1388
vn 0.6433 0.7185 0.2643
vn 0.7001 0.6033 0.3819
vn 0.7357 0.4698 0.4879
vn 0.7490 0.3221 0.5790
vn 0.7395 0.1645 0.6527
vn 0.7076 0.0019 0.7066
vn 0.6541 -0.1609 0.7391
vn 0.5808 -0.3188 0.7490
vn 0.4898 -0.4671 0.7362
vn 0.3838 -0.6012 0.7009
vn 0.2661 -0.7170 0.6443
vn 0.1403 -0.8109 0.5681
vn 0.0102 -0.8802 0.4745
vn -0.1203 -0.9227 0.3664
vn -0.1992 -0.9595 0.1992
vn -0.3192 -0.9449 0.0731
vn -0.4294 -0.9014 -0.0552
vn -0.5266 -0.8305 -0.1818
vn -0.6076 -0.7342 -0.3028
vn -0.6702 -0.6157 -0.4145
vn -0.7123 -0.4783 -0.5137
vn -0.7327 -0.3264 -0.5971
vn -0.7308 -0.1647 -0.6624
vn -0.7067 0.0019 -0.7075
vn -0.6611 0.1685 -0.7311
vn -0.5955 0.3299 -0.7325
vn -0.5119 0.4811 -0.7117
vn -0.4127 0.6179 -0.6693
vn -0.3010 0.7358 -0.6066
vn -0.1803 0.8314 -0.5256
vn -0.0542 0.9018 -0.4287
vn 0.0737 0.9450 -0.3187
vn 0.1992 0.9595 -0.1992
vn 0.3187 0.9450 -0.0736
vn 0.4286 0.9018 0.0542
vn 0.5256 0.8314 0.1803
vn 0.6066 0.7358 0.3010
vn 0.6693 0.6179 0.4127
vn 0.7117 0.4812 0.5119
vn 0.7325 0.3299 0.5955
vn 0.7311 0.1684 0.6612
vn 0.7075 0.0019 0.7067
vn 0.6624 -0.1648 0.7308
vn 0.5971 -0.3265 0.7327
vn 0.5137 -0.4783 0.7123
vn 0.4145 -0.6157 0.6702
vn 0.3028 -0.7342 0.6076
vn 0.1817 -0.8305 0.5266
vn 0.0551 -0.9014 0.4294
vn -0.0731 -0.9449 0.3192
vn -0.1503 -0.9771 0.1503
vn -0.2710 -0.9622 0.0250
vn -0.3835 -0.9180 -0.1011
vn -0.4842 -0.8458 -0.2240
vn -0.5702 -0.7477 -0.3402
vn -0.6388 -0.6270 -0.4459
vn -0.6879 -0.4872 -0.5380
vn -0.7160 -0.3325 -0.6138
vn -0.7224 -0.1678 -0.6708
vn -0.7068 0.0020 -0.7074
vn -0.6697 0.1716 -0.7225
vn -0.6123 0.3360 -0.7157
vn -0.5364 0.4900 -0.6871
vn -0.4442 0.6292 -0.6378
vn -0.3386 0.7493 -0.5691
vn -0.2227 0.8467 -0.4832
vn -0.1001 0.9185 -0.3826
vn 0.0255 0.9624 -0.2706
vn 0.1503 0.9771 -0.1503
vn 0.2706 0.9624 -0.0255
vn 0.3827 0.9184 0.1001
vn 0.4832 0.8467 0.2227
vn 0.5691 0.7493 0.3386
vn 0.6378 0.6292 0.4442
vn 0.6871 0.4900 0.5364
vn 0.7157 0.3359 0.6123
vn 0.7225 0.1716 0.6697
vn 0.7074 0.0019 0.7068
vn 0.6708 -0.1678 0.7224
vn 0.6137 -0.3325 0.7161
vn 0.5380 -0.4871 0.6879
vn 0.4459 -0.6270 0.6388
vn 0.3402 -0.7477 0.5702
vn 0.2240 -0.8458 0.4843
vn 0.1011 -0.9180 0.3835
vn -0.0250 -0.9622 0.2710
vn -0.1006 -0.9898 0.1006
vn -0.2221 -0.9747 -0.0240
vn -0.3368 -0.9299 -0.1478
vn -0.4413 -0.8567 -0.2670
vn -0.5323 -0.7574 -0.3782
vn -0.6070 -0.6351 -0.4778
vn -0.6632 -0.4934 -0.5628
vn -0.6992 -0.3368 -0.6307
vn -0.7139 -0.1700 -0.6793
vn -0.7069 0.0019 -0.7073
vn -0.6785 0.1737 -0.7138
vn -0.6294 0.3403 -0.6986
vn -0.5613 0.4964 -0.6622
vn -0.4762 0.6374 -0.6058
vn -0.3767 0.7590 -0.5310
vn -0.2657 0.8577 -0.4402
vn -0.1468 0.9304 -0.3360
vn -0.0234 0.9748 -0.2217
vn 0.1006 0.9898 -0.1007
vn 0.2216 0.9748 0.0234
vn 0.3360 0.9304 0.1468
vn 0.4401 0.8577 0.2657
vn 0.5310 0.7590 0.3767
vn 0.6058 0.6373 0.4762
vn 0.6622 0.4963 0.5613
vn 0.6986 0.3403 0.6294
vn 0.7138 0.1738 0.6784
vn 0.7073 0.0019 0.7069
vn 0.6793 -0.1700 0.7139
vn 0.6307 -0.3368 0.6992
vn 0.5628 -0.4935 0.6631
vn 0.4778 -0.6351 0.6069
vn 0.3782 -0.7574 0.5322
vn 0.2671 -0.8567 0.4413
vn 0.1478 -0.9299 0.3368
vn 0.0239 -0.9747 0.2221
vn -0.0504 -0.9975 0.0505
vn -0.1727 -0.9822 -0.0733
vn -0.2897 -0.9371 -0.1949
vn -0.3978 -0.8633 -0.3105
vn -0.4938 -0.7633 -0.4166
vn -0.5747 -0.6400 -0.5100
vn -0.6381 -0.4972 -0.5879
vn -0.6821 -0.3394 -0.6478
vn -0.7053 -0.1713 -0.6879
vn -0.7070 0.0020 -0.7072
vn -0.6873 0.1751 -0.7050
vn -0.6467 0.3429 -0.6814
vn -0.5865 0.5002 -0.6371
vn -0.5085 0.6423 -0.5735
vn -0.4151 0.7649 -0.4925
vn -0.3092 0.8643 -0.3966
vn -0.1940 0.9375 -0.2888
vn -0.0729 0.9824 -0.1722
vn 0.0504 0.9975 -0.0504
vn 0.1722 0.9824 0.0729
vn 0.2888 0.9375 0.1940
vn 0.3967 0.8643 0.3092
vn 0.4925 0.7649 0.4151
vn 0.5735 0.6423 0.5085
vn 0.6371 0.5002 0.5865
vn 0.6813 0.3429 0.6467
vn 0.7050 0.1751 0.6873
vn 0.7072 0.0020 0.7070
vn 0.6880 -0.1713 0.7052
vn 0.6478 -0.3394 0.6821
vn 0.5878 -0.4972 0.6382
vn 0.5100 -0.6400 0.5747
vn 0.4166 -0.7633 0.4938
vn 0.3105 -0.8633 0.3978
vn 0.1949 -0.9371 0.2897
vn 0.0734 -0.9822 0.1727
vn 0.7071 -0.0010 0.7071
vn 0.6940 -0.1746 0.6985
vn 0.6599 -0.3429 0.6686
vn 0.6057 -0.5007 0.6184
vn 0.5332 -0.6433 0.5494
vn 0.4445 -0.7664 0.4638
vn 0.3423 -0.8662 0.3641
vn 0.2297 -0.9397 0.2535
vn 0.1102 -0.9847 0.1351
vn -0.1351 -0.9847 -0.1102
vn -0.2534 -0.9397 -0.2297
vn -0.3641 -0.8662 -0.3423
vn -0.4638 -0.7664 -0.4445
vn -0.5494 -0.6433 -0.5332
vn -0.6184 -0.5007 -0.6057
vn -0.6686 -0.3429 -0.6599
vn -0.6985 -0.1747 -0.6940
vn -0.7071 -0.0010 -0.7071
vn -0.6943 0.1727 -0.6987
vn -0.6604 0.3411 -0.6690
vn -0.6063 0.4992 -0.6190
vn -0.5339 0.6422 -0.5501
vn -0.4451 0.7656 -0.4644
vn -0.3429 0.8657 -0.3647
vn -0.2302 0.9394 -0.2539
vn -0.1104 0.9846 -0.1354
vn 0.1353 0.9846 0.1104
vn 0.2539 0.9394 0.2302
vn 0.3647 0.8657 0.3429
vn 0.4645 0.7656 0.4452
vn 0.5501 0.6421 0.5339
vn 0.6190 0.4993 0.6063
vn 0.6690 0.3412 0.6604
vn 0.6987 0.1727 0.6943
vn -0.0875 -0.0137 0.9961
vn -0.2590 -0.0155 0.9657
vn -0.1739 -0.0146 0.9847
vn -0.4227 -0.0168 0.9061
vn -0.3422 -0.0162 0.9395
vn -0.5736 -0.0176 0.8190
vn -0.5000 -0.0173 0.8658
vn -0.7069 -0.0178 0.7070
vn -0.6427 -0.0178 0.7659
vn -0.8190 -0.0176 0.5735
vn -0.7659 -0.0178 0.6427
vn -0.9061 -0.0168 0.4228
vn -0.8658 -0.0173 0.5001
vn -0.9658 -0.0155 0.2590
vn -0.9395 -0.0162 0.3421
vn -0.9961 -0.0137 0.0875
vn -0.9846 -0.0147 0.1739
vn -0.9962 -0.0115 -0.0868
vn -0.9999 -0.0127 0.0003
vn -0.9660 -0.0089 -0.2583
vn -0.9848 -0.0103 -0.1733
vn -0.9065 -0.0061 -0.4223
vn -0.9398 -0.0076 -0.3415
vn -0.8195 -0.0031 -0.5731
vn -0.8662 -0.0047 -0.4997
vn -0.7074 -0.0000 -0.7068
vn -0.7664 -0.0016 -0.6424
vn -0.5740 0.0031 -0.8188
vn -0.6431 0.0015 -0.7658
vn -0.4230 0.0061 -0.9061
vn -0.5004 0.0046 -0.8658
vn -0.2592 0.0089 -0.9658
vn -0.3425 0.0075 -0.9395
vn -0.0875 0.0115 -0.9961
vn -0.1740 0.0102 -0.9847
vn 0.0868 0.0137 -0.9961
vn -0.0004 0.0126 -0.9999
vn 0.2586 0.0155 -0.9659
vn 0.1734 0.0146 -0.9848
vn 0.4224 0.0168 -0.9063
vn 0.3418 0.0161 -0.9396
vn 0.5734 0.0176 -0.8191
vn 0.4998 0.0172 -0.8660
vn 0.7075 0.0169 -0.7065
vn 0.6427 0.0178 -0.7660
vn 0.8195 0.0166 -0.5729
vn 0.7655 0.0167 -0.6432
vn 0.9065 0.0158 -0.4218
vn 0.8657 0.0162 -0.5003
vn 0.9661 0.0145 -0.2579
vn 0.9394 0.0151 -0.3424
vn 0.9962 0.0127 -0.0861
vn 0.9846 0.0136 -0.1741
vn 0.9961 0.0105 0.0881
vn 0.9999 0.0116 -0.0003
vn 0.9656 0.0079 0.2599
vn 0.9848 0.0092 0.1735
vn 0.9058 0.0051 0.4236
vn 0.9397 0.0065 0.3418
vn 0.8185 0.0021 0.5745
vn 0.8661 0.0036 0.4998
vn 0.5732 -0.0031 0.8194
vn 0.6424 -0.0016 0.7664
vn 0.7067 -0.0000 0.7075
vn 0.7661 0.0005 0.6427
vn 0.4222 -0.0061 0.9065
vn 0.4996 -0.0047 0.8663
vn 0.2584 -0.0089 0.9660
vn 0.3416 -0.0076 0.9398
vn -0.0004 -0.0127 0.9999
vn 0.0868 -0.0115 0.9962
vn 0.1732 -0.0103 0.9848
vn 0.4204 0.0660 -0.9049
vn 0.5716 0.0692 -0.8176
vn 0.2564 0.0607 -0.9647
vn 0.0846 0.0536 -0.9950
vn -0.0898 0.0448 -0.9950
vn -0.2613 0.0346 -0.9646
vn -0.4249 0.0233 -0.9050
vn -0.5754 0.0113 -0.8178
vn -0.7085 -0.0011 -0.7057
vn -0.8199 -0.0135 -0.5723
vn -0.9064 -0.0255 -0.4216
vn -0.9654 -0.0367 -0.2581
vn -0.9951 -0.0469 -0.0868
vn -0.9947 -0.0557 0.0870
vn -0.9641 -0.0628 0.2582
vn -0.9043 -0.0680 0.4215
vn -0.8171 -0.0712 0.5720
vn -0.7052 -0.0723 0.7053
vn -0.5720 -0.0712 0.8171
vn -0.4215 -0.0680 0.9043
vn -0.2582 -0.0628 0.9641
vn -0.0870 -0.0557 0.9947
vn 0.0869 -0.0469 0.9951
vn 0.2581 -0.0367 0.9654
vn 0.4216 -0.0255 0.9064
vn 0.5723 -0.0135 0.8199
vn 0.7060 -0.0007 0.7083
vn 0.8177 0.0122 0.5755
vn 0.9049 0.0243 0.4249
vn 0.9646 0.0355 0.2614
vn 0.9949 0.0457 0.0899
vn 0.9949 0.0546 -0.0845
vn 0.9646 0.0617 -0.2563
vn 0.9049 0.0670 -0.4203
vn 0.8176 0.0702 -0.5715
vn 0.7056 0.0708 -0.7051
vn 0.8123 0.1401 -0.5662
vn 0.8998 0.1337 -0.4153
vn 0.9599 0.1232 -0.2517
vn 0.9908 0.1089 -0.0804
vn 0.9914 0.0913 0.0933
vn 0.9619 0.0709 0.2641
vn 0.9031 0.0484 0.4268
vn 0.8168 0.0244 0.5764
vn 0.7057 -0.0003 0.7085
vn 0.5732 -0.0250 0.8190
vn 0.4234 -0.0489 0.9046
vn 0.2608 -0.0714 0.9628
vn 0.0903 -0.0916 0.9917
vn -0.0829 -0.1091 0.9906
vn -0.2535 -0.1233 0.9594
vn -0.4165 -0.1338 0.8993
vn -0.5668 -0.1402 0.8119
vn -0.8119 -0.1402 0.5668
vn -0.8993 -0.1338 0.4165
vn -0.9594 -0.1233 0.2535
vn -0.9906 -0.1091 0.0829
vn -0.9917 -0.0916 -0.0903
vn -0.9628 -0.0714 -0.2608
vn -0.9046 -0.0489 -0.4234
vn -0.8190 -0.0250 -0.5733
vn -0.7085 -0.0003 -0.7057
vn -0.5764 0.0244 -0.8168
vn -0.4267 0.0484 -0.9031
vn -0.2641 0.0709 -0.9619
vn -0.0933 0.0913 -0.9914
vn 0.0804 0.1089 -0.9908
vn 0.2516 0.1232 -0.9600
vn 0.4152 0.1337 -0.8998
vn 0.5662 0.1402 -0.8123
vn 0.6910 0.2126 -0.6909
vn 0.8034 0.2093 -0.5574
vn 0.8914 0.1997 -0.4068
vn 0.9522 0.1840 -0.2439
vn 0.9839 0.1626 -0.0735
vn 0.9857 0.1364 0.0991
vn 0.9574 0.1060 0.2685
vn 0.9000 0.0723 0.4298
vn 0.8152 0.0365 0.5780
vn 0.7057 -0.0004 0.7085
vn 0.5748 -0.0373 0.8174
vn 0.4265 -0.0731 0.9015
vn 0.2653 -0.1066 0.9583
vn 0.0961 -0.1369 0.9859
vn -0.0760 -0.1630 0.9837
vn -0.2458 -0.1842 0.9517
vn -0.4080 -0.1998 0.8908
vn -0.5579 -0.2093 0.8030
vn -0.6909 -0.2126 0.6910
vn -0.8030 -0.2093 0.5579
vn -0.8908 -0.1998 0.4080
vn -0.9517 -0.1842 0.2458
vn -0.9837 -0.1630 0.0760
vn -0.9859 -0.1369 -0.0960
vn -0.9583 -0.1066 -0.2653
vn -0.9015 -0.0731 -0.4265
vn -0.8174 -0.0373 -0.5748
vn -0.7085 -0.0004 -0.7057
vn -0.5779 0.0365 -0.8153
vn -0.4298 0.0723 -0.9000
vn -0.2685 0.1060 -0.9574
vn -0.0990 0.1364 -0.9857
vn 0.0735 0.1627 -0.9839
vn 0.2439 0.1840 -0.9522
vn 0.4068 0.1997 -0.8914
vn 0.5574 0.2093 -0.8034
vn 0.7911 0.2775 -0.5451
vn 0.8797 0.2647 -0.3951
vn 0.9414 0.2439 -0.2331
vn 0.9744 0.2156 -0.0640
vn 0.9777 0.1808 0.1070
vn 0.9512 0.1404 0.2747
vn 0.8958 0.0958 0.4341
vn 0.8131 0.0484 0.5801
vn 0.7058 -0.0006 0.7084
vn 0.5770 -0.0495 0.8152
vn 0.4308 -0.0968 0.8972
vn 0.2715 -0.1413 0.9520
vn 0.1041 -0.1814 0.9779
vn -0.0665 -0.2160 0.9741
vn -0.2350 -0.2441 0.9408
vn -0.3963 -0.2648 0.8791
vn -0.5457 -0.2775 0.7907
vn -0.7908 -0.2775 0.5456
vn -0.8791 -0.2648 0.3963
vn -0.9408 -0.2441 0.2350
vn -0.9741 -0.2161 0.0665
vn -0.9779 -0.1814 -0.1041
vn -0.9520 -0.1413 -0.2715
vn -0.8973 -0.0969 -0.4308
vn -0.8152 -0.0494 -0.5770
vn -0.7084 -0.0006 -0.7058
vn -0.5801 0.0484 -0.8131
vn -0.4340 0.0959 -0.8958
vn -0.2748 0.1405 -0.9512
vn -0.1071 0.1808 -0.9777
vn 0.0640 0.2156 -0.9744
vn 0.2331 0.2439 -0.9414
vn 0.3951 0.2647 -0.8797
vn 0.5451 0.2775 -0.7911
vn 0.7755 0.3441 -0.5294
vn 0.8647 0.3283 -0.3801
vn 0.9276 0.3025 -0.2193
vn 0.9622 0.2674 -0.0518
vn 0.9675 0.2242 0.1173
vn 0.9433 0.1742 0.2827
vn 0.8904 0.1189 0.4394
vn 0.8104 0.0600 0.5828
vn 0.7058 -0.0007 0.7084
vn 0.5798 -0.0613 0.8124
vn 0.4363 -0.1201 0.8918
vn 0.2795 -0.1752 0.9440
vn 0.1143 -0.2251 0.9676
vn -0.0542 -0.2680 0.9619
vn -0.2211 -0.3028 0.9270
vn -0.3813 -0.3285 0.8641
vn -0.5299 -0.3442 0.7751
vn -0.6625 -0.3494 0.6625
vn -0.7751 -0.3441 0.5300
vn -0.8641 -0.3285 0.3814
vn -0.9270 -0.3028 0.2211
vn -0.9619 -0.2680 0.0542
vn -0.9676 -0.2250 -0.1143
vn -0.9440 -0.1753 -0.2795
vn -0.8918 -0.1201 -0.4363
vn -0.8124 -0.0613 -0.5798
vn -0.7084 -0.0007 -0.7058
vn -0.5828 0.0600 -0.8104
vn -0.4395 0.1189 -0.8903
vn -0.2827 0.1742 -0.9433
vn -0.1173 0.2242 -0.9675
vn 0.0518 0.2674 -0.9622
vn 0.2193 0.3025 -0.9276
vn 0.3801 0.3283 -0.8647
vn 0.5294 0.3441 -0.7754
vn 0.7564 0.4091 -0.5104
vn 0.8466 0.3903 -0.3619
vn 0.9109 0.3596 -0.2026
vn 0.9474 0.3179 -0.0370
vn 0.9551 0.2666 0.1297
vn 0.9336 0.2071 0.2923
vn 0.8838 0.1414 0.4461
vn 0.8070 0.0713 0.5862
vn 0.7058 -0.0008 0.7084
vn 0.5832 -0.0729 0.8090
vn 0.4429 -0.1428 0.8851
vn 0.2892 -0.2083 0.9343
vn 0.1268 -0.2675 0.9552
vn -0.0394 -0.3185 0.9471
vn -0.2044 -0.3600 0.9103
vn -0.3632 -0.3905 0.8459
vn -0.5109 -0.4092 0.7560
vn -0.7560 -0.4092 0.5109
vn -0.8460 -0.3905 0.3631
vn -0.9103 -0.3600 0.2043
vn -0.9471 -0.3186 0.0394
vn -0.9552 -0.2675 -0.1267
vn -0.9343 -0.2083 -0.2892
vn -0.8851 -0.1428 -0.4429
vn -0.8090 -0.0729 -0.5832
vn -0.7084 -0.0008 -0.7058
vn -0.5862 0.0713 -0.8070
vn -0.4460 0.1414 -0.8838
vn -0.2923 0.2071 -0.9336
vn -0.1297 0.2666 -0.9551
vn 0.0370 0.3179 -0.9474
vn 0.2026 0.3595 -0.9109
vn 0.3620 0.3903 -0.8466
vn 0.5104 0.4091 -0.7564
vn 0.6206 0.4793 -0.6206
vn 0.7342 0.4719 -0.4881
vn 0.8253 0.4502 -0.3408
vn 0.8913 0.4148 -0.1830
vn 0.9301 0.3667 -0.0197
vn 0.9406 0.3075 0.1442
vn 0.9224 0.2389 0.3036
vn 0.8761 0.1631 0.4538
vn 0.8032 0.0823 0.5900
vn 0.7059 -0.0010 0.7083
vn 0.5872 -0.0842 0.8051
vn 0.4507 -0.1647 0.8774
vn 0.3005 -0.2404 0.9230
vn 0.1413 -0.3086 0.9406
vn -0.0221 -0.3675 0.9298
vn -0.1848 -0.4153 0.8907
vn -0.3419 -0.4504 0.8247
vn -0.4887 -0.4720 0.7338
vn -0.7338 -0.4720 0.4887
vn -0.8247 -0.4505 0.3419
vn -0.8907 -0.4153 0.1849
vn -0.9298 -0.3675 0.0221
vn -0.9406 -0.3086 -0.1414
vn -0.9230 -0.2403 -0.3005
vn -0.8774 -0.1648 -0.4506
vn -0.8051 -0.0842 -0.5872
vn -0.7084 -0.0010 -0.7059
vn -0.5900 0.0823 -0.8032
vn -0.4537 0.1631 -0.8761
vn -0.3036 0.2389 -0.9223
vn -0.1442 0.3075 -0.9406
vn 0.0197 0.3668 -0.9301
vn 0.1830 0.4148 -0.8913
vn 0.3407 0.4502 -0.8253
vn 0.4881 0.4720 -0.7342
vn 0.5949 0.5406 -0.5949
vn 0.7088 0.5324 -0.4627
vn 0.8011 0.5079 -0.3165
vn 0.8690 0.4679 -0.1607
vn 0.9104 0.4137 0.0000
vn 0.9240 0.3469 0.1607
vn 0.9095 0.2695 0.3165
vn 0.8673 0.1839 0.4625
vn 0.7987 0.0928 0.5945
vn 0.7059 -0.0011 0.7083
vn 0.5917 -0.0949 0.8006
vn 0.4595 -0.1858 0.8685
vn 0.3135 -0.2711 0.9101
vn 0.1579 -0.3481 0.9240
vn -0.0023 -0.4146 0.9100
vn -0.1625 -0.4685 0.8684
vn -0.3177 -0.5081 0.8005
vn -0.4633 -0.5325 0.7084
vn -0.5948 -0.5406 0.5949
vn -0.7084 -0.5324 0.4633
vn -0.8005 -0.5082 0.3177
vn -0.8684 -0.4685 0.1625
vn -0.9100 -0.4146 0.0023
vn -0.9240 -0.3481 -0.1579
vn -0.9101 -0.2711 -0.3134
vn -0.8685 -0.1859 -0.4595
vn -0.8006 -0.0949 -0.5917
vn -0.7083 -0.0011 -0.7059
vn -0.5945 0.0928 -0.7988
vn -0.4625 0.1839 -0.8673
vn -0.3164 0.2695 -0.9095
vn -0.1607 0.3469 -0.9240
vn -0.0000 0.4137 -0.9104
vn 0.1607 0.4679 -0.8690
vn 0.3166 0.5079 -0.8011
vn 0.4627 0.5324 -0.7088
vn 0.6804 0.5902 -0.4344
vn 0.7741 0.5630 -0.2895
vn 0.8441 0.5187 -0.1357
vn 0.8884 0.4586 0.0220
vn 0.9056 0.3845 0.1791
vn 0.8952 0.2988 0.3308
vn 0.8575 0.2040 0.4723
vn 0.7938 0.1030 0.5994
vn 0.7060 -0.0012 0.7082
vn 0.5967 -0.1052 0.7955
vn 0.4694 -0.2060 0.8586
vn 0.3279 -0.3005 0.8956
vn 0.1765 -0.3859 0.9055
vn 0.0198 -0.4595 0.8879
vn -0.1376 -0.5193 0.8434
vn -0.2907 -0.5633 0.7734
vn -0.4349 -0.5902 0.6801
vn -0.5660 -0.5993 0.5661
vn -0.6800 -0.5902 0.4350
vn -0.7734 -0.5633 0.2907
vn -0.8434 -0.5193 0.1376
vn -0.8879 -0.4596 -0.0198
vn -0.9055 -0.3859 -0.1765
vn -0.8956 -0.3005 -0.3279
vn -0.8586 -0.2060 -0.4694
vn -0.7955 -0.1052 -0.5967
vn -0.7082 -0.0012 -0.7060
vn -0.5994 0.1029 -0.7938
vn -0.4723 0.2039 -0.8575
vn -0.3308 0.2988 -0.8952
vn -0.1791 0.3845 -0.9056
vn -0.0221 0.4586 -0.8884
vn 0.1358 0.5187 -0.8441
vn 0.2895 0.5630 -0.7741
vn 0.4345 0.5902 -0.6804
vn 0.5344 0.6548 -0.5344
vn 0.6493 0.6449 -0.4033
vn 0.7443 0.6152 -0.2597
vn 0.8167 0.5668 -0.1083
vn 0.8641 0.5011 0.0463
vn 0.8852 0.4202 0.1995
vn 0.8794 0.3264 0.3466
vn 0.8467 0.2228 0.4831
vn 0.7884 0.1124 0.6048
vn 0.7061 -0.0013 0.7081
vn 0.6023 -0.1150 0.7899
vn 0.4803 -0.2251 0.8477
vn 0.3438 -0.3284 0.8797
vn 0.1969 -0.4217 0.8851
vn 0.0441 -0.5022 0.8636
vn -0.1101 -0.5675 0.8160
vn -0.2609 -0.6155 0.7437
vn -0.4038 -0.6449 0.6488
vn -0.6488 -0.6449 0.4038
vn -0.7437 -0.6155 0.2609
vn -0.8160 -0.5674 0.1101
vn -0.8636 -0.5022 -0.0440
vn -0.8851 -0.4217 -0.1968
vn -0.8798 -0.3284 -0.3438
vn -0.8477 -0.2251 -0.4803
vn -0.7899 -0.1149 -0.6024
vn -0.7081 -0.0013 -0.7061
vn -0.6048 0.1125 -0.7884
vn -0.4831 0.2228 -0.8468
vn -0.3466 0.3264 -0.8794
vn -0.1995 0.4202 -0.8853
vn -0.0463 0.5011 -0.8641
vn 0.1083 0.5668 -0.8167
vn 0.2597 0.6152 -0.7443
vn 0.4032 0.6449 -0.6493
vn 0.6154 0.6963 -0.3693
vn 0.7120 0.6643 -0.2274
vn 0.7869 0.6120 -0.0786
vn 0.8378 0.5411 0.0726
vn 0.8632 0.4537 0.2216
vn 0.8623 0.3525 0.3637
vn 0.8351 0.2406 0.4948
vn 0.7825 0.1215 0.6108
vn 0.6084 -0.1242 0.7839
vn 0.4921 -0.2431 0.8359
vn 0.3610 -0.3546 0.8625
vn 0.2190 -0.4553 0.8630
vn 0.0704 -0.5422 0.8373
vn -0.0803 -0.6127 0.7862
vn -0.2286 -0.6646 0.7114
vn -0.3699 -0.6964 0.6150
vn -0.6150 -0.6964 0.3699
vn -0.7114 -0.6646 0.2286
vn -0.7862 -0.6127 0.0803
vn -0.8373 -0.5423 -0.0704
vn -0.8630 -0.4553 -0.2190
vn -0.8625 -0.3546 -0.3610
vn -0.8359 -0.2431 -0.4922
vn -0.7839 -0.1242 -0.6084
vn -0.7081 -0.0015 -0.7061
vn -0.6107 0.1214 -0.7825
vn -0.4948 0.2406 -0.8350
vn -0.3637 0.3525 -0.8622
vn -0.2216 0.4537 -0.8632
vn -0.0726 0.5410 -0.8378
vn 0.0786 0.6120 -0.7869
vn 0.2274 0.6643 -0.7120
vn 0.3694 0.6963 -0.6154
vn 0.4631 0.7558 -0.4630
vn 0.5790 0.7442 -0.3330
vn 0.6773 0.7100 -0.1927
vn 0.7550 0.6541 -0.0466
vn 0.8096 0.5783 0.1009
vn 0.8394 0.4849 0.2453
vn 0.8438 0.3768 0.3821
vn 0.8225 0.2571 0.5074
vn 0.7761 0.1297 0.6171
vn 0.7062 -0.0015 0.7080
vn 0.6149 -0.1326 0.7774
vn 0.5048 -0.2598 0.8232
vn 0.3796 -0.3790 0.8440
vn 0.2428 -0.4866 0.8392
vn 0.0987 -0.5795 0.8089
vn -0.0483 -0.6549 0.7542
vn -0.1938 -0.7103 0.6767
vn -0.3335 -0.7443 0.5786
vn -0.4630 -0.7557 0.4631
vn -0.5786 -0.7443 0.3335
vn -0.6767 -0.7103 0.1938
vn -0.7542 -0.6548 0.0483
vn -0.8090 -0.5795 -0.0988
vn -0.8392 -0.4866 -0.2428
vn -0.8440 -0.3790 -0.3795
vn -0.8232 -0.2597 -0.5048
vn -0.7774 -0.1326 -0.6148
vn -0.7080 -0.0014 -0.7062
vn -0.6171 0.1298 -0.7761
vn -0.5073 0.2571 -0.8225
vn -0.3821 0.3767 -0.8438
vn -0.2453 0.4849 -0.8395
vn -0.1009 0.5783 -0.8096
vn 0.0466 0.6541 -0.7549
vn 0.1927 0.7100 -0.6773
vn 0.3330 0.7442 -0.5790
vn 0.4238 0.8005 -0.4238
vn 0.5403 0.7883 -0.2943
vn 0.6404 0.7521 -0.1558
vn 0.7209 0.6929 -0.0126
vn 0.7795 0.6126 0.1310
vn 0.8143 0.5136 0.2705
vn 0.8242 0.3991 0.4017
vn 0.8091 0.2724 0.5208
vn 0.7694 0.1374 0.6239
vn 0.7063 -0.0017 0.7079
vn 0.6217 -0.1406 0.7705
vn 0.5183 -0.2752 0.8097
vn 0.3993 -0.4015 0.8243
vn 0.2681 -0.5155 0.8139
vn 0.1289 -0.6139 0.7788
vn -0.0142 -0.6937 0.7202
vn -0.1569 -0.7525 0.6396
vn -0.2948 -0.7885 0.5398
vn -0.5399 -0.7884 0.2948
vn -0.6396 -0.7525 0.1569
vn -0.7201 -0.6937 0.0142
vn -0.7788 -0.6139 -0.1289
vn -0.8139 -0.5155 -0.2682
vn -0.8243 -0.4015 -0.3993
vn -0.8097 -0.2752 -0.5183
vn -0.7705 -0.1406 -0.6217
vn -0.7080 -0.0016 -0.7062
vn -0.6239 0.1375 -0.7694
vn -0.5207 0.2724 -0.8091
vn -0.4017 0.3991 -0.8242
vn -0.2705 0.5137 -0.8143
vn -0.1310 0.6126 -0.7795
vn 0.0126 0.6929 -0.7209
vn 0.1558 0.7521 -0.6404
vn 0.2943 0.7883 -0.5403
vn 0.4995 0.8284 -0.2534
vn 0.6015 0.7903 -0.1168
vn 0.6851 0.7281 0.0233
vn 0.7478 0.6437 0.1626
vn 0.7877 0.5398 0.2971
vn 0.8036 0.4194 0.4223
vn 0.7950 0.2863 0.5348
vn 0.7622 0.1446 0.6310
vn 0.7063 -0.0016 0.7079
vn 0.6290 -0.1478 0.7632
vn 0.5326 -0.2892 0.7954
vn 0.4200 -0.4219 0.8035
vn 0.2948 -0.5417 0.7872
vn 0.1607 -0.6451 0.7470
vn 0.0217 -0.7290 0.6842
vn -0.1179 -0.7907 0.6008
vn -0.2540 -0.8285 0.4990
vn -0.3823 -0.8413 0.3822
vn -0.4991 -0.8285 0.2539
vn -0.6007 -0.7907 0.1179
vn -0.6842 -0.7290 -0.0217
vn -0.7470 -0.6451 -0.1607
vn -0.7871 -0.5418 -0.2948
vn -0.8035 -0.4219 -0.4200
vn -0.7954 -0.2892 -0.5326
vn -0.7632 -0.1477 -0.6290
vn -0.7079 -0.0017 -0.7063
vn -0.6310 0.1445 -0.7622
vn -0.5348 0.2863 -0.7950
vn -0.4224 0.4194 -0.8036
vn -0.2971 0.5398 -0.7877
vn -0.1626 0.6438 -0.7477
vn -0.0233 0.7282 -0.6850
vn 0.1168 0.7903 -0.6014
vn 0.2534 0.8284 -0.4995
vn 0.4567 0.8643 -0.2107
vn 0.5607 0.8245 -0.0761
vn 0.6475 0.7597 0.0608
vn 0.7145 0.6716 0.1960
vn 0.7598 0.5631 0.3250
vn 0.7819 0.4375 0.4441
vn 0.7802 0.2987 0.5496
vn 0.7548 0.1507 0.6384
vn 0.7064 -0.0018 0.7078
vn 0.6366 -0.1541 0.7556
vn 0.5475 -0.3017 0.7805
vn 0.4418 -0.4401 0.7817
vn 0.3228 -0.5651 0.7592
vn 0.1940 -0.6730 0.7137
vn 0.0593 -0.7605 0.6466
vn -0.0771 -0.8250 0.5599
vn -0.2112 -0.8644 0.4563
vn -0.4563 -0.8644 0.2113
vn -0.5599 -0.8249 0.0771
vn -0.6466 -0.7605 -0.0593
vn -0.7137 -0.6730 -0.1940
vn -0.7592 -0.5651 -0.3228
vn -0.7817 -0.4401 -0.4418
vn -0.7805 -0.3017 -0.5475
vn -0.7556 -0.1541 -0.6366
vn -0.7078 -0.0018 -0.7064
vn -0.6384 0.1506 -0.7548
vn -0.5496 0.2986 -0.7802
vn -0.4440 0.4375 -0.7819
vn -0.3249 0.5631 -0.7598
vn -0.1959 0.6716 -0.7146
vn -0.0608 0.7597 -0.6475
vn 0.0761 0.8246 -0.5606
vn 0.2107 0.8643 -0.4567
vn 0.2938 0.9096 -0.2937
vn 0.4123 0.8958 -0.1662
vn 0.5182 0.8546 -0.0337
vn 0.6084 0.7873 0.0999
vn 0.6799 0.6961 0.2304
vn 0.7308 0.5837 0.3538
vn 0.7594 0.4534 0.4665
vn 0.7649 0.3095 0.5649
vn 0.7471 0.1562 0.6461
vn 0.7065 -0.0018 0.7077
vn 0.6446 -0.1597 0.7477
vn 0.5631 -0.3127 0.7650
vn 0.4645 -0.4562 0.7591
vn 0.3518 -0.5857 0.7302
vn 0.2286 -0.6975 0.6791
vn 0.0984 -0.7882 0.6075
vn -0.0347 -0.8550 0.5174
vn -0.1668 -0.8959 0.4118
vn -0.4118 -0.8959 0.1667
vn -0.5175 -0.8550 0.0347
vn -0.6075 -0.7882 -0.0984
vn -0.6791 -0.6976 -0.2286
vn -0.7302 -0.5857 -0.3519
vn -0.7591 -0.4562 -0.4644
vn -0.7650 -0.3128 -0.5630
vn -0.7476 -0.1597 -0.6446
vn -0.7077 -0.0017 -0.7065
vn -0.6462 0.1562 -0.7470
vn -0.5650 0.3095 -0.7648
vn -0.4666 0.4535 -0.7594
vn -0.3539 0.5837 -0.7308
vn -0.2304 0.6961 -0.6800
vn -0.0999 0.7873 -0.6084
vn 0.0337 0.8546 -0.5183
vn 0.1662 0.8957 -0.4123
vn 0.2471 0.9369 -0.2472
vn 0.3664 0.9226 -0.1204
vn 0.4745 0.8802 0.0102
vn 0.5681 0.8109 0.1403
vn 0.6443 0.7170 0.2661
vn 0.7009 0.6011 0.3839
vn 0.7362 0.4671 0.4898
vn 0.7490 0.3189 0.5808
vn 0.7390 0.1610 0.6541
vn 0.7066 -0.0018 0.7076
vn 0.6527 -0.1645 0.7395
vn 0.5791 -0.3221 0.7489
vn 0.4879 -0.4699 0.7357
vn 0.3819 -0.6033 0.7001
vn 0.2644 -0.7185 0.6433
vn 0.1388 -0.8119 0.5671
vn 0.0091 -0.8807 0.4737
vn -0.1208 -0.9228 0.3659
vn -0.3659 -0.9228 0.1208
vn -0.4737 -0.8806 -0.0091
vn -0.5671 -0.8119 -0.1388
vn -0.6433 -0.7185 -0.2644
vn -0.7001 -0.6034 -0.3819
vn -0.7357 -0.4699 -0.4878
vn -0.7490 -0.3221 -0.5790
vn -0.7395 -0.1645 -0.6527
vn -0.7076 -0.0018 -0.7066
vn -0.6542 0.1610 -0.7390
vn -0.5808 0.3188 -0.7490
vn -0.4898 0.4671 -0.7362
vn -0.3838 0.6012 -0.7009
vn -0.2661 0.7170 -0.6443
vn -0.1403 0.8110 -0.5680
vn -0.0102 0.8802 -0.4744
vn 0.1203 0.9227 -0.3663
vn 0.3192 0.9449 -0.0732
vn 0.4294 0.9014 0.0551
vn 0.5266 0.8305 0.1817
vn 0.6077 0.7342 0.3027
vn 0.6702 0.6156 0.4145
vn 0.7123 0.4783 0.5137
vn 0.7327 0.3264 0.5971
vn 0.7308 0.1648 0.6624
vn 0.7067 -0.0019 0.7075
vn 0.6611 -0.1685 0.7311
vn 0.5955 -0.3298 0.7325
vn 0.5119 -0.4811 0.7117
vn 0.4127 -0.6179 0.6693
vn 0.3010 -0.7358 0.6066
vn 0.1803 -0.8314 0.5256
vn 0.0542 -0.9018 0.4287
vn -0.0737 -0.9450 0.3188
vn -0.3187 -0.9450 0.0736
vn -0.4286 -0.9018 -0.0541
vn -0.5256 -0.8314 -0.1804
vn -0.6066 -0.7358 -0.3011
vn -0.6693 -0.6179 -0.4127
vn -0.7117 -0.4811 -0.5119
vn -0.7325 -0.3298 -0.5956
vn -0.7311 -0.1685 -0.6611
vn -0.7075 -0.0019 -0.7067
vn -0.6624 0.1648 -0.7308
vn -0.5971 0.3265 -0.7327
vn -0.5137 0.4783 -0.7123
vn -0.4146 0.6156 -0.6702
vn -0.3028 0.7342 -0.6077
vn -0.1817 0.8304 -0.5266
vn -0.0551 0.9014 -0.4295
vn 0.0732 0.9449 -0.3192
vn 0.1503 0.9772 -0.1503
vn 0.2710 0.9623 -0.0249
vn 0.3835 0.9180 0.1011
vn 0.4842 0.8458 0.2241
vn 0.5702 0.7478 0.3402
vn 0.6388 0.6270 0.4459
vn 0.6879 0.4872 0.5380
vn 0.7160 0.3326 0.6137
vn 0.7224 0.1677 0.6708
vn 0.7068 -0.0019 0.7074
vn 0.6697 -0.1715 0.7225
vn 0.6123 -0.3359 0.7157
vn 0.5364 -0.4900 0.6872
vn 0.4442 -0.6292 0.6378
vn 0.3386 -0.7493 0.5691
vn 0.2227 -0.8467 0.4832
vn 0.1001 -0.9185 0.3826
vn -0.0255 -0.9624 0.2706
vn -0.2706 -0.9624 0.0255
vn -0.3827 -0.9184 -0.1001
vn -0.4832 -0.8467 -0.2227
vn -0.5691 -0.7493 -0.3386
vn -0.6378 -0.6292 -0.4442
vn -0.6872 -0.4900 -0.5364
vn -0.7157 -0.3359 -0.6123
vn -0.7225 -0.1715 -0.6698
vn -0.7074 -0.0019 -0.7068
vn -0.6708 0.1678 -0.7224
vn -0.6138 0.3325 -0.7161
vn -0.5380 0.4872 -0.6879
vn -0.4459 0.6270 -0.6388
vn -0.3402 0.7478 -0.5702
vn -0.2240 0.8458 -0.4842
vn -0.1011 0.9180 -0.3835
vn 0.0250 0.9622 -0.2710
vn 0.2221 0.9747 0.0239
vn 0.3368 0.9299 0.1477
vn 0.4412 0.8567 0.2671
vn 0.5322 0.7574 0.3783
vn 0.6069 0.6351 0.4778
vn 0.6631 0.4934 0.5628
vn 0.6991 0.3368 0.6307
vn 0.7139 0.1699 0.6794
vn 0.7069 -0.0020 0.7074
vn 0.6784 -0.1738 0.7138
vn 0.6294 -0.3402 0.6986
vn 0.5613 -0.4964 0.6622
vn 0.4762 -0.6374 0.6058
vn 0.3767 -0.7591 0.5310
vn 0.2658 -0.8577 0.4402
vn 0.1468 -0.9303 0.3361
vn 0.0235 -0.9748 0.2217
vn -0.2217 -0.9748 -0.0235
vn -0.3360 -0.9303 -0.1468
vn -0.4401 -0.8577 -0.2657
vn -0.5310 -0.7591 -0.3766
vn -0.6058 -0.6374 -0.4762
vn -0.6622 -0.4964 -0.5613
vn -0.6986 -0.3403 -0.6294
vn -0.7138 -0.1737 -0.6784
vn -0.7073 -0.0019 -0.7069
vn -0.6793 0.1700 -0.7139
vn -0.6307 0.3368 -0.6991
vn -0.5629 0.4934 -0.6632
vn -0.4778 0.6350 -0.6070
vn -0.3782 0.7574 -0.5323
vn -0.2670 0.8567 -0.4412
vn -0.1477 0.9299 -0.3368
vn -0.0239 0.9747 -0.2222
vn 0.1727 0.9822 0.0733
vn 0.2897 0.9371 0.1949
vn 0.3978 0.8633 0.3105
vn 0.4938 0.7633 0.4167
vn 0.5747 0.6400 0.5101
vn 0.6381 0.4973 0.5878
vn 0.6821 0.3394 0.6477
vn 0.7053 0.1713 0.6879
vn 0.7070 -0.0020 0.7072
vn 0.6872 -0.1751 0.7050
vn 0.6467 -0.3429 0.6814
vn 0.5865 -0.5003 0.6370
vn 0.5085 -0.6423 0.5735
vn 0.4151 -0.7649 0.4925
vn 0.3092 -0.8644 0.3965
vn 0.1940 -0.9375 0.2888
vn 0.0729 -0.9823 0.1723
vn -0.1723 -0.9823 -0.0729
vn -0.2888 -0.9375 -0.1940
vn -0.3967 -0.8643 -0.3092
vn -0.4925 -0.7649 -0.4152
vn -0.5734 -0.6423 -0.5085
vn -0.6371 -0.5002 -0.5864
vn -0.6813 -0.3429 -0.6467
vn -0.7049 -0.1752 -0.6873
vn -0.7072 -0.0020 -0.7070
vn -0.6879 0.1713 -0.7053
vn -0.6477 0.3394 -0.6821
vn -0.5878 0.4973 -0.6381
vn -0.5100 0.6400 -0.5747
vn -0.4166 0.7633 -0.4938
vn -0.3105 0.8633 -0.3978
vn -0.1949 0.9371 -0.2897
vn -0.0734 0.9822 -0.1727
vn 0.0454 0.6934 0.7192
vn -0.0454 0.6934 0.7191
vn 0.0000 -0.7001 0.7140
vn -0.0563 -0.6967 0.7152
vn -0.1351 0.6932 0.7079
vn -0.1350 -0.6932 0.7079
vn -0.2227 0.6932 0.6854
vn -0.2227 -0.6932 0.6854
vn -0.3069 0.6932 0.6521
vn -0.3069 -0.6932 0.6521
vn -0.3862 0.6932 0.6085
vn -0.3862 -0.6932 0.6085
vn -0.4594 0.6932 0.5553
vn -0.4594 -0.6932 0.5553
vn -0.5254 0.6932 0.4934
vn -0.5254 -0.6933 0.4934
vn -0.5831 0.6932 0.4236
vn -0.5831 -0.6932 0.4236
vn -0.6316 0.6932 0.3472
vn -0.6316 -0.6932 0.3472
vn -0.6701 0.6932 0.2653
vn -0.6701 -0.6932 0.2653
vn -0.6981 0.6932 0.1792
vn -0.6981 -0.6932 0.1792
vn -0.7150 0.6932 0.0904
vn -0.7150 -0.6932 0.0903
vn -0.7207 0.6932 0.0000
vn -0.7207 -0.6932 0.0000
vn -0.7150 0.6932 -0.0904
vn -0.7150 -0.6932 -0.0903
vn -0.6981 0.6932 -0.1792
vn -0.6981 -0.6932 -0.1792
vn -0.6701 0.6932 -0.2653
vn -0.6701 -0.6932 -0.2653
vn -0.6316 0.6932 -0.3472
vn -0.6316 -0.6932 -0.3472
vn -0.5831 0.6932 -0.4236
vn -0.5831 -0.6932 -0.4236
vn -0.5254 0.6933 -0.4934
vn -0.5254 -0.6933 -0.4933
vn -0.4594 0.6932 -0.5553
vn -0.4594 -0.6932 -0.5553
vn -0.3862 0.6932 -0.6085
vn -0.3862 -0.6932 -0.6085
vn -0.3069 0.6932 -0.6521
vn -0.3069 -0.6932 -0.6521
vn -0.2227 0.6932 -0.6854
vn -0.2227 -0.6932 -0.6854
vn -0.1350 0.6932 -0.7079
vn -0.1351 -0.6932 -0.7079
vn -0.0563 0.6967 -0.7152
vn -0.0454 -0.6934 -0.7192
vn 0.0000 0.7001 -0.7140
vn 0.0454 -0.6934 -0.7192
vn 0.0563 -0.6967 0.7152
vn 0.1351 -0.6932 0.7079
vn 0.1350 0.6932 0.7079
vn 0.2227 -0.6932 0.6854
vn 0.2227 0.6932 0.6854
vn 0.3069 -0.6932 0.6521
vn 0.3069 0.6932 0.6521
vn 0.3862 -0.6932 0.6085
vn 0.3862 0.6932 0.6085
vn 0.4594 -0.6932 0.5553
vn 0.4594 0.6932 0.5553
vn 0.5254 -0.6933 0.4933
vn 0.5254 0.6933 0.4934
vn 0.5831 -0.6932 0.4236
vn 0.5831 0.6932 0.4236
vn 0.6316 -0.6932 0.3472
vn 0.6316 0.6932 0.3472
vn 0.6701 -0.6932 0.2653
vn 0.6701 0.6932 0.2653
vn 0.6981 -0.6932 0.1792
vn 0.6981 0.6932 0.1792
vn 0.7150 -0.6932 0.0903
vn 0.7150 0.6932 0.0904
vn 0.7207 -0.6932 -0.0000
vn 0.7207 0.6932 -0.0000
vn 0.7150 -0.6932 -0.0903
vn 0.7150 0.6932 -0.0904
vn 0.6981 -0.6932 -0.1792
vn 0.6981 0.6932 -0.1792
vn 0.6701 -0.6932 -0.2653
vn 0.6701 0.6932 -0.2653
vn 0.6316 -0.6932 -0.3472
vn 0.6316 0.6932 -0.3472
vn 0.5831 -0.6932 -0.4236
vn 0.5831 0.6932 -0.4236
vn 0.5254 -0.6933 -0.4934
vn 0.5254 0.6932 -0.4934
vn 0.4594 -0.6932 -0.5553
vn 0.4594 0.6932 -0.5553
vn 0.3862 -0.6932 -0.6085
vn 0.3862 0.6932 -0.6085
vn 0.3069 -0.6932 -0.6521
vn 0.3069 0.6932 -0.6521
vn 0.2227 -0.6932 -0.6854
vn 0.2227 0.6932 -0.6854
vn 0.1350 -0.6932 -0.7079
vn 0.1351 0.6932 -0.7079
vn 0.0563 0.6967 -0.7152
vn -0.6903 -0.7235 0.0000
vn -0.6903 0.7235 -0.0000
vn -0.6833 -0.7235 0.0982
vn -0.6833 0.7235 0.0982
vn -0.6623 -0.7235 0.1945
vn -0.6623 0.7235 0.1945
vn -0.6279 -0.7235 0.2867
vn -0.6279 0.7235 0.2868
vn -0.5807 -0.7235 0.3732
vn -0.5807 0.7235 0.3732
vn -0.5217 -0.7235 0.4521
vn -0.5217 0.7235 0.4520
vn -0.4521 -0.7235 0.5217
vn -0.4521 0.7235 0.5217
vn -0.3732 -0.7235 0.5807
vn -0.3732 0.7235 0.5807
vn -0.2868 -0.7235 0.6279
vn -0.2867 0.7235 0.6279
vn -0.1945 -0.7235 0.6623
vn -0.1945 0.7235 0.6624
vn -0.0983 -0.7235 0.6833
vn -0.0982 0.7235 0.6833
vn -0.0000 -0.7235 0.6903
vn 0.0000 0.7235 0.6903
vn 0.0982 -0.7235 0.6833
vn 0.0983 0.7235 0.6833
vn 0.1945 -0.7235 0.6624
vn 0.1945 0.7235 0.6623
vn 0.2867 -0.7235 0.6279
vn 0.2868 0.7235 0.6279
vn 0.3732 -0.7235 0.5807
vn 0.3732 0.7235 0.5807
vn 0.4521 -0.7235 0.5217
vn 0.4521 0.7235 0.5217
vn 0.5217 -0.7235 0.4520
vn 0.5217 0.7235 0.4521
vn 0.5807 -0.7235 0.3732
vn 0.5807 0.7235 0.3732
vn 0.6279 -0.7235 0.2867
vn 0.6279 0.7235 0.2867
vn 0.6623 -0.7235 0.1945
vn 0.6623 0.7235 0.1945
vn 0.6833 -0.7235 0.0982
vn 0.6833 0.7235 0.0982
vn 0.6903 -0.7235 -0.0000
vn 0.6903 0.7235 0.0000
vn 0.6833 -0.7235 -0.0982
vn 0.6833 0.7235 -0.0982
vn 0.6623 -0.7235 -0.1945
vn 0.6623 0.7235 -0.1945
vn 0.6279 -0.7235 -0.2867
vn 0.6279 0.7235 -0.2867
vn 0.5807 -0.7235 -0.3732
vn 0.5807 0.7235 -0.3732
vn 0.5217 -0.7235 -0.4521
vn 0.5217 0.7235 -0.4520
vn 0.4521 -0.7235 -0.5217
vn 0.4521 0.7235 -0.5217
vn 0.3732 -0.7235 -0.5807
vn 0.3732 0.7235 -0.5807
vn 0.2868 -0.7235 -0.6279
vn 0.2867 0.7235 -0.6279
vn 0.1945 -0.7235 -0.6623
vn 0.1945 0.7235 -0.6624
vn 0.0983 -0.7235 -0.6833
vn 0.0982 0.7236 -0.6832
vn 0.0000 -0.7235 -0.6903
vn -0.0000 0.7236 -0.6903
vn -0.0982 -0.7235 -0.6833
vn -0.0983 0.7235 -0.6833
vn -0.1945 -0.7235 -0.6624
vn -0.1945 0.7235 -0.6623
vn -0.2867 -0.7235 -0.6279
vn -0.2868 0.7235 -0.6279
vn -0.3732 -0.7235 -0.5807
vn -0.3732 0.7235 -0.5807
vn -0.4521 -0.7235 -0.5217
vn -0.4521 0.7235 -0.5217
vn -0.5217 -0.7235 -0.4520
vn -0.5217 0.7235 -0.4521
vn -0.5807 -0.7235 -0.3732
vn -0.5807 0.7235 -0.3732
vn -0.6279 -0.7235 -0.2867
vn -0.6279 0.7235 -0.2867
vn -0.6623 -0.7235 -0.1945
vn -0.6623 0.7235 -0.1945
vn -0.6833 -0.7235 -0.0982
vn -0.6833 0.7235 -0.0982
vn 0.7182 -0.0158 0.6957
vn 0.7097 -0.0857 0.6992
vn 0.7114 -0.0944 0.6964
vn 0.7038 -0.2692 0.6574
vn 0.6823 -0.2875 0.6722
vn 0.6728 -0.3445 0.6547
vn -0.7017 -0.0356 -0.7116
vn -0.7091 -0.0239 -0.7047
vn -0.7177 -0.0067 -0.6963
vn -0.6530 -0.0885 -0.7521
vn -0.6908 -0.0367 -0.7221
vn -0.6870 -0.0322 -0.7260
vn -0.6863 -0.0006 -0.7273
vn -0.6806 -0.0089 -0.7326
vn -0.6616 -0.0601 -0.7474
vn -0.6200 -0.0159 -0.7844
vn -0.5933 -0.1409 -0.7926
vn -0.6461 -0.0800 -0.7590
vn -0.6846 -0.0288 -0.7283
vn -0.6624 -0.0607 -0.7467
vn -0.6909 -0.1161 -0.7135
vn -0.6994 -0.1210 -0.7044
vn -0.5207 -0.1776 -0.8351
vn -0.5827 -0.1243 -0.8031
vn -0.6401 -0.0707 -0.7650
vn -0.6822 -0.0254 -0.7307
vn -0.6161 -0.0034 -0.7876
vn -0.5726 -0.0061 -0.8198
vn -0.5525 -0.0233 -0.8332
vn -0.5351 -0.0060 -0.8448
vn -0.4840 -0.0113 -0.8750
vn -0.4373 -0.1955 -0.8778
vn -0.5077 -0.1515 -0.8481
vn -0.5735 -0.1062 -0.8123
vn -0.6348 -0.0601 -0.7703
vn -0.6811 -0.0221 -0.7319
vn -0.6921 -0.1757 -0.7001
vn -0.6761 -0.1986 -0.7095
vn -0.6865 -0.2179 -0.6937
vn -0.6540 -0.2790 -0.7032
vn -0.6754 -0.2722 -0.6854
vn -0.4448 -0.0274 -0.8952
vn -0.3977 -0.0440 -0.9165
vn -0.4781 -0.0319 -0.8777
vn -0.3459 -0.1947 -0.9179
vn -0.4233 -0.1595 -0.8918
vn -0.4968 -0.1233 -0.8591
vn -0.5661 -0.0865 -0.8198
vn -0.6302 -0.0486 -0.7749
vn -0.6796 -0.0203 -0.7333
vn -0.6571 -0.3240 -0.6806
vn -0.6255 -0.3676 -0.6882
vn -0.6478 -0.3758 -0.6626
vn -0.3894 -0.0106 -0.9210
vn -0.3392 -0.0125 -0.9406
vn -0.3161 -0.0510 -0.9474
vn -0.2494 -0.1740 -0.9526
vn -0.3323 -0.1482 -0.9315
vn -0.4121 -0.1216 -0.9030
vn -0.4881 -0.0938 -0.8678
vn -0.5600 -0.0656 -0.8259
vn -0.6271 -0.0373 -0.7781
vn -0.6789 -0.0155 -0.7340
vn -0.1511 -0.1337 -0.9794
vn -0.2378 -0.1172 -0.9642
vn -0.3224 -0.0999 -0.9413
vn -0.4040 -0.0820 -0.9111
vn -0.4819 -0.0633 -0.8739
vn -0.5555 -0.0442 -0.8304
vn -0.6246 -0.0250 -0.7805
vn -0.6773 -0.0097 -0.7356
vn -0.6314 -0.4281 -0.6466
vn -0.5956 -0.4465 -0.6678
vn -0.6176 -0.4674 -0.6325
vn -0.5583 -0.5226 -0.6443
vn -0.5963 -0.5145 -0.6163
vn -0.2957 -0.0131 -0.9552
vn -0.2422 -0.0144 -0.9701
vn -0.2332 -0.0615 -0.9705
vn -0.1896 -0.0188 -0.9817
vn -0.1423 -0.0703 -0.9873
vn -0.0532 -0.0766 -0.9956
vn -0.1356 -0.0170 -0.9906
vn -0.0820 -0.0193 -0.9964
vn -0.0332 -0.0190 -0.9993
vn 0.0210 -0.0201 -0.9996
vn -0.4212 -0.7286 -0.5401
vn -0.5026 -0.6835 -0.5294
vn -0.4703 -0.6664 -0.5785
vn -0.5255 -0.6470 -0.5525
vn -0.5176 -0.5961 -0.6138
vn -0.5506 -0.6023 -0.5780
vn -0.5658 -0.5633 -0.6022
vn 0.0345 -0.0841 -0.9959
vn 0.0723 -0.0226 -0.9971
vn 0.1265 -0.0917 -0.9877
vn -0.3659 -0.7878 -0.4955
vn -0.4464 -0.7562 -0.4784
vn -0.4750 -0.7218 -0.5035
vn 0.1278 -0.0222 -0.9916
vn 0.1827 -0.0246 -0.9829
vn 0.2186 -0.0967 -0.9710
vn -0.2496 -0.8859 -0.3910
vn -0.3513 -0.8536 -0.3846
vn -0.3079 -0.8412 -0.4445
vn -0.3827 -0.8242 -0.4175
vn -0.4162 -0.7914 -0.4476
vn 0.2357 -0.0235 -0.9715
vn 0.2881 -0.0225 -0.9573
vn 0.3061 -0.1000 -0.9467
vn 0.3308 -0.0237 -0.9434
vn 0.3916 -0.1061 -0.9140
vn -0.1862 -0.9232 -0.3361
vn -0.2895 -0.8986 -0.3298
vn -0.3198 -0.8769 -0.3588
vn 0.3824 -0.0259 -0.9236
vn 0.4318 -0.0276 -0.9016
vn 0.4765 -0.1106 -0.8722
vn -0.1197 -0.9537 -0.2761
vn -0.2153 -0.9428 -0.2545
vn -0.2522 -0.9235 -0.2890
vn 0.4795 -0.0269 -0.8771
vn 0.5258 -0.0285 -0.8501
vn 0.5575 -0.1125 -0.8225
vn -0.0530 -0.9758 -0.2121
vn -0.1419 -0.9730 -0.1823
vn -0.1799 -0.9593 -0.2178
vn 0.5705 -0.0276 -0.8208
vn 0.6136 -0.0284 -0.7891
vn 0.6330 -0.1124 -0.7660
vn 0.1460 -0.9892 -0.0144
vn 0.0197 -0.9996 -0.0199
vn 0.0791 -0.9937 -0.0793
vn -0.0326 -0.9968 -0.0724
vn 0.0130 -0.9892 -0.1460
vn -0.0678 -0.9918 -0.1080
vn -0.1055 -0.9839 -0.1446
vn 0.6526 -0.0280 -0.7572
vn 0.7067 -0.0280 -0.7069
vn 0.7026 -0.1120 -0.7027
vn 0.7617 -0.0279 -0.6473
vn 0.7653 -0.1134 -0.6336
vn 0.7978 -0.0290 -0.6022
vn 0.8236 -0.1131 -0.5558
vn 0.2139 -0.9754 0.0539
vn 0.1182 -0.9900 0.0773
vn 0.0769 -0.9963 0.0376
vn 0.8295 -0.0275 -0.5579
vn 0.8586 -0.0284 -0.5118
vn 0.8742 -0.1094 -0.4731
vn 0.2779 -0.9527 0.1232
vn 0.1934 -0.9690 0.1535
vn 0.1552 -0.9810 0.1163
vn 0.8854 -0.0268 -0.4640
vn 0.9104 -0.0263 -0.4129
vn 0.9159 -0.1041 -0.3877
vn 0.3968 -0.8822 0.2535
vn 0.2945 -0.9204 0.2572
vn 0.3377 -0.9218 0.1904
vn 0.2644 -0.9376 0.2259
vn 0.2297 -0.9541 0.1920
vn 0.9295 -0.0256 -0.3679
vn 0.9477 -0.0251 -0.3181
vn 0.9490 -0.1013 -0.2986
vn 0.9638 -0.0258 -0.2654
vn 0.9742 -0.0969 -0.2038
vn 0.4537 -0.8330 0.3166
vn 0.3674 -0.8691 0.3313
vn 0.3323 -0.8950 0.2975
vn 0.9778 -0.0236 -0.2084
vn 0.9883 -0.0244 -0.1503
vn 0.9903 -0.0900 -0.1061
vn 0.5057 -0.7752 0.3785
vn 0.4363 -0.8051 0.4018
vn 0.4013 -0.8387 0.3682
vn 0.9952 -0.0215 -0.0951
vn 0.9990 -0.0209 -0.0385
vn 0.9967 -0.0809 -0.0101
vn 0.5897 -0.6461 0.4845
vn 0.5167 -0.7008 0.4918
vn 0.5505 -0.7118 0.4362
vn 0.4935 -0.7344 0.4659
vn 0.4654 -0.7710 0.4348
vn 0.9997 -0.0196 0.0118
vn 0.9976 -0.0184 0.0663
vn 0.9940 -0.0745 0.0802
vn 0.9931 -0.0187 0.1156
vn 0.9839 -0.0667 0.1658
vn 0.6219 -0.5786 0.5277
vn 0.5675 -0.6205 0.5412
vn 0.5447 -0.6585 0.5192
vn 0.9856 -0.0162 0.1681
vn 0.9745 -0.0149 0.2239
vn 0.9671 -0.0576 0.2476
vn 0.6714 -0.3856 0.6329
vn 0.6422 -0.4427 0.6257
vn 0.6723 -0.4328 0.6005
vn 0.6248 -0.4903 0.6076
vn 0.6481 -0.5089 0.5666
vn 0.6109 -0.5273 0.5906
vn 0.5882 -0.5782 0.5655
vn 0.9636 -0.0137 0.2671
vn 0.9469 -0.0124 0.3214
vn 0.9427 -0.0513 0.3296
vn 0.9270 -0.0165 0.3747
vn 0.9082 -0.0422 0.4164
vn 0.6894 -0.3508 0.6337
vn 0.9056 -0.0094 0.4240
vn 0.8803 -0.0079 0.4744
vn 0.8710 -0.0329 0.4903
vn 0.8565 -0.0098 0.5160
vn 0.8252 -0.0231 0.5644
vn 0.6931 -0.2409 0.6794
vn 0.7115 -0.1842 0.6781
vn 0.6983 -0.1879 0.6908
vn 0.8273 -0.0049 0.5618
vn 0.7937 -0.0275 0.6076
vn 0.7669 -0.0148 0.6416
vn 0.7609 -0.0019 0.6489
vn 0.7696 -0.0214 0.6382
vn 0.8219 -0.0408 0.5682
vn 0.8666 -0.0602 0.4954
vn 0.9050 -0.0785 0.4181
vn 0.9364 -0.0966 0.3375
vn 0.9604 -0.1140 0.2542
vn 0.9764 -0.1298 0.1724
vn 0.9854 -0.1445 0.0900
vn 0.9872 -0.1594 -0.0010
vn 0.9799 -0.1739 -0.0974
vn 0.9634 -0.1865 -0.1926
vn 0.9378 -0.1974 -0.2856
vn 0.9035 -0.2065 -0.3756
vn 0.8609 -0.2134 -0.4618
vn 0.8106 -0.2185 -0.5433
vn 0.7532 -0.2215 -0.6194
vn 0.6893 -0.2225 -0.6895
vn 0.6193 -0.2215 -0.7533
vn 0.5439 -0.2186 -0.8102
vn 0.4641 -0.2137 -0.8596
vn 0.3806 -0.2069 -0.9013
vn 0.2943 -0.1984 -0.9349
vn 0.2060 -0.1882 -0.9603
vn 0.1164 -0.1765 -0.9774
vn 0.0263 -0.1634 -0.9862
vn -0.0631 -0.1491 -0.9868
vn 0.7674 -0.0308 0.6405
vn 0.8177 -0.0609 0.5723
vn 0.8607 -0.0890 0.5013
vn 0.8972 -0.1167 0.4259
vn 0.9268 -0.1436 0.3470
vn 0.9492 -0.1691 0.2655
vn 0.9636 -0.1927 0.1851
vn 0.9711 -0.2145 0.1043
vn 0.9715 -0.2367 0.0148
vn 0.9628 -0.2581 -0.0803
vn 0.9450 -0.2769 -0.1742
vn 0.9183 -0.2930 -0.2661
vn 0.8831 -0.3065 -0.3551
vn 0.8399 -0.3168 -0.4406
vn 0.7891 -0.3243 -0.5217
vn 0.7314 -0.3288 -0.5975
vn 0.6673 -0.3302 -0.6676
vn 0.5974 -0.3288 -0.7314
vn 0.5223 -0.3243 -0.7886
vn 0.4430 -0.3171 -0.8386
vn 0.3602 -0.3071 -0.8809
vn 0.2748 -0.2945 -0.9153
vn 0.1874 -0.2794 -0.9417
vn 0.0989 -0.2620 -0.9600
vn 0.0101 -0.2426 -0.9701
vn -0.0778 -0.2213 -0.9721
vn -0.1643 -0.1984 -0.9663
vn 0.7643 -0.0414 0.6435
vn 0.8122 -0.0801 0.5779
vn 0.8525 -0.1170 0.5094
vn 0.8865 -0.1531 0.4366
vn 0.9136 -0.1884 0.3603
vn 0.9336 -0.2222 0.2810
vn 0.9459 -0.2531 0.2028
vn 0.9515 -0.2816 0.1240
vn 0.9497 -0.3111 0.0365
vn 0.9390 -0.3391 -0.0566
vn 0.9195 -0.3638 -0.1487
vn 0.8914 -0.3850 -0.2391
vn 0.8550 -0.4026 -0.3271
vn 0.8108 -0.4162 -0.4116
vn 0.7593 -0.4260 -0.4919
vn 0.7012 -0.4320 -0.5673
vn 0.6370 -0.4339 -0.6371
vn 0.5672 -0.4319 -0.7012
vn 0.4925 -0.4261 -0.7588
vn 0.4139 -0.4166 -0.8094
vn 0.3320 -0.4034 -0.8527
vn 0.2477 -0.3868 -0.8882
vn 0.1618 -0.3670 -0.9160
vn 0.0749 -0.3442 -0.9359
vn -0.0121 -0.3186 -0.9478
vn -0.0982 -0.2907 -0.9518
vn -0.1825 -0.2607 -0.9480
vn -0.2654 -0.2286 -0.9366
vn 0.7605 -0.0511 0.6474
vn 0.8051 -0.0982 0.5850
vn 0.8422 -0.1434 0.5198
vn 0.8729 -0.1879 0.4502
vn 0.8970 -0.2310 0.3770
vn 0.9140 -0.2725 0.3006
vn 0.9236 -0.3103 0.2252
vn 0.9266 -0.3454 0.1489
vn 0.9222 -0.3814 0.0640
vn 0.9091 -0.4157 -0.0266
vn 0.8874 -0.4460 -0.1166
vn 0.8574 -0.4721 -0.2051
vn 0.8194 -0.4936 -0.2915
vn 0.7740 -0.5105 -0.3747
vn 0.7216 -0.5225 -0.4542
vn 0.6629 -0.5297 -0.5291
vn 0.5986 -0.5321 -0.5988
vn 0.5291 -0.5297 -0.6630
vn 0.4549 -0.5226 -0.7211
vn 0.3770 -0.5108 -0.7726
vn 0.2964 -0.4946 -0.8170
vn 0.2136 -0.4744 -0.8540
vn 0.1293 -0.4500 -0.8836
vn 0.0445 -0.4221 -0.9055
vn -0.0403 -0.3907 -0.9196
vn -0.1238 -0.3564 -0.9261
vn -0.2055 -0.3196 -0.9250
vn -0.2856 -0.2803 -0.9164
vn -0.3630 -0.2388 -0.9007
vn 0.7565 -0.0592 0.6513
vn 0.7967 -0.1143 0.5934
vn 0.8299 -0.1678 0.5321
vn 0.8567 -0.2201 0.4664
vn 0.8770 -0.2708 0.3969
vn 0.8905 -0.3193 0.3241
vn 0.8968 -0.3636 0.2519
vn 0.8968 -0.4048 0.1786
vn 0.8893 -0.4469 0.0969
vn 0.8733 -0.4872 0.0093
vn 0.8489 -0.5228 -0.0782
vn 0.8166 -0.5532 -0.1644
vn 0.7768 -0.5785 -0.2489
vn 0.7300 -0.5981 -0.3307
vn 0.6766 -0.6122 -0.4092
vn 0.6173 -0.6206 -0.4835
vn 0.5528 -0.6234 -0.5530
vn 0.4834 -0.6207 -0.6174
vn 0.4098 -0.6123 -0.6761
vn 0.3330 -0.5986 -0.7286
vn 0.2537 -0.5797 -0.7743
vn 0.1726 -0.5559 -0.8131
vn 0.0905 -0.5274 -0.8448
vn 0.0081 -0.4946 -0.8691
vn -0.0740 -0.4579 -0.8859
vn -0.1546 -0.4177 -0.8953
vn -0.2331 -0.3745 -0.8974
vn -0.3097 -0.3284 -0.8923
vn -0.3837 -0.2799 -0.8800
vn -0.4542 -0.2293 -0.8609
vn 0.7515 -0.0673 0.6563
vn 0.7868 -0.1295 0.6034
vn 0.8157 -0.1902 0.5463
vn 0.8381 -0.2495 0.4851
vn 0.8540 -0.3072 0.4199
vn 0.8635 -0.3620 0.3512
vn 0.8660 -0.4124 0.2828
vn 0.8624 -0.4592 0.2131
vn 0.8515 -0.5068 0.1347
vn 0.8320 -0.5525 0.0505
vn 0.8046 -0.5929 -0.0339
vn 0.7697 -0.6274 -0.1176
vn 0.7278 -0.6560 -0.1999
vn 0.6793 -0.6783 -0.2800
vn 0.6247 -0.6943 -0.3573
vn 0.5647 -0.7039 -0.4309
vn 0.4999 -0.7071 -0.5001
vn 0.4307 -0.7039 -0.5647
vn 0.3579 -0.6945 -0.6242
vn 0.2823 -0.6789 -0.6778
vn 0.2045 -0.6574 -0.7253
vn 0.1255 -0.6304 -0.7661
vn 0.0458 -0.5982 -0.8000
vn -0.0338 -0.5610 -0.8271
vn -0.1128 -0.5192 -0.8472
vn -0.1900 -0.4737 -0.8599
vn -0.2649 -0.4249 -0.8656
vn -0.3376 -0.3725 -0.8645
vn -0.4074 -0.3174 -0.8563
vn -0.4737 -0.2602 -0.8414
vn -0.5358 -0.2012 -0.8200
vn 0.7459 -0.0741 0.6620
vn 0.7760 -0.1433 0.6142
vn 0.7997 -0.2105 0.5622
vn 0.8172 -0.2760 0.5059
vn 0.8283 -0.3397 0.4455
vn 0.8331 -0.4004 0.3816
vn 0.8315 -0.4561 0.3172
vn 0.8240 -0.5077 0.2514
vn 0.8091 -0.5603 0.1772
vn 0.7858 -0.6109 0.0967
vn 0.7550 -0.6555 0.0157
vn 0.7173 -0.6937 -0.0651
vn 0.6730 -0.7253 -0.1450
vn 0.6226 -0.7500 -0.2233
vn 0.5666 -0.7678 -0.2992
vn 0.5058 -0.7783 -0.3720
vn 0.4408 -0.7818 -0.4410
vn 0.3719 -0.7783 -0.5058
vn 0.2998 -0.7678 -0.5662
vn 0.2255 -0.7506 -0.6210
vn 0.1496 -0.7270 -0.6702
vn 0.0728 -0.6970 -0.7134
vn -0.0042 -0.6613 -0.7501
vn -0.0808 -0.6203 -0.7802
vn -0.1562 -0.5741 -0.8038
vn -0.2296 -0.5238 -0.8203
vn -0.3005 -0.4698 -0.8301
vn -0.3687 -0.4119 -0.8333
vn -0.4340 -0.3509 -0.8298
vn -0.4954 -0.2876 -0.8197
vn -0.5525 -0.2223 -0.8033
vn -0.6050 -0.1559 -0.7808
vn 0.7397 -0.0804 0.6682
vn 0.7642 -0.1557 0.6259
vn 0.7823 -0.2280 0.5796
vn 0.7945 -0.2988 0.5287
vn 0.8003 -0.3678 0.4736
vn 0.8000 -0.4336 0.4146
vn 0.7938 -0.4938 0.3550
vn 0.7820 -0.5499 0.2934
vn 0.7627 -0.6069 0.2235
vn 0.7352 -0.6616 0.1473
vn 0.7008 -0.7099 0.0699
vn 0.6599 -0.7513 -0.0077
vn 0.6130 -0.7855 -0.0850
vn 0.5605 -0.8123 -0.1614
vn 0.5031 -0.8315 -0.2357
vn 0.4415 -0.8429 -0.3076
vn 0.3761 -0.8467 -0.3764
vn 0.3075 -0.8429 -0.4415
vn 0.2363 -0.8316 -0.5026
vn 0.1634 -0.8129 -0.5590
vn 0.0895 -0.7873 -0.6101
vn 0.0152 -0.7549 -0.6556
vn -0.0589 -0.7162 -0.6954
vn -0.1321 -0.6718 -0.7289
vn -0.2037 -0.6218 -0.7562
vn -0.2729 -0.5672 -0.7770
vn -0.3393 -0.5088 -0.7912
vn -0.4027 -0.4461 -0.7992
vn -0.4630 -0.3800 -0.8008
vn -0.5192 -0.3114 -0.7959
vn -0.5708 -0.2406 -0.7850
vn -0.6179 -0.1691 -0.7679
vn -0.6601 -0.0955 -0.7451
vn 0.7331 -0.0856 0.6747
vn 0.7513 -0.1658 0.6388
vn 0.7636 -0.2427 0.5983
vn 0.7699 -0.3181 0.5533
vn 0.7702 -0.3913 0.5037
vn 0.7645 -0.4615 0.4502
vn 0.7533 -0.5255 0.3955
vn 0.7369 -0.5851 0.3385
vn 0.7131 -0.6457 0.2732
vn 0.6810 -0.7040 0.2015
vn 0.6426 -0.7554 0.1281
vn 0.5983 -0.7995 0.0538
vn 0.5486 -0.8358 -0.0207
vn 0.4940 -0.8643 -0.0947
vn 0.4350 -0.8847 -0.1676
vn 0.3724 -0.8969 -0.2384
vn 0.3067 -0.9010 -0.3069
vn 0.2384 -0.8969 -0.3725
vn 0.1682 -0.8848 -0.4345
vn 0.0968 -0.8650 -0.4923
vn 0.0249 -0.8376 -0.5456
vn -0.0467 -0.8032 -0.5938
vn -0.1176 -0.7621 -0.6367
vn -0.1871 -0.7148 -0.6739
vn -0.2546 -0.6617 -0.7052
vn -0.3194 -0.6037 -0.7305
vn -0.3810 -0.5413 -0.7496
vn -0.4393 -0.4746 -0.7627
vn -0.4941 -0.4043 -0.7696
vn -0.5448 -0.3314 -0.7704
vn -0.5908 -0.2561 -0.7651
vn -0.6317 -0.1797 -0.7541
vn -0.6679 -0.1020 -0.7373
vn -0.6937 -0.0367 -0.7193
vn 0.7264 -0.0893 0.6815
vn 0.7378 -0.1735 0.6524
vn 0.7440 -0.2541 0.6179
vn 0.7440 -0.3332 0.5791
vn 0.7384 -0.4099 0.5355
vn 0.7270 -0.4834 0.4876
vn 0.7106 -0.5506 0.4381
vn 0.6894 -0.6130 0.3861
vn 0.6605 -0.6764 0.3257
vn 0.6238 -0.7376 0.2586
vn 0.5812 -0.7914 0.1895
vn 0.5333 -0.8375 0.1189
vn 0.4806 -0.8756 0.0472
vn 0.4236 -0.9055 -0.0244
vn 0.3630 -0.9269 -0.0955
vn 0.2994 -0.9396 -0.1655
vn 0.2335 -0.9439 -0.2336
vn 0.1655 -0.9396 -0.2994
vn 0.0962 -0.9270 -0.3626
vn 0.0265 -0.9062 -0.4220
vn -0.0432 -0.8776 -0.4775
vn -0.1120 -0.8415 -0.5285
vn -0.1796 -0.7984 -0.5747
vn -0.2452 -0.7488 -0.6158
vn -0.3084 -0.6931 -0.6515
vn -0.3685 -0.6323 -0.6815
vn -0.4250 -0.5671 -0.7056
vn -0.4780 -0.4974 -0.7239
vn -0.5271 -0.4237 -0.7366
vn -0.5716 -0.3471 -0.7435
vn -0.6116 -0.2685 -0.7442
vn -0.6462 -0.1881 -0.7396
vn -0.6761 -0.1071 -0.7290
vn -0.6963 -0.0376 -0.7167
vn -0.7019 -0.0410 -0.7111
vn -0.6847 -0.1104 -0.7204
vn -0.6614 -0.1943 -0.7244
vn -0.6332 -0.2772 -0.7226
vn -0.5996 -0.3585 -0.7155
vn -0.5613 -0.4376 -0.7025
vn -0.5181 -0.5137 -0.6839
vn -0.4708 -0.5856 -0.6599
vn -0.4196 -0.6532 -0.6303
vn -0.3644 -0.7160 -0.5954
vn -0.3057 -0.7734 -0.5553
vn -0.2440 -0.8247 -0.5102
vn -0.1800 -0.8692 -0.4605
vn -0.1141 -0.9065 -0.4066
vn -0.0467 -0.9360 -0.3488
vn 0.0214 -0.9575 -0.2877
vn 0.0896 -0.9706 -0.2235
vn 0.1572 -0.9749 -0.1575
vn 0.2236 -0.9706 -0.0897
vn 0.2882 -0.9573 -0.0208
vn 0.3506 -0.9353 0.0486
vn 0.4099 -0.9044 0.1181
vn 0.4657 -0.8651 0.1865
vn 0.5173 -0.8174 0.2534
vn 0.5642 -0.7618 0.3184
vn 0.6059 -0.6987 0.3804
vn 0.6399 -0.6331 0.4356
vn 0.6661 -0.5687 0.4826
vn 0.6879 -0.4993 0.5267
vn 0.7053 -0.4234 0.5686
vn 0.7171 -0.3442 0.6060
vn 0.7234 -0.2625 0.6386
vn 0.7239 -0.1793 0.6662
vn 0.7187 -0.0925 0.6891
vn 0.7417 -0.1230 0.6594
vn 0.6425 -0.6898 -0.3337
vn 0.6923 -0.6430 -0.3275
vn 0.7151 -0.6484 -0.2610
vn 0.7484 -0.6047 -0.2724
vn 0.7824 -0.5918 -0.1938
vn 0.8027 -0.5551 -0.2179
vn 0.8429 -0.5213 -0.1333
vn 0.8507 -0.4976 -0.1693
vn 0.8950 -0.4386 -0.0812
vn 0.8929 -0.4316 -0.1281
vn 0.9376 -0.3457 -0.0386
vn 0.9310 -0.3534 -0.0912
vn 0.9696 -0.2446 -0.0066
vn 0.9614 -0.2684 -0.0609
vn 0.9904 -0.1377 0.0142
vn -0.0052 0.1918 -0.9814
vn 0.0320 0.1363 -0.9901
vn -0.0201 0.0830 -0.9963
vn 0.0224 0.0450 -0.9987
vn -0.0232 -0.0277 -0.9993
vn 0.0218 -0.0444 -0.9988
vn -0.0142 -0.1377 -0.9904
vn 0.0309 -0.1352 -0.9903
vn 0.0066 -0.2445 -0.9696
vn 0.0474 -0.2231 -0.9736
vn 0.0386 -0.3456 -0.9376
vn 0.0720 -0.3076 -0.9488
vn 0.0812 -0.4387 -0.8950
vn 0.9831 -0.1791 -0.0386
vn 0.9958 -0.0881 -0.0247
vn 0.9993 -0.0277 0.0231
vn 0.9998 0.0018 -0.0210
vn 0.9963 0.0830 0.0201
vn 0.9954 0.0926 -0.0263
vn 0.9814 0.1917 0.0053
vn 0.9824 0.1828 -0.0391
vn 0.9550 0.2960 -0.0213
vn 0.9613 0.2690 -0.0599
vn 0.9175 0.3933 -0.0586
vn 0.9327 0.3497 -0.0882
vn 0.8700 0.4815 -0.1061
vn 0.1034 -0.3848 -0.9172
vn 0.1413 -0.4559 -0.8787
vn 0.1334 -0.5214 -0.8429
vn 0.1857 -0.5186 -0.8346
vn 0.1937 -0.5918 -0.7825
vn 0.2356 -0.5735 -0.7846
vn 0.2611 -0.6485 -0.7151
vn 0.2878 -0.6177 -0.7318
vn 0.3338 -0.6898 -0.6425
vn 0.3425 -0.6519 -0.6766
vn 0.4100 -0.7151 -0.5662
vn 0.3994 -0.6758 -0.6194
vn 0.4554 -0.6901 -0.5625
vn 0.4881 -0.7235 -0.4882
vn 0.5129 -0.6933 -0.5062
vn 0.5662 -0.7151 -0.4100
vn 0.5745 -0.6866 -0.4456
vn 0.6347 -0.6703 -0.3846
vn 0.4489 0.7214 -0.5273
vn 0.4446 0.6873 -0.5744
vn 0.3716 0.7045 -0.6047
vn 0.3859 0.6706 -0.6336
vn 0.2969 0.6711 -0.6794
vn 0.3285 0.6439 -0.6911
vn 0.2267 0.6219 -0.7496
vn 0.2738 0.6070 -0.7460
vn 0.1626 0.5582 -0.8136
vn 0.2244 0.5696 -0.7907
vn 0.1875 0.5290 -0.8276
vn 0.1061 0.4813 -0.8701
vn 0.1520 0.4706 -0.8691
vn 0.0587 0.3932 -0.9176
vn 0.1116 0.3971 -0.9110
vn 0.0213 0.2961 -0.9549
vn 0.0763 0.3151 -0.9460
vn 0.0497 0.2273 -0.9726
vn 0.8973 0.4238 -0.1234
vn 0.8563 0.4899 -0.1634
vn 0.8136 0.5582 -0.1626
vn 0.8147 0.5447 -0.1990
vn 0.7496 0.6219 -0.2266
vn 0.7786 0.5815 -0.2358
vn 0.7343 0.6157 -0.2858
vn 0.6794 0.6711 -0.2968
vn 0.6788 0.6505 -0.3406
vn 0.6046 0.7045 -0.3716
vn 0.6225 0.6753 -0.3956
vn 0.5273 0.7214 -0.4490
vn 0.5630 0.6911 -0.4533
vn 0.5066 0.6949 -0.5104
vn 0.5124 -0.6890 -0.5125
vn 0.5868 -0.6809 -0.4381
vn 0.6595 -0.6569 -0.3655
vn 0.7286 -0.6175 -0.2964
vn 0.7928 -0.5636 -0.2322
vn 0.8503 -0.4964 -0.1746
vn 0.9000 -0.4177 -0.1250
vn 0.9405 -0.3292 -0.0844
vn 0.9710 -0.2329 -0.0539
vn 0.9908 -0.1312 -0.0342
vn 0.9993 -0.0263 -0.0257
vn 0.9965 0.0790 -0.0285
vn 0.9823 0.1826 -0.0427
vn 0.9571 0.2818 -0.0679
vn 0.9214 0.3745 -0.1035
vn 0.8762 0.4585 -0.1488
vn 0.8224 0.5316 -0.2025
vn 0.7614 0.5923 -0.2635
vn 0.6946 0.6391 -0.3303
vn 0.6235 0.6709 -0.4015
vn 0.5498 0.6870 -0.4751
vn 0.4752 0.6870 -0.5497
vn 0.4015 0.6709 -0.6234
vn 0.3303 0.6391 -0.6946
vn 0.2635 0.5923 -0.7614
vn 0.2025 0.5316 -0.8224
vn 0.1488 0.4584 -0.8762
vn 0.1035 0.3745 -0.9214
vn 0.0679 0.2818 -0.9571
vn 0.0427 0.1826 -0.9823
vn 0.0285 0.0790 -0.9965
vn 0.0256 -0.0265 -0.9993
vn 0.0342 -0.1313 -0.9908
vn 0.0540 -0.2329 -0.9710
vn 0.0844 -0.3291 -0.9405
vn 0.1250 -0.4177 -0.9000
vn 0.1746 -0.4964 -0.8503
vn 0.2322 -0.5635 -0.7928
vn 0.2963 -0.6175 -0.7287
vn 0.3655 -0.6569 -0.6595
vn 0.4381 -0.6809 -0.5868
vn 0.6472 0.0755 0.7585
vn 0.6581 0.0723 0.7494
vn 0.4190 -0.7225 0.5500
vn 0.4881 -0.7218 0.4907
vn 0.6686 0.0532 0.7417
vn 0.6903 0.0234 0.7231
vn 0.5902 0.1440 0.7943
vn 0.6099 0.1221 0.7830
vn 0.3424 -0.7223 0.6009
vn 0.6347 0.0936 0.7671
vn 0.5170 0.2197 0.8273
vn 0.5416 0.1956 0.8175
vn 0.2605 -0.7222 0.6407
vn 0.5665 0.1697 0.8064
vn 0.0874 -0.7217 0.6866
vn 0.3769 0.3416 0.8610
vn 0.1749 -0.7219 0.6695
vn 0.3980 0.3248 0.8579
vn 0.4344 0.2946 0.8512
vn 0.4646 0.2681 0.8440
vn 0.4872 0.2477 0.8374
vn -0.0778 -0.7183 0.6914
vn 0.1959 0.4747 0.8581
vn -0.0007 -0.7215 0.6924
vn 0.2323 0.4479 0.8634
vn 0.2707 0.4205 0.8660
vn 0.3034 0.3978 0.8659
vn 0.3404 0.3707 0.8641
vn -0.2112 -0.7212 0.6598
vn 0.0118 0.5721 0.8201
vn -0.1379 -0.7185 0.6818
vn 0.0398 0.5583 0.8287
vn 0.1022 0.5274 0.8435
vn 0.1559 0.4951 0.8547
vn -0.1319 0.6351 0.7611
vn -0.0916 0.6191 0.7799
vn -0.2909 -0.7207 0.6292
vn -0.0449 0.5982 0.8001
vn -0.4316 -0.7195 0.5441
vn -0.3681 0.6993 0.6127
vn -0.3649 -0.7205 0.5896
vn -0.3230 0.6914 0.6462
vn -0.2714 0.6755 0.6856
vn -0.2287 0.6642 0.7117
vn -0.1849 0.6509 0.7363
vn -0.5457 0.7058 0.4517
vn -0.5021 0.7071 0.4979
vn -0.4938 -0.7190 0.4891
vn -0.4594 0.7053 0.5400
vn -0.4151 0.7019 0.5788
vn -0.5871 0.7016 0.4039
vn -0.5506 -0.7195 0.4232
vn -0.6296 0.6906 0.3560
vn -0.7237 0.6561 0.2141
vn -0.6935 0.6727 0.2578
vn -0.5995 -0.7191 0.3513
vn -0.6598 0.6821 0.3153
vn -0.7920 0.6062 0.0732
vn -0.7717 0.6258 0.1134
vn -0.6381 -0.7193 0.2747
vn -0.7473 0.6428 0.1687
vn -0.8092 0.5871 0.0247
vn -0.6664 -0.7204 0.1922
vn -0.8235 0.5669 -0.0228
vn -0.8550 0.4964 -0.1506
vn -0.8453 0.5240 -0.1041
vn -0.6859 -0.7177 0.1197
vn -0.8347 0.5474 -0.0602
vn -0.8591 0.4785 -0.1815
vn -0.6945 -0.7174 0.0545
vn -0.8651 0.4444 -0.2327
vn -0.8662 0.4129 -0.2815
vn -0.6922 -0.7213 -0.0258
vn -0.8688 0.3834 -0.3132
vn -0.8577 0.3076 -0.4119
vn -0.8597 0.3359 -0.3849
vn -0.6813 -0.7223 -0.1190
vn -0.8645 0.3646 -0.3459
vn -0.8354 0.2322 -0.4982
vn -0.8414 0.2598 -0.4739
vn -0.6583 -0.7222 -0.2123
vn -0.8501 0.2878 -0.4410
vn -0.8048 0.1592 -0.5718
vn -0.8124 0.1830 -0.5536
vn -0.6229 -0.7221 -0.3009
vn -0.8239 0.2094 -0.5266
vn -0.7673 0.0888 -0.6351
vn -0.7768 0.1104 -0.6199
vn -0.5760 -0.7221 -0.3832
vn -0.7903 0.1359 -0.5975
vn -0.7225 0.0139 -0.6912
vn -0.7343 0.0397 -0.6777
vn -0.5204 -0.7214 -0.4568
vn -0.7499 0.0641 -0.6584
vn -0.4570 -0.7214 -0.5203
vn 0.4936 -0.7206 -0.4869
vn 0.5499 -0.7214 -0.4211
vn 0.5990 -0.7207 -0.3489
vn 0.6371 -0.7209 -0.2726
vn 0.6658 -0.7217 -0.1893
vn 0.6850 -0.7217 -0.1000
vn 0.6927 -0.7211 -0.0115
vn 0.6877 -0.7218 0.0773
vn 0.6703 -0.7225 0.1697
vn 0.6405 -0.7224 0.2606
vn 0.5990 -0.7222 0.3459
vn 0.5479 -0.7216 0.4232
vn -0.3846 -0.7218 -0.5754
vn -0.3052 -0.7217 -0.6214
vn -0.2213 -0.7216 -0.6559
vn -0.1347 -0.7214 -0.6793
vn -0.0464 -0.7213 -0.6911
vn 0.0422 -0.7215 -0.6911
vn 0.1310 -0.7214 -0.6800
vn 0.2939 -0.7206 -0.6279
vn 0.2146 -0.7210 -0.6588
vn 0.3679 -0.7204 -0.5879
vn 0.4344 -0.7197 -0.5416
vn -0.7039 0.1304 -0.6982
vn -0.0114 0.1061 -0.9943
vn -0.0118 0.0377 -0.9992
vn 0.0572 -0.6028 -0.7958
vn 0.0186 -0.5844 -0.8113
vn 0.2695 -0.6456 -0.7146
vn -0.1604 -0.4918 -0.8558
vn -0.1914 -0.4714 -0.8609
vn 0.1784 -0.5659 -0.8049
vn -0.6435 -0.0829 -0.7610
vn -0.6580 -0.0619 -0.7505
vn -0.0133 -0.0888 -0.9960
vn -0.6990 0.0084 -0.7150
vn -0.7019 0.0242 -0.7119
vn -0.7057 0.0756 -0.7044
vn -0.0124 -0.0199 -0.9997
vn -0.6713 -0.0479 -0.7396
vn -0.5912 -0.1430 -0.7938
vn -0.6097 -0.1241 -0.7828
vn -0.0033 -0.1679 -0.9858
vn -0.6225 -0.1070 -0.7753
vn -0.5324 -0.2041 -0.8215
vn -0.5531 -0.1834 -0.8127
vn 0.0130 -0.2451 -0.9694
vn -0.5681 -0.1664 -0.8060
vn -0.4667 -0.2660 -0.8435
vn -0.4911 -0.2441 -0.8362
vn 0.0355 -0.3196 -0.9469
vn -0.5085 -0.2261 -0.8309
vn -0.3925 -0.3293 -0.8588
vn -0.4202 -0.3067 -0.8540
vn 0.0638 -0.3904 -0.9184
vn -0.4408 -0.2873 -0.8504
vn -0.3093 -0.3930 -0.8659
vn -0.3414 -0.3696 -0.8642
vn 0.0979 -0.4566 -0.8843
vn -0.3650 -0.3495 -0.8629
vn -0.2210 -0.4538 -0.8633
vn -0.2545 -0.4319 -0.8653
vn 0.1369 -0.5152 -0.8460
vn -0.2798 -0.4124 -0.8670
vn -0.0111 -0.5716 -0.8205
vn -0.0532 -0.5513 -0.8326
vn 0.2227 -0.6097 -0.7607
vn -0.0905 -0.5314 -0.8423
vn -0.1201 -0.5151 -0.8487
vn 0.1743 -0.6472 -0.7421
vn 0.1329 -0.6342 -0.7616
vn 0.3172 -0.6743 -0.6668
vn 0.1021 -0.6215 -0.7767
vn 0.2937 -0.6812 -0.6706
vn 0.3667 -0.6959 -0.6174
vn 0.3358 -0.6898 -0.6414
vn 0.4173 -0.7103 -0.5669
vn 0.3703 -0.6966 -0.6145
vn 0.2503 -0.6709 -0.6980
vn 0.2185 -0.6608 -0.7181
vn 0.5226 -0.7168 -0.4617
vn 0.5583 -0.7053 -0.4369
vn 0.5243 -0.7068 -0.4749
vn 0.4691 -0.7176 -0.5148
vn 0.4842 -0.7070 -0.5155
vn 0.4499 -0.7048 -0.5485
vn 0.4133 -0.7016 -0.5805
vn 0.5876 -0.7017 -0.4029
vn 0.5742 -0.7083 -0.4107
vn 0.6216 -0.6950 -0.3614
vn 0.7224 -0.6594 -0.2081
vn 0.7023 -0.6688 -0.2438
vn 0.6240 -0.6932 -0.3608
vn 0.6743 -0.6806 -0.2865
vn 0.6482 -0.6890 -0.3242
vn 0.7446 -0.6460 -0.1680
vn 0.6729 -0.6710 -0.3114
vn 0.7656 -0.6308 -0.1263
vn 0.7200 -0.6417 -0.2643
vn 0.8220 -0.5692 0.0191
vn 0.8132 -0.5820 -0.0085
vn 0.7982 -0.6002 -0.0506
vn 0.7808 -0.6179 -0.0926
vn 0.8340 -0.5485 0.0590
vn 0.7655 -0.6051 -0.2189
vn 0.8427 -0.5296 0.0968
vn 0.8074 -0.5629 -0.1766
vn 0.8566 -0.4890 0.1649
vn 0.8490 -0.5139 0.1229
vn 0.8589 -0.4785 0.1825
vn 0.8626 -0.4581 0.2147
vn 0.8469 -0.5138 -0.1369
vn 0.8652 -0.4322 0.2543
vn 0.8652 -0.4135 0.2837
vn 0.8656 -0.3926 0.3108
vn 0.8833 -0.4580 -0.1006
vn 0.8643 -0.3705 0.3402
vn 0.8499 -0.2926 0.4383
vn 0.8543 -0.3080 0.4186
vn 0.9154 -0.3967 -0.0683
vn 0.8585 -0.3295 0.3930
vn 0.8615 -0.3533 0.3647
vn 0.8436 -0.2677 0.4655
vn 0.9430 -0.3303 -0.0404
vn 0.8366 -0.2493 0.4879
vn 0.8315 -0.2314 0.5051
vn 0.9654 -0.2601 -0.0176
vn 0.8223 -0.2065 0.5302
vn 0.7945 -0.1447 0.5898
vn 0.8058 -0.1680 0.5679
vn 0.9826 -0.1860 -0.0004
vn 0.8143 -0.1864 0.5497
vn 0.7631 -0.0870 0.6404
vn 0.7752 -0.1079 0.6225
vn 0.9940 -0.1089 0.0112
vn 0.7857 -0.1274 0.6053
vn 0.7278 -0.0300 0.6851
vn 0.7411 -0.0506 0.6695
vn 0.9994 -0.0301 0.0167
vn 0.7537 -0.0710 0.6533
vn 0.7045 0.0305 0.7091
vn 0.7018 -0.0025 0.7123
vn 0.9987 0.0493 0.0159
vn 0.7168 -0.0138 0.6971
vn 0.5469 0.7142 -0.4368
vn 0.5001 0.7161 -0.4869
vn 0.0204 0.9984 0.0531
vn 0.1154 0.9823 0.1477
vn 0.5991 0.7019 -0.3852
vn 0.0841 0.9897 0.1163
vn 0.0533 0.9948 0.0868
vn 0.1435 0.9739 0.1761
vn 0.1745 0.9629 0.2060
vn 0.6490 0.6829 -0.3353
vn 0.2638 0.9184 0.2950
vn 0.6975 0.6568 -0.2867
vn 0.2349 0.9351 0.2655
vn 0.2042 0.9499 0.2367
vn 0.2927 0.9004 0.3220
vn 0.3214 0.8800 0.3499
vn 0.7437 0.6238 -0.2404
vn 0.3459 0.8603 0.3744
vn 0.3733 0.8367 0.4007
vn 0.7866 0.5847 -0.1985
vn 0.4455 0.7604 0.4725
vn 0.8260 0.5410 -0.1582
vn 0.4236 0.7867 0.4492
vn 0.3988 0.8114 0.4272
vn 0.4710 0.7305 0.4946
vn 0.4954 0.6972 0.5181
vn 0.8650 0.4878 -0.1174
vn 0.5569 0.5952 0.5793
vn 0.9020 0.4242 -0.0805
vn 0.5374 0.6321 0.5582
vn 0.5147 0.6676 0.5379
vn 0.5765 0.5603 0.5947
vn 0.5952 0.5209 0.6119
vn 0.9333 0.3557 -0.0494
vn 0.6384 0.4019 0.6564
vn 0.9589 0.2829 -0.0239
vn 0.6262 0.4441 0.6408
vn 0.6090 0.4848 0.6277
vn 0.6529 0.3631 0.6647
vn 0.6648 0.3199 0.6750
vn 0.9783 0.2070 -0.0044
vn 0.6853 0.1913 0.7026
vn 0.9916 0.1287 0.0088
vn 0.6820 0.2371 0.6919
vn 0.6688 0.2765 0.6901
vn 0.6968 0.1509 0.7013
vn 0.7016 0.1053 0.7048
vn 0.6725 0.0558 0.7380
vn -0.6893 -0.0246 -0.7240
vn -0.0000 0.1830 -0.9831
vn -0.6996 0.1669 -0.6948
vn -0.6943 0.2122 -0.6877
vn -0.6940 0.2556 -0.6731
vn -0.6795 0.2999 -0.6696
vn 0.0171 0.2576 -0.9661
vn -0.6698 0.3425 -0.6588
vn 0.0395 0.3281 -0.9438
vn -0.6606 0.3765 -0.6495
vn -0.6489 0.4184 -0.6356
vn -0.6052 0.5413 -0.5837
vn 0.0672 0.3948 -0.9163
vn -0.6225 0.4991 -0.6028
vn -0.6425 0.4641 -0.6098
vn -0.5855 0.5795 -0.5669
vn -0.5665 0.6162 -0.5472
vn 0.0991 0.4560 -0.8844
vn -0.5490 0.6484 -0.5275
vn -0.5276 0.6829 -0.5053
vn 0.1356 0.5118 -0.8483
vn -0.5066 0.7159 -0.4805
vn -0.4819 0.7474 -0.4574
vn 0.1756 0.5624 -0.8080
vn -0.4053 0.8323 -0.3781
vn 0.2195 0.6065 -0.7642
vn -0.4320 0.8054 -0.4058
vn -0.4585 0.7771 -0.4311
vn -0.3814 0.8543 -0.3532
vn -0.3537 0.8771 -0.3250
vn 0.2659 0.6429 -0.7183
vn -0.3264 0.8979 -0.2953
vn -0.2968 0.9169 -0.2668
vn 0.3136 0.6721 -0.6708
vn -0.2683 0.9339 -0.2362
vn -0.2376 0.9491 -0.2066
vn 0.3626 0.6942 -0.6218
vn -0.2067 0.9624 -0.1760
vn 0.4123 0.7090 -0.5721
vn -0.1790 0.9726 -0.1485
vn -0.1488 0.9819 -0.1169
vn -0.1192 0.9891 -0.0861
vn -0.0804 0.9956 -0.0478
vn 0.4593 0.7140 -0.5284
vn -0.0388 0.9992 -0.0059
vn -0.0109 0.9997 0.0224
vn 0.7043 0.0348 0.7090
vn 0.6820 0.0046 0.7313
vn 0.6764 -0.1187 0.7269
vn 0.6946 0.0982 0.7127
vn 0.6704 0.2375 0.7030
vn 0.4821 0.0120 0.8760
vn 0.5210 0.0055 0.8536
vn 0.5205 0.0246 0.8535
vn 0.6029 0.4420 0.6642
vn 0.5735 0.5080 0.6427
vn 0.5063 0.6277 0.5913
vn 0.1472 0.0157 0.9890
vn 0.1931 0.0129 0.9811
vn 0.1813 0.0535 0.9820
vn 0.4685 0.6836 0.5596
vn 0.3821 0.7841 0.4891
vn -0.0787 0.0191 0.9967
vn -0.0313 0.0169 0.9994
vn -0.0415 0.0693 0.9967
vn 0.3357 0.8289 0.4474
vn -0.1608 0.0202 0.9868
vn -0.1199 0.0182 0.9926
vn -0.1187 0.0757 0.9900
vn 0.2886 0.8684 0.4033
vn 0.1854 0.9321 0.3111
vn -0.3698 0.0221 0.9288
vn -0.3278 0.0208 0.9445
vn -0.3390 0.0847 0.9370
vn 0.1317 0.9566 0.2599
vn -0.4512 0.0230 0.8921
vn -0.4109 0.0216 0.9114
vn -0.4109 0.0889 0.9074
vn 0.0785 0.9751 0.2073
vn -0.5295 0.0223 0.8480
vn -0.4907 0.0222 0.8710
vn -0.4806 0.0906 0.8722
vn -0.0297 0.9943 0.1028
vn -0.0802 0.9954 0.0516
vn -0.7435 0.0234 0.6683
vn -0.7076 0.0238 0.7062
vn -0.7169 0.0938 0.6908
vn -0.1874 0.9806 -0.0571
vn -0.8020 0.0234 0.5968
vn -0.7747 0.0230 0.6319
vn -0.7679 0.0943 0.6336
vn -0.2919 0.9420 -0.1656
vn -0.3433 0.9132 -0.2198
vn -0.9126 0.0227 0.4082
vn -0.8932 0.0219 0.4492
vn -0.8949 0.0893 0.4373
vn -0.3916 0.8785 -0.2736
vn -0.9458 0.0219 0.3240
vn -0.9302 0.0212 0.3666
vn -0.9272 0.0874 0.3642
vn -0.4360 0.8391 -0.3252
vn -0.5210 0.7435 -0.4192
vn -0.9943 0.0195 0.1047
vn -0.9883 0.0186 0.1516
vn -0.9878 0.0751 0.1365
vn -0.5585 0.6871 -0.4648
vn -0.9997 0.0185 0.0128
vn -0.9981 0.0174 0.0589
vn -0.9959 0.0721 0.0556
vn -0.5904 0.6281 -0.5069
vn -0.6466 0.4964 -0.5793
vn -0.9772 0.0150 -0.2117
vn -0.9862 0.0133 -0.1651
vn -0.9822 0.0543 -0.1801
vn -0.9532 0.0152 -0.3020
vn -0.9664 0.0115 -0.2568
vn -0.9643 0.0496 -0.2600
vn -0.6966 0.2936 -0.6547
vn -0.8614 0.0266 -0.5072
vn -0.8865 0.0073 -0.4627
vn -0.8829 0.0299 -0.4687
vn -0.7187 0.1487 -0.6793
vn -0.7150 0.0766 -0.6949
vn -0.7199 0.0750 -0.6900
vn -0.7103 0.0772 -0.6996
vn -0.7622 0.0095 -0.6473
vn -0.7242 0.1028 -0.6818
vn -0.7098 0.1513 -0.6880
vn -0.7062 0.2182 -0.6735
vn -0.8430 0.0078 -0.5378
vn -0.7182 0.2186 -0.6606
vn -0.7283 0.1455 -0.6696
vn -0.7248 0.0725 -0.6851
vn -0.6832 0.3600 -0.6353
vn -0.7141 0.2877 -0.6382
vn -0.7325 0.2138 -0.6464
vn -0.7377 0.1411 -0.6602
vn -0.7294 0.0692 -0.6805
vn -0.6684 0.4269 -0.6092
vn -0.6942 0.4227 -0.5825
vn -0.7064 0.3551 -0.6123
vn -0.7293 0.3475 -0.5894
vn -0.7328 0.2814 -0.6195
vn -0.7509 0.2729 -0.6015
vn -0.7462 0.2074 -0.6326
vn -0.7595 0.1990 -0.6194
vn -0.7466 0.1356 -0.6514
vn -0.7553 0.1287 -0.6426
vn -0.7340 0.0659 -0.6759
vn -0.7383 0.0623 -0.6716
vn -0.6200 0.5668 -0.5425
vn -0.6773 0.4915 -0.5474
vn -0.7215 0.4136 -0.5552
vn -0.7516 0.3369 -0.5671
vn -0.7683 0.2620 -0.5840
vn -0.7722 0.1889 -0.6066
vn -0.7634 0.1207 -0.6346
vn -0.7422 0.0574 -0.6677
vn -0.6558 0.5581 -0.5083
vn -0.7091 0.4810 -0.5156
vn -0.7482 0.4010 -0.5285
vn -0.7732 0.3234 -0.5455
vn -0.7851 0.2487 -0.5672
vn -0.7842 0.1775 -0.5946
vn -0.7710 0.1116 -0.6270
vn -0.7458 0.0520 -0.6641
vn -0.6303 0.6206 -0.4664
vn -0.6919 0.5461 -0.4723
vn -0.7401 0.4662 -0.4846
vn -0.7740 0.3850 -0.5028
vn -0.7938 0.3073 -0.5249
vn -0.8009 0.2334 -0.5514
vn -0.7954 0.1645 -0.5834
vn -0.7780 0.1019 -0.6200
vn -0.7488 0.0471 -0.6611
vn -0.6008 0.6794 -0.4211
vn -0.6705 0.6073 -0.4261
vn -0.7271 0.5295 -0.4370
vn -0.7699 0.4476 -0.4548
vn -0.7985 0.3656 -0.4783
vn -0.8133 0.2884 -0.5054
vn -0.8155 0.2162 -0.5368
vn -0.8056 0.1498 -0.5732
vn -0.7842 0.0917 -0.6136
vn -0.7516 0.0406 -0.6583
vn -0.4792 0.7948 -0.3725
vn -0.5673 0.7341 -0.3732
vn -0.6448 0.6648 -0.3772
vn -0.7096 0.5888 -0.3871
vn -0.7610 0.5083 -0.4031
vn -0.7984 0.4252 -0.4263
vn -0.8217 0.3432 -0.4551
vn -0.8315 0.2669 -0.4872
vn -0.8291 0.1971 -0.5233
vn -0.8149 0.1340 -0.5639
vn -0.7899 0.0797 -0.6080
vn -0.7545 0.0345 -0.6554
vn -0.5303 0.7839 -0.3230
vn -0.6148 0.7183 -0.3258
vn -0.6876 0.6445 -0.3344
vn -0.7473 0.5652 -0.3494
vn -0.7934 0.4828 -0.3707
vn -0.8254 0.3990 -0.3993
vn -0.8432 0.3178 -0.4335
vn -0.8482 0.2434 -0.4705
vn -0.8413 0.1763 -0.5110
vn -0.8231 0.1170 -0.5557
vn -0.7948 0.0673 -0.6032
vn -0.7564 0.0285 -0.6535
vn -0.4899 0.8286 -0.2709
vn -0.5810 0.7670 -0.2723
vn -0.6610 0.6964 -0.2795
vn -0.7289 0.6187 -0.2931
vn -0.7834 0.5368 -0.3133
vn -0.8240 0.4531 -0.3401
vn -0.8505 0.3695 -0.3742
vn -0.8631 0.2898 -0.4137
vn -0.8632 0.2177 -0.4555
vn -0.8520 0.1542 -0.5002
vn -0.8302 0.0989 -0.5486
vn -0.7986 0.0546 -0.5994
vn -0.7580 0.0214 -0.6519
vn -0.4467 0.8679 -0.2172
vn -0.5435 0.8108 -0.2173
vn -0.6303 0.7436 -0.2230
vn -0.7056 0.6686 -0.2348
vn -0.7683 0.5877 -0.2537
vn -0.8174 0.5039 -0.2793
vn -0.8526 0.4195 -0.3116
vn -0.8736 0.3369 -0.3511
vn -0.8810 0.2591 -0.3957
vn -0.8765 0.1903 -0.4422
vn -0.8613 0.1307 -0.4910
vn -0.8361 0.0800 -0.5428
vn -0.8016 0.0415 -0.5964
vn -0.7593 0.0134 -0.6506
vn -0.4007 0.9017 -0.1623
vn -0.5028 0.8493 -0.1609
vn -0.5957 0.7860 -0.1651
vn -0.6780 0.7139 -0.1752
vn -0.7482 0.6350 -0.1922
vn -0.8055 0.5516 -0.2164
vn -0.8491 0.4666 -0.2476
vn -0.8788 0.3826 -0.2853
vn -0.8946 0.3012 -0.3302
vn -0.8969 0.2264 -0.3799
vn -0.8880 0.1611 -0.4307
vn -0.8691 0.1057 -0.4832
vn -0.8407 0.0607 -0.5381
vn -0.8040 0.0283 -0.5939
vn -0.2394 0.9644 -0.1122
vn -0.3523 0.9298 -0.1065
vn -0.4590 0.8823 -0.1040
vn -0.5575 0.8234 -0.1064
vn -0.6461 0.7546 -0.1147
vn -0.7235 0.6780 -0.1298
vn -0.7885 0.5960 -0.1521
vn -0.8403 0.5108 -0.1818
vn -0.8783 0.4254 -0.2184
vn -0.9025 0.3422 -0.2616
vn -0.9130 0.2631 -0.3118
vn -0.9106 0.1917 -0.3661
vn -0.8976 0.1304 -0.4212
vn -0.8752 0.0797 -0.4771
vn -0.8440 0.0412 -0.5347
vn -0.8064 0.0143 -0.5911
vn -0.3018 0.9520 -0.0502
vn -0.4125 0.9098 -0.0463
vn -0.5158 0.8554 -0.0472
vn -0.6102 0.7904 -0.0536
vn -0.6942 0.7167 -0.0666
vn -0.7664 0.6364 -0.0868
vn -0.8260 0.5519 -0.1145
vn -0.8722 0.4656 -0.1498
vn -0.9046 0.3805 -0.1920
vn -0.9234 0.2989 -0.2407
vn -0.9288 0.2229 -0.2959
vn -0.9220 0.1553 -0.3548
vn -0.9051 0.0987 -0.4136
vn -0.8795 0.0537 -0.4728
vn -0.8460 0.0207 -0.5328
vn -0.1318 0.9913 -0.0006
vn -0.2496 0.9683 0.0064
vn -0.3634 0.9316 0.0115
vn -0.4710 0.8820 0.0123
vn -0.5706 0.8212 0.0077
vn -0.6606 0.7507 -0.0032
vn -0.7396 0.6727 -0.0212
vn -0.8065 0.5894 -0.0467
vn -0.8605 0.5030 -0.0800
vn -0.9010 0.4166 -0.1209
vn -0.9279 0.3324 -0.1687
vn -0.9415 0.2531 -0.2226
vn -0.9421 0.1806 -0.2827
vn -0.9308 0.1178 -0.3459
vn -0.9105 0.0663 -0.4082
vn -0.8038 0.0036 -0.5949
vn -0.7653 0.0019 -0.6437
vn -0.1961 0.9786 0.0625
vn -0.3123 0.9475 0.0690
vn -0.4234 0.9031 0.0714
vn -0.5275 0.8467 0.0687
vn -0.6230 0.7799 0.0600
vn -0.7082 0.7046 0.0443
vn -0.7820 0.6229 0.0211
vn -0.8433 0.5373 -0.0099
vn -0.8916 0.4501 -0.0488
vn -0.9265 0.3639 -0.0955
vn -0.9480 0.2815 -0.1487
vn -0.9565 0.2051 -0.2077
vn -0.9524 0.1369 -0.2723
vn -0.9373 0.0791 -0.3395
vn -0.9139 0.0335 -0.4045
vn -0.9140 0.0083 -0.4057
vn -0.1437 0.9828 0.1161
vn -0.2594 0.9575 0.1259
vn -0.3733 0.9186 0.1300
vn -0.4813 0.8670 0.1293
vn -0.5815 0.8042 0.1227
vn -0.6724 0.7320 0.1095
vn -0.7525 0.6525 0.0887
vn -0.8209 0.5679 0.0601
vn -0.8766 0.4806 0.0234
vn -0.9192 0.3932 -0.0213
vn -0.9485 0.3081 -0.0735
vn -0.9646 0.2281 -0.1320
vn -0.9682 0.1554 -0.1959
vn -0.9599 0.0918 -0.2649
vn -0.9401 0.0423 -0.3382
vn -0.9380 0.0096 -0.3465
vn 0.0242 0.9876 0.1553
vn -0.0931 0.9817 0.1664
vn -0.2073 0.9616 0.1797
vn -0.3210 0.9283 0.1876
vn -0.4321 0.8818 0.1888
vn -0.5365 0.8234 0.1845
vn -0.6325 0.7549 0.1737
vn -0.7185 0.6780 0.1554
vn -0.7933 0.5949 0.1295
vn -0.8561 0.5080 0.0953
vn -0.9061 0.4198 0.0528
vn -0.9430 0.3329 0.0025
vn -0.9667 0.2497 -0.0552
vn -0.9777 0.1728 -0.1189
vn -0.9767 0.1043 -0.1874
vn -0.0397 0.9751 0.2180
vn -0.1566 0.9605 0.2299
vn -0.2692 0.9323 0.2416
vn -0.3805 0.8912 0.2469
vn -0.4884 0.8375 0.2450
vn -0.5887 0.7729 0.2367
vn -0.6800 0.6991 0.2211
vn -0.7609 0.6180 0.1979
vn -0.8302 0.5321 0.1663
vn -0.8872 0.4437 0.1264
vn -0.9314 0.3554 0.0782
vn -0.9627 0.2698 0.0221
vn -0.9811 0.1892 -0.0409
vn -0.9872 0.1160 -0.1095
vn 0.0160 0.9626 0.2705
vn -0.1028 0.9542 0.2810
vn -0.2184 0.9312 0.2917
vn -0.3290 0.8950 0.3012
vn -0.4373 0.8464 0.3038
vn -0.5415 0.7861 0.2980
vn -0.6374 0.7158 0.2853
vn -0.7237 0.6373 0.2649
vn -0.7991 0.5528 0.2362
vn -0.8628 0.4648 0.1990
vn -0.9140 0.3758 0.1532
vn -0.9525 0.2881 0.0992
vn -0.9782 0.2042 0.0377
vn -0.9914 0.1269 -0.0305
vn -0.9928 0.0577 -0.1046
vn -0.9950 0.0151 -0.0985
vn 0.0715 0.9443 0.3211
vn -0.0462 0.9419 0.3327
vn -0.1642 0.9250 0.3426
vn -0.2781 0.8939 0.3515
vn -0.3860 0.8501 0.3583
vn -0.4910 0.7944 0.3575
vn -0.5909 0.7280 0.3475
vn -0.6821 0.6525 0.3301
vn -0.7632 0.5700 0.3044
vn -0.8330 0.4829 0.2700
vn -0.8908 0.3936 0.2270
vn -0.9362 0.3046 0.1754
vn -0.9690 0.2182 0.1158
vn -0.9893 0.1372 0.0488
vn -0.9975 0.0659 -0.0262
vn -0.9993 0.0162 -0.0339
vn 0.2386 0.9023 0.3590
vn 0.1264 0.9205 0.3698
vn 0.0104 0.9240 0.3823
vn -0.1069 0.9131 0.3934
vn -0.2235 0.8880 0.4019
vn -0.3351 0.8491 0.4084
vn -0.4399 0.7978 0.4123
vn -0.5410 0.7357 0.4076
vn -0.6364 0.6637 0.3931
vn -0.7225 0.5837 0.3705
vn -0.7981 0.4979 0.3393
vn -0.8622 0.4089 0.2991
vn -0.9141 0.3189 0.2503
vn -0.9537 0.2308 0.1929
vn -0.9809 0.1466 0.1276
vn 0.1803 0.8913 0.4160
vn 0.0668 0.9007 0.4293
vn -0.0491 0.8958 0.4417
vn -0.1654 0.8766 0.4520
vn -0.2801 0.8435 0.4583
vn -0.3889 0.7969 0.4622
vn -0.4901 0.7389 0.4624
vn -0.5869 0.6707 0.4535
vn -0.6775 0.5936 0.4342
vn -0.7583 0.5098 0.4063
vn -0.8281 0.4216 0.3694
vn -0.8863 0.3314 0.3234
vn -0.9324 0.2416 0.2686
vn -0.9663 0.1548 0.2055
vn 0.2329 0.8571 0.4595
vn 0.1226 0.8722 0.4736
vn 0.0088 0.8732 0.4872
vn -0.1064 0.8599 0.4992
vn -0.2212 0.8326 0.5078
vn -0.3336 0.7917 0.5119
vn -0.4391 0.7380 0.5124
vn -0.5363 0.6736 0.5086
vn -0.6285 0.5999 0.4951
vn -0.7139 0.5186 0.4706
vn -0.7891 0.4317 0.4370
vn -0.8531 0.3417 0.3943
vn -0.9054 0.2511 0.3424
vn -0.9457 0.1622 0.2818
vn -0.9740 0.0774 0.2127
vn -0.9758 0.0198 0.2178
vn 0.2840 0.8179 0.5003
vn 0.1775 0.8387 0.5148
vn 0.0665 0.8456 0.5297
vn -0.0471 0.8383 0.5432
vn -0.1612 0.8168 0.5539
vn -0.2740 0.7814 0.5606
vn -0.3834 0.7331 0.5617
vn -0.4852 0.6728 0.5586
vn -0.5780 0.6025 0.5503
vn -0.6653 0.5241 0.5317
vn -0.7452 0.4391 0.5018
vn -0.8146 0.3499 0.4625
vn -0.8727 0.2589 0.4140
vn -0.9191 0.1686 0.3561
vn -0.9539 0.0832 0.2884
vn -0.9597 0.0205 0.2803
vn 0.4277 0.7346 0.5267
vn 0.3333 0.7743 0.5379
vn 0.2311 0.8004 0.5532
vn 0.1235 0.8131 0.5689
vn 0.0123 0.8117 0.5839
vn -0.1006 0.7962 0.5966
vn -0.2130 0.7667 0.6057
vn -0.3232 0.7237 0.6098
vn -0.4292 0.6683 0.6075
vn -0.5268 0.6018 0.6002
vn -0.6150 0.5264 0.5872
vn -0.6969 0.4437 0.5635
vn -0.7712 0.3559 0.5278
vn -0.8347 0.2651 0.4827
vn -0.8869 0.1738 0.4281
vn 0.3804 0.7263 0.5726
vn 0.2832 0.7576 0.5880
vn 0.1796 0.7759 0.6047
vn 0.0714 0.7805 0.6210
vn -0.0395 0.7710 0.6356
vn -0.1510 0.7473 0.6471
vn -0.2613 0.7099 0.6540
vn -0.3684 0.6598 0.6549
vn -0.4706 0.5978 0.6489
vn -0.5637 0.5257 0.6371
vn -0.6467 0.4456 0.6191
vn -0.7232 0.3596 0.5897
vn -0.7916 0.2696 0.5483
vn -0.8492 0.1780 0.4972
vn 0.4253 0.6744 0.6035
vn 0.3334 0.7107 0.6195
vn 0.2344 0.7345 0.6368
vn 0.1299 0.7449 0.6544
vn 0.0216 0.7413 0.6708
vn -0.0883 0.7237 0.6845
vn -0.1981 0.6921 0.6941
vn -0.3057 0.6472 0.6983
vn -0.4093 0.5902 0.6959
vn -0.5072 0.5222 0.6855
vn -0.5955 0.4451 0.6688
vn -0.6731 0.3611 0.6454
vn -0.7438 0.2724 0.6103
vn -0.8064 0.1810 0.5630
vn -0.8577 0.0897 0.5063
vn -0.8626 0.0219 0.5055
vn 0.5424 0.5672 0.6197
vn 0.4673 0.6193 0.6310
vn 0.3817 0.6599 0.6472
vn 0.2877 0.6890 0.6652
vn 0.1874 0.7051 0.6839
vn 0.0824 0.7076 0.7018
vn -0.0253 0.6959 0.7177
vn -0.1339 0.6701 0.7301
vn -0.2413 0.6309 0.7374
vn -0.3458 0.5789 0.7384
vn -0.4455 0.5155 0.7320
vn -0.5387 0.4422 0.7171
vn -0.6218 0.3607 0.6951
vn -0.6938 0.2736 0.6662
vn -0.7587 0.1829 0.6252
vn -0.8157 0.0921 0.5711
vn -0.8278 0.0222 0.5606
vn 0.5062 0.5614 0.6546
vn 0.4272 0.6060 0.6711
vn 0.3392 0.6398 0.6897
vn 0.2435 0.6614 0.7094
vn 0.1424 0.6697 0.7289
vn 0.0375 0.6641 0.7467
vn -0.0692 0.6444 0.7616
vn -0.1758 0.6109 0.7719
vn -0.2804 0.5643 0.7765
vn -0.3812 0.5057 0.7739
vn -0.4766 0.4365 0.7631
vn -0.5649 0.3584 0.7432
vn -0.6425 0.2733 0.7159
vn -0.7088 0.1837 0.6811
vn 0.5425 0.5003 0.6748
vn 0.4699 0.5493 0.6910
vn 0.3882 0.5875 0.7101
vn 0.2982 0.6142 0.7306
vn 0.2014 0.6282 0.7515
vn 0.0999 0.6286 0.7713
vn -0.0043 0.6150 0.7885
vn -0.1094 0.5874 0.8019
vn -0.2136 0.5465 0.8098
vn -0.3149 0.4929 0.8111
vn -0.4117 0.4282 0.8045
vn -0.5024 0.3538 0.7890
vn -0.5855 0.2715 0.7639
vn -0.6575 0.1835 0.7308
vn 0.6293 0.3727 0.6820
vn 0.5760 0.4363 0.6913
vn 0.5102 0.4896 0.7072
vn 0.4345 0.5325 0.7264
vn 0.3506 0.5640 0.7477
vn 0.2590 0.5834 0.7698
vn 0.1616 0.5897 0.7913
vn 0.0604 0.5821 0.8109
vn -0.0427 0.5606 0.8270
vn -0.1458 0.5254 0.8382
vn -0.2471 0.4774 0.8432
vn -0.3447 0.4174 0.8408
vn -0.4371 0.3470 0.8298
vn -0.5227 0.2680 0.8093
vn -0.6003 0.1823 0.7787
vn -0.6669 0.0930 0.7393
vn -0.6698 0.0239 0.7422
vn 0.6506 0.3079 0.6942
vn 0.6329 0.3024 0.7127
vn 0.6062 0.3701 0.7040
vn 0.5822 0.3622 0.7279
vn 0.5477 0.4269 0.7196
vn 0.5203 0.4139 0.7470
vn 0.4786 0.4746 0.7387
vn 0.4483 0.4557 0.7690
vn 0.4004 0.5113 0.7604
vn 0.3678 0.4856 0.7930
vn 0.3145 0.5356 0.7837
vn 0.2806 0.5028 0.8176
vn 0.2221 0.5475 0.8068
vn 0.1876 0.5070 0.8413
vn 0.1244 0.5460 0.8285
vn 0.0903 0.4978 0.8626
vn 0.0240 0.5307 0.8472
vn -0.0089 0.4746 0.8801
vn -0.0774 0.5015 0.8617
vn -0.1082 0.4381 0.8924
vn -0.1780 0.4590 0.8704
vn -0.2057 0.3886 0.8981
vn -0.2759 0.4042 0.8721
vn -0.2998 0.3276 0.8960
vn -0.3694 0.3383 0.8655
vn -0.3888 0.2563 0.8849
vn -0.4570 0.2629 0.8497
vn -0.4714 0.1766 0.8641
vn -0.5374 0.1799 0.8239
vn -0.5466 0.0910 0.8324
vn -0.6085 0.0918 0.7882
vn -0.5656 0.0212 0.8244
vn -0.6192 0.0221 0.7849
vn 0.6845 0.1614 0.7109
vn 0.6560 0.2331 0.7179
vn 0.6133 0.2958 0.7324
vn 0.5589 0.3512 0.7512
vn 0.4938 0.3974 0.7735
vn 0.4191 0.4327 0.7982
vn 0.3370 0.4559 0.8238
vn 0.2490 0.4656 0.8493
vn 0.1559 0.4622 0.8730
vn 0.0595 0.4453 0.8934
vn -0.0379 0.4146 0.9092
vn -0.1346 0.3709 0.9189
vn -0.2287 0.3150 0.9211
vn -0.3186 0.2482 0.9148
vn -0.4029 0.1721 0.8989
vn 0.5855 0.0073 0.8106
vn 0.5699 0.0080 0.8217
vn 0.6271 0.0011 0.7790
vn -0.2664 0.0205 0.9636
vn -0.2683 0.0799 0.9600
vn -0.2598 0.1602 0.9523
vn -0.1863 0.1529 0.9705
vn -0.1738 0.2278 0.9581
vn -0.1001 0.2155 0.9714
vn -0.0838 0.2846 0.9550
vn -0.0107 0.2669 0.9637
vn 0.0087 0.3294 0.9442
vn 0.0801 0.3059 0.9487
vn 0.1019 0.3612 0.9269
vn 0.1703 0.3317 0.9279
vn 0.1936 0.3797 0.9046
vn 0.2582 0.3442 0.9027
vn 0.2820 0.3849 0.8788
vn 0.3426 0.3429 0.8747
vn 0.3662 0.3762 0.8511
vn 0.4223 0.3280 0.8450
vn 0.4446 0.3542 0.8228
vn 0.4946 0.3005 0.8155
vn 0.5149 0.3202 0.7952
vn 0.5583 0.2614 0.7874
vn 0.5759 0.2753 0.7698
vn 0.6122 0.2123 0.7617
vn 0.6264 0.2212 0.7475
vn 0.6550 0.1547 0.7397
vn 0.6653 0.1596 0.7293
vn 0.6859 0.0907 0.7220
vn 0.6915 0.0925 0.7164
vn -0.3322 0.1666 0.9284
vn -0.2468 0.2386 0.9392
vn -0.1566 0.3006 0.9408
vn -0.0630 0.3511 0.9342
vn 0.0322 0.3890 0.9207
vn 0.1273 0.4135 0.9016
vn 0.2199 0.4245 0.8783
vn 0.3084 0.4222 0.8525
vn 0.3917 0.4062 0.8256
vn 0.4685 0.3774 0.7988
vn 0.5364 0.3371 0.7737
vn 0.5943 0.2867 0.7514
vn 0.6410 0.2281 0.7329
vn 0.6758 0.1631 0.7188
vn 0.6344 0.0123 0.7729
vn 0.6850 0.0112 0.7284
vn 0.6389 0.0180 0.7691
vn 0.6669 0.0403 0.7441
vn 0.6839 0.0114 0.7295
vn 0.6401 0.0265 0.7678
vn 0.5819 0.0304 0.8127
vn 0.6835 0.0154 0.7298
vn 0.6419 0.0337 0.7660
vn 0.5844 0.0453 0.8102
vn 0.5221 0.0436 0.8518
vn 0.4541 0.0313 0.8904
vn 0.4413 0.0060 0.8974
vn 0.6874 0.0183 0.7261
vn 0.6444 0.0417 0.7636
vn 0.5878 0.0601 0.8067
vn 0.5256 0.0649 0.8482
vn 0.4590 0.0565 0.8866
vn 0.3932 0.0318 0.9189
vn 0.3773 0.0090 0.9260
vn 0.6875 0.0198 0.7260
vn 0.6473 0.0493 0.7606
vn 0.5922 0.0738 0.8024
vn 0.5305 0.0856 0.8433
vn 0.4636 0.0842 0.8820
vn 0.3934 0.0693 0.9168
vn 0.3199 0.0424 0.9465
vn 0.3184 0.0115 0.9479
vn 0.6878 0.0250 0.7255
vn 0.6508 0.0564 0.7572
vn 0.5974 0.0874 0.7972
vn 0.5368 0.1058 0.8370
vn 0.4700 0.1111 0.8756
vn 0.3990 0.1030 0.9112
vn 0.3252 0.0815 0.9421
vn 0.2470 0.0437 0.9680
vn 0.2595 0.0133 0.9656
vn 0.6917 0.0231 0.7219
vn 0.6548 0.0635 0.7531
vn 0.6035 0.1002 0.7910
vn 0.5445 0.1249 0.8294
vn 0.4782 0.1370 0.8675
vn 0.4068 0.1359 0.9034
vn 0.3317 0.1214 0.9355
vn 0.2549 0.0936 0.9624
vn 0.6923 0.0266 0.7211
vn 0.6591 0.0702 0.7488
vn 0.6104 0.1119 0.7841
vn 0.5532 0.1428 0.8207
vn 0.4879 0.1619 0.8578
vn 0.4167 0.1678 0.8934
vn 0.3410 0.1604 0.9263
vn 0.2625 0.1393 0.9548
vn 0.1834 0.1050 0.9774
vn 0.1043 0.0595 0.9928
vn 0.1002 0.0153 0.9949
vn 0.6936 0.0311 0.7197
vn 0.6640 0.0754 0.7439
vn 0.6181 0.1228 0.7764
vn 0.5631 0.1597 0.8108
vn 0.4992 0.1855 0.8464
vn 0.4287 0.1982 0.8814
vn 0.3527 0.1979 0.9146
vn 0.2731 0.1839 0.9442
vn 0.1920 0.1563 0.9689
vn 0.1112 0.1158 0.9870
vn 0.0298 0.0621 0.9976
vn 0.0361 0.0165 0.9992
vn 0.6965 0.0308 0.7169
vn 0.6690 0.0798 0.7390
vn 0.6264 0.1324 0.7682
vn 0.5741 0.1752 0.7998
vn 0.5122 0.2073 0.8335
vn 0.4426 0.2268 0.8676
vn 0.3668 0.2336 0.9005
vn 0.2865 0.2268 0.9309
vn 0.2038 0.2063 0.9570
vn 0.1206 0.1724 0.9776
vn 0.0375 0.1261 0.9913
vn 0.6988 0.0321 0.7146
vn 0.6741 0.0842 0.7338
vn 0.6354 0.1409 0.7592
vn 0.5859 0.1892 0.7880
vn 0.5263 0.2273 0.8193
vn 0.4582 0.2537 0.8519
vn 0.3832 0.2675 0.8841
vn 0.3027 0.2679 0.9147
vn 0.2189 0.2546 0.9420
vn 0.1337 0.2276 0.9645
vn 0.0478 0.1877 0.9811
vn -0.0371 0.1358 0.9900
vn 0.6994 0.0336 0.7140
vn 0.6801 0.0879 0.7279
vn 0.6450 0.1485 0.7496
vn 0.5987 0.2017 0.7752
vn 0.5417 0.2454 0.8039
vn 0.4757 0.2784 0.8344
vn 0.4017 0.2990 0.8655
vn 0.3214 0.3067 0.8959
vn 0.2371 0.3007 0.9238
vn 0.1503 0.2808 0.9479
vn 0.0621 0.2479 0.9668
vn -0.0261 0.2022 0.9790
vn -0.1119 0.1447 0.9831
vn -0.1950 0.0785 0.9777
vn -0.2052 0.0198 0.9785
vn 0.7015 0.0346 0.7119
vn 0.5375 -0.6958 -0.4764
vn 0.4724 -0.6949 0.5421
vn 0.5293 -0.6949 0.4868
vn 0.5796 -0.6950 0.4256
vn 0.6225 -0.6950 0.3597
vn 0.6851 -0.6952 0.2174
vn 0.6578 -0.6951 0.2900
vn 0.7043 -0.6953 0.1430
vn 0.7155 -0.6954 0.0674
vn 0.7184 -0.6956 -0.0082
vn 0.7134 -0.6958 -0.0827
vn 0.7013 -0.6959 -0.1548
vn 0.6820 -0.6957 -0.2255
vn 0.6553 -0.6959 -0.2940
vn 0.6221 -0.6959 -0.3587
vn 0.5829 -0.6961 -0.4192
vn 0.4847 -0.6959 -0.5299
vn 0.4273 -0.6963 -0.5767
vn 0.3666 -0.6963 -0.6171
vn 0.3019 -0.6962 -0.6512
vn 0.2337 -0.6960 -0.6789
vn 0.1621 -0.6954 -0.7001
vn 0.0870 -0.6955 -0.7133
vn 0.0098 -0.6954 -0.7186
vn -0.0703 -0.6948 -0.7157
vn -0.1512 -0.6949 -0.7031
vn -0.2297 -0.6949 -0.6814
vn -0.3048 -0.6950 -0.6512
vn -0.3758 -0.6950 -0.6130
vn -0.4419 -0.6950 -0.5672
vn -0.4920 -0.6982 -0.5201
vn -0.5321 -0.6983 -0.4788
vn -0.4500 -0.6955 0.5602
vn -0.4999 -0.6979 0.5129
vn -0.3260 -0.6960 0.6397
vn -0.3895 -0.6959 0.6033
vn -0.2591 -0.6960 0.6697
vn -0.1893 -0.6959 0.6927
vn -0.1194 -0.6966 0.7074
vn -0.0488 -0.6960 0.7164
vn 0.0290 -0.6947 0.7187
vn 0.1107 -0.6947 0.7107
vn 0.1904 -0.6948 0.6935
vn 0.2675 -0.6949 0.6675
vn 0.3406 -0.6949 0.6333
vn 0.4092 -0.6950 0.5912
vn -0.5777 -0.6952 -0.4277
vn -0.6210 -0.6953 -0.3620
vn -0.6565 -0.6954 -0.2924
vn -0.6841 -0.6954 -0.2200
vn -0.7036 -0.6955 -0.1455
vn -0.7150 -0.6956 -0.0701
vn -0.7183 -0.6957 0.0055
vn -0.7139 -0.6955 0.0814
vn -0.7012 -0.6956 0.1565
vn -0.6808 -0.6960 0.2283
vn -0.6539 -0.6960 0.2966
vn -0.6205 -0.6961 0.3612
vn -0.5811 -0.6962 0.4215
vn -0.5394 -0.6984 0.4703
vn 0.5231 -0.7247 -0.4485
vn 0.5854 -0.7247 -0.3634
vn 0.6340 -0.7247 -0.2698
vn -0.6232 -0.7248 -0.2938
vn -0.5711 -0.7248 -0.3855
vn -0.5055 -0.7247 -0.4682
vn -0.4281 -0.7248 -0.5399
vn -0.6828 -0.7247 -0.0921
vn -0.6608 -0.7248 -0.1952
vn 0.4485 -0.7247 -0.5231
vn 0.2698 -0.7248 -0.6340
vn 0.3634 -0.7248 -0.5854
vn -0.2453 -0.7248 -0.6439
vn -0.1441 -0.7247 -0.6738
vn -0.0396 -0.7247 -0.6879
vn 0.0659 -0.7247 -0.6859
vn -0.6788 -0.7248 0.1182
vn -0.6889 -0.7247 0.0132
vn -0.1182 -0.7247 0.6788
vn -0.2204 -0.7247 0.6528
vn -0.3175 -0.7248 0.6115
vn 0.6678 -0.7248 -0.1698
vn 0.6859 -0.7247 -0.0659
vn 0.1698 -0.7248 -0.6678
vn -0.3407 -0.7248 -0.5989
vn -0.4872 -0.7247 0.4872
vn -0.5559 -0.7248 0.4071
vn -0.6115 -0.7247 0.3175
vn -0.6528 -0.7248 0.2205
vn -0.4071 -0.7248 0.5559
vn 0.6439 -0.7247 0.2453
vn 0.5989 -0.7248 0.3407
vn 0.5399 -0.7247 0.4281
vn 0.6879 -0.7248 0.0396
vn 0.6738 -0.7247 0.1441
vn 0.1953 -0.7248 0.6608
vn 0.0921 -0.7247 0.6828
vn -0.0132 -0.7247 0.6889
vn 0.4682 -0.7247 0.5055
vn 0.3855 -0.7247 0.5711
vn 0.2938 -0.7247 0.6232
vn -0.3578 -0.6903 -0.6289
vn -0.4496 -0.6903 -0.5669
vn -0.5308 -0.6903 -0.4917
vn -0.5997 -0.6903 -0.4049
vn -0.6544 -0.6903 -0.3086
vn -0.6939 -0.6903 -0.2050
vn -0.7170 -0.6903 -0.0967
vn -0.7234 -0.6903 0.0138
vn 0.4048 -0.6903 0.5997
vn 0.4917 -0.6903 0.5309
vn 0.5669 -0.6903 0.4496
vn 0.6289 -0.6903 0.3578
vn 0.6761 -0.6903 0.2576
vn 0.7075 -0.6903 0.1513
vn 0.7224 -0.6903 0.0415
vn 0.1783 -0.6903 -0.7012
vn 0.0692 -0.6903 -0.7202
vn -0.0416 -0.6903 -0.7223
vn -0.1513 -0.6903 -0.7076
vn -0.2576 -0.6903 -0.6761
vn 0.7202 -0.6903 -0.0692
vn 0.7012 -0.6903 -0.1783
vn 0.6658 -0.6903 -0.2833
vn 0.6147 -0.6903 -0.3816
vn 0.5493 -0.6903 -0.4710
vn -0.7128 -0.6903 0.1241
vn -0.6855 -0.6903 0.2315
vn -0.6421 -0.6903 0.3334
vn -0.3334 -0.6903 0.6421
vn -0.2315 -0.6903 0.6855
vn -0.1241 -0.6903 0.7128
vn -0.0139 -0.6903 0.7234
vn 0.0967 -0.6903 0.7171
vn 0.2051 -0.6903 0.6939
vn 0.3086 -0.6903 0.6544
vn 0.4710 -0.6903 -0.5493
vn 0.3816 -0.6903 -0.6147
vn 0.2833 -0.6903 -0.6658
vn -0.5837 -0.6903 0.4275
vn -0.5116 -0.6903 0.5116
vn -0.4275 -0.6903 0.5837
usemtl None
s 1
f 1//1 2//2 3//3
f 3//3 2//2 4//4
f 3//3 4//4 5//5
f 5//5 4//4 6//6
f 7//7 8//8 1//1
f 1//1 8//8 2//2
f 9//9 10//10 11//11
f 11//11 10//10 12//12
f 11//11 12//12 13//13
f 13//13 12//12 14//14
f 13//13 14//14 15//15
f 15//15 14//14 16//16
f 15//15 16//16 17//17
f 17//17 16//16 18//18
f 17//17 18//18 19//19
f 19//19 18//18 20//20
f 19//19 20//20 21//21
f 21//21 20//20 22//22
f 21//21 22//22 23//23
f 23//23 22//22 24//24
f 23//23 24//24 25//25
f 25//25 24//24 26//26
f 25//25 26//26 27//27
f 27//27 26//26 28//28
f 27//27 28//28 29//29
f 29//29 28//28 30//30
f 29//29 30//30 31//31
f 31//31 30//30 32//32
f 31//31 32//32 33//33
f 33//33 32//32 34//34
f 33//33 34//34 35//35
f 35//35 34//34 36//36
f 35//35 36//36 37//37
f 37//37 36//36 38//38
f 37//37 38//38 39//39
f 39//39 38//38 40//40
f 39//39 40//40 41//41
f 41//41 40//40 42//42
f 41//41 42//42 43//43
f 43//43 42//42 44//44
f 43//43 44//44 45//45
f 45//45 44//44 46//46
f 45//45 46//46 47//47
f 47//47 46//46 48//48
f 47//47 48//48 49//49
f 49//49 48//48 50//50
f 49//49 50//50 51//51
f 51//51 50//50 52//52
f 51//51 52//52 53//53
f 53//53 52//52 54//54
f 53//53 54//54 55//55
f 55//55 54//54 56//56
f 55//55 56//56 57//57
f 57//57 56//56 58//58
f 57//57 58//58 59//59
f 59//59 58//58 60//60
f 59//59 60//60 61//61
f 61//61 60//60 62//62
f 61//61 62//62 63//63
f 63//63 62//62 64//64
f 63//63 64//64 65//65
f 65//65 64//64 66//66
f 65//65 66//66 67//67
f 67//67 66//66 68//68
f 67//67 68//68 69//69
f 69//69 68//68 70//70
f 69//69 70//70 71//71
f 71//71 70//70 72//72
f 71//71 72//72 73//73
f 73//73 72//72 74//74
f 73//73 74//74 75//75
f 75//75 74//74 76//76
f 75//75 76//76 77//77
f 77//77 76//76 78//78
f 77//77 78//78 79//79
f 79//79 78//78 80//80
f 79//79 80//80 9//9
f 9//9 80//80 10//10
f 81//76 41//41 82//81
f 82//81 41//41 43//43
f 82//81 43//43 83//80
f 83//80 43//43 45//45
f 83//80 45//45 84//82
f 84//82 45//45 47//47
f 84//82 47//47 85//83
f 85//83 47//47 49//49
f 85//83 49//49 86//84
f 86//84 49//49 51//51
f 86//84 51//51 87//85
f 87//85 51//51 53//53
f 87//85 53//53 88//86
f 88//86 53//53 55//55
f 88//86 55//55 89//20
f 89//20 55//55 57//57
f 89//20 57//57 90//22
f 90//22 57//57 59//59
f 90//22 59//59 91//87
f 91//87 59//59 61//61
f 91//87 61//61 92//26
f 92//26 61//61 63//63
f 92//26 63//63 93//88
f 93//88 63//63 65//65
f 93//88 65//65 94//89
f 94//89 65//65 67//67
f 94//89 67//67 95//90
f 95//90 67//67 69//69
f 95//90 69//69 96//91
f 96//91 69//69 71//71
f 96//91 71//71 97//36
f 97//36 71//71 73//73
f 97//36 73//73 98//38
f 98//38 73//73 75//75
f 98//38 75//75 99//92
f 99//92 75//75 77//77
f 99//92 77//77 100//93
f 100//93 77//77 79//79
f 100//93 79//79 101//94
f 101//94 79//79 9//9
f 101//94 9//9 102//95
f 102//95 9//9 11//11
f 102//95 11//11 103//96
f 103//96 11//11 13//13
f 103//96 13//13 104//97
f 104//97 13//13 15//15
f 104//97 15//15 105//98
f 105//98 15//15 17//17
f 105//98 17//17 106//99
f 106//99 17//17 19//19
f 106//99 19//19 107//100
f 107//100 19//19 21//21
f 107//100 21//21 108//101
f 108//101 21//21 23//23
f 108//101 23//23 109//60
f 109//60 23//23 25//25
f 109//60 25//25 110//102
f 110//102 25//25 27//27
f 110//102 27//27 111//103
f 111//103 27//27 29//29
f 111//103 29//29 112//66
f 112//66 29//29 31//31
f 112//66 31//31 113//68
f 113//68 31//31 33//33
f 113//68 33//33 114//104
f 114//104 33//33 35//35
f 114//104 35//35 115//72
f 115//72 35//35 37//37
f 115//72 37//37 116//74
f 116//74 37//37 39//39
f 116//74 39//39 81//76
f 81//76 39//39 41//41
f 117//105 101//94 118//106
f 118//106 101//94 102//95
f 118//106 102//95 119//107
f 119//107 102//95 103//96
f 119//107 103//96 120//108
f 120//108 103//96 104//97
f 120//108 104//97 121//109
f 121//109 104//97 105//98
f 121//109 105//98 122//110
f 122//110 105//98 106//99
f 122//110 106//99 123//111
f 123//111 106//99 107//100
f 123//111 107//100 124//112
f 124//112 107//100 108//101
f 124//112 108//101 125//113
f 125//113 108//101 109//60
f 125//113 109//60 126//114
f 126//114 109//60 110//102
f 126//114 110//102 127//115
f 127//115 110//102 111//103
f 127//115 111//103 128//116
f 128//116 111//103 112//66
f 128//116 112//66 129//117
f 129//117 112//66 113//68
f 129//117 113//68 130//118
f 130//118 113//68 114//104
f 130//118 114//104 131//119
f 131//119 114//104 115//72
f 131//119 115//72 132//120
f 132//120 115//72 116//74
f 132//120 116//74 133//121
f 133//121 116//74 81//76
f 133//121 81//76 134//122
f 134//122 81//76 82//81
f 134//122 82//81 135//123
f 135//123 82//81 83//80
f 135//123 83//80 136//124
f 136//124 83//80 84//82
f 136//124 84//82 137//125
f 137//125 84//82 85//83
f 137//125 85//83 138//126
f 138//126 85//83 86//84
f 138//126 86//84 139//127
f 139//127 86//84 87//85
f 139//127 87//85 140//128
f 140//128 87//85 88//86
f 140//128 88//86 141//129
f 141//129 88//86 89//20
f 141//129 89//20 142//130
f 142//130 89//20 90//22
f 142//130 90//22 143//131
f 143//131 90//22 91//87
f 143//131 91//87 144//132
f 144//132 91//87 92//26
f 144//132 92//26 145//133
f 145//133 92//26 93//88
f 145//133 93//88 146//134
f 146//134 93//88 94//89
f 146//134 94//89 147//135
f 147//135 94//89 95//90
f 147//135 95//90 148//136
f 148//136 95//90 96//91
f 148//136 96//91 149//137
f 149//137 96//91 97//36
f 149//137 97//36 150//138
f 150//138 97//36 98//38
f 150//138 98//38 151//139
f 151//139 98//38 99//92
f 151//139 99//92 152//140
f 152//140 99//92 100//93
f 152//140 100//93 117//105
f 117//105 100//93 101//94
f 134//122 153//141 133//121
f 133//121 153//141 154//142
f 133//121 154//142 132//120
f 132//120 154//142 155//143
f 132//120 155//143 131//119
f 131//119 155//143 156//144
f 131//119 156//144 130//118
f 130//118 156//144 157//145
f 130//118 157//145 129//117
f 129//117 157//145 158//146
f 129//117 158//146 128//116
f 128//116 158//146 159//147
f 128//116 159//147 127//115
f 127//115 159//147 160//148
f 127//115 160//148 126//114
f 126//114 160//148 161//149
f 126//114 161//149 125//113
f 125//113 161//149 162//150
f 125//113 162//150 124//112
f 124//112 162//150 163//151
f 124//112 163//151 123//111
f 123//111 163//151 164//152
f 123//111 164//152 122//110
f 122//110 164//152 165//153
f 122//110 165//153 121//109
f 121//109 165//153 166//154
f 121//109 166//154 120//108
f 120//108 166//154 167//155
f 120//108 167//155 119//107
f 119//107 167//155 168//156
f 119//107 168//156 118//106
f 118//106 168//156 169//157
f 118//106 169//157 117//105
f 117//105 169//157 170//158
f 117//105 170//158 152//140
f 152//140 170//158 171//159
f 152//140 171//159 151//139
f 151//139 171//159 172//160
f 151//139 172//160 150//138
f 150//138 172//160 173//161
f 150//138 173//161 149//137
f 149//137 173//161 174//162
f 149//137 174//162 148//136
f 148//136 174//162 175//163
f 148//136 175//163 147//135
f 147//135 175//163 176//164
f 147//135 176//164 146//134
f 146//134 176//164 177//165
f 146//134 177//165 145//133
f 145//133 177//165 178//166
f 145//133 178//166 144//132
f 144//132 178//166 179//167
f 144//132 179//167 143//131
f 143//131 179//167 180//168
f 143//131 180//168 142//130
f 142//130 180//168 181//169
f 142//130 181//169 141//129
f 141//129 181//169 182//170
f 141//129 182//170 140//128
f 140//128 182//170 183//171
f 140//128 183//171 139//127
f 139//127 183//171 184//172
f 139//127 184//172 138//126
f 138//126 184//172 185//173
f 138//126 185//173 137//125
f 137//125 185//173 186//174
f 137//125 186//174 136//124
f 136//124 186//174 187//175
f 136//124 187//175 135//123
f 135//123 187//175 188//176
f 135//123 188//176 134//122
f 134//122 188//176 153//141
f 189//177 169//157 190//178
f 190//178 169//157 168//156
f 190//178 168//156 191//179
f 191//179 168//156 167//155
f 191//179 167//155 192//180
f 192//180 167//155 166//154
f 192//180 166//154 193//181
f 193//181 166//154 165//153
f 193//181 165//153 194//182
f 194//182 165//153 164//152
f 194//182 164//152 195//183
f 195//183 164//152 163//151
f 195//183 163//151 196//184
f 196//184 163//151 162//150
f 196//184 162//150 197//185
f 197//185 162//150 161//149
f 197//185 161//149 198//186
f 198//186 161//149 160//148
f 198//186 160//148 199//187
f 199//187 160//148 159//147
f 199//187 159//147 200//188
f 200//188 159//147 158//146
f 200//188 158//146 201//189
f 201//189 158//146 157//145
f 201//189 157//145 202//190
f 202//190 157//145 156//144
f 202//190 156//144 203//191
f 203//191 156//144 155//143
f 203//191 155//143 204//192
f 204//192 155//143 154//142
f 204//192 154//142 205//193
f 205//193 154//142 153//141
f 205//193 153//141 206//194
f 206//194 153//141 188//176
f 206//194 188//176 207//195
f 207//195 188//176 187//175
f 207//195 187//175 208//196
f 208//196 187//175 186//174
f 208//196 186//174 209//197
f 209//197 186//174 185//173
f 209//197 185//173 210//198
f 210//198 185//173 184//172
f 210//198 184//172 211//199
f 211//199 184//172 183//171
f 211//199 183//171 212//200
f 212//200 183//171 182//170
f 212//200 182//170 213//201
f 213//201 182//170 181//169
f 213//201 181//169 214//202
f 214//202 181//169 180//168
f 214//202 180//168 215//203
f 215//203 180//168 179//167
f 215//203 179//167 216//204
f 216//204 179//167 178//166
f 216//204 178//166 217//205
f 217//205 178//166 177//165
f 217//205 177//165 218//206
f 218//206 177//165 176//164
f 218//206 176//164 219//207
f 219//207 176//164 175//163
f 219//207 175//163 220//208
f 220//208 175//163 174//162
f 220//208 174//162 221//209
f 221//209 174//162 173//161
f 221//209 173//161 222//210
f 222//210 173//161 172//160
f 222//210 172//160 223//211
f 223//211 172//160 171//159
f 223//211 171//159 224//212
f 224//212 171//159 170//158
f 224//212 170//158 189//177
f 189//177 170//158 169//157
f 225//213 192//180 226//214
f 226//214 192//180 193//181
f 226//214 193//181 227//215
f 227//215 193//181 194//182
f 227//215 194//182 228//216
f 228//216 194//182 195//183
f 228//216 195//183 229//217
f 229//217 195//183 196//184
f 229//217 196//184 230//218
f 230//218 196//184 197//185
f 230//218 197//185 231//219
f 231//219 197//185 198//186
f 231//219 198//186 232//220
f 232//220 198//186 199//187
f 232//220 199//187 233//221
f 233//221 199//187 200//188
f 233//221 200//188 234//222
f 234//222 200//188 201//189
f 234//222 201//189 235//223
f 235//223 201//189 202//190
f 235//223 202//190 236//224
f 236//224 202//190 203//191
f 236//224 203//191 237//225
f 237//225 203//191 204//192
f 237//225 204//192 238//226
f 238//226 204//192 205//193
f 238//226 205//193 239//227
f 239//227 205//193 206//194
f 239//227 206//194 240//228
f 240//228 206//194 207//195
f 240//228 207//195 241//229
f 241//229 207//195 208//196
f 241//229 208//196 242//230
f 242//230 208//196 209//197
f 242//230 209//197 243//231
f 243//231 209//197 210//198
f 243//231 210//198 244//232
f 244//232 210//198 211//199
f 244//232 211//199 245//233
f 245//233 211//199 212//200
f 245//233 212//200 246//234
f 246//234 212//200 213//201
f 246//234 213//201 247//235
f 247//235 213//201 214//202
f 247//235 214//202 248//236
f 248//236 214//202 215//203
f 248//236 215//203 249//237
f 249//237 215//203 216//204
f 249//237 216//204 250//238
f 250//238 216//204 217//205
f 250//238 217//205 251//239
f 251//239 217//205 218//206
f 251//239 218//206 252//240
f 252//240 218//206 219//207
f 252//240 219//207 253//241
f 253//241 219//207 220//208
f 253//241 220//208 254//242
f 254//242 220//208 221//209
f 254//242 221//209 255//243
f 255//243 221//209 222//210
f 255//243 222//210 256//244
f 256//244 222//210 223//211
f 256//244 223//211 257//245
f 257//245 223//211 224//212
f 257//245 224//212 258//246
f 258//246 224//212 189//177
f 258//246 189//177 259//247
f 259//247 189//177 190//178
f 259//247 190//178 260//248
f 260//248 190//178 191//179
f 260//248 191//179 225//213
f 225//213 191//179 192//180
f 261//249 259//247 262//250
f 262//250 259//247 260//248
f 262//250 260//248 263//251
f 263//251 260//248 225//213
f 263//251 225//213 264//252
f 264//252 225//213 226//214
f 264//252 226//214 265//253
f 265//253 226//214 227//215
f 265//253 227//215 266//182
f 266//182 227//215 228//216
f 266//182 228//216 267//183
f 267//183 228//216 229//217
f 267//183 229//217 268//254
f 268//254 229//217 230//218
f 268//254 230//218 269//255
f 269//255 230//218 231//219
f 269//255 231//219 270//186
f 270//186 231//219 232//220
f 270//186 232//220 271//256
f 271//256 232//220 233//221
f 271//256 233//221 272//257
f 272//257 233//221 234//222
f 272//257 234//222 273//258
f 273//258 234//222 235//223
f 273//258 235//223 274//259
f 274//259 235//223 236//224
f 274//259 236//224 275//260
f 275//260 236//224 237//225
f 275//260 237//225 276//261
f 276//261 237//225 238//226
f 276//261 238//226 277//262
f 277//262 238//226 239//227
f 277//262 239//227 278//263
f 278//263 239//227 240//228
f 278//263 240//228 279//264
f 279//264 240//228 241//229
f 279//264 241//229 280//265
f 280//265 241//229 242//230
f 280//265 242//230 281//266
f 281//266 242//230 243//231
f 281//266 243//231 282//198
f 282//198 243//231 244//232
f 282//198 244//232 283//267
f 283//267 244//232 245//233
f 283//267 245//233 284//200
f 284//200 245//233 246//234
f 284//200 246//234 285//268
f 285//268 246//234 247//235
f 285//268 247//235 286//269
f 286//269 247//235 248//236
f 286//269 248//236 287//270
f 287//270 248//236 249//237
f 287//270 249//237 288//204
f 288//204 249//237 250//238
f 288//204 250//238 289//271
f 289//271 250//238 251//239
f 289//271 251//239 290//272
f 290//272 251//239 252//240
f 290//272 252//240 291//273
f 291//273 252//240 253//241
f 291//273 253//241 292//274
f 292//274 253//241 254//242
f 292//274 254//242 293//275
f 293//275 254//242 255//243
f 293//275 255//243 294//276
f 294//276 255//243 256//244
f 294//276 256//244 295//277
f 295//277 256//244 257//245
f 295//277 257//245 296//278
f 296//278 257//245 258//246
f 296//278 258//246 261//249
f 261//249 258//246 259//247
f 297//279 264//252 298//214
f 298//214 264//252 265//253
f 298//214 265//253 299//280
f 299//280 265//253 266//182
f 299//280 266//182 300//281
f 300//281 266//182 267//183
f 300//281 267//183 301//217
f 301//217 267//183 268//254
f 301//217 268//254 302//282
f 302//282 268//254 269//255
f 302//282 269//255 303//219
f 303//219 269//255 270//186
f 303//219 270//186 304//283
f 304//283 270//186 271//256
f 304//283 271//256 305//221
f 305//221 271//256 272//257
f 305//221 272//257 306//284
f 306//284 272//257 273//258
f 306//284 273//258 307//223
f 307//223 273//258 274//259
f 307//223 274//259 308//224
f 308//224 274//259 275//260
f 308//224 275//260 309//285
f 309//285 275//260 276//261
f 309//285 276//261 310//226
f 310//226 276//261 277//262
f 310//226 277//262 311//227
f 311//227 277//262 278//263
f 311//227 278//263 312//228
f 312//228 278//263 279//264
f 312//228 279//264 313//229
f 313//229 279//264 280//265
f 313//229 280//265 314//286
f 314//286 280//265 281//266
f 314//286 281//266 315//231
f 315//231 281//266 282//198
f 315//231 282//198 316//287
f 316//287 282//198 283//267
f 316//287 283//267 317//288
f 317//288 283//267 284//200
f 317//288 284//200 318//289
f 318//289 284//200 285//268
f 318//289 285//268 319//235
f 319//235 285//268 286//269
f 319//235 286//269 320//236
f 320//236 286//269 287//270
f 320//236 287//270 321//290
f 321//290 287//270 288//204
f 321//290 288//204 322//291
f 322//291 288//204 289//271
f 322//291 289//271 323//239
f 323//239 289//271 290//272
f 323//239 290//272 324//292
f 324//292 290//272 291//273
f 324//292 291//273 325//293
f 325//293 291//273 292//274
f 325//293 292//274 326//294
f 326//294 292//274 293//275
f 326//294 293//275 327//295
f 327//295 293//275 294//276
f 327//295 294//276 328//244
f 328//244 294//276 295//277
f 328//244 295//277 329//296
f 329//296 295//277 296//278
f 329//296 296//278 330//297
f 330//297 296//278 261//249
f 330//297 261//249 331//247
f 331//247 261//249 262//250
f 331//247 262//250 332//298
f 332//298 262//250 263//251
f 332//298 263//251 297//279
f 297//279 263//251 264//252
f 333//249 331//247 334//250
f 334//250 331//247 332//298
f 334//250 332//298 335//179
f 335//179 332//298 297//279
f 335//179 297//279 336//252
f 336//252 297//279 298//214
f 336//252 298//214 337//253
f 337//253 298//214 299//280
f 337//253 299//280 338//299
f 338//299 299//280 300//281
f 338//299 300//281 339//183
f 339//183 300//281 301//217
f 339//183 301//217 340//184
f 340//184 301//217 302//282
f 340//184 302//282 341//300
f 341//300 302//282 303//219
f 341//300 303//219 342//301
f 342//301 303//219 304//283
f 342//301 304//283 343//302
f 343//302 304//283 305//221
f 343//302 305//221 344//257
f 344//257 305//221 306//284
f 344//257 306//284 345//303
f 345//303 306//284 307//223
f 345//303 307//223 346//304
f 346//304 307//223 308//224
f 346//304 308//224 347//305
f 347//305 308//224 309//285
f 347//305 309//285 348//261
f 348//261 309//285 310//226
f 348//261 310//226 349//193
f 349//193 310//226 311//227
f 349//193 311//227 350//306
f 350//306 311//227 312//228
f 350//306 312//228 351//307
f 351//307 312//228 313//229
f 351//307 313//229 352//265
f 352//265 313//229 314//286
f 352//265 314//286 353//308
f 353//308 314//286 315//231
f 353//308 315//231 354//198
f 354//198 315//231 316//287
f 354//198 316//287 355//267
f 355//267 316//287 317//288
f 355//267 317//288 356//309
f 356//309 317//288 318//289
f 356//309 318//289 357//310
f 357//310 318//289 319//235
f 357//310 319//235 358//311
f 358//311 319//235 320//236
f 358//311 320//236 359//270
f 359//270 320//236 321//290
f 359//270 321//290 360//312
f 360//312 321//290 322//291
f 360//312 322//291 361//205
f 361//205 322//291 323//239
f 361//205 323//239 362//206
f 362//206 323//239 324//292
f 362//206 324//292 363//313
f 363//313 324//292 325//293
f 363//313 325//293 364//314
f 364//314 325//293 326//294
f 364//314 326//294 365//315
f 365//315 326//294 327//295
f 365//315 327//295 366//276
f 366//276 327//295 328//244
f 366//276 328//244 367//277
f 367//277 328//244 329//296
f 367//277 329//296 368//278
f 368//278 329//296 330//297
f 368//278 330//297 333//249
f 333//249 330//297 331//247
f 369//316 336//252 370//317
f 370//317 336//252 337//253
f 370//317 337//253 371//318
f 371//318 337//253 338//299
f 371//318 338//299 372//319
f 372//319 338//299 339//183
f 372//319 339//183 373//320
f 373//320 339//183 340//184
f 373//320 340//184 374//321
f 374//321 340//184 341//300
f 374//321 341//300 375//322
f 375//322 341//300 342//301
f 375//322 342//301 376//323
f 376//323 342//301 343//302
f 376//323 343//302 377//324
f 377//324 343//302 344//257
f 377//324 344//257 378//325
f 378//325 344//257 345//303
f 378//325 345//303 379//326
f 379//326 345//303 346//304
f 379//326 346//304 380//327
f 380//327 346//304 347//305
f 380//327 347//305 381//328
f 381//328 347//305 348//261
f 381//328 348//261 382//329
f 382//329 348//261 349//193
f 382//329 349//193 383//330
f 383//330 349//193 350//306
f 383//330 350//306 384//331
f 384//331 350//306 351//307
f 384//331 351//307 385//332
f 385//332 351//307 352//265
f 385//332 352//265 386//333
f 386//333 352//265 353//308
f 386//333 353//308 387//334
f 387//334 353//308 354//198
f 387//334 354//198 388//335
f 388//335 354//198 355//267
f 388//335 355//267 389//336
f 389//336 355//267 356//309
f 389//336 356//309 390//337
f 390//337 356//309 357//310
f 390//337 357//310 391//338
f 391//338 357//310 358//311
f 391//338 358//311 392//339
f 392//339 358//311 359//270
f 392//339 359//270 393//340
f 393//340 359//270 360//312
f 393//340 360//312 394//341
f 394//341 360//312 361//205
f 394//341 361//205 395//342
f 395//342 361//205 362//206
f 395//342 362//206 396//343
f 396//343 362//206 363//313
f 396//343 363//313 397//344
f 397//344 363//313 364//314
f 397//344 364//314 398//345
f 398//345 364//314 365//315
f 398//345 365//315 399//346
f 399//346 365//315 366//276
f 399//346 366//276 400//347
f 400//347 366//276 367//277
f 400//347 367//277 401//348
f 401//348 367//277 368//278
f 401//348 368//278 402//349
f 402//349 368//278 333//249
f 402//349 333//249 403//350
f 403//350 333//249 334//250
f 403//350 334//250 404//351
f 404//351 334//250 335//179
f 404//351 335//179 369//316
f 369//316 335//179 336//252
f 405//352 401//348 402//349
f 405//352 406//353 401//348
f 401//348 406//353 407//354
f 401//348 407//354 400//347
f 407//354 408//355 400//347
f 400//347 408//355 409//356
f 400//347 409//356 399//346
f 409//356 410//357 399//346
f 399//346 410//357 411//358
f 399//346 411//358 398//345
f 411//358 412//359 398//345
f 398//345 412//359 413//360
f 398//345 413//360 397//344
f 413//360 414//361 397//344
f 397//344 414//361 415//362
f 397//344 415//362 396//343
f 415//362 416//363 396//343
f 396//343 416//363 417//364
f 396//343 417//364 395//342
f 417//364 418//365 395//342
f 395//342 418//365 419//366
f 395//342 419//366 394//341
f 419//366 420//367 394//341
f 394//341 420//367 421//368
f 394//341 421//368 393//340
f 421//368 422//369 393//340
f 393//340 422//369 423//370
f 393//340 423//370 392//339
f 423//370 424//371 392//339
f 392//339 424//371 425//372
f 392//339 425//372 391//338
f 425//372 426//373 391//338
f 391//338 426//373 427//374
f 391//338 427//374 390//337
f 427//374 428//375 390//337
f 390//337 428//375 429//376
f 390//337 429//376 389//336
f 429//376 430//377 389//336
f 389//336 430//377 431//378
f 389//336 431//378 388//335
f 431//378 432//379 388//335
f 388//335 432//379 433//380
f 388//335 433//380 387//334
f 433//380 434//381 387//334
f 387//334 434//381 435//382
f 387//334 435//382 386//333
f 435//382 436//383 386//333
f 386//333 436//383 437//384
f 386//333 437//384 385//332
f 437//384 438//385 385//332
f 385//332 438//385 439//386
f 385//332 439//386 384//331
f 439//386 440//387 384//331
f 384//331 440//387 441//388
f 384//331 441//388 383//330
f 441//388 442//389 383//330
f 383//330 442//389 443//390
f 383//330 443//390 382//329
f 443//390 444//391 382//329
f 382//329 444//391 445//392
f 382//329 445//392 381//328
f 445//392 446//393 381//328
f 381//328 446//393 447//394
f 381//328 447//394 380//327
f 447//394 448//395 380//327
f 380//327 448//395 449//396
f 380//327 449//396 379//326
f 449//396 450//397 379//326
f 379//326 450//397 451//398
f 379//326 451//398 378//325
f 451//398 452//399 378//325
f 378//325 452//399 453//400
f 378//325 453//400 377//324
f 453//400 454//401 377//324
f 377//324 454//401 455//402
f 377//324 455//402 376//323
f 455//402 456//403 376//323
f 376//323 456//403 457//404
f 376//323 457//404 375//322
f 457//404 458//405 375//322
f 375//322 458//405 459//406
f 375//322 459//406 374//321
f 459//406 460//407 374//321
f 374//321 460//407 461//408
f 374//321 461//408 373//320
f 461//408 462//409 373//320
f 373//320 462//409 463//410
f 373//320 463//410 372//319
f 463//410 464//411 372//319
f 372//319 464//411 465//412
f 372//319 465//412 371//318
f 465//412 466//413 371//318
f 371//318 466//413 467//414
f 371//318 467//414 370//317
f 467//414 468//415 370//317
f 370//317 468//415 469//416
f 370//317 469//416 369//316
f 469//416 470//417 369//316
f 369//316 470//417 471//418
f 369//316 471//418 404//351
f 471//418 472//419 404//351
f 404//351 472//419 473//420
f 404//351 473//420 403//350
f 473//420 474//421 403//350
f 403//350 474//421 475//422
f 403//350 475//422 402//349
f 402//349 475//422 476//423
f 402//349 476//423 405//352
f 420//367 419//366 477//424
f 478//425 407//354 479//426
f 479//426 407//354 406//353
f 480//427 481//428 411//358
f 411//358 410//357 480//427
f 480//427 410//357 409//356
f 480//427 409//356 478//425
f 478//425 409//356 408//355
f 478//425 408//355 407//354
f 482//429 483//430 415//362
f 415//362 414//361 482//429
f 482//429 414//361 413//360
f 482//429 413//360 481//428
f 481//428 413//360 412//359
f 481//428 412//359 411//358
f 477//424 419//366 484//431
f 419//366 418//365 484//431
f 484//431 418//365 417//364
f 484//431 417//364 483//430
f 483//430 417//364 416//363
f 483//430 416//363 415//362
f 420//367 477//424 421//368
f 421//368 477//424 485//432
f 421//368 485//432 422//369
f 422//369 485//432 486//433
f 422//369 486//433 423//370
f 423//370 486//433 424//371
f 424//371 486//433 487//434
f 424//371 487//434 425//372
f 425//372 487//434 426//373
f 426//373 487//434 488//435
f 426//373 488//435 427//374
f 427//374 488//435 428//375
f 428//375 488//435 489//436
f 428//375 489//436 429//376
f 429//376 489//436 430//377
f 430//377 489//436 490//437
f 430//377 490//437 431//378
f 431//378 490//437 432//379
f 432//379 490//437 491//438
f 432//379 491//438 433//380
f 433//380 491//438 434//381
f 434//381 491//438 492//439
f 434//381 492//439 435//382
f 435//382 492//439 436//383
f 436//383 492//439 493//440
f 436//383 493//440 437//384
f 437//384 493//440 438//385
f 438//385 493//440 494//441
f 438//385 494//441 439//386
f 439//386 494//441 495//442
f 439//386 495//442 440//387
f 440//387 495//442 496//443
f 440//387 496//443 441//388
f 497//444 443//390 496//443
f 496//443 443//390 442//389
f 496//443 442//389 441//388
f 498//445 499//446 447//394
f 447//394 446//393 498//445
f 498//445 446//393 445//392
f 498//445 445//392 497//444
f 497//444 445//392 444//391
f 497//444 444//391 443//390
f 500//447 501//448 451//398
f 451//398 450//397 500//447
f 500//447 450//397 449//396
f 500//447 449//396 499//446
f 499//446 449//396 448//395
f 499//446 448//395 447//394
f 502//449 503//450 455//402
f 455//402 454//401 502//449
f 502//449 454//401 453//400
f 502//449 453//400 501//448
f 501//448 453//400 452//399
f 501//448 452//399 451//398
f 504//451 458//405 505//452
f 505//452 458//405 457//404
f 505//452 457//404 503//450
f 503//450 457//404 456//403
f 503//450 456//403 455//402
f 506//453 460//407 504//451
f 504//451 460//407 459//406
f 504//451 459//406 458//405
f 507//454 462//409 506//453
f 506//453 462//409 461//408
f 506//453 461//408 460//407
f 508//455 464//411 507//454
f 507//454 464//411 463//410
f 507//454 463//410 462//409
f 509//456 466//413 508//455
f 508//455 466//413 465//412
f 508//455 465//412 464//411
f 510//457 468//415 509//456
f 509//456 468//415 467//414
f 509//456 467//414 466//413
f 511//458 470//417 510//457
f 510//457 470//417 469//416
f 510//457 469//416 468//415
f 512//459 472//419 511//458
f 511//458 472//419 471//418
f 511//458 471//418 470//417
f 406//353 405//352 479//426
f 479//426 405//352 476//423
f 479//426 476//423 513//460
f 513//460 476//423 475//422
f 513//460 475//422 514//461
f 514//461 475//422 474//421
f 514//461 474//421 512//459
f 512//459 474//421 473//420
f 512//459 473//420 472//419
f 515//462 506//453 516//463
f 516//463 506//453 504//451
f 516//463 504//451 517//464
f 517//464 504//451 505//452
f 517//464 505//452 518//465
f 518//465 505//452 503//450
f 518//465 503//450 519//466
f 519//466 503//450 502//449
f 519//466 502//449 520//467
f 520//467 502//449 501//448
f 520//467 501//448 521//468
f 521//468 501//448 500//447
f 521//468 500//447 522//469
f 522//469 500//447 499//446
f 522//469 499//446 523//470
f 523//470 499//446 498//445
f 523//470 498//445 524//471
f 524//471 498//445 497//444
f 524//471 497//444 525//472
f 525//472 497//444 496//443
f 525//472 496//443 526//473
f 526//473 496//443 495//442
f 526//473 495//442 527//474
f 527//474 495//442 494//441
f 527//474 494//441 528//475
f 528//475 494//441 493//440
f 528//475 493//440 529//476
f 529//476 493//440 492//439
f 529//476 492//439 530//477
f 530//477 492//439 491//438
f 530//477 491//438 531//478
f 531//478 491//438 490//437
f 531//478 490//437 532//479
f 532//479 490//437 489//436
f 532//479 489//436 533//480
f 533//480 489//436 488//435
f 533//480 488//435 534//481
f 534//481 488//435 487//434
f 534//481 487//434 535//482
f 535//482 487//434 486//433
f 535//482 486//433 536//483
f 536//483 486//433 485//432
f 536//483 485//432 537//484
f 537//484 485//432 477//424
f 537//484 477//424 538//485
f 538//485 477//424 484//431
f 538//485 484//431 539//486
f 539//486 484//431 483//430
f 539//486 483//430 540//487
f 540//487 483//430 482//429
f 540//487 482//429 541//488
f 541//488 482//429 481//428
f 541//488 481//428 542//489
f 542//489 481//428 480//427
f 542//489 480//427 543//490
f 543//490 480//427 478//425
f 543//490 478//425 544//491
f 544//491 478//425 479//426
f 544//491 479//426 545//492
f 545//492 479//426 513//460
f 545//492 513//460 546//493
f 546//493 513//460 514//461
f 546//493 514//461 547//494
f 547//494 514//461 512//459
f 547//494 512//459 548//495
f 548//495 512//459 511//458
f 548//495 511//458 549//496
f 549//496 511//458 510//457
f 549//496 510//457 550//497
f 550//497 510//457 509//456
f 550//497 509//456 551//498
f 551//498 509//456 508//455
f 551//498 508//455 552//499
f 552//499 508//455 507//454
f 552//499 507//454 515//462
f 515//462 507//454 506//453
f 553//500 546//493 554//501
f 554//501 546//493 547//494
f 554//501 547//494 555//502
f 555//502 547//494 548//495
f 555//502 548//495 556//503
f 556//503 548//495 549//496
f 556//503 549//496 557//504
f 557//504 549//496 550//497
f 557//504 550//497 558//505
f 558//505 550//497 551//498
f 558//505 551//498 559//506
f 559//506 551//498 552//499
f 559//506 552//499 560//507
f 560//507 552//499 515//462
f 560//507 515//462 561//508
f 561//508 515//462 516//463
f 561//508 516//463 562//509
f 562//509 516//463 517//464
f 562//509 517//464 563//510
f 563//510 517//464 518//465
f 563//510 518//465 564//511
f 564//511 518//465 519//466
f 564//511 519//466 565//512
f 565//512 519//466 520//467
f 565//512 520//467 566//513
f 566//513 520//467 521//468
f 566//513 521//468 567//514
f 567//514 521//468 522//469
f 567//514 522//469 568//515
f 568//515 522//469 523//470
f 568//515 523//470 569//516
f 569//516 523//470 524//471
f 569//516 524//471 570//517
f 570//517 524//471 525//472
f 570//517 525//472 571//518
f 571//518 525//472 526//473
f 571//518 526//473 572//519
f 572//519 526//473 527//474
f 572//519 527//474 573//520
f 573//520 527//474 528//475
f 573//520 528//475 574//521
f 574//521 528//475 529//476
f 574//521 529//476 575//522
f 575//522 529//476 530//477
f 575//522 530//477 576//523
f 576//523 530//477 531//478
f 576//523 531//478 577//524
f 577//524 531//478 532//479
f 577//524 532//479 578//525
f 578//525 532//479 533//480
f 578//525 533//480 579//526
f 579//526 533//480 534//481
f 579//526 534//481 580//527
f 580//527 534//481 535//482
f 580//527 535//482 581//528
f 581//528 535//482 536//483
f 581//528 536//483 582//529
f 582//529 536//483 537//484
f 582//529 537//484 583//530
f 583//530 537//484 538//485
f 583//530 538//485 584//531
f 584//531 538//485 539//486
f 584//531 539//486 585//532
f 585//532 539//486 540//487
f 585//532 540//487 586//533
f 586//533 540//487 541//488
f 586//533 541//488 587//534
f 587//534 541//488 542//489
f 587//534 542//489 588//535
f 588//535 542//489 543//490
f 588//535 543//490 589//536
f 589//536 543//490 544//491
f 589//536 544//491 590//537
f 590//537 544//491 545//492
f 590//537 545//492 553//500
f 553//500 545//492 546//493
f 591//538 561//508 592//539
f 592//539 561//508 562//509
f 592//539 562//509 593//464
f 593//464 562//509 563//510
f 593//464 563//510 594//540
f 594//540 563//510 564//511
f 594//540 564//511 595//541
f 595//541 564//511 565//512
f 595//541 565//512 596//467
f 596//467 565//512 566//513
f 596//467 566//513 597//468
f 597//468 566//513 567//514
f 597//468 567//514 598//542
f 598//542 567//514 568//515
f 598//542 568//515 599//543
f 599//543 568//515 569//516
f 599//543 569//516 600//544
f 600//544 569//516 570//517
f 600//544 570//517 601//545
f 601//545 570//517 571//518
f 601//545 571//518 602//546
f 602//546 571//518 572//519
f 602//546 572//519 603//547
f 603//547 572//519 573//520
f 603//547 573//520 604//548
f 604//548 573//520 574//521
f 604//548 574//521 605//476
f 605//476 574//521 575//522
f 605//476 575//522 606//549
f 606//549 575//522 576//523
f 606//549 576//523 607//478
f 607//478 576//523 577//524
f 607//478 577//524 608//479
f 608//479 577//524 578//525
f 608//479 578//525 609//550
f 609//550 578//525 579//526
f 609//550 579//526 610//481
f 610//481 579//526 580//527
f 610//481 580//527 611//551
f 611//551 580//527 581//528
f 611//551 581//528 612//552
f 612//552 581//528 582//529
f 612//552 582//529 613//553
f 613//553 582//529 583//530
f 613//553 583//530 614//554
f 614//554 583//530 584//531
f 614//554 584//531 615//555
f 615//555 584//531 585//532
f 615//555 585//532 616//556
f 616//556 585//532 586//533
f 616//556 586//533 617//557
f 617//557 586//533 587//534
f 617//557 587//534 618//489
f 618//489 587//534 588//535
f 618//489 588//535 619//490
f 619//490 588//535 589//536
f 619//490 589//536 620//491
f 620//491 589//536 590//537
f 620//491 590//537 621//558
f 621//558 590//537 553//500
f 621//558 553//500 622//493
f 622//493 553//500 554//501
f 622//493 554//501 623//494
f 623//494 554//501 555//502
f 623//494 555//502 624//495
f 624//495 555//502 556//503
f 624//495 556//503 625//559
f 625//559 556//503 557//504
f 625//559 557//504 626//497
f 626//497 557//504 558//505
f 626//497 558//505 627//560
f 627//560 558//505 559//506
f 627//560 559//506 628//561
f 628//561 559//506 560//507
f 628//561 560//507 591//538
f 591//538 560//507 561//508
f 629//562 622//493 630//563
f 630//563 622//493 623//494
f 630//563 623//494 631//564
f 631//564 623//494 624//495
f 631//564 624//495 632//565
f 632//565 624//495 625//559
f 632//565 625//559 633//566
f 633//566 625//559 626//497
f 633//566 626//497 634//505
f 634//505 626//497 627//560
f 634//505 627//560 635//506
f 635//506 627//560 628//561
f 635//506 628//561 636//567
f 636//567 628//561 591//538
f 636//567 591//538 637//568
f 637//568 591//538 592//539
f 637//568 592//539 638//569
f 638//569 592//539 593//464
f 638//569 593//464 639//570
f 639//570 593//464 594//540
f 639//570 594//540 640//571
f 640//571 594//540 595//541
f 640//571 595//541 641//572
f 641//572 595//541 596//467
f 641//572 596//467 642//573
f 642//573 596//467 597//468
f 642//573 597//468 643//514
f 643//514 597//468 598//542
f 643//514 598//542 644//574
f 644//574 598//542 599//543
f 644//574 599//543 645//575
f 645//575 599//543 600//544
f 645//575 600//544 646//576
f 646//576 600//544 601//545
f 646//576 601//545 647//577
f 647//577 601//545 602//546
f 647//577 602//546 648//578
f 648//578 602//546 603//547
f 648//578 603//547 649//520
f 649//520 603//547 604//548
f 649//520 604//548 650//579
f 650//579 604//548 605//476
f 650//579 605//476 651//580
f 651//580 605//476 606//549
f 651//580 606//549 652//581
f 652//581 606//549 607//478
f 652//581 607//478 653//582
f 653//582 607//478 608//479
f 653//582 608//479 654//583
f 654//583 608//479 609//550
f 654//583 609//550 655//584
f 655//584 609//550 610//481
f 655//584 610//481 656//527
f 656//527 610//481 611//551
f 656//527 611//551 657//585
f 657//585 611//551 612//552
f 657//585 612//552 658//529
f 658//529 612//552 613//553
f 658//529 613//553 659//530
f 659//530 613//553 614//554
f 659//530 614//554 660//586
f 660//586 614//554 615//555
f 660//586 615//555 661//587
f 661//587 615//555 616//556
f 661//587 616//556 662//588
f 662//588 616//556 617//557
f 662//588 617//557 663//534
f 663//534 617//557 618//489
f 663//534 618//489 664//535
f 664//535 618//489 619//490
f 664//535 619//490 665//589
f 665//589 619//490 620//491
f 665//589 620//491 666//537
f 666//537 620//491 621//558
f 666//537 621//558 629//562
f 629//562 621//558 622//493
f 667//590 639//570 668//88
f 668//88 639//570 640//571
f 668//88 640//571 669//591
f 669//591 640//571 641//572
f 669//591 641//572 670//90
f 670//90 641//572 642//573
f 670//90 642//573 671//91
f 671//91 642//573 643//514
f 671//91 643//514 672//592
f 672//592 643//514 644//574
f 672//592 644//574 673//593
f 673//593 644//574 645//575
f 673//593 645//575 674//40
f 674//40 645//575 646//576
f 674//40 646//576 675//594
f 675//594 646//576 647//577
f 675//594 647//577 676//44
f 676//44 647//577 648//578
f 676//44 648//578 677//46
f 677//46 648//578 649//520
f 677//46 649//520 678//96
f 678//96 649//520 650//579
f 678//96 650//579 679//50
f 679//50 650//579 651//580
f 679//50 651//580 680//595
f 680//595 651//580 652//581
f 680//595 652//581 681//99
f 681//99 652//581 653//582
f 681//99 653//582 682//596
f 682//596 653//582 654//583
f 682//596 654//583 683//597
f 683//597 654//583 655//584
f 683//597 655//584 684//598
f 684//598 655//584 656//527
f 684//598 656//527 685//599
f 656//527 657//585 685//599
f 685//599 657//585 658//529
f 685//599 658//529 686//600
f 686//600 658//529 659//530
f 686//600 659//530 687//66
f 687//66 659//530 660//586
f 687//66 660//586 688//68
f 688//68 660//586 661//587
f 688//68 661//587 689//601
f 689//601 661//587 662//588
f 689//601 662//588 690//72
f 690//72 662//588 663//534
f 690//72 663//534 691//602
f 691//602 663//534 664//535
f 691//602 664//535 692//76
f 692//76 664//535 665//589
f 692//76 665//589 693//81
f 693//81 665//589 666//537
f 693//81 666//537 694//603
f 694//603 666//537 629//562
f 694//603 629//562 695//604
f 695//604 629//562 630//563
f 695//604 630//563 696//83
f 696//83 630//563 631//564
f 696//83 631//564 697//14
f 697//14 631//564 632//565
f 697//14 632//565 698//85
f 698//85 632//565 633//566
f 698//85 633//566 699//605
f 699//605 633//566 634//505
f 699//605 634//505 700//606
f 700//606 634//505 635//506
f 700//606 635//506 701//607
f 701//607 635//506 636//567
f 701//607 636//567 702//24
f 702//24 636//567 637//568
f 702//24 637//568 667//590
f 667//590 637//568 638//569
f 667//590 638//569 639//570
f 703//608 695//604 704//609
f 704//609 695//604 696//83
f 704//609 696//83 705//125
f 705//125 696//83 697//14
f 705//125 697//14 706//610
f 706//610 697//14 698//85
f 706//610 698//85 707//611
f 707//611 698//85 699//605
f 707//611 699//605 708//612
f 708//612 699//605 700//606
f 708//612 700//606 709//613
f 709//613 700//606 701//607
f 709//613 701//607 710//614
f 710//614 701//607 702//24
f 710//614 702//24 711//615
f 711//615 702//24 667//590
f 711//615 667//590 712//132
f 712//132 667//590 668//88
f 712//132 668//88 713//616
f 713//616 668//88 669//591
f 713//616 669//591 714//617
f 714//617 669//591 670//90
f 714//617 670//90 715//618
f 715//618 670//90 671//91
f 715//618 671//91 716//136
f 716//136 671//91 672//592
f 716//136 672//592 717//137
f 717//137 672//592 673//593
f 717//137 673//593 718//619
f 718//619 673//593 674//40
f 718//619 674//40 719//139
f 719//139 674//40 675//594
f 719//139 675//594 720//620
f 720//620 675//594 676//44
f 720//620 676//44 721//621
f 721//621 676//44 677//46
f 721//621 677//46 722//622
f 722//622 677//46 678//96
f 722//622 678//96 723//623
f 723//623 678//96 679//50
f 723//623 679//50 724//108
f 724//108 679//50 680//595
f 724//108 680//595 725//109
f 725//109 680//595 681//99
f 725//109 681//99 726//624
f 726//624 681//99 682//596
f 726//624 682//596 727//625
f 727//625 682//596 683//597
f 727//625 683//597 728//112
f 728//112 683//597 684//598
f 728//112 684//598 729//626
f 729//626 684//598 685//599
f 729//626 685//599 730//114
f 730//114 685//599 686//600
f 730//114 686//600 731//627
f 731//627 686//600 687//66
f 731//627 687//66 732//628
f 732//628 687//66 688//68
f 732//628 688//68 733//629
f 733//629 688//68 689//601
f 733//629 689//601 734//630
f 734//630 689//601 690//72
f 734//630 690//72 735//631
f 735//631 690//72 691//602
f 735//631 691//602 736//632
f 736//632 691//602 692//76
f 736//632 692//76 737//633
f 737//633 692//76 693//81
f 737//633 693//81 738//634
f 738//634 693//81 694//603
f 738//634 694//603 703//608
f 703//608 694//603 695//604
f 76//76 74//74 2//2
f 2//2 74//74 72//72
f 64//64 62//62 4//4
f 4//4 62//62 60//60
f 30//30 739//635 32//32
f 32//32 739//635 740//636
f 30//30 28//28 739//635
f 739//635 28//28 26//26
f 739//635 26//26 24//24
f 12//12 8//8 14//14
f 14//14 8//8 16//16
f 12//12 10//10 8//8
f 8//8 10//10 80//80
f 8//8 80//80 2//2
f 2//2 80//80 78//78
f 2//2 78//78 76//76
f 72//72 70//70 2//2
f 2//2 70//70 68//68
f 2//2 68//68 4//4
f 4//4 68//68 66//66
f 4//4 66//66 64//64
f 60//60 58//58 4//4
f 4//4 58//58 56//56
f 4//4 56//56 6//6
f 6//6 56//56 54//54
f 24//24 22//22 739//635
f 739//635 22//22 20//20
f 739//635 20//20 8//8
f 8//8 20//20 18//18
f 8//8 18//18 16//16
f 54//54 52//52 6//6
f 6//6 52//52 50//50
f 6//6 50//50 48//48
f 740//636 40//40 38//38
f 48//48 46//46 6//6
f 6//6 46//46 44//44
f 6//6 44//44 740//636
f 740//636 44//44 42//42
f 740//636 42//42 40//40
f 38//38 36//36 740//636
f 740//636 36//36 34//34
f 740//636 34//34 32//32
f 717//137 718//619 741//637
f 741//637 718//619 719//139
f 722//622 5//5 721//621
f 721//621 5//5 741//637
f 721//621 741//637 720//620
f 720//620 741//637 719//139
f 729//626 730//114 3//3
f 3//3 730//114 731//627
f 722//622 723//623 5//5
f 5//5 723//623 724//108
f 5//5 724//108 725//109
f 725//109 726//624 5//5
f 5//5 726//624 727//625
f 5//5 727//625 3//3
f 3//3 727//625 728//112
f 3//3 728//112 729//626
f 735//631 736//632 1//1
f 1//1 736//632 737//633
f 731//627 732//628 3//3
f 3//3 732//628 733//629
f 3//3 733//629 1//1
f 1//1 733//629 734//630
f 1//1 734//630 735//631
f 707//611 7//7 706//610
f 706//610 7//7 705//125
f 737//633 738//634 1//1
f 1//1 738//634 703//608
f 1//1 703//608 7//7
f 7//7 703//608 704//609
f 7//7 704//609 705//125
f 711//615 712//132 742//638
f 742//638 712//132 713//616
f 713//616 714//617 742//638
f 742//638 714//617 715//618
f 742//638 715//618 741//637
f 741//637 715//618 716//136
f 741//637 716//136 717//137
f 707//611 708//612 7//7
f 7//7 708//612 709//613
f 7//7 709//613 742//638
f 742//638 709//613 710//614
f 742//638 710//614 711//615
f 742//638 739//635 7//7
f 7//7 739//635 8//8
f 5//5 6//6 741//637
f 741//637 6//6 740//636
f 741//637 740//636 742//638
f 742//638 740//636 739//635
f 743//639 744//640 745//641
f 745//641 744//640 746//642
f 745//641 746//642 747//643
f 747//643 746//642 748//644
f 747//643 748//644 749//645
f 749//645 748//644 750//646
f 749//645 750//646 751//647
f 751//647 750//646 752//648
f 751//647 752//648 753//649
f 753//649 752//648 754//650
f 753//649 754//650 755//651
f 755//651 754//650 756//652
f 755//651 756//652 757//653
f 757//653 756//652 758//654
f 757//653 758//654 759//655
f 759//655 758//654 760//656
f 759//655 760//656 761//657
f 761//657 760//656 762//658
f 761//657 762//658 763//659
f 763//659 762//658 764//660
f 763//659 764//660 765//661
f 765//661 764//660 766//662
f 765//661 766//662 767//663
f 767//663 766//662 768//664
f 767//663 768//664 769//665
f 769//665 768//664 770//666
f 769//665 770//666 771//667
f 771//667 770//666 772//668
f 771//667 772//668 773//669
f 773//669 772//668 774//670
f 773//669 774//670 775//671
f 775//671 774//670 776//672
f 775//671 776//672 777//673
f 777//673 776//672 778//674
f 777//673 778//674 779//675
f 779//675 778//674 780//676
f 779//675 780//676 781//677
f 781//677 780//676 782//678
f 781//677 782//678 783//679
f 783//679 782//678 784//680
f 783//679 784//680 785//681
f 785//681 784//680 786//682
f 785//681 786//682 787//683
f 787//683 786//682 788//684
f 787//683 788//684 789//685
f 789//685 788//684 790//686
f 789//685 790//686 791//687
f 791//687 790//686 792//688
f 791//687 792//688 793//689
f 793//689 792//688 794//690
f 793//689 794//690 795//691
f 795//691 794//690 796//692
f 795//691 796//692 797//693
f 797//693 796//692 798//694
f 797//693 798//694 799//695
f 799//695 798//694 800//696
f 799//695 800//696 801//697
f 801//697 800//696 802//698
f 801//697 802//698 803//699
f 803//699 802//698 804//700
f 803//699 804//700 805//701
f 805//701 804//700 806//702
f 805//701 806//702 807//703
f 807//703 806//702 808//704
f 807//703 808//704 809//705
f 809//705 808//704 810//706
f 809//705 810//706 811//707
f 811//707 810//706 812//708
f 811//707 812//708 813//709
f 813//709 812//708 814//710
f 813//709 814//710 743//639
f 743//639 814//710 744//640
f 815//711 746//642 816//712
f 816//712 746//642 744//640
f 816//712 744//640 817//713
f 817//713 744//640 814//710
f 817//713 814//710 818//714
f 818//714 814//710 812//708
f 818//714 812//708 819//715
f 819//715 812//708 810//706
f 819//715 810//706 820//716
f 820//716 810//706 808//704
f 820//716 808//704 821//717
f 821//717 808//704 806//702
f 821//717 806//702 822//718
f 822//718 806//702 804//700
f 822//718 804//700 823//719
f 823//719 804//700 802//698
f 823//719 802//698 824//720
f 824//720 802//698 800//696
f 824//720 800//696 825//721
f 825//721 800//696 798//694
f 825//721 798//694 826//722
f 826//722 798//694 796//692
f 826//722 796//692 827//723
f 827//723 796//692 794//690
f 827//723 794//690 828//724
f 828//724 794//690 792//688
f 828//724 792//688 829//725
f 829//725 792//688 790//686
f 829//725 790//686 830//726
f 830//726 790//686 788//684
f 830//726 788//684 831//727
f 831//727 788//684 786//682
f 831//727 786//682 832//728
f 832//728 786//682 784//680
f 832//728 784//680 833//729
f 833//729 784//680 782//678
f 833//729 782//678 834//730
f 834//730 782//678 780//676
f 834//730 780//676 835//731
f 835//731 780//676 778//674
f 835//731 778//674 836//732
f 836//732 778//674 776//672
f 836//732 776//672 837//733
f 837//733 776//672 774//670
f 837//733 774//670 838//734
f 838//734 774//670 772//668
f 838//734 772//668 839//735
f 839//735 772//668 770//666
f 839//735 770//666 840//736
f 840//736 770//666 768//664
f 840//736 768//664 841//737
f 841//737 768//664 766//662
f 841//737 766//662 842//738
f 842//738 766//662 764//660
f 842//738 764//660 843//739
f 843//739 764//660 762//658
f 843//739 762//658 844//740
f 844//740 762//658 760//656
f 844//740 760//656 845//741
f 845//741 760//656 758//654
f 845//741 758//654 846//742
f 846//742 758//654 756//652
f 846//742 756//652 847//743
f 847//743 756//652 754//650
f 847//743 754//650 848//744
f 848//744 754//650 752//648
f 848//744 752//648 849//745
f 849//745 752//648 750//646
f 849//745 750//646 850//746
f 850//746 750//646 748//644
f 850//746 748//644 815//711
f 815//711 748//644 746//642
f 851//747 852//748 853//749
f 853//749 852//748 854//750
f 853//749 854//750 855//751
f 855//751 854//750 856//752
f 855//751 856//752 857//753
f 857//753 856//752 858//754
f 857//753 858//754 859//755
f 859//755 858//754 860//756
f 859//755 860//756 861//757
f 861//757 860//756 862//758
f 861//757 862//758 863//759
f 863//759 862//758 864//760
f 863//759 864//760 865//761
f 865//761 864//760 866//762
f 865//761 866//762 867//763
f 867//763 866//762 868//764
f 867//763 868//764 869//765
f 869//765 868//764 870//766
f 869//765 870//766 871//767
f 871//767 870//766 872//768
f 871//767 872//768 873//769
f 873//769 872//768 874//770
f 873//769 874//770 875//771
f 875//771 874//770 876//772
f 875//771 876//772 877//773
f 877//773 876//772 878//774
f 877//773 878//774 879//775
f 879//775 878//774 880//776
f 879//775 880//776 881//777
f 881//777 880//776 882//778
f 881//777 882//778 883//779
f 883//779 882//778 884//780
f 883//779 884//780 885//781
f 885//781 884//780 886//782
f 885//781 886//782 887//783
f 887//783 886//782 888//784
f 887//783 888//784 889//785
f 889//785 888//784 890//786
f 889//785 890//786 891//787
f 891//787 890//786 892//788
f 891//787 892//788 893//789
f 893//789 892//788 894//790
f 893//789 894//790 895//791
f 895//791 894//790 896//792
f 895//791 896//792 897//793
f 897//793 896//792 898//794
f 897//793 898//794 899//795
f 899//795 898//794 900//796
f 899//795 900//796 901//797
f 901//797 900//796 902//798
f 901//797 902//798 903//799
f 903//799 902//798 904//800
f 903//799 904//800 905//801
f 905//801 904//800 906//802
f 905//801 906//802 907//803
f 907//803 906//802 908//804
f 907//803 908//804 909//805
f 909//805 908//804 910//806
f 909//805 910//806 911//807
f 911//807 910//806 912//808
f 911//807 912//808 913//809
f 913//809 912//808 914//810
f 913//809 914//810 915//811
f 915//811 914//810 916//812
f 915//811 916//812 917//813
f 917//813 916//812 918//814
f 917//813 918//814 919//815
f 919//815 918//814 920//816
f 919//815 920//816 921//817
f 921//817 920//816 922//818
f 921//817 922//818 923//819
f 923//819 922//818 924//820
f 923//819 924//820 851//747
f 851//747 924//820 852//748
f 925//821 926//822 927//823
f 925//821 927//823 928//824
f 926//822 925//821 929//825
f 929//825 925//821 930//826
f 929//825 930//826 931//827
f 931//827 930//826 932//828
f 932//828 930//826 933//829
f 932//828 933//829 934//830
f 934//830 933//829 935//831
f 935//831 933//829 936//832
f 935//831 936//832 937//833
f 937//833 936//832 938//834
f 938//834 936//832 939//835
f 938//834 939//835 940//836
f 940//836 939//835 941//837
f 941//837 939//835 942//838
f 941//837 942//838 943//839
f 943//839 942//838 944//840
f 944//840 942//838 945//841
f 944//840 945//841 946//842
f 946//842 945//841 947//843
f 947//843 945//841 948//844
f 947//843 948//844 949//845
f 949//845 948//844 950//846
f 950//846 948//844 951//847
f 950//846 951//847 952//848
f 952//848 951//847 953//849
f 953//849 951//847 954//850
f 953//849 954//850 955//851
f 955//851 954//850 956//852
f 956//852 954//850 957//853
f 956//852 957//853 958//854
f 958//854 957//853 959//855
f 959//855 957//853 960//856
f 959//855 960//856 961//857
f 961//857 960//856 962//858
f 962//858 960//856 963//859
f 962//858 963//859 964//860
f 964//860 963//859 965//861
f 965//861 963//859 966//862
f 965//861 966//862 967//863
f 967//863 966//862 968//864
f 968//864 966//862 969//865
f 968//864 969//865 970//866
f 970//866 969//865 971//867
f 971//867 969//865 972//868
f 971//867 972//868 973//869
f 973//869 972//868 974//870
f 974//870 972//868 975//871
f 974//870 975//871 976//872
f 976//872 975//871 977//873
f 977//873 975//871 978//874
f 977//873 978//874 979//875
f 979//875 978//874 980//876
f 980//876 978//874 981//877
f 980//876 981//877 982//878
f 982//878 981//877 983//879
f 983//879 981//877 984//880
f 983//879 984//880 985//881
f 985//881 984//880 986//882
f 986//882 984//880 987//883
f 986//882 987//883 988//884
f 988//884 987//883 989//885
f 989//885 987//883 990//886
f 989//885 990//886 991//887
f 991//887 990//886 992//888
f 992//888 990//886 993//889
f 992//888 993//889 994//890
f 994//890 993//889 995//891
f 995//891 993//889 996//892
f 995//891 996//892 997//893
f 997//893 996//892 998//894
f 998//894 996//892 999//895
f 998//894 999//895 1000//896
f 1000//896 999//895 1001//897
f 1001//897 999//895 1002//898
f 1001//897 1002//898 1003//899
f 1004//900 1005//901 1006//902
f 1006//902 1007//903 1004//900
f 1004//900 1007//903 1008//904
f 1004//900 1008//904 1002//898
f 1002//898 1008//904 1009//905
f 1002//898 1009//905 1003//899
f 1010//906 1011//907 1012//908
f 1012//908 1013//909 1010//906
f 1010//906 1013//909 1014//910
f 1010//906 1014//910 1005//901
f 1005//901 1014//910 1015//911
f 1005//901 1015//911 1006//902
f 1016//912 1017//913 1018//914
f 1018//914 1019//915 1016//912
f 1016//912 1019//915 1020//916
f 1016//912 1020//916 1011//907
f 1011//907 1020//916 1021//917
f 1011//907 1021//917 1012//908
f 1022//918 1023//919 1024//920
f 1024//920 1025//921 1022//918
f 1022//918 1025//921 1026//922
f 1022//918 1026//922 1017//913
f 1017//913 1026//922 1027//923
f 1017//913 1027//923 1018//914
f 927//823 1028//924 928//824
f 928//824 1028//924 1029//925
f 928//824 1029//925 1030//926
f 1030//926 1029//925 1031//927
f 1030//926 1031//927 1023//919
f 1023//919 1031//927 1032//928
f 1023//919 1032//928 1024//920
f 1030//926 1033//929 928//824
f 928//824 1033//929 1034//930
f 928//824 1034//930 925//821
f 925//821 1034//930 1035//931
f 925//821 1035//931 930//826
f 930//826 1035//931 1036//932
f 930//826 1036//932 933//829
f 933//829 1036//932 1037//933
f 933//829 1037//933 936//832
f 936//832 1037//933 1038//934
f 936//832 1038//934 939//835
f 939//835 1038//934 1039//935
f 939//835 1039//935 942//838
f 942//838 1039//935 1040//936
f 942//838 1040//936 945//841
f 945//841 1040//936 1041//937
f 945//841 1041//937 948//844
f 948//844 1041//937 1042//938
f 948//844 1042//938 951//847
f 951//847 1042//938 1043//939
f 951//847 1043//939 954//850
f 954//850 1043//939 1044//940
f 954//850 1044//940 957//853
f 957//853 1044//940 1045//941
f 957//853 1045//941 960//856
f 960//856 1045//941 1046//942
f 960//856 1046//942 963//859
f 963//859 1046//942 1047//943
f 963//859 1047//943 966//862
f 966//862 1047//943 1048//944
f 966//862 1048//944 969//865
f 969//865 1048//944 1049//945
f 969//865 1049//945 972//868
f 972//868 1049//945 1050//946
f 972//868 1050//946 975//871
f 975//871 1050//946 1051//947
f 975//871 1051//947 978//874
f 978//874 1051//947 1052//948
f 978//874 1052//948 981//877
f 981//877 1052//948 1053//949
f 981//877 1053//949 984//880
f 984//880 1053//949 1054//950
f 984//880 1054//950 987//883
f 987//883 1054//950 1055//951
f 987//883 1055//951 990//886
f 990//886 1055//951 1056//952
f 990//886 1056//952 993//889
f 993//889 1056//952 1057//953
f 993//889 1057//953 996//892
f 996//892 1057//953 1058//954
f 996//892 1058//954 999//895
f 999//895 1058//954 1059//955
f 999//895 1059//955 1002//898
f 1002//898 1059//955 1060//956
f 1002//898 1060//956 1004//900
f 1004//900 1060//956 1061//957
f 1004//900 1061//957 1005//901
f 1005//901 1061//957 1062//958
f 1005//901 1062//958 1010//906
f 1010//906 1062//958 1063//959
f 1010//906 1063//959 1011//907
f 1011//907 1063//959 1064//960
f 1011//907 1064//960 1016//912
f 1016//912 1064//960 1065//961
f 1016//912 1065//961 1017//913
f 1017//913 1065//961 1066//962
f 1017//913 1066//962 1022//918
f 1022//918 1066//962 1067//963
f 1022//918 1067//963 1023//919
f 1023//919 1067//963 1068//964
f 1023//919 1068//964 1030//926
f 1030//926 1068//964 1033//929
f 1033//929 1069//965 1034//930
f 1034//930 1069//965 1070//966
f 1034//930 1070//966 1035//931
f 1035//931 1070//966 1071//967
f 1035//931 1071//967 1036//932
f 1036//932 1071//967 1072//968
f 1036//932 1072//968 1037//933
f 1037//933 1072//968 1073//969
f 1037//933 1073//969 1038//934
f 1038//934 1073//969 1074//970
f 1038//934 1074//970 1039//935
f 1039//935 1074//970 1075//971
f 1039//935 1075//971 1040//936
f 1040//936 1075//971 1076//972
f 1040//936 1076//972 1041//937
f 1041//937 1076//972 1077//973
f 1041//937 1077//973 1042//938
f 1042//938 1077//973 1078//974
f 1042//938 1078//974 1043//939
f 1043//939 1078//974 1079//975
f 1043//939 1079//975 1044//940
f 1044//940 1079//975 1080//976
f 1044//940 1080//976 1045//941
f 1045//941 1080//976 1081//977
f 1045//941 1081//977 1046//942
f 1046//942 1081//977 1082//978
f 1046//942 1082//978 1047//943
f 1047//943 1082//978 1083//979
f 1047//943 1083//979 1048//944
f 1048//944 1083//979 1084//980
f 1048//944 1084//980 1049//945
f 1049//945 1084//980 1085//981
f 1049//945 1085//981 1050//946
f 1050//946 1085//981 1086//982
f 1050//946 1086//982 1051//947
f 1051//947 1086//982 1087//983
f 1051//947 1087//983 1052//948
f 1052//948 1087//983 1088//984
f 1052//948 1088//984 1053//949
f 1053//949 1088//984 1089//985
f 1053//949 1089//985 1054//950
f 1054//950 1089//985 1090//986
f 1054//950 1090//986 1055//951
f 1055//951 1090//986 1091//987
f 1055//951 1091//987 1056//952
f 1056//952 1091//987 1092//988
f 1056//952 1092//988 1057//953
f 1057//953 1092//988 1093//989
f 1057//953 1093//989 1058//954
f 1058//954 1093//989 1094//990
f 1058//954 1094//990 1059//955
f 1059//955 1094//990 1095//991
f 1059//955 1095//991 1060//956
f 1060//956 1095//991 1096//992
f 1060//956 1096//992 1061//957
f 1061//957 1096//992 1097//993
f 1061//957 1097//993 1062//958
f 1062//958 1097//993 1098//994
f 1062//958 1098//994 1063//959
f 1063//959 1098//994 1099//995
f 1063//959 1099//995 1064//960
f 1064//960 1099//995 1100//996
f 1064//960 1100//996 1065//961
f 1065//961 1100//996 1101//997
f 1065//961 1101//997 1066//962
f 1066//962 1101//997 1102//998
f 1066//962 1102//998 1067//963
f 1067//963 1102//998 1103//999
f 1067//963 1103//999 1068//964
f 1068//964 1103//999 1104//1000
f 1068//964 1104//1000 1033//929
f 1033//929 1104//1000 1069//965
f 1069//965 1105//1001 1070//966
f 1070//966 1105//1001 1106//1002
f 1070//966 1106//1002 1071//967
f 1071//967 1106//1002 1107//1003
f 1071//967 1107//1003 1072//968
f 1072//968 1107//1003 1108//1004
f 1072//968 1108//1004 1073//969
f 1073//969 1108//1004 1109//1005
f 1073//969 1109//1005 1074//970
f 1074//970 1109//1005 1110//1006
f 1074//970 1110//1006 1075//971
f 1075//971 1110//1006 1111//1007
f 1075//971 1111//1007 1076//972
f 1076//972 1111//1007 1112//1008
f 1076//972 1112//1008 1077//973
f 1077//973 1112//1008 1113//1009
f 1077//973 1113//1009 1078//974
f 1078//974 1113//1009 1114//1010
f 1078//974 1114//1010 1079//975
f 1079//975 1114//1010 1115//1011
f 1079//975 1115//1011 1080//976
f 1080//976 1115//1011 1116//1012
f 1080//976 1116//1012 1081//977
f 1081//977 1116//1012 1117//1013
f 1081//977 1117//1013 1082//978
f 1082//978 1117//1013 1118//1014
f 1082//978 1118//1014 1083//979
f 1083//979 1118//1014 1119//1015
f 1083//979 1119//1015 1084//980
f 1084//980 1119//1015 1120//1016
f 1084//980 1120//1016 1085//981
f 1085//981 1120//1016 1121//1017
f 1085//981 1121//1017 1086//982
f 1086//982 1121//1017 1122//1018
f 1086//982 1122//1018 1087//983
f 1087//983 1122//1018 1123//1019
f 1087//983 1123//1019 1088//984
f 1088//984 1123//1019 1124//1020
f 1088//984 1124//1020 1089//985
f 1089//985 1124//1020 1125//1021
f 1089//985 1125//1021 1090//986
f 1090//986 1125//1021 1126//1022
f 1090//986 1126//1022 1091//987
f 1091//987 1126//1022 1127//1023
f 1091//987 1127//1023 1092//988
f 1092//988 1127//1023 1128//1024
f 1092//988 1128//1024 1093//989
f 1093//989 1128//1024 1129//1025
f 1093//989 1129//1025 1094//990
f 1094//990 1129//1025 1130//1026
f 1094//990 1130//1026 1095//991
f 1095//991 1130//1026 1131//1027
f 1095//991 1131//1027 1096//992
f 1096//992 1131//1027 1132//1028
f 1096//992 1132//1028 1097//993
f 1097//993 1132//1028 1133//1029
f 1097//993 1133//1029 1098//994
f 1098//994 1133//1029 1134//1030
f 1098//994 1134//1030 1099//995
f 1099//995 1134//1030 1135//1031
f 1099//995 1135//1031 1100//996
f 1100//996 1135//1031 1136//1032
f 1100//996 1136//1032 1101//997
f 1101//997 1136//1032 1137//1033
f 1101//997 1137//1033 1102//998
f 1102//998 1137//1033 1138//1034
f 1102//998 1138//1034 1103//999
f 1103//999 1138//1034 1139//1035
f 1103//999 1139//1035 1104//1000
f 1104//1000 1139//1035 1140//1036
f 1104//1000 1140//1036 1069//965
f 1069//965 1140//1036 1105//1001
f 1105//1001 1141//1037 1106//1002
f 1106//1002 1141//1037 1142//1038
f 1106//1002 1142//1038 1107//1003
f 1107//1003 1142//1038 1143//1039
f 1107//1003 1143//1039 1108//1004
f 1108//1004 1143//1039 1144//1040
f 1108//1004 1144//1040 1109//1005
f 1109//1005 1144//1040 1145//1041
f 1109//1005 1145//1041 1110//1006
f 1110//1006 1145//1041 1146//1042
f 1110//1006 1146//1042 1111//1007
f 1111//1007 1146//1042 1147//1043
f 1111//1007 1147//1043 1112//1008
f 1112//1008 1147//1043 1148//1044
f 1112//1008 1148//1044 1113//1009
f 1113//1009 1148//1044 1149//1045
f 1113//1009 1149//1045 1114//1010
f 1114//1010 1149//1045 1150//1046
f 1114//1010 1150//1046 1115//1011
f 1115//1011 1150//1046 1151//1047
f 1115//1011 1151//1047 1116//1012
f 1116//1012 1151//1047 1152//1048
f 1116//1012 1152//1048 1117//1013
f 1117//1013 1152//1048 1153//1049
f 1117//1013 1153//1049 1118//1014
f 1118//1014 1153//1049 1154//1050
f 1118//1014 1154//1050 1119//1015
f 1119//1015 1154//1050 1155//1051
f 1119//1015 1155//1051 1120//1016
f 1120//1016 1155//1051 1156//1052
f 1120//1016 1156//1052 1121//1017
f 1121//1017 1156//1052 1157//1053
f 1121//1017 1157//1053 1122//1018
f 1122//1018 1157//1053 1158//1054
f 1122//1018 1158//1054 1123//1019
f 1123//1019 1158//1054 1159//1055
f 1123//1019 1159//1055 1124//1020
f 1124//1020 1159//1055 1160//1056
f 1124//1020 1160//1056 1125//1021
f 1125//1021 1160//1056 1161//1057
f 1125//1021 1161//1057 1126//1022
f 1126//1022 1161//1057 1162//1058
f 1126//1022 1162//1058 1127//1023
f 1127//1023 1162//1058 1163//1059
f 1127//1023 1163//1059 1128//1024
f 1128//1024 1163//1059 1164//1060
f 1128//1024 1164//1060 1129//1025
f 1129//1025 1164//1060 1165//1061
f 1129//1025 1165//1061 1130//1026
f 1130//1026 1165//1061 1166//1062
f 1130//1026 1166//1062 1131//1027
f 1131//1027 1166//1062 1167//1063
f 1131//1027 1167//1063 1132//1028
f 1132//1028 1167//1063 1168//1064
f 1132//1028 1168//1064 1133//1029
f 1133//1029 1168//1064 1169//1065
f 1133//1029 1169//1065 1134//1030
f 1134//1030 1169//1065 1170//1066
f 1134//1030 1170//1066 1135//1031
f 1135//1031 1170//1066 1171//1067
f 1135//1031 1171//1067 1136//1032
f 1136//1032 1171//1067 1172//1068
f 1136//1032 1172//1068 1137//1033
f 1137//1033 1172//1068 1173//1069
f 1137//1033 1173//1069 1138//1034
f 1138//1034 1173//1069 1174//1070
f 1138//1034 1174//1070 1139//1035
f 1139//1035 1174//1070 1175//1071
f 1139//1035 1175//1071 1140//1036
f 1140//1036 1175//1071 1176//1072
f 1140//1036 1176//1072 1105//1001
f 1105//1001 1176//1072 1141//1037
f 1141//1037 1177//1073 1142//1038
f 1142//1038 1177//1073 1178//1074
f 1142//1038 1178//1074 1143//1039
f 1143//1039 1178//1074 1179//1075
f 1143//1039 1179//1075 1144//1040
f 1144//1040 1179//1075 1180//1076
f 1144//1040 1180//1076 1145//1041
f 1145//1041 1180//1076 1181//1077
f 1145//1041 1181//1077 1146//1042
f 1146//1042 1181//1077 1182//1078
f 1146//1042 1182//1078 1147//1043
f 1147//1043 1182//1078 1183//1079
f 1147//1043 1183//1079 1148//1044
f 1148//1044 1183//1079 1184//1080
f 1148//1044 1184//1080 1149//1045
f 1149//1045 1184//1080 1185//1081
f 1149//1045 1185//1081 1150//1046
f 1150//1046 1185//1081 1186//1082
f 1150//1046 1186//1082 1151//1047
f 1151//1047 1186//1082 1187//1083
f 1151//1047 1187//1083 1152//1048
f 1152//1048 1187//1083 1188//1084
f 1152//1048 1188//1084 1153//1049
f 1153//1049 1188//1084 1189//1085
f 1153//1049 1189//1085 1154//1050
f 1154//1050 1189//1085 1190//1086
f 1154//1050 1190//1086 1155//1051
f 1155//1051 1190//1086 1191//1087
f 1155//1051 1191//1087 1156//1052
f 1156//1052 1191//1087 1192//1088
f 1156//1052 1192//1088 1157//1053
f 1157//1053 1192//1088 1193//1089
f 1157//1053 1193//1089 1158//1054
f 1158//1054 1193//1089 1194//1090
f 1158//1054 1194//1090 1159//1055
f 1159//1055 1194//1090 1195//1091
f 1159//1055 1195//1091 1160//1056
f 1160//1056 1195//1091 1196//1092
f 1160//1056 1196//1092 1161//1057
f 1161//1057 1196//1092 1197//1093
f 1161//1057 1197//1093 1162//1058
f 1162//1058 1197//1093 1198//1094
f 1162//1058 1198//1094 1163//1059
f 1163//1059 1198//1094 1199//1095
f 1163//1059 1199//1095 1164//1060
f 1164//1060 1199//1095 1200//1096
f 1164//1060 1200//1096 1165//1061
f 1165//1061 1200//1096 1201//1097
f 1165//1061 1201//1097 1166//1062
f 1166//1062 1201//1097 1202//1098
f 1166//1062 1202//1098 1167//1063
f 1167//1063 1202//1098 1203//1099
f 1167//1063 1203//1099 1168//1064
f 1168//1064 1203//1099 1204//1100
f 1168//1064 1204//1100 1169//1065
f 1169//1065 1204//1100 1205//1101
f 1169//1065 1205//1101 1170//1066
f 1170//1066 1205//1101 1206//1102
f 1170//1066 1206//1102 1171//1067
f 1171//1067 1206//1102 1207//1103
f 1171//1067 1207//1103 1172//1068
f 1172//1068 1207//1103 1208//1104
f 1172//1068 1208//1104 1173//1069
f 1173//1069 1208//1104 1209//1105
f 1173//1069 1209//1105 1174//1070
f 1174//1070 1209//1105 1210//1106
f 1174//1070 1210//1106 1175//1071
f 1175//1071 1210//1106 1211//1107
f 1175//1071 1211//1107 1176//1072
f 1176//1072 1211//1107 1212//1108
f 1176//1072 1212//1108 1141//1037
f 1141//1037 1212//1108 1177//1073
f 1177//1073 1213//1109 1178//1074
f 1178//1074 1213//1109 1214//1110
f 1178//1074 1214//1110 1179//1075
f 1179//1075 1214//1110 1215//1111
f 1179//1075 1215//1111 1180//1076
f 1180//1076 1215//1111 1216//1112
f 1180//1076 1216//1112 1181//1077
f 1181//1077 1216//1112 1217//1113
f 1181//1077 1217//1113 1182//1078
f 1182//1078 1217//1113 1218//1114
f 1182//1078 1218//1114 1183//1079
f 1183//1079 1218//1114 1219//1115
f 1183//1079 1219//1115 1184//1080
f 1184//1080 1219//1115 1220//1116
f 1184//1080 1220//1116 1185//1081
f 1185//1081 1220//1116 1221//1117
f 1185//1081 1221//1117 1186//1082
f 1186//1082 1221//1117 1222//1118
f 1186//1082 1222//1118 1187//1083
f 1187//1083 1222//1118 1223//1119
f 1187//1083 1223//1119 1188//1084
f 1188//1084 1223//1119 1224//1120
f 1188//1084 1224//1120 1189//1085
f 1189//1085 1224//1120 1225//1121
f 1189//1085 1225//1121 1190//1086
f 1190//1086 1225//1121 1226//1122
f 1190//1086 1226//1122 1191//1087
f 1191//1087 1226//1122 1227//1123
f 1191//1087 1227//1123 1192//1088
f 1192//1088 1227//1123 1228//1124
f 1192//1088 1228//1124 1193//1089
f 1193//1089 1228//1124 1229//1125
f 1193//1089 1229//1125 1194//1090
f 1194//1090 1229//1125 1230//1126
f 1194//1090 1230//1126 1195//1091
f 1195//1091 1230//1126 1231//1127
f 1195//1091 1231//1127 1196//1092
f 1196//1092 1231//1127 1232//1128
f 1196//1092 1232//1128 1197//1093
f 1197//1093 1232//1128 1233//1129
f 1197//1093 1233//1129 1198//1094
f 1198//1094 1233//1129 1234//1130
f 1198//1094 1234//1130 1199//1095
f 1199//1095 1234//1130 1235//1131
f 1199//1095 1235//1131 1200//1096
f 1200//1096 1235//1131 1236//1132
f 1200//1096 1236//1132 1201//1097
f 1201//1097 1236//1132 1237//1133
f 1201//1097 1237//1133 1202//1098
f 1202//1098 1237//1133 1238//1134
f 1202//1098 1238//1134 1203//1099
f 1203//1099 1238//1134 1239//1135
f 1203//1099 1239//1135 1204//1100
f 1204//1100 1239//1135 1240//1136
f 1204//1100 1240//1136 1205//1101
f 1205//1101 1240//1136 1241//1137
f 1205//1101 1241//1137 1206//1102
f 1206//1102 1241//1137 1242//1138
f 1206//1102 1242//1138 1207//1103
f 1207//1103 1242//1138 1243//1139
f 1207//1103 1243//1139 1208//1104
f 1208//1104 1243//1139 1244//1140
f 1208//1104 1244//1140 1209//1105
f 1209//1105 1244//1140 1245//1141
f 1209//1105 1245//1141 1210//1106
f 1210//1106 1245//1141 1246//1142
f 1210//1106 1246//1142 1211//1107
f 1211//1107 1246//1142 1247//1143
f 1211//1107 1247//1143 1212//1108
f 1212//1108 1247//1143 1248//1144
f 1212//1108 1248//1144 1177//1073
f 1177//1073 1248//1144 1213//1109
f 1213//1109 1249//1145 1214//1110
f 1214//1110 1249//1145 1250//1146
f 1214//1110 1250//1146 1215//1111
f 1215//1111 1250//1146 1251//1147
f 1215//1111 1251//1147 1216//1112
f 1216//1112 1251//1147 1252//1148
f 1216//1112 1252//1148 1217//1113
f 1217//1113 1252//1148 1253//1149
f 1217//1113 1253//1149 1218//1114
f 1218//1114 1253//1149 1254//1150
f 1218//1114 1254//1150 1219//1115
f 1219//1115 1254//1150 1255//1151
f 1219//1115 1255//1151 1220//1116
f 1220//1116 1255//1151 1256//1152
f 1220//1116 1256//1152 1221//1117
f 1221//1117 1256//1152 1257//1153
f 1221//1117 1257//1153 1222//1118
f 1222//1118 1257//1153 1258//1154
f 1222//1118 1258//1154 1223//1119
f 1223//1119 1258//1154 1259//1155
f 1223//1119 1259//1155 1224//1120
f 1224//1120 1259//1155 1260//1156
f 1224//1120 1260//1156 1225//1121
f 1225//1121 1260//1156 1261//1157
f 1225//1121 1261//1157 1226//1122
f 1226//1122 1261//1157 1262//1158
f 1226//1122 1262//1158 1227//1123
f 1227//1123 1262//1158 1263//1159
f 1227//1123 1263//1159 1228//1124
f 1228//1124 1263//1159 1264//1160
f 1228//1124 1264//1160 1229//1125
f 1229//1125 1264//1160 1265//1161
f 1229//1125 1265//1161 1230//1126
f 1230//1126 1265//1161 1266//1162
f 1230//1126 1266//1162 1231//1127
f 1231//1127 1266//1162 1267//1163
f 1231//1127 1267//1163 1232//1128
f 1232//1128 1267//1163 1268//1164
f 1232//1128 1268//1164 1233//1129
f 1233//1129 1268//1164 1269//1165
f 1233//1129 1269//1165 1234//1130
f 1234//1130 1269//1165 1270//1166
f 1234//1130 1270//1166 1235//1131
f 1235//1131 1270//1166 1271//1167
f 1235//1131 1271//1167 1236//1132
f 1236//1132 1271//1167 1272//1168
f 1236//1132 1272//1168 1237//1133
f 1237//1133 1272//1168 1273//1169
f 1237//1133 1273//1169 1238//1134
f 1238//1134 1273//1169 1274//1170
f 1238//1134 1274//1170 1239//1135
f 1239//1135 1274//1170 1275//1171
f 1239//1135 1275//1171 1240//1136
f 1240//1136 1275//1171 1276//1172
f 1240//1136 1276//1172 1241//1137
f 1241//1137 1276//1172 1277//1173
f 1241//1137 1277//1173 1242//1138
f 1242//1138 1277//1173 1278//1174
f 1242//1138 1278//1174 1243//1139
f 1243//1139 1278//1174 1279//1175
f 1243//1139 1279//1175 1244//1140
f 1244//1140 1279//1175 1280//1176
f 1244//1140 1280//1176 1245//1141
f 1245//1141 1280//1176 1281//1177
f 1245//1141 1281//1177 1246//1142
f 1246//1142 1281//1177 1282//1178
f 1246//1142 1282//1178 1247//1143
f 1247//1143 1282//1178 1283//1179
f 1247//1143 1283//1179 1248//1144
f 1248//1144 1283//1179 1284//1180
f 1248//1144 1284//1180 1213//1109
f 1213//1109 1284//1180 1249//1145
f 1249//1145 1285//1181 1250//1146
f 1250//1146 1285//1181 1286//1182
f 1250//1146 1286//1182 1251//1147
f 1251//1147 1286//1182 1287//1183
f 1251//1147 1287//1183 1252//1148
f 1252//1148 1287//1183 1288//1184
f 1252//1148 1288//1184 1253//1149
f 1253//1149 1288//1184 1289//1185
f 1253//1149 1289//1185 1254//1150
f 1254//1150 1289//1185 1290//1186
f 1254//1150 1290//1186 1255//1151
f 1255//1151 1290//1186 1291//1187
f 1255//1151 1291//1187 1256//1152
f 1256//1152 1291//1187 1292//1188
f 1256//1152 1292//1188 1257//1153
f 1257//1153 1292//1188 1293//1189
f 1257//1153 1293//1189 1258//1154
f 1258//1154 1293//1189 1294//1190
f 1258//1154 1294//1190 1259//1155
f 1259//1155 1294//1190 1295//1191
f 1259//1155 1295//1191 1260//1156
f 1260//1156 1295//1191 1296//1192
f 1260//1156 1296//1192 1261//1157
f 1261//1157 1296//1192 1297//1193
f 1261//1157 1297//1193 1262//1158
f 1262//1158 1297//1193 1298//1194
f 1262//1158 1298//1194 1263//1159
f 1263//1159 1298//1194 1299//1195
f 1263//1159 1299//1195 1264//1160
f 1264//1160 1299//1195 1300//1196
f 1264//1160 1300//1196 1265//1161
f 1265//1161 1300//1196 1301//1197
f 1265//1161 1301//1197 1266//1162
f 1266//1162 1301//1197 1302//1198
f 1266//1162 1302//1198 1267//1163
f 1267//1163 1302//1198 1303//1199
f 1267//1163 1303//1199 1268//1164
f 1268//1164 1303//1199 1304//1200
f 1268//1164 1304//1200 1269//1165
f 1269//1165 1304//1200 1305//1201
f 1269//1165 1305//1201 1270//1166
f 1270//1166 1305//1201 1306//1202
f 1270//1166 1306//1202 1271//1167
f 1271//1167 1306//1202 1307//1203
f 1271//1167 1307//1203 1272//1168
f 1272//1168 1307//1203 1308//1204
f 1272//1168 1308//1204 1273//1169
f 1273//1169 1308//1204 1309//1205
f 1273//1169 1309//1205 1274//1170
f 1274//1170 1309//1205 1310//1206
f 1274//1170 1310//1206 1275//1171
f 1275//1171 1310//1206 1311//1207
f 1275//1171 1311//1207 1276//1172
f 1276//1172 1311//1207 1312//1208
f 1276//1172 1312//1208 1277//1173
f 1277//1173 1312//1208 1313//1209
f 1277//1173 1313//1209 1278//1174
f 1278//1174 1313//1209 1314//1210
f 1278//1174 1314//1210 1279//1175
f 1279//1175 1314//1210 1315//1211
f 1279//1175 1315//1211 1280//1176
f 1280//1176 1315//1211 1316//1212
f 1280//1176 1316//1212 1281//1177
f 1281//1177 1316//1212 1317//1213
f 1281//1177 1317//1213 1282//1178
f 1282//1178 1317//1213 1318//1214
f 1282//1178 1318//1214 1283//1179
f 1283//1179 1318//1214 1319//1215
f 1283//1179 1319//1215 1284//1180
f 1284//1180 1319//1215 1320//1216
f 1284//1180 1320//1216 1249//1145
f 1249//1145 1320//1216 1285//1181
f 1285//1181 1321//1217 1286//1182
f 1286//1182 1321//1217 1322//1218
f 1286//1182 1322//1218 1287//1183
f 1287//1183 1322//1218 1323//1219
f 1287//1183 1323//1219 1288//1184
f 1288//1184 1323//1219 1324//1220
f 1288//1184 1324//1220 1289//1185
f 1289//1185 1324//1220 1325//1221
f 1289//1185 1325//1221 1290//1186
f 1290//1186 1325//1221 1326//1222
f 1290//1186 1326//1222 1291//1187
f 1291//1187 1326//1222 1327//1223
f 1291//1187 1327//1223 1292//1188
f 1292//1188 1327//1223 1328//1224
f 1292//1188 1328//1224 1293//1189
f 1293//1189 1328//1224 1329//1225
f 1293//1189 1329//1225 1294//1190
f 1294//1190 1329//1225 1330//1226
f 1294//1190 1330//1226 1295//1191
f 1295//1191 1330//1226 1331//1227
f 1295//1191 1331//1227 1296//1192
f 1296//1192 1331//1227 1332//1228
f 1296//1192 1332//1228 1297//1193
f 1297//1193 1332//1228 1333//1229
f 1297//1193 1333//1229 1298//1194
f 1298//1194 1333//1229 1334//1230
f 1298//1194 1334//1230 1299//1195
f 1299//1195 1334//1230 1335//1231
f 1299//1195 1335//1231 1300//1196
f 1300//1196 1335//1231 1336//1232
f 1300//1196 1336//1232 1301//1197
f 1301//1197 1336//1232 1337//1233
f 1301//1197 1337//1233 1302//1198
f 1302//1198 1337//1233 1338//1234
f 1302//1198 1338//1234 1303//1199
f 1303//1199 1338//1234 1339//1235
f 1303//1199 1339//1235 1304//1200
f 1304//1200 1339//1235 1340//1236
f 1304//1200 1340//1236 1305//1201
f 1305//1201 1340//1236 1341//1237
f 1305//1201 1341//1237 1306//1202
f 1306//1202 1341//1237 1342//1238
f 1306//1202 1342//1238 1307//1203
f 1307//1203 1342//1238 1343//1239
f 1307//1203 1343//1239 1308//1204
f 1308//1204 1343//1239 1344//1240
f 1308//1204 1344//1240 1309//1205
f 1309//1205 1344//1240 1345//1241
f 1309//1205 1345//1241 1310//1206
f 1310//1206 1345//1241 1346//1242
f 1310//1206 1346//1242 1311//1207
f 1311//1207 1346//1242 1347//1243
f 1311//1207 1347//1243 1312//1208
f 1312//1208 1347//1243 1348//1244
f 1312//1208 1348//1244 1313//1209
f 1313//1209 1348//1244 1349//1245
f 1313//1209 1349//1245 1314//1210
f 1314//1210 1349//1245 1350//1246
f 1314//1210 1350//1246 1315//1211
f 1315//1211 1350//1246 1351//1247
f 1315//1211 1351//1247 1316//1212
f 1316//1212 1351//1247 1352//1248
f 1316//1212 1352//1248 1317//1213
f 1317//1213 1352//1248 1353//1249
f 1317//1213 1353//1249 1318//1214
f 1318//1214 1353//1249 1354//1250
f 1318//1214 1354//1250 1319//1215
f 1319//1215 1354//1250 1355//1251
f 1319//1215 1355//1251 1320//1216
f 1320//1216 1355//1251 1356//1252
f 1320//1216 1356//1252 1285//1181
f 1285//1181 1356//1252 1321//1217
f 1321//1217 1357//1253 1322//1218
f 1322//1218 1357//1253 1358//1254
f 1322//1218 1358//1254 1323//1219
f 1323//1219 1358//1254 1359//1255
f 1323//1219 1359//1255 1324//1220
f 1324//1220 1359//1255 1360//1256
f 1324//1220 1360//1256 1325//1221
f 1325//1221 1360//1256 1361//1257
f 1325//1221 1361//1257 1326//1222
f 1326//1222 1361//1257 1362//1258
f 1326//1222 1362//1258 1327//1223
f 1327//1223 1362//1258 1363//1259
f 1327//1223 1363//1259 1328//1224
f 1328//1224 1363//1259 1364//1260
f 1328//1224 1364//1260 1329//1225
f 1329//1225 1364//1260 1365//1261
f 1329//1225 1365//1261 1330//1226
f 1330//1226 1365//1261 1366//1262
f 1330//1226 1366//1262 1331//1227
f 1331//1227 1366//1262 1367//1263
f 1331//1227 1367//1263 1332//1228
f 1332//1228 1367//1263 1368//1264
f 1332//1228 1368//1264 1333//1229
f 1333//1229 1368//1264 1369//1265
f 1333//1229 1369//1265 1334//1230
f 1334//1230 1369//1265 1370//1266
f 1334//1230 1370//1266 1335//1231
f 1335//1231 1370//1266 1371//1267
f 1335//1231 1371//1267 1336//1232
f 1336//1232 1371//1267 1372//1268
f 1336//1232 1372//1268 1337//1233
f 1337//1233 1372//1268 1373//1269
f 1337//1233 1373//1269 1338//1234
f 1338//1234 1373//1269 1374//1270
f 1338//1234 1374//1270 1339//1235
f 1339//1235 1374//1270 1375//1271
f 1339//1235 1375//1271 1340//1236
f 1340//1236 1375//1271 1376//1272
f 1340//1236 1376//1272 1341//1237
f 1341//1237 1376//1272 1377//1273
f 1341//1237 1377//1273 1342//1238
f 1342//1238 1377//1273 1378//1274
f 1342//1238 1378//1274 1343//1239
f 1343//1239 1378//1274 1379//1275
f 1343//1239 1379//1275 1344//1240
f 1344//1240 1379//1275 1380//1276
f 1344//1240 1380//1276 1345//1241
f 1345//1241 1380//1276 1381//1277
f 1345//1241 1381//1277 1346//1242
f 1346//1242 1381//1277 1382//1278
f 1346//1242 1382//1278 1347//1243
f 1347//1243 1382//1278 1383//1279
f 1347//1243 1383//1279 1348//1244
f 1348//1244 1383//1279 1384//1280
f 1348//1244 1384//1280 1349//1245
f 1349//1245 1384//1280 1385//1281
f 1349//1245 1385//1281 1350//1246
f 1350//1246 1385//1281 1386//1282
f 1350//1246 1386//1282 1351//1247
f 1351//1247 1386//1282 1387//1283
f 1351//1247 1387//1283 1352//1248
f 1352//1248 1387//1283 1388//1284
f 1352//1248 1388//1284 1353//1249
f 1353//1249 1388//1284 1389//1285
f 1353//1249 1389//1285 1354//1250
f 1354//1250 1389//1285 1390//1286
f 1354//1250 1390//1286 1355//1251
f 1355//1251 1390//1286 1391//1287
f 1355//1251 1391//1287 1356//1252
f 1356//1252 1391//1287 1392//1288
f 1356//1252 1392//1288 1321//1217
f 1321//1217 1392//1288 1357//1253
f 1357//1253 1393//1289 1358//1254
f 1358//1254 1393//1289 1394//1290
f 1358//1254 1394//1290 1359//1255
f 1359//1255 1394//1290 1395//1291
f 1359//1255 1395//1291 1360//1256
f 1360//1256 1395//1291 1396//1292
f 1360//1256 1396//1292 1361//1257
f 1361//1257 1396//1292 1397//1293
f 1361//1257 1397//1293 1362//1258
f 1362//1258 1397//1293 1398//1294
f 1362//1258 1398//1294 1363//1259
f 1363//1259 1398//1294 1399//1295
f 1363//1259 1399//1295 1364//1260
f 1364//1260 1399//1295 1400//1296
f 1364//1260 1400//1296 1365//1261
f 1365//1261 1400//1296 1401//1297
f 1365//1261 1401//1297 1366//1262
f 1366//1262 1401//1297 1402//1298
f 1366//1262 1402//1298 1367//1263
f 1367//1263 1402//1298 1403//1299
f 1367//1263 1403//1299 1368//1264
f 1368//1264 1403//1299 1404//1300
f 1368//1264 1404//1300 1369//1265
f 1369//1265 1404//1300 1405//1301
f 1369//1265 1405//1301 1370//1266
f 1370//1266 1405//1301 1406//1302
f 1370//1266 1406//1302 1371//1267
f 1371//1267 1406//1302 1407//1303
f 1371//1267 1407//1303 1372//1268
f 1372//1268 1407//1303 1408//1304
f 1372//1268 1408//1304 1373//1269
f 1373//1269 1408//1304 1409//1305
f 1373//1269 1409//1305 1374//1270
f 1374//1270 1409//1305 1410//1306
f 1374//1270 1410//1306 1375//1271
f 1375//1271 1410//1306 1411//1307
f 1375//1271 1411//1307 1376//1272
f 1376//1272 1411//1307 1412//1308
f 1376//1272 1412//1308 1377//1273
f 1377//1273 1412//1308 1413//1309
f 1377//1273 1413//1309 1378//1274
f 1378//1274 1413//1309 1414//1310
f 1378//1274 1414//1310 1379//1275
f 1379//1275 1414//1310 1415//1311
f 1379//1275 1415//1311 1380//1276
f 1380//1276 1415//1311 1416//1312
f 1380//1276 1416//1312 1381//1277
f 1381//1277 1416//1312 1417//1313
f 1381//1277 1417//1313 1382//1278
f 1382//1278 1417//1313 1418//1314
f 1382//1278 1418//1314 1383//1279
f 1383//1279 1418//1314 1419//1315
f 1383//1279 1419//1315 1384//1280
f 1384//1280 1419//1315 1420//1316
f 1384//1280 1420//1316 1385//1281
f 1385//1281 1420//1316 1421//1317
f 1385//1281 1421//1317 1386//1282
f 1386//1282 1421//1317 1422//1318
f 1386//1282 1422//1318 1387//1283
f 1387//1283 1422//1318 1423//1319
f 1387//1283 1423//1319 1388//1284
f 1388//1284 1423//1319 1424//1320
f 1388//1284 1424//1320 1389//1285
f 1389//1285 1424//1320 1425//1321
f 1389//1285 1425//1321 1390//1286
f 1390//1286 1425//1321 1426//1322
f 1390//1286 1426//1322 1391//1287
f 1391//1287 1426//1322 1427//1323
f 1391//1287 1427//1323 1392//1288
f 1392//1288 1427//1323 1428//1324
f 1392//1288 1428//1324 1357//1253
f 1357//1253 1428//1324 1393//1289
f 1393//1289 1429//1325 1394//1290
f 1394//1290 1429//1325 1430//1326
f 1394//1290 1430//1326 1395//1291
f 1395//1291 1430//1326 1431//1327
f 1395//1291 1431//1327 1396//1292
f 1396//1292 1431//1327 1432//1328
f 1396//1292 1432//1328 1397//1293
f 1397//1293 1432//1328 1433//1329
f 1397//1293 1433//1329 1398//1294
f 1398//1294 1433//1329 1434//1330
f 1398//1294 1434//1330 1399//1295
f 1399//1295 1434//1330 1435//1331
f 1399//1295 1435//1331 1400//1296
f 1400//1296 1435//1331 1436//1332
f 1400//1296 1436//1332 1401//1297
f 1401//1297 1436//1332 1437//1333
f 1401//1297 1437//1333 1402//1298
f 1402//1298 1437//1333 1438//1334
f 1402//1298 1438//1334 1403//1299
f 1403//1299 1438//1334 1439//1335
f 1403//1299 1439//1335 1404//1300
f 1404//1300 1439//1335 1440//1336
f 1404//1300 1440//1336 1405//1301
f 1405//1301 1440//1336 1441//1337
f 1405//1301 1441//1337 1406//1302
f 1406//1302 1441//1337 1442//1338
f 1406//1302 1442//1338 1407//1303
f 1407//1303 1442//1338 1443//1339
f 1407//1303 1443//1339 1408//1304
f 1408//1304 1443//1339 1444//1340
f 1408//1304 1444//1340 1409//1305
f 1409//1305 1444//1340 1445//1341
f 1409//1305 1445//1341 1410//1306
f 1410//1306 1445//1341 1446//1342
f 1410//1306 1446//1342 1411//1307
f 1411//1307 1446//1342 1447//1343
f 1411//1307 1447//1343 1412//1308
f 1412//1308 1447//1343 1448//1344
f 1412//1308 1448//1344 1413//1309
f 1413//1309 1448//1344 1449//1345
f 1413//1309 1449//1345 1414//1310
f 1414//1310 1449//1345 1450//1346
f 1414//1310 1450//1346 1415//1311
f 1415//1311 1450//1346 1451//1347
f 1415//1311 1451//1347 1416//1312
f 1416//1312 1451//1347 1452//1348
f 1416//1312 1452//1348 1417//1313
f 1417//1313 1452//1348 1453//1349
f 1417//1313 1453//1349 1418//1314
f 1418//1314 1453//1349 1454//1350
f 1418//1314 1454//1350 1419//1315
f 1419//1315 1454//1350 1455//1351
f 1419//1315 1455//1351 1420//1316
f 1420//1316 1455//1351 1456//1352
f 1420//1316 1456//1352 1421//1317
f 1421//1317 1456//1352 1457//1353
f 1421//1317 1457//1353 1422//1318
f 1422//1318 1457//1353 1458//1354
f 1422//1318 1458//1354 1423//1319
f 1423//1319 1458//1354 1459//1355
f 1423//1319 1459//1355 1424//1320
f 1424//1320 1459//1355 1460//1356
f 1424//1320 1460//1356 1425//1321
f 1425//1321 1460//1356 1461//1357
f 1425//1321 1461//1357 1426//1322
f 1426//1322 1461//1357 1462//1358
f 1426//1322 1462//1358 1427//1323
f 1427//1323 1462//1358 1463//1359
f 1427//1323 1463//1359 1428//1324
f 1428//1324 1463//1359 1464//1360
f 1428//1324 1464//1360 1393//1289
f 1393//1289 1464//1360 1429//1325
f 1429//1325 1465//1361 1430//1326
f 1430//1326 1465//1361 1466//1362
f 1430//1326 1466//1362 1431//1327
f 1431//1327 1466//1362 1467//1363
f 1431//1327 1467//1363 1432//1328
f 1432//1328 1467//1363 1468//1364
f 1432//1328 1468//1364 1433//1329
f 1433//1329 1468//1364 1469//1365
f 1433//1329 1469//1365 1434//1330
f 1434//1330 1469//1365 1470//1366
f 1434//1330 1470//1366 1435//1331
f 1435//1331 1470//1366 1471//1367
f 1435//1331 1471//1367 1436//1332
f 1436//1332 1471//1367 1472//1368
f 1436//1332 1472//1368 1437//1333
f 1437//1333 1472//1368 1473//1369
f 1437//1333 1473//1369 1438//1334
f 1438//1334 1473//1369 1474//1370
f 1438//1334 1474//1370 1439//1335
f 1439//1335 1474//1370 1475//1371
f 1439//1335 1475//1371 1440//1336
f 1440//1336 1475//1371 1476//1372
f 1440//1336 1476//1372 1441//1337
f 1441//1337 1476//1372 1477//1373
f 1441//1337 1477//1373 1442//1338
f 1442//1338 1477//1373 1478//1374
f 1442//1338 1478//1374 1443//1339
f 1443//1339 1478//1374 1479//1375
f 1443//1339 1479//1375 1444//1340
f 1444//1340 1479//1375 1480//1376
f 1444//1340 1480//1376 1445//1341
f 1445//1341 1480//1376 1481//1377
f 1445//1341 1481//1377 1446//1342
f 1446//1342 1481//1377 1482//1378
f 1446//1342 1482//1378 1447//1343
f 1447//1343 1482//1378 1483//1379
f 1447//1343 1483//1379 1448//1344
f 1448//1344 1483//1379 1484//1380
f 1448//1344 1484//1380 1449//1345
f 1449//1345 1484//1380 1485//1381
f 1449//1345 1485//1381 1450//1346
f 1450//1346 1485//1381 1486//1382
f 1450//1346 1486//1382 1451//1347
f 1451//1347 1486//1382 1487//1383
f 1451//1347 1487//1383 1452//1348
f 1452//1348 1487//1383 1488//1384
f 1452//1348 1488//1384 1453//1349
f 1453//1349 1488//1384 1489//1385
f 1453//1349 1489//1385 1454//1350
f 1454//1350 1489//1385 1490//1386
f 1454//1350 1490//1386 1455//1351
f 1455//1351 1490//1386 1491//1387
f 1455//1351 1491//1387 1456//1352
f 1456//1352 1491//1387 1492//1388
f 1456//1352 1492//1388 1457//1353
f 1457//1353 1492//1388 1493//1389
f 1457//1353 1493//1389 1458//1354
f 1458//1354 1493//1389 1494//1390
f 1458//1354 1494//1390 1459//1355
f 1459//1355 1494//1390 1495//1391
f 1459//1355 1495//1391 1460//1356
f 1460//1356 1495//1391 1496//1392
f 1460//1356 1496//1392 1461//1357
f 1461//1357 1496//1392 1497//1393
f 1461//1357 1497//1393 1462//1358
f 1462//1358 1497//1393 1498//1394
f 1462//1358 1498//1394 1463//1359
f 1463//1359 1498//1394 1499//1395
f 1463//1359 1499//1395 1464//1360
f 1464//1360 1499//1395 1500//1396
f 1464//1360 1500//1396 1429//1325
f 1429//1325 1500//1396 1465//1361
f 1465//1361 1501//1397 1466//1362
f 1466//1362 1501//1397 1502//1398
f 1466//1362 1502//1398 1467//1363
f 1467//1363 1502//1398 1503//1399
f 1467//1363 1503//1399 1468//1364
f 1468//1364 1503//1399 1504//1400
f 1468//1364 1504//1400 1469//1365
f 1469//1365 1504//1400 1505//1401
f 1469//1365 1505//1401 1470//1366
f 1470//1366 1505//1401 1506//1402
f 1470//1366 1506//1402 1471//1367
f 1471//1367 1506//1402 1507//1403
f 1471//1367 1507//1403 1472//1368
f 1472//1368 1507//1403 1508//1404
f 1472//1368 1508//1404 1473//1369
f 1473//1369 1508//1404 1509//1405
f 1473//1369 1509//1405 1474//1370
f 1474//1370 1509//1405 1510//1406
f 1474//1370 1510//1406 1475//1371
f 1475//1371 1510//1406 1511//1407
f 1475//1371 1511//1407 1476//1372
f 1476//1372 1511//1407 1512//1408
f 1476//1372 1512//1408 1477//1373
f 1477//1373 1512//1408 1513//1409
f 1477//1373 1513//1409 1478//1374
f 1478//1374 1513//1409 1514//1410
f 1478//1374 1514//1410 1479//1375
f 1479//1375 1514//1410 1515//1411
f 1479//1375 1515//1411 1480//1376
f 1480//1376 1515//1411 1516//1412
f 1480//1376 1516//1412 1481//1377
f 1481//1377 1516//1412 1517//1413
f 1481//1377 1517//1413 1482//1378
f 1482//1378 1517//1413 1518//1414
f 1482//1378 1518//1414 1483//1379
f 1483//1379 1518//1414 1519//1415
f 1483//1379 1519//1415 1484//1380
f 1484//1380 1519//1415 1520//1416
f 1484//1380 1520//1416 1485//1381
f 1485//1381 1520//1416 1521//1417
f 1485//1381 1521//1417 1486//1382
f 1486//1382 1521//1417 1522//1418
f 1486//1382 1522//1418 1487//1383
f 1487//1383 1522//1418 1523//1419
f 1487//1383 1523//1419 1488//1384
f 1488//1384 1523//1419 1524//1420
f 1488//1384 1524//1420 1489//1385
f 1489//1385 1524//1420 1525//1421
f 1489//1385 1525//1421 1490//1386
f 1490//1386 1525//1421 1526//1422
f 1490//1386 1526//1422 1491//1387
f 1491//1387 1526//1422 1527//1423
f 1491//1387 1527//1423 1492//1388
f 1492//1388 1527//1423 1528//1424
f 1492//1388 1528//1424 1493//1389
f 1493//1389 1528//1424 1529//1425
f 1493//1389 1529//1425 1494//1390
f 1494//1390 1529//1425 1530//1426
f 1494//1390 1530//1426 1495//1391
f 1495//1391 1530//1426 1531//1427
f 1495//1391 1531//1427 1496//1392
f 1496//1392 1531//1427 1532//1428
f 1496//1392 1532//1428 1497//1393
f 1497//1393 1532//1428 1533//1429
f 1497//1393 1533//1429 1498//1394
f 1498//1394 1533//1429 1534//1430
f 1498//1394 1534//1430 1499//1395
f 1499//1395 1534//1430 1535//1431
f 1499//1395 1535//1431 1500//1396
f 1500//1396 1535//1431 1536//1432
f 1500//1396 1536//1432 1465//1361
f 1465//1361 1536//1432 1501//1397
f 1501//1397 1537//1433 1502//1398
f 1502//1398 1537//1433 1538//1434
f 1502//1398 1538//1434 1503//1399
f 1503//1399 1538//1434 1539//1435
f 1503//1399 1539//1435 1504//1400
f 1504//1400 1539//1435 1540//1436
f 1504//1400 1540//1436 1505//1401
f 1505//1401 1540//1436 1541//1437
f 1505//1401 1541//1437 1506//1402
f 1506//1402 1541//1437 1542//1438
f 1506//1402 1542//1438 1507//1403
f 1507//1403 1542//1438 1543//1439
f 1507//1403 1543//1439 1508//1404
f 1508//1404 1543//1439 1544//1440
f 1508//1404 1544//1440 1509//1405
f 1509//1405 1544//1440 1545//1441
f 1509//1405 1545//1441 1510//1406
f 1510//1406 1545//1441 1546//1442
f 1510//1406 1546//1442 1511//1407
f 1511//1407 1546//1442 1547//1443
f 1511//1407 1547//1443 1512//1408
f 1512//1408 1547//1443 1548//1444
f 1512//1408 1548//1444 1513//1409
f 1513//1409 1548//1444 1549//1445
f 1513//1409 1549//1445 1514//1410
f 1514//1410 1549//1445 1550//1446
f 1514//1410 1550//1446 1515//1411
f 1515//1411 1550//1446 1551//1447
f 1515//1411 1551//1447 1516//1412
f 1516//1412 1551//1447 1552//1448
f 1516//1412 1552//1448 1517//1413
f 1517//1413 1552//1448 1553//1449
f 1517//1413 1553//1449 1518//1414
f 1518//1414 1553//1449 1554//1450
f 1518//1414 1554//1450 1519//1415
f 1519//1415 1554//1450 1555//1451
f 1519//1415 1555//1451 1520//1416
f 1520//1416 1555//1451 1556//1452
f 1520//1416 1556//1452 1521//1417
f 1521//1417 1556//1452 1557//1453
f 1521//1417 1557//1453 1522//1418
f 1522//1418 1557//1453 1558//1454
f 1522//1418 1558//1454 1523//1419
f 1523//1419 1558//1454 1559//1455
f 1523//1419 1559//1455 1524//1420
f 1524//1420 1559//1455 1560//1456
f 1524//1420 1560//1456 1525//1421
f 1525//1421 1560//1456 1561//1457
f 1525//1421 1561//1457 1526//1422
f 1526//1422 1561//1457 1562//1458
f 1526//1422 1562//1458 1527//1423
f 1527//1423 1562//1458 1563//1459
f 1527//1423 1563//1459 1528//1424
f 1528//1424 1563//1459 1564//1460
f 1528//1424 1564//1460 1529//1425
f 1529//1425 1564//1460 1565//1461
f 1529//1425 1565//1461 1530//1426
f 1530//1426 1565//1461 1566//1462
f 1530//1426 1566//1462 1531//1427
f 1531//1427 1566//1462 1567//1463
f 1531//1427 1567//1463 1532//1428
f 1532//1428 1567//1463 1568//1464
f 1532//1428 1568//1464 1533//1429
f 1533//1429 1568//1464 1569//1465
f 1533//1429 1569//1465 1534//1430
f 1534//1430 1569//1465 1570//1466
f 1534//1430 1570//1466 1535//1431
f 1535//1431 1570//1466 1571//1467
f 1535//1431 1571//1467 1536//1432
f 1536//1432 1571//1467 1572//1468
f 1536//1432 1572//1468 1501//1397
f 1501//1397 1572//1468 1537//1433
f 1537//1433 1573//1469 1538//1434
f 1538//1434 1573//1469 1574//1470
f 1538//1434 1574//1470 1539//1435
f 1539//1435 1574//1470 1575//1471
f 1539//1435 1575//1471 1540//1436
f 1540//1436 1575//1471 1576//1472
f 1540//1436 1576//1472 1541//1437
f 1541//1437 1576//1472 1577//1473
f 1541//1437 1577//1473 1542//1438
f 1542//1438 1577//1473 1578//1474
f 1542//1438 1578//1474 1543//1439
f 1543//1439 1578//1474 1579//1475
f 1543//1439 1579//1475 1544//1440
f 1544//1440 1579//1475 1580//1476
f 1544//1440 1580//1476 1545//1441
f 1545//1441 1580//1476 1581//1477
f 1545//1441 1581//1477 1546//1442
f 1546//1442 1581//1477 1582//1478
f 1546//1442 1582//1478 1547//1443
f 1547//1443 1582//1478 1583//1479
f 1547//1443 1583//1479 1548//1444
f 1548//1444 1583//1479 1584//1480
f 1548//1444 1584//1480 1549//1445
f 1549//1445 1584//1480 1585//1481
f 1549//1445 1585//1481 1550//1446
f 1550//1446 1585//1481 1586//1482
f 1550//1446 1586//1482 1551//1447
f 1551//1447 1586//1482 1587//1483
f 1551//1447 1587//1483 1552//1448
f 1552//1448 1587//1483 1588//1484
f 1552//1448 1588//1484 1553//1449
f 1553//1449 1588//1484 1589//1485
f 1553//1449 1589//1485 1554//1450
f 1554//1450 1589//1485 1590//1486
f 1554//1450 1590//1486 1555//1451
f 1555//1451 1590//1486 1591//1487
f 1555//1451 1591//1487 1556//1452
f 1556//1452 1591//1487 1592//1488
f 1556//1452 1592//1488 1557//1453
f 1557//1453 1592//1488 1593//1489
f 1557//1453 1593//1489 1558//1454
f 1558//1454 1593//1489 1594//1490
f 1558//1454 1594//1490 1559//1455
f 1559//1455 1594//1490 1595//1491
f 1559//1455 1595//1491 1560//1456
f 1560//1456 1595//1491 1596//1492
f 1560//1456 1596//1492 1561//1457
f 1561//1457 1596//1492 1597//1493
f 1561//1457 1597//1493 1562//1458
f 1562//1458 1597//1493 1598//1494
f 1562//1458 1598//1494 1563//1459
f 1563//1459 1598//1494 1599//1495
f 1563//1459 1599//1495 1564//1460
f 1564//1460 1599//1495 1600//1496
f 1564//1460 1600//1496 1565//1461
f 1565//1461 1600//1496 1601//1497
f 1565//1461 1601//1497 1566//1462
f 1566//1462 1601//1497 1602//1498
f 1566//1462 1602//1498 1567//1463
f 1567//1463 1602//1498 1603//1499
f 1567//1463 1603//1499 1568//1464
f 1568//1464 1603//1499 1604//1500
f 1568//1464 1604//1500 1569//1465
f 1569//1465 1604//1500 1605//1501
f 1569//1465 1605//1501 1570//1466
f 1570//1466 1605//1501 1606//1502
f 1570//1466 1606//1502 1571//1467
f 1571//1467 1606//1502 1607//1503
f 1571//1467 1607//1503 1572//1468
f 1572//1468 1607//1503 1608//1504
f 1572//1468 1608//1504 1537//1433
f 1537//1433 1608//1504 1573//1469
f 1573//1469 1609//1505 1574//1470
f 1574//1470 1609//1505 1610//1506
f 1574//1470 1610//1506 1575//1471
f 1575//1471 1610//1506 1611//1507
f 1575//1471 1611//1507 1576//1472
f 1576//1472 1611//1507 1612//1508
f 1576//1472 1612//1508 1577//1473
f 1577//1473 1612//1508 1613//1509
f 1577//1473 1613//1509 1578//1474
f 1578//1474 1613//1509 1614//1510
f 1578//1474 1614//1510 1579//1475
f 1579//1475 1614//1510 1615//1511
f 1579//1475 1615//1511 1580//1476
f 1580//1476 1615//1511 1616//1512
f 1580//1476 1616//1512 1581//1477
f 1581//1477 1616//1512 1617//1513
f 1581//1477 1617//1513 1582//1478
f 1582//1478 1617//1513 1618//1514
f 1582//1478 1618//1514 1583//1479
f 1583//1479 1618//1514 1619//1515
f 1583//1479 1619//1515 1584//1480
f 1584//1480 1619//1515 1620//1516
f 1584//1480 1620//1516 1585//1481
f 1585//1481 1620//1516 1621//1517
f 1585//1481 1621//1517 1586//1482
f 1586//1482 1621//1517 1622//1518
f 1586//1482 1622//1518 1587//1483
f 1587//1483 1622//1518 1623//1519
f 1587//1483 1623//1519 1588//1484
f 1588//1484 1623//1519 1624//1520
f 1588//1484 1624//1520 1589//1485
f 1589//1485 1624//1520 1625//1521
f 1589//1485 1625//1521 1590//1486
f 1590//1486 1625//1521 1626//1522
f 1590//1486 1626//1522 1591//1487
f 1591//1487 1626//1522 1627//1523
f 1591//1487 1627//1523 1592//1488
f 1592//1488 1627//1523 1628//1524
f 1592//1488 1628//1524 1593//1489
f 1593//1489 1628//1524 1629//1525
f 1593//1489 1629//1525 1594//1490
f 1594//1490 1629//1525 1630//1526
f 1594//1490 1630//1526 1595//1491
f 1595//1491 1630//1526 1631//1527
f 1595//1491 1631//1527 1596//1492
f 1596//1492 1631//1527 1632//1528
f 1596//1492 1632//1528 1597//1493
f 1597//1493 1632//1528 1633//1529
f 1597//1493 1633//1529 1598//1494
f 1598//1494 1633//1529 1634//1530
f 1598//1494 1634//1530 1599//1495
f 1599//1495 1634//1530 1635//1531
f 1599//1495 1635//1531 1600//1496
f 1600//1496 1635//1531 1636//1532
f 1600//1496 1636//1532 1601//1497
f 1601//1497 1636//1532 1637//1533
f 1601//1497 1637//1533 1602//1498
f 1602//1498 1637//1533 1638//1534
f 1602//1498 1638//1534 1603//1499
f 1603//1499 1638//1534 1639//1535
f 1603//1499 1639//1535 1604//1500
f 1604//1500 1639//1535 1640//1536
f 1604//1500 1640//1536 1605//1501
f 1605//1501 1640//1536 1641//1537
f 1605//1501 1641//1537 1606//1502
f 1606//1502 1641//1537 1642//1538
f 1606//1502 1642//1538 1607//1503
f 1607//1503 1642//1538 1643//1539
f 1607//1503 1643//1539 1608//1504
f 1608//1504 1643//1539 1644//1540
f 1608//1504 1644//1540 1573//1469
f 1573//1469 1644//1540 1609//1505
f 1609//1505 1645//1541 1610//1506
f 1610//1506 1645//1541 1646//1542
f 1610//1506 1646//1542 1611//1507
f 1611//1507 1646//1542 1647//1543
f 1611//1507 1647//1543 1612//1508
f 1612//1508 1647//1543 1648//1544
f 1612//1508 1648//1544 1613//1509
f 1613//1509 1648//1544 1649//1545
f 1613//1509 1649//1545 1614//1510
f 1614//1510 1649//1545 1650//1546
f 1614//1510 1650//1546 1615//1511
f 1615//1511 1650//1546 1651//1547
f 1615//1511 1651//1547 1616//1512
f 1616//1512 1651//1547 1652//1548
f 1616//1512 1652//1548 1617//1513
f 1617//1513 1652//1548 1653//1549
f 1617//1513 1653//1549 1618//1514
f 1618//1514 1653//1549 1654//1550
f 1618//1514 1654//1550 1619//1515
f 1619//1515 1654//1550 1655//1551
f 1619//1515 1655//1551 1620//1516
f 1620//1516 1655//1551 1656//1552
f 1620//1516 1656//1552 1621//1517
f 1621//1517 1656//1552 1657//1553
f 1621//1517 1657//1553 1622//1518
f 1622//1518 1657//1553 1658//1554
f 1622//1518 1658//1554 1623//1519
f 1623//1519 1658//1554 1659//1555
f 1623//1519 1659//1555 1624//1520
f 1624//1520 1659//1555 1660//1556
f 1624//1520 1660//1556 1625//1521
f 1625//1521 1660//1556 1661//1557
f 1625//1521 1661//1557 1626//1522
f 1626//1522 1661//1557 1662//1558
f 1626//1522 1662//1558 1627//1523
f 1627//1523 1662//1558 1663//1559
f 1627//1523 1663//1559 1628//1524
f 1628//1524 1663//1559 1664//1560
f 1628//1524 1664//1560 1629//1525
f 1629//1525 1664//1560 1665//1561
f 1629//1525 1665//1561 1630//1526
f 1630//1526 1665//1561 1666//1562
f 1630//1526 1666//1562 1631//1527
f 1631//1527 1666//1562 1667//1563
f 1631//1527 1667//1563 1632//1528
f 1632//1528 1667//1563 1668//1564
f 1632//1528 1668//1564 1633//1529
f 1633//1529 1668//1564 1669//1565
f 1633//1529 1669//1565 1634//1530
f 1634//1530 1669//1565 1670//1566
f 1634//1530 1670//1566 1635//1531
f 1635//1531 1670//1566 1671//1567
f 1635//1531 1671//1567 1636//1532
f 1636//1532 1671//1567 1672//1568
f 1636//1532 1672//1568 1637//1533
f 1637//1533 1672//1568 1673//1569
f 1637//1533 1673//1569 1638//1534
f 1638//1534 1673//1569 1674//1570
f 1638//1534 1674//1570 1639//1535
f 1639//1535 1674//1570 1675//1571
f 1639//1535 1675//1571 1640//1536
f 1640//1536 1675//1571 1676//1572
f 1640//1536 1676//1572 1641//1537
f 1641//1537 1676//1572 1677//1573
f 1641//1537 1677//1573 1642//1538
f 1642//1538 1677//1573 1678//1574
f 1642//1538 1678//1574 1643//1539
f 1643//1539 1678//1574 1679//1575
f 1643//1539 1679//1575 1644//1540
f 1644//1540 1679//1575 1680//1576
f 1644//1540 1680//1576 1609//1505
f 1609//1505 1680//1576 1645//1541
f 1645//1541 1681//1577 1646//1542
f 1646//1542 1681//1577 1682//1578
f 1646//1542 1682//1578 1647//1543
f 1647//1543 1682//1578 1683//1579
f 1647//1543 1683//1579 1648//1544
f 1648//1544 1683//1579 1684//1580
f 1648//1544 1684//1580 1649//1545
f 1649//1545 1684//1580 1685//1581
f 1649//1545 1685//1581 1650//1546
f 1650//1546 1685//1581 1686//1582
f 1650//1546 1686//1582 1651//1547
f 1651//1547 1686//1582 1687//1583
f 1651//1547 1687//1583 1652//1548
f 1652//1548 1687//1583 1688//1584
f 1652//1548 1688//1584 1653//1549
f 1653//1549 1688//1584 1689//1585
f 1653//1549 1689//1585 1654//1550
f 1654//1550 1689//1585 1690//1586
f 1654//1550 1690//1586 1655//1551
f 1655//1551 1690//1586 1691//1587
f 1655//1551 1691//1587 1656//1552
f 1656//1552 1691//1587 1692//1588
f 1656//1552 1692//1588 1657//1553
f 1657//1553 1692//1588 1693//1589
f 1657//1553 1693//1589 1658//1554
f 1658//1554 1693//1589 1694//1590
f 1658//1554 1694//1590 1659//1555
f 1659//1555 1694//1590 1695//1591
f 1659//1555 1695//1591 1660//1556
f 1660//1556 1695//1591 1696//1592
f 1660//1556 1696//1592 1661//1557
f 1661//1557 1696//1592 1697//1593
f 1661//1557 1697//1593 1662//1558
f 1662//1558 1697//1593 1698//1594
f 1662//1558 1698//1594 1663//1559
f 1663//1559 1698//1594 1699//1595
f 1663//1559 1699//1595 1664//1560
f 1664//1560 1699//1595 1700//1596
f 1664//1560 1700//1596 1665//1561
f 1665//1561 1700//1596 1701//1597
f 1665//1561 1701//1597 1666//1562
f 1666//1562 1701//1597 1702//1598
f 1666//1562 1702//1598 1667//1563
f 1667//1563 1702//1598 1703//1599
f 1667//1563 1703//1599 1668//1564
f 1668//1564 1703//1599 1704//1600
f 1668//1564 1704//1600 1669//1565
f 1669//1565 1704//1600 1705//1601
f 1669//1565 1705//1601 1670//1566
f 1670//1566 1705//1601 1706//1602
f 1670//1566 1706//1602 1671//1567
f 1671//1567 1706//1602 1707//1603
f 1671//1567 1707//1603 1672//1568
f 1672//1568 1707//1603 1708//1604
f 1672//1568 1708//1604 1673//1569
f 1673//1569 1708//1604 1709//1605
f 1673//1569 1709//1605 1674//1570
f 1674//1570 1709//1605 1710//1606
f 1674//1570 1710//1606 1675//1571
f 1675//1571 1710//1606 1711//1607
f 1675//1571 1711//1607 1676//1572
f 1676//1572 1711//1607 1712//1608
f 1676//1572 1712//1608 1677//1573
f 1677//1573 1712//1608 1713//1609
f 1677//1573 1713//1609 1678//1574
f 1678//1574 1713//1609 1714//1610
f 1678//1574 1714//1610 1679//1575
f 1679//1575 1714//1610 1715//1611
f 1679//1575 1715//1611 1680//1576
f 1680//1576 1715//1611 1716//1612
f 1680//1576 1716//1612 1645//1541
f 1645//1541 1716//1612 1681//1577
f 1681//1577 1717//1613 1682//1578
f 1682//1578 1717//1613 1718//1614
f 1682//1578 1718//1614 1683//1579
f 1683//1579 1718//1614 1719//1615
f 1683//1579 1719//1615 1684//1580
f 1684//1580 1719//1615 1720//1616
f 1684//1580 1720//1616 1685//1581
f 1685//1581 1720//1616 1721//1617
f 1685//1581 1721//1617 1686//1582
f 1686//1582 1721//1617 1722//1618
f 1686//1582 1722//1618 1687//1583
f 1687//1583 1722//1618 1723//1619
f 1687//1583 1723//1619 1688//1584
f 1688//1584 1723//1619 1724//1620
f 1688//1584 1724//1620 1689//1585
f 1689//1585 1724//1620 1725//1621
f 1689//1585 1725//1621 1690//1586
f 1690//1586 1725//1621 1726//1622
f 1690//1586 1726//1622 1691//1587
f 1691//1587 1726//1622 1727//1623
f 1691//1587 1727//1623 1692//1588
f 1692//1588 1727//1623 1728//1624
f 1692//1588 1728//1624 1693//1589
f 1693//1589 1728//1624 1729//1625
f 1693//1589 1729//1625 1694//1590
f 1694//1590 1729//1625 1730//1626
f 1694//1590 1730//1626 1695//1591
f 1695//1591 1730//1626 1731//1627
f 1695//1591 1731//1627 1696//1592
f 1696//1592 1731//1627 1732//1628
f 1696//1592 1732//1628 1697//1593
f 1697//1593 1732//1628 1733//1629
f 1697//1593 1733//1629 1698//1594
f 1698//1594 1733//1629 1734//1630
f 1698//1594 1734//1630 1699//1595
f 1699//1595 1734//1630 1735//1631
f 1699//1595 1735//1631 1700//1596
f 1700//1596 1735//1631 1736//1632
f 1700//1596 1736//1632 1701//1597
f 1701//1597 1736//1632 1737//1633
f 1701//1597 1737//1633 1702//1598
f 1702//1598 1737//1633 1738//1634
f 1702//1598 1738//1634 1703//1599
f 1703//1599 1738//1634 1739//1635
f 1703//1599 1739//1635 1704//1600
f 1704//1600 1739//1635 1740//1636
f 1704//1600 1740//1636 1705//1601
f 1705//1601 1740//1636 1741//1637
f 1705//1601 1741//1637 1706//1602
f 1706//1602 1741//1637 1742//1638
f 1706//1602 1742//1638 1707//1603
f 1707//1603 1742//1638 1743//1639
f 1707//1603 1743//1639 1708//1604
f 1708//1604 1743//1639 1744//1640
f 1708//1604 1744//1640 1709//1605
f 1709//1605 1744//1640 1745//1641
f 1709//1605 1745//1641 1710//1606
f 1710//1606 1745//1641 1746//1642
f 1710//1606 1746//1642 1711//1607
f 1711//1607 1746//1642 1747//1643
f 1711//1607 1747//1643 1712//1608
f 1712//1608 1747//1643 1748//1644
f 1712//1608 1748//1644 1713//1609
f 1713//1609 1748//1644 1749//1645
f 1713//1609 1749//1645 1714//1610
f 1714//1610 1749//1645 1750//1646
f 1714//1610 1750//1646 1715//1611
f 1715//1611 1750//1646 1751//1647
f 1715//1611 1751//1647 1716//1612
f 1716//1612 1751//1647 1752//1648
f 1716//1612 1752//1648 1681//1577
f 1681//1577 1752//1648 1717//1613
f 1717//1613 797//693 1718//1614
f 1718//1614 797//693 799//695
f 1718//1614 799//695 1719//1615
f 1719//1615 799//695 801//697
f 1719//1615 801//697 1720//1616
f 1720//1616 801//697 803//699
f 1720//1616 803//699 1721//1617
f 1721//1617 803//699 805//701
f 1721//1617 805//701 1722//1618
f 1722//1618 805//701 807//703
f 1722//1618 807//703 1723//1619
f 1723//1619 807//703 809//705
f 1723//1619 809//705 1724//1620
f 1724//1620 809//705 811//707
f 1724//1620 811//707 1725//1621
f 1725//1621 811//707 813//709
f 1725//1621 813//709 1726//1622
f 1726//1622 813//709 743//639
f 1726//1622 743//639 1727//1623
f 1727//1623 743//639 745//641
f 1727//1623 745//641 1728//1624
f 1728//1624 745//641 747//643
f 1728//1624 747//643 1729//1625
f 1729//1625 747//643 749//645
f 1729//1625 749//645 1730//1626
f 1730//1626 749//645 751//647
f 1730//1626 751//647 1731//1627
f 1731//1627 751//647 753//649
f 1731//1627 753//649 1732//1628
f 1732//1628 753//649 755//651
f 1732//1628 755//651 1733//1629
f 1733//1629 755//651 757//653
f 1733//1629 757//653 1734//1630
f 1734//1630 757//653 759//655
f 1734//1630 759//655 1735//1631
f 1735//1631 759//655 761//657
f 1735//1631 761//657 1736//1632
f 1736//1632 761//657 763//659
f 1736//1632 763//659 1737//1633
f 1737//1633 763//659 765//661
f 1737//1633 765//661 1738//1634
f 1738//1634 765//661 767//663
f 1738//1634 767//663 1739//1635
f 1739//1635 767//663 769//665
f 1739//1635 769//665 1740//1636
f 1740//1636 769//665 771//667
f 1740//1636 771//667 1741//1637
f 1741//1637 771//667 773//669
f 1741//1637 773//669 1742//1638
f 1742//1638 773//669 775//671
f 1742//1638 775//671 1743//1639
f 1743//1639 775//671 777//673
f 1743//1639 777//673 1744//1640
f 1744//1640 777//673 779//675
f 1744//1640 779//675 1745//1641
f 1745//1641 779//675 781//677
f 1745//1641 781//677 1746//1642
f 1746//1642 781//677 783//679
f 1746//1642 783//679 1747//1643
f 1747//1643 783//679 785//681
f 1747//1643 785//681 1748//1644
f 1748//1644 785//681 787//683
f 1748//1644 787//683 1749//1645
f 1749//1645 787//683 789//685
f 1749//1645 789//685 1750//1646
f 1750//1646 789//685 791//687
f 1750//1646 791//687 1751//1647
f 1751//1647 791//687 793//689
f 1751//1647 793//689 1752//1648
f 1752//1648 793//689 795//691
f 1752//1648 795//691 1717//1613
f 1717//1613 795//691 797//693
f 894//790 892//788 959//855
f 890//786 888//784 953//849
f 953//849 955//851 890//786
f 890//786 955//851 956//852
f 890//786 956//852 892//788
f 892//788 956//852 958//854
f 892//788 958//854 959//855
f 882//778 947//843 884//780
f 884//780 947//843 949//845
f 884//780 949//845 886//782
f 886//782 949//845 950//846
f 886//782 950//846 888//784
f 888//784 950//846 952//848
f 888//784 952//848 953//849
f 880//776 878//774 941//837
f 941//837 943//839 880//776
f 880//776 943//839 944//840
f 880//776 944//840 882//778
f 882//778 944//840 946//842
f 882//778 946//842 947//843
f 876//772 874//770 935//831
f 935//831 937//833 876//772
f 876//772 937//833 938//834
f 876//772 938//834 878//774
f 878//774 938//834 940//836
f 878//774 940//836 941//837
f 872//768 870//766 929//825
f 929//825 931//827 872//768
f 872//768 931//827 932//828
f 872//768 932//828 874//770
f 874//770 932//828 934//830
f 874//770 934//830 935//831
f 868//764 866//762 1029//925
f 1029//925 1028//924 868//764
f 868//764 1028//924 927//823
f 868//764 927//823 870//766
f 870//766 927//823 926//822
f 870//766 926//822 929//825
f 864//760 862//758 1025//921
f 1025//921 1024//920 864//760
f 864//760 1024//920 1032//928
f 864//760 1032//928 866//762
f 866//762 1032//928 1031//927
f 866//762 1031//927 1029//925
f 860//756 858//754 1019//915
f 1019//915 1018//914 860//756
f 860//756 1018//914 1027//923
f 860//756 1027//923 862//758
f 862//758 1027//923 1026//922
f 862//758 1026//922 1025//921
f 856//752 854//750 1013//909
f 1013//909 1012//908 856//752
f 856//752 1012//908 1021//917
f 856//752 1021//917 858//754
f 858//754 1021//917 1020//916
f 858//754 1020//916 1019//915
f 852//748 924//820 1007//903
f 1007//903 1006//902 852//748
f 852//748 1006//902 1015//911
f 852//748 1015//911 854//750
f 854//750 1015//911 1014//910
f 854//750 1014//910 1013//909
f 922//818 920//816 1001//897
f 1001//897 1003//899 922//818
f 922//818 1003//899 1009//905
f 922//818 1009//905 924//820
f 924//820 1009//905 1008//904
f 924//820 1008//904 1007//903
f 918//814 916//812 995//891
f 995//891 997//893 918//814
f 918//814 997//893 998//894
f 918//814 998//894 920//816
f 920//816 998//894 1000//896
f 920//816 1000//896 1001//897
f 914//810 912//808 989//885
f 989//885 991//887 914//810
f 914//810 991//887 992//888
f 914//810 992//888 916//812
f 916//812 992//888 994//890
f 916//812 994//890 995//891
f 910//806 908//804 983//879
f 983//879 985//881 910//806
f 910//806 985//881 986//882
f 910//806 986//882 912//808
f 912//808 986//882 988//884
f 912//808 988//884 989//885
f 906//802 904//800 977//873
f 977//873 979//875 906//802
f 906//802 979//875 980//876
f 906//802 980//876 908//804
f 908//804 980//876 982//878
f 908//804 982//878 983//879
f 902//798 900//796 971//867
f 971//867 973//869 902//798
f 902//798 973//869 974//870
f 902//798 974//870 904//800
f 904//800 974//870 976//872
f 904//800 976//872 977//873
f 898//794 896//792 965//861
f 965//861 967//863 898//794
f 898//794 967//863 968//864
f 898//794 968//864 900//796
f 900//796 968//864 970//866
f 900//796 970//866 971//867
f 959//855 961//857 894//790
f 894//790 961//857 962//858
f 894//790 962//858 896//792
f 896//792 962//858 964//860
f 896//792 964//860 965//861
f 817//713 1753//1649 816//712
f 816//712 1753//1649 1754//1650
f 816//712 1754//1650 815//711
f 815//711 1754//1650 1755//1651
f 815//711 1755//1651 850//746
f 850//746 1755//1651 1756//1652
f 850//746 1756//1652 849//745
f 849//745 1756//1652 1757//1653
f 849//745 1757//1653 848//744
f 848//744 1757//1653 1758//1654
f 848//744 1758//1654 847//743
f 847//743 1758//1654 1759//1655
f 847//743 1759//1655 846//742
f 846//742 1759//1655 1760//1656
f 846//742 1760//1656 845//741
f 845//741 1760//1656 1761//1657
f 845//741 1761//1657 844//740
f 844//740 1761//1657 1762//693
f 844//740 1762//693 843//739
f 843//739 1762//693 1763//1658
f 843//739 1763//1658 842//738
f 842//738 1763//1658 1764//1659
f 842//738 1764//1659 841//737
f 841//737 1764//1659 1765//1660
f 841//737 1765//1660 840//736
f 840//736 1765//1660 1766//1661
f 840//736 1766//1661 839//735
f 839//735 1766//1661 1767//1662
f 839//735 1767//1662 838//734
f 838//734 1767//1662 1768//1663
f 838//734 1768//1663 837//733
f 837//733 1768//1663 1769//1664
f 837//733 1769//1664 836//732
f 836//732 1769//1664 1770//1665
f 836//732 1770//1665 835//731
f 835//731 1770//1665 1771//1666
f 835//731 1771//1666 834//730
f 834//730 1771//1666 1772//1667
f 834//730 1772//1667 833//729
f 833//729 1772//1667 1773//1668
f 833//729 1773//1668 832//728
f 832//728 1773//1668 1774//1669
f 832//728 1774//1669 831//727
f 831//727 1774//1669 1775//1670
f 831//727 1775//1670 830//726
f 830//726 1775//1670 1776//1671
f 830//726 1776//1671 829//725
f 829//725 1776//1671 1777//1672
f 829//725 1777//1672 828//724
f 828//724 1777//1672 1778//1673
f 828//724 1778//1673 827//723
f 827//723 1778//1673 1779//1674
f 827//723 1779//1674 826//722
f 826//722 1779//1674 1780//657
f 826//722 1780//657 825//721
f 825//721 1780//657 1781//1675
f 825//721 1781//1675 824//720
f 824//720 1781//1675 1782//1676
f 824//720 1782//1676 823//719
f 823//719 1782//1676 1783//1677
f 823//719 1783//1677 822//718
f 822//718 1783//1677 1784//1678
f 822//718 1784//1678 821//717
f 821//717 1784//1678 1785//1679
f 821//717 1785//1679 820//716
f 820//716 1785//1679 1786//1680
f 820//716 1786//1680 819//715
f 819//715 1786//1680 1787//1681
f 819//715 1787//1681 818//714
f 818//714 1787//1681 1788//1682
f 818//714 1788//1682 817//713
f 817//713 1788//1682 1753//1649
f 1789//1683 893//789 895//791
f 897//793 1790//1684 895//791
f 895//791 1790//1684 1791//1685
f 895//791 1791//1685 1789//1683
f 899//795 1792//1686 897//793
f 897//793 1792//1686 1793//1687
f 897//793 1793//1687 1790//1684
f 901//797 1794//1688 899//795
f 899//795 1794//1688 1795//1689
f 899//795 1795//1689 1792//1686
f 903//799 1796//1690 901//797
f 901//797 1796//1690 1797//1691
f 901//797 1797//1691 1794//1688
f 905//801 1798//1692 903//799
f 903//799 1798//1692 1799//1693
f 903//799 1799//1693 1796//1690
f 907//803 1800//1694 905//801
f 905//801 1800//1694 1801//1695
f 905//801 1801//1695 1798//1692
f 909//805 1802//1696 907//803
f 907//803 1802//1696 1803//1697
f 907//803 1803//1697 1800//1694
f 911//807 1804//1698 909//805
f 909//805 1804//1698 1805//1699
f 909//805 1805//1699 1802//1696
f 913//809 1806//1700 911//807
f 911//807 1806//1700 1807//1701
f 911//807 1807//1701 1804//1698
f 915//811 1808//1702 913//809
f 913//809 1808//1702 1809//1703
f 913//809 1809//1703 1806//1700
f 917//813 1810//1704 915//811
f 915//811 1810//1704 1811//1705
f 915//811 1811//1705 1808//1702
f 919//815 1812//1706 917//813
f 917//813 1812//1706 1813//1707
f 917//813 1813//1707 1810//1704
f 921//817 1814//1708 919//815
f 919//815 1814//1708 1815//1709
f 919//815 1815//1709 1812//1706
f 923//819 1816//1710 921//817
f 921//817 1816//1710 1817//1711
f 921//817 1817//1711 1814//1708
f 851//747 1818//1712 923//819
f 923//819 1818//1712 1819//1713
f 923//819 1819//1713 1816//1710
f 853//749 1820//1714 851//747
f 851//747 1820//1714 1821//1715
f 851//747 1821//1715 1818//1712
f 855//751 1822//1716 853//749
f 853//749 1822//1716 1823//1717
f 853//749 1823//1717 1820//1714
f 857//753 1824//1718 855//751
f 855//751 1824//1718 1825//1719
f 855//751 1825//1719 1822//1716
f 859//755 1826//1720 857//753
f 857//753 1826//1720 1827//1721
f 857//753 1827//1721 1824//1718
f 861//757 1828//1722 859//755
f 859//755 1828//1722 1829//1723
f 859//755 1829//1723 1826//1720
f 863//759 1830//1724 861//757
f 861//757 1830//1724 1831//1725
f 861//757 1831//1725 1828//1722
f 865//761 1832//1726 863//759
f 863//759 1832//1726 1833//1727
f 863//759 1833//1727 1830//1724
f 867//763 1834//1728 865//761
f 865//761 1834//1728 1835//1729
f 865//761 1835//1729 1832//1726
f 869//765 1836//1730 867//763
f 867//763 1836//1730 1837//1731
f 867//763 1837//1731 1834//1728
f 871//767 1838//1732 869//765
f 869//765 1838//1732 1839//1733
f 869//765 1839//1733 1836//1730
f 873//769 1840//1734 871//767
f 871//767 1840//1734 1841//1735
f 871//767 1841//1735 1838//1732
f 875//771 1842//1736 873//769
f 873//769 1842//1736 1843//1737
f 873//769 1843//1737 1840//1734
f 877//773 1844//1738 875//771
f 875//771 1844//1738 1845//1739
f 875//771 1845//1739 1842//1736
f 879//775 1846//1740 877//773
f 877//773 1846//1740 1847//1741
f 877//773 1847//1741 1844//1738
f 881//777 1848//1742 879//775
f 879//775 1848//1742 1849//1743
f 879//775 1849//1743 1846//1740
f 887//783 1850//1744 885//781
f 885//781 1850//1744 1851//1745
f 885//781 1851//1745 883//779
f 883//779 1851//1745 1852//1746
f 883//779 1852//1746 881//777
f 881//777 1852//1746 1853//1747
f 881//777 1853//1747 1848//1742
f 889//785 1854//1748 887//783
f 887//783 1854//1748 1855//1749
f 887//783 1855//1749 1850//1744
f 891//787 1856//1750 889//785
f 889//785 1856//1750 1857//1751
f 889//785 1857//1751 1854//1748
f 1789//1683 1858//1752 893//789
f 893//789 1858//1752 1859//1753
f 893//789 1859//1753 891//787
f 891//787 1859//1753 1860//1754
f 891//787 1860//1754 1856//1750
f 1861//1755 1828//1722 1831//1725
f 1861//1755 1831//1725 1862//1756
f 1828//1722 1861//1755 1829//1723
f 1829//1723 1861//1755 1863//1757
f 1829//1723 1863//1757 1826//1720
f 1826//1720 1863//1757 1827//1721
f 1827//1721 1863//1757 1864//1758
f 1827//1721 1864//1758 1824//1718
f 1824//1718 1864//1758 1825//1719
f 1825//1719 1864//1758 1865//1759
f 1825//1719 1865//1759 1822//1716
f 1822//1716 1865//1759 1823//1717
f 1823//1717 1865//1759 1866//1760
f 1823//1717 1866//1760 1820//1714
f 1820//1714 1866//1760 1821//1715
f 1821//1715 1866//1760 1867//1761
f 1821//1715 1867//1761 1818//1712
f 1818//1712 1867//1761 1819//1713
f 1819//1713 1867//1761 1868//1762
f 1819//1713 1868//1762 1816//1710
f 1816//1710 1868//1762 1817//1711
f 1817//1711 1868//1762 1869//1763
f 1817//1711 1869//1763 1814//1708
f 1814//1708 1869//1763 1815//1709
f 1815//1709 1869//1763 1870//1764
f 1815//1709 1870//1764 1812//1706
f 1812//1706 1870//1764 1813//1707
f 1813//1707 1870//1764 1871//1765
f 1813//1707 1871//1765 1810//1704
f 1810//1704 1871//1765 1811//1705
f 1811//1705 1871//1765 1872//1766
f 1811//1705 1872//1766 1808//1702
f 1808//1702 1872//1766 1809//1703
f 1809//1703 1872//1766 1873//1767
f 1809//1703 1873//1767 1806//1700
f 1806//1700 1873//1767 1807//1701
f 1807//1701 1873//1767 1874//1768
f 1807//1701 1874//1768 1804//1698
f 1804//1698 1874//1768 1805//1699
f 1805//1699 1874//1768 1875//1769
f 1805//1699 1875//1769 1802//1696
f 1802//1696 1875//1769 1803//1697
f 1803//1697 1875//1769 1876//1770
f 1803//1697 1876//1770 1800//1694
f 1800//1694 1876//1770 1801//1695
f 1801//1695 1876//1770 1877//1771
f 1801//1695 1877//1771 1798//1692
f 1798//1692 1877//1771 1799//1693
f 1799//1693 1877//1771 1878//1772
f 1799//1693 1878//1772 1796//1690
f 1796//1690 1878//1772 1797//1691
f 1797//1691 1878//1772 1879//1773
f 1797//1691 1879//1773 1794//1688
f 1794//1688 1879//1773 1795//1689
f 1795//1689 1879//1773 1880//1774
f 1795//1689 1880//1774 1792//1686
f 1792//1686 1880//1774 1793//1687
f 1793//1687 1880//1774 1881//1775
f 1793//1687 1881//1775 1790//1684
f 1790//1684 1881//1775 1791//1685
f 1791//1685 1881//1775 1882//1776
f 1791//1685 1882//1776 1789//1683
f 1789//1683 1882//1776 1858//1752
f 1858//1752 1882//1776 1883//1777
f 1858//1752 1883//1777 1859//1753
f 1859//1753 1883//1777 1860//1754
f 1860//1754 1883//1777 1884//1778
f 1860//1754 1884//1778 1856//1750
f 1856//1750 1884//1778 1857//1751
f 1857//1751 1884//1778 1885//1779
f 1857//1751 1885//1779 1854//1748
f 1854//1748 1885//1779 1855//1749
f 1855//1749 1885//1779 1886//1780
f 1855//1749 1886//1780 1850//1744
f 1850//1744 1886//1780 1851//1745
f 1851//1745 1886//1780 1887//1781
f 1851//1745 1887//1781 1852//1746
f 1888//1782 1889//1783 1846//1740
f 1846//1740 1849//1743 1888//1782
f 1888//1782 1849//1743 1848//1742
f 1888//1782 1848//1742 1887//1781
f 1887//1781 1848//1742 1853//1747
f 1887//1781 1853//1747 1852//1746
f 1890//1784 1891//1785 1842//1736
f 1842//1736 1845//1739 1890//1784
f 1890//1784 1845//1739 1844//1738
f 1890//1784 1844//1738 1889//1783
f 1889//1783 1844//1738 1847//1741
f 1889//1783 1847//1741 1846//1740
f 1892//1786 1893//1787 1838//1732
f 1838//1732 1841//1735 1892//1786
f 1892//1786 1841//1735 1840//1734
f 1892//1786 1840//1734 1891//1785
f 1891//1785 1840//1734 1843//1737
f 1891//1785 1843//1737 1842//1736
f 1894//1788 1895//1789 1834//1728
f 1834//1728 1837//1731 1894//1788
f 1894//1788 1837//1731 1836//1730
f 1894//1788 1836//1730 1893//1787
f 1893//1787 1836//1730 1839//1733
f 1893//1787 1839//1733 1838//1732
f 1831//1725 1830//1724 1862//1756
f 1862//1756 1830//1724 1833//1727
f 1862//1756 1833//1727 1896//1790
f 1896//1790 1833//1727 1832//1726
f 1896//1790 1832//1726 1895//1789
f 1895//1789 1832//1726 1835//1729
f 1895//1789 1835//1729 1834//1728
f 1897//947 1895//1789 1898//1791
f 1898//1791 1895//1789 1894//1788
f 1898//1791 1894//1788 1899//1792
f 1899//1792 1894//1788 1893//1787
f 1899//1792 1893//1787 1900//1793
f 1900//1793 1893//1787 1892//1786
f 1900//1793 1892//1786 1901//1794
f 1901//1794 1892//1786 1891//1785
f 1901//1794 1891//1785 1902//1795
f 1902//1795 1891//1785 1890//1784
f 1902//1795 1890//1784 1903//1796
f 1903//1796 1890//1784 1889//1783
f 1903//1796 1889//1783 1904//1797
f 1904//1797 1889//1783 1888//1782
f 1904//1797 1888//1782 1905//1798
f 1905//1798 1888//1782 1887//1781
f 1905//1798 1887//1781 1906//1799
f 1906//1799 1887//1781 1886//1780
f 1906//1799 1886//1780 1907//1800
f 1907//1800 1886//1780 1885//1779
f 1907//1800 1885//1779 1908//1801
f 1908//1801 1885//1779 1884//1778
f 1908//1801 1884//1778 1909//1802
f 1909//1802 1884//1778 1883//1777
f 1909//1802 1883//1777 1910//1803
f 1910//1803 1883//1777 1882//1776
f 1910//1803 1882//1776 1911//1804
f 1911//1804 1882//1776 1881//1775
f 1911//1804 1881//1775 1912//1805
f 1912//1805 1881//1775 1880//1774
f 1912//1805 1880//1774 1913//1806
f 1913//1806 1880//1774 1879//1773
f 1913//1806 1879//1773 1914//1807
f 1914//1807 1879//1773 1878//1772
f 1914//1807 1878//1772 1915//929
f 1915//929 1878//1772 1877//1771
f 1915//929 1877//1771 1916//1808
f 1916//1808 1877//1771 1876//1770
f 1916//1808 1876//1770 1917//1809
f 1917//1809 1876//1770 1875//1769
f 1917//1809 1875//1769 1918//1810
f 1918//1810 1875//1769 1874//1768
f 1918//1810 1874//1768 1919//1811
f 1919//1811 1874//1768 1873//1767
f 1919//1811 1873//1767 1920//1812
f 1920//1812 1873//1767 1872//1766
f 1920//1812 1872//1766 1921//1813
f 1921//1813 1872//1766 1871//1765
f 1921//1813 1871//1765 1922//1814
f 1922//1814 1871//1765 1870//1764
f 1922//1814 1870//1764 1923//1815
f 1923//1815 1870//1764 1869//1763
f 1923//1815 1869//1763 1924//1816
f 1924//1816 1869//1763 1868//1762
f 1924//1816 1868//1762 1925//1817
f 1925//1817 1868//1762 1867//1761
f 1925//1817 1867//1761 1926//1818
f 1926//1818 1867//1761 1866//1760
f 1926//1818 1866//1760 1927//1819
f 1927//1819 1866//1760 1865//1759
f 1927//1819 1865//1759 1928//1820
f 1928//1820 1865//1759 1864//1758
f 1928//1820 1864//1758 1929//1821
f 1929//1821 1864//1758 1863//1757
f 1929//1821 1863//1757 1930//1822
f 1930//1822 1863//1757 1861//1755
f 1930//1822 1861//1755 1931//1823
f 1931//1823 1861//1755 1862//1756
f 1931//1823 1862//1756 1932//1824
f 1932//1824 1862//1756 1896//1790
f 1932//1824 1896//1790 1897//947
f 1897//947 1896//1790 1895//1789
f 1933//1825 1898//1791 1934//1826
f 1934//1826 1898//1791 1899//1792
f 1934//1826 1899//1792 1935//1827
f 1935//1827 1899//1792 1900//1793
f 1935//1827 1900//1793 1936//1828
f 1936//1828 1900//1793 1901//1794
f 1936//1828 1901//1794 1937//1829
f 1937//1829 1901//1794 1902//1795
f 1937//1829 1902//1795 1938//1830
f 1938//1830 1902//1795 1903//1796
f 1938//1830 1903//1796 1939//1831
f 1939//1831 1903//1796 1904//1797
f 1939//1831 1904//1797 1940//1832
f 1940//1832 1904//1797 1905//1798
f 1940//1832 1905//1798 1941//1833
f 1941//1833 1905//1798 1906//1799
f 1941//1833 1906//1799 1942//1834
f 1942//1834 1906//1799 1907//1800
f 1942//1834 1907//1800 1943//1835
f 1943//1835 1907//1800 1908//1801
f 1943//1835 1908//1801 1944//1836
f 1944//1836 1908//1801 1909//1802
f 1944//1836 1909//1802 1945//1837
f 1945//1837 1909//1802 1910//1803
f 1945//1837 1910//1803 1946//1838
f 1946//1838 1910//1803 1911//1804
f 1946//1838 1911//1804 1947//1839
f 1947//1839 1911//1804 1912//1805
f 1947//1839 1912//1805 1948//1840
f 1948//1840 1912//1805 1913//1806
f 1948//1840 1913//1806 1949//1841
f 1949//1841 1913//1806 1914//1807
f 1949//1841 1914//1807 1950//1842
f 1950//1842 1914//1807 1915//929
f 1950//1842 1915//929 1951//1843
f 1951//1843 1915//929 1916//1808
f 1951//1843 1916//1808 1952//1844
f 1952//1844 1916//1808 1917//1809
f 1952//1844 1917//1809 1953//1845
f 1953//1845 1917//1809 1918//1810
f 1953//1845 1918//1810 1954//1846
f 1954//1846 1918//1810 1919//1811
f 1954//1846 1919//1811 1955//1847
f 1955//1847 1919//1811 1920//1812
f 1955//1847 1920//1812 1956//1848
f 1956//1848 1920//1812 1921//1813
f 1956//1848 1921//1813 1957//1849
f 1957//1849 1921//1813 1922//1814
f 1957//1849 1922//1814 1958//1850
f 1958//1850 1922//1814 1923//1815
f 1958//1850 1923//1815 1959//1851
f 1959//1851 1923//1815 1924//1816
f 1959//1851 1924//1816 1960//1852
f 1960//1852 1924//1816 1925//1817
f 1960//1852 1925//1817 1961//1853
f 1961//1853 1925//1817 1926//1818
f 1961//1853 1926//1818 1962//1854
f 1962//1854 1926//1818 1927//1819
f 1962//1854 1927//1819 1963//1855
f 1963//1855 1927//1819 1928//1820
f 1963//1855 1928//1820 1964//1856
f 1964//1856 1928//1820 1929//1821
f 1964//1856 1929//1821 1965//1857
f 1965//1857 1929//1821 1930//1822
f 1965//1857 1930//1822 1966//1858
f 1966//1858 1930//1822 1931//1823
f 1966//1858 1931//1823 1967//1859
f 1967//1859 1931//1823 1932//1824
f 1967//1859 1932//1824 1968//1860
f 1968//1860 1932//1824 1897//947
f 1968//1860 1897//947 1933//1825
f 1933//1825 1897//947 1898//1791
f 1969//1019 1934//1826 1970//1861
f 1970//1861 1934//1826 1935//1827
f 1970//1861 1935//1827 1971//1862
f 1971//1862 1935//1827 1936//1828
f 1971//1862 1936//1828 1972//1863
f 1972//1863 1936//1828 1937//1829
f 1972//1863 1937//1829 1973//1864
f 1973//1864 1937//1829 1938//1830
f 1973//1864 1938//1830 1974//1865
f 1974//1865 1938//1830 1939//1831
f 1974//1865 1939//1831 1975//1866
f 1975//1866 1939//1831 1940//1832
f 1975//1866 1940//1832 1976//1867
f 1976//1867 1940//1832 1941//1833
f 1976//1867 1941//1833 1977//1868
f 1977//1868 1941//1833 1942//1834
f 1977//1868 1942//1834 1978//1869
f 1978//1869 1942//1834 1943//1835
f 1978//1869 1943//1835 1979//1870
f 1979//1870 1943//1835 1944//1836
f 1979//1870 1944//1836 1980//1871
f 1980//1871 1944//1836 1945//1837
f 1980//1871 1945//1837 1981//1872
f 1981//1872 1945//1837 1946//1838
f 1981//1872 1946//1838 1982//1873
f 1982//1873 1946//1838 1947//1839
f 1982//1873 1947//1839 1983//1874
f 1983//1874 1947//1839 1948//1840
f 1983//1874 1948//1840 1984//1875
f 1984//1875 1948//1840 1949//1841
f 1984//1875 1949//1841 1985//1876
f 1985//1876 1949//1841 1950//1842
f 1985//1876 1950//1842 1986//1877
f 1986//1877 1950//1842 1951//1843
f 1986//1877 1951//1843 1987//1001
f 1987//1001 1951//1843 1952//1844
f 1987//1001 1952//1844 1988//1878
f 1988//1878 1952//1844 1953//1845
f 1988//1878 1953//1845 1989//1879
f 1989//1879 1953//1845 1954//1846
f 1989//1879 1954//1846 1990//1880
f 1990//1880 1954//1846 1955//1847
f 1990//1880 1955//1847 1991//1881
f 1991//1881 1955//1847 1956//1848
f 1991//1881 1956//1848 1992//1882
f 1992//1882 1956//1848 1957//1849
f 1992//1882 1957//1849 1993//1883
f 1993//1883 1957//1849 1958//1850
f 1993//1883 1958//1850 1994//1884
f 1994//1884 1958//1850 1959//1851
f 1994//1884 1959//1851 1995//1885
f 1995//1885 1959//1851 1960//1852
f 1995//1885 1960//1852 1996//1886
f 1996//1886 1960//1852 1961//1853
f 1996//1886 1961//1853 1997//1887
f 1997//1887 1961//1853 1962//1854
f 1997//1887 1962//1854 1998//1888
f 1998//1888 1962//1854 1963//1855
f 1998//1888 1963//1855 1999//1889
f 1999//1889 1963//1855 1964//1856
f 1999//1889 1964//1856 2000//1890
f 2000//1890 1964//1856 1965//1857
f 2000//1890 1965//1857 2001//1891
f 2001//1891 1965//1857 1966//1858
f 2001//1891 1966//1858 2002//1892
f 2002//1892 1966//1858 1967//1859
f 2002//1892 1967//1859 2003//1893
f 2003//1893 1967//1859 1968//1860
f 2003//1893 1968//1860 2004//1894
f 2004//1894 1968//1860 1933//1825
f 2004//1894 1933//1825 1969//1019
f 1969//1019 1933//1825 1934//1826
f 2005//1055 1970//1861 2006//1895
f 2006//1895 1970//1861 1971//1862
f 2006//1895 1971//1862 2007//1896
f 2007//1896 1971//1862 1972//1863
f 2007//1896 1972//1863 2008//1897
f 2008//1897 1972//1863 1973//1864
f 2008//1897 1973//1864 2009//1898
f 2009//1898 1973//1864 1974//1865
f 2009//1898 1974//1865 2010//1899
f 2010//1899 1974//1865 1975//1866
f 2010//1899 1975//1866 2011//1900
f 2011//1900 1975//1866 1976//1867
f 2011//1900 1976//1867 2012//1901
f 2012//1901 1976//1867 1977//1868
f 2012//1901 1977//1868 2013//1902
f 2013//1902 1977//1868 1978//1869
f 2013//1902 1978//1869 2014//1903
f 2014//1903 1978//1869 1979//1870
f 2014//1903 1979//1870 2015//1904
f 2015//1904 1979//1870 1980//1871
f 2015//1904 1980//1871 2016//1905
f 2016//1905 1980//1871 1981//1872
f 2016//1905 1981//1872 2017//1906
f 2017//1906 1981//1872 1982//1873
f 2017//1906 1982//1873 2018//1907
f 2018//1907 1982//1873 1983//1874
f 2018//1907 1983//1874 2019//1908
f 2019//1908 1983//1874 1984//1875
f 2019//1908 1984//1875 2020//1909
f 2020//1909 1984//1875 1985//1876
f 2020//1909 1985//1876 2021//1910
f 2021//1910 1985//1876 1986//1877
f 2021//1910 1986//1877 2022//1911
f 2022//1911 1986//1877 1987//1001
f 2022//1911 1987//1001 2023//1912
f 2023//1912 1987//1001 1988//1878
f 2023//1912 1988//1878 2024//1913
f 2024//1913 1988//1878 1989//1879
f 2024//1913 1989//1879 2025//1914
f 2025//1914 1989//1879 1990//1880
f 2025//1914 1990//1880 2026//1915
f 2026//1915 1990//1880 1991//1881
f 2026//1915 1991//1881 2027//1916
f 2027//1916 1991//1881 1992//1882
f 2027//1916 1992//1882 2028//1917
f 2028//1917 1992//1882 1993//1883
f 2028//1917 1993//1883 2029//1918
f 2029//1918 1993//1883 1994//1884
f 2029//1918 1994//1884 2030//1919
f 2030//1919 1994//1884 1995//1885
f 2030//1919 1995//1885 2031//1920
f 2031//1920 1995//1885 1996//1886
f 2031//1920 1996//1886 2032//1921
f 2032//1921 1996//1886 1997//1887
f 2032//1921 1997//1887 2033//1922
f 2033//1922 1997//1887 1998//1888
f 2033//1922 1998//1888 2034//1923
f 2034//1923 1998//1888 1999//1889
f 2034//1923 1999//1889 2035//1924
f 2035//1924 1999//1889 2000//1890
f 2035//1924 2000//1890 2036//1925
f 2036//1925 2000//1890 2001//1891
f 2036//1925 2001//1891 2037//1926
f 2037//1926 2001//1891 2002//1892
f 2037//1926 2002//1892 2038//1927
f 2038//1927 2002//1892 2003//1893
f 2038//1927 2003//1893 2039//1928
f 2039//1928 2003//1893 2004//1894
f 2039//1928 2004//1894 2040//1929
f 2040//1929 2004//1894 1969//1019
f 2040//1929 1969//1019 2005//1055
f 2005//1055 1969//1019 1970//1861
f 2041//1091 2006//1895 2042//1930
f 2042//1930 2006//1895 2007//1896
f 2042//1930 2007//1896 2043//1931
f 2043//1931 2007//1896 2008//1897
f 2043//1931 2008//1897 2044//1932
f 2044//1932 2008//1897 2009//1898
f 2044//1932 2009//1898 2045//1933
f 2045//1933 2009//1898 2010//1899
f 2045//1933 2010//1899 2046//1934
f 2046//1934 2010//1899 2011//1900
f 2046//1934 2011//1900 2047//1935
f 2047//1935 2011//1900 2012//1901
f 2047//1935 2012//1901 2048//1936
f 2048//1936 2012//1901 2013//1902
f 2048//1936 2013//1902 2049//1937
f 2049//1937 2013//1902 2014//1903
f 2049//1937 2014//1903 2050//1938
f 2050//1938 2014//1903 2015//1904
f 2050//1938 2015//1904 2051//1939
f 2051//1939 2015//1904 2016//1905
f 2051//1939 2016//1905 2052//1940
f 2052//1940 2016//1905 2017//1906
f 2052//1940 2017//1906 2053//1941
f 2053//1941 2017//1906 2018//1907
f 2053//1941 2018//1907 2054//1942
f 2054//1942 2018//1907 2019//1908
f 2054//1942 2019//1908 2055//1943
f 2055//1943 2019//1908 2020//1909
f 2055//1943 2020//1909 2056//1944
f 2056//1944 2020//1909 2021//1910
f 2056//1944 2021//1910 2057//1945
f 2057//1945 2021//1910 2022//1911
f 2057//1945 2022//1911 2058//1946
f 2058//1946 2022//1911 2023//1912
f 2058//1946 2023//1912 2059//1073
f 2059//1073 2023//1912 2024//1913
f 2059//1073 2024//1913 2060//1947
f 2060//1947 2024//1913 2025//1914
f 2060//1947 2025//1914 2061//1948
f 2061//1948 2025//1914 2026//1915
f 2061//1948 2026//1915 2062//1949
f 2062//1949 2026//1915 2027//1916
f 2062//1949 2027//1916 2063//1950
f 2063//1950 2027//1916 2028//1917
f 2063//1950 2028//1917 2064//1951
f 2064//1951 2028//1917 2029//1918
f 2064//1951 2029//1918 2065//1952
f 2065//1952 2029//1918 2030//1919
f 2065//1952 2030//1919 2066//1953
f 2066//1953 2030//1919 2031//1920
f 2066//1953 2031//1920 2067//1954
f 2067//1954 2031//1920 2032//1921
f 2067//1954 2032//1921 2068//1955
f 2068//1955 2032//1921 2033//1922
f 2068//1955 2033//1922 2069//1956
f 2069//1956 2033//1922 2034//1923
f 2069//1956 2034//1923 2070//1957
f 2070//1957 2034//1923 2035//1924
f 2070//1957 2035//1924 2071//1958
f 2071//1958 2035//1924 2036//1925
f 2071//1958 2036//1925 2072//1959
f 2072//1959 2036//1925 2037//1926
f 2072//1959 2037//1926 2073//1960
f 2073//1960 2037//1926 2038//1927
f 2073//1960 2038//1927 2074//1961
f 2074//1961 2038//1927 2039//1928
f 2074//1961 2039//1928 2075//1962
f 2075//1962 2039//1928 2040//1929
f 2075//1962 2040//1929 2076//1963
f 2076//1963 2040//1929 2005//1055
f 2076//1963 2005//1055 2041//1091
f 2041//1091 2005//1055 2006//1895
f 2077//1964 2042//1930 2078//1965
f 2078//1965 2042//1930 2043//1931
f 2078//1965 2043//1931 2079//1966
f 2079//1966 2043//1931 2044//1932
f 2079//1966 2044//1932 2080//1967
f 2080//1967 2044//1932 2045//1933
f 2080//1967 2045//1933 2081//1968
f 2081//1968 2045//1933 2046//1934
f 2081//1968 2046//1934 2082//1969
f 2082//1969 2046//1934 2047//1935
f 2082//1969 2047//1935 2083//1970
f 2083//1970 2047//1935 2048//1936
f 2083//1970 2048//1936 2084//1971
f 2084//1971 2048//1936 2049//1937
f 2084//1971 2049//1937 2085//1972
f 2085//1972 2049//1937 2050//1938
f 2085//1972 2050//1938 2086//1973
f 2086//1973 2050//1938 2051//1939
f 2086//1973 2051//1939 2087//1974
f 2087//1974 2051//1939 2052//1940
f 2087//1974 2052//1940 2088//1975
f 2088//1975 2052//1940 2053//1941
f 2088//1975 2053//1941 2089//1976
f 2089//1976 2053//1941 2054//1942
f 2089//1976 2054//1942 2090//1977
f 2090//1977 2054//1942 2055//1943
f 2090//1977 2055//1943 2091//1978
f 2091//1978 2055//1943 2056//1944
f 2091//1978 2056//1944 2092//1979
f 2092//1979 2056//1944 2057//1945
f 2092//1979 2057//1945 2093//1980
f 2093//1980 2057//1945 2058//1946
f 2093//1980 2058//1946 2094//1981
f 2094//1981 2058//1946 2059//1073
f 2094//1981 2059//1073 2095//1109
f 2095//1109 2059//1073 2060//1947
f 2095//1109 2060//1947 2096//1982
f 2096//1982 2060//1947 2061//1948
f 2096//1982 2061//1948 2097//1983
f 2097//1983 2061//1948 2062//1949
f 2097//1983 2062//1949 2098//1984
f 2098//1984 2062//1949 2063//1950
f 2098//1984 2063//1950 2099//1985
f 2099//1985 2063//1950 2064//1951
f 2099//1985 2064//1951 2100//1986
f 2100//1986 2064//1951 2065//1952
f 2100//1986 2065//1952 2101//1987
f 2101//1987 2065//1952 2066//1953
f 2101//1987 2066//1953 2102//1988
f 2102//1988 2066//1953 2067//1954
f 2102//1988 2067//1954 2103//1989
f 2103//1989 2067//1954 2068//1955
f 2103//1989 2068//1955 2104//1990
f 2104//1990 2068//1955 2069//1956
f 2104//1990 2069//1956 2105//1991
f 2105//1991 2069//1956 2070//1957
f 2105//1991 2070//1957 2106//1992
f 2106//1992 2070//1957 2071//1958
f 2106//1992 2071//1958 2107//1993
f 2107//1993 2071//1958 2072//1959
f 2107//1993 2072//1959 2108//1994
f 2108//1994 2072//1959 2073//1960
f 2108//1994 2073//1960 2109//1995
f 2109//1995 2073//1960 2074//1961
f 2109//1995 2074//1961 2110//1996
f 2110//1996 2074//1961 2075//1962
f 2110//1996 2075//1962 2111//1997
f 2111//1997 2075//1962 2076//1963
f 2111//1997 2076//1963 2112//1998
f 2112//1998 2076//1963 2041//1091
f 2112//1998 2041//1091 2077//1964
f 2077//1964 2041//1091 2042//1930
f 2113//1999 2078//1965 2114//2000
f 2114//2000 2078//1965 2079//1966
f 2114//2000 2079//1966 2115//2001
f 2115//2001 2079//1966 2080//1967
f 2115//2001 2080//1967 2116//2002
f 2116//2002 2080//1967 2081//1968
f 2116//2002 2081//1968 2117//2003
f 2117//2003 2081//1968 2082//1969
f 2117//2003 2082//1969 2118//2004
f 2118//2004 2082//1969 2083//1970
f 2118//2004 2083//1970 2119//2005
f 2119//2005 2083//1970 2084//1971
f 2119//2005 2084//1971 2120//2006
f 2120//2006 2084//1971 2085//1972
f 2120//2006 2085//1972 2121//2007
f 2121//2007 2085//1972 2086//1973
f 2121//2007 2086//1973 2122//2008
f 2122//2008 2086//1973 2087//1974
f 2122//2008 2087//1974 2123//2009
f 2123//2009 2087//1974 2088//1975
f 2123//2009 2088//1975 2124//2010
f 2124//2010 2088//1975 2089//1976
f 2124//2010 2089//1976 2125//2011
f 2125//2011 2089//1976 2090//1977
f 2125//2011 2090//1977 2126//2012
f 2126//2012 2090//1977 2091//1978
f 2126//2012 2091//1978 2127//2013
f 2127//2013 2091//1978 2092//1979
f 2127//2013 2092//1979 2128//2014
f 2128//2014 2092//1979 2093//1980
f 2128//2014 2093//1980 2129//2015
f 2129//2015 2093//1980 2094//1981
f 2129//2015 2094//1981 2130//2016
f 2130//2016 2094//1981 2095//1109
f 2130//2016 2095//1109 2131//2017
f 2131//2017 2095//1109 2096//1982
f 2131//2017 2096//1982 2132//2018
f 2132//2018 2096//1982 2097//1983
f 2132//2018 2097//1983 2133//2019
f 2133//2019 2097//1983 2098//1984
f 2133//2019 2098//1984 2134//2020
f 2134//2020 2098//1984 2099//1985
f 2134//2020 2099//1985 2135//2021
f 2135//2021 2099//1985 2100//1986
f 2135//2021 2100//1986 2136//2022
f 2136//2022 2100//1986 2101//1987
f 2136//2022 2101//1987 2137//2023
f 2137//2023 2101//1987 2102//1988
f 2137//2023 2102//1988 2138//2024
f 2138//2024 2102//1988 2103//1989
f 2138//2024 2103//1989 2139//2025
f 2139//2025 2103//1989 2104//1990
f 2139//2025 2104//1990 2140//2026
f 2140//2026 2104//1990 2105//1991
f 2140//2026 2105//1991 2141//2027
f 2141//2027 2105//1991 2106//1992
f 2141//2027 2106//1992 2142//2028
f 2142//2028 2106//1992 2107//1993
f 2142//2028 2107//1993 2143//2029
f 2143//2029 2107//1993 2108//1994
f 2143//2029 2108//1994 2144//2030
f 2144//2030 2108//1994 2109//1995
f 2144//2030 2109//1995 2145//2031
f 2145//2031 2109//1995 2110//1996
f 2145//2031 2110//1996 2146//2032
f 2146//2032 2110//1996 2111//1997
f 2146//2032 2111//1997 2147//2033
f 2147//2033 2111//1997 2112//1998
f 2147//2033 2112//1998 2148//2034
f 2148//2034 2112//1998 2077//1964
f 2148//2034 2077//1964 2113//1999
f 2113//1999 2077//1964 2078//1965
f 2149//1199 2114//2000 2150//2035
f 2150//2035 2114//2000 2115//2001
f 2150//2035 2115//2001 2151//2036
f 2151//2036 2115//2001 2116//2002
f 2151//2036 2116//2002 2152//2037
f 2152//2037 2116//2002 2117//2003
f 2152//2037 2117//2003 2153//2038
f 2153//2038 2117//2003 2118//2004
f 2153//2038 2118//2004 2154//2039
f 2154//2039 2118//2004 2119//2005
f 2154//2039 2119//2005 2155//2040
f 2155//2040 2119//2005 2120//2006
f 2155//2040 2120//2006 2156//2041
f 2156//2041 2120//2006 2121//2007
f 2156//2041 2121//2007 2157//2042
f 2157//2042 2121//2007 2122//2008
f 2157//2042 2122//2008 2158//2043
f 2158//2043 2122//2008 2123//2009
f 2158//2043 2123//2009 2159//2044
f 2159//2044 2123//2009 2124//2010
f 2159//2044 2124//2010 2160//2045
f 2160//2045 2124//2010 2125//2011
f 2160//2045 2125//2011 2161//2046
f 2161//2046 2125//2011 2126//2012
f 2161//2046 2126//2012 2162//2047
f 2162//2047 2126//2012 2127//2013
f 2162//2047 2127//2013 2163//2048
f 2163//2048 2127//2013 2128//2014
f 2163//2048 2128//2014 2164//2049
f 2164//2049 2128//2014 2129//2015
f 2164//2049 2129//2015 2165//2050
f 2165//2050 2129//2015 2130//2016
f 2165//2050 2130//2016 2166//2051
f 2166//2051 2130//2016 2131//2017
f 2166//2051 2131//2017 2167//2052
f 2167//2052 2131//2017 2132//2018
f 2167//2052 2132//2018 2168//2053
f 2168//2053 2132//2018 2133//2019
f 2168//2053 2133//2019 2169//2054
f 2169//2054 2133//2019 2134//2020
f 2169//2054 2134//2020 2170//2055
f 2170//2055 2134//2020 2135//2021
f 2170//2055 2135//2021 2171//2056
f 2171//2056 2135//2021 2136//2022
f 2171//2056 2136//2022 2172//2057
f 2172//2057 2136//2022 2137//2023
f 2172//2057 2137//2023 2173//2058
f 2173//2058 2137//2023 2138//2024
f 2173//2058 2138//2024 2174//2059
f 2174//2059 2138//2024 2139//2025
f 2174//2059 2139//2025 2175//2060
f 2175//2060 2139//2025 2140//2026
f 2175//2060 2140//2026 2176//2061
f 2176//2061 2140//2026 2141//2027
f 2176//2061 2141//2027 2177//2062
f 2177//2062 2141//2027 2142//2028
f 2177//2062 2142//2028 2178//2063
f 2178//2063 2142//2028 2143//2029
f 2178//2063 2143//2029 2179//2064
f 2179//2064 2143//2029 2144//2030
f 2179//2064 2144//2030 2180//2065
f 2180//2065 2144//2030 2145//2031
f 2180//2065 2145//2031 2181//2066
f 2181//2066 2145//2031 2146//2032
f 2181//2066 2146//2032 2182//2067
f 2182//2067 2146//2032 2147//2033
f 2182//2067 2147//2033 2183//2068
f 2183//2068 2147//2033 2148//2034
f 2183//2068 2148//2034 2184//2069
f 2184//2069 2148//2034 2113//1999
f 2184//2069 2113//1999 2149//1199
f 2149//1199 2113//1999 2114//2000
f 2185//2070 2150//2035 2186//2071
f 2186//2071 2150//2035 2151//2036
f 2186//2071 2151//2036 2187//2072
f 2187//2072 2151//2036 2152//2037
f 2187//2072 2152//2037 2188//2073
f 2188//2073 2152//2037 2153//2038
f 2188//2073 2153//2038 2189//2074
f 2189//2074 2153//2038 2154//2039
f 2189//2074 2154//2039 2190//2075
f 2190//2075 2154//2039 2155//2040
f 2190//2075 2155//2040 2191//2076
f 2191//2076 2155//2040 2156//2041
f 2191//2076 2156//2041 2192//2077
f 2192//2077 2156//2041 2157//2042
f 2192//2077 2157//2042 2193//2078
f 2193//2078 2157//2042 2158//2043
f 2193//2078 2158//2043 2194//2079
f 2194//2079 2158//2043 2159//2044
f 2194//2079 2159//2044 2195//2080
f 2195//2080 2159//2044 2160//2045
f 2195//2080 2160//2045 2196//2081
f 2196//2081 2160//2045 2161//2046
f 2196//2081 2161//2046 2197//2082
f 2197//2082 2161//2046 2162//2047
f 2197//2082 2162//2047 2198//2083
f 2198//2083 2162//2047 2163//2048
f 2198//2083 2163//2048 2199//2084
f 2199//2084 2163//2048 2164//2049
f 2199//2084 2164//2049 2200//2085
f 2200//2085 2164//2049 2165//2050
f 2200//2085 2165//2050 2201//2086
f 2201//2086 2165//2050 2166//2051
f 2201//2086 2166//2051 2202//2087
f 2202//2087 2166//2051 2167//2052
f 2202//2087 2167//2052 2203//1217
f 2203//1217 2167//2052 2168//2053
f 2203//1217 2168//2053 2204//2088
f 2204//2088 2168//2053 2169//2054
f 2204//2088 2169//2054 2205//2089
f 2205//2089 2169//2054 2170//2055
f 2205//2089 2170//2055 2206//2090
f 2206//2090 2170//2055 2171//2056
f 2206//2090 2171//2056 2207//2091
f 2207//2091 2171//2056 2172//2057
f 2207//2091 2172//2057 2208//2092
f 2208//2092 2172//2057 2173//2058
f 2208//2092 2173//2058 2209//2093
f 2209//2093 2173//2058 2174//2059
f 2209//2093 2174//2059 2210//2094
f 2210//2094 2174//2059 2175//2060
f 2210//2094 2175//2060 2211//2095
f 2211//2095 2175//2060 2176//2061
f 2211//2095 2176//2061 2212//2096
f 2212//2096 2176//2061 2177//2062
f 2212//2096 2177//2062 2213//2097
f 2213//2097 2177//2062 2178//2063
f 2213//2097 2178//2063 2214//2098
f 2214//2098 2178//2063 2179//2064
f 2214//2098 2179//2064 2215//2099
f 2215//2099 2179//2064 2180//2065
f 2215//2099 2180//2065 2216//2100
f 2216//2100 2180//2065 2181//2066
f 2216//2100 2181//2066 2217//2101
f 2217//2101 2181//2066 2182//2067
f 2217//2101 2182//2067 2218//2102
f 2218//2102 2182//2067 2183//2068
f 2218//2102 2183//2068 2219//2103
f 2219//2103 2183//2068 2184//2069
f 2219//2103 2184//2069 2220//2104
f 2220//2104 2184//2069 2149//1199
f 2220//2104 2149//1199 2185//2070
f 2185//2070 2149//1199 2150//2035
f 2221//1271 2186//2071 2222//2105
f 2222//2105 2186//2071 2187//2072
f 2222//2105 2187//2072 2223//2106
f 2223//2106 2187//2072 2188//2073
f 2223//2106 2188//2073 2224//2107
f 2224//2107 2188//2073 2189//2074
f 2224//2107 2189//2074 2225//2108
f 2225//2108 2189//2074 2190//2075
f 2225//2108 2190//2075 2226//2109
f 2226//2109 2190//2075 2191//2076
f 2226//2109 2191//2076 2227//2110
f 2227//2110 2191//2076 2192//2077
f 2227//2110 2192//2077 2228//2111
f 2228//2111 2192//2077 2193//2078
f 2228//2111 2193//2078 2229//2112
f 2229//2112 2193//2078 2194//2079
f 2229//2112 2194//2079 2230//2079
f 2230//2079 2194//2079 2195//2080
f 2230//2079 2195//2080 2231//2113
f 2231//2113 2195//2080 2196//2081
f 2231//2113 2196//2081 2232//2114
f 2232//2114 2196//2081 2197//2082
f 2232//2114 2197//2082 2233//2115
f 2233//2115 2197//2082 2198//2083
f 2233//2115 2198//2083 2234//2116
f 2234//2116 2198//2083 2199//2084
f 2234//2116 2199//2084 2235//2117
f 2235//2117 2199//2084 2200//2085
f 2235//2117 2200//2085 2236//2118
f 2236//2118 2200//2085 2201//2086
f 2236//2118 2201//2086 2237//2119
f 2237//2119 2201//2086 2202//2087
f 2237//2119 2202//2087 2238//2120
f 2238//2120 2202//2087 2203//1217
f 2238//2120 2203//1217 2239//1253
f 2239//1253 2203//1217 2204//2088
f 2239//1253 2204//2088 2240//2121
f 2240//2121 2204//2088 2205//2089
f 2240//2121 2205//2089 2241//2122
f 2241//2122 2205//2089 2206//2090
f 2241//2122 2206//2090 2242//2123
f 2242//2123 2206//2090 2207//2091
f 2242//2123 2207//2091 2243//2124
f 2243//2124 2207//2091 2208//2092
f 2243//2124 2208//2092 2244//2125
f 2244//2125 2208//2092 2209//2093
f 2244//2125 2209//2093 2245//2126
f 2245//2126 2209//2093 2210//2094
f 2245//2126 2210//2094 2246//2127
f 2246//2127 2210//2094 2211//2095
f 2246//2127 2211//2095 2247//2128
f 2247//2128 2211//2095 2212//2096
f 2247//2128 2212//2096 2248//2129
f 2248//2129 2212//2096 2213//2097
f 2248//2129 2213//2097 2249//2130
f 2249//2130 2213//2097 2214//2098
f 2249//2130 2214//2098 2250//2131
f 2250//2131 2214//2098 2215//2099
f 2250//2131 2215//2099 2251//2132
f 2251//2132 2215//2099 2216//2100
f 2251//2132 2216//2100 2252//2133
f 2252//2133 2216//2100 2217//2101
f 2252//2133 2217//2101 2253//2134
f 2253//2134 2217//2101 2218//2102
f 2253//2134 2218//2102 2254//2135
f 2254//2135 2218//2102 2219//2103
f 2254//2135 2219//2103 2255//2136
f 2255//2136 2219//2103 2220//2104
f 2255//2136 2220//2104 2256//2137
f 2256//2137 2220//2104 2185//2070
f 2256//2137 2185//2070 2221//1271
f 2221//1271 2185//2070 2186//2071
f 2257//2138 2222//2105 2258//2139
f 2258//2139 2222//2105 2223//2106
f 2258//2139 2223//2106 2259//2140
f 2259//2140 2223//2106 2224//2107
f 2259//2140 2224//2107 2260//2141
f 2260//2141 2224//2107 2225//2108
f 2260//2141 2225//2108 2261//2142
f 2261//2142 2225//2108 2226//2109
f 2261//2142 2226//2109 2262//2143
f 2262//2143 2226//2109 2227//2110
f 2262//2143 2227//2110 2263//2144
f 2263//2144 2227//2110 2228//2111
f 2263//2144 2228//2111 2264//2145
f 2264//2145 2228//2111 2229//2112
f 2264//2145 2229//2112 2265//2146
f 2265//2146 2229//2112 2230//2079
f 2265//2146 2230//2079 2266//2147
f 2266//2147 2230//2079 2231//2113
f 2266//2147 2231//2113 2267//2148
f 2267//2148 2231//2113 2232//2114
f 2267//2148 2232//2114 2268//2149
f 2268//2149 2232//2114 2233//2115
f 2268//2149 2233//2115 2269//2150
f 2269//2150 2233//2115 2234//2116
f 2269//2150 2234//2116 2270//2151
f 2270//2151 2234//2116 2235//2117
f 2270//2151 2235//2117 2271//2152
f 2271//2152 2235//2117 2236//2118
f 2271//2152 2236//2118 2272//2153
f 2272//2153 2236//2118 2237//2119
f 2272//2153 2237//2119 2273//2154
f 2273//2154 2237//2119 2238//2120
f 2273//2154 2238//2120 2274//2155
f 2274//2155 2238//2120 2239//1253
f 2274//2155 2239//1253 2275//2156
f 2275//2156 2239//1253 2240//2121
f 2275//2156 2240//2121 2276//2157
f 2276//2157 2240//2121 2241//2122
f 2276//2157 2241//2122 2277//2158
f 2277//2158 2241//2122 2242//2123
f 2277//2158 2242//2123 2278//2159
f 2278//2159 2242//2123 2243//2124
f 2278//2159 2243//2124 2279//2160
f 2279//2160 2243//2124 2244//2125
f 2279//2160 2244//2125 2280//2161
f 2280//2161 2244//2125 2245//2126
f 2280//2161 2245//2126 2281//2162
f 2281//2162 2245//2126 2246//2127
f 2281//2162 2246//2127 2282//2163
f 2282//2163 2246//2127 2247//2128
f 2282//2163 2247//2128 2283//2164
f 2283//2164 2247//2128 2248//2129
f 2283//2164 2248//2129 2284//2165
f 2284//2165 2248//2129 2249//2130
f 2284//2165 2249//2130 2285//2166
f 2285//2166 2249//2130 2250//2131
f 2285//2166 2250//2131 2286//2167
f 2286//2167 2250//2131 2251//2132
f 2286//2167 2251//2132 2287//2168
f 2287//2168 2251//2132 2252//2133
f 2287//2168 2252//2133 2288//2169
f 2288//2169 2252//2133 2253//2134
f 2288//2169 2253//2134 2289//2170
f 2289//2170 2253//2134 2254//2135
f 2289//2170 2254//2135 2290//2171
f 2290//2171 2254//2135 2255//2136
f 2290//2171 2255//2136 2291//2172
f 2291//2172 2255//2136 2256//2137
f 2291//2172 2256//2137 2292//2173
f 2292//2173 2256//2137 2221//1271
f 2292//2173 2221//1271 2257//2138
f 2257//2138 2221//1271 2222//2105
f 2293//2174 2258//2139 2294//2175
f 2294//2175 2258//2139 2259//2140
f 2294//2175 2259//2140 2295//2176
f 2295//2176 2259//2140 2260//2141
f 2295//2176 2260//2141 2296//2177
f 2296//2177 2260//2141 2261//2142
f 2296//2177 2261//2142 2297//2178
f 2297//2178 2261//2142 2262//2143
f 2297//2178 2262//2143 2298//2179
f 2298//2179 2262//2143 2263//2144
f 2298//2179 2263//2144 2299//2180
f 2299//2180 2263//2144 2264//2145
f 2299//2180 2264//2145 2300//2181
f 2300//2181 2264//2145 2265//2146
f 2300//2181 2265//2146 2301//2182
f 2301//2182 2265//2146 2266//2147
f 2301//2182 2266//2147 2302//2183
f 2302//2183 2266//2147 2267//2148
f 2302//2183 2267//2148 2303//2184
f 2303//2184 2267//2148 2268//2149
f 2303//2184 2268//2149 2304//2185
f 2304//2185 2268//2149 2269//2150
f 2304//2185 2269//2150 2305//2186
f 2305//2186 2269//2150 2270//2151
f 2305//2186 2270//2151 2306//2187
f 2306//2187 2270//2151 2271//2152
f 2306//2187 2271//2152 2307//2188
f 2307//2188 2271//2152 2272//2153
f 2307//2188 2272//2153 2308//2189
f 2308//2189 2272//2153 2273//2154
f 2308//2189 2273//2154 2309//2190
f 2309//2190 2273//2154 2274//2155
f 2309//2190 2274//2155 2310//2191
f 2310//2191 2274//2155 2275//2156
f 2310//2191 2275//2156 2311//1325
f 2311//1325 2275//2156 2276//2157
f 2311//1325 2276//2157 2312//2192
f 2312//2192 2276//2157 2277//2158
f 2312//2192 2277//2158 2313//2193
f 2313//2193 2277//2158 2278//2159
f 2313//2193 2278//2159 2314//2194
f 2314//2194 2278//2159 2279//2160
f 2314//2194 2279//2160 2315//2195
f 2315//2195 2279//2160 2280//2161
f 2315//2195 2280//2161 2316//2196
f 2316//2196 2280//2161 2281//2162
f 2316//2196 2281//2162 2317//2197
f 2317//2197 2281//2162 2282//2163
f 2317//2197 2282//2163 2318//2198
f 2318//2198 2282//2163 2283//2164
f 2318//2198 2283//2164 2319//2199
f 2319//2199 2283//2164 2284//2165
f 2319//2199 2284//2165 2320//2200
f 2320//2200 2284//2165 2285//2166
f 2320//2200 2285//2166 2321//2201
f 2321//2201 2285//2166 2286//2167
f 2321//2201 2286//2167 2322//2202
f 2322//2202 2286//2167 2287//2168
f 2322//2202 2287//2168 2323//2203
f 2323//2203 2287//2168 2288//2169
f 2323//2203 2288//2169 2324//2204
f 2324//2204 2288//2169 2289//2170
f 2324//2204 2289//2170 2325//2205
f 2325//2205 2289//2170 2290//2171
f 2325//2205 2290//2171 2326//2206
f 2326//2206 2290//2171 2291//2172
f 2326//2206 2291//2172 2327//2207
f 2327//2207 2291//2172 2292//2173
f 2327//2207 2292//2173 2328//2208
f 2328//2208 2292//2173 2257//2138
f 2328//2208 2257//2138 2293//2174
f 2293//2174 2257//2138 2258//2139
f 2329//1379 2294//2175 2330//2209
f 2330//2209 2294//2175 2295//2176
f 2330//2209 2295//2176 2331//2210
f 2331//2210 2295//2176 2296//2177
f 2331//2210 2296//2177 2332//2211
f 2332//2211 2296//2177 2297//2178
f 2332//2211 2297//2178 2333//2212
f 2333//2212 2297//2178 2298//2179
f 2333//2212 2298//2179 2334//2213
f 2334//2213 2298//2179 2299//2180
f 2334//2213 2299//2180 2335//2214
f 2335//2214 2299//2180 2300//2181
f 2335//2214 2300//2181 2336//2215
f 2336//2215 2300//2181 2301//2182
f 2336//2215 2301//2182 2337//2216
f 2337//2216 2301//2182 2302//2183
f 2337//2216 2302//2183 2338//2217
f 2338//2217 2302//2183 2303//2184
f 2338//2217 2303//2184 2339//2218
f 2339//2218 2303//2184 2304//2185
f 2339//2218 2304//2185 2340//2219
f 2340//2219 2304//2185 2305//2186
f 2340//2219 2305//2186 2341//2220
f 2341//2220 2305//2186 2306//2187
f 2341//2220 2306//2187 2342//2221
f 2342//2221 2306//2187 2307//2188
f 2342//2221 2307//2188 2343//2222
f 2343//2222 2307//2188 2308//2189
f 2343//2222 2308//2189 2344//2223
f 2344//2223 2308//2189 2309//2190
f 2344//2223 2309//2190 2345//2224
f 2345//2224 2309//2190 2310//2191
f 2345//2224 2310//2191 2346//2225
f 2346//2225 2310//2191 2311//1325
f 2346//2225 2311//1325 2347//2226
f 2347//2226 2311//1325 2312//2192
f 2347//2226 2312//2192 2348//2227
f 2348//2227 2312//2192 2313//2193
f 2348//2227 2313//2193 2349//2228
f 2349//2228 2313//2193 2314//2194
f 2349//2228 2314//2194 2350//2229
f 2350//2229 2314//2194 2315//2195
f 2350//2229 2315//2195 2351//2230
f 2351//2230 2315//2195 2316//2196
f 2351//2230 2316//2196 2352//2231
f 2352//2231 2316//2196 2317//2197
f 2352//2231 2317//2197 2353//2232
f 2353//2232 2317//2197 2318//2198
f 2353//2232 2318//2198 2354//2233
f 2354//2233 2318//2198 2319//2199
f 2354//2233 2319//2199 2355//2234
f 2355//2234 2319//2199 2320//2200
f 2355//2234 2320//2200 2356//2235
f 2356//2235 2320//2200 2321//2201
f 2356//2235 2321//2201 2357//2236
f 2357//2236 2321//2201 2322//2202
f 2357//2236 2322//2202 2358//2237
f 2358//2237 2322//2202 2323//2203
f 2358//2237 2323//2203 2359//2238
f 2359//2238 2323//2203 2324//2204
f 2359//2238 2324//2204 2360//2239
f 2360//2239 2324//2204 2325//2205
f 2360//2239 2325//2205 2361//2240
f 2361//2240 2325//2205 2326//2206
f 2361//2240 2326//2206 2362//2241
f 2362//2241 2326//2206 2327//2207
f 2362//2241 2327//2207 2363//2242
f 2363//2242 2327//2207 2328//2208
f 2363//2242 2328//2208 2364//2243
f 2364//2243 2328//2208 2293//2174
f 2364//2243 2293//2174 2329//1379
f 2329//1379 2293//2174 2294//2175
f 2365//1415 2330//2209 2366//2244
f 2366//2244 2330//2209 2331//2210
f 2366//2244 2331//2210 2367//2245
f 2367//2245 2331//2210 2332//2211
f 2367//2245 2332//2211 2368//2246
f 2368//2246 2332//2211 2333//2212
f 2368//2246 2333//2212 2369//2247
f 2369//2247 2333//2212 2334//2213
f 2369//2247 2334//2213 2370//2248
f 2370//2248 2334//2213 2335//2214
f 2370//2248 2335//2214 2371//2249
f 2371//2249 2335//2214 2336//2215
f 2371//2249 2336//2215 2372//2250
f 2372//2250 2336//2215 2337//2216
f 2372//2250 2337//2216 2373//2251
f 2373//2251 2337//2216 2338//2217
f 2373//2251 2338//2217 2374//2252
f 2374//2252 2338//2217 2339//2218
f 2374//2252 2339//2218 2375//2253
f 2375//2253 2339//2218 2340//2219
f 2375//2253 2340//2219 2376//2254
f 2376//2254 2340//2219 2341//2220
f 2376//2254 2341//2220 2377//2255
f 2377//2255 2341//2220 2342//2221
f 2377//2255 2342//2221 2378//2256
f 2378//2256 2342//2221 2343//2222
f 2378//2256 2343//2222 2379//2257
f 2379//2257 2343//2222 2344//2223
f 2379//2257 2344//2223 2380//2258
f 2380//2258 2344//2223 2345//2224
f 2380//2258 2345//2224 2381//2259
f 2381//2259 2345//2224 2346//2225
f 2381//2259 2346//2225 2382//2260
f 2382//2260 2346//2225 2347//2226
f 2382//2260 2347//2226 2383//1397
f 2383//1397 2347//2226 2348//2227
f 2383//1397 2348//2227 2384//2261
f 2384//2261 2348//2227 2349//2228
f 2384//2261 2349//2228 2385//2262
f 2385//2262 2349//2228 2350//2229
f 2385//2262 2350//2229 2386//2263
f 2386//2263 2350//2229 2351//2230
f 2386//2263 2351//2230 2387//2264
f 2387//2264 2351//2230 2352//2231
f 2387//2264 2352//2231 2388//2265
f 2388//2265 2352//2231 2353//2232
f 2388//2265 2353//2232 2389//2266
f 2389//2266 2353//2232 2354//2233
f 2389//2266 2354//2233 2390//2267
f 2390//2267 2354//2233 2355//2234
f 2390//2267 2355//2234 2391//2268
f 2391//2268 2355//2234 2356//2235
f 2391//2268 2356//2235 2392//2269
f 2392//2269 2356//2235 2357//2236
f 2392//2269 2357//2236 2393//2270
f 2393//2270 2357//2236 2358//2237
f 2393//2270 2358//2237 2394//2271
f 2394//2271 2358//2237 2359//2238
f 2394//2271 2359//2238 2395//2272
f 2395//2272 2359//2238 2360//2239
f 2395//2272 2360//2239 2396//2273
f 2396//2273 2360//2239 2361//2240
f 2396//2273 2361//2240 2397//2274
f 2397//2274 2361//2240 2362//2241
f 2397//2274 2362//2241 2398//2275
f 2398//2275 2362//2241 2363//2242
f 2398//2275 2363//2242 2399//2276
f 2399//2276 2363//2242 2364//2243
f 2399//2276 2364//2243 2400//2277
f 2400//2277 2364//2243 2329//1379
f 2400//2277 2329//1379 2365//1415
f 2365//1415 2329//1379 2330//2209
f 2401//2278 2366//2244 2402//2279
f 2402//2279 2366//2244 2367//2245
f 2402//2279 2367//2245 2403//2280
f 2403//2280 2367//2245 2368//2246
f 2403//2280 2368//2246 2404//2281
f 2404//2281 2368//2246 2369//2247
f 2404//2281 2369//2247 2405//2282
f 2405//2282 2369//2247 2370//2248
f 2405//2282 2370//2248 2406//2283
f 2406//2283 2370//2248 2371//2249
f 2406//2283 2371//2249 2407//2284
f 2407//2284 2371//2249 2372//2250
f 2407//2284 2372//2250 2408//2285
f 2408//2285 2372//2250 2373//2251
f 2408//2285 2373//2251 2409//2286
f 2409//2286 2373//2251 2374//2252
f 2409//2286 2374//2252 2410//2287
f 2410//2287 2374//2252 2375//2253
f 2410//2287 2375//2253 2411//2288
f 2411//2288 2375//2253 2376//2254
f 2411//2288 2376//2254 2412//2289
f 2412//2289 2376//2254 2377//2255
f 2412//2289 2377//2255 2413//2290
f 2413//2290 2377//2255 2378//2256
f 2413//2290 2378//2256 2414//2291
f 2414//2291 2378//2256 2379//2257
f 2414//2291 2379//2257 2415//2292
f 2415//2292 2379//2257 2380//2258
f 2415//2292 2380//2258 2416//2293
f 2416//2293 2380//2258 2381//2259
f 2416//2293 2381//2259 2417//2294
f 2417//2294 2381//2259 2382//2260
f 2417//2294 2382//2260 2418//2295
f 2418//2295 2382//2260 2383//1397
f 2418//2295 2383//1397 2419//1433
f 2419//1433 2383//1397 2384//2261
f 2419//1433 2384//2261 2420//2296
f 2420//2296 2384//2261 2385//2262
f 2420//2296 2385//2262 2421//2297
f 2421//2297 2385//2262 2386//2263
f 2421//2297 2386//2263 2422//2298
f 2422//2298 2386//2263 2387//2264
f 2422//2298 2387//2264 2423//2299
f 2423//2299 2387//2264 2388//2265
f 2423//2299 2388//2265 2424//2300
f 2424//2300 2388//2265 2389//2266
f 2424//2300 2389//2266 2425//2301
f 2425//2301 2389//2266 2390//2267
f 2425//2301 2390//2267 2426//2302
f 2426//2302 2390//2267 2391//2268
f 2426//2302 2391//2268 2427//2303
f 2427//2303 2391//2268 2392//2269
f 2427//2303 2392//2269 2428//2304
f 2428//2304 2392//2269 2393//2270
f 2428//2304 2393//2270 2429//2305
f 2429//2305 2393//2270 2394//2271
f 2429//2305 2394//2271 2430//2306
f 2430//2306 2394//2271 2395//2272
f 2430//2306 2395//2272 2431//2307
f 2431//2307 2395//2272 2396//2273
f 2431//2307 2396//2273 2432//2308
f 2432//2308 2396//2273 2397//2274
f 2432//2308 2397//2274 2433//2309
f 2433//2309 2397//2274 2398//2275
f 2433//2309 2398//2275 2434//2310
f 2434//2310 2398//2275 2399//2276
f 2434//2310 2399//2276 2435//2311
f 2435//2311 2399//2276 2400//2277
f 2435//2311 2400//2277 2436//2312
f 2436//2312 2400//2277 2365//1415
f 2436//2312 2365//1415 2401//2278
f 2401//2278 2365//1415 2366//2244
f 2437//2313 2402//2279 2438//2314
f 2438//2314 2402//2279 2403//2280
f 2438//2314 2403//2280 2439//2315
f 2439//2315 2403//2280 2404//2281
f 2439//2315 2404//2281 2440//2316
f 2440//2316 2404//2281 2405//2282
f 2440//2316 2405//2282 2441//2317
f 2441//2317 2405//2282 2406//2283
f 2441//2317 2406//2283 2442//2318
f 2442//2318 2406//2283 2407//2284
f 2442//2318 2407//2284 2443//2319
f 2443//2319 2407//2284 2408//2285
f 2443//2319 2408//2285 2444//2320
f 2444//2320 2408//2285 2409//2286
f 2444//2320 2409//2286 2445//2321
f 2445//2321 2409//2286 2410//2287
f 2445//2321 2410//2287 2446//2322
f 2446//2322 2410//2287 2411//2288
f 2446//2322 2411//2288 2447//2323
f 2447//2323 2411//2288 2412//2289
f 2447//2323 2412//2289 2448//2324
f 2448//2324 2412//2289 2413//2290
f 2448//2324 2413//2290 2449//2325
f 2449//2325 2413//2290 2414//2291
f 2449//2325 2414//2291 2450//2326
f 2450//2326 2414//2291 2415//2292
f 2450//2326 2415//2292 2451//2327
f 2451//2327 2415//2292 2416//2293
f 2451//2327 2416//2293 2452//2328
f 2452//2328 2416//2293 2417//2294
f 2452//2328 2417//2294 2453//2329
f 2453//2329 2417//2294 2418//2295
f 2453//2329 2418//2295 2454//2330
f 2454//2330 2418//2295 2419//1433
f 2454//2330 2419//1433 2455//1469
f 2455//1469 2419//1433 2420//2296
f 2455//1469 2420//2296 2456//2331
f 2456//2331 2420//2296 2421//2297
f 2456//2331 2421//2297 2457//2332
f 2457//2332 2421//2297 2422//2298
f 2457//2332 2422//2298 2458//2333
f 2458//2333 2422//2298 2423//2299
f 2458//2333 2423//2299 2459//2334
f 2459//2334 2423//2299 2424//2300
f 2459//2334 2424//2300 2460//2335
f 2460//2335 2424//2300 2425//2301
f 2460//2335 2425//2301 2461//2336
f 2461//2336 2425//2301 2426//2302
f 2461//2336 2426//2302 2462//2337
f 2462//2337 2426//2302 2427//2303
f 2462//2337 2427//2303 2463//2338
f 2463//2338 2427//2303 2428//2304
f 2463//2338 2428//2304 2464//2339
f 2464//2339 2428//2304 2429//2305
f 2464//2339 2429//2305 2465//2340
f 2465//2340 2429//2305 2430//2306
f 2465//2340 2430//2306 2466//2341
f 2466//2341 2430//2306 2431//2307
f 2466//2341 2431//2307 2467//2342
f 2467//2342 2431//2307 2432//2308
f 2467//2342 2432//2308 2468//2343
f 2468//2343 2432//2308 2433//2309
f 2468//2343 2433//2309 2469//2344
f 2469//2344 2433//2309 2434//2310
f 2469//2344 2434//2310 2470//2345
f 2470//2345 2434//2310 2435//2311
f 2470//2345 2435//2311 2471//2346
f 2471//2346 2435//2311 2436//2312
f 2471//2346 2436//2312 2472//2347
f 2472//2347 2436//2312 2401//2278
f 2472//2347 2401//2278 2437//2313
f 2437//2313 2401//2278 2402//2279
f 2473//1523 2438//2314 2474//2348
f 2474//2348 2438//2314 2439//2315
f 2474//2348 2439//2315 2475//2349
f 2475//2349 2439//2315 2440//2316
f 2475//2349 2440//2316 2476//2350
f 2476//2350 2440//2316 2441//2317
f 2476//2350 2441//2317 2477//2351
f 2477//2351 2441//2317 2442//2318
f 2477//2351 2442//2318 2478//2352
f 2478//2352 2442//2318 2443//2319
f 2478//2352 2443//2319 2479//2353
f 2479//2353 2443//2319 2444//2320
f 2479//2353 2444//2320 2480//2354
f 2480//2354 2444//2320 2445//2321
f 2480//2354 2445//2321 2481//2355
f 2481//2355 2445//2321 2446//2322
f 2481//2355 2446//2322 2482//2356
f 2482//2356 2446//2322 2447//2323
f 2482//2356 2447//2323 2483//2357
f 2483//2357 2447//2323 2448//2324
f 2483//2357 2448//2324 2484//2358
f 2484//2358 2448//2324 2449//2325
f 2484//2358 2449//2325 2485//2359
f 2485//2359 2449//2325 2450//2326
f 2485//2359 2450//2326 2486//2360
f 2486//2360 2450//2326 2451//2327
f 2486//2360 2451//2327 2487//2361
f 2487//2361 2451//2327 2452//2328
f 2487//2361 2452//2328 2488//2362
f 2488//2362 2452//2328 2453//2329
f 2488//2362 2453//2329 2489//2363
f 2489//2363 2453//2329 2454//2330
f 2489//2363 2454//2330 2490//2364
f 2490//2364 2454//2330 2455//1469
f 2490//2364 2455//1469 2491//1505
f 2491//1505 2455//1469 2456//2331
f 2491//1505 2456//2331 2492//2365
f 2492//2365 2456//2331 2457//2332
f 2492//2365 2457//2332 2493//2366
f 2493//2366 2457//2332 2458//2333
f 2493//2366 2458//2333 2494//2367
f 2494//2367 2458//2333 2459//2334
f 2494//2367 2459//2334 2495//2368
f 2495//2368 2459//2334 2460//2335
f 2495//2368 2460//2335 2496//2369
f 2496//2369 2460//2335 2461//2336
f 2496//2369 2461//2336 2497//2370
f 2497//2370 2461//2336 2462//2337
f 2497//2370 2462//2337 2498//2371
f 2498//2371 2462//2337 2463//2338
f 2498//2371 2463//2338 2499//2372
f 2499//2372 2463//2338 2464//2339
f 2499//2372 2464//2339 2500//2373
f 2500//2373 2464//2339 2465//2340
f 2500//2373 2465//2340 2501//2374
f 2501//2374 2465//2340 2466//2341
f 2501//2374 2466//2341 2502//2375
f 2502//2375 2466//2341 2467//2342
f 2502//2375 2467//2342 2503//2376
f 2503//2376 2467//2342 2468//2343
f 2503//2376 2468//2343 2504//2377
f 2504//2377 2468//2343 2469//2344
f 2504//2377 2469//2344 2505//2378
f 2505//2378 2469//2344 2470//2345
f 2505//2378 2470//2345 2506//2379
f 2506//2379 2470//2345 2471//2346
f 2506//2379 2471//2346 2507//2380
f 2507//2380 2471//2346 2472//2347
f 2507//2380 2472//2347 2508//2381
f 2508//2381 2472//2347 2437//2313
f 2508//2381 2437//2313 2473//1523
f 2473//1523 2437//2313 2438//2314
f 2509//2382 2474//2348 2510//2383
f 2510//2383 2474//2348 2475//2349
f 2510//2383 2475//2349 2511//2384
f 2511//2384 2475//2349 2476//2350
f 2511//2384 2476//2350 2512//2385
f 2512//2385 2476//2350 2477//2351
f 2512//2385 2477//2351 2513//2386
f 2513//2386 2477//2351 2478//2352
f 2513//2386 2478//2352 2514//2387
f 2514//2387 2478//2352 2479//2353
f 2514//2387 2479//2353 2515//2388
f 2515//2388 2479//2353 2480//2354
f 2515//2388 2480//2354 2516//2389
f 2516//2389 2480//2354 2481//2355
f 2516//2389 2481//2355 2517//2390
f 2517//2390 2481//2355 2482//2356
f 2517//2390 2482//2356 2518//2391
f 2518//2391 2482//2356 2483//2357
f 2518//2391 2483//2357 2519//2392
f 2519//2392 2483//2357 2484//2358
f 2519//2392 2484//2358 2520//2393
f 2520//2393 2484//2358 2485//2359
f 2520//2393 2485//2359 2521//2394
f 2521//2394 2485//2359 2486//2360
f 2521//2394 2486//2360 2522//2395
f 2522//2395 2486//2360 2487//2361
f 2522//2395 2487//2361 2523//2396
f 2523//2396 2487//2361 2488//2362
f 2523//2396 2488//2362 2524//2397
f 2524//2397 2488//2362 2489//2363
f 2524//2397 2489//2363 2525//2398
f 2525//2398 2489//2363 2490//2364
f 2525//2398 2490//2364 2526//2399
f 2526//2399 2490//2364 2491//1505
f 2526//2399 2491//1505 2527//1541
f 2527//1541 2491//1505 2492//2365
f 2527//1541 2492//2365 2528//2400
f 2528//2400 2492//2365 2493//2366
f 2528//2400 2493//2366 2529//2401
f 2529//2401 2493//2366 2494//2367
f 2529//2401 2494//2367 2530//2402
f 2530//2402 2494//2367 2495//2368
f 2530//2402 2495//2368 2531//2403
f 2531//2403 2495//2368 2496//2369
f 2531//2403 2496//2369 2532//2404
f 2532//2404 2496//2369 2497//2370
f 2532//2404 2497//2370 2533//2405
f 2533//2405 2497//2370 2498//2371
f 2533//2405 2498//2371 2534//2406
f 2534//2406 2498//2371 2499//2372
f 2534//2406 2499//2372 2535//2407
f 2535//2407 2499//2372 2500//2373
f 2535//2407 2500//2373 2536//2408
f 2536//2408 2500//2373 2501//2374
f 2536//2408 2501//2374 2537//2409
f 2537//2409 2501//2374 2502//2375
f 2537//2409 2502//2375 2538//2410
f 2538//2410 2502//2375 2503//2376
f 2538//2410 2503//2376 2539//2411
f 2539//2411 2503//2376 2504//2377
f 2539//2411 2504//2377 2540//2412
f 2540//2412 2504//2377 2505//2378
f 2540//2412 2505//2378 2541//2413
f 2541//2413 2505//2378 2506//2379
f 2541//2413 2506//2379 2542//2414
f 2542//2414 2506//2379 2507//2380
f 2542//2414 2507//2380 2543//2415
f 2543//2415 2507//2380 2508//2381
f 2543//2415 2508//2381 2544//2416
f 2544//2416 2508//2381 2473//1523
f 2544//2416 2473//1523 2509//2382
f 2509//2382 2473//1523 2474//2348
f 2545//1595 2510//2383 2546//2417
f 2546//2417 2510//2383 2511//2384
f 2546//2417 2511//2384 2547//2418
f 2547//2418 2511//2384 2512//2385
f 2547//2418 2512//2385 2548//2419
f 2548//2419 2512//2385 2513//2386
f 2548//2419 2513//2386 2549//2420
f 2549//2420 2513//2386 2514//2387
f 2549//2420 2514//2387 2550//2421
f 2550//2421 2514//2387 2515//2388
f 2550//2421 2515//2388 2551//2422
f 2551//2422 2515//2388 2516//2389
f 2551//2422 2516//2389 2552//2423
f 2552//2423 2516//2389 2517//2390
f 2552//2423 2517//2390 2553//2424
f 2553//2424 2517//2390 2518//2391
f 2553//2424 2518//2391 2554//2425
f 2554//2425 2518//2391 2519//2392
f 2554//2425 2519//2392 2555//2426
f 2555//2426 2519//2392 2520//2393
f 2555//2426 2520//2393 2556//2427
f 2556//2427 2520//2393 2521//2394
f 2556//2427 2521//2394 2557//2428
f 2557//2428 2521//2394 2522//2395
f 2557//2428 2522//2395 2558//2429
f 2558//2429 2522//2395 2523//2396
f 2558//2429 2523//2396 2559//2430
f 2559//2430 2523//2396 2524//2397
f 2559//2430 2524//2397 2560//2431
f 2560//2431 2524//2397 2525//2398
f 2560//2431 2525//2398 2561//2432
f 2561//2432 2525//2398 2526//2399
f 2561//2432 2526//2399 2562//2433
f 2562//2433 2526//2399 2527//1541
f 2562//2433 2527//1541 2563//1577
f 2563//1577 2527//1541 2528//2400
f 2563//1577 2528//2400 2564//2434
f 2564//2434 2528//2400 2529//2401
f 2564//2434 2529//2401 2565//2435
f 2565//2435 2529//2401 2530//2402
f 2565//2435 2530//2402 2566//2436
f 2566//2436 2530//2402 2531//2403
f 2566//2436 2531//2403 2567//2437
f 2567//2437 2531//2403 2532//2404
f 2567//2437 2532//2404 2568//2438
f 2568//2438 2532//2404 2533//2405
f 2568//2438 2533//2405 2569//2439
f 2569//2439 2533//2405 2534//2406
f 2569//2439 2534//2406 2570//2440
f 2570//2440 2534//2406 2535//2407
f 2570//2440 2535//2407 2571//2441
f 2571//2441 2535//2407 2536//2408
f 2571//2441 2536//2408 2572//2442
f 2572//2442 2536//2408 2537//2409
f 2572//2442 2537//2409 2573//2443
f 2573//2443 2537//2409 2538//2410
f 2573//2443 2538//2410 2574//2444
f 2574//2444 2538//2410 2539//2411
f 2574//2444 2539//2411 2575//2445
f 2575//2445 2539//2411 2540//2412
f 2575//2445 2540//2412 2576//2446
f 2576//2446 2540//2412 2541//2413
f 2576//2446 2541//2413 2577//2447
f 2577//2447 2541//2413 2542//2414
f 2577//2447 2542//2414 2578//2448
f 2578//2448 2542//2414 2543//2415
f 2578//2448 2543//2415 2579//2449
f 2579//2449 2543//2415 2544//2416
f 2579//2449 2544//2416 2580//2450
f 2580//2450 2544//2416 2509//2382
f 2580//2450 2509//2382 2545//1595
f 2545//1595 2509//2382 2510//2383
f 2581//1631 2546//2417 2582//2451
f 2582//2451 2546//2417 2547//2418
f 2582//2451 2547//2418 2583//2452
f 2583//2452 2547//2418 2548//2419
f 2583//2452 2548//2419 2584//2453
f 2584//2453 2548//2419 2549//2420
f 2584//2453 2549//2420 2585//2454
f 2585//2454 2549//2420 2550//2421
f 2585//2454 2550//2421 2586//2455
f 2586//2455 2550//2421 2551//2422
f 2586//2455 2551//2422 2587//2456
f 2587//2456 2551//2422 2552//2423
f 2587//2456 2552//2423 2588//2457
f 2588//2457 2552//2423 2553//2424
f 2588//2457 2553//2424 2589//2458
f 2589//2458 2553//2424 2554//2425
f 2589//2458 2554//2425 2590//2459
f 2590//2459 2554//2425 2555//2426
f 2590//2459 2555//2426 2591//2460
f 2591//2460 2555//2426 2556//2427
f 2591//2460 2556//2427 2592//2461
f 2592//2461 2556//2427 2557//2428
f 2592//2461 2557//2428 2593//2462
f 2593//2462 2557//2428 2558//2429
f 2593//2462 2558//2429 2594//2463
f 2594//2463 2558//2429 2559//2430
f 2594//2463 2559//2430 2595//2464
f 2595//2464 2559//2430 2560//2431
f 2595//2464 2560//2431 2596//2465
f 2596//2465 2560//2431 2561//2432
f 2596//2465 2561//2432 2597//2466
f 2597//2466 2561//2432 2562//2433
f 2597//2466 2562//2433 2598//2467
f 2598//2467 2562//2433 2563//1577
f 2598//2467 2563//1577 2599//1613
f 2599//1613 2563//1577 2564//2434
f 2599//1613 2564//2434 2600//2468
f 2600//2468 2564//2434 2565//2435
f 2600//2468 2565//2435 2601//2469
f 2601//2469 2565//2435 2566//2436
f 2601//2469 2566//2436 2602//2470
f 2602//2470 2566//2436 2567//2437
f 2602//2470 2567//2437 2603//2471
f 2603//2471 2567//2437 2568//2438
f 2603//2471 2568//2438 2604//2472
f 2604//2472 2568//2438 2569//2439
f 2604//2472 2569//2439 2605//2473
f 2605//2473 2569//2439 2570//2440
f 2605//2473 2570//2440 2606//2474
f 2606//2474 2570//2440 2571//2441
f 2606//2474 2571//2441 2607//2475
f 2607//2475 2571//2441 2572//2442
f 2607//2475 2572//2442 2608//2476
f 2608//2476 2572//2442 2573//2443
f 2608//2476 2573//2443 2609//2477
f 2609//2477 2573//2443 2574//2444
f 2609//2477 2574//2444 2610//2478
f 2610//2478 2574//2444 2575//2445
f 2610//2478 2575//2445 2611//2479
f 2611//2479 2575//2445 2576//2446
f 2611//2479 2576//2446 2612//2480
f 2612//2480 2576//2446 2577//2447
f 2612//2480 2577//2447 2613//2481
f 2613//2481 2577//2447 2578//2448
f 2613//2481 2578//2448 2614//2482
f 2614//2482 2578//2448 2579//2449
f 2614//2482 2579//2449 2615//2483
f 2615//2483 2579//2449 2580//2450
f 2615//2483 2580//2450 2616//2484
f 2616//2484 2580//2450 2545//1595
f 2616//2484 2545//1595 2581//1631
f 2581//1631 2545//1595 2546//2417
f 1780//657 2582//2451 1781//1675
f 1781//1675 2582//2451 2583//2452
f 1781//1675 2583//2452 1782//1676
f 1782//1676 2583//2452 2584//2453
f 1782//1676 2584//2453 1783//1677
f 1783//1677 2584//2453 2585//2454
f 1783//1677 2585//2454 1784//1678
f 1784//1678 2585//2454 2586//2455
f 1784//1678 2586//2455 1785//1679
f 1785//1679 2586//2455 2587//2456
f 1785//1679 2587//2456 1786//1680
f 1786//1680 2587//2456 2588//2457
f 1786//1680 2588//2457 1787//1681
f 1787//1681 2588//2457 2589//2458
f 1787//1681 2589//2458 1788//1682
f 1788//1682 2589//2458 2590//2459
f 1788//1682 2590//2459 1753//1649
f 1753//1649 2590//2459 2591//2460
f 1753//1649 2591//2460 1754//1650
f 1754//1650 2591//2460 2592//2461
f 1754//1650 2592//2461 1755//1651
f 1755//1651 2592//2461 2593//2462
f 1755//1651 2593//2462 1756//1652
f 1756//1652 2593//2462 2594//2463
f 1756//1652 2594//2463 1757//1653
f 1757//1653 2594//2463 2595//2464
f 1757//1653 2595//2464 1758//1654
f 1758//1654 2595//2464 2596//2465
f 1758//1654 2596//2465 1759//1655
f 1759//1655 2596//2465 2597//2466
f 1759//1655 2597//2466 1760//1656
f 1760//1656 2597//2466 2598//2467
f 1760//1656 2598//2467 1761//1657
f 1761//1657 2598//2467 2599//1613
f 1761//1657 2599//1613 1762//693
f 1762//693 2599//1613 2600//2468
f 1762//693 2600//2468 1763//1658
f 1763//1658 2600//2468 2601//2469
f 1763//1658 2601//2469 1764//1659
f 1764//1659 2601//2469 2602//2470
f 1764//1659 2602//2470 1765//1660
f 1765//1660 2602//2470 2603//2471
f 1765//1660 2603//2471 1766//1661
f 1766//1661 2603//2471 2604//2472
f 1766//1661 2604//2472 1767//1662
f 1767//1662 2604//2472 2605//2473
f 1767//1662 2605//2473 1768//1663
f 1768//1663 2605//2473 2606//2474
f 1768//1663 2606//2474 1769//1664
f 1769//1664 2606//2474 2607//2475
f 1769//1664 2607//2475 1770//1665
f 1770//1665 2607//2475 2608//2476
f 1770//1665 2608//2476 1771//1666
f 1771//1666 2608//2476 2609//2477
f 1771//1666 2609//2477 1772//1667
f 1772//1667 2609//2477 2610//2478
f 1772//1667 2610//2478 1773//1668
f 1773//1668 2610//2478 2611//2479
f 1773//1668 2611//2479 1774//1669
f 1774//1669 2611//2479 2612//2480
f 1774//1669 2612//2480 1775//1670
f 1775//1670 2612//2480 2613//2481
f 1775//1670 2613//2481 1776//1671
f 1776//1671 2613//2481 2614//2482
f 1776//1671 2614//2482 1777//1672
f 1777//1672 2614//2482 2615//2483
f 1777//1672 2615//2483 1778//1673
f 1778//1673 2615//2483 2616//2484
f 1778//1673 2616//2484 1779//1674
f 1779//1674 2616//2484 2581//1631
f 1779//1674 2581//1631 1780//657
f 1780//657 2581//1631 2582//2451
f 2617//2485 2618//2486 2619//2487
f 2619//2487 2618//2486 2620//2488
f 2620//2488 2618//2486 2621//2489
f 2620//2488 2621//2489 2622//2490
f 2622//2490 2621//2489 2623//2491
f 2622//2490 2623//2491 2624//2492
f 2624//2492 2623//2491 2625//2493
f 2624//2492 2625//2493 2626//2494
f 2626//2494 2625//2493 2627//2495
f 2626//2494 2627//2495 2628//2496
f 2628//2496 2627//2495 2629//2497
f 2628//2496 2629//2497 2630//2498
f 2630//2498 2629//2497 2631//2499
f 2630//2498 2631//2499 2632//2500
f 2632//2500 2631//2499 2633//2501
f 2632//2500 2633//2501 2634//2502
f 2634//2502 2633//2501 2635//2503
f 2634//2502 2635//2503 2636//2504
f 2636//2504 2635//2503 2637//2505
f 2636//2504 2637//2505 2638//2506
f 2638//2506 2637//2505 2639//2507
f 2638//2506 2639//2507 2640//2508
f 2640//2508 2639//2507 2641//2509
f 2640//2508 2641//2509 2642//2510
f 2642//2510 2641//2509 2643//2511
f 2642//2510 2643//2511 2644//2512
f 2644//2512 2643//2511 2645//2513
f 2644//2512 2645//2513 2646//2514
f 2646//2514 2645//2513 2647//2515
f 2646//2514 2647//2515 2648//2516
f 2648//2516 2647//2515 2649//2517
f 2648//2516 2649//2517 2650//2518
f 2650//2518 2649//2517 2651//2519
f 2650//2518 2651//2519 2652//2520
f 2652//2520 2651//2519 2653//2521
f 2652//2520 2653//2521 2654//2522
f 2654//2522 2653//2521 2655//2523
f 2654//2522 2655//2523 2656//2524
f 2656//2524 2655//2523 2657//2525
f 2656//2524 2657//2525 2658//2526
f 2658//2526 2657//2525 2659//2527
f 2658//2526 2659//2527 2660//2528
f 2660//2528 2659//2527 2661//2529
f 2660//2528 2661//2529 2662//2530
f 2662//2530 2661//2529 2663//2531
f 2662//2530 2663//2531 2664//2532
f 2664//2532 2663//2531 2665//2533
f 2664//2532 2665//2533 2666//2534
f 2666//2534 2665//2533 2667//2535
f 2666//2534 2667//2535 2668//2536
f 2668//2536 2667//2535 2669//2537
f 2668//2536 2669//2537 2670//2538
f 2619//2487 2671//2539 2617//2485
f 2617//2485 2671//2539 2672//2540
f 2617//2485 2672//2540 2673//2541
f 2673//2541 2672//2540 2674//2542
f 2673//2541 2674//2542 2675//2543
f 2675//2543 2674//2542 2676//2544
f 2675//2543 2676//2544 2677//2545
f 2677//2545 2676//2544 2678//2546
f 2677//2545 2678//2546 2679//2547
f 2679//2547 2678//2546 2680//2548
f 2679//2547 2680//2548 2681//2549
f 2681//2549 2680//2548 2682//2550
f 2681//2549 2682//2550 2683//2551
f 2683//2551 2682//2550 2684//2552
f 2683//2551 2684//2552 2685//2553
f 2685//2553 2684//2552 2686//2554
f 2685//2553 2686//2554 2687//2555
f 2687//2555 2686//2554 2688//2556
f 2687//2555 2688//2556 2689//2557
f 2689//2557 2688//2556 2690//2558
f 2689//2557 2690//2558 2691//2559
f 2691//2559 2690//2558 2692//2560
f 2691//2559 2692//2560 2693//2561
f 2693//2561 2692//2560 2694//2562
f 2693//2561 2694//2562 2695//2563
f 2695//2563 2694//2562 2696//2564
f 2695//2563 2696//2564 2697//2565
f 2697//2565 2696//2564 2698//2566
f 2697//2565 2698//2566 2699//2567
f 2699//2567 2698//2566 2700//2568
f 2699//2567 2700//2568 2701//2569
f 2701//2569 2700//2568 2702//2570
f 2701//2569 2702//2570 2703//2571
f 2703//2571 2702//2570 2704//2572
f 2703//2571 2704//2572 2705//2573
f 2705//2573 2704//2572 2706//2574
f 2705//2573 2706//2574 2707//2575
f 2707//2575 2706//2574 2708//2576
f 2707//2575 2708//2576 2709//2577
f 2709//2577 2708//2576 2710//2578
f 2709//2577 2710//2578 2711//2579
f 2711//2579 2710//2578 2712//2580
f 2711//2579 2712//2580 2713//2581
f 2713//2581 2712//2580 2714//2582
f 2713//2581 2714//2582 2715//2583
f 2715//2583 2714//2582 2716//2584
f 2715//2583 2716//2584 2717//2585
f 2717//2585 2716//2584 2670//2538
f 2717//2585 2670//2538 2718//2586
f 2718//2586 2670//2538 2669//2537
f 2719//2587 2720//2588 2721//2589
f 2721//2589 2720//2588 2722//2590
f 2721//2589 2722//2590 2723//2591
f 2723//2591 2722//2590 2724//2592
f 2723//2591 2724//2592 2725//2593
f 2725//2593 2724//2592 2726//2594
f 2725//2593 2726//2594 2727//2595
f 2727//2595 2726//2594 2728//2596
f 2727//2595 2728//2596 2729//2597
f 2729//2597 2728//2596 2730//2598
f 2729//2597 2730//2598 2731//2599
f 2731//2599 2730//2598 2732//2600
f 2731//2599 2732//2600 2733//2601
f 2733//2601 2732//2600 2734//2602
f 2733//2601 2734//2602 2735//2603
f 2735//2603 2734//2602 2736//2604
f 2735//2603 2736//2604 2737//2605
f 2737//2605 2736//2604 2738//2606
f 2737//2605 2738//2606 2739//2607
f 2739//2607 2738//2606 2740//2608
f 2739//2607 2740//2608 2741//2609
f 2741//2609 2740//2608 2742//2610
f 2741//2609 2742//2610 2743//2611
f 2743//2611 2742//2610 2744//2612
f 2743//2611 2744//2612 2745//2613
f 2745//2613 2744//2612 2746//2614
f 2745//2613 2746//2614 2747//2615
f 2747//2615 2746//2614 2748//2616
f 2747//2615 2748//2616 2749//2617
f 2749//2617 2748//2616 2750//2618
f 2749//2617 2750//2618 2751//2619
f 2751//2619 2750//2618 2752//2620
f 2751//2619 2752//2620 2753//2621
f 2753//2621 2752//2620 2754//2622
f 2753//2621 2754//2622 2755//2623
f 2755//2623 2754//2622 2756//2624
f 2755//2623 2756//2624 2757//2625
f 2757//2625 2756//2624 2758//2626
f 2757//2625 2758//2626 2759//2627
f 2759//2627 2758//2626 2760//2628
f 2759//2627 2760//2628 2761//2629
f 2761//2629 2760//2628 2762//2630
f 2761//2629 2762//2630 2763//2631
f 2763//2631 2762//2630 2764//2632
f 2763//2631 2764//2632 2765//2633
f 2765//2633 2764//2632 2766//2634
f 2765//2633 2766//2634 2767//2635
f 2767//2635 2766//2634 2768//2636
f 2767//2635 2768//2636 2769//2637
f 2769//2637 2768//2636 2770//2638
f 2769//2637 2770//2638 2771//2639
f 2771//2639 2770//2638 2772//2640
f 2771//2639 2772//2640 2773//2641
f 2773//2641 2772//2640 2774//2642
f 2773//2641 2774//2642 2775//2643
f 2775//2643 2774//2642 2776//2644
f 2775//2643 2776//2644 2777//2645
f 2777//2645 2776//2644 2778//2646
f 2777//2645 2778//2646 2779//2647
f 2779//2647 2778//2646 2780//2648
f 2779//2647 2780//2648 2781//2649
f 2781//2649 2780//2648 2782//2650
f 2781//2649 2782//2650 2783//2651
f 2783//2651 2782//2650 2784//2652
f 2783//2651 2784//2652 2785//2653
f 2785//2653 2784//2652 2786//2654
f 2785//2653 2786//2654 2787//2655
f 2787//2655 2786//2654 2788//2656
f 2787//2655 2788//2656 2789//2657
f 2789//2657 2788//2656 2790//2658
f 2789//2657 2790//2658 2791//2659
f 2791//2659 2790//2658 2792//2660
f 2791//2659 2792//2660 2793//2661
f 2793//2661 2792//2660 2794//2662
f 2793//2661 2794//2662 2795//2663
f 2795//2663 2794//2662 2796//2664
f 2795//2663 2796//2664 2797//2665
f 2797//2665 2796//2664 2798//2666
f 2797//2665 2798//2666 2799//2667
f 2799//2667 2798//2666 2800//2668
f 2799//2667 2800//2668 2801//2669
f 2801//2669 2800//2668 2802//2670
f 2801//2669 2802//2670 2803//2671
f 2803//2671 2802//2670 2804//2672
f 2803//2671 2804//2672 2805//2673
f 2805//2673 2804//2672 2806//2674
f 2805//2673 2806//2674 2719//2587
f 2719//2587 2806//2674 2720//2588
f 2671//2539 2785//2653 2787//2655
f 2771//2639 2636//2504 2769//2637
f 2769//2637 2636//2504 2638//2506
f 2769//2637 2638//2506 2767//2635
f 2767//2635 2638//2506 2640//2508
f 2767//2635 2640//2508 2765//2633
f 2765//2633 2640//2508 2642//2510
f 2765//2633 2642//2510 2763//2631
f 2763//2631 2642//2510 2644//2512
f 2763//2631 2644//2512 2761//2629
f 2761//2629 2644//2512 2646//2514
f 2761//2629 2646//2514 2759//2627
f 2759//2627 2646//2514 2648//2516
f 2759//2627 2648//2516 2757//2625
f 2648//2516 2650//2518 2757//2625
f 2757//2625 2650//2518 2652//2520
f 2757//2625 2652//2520 2755//2623
f 2755//2623 2652//2520 2654//2522
f 2755//2623 2654//2522 2753//2621
f 2753//2621 2654//2522 2656//2524
f 2753//2621 2656//2524 2751//2619
f 2751//2619 2656//2524 2658//2526
f 2751//2619 2658//2526 2749//2617
f 2749//2617 2658//2526 2660//2528
f 2749//2617 2660//2528 2747//2615
f 2747//2615 2660//2528 2662//2530
f 2747//2615 2662//2530 2745//2613
f 2745//2613 2662//2530 2664//2532
f 2745//2613 2664//2532 2743//2611
f 2671//2539 2619//2487 2785//2653
f 2785//2653 2619//2487 2620//2488
f 2785//2653 2620//2488 2783//2651
f 2783//2651 2620//2488 2622//2490
f 2783//2651 2622//2490 2781//2649
f 2781//2649 2622//2490 2624//2492
f 2781//2649 2624//2492 2779//2647
f 2779//2647 2624//2492 2626//2494
f 2779//2647 2626//2494 2777//2645
f 2777//2645 2626//2494 2628//2496
f 2777//2645 2628//2496 2775//2643
f 2775//2643 2628//2496 2630//2498
f 2775//2643 2630//2498 2773//2641
f 2773//2641 2630//2498 2632//2500
f 2773//2641 2632//2500 2771//2639
f 2771//2639 2632//2500 2634//2502
f 2771//2639 2634//2502 2636//2504
f 2801//2669 2686//2554 2799//2667
f 2799//2667 2686//2554 2684//2552
f 2799//2667 2684//2552 2797//2665
f 2797//2665 2684//2552 2682//2550
f 2797//2665 2682//2550 2795//2663
f 2795//2663 2682//2550 2680//2548
f 2795//2663 2680//2548 2793//2661
f 2793//2661 2680//2548 2678//2546
f 2793//2661 2678//2546 2791//2659
f 2791//2659 2678//2546 2676//2544
f 2791//2659 2676//2544 2789//2657
f 2789//2657 2676//2544 2674//2542
f 2789//2657 2674//2542 2787//2655
f 2787//2655 2674//2542 2672//2540
f 2787//2655 2672//2540 2671//2539
f 2664//2532 2666//2534 2743//2611
f 2743//2611 2666//2534 2668//2536
f 2743//2611 2668//2536 2741//2609
f 2741//2609 2668//2536 2670//2538
f 2741//2609 2670//2538 2739//2607
f 2739//2607 2670//2538 2716//2584
f 2739//2607 2716//2584 2737//2605
f 2737//2605 2716//2584 2714//2582
f 2737//2605 2714//2582 2735//2603
f 2735//2603 2714//2582 2712//2580
f 2735//2603 2712//2580 2733//2601
f 2733//2601 2712//2580 2710//2578
f 2733//2601 2710//2578 2731//2599
f 2731//2599 2710//2578 2708//2576
f 2731//2599 2708//2576 2729//2597
f 2729//2597 2708//2576 2706//2574
f 2729//2597 2706//2574 2727//2595
f 2706//2574 2704//2572 2727//2595
f 2727//2595 2704//2572 2702//2570
f 2727//2595 2702//2570 2725//2593
f 2725//2593 2702//2570 2700//2568
f 2725//2593 2700//2568 2723//2591
f 2723//2591 2700//2568 2698//2566
f 2723//2591 2698//2566 2721//2589
f 2721//2589 2698//2566 2696//2564
f 2721//2589 2696//2564 2719//2587
f 2719//2587 2696//2564 2694//2562
f 2719//2587 2694//2562 2805//2673
f 2805//2673 2694//2562 2692//2560
f 2805//2673 2692//2560 2803//2671
f 2803//2671 2692//2560 2690//2558
f 2803//2671 2690//2558 2801//2669
f 2801//2669 2690//2558 2688//2556
f 2801//2669 2688//2556 2686//2554
f 2742//2610 2667//2535 2744//2612
f 2744//2612 2667//2535 2665//2533
f 2744//2612 2665//2533 2746//2614
f 2746//2614 2665//2533 2663//2531
f 2746//2614 2663//2531 2748//2616
f 2748//2616 2663//2531 2661//2529
f 2748//2616 2661//2529 2750//2618
f 2750//2618 2661//2529 2659//2527
f 2750//2618 2659//2527 2752//2620
f 2752//2620 2659//2527 2657//2525
f 2752//2620 2657//2525 2754//2622
f 2754//2622 2657//2525 2655//2523
f 2754//2622 2655//2523 2756//2624
f 2740//2608 2718//2586 2742//2610
f 2742//2610 2718//2586 2669//2537
f 2742//2610 2669//2537 2667//2535
f 2726//2594 2703//2571 2728//2596
f 2728//2596 2703//2571 2705//2573
f 2728//2596 2705//2573 2730//2598
f 2730//2598 2705//2573 2707//2575
f 2730//2598 2707//2575 2732//2600
f 2732//2600 2707//2575 2709//2577
f 2732//2600 2709//2577 2734//2602
f 2734//2602 2709//2577 2711//2579
f 2734//2602 2711//2579 2736//2604
f 2736//2604 2711//2579 2713//2581
f 2736//2604 2713//2581 2738//2606
f 2738//2606 2713//2581 2715//2583
f 2738//2606 2715//2583 2740//2608
f 2740//2608 2715//2583 2717//2585
f 2740//2608 2717//2585 2718//2586
f 2655//2523 2653//2521 2756//2624
f 2756//2624 2653//2521 2651//2519
f 2756//2624 2651//2519 2758//2626
f 2758//2626 2651//2519 2649//2517
f 2758//2626 2649//2517 2760//2628
f 2760//2628 2649//2517 2647//2515
f 2760//2628 2647//2515 2762//2630
f 2762//2630 2647//2515 2645//2513
f 2762//2630 2645//2513 2764//2632
f 2764//2632 2645//2513 2643//2511
f 2764//2632 2643//2511 2766//2634
f 2766//2634 2643//2511 2641//2509
f 2766//2634 2641//2509 2768//2636
f 2768//2636 2641//2509 2639//2507
f 2768//2636 2639//2507 2770//2638
f 2800//2668 2687//2555 2802//2670
f 2802//2670 2687//2555 2689//2557
f 2802//2670 2689//2557 2804//2672
f 2804//2672 2689//2557 2691//2559
f 2804//2672 2691//2559 2806//2674
f 2806//2674 2691//2559 2693//2561
f 2806//2674 2693//2561 2720//2588
f 2720//2588 2693//2561 2695//2563
f 2720//2588 2695//2563 2722//2590
f 2722//2590 2695//2563 2697//2565
f 2722//2590 2697//2565 2724//2592
f 2724//2592 2697//2565 2699//2567
f 2724//2592 2699//2567 2726//2594
f 2726//2594 2699//2567 2701//2569
f 2726//2594 2701//2569 2703//2571
f 2639//2507 2637//2505 2770//2638
f 2770//2638 2637//2505 2635//2503
f 2770//2638 2635//2503 2772//2640
f 2772//2640 2635//2503 2633//2501
f 2772//2640 2633//2501 2774//2642
f 2774//2642 2633//2501 2631//2499
f 2774//2642 2631//2499 2776//2644
f 2776//2644 2631//2499 2629//2497
f 2776//2644 2629//2497 2778//2646
f 2778//2646 2629//2497 2627//2495
f 2778//2646 2627//2495 2780//2648
f 2780//2648 2627//2495 2625//2493
f 2780//2648 2625//2493 2782//2650
f 2782//2650 2625//2493 2623//2491
f 2782//2650 2623//2491 2784//2652
f 2784//2652 2623//2491 2621//2489
f 2784//2652 2621//2489 2786//2654
f 2621//2489 2618//2486 2786//2654
f 2786//2654 2618//2486 2617//2485
f 2786//2654 2617//2485 2788//2656
f 2788//2656 2617//2485 2673//2541
f 2788//2656 2673//2541 2790//2658
f 2790//2658 2673//2541 2675//2543
f 2790//2658 2675//2543 2792//2660
f 2792//2660 2675//2543 2677//2545
f 2792//2660 2677//2545 2794//2662
f 2794//2662 2677//2545 2679//2547
f 2794//2662 2679//2547 2796//2664
f 2796//2664 2679//2547 2681//2549
f 2796//2664 2681//2549 2798//2666
f 2798//2666 2681//2549 2683//2551
f 2798//2666 2683//2551 2800//2668
f 2800//2668 2683//2551 2685//2553
f 2800//2668 2685//2553 2687//2555
f 2807//2675 2808//2676 2809//2677
f 2810//2678 2811//2679 2812//2680
f 2813//2681 2814//2682 2815//2683
f 2816//2684 2817//2685 2818//2686
f 2818//2686 2817//2685 2815//2683
f 2815//2683 2819//2687 2820//2688
f 2820//2688 2819//2687 2821//2689
f 2820//2688 2821//2689 2822//2690
f 2823//2691 2816//2684 2824//2692
f 2824//2692 2816//2684 2818//2686
f 2824//2692 2818//2686 2825//2693
f 2825//2693 2818//2686 2815//2683
f 2814//2682 2813//2681 2826//2694
f 2826//2694 2813//2681 2827//2695
f 2826//2694 2827//2695 2828//2696
f 2829//2697 2823//2691 2830//2698
f 2830//2698 2823//2691 2824//2692
f 2830//2698 2824//2692 2831//2699
f 2831//2699 2824//2692 2825//2693
f 2831//2699 2825//2693 2832//2700
f 2832//2700 2825//2693 2815//2683
f 2821//2689 2833//2701 2822//2690
f 2822//2690 2833//2701 2834//2702
f 2822//2690 2834//2702 2835//2703
f 2835//2703 2834//2702 2836//2704
f 2835//2703 2836//2704 2837//2705
f 2838//2706 2829//2697 2839//2707
f 2839//2707 2829//2697 2830//2698
f 2839//2707 2830//2698 2840//2708
f 2840//2708 2830//2698 2831//2699
f 2840//2708 2831//2699 2841//2709
f 2841//2709 2831//2699 2832//2700
f 2841//2709 2832//2700 2842//2710
f 2842//2710 2832//2700 2815//2683
f 2828//2696 2827//2695 2843//2711
f 2843//2711 2827//2695 2844//2712
f 2843//2711 2844//2712 2845//2713
f 2845//2713 2844//2712 2846//2714
f 2845//2713 2846//2714 2847//2715
f 2848//2716 2849//2717 2837//2705
f 2837//2705 2849//2717 2850//2718
f 2837//2705 2850//2718 2835//2703
f 2851//2719 2838//2706 2852//2720
f 2852//2720 2838//2706 2839//2707
f 2852//2720 2839//2707 2853//2721
f 2853//2721 2839//2707 2840//2708
f 2853//2721 2840//2708 2854//2722
f 2854//2722 2840//2708 2841//2709
f 2854//2722 2841//2709 2855//2723
f 2855//2723 2841//2709 2842//2710
f 2855//2723 2842//2710 2856//2724
f 2856//2724 2842//2710 2815//2683
f 2847//2715 2846//2714 2857//2725
f 2857//2725 2846//2714 2858//2726
f 2857//2725 2858//2726 2859//2727
f 2848//2716 2860//2728 2849//2717
f 2849//2717 2860//2728 2861//2729
f 2849//2717 2861//2729 2862//2730
f 2863//2731 2851//2719 2864//2732
f 2864//2732 2851//2719 2852//2720
f 2864//2732 2852//2720 2865//2733
f 2865//2733 2852//2720 2853//2721
f 2865//2733 2853//2721 2866//2734
f 2866//2734 2853//2721 2854//2722
f 2866//2734 2854//2722 2867//2735
f 2867//2735 2854//2722 2855//2723
f 2867//2735 2855//2723 2868//2736
f 2868//2736 2855//2723 2856//2724
f 2868//2736 2856//2724 2869//2737
f 2869//2737 2856//2724 2815//2683
f 2870//2738 2863//2731 2871//2739
f 2871//2739 2863//2731 2864//2732
f 2871//2739 2864//2732 2872//2740
f 2872//2740 2864//2732 2865//2733
f 2872//2740 2865//2733 2873//2741
f 2873//2741 2865//2733 2866//2734
f 2873//2741 2866//2734 2874//2742
f 2874//2742 2866//2734 2867//2735
f 2874//2742 2867//2735 2875//2743
f 2875//2743 2867//2735 2868//2736
f 2875//2743 2868//2736 2876//2744
f 2876//2744 2868//2736 2869//2737
f 2876//2744 2869//2737 2877//2745
f 2877//2745 2869//2737 2815//2683
f 2859//2727 2858//2726 2878//2746
f 2878//2746 2858//2726 2879//2747
f 2878//2746 2879//2747 2880//2748
f 2880//2748 2879//2747 2881//2749
f 2880//2748 2881//2749 2882//2750
f 2861//2729 2883//2751 2862//2730
f 2862//2730 2883//2751 2884//2752
f 2862//2730 2884//2752 2885//2753
f 2885//2753 2884//2752 2886//2754
f 2885//2753 2886//2754 2887//2755
f 2888//2756 2870//2738 2887//2755
f 2887//2755 2870//2738 2871//2739
f 2887//2755 2871//2739 2885//2753
f 2885//2753 2871//2739 2872//2740
f 2885//2753 2872//2740 2862//2730
f 2862//2730 2872//2740 2873//2741
f 2862//2730 2873//2741 2849//2717
f 2849//2717 2873//2741 2874//2742
f 2849//2717 2874//2742 2850//2718
f 2850//2718 2874//2742 2875//2743
f 2850//2718 2875//2743 2835//2703
f 2835//2703 2875//2743 2876//2744
f 2835//2703 2876//2744 2822//2690
f 2822//2690 2876//2744 2877//2745
f 2822//2690 2877//2745 2820//2688
f 2820//2688 2877//2745 2815//2683
f 2886//2754 2889//2757 2887//2755
f 2887//2755 2889//2757 2890//2758
f 2887//2755 2890//2758 2888//2756
f 2888//2756 2890//2758 2891//2759
f 2888//2756 2891//2759 2892//2760
f 2893//2761 2894//2762 2895//2763
f 2895//2763 2894//2762 2896//2764
f 2895//2763 2896//2764 2897//2765
f 2897//2765 2896//2764 2898//2766
f 2897//2765 2898//2766 2881//2749
f 2881//2749 2898//2766 2899//2767
f 2881//2749 2899//2767 2882//2750
f 2900//2768 2892//2760 2901//2769
f 2900//2768 2901//2769 2902//2770
f 2903//2771 2904//2772 2893//2761
f 2893//2761 2904//2772 2905//2773
f 2893//2761 2905//2773 2894//2762
f 2901//2769 2906//2774 2902//2770
f 2902//2770 2906//2774 2907//2775
f 2902//2770 2907//2775 2908//2776
f 2909//2777 2910//2778 2911//2779
f 2911//2779 2910//2778 2912//2780
f 2911//2779 2912//2780 2903//2771
f 2903//2771 2912//2780 2913//2781
f 2903//2771 2913//2781 2904//2772
f 2907//2775 2914//2782 2908//2776
f 2908//2776 2914//2782 2915//2783
f 2908//2776 2915//2783 2916//2784
f 2916//2784 2915//2783 2917//2785
f 2916//2784 2917//2785 2918//2786
f 2919//2787 2920//2788 2909//2777
f 2909//2777 2920//2788 2921//2789
f 2909//2777 2921//2789 2910//2778
f 2917//2785 2922//2790 2918//2786
f 2918//2786 2922//2790 2923//2791
f 2918//2786 2923//2791 2924//2792
f 2925//2793 2926//2794 2919//2787
f 2919//2787 2926//2794 2927//2795
f 2919//2787 2927//2795 2920//2788
f 2923//2791 2928//2796 2924//2792
f 2924//2792 2928//2796 2929//2797
f 2924//2792 2929//2797 2930//2798
f 2931//2799 2932//2800 2925//2793
f 2925//2793 2932//2800 2933//2801
f 2925//2793 2933//2801 2926//2794
f 2929//2797 2934//2802 2930//2798
f 2930//2798 2934//2802 2935//2803
f 2930//2798 2935//2803 2936//2804
f 2937//2805 2938//2806 2939//2807
f 2939//2807 2938//2806 2940//2808
f 2939//2807 2940//2808 2941//2809
f 2941//2809 2940//2808 2942//2810
f 2941//2809 2942//2810 2931//2799
f 2931//2799 2942//2810 2943//2811
f 2931//2799 2943//2811 2932//2800
f 2935//2803 2944//2812 2936//2804
f 2936//2804 2944//2812 2945//2813
f 2936//2804 2945//2813 2946//2814
f 2946//2814 2945//2813 2947//2815
f 2946//2814 2947//2815 2948//2816
f 2948//2816 2947//2815 2949//2817
f 2948//2816 2949//2817 2950//2818
f 2951//2819 2952//2820 2937//2805
f 2937//2805 2952//2820 2953//2821
f 2937//2805 2953//2821 2938//2806
f 2949//2817 2954//2822 2950//2818
f 2950//2818 2954//2822 2955//2823
f 2950//2818 2955//2823 2956//2824
f 2957//2825 2958//2826 2951//2819
f 2951//2819 2958//2826 2959//2827
f 2951//2819 2959//2827 2952//2820
f 2955//2823 2960//2828 2956//2824
f 2956//2824 2960//2828 2961//2829
f 2956//2824 2961//2829 2962//2830
f 2963//2831 2964//2832 2965//2833
f 2965//2833 2964//2832 2966//2834
f 2965//2833 2966//2834 2957//2825
f 2957//2825 2966//2834 2967//2835
f 2957//2825 2967//2835 2958//2826
f 2961//2829 2968//2836 2962//2830
f 2962//2830 2968//2836 2969//2837
f 2962//2830 2969//2837 2970//2838
f 2970//2838 2969//2837 2971//2839
f 2970//2838 2971//2839 2972//2840
f 2973//2841 2974//2842 2963//2831
f 2963//2831 2974//2842 2975//2843
f 2963//2831 2975//2843 2964//2832
f 2971//2839 2976//2844 2972//2840
f 2972//2840 2976//2844 2977//2845
f 2972//2840 2977//2845 2978//2846
f 2979//2847 2980//2848 2973//2841
f 2973//2841 2980//2848 2981//2849
f 2973//2841 2981//2849 2974//2842
f 2977//2845 2982//2850 2978//2846
f 2978//2846 2982//2850 2983//2851
f 2978//2846 2983//2851 2984//2852
f 2985//2853 2986//2854 2987//2855
f 2987//2855 2986//2854 2988//2856
f 2987//2855 2988//2856 2979//2847
f 2979//2847 2988//2856 2989//2857
f 2979//2847 2989//2857 2980//2848
f 2983//2851 2990//2858 2984//2852
f 2984//2852 2990//2858 2991//2859
f 2984//2852 2991//2859 2992//2860
f 2992//2860 2991//2859 2993//2861
f 2992//2860 2993//2861 2994//2862
f 2995//2863 2996//2864 2985//2853
f 2985//2853 2996//2864 2997//2865
f 2985//2853 2997//2865 2986//2854
f 2993//2861 2998//2866 2994//2862
f 2994//2862 2998//2866 2999//2867
f 2994//2862 2999//2867 3000//2868
f 3001//2869 3002//2870 3003//2871
f 3003//2871 3002//2870 3004//2872
f 3003//2871 3004//2872 3005//2873
f 3005//2873 3004//2872 3006//2874
f 3005//2873 3006//2874 2995//2863
f 2995//2863 3006//2874 3007//2875
f 2995//2863 3007//2875 2996//2864
f 2999//2867 3008//2876 3000//2868
f 3000//2868 3008//2876 3009//2877
f 3000//2868 3009//2877 3010//2878
f 3010//2878 3009//2877 3011//2879
f 3010//2878 3011//2879 3012//2880
f 3001//2869 3003//2871 2812//2680
f 2812//2680 3003//2871 3013//2881
f 2812//2680 3013//2881 2810//2678
f 3011//2879 3014//2882 3012//2880
f 3012//2880 3014//2882 3015//2883
f 3012//2880 3015//2883 3016//2884
f 3016//2884 3015//2883 3017//2885
f 3016//2884 3017//2885 3018//2886
f 2811//2679 2810//2678 3019//2887
f 3019//2887 2810//2678 3020//2888
f 3019//2887 3020//2888 3021//2889
f 3017//2885 3022//2890 3018//2886
f 3018//2886 3022//2890 3023//2891
f 3018//2886 3023//2891 3024//2892
f 3024//2892 3023//2891 3025//2893
f 3024//2892 3025//2893 2807//2675
f 2807//2675 3026//2894 3024//2892
f 3024//2892 3026//2894 3027//2895
f 3024//2892 3027//2895 3018//2886
f 3018//2886 3027//2895 3028//2896
f 3018//2886 3028//2896 3016//2884
f 3016//2884 3028//2896 3029//2897
f 3016//2884 3029//2897 3012//2880
f 3012//2880 3029//2897 3030//2898
f 3012//2880 3030//2898 3010//2878
f 3010//2878 3030//2898 3031//2899
f 3010//2878 3031//2899 3000//2868
f 3000//2868 3031//2899 3032//2900
f 3000//2868 3032//2900 2994//2862
f 2994//2862 3032//2900 3033//2901
f 2994//2862 3033//2901 2992//2860
f 2992//2860 3033//2901 3034//2902
f 2992//2860 3034//2902 2984//2852
f 2984//2852 3034//2902 3035//2903
f 2984//2852 3035//2903 2978//2846
f 2978//2846 3035//2903 3036//2904
f 2978//2846 3036//2904 2972//2840
f 2972//2840 3036//2904 3037//2905
f 2972//2840 3037//2905 2970//2838
f 2970//2838 3037//2905 3038//2906
f 2970//2838 3038//2906 2962//2830
f 2962//2830 3038//2906 3039//2907
f 2962//2830 3039//2907 2956//2824
f 2956//2824 3039//2907 3040//2908
f 2956//2824 3040//2908 2950//2818
f 2950//2818 3040//2908 3041//2909
f 2950//2818 3041//2909 2948//2816
f 2948//2816 3041//2909 3042//2910
f 2948//2816 3042//2910 2946//2814
f 2946//2814 3042//2910 3043//2911
f 2946//2814 3043//2911 2936//2804
f 2936//2804 3043//2911 3044//2912
f 2936//2804 3044//2912 2930//2798
f 2930//2798 3044//2912 3045//2913
f 2930//2798 3045//2913 2924//2792
f 2924//2792 3045//2913 3046//2914
f 2924//2792 3046//2914 2918//2786
f 2918//2786 3046//2914 3047//2915
f 2918//2786 3047//2915 2916//2784
f 2916//2784 3047//2915 3048//2916
f 2916//2784 3048//2916 2908//2776
f 2908//2776 3048//2916 3049//2917
f 2908//2776 3049//2917 2902//2770
f 2902//2770 3049//2917 3050//2918
f 2902//2770 3050//2918 2900//2768
f 2900//2768 3050//2918 3051//2919
f 2807//2675 3052//2920 3026//2894
f 3026//2894 3052//2920 3053//2921
f 3026//2894 3053//2921 3027//2895
f 3027//2895 3053//2921 3054//2922
f 3027//2895 3054//2922 3028//2896
f 3028//2896 3054//2922 3055//2923
f 3028//2896 3055//2923 3029//2897
f 3029//2897 3055//2923 3056//2924
f 3029//2897 3056//2924 3030//2898
f 3030//2898 3056//2924 3057//2925
f 3030//2898 3057//2925 3031//2899
f 3031//2899 3057//2925 3058//2926
f 3031//2899 3058//2926 3032//2900
f 3032//2900 3058//2926 3059//2927
f 3032//2900 3059//2927 3033//2901
f 3033//2901 3059//2927 3060//2928
f 3033//2901 3060//2928 3034//2902
f 3034//2902 3060//2928 3061//2929
f 3034//2902 3061//2929 3035//2903
f 3035//2903 3061//2929 3062//2930
f 3035//2903 3062//2930 3036//2904
f 3036//2904 3062//2930 3063//2931
f 3036//2904 3063//2931 3037//2905
f 3037//2905 3063//2931 3064//2932
f 3037//2905 3064//2932 3038//2906
f 3038//2906 3064//2932 3065//2933
f 3038//2906 3065//2933 3039//2907
f 3039//2907 3065//2933 3066//2934
f 3039//2907 3066//2934 3040//2908
f 3040//2908 3066//2934 3067//2935
f 3040//2908 3067//2935 3041//2909
f 3041//2909 3067//2935 3068//2936
f 3041//2909 3068//2936 3042//2910
f 3042//2910 3068//2936 3069//2937
f 3042//2910 3069//2937 3043//2911
f 3043//2911 3069//2937 3070//2938
f 3043//2911 3070//2938 3044//2912
f 3044//2912 3070//2938 3071//2939
f 3044//2912 3071//2939 3045//2913
f 3045//2913 3071//2939 3072//2940
f 3045//2913 3072//2940 3046//2914
f 3046//2914 3072//2940 3073//2941
f 3046//2914 3073//2941 3047//2915
f 3047//2915 3073//2941 3074//2942
f 3047//2915 3074//2942 3048//2916
f 3048//2916 3074//2942 3075//2943
f 3048//2916 3075//2943 3049//2917
f 3049//2917 3075//2943 3076//2944
f 3049//2917 3076//2944 3050//2918
f 3050//2918 3076//2944 3077//2945
f 3050//2918 3077//2945 3051//2919
f 3051//2919 3077//2945 3078//2946
f 2807//2675 3079//2947 3052//2920
f 3052//2920 3079//2947 3080//2948
f 3052//2920 3080//2948 3053//2921
f 3053//2921 3080//2948 3081//2949
f 3053//2921 3081//2949 3054//2922
f 3054//2922 3081//2949 3082//2950
f 3054//2922 3082//2950 3055//2923
f 3055//2923 3082//2950 3083//2951
f 3055//2923 3083//2951 3056//2924
f 3056//2924 3083//2951 3084//2952
f 3056//2924 3084//2952 3057//2925
f 3057//2925 3084//2952 3085//2953
f 3057//2925 3085//2953 3058//2926
f 3058//2926 3085//2953 3086//2954
f 3058//2926 3086//2954 3059//2927
f 3059//2927 3086//2954 3087//2955
f 3059//2927 3087//2955 3060//2928
f 3060//2928 3087//2955 3088//2956
f 3060//2928 3088//2956 3061//2929
f 3061//2929 3088//2956 3089//2957
f 3061//2929 3089//2957 3062//2930
f 3062//2930 3089//2957 3090//2958
f 3062//2930 3090//2958 3063//2931
f 3063//2931 3090//2958 3091//2959
f 3063//2931 3091//2959 3064//2932
f 3064//2932 3091//2959 3092//2960
f 3064//2932 3092//2960 3065//2933
f 3065//2933 3092//2960 3093//2961
f 3065//2933 3093//2961 3066//2934
f 3066//2934 3093//2961 3094//2962
f 3066//2934 3094//2962 3067//2935
f 3067//2935 3094//2962 3095//2963
f 3067//2935 3095//2963 3068//2936
f 3068//2936 3095//2963 3096//2964
f 3068//2936 3096//2964 3069//2937
f 3069//2937 3096//2964 3097//2965
f 3069//2937 3097//2965 3070//2938
f 3070//2938 3097//2965 3098//2966
f 3070//2938 3098//2966 3071//2939
f 3071//2939 3098//2966 3099//2967
f 3071//2939 3099//2967 3072//2940
f 3072//2940 3099//2967 3100//2968
f 3072//2940 3100//2968 3073//2941
f 3073//2941 3100//2968 3101//2969
f 3073//2941 3101//2969 3074//2942
f 3074//2942 3101//2969 3102//2970
f 3074//2942 3102//2970 3075//2943
f 3075//2943 3102//2970 3103//2971
f 3075//2943 3103//2971 3076//2944
f 3076//2944 3103//2971 3104//2972
f 3076//2944 3104//2972 3077//2945
f 3077//2945 3104//2972 3105//2973
f 3077//2945 3105//2973 3078//2946
f 3078//2946 3105//2973 3106//2974
f 2807//2675 3107//2975 3079//2947
f 3079//2947 3107//2975 3108//2976
f 3079//2947 3108//2976 3080//2948
f 3080//2948 3108//2976 3109//2977
f 3080//2948 3109//2977 3081//2949
f 3081//2949 3109//2977 3110//2978
f 3081//2949 3110//2978 3082//2950
f 3082//2950 3110//2978 3111//2979
f 3082//2950 3111//2979 3083//2951
f 3083//2951 3111//2979 3112//2980
f 3083//2951 3112//2980 3084//2952
f 3084//2952 3112//2980 3113//2981
f 3084//2952 3113//2981 3085//2953
f 3085//2953 3113//2981 3114//2982
f 3085//2953 3114//2982 3086//2954
f 3086//2954 3114//2982 3115//2983
f 3086//2954 3115//2983 3087//2955
f 3087//2955 3115//2983 3116//2984
f 3087//2955 3116//2984 3088//2956
f 3088//2956 3116//2984 3117//2985
f 3088//2956 3117//2985 3089//2957
f 3089//2957 3117//2985 3118//2986
f 3089//2957 3118//2986 3090//2958
f 3090//2958 3118//2986 3119//2987
f 3090//2958 3119//2987 3091//2959
f 3091//2959 3119//2987 3120//2988
f 3091//2959 3120//2988 3092//2960
f 3092//2960 3120//2988 3121//2989
f 3092//2960 3121//2989 3093//2961
f 3093//2961 3121//2989 3122//2990
f 3093//2961 3122//2990 3094//2962
f 3094//2962 3122//2990 3123//2991
f 3094//2962 3123//2991 3095//2963
f 3095//2963 3123//2991 3124//2992
f 3095//2963 3124//2992 3096//2964
f 3096//2964 3124//2992 3125//2993
f 3096//2964 3125//2993 3097//2965
f 3097//2965 3125//2993 3126//2994
f 3097//2965 3126//2994 3098//2966
f 3098//2966 3126//2994 3127//2995
f 3098//2966 3127//2995 3099//2967
f 3099//2967 3127//2995 3128//2996
f 3099//2967 3128//2996 3100//2968
f 3100//2968 3128//2996 3129//2997
f 3100//2968 3129//2997 3101//2969
f 3101//2969 3129//2997 3130//2998
f 3101//2969 3130//2998 3102//2970
f 3102//2970 3130//2998 3131//2999
f 3102//2970 3131//2999 3103//2971
f 3103//2971 3131//2999 3132//3000
f 3103//2971 3132//3000 3104//2972
f 3104//2972 3132//3000 3133//3001
f 3104//2972 3133//3001 3105//2973
f 3105//2973 3133//3001 3134//3002
f 3105//2973 3134//3002 3106//2974
f 3106//2974 3134//3002 3135//3003
f 2807//2675 3136//3004 3107//2975
f 3107//2975 3136//3004 3137//3005
f 3107//2975 3137//3005 3108//2976
f 3108//2976 3137//3005 3138//3006
f 3108//2976 3138//3006 3109//2977
f 3109//2977 3138//3006 3139//3007
f 3109//2977 3139//3007 3110//2978
f 3110//2978 3139//3007 3140//3008
f 3110//2978 3140//3008 3111//2979
f 3111//2979 3140//3008 3141//3009
f 3111//2979 3141//3009 3112//2980
f 3112//2980 3141//3009 3142//3010
f 3112//2980 3142//3010 3113//2981
f 3113//2981 3142//3010 3143//3011
f 3113//2981 3143//3011 3114//2982
f 3114//2982 3143//3011 3144//3012
f 3114//2982 3144//3012 3115//2983
f 3115//2983 3144//3012 3145//3013
f 3115//2983 3145//3013 3116//2984
f 3116//2984 3145//3013 3146//3014
f 3116//2984 3146//3014 3117//2985
f 3117//2985 3146//3014 3147//3015
f 3117//2985 3147//3015 3118//2986
f 3118//2986 3147//3015 3148//3016
f 3118//2986 3148//3016 3119//2987
f 3119//2987 3148//3016 3149//3017
f 3119//2987 3149//3017 3120//2988
f 3120//2988 3149//3017 3150//3018
f 3120//2988 3150//3018 3121//2989
f 3121//2989 3150//3018 3151//3019
f 3121//2989 3151//3019 3122//2990
f 3122//2990 3151//3019 3152//3020
f 3122//2990 3152//3020 3123//2991
f 3123//2991 3152//3020 3153//3021
f 3123//2991 3153//3021 3124//2992
f 3124//2992 3153//3021 3154//3022
f 3124//2992 3154//3022 3125//2993
f 3125//2993 3154//3022 3155//3023
f 3125//2993 3155//3023 3126//2994
f 3126//2994 3155//3023 3156//3024
f 3126//2994 3156//3024 3127//2995
f 3127//2995 3156//3024 3157//3025
f 3127//2995 3157//3025 3128//2996
f 3128//2996 3157//3025 3158//3026
f 3128//2996 3158//3026 3129//2997
f 3129//2997 3158//3026 3159//3027
f 3129//2997 3159//3027 3130//2998
f 3130//2998 3159//3027 3160//3028
f 3130//2998 3160//3028 3131//2999
f 3131//2999 3160//3028 3161//3029
f 3131//2999 3161//3029 3132//3000
f 3132//3000 3161//3029 3162//3030
f 3132//3000 3162//3030 3133//3001
f 3133//3001 3162//3030 3163//3031
f 3133//3001 3163//3031 3134//3002
f 3134//3002 3163//3031 3164//3032
f 3134//3002 3164//3032 3135//3003
f 3135//3003 3164//3032 3165//3033
f 2807//2675 3166//3034 3136//3004
f 3136//3004 3166//3034 3167//3035
f 3136//3004 3167//3035 3137//3005
f 3137//3005 3167//3035 3168//3036
f 3137//3005 3168//3036 3138//3006
f 3138//3006 3168//3036 3169//3037
f 3138//3006 3169//3037 3139//3007
f 3139//3007 3169//3037 3170//3038
f 3139//3007 3170//3038 3140//3008
f 3140//3008 3170//3038 3171//3039
f 3140//3008 3171//3039 3141//3009
f 3141//3009 3171//3039 3172//3040
f 3141//3009 3172//3040 3142//3010
f 3142//3010 3172//3040 3173//3041
f 3142//3010 3173//3041 3143//3011
f 3143//3011 3173//3041 3174//3042
f 3143//3011 3174//3042 3144//3012
f 3144//3012 3174//3042 3175//3043
f 3144//3012 3175//3043 3145//3013
f 3145//3013 3175//3043 3176//3044
f 3145//3013 3176//3044 3146//3014
f 3146//3014 3176//3044 3177//3045
f 3146//3014 3177//3045 3147//3015
f 3147//3015 3177//3045 3178//3046
f 3147//3015 3178//3046 3148//3016
f 3148//3016 3178//3046 3179//3047
f 3148//3016 3179//3047 3149//3017
f 3149//3017 3179//3047 3180//3048
f 3149//3017 3180//3048 3150//3018
f 3150//3018 3180//3048 3181//3049
f 3150//3018 3181//3049 3151//3019
f 3151//3019 3181//3049 3182//3050
f 3151//3019 3182//3050 3152//3020
f 3152//3020 3182//3050 3183//3051
f 3152//3020 3183//3051 3153//3021
f 3153//3021 3183//3051 3184//3052
f 3153//3021 3184//3052 3154//3022
f 3154//3022 3184//3052 3185//3053
f 3154//3022 3185//3053 3155//3023
f 3155//3023 3185//3053 3186//3054
f 3155//3023 3186//3054 3156//3024
f 3156//3024 3186//3054 3187//3055
f 3156//3024 3187//3055 3157//3025
f 3157//3025 3187//3055 3188//3056
f 3157//3025 3188//3056 3158//3026
f 3158//3026 3188//3056 3189//3057
f 3158//3026 3189//3057 3159//3027
f 3159//3027 3189//3057 3190//3058
f 3159//3027 3190//3058 3160//3028
f 3160//3028 3190//3058 3191//3059
f 3160//3028 3191//3059 3161//3029
f 3161//3029 3191//3059 3192//3060
f 3161//3029 3192//3060 3162//3030
f 3162//3030 3192//3060 3193//3061
f 3162//3030 3193//3061 3163//3031
f 3163//3031 3193//3061 3194//3062
f 3163//3031 3194//3062 3164//3032
f 3164//3032 3194//3062 3195//3063
f 3164//3032 3195//3063 3165//3033
f 3165//3033 3195//3063 3196//3064
f 2807//2675 3197//3065 3166//3034
f 3166//3034 3197//3065 3198//3066
f 3166//3034 3198//3066 3167//3035
f 3167//3035 3198//3066 3199//3067
f 3167//3035 3199//3067 3168//3036
f 3168//3036 3199//3067 3200//3068
f 3168//3036 3200//3068 3169//3037
f 3169//3037 3200//3068 3201//3069
f 3169//3037 3201//3069 3170//3038
f 3170//3038 3201//3069 3202//3070
f 3170//3038 3202//3070 3171//3039
f 3171//3039 3202//3070 3203//3071
f 3171//3039 3203//3071 3172//3040
f 3172//3040 3203//3071 3204//3072
f 3172//3040 3204//3072 3173//3041
f 3173//3041 3204//3072 3205//3073
f 3173//3041 3205//3073 3174//3042
f 3174//3042 3205//3073 3206//3074
f 3174//3042 3206//3074 3175//3043
f 3175//3043 3206//3074 3207//3075
f 3175//3043 3207//3075 3176//3044
f 3176//3044 3207//3075 3208//3076
f 3176//3044 3208//3076 3177//3045
f 3177//3045 3208//3076 3209//3077
f 3177//3045 3209//3077 3178//3046
f 3178//3046 3209//3077 3210//3078
f 3178//3046 3210//3078 3179//3047
f 3179//3047 3210//3078 3211//3079
f 3179//3047 3211//3079 3180//3048
f 3180//3048 3211//3079 3212//3080
f 3180//3048 3212//3080 3181//3049
f 3181//3049 3212//3080 3213//3081
f 3181//3049 3213//3081 3182//3050
f 3182//3050 3213//3081 3214//3082
f 3182//3050 3214//3082 3183//3051
f 3183//3051 3214//3082 3215//3083
f 3183//3051 3215//3083 3184//3052
f 3184//3052 3215//3083 3216//3084
f 3184//3052 3216//3084 3185//3053
f 3185//3053 3216//3084 3217//3085
f 3185//3053 3217//3085 3186//3054
f 3186//3054 3217//3085 3218//3086
f 3186//3054 3218//3086 3187//3055
f 3187//3055 3218//3086 3219//3087
f 3187//3055 3219//3087 3188//3056
f 3188//3056 3219//3087 3220//3088
f 3188//3056 3220//3088 3189//3057
f 3189//3057 3220//3088 3221//3089
f 3189//3057 3221//3089 3190//3058
f 3190//3058 3221//3089 3222//3090
f 3190//3058 3222//3090 3191//3059
f 3191//3059 3222//3090 3223//3091
f 3191//3059 3223//3091 3192//3060
f 3192//3060 3223//3091 3224//3092
f 3192//3060 3224//3092 3193//3061
f 3193//3061 3224//3092 3225//3093
f 3193//3061 3225//3093 3194//3062
f 3194//3062 3225//3093 3226//3094
f 3194//3062 3226//3094 3195//3063
f 3195//3063 3226//3094 3227//3095
f 3195//3063 3227//3095 3196//3064
f 3196//3064 3227//3095 3228//3096
f 2807//2675 3229//3097 3197//3065
f 3197//3065 3229//3097 3230//3098
f 3197//3065 3230//3098 3198//3066
f 3198//3066 3230//3098 3231//3099
f 3198//3066 3231//3099 3199//3067
f 3199//3067 3231//3099 3232//3100
f 3199//3067 3232//3100 3200//3068
f 3200//3068 3232//3100 3233//3101
f 3200//3068 3233//3101 3201//3069
f 3201//3069 3233//3101 3234//3102
f 3201//3069 3234//3102 3202//3070
f 3202//3070 3234//3102 3235//3103
f 3202//3070 3235//3103 3203//3071
f 3203//3071 3235//3103 3236//3104
f 3203//3071 3236//3104 3204//3072
f 3204//3072 3236//3104 3237//3105
f 3204//3072 3237//3105 3205//3073
f 3205//3073 3237//3105 3238//3106
f 3205//3073 3238//3106 3206//3074
f 3206//3074 3238//3106 3239//3107
f 3206//3074 3239//3107 3207//3075
f 3207//3075 3239//3107 3240//3108
f 3207//3075 3240//3108 3208//3076
f 3208//3076 3240//3108 3241//3109
f 3208//3076 3241//3109 3209//3077
f 3209//3077 3241//3109 3242//3110
f 3209//3077 3242//3110 3210//3078
f 3210//3078 3242//3110 3243//3111
f 3210//3078 3243//3111 3211//3079
f 3211//3079 3243//3111 3244//3112
f 3211//3079 3244//3112 3212//3080
f 3212//3080 3244//3112 3245//3113
f 3212//3080 3245//3113 3213//3081
f 3213//3081 3245//3113 3246//3114
f 3213//3081 3246//3114 3214//3082
f 3214//3082 3246//3114 3247//3115
f 3214//3082 3247//3115 3215//3083
f 3215//3083 3247//3115 3248//3116
f 3215//3083 3248//3116 3216//3084
f 3216//3084 3248//3116 3249//3117
f 3216//3084 3249//3117 3217//3085
f 3217//3085 3249//3117 3250//3118
f 3217//3085 3250//3118 3218//3086
f 3218//3086 3250//3118 3251//3119
f 3218//3086 3251//3119 3219//3087
f 3219//3087 3251//3119 3252//3120
f 3219//3087 3252//3120 3220//3088
f 3220//3088 3252//3120 3253//3121
f 3220//3088 3253//3121 3221//3089
f 3221//3089 3253//3121 3254//3122
f 3221//3089 3254//3122 3222//3090
f 3222//3090 3254//3122 3255//3123
f 3222//3090 3255//3123 3223//3091
f 3223//3091 3255//3123 3256//3124
f 3223//3091 3256//3124 3224//3092
f 3224//3092 3256//3124 3257//3125
f 3224//3092 3257//3125 3225//3093
f 3225//3093 3257//3125 3258//3126
f 3225//3093 3258//3126 3226//3094
f 3226//3094 3258//3126 3259//3127
f 3226//3094 3259//3127 3227//3095
f 3227//3095 3259//3127 3260//3128
f 3227//3095 3260//3128 3228//3096
f 3228//3096 3260//3128 3261//3129
f 2807//2675 3262//3130 3229//3097
f 3229//3097 3262//3130 3263//3131
f 3229//3097 3263//3131 3230//3098
f 3230//3098 3263//3131 3264//3132
f 3230//3098 3264//3132 3231//3099
f 3231//3099 3264//3132 3265//3133
f 3231//3099 3265//3133 3232//3100
f 3232//3100 3265//3133 3266//3134
f 3232//3100 3266//3134 3233//3101
f 3233//3101 3266//3134 3267//3135
f 3233//3101 3267//3135 3234//3102
f 3234//3102 3267//3135 3268//3136
f 3234//3102 3268//3136 3235//3103
f 3235//3103 3268//3136 3269//3137
f 3235//3103 3269//3137 3236//3104
f 3236//3104 3269//3137 3270//3138
f 3236//3104 3270//3138 3237//3105
f 3237//3105 3270//3138 3271//3139
f 3237//3105 3271//3139 3238//3106
f 3238//3106 3271//3139 3272//3140
f 3238//3106 3272//3140 3239//3107
f 3239//3107 3272//3140 3273//3141
f 3239//3107 3273//3141 3240//3108
f 3240//3108 3273//3141 3274//3142
f 3240//3108 3274//3142 3241//3109
f 3241//3109 3274//3142 3275//3143
f 3241//3109 3275//3143 3242//3110
f 3242//3110 3275//3143 3276//3144
f 3242//3110 3276//3144 3243//3111
f 3243//3111 3276//3144 3277//3145
f 3243//3111 3277//3145 3244//3112
f 3244//3112 3277//3145 3278//3146
f 3244//3112 3278//3146 3245//3113
f 3245//3113 3278//3146 3279//3147
f 3245//3113 3279//3147 3246//3114
f 3246//3114 3279//3147 3280//3148
f 3246//3114 3280//3148 3247//3115
f 3247//3115 3280//3148 3281//3149
f 3247//3115 3281//3149 3248//3116
f 3248//3116 3281//3149 3282//3150
f 3248//3116 3282//3150 3249//3117
f 3249//3117 3282//3150 3283//3151
f 3249//3117 3283//3151 3250//3118
f 3250//3118 3283//3151 3284//3152
f 3250//3118 3284//3152 3251//3119
f 3251//3119 3284//3152 3285//3153
f 3251//3119 3285//3153 3252//3120
f 3252//3120 3285//3153 3286//3154
f 3252//3120 3286//3154 3253//3121
f 3253//3121 3286//3154 3287//3155
f 3253//3121 3287//3155 3254//3122
f 3254//3122 3287//3155 3288//3156
f 3254//3122 3288//3156 3255//3123
f 3255//3123 3288//3156 3289//3157
f 3255//3123 3289//3157 3256//3124
f 3256//3124 3289//3157 3290//3158
f 3256//3124 3290//3158 3257//3125
f 3257//3125 3290//3158 3291//3159
f 3257//3125 3291//3159 3258//3126
f 3258//3126 3291//3159 3292//3160
f 3258//3126 3292//3160 3259//3127
f 3259//3127 3292//3160 3293//3161
f 3259//3127 3293//3161 3260//3128
f 3260//3128 3293//3161 3294//3162
f 3260//3128 3294//3162 3261//3129
f 3261//3129 3294//3162 3295//3163
f 2807//2675 3296//3164 3262//3130
f 3262//3130 3296//3164 3297//3165
f 3262//3130 3297//3165 3263//3131
f 3263//3131 3297//3165 3298//3166
f 3263//3131 3298//3166 3264//3132
f 3264//3132 3298//3166 3299//3167
f 3264//3132 3299//3167 3265//3133
f 3265//3133 3299//3167 3300//3168
f 3265//3133 3300//3168 3266//3134
f 3266//3134 3300//3168 3301//3169
f 3266//3134 3301//3169 3267//3135
f 3267//3135 3301//3169 3302//3170
f 3267//3135 3302//3170 3268//3136
f 3268//3136 3302//3170 3303//3171
f 3268//3136 3303//3171 3269//3137
f 3269//3137 3303//3171 3304//3172
f 3269//3137 3304//3172 3270//3138
f 3270//3138 3304//3172 3305//3173
f 3270//3138 3305//3173 3271//3139
f 3271//3139 3305//3173 3306//3174
f 3271//3139 3306//3174 3272//3140
f 3272//3140 3306//3174 3307//3175
f 3272//3140 3307//3175 3273//3141
f 3273//3141 3307//3175 3308//3176
f 3273//3141 3308//3176 3274//3142
f 3274//3142 3308//3176 3309//3177
f 3274//3142 3309//3177 3275//3143
f 3275//3143 3309//3177 3310//3178
f 3275//3143 3310//3178 3276//3144
f 3276//3144 3310//3178 3311//3179
f 3276//3144 3311//3179 3277//3145
f 3277//3145 3311//3179 3312//3180
f 3277//3145 3312//3180 3278//3146
f 3278//3146 3312//3180 3313//3181
f 3278//3146 3313//3181 3279//3147
f 3279//3147 3313//3181 3314//3182
f 3279//3147 3314//3182 3280//3148
f 3280//3148 3314//3182 3315//3183
f 3280//3148 3315//3183 3281//3149
f 3281//3149 3315//3183 3316//3184
f 3281//3149 3316//3184 3282//3150
f 3282//3150 3316//3184 3317//3185
f 3282//3150 3317//3185 3283//3151
f 3283//3151 3317//3185 3318//3186
f 3283//3151 3318//3186 3284//3152
f 3284//3152 3318//3186 3319//3187
f 3284//3152 3319//3187 3285//3153
f 3285//3153 3319//3187 3320//3188
f 3285//3153 3320//3188 3286//3154
f 3286//3154 3320//3188 3321//3189
f 3286//3154 3321//3189 3287//3155
f 3287//3155 3321//3189 3322//3190
f 3287//3155 3322//3190 3288//3156
f 3288//3156 3322//3190 3323//3191
f 3288//3156 3323//3191 3289//3157
f 3289//3157 3323//3191 3324//3192
f 3289//3157 3324//3192 3290//3158
f 3290//3158 3324//3192 3325//3193
f 3290//3158 3325//3193 3291//3159
f 3291//3159 3325//3193 3326//3194
f 3291//3159 3326//3194 3292//3160
f 3292//3160 3326//3194 3327//3195
f 3292//3160 3327//3195 3293//3161
f 3293//3161 3327//3195 3328//3196
f 3293//3161 3328//3196 3294//3162
f 3294//3162 3328//3196 3329//3197
f 3294//3162 3329//3197 3295//3163
f 3295//3163 3329//3197 2815//2683
f 2815//2683 3330//3198 2813//2681
f 2813//2681 3330//3198 3331//3199
f 2813//2681 3331//3199 2827//2695
f 2827//2695 3331//3199 3332//3200
f 2827//2695 3332//3200 2844//2712
f 2844//2712 3332//3200 3333//3201
f 2844//2712 3333//3201 2846//2714
f 2846//2714 3333//3201 3334//3202
f 2846//2714 3334//3202 2858//2726
f 2858//2726 3334//3202 3335//3203
f 2858//2726 3335//3203 2879//2747
f 2879//2747 3335//3203 3336//3204
f 2879//2747 3336//3204 2881//2749
f 2881//2749 3336//3204 3337//3205
f 2881//2749 3337//3205 2897//2765
f 2897//2765 3337//3205 3338//3206
f 2897//2765 3338//3206 2895//2763
f 2895//2763 3338//3206 3339//3207
f 2895//2763 3339//3207 2893//2761
f 2893//2761 3339//3207 3340//3208
f 2893//2761 3340//3208 2903//2771
f 2903//2771 3340//3208 3341//3209
f 2903//2771 3341//3209 2911//2779
f 2911//2779 3341//3209 3342//3210
f 2911//2779 3342//3210 2909//2777
f 2909//2777 3342//3210 3343//3211
f 2909//2777 3343//3211 2919//2787
f 2919//2787 3343//3211 3344//3212
f 2919//2787 3344//3212 2925//2793
f 2925//2793 3344//3212 3345//3213
f 2925//2793 3345//3213 2931//2799
f 2931//2799 3345//3213 3346//3214
f 2931//2799 3346//3214 2941//2809
f 2941//2809 3346//3214 3347//3215
f 2941//2809 3347//3215 2939//2807
f 2939//2807 3347//3215 3348//3216
f 2939//2807 3348//3216 2937//2805
f 2937//2805 3348//3216 3349//3217
f 2937//2805 3349//3217 2951//2819
f 2951//2819 3349//3217 3350//3218
f 2951//2819 3350//3218 2957//2825
f 2957//2825 3350//3218 3351//3219
f 2957//2825 3351//3219 2965//2833
f 2965//2833 3351//3219 3352//3220
f 2965//2833 3352//3220 2963//2831
f 2963//2831 3352//3220 3353//3221
f 2963//2831 3353//3221 2973//2841
f 2973//2841 3353//3221 3354//3222
f 2973//2841 3354//3222 2979//2847
f 2979//2847 3354//3222 3355//3223
f 2979//2847 3355//3223 2987//2855
f 2987//2855 3355//3223 3356//3224
f 2987//2855 3356//3224 2985//2853
f 2985//2853 3356//3224 3357//3225
f 2985//2853 3357//3225 2995//2863
f 2995//2863 3357//3225 3358//3226
f 2995//2863 3358//3226 3005//2873
f 3005//2873 3358//3226 3359//3227
f 3005//2873 3359//3227 3003//2871
f 3003//2871 3359//3227 3360//3228
f 3003//2871 3360//3228 3013//2881
f 3013//2881 3360//3228 3361//3229
f 3013//2881 3361//3229 2810//2678
f 2810//2678 3361//3229 3362//3230
f 2810//2678 3362//3230 3020//2888
f 3020//2888 3362//3230 3363//3231
f 3020//2888 3363//3231 2809//2677
f 2809//2677 2808//2676 3020//2888
f 3020//2888 2808//2676 3364//3232
f 3020//2888 3364//3232 3021//2889
f 3363//3231 2807//2675 2809//2677
f 2815//2683 3329//3197 3330//3198
f 3330//3198 3329//3197 3328//3196
f 3330//3198 3328//3196 3331//3199
f 3331//3199 3328//3196 3327//3195
f 3331//3199 3327//3195 3332//3200
f 3332//3200 3327//3195 3326//3194
f 3332//3200 3326//3194 3333//3201
f 3333//3201 3326//3194 3325//3193
f 3333//3201 3325//3193 3334//3202
f 3334//3202 3325//3193 3324//3192
f 3334//3202 3324//3192 3335//3203
f 3335//3203 3324//3192 3323//3191
f 3335//3203 3323//3191 3336//3204
f 3336//3204 3323//3191 3322//3190
f 3336//3204 3322//3190 3337//3205
f 3337//3205 3322//3190 3321//3189
f 3337//3205 3321//3189 3338//3206
f 3338//3206 3321//3189 3320//3188
f 3338//3206 3320//3188 3339//3207
f 3339//3207 3320//3188 3319//3187
f 3339//3207 3319//3187 3340//3208
f 3340//3208 3319//3187 3318//3186
f 3340//3208 3318//3186 3341//3209
f 3341//3209 3318//3186 3317//3185
f 3341//3209 3317//3185 3342//3210
f 3342//3210 3317//3185 3316//3184
f 3342//3210 3316//3184 3343//3211
f 3343//3211 3316//3184 3315//3183
f 3343//3211 3315//3183 3344//3212
f 3344//3212 3315//3183 3314//3182
f 3344//3212 3314//3182 3345//3213
f 3345//3213 3314//3182 3313//3181
f 3345//3213 3313//3181 3346//3214
f 3346//3214 3313//3181 3312//3180
f 3346//3214 3312//3180 3347//3215
f 3347//3215 3312//3180 3311//3179
f 3347//3215 3311//3179 3348//3216
f 3348//3216 3311//3179 3310//3178
f 3348//3216 3310//3178 3349//3217
f 3349//3217 3310//3178 3309//3177
f 3349//3217 3309//3177 3350//3218
f 3350//3218 3309//3177 3308//3176
f 3350//3218 3308//3176 3351//3219
f 3351//3219 3308//3176 3307//3175
f 3351//3219 3307//3175 3352//3220
f 3352//3220 3307//3175 3306//3174
f 3352//3220 3306//3174 3353//3221
f 3353//3221 3306//3174 3305//3173
f 3353//3221 3305//3173 3354//3222
f 3354//3222 3305//3173 3304//3172
f 3354//3222 3304//3172 3355//3223
f 3355//3223 3304//3172 3303//3171
f 3355//3223 3303//3171 3356//3224
f 3356//3224 3303//3171 3302//3170
f 3356//3224 3302//3170 3357//3225
f 3357//3225 3302//3170 3301//3169
f 3357//3225 3301//3169 3358//3226
f 3358//3226 3301//3169 3300//3168
f 3358//3226 3300//3168 3359//3227
f 3359//3227 3300//3168 3299//3167
f 3359//3227 3299//3167 3360//3228
f 3360//3228 3299//3167 3298//3166
f 3360//3228 3298//3166 3361//3229
f 3361//3229 3298//3166 3297//3165
f 3361//3229 3297//3165 3362//3230
f 3362//3230 3297//3165 3296//3164
f 3362//3230 3296//3164 3363//3231
f 3363//3231 3296//3164 2807//2675
f 2892//2760 2900//2768 2888//2756
f 2888//2756 2900//2768 3051//2919
f 2888//2756 3051//2919 2870//2738
f 2870//2738 3051//2919 3078//2946
f 2870//2738 3078//2946 2863//2731
f 2863//2731 3078//2946 3106//2974
f 2863//2731 3106//2974 2851//2719
f 2851//2719 3106//2974 3135//3003
f 2851//2719 3135//3003 2838//2706
f 2838//2706 3135//3003 3165//3033
f 2838//2706 3165//3033 2829//2697
f 2829//2697 3165//3033 3196//3064
f 2829//2697 3196//3064 2823//2691
f 2823//2691 3196//3064 3228//3096
f 2823//2691 3228//3096 2816//2684
f 2816//2684 3228//3096 3261//3129
f 2816//2684 3261//3129 2817//2685
f 2817//2685 3261//3129 3295//3163
f 2817//2685 3295//3163 2815//2683
f 3365//3233 3366//3234 3367//3235
f 3367//3235 3366//3234 3368//3236
f 3367//3235 3368//3236 3369//3237
f 3369//3237 3368//3236 3370//3238
f 3369//3237 3370//3238 3371//3239
f 3371//3239 3370//3238 3372//3240
f 3371//3239 3372//3240 3373//3241
f 3373//3241 3372//3240 3374//3242
f 3373//3241 3374//3242 3375//3243
f 3375//3243 3374//3242 3376//3244
f 3375//3243 3376//3244 3377//3245
f 3377//3245 3376//3244 3378//3246
f 3377//3245 3378//3246 3379//3247
f 3380//3248 3381//3249 3382//3250
f 3382//3250 3381//3249 3383//3251
f 3382//3250 3383//3251 3384//3252
f 3384//3252 3383//3251 3385//3253
f 3384//3252 3385//3253 3386//3254
f 3386//3254 3385//3253 3387//3255
f 3386//3254 3387//3255 3388//3256
f 3388//3256 3387//3255 3389//3257
f 3388//3256 3389//3257 3390//3258
f 3390//3258 3389//3257 3391//3259
f 3390//3258 3391//3259 3392//3260
f 3378//3246 3393//3261 3379//3247
f 3379//3247 3393//3261 3394//3262
f 3379//3247 3394//3262 3395//3263
f 3395//3263 3394//3262 3396//3264
f 3395//3263 3396//3264 3397//3265
f 3397//3265 3396//3264 3398//3266
f 3397//3265 3398//3266 3399//3267
f 3399//3267 3398//3266 3400//3268
f 3399//3267 3400//3268 3401//3269
f 3401//3269 3400//3268 3402//3270
f 3401//3269 3402//3270 3403//3271
f 3403//3271 3402//3270 3404//3272
f 3403//3271 3404//3272 3405//3273
f 3391//3259 3406//3274 3392//3260
f 3392//3260 3406//3274 3407//3275
f 3392//3260 3407//3275 3408//3276
f 3408//3276 3407//3275 3409//3277
f 3408//3276 3409//3277 3410//3278
f 3410//3278 3409//3277 3411//3279
f 3410//3278 3411//3279 3412//3280
f 3412//3280 3411//3279 3413//3281
f 3412//3280 3413//3281 3414//3282
f 3414//3282 3413//3281 3415//3283
f 3414//3282 3415//3283 3416//3284
f 3415//3283 3417//3285 3416//3284
f 3416//3284 3417//3285 3418//3286
f 3416//3284 3418//3286 3419//3287
f 3419//3287 3418//3286 3420//3288
f 3419//3287 3420//3288 3421//3289
f 3421//3289 3420//3288 3422//3290
f 3421//3289 3422//3290 3365//3233
f 3365//3233 3422//3290 3423//3291
f 3365//3233 3423//3291 3366//3234
f 3424//3292 3425//3293 3426//3294
f 3426//3294 3425//3293 3427//3295
f 3426//3294 3427//3295 3428//3296
f 3428//3296 3427//3295 3429//3297
f 3428//3296 3429//3297 3430//3298
f 3430//3298 3429//3297 3431//3299
f 3430//3298 3431//3299 3432//3300
f 3431//3299 3433//3301 3432//3300
f 3432//3300 3433//3301 3434//3302
f 3432//3300 3434//3302 3435//3303
f 3435//3303 3434//3302 3436//3304
f 3435//3303 3436//3304 3437//3305
f 3437//3305 3436//3304 3438//3306
f 3437//3305 3438//3306 3439//3307
f 3439//3307 3438//3306 3440//3308
f 3439//3307 3440//3308 3380//3248
f 3380//3248 3440//3308 3441//3309
f 3380//3248 3441//3309 3381//3249
f 3404//3272 3442//3310 3405//3273
f 3405//3273 3442//3310 3443//3311
f 3405//3273 3443//3311 3444//3312
f 3444//3312 3443//3311 3445//3313
f 3444//3312 3445//3313 3446//3314
f 3445//3313 3447//3315 3446//3314
f 3446//3314 3447//3315 3448//3316
f 3446//3314 3448//3316 3449//3317
f 3449//3317 3448//3316 3450//3318
f 3449//3317 3450//3318 3451//3319
f 3451//3319 3450//3318 3452//3320
f 3451//3319 3452//3320 3453//3321
f 3453//3321 3452//3320 3454//3322
f 3453//3321 3454//3322 3424//3292
f 3424//3292 3454//3322 3455//3323
f 3424//3292 3455//3323 3425//3293
f 3456//3324 3419//3287 3457//3325
f 3457//3325 3419//3287 3421//3289
f 3457//3325 3421//3289 3458//3326
f 3458//3326 3421//3289 3365//3233
f 3458//3326 3365//3233 3459//3327
f 3459//3327 3365//3233 3367//3235
f 3459//3327 3367//3235 3460//3328
f 3460//3328 3367//3235 3369//3237
f 3460//3328 3369//3237 3461//3329
f 3461//3329 3369//3237 3371//3239
f 3461//3329 3371//3239 3462//3330
f 3462//3330 3371//3239 3373//3241
f 3462//3330 3373//3241 3463//3331
f 3463//3331 3373//3241 3375//3243
f 3463//3331 3375//3243 3464//3332
f 3464//3332 3375//3243 3377//3245
f 3464//3332 3377//3245 3465//3333
f 3465//3333 3377//3245 3379//3247
f 3465//3333 3379//3247 3466//3334
f 3466//3334 3379//3247 3395//3263
f 3466//3334 3395//3263 3467//3335
f 3467//3335 3395//3263 3397//3265
f 3467//3335 3397//3265 3468//3336
f 3468//3336 3397//3265 3399//3267
f 3468//3336 3399//3267 3469//3337
f 3469//3337 3399//3267 3401//3269
f 3469//3337 3401//3269 3470//3338
f 3470//3338 3401//3269 3403//3271
f 3470//3338 3403//3271 3471//3339
f 3471//3339 3403//3271 3405//3273
f 3471//3339 3405//3273 3472//3340
f 3472//3340 3405//3273 3444//3312
f 3472//3340 3444//3312 3473//3341
f 3473//3341 3444//3312 3446//3314
f 3473//3341 3446//3314 3474//3342
f 3474//3342 3446//3314 3449//3317
f 3474//3342 3449//3317 3475//3343
f 3475//3343 3449//3317 3451//3319
f 3475//3343 3451//3319 3476//3344
f 3476//3344 3451//3319 3453//3321
f 3476//3344 3453//3321 3477//3345
f 3477//3345 3453//3321 3424//3292
f 3477//3345 3424//3292 3478//3346
f 3478//3346 3424//3292 3426//3294
f 3478//3346 3426//3294 3479//3347
f 3479//3347 3426//3294 3428//3296
f 3479//3347 3428//3296 3480//3348
f 3480//3348 3428//3296 3430//3298
f 3480//3348 3430//3298 3481//3349
f 3481//3349 3430//3298 3432//3300
f 3481//3349 3432//3300 3482//3350
f 3482//3350 3432//3300 3435//3303
f 3482//3350 3435//3303 3483//3351
f 3483//3351 3435//3303 3437//3305
f 3483//3351 3437//3305 3484//3352
f 3484//3352 3437//3305 3439//3307
f 3484//3352 3439//3307 3485//3353
f 3485//3353 3439//3307 3380//3248
f 3485//3353 3380//3248 3486//3354
f 3486//3354 3380//3248 3382//3250
f 3486//3354 3382//3250 3487//3355
f 3487//3355 3382//3250 3384//3252
f 3487//3355 3384//3252 3488//3356
f 3488//3356 3384//3252 3386//3254
f 3488//3356 3386//3254 3489//3357
f 3489//3357 3386//3254 3388//3256
f 3489//3357 3388//3256 3490//3358
f 3490//3358 3388//3256 3390//3258
f 3490//3358 3390//3258 3491//3359
f 3491//3359 3390//3258 3392//3260
f 3491//3359 3392//3260 3492//3360
f 3492//3360 3392//3260 3408//3276
f 3492//3360 3408//3276 3493//3361
f 3493//3361 3408//3276 3410//3278
f 3493//3361 3410//3278 3494//3362
f 3494//3362 3410//3278 3412//3280
f 3494//3362 3412//3280 3495//3363
f 3495//3363 3412//3280 3414//3282
f 3495//3363 3414//3282 3496//3364
f 3496//3364 3414//3282 3416//3284
f 3496//3364 3416//3284 3456//3324
f 3456//3324 3416//3284 3419//3287
f 3497//3365 3498//3366 3499//3367
f 3499//3367 3498//3366 3500//3368
f 3500//3368 3498//3366 3501//3369
f 3500//3368 3501//3369 3502//3370
f 3503//3371 3504//3372 3505//3373
f 3505//3373 3504//3372 3499//3367
f 3499//3367 3504//3372 3506//3374
f 3499//3367 3506//3374 3497//3365
f 3507//3375 3508//3376 3509//3377
f 3509//3377 3508//3376 3505//3373
f 3505//3373 3508//3376 3510//3378
f 3505//3373 3510//3378 3503//3371
f 3511//3379 3512//3380 3513//3381
f 3513//3381 3512//3380 3514//3382
f 3513//3381 3514//3382 3515//3383
f 3515//3383 3516//3384 3513//3381
f 3513//3381 3516//3384 3509//3377
f 3509//3377 3516//3384 3517//3385
f 3509//3377 3517//3385 3507//3375
f 3518//3386 3519//3387 3520//3388
f 3520//3388 3519//3387 3521//3389
f 3520//3388 3521//3389 3522//3390
f 3522//3390 3523//3391 3520//3388
f 3520//3388 3523//3391 3511//3379
f 3511//3379 3523//3391 3524//3392
f 3511//3379 3524//3392 3512//3380
f 3525//3393 3526//3394 3527//3395
f 3526//3394 3528//3396 3527//3395
f 3527//3395 3528//3396 3529//3397
f 3527//3395 3529//3397 3518//3386
f 3518//3386 3529//3397 3530//3398
f 3518//3386 3530//3398 3519//3387
f 3531//3399 3532//3400 3533//3401
f 3533//3401 3532//3400 3525//3393
f 3525//3393 3532//3400 3534//3402
f 3525//3393 3534//3402 3526//3394
f 3535//3403 3536//3404 3537//3405
f 3537//3405 3536//3404 3538//3406
f 3537//3405 3538//3406 3539//3407
f 3539//3407 3540//3408 3537//3405
f 3537//3405 3540//3408 3533//3401
f 3533//3401 3540//3408 3541//3409
f 3533//3401 3541//3409 3531//3399
f 3542//3410 3543//3411 3544//3412
f 3544//3412 3543//3411 3545//3413
f 3544//3412 3545//3413 3535//3403
f 3535//3403 3545//3413 3546//3414
f 3535//3403 3546//3414 3536//3404
f 3542//3410 3544//3412 3547//3415
f 3547//3415 3544//3412 3548//3416
f 3547//3415 3548//3416 3549//3417
f 3550//3418 3551//3419 3552//3420
f 3552//3420 3551//3419 3553//3421
f 3552//3420 3553//3421 3548//3416
f 3548//3416 3553//3421 3549//3417
f 3554//3422 3555//3423 3556//3424
f 3556//3424 3555//3423 3557//3425
f 3556//3424 3557//3425 3552//3420
f 3552//3420 3557//3425 3550//3418
f 3554//3422 3556//3424 3558//3426
f 3558//3426 3556//3424 3559//3427
f 3558//3426 3559//3427 3560//3428
f 3561//3429 3562//3430 3563//3431
f 3563//3431 3562//3430 3564//3432
f 3563//3431 3564//3432 3559//3427
f 3559//3427 3564//3432 3560//3428
f 3561//3429 3563//3431 3565//3433
f 3565//3433 3563//3431 3566//3434
f 3565//3433 3566//3434 3567//3435
f 3567//3435 3566//3434 3568//3436
f 3568//3436 3566//3434 3569//3437
f 3568//3436 3569//3437 3570//3438
f 3571//3439 3572//3440 3573//3441
f 3573//3441 3572//3440 3574//3442
f 3573//3441 3574//3442 3569//3437
f 3569//3437 3574//3442 3570//3438
f 3575//3443 3576//3444 3577//3445
f 3577//3445 3576//3444 3578//3446
f 3577//3445 3578//3446 3573//3441
f 3573//3441 3578//3446 3571//3439
f 3579//3447 3580//3448 3581//3449
f 3581//3449 3580//3448 3582//3450
f 3581//3449 3582//3450 3577//3445
f 3577//3445 3582//3450 3575//3443
f 3583//3451 3584//3452 3585//3453
f 3585//3453 3584//3452 3586//3454
f 3585//3453 3586//3454 3581//3449
f 3581//3449 3586//3454 3579//3447
f 3587//3455 3588//3456 3589//3457
f 3589//3457 3588//3456 3590//3458
f 3589//3457 3590//3458 3585//3453
f 3585//3453 3590//3458 3583//3451
f 2821//2689 2819//2687 3591//3459
f 3591//3459 2819//2687 2815//2683
f 3591//3459 2815//2683 3589//3457
f 3589//3457 2815//2683 3587//3455
f 3592//3460 3593//3461 2947//2815
f 3594//3462 2954//2822 3593//3461
f 3593//3461 2954//2822 2949//2817
f 3593//3461 2949//2817 2947//2815
f 2968//2836 2961//2829 3595//3463
f 3595//3463 2961//2829 2960//2828
f 3595//3463 2960//2828 3594//3462
f 3594//3462 2960//2828 2955//2823
f 3594//3462 2955//2823 2954//2822
f 2968//2836 3595//3463 2969//2837
f 2969//2837 3595//3463 3596//3464
f 2969//2837 3596//3464 2971//2839
f 2971//2839 3596//3464 2976//2844
f 2976//2844 3596//3464 3597//3465
f 2976//2844 3597//3465 2977//2845
f 2977//2845 3597//3465 2982//2850
f 2982//2850 3597//3465 3598//3466
f 2982//2850 3598//3466 2983//2851
f 3599//3467 2991//2859 3598//3466
f 3598//3466 2991//2859 2990//2858
f 3598//3466 2990//2858 2983//2851
f 3008//2876 2999//2867 3600//3468
f 3600//3468 2999//2867 2998//2866
f 3600//3468 2998//2866 3599//3467
f 3599//3467 2998//2866 2993//2861
f 3599//3467 2993//2861 2991//2859
f 3008//2876 3600//3468 3009//2877
f 3009//2877 3600//3468 3601//3469
f 3009//2877 3601//3469 3011//2879
f 3011//2879 3601//3469 3014//2882
f 3014//2882 3601//3469 3602//3470
f 3014//2882 3602//3470 3015//2883
f 3603//3471 3022//2890 3602//3470
f 3602//3470 3022//2890 3017//2885
f 3602//3470 3017//2885 3015//2883
f 3502//3370 2807//2675 3500//3368
f 3500//3368 2807//2675 3025//2893
f 3500//3368 3025//2893 3603//3471
f 3603//3471 3025//2893 3023//2891
f 3603//3471 3023//2891 3022//2890
f 2821//2689 3591//3459 2833//2701
f 2833//2701 3591//3459 3604//3472
f 2833//2701 3604//3472 2834//2702
f 3605//3473 2837//2705 3604//3472
f 3604//3472 2837//2705 2836//2704
f 3604//3472 2836//2704 2834//2702
f 2883//2751 2861//2729 3606//3474
f 3606//3474 2861//2729 2860//2728
f 3606//3474 2860//2728 3605//3473
f 3605//3473 2860//2728 2848//2716
f 3605//3473 2848//2716 2837//2705
f 2883//2751 3606//3474 2884//2752
f 2884//2752 3606//3474 3607//3475
f 2884//2752 3607//3475 2886//2754
f 2886//2754 3607//3475 2889//2757
f 2889//2757 3607//3475 3608//3476
f 2889//2757 3608//3476 2890//2758
f 3609//3477 2892//2760 3608//3476
f 3608//3476 2892//2760 2891//2759
f 3608//3476 2891//2759 2890//2758
f 2914//2782 2907//2775 3610//3478
f 3610//3478 2907//2775 2906//2774
f 3610//3478 2906//2774 3609//3477
f 3609//3477 2906//2774 2901//2769
f 3609//3477 2901//2769 2892//2760
f 3611//3479 2922//2790 3612//3480
f 3612//3480 2922//2790 2917//2785
f 3612//3480 2917//2785 3610//3478
f 3610//3478 2917//2785 2915//2783
f 3610//3478 2915//2783 2914//2782
f 3613//3481 2928//2796 3611//3479
f 3611//3479 2928//2796 2923//2791
f 3611//3479 2923//2791 2922//2790
f 3614//3482 2934//2802 3613//3481
f 3613//3481 2934//2802 2929//2797
f 3613//3481 2929//2797 2928//2796
f 2947//2815 2945//2813 3592//3460
f 3592//3460 2945//2813 2944//2812
f 3592//3460 2944//2812 3614//3482
f 3614//3482 2944//2812 2935//2803
f 3614//3482 2935//2803 2934//2802
f 3002//2870 3001//2869 3378//3246
f 3565//3433 3567//3435 3434//3302
f 2815//2683 2814//2682 3587//3455
f 3587//3455 2814//2682 3385//3253
f 3587//3455 3385//3253 3383//3251
f 3587//3455 3383//3251 3588//3456
f 3588//3456 3383//3251 3590//3458
f 3586//3454 3584//3452 3381//3249
f 3381//3249 3584//3452 3583//3451
f 3381//3249 3583//3451 3383//3251
f 3383//3251 3583//3451 3590//3458
f 3582//3450 3580//3448 3441//3309
f 3441//3309 3580//3448 3579//3447
f 3441//3309 3579//3447 3381//3249
f 3381//3249 3579//3447 3586//3454
f 3578//3446 3576//3444 3440//3308
f 3440//3308 3576//3444 3575//3443
f 3440//3308 3575//3443 3441//3309
f 3441//3309 3575//3443 3582//3450
f 3574//3442 3572//3440 3438//3306
f 3438//3306 3572//3440 3571//3439
f 3438//3306 3571//3439 3440//3308
f 3440//3308 3571//3439 3578//3446
f 3434//3302 3567//3435 3436//3304
f 3567//3435 3568//3436 3436//3304
f 3436//3304 3568//3436 3570//3438
f 3436//3304 3570//3438 3438//3306
f 3438//3306 3570//3438 3574//3442
f 3433//3301 3561//3429 3434//3302
f 3434//3302 3561//3429 3565//3433
f 3431//3299 3558//3426 3560//3428
f 3560//3428 3564//3432 3431//3299
f 3431//3299 3564//3432 3433//3301
f 3433//3301 3564//3432 3562//3430
f 3433//3301 3562//3430 3561//3429
f 3557//3425 3555//3423 3429//3297
f 3429//3297 3555//3423 3554//3422
f 3429//3297 3554//3422 3431//3299
f 3431//3299 3554//3422 3558//3426
f 3425//3293 3549//3417 3427//3295
f 3427//3295 3549//3417 3553//3421
f 3553//3421 3551//3419 3427//3295
f 3427//3295 3551//3419 3550//3418
f 3427//3295 3550//3418 3429//3297
f 3429//3297 3550//3418 3557//3425
f 3545//3413 3543//3411 3455//3323
f 3455//3323 3543//3411 3542//3410
f 3455//3323 3542//3410 3425//3293
f 3425//3293 3542//3410 3547//3415
f 3425//3293 3547//3415 3549//3417
f 3545//3413 3455//3323 3546//3414
f 3546//3414 3455//3323 3454//3322
f 3546//3414 3454//3322 3536//3404
f 3536//3404 3454//3322 3538//3406
f 3538//3406 3454//3322 3452//3320
f 3538//3406 3452//3320 3539//3407
f 3531//3399 3541//3409 3450//3318
f 3450//3318 3541//3409 3540//3408
f 3450//3318 3540//3408 3452//3320
f 3452//3320 3540//3408 3539//3407
f 3526//3394 3534//3402 3448//3316
f 3448//3316 3534//3402 3532//3400
f 3448//3316 3532//3400 3450//3318
f 3450//3318 3532//3400 3531//3399
f 3526//3394 3448//3316 3447//3315
f 3526//3394 3447//3315 3528//3396
f 3445//3313 3530//3398 3447//3315
f 3447//3315 3530//3398 3529//3397
f 3447//3315 3529//3397 3528//3396
f 3523//3391 3522//3390 3443//3311
f 3443//3311 3522//3390 3521//3389
f 3443//3311 3521//3389 3445//3313
f 3445//3313 3521//3389 3519//3387
f 3445//3313 3519//3387 3530//3398
f 3523//3391 3443//3311 3442//3310
f 3523//3391 3442//3310 3524//3392
f 3515//3383 3514//3382 3404//3272
f 3404//3272 3514//3382 3512//3380
f 3404//3272 3512//3380 3442//3310
f 3442//3310 3512//3380 3524//3392
f 3507//3375 3517//3385 3402//3270
f 3402//3270 3517//3385 3516//3384
f 3402//3270 3516//3384 3404//3272
f 3404//3272 3516//3384 3515//3383
f 3503//3371 3510//3378 3400//3268
f 3400//3268 3510//3378 3508//3376
f 3400//3268 3508//3376 3402//3270
f 3402//3270 3508//3376 3507//3375
f 3497//3365 3506//3374 3398//3266
f 3398//3266 3506//3374 3504//3372
f 3398//3266 3504//3372 3400//3268
f 3400//3268 3504//3372 3503//3371
f 3396//3264 3502//3370 3501//3369
f 3396//3264 3501//3369 3398//3266
f 3398//3266 3501//3369 3498//3366
f 3398//3266 3498//3366 3497//3365
f 2953//2821 3422//3290 3420//3288
f 2953//2821 2952//2820 3422//3290
f 3422//3290 2952//2820 2959//2827
f 3422//3290 2959//2827 3423//3291
f 2959//2827 2958//2826 3423//3291
f 3423//3291 2958//2826 2967//2835
f 3423//3291 2967//2835 3366//3234
f 3366//3234 2967//2835 2966//2834
f 3366//3234 2966//2834 3368//3236
f 3368//3236 2966//2834 2964//2832
f 3368//3236 2964//2832 2975//2843
f 2975//2843 2974//2842 3368//3236
f 3368//3236 2974//2842 2981//2849
f 3368//3236 2981//2849 3370//3238
f 2981//2849 2980//2848 3370//3238
f 3370//3238 2980//2848 2989//2857
f 3370//3238 2989//2857 3372//3240
f 3372//3240 2989//2857 2988//2856
f 3372//3240 2988//2856 3374//3242
f 3374//3242 2988//2856 2986//2854
f 3374//3242 2986//2854 2997//2865
f 2997//2865 2996//2864 3374//3242
f 3374//3242 2996//2864 3007//2875
f 3374//3242 3007//2875 3376//3244
f 3376//3244 3007//2875 3006//2874
f 3376//3244 3006//2874 3378//3246
f 3378//3246 3006//2874 3004//2872
f 3378//3246 3004//2872 3002//2870
f 3001//2869 2812//2680 3378//3246
f 3378//3246 2812//2680 2811//2679
f 3378//3246 2811//2679 3393//3261
f 2811//2679 3019//2887 3393//3261
f 3393//3261 3019//2887 3021//2889
f 3393//3261 3021//2889 3394//3262
f 3021//2889 3364//3232 3394//3262
f 3394//3262 3364//3232 2808//2676
f 3394//3262 2808//2676 3396//3264
f 3396//3264 2808//2676 2807//2675
f 3396//3264 2807//2675 3502//3370
f 2814//2682 2826//2694 3385//3253
f 3385//3253 2826//2694 2828//2696
f 3385//3253 2828//2696 3387//3255
f 3387//3255 2828//2696 2843//2711
f 3387//3255 2843//2711 3389//3257
f 3389//3257 2843//2711 2845//2713
f 3389//3257 2845//2713 2847//2715
f 2847//2715 2857//2725 3389//3257
f 3389//3257 2857//2725 2859//2727
f 3389//3257 2859//2727 3391//3259
f 3391//3259 2859//2727 2878//2746
f 3391//3259 2878//2746 3406//3274
f 3406//3274 2878//2746 2880//2748
f 3406//3274 2880//2748 2882//2750
f 2896//2764 3407//3275 2898//2766
f 2898//2766 3407//3275 3406//3274
f 2898//2766 3406//3274 2899//2767
f 2899//2767 3406//3274 2882//2750
f 2896//2764 2894//2762 3407//3275
f 3407//3275 2894//2762 2905//2773
f 3407//3275 2905//2773 3409//3277
f 2912//2780 3411//3279 2913//2781
f 2913//2781 3411//3279 3409//3277
f 2913//2781 3409//3277 2904//2772
f 2904//2772 3409//3277 2905//2773
f 2912//2780 2910//2778 3411//3279
f 3411//3279 2910//2778 2921//2789
f 3411//3279 2921//2789 3413//3281
f 2921//2789 2920//2788 3413//3281
f 3413//3281 2920//2788 2927//2795
f 3413//3281 2927//2795 3415//3283
f 2927//2795 2926//2794 3415//3283
f 3415//3283 2926//2794 2933//2801
f 3415//3283 2933//2801 3417//3285
f 2933//2801 2932//2800 3417//3285
f 3417//3285 2932//2800 2943//2811
f 3417//3285 2943//2811 3418//3286
f 2943//2811 2942//2810 3418//3286
f 3418//3286 2942//2810 2940//2808
f 3418//3286 2940//2808 3420//3288
f 3420//3288 2940//2808 2938//2806
f 3420//3288 2938//2806 2953//2821
f 3615//3483 3616//3484 3617//3485
f 3618//3486 3619//3487 3620//3488
f 3621//3489 3622//3490 3623//3491
f 3624//3492 3625//3493 3626//3494
f 3627//3495 3628//3496 3629//3497
f 3626//3494 3625//3493 3630//3498
f 3630//3498 3625//3493 3631//3499
f 3632//3500 3633//3501 3634//3502
f 3634//3502 3633//3501 3635//3503
f 3634//3502 3635//3503 3626//3494
f 3626//3494 3635//3503 3624//3492
f 3636//3504 3637//3505 3638//3506
f 3638//3506 3637//3505 3639//3507
f 3638//3506 3639//3507 3634//3502
f 3634//3502 3639//3507 3632//3500
f 3640//3508 3641//3509 3642//3510
f 3642//3510 3641//3509 3643//3511
f 3642//3510 3643//3511 3638//3506
f 3638//3506 3643//3511 3636//3504
f 3644//3512 3645//3513 3646//3514
f 3646//3514 3645//3513 3647//3515
f 3646//3514 3647//3515 3642//3510
f 3642//3510 3647//3515 3640//3508
f 3648//3516 3649//3517 3650//3518
f 3650//3518 3649//3517 3651//3519
f 3650//3518 3651//3519 3646//3514
f 3646//3514 3651//3519 3644//3512
f 3652//3520 3653//3521 3654//3522
f 3654//3522 3653//3521 3655//3523
f 3654//3522 3655//3523 3650//3518
f 3650//3518 3655//3523 3648//3516
f 3623//3491 3622//3490 3654//3522
f 3654//3522 3622//3490 3652//3520
f 3656//3524 3657//3525 3658//3526
f 3620//3488 3619//3487 3658//3526
f 3658//3526 3619//3487 3656//3524
f 3657//3525 3659//3527 3658//3526
f 3658//3526 3659//3527 3623//3491
f 3623//3491 3659//3527 3660//3528
f 3623//3491 3660//3528 3621//3489
f 3661//3529 3662//3530 3663//3531
f 3663//3531 3662//3530 3664//3532
f 3663//3531 3664//3532 3620//3488
f 3620//3488 3664//3532 3618//3486
f 3665//3533 3666//3534 3667//3535
f 3667//3535 3666//3534 3668//3536
f 3667//3535 3668//3536 3669//3537
f 3665//3533 3670//3538 3666//3534
f 3666//3534 3670//3538 3671//3539
f 3666//3534 3671//3539 3663//3531
f 3663//3531 3671//3539 3661//3529
f 3672//3540 3673//3541 3674//3542
f 3672//3540 3674//3542 3675//3543
f 3674//3542 3676//3544 3675//3543
f 3675//3543 3676//3544 3677//3545
f 3675//3543 3677//3545 3668//3536
f 3668//3536 3677//3545 3678//3546
f 3668//3536 3678//3546 3669//3537
f 3673//3541 3672//3540 3679//3547
f 3679//3547 3672//3540 3680//3548
f 3679//3547 3680//3548 3681//3549
f 3682//3550 3683//3551 3684//3552
f 3684//3552 3683//3551 3685//3553
f 3684//3552 3685//3553 3680//3548
f 3680//3548 3685//3553 3686//3554
f 3680//3548 3686//3554 3681//3549
f 3682//3550 3684//3552 3687//3555
f 3687//3555 3684//3552 3688//3556
f 3687//3555 3688//3556 3689//3557
f 3690//3558 3691//3559 3692//3560
f 3692//3560 3693//3561 3690//3558
f 3690//3558 3693//3561 3694//3562
f 3690//3558 3694//3562 3688//3556
f 3688//3556 3694//3562 3689//3557
f 3691//3559 3690//3558 3695//3563
f 3695//3563 3690//3558 3696//3564
f 3695//3563 3696//3564 3697//3565
f 3698//3566 3699//3567 3700//3568
f 3698//3566 3700//3568 3696//3564
f 3696//3564 3700//3568 3697//3565
f 3701//3569 3699//3567 3698//3566
f 3701//3569 3698//3566 3702//3570
f 3702//3570 3698//3566 3703//3571
f 3702//3570 3703//3571 3704//3572
f 3704//3572 3703//3571 3705//3573
f 3705//3573 3703//3571 3706//3574
f 3706//3574 3703//3571 3707//3575
f 3706//3574 3707//3575 3708//3576
f 3709//3577 3710//3578 3711//3579
f 3711//3579 3710//3578 3712//3580
f 3711//3579 3712//3580 3707//3575
f 3707//3575 3712//3580 3713//3581
f 3707//3575 3713//3581 3708//3576
f 3709//3577 3711//3579 3714//3582
f 3714//3582 3711//3579 3715//3583
f 3714//3582 3715//3583 3716//3584
f 3716//3584 3715//3583 3717//3585
f 3717//3585 3715//3583 3718//3586
f 3717//3585 3718//3586 3719//3587
f 3720//3588 3721//3589 3722//3590
f 3722//3590 3721//3589 3723//3591
f 3722//3590 3723//3591 3718//3586
f 3718//3586 3723//3591 3719//3587
f 3724//3592 3725//3593 3726//3594
f 3726//3594 3725//3593 3727//3595
f 3726//3594 3727//3595 3722//3590
f 3722//3590 3727//3595 3720//3588
f 3728//3596 3729//3597 3730//3598
f 3730//3598 3729//3597 3731//3599
f 3730//3598 3731//3599 3726//3594
f 3726//3594 3731//3599 3724//3592
f 3732//3600 3733//3601 3734//3602
f 3734//3602 3733//3601 3735//3603
f 3734//3602 3735//3603 3730//3598
f 3730//3598 3735//3603 3728//3596
f 3736//3604 3737//3605 3738//3606
f 3739//3607 3740//3608 3741//3609
f 3741//3609 3740//3608 3736//3604
f 3741//3609 3736//3604 3742//3610
f 3742//3610 3736//3604 3738//3606
f 3739//3607 3743//3611 3740//3608
f 3740//3608 3743//3611 3744//3612
f 3740//3608 3744//3612 3745//3613
f 3746//3614 3747//3615 3748//3616
f 3748//3616 3747//3615 3745//3613
f 3748//3616 3745//3613 3749//3617
f 3749//3617 3745//3613 3744//3612
f 3746//3614 3750//3618 3747//3615
f 3747//3615 3750//3618 3751//3619
f 3747//3615 3751//3619 3752//3620
f 3751//3619 3753//3621 3752//3620
f 3752//3620 3753//3621 3754//3622
f 3752//3620 3754//3622 3755//3623
f 3756//3624 3757//3625 3758//3626
f 3758//3626 3757//3625 3755//3623
f 3758//3626 3755//3623 3759//3627
f 3759//3627 3755//3623 3754//3622
f 3756//3624 3760//3628 3757//3625
f 3757//3625 3760//3628 3761//3629
f 3757//3625 3761//3629 3762//3630
f 3763//3631 3764//3632 3765//3633
f 3765//3633 3764//3632 3762//3630
f 3765//3633 3762//3630 3766//3634
f 3766//3634 3762//3630 3761//3629
f 3763//3631 3767//3635 3764//3632
f 3764//3632 3767//3635 3768//3636
f 3764//3632 3768//3636 3769//3637
f 3770//3638 3771//3639 3772//3640
f 3772//3640 3771//3639 3769//3637
f 3772//3640 3769//3637 3773//3641
f 3773//3641 3769//3637 3768//3636
f 3770//3638 3774//3642 3771//3639
f 3771//3639 3774//3642 3775//3643
f 3771//3639 3775//3643 3776//3644
f 3777//3645 3778//3646 3779//3647
f 3779//3647 3778//3646 3776//3644
f 3779//3647 3776//3644 3780//3648
f 3780//3648 3776//3644 3775//3643
f 3777//3645 3781//3649 3778//3646
f 3778//3646 3781//3649 3782//3650
f 3778//3646 3782//3650 3734//3602
f 3734//3602 3782//3650 3783//3651
f 3734//3602 3783//3651 3732//3600
f 3631//3499 3784//3652 3630//3498
f 3630//3498 3784//3652 3627//3495
f 3630//3498 3627//3495 3617//3485
f 3617//3485 3627//3495 3629//3497
f 3617//3485 3629//3497 3615//3483
f 3616//3484 3615//3483 3785//3653
f 3785//3653 3615//3483 3786//3654
f 3785//3653 3786//3654 3787//3655
f 3787//3655 3788//3656 3785//3653
f 3785//3653 3788//3656 3789//3657
f 3785//3653 3789//3657 3790//3658
f 3790//3658 3789//3657 3791//3659
f 3790//3658 3791//3659 3792//3660
f 3792//3660 3791//3659 3793//3661
f 3792//3660 3793//3661 3794//3662
f 3795//3663 3796//3664 3797//3665
f 3797//3665 3796//3664 3792//3660
f 3797//3665 3792//3660 3798//3666
f 3798//3666 3792//3660 3794//3662
f 3795//3663 3799//3667 3796//3664
f 3796//3664 3799//3667 3800//3668
f 3796//3664 3800//3668 3801//3669
f 3800//3668 3802//3670 3801//3669
f 3801//3669 3802//3670 3803//3671
f 3801//3669 3803//3671 3804//3672
f 3803//3671 3805//3673 3804//3672
f 3804//3672 3805//3673 3806//3674
f 3804//3672 3806//3674 3807//3675
f 3808//3676 3809//3677 3810//3678
f 3810//3678 3809//3677 3807//3675
f 3810//3678 3807//3675 3811//3679
f 3811//3679 3807//3675 3806//3674
f 3808//3676 3812//3680 3809//3677
f 3809//3677 3812//3680 3813//3681
f 3809//3677 3813//3681 3814//3682
f 3813//3681 3815//3683 3814//3682
f 3814//3682 3815//3683 3816//3684
f 3814//3682 3816//3684 3817//3685
f 3816//3684 3818//3686 3817//3685
f 3817//3685 3818//3686 3819//3687
f 3817//3685 3819//3687 3820//3688
f 3820//3688 3819//3687 3821//3689
f 3820//3688 3821//3689 3822//3690
f 3822//3690 3821//3689 3823//3691
f 3822//3690 3823//3691 3824//3692
f 3824//3692 3825//3693 3822//3690
f 3822//3690 3825//3693 3826//3694
f 3822//3690 3826//3694 3827//3695
f 3827//3695 3826//3694 3828//3696
f 3827//3695 3828//3696 3737//3605
f 3737//3605 3828//3696 3829//3697
f 3737//3605 3829//3697 3738//3606
f 3733//3601 3732//3600 3830//3698
f 3733//3601 3831//3699 3832//3700
f 3783//3651 3782//3650 3833//3701
f 3777//3645 3779//3647 3834//3702
f 3835//3703 3836//3704 3837//3705
f 3770//3638 3772//3640 3838//3706
f 3773//3641 3768//3636 3839//3707
f 3763//3631 3765//3633 3840//3708
f 3841//3709 3842//3710 3843//3711
f 3766//3634 3761//3629 3844//3712
f 3756//3624 3758//3626 3845//3713
f 3846//3714 3847//3715 3848//3716
f 3759//3627 3754//3622 3849//3717
f 3850//3718 3851//3719 3852//3720
f 3753//3621 3751//3619 3853//3721
f 3746//3614 3748//3616 3854//3722
f 3855//3723 3856//3724 3857//3725
f 3749//3617 3744//3612 3858//3726
f 3859//3727 3860//3728 3861//3729
f 3743//3611 3739//3607 3862//3730
f 3863//3731 3864//3732 3865//3733
f 3742//3610 3738//3606 3866//3734
f 3829//3697 3828//3696 3867//3735
f 3868//3736 3869//3737 3870//3738
f 3825//3693 3824//3692 3871//3739
f 3872//3740 3873//3741 3874//3742
f 3821//3689 3819//3687 3875//3743
f 3818//3686 3816//3684 3876//3744
f 3877//3745 3878//3746 3879//3747
f 3815//3683 3813//3681 3880//3748
f 3881//3749 3882//3750 3883//3751
f 3812//3680 3808//3676 3884//3752
f 3811//3679 3806//3674 3885//3753
f 3886//3754 3887//3755 3888//3756
f 3805//3673 3803//3671 3889//3757
f 3890//3758 3891//3759 3892//3760
f 3802//3670 3800//3668 3893//3761
f 3795//3663 3797//3665 3894//3762
f 3895//3763 3896//3764 3897//3765
f 3898//3766 3899//3767 3900//3768
f 3791//3659 3789//3657 3901//3769
f 3902//3770 3903//3771 3904//3772
f 3905//3773 3906//3774 3907//3775
f 3907//3775 3906//3774 3628//3496
f 3908//3776 3628//3496 3906//3774
f 3909//3777 3628//3496 3910//3778
f 3908//3776 3906//3774 3911//3779
f 3911//3779 3906//3774 3905//3773
f 3911//3779 3905//3773 3912//3780
f 3788//3656 3787//3655 3912//3780
f 3912//3780 3787//3655 3786//3654
f 3912//3780 3786//3654 3911//3779
f 3911//3779 3786//3654 3615//3483
f 3911//3779 3615//3483 3908//3776
f 3908//3776 3615//3483 3629//3497
f 3908//3776 3629//3497 3628//3496
f 3902//3770 3904//3772 3913//3781
f 3789//3657 3788//3656 3901//3769
f 3901//3769 3788//3656 3912//3780
f 3901//3769 3912//3780 3914//3782
f 3914//3782 3912//3780 3905//3773
f 3914//3782 3905//3773 3915//3783
f 3915//3783 3905//3773 3907//3775
f 3915//3783 3907//3775 3916//3784
f 3916//3784 3907//3775 3628//3496
f 3793//3661 3791//3659 3917//3785
f 3917//3785 3791//3659 3901//3769
f 3917//3785 3901//3769 3918//3786
f 3918//3786 3901//3769 3914//3782
f 3918//3786 3914//3782 3919//3787
f 3919//3787 3914//3782 3915//3783
f 3919//3787 3915//3783 3920//3788
f 3920//3788 3915//3783 3916//3784
f 3920//3788 3916//3784 3921//3789
f 3921//3789 3916//3784 3628//3496
f 3894//3762 3922//3790 3923//3791
f 3923//3791 3922//3790 3924//3792
f 3923//3791 3924//3792 3925//3793
f 3925//3793 3924//3792 3926//3794
f 3925//3793 3926//3794 3927//3795
f 3927//3795 3926//3794 3928//3796
f 3927//3795 3928//3796 3929//3797
f 3929//3797 3928//3796 3930//3798
f 3929//3797 3930//3798 3931//3799
f 3931//3799 3930//3798 3932//3800
f 3931//3799 3932//3800 3933//3801
f 3933//3801 3932//3800 3628//3496
f 3794//3662 3793//3661 3922//3790
f 3922//3790 3793//3661 3917//3785
f 3922//3790 3917//3785 3924//3792
f 3924//3792 3917//3785 3918//3786
f 3924//3792 3918//3786 3926//3794
f 3926//3794 3918//3786 3919//3787
f 3926//3794 3919//3787 3928//3796
f 3928//3796 3919//3787 3920//3788
f 3928//3796 3920//3788 3930//3798
f 3930//3798 3920//3788 3921//3789
f 3930//3798 3921//3789 3932//3800
f 3932//3800 3921//3789 3628//3496
f 3894//3762 3797//3665 3922//3790
f 3922//3790 3797//3665 3798//3666
f 3922//3790 3798//3666 3794//3662
f 3799//3667 3795//3663 3934//3802
f 3934//3802 3795//3663 3894//3762
f 3934//3802 3894//3762 3935//3803
f 3935//3803 3894//3762 3923//3791
f 3935//3803 3923//3791 3936//3804
f 3936//3804 3923//3791 3925//3793
f 3936//3804 3925//3793 3937//3805
f 3937//3805 3925//3793 3927//3795
f 3937//3805 3927//3795 3938//3806
f 3938//3806 3927//3795 3929//3797
f 3938//3806 3929//3797 3939//3807
f 3939//3807 3929//3797 3931//3799
f 3939//3807 3931//3799 3940//3808
f 3940//3808 3931//3799 3933//3801
f 3940//3808 3933//3801 3941//3809
f 3941//3809 3933//3801 3628//3496
f 3800//3668 3799//3667 3893//3761
f 3893//3761 3799//3667 3934//3802
f 3893//3761 3934//3802 3942//3810
f 3942//3810 3934//3802 3935//3803
f 3942//3810 3935//3803 3943//3811
f 3943//3811 3935//3803 3936//3804
f 3943//3811 3936//3804 3944//3812
f 3944//3812 3936//3804 3937//3805
f 3944//3812 3937//3805 3945//3813
f 3945//3813 3937//3805 3938//3806
f 3945//3813 3938//3806 3946//3814
f 3946//3814 3938//3806 3939//3807
f 3946//3814 3939//3807 3947//3815
f 3947//3815 3939//3807 3940//3808
f 3947//3815 3940//3808 3948//3816
f 3948//3816 3940//3808 3941//3809
f 3948//3816 3941//3809 3949//3817
f 3949//3817 3941//3809 3628//3496
f 3803//3671 3802//3670 3889//3757
f 3889//3757 3802//3670 3893//3761
f 3889//3757 3893//3761 3950//3818
f 3950//3818 3893//3761 3942//3810
f 3950//3818 3942//3810 3951//3819
f 3951//3819 3942//3810 3943//3811
f 3951//3819 3943//3811 3952//3820
f 3952//3820 3943//3811 3944//3812
f 3952//3820 3944//3812 3953//3821
f 3953//3821 3944//3812 3945//3813
f 3953//3821 3945//3813 3954//3822
f 3954//3822 3945//3813 3946//3814
f 3954//3822 3946//3814 3955//3823
f 3955//3823 3946//3814 3947//3815
f 3955//3823 3947//3815 3956//3824
f 3956//3824 3947//3815 3948//3816
f 3956//3824 3948//3816 3957//3825
f 3957//3825 3948//3816 3949//3817
f 3957//3825 3949//3817 3958//3826
f 3958//3826 3949//3817 3628//3496
f 3806//3674 3805//3673 3885//3753
f 3885//3753 3805//3673 3889//3757
f 3885//3753 3889//3757 3959//3827
f 3959//3827 3889//3757 3950//3818
f 3959//3827 3950//3818 3960//3828
f 3960//3828 3950//3818 3951//3819
f 3960//3828 3951//3819 3961//3829
f 3961//3829 3951//3819 3952//3820
f 3961//3829 3952//3820 3962//3830
f 3962//3830 3952//3820 3953//3821
f 3962//3830 3953//3821 3963//3831
f 3963//3831 3953//3821 3954//3822
f 3963//3831 3954//3822 3964//3832
f 3964//3832 3954//3822 3955//3823
f 3964//3832 3955//3823 3965//3833
f 3965//3833 3955//3823 3956//3824
f 3965//3833 3956//3824 3966//3834
f 3966//3834 3956//3824 3957//3825
f 3966//3834 3957//3825 3967//3835
f 3967//3835 3957//3825 3958//3826
f 3967//3835 3958//3826 3968//3836
f 3968//3836 3958//3826 3628//3496
f 3810//3678 3811//3679 3969//3837
f 3969//3837 3811//3679 3885//3753
f 3969//3837 3885//3753 3970//3838
f 3970//3838 3885//3753 3959//3827
f 3970//3838 3959//3827 3971//3839
f 3971//3839 3959//3827 3960//3828
f 3971//3839 3960//3828 3972//3840
f 3972//3840 3960//3828 3961//3829
f 3972//3840 3961//3829 3973//3841
f 3973//3841 3961//3829 3962//3830
f 3973//3841 3962//3830 3974//3842
f 3974//3842 3962//3830 3963//3831
f 3974//3842 3963//3831 3975//3843
f 3975//3843 3963//3831 3964//3832
f 3975//3843 3964//3832 3976//3844
f 3976//3844 3964//3832 3965//3833
f 3976//3844 3965//3833 3977//3845
f 3977//3845 3965//3833 3966//3834
f 3977//3845 3966//3834 3978//3846
f 3978//3846 3966//3834 3967//3835
f 3978//3846 3967//3835 3979//3847
f 3979//3847 3967//3835 3968//3836
f 3979//3847 3968//3836 3980//3848
f 3980//3848 3968//3836 3628//3496
f 3808//3676 3810//3678 3884//3752
f 3884//3752 3810//3678 3969//3837
f 3884//3752 3969//3837 3981//3849
f 3981//3849 3969//3837 3970//3838
f 3981//3849 3970//3838 3982//3850
f 3982//3850 3970//3838 3971//3839
f 3982//3850 3971//3839 3983//3851
f 3983//3851 3971//3839 3972//3840
f 3983//3851 3972//3840 3984//3852
f 3984//3852 3972//3840 3973//3841
f 3984//3852 3973//3841 3985//3853
f 3985//3853 3973//3841 3974//3842
f 3985//3853 3974//3842 3986//3854
f 3986//3854 3974//3842 3975//3843
f 3986//3854 3975//3843 3987//3855
f 3987//3855 3975//3843 3976//3844
f 3987//3855 3976//3844 3988//3856
f 3988//3856 3976//3844 3977//3845
f 3988//3856 3977//3845 3989//3857
f 3989//3857 3977//3845 3978//3846
f 3989//3857 3978//3846 3990//3858
f 3990//3858 3978//3846 3979//3847
f 3990//3858 3979//3847 3991//3859
f 3991//3859 3979//3847 3980//3848
f 3991//3859 3980//3848 3992//3860
f 3992//3860 3980//3848 3628//3496
f 3813//3681 3812//3680 3880//3748
f 3880//3748 3812//3680 3884//3752
f 3880//3748 3884//3752 3993//3861
f 3993//3861 3884//3752 3981//3849
f 3993//3861 3981//3849 3994//3862
f 3994//3862 3981//3849 3982//3850
f 3994//3862 3982//3850 3995//3863
f 3995//3863 3982//3850 3983//3851
f 3995//3863 3983//3851 3996//3864
f 3996//3864 3983//3851 3984//3852
f 3996//3864 3984//3852 3997//3865
f 3997//3865 3984//3852 3985//3853
f 3997//3865 3985//3853 3998//3866
f 3998//3866 3985//3853 3986//3854
f 3998//3866 3986//3854 3999//3867
f 3999//3867 3986//3854 3987//3855
f 3999//3867 3987//3855 4000//3868
f 4000//3868 3987//3855 3988//3856
f 4000//3868 3988//3856 4001//3869
f 4001//3869 3988//3856 3989//3857
f 4001//3869 3989//3857 4002//3870
f 4002//3870 3989//3857 3990//3858
f 4002//3870 3990//3858 4003//3871
f 4003//3871 3990//3858 3991//3859
f 4003//3871 3991//3859 4004//3872
f 4004//3872 3991//3859 3992//3860
f 4004//3872 3992//3860 4005//3873
f 4005//3873 3992//3860 3628//3496
f 3816//3684 3815//3683 3876//3744
f 3876//3744 3815//3683 3880//3748
f 3876//3744 3880//3748 4006//3874
f 4006//3874 3880//3748 3993//3861
f 4006//3874 3993//3861 4007//3875
f 4007//3875 3993//3861 3994//3862
f 4007//3875 3994//3862 4008//3876
f 4008//3876 3994//3862 3995//3863
f 4008//3876 3995//3863 4009//3877
f 4009//3877 3995//3863 3996//3864
f 4009//3877 3996//3864 4010//3878
f 4010//3878 3996//3864 3997//3865
f 4010//3878 3997//3865 4011//3879
f 4011//3879 3997//3865 3998//3866
f 4011//3879 3998//3866 4012//3880
f 4012//3880 3998//3866 3999//3867
f 4012//3880 3999//3867 4013//3881
f 4013//3881 3999//3867 4000//3868
f 4013//3881 4000//3868 4014//3882
f 4014//3882 4000//3868 4001//3869
f 4014//3882 4001//3869 4015//3883
f 4015//3883 4001//3869 4002//3870
f 4015//3883 4002//3870 4016//3884
f 4016//3884 4002//3870 4003//3871
f 4016//3884 4003//3871 4017//3885
f 4017//3885 4003//3871 4004//3872
f 4017//3885 4004//3872 4018//3886
f 4018//3886 4004//3872 4005//3873
f 4018//3886 4005//3873 4019//3887
f 4019//3887 4005//3873 3628//3496
f 3819//3687 3818//3686 3875//3743
f 3875//3743 3818//3686 3876//3744
f 3875//3743 3876//3744 4020//3888
f 4020//3888 3876//3744 4006//3874
f 4020//3888 4006//3874 4021//3889
f 4021//3889 4006//3874 4007//3875
f 4021//3889 4007//3875 4022//3890
f 4022//3890 4007//3875 4008//3876
f 4022//3890 4008//3876 4023//3891
f 4023//3891 4008//3876 4009//3877
f 4023//3891 4009//3877 4024//3892
f 4024//3892 4009//3877 4010//3878
f 4024//3892 4010//3878 4025//3893
f 4025//3893 4010//3878 4011//3879
f 4025//3893 4011//3879 4026//3894
f 4026//3894 4011//3879 4012//3880
f 4026//3894 4012//3880 4027//3895
f 4027//3895 4012//3880 4013//3881
f 4027//3895 4013//3881 4028//3896
f 4028//3896 4013//3881 4014//3882
f 4028//3896 4014//3882 4029//3897
f 4029//3897 4014//3882 4015//3883
f 4029//3897 4015//3883 4030//3898
f 4030//3898 4015//3883 4016//3884
f 4030//3898 4016//3884 4031//3899
f 4031//3899 4016//3884 4017//3885
f 4031//3899 4017//3885 4032//3900
f 4032//3900 4017//3885 4018//3886
f 4032//3900 4018//3886 4033//3901
f 4033//3901 4018//3886 4019//3887
f 4033//3901 4019//3887 3909//3777
f 3909//3777 4019//3887 3628//3496
f 3823//3691 3821//3689 4034//3902
f 4034//3902 3821//3689 3875//3743
f 4034//3902 3875//3743 4035//3903
f 4035//3903 3875//3743 4020//3888
f 4035//3903 4020//3888 4036//3904
f 4036//3904 4020//3888 4021//3889
f 4036//3904 4021//3889 4037//3905
f 4037//3905 4021//3889 4022//3890
f 4037//3905 4022//3890 4038//3906
f 4038//3906 4022//3890 4023//3891
f 4038//3906 4023//3891 4039//3907
f 4039//3907 4023//3891 4024//3892
f 4039//3907 4024//3892 4040//3908
f 4040//3908 4024//3892 4025//3893
f 4040//3908 4025//3893 4041//3909
f 4041//3909 4025//3893 4026//3894
f 4041//3909 4026//3894 4042//3910
f 4042//3910 4026//3894 4027//3895
f 4042//3910 4027//3895 4043//3911
f 4043//3911 4027//3895 4028//3896
f 4043//3911 4028//3896 4044//3912
f 4044//3912 4028//3896 4029//3897
f 4044//3912 4029//3897 4045//3913
f 4045//3913 4029//3897 4030//3898
f 4045//3913 4030//3898 4046//3914
f 4046//3914 4030//3898 4031//3899
f 4046//3914 4031//3899 4047//3915
f 4047//3915 4031//3899 4032//3900
f 4047//3915 4032//3900 4048//3916
f 4048//3916 4032//3900 4033//3901
f 4048//3916 4033//3901 4049//3917
f 4049//3917 4033//3901 3909//3777
f 3824//3692 3823//3691 3871//3739
f 3871//3739 3823//3691 4034//3902
f 3871//3739 4034//3902 4050//3918
f 4050//3918 4034//3902 4035//3903
f 4050//3918 4035//3903 4051//3919
f 4051//3919 4035//3903 4036//3904
f 4051//3919 4036//3904 4052//3920
f 4052//3920 4036//3904 4037//3905
f 4052//3920 4037//3905 4053//3921
f 4053//3921 4037//3905 4038//3906
f 4053//3921 4038//3906 4054//3922
f 4054//3922 4038//3906 4039//3907
f 4054//3922 4039//3907 4055//3923
f 4055//3923 4039//3907 4040//3908
f 4055//3923 4040//3908 4056//3924
f 4056//3924 4040//3908 4041//3909
f 4056//3924 4041//3909 4057//3925
f 4057//3925 4041//3909 4042//3910
f 4057//3925 4042//3910 4058//3926
f 4058//3926 4042//3910 4043//3911
f 4058//3926 4043//3911 4059//3927
f 4059//3927 4043//3911 4044//3912
f 4059//3927 4044//3912 4060//3928
f 4060//3928 4044//3912 4045//3913
f 4060//3928 4045//3913 4061//3929
f 4061//3929 4045//3913 4046//3914
f 4061//3929 4046//3914 4062//3930
f 4062//3930 4046//3914 4047//3915
f 4062//3930 4047//3915 4063//3931
f 4063//3931 4047//3915 4048//3916
f 4063//3931 4048//3916 4064//3932
f 4064//3932 4048//3916 4049//3917
f 3826//3694 3825//3693 4065//3933
f 4065//3933 3825//3693 3871//3739
f 4065//3933 3871//3739 4066//3934
f 4066//3934 3871//3739 4050//3918
f 4066//3934 4050//3918 4067//3935
f 4067//3935 4050//3918 4051//3919
f 4067//3935 4051//3919 4068//3936
f 4068//3936 4051//3919 4052//3920
f 4068//3936 4052//3920 4069//3937
f 4069//3937 4052//3920 4053//3921
f 4069//3937 4053//3921 4070//3938
f 4070//3938 4053//3921 4054//3922
f 4070//3938 4054//3922 4071//3939
f 4071//3939 4054//3922 4055//3923
f 4071//3939 4055//3923 4072//3940
f 4072//3940 4055//3923 4056//3924
f 4072//3940 4056//3924 4073//3941
f 4073//3941 4056//3924 4057//3925
f 4073//3941 4057//3925 4074//3942
f 4074//3942 4057//3925 4058//3926
f 4074//3942 4058//3926 4075//3943
f 4075//3943 4058//3926 4059//3927
f 4075//3943 4059//3927 4076//3944
f 4076//3944 4059//3927 4060//3928
f 4076//3944 4060//3928 4077//3945
f 4077//3945 4060//3928 4061//3929
f 4077//3945 4061//3929 4078//3946
f 4078//3946 4061//3929 4062//3930
f 4078//3946 4062//3930 4079//3947
f 4079//3947 4062//3930 4063//3931
f 4079//3947 4063//3931 3904//3772
f 3904//3772 4063//3931 4064//3932
f 3904//3772 4064//3932 3913//3781
f 3913//3781 4064//3932 4049//3917
f 3913//3781 4049//3917 4080//3948
f 4080//3948 4049//3917 3909//3777
f 4080//3948 3909//3777 4081//3949
f 4081//3949 3909//3777 3910//3778
f 3828//3696 3826//3694 3867//3735
f 3867//3735 3826//3694 4065//3933
f 3867//3735 4065//3933 4082//3950
f 4082//3950 4065//3933 4066//3934
f 4082//3950 4066//3934 4083//3951
f 4083//3951 4066//3934 4067//3935
f 4083//3951 4067//3935 4084//3952
f 4084//3952 4067//3935 4068//3936
f 4084//3952 4068//3936 4085//3953
f 4085//3953 4068//3936 4069//3937
f 4085//3953 4069//3937 4086//3954
f 4086//3954 4069//3937 4070//3938
f 4086//3954 4070//3938 4087//3955
f 4087//3955 4070//3938 4071//3939
f 4087//3955 4071//3939 4088//3956
f 4088//3956 4071//3939 4072//3940
f 4088//3956 4072//3940 4089//3957
f 4089//3957 4072//3940 4073//3941
f 4089//3957 4073//3941 4090//3958
f 4090//3958 4073//3941 4074//3942
f 4090//3958 4074//3942 4091//3959
f 4091//3959 4074//3942 4075//3943
f 4091//3959 4075//3943 4092//3960
f 4092//3960 4075//3943 4076//3944
f 4092//3960 4076//3944 4093//3961
f 4093//3961 4076//3944 4077//3945
f 4093//3961 4077//3945 4094//3962
f 4094//3962 4077//3945 4078//3946
f 4094//3962 4078//3946 4095//3963
f 4095//3963 4078//3946 4079//3947
f 4095//3963 4079//3947 4096//3964
f 4096//3964 4079//3947 3904//3772
f 4096//3964 3904//3772 4097//3965
f 4097//3965 3904//3772 3903//3771
f 3738//3606 3829//3697 3866//3734
f 3866//3734 3829//3697 3867//3735
f 3866//3734 3867//3735 4098//3966
f 4098//3966 3867//3735 4082//3950
f 4098//3966 4082//3950 4099//3967
f 4099//3967 4082//3950 4083//3951
f 4099//3967 4083//3951 4100//3968
f 4100//3968 4083//3951 4084//3952
f 4100//3968 4084//3952 4101//3969
f 4101//3969 4084//3952 4085//3953
f 4101//3969 4085//3953 4102//3970
f 4102//3970 4085//3953 4086//3954
f 4102//3970 4086//3954 4103//3971
f 4103//3971 4086//3954 4087//3955
f 4103//3971 4087//3955 4104//3972
f 4104//3972 4087//3955 4088//3956
f 4104//3972 4088//3956 4105//3973
f 4105//3973 4088//3956 4089//3957
f 4105//3973 4089//3957 4106//3974
f 4106//3974 4089//3957 4090//3958
f 4106//3974 4090//3958 4107//3975
f 4107//3975 4090//3958 4091//3959
f 4107//3975 4091//3959 4108//3976
f 4108//3976 4091//3959 4092//3960
f 4108//3976 4092//3960 4109//3977
f 4109//3977 4092//3960 4093//3961
f 4109//3977 4093//3961 4110//3978
f 4110//3978 4093//3961 4094//3962
f 4110//3978 4094//3962 4111//3979
f 4111//3979 4094//3962 4095//3963
f 4111//3979 4095//3963 4112//3980
f 4112//3980 4095//3963 4096//3964
f 4112//3980 4096//3964 4113//3981
f 4113//3981 4096//3964 4097//3965
f 3741//3609 3742//3610 4114//3982
f 4114//3982 3742//3610 3866//3734
f 4114//3982 3866//3734 4115//3983
f 4115//3983 3866//3734 4098//3966
f 4115//3983 4098//3966 4116//3984
f 4116//3984 4098//3966 4099//3967
f 4116//3984 4099//3967 4117//3985
f 4117//3985 4099//3967 4100//3968
f 4117//3985 4100//3968 4118//3986
f 4118//3986 4100//3968 4101//3969
f 4118//3986 4101//3969 4119//3987
f 4119//3987 4101//3969 4102//3970
f 4119//3987 4102//3970 4120//3988
f 4120//3988 4102//3970 4103//3971
f 4120//3988 4103//3971 4121//3989
f 4121//3989 4103//3971 4104//3972
f 4121//3989 4104//3972 4122//3990
f 4122//3990 4104//3972 4105//3973
f 4122//3990 4105//3973 4123//3991
f 4123//3991 4105//3973 4106//3974
f 4123//3991 4106//3974 4124//3992
f 4124//3992 4106//3974 4107//3975
f 4124//3992 4107//3975 4125//3993
f 4125//3993 4107//3975 4108//3976
f 4125//3993 4108//3976 4126//3994
f 4126//3994 4108//3976 4109//3977
f 4126//3994 4109//3977 4127//3995
f 4127//3995 4109//3977 4110//3978
f 4127//3995 4110//3978 4128//3996
f 4128//3996 4110//3978 4111//3979
f 4128//3996 4111//3979 3900//3768
f 3900//3768 4111//3979 4112//3980
f 3900//3768 4112//3980 3898//3766
f 3898//3766 4112//3980 4113//3981
f 3739//3607 3741//3609 3862//3730
f 3862//3730 3741//3609 4114//3982
f 3862//3730 4114//3982 4129//3997
f 4129//3997 4114//3982 4115//3983
f 4129//3997 4115//3983 4130//3998
f 4130//3998 4115//3983 4116//3984
f 4130//3998 4116//3984 4131//3999
f 4131//3999 4116//3984 4117//3985
f 4131//3999 4117//3985 4132//4000
f 4132//4000 4117//3985 4118//3986
f 4132//4000 4118//3986 4133//4001
f 4133//4001 4118//3986 4119//3987
f 4133//4001 4119//3987 4134//4002
f 4134//4002 4119//3987 4120//3988
f 4134//4002 4120//3988 4135//4003
f 4135//4003 4120//3988 4121//3989
f 4135//4003 4121//3989 4136//4004
f 4136//4004 4121//3989 4122//3990
f 4136//4004 4122//3990 4137//4005
f 4137//4005 4122//3990 4123//3991
f 4137//4005 4123//3991 4138//4006
f 4138//4006 4123//3991 4124//3992
f 4138//4006 4124//3992 4139//4007
f 4139//4007 4124//3992 4125//3993
f 4139//4007 4125//3993 4140//4008
f 4140//4008 4125//3993 4126//3994
f 4140//4008 4126//3994 4141//4009
f 4141//4009 4126//3994 4127//3995
f 4141//4009 4127//3995 4142//4010
f 4142//4010 4127//3995 4128//3996
f 4142//4010 4128//3996 3897//3765
f 3897//3765 4128//3996 3900//3768
f 3897//3765 3900//3768 3895//3763
f 3895//3763 3900//3768 3899//3767
f 3744//3612 3743//3611 3858//3726
f 3858//3726 3743//3611 3862//3730
f 3858//3726 3862//3730 4143//4011
f 4143//4011 3862//3730 4129//3997
f 4143//4011 4129//3997 4144//4012
f 4144//4012 4129//3997 4130//3998
f 4144//4012 4130//3998 4145//4013
f 4145//4013 4130//3998 4131//3999
f 4145//4013 4131//3999 4146//4014
f 4146//4014 4131//3999 4132//4000
f 4146//4014 4132//4000 4147//4015
f 4147//4015 4132//4000 4133//4001
f 4147//4015 4133//4001 4148//4016
f 4148//4016 4133//4001 4134//4002
f 4148//4016 4134//4002 4149//4017
f 4149//4017 4134//4002 4135//4003
f 4149//4017 4135//4003 4150//4018
f 4150//4018 4135//4003 4136//4004
f 4150//4018 4136//4004 4151//4019
f 4151//4019 4136//4004 4137//4005
f 4151//4019 4137//4005 4152//4020
f 4152//4020 4137//4005 4138//4006
f 4152//4020 4138//4006 4153//4021
f 4153//4021 4138//4006 4139//4007
f 4153//4021 4139//4007 4154//4022
f 4154//4022 4139//4007 4140//4008
f 4154//4022 4140//4008 4155//4023
f 4155//4023 4140//4008 4141//4009
f 4155//4023 4141//4009 4156//4024
f 4156//4024 4141//4009 4142//4010
f 4156//4024 4142//4010 4157//4025
f 4157//4025 4142//4010 3897//3765
f 4157//4025 3897//3765 4158//4026
f 4158//4026 3897//3765 3896//3764
f 3748//3616 3749//3617 3854//3722
f 3854//3722 3749//3617 3858//3726
f 3854//3722 3858//3726 4159//4027
f 4159//4027 3858//3726 4143//4011
f 4159//4027 4143//4011 4160//4028
f 4160//4028 4143//4011 4144//4012
f 4160//4028 4144//4012 4161//4029
f 4161//4029 4144//4012 4145//4013
f 4161//4029 4145//4013 4162//4030
f 4162//4030 4145//4013 4146//4014
f 4162//4030 4146//4014 4163//4031
f 4163//4031 4146//4014 4147//4015
f 4163//4031 4147//4015 4164//4032
f 4164//4032 4147//4015 4148//4016
f 4164//4032 4148//4016 4165//4033
f 4165//4033 4148//4016 4149//4017
f 4165//4033 4149//4017 4166//4034
f 4166//4034 4149//4017 4150//4018
f 4166//4034 4150//4018 4167//4035
f 4167//4035 4150//4018 4151//4019
f 4167//4035 4151//4019 4168//4036
f 4168//4036 4151//4019 4152//4020
f 4168//4036 4152//4020 4169//4037
f 4169//4037 4152//4020 4153//4021
f 4169//4037 4153//4021 4170//4038
f 4170//4038 4153//4021 4154//4022
f 4170//4038 4154//4022 4171//4039
f 4171//4039 4154//4022 4155//4023
f 4171//4039 4155//4023 4172//4040
f 4172//4040 4155//4023 4156//4024
f 4172//4040 4156//4024 4173//4041
f 4173//4041 4156//4024 4157//4025
f 4173//4041 4157//4025 4174//4042
f 4174//4042 4157//4025 4158//4026
f 3750//3618 3746//3614 4175//4043
f 4175//4043 3746//3614 3854//3722
f 4175//4043 3854//3722 4176//4044
f 4176//4044 3854//3722 4159//4027
f 4176//4044 4159//4027 4177//4045
f 4177//4045 4159//4027 4160//4028
f 4177//4045 4160//4028 4178//4046
f 4178//4046 4160//4028 4161//4029
f 4178//4046 4161//4029 4179//4047
f 4179//4047 4161//4029 4162//4030
f 4179//4047 4162//4030 4180//4048
f 4180//4048 4162//4030 4163//4031
f 4180//4048 4163//4031 4181//4049
f 4181//4049 4163//4031 4164//4032
f 4181//4049 4164//4032 4182//4050
f 4182//4050 4164//4032 4165//4033
f 4182//4050 4165//4033 4183//4051
f 4183//4051 4165//4033 4166//4034
f 4183//4051 4166//4034 4184//4052
f 4184//4052 4166//4034 4167//4035
f 4184//4052 4167//4035 4185//4053
f 4185//4053 4167//4035 4168//4036
f 4185//4053 4168//4036 4186//4054
f 4186//4054 4168//4036 4169//4037
f 4186//4054 4169//4037 4187//4055
f 4187//4055 4169//4037 4170//4038
f 4187//4055 4170//4038 4188//4056
f 4188//4056 4170//4038 4171//4039
f 4188//4056 4171//4039 4189//4057
f 4189//4057 4171//4039 4172//4040
f 4189//4057 4172//4040 3892//3760
f 3892//3760 4172//4040 4173//4041
f 3892//3760 4173//4041 3890//3758
f 3890//3758 4173//4041 4174//4042
f 3751//3619 3750//3618 3853//3721
f 3853//3721 3750//3618 4175//4043
f 3853//3721 4175//4043 4190//4058
f 4190//4058 4175//4043 4176//4044
f 4190//4058 4176//4044 4191//4059
f 4191//4059 4176//4044 4177//4045
f 4191//4059 4177//4045 4192//4060
f 4192//4060 4177//4045 4178//4046
f 4192//4060 4178//4046 4193//4061
f 4193//4061 4178//4046 4179//4047
f 4193//4061 4179//4047 4194//4062
f 4194//4062 4179//4047 4180//4048
f 4194//4062 4180//4048 4195//4063
f 4195//4063 4180//4048 4181//4049
f 4195//4063 4181//4049 4196//4064
f 4196//4064 4181//4049 4182//4050
f 4196//4064 4182//4050 4197//4065
f 4197//4065 4182//4050 4183//4051
f 4197//4065 4183//4051 4198//4066
f 4198//4066 4183//4051 4184//4052
f 4198//4066 4184//4052 4199//4067
f 4199//4067 4184//4052 4185//4053
f 4199//4067 4185//4053 4200//4068
f 4200//4068 4185//4053 4186//4054
f 4200//4068 4186//4054 4201//4069
f 4201//4069 4186//4054 4187//4055
f 4201//4069 4187//4055 4202//4070
f 4202//4070 4187//4055 4188//4056
f 4202//4070 4188//4056 4203//4071
f 4203//4071 4188//4056 4189//4057
f 4203//4071 4189//4057 3888//3756
f 3888//3756 4189//4057 3892//3760
f 3888//3756 3892//3760 3886//3754
f 3886//3754 3892//3760 3891//3759
f 3754//3622 3753//3621 3849//3717
f 3849//3717 3753//3621 3853//3721
f 3849//3717 3853//3721 4204//4072
f 4204//4072 3853//3721 4190//4058
f 4204//4072 4190//4058 4205//4073
f 4205//4073 4190//4058 4191//4059
f 4205//4073 4191//4059 4206//4074
f 4206//4074 4191//4059 4192//4060
f 4206//4074 4192//4060 4207//4075
f 4207//4075 4192//4060 4193//4061
f 4207//4075 4193//4061 4208//4076
f 4208//4076 4193//4061 4194//4062
f 4208//4076 4194//4062 4209//4077
f 4209//4077 4194//4062 4195//4063
f 4209//4077 4195//4063 4210//4078
f 4210//4078 4195//4063 4196//4064
f 4210//4078 4196//4064 4211//4079
f 4211//4079 4196//4064 4197//4065
f 4211//4079 4197//4065 4212//4080
f 4212//4080 4197//4065 4198//4066
f 4212//4080 4198//4066 4213//4081
f 4213//4081 4198//4066 4199//4067
f 4213//4081 4199//4067 4214//4082
f 4214//4082 4199//4067 4200//4068
f 4214//4082 4200//4068 4215//4083
f 4215//4083 4200//4068 4201//4069
f 4215//4083 4201//4069 4216//4084
f 4216//4084 4201//4069 4202//4070
f 4216//4084 4202//4070 4217//4085
f 4217//4085 4202//4070 4203//4071
f 4217//4085 4203//4071 4218//4086
f 4218//4086 4203//4071 3888//3756
f 4218//4086 3888//3756 4219//4087
f 4219//4087 3888//3756 3887//3755
f 3758//3626 3759//3627 3845//3713
f 3845//3713 3759//3627 3849//3717
f 3845//3713 3849//3717 4220//4088
f 4220//4088 3849//3717 4204//4072
f 4220//4088 4204//4072 4221//4089
f 4221//4089 4204//4072 4205//4073
f 4221//4089 4205//4073 4222//4090
f 4222//4090 4205//4073 4206//4074
f 4222//4090 4206//4074 4223//4091
f 4223//4091 4206//4074 4207//4075
f 4223//4091 4207//4075 4224//4092
f 4224//4092 4207//4075 4208//4076
f 4224//4092 4208//4076 4225//4093
f 4225//4093 4208//4076 4209//4077
f 4225//4093 4209//4077 4226//4094
f 4226//4094 4209//4077 4210//4078
f 4226//4094 4210//4078 4227//4095
f 4227//4095 4210//4078 4211//4079
f 4227//4095 4211//4079 4228//4096
f 4228//4096 4211//4079 4212//4080
f 4228//4096 4212//4080 4229//4097
f 4229//4097 4212//4080 4213//4081
f 4229//4097 4213//4081 4230//4098
f 4230//4098 4213//4081 4214//4082
f 4230//4098 4214//4082 4231//4099
f 4231//4099 4214//4082 4215//4083
f 4231//4099 4215//4083 4232//4100
f 4232//4100 4215//4083 4216//4084
f 4232//4100 4216//4084 4233//4101
f 4233//4101 4216//4084 4217//4085
f 4233//4101 4217//4085 4234//4102
f 4234//4102 4217//4085 4218//4086
f 4234//4102 4218//4086 4235//4103
f 4235//4103 4218//4086 4219//4087
f 3760//3628 3756//3624 4236//4104
f 4236//4104 3756//3624 3845//3713
f 4236//4104 3845//3713 4237//4105
f 4237//4105 3845//3713 4220//4088
f 4237//4105 4220//4088 4238//4106
f 4238//4106 4220//4088 4221//4089
f 4238//4106 4221//4089 4239//4107
f 4239//4107 4221//4089 4222//4090
f 4239//4107 4222//4090 4240//4108
f 4240//4108 4222//4090 4223//4091
f 4240//4108 4223//4091 4241//4109
f 4241//4109 4223//4091 4224//4092
f 4241//4109 4224//4092 4242//4110
f 4242//4110 4224//4092 4225//4093
f 4242//4110 4225//4093 4243//4111
f 4243//4111 4225//4093 4226//4094
f 4243//4111 4226//4094 4244//4112
f 4244//4112 4226//4094 4227//4095
f 4244//4112 4227//4095 4245//4113
f 4245//4113 4227//4095 4228//4096
f 4245//4113 4228//4096 4246//4114
f 4246//4114 4228//4096 4229//4097
f 4246//4114 4229//4097 4247//4115
f 4247//4115 4229//4097 4230//4098
f 4247//4115 4230//4098 4248//4116
f 4248//4116 4230//4098 4231//4099
f 4248//4116 4231//4099 4249//4117
f 4249//4117 4231//4099 4232//4100
f 4249//4117 4232//4100 4250//4118
f 4250//4118 4232//4100 4233//4101
f 4250//4118 4233//4101 3883//3751
f 3883//3751 4233//4101 4234//4102
f 3883//3751 4234//4102 3881//3749
f 3881//3749 4234//4102 4235//4103
f 3761//3629 3760//3628 3844//3712
f 3844//3712 3760//3628 4236//4104
f 3844//3712 4236//4104 4251//4119
f 4251//4119 4236//4104 4237//4105
f 4251//4119 4237//4105 4252//4120
f 4252//4120 4237//4105 4238//4106
f 4252//4120 4238//4106 4253//4121
f 4253//4121 4238//4106 4239//4107
f 4253//4121 4239//4107 4254//4122
f 4254//4122 4239//4107 4240//4108
f 4254//4122 4240//4108 4255//4123
f 4255//4123 4240//4108 4241//4109
f 4255//4123 4241//4109 4256//4124
f 4256//4124 4241//4109 4242//4110
f 4256//4124 4242//4110 4257//4125
f 4257//4125 4242//4110 4243//4111
f 4257//4125 4243//4111 4258//4126
f 4258//4126 4243//4111 4244//4112
f 4258//4126 4244//4112 4259//4127
f 4259//4127 4244//4112 4245//4113
f 4259//4127 4245//4113 4260//4128
f 4260//4128 4245//4113 4246//4114
f 4260//4128 4246//4114 4261//4129
f 4261//4129 4246//4114 4247//4115
f 4261//4129 4247//4115 4262//4130
f 4262//4130 4247//4115 4248//4116
f 4262//4130 4248//4116 4263//4131
f 4263//4131 4248//4116 4249//4117
f 4263//4131 4249//4117 4264//4132
f 4264//4132 4249//4117 4250//4118
f 4264//4132 4250//4118 3879//3747
f 3879//3747 4250//4118 3883//3751
f 3879//3747 3883//3751 3877//3745
f 3877//3745 3883//3751 3882//3750
f 3765//3633 3766//3634 3840//3708
f 3840//3708 3766//3634 3844//3712
f 3840//3708 3844//3712 4265//4133
f 4265//4133 3844//3712 4251//4119
f 4265//4133 4251//4119 4266//4134
f 4266//4134 4251//4119 4252//4120
f 4266//4134 4252//4120 4267//4135
f 4267//4135 4252//4120 4253//4121
f 4267//4135 4253//4121 4268//4136
f 4268//4136 4253//4121 4254//4122
f 4268//4136 4254//4122 4269//4137
f 4269//4137 4254//4122 4255//4123
f 4269//4137 4255//4123 4270//4138
f 4270//4138 4255//4123 4256//4124
f 4270//4138 4256//4124 4271//4139
f 4271//4139 4256//4124 4257//4125
f 4271//4139 4257//4125 4272//4140
f 4272//4140 4257//4125 4258//4126
f 4272//4140 4258//4126 4273//4141
f 4273//4141 4258//4126 4259//4127
f 4273//4141 4259//4127 4274//4142
f 4274//4142 4259//4127 4260//4128
f 4274//4142 4260//4128 4275//4143
f 4275//4143 4260//4128 4261//4129
f 4275//4143 4261//4129 4276//4144
f 4276//4144 4261//4129 4262//4130
f 4276//4144 4262//4130 4277//4145
f 4277//4145 4262//4130 4263//4131
f 4277//4145 4263//4131 4278//4146
f 4278//4146 4263//4131 4264//4132
f 4278//4146 4264//4132 4279//4147
f 4279//4147 4264//4132 3879//3747
f 4279//4147 3879//3747 4280//4148
f 4280//4148 3879//3747 3878//3746
f 3767//3635 3763//3631 4281//4149
f 4281//4149 3763//3631 3840//3708
f 4281//4149 3840//3708 4282//4150
f 4282//4150 3840//3708 4265//4133
f 4282//4150 4265//4133 4283//4151
f 4283//4151 4265//4133 4266//4134
f 4283//4151 4266//4134 4284//4152
f 4284//4152 4266//4134 4267//4135
f 4284//4152 4267//4135 4285//4153
f 4285//4153 4267//4135 4268//4136
f 4285//4153 4268//4136 4286//4154
f 4286//4154 4268//4136 4269//4137
f 4286//4154 4269//4137 4287//4155
f 4287//4155 4269//4137 4270//4138
f 4287//4155 4270//4138 4288//4156
f 4288//4156 4270//4138 4271//4139
f 4288//4156 4271//4139 4289//4157
f 4289//4157 4271//4139 4272//4140
f 4289//4157 4272//4140 4290//4158
f 4290//4158 4272//4140 4273//4141
f 4290//4158 4273//4141 4291//4159
f 4291//4159 4273//4141 4274//4142
f 4291//4159 4274//4142 4292//4160
f 4292//4160 4274//4142 4275//4143
f 4292//4160 4275//4143 4293//4161
f 4293//4161 4275//4143 4276//4144
f 4293//4161 4276//4144 4294//4162
f 4294//4162 4276//4144 4277//4145
f 4294//4162 4277//4145 4295//4163
f 4295//4163 4277//4145 4278//4146
f 4295//4163 4278//4146 4296//4164
f 4296//4164 4278//4146 4279//4147
f 4296//4164 4279//4147 4297//4165
f 4297//4165 4279//4147 4280//4148
f 3768//3636 3767//3635 3839//3707
f 3839//3707 3767//3635 4281//4149
f 3839//3707 4281//4149 4298//4166
f 4298//4166 4281//4149 4282//4150
f 4298//4166 4282//4150 4299//4167
f 4299//4167 4282//4150 4283//4151
f 4299//4167 4283//4151 4300//4168
f 4300//4168 4283//4151 4284//4152
f 4300//4168 4284//4152 4301//4169
f 4301//4169 4284//4152 4285//4153
f 4301//4169 4285//4153 4302//4170
f 4302//4170 4285//4153 4286//4154
f 4302//4170 4286//4154 4303//4171
f 4303//4171 4286//4154 4287//4155
f 4303//4171 4287//4155 4304//4172
f 4304//4172 4287//4155 4288//4156
f 4304//4172 4288//4156 4305//4173
f 4305//4173 4288//4156 4289//4157
f 4305//4173 4289//4157 4306//4174
f 4306//4174 4289//4157 4290//4158
f 4306//4174 4290//4158 4307//4175
f 4307//4175 4290//4158 4291//4159
f 4307//4175 4291//4159 4308//4176
f 4308//4176 4291//4159 4292//4160
f 4308//4176 4292//4160 4309//4177
f 4309//4177 4292//4160 4293//4161
f 4309//4177 4293//4161 4310//4178
f 4310//4178 4293//4161 4294//4162
f 4310//4178 4294//4162 4311//4179
f 4311//4179 4294//4162 4295//4163
f 4311//4179 4295//4163 3874//3742
f 3874//3742 4295//4163 4296//4164
f 3874//3742 4296//4164 3872//3740
f 3872//3740 4296//4164 4297//4165
f 3772//3640 3773//3641 3838//3706
f 3838//3706 3773//3641 3839//3707
f 3838//3706 3839//3707 4312//4180
f 4312//4180 3839//3707 4298//4166
f 4312//4180 4298//4166 4313//4181
f 4313//4181 4298//4166 4299//4167
f 4313//4181 4299//4167 4314//4182
f 4314//4182 4299//4167 4300//4168
f 4314//4182 4300//4168 4315//4183
f 4315//4183 4300//4168 4301//4169
f 4315//4183 4301//4169 4316//4184
f 4316//4184 4301//4169 4302//4170
f 4316//4184 4302//4170 4317//4185
f 4317//4185 4302//4170 4303//4171
f 4317//4185 4303//4171 4318//4186
f 4318//4186 4303//4171 4304//4172
f 4318//4186 4304//4172 4319//4187
f 4319//4187 4304//4172 4305//4173
f 4319//4187 4305//4173 4320//4188
f 4320//4188 4305//4173 4306//4174
f 4320//4188 4306//4174 4321//4189
f 4321//4189 4306//4174 4307//4175
f 4321//4189 4307//4175 4322//4190
f 4322//4190 4307//4175 4308//4176
f 4322//4190 4308//4176 4323//4191
f 4323//4191 4308//4176 4309//4177
f 4323//4191 4309//4177 4324//4192
f 4324//4192 4309//4177 4310//4178
f 4324//4192 4310//4178 4325//4193
f 4325//4193 4310//4178 4311//4179
f 4325//4193 4311//4179 3870//3738
f 3870//3738 4311//4179 3874//3742
f 3870//3738 3874//3742 3868//3736
f 3868//3736 3874//3742 3873//3741
f 3774//3642 3770//3638 4326//4194
f 4326//4194 3770//3638 3838//3706
f 4326//4194 3838//3706 4327//4195
f 4327//4195 3838//3706 4312//4180
f 4327//4195 4312//4180 4328//4196
f 4328//4196 4312//4180 4313//4181
f 4328//4196 4313//4181 4329//4197
f 4329//4197 4313//4181 4314//4182
f 4329//4197 4314//4182 4330//4198
f 4330//4198 4314//4182 4315//4183
f 4330//4198 4315//4183 4331//4199
f 4331//4199 4315//4183 4316//4184
f 4331//4199 4316//4184 4332//4200
f 4332//4200 4316//4184 4317//4185
f 4332//4200 4317//4185 4333//4201
f 4333//4201 4317//4185 4318//4186
f 4333//4201 4318//4186 4334//4202
f 4334//4202 4318//4186 4319//4187
f 4334//4202 4319//4187 4335//4203
f 4335//4203 4319//4187 4320//4188
f 4335//4203 4320//4188 4336//4204
f 4336//4204 4320//4188 4321//4189
f 4336//4204 4321//4189 4337//4205
f 4337//4205 4321//4189 4322//4190
f 4337//4205 4322//4190 4338//4206
f 4338//4206 4322//4190 4323//4191
f 4338//4206 4323//4191 4339//4207
f 4339//4207 4323//4191 4324//4192
f 4339//4207 4324//4192 4340//4208
f 4340//4208 4324//4192 4325//4193
f 4340//4208 4325//4193 4341//4209
f 4341//4209 4325//4193 3870//3738
f 4341//4209 3870//3738 4342//4210
f 4342//4210 3870//3738 3869//3737
f 3834//3702 4343//4211 4344//4212
f 4344//4212 4343//4211 4345//4213
f 4344//4212 4345//4213 4346//4214
f 4346//4214 4345//4213 4347//4215
f 4346//4214 4347//4215 4348//4216
f 4348//4216 4347//4215 4349//4217
f 4348//4216 4349//4217 4350//4218
f 4350//4218 4349//4217 4351//4219
f 4350//4218 4351//4219 4352//4220
f 4352//4220 4351//4219 4353//4221
f 4352//4220 4353//4221 4354//4222
f 4354//4222 4353//4221 4355//4223
f 4354//4222 4355//4223 4356//4224
f 4356//4224 4355//4223 4357//4225
f 4356//4224 4357//4225 4358//4226
f 4358//4226 4357//4225 4359//4227
f 4358//4226 4359//4227 4360//4228
f 4360//4228 4359//4227 4361//4229
f 4360//4228 4361//4229 4362//4230
f 4362//4230 4361//4229 4363//4231
f 4362//4230 4363//4231 4364//4232
f 4364//4232 4363//4231 4365//4233
f 4364//4232 4365//4233 4366//4234
f 4366//4234 4365//4233 4367//4235
f 4366//4234 4367//4235 4368//4236
f 4368//4236 4367//4235 4369//4237
f 4368//4236 4369//4237 4370//4238
f 4370//4238 4369//4237 4371//4239
f 4370//4238 4371//4239 4372//4240
f 4372//4240 4371//4239 4373//4241
f 4372//4240 4373//4241 4374//4242
f 4374//4242 4373//4241 4375//4243
f 3775//3643 3774//3642 4343//4211
f 4343//4211 3774//3642 4326//4194
f 4343//4211 4326//4194 4345//4213
f 4345//4213 4326//4194 4327//4195
f 4345//4213 4327//4195 4347//4215
f 4347//4215 4327//4195 4328//4196
f 4347//4215 4328//4196 4349//4217
f 4349//4217 4328//4196 4329//4197
f 4349//4217 4329//4197 4351//4219
f 4351//4219 4329//4197 4330//4198
f 4351//4219 4330//4198 4353//4221
f 4353//4221 4330//4198 4331//4199
f 4353//4221 4331//4199 4355//4223
f 4355//4223 4331//4199 4332//4200
f 4355//4223 4332//4200 4357//4225
f 4357//4225 4332//4200 4333//4201
f 4357//4225 4333//4201 4359//4227
f 4359//4227 4333//4201 4334//4202
f 4359//4227 4334//4202 4361//4229
f 4361//4229 4334//4202 4335//4203
f 4361//4229 4335//4203 4363//4231
f 4363//4231 4335//4203 4336//4204
f 4363//4231 4336//4204 4365//4233
f 4365//4233 4336//4204 4337//4205
f 4365//4233 4337//4205 4367//4235
f 4367//4235 4337//4205 4338//4206
f 4367//4235 4338//4206 4369//4237
f 4369//4237 4338//4206 4339//4207
f 4369//4237 4339//4207 4371//4239
f 4371//4239 4339//4207 4340//4208
f 4371//4239 4340//4208 4373//4241
f 4373//4241 4340//4208 4341//4209
f 4373//4241 4341//4209 4375//4243
f 4375//4243 4341//4209 4342//4210
f 3834//3702 3779//3647 4343//4211
f 4343//4211 3779//3647 3780//3648
f 4343//4211 3780//3648 3775//3643
f 3781//3649 3777//3645 4376//4244
f 4376//4244 3777//3645 3834//3702
f 4376//4244 3834//3702 4377//4245
f 4377//4245 3834//3702 4344//4212
f 4377//4245 4344//4212 4378//4246
f 4378//4246 4344//4212 4346//4214
f 4378//4246 4346//4214 4379//4247
f 4379//4247 4346//4214 4348//4216
f 4379//4247 4348//4216 4380//4248
f 4380//4248 4348//4216 4350//4218
f 4380//4248 4350//4218 4381//4249
f 4381//4249 4350//4218 4352//4220
f 4381//4249 4352//4220 4382//4250
f 4382//4250 4352//4220 4354//4222
f 4382//4250 4354//4222 4383//4251
f 4383//4251 4354//4222 4356//4224
f 4383//4251 4356//4224 4384//4252
f 4384//4252 4356//4224 4358//4226
f 4384//4252 4358//4226 4385//4253
f 4385//4253 4358//4226 4360//4228
f 4385//4253 4360//4228 4386//4254
f 4386//4254 4360//4228 4362//4230
f 4386//4254 4362//4230 4387//4255
f 4387//4255 4362//4230 4364//4232
f 4387//4255 4364//4232 4388//4256
f 4388//4256 4364//4232 4366//4234
f 4388//4256 4366//4234 4389//4257
f 4389//4257 4366//4234 4368//4236
f 4389//4257 4368//4236 4390//4258
f 4390//4258 4368//4236 4370//4238
f 4390//4258 4370//4238 3865//3733
f 3865//3733 4370//4238 4372//4240
f 3865//3733 4372//4240 3863//3731
f 3863//3731 4372//4240 4374//4242
f 4391//4259 4392//4260 4393//4261
f 3856//3724 4394//4262 3857//3725
f 3857//3725 4394//4262 4395//4263
f 3857//3725 4395//4263 4396//4264
f 4396//4264 4395//4263 4397//4265
f 4396//4264 4397//4265 4398//4266
f 4398//4266 4397//4265 4399//4267
f 4398//4266 4399//4267 4400//4268
f 4400//4268 4399//4267 4401//4269
f 4400//4268 4401//4269 4402//4270
f 4402//4270 4401//4269 4403//4271
f 4402//4270 4403//4271 4404//4272
f 4404//4272 4403//4271 4405//4273
f 4404//4272 4405//4273 4406//4274
f 4406//4274 4405//4273 4407//4275
f 4406//4274 4407//4275 4408//4276
f 4408//4276 4407//4275 4409//4277
f 4408//4276 4409//4277 4410//4278
f 4410//4278 4409//4277 4411//4279
f 4410//4278 4411//4279 4412//4280
f 4412//4280 4411//4279 4413//4281
f 4412//4280 4413//4281 4414//4282
f 4414//4282 4413//4281 4415//4283
f 4414//4282 4415//4283 4416//4284
f 4416//4284 4415//4283 4417//4285
f 4416//4284 4417//4285 4418//4286
f 4418//4286 4417//4285 4419//4287
f 4418//4286 4419//4287 4420//4288
f 4420//4288 4419//4287 4421//4289
f 4420//4288 4421//4289 4422//4290
f 3860//3728 3855//3723 3861//3729
f 3861//3729 3855//3723 3857//3725
f 3861//3729 3857//3725 4423//4291
f 4423//4291 3857//3725 4396//4264
f 4423//4291 4396//4264 4424//4292
f 4424//4292 4396//4264 4398//4266
f 4424//4292 4398//4266 4425//4293
f 4425//4293 4398//4266 4400//4268
f 4425//4293 4400//4268 4426//4294
f 4426//4294 4400//4268 4402//4270
f 4426//4294 4402//4270 4427//4295
f 4427//4295 4402//4270 4404//4272
f 4427//4295 4404//4272 4428//4296
f 4428//4296 4404//4272 4406//4274
f 4428//4296 4406//4274 4429//4297
f 4429//4297 4406//4274 4408//4276
f 4429//4297 4408//4276 4430//4298
f 4430//4298 4408//4276 4410//4278
f 4430//4298 4410//4278 4431//4299
f 4431//4299 4410//4278 4412//4280
f 4431//4299 4412//4280 4432//4300
f 4432//4300 4412//4280 4414//4282
f 4432//4300 4414//4282 4433//4301
f 4433//4301 4414//4282 4416//4284
f 4433//4301 4416//4284 4434//4302
f 4434//4302 4416//4284 4418//4286
f 4434//4302 4418//4286 4435//4303
f 4435//4303 4418//4286 4420//4288
f 4435//4303 4420//4288 4436//4304
f 4436//4304 4420//4288 4422//4290
f 4436//4304 4422//4290 3833//3701
f 3782//3650 3781//3649 3833//3701
f 3833//3701 3781//3649 4376//4244
f 3833//3701 4376//4244 4436//4304
f 4436//4304 4376//4244 4377//4245
f 4436//4304 4377//4245 4435//4303
f 4435//4303 4377//4245 4378//4246
f 4435//4303 4378//4246 4434//4302
f 4434//4302 4378//4246 4379//4247
f 4434//4302 4379//4247 4433//4301
f 4433//4301 4379//4247 4380//4248
f 4433//4301 4380//4248 4432//4300
f 4432//4300 4380//4248 4381//4249
f 4432//4300 4381//4249 4431//4299
f 4431//4299 4381//4249 4382//4250
f 4431//4299 4382//4250 4430//4298
f 4430//4298 4382//4250 4383//4251
f 4430//4298 4383//4251 4429//4297
f 4429//4297 4383//4251 4384//4252
f 4429//4297 4384//4252 4428//4296
f 4428//4296 4384//4252 4385//4253
f 4428//4296 4385//4253 4427//4295
f 4427//4295 4385//4253 4386//4254
f 4427//4295 4386//4254 4426//4294
f 4426//4294 4386//4254 4387//4255
f 4426//4294 4387//4255 4425//4293
f 4425//4293 4387//4255 4388//4256
f 4425//4293 4388//4256 4424//4292
f 4424//4292 4388//4256 4389//4257
f 4424//4292 4389//4257 4423//4291
f 4423//4291 4389//4257 4390//4258
f 4423//4291 4390//4258 3861//3729
f 3861//3729 4390//4258 3865//3733
f 3861//3729 3865//3733 3859//3727
f 3859//3727 3865//3733 3864//3732
f 3832//3700 3831//3699 4437//4305
f 3733//3601 4438//4306 3831//3699
f 3831//3699 4438//4306 4439//4307
f 3831//3699 4439//4307 4437//4305
f 4437//4305 4439//4307 4391//4259
f 4391//4259 4393//4261 4437//4305
f 4437//4305 4393//4261 4440//4308
f 4437//4305 4440//4308 3832//3700
f 3832//3700 4440//4308 3733//3601
f 3733//3601 4441//4309 4438//4306
f 4438//4306 4441//4309 4442//4310
f 4438//4306 4442//4310 4439//4307
f 4439//4307 4442//4310 4443//4311
f 4439//4307 4443//4311 4391//4259
f 4391//4259 4443//4311 3837//3705
f 4391//4259 3837//3705 4392//4260
f 4392//4260 3837//3705 3836//3704
f 3733//3601 4444//4312 4441//4309
f 4441//4309 4444//4312 4445//4313
f 4441//4309 4445//4313 4442//4310
f 4442//4310 4445//4313 4446//4314
f 4442//4310 4446//4314 4443//4311
f 4443//4311 4446//4314 4447//4315
f 4443//4311 4447//4315 3837//3705
f 3837//3705 4447//4315 4448//4316
f 3837//3705 4448//4316 3835//3703
f 3835//3703 4448//4316 4449//4317
f 3733//3601 4450//4318 4444//4312
f 4444//4312 4450//4318 4451//4319
f 4444//4312 4451//4319 4445//4313
f 4445//4313 4451//4319 4452//4320
f 4445//4313 4452//4320 4446//4314
f 4446//4314 4452//4320 4453//4321
f 4446//4314 4453//4321 4447//4315
f 4447//4315 4453//4321 4454//4322
f 4447//4315 4454//4322 4448//4316
f 4448//4316 4454//4322 4455//4323
f 4448//4316 4455//4323 4449//4317
f 4449//4317 4455//4323 4456//4324
f 3733//3601 4457//4325 4450//4318
f 4450//4318 4457//4325 4458//4326
f 4450//4318 4458//4326 4451//4319
f 4451//4319 4458//4326 4459//4327
f 4451//4319 4459//4327 4452//4320
f 4452//4320 4459//4327 4460//4328
f 4452//4320 4460//4328 4453//4321
f 4453//4321 4460//4328 4461//4329
f 4453//4321 4461//4329 4454//4322
f 4454//4322 4461//4329 4462//4330
f 4454//4322 4462//4330 4455//4323
f 4455//4323 4462//4330 4463//4331
f 4455//4323 4463//4331 4456//4324
f 4456//4324 4463//4331 4464//4332
f 3733//3601 4465//4333 4457//4325
f 4457//4325 4465//4333 4466//4334
f 4457//4325 4466//4334 4458//4326
f 4458//4326 4466//4334 4467//4335
f 4458//4326 4467//4335 4459//4327
f 4459//4327 4467//4335 4468//4336
f 4459//4327 4468//4336 4460//4328
f 4460//4328 4468//4336 4469//4337
f 4460//4328 4469//4337 4461//4329
f 4461//4329 4469//4337 4470//4338
f 4461//4329 4470//4338 4462//4330
f 4462//4330 4470//4338 4471//4339
f 4462//4330 4471//4339 4463//4331
f 4463//4331 4471//4339 4472//4340
f 4463//4331 4472//4340 4464//4332
f 4464//4332 4472//4340 4473//4341
f 3733//3601 4474//4342 4465//4333
f 4465//4333 4474//4342 4475//4343
f 4465//4333 4475//4343 4466//4334
f 4466//4334 4475//4343 4476//4344
f 4466//4334 4476//4344 4467//4335
f 4467//4335 4476//4344 4477//4345
f 4467//4335 4477//4345 4468//4336
f 4468//4336 4477//4345 4478//4346
f 4468//4336 4478//4346 4469//4337
f 4469//4337 4478//4346 4479//4347
f 4469//4337 4479//4347 4470//4338
f 4470//4338 4479//4347 4480//4348
f 4470//4338 4480//4348 4471//4339
f 4471//4339 4480//4348 4481//4349
f 4471//4339 4481//4349 4472//4340
f 4472//4340 4481//4349 3843//3711
f 4472//4340 3843//3711 4473//4341
f 4473//4341 3843//3711 3842//3710
f 3733//3601 4482//4350 4474//4342
f 4474//4342 4482//4350 4483//4351
f 4474//4342 4483//4351 4475//4343
f 4475//4343 4483//4351 4484//4352
f 4475//4343 4484//4352 4476//4344
f 4476//4344 4484//4352 4485//4353
f 4476//4344 4485//4353 4477//4345
f 4477//4345 4485//4353 4486//4354
f 4477//4345 4486//4354 4478//4346
f 4478//4346 4486//4354 4487//4355
f 4478//4346 4487//4355 4479//4347
f 4479//4347 4487//4355 4488//4356
f 4479//4347 4488//4356 4480//4348
f 4480//4348 4488//4356 4489//4357
f 4480//4348 4489//4357 4481//4349
f 4481//4349 4489//4357 4490//4358
f 4481//4349 4490//4358 3843//3711
f 3843//3711 4490//4358 4491//4359
f 3843//3711 4491//4359 3841//3709
f 3841//3709 4491//4359 4492//4360
f 3733//3601 4493//4361 4482//4350
f 4482//4350 4493//4361 4494//4362
f 4482//4350 4494//4362 4483//4351
f 4483//4351 4494//4362 4495//4363
f 4483//4351 4495//4363 4484//4352
f 4484//4352 4495//4363 4496//4364
f 4484//4352 4496//4364 4485//4353
f 4485//4353 4496//4364 4497//4365
f 4485//4353 4497//4365 4486//4354
f 4486//4354 4497//4365 4498//4366
f 4486//4354 4498//4366 4487//4355
f 4487//4355 4498//4366 4499//4367
f 4487//4355 4499//4367 4488//4356
f 4488//4356 4499//4367 4500//4368
f 4488//4356 4500//4368 4489//4357
f 4489//4357 4500//4368 4501//4369
f 4489//4357 4501//4369 4490//4358
f 4490//4358 4501//4369 4502//4370
f 4490//4358 4502//4370 4491//4359
f 4491//4359 4502//4370 4503//4371
f 4491//4359 4503//4371 4492//4360
f 4492//4360 4503//4371 4504//4372
f 3733//3601 4505//4373 4493//4361
f 4493//4361 4505//4373 4506//4374
f 4493//4361 4506//4374 4494//4362
f 4494//4362 4506//4374 4507//4375
f 4494//4362 4507//4375 4495//4363
f 4495//4363 4507//4375 4508//4376
f 4495//4363 4508//4376 4496//4364
f 4496//4364 4508//4376 4509//4377
f 4496//4364 4509//4377 4497//4365
f 4497//4365 4509//4377 4510//4378
f 4497//4365 4510//4378 4498//4366
f 4498//4366 4510//4378 4511//4379
f 4498//4366 4511//4379 4499//4367
f 4499//4367 4511//4379 4512//4380
f 4499//4367 4512//4380 4500//4368
f 4500//4368 4512//4380 4513//4381
f 4500//4368 4513//4381 4501//4369
f 4501//4369 4513//4381 4514//4382
f 4501//4369 4514//4382 4502//4370
f 4502//4370 4514//4382 4515//4383
f 4502//4370 4515//4383 4503//4371
f 4503//4371 4515//4383 3848//3716
f 4503//4371 3848//3716 4504//4372
f 4504//4372 3848//3716 3847//3715
f 3733//3601 4516//4384 4505//4373
f 4505//4373 4516//4384 4517//4385
f 4505//4373 4517//4385 4506//4374
f 4506//4374 4517//4385 4518//4386
f 4506//4374 4518//4386 4507//4375
f 4507//4375 4518//4386 4519//4387
f 4507//4375 4519//4387 4508//4376
f 4508//4376 4519//4387 4520//4388
f 4508//4376 4520//4388 4509//4377
f 4509//4377 4520//4388 4521//4389
f 4509//4377 4521//4389 4510//4378
f 4510//4378 4521//4389 4522//4390
f 4510//4378 4522//4390 4511//4379
f 4511//4379 4522//4390 4523//4391
f 4511//4379 4523//4391 4512//4380
f 4512//4380 4523//4391 4524//4392
f 4512//4380 4524//4392 4513//4381
f 4513//4381 4524//4392 4525//4393
f 4513//4381 4525//4393 4514//4382
f 4514//4382 4525//4393 4526//4394
f 4514//4382 4526//4394 4515//4383
f 4515//4383 4526//4394 4527//4395
f 4515//4383 4527//4395 3848//3716
f 3848//3716 4527//4395 3852//3720
f 3848//3716 3852//3720 3846//3714
f 3846//3714 3852//3720 3851//3719
f 3733//3601 4528//4396 4516//4384
f 4516//4384 4528//4396 4529//4397
f 4516//4384 4529//4397 4517//4385
f 4517//4385 4529//4397 4530//4398
f 4517//4385 4530//4398 4518//4386
f 4518//4386 4530//4398 4531//4399
f 4518//4386 4531//4399 4519//4387
f 4519//4387 4531//4399 4532//4400
f 4519//4387 4532//4400 4520//4388
f 4520//4388 4532//4400 4533//4401
f 4520//4388 4533//4401 4521//4389
f 4521//4389 4533//4401 4534//4402
f 4521//4389 4534//4402 4522//4390
f 4522//4390 4534//4402 4535//4403
f 4522//4390 4535//4403 4523//4391
f 4523//4391 4535//4403 4536//4404
f 4523//4391 4536//4404 4524//4392
f 4524//4392 4536//4404 4537//4405
f 4524//4392 4537//4405 4525//4393
f 4525//4393 4537//4405 4538//4406
f 4525//4393 4538//4406 4526//4394
f 4526//4394 4538//4406 4539//4407
f 4526//4394 4539//4407 4527//4395
f 4527//4395 4539//4407 4540//4408
f 4527//4395 4540//4408 3852//3720
f 3852//3720 4540//4408 4541//4409
f 3852//3720 4541//4409 3850//3718
f 3850//3718 4541//4409 4542//4410
f 4421//4289 4543//4411 4422//4290
f 4422//4290 4543//4411 3830//3698
f 4422//4290 3830//3698 3833//3701
f 3833//3701 3830//3698 3732//3600
f 3833//3701 3732//3600 3783//3651
f 4543//4411 3733//3601 3830//3698
f 4394//4262 4542//4410 4395//4263
f 4395//4263 4542//4410 4541//4409
f 4395//4263 4541//4409 4397//4265
f 4397//4265 4541//4409 4540//4408
f 4397//4265 4540//4408 4399//4267
f 4399//4267 4540//4408 4539//4407
f 4399//4267 4539//4407 4401//4269
f 4401//4269 4539//4407 4538//4406
f 4401//4269 4538//4406 4403//4271
f 4403//4271 4538//4406 4537//4405
f 4403//4271 4537//4405 4405//4273
f 4405//4273 4537//4405 4536//4404
f 4405//4273 4536//4404 4407//4275
f 4407//4275 4536//4404 4535//4403
f 4407//4275 4535//4403 4409//4277
f 4409//4277 4535//4403 4534//4402
f 4409//4277 4534//4402 4411//4279
f 4411//4279 4534//4402 4533//4401
f 4411//4279 4533//4401 4413//4281
f 4413//4281 4533//4401 4532//4400
f 4413//4281 4532//4400 4415//4283
f 4415//4283 4532//4400 4531//4399
f 4415//4283 4531//4399 4417//4285
f 4417//4285 4531//4399 4530//4398
f 4417//4285 4530//4398 4419//4287
f 4419//4287 4530//4398 4529//4397
f 4419//4287 4529//4397 4421//4289
f 4421//4289 4529//4397 4528//4396
f 4421//4289 4528//4396 4543//4411
f 4543//4411 4528//4396 3733//3601
f 3674//3542 3673//3541 4544//4412
f 3733//3601 4545//4413 3735//3603
f 3735//3603 4545//4413 4546//4414
f 3735//3603 4546//4414 3728//3596
f 3724//3592 3731//3599 4547//4415
f 4547//4415 3731//3599 4546//4414
f 4546//4414 3731//3599 3729//3597
f 4546//4414 3729//3597 3728//3596
f 3720//3588 3727//3595 4548//4416
f 4548//4416 3727//3595 4547//4415
f 4547//4415 3727//3595 3725//3593
f 4547//4415 3725//3593 3724//3592
f 4549//4417 3716//3584 4550//4418
f 4550//4418 3716//3584 3717//3585
f 4550//4418 3717//3585 3719//3587
f 3719//3587 3723//3591 4550//4418
f 4550//4418 3723//3591 4548//4416
f 4548//4416 3723//3591 3721//3589
f 4548//4416 3721//3589 3720//3588
f 3712//3580 4551//4419 3713//3581
f 3713//3581 4551//4419 4552//4420
f 3713//3581 4552//4420 3708//3576
f 3712//3580 3710//3578 4551//4419
f 4551//4419 3710//3578 3709//3577
f 4551//4419 3709//3577 4549//4417
f 4549//4417 3709//3577 3714//3582
f 4549//4417 3714//3582 3716//3584
f 3702//3570 4553//4421 4554//4422
f 3701//3569 3702//3570 4554//4422
f 3701//3569 4554//4422 3699//3567
f 3702//3570 3704//3572 4553//4421
f 4553//4421 3704//3572 3705//3573
f 4553//4421 3705//3573 4552//4420
f 4552//4420 3705//3573 3706//3574
f 4552//4420 3706//3574 3708//3576
f 3695//3563 4555//4423 3691//3559
f 3691//3559 4555//4423 4556//4424
f 3691//3559 4556//4424 3692//3560
f 3695//3563 3697//3565 4555//4423
f 4555//4423 3697//3565 4554//4422
f 4554//4422 3697//3565 3700//3568
f 4554//4422 3700//3568 3699//3567
f 3689//3557 3694//3562 4557//4425
f 4557//4425 3694//3562 4556//4424
f 4556//4424 3694//3562 3693//3561
f 4556//4424 3693//3561 3692//3560
f 3685//3553 4558//4426 3686//3554
f 3686//3554 4558//4426 4559//4427
f 3686//3554 4559//4427 3681//3549
f 3685//3553 3683//3551 4558//4426
f 4558//4426 3683//3551 3682//3550
f 4558//4426 3682//3550 4557//4425
f 4557//4425 3682//3550 3687//3555
f 4557//4425 3687//3555 3689//3557
f 4544//4412 3673//3541 4559//4427
f 4559//4427 3673//3541 3679//3547
f 4559//4427 3679//3547 3681//3549
f 3674//3542 4544//4412 3676//3544
f 3676//3544 4544//4412 4560//4428
f 3676//3544 4560//4428 3677//3545
f 3677//3545 4560//4428 3678//3546
f 3678//3546 4560//4428 4561//4429
f 3678//3546 4561//4429 3669//3537
f 3671//3539 3670//3538 4562//4430
f 4562//4430 3670//3538 3665//3533
f 4562//4430 3665//3533 4561//4429
f 4561//4429 3665//3533 3667//3535
f 4561//4429 3667//3535 3669//3537
f 3664//3532 3662//3530 4563//4431
f 4563//4431 3662//3530 3661//3529
f 4563//4431 3661//3529 4562//4430
f 4562//4430 3661//3529 3671//3539
f 4564//4432 3619//3487 3618//3486
f 4564//4432 3618//3486 4563//4431
f 4563//4431 3618//3486 3664//3532
f 3619//3487 4564//4432 3656//3524
f 3656//3524 4564//4432 4565//4433
f 3656//3524 4565//4433 3657//3525
f 3622//3490 3621//3489 4566//4434
f 3621//3489 3660//3528 4566//4434
f 4566//4434 3660//3528 3659//3527
f 4566//4434 3659//3527 4565//4433
f 4565//4433 3659//3527 3657//3525
f 3655//3523 3653//3521 4567//4435
f 4567//4435 3653//3521 3652//3520
f 4567//4435 3652//3520 4566//4434
f 4566//4434 3652//3520 3622//3490
f 3651//3519 3649//3517 4568//4436
f 4568//4436 3649//3517 3648//3516
f 4568//4436 3648//3516 4567//4435
f 4567//4435 3648//3516 3655//3523
f 3647//3515 3645//3513 4569//4437
f 4569//4437 3645//3513 3644//3512
f 4569//4437 3644//3512 4568//4436
f 4568//4436 3644//3512 3651//3519
f 3643//3511 3641//3509 4570//4438
f 4570//4438 3641//3509 3640//3508
f 4570//4438 3640//3508 4569//4437
f 4569//4437 3640//3508 3647//3515
f 3639//3507 3637//3505 4571//4439
f 4571//4439 3637//3505 3636//3504
f 4571//4439 3636//3504 4570//4438
f 4570//4438 3636//3504 3643//3511
f 3635//3503 3633//3501 4572//4440
f 4572//4440 3633//3501 3632//3500
f 4572//4440 3632//3500 4571//4439
f 4571//4439 3632//3500 3639//3507
f 4573//4441 3625//3493 3624//3492
f 4573//4441 3624//3492 4572//4440
f 4572//4440 3624//3492 3635//3503
f 3625//3493 4573//4441 3631//3499
f 3631//3499 4573//4441 4574//4442
f 3631//3499 4574//4442 3784//3652
f 4575//4443 3628//3496 4574//4442
f 4574//4442 3628//3496 3627//3495
f 4574//4442 3627//3495 3784//3652
f 4375//4243 4342//4210 4576//4444
f 4576//4444 4342//4210 4577//4445
f 4578//4446 3864//3732 4579//4447
f 4579//4447 3864//3732 3863//3731
f 4579//4447 3863//3731 4576//4444
f 4576//4444 3863//3731 4374//4242
f 4576//4444 4374//4242 4375//4243
f 4580//4448 3860//3728 4578//4446
f 4578//4446 3860//3728 3859//3727
f 4578//4446 3859//3727 3864//3732
f 4581//4449 3856//3724 4580//4448
f 4580//4448 3856//3724 3855//3723
f 4580//4448 3855//3723 3860//3728
f 4582//4450 4542//4410 4581//4449
f 4581//4449 4542//4410 4394//4262
f 4581//4449 4394//4262 3856//3724
f 4583//4451 3851//3719 4582//4450
f 4582//4450 3851//3719 3850//3718
f 4582//4450 3850//3718 4542//4410
f 4584//4452 3847//3715 4583//4451
f 4583//4451 3847//3715 3846//3714
f 4583//4451 3846//3714 3851//3719
f 4585//4453 4492//4360 4584//4452
f 4584//4452 4492//4360 4504//4372
f 4584//4452 4504//4372 3847//3715
f 4586//4454 3842//3710 4585//4453
f 4585//4453 3842//3710 3841//3709
f 4585//4453 3841//3709 4492//4360
f 4587//4455 4464//4332 4586//4454
f 4586//4454 4464//4332 4473//4341
f 4586//4454 4473//4341 3842//3710
f 4588//4456 4449//4317 4587//4455
f 4587//4455 4449//4317 4456//4324
f 4587//4455 4456//4324 4464//4332
f 4589//4457 3836//3704 4588//4456
f 4588//4456 3836//3704 3835//3703
f 4588//4456 3835//3703 4449//4317
f 3733//3601 4440//4308 4545//4413
f 4545//4413 4440//4308 4393//4261
f 4545//4413 4393//4261 4589//4457
f 4589//4457 4393//4261 4392//4260
f 4589//4457 4392//4260 3836//3704
f 4590//4458 4081//3949 4575//4443
f 4575//4443 4081//3949 3910//3778
f 4575//4443 3910//3778 3628//3496
f 4591//4459 3913//3781 4590//4458
f 4590//4458 3913//3781 4080//3948
f 4590//4458 4080//3948 4081//3949
f 4592//4460 3903//3771 4591//4459
f 4591//4459 3903//3771 3902//3770
f 4591//4459 3902//3770 3913//3781
f 4593//4461 4113//3981 4592//4460
f 4592//4460 4113//3981 4097//3965
f 4592//4460 4097//3965 3903//3771
f 4594//4462 3899//3767 4593//4461
f 4593//4461 3899//3767 3898//3766
f 4593//4461 3898//3766 4113//3981
f 4595//4463 3896//3764 4594//4462
f 4594//4462 3896//3764 3895//3763
f 4594//4462 3895//3763 3899//3767
f 4596//4464 4174//4042 4595//4463
f 4595//4463 4174//4042 4158//4026
f 4595//4463 4158//4026 3896//3764
f 4597//4465 3891//3759 4596//4464
f 4596//4464 3891//3759 3890//3758
f 4596//4464 3890//3758 4174//4042
f 4598//4466 3887//3755 4597//4465
f 4597//4465 3887//3755 3886//3754
f 4597//4465 3886//3754 3891//3759
f 4599//4467 4235//4103 4598//4466
f 4598//4466 4235//4103 4219//4087
f 4598//4466 4219//4087 3887//3755
f 4600//4468 3882//3750 4599//4467
f 4599//4467 3882//3750 3881//3749
f 4599//4467 3881//3749 4235//4103
f 4601//4469 3878//3746 4600//4468
f 4600//4468 3878//3746 3877//3745
f 4600//4468 3877//3745 3882//3750
f 4602//4470 4297//4165 4601//4469
f 4601//4469 4297//4165 4280//4148
f 4601//4469 4280//4148 3878//3746
f 4342//4210 3869//3737 4577//4445
f 4577//4445 3869//3737 3868//3736
f 4577//4445 3868//3736 4603//4471
f 4603//4471 3868//3736 3873//3741
f 4603//4471 3873//3741 4602//4470
f 4602//4470 3873//3741 3872//3740
f 4602//4470 3872//3740 4297//4165
f 3457//3325 3827//3695 3456//3324
f 3456//3324 3827//3695 3737//3605
f 3456//3324 3737//3605 3496//3364
f 3459//3327 3817//3685 3458//3326
f 3458//3326 3817//3685 3820//3688
f 3458//3326 3820//3688 3457//3325
f 3457//3325 3820//3688 3822//3690
f 3457//3325 3822//3690 3827//3695
f 3461//3329 3807//3675 3460//3328
f 3460//3328 3807//3675 3809//3677
f 3460//3328 3809//3677 3459//3327
f 3459//3327 3809//3677 3814//3682
f 3459//3327 3814//3682 3817//3685
f 3474//3342 3620//3488 3473//3341
f 3473//3341 3620//3488 3658//3526
f 3473//3341 3658//3526 3472//3340
f 3476//3344 3668//3536 3475//3343
f 3475//3343 3668//3536 3666//3534
f 3475//3343 3666//3534 3474//3342
f 3474//3342 3666//3534 3663//3531
f 3474//3342 3663//3531 3620//3488
f 3487//3355 3730//3598 3486//3354
f 3486//3354 3730//3598 3726//3594
f 3486//3354 3726//3594 3485//3353
f 3485//3353 3726//3594 3722//3590
f 3485//3353 3722//3590 3484//3352
f 3494//3362 3752//3620 3493//3361
f 3493//3361 3752//3620 3755//3623
f 3493//3361 3755//3623 3492//3360
f 3463//3331 3796//3664 3462//3330
f 3462//3330 3796//3664 3801//3669
f 3462//3330 3801//3669 3461//3329
f 3461//3329 3801//3669 3804//3672
f 3461//3329 3804//3672 3807//3675
f 3467//3335 3630//3498 3466//3334
f 3466//3334 3630//3498 3617//3485
f 3466//3334 3617//3485 3465//3333
f 3478//3346 3680//3548 3477//3345
f 3477//3345 3680//3548 3672//3540
f 3477//3345 3672//3540 3476//3344
f 3476//3344 3672//3540 3675//3543
f 3476//3344 3675//3543 3668//3536
f 3480//3348 3690//3558 3479//3347
f 3479//3347 3690//3558 3688//3556
f 3479//3347 3688//3556 3478//3346
f 3478//3346 3688//3556 3684//3552
f 3478//3346 3684//3552 3680//3548
f 3482//3350 3703//3571 3481//3349
f 3481//3349 3703//3571 3698//3566
f 3481//3349 3698//3566 3480//3348
f 3480//3348 3698//3566 3696//3564
f 3480//3348 3696//3564 3690//3558
f 3722//3590 3718//3586 3484//3352
f 3484//3352 3718//3586 3715//3583
f 3484//3352 3715//3583 3483//3351
f 3483//3351 3715//3583 3711//3579
f 3483//3351 3711//3579 3482//3350
f 3482//3350 3711//3579 3707//3575
f 3482//3350 3707//3575 3703//3571
f 3490//3358 3771//3639 3489//3357
f 3489//3357 3771//3639 3776//3644
f 3489//3357 3776//3644 3488//3356
f 3488//3356 3776//3644 3778//3646
f 3488//3356 3778//3646 3487//3355
f 3487//3355 3778//3646 3734//3602
f 3487//3355 3734//3602 3730//3598
f 3737//3605 3736//3604 3496//3364
f 3496//3364 3736//3604 3740//3608
f 3496//3364 3740//3608 3495//3363
f 3495//3363 3740//3608 3745//3613
f 3495//3363 3745//3613 3494//3362
f 3494//3362 3745//3613 3747//3615
f 3494//3362 3747//3615 3752//3620
f 3617//3485 3616//3484 3465//3333
f 3465//3333 3616//3484 3785//3653
f 3465//3333 3785//3653 3464//3332
f 3464//3332 3785//3653 3790//3658
f 3464//3332 3790//3658 3463//3331
f 3463//3331 3790//3658 3792//3660
f 3463//3331 3792//3660 3796//3664
f 3658//3526 3623//3491 3472//3340
f 3472//3340 3623//3491 3654//3522
f 3472//3340 3654//3522 3471//3339
f 3471//3339 3654//3522 3650//3518
f 3471//3339 3650//3518 3470//3338
f 3470//3338 3650//3518 3646//3514
f 3470//3338 3646//3514 3469//3337
f 3646//3514 3642//3510 3469//3337
f 3469//3337 3642//3510 3638//3506
f 3469//3337 3638//3506 3468//3336
f 3468//3336 3638//3506 3634//3502
f 3468//3336 3634//3502 3467//3335
f 3467//3335 3634//3502 3626//3494
f 3467//3335 3626//3494 3630//3498
f 3755//3623 3757//3625 3492//3360
f 3492//3360 3757//3625 3762//3630
f 3492//3360 3762//3630 3491//3359
f 3491//3359 3762//3630 3764//3632
f 3491//3359 3764//3632 3490//3358
f 3490//3358 3764//3632 3769//3637
f 3490//3358 3769//3637 3771//3639
f 4604//4472 4602//4470 4605//4473
f 4605//4473 4602//4470 4601//4469
f 4605//4473 4601//4469 4606//4474
f 4607//4475 4548//4416 4608//4476
f 4608//4476 4548//4416 4547//4415
f 4608//4476 4547//4415 4609//4477
f 4609//4477 4547//4415 4546//4414
f 4609//4477 4546//4414 4610//4478
f 4611//4479 4551//4419 4612//4480
f 4612//4480 4551//4419 4549//4417
f 4612//4480 4549//4417 4607//4475
f 4607//4475 4549//4417 4550//4418
f 4607//4475 4550//4418 4548//4416
f 4613//4481 4577//4445 4604//4472
f 4604//4472 4577//4445 4603//4471
f 4604//4472 4603//4471 4602//4470
f 4614//4482 4578//4446 4615//4483
f 4615//4483 4578//4446 4579//4447
f 4615//4483 4579//4447 4613//4481
f 4613//4481 4579//4447 4576//4444
f 4613//4481 4576//4444 4577//4445
f 4616//4484 4586//4454 4617//4485
f 4617//4485 4586//4454 4585//4453
f 4617//4485 4585//4453 4618//4486
f 4618//4486 4585//4453 4584//4452
f 4618//4486 4584//4452 4619//4487
f 4620//4488 4554//4422 4621//4489
f 4621//4489 4554//4422 4553//4421
f 4621//4489 4553//4421 4611//4479
f 4611//4479 4553//4421 4552//4420
f 4611//4479 4552//4420 4551//4419
f 4622//4490 4565//4433 4623//4491
f 4623//4491 4565//4433 4564//4432
f 4623//4491 4564//4432 4624//4492
f 4601//4469 4600//4468 4606//4474
f 4606//4474 4600//4468 4599//4467
f 4606//4474 4599//4467 4625//4493
f 4625//4493 4599//4467 4598//4466
f 4625//4493 4598//4466 4626//4494
f 4584//4452 4583//4451 4619//4487
f 4619//4487 4583//4451 4582//4450
f 4619//4487 4582//4450 4627//4495
f 4627//4495 4582//4450 4581//4449
f 4627//4495 4581//4449 4614//4482
f 4614//4482 4581//4449 4580//4448
f 4614//4482 4580//4448 4578//4446
f 4546//4414 4545//4413 4610//4478
f 4610//4478 4545//4413 4589//4457
f 4610//4478 4589//4457 4628//4496
f 4628//4496 4589//4457 4588//4456
f 4628//4496 4588//4456 4616//4484
f 4616//4484 4588//4456 4587//4455
f 4616//4484 4587//4455 4586//4454
f 4629//4497 4544//4412 4630//4498
f 4630//4498 4544//4412 4559//4427
f 4630//4498 4559//4427 4631//4499
f 4559//4427 4558//4426 4631//4499
f 4631//4499 4558//4426 4557//4425
f 4631//4499 4557//4425 4632//4500
f 4632//4500 4557//4425 4556//4424
f 4632//4500 4556//4424 4620//4488
f 4620//4488 4556//4424 4555//4423
f 4620//4488 4555//4423 4554//4422
f 4564//4432 4563//4431 4624//4492
f 4624//4492 4563//4431 4562//4430
f 4624//4492 4562//4430 4633//4501
f 4633//4501 4562//4430 4561//4429
f 4633//4501 4561//4429 4629//4497
f 4629//4497 4561//4429 4560//4428
f 4629//4497 4560//4428 4544//4412
f 4634//4502 4592//4460 4635//4503
f 4635//4503 4592//4460 4591//4459
f 4635//4503 4591//4459 4636//4504
f 4598//4466 4597//4465 4626//4494
f 4626//4494 4597//4465 4596//4464
f 4626//4494 4596//4464 4637//4505
f 4637//4505 4596//4464 4595//4463
f 4637//4505 4595//4463 4638//4506
f 4638//4506 4595//4463 4594//4462
f 4638//4506 4594//4462 4634//4502
f 4634//4502 4594//4462 4593//4461
f 4634//4502 4593//4461 4592//4460
f 4639//4507 4569//4437 4640//4508
f 4640//4508 4569//4437 4568//4436
f 4640//4508 4568//4436 4641//4509
f 4641//4509 4568//4436 4567//4435
f 4641//4509 4567//4435 4622//4490
f 4622//4490 4567//4435 4566//4434
f 4622//4490 4566//4434 4565//4433
f 4591//4459 4590//4458 4636//4504
f 4636//4504 4590//4458 4575//4443
f 4636//4504 4575//4443 4642//4510
f 4575//4443 4574//4442 4642//4510
f 4642//4510 4574//4442 4573//4441
f 4642//4510 4573//4441 4643//4511
f 4643//4511 4573//4441 4572//4440
f 4643//4511 4572//4440 4644//4512
f 4644//4512 4572//4440 4571//4439
f 4644//4512 4571//4439 4639//4507
f 4639//4507 4571//4439 4570//4438
f 4639//4507 4570//4438 4569//4437
f 4645//4513 3604//3472 4646//4514
f 4646//4514 3604//3472 3591//3459
f 4646//4514 3591//3459 4647//4515
f 4647//4515 3591//3459 3589//3457
f 4647//4515 3589//3457 4648//4516
f 4648//4516 3589//3457 3585//3453
f 4648//4516 3585//3453 4649//4517
f 4649//4517 3585//3453 3581//3449
f 4649//4517 3581//3449 4650//4518
f 4650//4518 3581//3449 3577//3445
f 4650//4518 3577//3445 4651//4519
f 4651//4519 3577//3445 3573//3441
f 4651//4519 3573//3441 4652//4520
f 4653//4521 3499//3367 4654//4522
f 4654//4522 3499//3367 3500//3368
f 4654//4522 3500//3368 4655//4523
f 4655//4523 3500//3368 3603//3471
f 4655//4523 3603//3471 4656//4524
f 4656//4524 3603//3471 3602//3470
f 4656//4524 3602//3470 4657//4525
f 4657//4525 3602//3470 3601//3469
f 4657//4525 3601//3469 4658//4526
f 4658//4526 3601//3469 3600//3468
f 4658//4526 3600//3468 4659//4527
f 4660//4528 3610//3478 4661//4529
f 4661//4529 3610//3478 3609//3477
f 4661//4529 3609//3477 4662//4530
f 4662//4530 3609//3477 3608//3476
f 4662//4530 3608//3476 4663//4531
f 4663//4531 3608//3476 3607//3475
f 4663//4531 3607//3475 4664//4532
f 4664//4532 3607//3475 3606//3474
f 4664//4532 3606//3474 4645//4513
f 4645//4513 3606//3474 3605//3473
f 4645//4513 3605//3473 3604//3472
f 3600//3468 3599//3467 4659//4527
f 4659//4527 3599//3467 3598//3466
f 4659//4527 3598//3466 4665//4533
f 4665//4533 3598//3466 3597//3465
f 4665//4533 3597//3465 4666//4534
f 4666//4534 3597//3465 3596//3464
f 4666//4534 3596//3464 4667//4535
f 4667//4535 3596//3464 3595//3463
f 4667//4535 3595//3463 4668//4536
f 4668//4536 3595//3463 3594//3462
f 4668//4536 3594//3462 4669//4537
f 3573//3441 3569//3437 4652//4520
f 4652//4520 3569//3437 3566//3434
f 4652//4520 3566//3434 4670//4538
f 4670//4538 3566//3434 3563//3431
f 4670//4538 3563//3431 4671//4539
f 4671//4539 3563//3431 3559//3427
f 4671//4539 3559//3427 4672//4540
f 4673//4541 3533//3401 4674//4542
f 4674//4542 3533//3401 3525//3393
f 4674//4542 3525//3393 4675//4543
f 3525//3393 3527//3395 4675//4543
f 4675//4543 3527//3395 3518//3386
f 4675//4543 3518//3386 4676//4544
f 4676//4544 3518//3386 3520//3388
f 4676//4544 3520//3388 4677//4545
f 4677//4545 3520//3388 3511//3379
f 4677//4545 3511//3379 4678//4546
f 4678//4546 3511//3379 3513//3381
f 4678//4546 3513//3381 4679//4547
f 4679//4547 3513//3381 3509//3377
f 4679//4547 3509//3377 4653//4521
f 4653//4521 3509//3377 3505//3373
f 4653//4521 3505//3373 3499//3367
f 3594//3462 3593//3461 4669//4537
f 4669//4537 3593//3461 3592//3460
f 4669//4537 3592//3460 4680//4548
f 4680//4548 3592//3460 3614//3482
f 4680//4548 3614//3482 4681//4549
f 4681//4549 3614//3482 3613//3481
f 4681//4549 3613//3481 4682//4550
f 4682//4550 3613//3481 3611//3479
f 4682//4550 3611//3479 4660//4528
f 4660//4528 3611//3479 3612//3480
f 4660//4528 3612//3480 3610//3478
f 3559//3427 3556//3424 4672//4540
f 4672//4540 3556//3424 3552//3420
f 4672//4540 3552//3420 4683//4551
f 4683//4551 3552//3420 3548//3416
f 4683//4551 3548//3416 4684//4552
f 4684//4552 3548//3416 3544//3412
f 4684//4552 3544//3412 4685//4553
f 4685//4553 3544//3412 3535//3403
f 4685//4553 3535//3403 4673//4541
f 4673//4541 3535//3403 3537//3405
f 4673//4541 3537//3405 3533//3401
f 4629//4497 4684//4552 4633//4501
f 4633//4501 4684//4552 4685//4553
f 4633//4501 4685//4553 4624//4492
f 4624//4492 4685//4553 4673//4541
f 4624//4492 4673//4541 4623//4491
f 4623//4491 4673//4541 4674//4542
f 4623//4491 4674//4542 4622//4490
f 4622//4490 4674//4542 4675//4543
f 4622//4490 4675//4543 4641//4509
f 4641//4509 4675//4543 4676//4544
f 4641//4509 4676//4544 4640//4508
f 4640//4508 4676//4544 4677//4545
f 4640//4508 4677//4545 4639//4507
f 4639//4507 4677//4545 4678//4546
f 4639//4507 4678//4546 4644//4512
f 4644//4512 4678//4546 4679//4547
f 4644//4512 4679//4547 4643//4511
f 4643//4511 4679//4547 4653//4521
f 4643//4511 4653//4521 4642//4510
f 4642//4510 4653//4521 4654//4522
f 4642//4510 4654//4522 4636//4504
f 4636//4504 4654//4522 4655//4523
f 4636//4504 4655//4523 4635//4503
f 4635//4503 4655//4523 4656//4524
f 4635//4503 4656//4524 4634//4502
f 4634//4502 4656//4524 4657//4525
f 4634//4502 4657//4525 4638//4506
f 4638//4506 4657//4525 4658//4526
f 4638//4506 4658//4526 4637//4505
f 4637//4505 4658//4526 4659//4527
f 4637//4505 4659//4527 4626//4494
f 4626//4494 4659//4527 4665//4533
f 4626//4494 4665//4533 4625//4493
f 4625//4493 4665//4533 4666//4534
f 4625//4493 4666//4534 4606//4474
f 4606//4474 4666//4534 4667//4535
f 4606//4474 4667//4535 4605//4473
f 4605//4473 4667//4535 4668//4536
f 4605//4473 4668//4536 4604//4472
f 4604//4472 4668//4536 4669//4537
f 4604//4472 4669//4537 4613//4481
f 4613//4481 4669//4537 4680//4548
f 4613//4481 4680//4548 4615//4483
f 4615//4483 4680//4548 4681//4549
f 4615//4483 4681//4549 4614//4482
f 4614//4482 4681//4549 4682//4550
f 4614//4482 4682//4550 4627//4495
f 4627//4495 4682//4550 4660//4528
f 4627//4495 4660//4528 4619//4487
f 4619//4487 4660//4528 4661//4529
f 4619//4487 4661//4529 4618//4486
f 4618//4486 4661//4529 4662//4530
f 4618//4486 4662//4530 4617//4485
f 4617//4485 4662//4530 4663//4531
f 4617//4485 4663//4531 4616//4484
f 4616//4484 4663//4531 4664//4532
f 4616//4484 4664//4532 4628//4496
f 4628//4496 4664//4532 4645//4513
f 4628//4496 4645//4513 4610//4478
f 4610//4478 4645//4513 4646//4514
f 4610//4478 4646//4514 4609//4477
f 4609//4477 4646//4514 4647//4515
f 4609//4477 4647//4515 4608//4476
f 4608//4476 4647//4515 4648//4516
f 4608//4476 4648//4516 4607//4475
f 4607//4475 4648//4516 4649//4517
f 4607//4475 4649//4517 4612//4480
f 4612//4480 4649//4517 4650//4518
f 4612//4480 4650//4518 4611//4479
f 4611//4479 4650//4518 4651//4519
f 4611//4479 4651//4519 4621//4489
f 4621//4489 4651//4519 4652//4520
f 4621//4489 4652//4520 4620//4488
f 4620//4488 4652//4520 4670//4538
f 4620//4488 4670//4538 4632//4500
f 4632//4500 4670//4538 4671//4539
f 4632//4500 4671//4539 4631//4499
f 4631//4499 4671//4539 4672//4540
f 4631//4499 4672//4540 4630//4498
f 4630//4498 4672//4540 4683//4551
f 4630//4498 4683//4551 4629//4497
f 4629//4497 4683//4551 4684//4552
