# Blender v3.6.0 OBJ File: ''
# www.blender.org
mtllib Line_1015.mtl
o Line_1015
v -539.882141 1832.000000 -256.560089
v -443.340698 1834.257446 -282.632782
v -539.933289 1834.257446 -256.750885
v -443.492462 1836.446289 -283.199280
v -540.085083 1836.446289 -257.317383
v -443.740326 1838.500000 -284.124329
v -540.332886 1838.500000 -258.242432
v -444.076752 1840.356201 -285.379791
v -540.669312 1840.356201 -259.497894
v -444.491486 1841.958496 -286.927521
v -541.084045 1841.958496 -261.045624
v -444.971893 1843.258423 -288.720520
v -541.564453 1843.258423 -262.838623
v -445.503448 1844.215942 -290.704285
v -542.096008 1844.215942 -264.822357
v -446.069946 1844.802490 -292.818542
v -542.662537 1844.802490 -266.936615
v -446.654236 1845.000000 -294.999023
v -543.246826 1845.000000 -269.117157
v -447.238464 1844.802490 -297.179535
v -543.831055 1844.802490 -271.297638
v -447.804993 1844.215942 -299.293793
v -544.397583 1844.215942 -273.411896
v -448.336548 1843.258423 -301.277557
v -544.929138 1843.258423 -275.395660
v -448.816986 1841.958496 -303.070557
v -545.409546 1841.958496 -277.188629
v -449.231689 1840.356201 -304.618286
v -545.824280 1840.356201 -278.736389
v -449.568085 1838.500000 -305.873749
v -546.160706 1838.500000 -279.991821
v -449.815948 1836.446289 -306.798798
v -546.408508 1836.446289 -280.916901
v -449.967743 1834.257446 -307.365295
v -546.560364 1834.257446 -281.483398
v -450.018860 1832.000000 -307.556061
v -546.611450 1832.000000 -281.674164
v -449.967743 1829.742554 -307.365295
v -546.560364 1829.742554 -281.483398
v -449.815948 1827.553711 -306.798798
v -546.408508 1827.553711 -280.916901
v -449.568085 1825.500000 -305.873749
v -546.160706 1825.500000 -279.991821
v -449.231689 1823.643799 -304.618286
v -545.824280 1823.643799 -278.736389
v -448.816986 1822.041382 -303.070557
v -545.409546 1822.041382 -277.188629
v -448.336548 1820.741699 -301.277557
v -544.929138 1820.741699 -275.395660
v -447.804993 1819.784058 -299.293793
v -544.397583 1819.784058 -273.411896
v -447.238464 1819.197510 -297.179535
v -543.831055 1819.197510 -271.297638
v -446.654236 1819.000000 -294.999023
v -543.246826 1819.000000 -269.117157
v -446.069946 1819.197510 -292.818542
v -542.662537 1819.197510 -266.936615
v -445.503448 1819.784058 -290.704285
v -542.096008 1819.784058 -264.822357
v -444.971893 1820.741699 -288.720520
v -541.564453 1820.741699 -262.838623
v -444.491486 1822.041382 -286.927521
v -541.084045 1822.041382 -261.045624
v -444.076752 1823.643799 -285.379791
v -540.669312 1823.643799 -259.497894
v -443.740326 1825.500000 -284.124329
v -540.332886 1825.500000 -258.242432
v -443.492462 1827.553711 -283.199280
v -540.085083 1827.553711 -257.317383
v -443.340698 1829.742554 -282.632782
v -539.933289 1829.742554 -256.750885
v -443.289581 1832.000000 -282.442017
v -445.424835 1840.227295 -290.410919
v -445.073761 1839.277344 -289.100616
v -444.770691 1838.106567 -287.969604
v -444.524841 1836.750000 -287.052124
v -444.343719 1835.249146 -286.376160
v -444.232788 1833.649658 -285.962158
v -444.195435 1832.000000 -285.822754
v -444.232788 1830.350342 -285.962158
v -444.343719 1828.750854 -286.376160
v -444.524841 1827.250000 -287.052124
v -444.770691 1825.893555 -287.969604
v -445.073761 1824.722534 -289.100616
v -445.424835 1823.772827 -290.410919
v -445.813263 1823.072876 -291.860565
v -446.227264 1822.644409 -293.405579
v -446.654236 1822.500000 -294.999023
v -447.081177 1822.644409 -296.592468
v -447.495148 1823.072876 -298.137512
v -447.883606 1823.772827 -299.587189
v -448.234680 1824.722534 -300.897461
v -448.537781 1825.893555 -302.028473
v -448.783569 1827.250000 -302.945953
v -448.964722 1828.750854 -303.621948
v -449.075653 1830.350342 -304.035919
v -449.113007 1832.000000 -304.175354
v -449.075653 1833.649658 -304.035919
v -448.964722 1835.249146 -303.621948
v -448.783569 1836.750000 -302.945953
v -448.537781 1838.106567 -302.028473
v -448.234680 1839.277344 -300.897461
v -447.883606 1840.227295 -299.587189
v -447.495148 1840.927124 -298.137512
v -447.081177 1841.355713 -296.592468
v -446.654236 1841.500000 -294.999023
v -446.227264 1841.355713 -293.405579
v -445.813263 1840.927124 -291.860565
v -1024.560059 632.000000 -149.063293
v -1023.952271 632.000000 -152.510101
v -1022.960571 632.000000 -148.634689
v -1021.763428 632.000000 -151.923615
v -1021.459717 632.000000 -147.934860
v -1019.709717 632.000000 -150.965942
v -1020.103210 632.000000 -146.985046
v -1017.853516 632.000000 -149.666183
v -1018.932373 632.000000 -145.814087
v -1016.251099 632.000000 -148.063858
v -1017.982483 632.000000 -144.457611
v -1014.951355 632.000000 -146.207611
v -1017.282593 632.000000 -142.956802
v -1013.993713 632.000000 -144.153885
v -1016.854065 632.000000 -141.357269
v -1013.407227 632.000000 -141.965042
v -1016.709656 632.000000 -139.707611
v -1013.209717 632.000000 -139.707611
v -1016.854065 632.000000 -138.057968
v -1013.407227 632.000000 -137.450195
v -1017.282593 632.000000 -136.458420
v -1013.993713 632.000000 -135.261353
v -1017.982483 632.000000 -134.957611
v -1014.951355 632.000000 -133.207626
v -1018.932373 632.000000 -133.601135
v -1016.251099 632.000000 -131.351379
v -1020.103210 632.000000 -132.430191
v -1017.853516 632.000000 -129.749023
v -1021.459717 632.000000 -131.480362
v -1019.709717 632.000000 -128.449280
v -1022.960571 632.000000 -130.780533
v -1021.763428 632.000000 -127.491608
v -1023.750916 632.000000 -130.531311
v -1022.845032 632.000000 -127.150581
v -1024.560059 632.000000 -130.351944
v -1023.952271 632.000000 -126.905113
v -1026.209717 632.000000 -130.207611
v -1026.209717 632.000000 -126.707611
v -1027.859375 632.000000 -130.351944
v -1028.467163 632.000000 -126.905113
v -1029.458862 632.000000 -130.780533
v -1030.656006 632.000000 -127.491608
v -1030.959717 632.000000 -131.480362
v -1032.709717 632.000000 -128.449280
v -1032.316162 632.000000 -132.430191
v -1034.565918 632.000000 -129.749023
v -1033.487061 632.000000 -133.601135
v -1036.168335 632.000000 -131.351379
v -1034.436890 632.000000 -134.957611
v -1037.468018 632.000000 -133.207626
v -1035.136841 632.000000 -136.458420
v -1038.425659 632.000000 -135.261353
v -1035.565430 632.000000 -138.057968
v -1039.012207 632.000000 -137.450195
v -1035.709717 632.000000 -139.707611
v -1039.209717 632.000000 -139.707611
v -1035.565430 632.000000 -141.357269
v -1039.012207 632.000000 -141.965042
v -1035.136841 632.000000 -142.956802
v -1038.425659 632.000000 -144.153885
v -1034.436890 632.000000 -144.457611
v -1037.468018 632.000000 -146.207611
v -1033.487061 632.000000 -145.814087
v -1036.168335 632.000000 -148.063858
v -1032.316162 632.000000 -146.985046
v -1034.565918 632.000000 -149.666183
v -1030.959717 632.000000 -147.934860
v -1032.709717 632.000000 -150.965942
v -1029.458862 632.000000 -148.634689
v -1030.656006 632.000000 -151.923615
v -1027.859375 632.000000 -149.063293
v -1028.467163 632.000000 -152.510101
v -1026.209717 632.000000 -149.207611
v -1026.209717 632.000000 -152.707611
v -1012.058716 1366.798218 -138.896255
v -1013.259155 1332.000000 -138.574585
v -1013.209717 1332.000000 -139.707611
v -1012.060181 1366.756348 -141.161926
v -1013.407227 1332.000000 -137.450195
v -1012.449890 1366.866455 -136.665253
v -1013.652710 1332.000000 -136.342972
v -1013.993713 1332.000000 -135.261353
v -1013.221741 1366.959229 -134.536728
v -1014.427673 1332.000000 -134.213577
v -1014.951355 1332.000000 -133.207626
v -1014.350769 1367.073364 -132.575333
v -1015.560730 1332.000000 -132.251114
v -1016.251099 1332.000000 -131.351379
v -1015.802734 1367.205811 -130.840652
v -1017.017334 1332.000000 -130.515213
v -1017.853516 1332.000000 -129.749023
v -1017.533630 1367.352417 -129.385422
v -1018.753174 1332.000000 -129.058624
v -1019.709717 1332.000000 -128.449280
v -1019.490723 1367.508545 -128.253845
v -1020.715698 1332.000000 -127.925606
v -1021.763428 1332.000000 -127.491608
v -1021.614563 1367.669556 -127.480301
v -1022.845032 1332.000000 -127.150581
v -1023.952271 1332.000000 -126.905113
v -1023.840576 1367.830688 -127.088295
v -1025.076782 1332.000000 -126.757088
v -1026.209717 1332.000000 -126.707611
v -1026.101196 1367.986816 -127.089737
v -1027.342773 1332.000000 -126.757088
v -1028.467163 1332.000000 -126.905113
v -1028.327881 1368.133301 -127.484589
v -1029.574341 1332.000000 -127.150581
v -1030.656006 1332.000000 -127.491608
v -1030.452637 1368.265747 -128.260834
v -1031.703735 1332.000000 -127.925606
v -1032.709717 1332.000000 -128.449280
v -1032.411255 1368.380127 -129.394913
v -1033.666260 1332.000000 -129.058624
v -1034.565918 1332.000000 -129.749023
v -1034.143799 1368.472656 -130.852371
v -1035.402100 1332.000000 -130.515213
v -1036.168335 1332.000000 -131.351379
v -1035.598022 1368.541138 -132.588898
v -1036.858643 1332.000000 -132.251114
v -1037.468018 1332.000000 -133.207626
v -1036.729736 1368.583008 -134.551727
v -1037.991821 1332.000000 -134.213577
v -1038.425659 1332.000000 -135.261353
v -1037.504150 1368.597046 -136.681259
v -1038.766724 1332.000000 -136.342972
v -1039.012207 1332.000000 -137.450195
v -1037.898193 1368.583008 -138.912750
v -1039.160278 1332.000000 -138.574585
v -1039.209717 1332.000000 -139.707611
v -1037.899658 1368.541138 -141.178421
v -1039.160278 1332.000000 -140.840637
v -1039.012207 1332.000000 -141.965042
v -1037.508545 1368.472656 -143.409409
v -1038.766724 1332.000000 -143.072266
v -1038.425659 1332.000000 -144.153885
v -1036.736694 1368.380127 -145.537949
v -1037.991821 1332.000000 -145.201660
v -1037.468018 1332.000000 -146.207611
v -1035.607544 1368.265747 -147.499344
v -1036.858643 1332.000000 -147.164108
v -1036.168335 1332.000000 -148.063858
v -1034.155640 1368.133301 -149.234009
v -1035.402100 1332.000000 -148.900009
v -1034.565918 1332.000000 -149.666183
v -1032.424683 1367.986816 -150.689240
v -1033.666260 1332.000000 -150.356598
v -1032.709717 1332.000000 -150.965942
v -1030.467651 1367.830688 -151.820816
v -1031.703735 1332.000000 -151.489609
v -1030.656006 1332.000000 -151.923615
v -1028.343750 1367.669556 -152.594376
v -1029.574341 1332.000000 -152.264648
v -1026.117798 1367.508545 -152.986374
v -1023.857117 1367.352417 -152.984940
v -1025.076782 1332.000000 -152.658142
v -1026.209717 1332.000000 -152.707611
v -1027.342773 1332.000000 -152.658142
v -1028.467163 1332.000000 -152.510101
v -1021.630554 1367.205811 -152.590088
v -1019.505737 1367.073364 -151.813828
v -1020.715698 1332.000000 -151.489609
v -1021.763428 1332.000000 -151.923615
v -1022.845032 1332.000000 -152.264648
v -1023.952271 1332.000000 -152.510101
v -1017.547241 1366.959229 -150.679733
v -1015.814514 1366.866455 -149.222305
v -1017.017334 1332.000000 -148.900009
v -1017.853516 1332.000000 -149.666183
v -1018.753174 1332.000000 -150.356598
v -1019.709717 1332.000000 -150.965942
v -1014.360291 1366.798218 -147.485779
v -1013.228638 1366.756348 -145.522919
v -1014.427673 1332.000000 -145.201660
v -1014.951355 1332.000000 -146.207611
v -1015.560730 1332.000000 -147.164108
v -1016.251099 1332.000000 -148.063858
v -1013.259155 1332.000000 -140.840637
v -1013.407227 1332.000000 -141.965042
v -1012.454163 1366.742188 -143.393417
v -1013.652710 1332.000000 -143.072266
v -1013.993713 1332.000000 -144.153885
v -1008.864624 1401.307373 -144.355225
v -1008.469238 1401.335449 -142.124115
v -1008.463379 1401.418945 -139.859604
v -1008.847473 1401.555176 -137.630508
v -1009.609680 1401.740234 -135.504547
v -1010.727051 1401.968262 -133.546310
v -1012.165283 1402.232422 -131.815292
v -1013.881104 1402.524658 -130.364120
v -1015.822083 1402.836182 -129.236862
v -1017.929199 1403.157471 -128.467789
v -1020.138611 1403.478760 -128.080231
v -1022.383240 1403.790283 -128.085999
v -1024.594604 1404.082397 -128.484909
v -1026.705688 1404.346558 -129.264832
v -1028.652466 1404.574585 -130.402069
v -1030.375610 1404.759644 -131.862091
v -1031.822632 1404.895874 -133.600510
v -1032.949951 1404.979370 -135.564499
v -1033.723145 1405.007446 -137.694412
v -1034.118530 1404.979370 -139.925522
v -1034.124268 1404.895874 -142.190018
v -1033.740112 1404.759644 -144.419113
v -1032.977905 1404.574585 -146.545090
v -1031.860718 1404.346558 -148.503311
v -1030.422363 1404.082397 -150.234329
v -1028.706665 1403.790283 -151.685501
v -1026.765747 1403.478760 -152.812759
v -1024.658447 1403.157471 -153.581863
v -1022.449036 1402.836182 -153.969391
v -1020.204529 1402.524658 -153.963638
v -1017.993103 1402.232422 -153.564728
v -1015.882019 1401.968262 -152.784805
v -1013.935181 1401.740234 -151.647552
v -1012.212158 1401.555176 -150.187546
v -1010.764954 1401.418945 -148.449127
v -1009.637695 1401.335449 -146.485123
v -1002.902405 1435.519287 -145.952774
v -1002.504578 1435.561279 -143.722321
v -1002.491577 1435.686035 -141.459747
v -1002.864014 1435.889526 -139.233780
v -1003.610352 1436.165771 -137.112076
v -1004.707947 1436.506348 -135.159103
v -1006.123535 1436.901001 -133.434189
v -1007.814148 1437.337524 -131.989746
v -1009.728333 1437.802734 -130.869675
v -1011.807800 1438.282593 -130.107986
v -1013.989685 1438.762573 -129.727844
v -1016.207336 1439.227783 -129.740784
v -1018.393616 1439.664307 -130.146439
v -1020.482056 1440.058960 -130.932449
v -1022.409180 1440.399536 -132.074951
v -1024.116455 1440.675781 -133.539230
v -1025.551758 1440.879395 -135.280792
v -1026.671875 1441.004028 -137.246719
v -1027.442627 1441.046021 -139.377274
v -1027.840332 1441.004028 -141.607727
v -1027.853394 1440.879395 -143.870316
v -1027.480957 1440.675781 -146.096252
v -1026.734741 1440.399536 -148.217957
v -1025.637085 1440.058960 -150.170959
v -1024.221436 1439.664307 -151.895859
v -1022.530823 1439.227783 -153.340302
v -1020.616638 1438.762573 -154.460388
v -1018.537170 1438.282593 -155.222061
v -1016.355408 1437.802734 -155.602203
v -1014.137634 1437.337524 -155.589249
v -1011.951355 1436.901001 -155.183609
v -1009.862915 1436.506348 -154.397614
v -1007.935852 1436.165771 -153.255112
v -1006.228699 1435.889526 -151.790833
v -1004.793152 1435.686035 -150.049271
v -1003.673096 1435.561279 -148.083344
v -994.597900 1469.203735 -148.177963
v -994.196716 1469.259399 -145.948410
v -994.173767 1469.424561 -143.688522
v -994.529785 1469.694458 -141.466934
v -995.253967 1470.060547 -139.351166
v -996.324280 1470.512085 -137.405518
v -997.708252 1471.035034 -135.689087
v -999.363770 1471.613647 -134.254028
v -1001.240601 1472.230347 -133.143951
v -1003.281738 1472.866333 -132.392563
v -1005.424988 1473.502319 -132.022736
v -1007.605408 1474.118896 -132.045685
v -1009.756714 1474.697632 -132.460709
v -1011.813416 1475.220581 -133.255219
v -1013.713135 1475.671875 -134.405029
v -1015.398254 1476.038086 -135.875259
v -1016.817322 1476.307861 -137.621201
v -1017.927429 1476.473267 -139.589783
v -1018.694763 1476.528809 -141.721252
v -1019.095886 1476.473267 -143.950806
v -1019.118896 1476.307861 -146.210693
v -1018.762817 1476.038086 -148.432281
v -1018.038635 1475.671875 -150.548050
v -1016.968384 1475.220581 -152.493713
v -1015.584351 1474.697632 -154.210129
v -1013.928894 1474.118896 -155.645203
v -1012.052063 1473.502319 -156.755280
v -1010.010986 1472.866333 -157.506638
v -1007.867676 1472.230347 -157.876480
v -1005.687256 1471.613647 -157.853531
v -1003.536011 1471.035034 -157.438507
v -1001.479248 1470.512085 -156.643997
v -999.579468 1470.060547 -155.494186
v -997.894409 1469.694458 -154.023956
v -996.475342 1469.424561 -152.278030
v -995.365234 1469.259399 -150.309433
v -983.993469 1502.189087 -151.019424
v -983.587891 1502.258057 -148.791031
v -983.552246 1502.463013 -146.534546
v -983.887390 1502.797729 -144.318558
v -984.583252 1503.251953 -142.210358
v -985.618713 1503.811890 -140.274063
v -986.962280 1504.460571 -138.568466
v -988.573059 1505.178345 -137.145386
v -990.402222 1505.943237 -136.048080
v -992.394165 1506.732056 -135.309891
v -994.488220 1507.520996 -134.953232
v -996.621033 1508.285889 -134.988953
v -998.727539 1509.003662 -135.415955
v -1000.743896 1509.652222 -136.221268
v -1002.608765 1510.212280 -137.380447
v -1004.265564 1510.666504 -138.858246
v -1005.663757 1511.001099 -140.609772
v -1006.761047 1511.206177 -142.581802
v -1007.524109 1511.275146 -144.714417
v -1007.929565 1511.206177 -146.942810
v -1007.965332 1511.001099 -149.199295
v -1007.630127 1510.666504 -151.415283
v -1006.934265 1510.212280 -153.523453
v -1005.898804 1509.652222 -155.459778
v -1004.555359 1509.003662 -157.165375
v -1002.944458 1508.285889 -158.588455
v -1001.115295 1507.520996 -159.685760
v -999.123413 1506.732056 -160.423950
v -997.029297 1505.943237 -160.780609
v -994.896545 1505.178345 -160.744888
v -992.789978 1504.460571 -160.317886
v -990.773621 1503.811890 -159.512558
v -988.908752 1503.251953 -158.353394
v -987.252075 1502.797729 -156.875580
v -985.853821 1502.463013 -155.124069
v -984.756470 1502.258057 -153.152039
v -971.143005 1534.307129 -154.462677
v -970.732361 1534.389160 -152.235687
v -970.681152 1534.632812 -149.983353
v -970.991028 1535.030640 -147.774124
v -971.652588 1535.570679 -145.675140
v -972.645752 1536.236206 -143.750168
v -973.940308 1537.007324 -142.057678
v -975.496948 1537.860474 -140.649124
v -977.268311 1538.769775 -139.567307
v -979.200684 1539.707520 -138.845062
v -981.235291 1540.645264 -138.504349
v -983.310242 1541.554565 -138.555557
v -985.362610 1542.407715 -138.997086
v -987.329956 1543.178833 -139.815536
v -989.152527 1543.844482 -140.986038
v -990.774963 1544.384399 -142.473022
v -992.148010 1544.782104 -144.231323
v -993.229797 1545.025879 -146.207489
v -993.987610 1545.107910 -148.341507
v -994.398376 1545.025879 -150.568497
v -994.449585 1544.782104 -152.820847
v -994.139587 1544.384399 -155.030060
v -993.478088 1543.844482 -157.129044
v -992.484863 1543.178833 -159.054031
v -991.190308 1542.407715 -160.746521
v -989.633667 1541.554565 -162.155060
v -987.862305 1540.645264 -163.236893
v -985.929993 1539.707520 -163.959137
v -983.895386 1538.769775 -164.299835
v -981.820435 1537.860474 -164.248627
v -979.768066 1537.007324 -163.807098
v -977.800659 1536.236206 -162.988647
v -975.978088 1535.570679 -161.818146
v -974.355652 1535.030640 -160.331161
v -972.982666 1534.632812 -158.572861
v -971.900818 1534.389160 -156.596695
v -956.112122 1565.394287 -158.490189
v -955.695312 1565.488892 -156.264832
v -955.626038 1565.770020 -154.017349
v -955.906372 1566.229004 -151.816040
v -956.527832 1566.851807 -149.727814
v -957.471558 1567.619751 -147.816071
v -958.708801 1568.509399 -146.138947
v -960.202026 1569.493652 -144.747375
v -961.905884 1570.542603 -143.683640
v -963.768555 1571.624512 -142.980087
v -965.733459 1572.706299 -142.658051
v -967.740906 1573.755371 -142.727341
v -969.729858 1574.739624 -143.185867
v -971.639954 1575.629272 -144.019669
v -973.413025 1576.397217 -145.203415
v -974.995361 1577.020020 -146.701157
v -976.338806 1577.479004 -148.467377
v -977.402588 1577.760132 -150.448395
v -978.154236 1577.854736 -152.584030
v -978.571045 1577.760132 -154.809402
v -978.640381 1577.479004 -157.056885
v -978.360046 1577.020020 -159.258194
v -977.738586 1576.397217 -161.346436
v -976.794861 1575.629272 -163.258163
v -975.557556 1574.739624 -164.935287
v -974.064331 1573.755371 -166.326843
v -972.360474 1572.706299 -167.390579
v -970.497864 1571.624512 -168.094162
v -968.532898 1570.542603 -168.416183
v -966.525513 1569.493652 -168.346878
v -964.536560 1568.509399 -167.888367
v -962.626465 1567.619751 -167.054565
v -960.853333 1566.851807 -165.870819
v -959.270996 1566.229004 -164.373077
v -957.927612 1565.770020 -162.606873
v -956.863892 1565.488892 -160.625839
v -938.977417 1595.292114 -163.081436
v -938.553650 1595.398926 -160.857925
v -938.463684 1595.715820 -158.615982
v -938.710327 1596.233765 -156.423706
v -939.286072 1596.936401 -154.347717
v -940.173401 1597.802612 -152.451096
v -941.345337 1598.806274 -150.791473
v -942.766357 1599.916626 -149.419266
v -944.393188 1601.099976 -148.376160
v -946.176392 1602.320435 -147.693893
v -948.061890 1603.540894 -147.393143
v -949.992310 1604.724243 -147.483063
v -951.908997 1605.834595 -147.960953
v -953.753784 1606.838135 -148.812256
v -955.470520 1607.704346 -150.011108
v -957.007080 1608.407104 -151.521103
v -958.316833 1608.924805 -153.296341
v -959.359924 1609.241943 -155.282883
v -960.104675 1609.348755 -157.420395
v -960.528503 1609.241943 -159.643906
v -960.618408 1608.924805 -161.885864
v -960.371765 1608.407104 -164.078125
v -959.796021 1607.704346 -166.154114
v -958.908752 1606.838135 -168.050735
v -957.736755 1605.834595 -169.710373
v -956.315735 1604.724243 -171.082565
v -954.688965 1603.540894 -172.125671
v -952.905701 1602.320435 -172.807953
v -951.020264 1601.099976 -173.108704
v -949.089844 1599.916626 -173.018768
v -947.173096 1598.806274 -172.540894
v -945.328369 1597.802612 -171.689590
v -943.611572 1596.936401 -170.490723
v -942.075012 1596.233765 -168.980728
v -940.765259 1595.715820 -167.205490
v -939.722168 1595.398926 -165.218948
v -919.826111 1623.848145 -168.213013
v -919.394531 1623.966553 -165.991592
v -919.281555 1624.317993 -163.755814
v -919.490601 1624.891968 -161.573639
v -920.015137 1625.670898 -159.511337
v -920.839478 1626.631104 -157.631607
v -921.938416 1627.743530 -155.991547
v -923.278687 1628.974365 -154.640976
v -924.819397 1630.286011 -153.620941
v -926.513916 1631.638916 -152.962448
v -928.310547 1632.991699 -152.685486
v -930.154907 1634.303345 -152.798477
v -931.990845 1635.534180 -153.297989
v -933.762634 1636.646484 -154.168854
v -935.416382 1637.606689 -155.384598
v -936.901855 1638.385620 -156.908295
v -938.173950 1638.959595 -158.693619
v -939.193970 1639.311035 -160.686340
v -939.930969 1639.429443 -162.825943
v -940.362488 1639.311035 -165.047363
v -940.475525 1638.959595 -167.283127
v -940.266479 1638.385620 -169.465317
v -939.741882 1637.606689 -171.527603
v -938.917603 1636.646484 -173.407349
v -937.818604 1635.534180 -175.047409
v -936.478394 1634.303345 -176.397980
v -934.937683 1632.991699 -177.418015
v -933.243164 1631.638916 -178.076508
v -931.446472 1630.286011 -178.353470
v -929.602173 1628.974365 -178.240479
v -927.766174 1627.743530 -177.740967
v -925.994385 1626.631104 -176.870087
v -924.340637 1625.670898 -175.654358
v -922.855225 1624.891968 -174.130661
v -921.583130 1624.317993 -172.345337
v -920.563110 1623.966553 -170.352600
v -898.755859 1650.917114 -173.858780
v -898.315735 1651.046509 -171.639633
v -898.177368 1651.430664 -169.410660
v -898.344910 1652.057739 -167.239578
v -898.813293 1652.908936 -165.192368
v -899.568298 1653.958252 -163.331192
v -900.586975 1655.173828 -161.712646
v -901.838318 1656.518677 -160.385895
v -903.284363 1657.952026 -159.391235
v -904.881165 1659.430420 -158.758911
v -906.580200 1660.908691 -158.508118
v -908.329834 1662.342041 -158.646500
v -910.076904 1663.687012 -159.169830
v -911.768372 1664.902588 -160.062195
v -913.352783 1665.951904 -161.296524
v -914.782043 1666.802979 -162.835266
v -916.012695 1667.430176 -164.631714
v -917.007324 1667.814209 -166.631241
v -917.735840 1667.943604 -168.773117
v -918.175903 1667.814209 -170.992249
v -918.314270 1667.430176 -173.221237
v -918.146667 1666.802979 -175.392303
v -917.678284 1665.951904 -177.439529
v -916.923340 1664.902588 -179.300690
v -915.904724 1663.687012 -180.919250
v -914.653320 1662.342041 -182.246002
v -913.207275 1660.908691 -183.240646
v -911.610474 1659.430420 -183.872986
v -909.911438 1657.952026 -184.123764
v -908.161743 1656.518677 -183.985397
v -906.414673 1655.173828 -183.462067
v -904.723206 1653.958252 -182.569702
v -903.138794 1652.908936 -181.335373
v -901.709534 1652.057739 -179.796616
v -900.478943 1651.430664 -178.000183
v -899.484253 1651.046509 -176.000656
v -875.873962 1676.360962 -179.989944
v -875.424622 1676.500732 -177.773300
v -875.258667 1676.915405 -175.551712
v -875.381226 1677.592529 -173.392685
v -875.788574 1678.511597 -171.361816
v -876.468262 1679.644531 -169.520844
v -877.399658 1680.957153 -167.925659
v -878.554565 1682.409424 -166.624756
v -879.897766 1683.957153 -165.657654
v -881.388489 1685.553467 -165.053757
v -882.981506 1687.149658 -164.831390
v -884.628296 1688.697388 -164.997314
v -886.278870 1690.149536 -165.546494
v -887.883118 1691.462158 -166.462250
v -889.392273 1692.595093 -167.716721
v -890.760437 1693.514282 -169.271851
v -891.946106 1694.191406 -171.080338
v -892.913147 1694.606201 -173.087250
v -893.632263 1694.745728 -175.231613
v -894.081726 1694.606201 -177.448273
v -894.247620 1694.191406 -179.669861
v -894.125061 1693.514282 -181.828888
v -893.717773 1692.595093 -183.859756
v -893.038025 1691.462158 -185.700729
v -892.106567 1690.149536 -187.295914
v -890.951782 1688.697388 -188.596817
v -889.608582 1687.149658 -189.563919
v -888.117798 1685.553467 -190.167816
v -886.524841 1683.957153 -190.390182
v -884.878052 1682.409424 -190.224258
v -883.227478 1680.957153 -189.675079
v -881.623230 1679.644531 -188.759323
v -880.114075 1678.511597 -187.504837
v -878.745911 1677.592529 -185.949707
v -877.560242 1676.915405 -184.141235
v -876.593201 1676.500732 -182.134308
v -851.297119 1700.050049 -186.575287
v -850.837830 1700.199219 -184.361313
v -850.642273 1700.642578 -182.147659
v -850.716553 1701.366333 -180.001587
v -851.058228 1702.348633 -177.988297
v -851.657104 1703.559570 -176.168976
v -852.494812 1704.962402 -174.598907
v -853.546021 1706.514526 -173.325760
v -854.778748 1708.168701 -172.388275
v -856.155579 1709.874756 -171.814896
v -857.634644 1711.580933 -171.623032
v -859.170959 1713.234985 -171.818573
v -860.717957 1714.787109 -172.395523
v -862.228516 1716.189941 -173.336365
v -863.656738 1717.401001 -174.612534
v -864.959351 1718.383301 -176.185226
v -866.096680 1719.107056 -178.006668
v -867.034119 1719.550293 -180.021515
v -867.743347 1719.699463 -182.168549
v -868.202698 1719.550293 -184.382523
v -868.398254 1719.107056 -186.596191
v -868.323975 1718.383301 -188.742264
v -867.982239 1717.401001 -190.755539
v -867.383423 1716.189941 -192.574860
v -866.545654 1714.787109 -194.144943
v -865.494446 1713.234985 -195.418076
v -864.261658 1711.580933 -196.355576
v -862.884888 1709.874756 -196.928970
v -861.405823 1708.168701 -197.120804
v -859.869568 1706.514526 -196.925262
v -858.322571 1704.962402 -196.348328
v -856.812012 1703.559570 -195.407471
v -855.383728 1702.348633 -194.131317
v -854.081177 1701.366333 -192.558609
v -852.943848 1700.642578 -190.737167
v -852.006287 1700.199219 -188.722321
v -825.150574 1721.863647 -193.581253
v -824.680542 1722.021729 -191.370117
v -824.453613 1722.491211 -189.164886
v -824.476440 1723.257935 -187.032593
v -824.748352 1724.298340 -185.038010
v -825.261108 1725.581055 -183.241745
v -825.999268 1727.067139 -181.698364
v -826.940186 1728.711304 -180.454773
v -828.055420 1730.463501 -179.548767
v -829.311035 1732.270630 -179.007858
v -830.668884 1734.077759 -178.848495
v -832.087708 1735.830078 -179.075516
v -833.524414 1737.474121 -179.682007
v -834.935303 1738.960205 -180.649567
v -836.277527 1740.242798 -181.948761
v -837.510376 1741.283447 -183.540161
v -838.596252 1742.050049 -185.375381
v -839.502258 1742.519531 -187.398666
v -840.200867 1742.677734 -189.548538
v -840.670776 1742.519531 -191.759674
v -840.897827 1742.050049 -193.964905
v -840.875000 1741.283447 -196.097198
v -840.603027 1740.242798 -198.091797
v -840.090210 1738.960205 -199.888046
v -839.352112 1737.474121 -201.431442
v -838.411133 1735.830078 -202.675018
v -837.295959 1734.077759 -203.581039
v -836.040344 1732.270630 -204.121933
v -834.682495 1730.463501 -204.281296
v -833.263672 1728.711304 -204.054276
v -831.826965 1727.067139 -203.447784
v -830.416077 1725.581055 -202.480240
v -829.073853 1724.298340 -201.181030
v -827.841064 1723.257935 -199.589645
v -826.755127 1722.491211 -197.754410
v -825.849121 1722.021729 -195.731140
v -797.567444 1741.690552 -200.972122
v -797.086304 1741.856567 -198.763992
v -796.826050 1742.349976 -196.567673
v -796.794678 1743.155640 -194.449905
v -796.992981 1744.249146 -192.475052
v -797.415039 1745.597046 -190.703094
v -798.047974 1747.158691 -189.187881
v -798.872620 1748.886353 -187.975464
v -799.863892 1750.727661 -187.102676
v -800.991577 1752.626831 -186.596039
v -802.221619 1754.525757 -186.470932
v -803.516418 1756.367188 -186.731155
v -804.836792 1758.094849 -187.368820
v -806.142578 1759.656372 -188.364548
v -807.394104 1761.004395 -189.688065
v -808.553284 1762.097778 -191.299179
v -809.584900 1762.903564 -193.148941
v -810.457703 1763.396851 -195.181137
v -811.145142 1763.562988 -197.334000
v -811.626282 1763.396851 -199.542130
v -811.886475 1762.903564 -201.738464
v -811.917908 1762.097778 -203.856232
v -811.719604 1761.004395 -205.831085
v -811.297546 1759.656372 -207.603043
v -810.664551 1758.094849 -209.118240
v -809.839905 1756.367188 -210.330658
v -808.848694 1754.525757 -211.203461
v -807.720886 1752.626831 -211.710098
v -806.490906 1750.727661 -211.835205
v -805.196045 1748.886353 -211.574966
v -803.875671 1747.158691 -210.937302
v -802.569946 1745.597046 -209.941574
v -801.318481 1744.249146 -208.618057
v -800.159302 1743.155640 -207.006943
v -799.127625 1742.349976 -205.157196
v -798.254822 1741.856567 -203.125000
v -768.688293 1759.429688 -208.710251
v -768.195496 1759.603027 -206.505249
v -767.900452 1760.117798 -204.318253
v -767.812256 1760.958374 -202.215698
v -767.933533 1762.098999 -200.261490
v -768.260559 1763.505493 -198.514999
v -768.783447 1765.134521 -197.029297
v -769.486328 1766.937134 -195.849503
v -770.347778 1768.858154 -195.011490
v -771.341614 1770.839478 -194.540726
v -772.437744 1772.820801 -194.451477
v -773.602783 1774.741943 -194.746490
v -774.801392 1776.544434 -195.416794
v -775.997131 1778.173584 -196.442001
v -777.153564 1779.579834 -197.791000
v -778.235657 1780.720703 -199.422760
v -779.210510 1781.561279 -201.287735
v -780.048523 1782.076050 -203.329239
v -780.724243 1782.249390 -205.485260
v -781.217102 1782.076050 -207.690247
v -781.512085 1781.561279 -209.877258
v -781.600281 1780.720703 -211.979813
v -781.479065 1779.579834 -213.934006
v -781.152039 1778.173584 -215.680511
v -780.629150 1776.544434 -217.166214
v -779.926270 1774.741943 -218.345993
v -779.064819 1772.820801 -219.184006
v -778.070923 1770.839478 -219.654785
v -776.974792 1768.858154 -219.744034
v -775.809753 1766.937134 -219.449020
v -774.611145 1765.134521 -218.778717
v -773.415527 1763.505493 -217.753494
v -772.258972 1762.098999 -216.404510
v -771.176941 1760.958374 -214.772751
v -770.202026 1760.117798 -212.907776
v -769.364075 1759.603027 -210.866272
v -738.660461 1774.990845 -216.756195
v -738.155396 1775.170410 -214.554459
v -737.824280 1775.703857 -212.377151
v -737.677002 1776.575073 -210.290436
v -737.718079 1777.757446 -208.357697
v -737.946350 1779.214844 -206.637665
v -738.354797 1780.903320 -205.182632
v -738.931030 1782.771606 -204.036774
v -739.657532 1784.762573 -203.234924
v -740.512207 1786.816040 -202.801437
v -741.469116 1788.869385 -202.749512
v -742.499207 1790.860474 -203.080673
v -743.571167 1792.728638 -203.784897
v -744.652405 1794.417114 -204.840790
v -745.710083 1795.874634 -206.216248
v -746.712036 1797.056885 -207.869507
v -747.627869 1797.928101 -209.750275
v -748.429688 1798.461548 -211.801483
v -749.093262 1798.641235 -213.960754
v -749.598267 1798.461548 -216.162491
v -749.929443 1797.928101 -218.339798
v -750.076721 1797.056885 -220.426529
v -750.035583 1795.874634 -222.359268
v -749.807373 1794.417114 -224.079285
v -749.398865 1792.728638 -225.534317
v -748.822693 1790.860474 -226.680176
v -748.096191 1788.869385 -227.482040
v -747.241516 1786.816040 -227.915512
v -746.284546 1784.762573 -227.967453
v -745.254456 1782.771606 -227.636276
v -744.182556 1780.903320 -226.932053
v -743.101318 1779.214844 -225.876175
v -742.043640 1777.757446 -224.500702
v -741.041687 1776.575073 -222.847458
v -740.125854 1775.703857 -220.966660
v -739.323975 1775.170410 -218.915482
v -707.636841 1788.294556 -225.068970
v -707.119202 1788.479614 -222.870605
v -706.750671 1789.029175 -220.703308
v -706.542358 1789.926392 -218.632919
v -706.500732 1791.144165 -216.722366
v -706.626892 1792.645508 -215.029709
v -706.917053 1794.384766 -213.606339
v -707.362427 1796.308960 -212.495544
v -707.949524 1798.359741 -211.731064
v -708.660339 1800.474854 -211.336105
v -709.473511 1802.589966 -211.322693
v -710.364136 1804.640747 -211.691223
v -711.305237 1806.565063 -212.430527
v -712.268311 1808.304199 -213.518097
v -713.223877 1809.805542 -214.920914
v -714.143066 1811.023315 -216.596329
v -714.997803 1811.920654 -218.493469
v -715.762329 1812.470215 -220.554672
v -716.413269 1812.655151 -222.717316
v -716.930847 1812.470215 -224.915680
v -717.299377 1811.920654 -227.082977
v -717.507690 1811.023315 -229.153366
v -717.549377 1809.805542 -231.063919
v -717.423218 1808.304199 -232.756592
v -717.133057 1806.565063 -234.179947
v -716.687622 1804.640747 -235.290741
v -716.100586 1802.589966 -236.055222
v -715.389648 1800.474854 -236.450180
v -714.576538 1798.359741 -236.463593
v -713.685913 1796.308960 -236.095062
v -712.744751 1794.384766 -235.355759
v -711.781799 1792.645508 -234.268188
v -710.826233 1791.144165 -232.865372
v -709.907043 1789.926392 -231.189957
v -709.052185 1789.029175 -229.292816
v -708.287720 1788.479614 -227.231613
v -675.775452 1799.273193 -233.606186
v -675.244934 1799.462524 -231.411285
v -674.838013 1800.025391 -229.254257
v -674.567078 1800.944214 -227.200668
v -674.440369 1802.191284 -225.312897
v -674.461731 1803.728760 -223.648331
v -674.630493 1805.509766 -222.257507
v -674.941467 1807.480347 -221.182724
v -675.385315 1809.580444 -220.456604
v -675.948486 1811.746460 -220.101227
v -676.614014 1813.912476 -220.127396
v -677.361450 1816.012573 -220.534302
v -678.168152 1817.983154 -221.309586
v -679.009766 1819.764282 -222.429688
v -679.860474 1821.301758 -223.860596
v -680.694641 1822.548706 -225.558823
v -681.486755 1823.467651 -227.472733
v -682.212891 1824.030396 -229.544220
v -682.850891 1824.219971 -231.710327
v -683.381409 1824.030396 -233.905243
v -683.788330 1823.467651 -236.062256
v -684.059265 1822.548706 -238.115845
v -684.185974 1821.301758 -240.003616
v -684.164673 1819.764282 -241.668198
v -683.995911 1817.983154 -243.059006
v -683.684875 1816.012573 -244.133804
v -683.241028 1813.912476 -244.859924
v -682.677795 1811.746460 -245.215302
v -682.012390 1809.580444 -245.189133
v -681.264954 1807.480347 -244.782227
v -680.458191 1805.509766 -244.006927
v -679.616638 1803.728760 -242.886826
v -678.765869 1802.191284 -241.455933
v -677.931702 1800.944214 -239.757721
v -677.139587 1800.025391 -237.843781
v -676.413452 1799.462524 -235.772293
v -643.238770 1807.870483 -242.324371
v -642.695068 1808.063477 -240.132996
v -642.248901 1808.636597 -237.986481
v -641.914062 1809.572388 -235.950043
v -641.700500 1810.842407 -234.085526
v -641.614746 1812.408203 -232.449631
v -641.659485 1814.221924 -231.092056
v -641.833313 1816.228760 -230.054016
v -642.130920 1818.367554 -229.367096
v -642.543335 1820.573486 -229.052124
v -643.057922 1822.779297 -229.118698
v -643.659119 1824.918091 -229.564804
v -644.328674 1826.924927 -230.376862
v -645.046204 1828.738647 -231.530182
v -645.789917 1830.304443 -232.989777
v -646.537170 1831.574463 -234.711258
v -647.265381 1832.510254 -236.642334
v -647.952332 1833.083374 -238.724319
v -648.577148 1833.276367 -240.893967
v -649.120850 1833.083374 -243.085327
v -649.566956 1832.510254 -245.231857
v -649.901855 1831.574463 -247.268295
v -650.115417 1830.304443 -249.132782
v -650.201172 1828.738647 -250.768692
v -650.156433 1826.924927 -252.126282
v -649.982605 1824.918091 -253.164291
v -649.684937 1822.779297 -253.851242
v -649.272644 1820.573486 -254.166183
v -648.757996 1818.367554 -254.099640
v -648.156738 1816.228760 -253.653534
v -647.487244 1814.221924 -252.841476
v -646.769714 1812.408203 -251.688126
v -646.026001 1810.842407 -250.228561
v -645.278687 1809.572388 -248.507065
v -644.550476 1808.636597 -246.575989
v -643.863586 1808.063477 -244.494003
v -610.192566 1814.043091 -251.179062
v -609.635437 1814.238525 -248.991302
v -609.149536 1814.819092 -246.855438
v -608.749634 1815.766968 -244.836411
v -608.447876 1817.053589 -242.995544
v -608.253418 1818.639526 -241.388779
v -608.172180 1820.476929 -240.064941
v -608.206604 1822.509766 -239.064255
v -608.355774 1824.676270 -238.417114
v -608.614929 1826.910767 -238.143204
v -608.976379 1829.145142 -238.250824
v -609.429077 1831.311646 -238.736725
v -609.959229 1833.344604 -239.586121
v -610.550842 1835.182007 -240.773193
v -611.185791 1836.767944 -242.261917
v -611.844910 1838.054443 -244.007034
v -612.508118 1839.002319 -245.955521
v -613.155273 1839.582886 -248.048172
v -613.766663 1839.778442 -250.221405
v -614.323730 1839.582886 -252.409195
v -614.809631 1839.002319 -254.545029
v -615.209534 1838.054443 -256.564087
v -615.511292 1836.767944 -258.404938
v -615.705750 1835.182007 -260.011688
v -615.786987 1833.344604 -261.335510
v -615.752502 1831.311646 -262.336212
v -615.603455 1829.145142 -262.983337
v -615.344238 1826.910767 -263.257263
v -614.982788 1824.676270 -263.149658
v -614.530090 1822.509766 -262.663788
v -613.999878 1820.476929 -261.814392
v -613.408386 1818.639526 -260.627258
v -612.773376 1817.053589 -259.138550
v -612.114258 1815.766968 -257.393463
v -611.451111 1814.819092 -255.444977
v -610.803955 1814.238525 -253.352310
v -576.805176 1817.759155 -260.125183
v -576.234497 1817.956177 -257.941040
v -575.708374 1818.541138 -255.815948
v -575.242859 1819.496338 -253.814514
v -574.851990 1820.792847 -251.997528
v -574.547729 1822.391113 -250.420212
v -574.339233 1824.242554 -249.130478
v -574.232849 1826.291138 -248.167511
v -574.231934 1828.474365 -247.560577
v -574.336365 1830.726074 -247.328125
v -574.542969 1832.977783 -247.477219
v -574.845642 1835.161011 -248.003326
v -575.234985 1837.209473 -248.890442
v -575.699341 1839.061035 -250.111633
v -576.224426 1840.659302 -251.629776
v -576.794434 1841.955688 -253.398773
v -577.391968 1842.910889 -255.364868
v -577.998962 1843.495972 -257.468292
v -578.596741 1843.692871 -259.645142
v -579.167419 1843.495972 -261.829285
v -579.693542 1842.910889 -263.954376
v -580.159058 1841.955688 -265.955811
v -580.549927 1840.659302 -267.772797
v -580.854248 1839.061035 -269.350098
v -581.062744 1837.209473 -270.639862
v -581.169128 1835.161011 -271.602814
v -581.170105 1832.977783 -272.209778
v -581.065674 1830.726074 -272.442200
v -580.858948 1828.474365 -272.293121
v -580.556335 1826.291138 -271.767029
v -580.166931 1824.242554 -270.879883
v -579.702637 1822.391113 -269.658722
v -579.177490 1820.792847 -268.140564
v -578.607483 1819.496338 -266.371552
v -578.009949 1818.541138 -264.405487
v -577.403076 1817.956177 -262.302063
v -540.788025 1832.000000 -259.940826
v -540.825378 1833.649658 -260.080261
v -540.936279 1835.249146 -260.494232
v -541.117432 1836.750000 -261.170227
v -541.363220 1838.106567 -262.087677
v -541.666321 1839.277344 -263.218719
v -542.017395 1840.227295 -264.528992
v -542.405823 1840.927124 -265.978668
v -542.819885 1841.355713 -267.523682
v -543.246826 1841.500000 -269.117157
v -543.673767 1841.355713 -270.710602
v -544.087769 1840.927124 -272.255585
v -544.476196 1840.227295 -273.705261
v -544.827271 1839.277344 -275.015533
v -545.130310 1838.106567 -276.146576
v -545.376160 1836.750000 -277.064056
v -545.557312 1835.249146 -277.740021
v -545.668274 1833.649658 -278.154022
v -545.705566 1832.000000 -278.293427
v -545.668274 1830.350342 -278.154022
v -545.557312 1828.750854 -277.740021
v -545.376160 1827.250000 -277.064056
v -545.130310 1825.893555 -276.146576
v -544.827271 1824.722534 -275.015533
v -544.476196 1823.772827 -273.705261
v -544.087769 1823.072876 -272.255585
v -543.673767 1822.644409 -270.710602
v -543.246826 1822.500000 -269.117157
v -542.819885 1822.644409 -267.523682
v -542.405823 1823.072876 -265.978668
v -542.017395 1823.772827 -264.528992
v -541.666321 1824.722534 -263.218719
v -541.363220 1825.893555 -262.087677
v -541.117432 1827.250000 -261.170227
v -540.936279 1828.750854 -260.494232
v -540.825378 1830.350342 -260.080261
v -1035.565430 1332.000000 -141.357269
v -1035.673584 1332.000000 -140.535599
v -1035.385986 1332.000000 -142.166397
v -1035.136841 1332.000000 -142.956802
v -1034.819580 1332.000000 -143.722488
v -1034.436890 1332.000000 -144.457611
v -1033.991699 1332.000000 -145.156586
v -1033.487061 1332.000000 -145.814087
v -1032.927246 1332.000000 -146.425125
v -1032.316162 1332.000000 -146.985046
v -1031.658691 1332.000000 -147.489563
v -1030.959717 1332.000000 -147.934860
v -1030.224609 1332.000000 -148.317535
v -1029.458862 1332.000000 -148.634689
v -1028.668579 1332.000000 -148.883911
v -1027.859375 1332.000000 -149.063293
v -1027.037720 1332.000000 -149.171463
v -1026.209717 1332.000000 -149.207611
v -1025.381714 1332.000000 -149.171463
v -1024.560059 1332.000000 -149.063293
v -1023.750916 1332.000000 -148.883911
v -1022.960571 1332.000000 -148.634689
v -1022.194885 1332.000000 -148.317535
v -1021.459717 1332.000000 -147.934860
v -1020.760803 1332.000000 -147.489563
v -1020.103210 1332.000000 -146.985046
v -1019.492126 1332.000000 -146.425125
v -1018.932373 1332.000000 -145.814087
v -1018.427734 1332.000000 -145.156586
v -1017.982483 1332.000000 -144.457611
v -1017.599792 1332.000000 -143.722488
v -1017.282593 1332.000000 -142.956802
v -1017.033447 1332.000000 -142.166397
v -1016.854065 1332.000000 -141.357269
v -1016.709656 1332.000000 -139.707611
v -1016.745789 1332.000000 -140.535599
v -1017.282593 1332.000000 -136.458420
v -1017.033447 1332.000000 -137.248825
v -1016.854065 1332.000000 -138.057968
v -1016.745789 1332.000000 -138.879623
v -1018.932373 1332.000000 -133.601135
v -1018.427734 1332.000000 -134.258636
v -1017.982483 1332.000000 -134.957611
v -1017.599792 1332.000000 -135.692749
v -1021.459717 1332.000000 -131.480362
v -1020.760803 1332.000000 -131.925674
v -1020.103210 1332.000000 -132.430191
v -1019.492126 1332.000000 -132.990097
v -1024.560059 1332.000000 -130.351944
v -1023.750916 1332.000000 -130.531311
v -1022.960571 1332.000000 -130.780533
v -1022.194885 1332.000000 -131.097687
v -1027.859375 1332.000000 -130.351944
v -1027.037720 1332.000000 -130.243759
v -1026.209717 1332.000000 -130.207611
v -1025.381714 1332.000000 -130.243759
v -1030.959717 1332.000000 -131.480362
v -1030.224609 1332.000000 -131.097687
v -1029.458862 1332.000000 -130.780533
v -1028.668579 1332.000000 -130.531311
v -1033.487061 1332.000000 -133.601135
v -1032.927246 1332.000000 -132.990097
v -1032.316162 1332.000000 -132.430191
v -1031.658691 1332.000000 -131.925674
v -1035.136841 1332.000000 -136.458420
v -1034.819580 1332.000000 -135.692749
v -1034.436890 1332.000000 -134.957611
v -1033.991699 1332.000000 -134.258636
v -1035.709717 1332.000000 -139.707611
v -1035.673584 1332.000000 -138.879623
v -1035.565430 1332.000000 -138.057968
v -1035.385986 1332.000000 -137.248825
v -1017.219177 1367.032715 -145.480423
v -1016.392212 1367.002075 -144.046036
v -1018.281921 1367.082764 -146.749420
v -1019.548035 1367.150391 -147.814484
v -1020.979309 1367.234009 -148.643219
v -1022.532104 1367.330811 -149.210495
v -1024.159180 1367.437866 -149.499039
v -1025.811157 1367.551880 -149.500107
v -1027.437866 1367.669556 -149.213623
v -1028.989990 1367.787231 -148.648346
v -1030.420166 1367.901489 -147.821426
v -1031.684937 1368.008545 -146.757980
v -1032.746094 1368.105225 -145.490326
v -1033.571289 1368.188721 -144.057007
v -1034.135254 1368.256592 -142.501526
v -1034.421143 1368.306396 -140.871201
v -1034.420044 1368.337036 -139.215530
v -1034.132080 1368.347290 -137.584824
v -1033.566162 1368.337036 -136.028625
v -1032.739136 1368.306396 -134.594254
v -1031.676392 1368.256592 -133.325256
v -1030.410278 1368.188721 -132.260193
v -1028.979004 1368.105225 -131.431427
v -1027.426270 1368.008545 -130.864166
v -1025.799194 1367.901489 -130.575623
v -1024.147095 1367.787231 -130.574570
v -1022.520447 1367.669556 -130.861038
v -1020.968323 1367.551880 -131.426315
v -1019.538147 1367.437866 -132.253250
v -1018.273376 1367.330811 -133.316681
v -1017.212280 1367.234009 -134.584335
v -1016.387207 1367.150391 -136.017670
v -1015.823120 1367.082764 -137.573120
v -1015.537231 1367.032715 -139.203476
v -1015.538330 1367.002075 -140.859146
v -1015.826233 1366.991821 -142.489853
v -1012.210938 1401.805420 -143.458572
v -1011.921997 1401.826050 -141.828156
v -1011.917725 1401.886963 -140.173309
v -1012.198425 1401.986572 -138.544373
v -1012.755493 1402.121826 -136.990768
v -1013.571960 1402.288330 -135.559753
v -1014.623047 1402.481445 -134.294800
v -1015.876770 1402.695068 -133.234314
v -1017.295227 1402.922607 -132.410538
v -1018.835083 1403.157471 -131.848511
v -1020.449646 1403.392212 -131.565323
v -1022.089844 1403.619873 -131.569519
v -1023.705933 1403.833374 -131.861038
v -1025.248657 1404.026489 -132.430984
v -1026.671265 1404.193115 -133.262039
v -1027.930542 1404.328247 -134.328979
v -1028.988037 1404.427856 -135.599365
v -1029.811768 1404.488892 -137.034592
v -1030.376831 1404.509399 -138.591064
v -1030.665771 1404.488892 -140.221481
v -1030.669922 1404.427856 -141.876312
v -1030.389282 1404.328247 -143.505280
v -1029.832275 1404.193115 -145.058853
v -1029.015747 1404.026489 -146.489868
v -1027.964722 1403.833374 -147.754852
v -1026.710815 1403.619873 -148.815323
v -1025.292480 1403.392212 -149.639084
v -1023.752563 1403.157471 -150.201111
v -1022.138000 1402.922607 -150.484329
v -1020.497803 1402.695068 -150.480103
v -1018.881775 1402.481445 -150.188599
v -1017.338989 1402.288330 -149.618652
v -1015.916443 1402.121826 -148.787582
v -1014.657288 1401.986572 -147.720657
v -1013.599609 1401.886963 -146.450287
v -1012.775879 1401.826050 -145.015045
v -1006.205933 1436.263306 -145.067612
v -1005.915161 1436.293945 -143.437668
v -1005.905762 1436.385010 -141.784256
v -1006.177795 1436.533813 -140.157578
v -1006.723145 1436.735718 -138.607117
v -1007.525330 1436.984619 -137.179932
v -1008.559814 1437.272949 -135.919418
v -1009.795166 1437.592041 -134.863861
v -1011.193970 1437.932007 -134.045349
v -1012.713684 1438.282593 -133.488724
v -1014.308105 1438.633301 -133.210922
v -1015.928772 1438.973267 -133.220383
v -1017.526367 1439.292358 -133.516830
v -1019.052612 1439.580688 -134.091232
v -1020.460815 1439.829590 -134.926132
v -1021.708374 1440.031494 -135.996185
v -1022.757385 1440.180176 -137.268860
v -1023.575928 1440.271362 -138.705490
v -1024.139038 1440.302002 -140.262436
v -1024.429810 1440.271362 -141.892395
v -1024.439331 1440.180176 -143.545807
v -1024.167236 1440.031494 -145.172470
v -1023.621826 1439.829590 -146.722946
v -1022.819641 1439.580688 -148.150116
v -1021.785156 1439.292358 -149.410629
v -1020.549805 1438.973267 -150.466187
v -1019.151001 1438.633301 -151.284714
v -1017.631287 1438.282593 -151.841324
v -1016.036865 1437.932007 -152.119110
v -1014.416199 1437.592041 -152.109650
v -1012.818604 1437.272949 -151.813217
v -1011.292480 1436.984619 -151.238831
v -1009.884094 1436.735718 -150.403931
v -1008.636597 1436.533813 -149.333878
v -1007.587646 1436.385010 -148.061203
v -1006.769043 1436.293945 -146.624573
v -997.841736 1470.189819 -147.308792
v -997.548523 1470.230469 -145.679504
v -997.531799 1470.351196 -144.028030
v -997.791931 1470.548340 -142.404572
v -998.321106 1470.816040 -140.858444
v -999.103333 1471.145874 -139.436615
v -1000.114685 1471.528076 -138.182297
v -1001.324524 1471.950928 -137.133606
v -1002.696045 1472.401489 -136.322388
v -1004.187561 1472.866333 -135.773315
v -1005.753784 1473.331055 -135.503052
v -1007.347229 1473.781738 -135.519821
v -1008.919250 1474.204590 -135.823120
v -1010.422241 1474.586670 -136.403717
v -1011.810547 1474.916626 -137.243958
v -1013.041992 1475.184204 -138.318344
v -1014.078979 1475.381348 -139.594223
v -1014.890198 1475.502075 -141.032822
v -1015.450928 1475.542725 -142.590424
v -1015.744080 1475.502075 -144.219711
v -1015.760925 1475.381348 -145.871170
v -1015.500671 1475.184204 -147.494644
v -1014.971497 1474.916626 -149.040771
v -1014.189392 1474.586670 -150.462601
v -1013.177979 1474.204590 -151.716919
v -1011.968140 1473.781738 -152.765610
v -1010.596619 1473.331055 -153.576828
v -1009.105103 1472.866333 -154.125900
v -1007.538818 1472.401489 -154.396164
v -1005.945435 1471.950928 -154.379395
v -1004.373413 1471.528076 -154.076096
v -1002.870300 1471.145874 -153.495499
v -1001.482117 1470.816040 -152.655258
v -1000.250671 1470.548340 -151.580872
v -999.213623 1470.351196 -150.304993
v -998.402466 1470.230469 -148.866394
v -987.161011 1503.412109 -150.170670
v -986.864685 1503.462646 -148.542221
v -986.838562 1503.612427 -146.893265
v -987.083557 1503.857056 -145.273880
v -987.592041 1504.188843 -143.733292
v -988.348694 1504.598145 -142.318298
v -989.330505 1505.072144 -141.071884
v -990.507690 1505.596680 -140.031952
v -991.844360 1506.155640 -139.230072
v -993.299988 1506.732056 -138.690628
v -994.830322 1507.308594 -138.429977
v -996.388855 1507.867554 -138.456085
v -997.928284 1508.392090 -138.768143
v -999.401733 1508.866089 -139.356644
v -1000.764465 1509.275269 -140.203735
v -1001.975159 1509.607178 -141.283661
v -1002.997070 1509.851807 -142.563629
v -1003.798950 1510.001587 -144.004715
v -1004.356506 1510.052002 -145.563171
v -1004.652832 1510.001587 -147.191620
v -1004.678955 1509.851807 -148.840576
v -1004.433960 1509.607178 -150.459961
v -1003.925415 1509.275269 -152.000549
v -1003.168823 1508.866089 -153.415543
v -1002.187012 1508.392090 -154.661957
v -1001.009827 1507.867554 -155.701889
v -999.673218 1507.308594 -156.503769
v -998.217529 1506.732056 -157.043213
v -996.687256 1506.155640 -157.303848
v -995.128662 1505.596680 -157.277740
v -993.589294 1505.072144 -156.965698
v -992.115784 1504.598145 -156.377197
v -990.752991 1504.188843 -155.530106
v -989.542297 1503.857056 -154.450180
v -988.520508 1503.612427 -153.170212
v -987.718628 1503.462646 -151.729126
v -974.218262 1535.761108 -153.638672
v -973.918152 1535.820923 -152.011261
v -973.880737 1535.999023 -150.365326
v -974.107117 1536.289795 -148.750885
v -974.590637 1536.684448 -147.217010
v -975.316406 1537.170776 -145.810287
v -976.262451 1537.734253 -144.573486
v -977.399963 1538.357788 -143.544159
v -978.694458 1539.022217 -142.753586
v -980.106506 1539.707520 -142.225800
v -981.593384 1540.392700 -141.976837
v -983.109680 1541.057251 -142.014236
v -984.609497 1541.680664 -142.336884
v -986.047119 1542.244141 -142.934998
v -987.379089 1542.730713 -143.790359
v -988.564697 1543.125244 -144.876999
v -989.568054 1543.415894 -146.161911
v -990.358582 1543.593994 -147.606049
v -990.912354 1543.653931 -149.165512
v -991.212524 1543.593994 -150.792923
v -991.249939 1543.415894 -152.438858
v -991.023499 1543.125244 -154.053299
v -990.540039 1542.730713 -155.587189
v -989.814209 1542.244141 -156.993896
v -988.868225 1541.680664 -158.230713
v -987.730652 1541.057251 -159.260040
v -986.436218 1540.392700 -160.050598
v -985.024109 1539.707520 -160.578384
v -983.537292 1539.022217 -160.827347
v -982.020996 1538.357788 -160.789948
v -980.521118 1537.734253 -160.467300
v -979.083496 1537.170776 -159.869202
v -977.751526 1536.684448 -159.013824
v -976.565979 1536.289795 -157.927185
v -975.562622 1535.999023 -156.642273
v -974.772034 1535.820923 -155.198135
v -959.079407 1567.071655 -157.695145
v -958.774719 1567.140869 -156.068909
v -958.724121 1567.346191 -154.426514
v -958.929016 1567.681519 -152.817871
v -959.383118 1568.136841 -151.291840
v -960.072754 1568.697876 -149.894821
v -960.976929 1569.348145 -148.669235
v -962.068115 1570.067261 -147.652313
v -963.313232 1570.833862 -146.874969
v -964.674438 1571.624512 -146.360809
v -966.110291 1572.415161 -146.125488
v -967.577271 1573.181641 -146.176132
v -969.030762 1573.900879 -146.511200
v -970.426575 1574.551025 -147.120514
v -971.722290 1575.112183 -147.985565
v -972.878662 1575.567383 -149.080063
v -973.860413 1575.902832 -150.370758
v -974.637756 1576.108276 -151.818436
v -975.187073 1576.177368 -153.379105
v -975.491638 1576.108276 -155.005341
v -975.542297 1575.902832 -156.647705
v -975.337463 1575.567383 -158.256363
v -974.883240 1575.112183 -159.782379
v -974.193604 1574.551025 -161.179428
v -973.289490 1573.900879 -162.405014
v -972.198242 1573.181641 -163.421936
v -970.953186 1572.415161 -164.199265
v -969.591980 1571.624512 -164.713409
v -968.156128 1570.833862 -164.948746
v -966.689087 1570.067261 -164.898102
v -965.235657 1569.348145 -164.563034
v -963.839844 1568.697876 -163.953720
v -962.544067 1568.136841 -163.088669
v -961.387756 1567.681519 -161.994156
v -960.406006 1567.346191 -160.703461
v -959.628723 1567.140869 -159.255798
v -941.821472 1597.184326 -162.319382
v -941.511780 1597.262329 -160.694504
v -941.446045 1597.494019 -159.056152
v -941.626282 1597.872437 -157.454102
v -942.047058 1598.385986 -155.937042
v -942.695435 1599.019043 -154.551041
v -943.551880 1599.752319 -153.338242
v -944.590332 1600.563721 -152.335480
v -945.779175 1601.428467 -151.573212
v -947.082275 1602.320435 -151.074615
v -948.460083 1603.212280 -150.854843
v -949.870850 1604.077148 -150.920563
v -951.271484 1604.888428 -151.269775
v -952.619568 1605.621826 -151.891891
v -953.874084 1606.254883 -152.767975
v -954.997009 1606.768311 -153.871429
v -955.954163 1607.146729 -155.168732
v -956.716431 1607.378540 -156.620438
v -957.260681 1607.456421 -158.182465
v -957.570312 1607.378540 -159.807327
v -957.636047 1607.146729 -161.445679
v -957.455811 1606.768311 -163.047729
v -957.035034 1606.254883 -164.564789
v -956.386597 1605.621826 -165.950790
v -955.530212 1604.888428 -167.163589
v -954.491821 1604.077148 -168.166351
v -953.302979 1603.212280 -168.928619
v -951.999817 1602.320435 -169.427216
v -950.621948 1601.428467 -169.646988
v -949.211304 1600.563721 -169.581268
v -947.810669 1599.752319 -169.232056
v -946.462524 1599.019043 -168.609940
v -945.207947 1598.385986 -167.733856
v -944.085083 1597.872437 -166.630402
v -943.127991 1597.494019 -165.333115
v -942.365723 1597.262329 -163.881393
v -922.532471 1625.945679 -167.487823
v -922.217163 1626.032227 -165.864487
v -922.134583 1626.289062 -164.230652
v -922.287292 1626.708374 -162.635971
v -922.670654 1627.277588 -161.128906
v -923.273071 1627.979370 -159.755264
v -924.076111 1628.792236 -158.556747
v -925.055542 1629.691772 -157.569794
v -926.181519 1630.650269 -156.824402
v -927.419739 1631.638916 -156.343170
v -928.732727 1632.627441 -156.140793
v -930.080505 1633.586060 -156.223358
v -931.422180 1634.485352 -156.588394
v -932.716919 1635.298340 -157.224792
v -933.925476 1636.000000 -158.113220
v -935.010986 1636.569214 -159.226685
v -935.940552 1636.988647 -160.531342
v -936.685974 1637.245483 -161.987579
v -937.224487 1637.331909 -163.551117
v -937.539856 1637.245483 -165.174469
v -937.622498 1636.988647 -166.808304
v -937.469727 1636.569214 -168.402985
v -937.086365 1636.000000 -169.910049
v -936.484009 1635.298340 -171.283691
v -935.680908 1634.485352 -172.482208
v -934.701477 1633.586060 -173.469162
v -933.575562 1632.627441 -174.214554
v -932.337280 1631.638916 -174.695770
v -931.024292 1630.650269 -174.898163
v -929.676514 1629.691772 -174.815598
v -928.334900 1628.792236 -174.450562
v -927.040161 1627.979370 -173.814163
v -925.831604 1627.277588 -172.925720
v -924.746094 1626.708374 -171.812271
v -923.816528 1626.289062 -170.507614
v -923.071106 1626.032227 -169.051376
v -901.310852 1653.209229 -173.174179
v -900.989258 1653.303711 -171.552490
v -900.888062 1653.584351 -169.923615
v -901.010559 1654.042725 -168.337067
v -901.352844 1654.664673 -166.841019
v -901.904602 1655.431519 -165.480942
v -902.648987 1656.319702 -164.298141
v -903.563416 1657.302612 -163.328598
v -904.620178 1658.350098 -162.601746
v -905.787048 1659.430420 -162.139648
v -907.028625 1660.510620 -161.956390
v -908.307190 1661.558105 -162.057510
v -909.583923 1662.540894 -162.439926
v -910.820007 1663.429199 -163.092041
v -911.977844 1664.196045 -163.994064
v -913.022278 1664.817993 -165.118530
v -913.921570 1665.276367 -166.431305
v -914.648499 1665.557007 -167.892502
v -915.180786 1665.651611 -169.457718
v -915.502441 1665.557007 -171.079391
v -915.603516 1665.276367 -172.708252
v -915.481079 1664.817993 -174.294830
v -915.138794 1664.196045 -175.790878
v -914.587097 1663.429199 -177.150955
v -913.842651 1662.540894 -178.333740
v -912.928223 1661.558105 -179.303284
v -911.871521 1660.510620 -180.030151
v -910.704590 1659.430420 -180.492233
v -909.463013 1658.350098 -180.675507
v -908.184387 1657.302612 -180.574387
v -906.907654 1656.319702 -180.191971
v -905.671631 1655.431519 -179.539825
v -904.513794 1654.664673 -178.637833
v -903.469299 1654.042725 -177.513367
v -902.570007 1653.584351 -176.200577
v -901.843140 1653.303711 -174.739380
v -878.264526 1678.835815 -179.349411
v -877.936096 1678.937866 -177.729553
v -877.814880 1679.240967 -176.106079
v -877.904480 1679.735840 -174.528336
v -878.202087 1680.407471 -173.044235
v -878.698853 1681.235474 -171.698898
v -879.379456 1682.194580 -170.533188
v -880.223389 1683.255859 -169.582535
v -881.204956 1684.386841 -168.875809
v -882.294373 1685.553467 -168.434479
v -883.458435 1686.719849 -168.271988
v -884.661926 1687.850952 -168.393234
v -885.868042 1688.912109 -168.794571
v -887.040466 1689.871338 -169.463776
v -888.143250 1690.699341 -170.380524
v -889.143066 1691.370972 -171.516937
v -890.009521 1691.865845 -172.838531
v -890.716248 1692.168823 -174.305130
v -891.241760 1692.270874 -175.872162
v -891.570129 1692.168823 -177.492020
v -891.691406 1691.865845 -179.115494
v -891.601868 1691.370972 -180.693237
v -891.304199 1690.699341 -182.177338
v -890.807495 1689.871338 -183.522675
v -890.126831 1688.912109 -184.688370
v -889.282898 1687.850952 -185.639038
v -888.301331 1686.719849 -186.345749
v -887.211914 1685.553467 -186.787079
v -886.047852 1684.386841 -186.949585
v -884.844421 1683.255859 -186.828323
v -883.638184 1682.194580 -186.427002
v -882.465881 1681.235474 -185.757797
v -881.363037 1680.407471 -184.841049
v -880.363220 1679.735840 -183.704620
v -879.496826 1679.240967 -182.383026
v -878.790100 1678.937866 -180.916443
v -853.511047 1702.695190 -185.982071
v -853.175415 1702.804199 -184.364166
v -853.032471 1703.128052 -182.746506
v -853.086792 1703.656982 -181.178207
v -853.336426 1704.374878 -179.706955
v -853.774048 1705.259766 -178.377472
v -854.386292 1706.285034 -177.230087
v -855.154480 1707.419189 -176.299728
v -856.055298 1708.628052 -175.614639
v -857.061462 1709.874756 -175.195618
v -858.142334 1711.121582 -175.055435
v -859.265015 1712.330322 -175.198318
v -860.395508 1713.464600 -175.619934
v -861.499390 1714.489868 -176.307480
v -862.543091 1715.374756 -177.240051
v -863.494995 1716.092407 -178.389343
v -864.326111 1716.621338 -179.720383
v -865.011230 1716.945312 -181.192764
v -865.529419 1717.054321 -182.761765
v -865.865112 1716.945312 -184.379669
v -866.007996 1716.621338 -185.997330
v -865.953735 1716.092407 -187.565628
v -865.704041 1715.374756 -189.036880
v -865.266418 1714.489868 -190.366394
v -864.654175 1713.464600 -191.513748
v -863.885986 1712.330322 -192.444122
v -862.985107 1711.121582 -193.129211
v -861.979004 1709.874756 -193.548218
v -860.898193 1708.628052 -193.688400
v -859.775513 1707.419189 -193.545517
v -858.645020 1706.285034 -193.123901
v -857.541138 1705.259766 -192.436371
v -856.497437 1704.374878 -191.503784
v -855.545532 1703.656982 -190.354507
v -854.714417 1703.128052 -189.023453
v -854.029297 1702.804199 -187.551071
v -827.176514 1724.665527 -193.038391
v -826.833130 1724.781006 -191.422546
v -826.667236 1725.124146 -189.811050
v -826.683899 1725.684448 -188.252838
v -826.882629 1726.444702 -186.795242
v -827.257385 1727.382202 -185.482590
v -827.796753 1728.468018 -184.354736
v -828.484375 1729.669434 -183.445953
v -829.299316 1730.949951 -182.783890
v -830.216858 1732.270630 -182.388611
v -831.209167 1733.591187 -182.272141
v -832.246033 1734.871704 -182.438034
v -833.295898 1736.073120 -182.881256
v -834.326904 1737.159180 -183.588318
v -835.307800 1738.096436 -184.537720
v -836.208679 1738.856934 -185.700668
v -837.002197 1739.417114 -187.041794
v -837.664307 1739.760254 -188.520340
v -838.174805 1739.875732 -190.091400
v -838.518250 1739.760254 -191.707245
v -838.684143 1739.417114 -193.318741
v -838.667480 1738.856934 -194.876968
v -838.468750 1738.096436 -196.334534
v -838.093994 1737.159180 -197.647202
v -837.554626 1736.073120 -198.775055
v -836.867004 1734.871704 -199.683823
v -836.052063 1733.591187 -200.345917
v -835.134460 1732.270630 -200.741196
v -834.142212 1730.949951 -200.857651
v -833.105408 1729.669434 -200.691757
v -832.055481 1728.468018 -200.248550
v -831.024475 1727.382202 -199.541489
v -830.043579 1726.444702 -198.592072
v -829.142700 1725.684448 -197.429138
v -828.349121 1725.124146 -196.087997
v -827.687012 1724.781006 -194.609451
v -799.395203 1744.634888 -200.482376
v -799.043579 1744.756226 -198.868744
v -798.853394 1745.116821 -197.263733
v -798.830444 1745.705566 -195.716141
v -798.975403 1746.504639 -194.272980
v -799.283813 1747.489746 -192.978088
v -799.746338 1748.630737 -191.870819
v -800.348999 1749.893433 -190.984818
v -801.073364 1751.238892 -190.347015
v -801.897461 1752.626831 -189.976761
v -802.796326 1754.014526 -189.885345
v -803.742554 1755.360107 -190.075516
v -804.707397 1756.622681 -190.541504
v -805.661682 1757.763916 -191.269150
v -806.576172 1758.748901 -192.236328
v -807.423279 1759.547974 -193.413696
v -808.177185 1760.136719 -194.765427
v -808.815002 1760.497192 -196.250504
v -809.317322 1760.618652 -197.823746
v -809.668945 1760.497192 -199.437393
v -809.859070 1760.136719 -201.042404
v -809.882080 1759.547974 -202.589996
v -809.737122 1758.748901 -204.033157
v -809.428711 1757.763916 -205.328049
v -808.966187 1756.622681 -206.435303
v -808.363586 1755.360107 -207.321320
v -807.639160 1754.014526 -207.959122
v -806.815002 1752.626831 -208.329361
v -805.916199 1751.238892 -208.420776
v -804.969971 1749.893433 -208.230621
v -804.005066 1748.630737 -207.764618
v -803.050903 1747.489746 -207.036987
v -802.136292 1746.504639 -206.069794
v -801.289246 1745.705566 -204.892441
v -800.535339 1745.116821 -203.540695
v -799.897522 1744.756226 -202.055634
v -770.308533 1762.501587 -208.276123
v -769.948425 1762.628174 -206.664764
v -769.732849 1763.004395 -205.066574
v -769.668335 1763.618530 -203.530106
v -769.756958 1764.452271 -202.102020
v -769.995911 1765.479980 -200.825745
v -770.378052 1766.670410 -199.740036
v -770.891663 1767.987671 -198.877884
v -771.521240 1769.391602 -198.265488
v -772.247498 1770.839478 -197.921448
v -773.048523 1772.287354 -197.856247
v -773.899902 1773.691284 -198.071838
v -774.775818 1775.008423 -198.561676
v -775.649536 1776.198975 -199.310867
v -776.494690 1777.226685 -200.296661
v -777.285461 1778.060303 -201.489105
v -777.997864 1778.674561 -202.851959
v -778.610229 1779.050781 -204.343842
v -779.104004 1779.177368 -205.919388
v -779.464172 1779.050781 -207.530731
v -779.679749 1778.674561 -209.128937
v -779.744202 1778.060303 -210.665405
v -779.655640 1777.226685 -212.093475
v -779.416626 1776.198975 -213.369751
v -779.034485 1775.008423 -214.455475
v -778.520874 1773.691284 -215.317627
v -777.891418 1772.287354 -215.930008
v -777.165039 1770.839478 -216.274048
v -776.364014 1769.391602 -216.339264
v -775.512695 1767.987671 -216.123672
v -774.636780 1766.670410 -215.633835
v -773.763000 1765.479980 -214.884644
v -772.917908 1764.452271 -213.898834
v -772.127136 1763.618530 -212.706406
v -771.414673 1763.004395 -211.343536
v -770.802307 1762.628174 -209.851669
v -740.064880 1778.174561 -216.379898
v -739.695862 1778.305786 -214.770935
v -739.453796 1778.695557 -213.179810
v -739.346191 1779.332275 -211.654907
v -739.376221 1780.196167 -210.242508
v -739.543030 1781.261353 -208.985580
v -739.841492 1782.495239 -207.922287
v -740.262573 1783.860474 -207.084930
v -740.793457 1785.315430 -206.498947
v -741.418091 1786.816040 -206.182175
v -742.117371 1788.316650 -206.144226
v -742.870117 1789.771606 -206.386246
v -743.653503 1791.136719 -206.900864
v -744.443604 1792.370728 -207.672470
v -745.216492 1793.435791 -208.677612
v -745.948730 1794.299683 -209.885757
v -746.617981 1794.936279 -211.260178
v -747.203918 1795.326172 -212.759140
v -747.688843 1795.457520 -214.337067
v -748.057861 1795.326172 -215.946030
v -748.299927 1794.936279 -217.537140
v -748.407471 1794.299683 -219.062057
v -748.377441 1793.435791 -220.474442
v -748.210693 1792.370728 -221.731384
v -747.912170 1791.136719 -222.794678
v -747.491150 1789.771606 -223.632019
v -746.960205 1788.316650 -224.218002
v -746.335632 1786.816040 -224.534775
v -745.636353 1785.315430 -224.572739
v -744.883606 1783.860474 -224.330719
v -744.100220 1782.495239 -223.816086
v -743.310120 1781.261353 -223.044479
v -742.537170 1780.196167 -222.039337
v -741.804932 1779.332275 -220.831207
v -741.135742 1778.695557 -219.456772
v -740.549744 1778.305786 -217.957825
v -708.818237 1791.573853 -224.752396
v -708.440002 1791.709106 -223.145905
v -708.170715 1792.110718 -221.562103
v -708.018494 1792.766357 -220.049133
v -707.988037 1793.656250 -218.652969
v -708.080261 1794.753418 -217.416016
v -708.292297 1796.024292 -216.375870
v -708.617737 1797.430542 -215.564133
v -709.046753 1798.929199 -215.005463
v -709.566223 1800.474854 -214.716858
v -710.160522 1802.020508 -214.707047
v -710.811340 1803.519287 -214.976364
v -711.499023 1804.925293 -215.516617
v -712.202759 1806.196289 -216.311386
v -712.901123 1807.293457 -217.336502
v -713.572815 1808.183472 -218.560852
v -714.197449 1808.839111 -219.947235
v -714.756104 1809.240723 -221.453491
v -715.231812 1809.375854 -223.033890
v -715.610107 1809.240723 -224.640381
v -715.879395 1808.839111 -226.224182
v -716.031616 1808.183472 -227.737152
v -716.062073 1807.293457 -229.133316
v -715.969849 1806.196289 -230.370270
v -715.757812 1804.925293 -231.410416
v -715.432373 1803.519287 -232.222153
v -715.003296 1802.020508 -232.780807
v -714.483826 1800.474854 -233.069427
v -713.889587 1798.929199 -233.079239
v -713.238770 1797.430542 -232.809921
v -712.551025 1796.024292 -232.269669
v -711.847290 1794.753418 -231.474899
v -711.148987 1793.656250 -230.449783
v -710.477295 1792.766357 -229.225433
v -709.852600 1792.110718 -227.839050
v -709.293945 1791.709106 -226.332794
v -676.727905 1802.631226 -233.350983
v -676.340210 1802.769775 -231.746994
v -676.042847 1803.181030 -230.170731
v -675.844910 1803.852539 -228.670029
v -675.752258 1804.763794 -227.290512
v -675.767822 1805.887329 -226.074081
v -675.891174 1807.188843 -225.057724
v -676.118469 1808.628906 -224.272278
v -676.442810 1810.163574 -223.741669
v -676.854370 1811.746460 -223.481964
v -677.340698 1813.329346 -223.501083
v -677.886902 1814.864014 -223.798431
v -678.476440 1816.304077 -224.364990
v -679.091370 1817.605591 -225.183533
v -679.713135 1818.729126 -226.229187
v -680.322693 1819.640503 -227.470200
v -680.901611 1820.311890 -228.868835
v -681.432190 1820.723145 -230.382614
v -681.898438 1820.861694 -231.965546
v -682.286133 1820.723145 -233.569519
v -682.583435 1820.311890 -235.145798
v -682.781433 1819.640503 -236.646484
v -682.874084 1818.729126 -238.026016
v -682.858459 1817.605591 -239.242432
v -682.735168 1816.304077 -240.258820
v -682.507874 1814.864014 -241.044235
v -682.183533 1813.329346 -241.574860
v -681.771912 1811.746460 -241.834549
v -681.285706 1810.163574 -241.815430
v -680.739441 1808.628906 -241.518082
v -680.149902 1807.188843 -240.951523
v -679.534912 1805.887329 -240.132980
v -678.913208 1804.763794 -239.087326
v -678.303650 1803.852539 -237.846313
v -677.724792 1803.181030 -236.447678
v -677.194153 1802.769775 -234.933899
v -643.957397 1811.290527 -242.131821
v -643.560059 1811.431519 -240.530426
v -643.234070 1811.850342 -238.961823
v -642.989319 1812.534180 -237.473648
v -642.833252 1813.462402 -236.111130
v -642.770630 1814.606567 -234.915680
v -642.803284 1815.932007 -233.923584
v -642.930359 1817.398560 -233.165024
v -643.147827 1818.961548 -232.663040
v -643.449158 1820.573486 -232.432877
v -643.825256 1822.185425 -232.481522
v -644.264587 1823.748291 -232.807495
v -644.753845 1825.214844 -233.400925
v -645.278198 1826.540405 -234.243759
v -645.821716 1827.684570 -235.310379
v -646.367798 1828.612671 -236.568390
v -646.899963 1829.296509 -237.979553
v -647.401917 1829.715210 -239.501007
v -647.858521 1829.856323 -241.086517
v -648.255798 1829.715210 -242.687897
v -648.581848 1829.296509 -244.256516
v -648.826599 1828.612671 -245.744675
v -648.982666 1827.684570 -247.107193
v -649.045288 1826.540405 -248.302658
v -649.012634 1825.214844 -249.294739
v -648.885620 1823.748291 -250.053314
v -648.668091 1822.185425 -250.555313
v -648.366760 1820.573486 -250.785477
v -647.990662 1818.961548 -250.736801
v -647.551270 1817.398560 -250.410828
v -647.062073 1815.932007 -249.817383
v -646.537659 1814.606567 -248.974564
v -645.994202 1813.462402 -247.907959
v -645.448059 1812.534180 -246.649933
v -644.916016 1811.850342 -245.238770
v -644.414001 1811.431519 -243.717331
v -610.673645 1817.507446 -251.050171
v -610.266541 1817.650269 -249.451401
v -609.911438 1818.074463 -247.890579
v -609.619263 1818.767212 -246.415131
v -609.398743 1819.707397 -245.069885
v -609.256653 1820.866333 -243.895706
v -609.197266 1822.209106 -242.928299
v -609.222412 1823.694580 -242.197021
v -609.331360 1825.277832 -241.724121
v -609.520813 1826.910767 -241.523956
v -609.784973 1828.543579 -241.602585
v -610.115784 1830.126831 -241.957672
v -610.503174 1831.612305 -242.578369
v -610.935486 1832.954956 -243.445862
v -611.399536 1834.114014 -244.533783
v -611.881165 1835.054321 -245.809052
v -612.365784 1835.746826 -247.232941
v -612.838684 1836.171143 -248.762192
v -613.285522 1836.314087 -250.350327
v -613.692627 1836.171143 -251.949066
v -614.047729 1835.746826 -253.509903
v -614.339966 1835.054321 -254.985367
v -614.560486 1834.114014 -256.330566
v -614.702576 1832.954956 -257.504761
v -614.761902 1831.612305 -258.472168
v -614.736755 1830.126831 -259.203461
v -614.627808 1828.543579 -259.676361
v -614.438354 1826.910767 -259.876556
v -614.174255 1825.277832 -259.797913
v -613.843445 1823.694580 -259.442810
v -613.455994 1822.209106 -258.822113
v -613.023682 1820.866333 -257.954620
v -612.559692 1819.707397 -256.866699
v -612.078003 1818.767212 -255.591415
v -611.593384 1818.074463 -254.167526
v -611.120483 1817.650269 -252.638275
v -577.046326 1821.250366 -260.060577
v -576.629333 1821.394165 -258.464447
v -576.244873 1821.821655 -256.911530
v -575.904663 1822.519775 -255.448944
v -575.619019 1823.467163 -254.121124
v -575.396667 1824.635132 -252.968460
v -575.244324 1825.988159 -252.025955
v -575.166565 1827.485229 -251.322266
v -575.165894 1829.080566 -250.878754
v -575.242249 1830.726074 -250.708878
v -575.393188 1832.371460 -250.817810
v -575.614380 1833.966919 -251.202286
v -575.898926 1835.463989 -251.850540
v -576.238220 1836.817017 -252.742981
v -576.622009 1837.984863 -253.852402
v -577.038513 1838.932373 -255.145096
v -577.475220 1839.630371 -256.581879
v -577.918701 1840.057861 -258.118988
v -578.355591 1840.201904 -259.709747
v -578.772583 1840.057861 -261.305878
v -579.157043 1839.630371 -262.858795
v -579.497253 1838.932373 -264.321411
v -579.782898 1837.984863 -265.649200
v -580.005310 1836.817017 -266.801849
v -580.157654 1835.463989 -267.744354
v -580.235352 1833.966919 -268.448090
v -580.236084 1832.371460 -268.891602
v -580.159790 1830.726074 -269.061462
v -580.008728 1829.080566 -268.952515
v -579.787537 1827.485229 -268.568054
v -579.503052 1825.988159 -267.919769
v -579.163757 1824.635132 -267.027374
v -578.779968 1823.467163 -265.917969
v -578.363403 1822.519775 -264.625214
v -577.926758 1821.821655 -263.188477
v -577.483215 1821.394165 -261.651367
vn 0.2588 0.0010 0.9659
vn 0.8495 0.1260 0.5123
vn 0.2518 0.1746 0.9519
vn 0.8411 0.2482 0.4806
vn 0.2372 0.3429 0.9089
vn 0.8272 0.3629 0.4290
vn 0.2154 0.5007 0.8384
vn 0.8084 0.4665 0.3589
vn 0.1870 0.6433 0.7424
vn 0.7853 0.5559 0.2725
vn 0.1530 0.7664 0.6239
vn 0.7585 0.6285 0.1725
vn 0.1144 0.8662 0.4865
vn 0.7288 0.6819 0.0617
vn 0.0722 0.9397 0.3342
vn 0.6972 0.7147 -0.0563
vn 0.0279 0.9847 0.1721
vn 0.6646 0.7257 -0.1780
vn -0.0172 0.9998 0.0046
vn 0.6320 0.7147 -0.2997
vn -0.0619 0.9847 -0.1631
vn 0.6003 0.6819 -0.4178
vn -0.1046 0.9397 -0.3257
vn 0.5706 0.6285 -0.5286
vn -0.1442 0.8662 -0.4785
vn 0.5438 0.5559 -0.6287
vn -0.1794 0.7664 -0.6168
vn 0.5207 0.4665 -0.7151
vn -0.2092 0.6433 -0.7364
vn 0.5019 0.3629 -0.7851
vn -0.2327 0.5007 -0.8337
vn 0.4881 0.2482 -0.8368
vn -0.2491 0.3429 -0.9058
vn 0.4796 0.1260 -0.8684
vn -0.2579 0.1746 -0.9503
vn 0.4767 -0.0000 -0.8790
vn -0.2589 0.0010 -0.9659
vn 0.4796 -0.1260 -0.8684
vn -0.2520 -0.1727 -0.9522
vn 0.4881 -0.2482 -0.8368
vn -0.2374 -0.3411 -0.9095
vn 0.5019 -0.3629 -0.7851
vn -0.2156 -0.4993 -0.8392
vn 0.5207 -0.4664 -0.7151
vn -0.1873 -0.6422 -0.7433
vn 0.5438 -0.5559 -0.6287
vn -0.1533 -0.7656 -0.6248
vn 0.5707 -0.6285 -0.5285
vn -0.1146 -0.8657 -0.4873
vn 0.6003 -0.6819 -0.4178
vn -0.0724 -0.9395 -0.3349
vn 0.6319 -0.7147 -0.2998
vn -0.0280 -0.9846 -0.1724
vn 0.6646 -0.7257 -0.1780
vn 0.0173 -0.9998 -0.0046
vn 0.6972 -0.7147 -0.0563
vn 0.0620 -0.9846 0.1633
vn 0.7288 -0.6819 0.0617
vn 0.1048 -0.9395 0.3263
vn 0.7585 -0.6285 0.1725
vn 0.1444 -0.8657 0.4793
vn 0.7853 -0.5559 0.2725
vn 0.1797 -0.7656 0.6178
vn 0.8084 -0.4665 0.3589
vn 0.2094 -0.6421 0.7374
vn 0.8272 -0.3628 0.4290
vn 0.2328 -0.4992 0.8346
vn 0.8411 -0.2482 0.4806
vn 0.2492 -0.3411 0.9064
vn 0.8495 -0.1260 0.5123
vn 0.2579 -0.1727 0.9506
vn 0.8524 -0.0000 0.5229
vn 0.6137 -0.5944 -0.5198
vn 0.5883 -0.5258 -0.6144
vn 0.5664 -0.4412 -0.6961
vn 0.5486 -0.3431 -0.7624
vn 0.5356 -0.2347 -0.8112
vn 0.5275 -0.1192 -0.8411
vn 0.5248 -0.0000 -0.8512
vn 0.5275 0.1192 -0.8411
vn 0.5355 0.2347 -0.8112
vn 0.5486 0.3432 -0.7624
vn 0.5664 0.4412 -0.6961
vn 0.5883 0.5258 -0.6143
vn 0.6136 0.5944 -0.5197
vn 0.6418 0.6450 -0.4149
vn 0.6716 0.6760 -0.3033
vn 0.7025 0.6863 -0.1883
vn 0.7333 0.6759 -0.0731
vn 0.7633 0.6449 0.0386
vn 0.7913 0.5944 0.1433
vn 0.8167 0.5258 0.2379
vn 0.8385 0.4412 0.3197
vn 0.8563 0.3432 0.3859
vn 0.8694 0.2348 0.4348
vn 0.8774 0.1192 0.4647
vn 0.8801 -0.0000 0.4747
vn 0.8774 -0.1192 0.4647
vn 0.8694 -0.2348 0.4347
vn 0.8563 -0.3432 0.3859
vn 0.8386 -0.4412 0.3196
vn 0.8167 -0.5258 0.2380
vn 0.7913 -0.5944 0.1433
vn 0.7632 -0.6450 0.0385
vn 0.7333 -0.6759 -0.0732
vn 0.7025 -0.6864 -0.1883
vn 0.6716 -0.6759 -0.3034
vn 0.6417 -0.6450 -0.4150
vn -0.1192 -0.7273 0.6759
vn 0.1260 -0.6880 -0.7147
vn -0.2347 -0.7272 0.6450
vn 0.2482 -0.6880 -0.6819
vn -0.3432 -0.7273 0.5944
vn 0.3629 -0.6880 -0.6285
vn -0.4412 -0.7273 0.5258
vn 0.4665 -0.6880 -0.5559
vn -0.5258 -0.7272 0.4412
vn 0.5559 -0.6880 -0.4665
vn -0.5944 -0.7273 0.3432
vn 0.6285 -0.6880 -0.3628
vn -0.6450 -0.7273 0.2347
vn 0.6819 -0.6880 -0.2482
vn -0.6759 -0.7273 0.1192
vn 0.7147 -0.6880 -0.1260
vn -0.6863 -0.7273 0.0000
vn 0.7257 -0.6880 0.0000
vn -0.6759 -0.7273 -0.1192
vn 0.7147 -0.6880 0.1260
vn -0.6450 -0.7273 -0.2347
vn 0.6819 -0.6880 0.2482
vn -0.5944 -0.7273 -0.3432
vn 0.6285 -0.6880 0.3628
vn -0.5258 -0.7273 -0.4412
vn 0.5559 -0.6880 0.4665
vn -0.4412 -0.7273 -0.5258
vn 0.4665 -0.6880 0.5559
vn -0.3432 -0.7273 -0.5944
vn 0.3628 -0.6880 0.6285
vn -0.2507 -0.7221 -0.6447
vn 0.2614 -0.6927 0.6722
vn -0.1804 -0.7171 -0.6733
vn 0.1855 -0.6974 0.6922
vn -0.1052 -0.7221 -0.6837
vn 0.1097 -0.6927 0.7128
vn -0.0000 -0.7273 -0.6864
vn 0.0000 -0.6880 0.7257
vn 0.1192 -0.7273 -0.6759
vn -0.1260 -0.6880 0.7147
vn 0.2347 -0.7273 -0.6450
vn -0.2482 -0.6880 0.6819
vn 0.3432 -0.7273 -0.5944
vn -0.3628 -0.6880 0.6285
vn 0.4412 -0.7273 -0.5258
vn -0.4665 -0.6880 0.5559
vn 0.5258 -0.7273 -0.4412
vn -0.5559 -0.6880 0.4665
vn 0.5944 -0.7273 -0.3432
vn -0.6285 -0.6880 0.3628
vn 0.6449 -0.7273 -0.2348
vn -0.6819 -0.6880 0.2482
vn 0.6759 -0.7273 -0.1192
vn -0.7147 -0.6880 0.1260
vn 0.6864 -0.7272 -0.0000
vn -0.7257 -0.6880 0.0000
vn 0.6759 -0.7273 0.1192
vn -0.7147 -0.6880 -0.1260
vn 0.6450 -0.7273 0.2348
vn -0.6819 -0.6880 -0.2482
vn 0.5944 -0.7272 0.3432
vn -0.6285 -0.6880 -0.3628
vn 0.5258 -0.7272 0.4412
vn -0.5559 -0.6880 -0.4665
vn 0.4412 -0.7273 0.5258
vn -0.4665 -0.6880 -0.5559
vn 0.3432 -0.7273 0.5944
vn -0.3629 -0.6880 -0.6285
vn 0.2347 -0.7272 0.6450
vn -0.2482 -0.6880 -0.6819
vn 0.1192 -0.7273 0.6759
vn -0.1260 -0.6880 -0.7147
vn 0.0000 -0.7273 0.6864
vn -0.0000 -0.6880 -0.7257
vn 0.9939 -0.0663 0.0884
vn 0.9960 -0.0168 0.0873
vn 0.9999 -0.0172 0.0001
vn 0.9938 -0.0696 -0.0862
vn 0.9846 -0.0162 0.1739
vn 0.9636 -0.0610 0.2603
vn 0.9657 -0.0155 0.2590
vn 0.9395 -0.0146 0.3422
vn 0.9039 -0.0539 0.4243
vn 0.9061 -0.0137 0.4229
vn 0.8658 -0.0126 0.5003
vn 0.8168 -0.0451 0.5752
vn 0.8189 -0.0115 0.5738
vn 0.7657 -0.0102 0.6431
vn 0.7047 -0.0349 0.7086
vn 0.7068 -0.0089 0.7074
vn 0.6424 -0.0075 0.7663
vn 0.5712 -0.0236 0.8204
vn 0.5732 -0.0061 0.8194
vn 0.4996 -0.0046 0.8663
vn 0.4205 -0.0116 0.9072
vn 0.4222 -0.0031 0.9065
vn 0.3416 -0.0015 0.9399
vn 0.2570 0.0008 0.9664
vn 0.2583 0.0000 0.9661
vn 0.1732 0.0016 0.9849
vn 0.0857 0.0132 0.9962
vn 0.0867 0.0031 0.9962
vn -0.0005 0.0047 1.0000
vn -0.0881 0.0252 0.9958
vn -0.0876 0.0061 0.9961
vn -0.1741 0.0076 0.9847
vn -0.2592 0.0364 0.9651
vn -0.2592 0.0089 0.9658
vn -0.3424 0.0103 0.9395
vn -0.4223 0.0466 0.9052
vn -0.4229 0.0115 0.9061
vn -0.5003 0.0126 0.8658
vn -0.5727 0.0554 0.8179
vn -0.5738 0.0137 0.8189
vn -0.6429 0.0146 0.7658
vn -0.7056 0.0625 0.7058
vn -0.7072 0.0155 0.7069
vn -0.7661 0.0162 0.6425
vn -0.8172 0.0677 0.5724
vn -0.8191 0.0168 0.5733
vn -0.8659 0.0172 0.4999
vn -0.9040 0.0709 0.4216
vn -0.9062 0.0176 0.4225
vn -0.9396 0.0178 0.3419
vn -0.9634 0.0720 0.2581
vn -0.9658 0.0178 0.2588
vn -0.9846 0.0177 0.1737
vn -0.9937 0.0709 0.0869
vn -0.9960 0.0175 0.0873
vn -0.9999 0.0172 0.0001
vn -0.9939 0.0677 -0.0871
vn -0.9961 0.0167 -0.0870
vn -0.9847 0.0162 -0.1735
vn -0.9640 0.0625 -0.2584
vn -0.9659 0.0154 -0.2585
vn -0.9397 0.0146 -0.3417
vn -0.9049 0.0554 -0.4220
vn -0.9064 0.0136 -0.4223
vn -0.8661 0.0126 -0.4997
vn -0.8184 0.0466 -0.5728
vn -0.8193 0.0114 -0.5732
vn -0.7663 0.0102 -0.6424
vn -0.7070 0.0364 -0.7062
vn -0.7074 0.0089 -0.7068
vn -0.6431 0.0075 -0.7657
vn -0.5742 0.0252 -0.8183
vn -0.5740 0.0061 -0.8189
vn -0.5004 0.0046 -0.8658
vn -0.4239 0.0132 -0.9056
vn -0.4231 0.0031 -0.9061
vn -0.3425 0.0016 -0.9395
vn -0.2605 0.0005 -0.9655
vn -0.2593 -0.0000 -0.9658
vn -0.0895 -0.0122 -0.9959
vn 0.0845 -0.0243 -0.9961
vn 0.0862 -0.0054 -0.9963
vn -0.0000 -0.0040 -1.0000
vn -0.0881 -0.0024 -0.9961
vn -0.1737 -0.0009 -0.9848
vn 0.2559 -0.0355 -0.9660
vn 0.4197 -0.0458 -0.9065
vn 0.4218 -0.0108 -0.9066
vn 0.3421 -0.0096 -0.9396
vn 0.2579 -0.0083 -0.9661
vn 0.1736 -0.0069 -0.9848
vn 0.5706 -0.0546 -0.8194
vn 0.7043 -0.0617 -0.7072
vn 0.7065 -0.0148 -0.7076
vn 0.6429 -0.0140 -0.7658
vn 0.5729 -0.0130 -0.8195
vn 0.5001 -0.0120 -0.8659
vn 0.8164 -0.0670 -0.5735
vn 0.9037 -0.0702 -0.4223
vn 0.9059 -0.0169 -0.4231
vn 0.8661 -0.0166 -0.4996
vn 0.8187 -0.0161 -0.5740
vn 0.7661 -0.0155 -0.6425
vn 0.9960 -0.0176 -0.0871
vn 0.9847 -0.0178 -0.1736
vn 0.9634 -0.0710 -0.2584
vn 0.9657 -0.0172 -0.2592
vn 0.9397 -0.0171 -0.3415
vn 0.9561 -0.1423 -0.2562
vn 0.9865 -0.1401 -0.0842
vn 0.9869 -0.1337 0.0903
vn 0.9572 -0.1232 0.2621
vn 0.8982 -0.1089 0.4258
vn 0.8120 -0.0913 0.5765
vn 0.7010 -0.0709 0.7096
vn 0.5687 -0.0484 0.8211
vn 0.4192 -0.0244 0.9076
vn 0.2569 0.0003 0.9664
vn 0.0869 0.0250 0.9959
vn -0.0856 0.0489 0.9951
vn -0.2556 0.0714 0.9642
vn -0.4177 0.0916 0.9040
vn -0.5671 0.1091 0.8164
vn -0.6993 0.1233 0.7041
vn -0.8103 0.1338 0.5705
vn -0.8968 0.1402 0.4197
vn -0.9561 0.1423 0.2562
vn -0.9865 0.1402 0.0849
vn -0.9870 0.1338 -0.0890
vn -0.9577 0.1233 -0.2602
vn -0.8993 0.1091 -0.4235
vn -0.8137 0.0916 -0.5740
vn -0.7034 0.0714 -0.7072
vn -0.5717 0.0489 -0.8190
vn -0.4227 0.0250 -0.9059
vn -0.2607 0.0003 -0.9654
vn -0.0908 -0.0244 -0.9956
vn 0.0820 -0.0484 -0.9955
vn 0.2523 -0.0709 -0.9651
vn 0.4149 -0.0913 -0.9053
vn 0.5650 -0.1089 -0.8179
vn 0.6979 -0.1232 -0.7055
vn 0.8095 -0.1337 -0.5717
vn 0.8965 -0.1401 -0.4203
vn 0.9439 -0.2126 -0.2529
vn 0.9745 -0.2093 -0.0810
vn 0.9754 -0.1997 0.0934
vn 0.9466 -0.1840 0.2649
vn 0.8889 -0.1627 0.4283
vn 0.8041 -0.1364 0.5786
vn 0.6949 -0.1060 0.7113
vn 0.5645 -0.0723 0.8222
vn 0.4171 -0.0365 0.9081
vn 0.2570 0.0004 0.9664
vn 0.0891 0.0373 0.9953
vn -0.0814 0.0731 0.9940
vn -0.2494 0.1066 0.9625
vn -0.4098 0.1369 0.9019
vn -0.5577 0.1630 0.8139
vn -0.6887 0.1842 0.7013
vn -0.7988 0.1998 0.5674
vn -0.8847 0.2093 0.4165
vn -0.9439 0.2126 0.2529
vn -0.9744 0.2093 0.0817
vn -0.9755 0.1998 -0.0920
vn -0.9471 0.1842 -0.2630
vn -0.8899 0.1630 -0.4260
vn -0.8058 0.1369 -0.5761
vn -0.6972 0.1066 -0.7089
vn -0.5675 0.0731 -0.8201
vn -0.4205 0.0373 -0.9065
vn -0.2607 0.0004 -0.9654
vn -0.0929 -0.0365 -0.9950
vn 0.0778 -0.0723 -0.9943
vn 0.2462 -0.1060 -0.9634
vn 0.4071 -0.1364 -0.9032
vn 0.5557 -0.1627 -0.8153
vn 0.6873 -0.1840 -0.7027
vn 0.7980 -0.1997 -0.5686
vn 0.8844 -0.2093 -0.4171
vn 0.9268 -0.2817 -0.2483
vn 0.9577 -0.2774 -0.0765
vn 0.9594 -0.2647 0.0977
vn 0.9318 -0.2439 0.2689
vn 0.8758 -0.2156 0.4318
vn 0.7932 -0.1808 0.5816
vn 0.6864 -0.1404 0.7136
vn 0.5587 -0.0959 0.8238
vn 0.4141 -0.0484 0.9089
vn 0.2570 0.0006 0.9664
vn 0.0921 0.0495 0.9945
vn -0.0756 0.0968 0.9924
vn -0.2409 0.1413 0.9602
vn -0.3988 0.1814 0.8989
vn -0.5446 0.2160 0.8104
vn -0.6739 0.2441 0.6973
vn -0.7828 0.2648 0.5632
vn -0.8679 0.2775 0.4120
vn -0.9268 0.2817 0.2483
vn -0.9576 0.2775 0.0772
vn -0.9595 0.2648 -0.0963
vn -0.9323 0.2441 -0.2670
vn -0.8768 0.2161 -0.4295
vn -0.7948 0.1814 -0.5791
vn -0.6887 0.1413 -0.7112
vn -0.5617 0.0969 -0.8217
vn -0.4175 0.0495 -0.9073
vn -0.2607 0.0006 -0.9654
vn -0.0958 -0.0484 -0.9942
vn 0.0720 -0.0959 -0.9928
vn 0.2377 -0.1404 -0.9611
vn 0.3961 -0.1808 -0.9002
vn 0.5426 -0.2156 -0.8119
vn 0.6725 -0.2438 -0.6987
vn 0.7820 -0.2647 -0.5643
vn 0.8676 -0.2774 -0.4126
vn 0.9050 -0.3495 -0.2425
vn 0.9363 -0.3441 -0.0707
vn 0.9389 -0.3283 0.1032
vn 0.9130 -0.3025 0.2739
vn 0.8592 -0.2674 0.4363
vn 0.7792 -0.2242 0.5853
vn 0.6755 -0.1742 0.7165
vn 0.5513 -0.1189 0.8258
vn 0.4104 -0.0600 0.9099
vn 0.2570 0.0007 0.9664
vn 0.0959 0.0614 0.9935
vn -0.0681 0.1201 0.9904
vn -0.2299 0.1753 0.9573
vn -0.3848 0.2250 0.8952
vn -0.5279 0.2680 0.8059
vn -0.6550 0.3028 0.6923
vn -0.7623 0.3285 0.5577
vn -0.8465 0.3442 0.4063
vn -0.9050 0.3495 0.2425
vn -0.9362 0.3442 0.0714
vn -0.9390 0.3285 -0.1018
vn -0.9134 0.3028 -0.2720
vn -0.8601 0.2680 -0.4340
vn -0.7808 0.2250 -0.5828
vn -0.6778 0.1753 -0.7141
vn -0.5542 0.1201 -0.8237
vn -0.4137 0.0614 -0.9083
vn -0.2606 0.0007 -0.9654
vn -0.0996 -0.0600 -0.9932
vn 0.0646 -0.1189 -0.9908
vn 0.2268 -0.1742 -0.9582
vn 0.3822 -0.2242 -0.8965
vn 0.5259 -0.2674 -0.8074
vn 0.6537 -0.3025 -0.6937
vn 0.7615 -0.3283 -0.5588
vn 0.8462 -0.3441 -0.4069
vn 0.8786 -0.4154 -0.2354
vn 0.9103 -0.4091 -0.0638
vn 0.9141 -0.3903 0.1098
vn 0.8901 -0.3596 0.2800
vn 0.8390 -0.3179 0.4417
vn 0.7623 -0.2665 0.5898
vn 0.6624 -0.2071 0.7200
vn 0.5423 -0.1414 0.8282
vn 0.4059 -0.0713 0.9111
vn 0.2571 0.0008 0.9664
vn 0.1005 0.0729 0.9923
vn -0.0590 0.1428 0.9880
vn -0.2167 0.2083 0.9538
vn -0.3678 0.2675 0.8906
vn -0.5077 0.3186 0.8005
vn -0.6322 0.3600 0.6861
vn -0.7375 0.3905 0.5510
vn -0.8205 0.4091 0.3993
vn -0.8786 0.4154 0.2354
vn -0.9102 0.4091 0.0645
vn -0.9142 0.3905 -0.1085
vn -0.8905 0.3600 -0.2782
vn -0.8399 0.3186 -0.4394
vn -0.7638 0.2675 -0.5874
vn -0.6645 0.2083 -0.7176
vn -0.5451 0.1428 -0.8261
vn -0.4091 0.0729 -0.9096
vn -0.2606 0.0008 -0.9655
vn -0.1041 -0.0713 -0.9920
vn 0.0556 -0.1414 -0.9884
vn 0.2136 -0.2071 -0.9547
vn 0.3652 -0.2665 -0.8919
vn 0.5057 -0.3179 -0.8020
vn 0.6309 -0.3596 -0.6876
vn 0.7367 -0.3903 -0.5522
vn 0.8202 -0.4091 -0.3999
vn 0.8478 -0.4792 -0.2272
vn 0.8799 -0.4719 -0.0556
vn 0.8851 -0.4502 0.1176
vn 0.8634 -0.4148 0.2871
vn 0.8154 -0.3667 0.4480
vn 0.7425 -0.3075 0.5951
vn 0.6470 -0.2389 0.7241
vn 0.5319 -0.1631 0.8310
vn 0.4006 -0.0823 0.9126
vn 0.2571 0.0010 0.9664
vn 0.1060 0.0841 0.9908
vn -0.0484 0.1647 0.9851
vn -0.2012 0.2403 0.9496
vn -0.3479 0.3086 0.8853
vn -0.4840 0.3675 0.7941
vn -0.6054 0.4153 0.6790
vn -0.7085 0.4504 0.5433
vn -0.7901 0.4720 0.3912
vn -0.8478 0.4792 0.2272
vn -0.8798 0.4720 0.0564
vn -0.8852 0.4505 -0.1162
vn -0.8638 0.4153 -0.2853
vn -0.8162 0.3675 -0.4458
vn -0.7439 0.3086 -0.5927
vn -0.6491 0.2403 -0.7218
vn -0.5345 0.1648 -0.8290
vn -0.4036 0.0841 -0.9110
vn -0.2605 0.0009 -0.9655
vn -0.1094 -0.0823 -0.9906
vn 0.0451 -0.1631 -0.9856
vn 0.1983 -0.2389 -0.9506
vn 0.3454 -0.3075 -0.8866
vn 0.4821 -0.3667 -0.7956
vn 0.6042 -0.4148 -0.6804
vn 0.7078 -0.4502 -0.5444
vn 0.7898 -0.4719 -0.3918
vn 0.8126 -0.5406 -0.2177
vn 0.8452 -0.5324 -0.0464
vn 0.8521 -0.5079 0.1264
vn 0.8329 -0.4679 0.2954
vn 0.7884 -0.4137 0.4552
vn 0.7199 -0.3469 0.6012
vn 0.6294 -0.2695 0.7288
vn 0.5199 -0.1840 0.8342
vn 0.3945 -0.0929 0.9142
vn 0.2572 0.0011 0.9664
vn 0.1121 0.0949 0.9891
vn -0.0363 0.1859 0.9819
vn -0.1836 0.2711 0.9449
vn -0.3252 0.3481 0.8792
vn -0.4570 0.4146 0.7869
vn -0.5749 0.4685 0.6708
vn -0.6754 0.5082 0.5344
vn -0.7554 0.5325 0.3818
vn -0.8126 0.5406 0.2177
vn -0.8452 0.5325 0.0470
vn -0.8521 0.5082 -0.1251
vn -0.8333 0.4685 -0.2935
vn -0.7893 0.4146 -0.4530
vn -0.7213 0.3481 -0.5988
vn -0.6314 0.2711 -0.7265
vn -0.5224 0.1859 -0.8322
vn -0.3974 0.0949 -0.9127
vn -0.2604 0.0011 -0.9655
vn -0.1154 -0.0928 -0.9890
vn 0.0331 -0.1840 -0.9824
vn 0.1807 -0.2695 -0.9459
vn 0.3229 -0.3469 -0.8806
vn 0.4552 -0.4137 -0.7884
vn 0.5737 -0.4679 -0.6723
vn 0.6747 -0.5079 -0.5355
vn 0.7552 -0.5324 -0.3824
vn 0.7733 -0.5993 -0.2072
vn 0.8065 -0.5901 -0.0360
vn 0.8151 -0.5630 0.1363
vn 0.7989 -0.5187 0.3045
vn 0.7584 -0.4586 0.4633
vn 0.6947 -0.3845 0.6079
vn 0.6099 -0.2988 0.7340
vn 0.5065 -0.2039 0.8378
vn 0.3878 -0.1029 0.9160
vn 0.2573 0.0012 0.9663
vn 0.1190 0.1052 0.9873
vn -0.0228 0.2060 0.9783
vn -0.1639 0.3005 0.9396
vn -0.2999 0.3859 0.8724
vn -0.4269 0.4596 0.7788
vn -0.5409 0.5193 0.6617
vn -0.6384 0.5633 0.5245
vn -0.7167 0.5902 0.3715
vn -0.7733 0.5993 0.2072
vn -0.8064 0.5902 0.0367
vn -0.8152 0.5633 -0.1350
vn -0.7992 0.5193 -0.3026
vn -0.7591 0.4596 -0.4610
vn -0.6960 0.3859 -0.6056
vn -0.6117 0.3005 -0.7318
vn -0.5089 0.2060 -0.8358
vn -0.3906 0.1052 -0.9145
vn -0.2603 0.0012 -0.9655
vn -0.1222 -0.1029 -0.9872
vn 0.0197 -0.2039 -0.9788
vn 0.1611 -0.2987 -0.9406
vn 0.2976 -0.3845 -0.8738
vn 0.4251 -0.4586 -0.7804
vn 0.5396 -0.5187 -0.6632
vn 0.6378 -0.5630 -0.5256
vn 0.7164 -0.5901 -0.3721
vn 0.7300 -0.6549 -0.1956
vn 0.7639 -0.6449 -0.0246
vn 0.7745 -0.6152 0.1472
vn 0.7615 -0.5668 0.3145
vn 0.7252 -0.5011 0.4722
vn 0.6669 -0.4202 0.6154
vn 0.5882 -0.3264 0.7399
vn 0.4918 -0.2228 0.8417
vn 0.3803 -0.1125 0.9180
vn 0.2574 0.0013 0.9663
vn 0.1266 0.1150 0.9853
vn -0.0079 0.2251 0.9743
vn -0.1422 0.3284 0.9338
vn -0.2721 0.4217 0.8650
vn -0.3937 0.5022 0.7699
vn -0.5034 0.5675 0.6516
vn -0.5978 0.6155 0.5136
vn -0.6741 0.6449 0.3601
vn -0.7300 0.6549 0.1956
vn -0.7638 0.6450 0.0252
vn -0.7745 0.6155 -0.1459
vn -0.7617 0.5674 -0.3126
vn -0.7259 0.5022 -0.4699
vn -0.6681 0.4217 -0.6130
vn -0.5900 0.3284 -0.7376
vn -0.4940 0.2251 -0.8398
vn -0.3830 0.1150 -0.9166
vn -0.2603 0.0013 -0.9655
vn -0.1296 -0.1125 -0.9852
vn 0.0050 -0.2228 -0.9748
vn 0.1395 -0.3265 -0.9348
vn 0.2699 -0.4202 -0.8664
vn 0.3920 -0.5011 -0.7715
vn 0.5022 -0.5668 -0.6531
vn 0.5971 -0.6152 -0.5148
vn 0.6738 -0.6449 -0.3607
vn 0.6830 -0.7071 -0.1830
vn 0.7176 -0.6963 -0.0121
vn 0.7303 -0.6643 0.1590
vn 0.7208 -0.6120 0.3254
vn 0.6893 -0.5411 0.4818
vn 0.6368 -0.4537 0.6234
vn 0.5649 -0.3525 0.7461
vn 0.4758 -0.2406 0.8460
vn 0.3723 -0.1214 0.9201
vn 0.2575 0.0014 0.9663
vn 0.1349 0.1241 0.9831
vn 0.0082 0.2431 0.9700
vn -0.1186 0.3546 0.9275
vn -0.2418 0.4553 0.8569
vn -0.3576 0.5422 0.7603
vn -0.4626 0.6127 0.6407
vn -0.5536 0.6646 0.5018
vn -0.6278 0.6964 0.3476
vn -0.6830 0.7071 0.1830
vn -0.7175 0.6964 0.0128
vn -0.7303 0.6646 -0.1577
vn -0.7210 0.6127 -0.3235
vn -0.6899 0.5423 -0.4796
vn -0.6378 0.4553 -0.6212
vn -0.5664 0.3546 -0.7439
vn -0.4778 0.2431 -0.8441
vn -0.3747 0.1241 -0.9188
vn -0.2602 0.0014 -0.9656
vn -0.1377 -0.1214 -0.9830
vn -0.0110 -0.2406 -0.9706
vn 0.1161 -0.3525 -0.9286
vn 0.2397 -0.4537 -0.8583
vn 0.3560 -0.5411 -0.7619
vn 0.4615 -0.6120 -0.6422
vn 0.5530 -0.6643 -0.5029
vn 0.6276 -0.6963 -0.3483
vn 0.6326 -0.7557 -0.1695
vn 0.6679 -0.7442 0.0012
vn 0.6829 -0.7100 0.1718
vn 0.6771 -0.6541 0.3371
vn 0.6507 -0.5783 0.4921
vn 0.6044 -0.4849 0.6321
vn 0.5397 -0.3768 0.7528
vn 0.4586 -0.2572 0.8506
vn 0.3636 -0.1298 0.9225
vn 0.2576 0.0015 0.9663
vn 0.1438 0.1327 0.9807
vn 0.0256 0.2598 0.9653
vn -0.0933 0.3790 0.9207
vn -0.2093 0.4867 0.8481
vn -0.3190 0.5795 0.7499
vn -0.4189 0.6549 0.6290
vn -0.5062 0.7103 0.4891
vn -0.5781 0.7443 0.3343
vn -0.6325 0.7557 0.1695
vn -0.6678 0.7443 -0.0005
vn -0.6829 0.7103 -0.1705
vn -0.6773 0.6549 -0.3353
vn -0.6512 0.5795 -0.4900
vn -0.6053 0.4867 -0.6299
vn -0.5411 0.3790 -0.7507
vn -0.4605 0.2598 -0.8488
vn -0.3659 0.1327 -0.9212
vn -0.2601 0.0015 -0.9656
vn -0.1463 -0.1298 -0.9807
vn -0.0281 -0.2572 -0.9660
vn 0.0910 -0.3768 -0.9218
vn 0.2073 -0.4849 -0.8496
vn 0.3174 -0.5783 -0.7515
vn 0.4179 -0.6541 -0.6305
vn 0.5056 -0.7100 -0.4902
vn 0.5779 -0.7442 -0.3350
vn 0.5789 -0.8005 -0.1551
vn 0.6151 -0.7883 0.0153
vn 0.6325 -0.7521 0.1853
vn 0.6306 -0.6929 0.3496
vn 0.6096 -0.6126 0.5032
vn 0.5699 -0.5136 0.6414
vn 0.5129 -0.3991 0.7600
vn 0.4403 -0.2724 0.8555
vn 0.3544 -0.1375 0.9249
vn 0.2577 0.0016 0.9662
vn 0.1532 0.1405 0.9782
vn 0.0441 0.2752 0.9604
vn -0.0664 0.4014 0.9135
vn -0.1747 0.5155 0.8389
vn -0.2778 0.6139 0.7389
vn -0.3724 0.6937 0.6166
vn -0.4557 0.7524 0.4755
vn -0.5252 0.7884 0.3202
vn -0.5789 0.8005 0.1551
vn -0.6150 0.7884 -0.0146
vn -0.6324 0.7525 -0.1839
vn -0.6308 0.6937 -0.3478
vn -0.6100 0.6139 -0.5010
vn -0.5708 0.5155 -0.6391
vn -0.5142 0.4014 -0.7579
vn -0.4420 0.2752 -0.8537
vn -0.3564 0.1405 -0.9237
vn -0.2600 0.0016 -0.9656
vn -0.1556 -0.1375 -0.9782
vn -0.0464 -0.2724 -0.9611
vn 0.0642 -0.3991 -0.9147
vn 0.1729 -0.5136 -0.8404
vn 0.2764 -0.6126 -0.7405
vn 0.3714 -0.6929 -0.6180
vn 0.4551 -0.7521 -0.4767
vn 0.5250 -0.7883 -0.3208
vn 0.5222 -0.8413 -0.1399
vn 0.5593 -0.8284 0.0303
vn 0.5793 -0.7903 0.1996
vn 0.5816 -0.7281 0.3627
vn 0.5662 -0.6437 0.5148
vn 0.5336 -0.5398 0.6511
vn 0.4847 -0.4194 0.7676
vn 0.4211 -0.2862 0.8607
vn 0.3447 -0.1445 0.9275
vn 0.2578 0.0017 0.9662
vn 0.1631 0.1477 0.9755
vn 0.0635 0.2892 0.9552
vn -0.0380 0.4219 0.9059
vn -0.1383 0.5417 0.8291
vn -0.2344 0.6451 0.7273
vn -0.3233 0.7289 0.6034
vn -0.4025 0.7907 0.4613
vn -0.4695 0.8285 0.3052
vn -0.5222 0.8413 0.1399
vn -0.5592 0.8285 -0.0296
vn -0.5792 0.7907 -0.1982
vn -0.5817 0.7290 -0.3609
vn -0.5666 0.6451 -0.5126
vn -0.5343 0.5417 -0.6489
vn -0.4858 0.4219 -0.7655
vn -0.4226 0.2892 -0.8589
vn -0.3465 0.1477 -0.9264
vn -0.2598 0.0017 -0.9656
vn -0.1653 -0.1445 -0.9756
vn -0.0657 -0.2863 -0.9559
vn 0.0360 -0.4194 -0.9071
vn 0.1365 -0.5398 -0.8307
vn 0.2330 -0.6437 -0.7289
vn 0.3224 -0.7281 -0.6049
vn 0.4019 -0.7903 -0.4625
vn 0.4692 -0.8284 -0.3058
vn 0.4629 -0.8777 -0.1241
vn 0.5009 -0.8643 0.0459
vn 0.5236 -0.8245 0.2144
vn 0.5303 -0.7597 0.3764
vn 0.5209 -0.6716 0.5269
vn 0.4955 -0.5631 0.6613
vn 0.4551 -0.4375 0.7755
vn 0.4009 -0.2986 0.8661
vn 0.3345 -0.1507 0.9303
vn 0.2579 0.0017 0.9662
vn 0.1735 0.1541 0.9727
vn 0.0839 0.3017 0.9497
vn -0.0082 0.4401 0.8979
vn -0.1001 0.5652 0.8189
vn -0.1889 0.6731 0.7150
vn -0.2719 0.7605 0.5896
vn -0.3467 0.8249 0.4464
vn -0.4111 0.8644 0.2896
vn -0.4629 0.8777 0.1240
vn -0.5008 0.8644 -0.0452
vn -0.5235 0.8249 -0.2132
vn -0.5303 0.7605 -0.3747
vn -0.5211 0.6730 -0.5248
vn -0.4961 0.5652 -0.6592
vn -0.4561 0.4401 -0.7735
vn -0.4022 0.3017 -0.8644
vn -0.3361 0.1541 -0.9291
vn -0.2597 0.0017 -0.9657
vn -0.1755 -0.1507 -0.9729
vn -0.0859 -0.2986 -0.9505
vn 0.0064 -0.4375 -0.8992
vn 0.0985 -0.5631 -0.8205
vn 0.1876 -0.6716 -0.7167
vn 0.2710 -0.7597 -0.5911
vn 0.3462 -0.8245 -0.4475
vn 0.4108 -0.8643 -0.2902
vn 0.4013 -0.9096 -0.1075
vn 0.4402 -0.8958 0.0622
vn 0.4656 -0.8545 0.2300
vn 0.4769 -0.7873 0.3908
vn 0.4737 -0.6961 0.5395
vn 0.4560 -0.5837 0.6719
vn 0.4244 -0.4534 0.7838
vn 0.3799 -0.3095 0.8717
vn 0.3239 -0.1562 0.9331
vn 0.2580 0.0018 0.9661
vn 0.1844 0.1597 0.9698
vn 0.1051 0.3127 0.9440
vn 0.0227 0.4562 0.8896
vn -0.0604 0.5858 0.8082
vn -0.1416 0.6976 0.7024
vn -0.2185 0.7882 0.5753
vn -0.2888 0.8550 0.4308
vn -0.3503 0.8959 0.2733
vn -0.4013 0.9096 0.1075
vn -0.4400 0.8959 -0.0615
vn -0.4655 0.8550 -0.2287
vn -0.4769 0.7882 -0.3890
vn -0.4738 0.6976 -0.5374
vn -0.4564 0.5858 -0.6698
vn -0.4251 0.4562 -0.7818
vn -0.3810 0.3127 -0.8701
vn -0.3252 0.1597 -0.9320
vn -0.2596 0.0018 -0.9657
vn -0.1860 -0.1562 -0.9700
vn -0.1068 -0.3095 -0.9449
vn -0.0243 -0.4535 -0.8909
vn 0.0589 -0.5837 -0.8099
vn 0.1404 -0.6961 -0.7041
vn 0.2177 -0.7873 -0.5769
vn 0.2883 -0.8546 -0.4320
vn 0.3501 -0.8958 -0.2739
vn 0.3376 -0.9369 -0.0904
vn 0.3774 -0.9227 0.0790
vn 0.4058 -0.8802 0.2460
vn 0.4218 -0.8110 0.4055
vn 0.4249 -0.7170 0.5526
vn 0.4151 -0.6012 0.6829
vn 0.3926 -0.4671 0.7923
vn 0.3582 -0.3188 0.8775
vn 0.3129 -0.1609 0.9360
vn 0.2581 0.0019 0.9661
vn 0.1955 0.1645 0.9668
vn 0.1270 0.3221 0.9382
vn 0.0546 0.4699 0.8810
vn -0.0194 0.6033 0.7972
vn -0.0927 0.7185 0.6893
vn -0.1633 0.8119 0.5605
vn -0.2289 0.8807 0.4148
vn -0.2876 0.9228 0.2565
vn -0.3376 0.9369 0.0905
vn -0.3773 0.9228 -0.0783
vn -0.4056 0.8807 -0.2447
vn -0.4217 0.8119 -0.4038
vn -0.4250 0.7185 -0.5506
vn -0.4154 0.6034 -0.6808
vn -0.3932 0.4699 -0.7903
vn -0.3591 0.3221 -0.8760
vn -0.3141 0.1645 -0.9350
vn -0.2595 0.0019 -0.9657
vn -0.1970 -0.1609 -0.9671
vn -0.1285 -0.3188 -0.9391
vn -0.0561 -0.4671 -0.8824
vn 0.0181 -0.6011 -0.7989
vn 0.0917 -0.7170 -0.6910
vn 0.1625 -0.8110 -0.5621
vn 0.2284 -0.8802 -0.4160
vn 0.2874 -0.9227 -0.2572
vn 0.2721 -0.9595 -0.0729
vn 0.3130 -0.9449 0.0963
vn 0.3443 -0.9014 0.2625
vn 0.3652 -0.8305 0.4207
vn 0.3749 -0.7342 0.5660
vn 0.3731 -0.6156 0.6941
vn 0.3600 -0.4783 0.8010
vn 0.3360 -0.3265 0.8835
vn 0.3017 -0.1648 0.9391
vn 0.2583 0.0019 0.9661
vn 0.2070 0.1685 0.9637
vn 0.1495 0.3298 0.9321
vn 0.0875 0.4811 0.8723
vn 0.0228 0.6178 0.7860
vn -0.0426 0.7358 0.6759
vn -0.1066 0.8314 0.5453
vn -0.1674 0.9019 0.3982
vn -0.2232 0.9450 0.2391
vn -0.2721 0.9595 0.0729
vn -0.3129 0.9450 -0.0957
vn -0.3441 0.9018 -0.2612
vn -0.3650 0.8314 -0.4189
vn -0.3748 0.7358 -0.5640
vn -0.3733 0.6179 -0.6921
vn -0.3604 0.4812 -0.7991
vn -0.3366 0.3298 -0.8820
vn -0.3026 0.1685 -0.9381
vn -0.2593 0.0019 -0.9658
vn -0.2082 -0.1648 -0.9641
vn -0.1508 -0.3265 -0.9331
vn -0.0887 -0.4783 -0.8737
vn -0.0239 -0.6156 -0.7877
vn 0.0416 -0.7342 -0.6776
vn 0.1059 -0.8305 -0.5469
vn 0.1670 -0.9014 -0.3995
vn 0.2230 -0.9449 -0.2398
vn 0.2053 -0.9771 -0.0551
vn 0.2472 -0.9622 0.1139
vn 0.2816 -0.9180 0.2793
vn 0.3073 -0.8457 0.4362
vn 0.3237 -0.7477 0.5797
vn 0.3303 -0.6270 0.7056
vn 0.3267 -0.4871 0.8099
vn 0.3132 -0.3325 0.8896
vn 0.2902 -0.1678 0.9421
vn 0.2584 0.0019 0.9660
vn 0.2188 0.1716 0.9606
vn 0.1725 0.3359 0.9260
vn 0.1210 0.4900 0.8633
vn 0.0658 0.6293 0.7744
vn 0.0087 0.7493 0.6621
vn -0.0487 0.8467 0.5298
vn -0.1046 0.9184 0.3815
vn -0.1574 0.9624 0.2216
vn -0.2053 0.9771 0.0550
vn -0.2471 0.9624 -0.1132
vn -0.2813 0.9184 -0.2781
vn -0.3071 0.8467 -0.4345
vn -0.3236 0.7493 -0.5777
vn -0.3302 0.6292 -0.7036
vn -0.3269 0.4900 -0.8081
vn -0.3136 0.3359 -0.8881
vn -0.2908 0.1716 -0.9413
vn -0.2592 0.0019 -0.9658
vn -0.2197 -0.1678 -0.9610
vn -0.1735 -0.3325 -0.9270
vn -0.1220 -0.4871 -0.8648
vn -0.0668 -0.6270 -0.7762
vn -0.0095 -0.7477 -0.6640
vn 0.0481 -0.8458 -0.5314
vn 0.1042 -0.9180 -0.3826
vn 0.1572 -0.9622 -0.2223
vn 0.1375 -0.9898 -0.0368
vn 0.1804 -0.9747 0.1318
vn 0.2178 -0.9299 0.2964
vn 0.2486 -0.8567 0.4519
vn 0.2718 -0.7574 0.5937
vn 0.2867 -0.6351 0.7173
vn 0.2929 -0.4934 0.8190
vn 0.2901 -0.3368 0.8958
vn 0.2786 -0.1700 0.9453
vn 0.2585 0.0020 0.9660
vn 0.2307 0.1738 0.9574
vn 0.1958 0.3402 0.9197
vn 0.1550 0.4964 0.8542
vn 0.1095 0.6374 0.7627
vn 0.0607 0.7591 0.6482
vn 0.0101 0.8577 0.5141
vn -0.0408 0.9304 0.3644
vn -0.0905 0.9748 0.2037
vn -0.1375 0.9898 0.0368
vn -0.1802 0.9748 -0.1311
vn -0.2176 0.9304 -0.2951
vn -0.2483 0.8577 -0.4502
vn -0.2715 0.7591 -0.5917
vn -0.2865 0.6374 -0.7153
vn -0.2929 0.4964 -0.8172
vn -0.2903 0.3402 -0.8944
vn -0.2789 0.1738 -0.9445
vn -0.2591 0.0020 -0.9659
vn -0.2314 -0.1700 -0.9579
vn -0.1966 -0.3368 -0.9208
vn -0.1558 -0.4934 -0.8557
vn -0.1103 -0.6351 -0.7645
vn -0.0614 -0.7574 -0.6500
vn -0.0107 -0.8567 -0.5157
vn 0.0405 -0.9299 -0.3656
vn 0.0903 -0.9747 -0.2043
vn 0.0689 -0.9975 -0.0185
vn 0.1129 -0.9822 0.1499
vn 0.1534 -0.9371 0.3136
vn 0.1893 -0.8633 0.4678
vn 0.2193 -0.7632 0.6077
vn 0.2427 -0.6400 0.7290
vn 0.2587 -0.4973 0.8281
vn 0.2668 -0.3394 0.9020
vn 0.2668 -0.1713 0.9484
vn 0.2587 0.0020 0.9660
vn 0.2427 0.1751 0.9542
vn 0.2194 0.3429 0.9134
vn 0.1894 0.5002 0.8450
vn 0.1536 0.6423 0.7509
vn 0.1133 0.7649 0.6341
vn 0.0695 0.8643 0.4981
vn 0.0236 0.9375 0.3471
vn -0.0230 0.9824 0.1856
vn -0.0689 0.9975 0.0185
vn -0.1127 0.9824 -0.1492
vn -0.1531 0.9375 -0.3124
vn -0.1889 0.8643 -0.4662
vn -0.2190 0.7649 -0.6058
vn -0.2424 0.6423 -0.7271
vn -0.2585 0.5002 -0.8264
vn -0.2667 0.3429 -0.9007
vn -0.2669 0.1751 -0.9477
vn -0.2589 0.0020 -0.9659
vn -0.2431 -0.1713 -0.9547
vn -0.2199 -0.3394 -0.9146
vn -0.1900 -0.4972 -0.8466
vn -0.1543 -0.6400 -0.7528
vn -0.1139 -0.7632 -0.6360
vn -0.0700 -0.8633 -0.4998
vn -0.0239 -0.9371 -0.3483
vn 0.0228 -0.9822 -0.1863
vn -0.2588 -0.0010 -0.9659
vn -0.2518 -0.1746 -0.9519
vn -0.2372 -0.3429 -0.9089
vn -0.2154 -0.5007 -0.8384
vn -0.1870 -0.6433 -0.7424
vn -0.1530 -0.7664 -0.6239
vn -0.1144 -0.8661 -0.4865
vn -0.0722 -0.9397 -0.3344
vn -0.0279 -0.9847 -0.1721
vn 0.0172 -0.9998 -0.0045
vn 0.0619 -0.9847 0.1630
vn 0.1046 -0.9397 0.3256
vn 0.1442 -0.8662 0.4785
vn 0.1794 -0.7664 0.6168
vn 0.2092 -0.6434 0.7364
vn 0.2327 -0.5007 0.8338
vn 0.2490 -0.3429 0.9058
vn 0.2579 -0.1746 0.9503
vn 0.2589 -0.0010 0.9659
vn 0.2520 0.1727 0.9522
vn 0.2374 0.3411 0.9095
vn 0.2156 0.4992 0.8392
vn 0.1873 0.6421 0.7434
vn 0.1533 0.7656 0.6248
vn 0.1146 0.8657 0.4873
vn 0.0724 0.9394 0.3350
vn 0.0280 0.9846 0.1724
vn -0.0173 0.9998 0.0046
vn -0.0620 0.9846 -0.1633
vn -0.1048 0.9395 -0.3263
vn -0.1444 0.8657 -0.4793
vn -0.1797 0.7656 -0.6177
vn -0.2095 0.6422 -0.7374
vn -0.2329 0.4992 -0.8346
vn -0.2492 0.3412 -0.9064
vn -0.2579 0.1727 -0.9506
vn 0.9847 -0.0162 0.1734
vn 0.9961 -0.0168 0.0870
vn 0.9659 -0.0155 0.2585
vn 0.9397 -0.0146 0.3417
vn 0.9063 -0.0137 0.4223
vn 0.8662 -0.0126 0.4996
vn 0.8193 -0.0115 0.5732
vn 0.7662 -0.0103 0.6425
vn 0.7074 -0.0089 0.7068
vn 0.6431 -0.0076 0.7657
vn 0.5739 -0.0061 0.8189
vn 0.5004 -0.0046 0.8658
vn 0.4231 -0.0031 0.9061
vn 0.3425 -0.0016 0.9395
vn 0.2593 -0.0000 0.9658
vn 0.1741 0.0015 0.9847
vn 0.0876 0.0031 0.9961
vn 0.0005 0.0046 1.0000
vn -0.0867 0.0061 0.9962
vn -0.1732 0.0075 0.9849
vn -0.2584 0.0089 0.9660
vn -0.3416 0.0102 0.9398
vn -0.4222 0.0115 0.9064
vn -0.4997 0.0126 0.8661
vn -0.5732 0.0137 0.8193
vn -0.6425 0.0146 0.7662
vn -0.7069 0.0155 0.7072
vn -0.7658 0.0162 0.6429
vn -0.8189 0.0168 0.5737
vn -0.8658 0.0172 0.5000
vn -0.9061 0.0176 0.4227
vn -0.9395 0.0178 0.3420
vn -0.9659 0.0174 0.2584
vn -0.9846 0.0173 0.1740
vn -0.9999 0.0168 0.0002
vn -0.9961 0.0171 0.0868
vn -0.9396 0.0141 -0.3419
vn -0.9657 0.0150 -0.2593
vn -0.9847 0.0157 -0.1736
vn -0.9960 0.0163 -0.0877
vn -0.7660 0.0098 -0.6428
vn -0.8187 0.0110 -0.5742
vn -0.8660 0.0121 -0.4999
vn -0.9059 0.0132 -0.4232
vn -0.4999 0.0041 -0.8661
vn -0.5729 0.0056 -0.8196
vn -0.6426 0.0071 -0.7661
vn -0.7066 0.0084 -0.7076
vn -0.1732 -0.0016 -0.9849
vn -0.2584 -0.0000 -0.9660
vn -0.3419 0.0011 -0.9397
vn -0.4219 0.0026 -0.9067
vn 0.1740 -0.0075 -0.9847
vn 0.0876 -0.0061 -0.9961
vn 0.0005 -0.0046 -1.0000
vn -0.0867 -0.0031 -0.9962
vn 0.5003 -0.0126 -0.8658
vn 0.4229 -0.0115 -0.9061
vn 0.3424 -0.0102 -0.9395
vn 0.2592 -0.0089 -0.9658
vn 0.7661 -0.0162 -0.6426
vn 0.7072 -0.0154 -0.7068
vn 0.6429 -0.0146 -0.7658
vn 0.5738 -0.0137 -0.8189
vn 0.9395 -0.0178 -0.3420
vn 0.9062 -0.0175 -0.4225
vn 0.8660 -0.0172 -0.4998
vn 0.8191 -0.0167 -0.5733
vn 0.9999 -0.0172 -0.0001
vn 0.9960 -0.0176 -0.0872
vn 0.9846 -0.0178 -0.1737
vn 0.9658 -0.0178 -0.2588
vn -0.8165 0.0665 0.5735
vn -0.9038 0.0697 0.4223
vn -0.7043 0.0612 0.7072
vn -0.5707 0.0541 0.8194
vn -0.4197 0.0453 0.9065
vn -0.2560 0.0351 0.9661
vn -0.0845 0.0238 0.9961
vn 0.0895 0.0117 0.9959
vn 0.2607 -0.0006 0.9654
vn 0.4239 -0.0130 0.9056
vn 0.5742 -0.0250 0.8183
vn 0.7071 -0.0363 0.7062
vn 0.8184 -0.0464 0.5728
vn 0.9049 -0.0552 0.4220
vn 0.9640 -0.0623 0.2584
vn 0.9939 -0.0675 0.0871
vn 0.9937 -0.0707 -0.0869
vn 0.9634 -0.0718 -0.2581
vn 0.9040 -0.0707 -0.4216
vn 0.8172 -0.0675 -0.5724
vn 0.7056 -0.0623 -0.7058
vn 0.5727 -0.0552 -0.8179
vn 0.4224 -0.0464 -0.9052
vn 0.2592 -0.0363 -0.9651
vn 0.0881 -0.0250 -0.9958
vn -0.0857 -0.0130 -0.9962
vn -0.2571 -0.0004 -0.9664
vn -0.4204 0.0122 -0.9073
vn -0.5712 0.0243 -0.8204
vn -0.7047 0.0356 -0.7086
vn -0.8167 0.0458 -0.5752
vn -0.9039 0.0546 -0.4243
vn -0.9635 0.0617 -0.2604
vn -0.9938 0.0670 -0.0885
vn -0.9938 0.0702 0.0862
vn -0.9635 0.0711 0.2580
vn -0.9865 0.1401 0.0842
vn -0.9869 0.1337 -0.0903
vn -0.9572 0.1232 -0.2621
vn -0.8982 0.1089 -0.4258
vn -0.8120 0.0913 -0.5765
vn -0.7010 0.0709 -0.7096
vn -0.5687 0.0484 -0.8211
vn -0.4192 0.0244 -0.9076
vn -0.2569 -0.0003 -0.9664
vn -0.0869 -0.0250 -0.9959
vn 0.0856 -0.0489 -0.9951
vn 0.2555 -0.0714 -0.9642
vn 0.4177 -0.0916 -0.9040
vn 0.5671 -0.1091 -0.8164
vn 0.6993 -0.1233 -0.7041
vn 0.8103 -0.1338 -0.5705
vn 0.8968 -0.1402 -0.4197
vn 0.9865 -0.1402 -0.0849
vn 0.9870 -0.1338 0.0890
vn 0.9577 -0.1233 0.2601
vn 0.8993 -0.1091 0.4235
vn 0.8137 -0.0916 0.5740
vn 0.7034 -0.0714 0.7072
vn 0.5717 -0.0489 0.8190
vn 0.4227 -0.0250 0.9059
vn 0.2607 -0.0003 0.9654
vn 0.0908 0.0244 0.9956
vn -0.0820 0.0484 0.9955
vn -0.2523 0.0709 0.9651
vn -0.4149 0.0913 0.9053
vn -0.5650 0.1089 0.8179
vn -0.6979 0.1232 0.7055
vn -0.8095 0.1337 0.5717
vn -0.8965 0.1401 0.4203
vn -0.9745 0.2093 0.0810
vn -0.9754 0.1997 -0.0934
vn -0.9466 0.1840 -0.2649
vn -0.8889 0.1627 -0.4283
vn -0.8041 0.1364 -0.5786
vn -0.6949 0.1060 -0.7113
vn -0.5646 0.0723 -0.8222
vn -0.4171 0.0365 -0.9081
vn -0.2570 -0.0004 -0.9664
vn -0.0891 -0.0373 -0.9953
vn 0.0814 -0.0731 -0.9940
vn 0.2494 -0.1066 -0.9625
vn 0.4098 -0.1369 -0.9019
vn 0.5577 -0.1630 -0.8139
vn 0.6887 -0.1842 -0.7013
vn 0.7988 -0.1998 -0.5675
vn 0.8847 -0.2094 -0.4165
vn 0.9744 -0.2094 -0.0817
vn 0.9755 -0.1998 0.0920
vn 0.9471 -0.1842 0.2630
vn 0.8899 -0.1630 0.4260
vn 0.8058 -0.1369 0.5762
vn 0.6972 -0.1066 0.7089
vn 0.5675 -0.0731 0.8201
vn 0.4205 -0.0373 0.9065
vn 0.2607 -0.0004 0.9654
vn 0.0929 0.0365 0.9950
vn -0.0778 0.0723 0.9943
vn -0.2461 0.1060 0.9634
vn -0.4071 0.1364 0.9032
vn -0.5556 0.1627 0.8154
vn -0.6873 0.1840 0.7027
vn -0.7980 0.1997 0.5686
vn -0.8844 0.2093 0.4171
vn -0.9268 0.2817 0.2484
vn -0.9577 0.2774 0.0765
vn -0.9594 0.2647 -0.0977
vn -0.9318 0.2438 -0.2688
vn -0.8758 0.2156 -0.4318
vn -0.7932 0.1808 -0.5815
vn -0.6864 0.1404 -0.7135
vn -0.5587 0.0959 -0.8238
vn -0.4141 0.0484 -0.9089
vn -0.2570 -0.0006 -0.9664
vn -0.0921 -0.0495 -0.9945
vn 0.0756 -0.0969 -0.9924
vn 0.2409 -0.1413 -0.9602
vn 0.3988 -0.1814 -0.8989
vn 0.5446 -0.2161 -0.8104
vn 0.6739 -0.2441 -0.6973
vn 0.7828 -0.2648 -0.5632
vn 0.8679 -0.2775 -0.4120
vn 0.9576 -0.2775 -0.0772
vn 0.9595 -0.2648 0.0963
vn 0.9323 -0.2441 0.2670
vn 0.8768 -0.2160 0.4295
vn 0.7948 -0.1814 0.5791
vn 0.6887 -0.1413 0.7111
vn 0.5616 -0.0968 0.8217
vn 0.4175 -0.0495 0.9073
vn 0.2606 -0.0006 0.9654
vn 0.0958 0.0484 0.9942
vn -0.0720 0.0959 0.9928
vn -0.2377 0.1404 0.9611
vn -0.3961 0.1808 0.9002
vn -0.5426 0.2156 0.8119
vn -0.6725 0.2438 0.6987
vn -0.7820 0.2647 0.5643
vn -0.8676 0.2774 0.4126
vn -0.9363 0.3441 0.0708
vn -0.9389 0.3283 -0.1032
vn -0.9130 0.3025 -0.2739
vn -0.8592 0.2674 -0.4362
vn -0.7792 0.2242 -0.5853
vn -0.6755 0.1742 -0.7165
vn -0.5513 0.1189 -0.8258
vn -0.4104 0.0600 -0.9099
vn -0.2570 -0.0007 -0.9664
vn -0.0959 -0.0614 -0.9935
vn 0.0681 -0.1201 -0.9904
vn 0.2299 -0.1753 -0.9573
vn 0.3848 -0.2250 -0.8952
vn 0.5279 -0.2680 -0.8059
vn 0.6550 -0.3028 -0.6923
vn 0.7623 -0.3285 -0.5577
vn 0.8465 -0.3442 -0.4062
vn 0.9050 -0.3495 -0.2424
vn 0.9362 -0.3442 -0.0714
vn 0.9390 -0.3285 0.1018
vn 0.9134 -0.3028 0.2720
vn 0.8602 -0.2680 0.4340
vn 0.7808 -0.2250 0.5828
vn 0.6778 -0.1752 0.7141
vn 0.5542 -0.1201 0.8237
vn 0.4137 -0.0614 0.9083
vn 0.2606 -0.0007 0.9654
vn 0.0996 0.0600 0.9932
vn -0.0646 0.1189 0.9908
vn -0.2268 0.1742 0.9582
vn -0.3822 0.2242 0.8965
vn -0.5259 0.2674 0.8074
vn -0.6537 0.3025 0.6937
vn -0.7616 0.3283 0.5588
vn -0.8462 0.3441 0.4069
vn -0.9103 0.4091 0.0638
vn -0.9141 0.3903 -0.1098
vn -0.8901 0.3595 -0.2801
vn -0.8390 0.3179 -0.4417
vn -0.7623 0.2665 -0.5898
vn -0.6624 0.2071 -0.7200
vn -0.5424 0.1414 -0.8282
vn -0.4059 0.0713 -0.9111
vn -0.2571 -0.0008 -0.9664
vn -0.1005 -0.0729 -0.9923
vn 0.0590 -0.1428 -0.9880
vn 0.2167 -0.2083 -0.9538
vn 0.3678 -0.2675 -0.8906
vn 0.5077 -0.3186 -0.8005
vn 0.6322 -0.3600 -0.6861
vn 0.7375 -0.3905 -0.5510
vn 0.8205 -0.4091 -0.3993
vn 0.8786 -0.4154 -0.2355
vn 0.9102 -0.4091 -0.0645
vn 0.9142 -0.3905 0.1085
vn 0.8906 -0.3600 0.2781
vn 0.8399 -0.3186 0.4394
vn 0.7638 -0.2675 0.5874
vn 0.6645 -0.2083 0.7176
vn 0.5451 -0.1428 0.8261
vn 0.4091 -0.0729 0.9096
vn 0.2605 -0.0008 0.9655
vn 0.1041 0.0713 0.9920
vn -0.0556 0.1414 0.9884
vn -0.2136 0.2071 0.9547
vn -0.3652 0.2665 0.8919
vn -0.5057 0.3179 0.8020
vn -0.6309 0.3596 0.6876
vn -0.7367 0.3903 0.5522
vn -0.8202 0.4091 0.3999
vn -0.8799 0.4719 0.0556
vn -0.8851 0.4502 -0.1175
vn -0.8634 0.4148 -0.2872
vn -0.8154 0.3667 -0.4480
vn -0.7425 0.3075 -0.5951
vn -0.6470 0.2389 -0.7241
vn -0.5319 0.1631 -0.8310
vn -0.4006 0.0823 -0.9126
vn -0.2571 -0.0010 -0.9664
vn -0.1059 -0.0841 -0.9908
vn 0.0484 -0.1648 -0.9851
vn 0.2012 -0.2403 -0.9496
vn 0.3479 -0.3086 -0.8853
vn 0.4840 -0.3675 -0.7941
vn 0.6054 -0.4153 -0.6790
vn 0.7085 -0.4505 -0.5433
vn 0.7901 -0.4720 -0.3911
vn 0.8478 -0.4793 -0.2271
vn 0.8798 -0.4720 -0.0563
vn 0.8852 -0.4505 0.1162
vn 0.8638 -0.4153 0.2853
vn 0.8162 -0.3675 0.4458
vn 0.7439 -0.3086 0.5927
vn 0.6491 -0.2403 0.7218
vn 0.5345 -0.1648 0.8290
vn 0.4036 -0.0841 0.9110
vn 0.2605 -0.0009 0.9655
vn 0.1094 0.0823 0.9906
vn -0.0451 0.1631 0.9856
vn -0.1983 0.2389 0.9506
vn -0.3454 0.3075 0.8866
vn -0.4821 0.3667 0.7957
vn -0.6041 0.4148 0.6804
vn -0.7078 0.4502 0.5444
vn -0.7898 0.4719 0.3917
vn -0.8452 0.5324 0.0463
vn -0.8521 0.5079 -0.1264
vn -0.8330 0.4679 -0.2953
vn -0.7884 0.4137 -0.4552
vn -0.7199 0.3469 -0.6012
vn -0.6294 0.2695 -0.7288
vn -0.5199 0.1840 -0.8342
vn -0.3945 0.0928 -0.9142
vn -0.2572 -0.0011 -0.9664
vn -0.1121 -0.0949 -0.9891
vn 0.0363 -0.1858 -0.9819
vn 0.1836 -0.2711 -0.9449
vn 0.3252 -0.3482 -0.8792
vn 0.4570 -0.4146 -0.7869
vn 0.5749 -0.4685 -0.6708
vn 0.6754 -0.5081 -0.5344
vn 0.7554 -0.5325 -0.3818
vn 0.8451 -0.5325 -0.0470
vn 0.8521 -0.5082 0.1251
vn 0.8333 -0.4685 0.2935
vn 0.7893 -0.4146 0.4530
vn 0.7213 -0.3481 0.5988
vn 0.6314 -0.2711 0.7265
vn 0.5224 -0.1858 0.8322
vn 0.3975 -0.0949 0.9127
vn 0.2604 -0.0011 0.9655
vn 0.1154 0.0928 0.9890
vn -0.0331 0.1840 0.9824
vn -0.1807 0.2695 0.9459
vn -0.3229 0.3469 0.8806
vn -0.4552 0.4137 0.7884
vn -0.5737 0.4679 0.6722
vn -0.6747 0.5079 0.5355
vn -0.7552 0.5324 0.3825
vn -0.8065 0.5901 0.0359
vn -0.8151 0.5630 -0.1363
vn -0.7989 0.5187 -0.3045
vn -0.7583 0.4586 -0.4633
vn -0.6947 0.3845 -0.6079
vn -0.6098 0.2987 -0.7341
vn -0.5065 0.2039 -0.8378
vn -0.3878 0.1029 -0.9160
vn -0.2573 -0.0012 -0.9663
vn -0.1190 -0.1052 -0.9873
vn 0.0228 -0.2060 -0.9783
vn 0.1639 -0.3005 -0.9396
vn 0.2999 -0.3859 -0.8724
vn 0.4269 -0.4596 -0.7788
vn 0.5409 -0.5193 -0.6617
vn 0.6384 -0.5633 -0.5245
vn 0.7167 -0.5902 -0.3715
vn 0.8064 -0.5902 -0.0367
vn 0.8152 -0.5633 0.1350
vn 0.7992 -0.5193 0.3026
vn 0.7591 -0.4596 0.4611
vn 0.6960 -0.3859 0.6056
vn 0.6117 -0.3005 0.7318
vn 0.5089 -0.2060 0.8358
vn 0.3906 -0.1052 0.9145
vn 0.2603 -0.0012 0.9655
vn 0.1222 0.1029 0.9872
vn -0.0197 0.2039 0.9788
vn -0.1611 0.2987 0.9406
vn -0.2976 0.3845 0.8738
vn -0.4251 0.4586 0.7804
vn -0.5397 0.5187 0.6631
vn -0.6378 0.5630 0.5256
vn -0.7164 0.5901 0.3721
vn -0.7300 0.6549 0.1957
vn -0.7639 0.6449 0.0246
vn -0.7745 0.6152 -0.1472
vn -0.7615 0.5668 -0.3145
vn -0.7252 0.5011 -0.4721
vn -0.6669 0.4202 -0.6154
vn -0.5883 0.3265 -0.7398
vn -0.4917 0.2228 -0.8417
vn -0.3803 0.1125 -0.9180
vn -0.2574 -0.0013 -0.9663
vn -0.1266 -0.1150 -0.9853
vn 0.0079 -0.2251 -0.9743
vn 0.1422 -0.3284 -0.9338
vn 0.2721 -0.4217 -0.8650
vn 0.3937 -0.5022 -0.7699
vn 0.5034 -0.5674 -0.6516
vn 0.5978 -0.6155 -0.5136
vn 0.6741 -0.6449 -0.3600
vn 0.7638 -0.6449 -0.0253
vn 0.7745 -0.6155 0.1459
vn 0.7618 -0.5675 0.3126
vn 0.7259 -0.5022 0.4699
vn 0.6681 -0.4217 0.6131
vn 0.5900 -0.3284 0.7376
vn 0.4940 -0.2251 0.8398
vn 0.3830 -0.1150 0.9166
vn 0.2603 -0.0013 0.9655
vn 0.1296 0.1125 0.9852
vn -0.0050 0.2228 0.9748
vn -0.1396 0.3265 0.9348
vn -0.2699 0.4202 0.8664
vn -0.3920 0.5011 0.7715
vn -0.5022 0.5668 0.6531
vn -0.5971 0.6152 0.5148
vn -0.6738 0.6449 0.3607
vn -0.7176 0.6963 0.0122
vn -0.7304 0.6643 -0.1590
vn -0.7208 0.6120 -0.3254
vn -0.6893 0.5411 -0.4818
vn -0.6368 0.4537 -0.6235
vn -0.5648 0.3525 -0.7461
vn -0.4758 0.2406 -0.8460
vn -0.3723 0.1214 -0.9201
vn -0.2575 -0.0014 -0.9663
vn -0.1349 -0.1241 -0.9831
vn -0.0082 -0.2431 -0.9700
vn 0.1186 -0.3546 -0.9275
vn 0.2418 -0.4553 -0.8568
vn 0.3577 -0.5422 -0.7603
vn 0.4627 -0.6127 -0.6407
vn 0.5536 -0.6646 -0.5017
vn 0.6278 -0.6964 -0.3476
vn 0.6830 -0.7071 -0.1829
vn 0.7175 -0.6964 -0.0128
vn 0.7303 -0.6646 0.1578
vn 0.7210 -0.6127 0.3235
vn 0.6899 -0.5422 0.4796
vn 0.6378 -0.4553 0.6212
vn 0.5664 -0.3546 0.7439
vn 0.4778 -0.2431 0.8441
vn 0.3747 -0.1242 0.9188
vn 0.2602 -0.0014 0.9656
vn 0.1377 0.1214 0.9830
vn 0.0110 0.2406 0.9706
vn -0.1161 0.3525 0.9286
vn -0.2397 0.4537 0.8583
vn -0.3561 0.5411 0.7618
vn -0.4616 0.6120 0.6422
vn -0.5530 0.6643 0.5029
vn -0.6276 0.6963 0.3483
vn -0.6679 0.7442 -0.0011
vn -0.6829 0.7100 -0.1718
vn -0.6771 0.6541 -0.3371
vn -0.6507 0.5783 -0.4921
vn -0.6044 0.4849 -0.6321
vn -0.5397 0.3768 -0.7528
vn -0.4586 0.2572 -0.8506
vn -0.3636 0.1298 -0.9225
vn -0.2576 -0.0015 -0.9663
vn -0.1437 -0.1327 -0.9807
vn -0.0256 -0.2598 -0.9653
vn 0.0933 -0.3790 -0.9207
vn 0.2093 -0.4866 -0.8482
vn 0.3190 -0.5795 -0.7499
vn 0.4189 -0.6549 -0.6290
vn 0.5062 -0.7103 -0.4891
vn 0.5781 -0.7443 -0.3343
vn 0.6325 -0.7558 -0.1695
vn 0.6678 -0.7443 0.0004
vn 0.6829 -0.7103 0.1704
vn 0.6773 -0.6549 0.3352
vn 0.6512 -0.5796 0.4899
vn 0.6054 -0.4867 0.6298
vn 0.5411 -0.3790 0.7507
vn 0.4605 -0.2598 0.8488
vn 0.3658 -0.1327 0.9212
vn 0.2601 -0.0015 0.9656
vn 0.1463 0.1298 0.9807
vn 0.0281 0.2572 0.9660
vn -0.0910 0.3767 0.9218
vn -0.2073 0.4849 0.8496
vn -0.3174 0.5783 0.7516
vn -0.4178 0.6541 0.6305
vn -0.5056 0.7100 0.4902
vn -0.5779 0.7442 0.3350
vn -0.5789 0.8006 0.1550
vn -0.6151 0.7883 -0.0154
vn -0.6325 0.7521 -0.1853
vn -0.6306 0.6929 -0.3495
vn -0.6096 0.6126 -0.5031
vn -0.5699 0.5137 -0.6414
vn -0.5129 0.3991 -0.7600
vn -0.4403 0.2724 -0.8555
vn -0.3544 0.1375 -0.9249
vn -0.2577 -0.0016 -0.9662
vn -0.1532 -0.1406 -0.9782
vn -0.0440 -0.2752 -0.9604
vn 0.0664 -0.4015 -0.9135
vn 0.1747 -0.5155 -0.8389
vn 0.2778 -0.6139 -0.7389
vn 0.3724 -0.6937 -0.6166
vn 0.4557 -0.7524 -0.4756
vn 0.5252 -0.7884 -0.3202
vn 0.6150 -0.7884 0.0146
vn 0.6324 -0.7524 0.1840
vn 0.6308 -0.6937 0.3477
vn 0.6100 -0.6139 0.5010
vn 0.5708 -0.5155 0.6391
vn 0.5142 -0.4014 0.7579
vn 0.4420 -0.2752 0.8537
vn 0.3564 -0.1406 0.9237
vn 0.2600 -0.0016 0.9656
vn 0.1556 0.1375 0.9782
vn 0.0464 0.2724 0.9611
vn -0.0642 0.3991 0.9147
vn -0.1729 0.5136 0.8404
vn -0.2763 0.6126 0.7405
vn -0.3714 0.6929 0.6181
vn -0.4551 0.7521 0.4767
vn -0.5250 0.7884 0.3207
vn -0.5222 0.8413 0.1400
vn -0.5593 0.8284 -0.0302
vn -0.5793 0.7903 -0.1996
vn -0.5816 0.7281 -0.3627
vn -0.5662 0.6438 -0.5147
vn -0.5336 0.5398 -0.6511
vn -0.4847 0.4194 -0.7676
vn -0.4210 0.2862 -0.8607
vn -0.3446 0.1445 -0.9276
vn -0.2578 -0.0017 -0.9662
vn -0.1631 -0.1477 -0.9755
vn -0.0635 -0.2892 -0.9552
vn 0.0379 -0.4218 -0.9059
vn 0.1383 -0.5417 -0.8291
vn 0.2344 -0.6452 -0.7272
vn 0.3233 -0.7290 -0.6034
vn 0.4025 -0.7907 -0.4613
vn 0.4695 -0.8285 -0.3052
vn 0.5592 -0.8285 0.0296
vn 0.5792 -0.7907 0.1982
vn 0.5817 -0.7289 0.3609
vn 0.5666 -0.6451 0.5127
vn 0.5343 -0.5417 0.6489
vn 0.4858 -0.4219 0.7655
vn 0.4226 -0.2892 0.8589
vn 0.3465 -0.1477 0.9264
vn 0.2599 -0.0017 0.9656
vn 0.1653 0.1445 0.9756
vn 0.0657 0.2863 0.9559
vn -0.0360 0.4194 0.9071
vn -0.1365 0.5398 0.8307
vn -0.2330 0.6437 0.7289
vn -0.3224 0.7281 0.6049
vn -0.4019 0.7903 0.4624
vn -0.4692 0.8284 0.3058
vn -0.4629 0.8777 0.1241
vn -0.5009 0.8643 -0.0458
vn -0.5236 0.8246 -0.2144
vn -0.5303 0.7596 -0.3765
vn -0.5208 0.6716 -0.5270
vn -0.4955 0.5631 -0.6613
vn -0.4551 0.4375 -0.7755
vn -0.4009 0.2986 -0.8661
vn -0.3345 0.1507 -0.9303
vn -0.2579 -0.0017 -0.9662
vn -0.1735 -0.1541 -0.9727
vn -0.0839 -0.3017 -0.9497
vn 0.0082 -0.4402 -0.8979
vn 0.1001 -0.5652 -0.8189
vn 0.1889 -0.6730 -0.7151
vn 0.2719 -0.7605 -0.5896
vn 0.3467 -0.8249 -0.4464
vn 0.4111 -0.8644 -0.2895
vn 0.4629 -0.8777 -0.1240
vn 0.5008 -0.8644 0.0452
vn 0.5235 -0.8250 0.2132
vn 0.5303 -0.7605 0.3746
vn 0.5211 -0.6730 0.5248
vn 0.4961 -0.5652 0.6592
vn 0.4561 -0.4401 0.7735
vn 0.4022 -0.3017 0.8644
vn 0.3361 -0.1541 0.9291
vn 0.2597 -0.0017 0.9657
vn 0.1755 0.1507 0.9729
vn 0.0859 0.2986 0.9505
vn -0.0064 0.4375 0.8992
vn -0.0985 0.5632 0.8204
vn -0.1876 0.6717 0.7167
vn -0.2710 0.7597 0.5911
vn -0.3462 0.8245 0.4475
vn -0.4108 0.8643 0.2903
vn -0.4013 0.9096 0.1074
vn -0.4402 0.8958 -0.0622
vn -0.4657 0.8546 -0.2300
vn -0.4769 0.7873 -0.3907
vn -0.4737 0.6961 -0.5394
vn -0.4560 0.5837 -0.6719
vn -0.4244 0.4535 -0.7838
vn -0.3799 0.3095 -0.8717
vn -0.3239 0.1562 -0.9331
vn -0.2580 -0.0018 -0.9661
vn -0.1844 -0.1597 -0.9698
vn -0.1051 -0.3127 -0.9440
vn -0.0227 -0.4562 -0.8896
vn 0.0604 -0.5857 -0.8082
vn 0.1416 -0.6976 -0.7024
vn 0.2185 -0.7882 -0.5753
vn 0.2888 -0.8550 -0.4309
vn 0.3503 -0.8959 -0.2733
vn 0.4400 -0.8959 0.0616
vn 0.4655 -0.8550 0.2287
vn 0.4769 -0.7882 0.3890
vn 0.4738 -0.6976 0.5375
vn 0.4564 -0.5858 0.6698
vn 0.4252 -0.4562 0.7818
vn 0.3810 -0.3127 0.8701
vn 0.3252 -0.1597 0.9321
vn 0.2596 -0.0018 0.9657
vn 0.1861 0.1562 0.9700
vn 0.1068 0.3095 0.9449
vn 0.0243 0.4534 0.8910
vn -0.0589 0.5837 0.8099
vn -0.1404 0.6961 0.7041
vn -0.2177 0.7873 0.5769
vn -0.2883 0.8546 0.4320
vn -0.3501 0.8958 0.2738
vn -0.3774 0.9227 -0.0789
vn -0.4058 0.8802 -0.2460
vn -0.4218 0.8109 -0.4055
vn -0.4249 0.7169 -0.5527
vn -0.4151 0.6012 -0.6829
vn -0.3926 0.4671 -0.7923
vn -0.3582 0.3188 -0.8775
vn -0.3129 0.1609 -0.9360
vn -0.2581 -0.0019 -0.9661
vn -0.1955 -0.1645 -0.9668
vn -0.1270 -0.3221 -0.9381
vn -0.0546 -0.4699 -0.8810
vn 0.0193 -0.6033 -0.7972
vn 0.0927 -0.7185 -0.6893
vn 0.1633 -0.8119 -0.5605
vn 0.2289 -0.8807 -0.4148
vn 0.2876 -0.9228 -0.2566
vn 0.3376 -0.9369 -0.0905
vn 0.3773 -0.9228 0.0783
vn 0.4056 -0.8807 0.2447
vn 0.4217 -0.8119 0.4037
vn 0.4250 -0.7185 0.5506
vn 0.4154 -0.6033 0.6808
vn 0.3932 -0.4699 0.7903
vn 0.3591 -0.3221 0.8760
vn 0.3141 -0.1645 0.9350
vn 0.2595 -0.0019 0.9657
vn 0.1970 0.1609 0.9671
vn 0.1285 0.3188 0.9391
vn 0.0561 0.4671 0.8824
vn -0.0181 0.6012 0.7989
vn -0.0917 0.7170 0.6910
vn -0.1626 0.8110 0.5620
vn -0.2284 0.8802 0.4159
vn -0.2874 0.9226 0.2572
vn -0.3130 0.9449 -0.0963
vn -0.3443 0.9014 -0.2625
vn -0.3652 0.8305 -0.4207
vn -0.3749 0.7342 -0.5660
vn -0.3731 0.6156 -0.6941
vn -0.3600 0.4783 -0.8010
vn -0.3360 0.3265 -0.8835
vn -0.3017 0.1648 -0.9391
vn -0.2583 -0.0019 -0.9661
vn -0.2070 -0.1685 -0.9637
vn -0.1495 -0.3298 -0.9321
vn -0.0875 -0.4812 -0.8722
vn -0.0228 -0.6179 -0.7859
vn 0.0426 -0.7358 -0.6759
vn 0.1066 -0.8314 -0.5453
vn 0.1674 -0.9019 -0.3982
vn 0.2232 -0.9450 -0.2392
vn 0.3129 -0.9450 0.0957
vn 0.3441 -0.9018 0.2612
vn 0.3650 -0.8314 0.4190
vn 0.3748 -0.7358 0.5641
vn 0.3733 -0.6179 0.6920
vn 0.3604 -0.4812 0.7991
vn 0.3366 -0.3298 0.8820
vn 0.3026 -0.1685 0.9381
vn 0.2594 -0.0019 0.9658
vn 0.2082 0.1648 0.9641
vn 0.1508 0.3265 0.9331
vn 0.0887 0.4783 0.8737
vn 0.0239 0.6156 0.7877
vn -0.0416 0.7342 0.6776
vn -0.1059 0.8305 0.5469
vn -0.1670 0.9014 0.3995
vn -0.2229 0.9449 0.2398
vn -0.2472 0.9622 -0.1139
vn -0.2816 0.9180 -0.2793
vn -0.3073 0.8457 -0.4362
vn -0.3237 0.7477 -0.5797
vn -0.3303 0.6270 -0.7056
vn -0.3267 0.4871 -0.8099
vn -0.3133 0.3325 -0.8896
vn -0.2902 0.1678 -0.9421
vn -0.2584 -0.0019 -0.9660
vn -0.2187 -0.1716 -0.9606
vn -0.1724 -0.3359 -0.9260
vn -0.1209 -0.4900 -0.8633
vn -0.0658 -0.6292 -0.7744
vn -0.0087 -0.7494 -0.6621
vn 0.0487 -0.8467 -0.5298
vn 0.1046 -0.9185 -0.3814
vn 0.1574 -0.9624 -0.2216
vn 0.2053 -0.9771 -0.0550
vn 0.2471 -0.9624 0.1132
vn 0.2813 -0.9184 0.2781
vn 0.3071 -0.8467 0.4345
vn 0.3236 -0.7493 0.5778
vn 0.3302 -0.6292 0.7036
vn 0.3269 -0.4900 0.8081
vn 0.3136 -0.3359 0.8881
vn 0.2909 -0.1716 0.9413
vn 0.2592 -0.0019 0.9658
vn 0.2197 0.1678 0.9610
vn 0.1735 0.3325 0.9270
vn 0.1220 0.4871 0.8648
vn 0.0668 0.6269 0.7762
vn 0.0095 0.7477 0.6640
vn -0.0481 0.8457 0.5314
vn -0.1042 0.9180 0.3827
vn -0.1572 0.9622 0.2222
vn -0.1375 0.9898 0.0369
vn -0.1804 0.9747 -0.1318
vn -0.2178 0.9299 -0.2964
vn -0.2486 0.8567 -0.4519
vn -0.2718 0.7575 -0.5936
vn -0.2867 0.6351 -0.7173
vn -0.2929 0.4934 -0.8190
vn -0.2901 0.3368 -0.8958
vn -0.2786 0.1700 -0.9453
vn -0.2585 -0.0020 -0.9660
vn -0.2307 -0.1738 -0.9574
vn -0.1958 -0.3403 -0.9197
vn -0.1550 -0.4964 -0.8542
vn -0.1095 -0.6374 -0.7627
vn -0.0607 -0.7590 -0.6482
vn -0.0101 -0.8577 -0.5140
vn 0.0409 -0.9304 -0.3643
vn 0.0905 -0.9748 -0.2038
vn 0.1803 -0.9748 0.1312
vn 0.2176 -0.9304 0.2951
vn 0.2483 -0.8577 0.4502
vn 0.2715 -0.7591 0.5917
vn 0.2865 -0.6374 0.7153
vn 0.2928 -0.4964 0.8172
vn 0.2903 -0.3403 0.8944
vn 0.2789 -0.1738 0.9445
vn 0.2591 -0.0020 0.9659
vn 0.2314 0.1700 0.9579
vn 0.1966 0.3368 0.9208
vn 0.1558 0.4934 0.8557
vn 0.1103 0.6351 0.7645
vn 0.0614 0.7574 0.6500
vn 0.0107 0.8567 0.5157
vn -0.0405 0.9299 0.3656
vn -0.0903 0.9747 0.2043
vn -0.1129 0.9823 -0.1498
vn -0.1534 0.9370 -0.3137
vn -0.1893 0.8633 -0.4679
vn -0.2193 0.7632 -0.6077
vn -0.2427 0.6400 -0.7291
vn -0.2587 0.4972 -0.8281
vn -0.2668 0.3394 -0.9020
vn -0.2668 0.1713 -0.9484
vn -0.2587 -0.0020 -0.9660
vn -0.2427 -0.1751 -0.9542
vn -0.2194 -0.3429 -0.9134
vn -0.1894 -0.5002 -0.8449
vn -0.1536 -0.6424 -0.7508
vn -0.1133 -0.7649 -0.6341
vn -0.0695 -0.8643 -0.4982
vn -0.0236 -0.9376 -0.3470
vn 0.0230 -0.9824 -0.1856
vn 0.1127 -0.9824 0.1492
vn 0.1531 -0.9375 0.3124
vn 0.1889 -0.8643 0.4662
vn 0.2190 -0.7649 0.6058
vn 0.2424 -0.6423 0.7271
vn 0.2585 -0.5002 0.8264
vn 0.2667 -0.3429 0.9007
vn 0.2669 -0.1751 0.9477
vn 0.2590 -0.0020 0.9659
vn 0.2431 0.1713 0.9547
vn 0.2199 0.3394 0.9146
vn 0.1900 0.4972 0.8466
vn 0.1543 0.6400 0.7527
vn 0.1139 0.7633 0.6360
vn 0.0700 0.8633 0.4998
vn 0.0240 0.9370 0.3484
vn -0.0228 0.9822 0.1862
usemtl None
s 1
f 1//1 2//2 3//3
f 3//3 2//2 4//4
f 3//3 4//4 5//5
f 5//5 4//4 6//6
f 5//5 6//6 7//7
f 7//7 6//6 8//8
f 7//7 8//8 9//9
f 9//9 8//8 10//10
f 9//9 10//10 11//11
f 11//11 10//10 12//12
f 11//11 12//12 13//13
f 13//13 12//12 14//14
f 13//13 14//14 15//15
f 15//15 14//14 16//16
f 15//15 16//16 17//17
f 17//17 16//16 18//18
f 17//17 18//18 19//19
f 19//19 18//18 20//20
f 19//19 20//20 21//21
f 21//21 20//20 22//22
f 21//21 22//22 23//23
f 23//23 22//22 24//24
f 23//23 24//24 25//25
f 25//25 24//24 26//26
f 25//25 26//26 27//27
f 27//27 26//26 28//28
f 27//27 28//28 29//29
f 29//29 28//28 30//30
f 29//29 30//30 31//31
f 31//31 30//30 32//32
f 31//31 32//32 33//33
f 33//33 32//32 34//34
f 33//33 34//34 35//35
f 35//35 34//34 36//36
f 35//35 36//36 37//37
f 37//37 36//36 38//38
f 37//37 38//38 39//39
f 39//39 38//38 40//40
f 39//39 40//40 41//41
f 41//41 40//40 42//42
f 41//41 42//42 43//43
f 43//43 42//42 44//44
f 43//43 44//44 45//45
f 45//45 44//44 46//46
f 45//45 46//46 47//47
f 47//47 46//46 48//48
f 47//47 48//48 49//49
f 49//49 48//48 50//50
f 49//49 50//50 51//51
f 51//51 50//50 52//52
f 51//51 52//52 53//53
f 53//53 52//52 54//54
f 53//53 54//54 55//55
f 55//55 54//54 56//56
f 55//55 56//56 57//57
f 57//57 56//56 58//58
f 57//57 58//58 59//59
f 59//59 58//58 60//60
f 59//59 60//60 61//61
f 61//61 60//60 62//62
f 61//61 62//62 63//63
f 63//63 62//62 64//64
f 63//63 64//64 65//65
f 65//65 64//64 66//66
f 65//65 66//66 67//67
f 67//67 66//66 68//68
f 67//67 68//68 69//69
f 69//69 68//68 70//70
f 69//69 70//70 71//71
f 71//71 70//70 72//72
f 71//71 72//72 1//1
f 1//1 72//72 2//2
f 73//73 12//12 74//74
f 74//74 12//12 10//10
f 74//74 10//10 75//75
f 75//75 10//10 8//8
f 75//75 8//8 76//76
f 76//76 8//8 6//6
f 76//76 6//6 77//77
f 77//77 6//6 4//4
f 77//77 4//4 78//78
f 78//78 4//4 2//2
f 78//78 2//2 79//79
f 79//79 2//2 72//72
f 79//79 72//72 80//80
f 80//80 72//72 70//70
f 80//80 70//70 81//81
f 81//81 70//70 68//68
f 81//81 68//68 82//82
f 82//82 68//68 66//66
f 82//82 66//66 83//83
f 83//83 66//66 64//64
f 83//83 64//64 84//84
f 84//84 64//64 62//62
f 84//84 62//62 85//85
f 85//85 62//62 60//60
f 85//85 60//60 86//86
f 86//86 60//60 58//58
f 86//86 58//58 87//87
f 87//87 58//58 56//56
f 87//87 56//56 88//88
f 88//88 56//56 54//54
f 88//88 54//54 89//89
f 89//89 54//54 52//52
f 89//89 52//52 90//90
f 90//90 52//52 50//50
f 90//90 50//50 91//91
f 91//91 50//50 48//48
f 91//91 48//48 92//92
f 92//92 48//48 46//46
f 92//92 46//46 93//93
f 93//93 46//46 44//44
f 93//93 44//44 94//94
f 94//94 44//44 42//42
f 94//94 42//42 95//95
f 95//95 42//42 40//40
f 95//95 40//40 96//96
f 96//96 40//40 38//38
f 96//96 38//38 97//97
f 97//97 38//38 36//36
f 97//97 36//36 98//98
f 98//98 36//36 34//34
f 98//98 34//34 99//99
f 99//99 34//34 32//32
f 99//99 32//32 100//100
f 100//100 32//32 30//30
f 100//100 30//30 101//101
f 101//101 30//30 28//28
f 101//101 28//28 102//102
f 102//102 28//28 26//26
f 102//102 26//26 103//103
f 103//103 26//26 24//24
f 103//103 24//24 104//104
f 104//104 24//24 22//22
f 104//104 22//22 105//105
f 105//105 22//22 20//20
f 105//105 20//20 106//106
f 106//106 20//20 18//18
f 106//106 18//18 107//107
f 107//107 18//18 16//16
f 107//107 16//16 108//108
f 108//108 16//16 14//14
f 108//108 14//14 73//73
f 73//73 14//14 12//12
f 109//109 110//110 111//111
f 111//111 110//110 112//112
f 111//111 112//112 113//113
f 113//113 112//112 114//114
f 113//113 114//114 115//115
f 115//115 114//114 116//116
f 115//115 116//116 117//117
f 117//117 116//116 118//118
f 117//117 118//118 119//119
f 119//119 118//118 120//120
f 119//119 120//120 121//121
f 121//121 120//120 122//122
f 121//121 122//122 123//123
f 123//123 122//122 124//124
f 123//123 124//124 125//125
f 125//125 124//124 126//126
f 125//125 126//126 127//127
f 127//127 126//126 128//128
f 127//127 128//128 129//129
f 129//129 128//128 130//130
f 129//129 130//130 131//131
f 131//131 130//130 132//132
f 131//131 132//132 133//133
f 133//133 132//132 134//134
f 133//133 134//134 135//135
f 135//135 134//134 136//136
f 135//135 136//136 137//137
f 137//137 136//136 138//138
f 137//137 138//138 139//139
f 139//139 138//138 140//140
f 139//139 140//140 141//141
f 141//141 140//140 142//142
f 141//141 142//142 143//143
f 143//143 142//142 144//144
f 143//143 144//144 145//145
f 145//145 144//144 146//146
f 145//145 146//146 147//147
f 147//147 146//146 148//148
f 147//147 148//148 149//149
f 149//149 148//148 150//150
f 149//149 150//150 151//151
f 151//151 150//150 152//152
f 151//151 152//152 153//153
f 153//153 152//152 154//154
f 153//153 154//154 155//155
f 155//155 154//154 156//156
f 155//155 156//156 157//157
f 157//157 156//156 158//158
f 157//157 158//158 159//159
f 159//159 158//158 160//160
f 159//159 160//160 161//161
f 161//161 160//160 162//162
f 161//161 162//162 163//163
f 163//163 162//162 164//164
f 163//163 164//164 165//165
f 165//165 164//164 166//166
f 165//165 166//166 167//167
f 167//167 166//166 168//168
f 167//167 168//168 169//169
f 169//169 168//168 170//170
f 169//169 170//170 171//171
f 171//171 170//170 172//172
f 171//171 172//172 173//173
f 173//173 172//172 174//174
f 173//173 174//174 175//175
f 175//175 174//174 176//176
f 175//175 176//176 177//177
f 177//177 176//176 178//178
f 177//177 178//178 179//179
f 179//179 178//178 180//180
f 179//179 180//180 181//181
f 181//181 180//180 182//182
f 181//181 182//182 109//109
f 109//109 182//182 110//110
f 183//183 184//184 185//185
f 183//183 185//185 186//186
f 184//184 183//183 187//187
f 187//187 183//183 188//188
f 187//187 188//188 189//189
f 189//189 188//188 190//190
f 190//190 188//188 191//191
f 190//190 191//191 192//192
f 192//192 191//191 193//193
f 193//193 191//191 194//194
f 193//193 194//194 195//195
f 195//195 194//194 196//196
f 196//196 194//194 197//197
f 196//196 197//197 198//198
f 198//198 197//197 199//199
f 199//199 197//197 200//200
f 199//199 200//200 201//201
f 201//201 200//200 202//202
f 202//202 200//200 203//203
f 202//202 203//203 204//204
f 204//204 203//203 205//205
f 205//205 203//203 206//206
f 205//205 206//206 207//207
f 207//207 206//206 208//208
f 208//208 206//206 209//209
f 208//208 209//209 210//210
f 210//210 209//209 211//211
f 211//211 209//209 212//212
f 211//211 212//212 213//213
f 213//213 212//212 214//214
f 214//214 212//212 215//215
f 214//214 215//215 216//216
f 216//216 215//215 217//217
f 217//217 215//215 218//218
f 217//217 218//218 219//219
f 219//219 218//218 220//220
f 220//220 218//218 221//221
f 220//220 221//221 222//222
f 222//222 221//221 223//223
f 223//223 221//221 224//224
f 223//223 224//224 225//225
f 225//225 224//224 226//226
f 226//226 224//224 227//227
f 226//226 227//227 228//228
f 228//228 227//227 229//229
f 229//229 227//227 230//230
f 229//229 230//230 231//231
f 231//231 230//230 232//232
f 232//232 230//230 233//233
f 232//232 233//233 234//234
f 234//234 233//233 235//235
f 235//235 233//233 236//236
f 235//235 236//236 237//237
f 237//237 236//236 238//238
f 238//238 236//236 239//239
f 238//238 239//239 240//240
f 240//240 239//239 241//241
f 241//241 239//239 242//242
f 241//241 242//242 243//243
f 243//243 242//242 244//244
f 244//244 242//242 245//245
f 244//244 245//245 246//246
f 246//246 245//245 247//247
f 247//247 245//245 248//248
f 247//247 248//248 249//249
f 249//249 248//248 250//250
f 250//250 248//248 251//251
f 250//250 251//251 252//252
f 252//252 251//251 253//253
f 253//253 251//251 254//254
f 253//253 254//254 255//255
f 255//255 254//254 256//256
f 256//256 254//254 257//257
f 256//256 257//257 258//258
f 258//258 257//257 259//259
f 259//259 257//257 260//260
f 259//259 260//260 261//261
f 262//262 263//263 264//264
f 264//264 265//265 262//262
f 262//262 265//265 266//266
f 262//262 266//266 260//260
f 260//260 266//266 267//267
f 260//260 267//267 261//261
f 268//268 269//269 270//270
f 270//270 271//271 268//268
f 268//268 271//271 272//272
f 268//268 272//272 263//263
f 263//263 272//272 273//273
f 263//263 273//273 264//264
f 274//274 275//275 276//276
f 276//276 277//277 274//274
f 274//274 277//277 278//278
f 274//274 278//278 269//269
f 269//269 278//278 279//279
f 269//269 279//279 270//270
f 280//280 281//281 282//282
f 282//282 283//283 280//280
f 280//280 283//283 284//284
f 280//280 284//284 275//275
f 275//275 284//284 285//285
f 275//275 285//285 276//276
f 185//185 286//286 186//186
f 186//186 286//286 287//287
f 186//186 287//287 288//288
f 288//288 287//287 289//289
f 288//288 289//289 281//281
f 281//281 289//289 290//290
f 281//281 290//290 282//282
f 288//288 291//291 186//186
f 186//186 291//291 292//292
f 186//186 292//292 183//183
f 183//183 292//292 293//293
f 183//183 293//293 188//188
f 188//188 293//293 294//294
f 188//188 294//294 191//191
f 191//191 294//294 295//295
f 191//191 295//295 194//194
f 194//194 295//295 296//296
f 194//194 296//296 197//197
f 197//197 296//296 297//297
f 197//197 297//297 200//200
f 200//200 297//297 298//298
f 200//200 298//298 203//203
f 203//203 298//298 299//299
f 203//203 299//299 206//206
f 206//206 299//299 300//300
f 206//206 300//300 209//209
f 209//209 300//300 301//301
f 209//209 301//301 212//212
f 212//212 301//301 302//302
f 212//212 302//302 215//215
f 215//215 302//302 303//303
f 215//215 303//303 218//218
f 218//218 303//303 304//304
f 218//218 304//304 221//221
f 221//221 304//304 305//305
f 221//221 305//305 224//224
f 224//224 305//305 306//306
f 224//224 306//306 227//227
f 227//227 306//306 307//307
f 227//227 307//307 230//230
f 230//230 307//307 308//308
f 230//230 308//308 233//233
f 233//233 308//308 309//309
f 233//233 309//309 236//236
f 236//236 309//309 310//310
f 236//236 310//310 239//239
f 239//239 310//310 311//311
f 239//239 311//311 242//242
f 242//242 311//311 312//312
f 242//242 312//312 245//245
f 245//245 312//312 313//313
f 245//245 313//313 248//248
f 248//248 313//313 314//314
f 248//248 314//314 251//251
f 251//251 314//314 315//315
f 251//251 315//315 254//254
f 254//254 315//315 316//316
f 254//254 316//316 257//257
f 257//257 316//316 317//317
f 257//257 317//317 260//260
f 260//260 317//317 318//318
f 260//260 318//318 262//262
f 262//262 318//318 319//319
f 262//262 319//319 263//263
f 263//263 319//319 320//320
f 263//263 320//320 268//268
f 268//268 320//320 321//321
f 268//268 321//321 269//269
f 269//269 321//321 322//322
f 269//269 322//322 274//274
f 274//274 322//322 323//323
f 274//274 323//323 275//275
f 275//275 323//323 324//324
f 275//275 324//324 280//280
f 280//280 324//324 325//325
f 280//280 325//325 281//281
f 281//281 325//325 326//326
f 281//281 326//326 288//288
f 288//288 326//326 291//291
f 291//291 327//327 292//292
f 292//292 327//327 328//328
f 292//292 328//328 293//293
f 293//293 328//328 329//329
f 293//293 329//329 294//294
f 294//294 329//329 330//330
f 294//294 330//330 295//295
f 295//295 330//330 331//331
f 295//295 331//331 296//296
f 296//296 331//331 332//332
f 296//296 332//332 297//297
f 297//297 332//332 333//333
f 297//297 333//333 298//298
f 298//298 333//333 334//334
f 298//298 334//334 299//299
f 299//299 334//334 335//335
f 299//299 335//335 300//300
f 300//300 335//335 336//336
f 300//300 336//336 301//301
f 301//301 336//336 337//337
f 301//301 337//337 302//302
f 302//302 337//337 338//338
f 302//302 338//338 303//303
f 303//303 338//338 339//339
f 303//303 339//339 304//304
f 304//304 339//339 340//340
f 304//304 340//340 305//305
f 305//305 340//340 341//341
f 305//305 341//341 306//306
f 306//306 341//341 342//342
f 306//306 342//342 307//307
f 307//307 342//342 343//343
f 307//307 343//343 308//308
f 308//308 343//343 344//344
f 308//308 344//344 309//309
f 309//309 344//344 345//345
f 309//309 345//345 310//310
f 310//310 345//345 346//346
f 310//310 346//346 311//311
f 311//311 346//346 347//347
f 311//311 347//347 312//312
f 312//312 347//347 348//348
f 312//312 348//348 313//313
f 313//313 348//348 349//349
f 313//313 349//349 314//314
f 314//314 349//349 350//350
f 314//314 350//350 315//315
f 315//315 350//350 351//351
f 315//315 351//351 316//316
f 316//316 351//351 352//352
f 316//316 352//352 317//317
f 317//317 352//352 353//353
f 317//317 353//353 318//318
f 318//318 353//353 354//354
f 318//318 354//354 319//319
f 319//319 354//354 355//355
f 319//319 355//355 320//320
f 320//320 355//355 356//356
f 320//320 356//356 321//321
f 321//321 356//356 357//357
f 321//321 357//357 322//322
f 322//322 357//357 358//358
f 322//322 358//358 323//323
f 323//323 358//358 359//359
f 323//323 359//359 324//324
f 324//324 359//359 360//360
f 324//324 360//360 325//325
f 325//325 360//360 361//361
f 325//325 361//361 326//326
f 326//326 361//361 362//362
f 326//326 362//362 291//291
f 291//291 362//362 327//327
f 327//327 363//363 328//328
f 328//328 363//363 364//364
f 328//328 364//364 329//329
f 329//329 364//364 365//365
f 329//329 365//365 330//330
f 330//330 365//365 366//366
f 330//330 366//366 331//331
f 331//331 366//366 367//367
f 331//331 367//367 332//332
f 332//332 367//367 368//368
f 332//332 368//368 333//333
f 333//333 368//368 369//369
f 333//333 369//369 334//334
f 334//334 369//369 370//370
f 334//334 370//370 335//335
f 335//335 370//370 371//371
f 335//335 371//371 336//336
f 336//336 371//371 372//372
f 336//336 372//372 337//337
f 337//337 372//372 373//373
f 337//337 373//373 338//338
f 338//338 373//373 374//374
f 338//338 374//374 339//339
f 339//339 374//374 375//375
f 339//339 375//375 340//340
f 340//340 375//375 376//376
f 340//340 376//376 341//341
f 341//341 376//376 377//377
f 341//341 377//377 342//342
f 342//342 377//377 378//378
f 342//342 378//378 343//343
f 343//343 378//378 379//379
f 343//343 379//379 344//344
f 344//344 379//379 380//380
f 344//344 380//380 345//345
f 345//345 380//380 381//381
f 345//345 381//381 346//346
f 346//346 381//381 382//382
f 346//346 382//382 347//347
f 347//347 382//382 383//383
f 347//347 383//383 348//348
f 348//348 383//383 384//384
f 348//348 384//384 349//349
f 349//349 384//384 385//385
f 349//349 385//385 350//350
f 350//350 385//385 386//386
f 350//350 386//386 351//351
f 351//351 386//386 387//387
f 351//351 387//387 352//352
f 352//352 387//387 388//388
f 352//352 388//388 353//353
f 353//353 388//388 389//389
f 353//353 389//389 354//354
f 354//354 389//389 390//390
f 354//354 390//390 355//355
f 355//355 390//390 391//391
f 355//355 391//391 356//356
f 356//356 391//391 392//392
f 356//356 392//392 357//357
f 357//357 392//392 393//393
f 357//357 393//393 358//358
f 358//358 393//393 394//394
f 358//358 394//394 359//359
f 359//359 394//394 395//395
f 359//359 395//395 360//360
f 360//360 395//395 396//396
f 360//360 396//396 361//361
f 361//361 396//396 397//397
f 361//361 397//397 362//362
f 362//362 397//397 398//398
f 362//362 398//398 327//327
f 327//327 398//398 363//363
f 363//363 399//399 364//364
f 364//364 399//399 400//400
f 364//364 400//400 365//365
f 365//365 400//400 401//401
f 365//365 401//401 366//366
f 366//366 401//401 402//402
f 366//366 402//402 367//367
f 367//367 402//402 403//403
f 367//367 403//403 368//368
f 368//368 403//403 404//404
f 368//368 404//404 369//369
f 369//369 404//404 405//405
f 369//369 405//405 370//370
f 370//370 405//405 406//406
f 370//370 406//406 371//371
f 371//371 406//406 407//407
f 371//371 407//407 372//372
f 372//372 407//407 408//408
f 372//372 408//408 373//373
f 373//373 408//408 409//409
f 373//373 409//409 374//374
f 374//374 409//409 410//410
f 374//374 410//410 375//375
f 375//375 410//410 411//411
f 375//375 411//411 376//376
f 376//376 411//411 412//412
f 376//376 412//412 377//377
f 377//377 412//412 413//413
f 377//377 413//413 378//378
f 378//378 413//413 414//414
f 378//378 414//414 379//379
f 379//379 414//414 415//415
f 379//379 415//415 380//380
f 380//380 415//415 416//416
f 380//380 416//416 381//381
f 381//381 416//416 417//417
f 381//381 417//417 382//382
f 382//382 417//417 418//418
f 382//382 418//418 383//383
f 383//383 418//418 419//419
f 383//383 419//419 384//384
f 384//384 419//419 420//420
f 384//384 420//420 385//385
f 385//385 420//420 421//421
f 385//385 421//421 386//386
f 386//386 421//421 422//422
f 386//386 422//422 387//387
f 387//387 422//422 423//423
f 387//387 423//423 388//388
f 388//388 423//423 424//424
f 388//388 424//424 389//389
f 389//389 424//424 425//425
f 389//389 425//425 390//390
f 390//390 425//425 426//426
f 390//390 426//426 391//391
f 391//391 426//426 427//427
f 391//391 427//427 392//392
f 392//392 427//427 428//428
f 392//392 428//428 393//393
f 393//393 428//428 429//429
f 393//393 429//429 394//394
f 394//394 429//429 430//430
f 394//394 430//430 395//395
f 395//395 430//430 431//431
f 395//395 431//431 396//396
f 396//396 431//431 432//432
f 396//396 432//432 397//397
f 397//397 432//432 433//433
f 397//397 433//433 398//398
f 398//398 433//433 434//434
f 398//398 434//434 363//363
f 363//363 434//434 399//399
f 399//399 435//435 400//400
f 400//400 435//435 436//436
f 400//400 436//436 401//401
f 401//401 436//436 437//437
f 401//401 437//437 402//402
f 402//402 437//437 438//438
f 402//402 438//438 403//403
f 403//403 438//438 439//439
f 403//403 439//439 404//404
f 404//404 439//439 440//440
f 404//404 440//440 405//405
f 405//405 440//440 441//441
f 405//405 441//441 406//406
f 406//406 441//441 442//442
f 406//406 442//442 407//407
f 407//407 442//442 443//443
f 407//407 443//443 408//408
f 408//408 443//443 444//444
f 408//408 444//444 409//409
f 409//409 444//444 445//445
f 409//409 445//445 410//410
f 410//410 445//445 446//446
f 410//410 446//446 411//411
f 411//411 446//446 447//447
f 411//411 447//447 412//412
f 412//412 447//447 448//448
f 412//412 448//448 413//413
f 413//413 448//448 449//449
f 413//413 449//449 414//414
f 414//414 449//449 450//450
f 414//414 450//450 415//415
f 415//415 450//450 451//451
f 415//415 451//451 416//416
f 416//416 451//451 452//452
f 416//416 452//452 417//417
f 417//417 452//452 453//453
f 417//417 453//453 418//418
f 418//418 453//453 454//454
f 418//418 454//454 419//419
f 419//419 454//454 455//455
f 419//419 455//455 420//420
f 420//420 455//455 456//456
f 420//420 456//456 421//421
f 421//421 456//456 457//457
f 421//421 457//457 422//422
f 422//422 457//457 458//458
f 422//422 458//458 423//423
f 423//423 458//458 459//459
f 423//423 459//459 424//424
f 424//424 459//459 460//460
f 424//424 460//460 425//425
f 425//425 460//460 461//461
f 425//425 461//461 426//426
f 426//426 461//461 462//462
f 426//426 462//462 427//427
f 427//427 462//462 463//463
f 427//427 463//463 428//428
f 428//428 463//463 464//464
f 428//428 464//464 429//429
f 429//429 464//464 465//465
f 429//429 465//465 430//430
f 430//430 465//465 466//466
f 430//430 466//466 431//431
f 431//431 466//466 467//467
f 431//431 467//467 432//432
f 432//432 467//467 468//468
f 432//432 468//468 433//433
f 433//433 468//468 469//469
f 433//433 469//469 434//434
f 434//434 469//469 470//470
f 434//434 470//470 399//399
f 399//399 470//470 435//435
f 435//435 471//471 436//436
f 436//436 471//471 472//472
f 436//436 472//472 437//437
f 437//437 472//472 473//473
f 437//437 473//473 438//438
f 438//438 473//473 474//474
f 438//438 474//474 439//439
f 439//439 474//474 475//475
f 439//439 475//475 440//440
f 440//440 475//475 476//476
f 440//440 476//476 441//441
f 441//441 476//476 477//477
f 441//441 477//477 442//442
f 442//442 477//477 478//478
f 442//442 478//478 443//443
f 443//443 478//478 479//479
f 443//443 479//479 444//444
f 444//444 479//479 480//480
f 444//444 480//480 445//445
f 445//445 480//480 481//481
f 445//445 481//481 446//446
f 446//446 481//481 482//482
f 446//446 482//482 447//447
f 447//447 482//482 483//483
f 447//447 483//483 448//448
f 448//448 483//483 484//484
f 448//448 484//484 449//449
f 449//449 484//484 485//485
f 449//449 485//485 450//450
f 450//450 485//485 486//486
f 450//450 486//486 451//451
f 451//451 486//486 487//487
f 451//451 487//487 452//452
f 452//452 487//487 488//488
f 452//452 488//488 453//453
f 453//453 488//488 489//489
f 453//453 489//489 454//454
f 454//454 489//489 490//490
f 454//454 490//490 455//455
f 455//455 490//490 491//491
f 455//455 491//491 456//456
f 456//456 491//491 492//492
f 456//456 492//492 457//457
f 457//457 492//492 493//493
f 457//457 493//493 458//458
f 458//458 493//493 494//494
f 458//458 494//494 459//459
f 459//459 494//494 495//495
f 459//459 495//495 460//460
f 460//460 495//495 496//496
f 460//460 496//496 461//461
f 461//461 496//496 497//497
f 461//461 497//497 462//462
f 462//462 497//497 498//498
f 462//462 498//498 463//463
f 463//463 498//498 499//499
f 463//463 499//499 464//464
f 464//464 499//499 500//500
f 464//464 500//500 465//465
f 465//465 500//500 501//501
f 465//465 501//501 466//466
f 466//466 501//501 502//502
f 466//466 502//502 467//467
f 467//467 502//502 503//503
f 467//467 503//503 468//468
f 468//468 503//503 504//504
f 468//468 504//504 469//469
f 469//469 504//504 505//505
f 469//469 505//505 470//470
f 470//470 505//505 506//506
f 470//470 506//506 435//435
f 435//435 506//506 471//471
f 471//471 507//507 472//472
f 472//472 507//507 508//508
f 472//472 508//508 473//473
f 473//473 508//508 509//509
f 473//473 509//509 474//474
f 474//474 509//509 510//510
f 474//474 510//510 475//475
f 475//475 510//510 511//511
f 475//475 511//511 476//476
f 476//476 511//511 512//512
f 476//476 512//512 477//477
f 477//477 512//512 513//513
f 477//477 513//513 478//478
f 478//478 513//513 514//514
f 478//478 514//514 479//479
f 479//479 514//514 515//515
f 479//479 515//515 480//480
f 480//480 515//515 516//516
f 480//480 516//516 481//481
f 481//481 516//516 517//517
f 481//481 517//517 482//482
f 482//482 517//517 518//518
f 482//482 518//518 483//483
f 483//483 518//518 519//519
f 483//483 519//519 484//484
f 484//484 519//519 520//520
f 484//484 520//520 485//485
f 485//485 520//520 521//521
f 485//485 521//521 486//486
f 486//486 521//521 522//522
f 486//486 522//522 487//487
f 487//487 522//522 523//523
f 487//487 523//523 488//488
f 488//488 523//523 524//524
f 488//488 524//524 489//489
f 489//489 524//524 525//525
f 489//489 525//525 490//490
f 490//490 525//525 526//526
f 490//490 526//526 491//491
f 491//491 526//526 527//527
f 491//491 527//527 492//492
f 492//492 527//527 528//528
f 492//492 528//528 493//493
f 493//493 528//528 529//529
f 493//493 529//529 494//494
f 494//494 529//529 530//530
f 494//494 530//530 495//495
f 495//495 530//530 531//531
f 495//495 531//531 496//496
f 496//496 531//531 532//532
f 496//496 532//532 497//497
f 497//497 532//532 533//533
f 497//497 533//533 498//498
f 498//498 533//533 534//534
f 498//498 534//534 499//499
f 499//499 534//534 535//535
f 499//499 535//535 500//500
f 500//500 535//535 536//536
f 500//500 536//536 501//501
f 501//501 536//536 537//537
f 501//501 537//537 502//502
f 502//502 537//537 538//538
f 502//502 538//538 503//503
f 503//503 538//538 539//539
f 503//503 539//539 504//504
f 504//504 539//539 540//540
f 504//504 540//540 505//505
f 505//505 540//540 541//541
f 505//505 541//541 506//506
f 506//506 541//541 542//542
f 506//506 542//542 471//471
f 471//471 542//542 507//507
f 507//507 543//543 508//508
f 508//508 543//543 544//544
f 508//508 544//544 509//509
f 509//509 544//544 545//545
f 509//509 545//545 510//510
f 510//510 545//545 546//546
f 510//510 546//546 511//511
f 511//511 546//546 547//547
f 511//511 547//547 512//512
f 512//512 547//547 548//548
f 512//512 548//548 513//513
f 513//513 548//548 549//549
f 513//513 549//549 514//514
f 514//514 549//549 550//550
f 514//514 550//550 515//515
f 515//515 550//550 551//551
f 515//515 551//551 516//516
f 516//516 551//551 552//552
f 516//516 552//552 517//517
f 517//517 552//552 553//553
f 517//517 553//553 518//518
f 518//518 553//553 554//554
f 518//518 554//554 519//519
f 519//519 554//554 555//555
f 519//519 555//555 520//520
f 520//520 555//555 556//556
f 520//520 556//556 521//521
f 521//521 556//556 557//557
f 521//521 557//557 522//522
f 522//522 557//557 558//558
f 522//522 558//558 523//523
f 523//523 558//558 559//559
f 523//523 559//559 524//524
f 524//524 559//559 560//560
f 524//524 560//560 525//525
f 525//525 560//560 561//561
f 525//525 561//561 526//526
f 526//526 561//561 562//562
f 526//526 562//562 527//527
f 527//527 562//562 563//563
f 527//527 563//563 528//528
f 528//528 563//563 564//564
f 528//528 564//564 529//529
f 529//529 564//564 565//565
f 529//529 565//565 530//530
f 530//530 565//565 566//566
f 530//530 566//566 531//531
f 531//531 566//566 567//567
f 531//531 567//567 532//532
f 532//532 567//567 568//568
f 532//532 568//568 533//533
f 533//533 568//568 569//569
f 533//533 569//569 534//534
f 534//534 569//569 570//570
f 534//534 570//570 535//535
f 535//535 570//570 571//571
f 535//535 571//571 536//536
f 536//536 571//571 572//572
f 536//536 572//572 537//537
f 537//537 572//572 573//573
f 537//537 573//573 538//538
f 538//538 573//573 574//574
f 538//538 574//574 539//539
f 539//539 574//574 575//575
f 539//539 575//575 540//540
f 540//540 575//575 576//576
f 540//540 576//576 541//541
f 541//541 576//576 577//577
f 541//541 577//577 542//542
f 542//542 577//577 578//578
f 542//542 578//578 507//507
f 507//507 578//578 543//543
f 543//543 579//579 544//544
f 544//544 579//579 580//580
f 544//544 580//580 545//545
f 545//545 580//580 581//581
f 545//545 581//581 546//546
f 546//546 581//581 582//582
f 546//546 582//582 547//547
f 547//547 582//582 583//583
f 547//547 583//583 548//548
f 548//548 583//583 584//584
f 548//548 584//584 549//549
f 549//549 584//584 585//585
f 549//549 585//585 550//550
f 550//550 585//585 586//586
f 550//550 586//586 551//551
f 551//551 586//586 587//587
f 551//551 587//587 552//552
f 552//552 587//587 588//588
f 552//552 588//588 553//553
f 553//553 588//588 589//589
f 553//553 589//589 554//554
f 554//554 589//589 590//590
f 554//554 590//590 555//555
f 555//555 590//590 591//591
f 555//555 591//591 556//556
f 556//556 591//591 592//592
f 556//556 592//592 557//557
f 557//557 592//592 593//593
f 557//557 593//593 558//558
f 558//558 593//593 594//594
f 558//558 594//594 559//559
f 559//559 594//594 595//595
f 559//559 595//595 560//560
f 560//560 595//595 596//596
f 560//560 596//596 561//561
f 561//561 596//596 597//597
f 561//561 597//597 562//562
f 562//562 597//597 598//598
f 562//562 598//598 563//563
f 563//563 598//598 599//599
f 563//563 599//599 564//564
f 564//564 599//599 600//600
f 564//564 600//600 565//565
f 565//565 600//600 601//601
f 565//565 601//601 566//566
f 566//566 601//601 602//602
f 566//566 602//602 567//567
f 567//567 602//602 603//603
f 567//567 603//603 568//568
f 568//568 603//603 604//604
f 568//568 604//604 569//569
f 569//569 604//604 605//605
f 569//569 605//605 570//570
f 570//570 605//605 606//606
f 570//570 606//606 571//571
f 571//571 606//606 607//607
f 571//571 607//607 572//572
f 572//572 607//607 608//608
f 572//572 608//608 573//573
f 573//573 608//608 609//609
f 573//573 609//609 574//574
f 574//574 609//609 610//610
f 574//574 610//610 575//575
f 575//575 610//610 611//611
f 575//575 611//611 576//576
f 576//576 611//611 612//612
f 576//576 612//612 577//577
f 577//577 612//612 613//613
f 577//577 613//613 578//578
f 578//578 613//613 614//614
f 578//578 614//614 543//543
f 543//543 614//614 579//579
f 579//579 615//615 580//580
f 580//580 615//615 616//616
f 580//580 616//616 581//581
f 581//581 616//616 617//617
f 581//581 617//617 582//582
f 582//582 617//617 618//618
f 582//582 618//618 583//583
f 583//583 618//618 619//619
f 583//583 619//619 584//584
f 584//584 619//619 620//620
f 584//584 620//620 585//585
f 585//585 620//620 621//621
f 585//585 621//621 586//586
f 586//586 621//621 622//622
f 586//586 622//622 587//587
f 587//587 622//622 623//623
f 587//587 623//623 588//588
f 588//588 623//623 624//624
f 588//588 624//624 589//589
f 589//589 624//624 625//625
f 589//589 625//625 590//590
f 590//590 625//625 626//626
f 590//590 626//626 591//591
f 591//591 626//626 627//627
f 591//591 627//627 592//592
f 592//592 627//627 628//628
f 592//592 628//628 593//593
f 593//593 628//628 629//629
f 593//593 629//629 594//594
f 594//594 629//629 630//630
f 594//594 630//630 595//595
f 595//595 630//630 631//631
f 595//595 631//631 596//596
f 596//596 631//631 632//632
f 596//596 632//632 597//597
f 597//597 632//632 633//633
f 597//597 633//633 598//598
f 598//598 633//633 634//634
f 598//598 634//634 599//599
f 599//599 634//634 635//635
f 599//599 635//635 600//600
f 600//600 635//635 636//636
f 600//600 636//636 601//601
f 601//601 636//636 637//637
f 601//601 637//637 602//602
f 602//602 637//637 638//638
f 602//602 638//638 603//603
f 603//603 638//638 639//639
f 603//603 639//639 604//604
f 604//604 639//639 640//640
f 604//604 640//640 605//605
f 605//605 640//640 641//641
f 605//605 641//641 606//606
f 606//606 641//641 642//642
f 606//606 642//642 607//607
f 607//607 642//642 643//643
f 607//607 643//643 608//608
f 608//608 643//643 644//644
f 608//608 644//644 609//609
f 609//609 644//644 645//645
f 609//609 645//645 610//610
f 610//610 645//645 646//646
f 610//610 646//646 611//611
f 611//611 646//646 647//647
f 611//611 647//647 612//612
f 612//612 647//647 648//648
f 612//612 648//648 613//613
f 613//613 648//648 649//649
f 613//613 649//649 614//614
f 614//614 649//649 650//650
f 614//614 650//650 579//579
f 579//579 650//650 615//615
f 615//615 651//651 616//616
f 616//616 651//651 652//652
f 616//616 652//652 617//617
f 617//617 652//652 653//653
f 617//617 653//653 618//618
f 618//618 653//653 654//654
f 618//618 654//654 619//619
f 619//619 654//654 655//655
f 619//619 655//655 620//620
f 620//620 655//655 656//656
f 620//620 656//656 621//621
f 621//621 656//656 657//657
f 621//621 657//657 622//622
f 622//622 657//657 658//658
f 622//622 658//658 623//623
f 623//623 658//658 659//659
f 623//623 659//659 624//624
f 624//624 659//659 660//660
f 624//624 660//660 625//625
f 625//625 660//660 661//661
f 625//625 661//661 626//626
f 626//626 661//661 662//662
f 626//626 662//662 627//627
f 627//627 662//662 663//663
f 627//627 663//663 628//628
f 628//628 663//663 664//664
f 628//628 664//664 629//629
f 629//629 664//664 665//665
f 629//629 665//665 630//630
f 630//630 665//665 666//666
f 630//630 666//666 631//631
f 631//631 666//666 667//667
f 631//631 667//667 632//632
f 632//632 667//667 668//668
f 632//632 668//668 633//633
f 633//633 668//668 669//669
f 633//633 669//669 634//634
f 634//634 669//669 670//670
f 634//634 670//670 635//635
f 635//635 670//670 671//671
f 635//635 671//671 636//636
f 636//636 671//671 672//672
f 636//636 672//672 637//637
f 637//637 672//672 673//673
f 637//637 673//673 638//638
f 638//638 673//673 674//674
f 638//638 674//674 639//639
f 639//639 674//674 675//675
f 639//639 675//675 640//640
f 640//640 675//675 676//676
f 640//640 676//676 641//641
f 641//641 676//676 677//677
f 641//641 677//677 642//642
f 642//642 677//677 678//678
f 642//642 678//678 643//643
f 643//643 678//678 679//679
f 643//643 679//679 644//644
f 644//644 679//679 680//680
f 644//644 680//680 645//645
f 645//645 680//680 681//681
f 645//645 681//681 646//646
f 646//646 681//681 682//682
f 646//646 682//682 647//647
f 647//647 682//682 683//683
f 647//647 683//683 648//648
f 648//648 683//683 684//684
f 648//648 684//684 649//649
f 649//649 684//684 685//685
f 649//649 685//685 650//650
f 650//650 685//685 686//686
f 650//650 686//686 615//615
f 615//615 686//686 651//651
f 651//651 687//687 652//652
f 652//652 687//687 688//688
f 652//652 688//688 653//653
f 653//653 688//688 689//689
f 653//653 689//689 654//654
f 654//654 689//689 690//690
f 654//654 690//690 655//655
f 655//655 690//690 691//691
f 655//655 691//691 656//656
f 656//656 691//691 692//692
f 656//656 692//692 657//657
f 657//657 692//692 693//693
f 657//657 693//693 658//658
f 658//658 693//693 694//694
f 658//658 694//694 659//659
f 659//659 694//694 695//695
f 659//659 695//695 660//660
f 660//660 695//695 696//696
f 660//660 696//696 661//661
f 661//661 696//696 697//697
f 661//661 697//697 662//662
f 662//662 697//697 698//698
f 662//662 698//698 663//663
f 663//663 698//698 699//699
f 663//663 699//699 664//664
f 664//664 699//699 700//700
f 664//664 700//700 665//665
f 665//665 700//700 701//701
f 665//665 701//701 666//666
f 666//666 701//701 702//702
f 666//666 702//702 667//667
f 667//667 702//702 703//703
f 667//667 703//703 668//668
f 668//668 703//703 704//704
f 668//668 704//704 669//669
f 669//669 704//704 705//705
f 669//669 705//705 670//670
f 670//670 705//705 706//706
f 670//670 706//706 671//671
f 671//671 706//706 707//707
f 671//671 707//707 672//672
f 672//672 707//707 708//708
f 672//672 708//708 673//673
f 673//673 708//708 709//709
f 673//673 709//709 674//674
f 674//674 709//709 710//710
f 674//674 710//710 675//675
f 675//675 710//710 711//711
f 675//675 711//711 676//676
f 676//676 711//711 712//712
f 676//676 712//712 677//677
f 677//677 712//712 713//713
f 677//677 713//713 678//678
f 678//678 713//713 714//714
f 678//678 714//714 679//679
f 679//679 714//714 715//715
f 679//679 715//715 680//680
f 680//680 715//715 716//716
f 680//680 716//716 681//681
f 681//681 716//716 717//717
f 681//681 717//717 682//682
f 682//682 717//717 718//718
f 682//682 718//718 683//683
f 683//683 718//718 719//719
f 683//683 719//719 684//684
f 684//684 719//719 720//720
f 684//684 720//720 685//685
f 685//685 720//720 721//721
f 685//685 721//721 686//686
f 686//686 721//721 722//722
f 686//686 722//722 651//651
f 651//651 722//722 687//687
f 687//687 723//723 688//688
f 688//688 723//723 724//724
f 688//688 724//724 689//689
f 689//689 724//724 725//725
f 689//689 725//725 690//690
f 690//690 725//725 726//726
f 690//690 726//726 691//691
f 691//691 726//726 727//727
f 691//691 727//727 692//692
f 692//692 727//727 728//728
f 692//692 728//728 693//693
f 693//693 728//728 729//729
f 693//693 729//729 694//694
f 694//694 729//729 730//730
f 694//694 730//730 695//695
f 695//695 730//730 731//731
f 695//695 731//731 696//696
f 696//696 731//731 732//732
f 696//696 732//732 697//697
f 697//697 732//732 733//733
f 697//697 733//733 698//698
f 698//698 733//733 734//734
f 698//698 734//734 699//699
f 699//699 734//734 735//735
f 699//699 735//735 700//700
f 700//700 735//735 736//736
f 700//700 736//736 701//701
f 701//701 736//736 737//737
f 701//701 737//737 702//702
f 702//702 737//737 738//738
f 702//702 738//738 703//703
f 703//703 738//738 739//739
f 703//703 739//739 704//704
f 704//704 739//739 740//740
f 704//704 740//740 705//705
f 705//705 740//740 741//741
f 705//705 741//741 706//706
f 706//706 741//741 742//742
f 706//706 742//742 707//707
f 707//707 742//742 743//743
f 707//707 743//743 708//708
f 708//708 743//743 744//744
f 708//708 744//744 709//709
f 709//709 744//744 745//745
f 709//709 745//745 710//710
f 710//710 745//745 746//746
f 710//710 746//746 711//711
f 711//711 746//746 747//747
f 711//711 747//747 712//712
f 712//712 747//747 748//748
f 712//712 748//748 713//713
f 713//713 748//748 749//749
f 713//713 749//749 714//714
f 714//714 749//749 750//750
f 714//714 750//750 715//715
f 715//715 750//750 751//751
f 715//715 751//751 716//716
f 716//716 751//751 752//752
f 716//716 752//752 717//717
f 717//717 752//752 753//753
f 717//717 753//753 718//718
f 718//718 753//753 754//754
f 718//718 754//754 719//719
f 719//719 754//754 755//755
f 719//719 755//755 720//720
f 720//720 755//755 756//756
f 720//720 756//756 721//721
f 721//721 756//756 757//757
f 721//721 757//757 722//722
f 722//722 757//757 758//758
f 722//722 758//758 687//687
f 687//687 758//758 723//723
f 723//723 759//759 724//724
f 724//724 759//759 760//760
f 724//724 760//760 725//725
f 725//725 760//760 761//761
f 725//725 761//761 726//726
f 726//726 761//761 762//762
f 726//726 762//762 727//727
f 727//727 762//762 763//763
f 727//727 763//763 728//728
f 728//728 763//763 764//764
f 728//728 764//764 729//729
f 729//729 764//764 765//765
f 729//729 765//765 730//730
f 730//730 765//765 766//766
f 730//730 766//766 731//731
f 731//731 766//766 767//767
f 731//731 767//767 732//732
f 732//732 767//767 768//768
f 732//732 768//768 733//733
f 733//733 768//768 769//769
f 733//733 769//769 734//734
f 734//734 769//769 770//770
f 734//734 770//770 735//735
f 735//735 770//770 771//771
f 735//735 771//771 736//736
f 736//736 771//771 772//772
f 736//736 772//772 737//737
f 737//737 772//772 773//773
f 737//737 773//773 738//738
f 738//738 773//773 774//774
f 738//738 774//774 739//739
f 739//739 774//774 775//775
f 739//739 775//775 740//740
f 740//740 775//775 776//776
f 740//740 776//776 741//741
f 741//741 776//776 777//777
f 741//741 777//777 742//742
f 742//742 777//777 778//778
f 742//742 778//778 743//743
f 743//743 778//778 779//779
f 743//743 779//779 744//744
f 744//744 779//779 780//780
f 744//744 780//780 745//745
f 745//745 780//780 781//781
f 745//745 781//781 746//746
f 746//746 781//781 782//782
f 746//746 782//782 747//747
f 747//747 782//782 783//783
f 747//747 783//783 748//748
f 748//748 783//783 784//784
f 748//748 784//784 749//749
f 749//749 784//784 785//785
f 749//749 785//785 750//750
f 750//750 785//785 786//786
f 750//750 786//786 751//751
f 751//751 786//786 787//787
f 751//751 787//787 752//752
f 752//752 787//787 788//788
f 752//752 788//788 753//753
f 753//753 788//788 789//789
f 753//753 789//789 754//754
f 754//754 789//789 790//790
f 754//754 790//790 755//755
f 755//755 790//790 791//791
f 755//755 791//791 756//756
f 756//756 791//791 792//792
f 756//756 792//792 757//757
f 757//757 792//792 793//793
f 757//757 793//793 758//758
f 758//758 793//793 794//794
f 758//758 794//794 723//723
f 723//723 794//794 759//759
f 759//759 795//795 760//760
f 760//760 795//795 796//796
f 760//760 796//796 761//761
f 761//761 796//796 797//797
f 761//761 797//797 762//762
f 762//762 797//797 798//798
f 762//762 798//798 763//763
f 763//763 798//798 799//799
f 763//763 799//799 764//764
f 764//764 799//799 800//800
f 764//764 800//800 765//765
f 765//765 800//800 801//801
f 765//765 801//801 766//766
f 766//766 801//801 802//802
f 766//766 802//802 767//767
f 767//767 802//802 803//803
f 767//767 803//803 768//768
f 768//768 803//803 804//804
f 768//768 804//804 769//769
f 769//769 804//804 805//805
f 769//769 805//805 770//770
f 770//770 805//805 806//806
f 770//770 806//806 771//771
f 771//771 806//806 807//807
f 771//771 807//807 772//772
f 772//772 807//807 808//808
f 772//772 808//808 773//773
f 773//773 808//808 809//809
f 773//773 809//809 774//774
f 774//774 809//809 810//810
f 774//774 810//810 775//775
f 775//775 810//810 811//811
f 775//775 811//811 776//776
f 776//776 811//811 812//812
f 776//776 812//812 777//777
f 777//777 812//812 813//813
f 777//777 813//813 778//778
f 778//778 813//813 814//814
f 778//778 814//814 779//779
f 779//779 814//814 815//815
f 779//779 815//815 780//780
f 780//780 815//815 816//816
f 780//780 816//816 781//781
f 781//781 816//816 817//817
f 781//781 817//817 782//782
f 782//782 817//817 818//818
f 782//782 818//818 783//783
f 783//783 818//818 819//819
f 783//783 819//819 784//784
f 784//784 819//819 820//820
f 784//784 820//820 785//785
f 785//785 820//820 821//821
f 785//785 821//821 786//786
f 786//786 821//821 822//822
f 786//786 822//822 787//787
f 787//787 822//822 823//823
f 787//787 823//823 788//788
f 788//788 823//823 824//824
f 788//788 824//824 789//789
f 789//789 824//824 825//825
f 789//789 825//825 790//790
f 790//790 825//825 826//826
f 790//790 826//826 791//791
f 791//791 826//826 827//827
f 791//791 827//827 792//792
f 792//792 827//827 828//828
f 792//792 828//828 793//793
f 793//793 828//828 829//829
f 793//793 829//829 794//794
f 794//794 829//829 830//830
f 794//794 830//830 759//759
f 759//759 830//830 795//795
f 795//795 831//831 796//796
f 796//796 831//831 832//832
f 796//796 832//832 797//797
f 797//797 832//832 833//833
f 797//797 833//833 798//798
f 798//798 833//833 834//834
f 798//798 834//834 799//799
f 799//799 834//834 835//835
f 799//799 835//835 800//800
f 800//800 835//835 836//836
f 800//800 836//836 801//801
f 801//801 836//836 837//837
f 801//801 837//837 802//802
f 802//802 837//837 838//838
f 802//802 838//838 803//803
f 803//803 838//838 839//839
f 803//803 839//839 804//804
f 804//804 839//839 840//840
f 804//804 840//840 805//805
f 805//805 840//840 841//841
f 805//805 841//841 806//806
f 806//806 841//841 842//842
f 806//806 842//842 807//807
f 807//807 842//842 843//843
f 807//807 843//843 808//808
f 808//808 843//843 844//844
f 808//808 844//844 809//809
f 809//809 844//844 845//845
f 809//809 845//845 810//810
f 810//810 845//845 846//846
f 810//810 846//846 811//811
f 811//811 846//846 847//847
f 811//811 847//847 812//812
f 812//812 847//847 848//848
f 812//812 848//848 813//813
f 813//813 848//848 849//849
f 813//813 849//849 814//814
f 814//814 849//849 850//850
f 814//814 850//850 815//815
f 815//815 850//850 851//851
f 815//815 851//851 816//816
f 816//816 851//851 852//852
f 816//816 852//852 817//817
f 817//817 852//852 853//853
f 817//817 853//853 818//818
f 818//818 853//853 854//854
f 818//818 854//854 819//819
f 819//819 854//854 855//855
f 819//819 855//855 820//820
f 820//820 855//855 856//856
f 820//820 856//856 821//821
f 821//821 856//856 857//857
f 821//821 857//857 822//822
f 822//822 857//857 858//858
f 822//822 858//858 823//823
f 823//823 858//858 859//859
f 823//823 859//859 824//824
f 824//824 859//859 860//860
f 824//824 860//860 825//825
f 825//825 860//860 861//861
f 825//825 861//861 826//826
f 826//826 861//861 862//862
f 826//826 862//862 827//827
f 827//827 862//862 863//863
f 827//827 863//863 828//828
f 828//828 863//863 864//864
f 828//828 864//864 829//829
f 829//829 864//864 865//865
f 829//829 865//865 830//830
f 830//830 865//865 866//866
f 830//830 866//866 795//795
f 795//795 866//866 831//831
f 831//831 867//867 832//832
f 832//832 867//867 868//868
f 832//832 868//868 833//833
f 833//833 868//868 869//869
f 833//833 869//869 834//834
f 834//834 869//869 870//870
f 834//834 870//870 835//835
f 835//835 870//870 871//871
f 835//835 871//871 836//836
f 836//836 871//871 872//872
f 836//836 872//872 837//837
f 837//837 872//872 873//873
f 837//837 873//873 838//838
f 838//838 873//873 874//874
f 838//838 874//874 839//839
f 839//839 874//874 875//875
f 839//839 875//875 840//840
f 840//840 875//875 876//876
f 840//840 876//876 841//841
f 841//841 876//876 877//877
f 841//841 877//877 842//842
f 842//842 877//877 878//878
f 842//842 878//878 843//843
f 843//843 878//878 879//879
f 843//843 879//879 844//844
f 844//844 879//879 880//880
f 844//844 880//880 845//845
f 845//845 880//880 881//881
f 845//845 881//881 846//846
f 846//846 881//881 882//882
f 846//846 882//882 847//847
f 847//847 882//882 883//883
f 847//847 883//883 848//848
f 848//848 883//883 884//884
f 848//848 884//884 849//849
f 849//849 884//884 885//885
f 849//849 885//885 850//850
f 850//850 885//885 886//886
f 850//850 886//886 851//851
f 851//851 886//886 887//887
f 851//851 887//887 852//852
f 852//852 887//887 888//888
f 852//852 888//888 853//853
f 853//853 888//888 889//889
f 853//853 889//889 854//854
f 854//854 889//889 890//890
f 854//854 890//890 855//855
f 855//855 890//890 891//891
f 855//855 891//891 856//856
f 856//856 891//891 892//892
f 856//856 892//892 857//857
f 857//857 892//892 893//893
f 857//857 893//893 858//858
f 858//858 893//893 894//894
f 858//858 894//894 859//859
f 859//859 894//894 895//895
f 859//859 895//895 860//860
f 860//860 895//895 896//896
f 860//860 896//896 861//861
f 861//861 896//896 897//897
f 861//861 897//897 862//862
f 862//862 897//897 898//898
f 862//862 898//898 863//863
f 863//863 898//898 899//899
f 863//863 899//899 864//864
f 864//864 899//899 900//900
f 864//864 900//900 865//865
f 865//865 900//900 901//901
f 865//865 901//901 866//866
f 866//866 901//901 902//902
f 866//866 902//902 831//831
f 831//831 902//902 867//867
f 867//867 903//903 868//868
f 868//868 903//903 904//904
f 868//868 904//904 869//869
f 869//869 904//904 905//905
f 869//869 905//905 870//870
f 870//870 905//905 906//906
f 870//870 906//906 871//871
f 871//871 906//906 907//907
f 871//871 907//907 872//872
f 872//872 907//907 908//908
f 872//872 908//908 873//873
f 873//873 908//908 909//909
f 873//873 909//909 874//874
f 874//874 909//909 910//910
f 874//874 910//910 875//875
f 875//875 910//910 911//911
f 875//875 911//911 876//876
f 876//876 911//911 912//912
f 876//876 912//912 877//877
f 877//877 912//912 913//913
f 877//877 913//913 878//878
f 878//878 913//913 914//914
f 878//878 914//914 879//879
f 879//879 914//914 915//915
f 879//879 915//915 880//880
f 880//880 915//915 916//916
f 880//880 916//916 881//881
f 881//881 916//916 917//917
f 881//881 917//917 882//882
f 882//882 917//917 918//918
f 882//882 918//918 883//883
f 883//883 918//918 919//919
f 883//883 919//919 884//884
f 884//884 919//919 920//920
f 884//884 920//920 885//885
f 885//885 920//920 921//921
f 885//885 921//921 886//886
f 886//886 921//921 922//922
f 886//886 922//922 887//887
f 887//887 922//922 923//923
f 887//887 923//923 888//888
f 888//888 923//923 924//924
f 888//888 924//924 889//889
f 889//889 924//924 925//925
f 889//889 925//925 890//890
f 890//890 925//925 926//926
f 890//890 926//926 891//891
f 891//891 926//926 927//927
f 891//891 927//927 892//892
f 892//892 927//927 928//928
f 892//892 928//928 893//893
f 893//893 928//928 929//929
f 893//893 929//929 894//894
f 894//894 929//929 930//930
f 894//894 930//930 895//895
f 895//895 930//930 931//931
f 895//895 931//931 896//896
f 896//896 931//931 932//932
f 896//896 932//932 897//897
f 897//897 932//932 933//933
f 897//897 933//933 898//898
f 898//898 933//933 934//934
f 898//898 934//934 899//899
f 899//899 934//934 935//935
f 899//899 935//935 900//900
f 900//900 935//935 936//936
f 900//900 936//936 901//901
f 901//901 936//936 937//937
f 901//901 937//937 902//902
f 902//902 937//937 938//938
f 902//902 938//938 867//867
f 867//867 938//938 903//903
f 903//903 939//939 904//904
f 904//904 939//939 940//940
f 904//904 940//940 905//905
f 905//905 940//940 941//941
f 905//905 941//941 906//906
f 906//906 941//941 942//942
f 906//906 942//942 907//907
f 907//907 942//942 943//943
f 907//907 943//943 908//908
f 908//908 943//943 944//944
f 908//908 944//944 909//909
f 909//909 944//944 945//945
f 909//909 945//945 910//910
f 910//910 945//945 946//946
f 910//910 946//946 911//911
f 911//911 946//946 947//947
f 911//911 947//947 912//912
f 912//912 947//947 948//948
f 912//912 948//948 913//913
f 913//913 948//948 949//949
f 913//913 949//949 914//914
f 914//914 949//949 950//950
f 914//914 950//950 915//915
f 915//915 950//950 951//951
f 915//915 951//951 916//916
f 916//916 951//951 952//952
f 916//916 952//952 917//917
f 917//917 952//952 953//953
f 917//917 953//953 918//918
f 918//918 953//953 954//954
f 918//918 954//954 919//919
f 919//919 954//954 955//955
f 919//919 955//955 920//920
f 920//920 955//955 956//956
f 920//920 956//956 921//921
f 921//921 956//956 957//957
f 921//921 957//957 922//922
f 922//922 957//957 958//958
f 922//922 958//958 923//923
f 923//923 958//958 959//959
f 923//923 959//959 924//924
f 924//924 959//959 960//960
f 924//924 960//960 925//925
f 925//925 960//960 961//961
f 925//925 961//961 926//926
f 926//926 961//961 962//962
f 926//926 962//962 927//927
f 927//927 962//962 963//963
f 927//927 963//963 928//928
f 928//928 963//963 964//964
f 928//928 964//964 929//929
f 929//929 964//964 965//965
f 929//929 965//965 930//930
f 930//930 965//965 966//966
f 930//930 966//966 931//931
f 931//931 966//966 967//967
f 931//931 967//967 932//932
f 932//932 967//967 968//968
f 932//932 968//968 933//933
f 933//933 968//968 969//969
f 933//933 969//969 934//934
f 934//934 969//969 970//970
f 934//934 970//970 935//935
f 935//935 970//970 971//971
f 935//935 971//971 936//936
f 936//936 971//971 972//972
f 936//936 972//972 937//937
f 937//937 972//972 973//973
f 937//937 973//973 938//938
f 938//938 973//973 974//974
f 938//938 974//974 903//903
f 903//903 974//974 939//939
f 939//939 975//975 940//940
f 940//940 975//975 976//976
f 940//940 976//976 941//941
f 941//941 976//976 977//977
f 941//941 977//977 942//942
f 942//942 977//977 978//978
f 942//942 978//978 943//943
f 943//943 978//978 979//979
f 943//943 979//979 944//944
f 944//944 979//979 980//980
f 944//944 980//980 945//945
f 945//945 980//980 981//981
f 945//945 981//981 946//946
f 946//946 981//981 982//982
f 946//946 982//982 947//947
f 947//947 982//982 983//983
f 947//947 983//983 948//948
f 948//948 983//983 984//984
f 948//948 984//984 949//949
f 949//949 984//984 985//985
f 949//949 985//985 950//950
f 950//950 985//985 986//986
f 950//950 986//986 951//951
f 951//951 986//986 987//987
f 951//951 987//987 952//952
f 952//952 987//987 988//988
f 952//952 988//988 953//953
f 953//953 988//988 989//989
f 953//953 989//989 954//954
f 954//954 989//989 990//990
f 954//954 990//990 955//955
f 955//955 990//990 991//991
f 955//955 991//991 956//956
f 956//956 991//991 992//992
f 956//956 992//992 957//957
f 957//957 992//992 993//993
f 957//957 993//993 958//958
f 958//958 993//993 994//994
f 958//958 994//994 959//959
f 959//959 994//994 995//995
f 959//959 995//995 960//960
f 960//960 995//995 996//996
f 960//960 996//996 961//961
f 961//961 996//996 997//997
f 961//961 997//997 962//962
f 962//962 997//997 998//998
f 962//962 998//998 963//963
f 963//963 998//998 999//999
f 963//963 999//999 964//964
f 964//964 999//999 1000//1000
f 964//964 1000//1000 965//965
f 965//965 1000//1000 1001//1001
f 965//965 1001//1001 966//966
f 966//966 1001//1001 1002//1002
f 966//966 1002//1002 967//967
f 967//967 1002//1002 1003//1003
f 967//967 1003//1003 968//968
f 968//968 1003//1003 1004//1004
f 968//968 1004//1004 969//969
f 969//969 1004//1004 1005//1005
f 969//969 1005//1005 970//970
f 970//970 1005//1005 1006//1006
f 970//970 1006//1006 971//971
f 971//971 1006//1006 1007//1007
f 971//971 1007//1007 972//972
f 972//972 1007//1007 1008//1008
f 972//972 1008//1008 973//973
f 973//973 1008//1008 1009//1009
f 973//973 1009//1009 974//974
f 974//974 1009//1009 1010//1010
f 974//974 1010//1010 939//939
f 939//939 1010//1010 975//975
f 975//975 55//55 976//976
f 976//976 55//55 57//57
f 976//976 57//57 977//977
f 977//977 57//57 59//59
f 977//977 59//59 978//978
f 978//978 59//59 61//61
f 978//978 61//61 979//979
f 979//979 61//61 63//63
f 979//979 63//63 980//980
f 980//980 63//63 65//65
f 980//980 65//65 981//981
f 981//981 65//65 67//67
f 981//981 67//67 982//982
f 982//982 67//67 69//69
f 982//982 69//69 983//983
f 983//983 69//69 71//71
f 983//983 71//71 984//984
f 984//984 71//71 1//1
f 984//984 1//1 985//985
f 985//985 1//1 3//3
f 985//985 3//3 986//986
f 986//986 3//3 5//5
f 986//986 5//5 987//987
f 987//987 5//5 7//7
f 987//987 7//7 988//988
f 988//988 7//7 9//9
f 988//988 9//9 989//989
f 989//989 9//9 11//11
f 989//989 11//11 990//990
f 990//990 11//11 13//13
f 990//990 13//13 991//991
f 991//991 13//13 15//15
f 991//991 15//15 992//992
f 992//992 15//15 17//17
f 992//992 17//17 993//993
f 993//993 17//17 19//19
f 993//993 19//19 994//994
f 994//994 19//19 21//21
f 994//994 21//21 995//995
f 995//995 21//21 23//23
f 995//995 23//23 996//996
f 996//996 23//23 25//25
f 996//996 25//25 997//997
f 997//997 25//25 27//27
f 997//997 27//27 998//998
f 998//998 27//27 29//29
f 998//998 29//29 999//999
f 999//999 29//29 31//31
f 999//999 31//31 1000//1000
f 1000//1000 31//31 33//33
f 1000//1000 33//33 1001//1001
f 1001//1001 33//33 35//35
f 1001//1001 35//35 1002//1002
f 1002//1002 35//35 37//37
f 1002//1002 37//37 1003//1003
f 1003//1003 37//37 39//39
f 1003//1003 39//39 1004//1004
f 1004//1004 39//39 41//41
f 1004//1004 41//41 1005//1005
f 1005//1005 41//41 43//43
f 1005//1005 43//43 1006//1006
f 1006//1006 43//43 45//45
f 1006//1006 45//45 1007//1007
f 1007//1007 45//45 47//47
f 1007//1007 47//47 1008//1008
f 1008//1008 47//47 49//49
f 1008//1008 49//49 1009//1009
f 1009//1009 49//49 51//51
f 1009//1009 51//51 1010//1010
f 1010//1010 51//51 53//53
f 1010//1010 53//53 975//975
f 975//975 53//53 55//55
f 164//164 162//162 235//235
f 235//235 162//162 234//234
f 234//234 162//162 160//160
f 234//234 160//160 232//232
f 232//232 160//160 231//231
f 231//231 160//160 158//158
f 231//231 158//158 229//229
f 229//229 158//158 228//228
f 228//228 158//158 156//156
f 228//228 156//156 226//226
f 226//226 156//156 225//225
f 225//225 156//156 154//154
f 225//225 154//154 223//223
f 223//223 154//154 222//222
f 222//222 154//154 152//152
f 222//222 152//152 220//220
f 220//220 152//152 219//219
f 219//219 152//152 150//150
f 219//219 150//150 217//217
f 217//217 150//150 216//216
f 216//216 150//150 148//148
f 216//216 148//148 214//214
f 214//214 148//148 213//213
f 213//213 148//148 146//146
f 213//213 146//146 211//211
f 211//211 146//146 210//210
f 210//210 146//146 144//144
f 210//210 144//144 208//208
f 208//208 144//144 207//207
f 207//207 144//144 142//142
f 207//207 142//142 205//205
f 205//205 142//142 140//140
f 205//205 140//140 204//204
f 204//204 140//140 138//138
f 204//204 138//138 202//202
f 202//202 138//138 201//201
f 201//201 138//138 136//136
f 201//201 136//136 199//199
f 199//199 136//136 198//198
f 198//198 136//136 134//134
f 198//198 134//134 196//196
f 196//196 134//134 195//195
f 195//195 134//134 132//132
f 195//195 132//132 193//193
f 193//193 132//132 192//192
f 192//192 132//132 130//130
f 192//192 130//130 190//190
f 190//190 130//130 189//189
f 189//189 130//130 128//128
f 189//189 128//128 187//187
f 187//187 128//128 184//184
f 184//184 128//128 126//126
f 184//184 126//126 185//185
f 185//185 126//126 286//286
f 286//286 126//126 124//124
f 286//286 124//124 287//287
f 122//122 120//120 283//283
f 283//283 282//282 122//122
f 122//122 282//282 290//290
f 122//122 290//290 124//124
f 124//124 290//290 289//289
f 124//124 289//289 287//287
f 118//118 116//116 277//277
f 277//277 276//276 118//118
f 118//118 276//276 285//285
f 118//118 285//285 120//120
f 120//120 285//285 284//284
f 120//120 284//284 283//283
f 114//114 112//112 271//271
f 271//271 270//270 114//114
f 114//114 270//270 279//279
f 114//114 279//279 116//116
f 116//116 279//279 278//278
f 116//116 278//278 277//277
f 110//110 182//182 265//265
f 265//265 264//264 110//110
f 110//110 264//264 273//273
f 110//110 273//273 112//112
f 112//112 273//273 272//272
f 112//112 272//272 271//271
f 180//180 178//178 259//259
f 259//259 261//261 180//180
f 180//180 261//261 267//267
f 180//180 267//267 182//182
f 182//182 267//267 266//266
f 182//182 266//266 265//265
f 176//176 174//174 253//253
f 253//253 255//255 176//176
f 176//176 255//255 256//256
f 176//176 256//256 178//178
f 178//178 256//256 258//258
f 178//178 258//258 259//259
f 172//172 170//170 247//247
f 247//247 249//249 172//172
f 172//172 249//249 250//250
f 172//172 250//250 174//174
f 174//174 250//250 252//252
f 174//174 252//252 253//253
f 168//168 166//166 241//241
f 241//241 243//243 168//168
f 168//168 243//243 244//244
f 168//168 244//244 170//170
f 170//170 244//244 246//246
f 170//170 246//246 247//247
f 235//235 237//237 164//164
f 164//164 237//237 238//238
f 164//164 238//238 166//166
f 166//166 238//238 240//240
f 166//166 240//240 241//241
f 79//79 1011//1011 78//78
f 78//78 1011//1011 1012//1012
f 78//78 1012//1012 77//77
f 77//77 1012//1012 1013//1013
f 77//77 1013//1013 76//76
f 76//76 1013//1013 1014//1014
f 76//76 1014//1014 75//75
f 75//75 1014//1014 1015//1015
f 75//75 1015//1015 74//74
f 74//74 1015//1015 1016//1016
f 74//74 1016//1016 73//73
f 73//73 1016//1016 1017//1017
f 73//73 1017//1017 108//108
f 108//108 1017//1017 1018//1018
f 108//108 1018//1018 107//107
f 107//107 1018//1018 1019//1019
f 107//107 1019//1019 106//106
f 106//106 1019//1019 1020//1020
f 106//106 1020//1020 105//105
f 105//105 1020//1020 1021//1021
f 105//105 1021//1021 104//104
f 104//104 1021//1021 1022//1022
f 104//104 1022//1022 103//103
f 103//103 1022//1022 1023//1023
f 103//103 1023//1023 102//102
f 102//102 1023//1023 1024//1024
f 102//102 1024//1024 101//101
f 101//101 1024//1024 1025//1025
f 101//101 1025//1025 100//100
f 100//100 1025//1025 1026//1026
f 100//100 1026//1026 99//99
f 99//99 1026//1026 1027//1027
f 99//99 1027//1027 98//98
f 98//98 1027//1027 1028//1028
f 98//98 1028//1028 97//97
f 97//97 1028//1028 1029//1029
f 97//97 1029//1029 96//96
f 96//96 1029//1029 1030//1030
f 96//96 1030//1030 95//95
f 95//95 1030//1030 1031//1031
f 95//95 1031//1031 94//94
f 94//94 1031//1031 1032//1032
f 94//94 1032//1032 93//93
f 93//93 1032//1032 1033//1033
f 93//93 1033//1033 92//92
f 92//92 1033//1033 1034//1034
f 92//92 1034//1034 91//91
f 91//91 1034//1034 1035//1035
f 91//91 1035//1035 90//90
f 90//90 1035//1035 1036//1036
f 90//90 1036//1036 89//89
f 89//89 1036//1036 1037//1037
f 89//89 1037//1037 88//88
f 88//88 1037//1037 1038//1038
f 88//88 1038//1038 87//87
f 87//87 1038//1038 1039//1039
f 87//87 1039//1039 86//86
f 86//86 1039//1039 1040//1040
f 86//86 1040//1040 85//85
f 85//85 1040//1040 1041//1041
f 85//85 1041//1041 84//84
f 84//84 1041//1041 1042//1042
f 84//84 1042//1042 83//83
f 83//83 1042//1042 1043//1043
f 83//83 1043//1043 82//82
f 82//82 1043//1043 1044//1044
f 82//82 1044//1044 81//81
f 81//81 1044//1044 1045//1045
f 81//81 1045//1045 80//80
f 80//80 1045//1045 1046//1046
f 80//80 1046//1046 79//79
f 79//79 1046//1046 1011//1011
f 1047//1047 1048//1048 165//165
f 165//165 1048//1048 163//163
f 1047//1047 165//165 1049//1049
f 1049//1049 165//165 167//167
f 1049//1049 167//167 1050//1050
f 1050//1050 167//167 1051//1051
f 1051//1051 167//167 169//169
f 1051//1051 169//169 1052//1052
f 1052//1052 169//169 1053//1053
f 1053//1053 169//169 171//171
f 1053//1053 171//171 1054//1054
f 1054//1054 171//171 1055//1055
f 1055//1055 171//171 173//173
f 1055//1055 173//173 1056//1056
f 1056//1056 173//173 1057//1057
f 1057//1057 173//173 175//175
f 1057//1057 175//175 1058//1058
f 1058//1058 175//175 1059//1059
f 1059//1059 175//175 177//177
f 1059//1059 177//177 1060//1060
f 1060//1060 177//177 1061//1061
f 1061//1061 177//177 179//179
f 1061//1061 179//179 1062//1062
f 1062//1062 179//179 1063//1063
f 1063//1063 179//179 181//181
f 1063//1063 181//181 1064//1064
f 1064//1064 181//181 1065//1065
f 1065//1065 181//181 109//109
f 1065//1065 109//109 1066//1066
f 1066//1066 109//109 1067//1067
f 1067//1067 109//109 111//111
f 1067//1067 111//111 1068//1068
f 1068//1068 111//111 1069//1069
f 1069//1069 111//111 113//113
f 1069//1069 113//113 1070//1070
f 1070//1070 113//113 1071//1071
f 1071//1071 113//113 115//115
f 1071//1071 115//115 1072//1072
f 1072//1072 115//115 1073//1073
f 1073//1073 115//115 117//117
f 1073//1073 117//117 1074//1074
f 1074//1074 117//117 1075//1075
f 1075//1075 117//117 119//119
f 1075//1075 119//119 1076//1076
f 1076//1076 119//119 1077//1077
f 1077//1077 119//119 121//121
f 1077//1077 121//121 1078//1078
f 1078//1078 121//121 1079//1079
f 1079//1079 121//121 123//123
f 1079//1079 123//123 1080//1080
f 125//125 1081//1081 123//123
f 123//123 1081//1081 1082//1082
f 123//123 1082//1082 1080//1080
f 127//127 129//129 1083//1083
f 1083//1083 1084//1084 127//127
f 127//127 1084//1084 1085//1085
f 127//127 1085//1085 125//125
f 125//125 1085//1085 1086//1086
f 125//125 1086//1086 1081//1081
f 131//131 133//133 1087//1087
f 1087//1087 1088//1088 131//131
f 131//131 1088//1088 1089//1089
f 131//131 1089//1089 129//129
f 129//129 1089//1089 1090//1090
f 129//129 1090//1090 1083//1083
f 135//135 137//137 1091//1091
f 1091//1091 1092//1092 135//135
f 135//135 1092//1092 1093//1093
f 135//135 1093//1093 133//133
f 133//133 1093//1093 1094//1094
f 133//133 1094//1094 1087//1087
f 143//143 1095//1095 141//141
f 141//141 1095//1095 1096//1096
f 141//141 1096//1096 139//139
f 139//139 1096//1096 1097//1097
f 139//139 1097//1097 137//137
f 137//137 1097//1097 1098//1098
f 137//137 1098//1098 1091//1091
f 145//145 147//147 1099//1099
f 1099//1099 1100//1100 145//145
f 145//145 1100//1100 1101//1101
f 145//145 1101//1101 143//143
f 143//143 1101//1101 1102//1102
f 143//143 1102//1102 1095//1095
f 149//149 151//151 1103//1103
f 1103//1103 1104//1104 149//149
f 149//149 1104//1104 1105//1105
f 149//149 1105//1105 147//147
f 147//147 1105//1105 1106//1106
f 147//147 1106//1106 1099//1099
f 153//153 155//155 1107//1107
f 1107//1107 1108//1108 153//153
f 153//153 1108//1108 1109//1109
f 153//153 1109//1109 151//151
f 151//151 1109//1109 1110//1110
f 151//151 1110//1110 1103//1103
f 157//157 159//159 1111//1111
f 1111//1111 1112//1112 157//157
f 157//157 1112//1112 1113//1113
f 157//157 1113//1113 155//155
f 155//155 1113//1113 1114//1114
f 155//155 1114//1114 1107//1107
f 1048//1048 1115//1115 163//163
f 163//163 1115//1115 1116//1116
f 163//163 1116//1116 161//161
f 161//161 1116//1116 1117//1117
f 161//161 1117//1117 159//159
f 159//159 1117//1117 1118//1118
f 159//159 1118//1118 1111//1111
f 1119//1119 1075//1075 1076//1076
f 1119//1119 1076//1076 1120//1120
f 1075//1075 1119//1119 1074//1074
f 1074//1074 1119//1119 1121//1121
f 1074//1074 1121//1121 1073//1073
f 1073//1073 1121//1121 1072//1072
f 1072//1072 1121//1121 1122//1122
f 1072//1072 1122//1122 1071//1071
f 1071//1071 1122//1122 1070//1070
f 1070//1070 1122//1122 1123//1123
f 1070//1070 1123//1123 1069//1069
f 1069//1069 1123//1123 1068//1068
f 1068//1068 1123//1123 1124//1124
f 1068//1068 1124//1124 1067//1067
f 1067//1067 1124//1124 1066//1066
f 1066//1066 1124//1124 1125//1125
f 1066//1066 1125//1125 1065//1065
f 1065//1065 1125//1125 1064//1064
f 1064//1064 1125//1125 1126//1126
f 1064//1064 1126//1126 1063//1063
f 1063//1063 1126//1126 1062//1062
f 1062//1062 1126//1126 1127//1127
f 1062//1062 1127//1127 1061//1061
f 1061//1061 1127//1127 1060//1060
f 1060//1060 1127//1127 1128//1128
f 1060//1060 1128//1128 1059//1059
f 1059//1059 1128//1128 1058//1058
f 1058//1058 1128//1128 1129//1129
f 1058//1058 1129//1129 1057//1057
f 1057//1057 1129//1129 1056//1056
f 1056//1056 1129//1129 1130//1130
f 1056//1056 1130//1130 1055//1055
f 1055//1055 1130//1130 1054//1054
f 1054//1054 1130//1130 1131//1131
f 1054//1054 1131//1131 1053//1053
f 1053//1053 1131//1131 1052//1052
f 1052//1052 1131//1131 1132//1132
f 1052//1052 1132//1132 1051//1051
f 1051//1051 1132//1132 1050//1050
f 1050//1050 1132//1132 1133//1133
f 1050//1050 1133//1133 1049//1049
f 1049//1049 1133//1133 1047//1047
f 1047//1047 1133//1133 1134//1134
f 1047//1047 1134//1134 1048//1048
f 1048//1048 1134//1134 1115//1115
f 1115//1115 1134//1134 1135//1135
f 1115//1115 1135//1135 1116//1116
f 1116//1116 1135//1135 1117//1117
f 1117//1117 1135//1135 1136//1136
f 1117//1117 1136//1136 1118//1118
f 1118//1118 1136//1136 1111//1111
f 1111//1111 1136//1136 1137//1137
f 1111//1111 1137//1137 1112//1112
f 1112//1112 1137//1137 1113//1113
f 1113//1113 1137//1137 1138//1138
f 1113//1113 1138//1138 1114//1114
f 1114//1114 1138//1138 1107//1107
f 1107//1107 1138//1138 1139//1139
f 1107//1107 1139//1139 1108//1108
f 1108//1108 1139//1139 1109//1109
f 1109//1109 1139//1139 1140//1140
f 1109//1109 1140//1140 1110//1110
f 1110//1110 1140//1140 1103//1103
f 1103//1103 1140//1140 1141//1141
f 1103//1103 1141//1141 1104//1104
f 1104//1104 1141//1141 1105//1105
f 1105//1105 1141//1141 1142//1142
f 1105//1105 1142//1142 1106//1106
f 1106//1106 1142//1142 1099//1099
f 1099//1099 1142//1142 1143//1143
f 1099//1099 1143//1143 1100//1100
f 1100//1100 1143//1143 1101//1101
f 1101//1101 1143//1143 1144//1144
f 1101//1101 1144//1144 1102//1102
f 1102//1102 1144//1144 1095//1095
f 1095//1095 1144//1144 1145//1145
f 1095//1095 1145//1145 1096//1096
f 1146//1146 1147//1147 1092//1092
f 1092//1092 1091//1091 1146//1146
f 1146//1146 1091//1091 1098//1098
f 1146//1146 1098//1098 1145//1145
f 1145//1145 1098//1098 1097//1097
f 1145//1145 1097//1097 1096//1096
f 1148//1148 1149//1149 1088//1088
f 1088//1088 1087//1087 1148//1148
f 1148//1148 1087//1087 1094//1094
f 1148//1148 1094//1094 1147//1147
f 1147//1147 1094//1094 1093//1093
f 1147//1147 1093//1093 1092//1092
f 1150//1150 1151//1151 1084//1084
f 1084//1084 1083//1083 1150//1150
f 1150//1150 1083//1083 1090//1090
f 1150//1150 1090//1090 1149//1149
f 1149//1149 1090//1090 1089//1089
f 1149//1149 1089//1089 1088//1088
f 1152//1152 1153//1153 1082//1082
f 1082//1082 1081//1081 1152//1152
f 1152//1152 1081//1081 1086//1086
f 1152//1152 1086//1086 1151//1151
f 1151//1151 1086//1086 1085//1085
f 1151//1151 1085//1085 1084//1084
f 1076//1076 1077//1077 1120//1120
f 1120//1120 1077//1077 1078//1078
f 1120//1120 1078//1078 1154//1154
f 1154//1154 1078//1078 1079//1079
f 1154//1154 1079//1079 1153//1153
f 1153//1153 1079//1079 1080//1080
f 1153//1153 1080//1080 1082//1082
f 1155//309 1153//1153 1156//1155
f 1156//1155 1153//1153 1152//1152
f 1156//1155 1152//1152 1157//1156
f 1157//1156 1152//1152 1151//1151
f 1157//1156 1151//1151 1158//1157
f 1158//1157 1151//1151 1150//1150
f 1158//1157 1150//1150 1159//1158
f 1159//1158 1150//1150 1149//1149
f 1159//1158 1149//1149 1160//1159
f 1160//1159 1149//1149 1148//1148
f 1160//1159 1148//1148 1161//1160
f 1161//1160 1148//1148 1147//1147
f 1161//1160 1147//1147 1162//1161
f 1162//1161 1147//1147 1146//1146
f 1162//1161 1146//1146 1163//1162
f 1163//1162 1146//1146 1145//1145
f 1163//1162 1145//1145 1164//1163
f 1164//1163 1145//1145 1144//1144
f 1164//1163 1144//1144 1165//1164
f 1165//1164 1144//1144 1143//1143
f 1165//1164 1143//1143 1166//1165
f 1166//1165 1143//1143 1142//1142
f 1166//1165 1142//1142 1167//1166
f 1167//1166 1142//1142 1141//1141
f 1167//1166 1141//1141 1168//1167
f 1168//1167 1141//1141 1140//1140
f 1168//1167 1140//1140 1169//1168
f 1169//1168 1140//1140 1139//1139
f 1169//1168 1139//1139 1170//1169
f 1170//1169 1139//1139 1138//1138
f 1170//1169 1138//1138 1171//1170
f 1171//1170 1138//1138 1137//1137
f 1171//1170 1137//1137 1172//1171
f 1172//1171 1137//1137 1136//1136
f 1172//1171 1136//1136 1173//291
f 1173//291 1136//1136 1135//1135
f 1173//291 1135//1135 1174//1172
f 1174//1172 1135//1135 1134//1134
f 1174//1172 1134//1134 1175//1173
f 1175//1173 1134//1134 1133//1133
f 1175//1173 1133//1133 1176//1174
f 1176//1174 1133//1133 1132//1132
f 1176//1174 1132//1132 1177//1175
f 1177//1175 1132//1132 1131//1131
f 1177//1175 1131//1131 1178//1176
f 1178//1176 1131//1131 1130//1130
f 1178//1176 1130//1130 1179//1177
f 1179//1177 1130//1130 1129//1129
f 1179//1177 1129//1129 1180//1178
f 1180//1178 1129//1129 1128//1128
f 1180//1178 1128//1128 1181//1179
f 1181//1179 1128//1128 1127//1127
f 1181//1179 1127//1127 1182//1180
f 1182//1180 1127//1127 1126//1126
f 1182//1180 1126//1126 1183//1181
f 1183//1181 1126//1126 1125//1125
f 1183//1181 1125//1125 1184//1182
f 1184//1182 1125//1125 1124//1124
f 1184//1182 1124//1124 1185//1183
f 1185//1183 1124//1124 1123//1123
f 1185//1183 1123//1123 1186//1184
f 1186//1184 1123//1123 1122//1122
f 1186//1184 1122//1122 1187//1185
f 1187//1185 1122//1122 1121//1121
f 1187//1185 1121//1121 1188//1186
f 1188//1186 1121//1121 1119//1119
f 1188//1186 1119//1119 1189//1187
f 1189//1187 1119//1119 1120//1120
f 1189//1187 1120//1120 1190//1188
f 1190//1188 1120//1120 1154//1154
f 1190//1188 1154//1154 1155//309
f 1155//309 1154//1154 1153//1153
f 1191//345 1156//1155 1192//1189
f 1192//1189 1156//1155 1157//1156
f 1192//1189 1157//1156 1193//1190
f 1193//1190 1157//1156 1158//1157
f 1193//1190 1158//1157 1194//1191
f 1194//1191 1158//1157 1159//1158
f 1194//1191 1159//1158 1195//1192
f 1195//1192 1159//1158 1160//1159
f 1195//1192 1160//1159 1196//1193
f 1196//1193 1160//1159 1161//1160
f 1196//1193 1161//1160 1197//1194
f 1197//1194 1161//1160 1162//1161
f 1197//1194 1162//1161 1198//1195
f 1198//1195 1162//1161 1163//1162
f 1198//1195 1163//1162 1199//1196
f 1199//1196 1163//1162 1164//1163
f 1199//1196 1164//1163 1200//1197
f 1200//1197 1164//1163 1165//1164
f 1200//1197 1165//1164 1201//1198
f 1201//1198 1165//1164 1166//1165
f 1201//1198 1166//1165 1202//1199
f 1202//1199 1166//1165 1167//1166
f 1202//1199 1167//1166 1203//1200
f 1203//1200 1167//1166 1168//1167
f 1203//1200 1168//1167 1204//1201
f 1204//1201 1168//1167 1169//1168
f 1204//1201 1169//1168 1205//1202
f 1205//1202 1169//1168 1170//1169
f 1205//1202 1170//1169 1206//1203
f 1206//1203 1170//1169 1171//1170
f 1206//1203 1171//1170 1207//1204
f 1207//1204 1171//1170 1172//1171
f 1207//1204 1172//1171 1208//1205
f 1208//1205 1172//1171 1173//291
f 1208//1205 1173//291 1209//327
f 1209//327 1173//291 1174//1172
f 1209//327 1174//1172 1210//1206
f 1210//1206 1174//1172 1175//1173
f 1210//1206 1175//1173 1211//1207
f 1211//1207 1175//1173 1176//1174
f 1211//1207 1176//1174 1212//1208
f 1212//1208 1176//1174 1177//1175
f 1212//1208 1177//1175 1213//1209
f 1213//1209 1177//1175 1178//1176
f 1213//1209 1178//1176 1214//1210
f 1214//1210 1178//1176 1179//1177
f 1214//1210 1179//1177 1215//1211
f 1215//1211 1179//1177 1180//1178
f 1215//1211 1180//1178 1216//1212
f 1216//1212 1180//1178 1181//1179
f 1216//1212 1181//1179 1217//1213
f 1217//1213 1181//1179 1182//1180
f 1217//1213 1182//1180 1218//1214
f 1218//1214 1182//1180 1183//1181
f 1218//1214 1183//1181 1219//1215
f 1219//1215 1183//1181 1184//1182
f 1219//1215 1184//1182 1220//1216
f 1220//1216 1184//1182 1185//1183
f 1220//1216 1185//1183 1221//1217
f 1221//1217 1185//1183 1186//1184
f 1221//1217 1186//1184 1222//1218
f 1222//1218 1186//1184 1187//1185
f 1222//1218 1187//1185 1223//1219
f 1223//1219 1187//1185 1188//1186
f 1223//1219 1188//1186 1224//1220
f 1224//1220 1188//1186 1189//1187
f 1224//1220 1189//1187 1225//1221
f 1225//1221 1189//1187 1190//1188
f 1225//1221 1190//1188 1226//1222
f 1226//1222 1190//1188 1155//309
f 1226//1222 1155//309 1191//345
f 1191//345 1155//309 1156//1155
f 1227//1223 1192//1189 1228//1224
f 1228//1224 1192//1189 1193//1190
f 1228//1224 1193//1190 1229//1225
f 1229//1225 1193//1190 1194//1191
f 1229//1225 1194//1191 1230//1226
f 1230//1226 1194//1191 1195//1192
f 1230//1226 1195//1192 1231//1227
f 1231//1227 1195//1192 1196//1193
f 1231//1227 1196//1193 1232//1228
f 1232//1228 1196//1193 1197//1194
f 1232//1228 1197//1194 1233//1229
f 1233//1229 1197//1194 1198//1195
f 1233//1229 1198//1195 1234//1230
f 1234//1230 1198//1195 1199//1196
f 1234//1230 1199//1196 1235//1231
f 1235//1231 1199//1196 1200//1197
f 1235//1231 1200//1197 1236//1232
f 1236//1232 1200//1197 1201//1198
f 1236//1232 1201//1198 1237//1233
f 1237//1233 1201//1198 1202//1199
f 1237//1233 1202//1199 1238//1234
f 1238//1234 1202//1199 1203//1200
f 1238//1234 1203//1200 1239//1235
f 1239//1235 1203//1200 1204//1201
f 1239//1235 1204//1201 1240//1236
f 1240//1236 1204//1201 1205//1202
f 1240//1236 1205//1202 1241//1237
f 1241//1237 1205//1202 1206//1203
f 1241//1237 1206//1203 1242//1238
f 1242//1238 1206//1203 1207//1204
f 1242//1238 1207//1204 1243//1239
f 1243//1239 1207//1204 1208//1205
f 1243//1239 1208//1205 1244//1240
f 1244//1240 1208//1205 1209//327
f 1244//1240 1209//327 1245//363
f 1245//363 1209//327 1210//1206
f 1245//363 1210//1206 1246//1241
f 1246//1241 1210//1206 1211//1207
f 1246//1241 1211//1207 1247//1242
f 1247//1242 1211//1207 1212//1208
f 1247//1242 1212//1208 1248//1243
f 1248//1243 1212//1208 1213//1209
f 1248//1243 1213//1209 1249//1244
f 1249//1244 1213//1209 1214//1210
f 1249//1244 1214//1210 1250//1245
f 1250//1245 1214//1210 1215//1211
f 1250//1245 1215//1211 1251//1246
f 1251//1246 1215//1211 1216//1212
f 1251//1246 1216//1212 1252//1247
f 1252//1247 1216//1212 1217//1213
f 1252//1247 1217//1213 1253//1248
f 1253//1248 1217//1213 1218//1214
f 1253//1248 1218//1214 1254//1249
f 1254//1249 1218//1214 1219//1215
f 1254//1249 1219//1215 1255//1250
f 1255//1250 1219//1215 1220//1216
f 1255//1250 1220//1216 1256//1251
f 1256//1251 1220//1216 1221//1217
f 1256//1251 1221//1217 1257//1252
f 1257//1252 1221//1217 1222//1218
f 1257//1252 1222//1218 1258//1253
f 1258//1253 1222//1218 1223//1219
f 1258//1253 1223//1219 1259//1254
f 1259//1254 1223//1219 1224//1220
f 1259//1254 1224//1220 1260//1255
f 1260//1255 1224//1220 1225//1221
f 1260//1255 1225//1221 1261//1256
f 1261//1256 1225//1221 1226//1222
f 1261//1256 1226//1222 1262//1257
f 1262//1257 1226//1222 1191//345
f 1262//1257 1191//345 1227//1223
f 1227//1223 1191//345 1192//1189
f 1263//417 1228//1224 1264//1258
f 1264//1258 1228//1224 1229//1225
f 1264//1258 1229//1225 1265//1259
f 1265//1259 1229//1225 1230//1226
f 1265//1259 1230//1226 1266//1260
f 1266//1260 1230//1226 1231//1227
f 1266//1260 1231//1227 1267//1261
f 1267//1261 1231//1227 1232//1228
f 1267//1261 1232//1228 1268//1262
f 1268//1262 1232//1228 1233//1229
f 1268//1262 1233//1229 1269//1263
f 1269//1263 1233//1229 1234//1230
f 1269//1263 1234//1230 1270//1264
f 1270//1264 1234//1230 1235//1231
f 1270//1264 1235//1231 1271//1265
f 1271//1265 1235//1231 1236//1232
f 1271//1265 1236//1232 1272//1266
f 1272//1266 1236//1232 1237//1233
f 1272//1266 1237//1233 1273//1267
f 1273//1267 1237//1233 1238//1234
f 1273//1267 1238//1234 1274//1268
f 1274//1268 1238//1234 1239//1235
f 1274//1268 1239//1235 1275//1269
f 1275//1269 1239//1235 1240//1236
f 1275//1269 1240//1236 1276//1270
f 1276//1270 1240//1236 1241//1237
f 1276//1270 1241//1237 1277//1271
f 1277//1271 1241//1237 1242//1238
f 1277//1271 1242//1238 1278//1272
f 1278//1272 1242//1238 1243//1239
f 1278//1272 1243//1239 1279//1273
f 1279//1273 1243//1239 1244//1240
f 1279//1273 1244//1240 1280//1274
f 1280//1274 1244//1240 1245//363
f 1280//1274 1245//363 1281//1275
f 1281//1275 1245//363 1246//1241
f 1281//1275 1246//1241 1282//1276
f 1282//1276 1246//1241 1247//1242
f 1282//1276 1247//1242 1283//1277
f 1283//1277 1247//1242 1248//1243
f 1283//1277 1248//1243 1284//1278
f 1284//1278 1248//1243 1249//1244
f 1284//1278 1249//1244 1285//1279
f 1285//1279 1249//1244 1250//1245
f 1285//1279 1250//1245 1286//1280
f 1286//1280 1250//1245 1251//1246
f 1286//1280 1251//1246 1287//1281
f 1287//1281 1251//1246 1252//1247
f 1287//1281 1252//1247 1288//1282
f 1288//1282 1252//1247 1253//1248
f 1288//1282 1253//1248 1289//1283
f 1289//1283 1253//1248 1254//1249
f 1289//1283 1254//1249 1290//1284
f 1290//1284 1254//1249 1255//1250
f 1290//1284 1255//1250 1291//1285
f 1291//1285 1255//1250 1256//1251
f 1291//1285 1256//1251 1292//1286
f 1292//1286 1256//1251 1257//1252
f 1292//1286 1257//1252 1293//1287
f 1293//1287 1257//1252 1258//1253
f 1293//1287 1258//1253 1294//1288
f 1294//1288 1258//1253 1259//1254
f 1294//1288 1259//1254 1295//1289
f 1295//1289 1259//1254 1260//1255
f 1295//1289 1260//1255 1296//1290
f 1296//1290 1260//1255 1261//1256
f 1296//1290 1261//1256 1297//1291
f 1297//1291 1261//1256 1262//1257
f 1297//1291 1262//1257 1298//1292
f 1298//1292 1262//1257 1227//1223
f 1298//1292 1227//1223 1263//417
f 1263//417 1227//1223 1228//1224
f 1299//453 1264//1258 1300//1293
f 1300//1293 1264//1258 1265//1259
f 1300//1293 1265//1259 1301//1294
f 1301//1294 1265//1259 1266//1260
f 1301//1294 1266//1260 1302//1295
f 1302//1295 1266//1260 1267//1261
f 1302//1295 1267//1261 1303//1296
f 1303//1296 1267//1261 1268//1262
f 1303//1296 1268//1262 1304//1297
f 1304//1297 1268//1262 1269//1263
f 1304//1297 1269//1263 1305//1298
f 1305//1298 1269//1263 1270//1264
f 1305//1298 1270//1264 1306//1299
f 1306//1299 1270//1264 1271//1265
f 1306//1299 1271//1265 1307//1300
f 1307//1300 1271//1265 1272//1266
f 1307//1300 1272//1266 1308//1301
f 1308//1301 1272//1266 1273//1267
f 1308//1301 1273//1267 1309//1302
f 1309//1302 1273//1267 1274//1268
f 1309//1302 1274//1268 1310//1303
f 1310//1303 1274//1268 1275//1269
f 1310//1303 1275//1269 1311//1304
f 1311//1304 1275//1269 1276//1270
f 1311//1304 1276//1270 1312//1305
f 1312//1305 1276//1270 1277//1271
f 1312//1305 1277//1271 1313//1306
f 1313//1306 1277//1271 1278//1272
f 1313//1306 1278//1272 1314//1307
f 1314//1307 1278//1272 1279//1273
f 1314//1307 1279//1273 1315//1308
f 1315//1308 1279//1273 1280//1274
f 1315//1308 1280//1274 1316//1309
f 1316//1309 1280//1274 1281//1275
f 1316//1309 1281//1275 1317//1310
f 1317//1310 1281//1275 1282//1276
f 1317//1310 1282//1276 1318//1311
f 1318//1311 1282//1276 1283//1277
f 1318//1311 1283//1277 1319//1312
f 1319//1312 1283//1277 1284//1278
f 1319//1312 1284//1278 1320//1313
f 1320//1313 1284//1278 1285//1279
f 1320//1313 1285//1279 1321//1314
f 1321//1314 1285//1279 1286//1280
f 1321//1314 1286//1280 1322//1315
f 1322//1315 1286//1280 1287//1281
f 1322//1315 1287//1281 1323//1316
f 1323//1316 1287//1281 1288//1282
f 1323//1316 1288//1282 1324//1317
f 1324//1317 1288//1282 1289//1283
f 1324//1317 1289//1283 1325//1318
f 1325//1318 1289//1283 1290//1284
f 1325//1318 1290//1284 1326//1319
f 1326//1319 1290//1284 1291//1285
f 1326//1319 1291//1285 1327//1320
f 1327//1320 1291//1285 1292//1286
f 1327//1320 1292//1286 1328//1321
f 1328//1321 1292//1286 1293//1287
f 1328//1321 1293//1287 1329//1322
f 1329//1322 1293//1287 1294//1288
f 1329//1322 1294//1288 1330//1323
f 1330//1323 1294//1288 1295//1289
f 1330//1323 1295//1289 1331//1324
f 1331//1324 1295//1289 1296//1290
f 1331//1324 1296//1290 1332//1325
f 1332//1325 1296//1290 1297//1291
f 1332//1325 1297//1291 1333//1326
f 1333//1326 1297//1291 1298//1292
f 1333//1326 1298//1292 1334//1327
f 1334//1327 1298//1292 1263//417
f 1334//1327 1263//417 1299//453
f 1299//453 1263//417 1264//1258
f 1335//489 1300//1293 1336//1328
f 1336//1328 1300//1293 1301//1294
f 1336//1328 1301//1294 1337//1329
f 1337//1329 1301//1294 1302//1295
f 1337//1329 1302//1295 1338//1330
f 1338//1330 1302//1295 1303//1296
f 1338//1330 1303//1296 1339//1331
f 1339//1331 1303//1296 1304//1297
f 1339//1331 1304//1297 1340//1332
f 1340//1332 1304//1297 1305//1298
f 1340//1332 1305//1298 1341//1333
f 1341//1333 1305//1298 1306//1299
f 1341//1333 1306//1299 1342//1334
f 1342//1334 1306//1299 1307//1300
f 1342//1334 1307//1300 1343//1335
f 1343//1335 1307//1300 1308//1301
f 1343//1335 1308//1301 1344//1336
f 1344//1336 1308//1301 1309//1302
f 1344//1336 1309//1302 1345//1337
f 1345//1337 1309//1302 1310//1303
f 1345//1337 1310//1303 1346//1338
f 1346//1338 1310//1303 1311//1304
f 1346//1338 1311//1304 1347//1339
f 1347//1339 1311//1304 1312//1305
f 1347//1339 1312//1305 1348//1340
f 1348//1340 1312//1305 1313//1306
f 1348//1340 1313//1306 1349//1341
f 1349//1341 1313//1306 1314//1307
f 1349//1341 1314//1307 1350//1342
f 1350//1342 1314//1307 1315//1308
f 1350//1342 1315//1308 1351//1343
f 1351//1343 1315//1308 1316//1309
f 1351//1343 1316//1309 1352//1344
f 1352//1344 1316//1309 1317//1310
f 1352//1344 1317//1310 1353//1345
f 1353//1345 1317//1310 1318//1311
f 1353//1345 1318//1311 1354//1346
f 1354//1346 1318//1311 1319//1312
f 1354//1346 1319//1312 1355//1347
f 1355//1347 1319//1312 1320//1313
f 1355//1347 1320//1313 1356//1348
f 1356//1348 1320//1313 1321//1314
f 1356//1348 1321//1314 1357//1349
f 1357//1349 1321//1314 1322//1315
f 1357//1349 1322//1315 1358//1350
f 1358//1350 1322//1315 1323//1316
f 1358//1350 1323//1316 1359//1351
f 1359//1351 1323//1316 1324//1317
f 1359//1351 1324//1317 1360//1352
f 1360//1352 1324//1317 1325//1318
f 1360//1352 1325//1318 1361//1353
f 1361//1353 1325//1318 1326//1319
f 1361//1353 1326//1319 1362//1354
f 1362//1354 1326//1319 1327//1320
f 1362//1354 1327//1320 1363//1355
f 1363//1355 1327//1320 1328//1321
f 1363//1355 1328//1321 1364//1356
f 1364//1356 1328//1321 1329//1322
f 1364//1356 1329//1322 1365//1357
f 1365//1357 1329//1322 1330//1323
f 1365//1357 1330//1323 1366//1358
f 1366//1358 1330//1323 1331//1324
f 1366//1358 1331//1324 1367//1359
f 1367//1359 1331//1324 1332//1325
f 1367//1359 1332//1325 1368//1360
f 1368//1360 1332//1325 1333//1326
f 1368//1360 1333//1326 1369//1361
f 1369//1361 1333//1326 1334//1327
f 1369//1361 1334//1327 1370//1362
f 1370//1362 1334//1327 1299//453
f 1370//1362 1299//453 1335//489
f 1335//489 1299//453 1300//1293
f 1371//525 1336//1328 1372//1363
f 1372//1363 1336//1328 1337//1329
f 1372//1363 1337//1329 1373//1364
f 1373//1364 1337//1329 1338//1330
f 1373//1364 1338//1330 1374//1365
f 1374//1365 1338//1330 1339//1331
f 1374//1365 1339//1331 1375//1366
f 1375//1366 1339//1331 1340//1332
f 1375//1366 1340//1332 1376//1367
f 1376//1367 1340//1332 1341//1333
f 1376//1367 1341//1333 1377//1368
f 1377//1368 1341//1333 1342//1334
f 1377//1368 1342//1334 1378//1369
f 1378//1369 1342//1334 1343//1335
f 1378//1369 1343//1335 1379//1370
f 1379//1370 1343//1335 1344//1336
f 1379//1370 1344//1336 1380//1371
f 1380//1371 1344//1336 1345//1337
f 1380//1371 1345//1337 1381//1372
f 1381//1372 1345//1337 1346//1338
f 1381//1372 1346//1338 1382//1373
f 1382//1373 1346//1338 1347//1339
f 1382//1373 1347//1339 1383//1374
f 1383//1374 1347//1339 1348//1340
f 1383//1374 1348//1340 1384//1375
f 1384//1375 1348//1340 1349//1341
f 1384//1375 1349//1341 1385//1376
f 1385//1376 1349//1341 1350//1342
f 1385//1376 1350//1342 1386//1377
f 1386//1377 1350//1342 1351//1343
f 1386//1377 1351//1343 1387//1378
f 1387//1378 1351//1343 1352//1344
f 1387//1378 1352//1344 1388//1379
f 1388//1379 1352//1344 1353//1345
f 1388//1379 1353//1345 1389//507
f 1389//507 1353//1345 1354//1346
f 1389//507 1354//1346 1390//1380
f 1390//1380 1354//1346 1355//1347
f 1390//1380 1355//1347 1391//1381
f 1391//1381 1355//1347 1356//1348
f 1391//1381 1356//1348 1392//1382
f 1392//1382 1356//1348 1357//1349
f 1392//1382 1357//1349 1393//1383
f 1393//1383 1357//1349 1358//1350
f 1393//1383 1358//1350 1394//1384
f 1394//1384 1358//1350 1359//1351
f 1394//1384 1359//1351 1395//1385
f 1395//1385 1359//1351 1360//1352
f 1395//1385 1360//1352 1396//1386
f 1396//1386 1360//1352 1361//1353
f 1396//1386 1361//1353 1397//1387
f 1397//1387 1361//1353 1362//1354
f 1397//1387 1362//1354 1398//1388
f 1398//1388 1362//1354 1363//1355
f 1398//1388 1363//1355 1399//1389
f 1399//1389 1363//1355 1364//1356
f 1399//1389 1364//1356 1400//1390
f 1400//1390 1364//1356 1365//1357
f 1400//1390 1365//1357 1401//1391
f 1401//1391 1365//1357 1366//1358
f 1401//1391 1366//1358 1402//1392
f 1402//1392 1366//1358 1367//1359
f 1402//1392 1367//1359 1403//1393
f 1403//1393 1367//1359 1368//1360
f 1403//1393 1368//1360 1404//1394
f 1404//1394 1368//1360 1369//1361
f 1404//1394 1369//1361 1405//1395
f 1405//1395 1369//1361 1370//1362
f 1405//1395 1370//1362 1406//1396
f 1406//1396 1370//1362 1335//489
f 1406//1396 1335//489 1371//525
f 1371//525 1335//489 1336//1328
f 1407//561 1372//1363 1408//1397
f 1408//1397 1372//1363 1373//1364
f 1408//1397 1373//1364 1409//1398
f 1409//1398 1373//1364 1374//1365
f 1409//1398 1374//1365 1410//1399
f 1410//1399 1374//1365 1375//1366
f 1410//1399 1375//1366 1411//1400
f 1411//1400 1375//1366 1376//1367
f 1411//1400 1376//1367 1412//1401
f 1412//1401 1376//1367 1377//1368
f 1412//1401 1377//1368 1413//1402
f 1413//1402 1377//1368 1378//1369
f 1413//1402 1378//1369 1414//1403
f 1414//1403 1378//1369 1379//1370
f 1414//1403 1379//1370 1415//1404
f 1415//1404 1379//1370 1380//1371
f 1415//1404 1380//1371 1416//1405
f 1416//1405 1380//1371 1381//1372
f 1416//1405 1381//1372 1417//1406
f 1417//1406 1381//1372 1382//1373
f 1417//1406 1382//1373 1418//1407
f 1418//1407 1382//1373 1383//1374
f 1418//1407 1383//1374 1419//1408
f 1419//1408 1383//1374 1384//1375
f 1419//1408 1384//1375 1420//1409
f 1420//1409 1384//1375 1385//1376
f 1420//1409 1385//1376 1421//1410
f 1421//1410 1385//1376 1386//1377
f 1421//1410 1386//1377 1422//1411
f 1422//1411 1386//1377 1387//1378
f 1422//1411 1387//1378 1423//1412
f 1423//1412 1387//1378 1388//1379
f 1423//1412 1388//1379 1424//1413
f 1424//1413 1388//1379 1389//507
f 1424//1413 1389//507 1425//543
f 1425//543 1389//507 1390//1380
f 1425//543 1390//1380 1426//1414
f 1426//1414 1390//1380 1391//1381
f 1426//1414 1391//1381 1427//1415
f 1427//1415 1391//1381 1392//1382
f 1427//1415 1392//1382 1428//1416
f 1428//1416 1392//1382 1393//1383
f 1428//1416 1393//1383 1429//1417
f 1429//1417 1393//1383 1394//1384
f 1429//1417 1394//1384 1430//1418
f 1430//1418 1394//1384 1395//1385
f 1430//1418 1395//1385 1431//1419
f 1431//1419 1395//1385 1396//1386
f 1431//1419 1396//1386 1432//1420
f 1432//1420 1396//1386 1397//1387
f 1432//1420 1397//1387 1433//1421
f 1433//1421 1397//1387 1398//1388
f 1433//1421 1398//1388 1434//1422
f 1434//1422 1398//1388 1399//1389
f 1434//1422 1399//1389 1435//1423
f 1435//1423 1399//1389 1400//1390
f 1435//1423 1400//1390 1436//1424
f 1436//1424 1400//1390 1401//1391
f 1436//1424 1401//1391 1437//1425
f 1437//1425 1401//1391 1402//1392
f 1437//1425 1402//1392 1438//1426
f 1438//1426 1402//1392 1403//1393
f 1438//1426 1403//1393 1439//1427
f 1439//1427 1403//1393 1404//1394
f 1439//1427 1404//1394 1440//1428
f 1440//1428 1404//1394 1405//1395
f 1440//1428 1405//1395 1441//1429
f 1441//1429 1405//1395 1406//1396
f 1441//1429 1406//1396 1442//1430
f 1442//1430 1406//1396 1371//525
f 1442//1430 1371//525 1407//561
f 1407//561 1371//525 1372//1363
f 1443//1431 1408//1397 1444//1432
f 1444//1432 1408//1397 1409//1398
f 1444//1432 1409//1398 1445//1433
f 1445//1433 1409//1398 1410//1399
f 1445//1433 1410//1399 1446//1434
f 1446//1434 1410//1399 1411//1400
f 1446//1434 1411//1400 1447//1435
f 1447//1435 1411//1400 1412//1401
f 1447//1435 1412//1401 1448//1436
f 1448//1436 1412//1401 1413//1402
f 1448//1436 1413//1402 1449//1437
f 1449//1437 1413//1402 1414//1403
f 1449//1437 1414//1403 1450//1438
f 1450//1438 1414//1403 1415//1404
f 1450//1438 1415//1404 1451//1439
f 1451//1439 1415//1404 1416//1405
f 1451//1439 1416//1405 1452//1440
f 1452//1440 1416//1405 1417//1406
f 1452//1440 1417//1406 1453//1441
f 1453//1441 1417//1406 1418//1407
f 1453//1441 1418//1407 1454//1442
f 1454//1442 1418//1407 1419//1408
f 1454//1442 1419//1408 1455//1443
f 1455//1443 1419//1408 1420//1409
f 1455//1443 1420//1409 1456//1444
f 1456//1444 1420//1409 1421//1410
f 1456//1444 1421//1410 1457//1445
f 1457//1445 1421//1410 1422//1411
f 1457//1445 1422//1411 1458//1446
f 1458//1446 1422//1411 1423//1412
f 1458//1446 1423//1412 1459//1447
f 1459//1447 1423//1412 1424//1413
f 1459//1447 1424//1413 1460//1448
f 1460//1448 1424//1413 1425//543
f 1460//1448 1425//543 1461//579
f 1461//579 1425//543 1426//1414
f 1461//579 1426//1414 1462//1449
f 1462//1449 1426//1414 1427//1415
f 1462//1449 1427//1415 1463//1450
f 1463//1450 1427//1415 1428//1416
f 1463//1450 1428//1416 1464//1451
f 1464//1451 1428//1416 1429//1417
f 1464//1451 1429//1417 1465//1452
f 1465//1452 1429//1417 1430//1418
f 1465//1452 1430//1418 1466//1453
f 1466//1453 1430//1418 1431//1419
f 1466//1453 1431//1419 1467//1454
f 1467//1454 1431//1419 1432//1420
f 1467//1454 1432//1420 1468//1455
f 1468//1455 1432//1420 1433//1421
f 1468//1455 1433//1421 1469//1456
f 1469//1456 1433//1421 1434//1422
f 1469//1456 1434//1422 1470//1457
f 1470//1457 1434//1422 1435//1423
f 1470//1457 1435//1423 1471//1458
f 1471//1458 1435//1423 1436//1424
f 1471//1458 1436//1424 1472//1459
f 1472//1459 1436//1424 1437//1425
f 1472//1459 1437//1425 1473//1460
f 1473//1460 1437//1425 1438//1426
f 1473//1460 1438//1426 1474//1461
f 1474//1461 1438//1426 1439//1427
f 1474//1461 1439//1427 1475//1462
f 1475//1462 1439//1427 1440//1428
f 1475//1462 1440//1428 1476//1463
f 1476//1463 1440//1428 1441//1429
f 1476//1463 1441//1429 1477//1464
f 1477//1464 1441//1429 1442//1430
f 1477//1464 1442//1430 1478//1465
f 1478//1465 1442//1430 1407//561
f 1478//1465 1407//561 1443//1431
f 1443//1431 1407//561 1408//1397
f 1479//633 1444//1432 1480//1466
f 1480//1466 1444//1432 1445//1433
f 1480//1466 1445//1433 1481//1467
f 1481//1467 1445//1433 1446//1434
f 1481//1467 1446//1434 1482//1468
f 1482//1468 1446//1434 1447//1435
f 1482//1468 1447//1435 1483//1469
f 1483//1469 1447//1435 1448//1436
f 1483//1469 1448//1436 1484//1470
f 1484//1470 1448//1436 1449//1437
f 1484//1470 1449//1437 1485//1471
f 1485//1471 1449//1437 1450//1438
f 1485//1471 1450//1438 1486//1472
f 1486//1472 1450//1438 1451//1439
f 1486//1472 1451//1439 1487//1473
f 1487//1473 1451//1439 1452//1440
f 1487//1473 1452//1440 1488//1474
f 1488//1474 1452//1440 1453//1441
f 1488//1474 1453//1441 1489//1475
f 1489//1475 1453//1441 1454//1442
f 1489//1475 1454//1442 1490//1476
f 1490//1476 1454//1442 1455//1443
f 1490//1476 1455//1443 1491//1477
f 1491//1477 1455//1443 1456//1444
f 1491//1477 1456//1444 1492//1478
f 1492//1478 1456//1444 1457//1445
f 1492//1478 1457//1445 1493//1479
f 1493//1479 1457//1445 1458//1446
f 1493//1479 1458//1446 1494//1480
f 1494//1480 1458//1446 1459//1447
f 1494//1480 1459//1447 1495//1481
f 1495//1481 1459//1447 1460//1448
f 1495//1481 1460//1448 1496//1482
f 1496//1482 1460//1448 1461//579
f 1496//1482 1461//579 1497//1483
f 1497//1483 1461//579 1462//1449
f 1497//1483 1462//1449 1498//1484
f 1498//1484 1462//1449 1463//1450
f 1498//1484 1463//1450 1499//1485
f 1499//1485 1463//1450 1464//1451
f 1499//1485 1464//1451 1500//1486
f 1500//1486 1464//1451 1465//1452
f 1500//1486 1465//1452 1501//1487
f 1501//1487 1465//1452 1466//1453
f 1501//1487 1466//1453 1502//1488
f 1502//1488 1466//1453 1467//1454
f 1502//1488 1467//1454 1503//1489
f 1503//1489 1467//1454 1468//1455
f 1503//1489 1468//1455 1504//1490
f 1504//1490 1468//1455 1469//1456
f 1504//1490 1469//1456 1505//1491
f 1505//1491 1469//1456 1470//1457
f 1505//1491 1470//1457 1506//1492
f 1506//1492 1470//1457 1471//1458
f 1506//1492 1471//1458 1507//1493
f 1507//1493 1471//1458 1472//1459
f 1507//1493 1472//1459 1508//1494
f 1508//1494 1472//1459 1473//1460
f 1508//1494 1473//1460 1509//1495
f 1509//1495 1473//1460 1474//1461
f 1509//1495 1474//1461 1510//1496
f 1510//1496 1474//1461 1475//1462
f 1510//1496 1475//1462 1511//1497
f 1511//1497 1475//1462 1476//1463
f 1511//1497 1476//1463 1512//1498
f 1512//1498 1476//1463 1477//1464
f 1512//1498 1477//1464 1513//1499
f 1513//1499 1477//1464 1478//1465
f 1513//1499 1478//1465 1514//1500
f 1514//1500 1478//1465 1443//1431
f 1514//1500 1443//1431 1479//633
f 1479//633 1443//1431 1444//1432
f 1515//669 1480//1466 1516//1501
f 1516//1501 1480//1466 1481//1467
f 1516//1501 1481//1467 1517//1502
f 1517//1502 1481//1467 1482//1468
f 1517//1502 1482//1468 1518//1503
f 1518//1503 1482//1468 1483//1469
f 1518//1503 1483//1469 1519//1504
f 1519//1504 1483//1469 1484//1470
f 1519//1504 1484//1470 1520//1505
f 1520//1505 1484//1470 1485//1471
f 1520//1505 1485//1471 1521//1506
f 1521//1506 1485//1471 1486//1472
f 1521//1506 1486//1472 1522//1507
f 1522//1507 1486//1472 1487//1473
f 1522//1507 1487//1473 1523//1508
f 1523//1508 1487//1473 1488//1474
f 1523//1508 1488//1474 1524//1509
f 1524//1509 1488//1474 1489//1475
f 1524//1509 1489//1475 1525//1510
f 1525//1510 1489//1475 1490//1476
f 1525//1510 1490//1476 1526//1511
f 1526//1511 1490//1476 1491//1477
f 1526//1511 1491//1477 1527//1512
f 1527//1512 1491//1477 1492//1478
f 1527//1512 1492//1478 1528//1513
f 1528//1513 1492//1478 1493//1479
f 1528//1513 1493//1479 1529//1514
f 1529//1514 1493//1479 1494//1480
f 1529//1514 1494//1480 1530//1515
f 1530//1515 1494//1480 1495//1481
f 1530//1515 1495//1481 1531//1516
f 1531//1516 1495//1481 1496//1482
f 1531//1516 1496//1482 1532//1517
f 1532//1517 1496//1482 1497//1483
f 1532//1517 1497//1483 1533//1518
f 1533//1518 1497//1483 1498//1484
f 1533//1518 1498//1484 1534//1519
f 1534//1519 1498//1484 1499//1485
f 1534//1519 1499//1485 1535//1520
f 1535//1520 1499//1485 1500//1486
f 1535//1520 1500//1486 1536//1521
f 1536//1521 1500//1486 1501//1487
f 1536//1521 1501//1487 1537//1522
f 1537//1522 1501//1487 1502//1488
f 1537//1522 1502//1488 1538//1523
f 1538//1523 1502//1488 1503//1489
f 1538//1523 1503//1489 1539//1524
f 1539//1524 1503//1489 1504//1490
f 1539//1524 1504//1490 1540//1525
f 1540//1525 1504//1490 1505//1491
f 1540//1525 1505//1491 1541//1526
f 1541//1526 1505//1491 1506//1492
f 1541//1526 1506//1492 1542//1527
f 1542//1527 1506//1492 1507//1493
f 1542//1527 1507//1493 1543//1528
f 1543//1528 1507//1493 1508//1494
f 1543//1528 1508//1494 1544//1529
f 1544//1529 1508//1494 1509//1495
f 1544//1529 1509//1495 1545//1530
f 1545//1530 1509//1495 1510//1496
f 1545//1530 1510//1496 1546//1531
f 1546//1531 1510//1496 1511//1497
f 1546//1531 1511//1497 1547//1532
f 1547//1532 1511//1497 1512//1498
f 1547//1532 1512//1498 1548//1533
f 1548//1533 1512//1498 1513//1499
f 1548//1533 1513//1499 1549//1534
f 1549//1534 1513//1499 1514//1500
f 1549//1534 1514//1500 1550//1535
f 1550//1535 1514//1500 1479//633
f 1550//1535 1479//633 1515//669
f 1515//669 1479//633 1480//1466
f 1551//1536 1516//1501 1552//1537
f 1552//1537 1516//1501 1517//1502
f 1552//1537 1517//1502 1553//1538
f 1553//1538 1517//1502 1518//1503
f 1553//1538 1518//1503 1554//1539
f 1554//1539 1518//1503 1519//1504
f 1554//1539 1519//1504 1555//1540
f 1555//1540 1519//1504 1520//1505
f 1555//1540 1520//1505 1556//1541
f 1556//1541 1520//1505 1521//1506
f 1556//1541 1521//1506 1557//1542
f 1557//1542 1521//1506 1522//1507
f 1557//1542 1522//1507 1558//1543
f 1558//1543 1522//1507 1523//1508
f 1558//1543 1523//1508 1559//1544
f 1559//1544 1523//1508 1524//1509
f 1559//1544 1524//1509 1560//1545
f 1560//1545 1524//1509 1525//1510
f 1560//1545 1525//1510 1561//1546
f 1561//1546 1525//1510 1526//1511
f 1561//1546 1526//1511 1562//1547
f 1562//1547 1526//1511 1527//1512
f 1562//1547 1527//1512 1563//1548
f 1563//1548 1527//1512 1528//1513
f 1563//1548 1528//1513 1564//1549
f 1564//1549 1528//1513 1529//1514
f 1564//1549 1529//1514 1565//1550
f 1565//1550 1529//1514 1530//1515
f 1565//1550 1530//1515 1566//1551
f 1566//1551 1530//1515 1531//1516
f 1566//1551 1531//1516 1567//1552
f 1567//1552 1531//1516 1532//1517
f 1567//1552 1532//1517 1568//1553
f 1568//1553 1532//1517 1533//1518
f 1568//1553 1533//1518 1569//687
f 1569//687 1533//1518 1534//1519
f 1569//687 1534//1519 1570//1554
f 1570//1554 1534//1519 1535//1520
f 1570//1554 1535//1520 1571//1555
f 1571//1555 1535//1520 1536//1521
f 1571//1555 1536//1521 1572//1556
f 1572//1556 1536//1521 1537//1522
f 1572//1556 1537//1522 1573//1557
f 1573//1557 1537//1522 1538//1523
f 1573//1557 1538//1523 1574//1558
f 1574//1558 1538//1523 1539//1524
f 1574//1558 1539//1524 1575//1559
f 1575//1559 1539//1524 1540//1525
f 1575//1559 1540//1525 1576//1560
f 1576//1560 1540//1525 1541//1526
f 1576//1560 1541//1526 1577//1561
f 1577//1561 1541//1526 1542//1527
f 1577//1561 1542//1527 1578//1562
f 1578//1562 1542//1527 1543//1528
f 1578//1562 1543//1528 1579//1563
f 1579//1563 1543//1528 1544//1529
f 1579//1563 1544//1529 1580//1564
f 1580//1564 1544//1529 1545//1530
f 1580//1564 1545//1530 1581//1565
f 1581//1565 1545//1530 1546//1531
f 1581//1565 1546//1531 1582//1566
f 1582//1566 1546//1531 1547//1532
f 1582//1566 1547//1532 1583//1567
f 1583//1567 1547//1532 1548//1533
f 1583//1567 1548//1533 1584//1568
f 1584//1568 1548//1533 1549//1534
f 1584//1568 1549//1534 1585//1569
f 1585//1569 1549//1534 1550//1535
f 1585//1569 1550//1535 1586//1570
f 1586//1570 1550//1535 1515//669
f 1586//1570 1515//669 1551//1536
f 1551//1536 1515//669 1516//1501
f 1587//1571 1552//1537 1588//1572
f 1588//1572 1552//1537 1553//1538
f 1588//1572 1553//1538 1589//1573
f 1589//1573 1553//1538 1554//1539
f 1589//1573 1554//1539 1590//1574
f 1590//1574 1554//1539 1555//1540
f 1590//1574 1555//1540 1591//1575
f 1591//1575 1555//1540 1556//1541
f 1591//1575 1556//1541 1592//1576
f 1592//1576 1556//1541 1557//1542
f 1592//1576 1557//1542 1593//1577
f 1593//1577 1557//1542 1558//1543
f 1593//1577 1558//1543 1594//1578
f 1594//1578 1558//1543 1559//1544
f 1594//1578 1559//1544 1595//1579
f 1595//1579 1559//1544 1560//1545
f 1595//1579 1560//1545 1596//1580
f 1596//1580 1560//1545 1561//1546
f 1596//1580 1561//1546 1597//1581
f 1597//1581 1561//1546 1562//1547
f 1597//1581 1562//1547 1598//1582
f 1598//1582 1562//1547 1563//1548
f 1598//1582 1563//1548 1599//1583
f 1599//1583 1563//1548 1564//1549
f 1599//1583 1564//1549 1600//1584
f 1600//1584 1564//1549 1565//1550
f 1600//1584 1565//1550 1601//1585
f 1601//1585 1565//1550 1566//1551
f 1601//1585 1566//1551 1602//1586
f 1602//1586 1566//1551 1567//1552
f 1602//1586 1567//1552 1603//1587
f 1603//1587 1567//1552 1568//1553
f 1603//1587 1568//1553 1604//1588
f 1604//1588 1568//1553 1569//687
f 1604//1588 1569//687 1605//723
f 1605//723 1569//687 1570//1554
f 1605//723 1570//1554 1606//1589
f 1606//1589 1570//1554 1571//1555
f 1606//1589 1571//1555 1607//1590
f 1607//1590 1571//1555 1572//1556
f 1607//1590 1572//1556 1608//1591
f 1608//1591 1572//1556 1573//1557
f 1608//1591 1573//1557 1609//1592
f 1609//1592 1573//1557 1574//1558
f 1609//1592 1574//1558 1610//1593
f 1610//1593 1574//1558 1575//1559
f 1610//1593 1575//1559 1611//1594
f 1611//1594 1575//1559 1576//1560
f 1611//1594 1576//1560 1612//1595
f 1612//1595 1576//1560 1577//1561
f 1612//1595 1577//1561 1613//1596
f 1613//1596 1577//1561 1578//1562
f 1613//1596 1578//1562 1614//1597
f 1614//1597 1578//1562 1579//1563
f 1614//1597 1579//1563 1615//1598
f 1615//1598 1579//1563 1580//1564
f 1615//1598 1580//1564 1616//1599
f 1616//1599 1580//1564 1581//1565
f 1616//1599 1581//1565 1617//1600
f 1617//1600 1581//1565 1582//1566
f 1617//1600 1582//1566 1618//1601
f 1618//1601 1582//1566 1583//1567
f 1618//1601 1583//1567 1619//1602
f 1619//1602 1583//1567 1584//1568
f 1619//1602 1584//1568 1620//1603
f 1620//1603 1584//1568 1585//1569
f 1620//1603 1585//1569 1621//1604
f 1621//1604 1585//1569 1586//1570
f 1621//1604 1586//1570 1622//1605
f 1622//1605 1586//1570 1551//1536
f 1622//1605 1551//1536 1587//1571
f 1587//1571 1551//1536 1552//1537
f 1623//1606 1588//1572 1624//1607
f 1624//1607 1588//1572 1589//1573
f 1624//1607 1589//1573 1625//1608
f 1625//1608 1589//1573 1590//1574
f 1625//1608 1590//1574 1626//1609
f 1626//1609 1590//1574 1591//1575
f 1626//1609 1591//1575 1627//1610
f 1627//1610 1591//1575 1592//1576
f 1627//1610 1592//1576 1628//1611
f 1628//1611 1592//1576 1593//1577
f 1628//1611 1593//1577 1629//1612
f 1629//1612 1593//1577 1594//1578
f 1629//1612 1594//1578 1630//1613
f 1630//1613 1594//1578 1595//1579
f 1630//1613 1595//1579 1631//1614
f 1631//1614 1595//1579 1596//1580
f 1631//1614 1596//1580 1632//1615
f 1632//1615 1596//1580 1597//1581
f 1632//1615 1597//1581 1633//1616
f 1633//1616 1597//1581 1598//1582
f 1633//1616 1598//1582 1634//1617
f 1634//1617 1598//1582 1599//1583
f 1634//1617 1599//1583 1635//1618
f 1635//1618 1599//1583 1600//1584
f 1635//1618 1600//1584 1636//1619
f 1636//1619 1600//1584 1601//1585
f 1636//1619 1601//1585 1637//1620
f 1637//1620 1601//1585 1602//1586
f 1637//1620 1602//1586 1638//1621
f 1638//1621 1602//1586 1603//1587
f 1638//1621 1603//1587 1639//1622
f 1639//1622 1603//1587 1604//1588
f 1639//1622 1604//1588 1640//1623
f 1640//1623 1604//1588 1605//723
f 1640//1623 1605//723 1641//1624
f 1641//1624 1605//723 1606//1589
f 1641//1624 1606//1589 1642//1625
f 1642//1625 1606//1589 1607//1590
f 1642//1625 1607//1590 1643//1626
f 1643//1626 1607//1590 1608//1591
f 1643//1626 1608//1591 1644//1627
f 1644//1627 1608//1591 1609//1592
f 1644//1627 1609//1592 1645//1628
f 1645//1628 1609//1592 1610//1593
f 1645//1628 1610//1593 1646//1629
f 1646//1629 1610//1593 1611//1594
f 1646//1629 1611//1594 1647//1630
f 1647//1630 1611//1594 1612//1595
f 1647//1630 1612//1595 1648//1631
f 1648//1631 1612//1595 1613//1596
f 1648//1631 1613//1596 1649//1632
f 1649//1632 1613//1596 1614//1597
f 1649//1632 1614//1597 1650//1633
f 1650//1633 1614//1597 1615//1598
f 1650//1633 1615//1598 1651//1634
f 1651//1634 1615//1598 1616//1599
f 1651//1634 1616//1599 1652//1635
f 1652//1635 1616//1599 1617//1600
f 1652//1635 1617//1600 1653//1636
f 1653//1636 1617//1600 1618//1601
f 1653//1636 1618//1601 1654//1637
f 1654//1637 1618//1601 1619//1602
f 1654//1637 1619//1602 1655//1638
f 1655//1638 1619//1602 1620//1603
f 1655//1638 1620//1603 1656//1639
f 1656//1639 1620//1603 1621//1604
f 1656//1639 1621//1604 1657//1640
f 1657//1640 1621//1604 1622//1605
f 1657//1640 1622//1605 1658//1641
f 1658//1641 1622//1605 1587//1571
f 1658//1641 1587//1571 1623//1606
f 1623//1606 1587//1571 1588//1572
f 1659//1642 1624//1607 1660//1643
f 1660//1643 1624//1607 1625//1608
f 1660//1643 1625//1608 1661//1644
f 1661//1644 1625//1608 1626//1609
f 1661//1644 1626//1609 1662//1645
f 1662//1645 1626//1609 1627//1610
f 1662//1645 1627//1610 1663//1646
f 1663//1646 1627//1610 1628//1611
f 1663//1646 1628//1611 1664//1647
f 1664//1647 1628//1611 1629//1612
f 1664//1647 1629//1612 1665//1648
f 1665//1648 1629//1612 1630//1613
f 1665//1648 1630//1613 1666//1649
f 1666//1649 1630//1613 1631//1614
f 1666//1649 1631//1614 1667//1650
f 1667//1650 1631//1614 1632//1615
f 1667//1650 1632//1615 1668//1651
f 1668//1651 1632//1615 1633//1616
f 1668//1651 1633//1616 1669//1652
f 1669//1652 1633//1616 1634//1617
f 1669//1652 1634//1617 1670//1653
f 1670//1653 1634//1617 1635//1618
f 1670//1653 1635//1618 1671//1654
f 1671//1654 1635//1618 1636//1619
f 1671//1654 1636//1619 1672//1655
f 1672//1655 1636//1619 1637//1620
f 1672//1655 1637//1620 1673//1656
f 1673//1656 1637//1620 1638//1621
f 1673//1656 1638//1621 1674//1657
f 1674//1657 1638//1621 1639//1622
f 1674//1657 1639//1622 1675//1658
f 1675//1658 1639//1622 1640//1623
f 1675//1658 1640//1623 1676//1659
f 1676//1659 1640//1623 1641//1624
f 1676//1659 1641//1624 1677//795
f 1677//795 1641//1624 1642//1625
f 1677//795 1642//1625 1678//1660
f 1678//1660 1642//1625 1643//1626
f 1678//1660 1643//1626 1679//1661
f 1679//1661 1643//1626 1644//1627
f 1679//1661 1644//1627 1680//1662
f 1680//1662 1644//1627 1645//1628
f 1680//1662 1645//1628 1681//1663
f 1681//1663 1645//1628 1646//1629
f 1681//1663 1646//1629 1682//1664
f 1682//1664 1646//1629 1647//1630
f 1682//1664 1647//1630 1683//1665
f 1683//1665 1647//1630 1648//1631
f 1683//1665 1648//1631 1684//1666
f 1684//1666 1648//1631 1649//1632
f 1684//1666 1649//1632 1685//1667
f 1685//1667 1649//1632 1650//1633
f 1685//1667 1650//1633 1686//1668
f 1686//1668 1650//1633 1651//1634
f 1686//1668 1651//1634 1687//1669
f 1687//1669 1651//1634 1652//1635
f 1687//1669 1652//1635 1688//1670
f 1688//1670 1652//1635 1653//1636
f 1688//1670 1653//1636 1689//1671
f 1689//1671 1653//1636 1654//1637
f 1689//1671 1654//1637 1690//1672
f 1690//1672 1654//1637 1655//1638
f 1690//1672 1655//1638 1691//1673
f 1691//1673 1655//1638 1656//1639
f 1691//1673 1656//1639 1692//1674
f 1692//1674 1656//1639 1657//1640
f 1692//1674 1657//1640 1693//1675
f 1693//1675 1657//1640 1658//1641
f 1693//1675 1658//1641 1694//1676
f 1694//1676 1658//1641 1623//1606
f 1694//1676 1623//1606 1659//1642
f 1659//1642 1623//1606 1624//1607
f 1695//849 1660//1643 1696//1677
f 1696//1677 1660//1643 1661//1644
f 1696//1677 1661//1644 1697//1678
f 1697//1678 1661//1644 1662//1645
f 1697//1678 1662//1645 1698//1679
f 1698//1679 1662//1645 1663//1646
f 1698//1679 1663//1646 1699//1680
f 1699//1680 1663//1646 1664//1647
f 1699//1680 1664//1647 1700//1681
f 1700//1681 1664//1647 1665//1648
f 1700//1681 1665//1648 1701//1682
f 1701//1682 1665//1648 1666//1649
f 1701//1682 1666//1649 1702//1683
f 1702//1683 1666//1649 1667//1650
f 1702//1683 1667//1650 1703//1684
f 1703//1684 1667//1650 1668//1651
f 1703//1684 1668//1651 1704//1685
f 1704//1685 1668//1651 1669//1652
f 1704//1685 1669//1652 1705//1686
f 1705//1686 1669//1652 1670//1653
f 1705//1686 1670//1653 1706//1687
f 1706//1687 1670//1653 1671//1654
f 1706//1687 1671//1654 1707//1688
f 1707//1688 1671//1654 1672//1655
f 1707//1688 1672//1655 1708//1689
f 1708//1689 1672//1655 1673//1656
f 1708//1689 1673//1656 1709//1690
f 1709//1690 1673//1656 1674//1657
f 1709//1690 1674//1657 1710//1691
f 1710//1691 1674//1657 1675//1658
f 1710//1691 1675//1658 1711//1692
f 1711//1692 1675//1658 1676//1659
f 1711//1692 1676//1659 1712//1693
f 1712//1693 1676//1659 1677//795
f 1712//1693 1677//795 1713//1694
f 1713//1694 1677//795 1678//1660
f 1713//1694 1678//1660 1714//1695
f 1714//1695 1678//1660 1679//1661
f 1714//1695 1679//1661 1715//1696
f 1715//1696 1679//1661 1680//1662
f 1715//1696 1680//1662 1716//1697
f 1716//1697 1680//1662 1681//1663
f 1716//1697 1681//1663 1717//1698
f 1717//1698 1681//1663 1682//1664
f 1717//1698 1682//1664 1718//1699
f 1718//1699 1682//1664 1683//1665
f 1718//1699 1683//1665 1719//1700
f 1719//1700 1683//1665 1684//1666
f 1719//1700 1684//1666 1720//1701
f 1720//1701 1684//1666 1685//1667
f 1720//1701 1685//1667 1721//1702
f 1721//1702 1685//1667 1686//1668
f 1721//1702 1686//1668 1722//1703
f 1722//1703 1686//1668 1687//1669
f 1722//1703 1687//1669 1723//1704
f 1723//1704 1687//1669 1688//1670
f 1723//1704 1688//1670 1724//1705
f 1724//1705 1688//1670 1689//1671
f 1724//1705 1689//1671 1725//1706
f 1725//1706 1689//1671 1690//1672
f 1725//1706 1690//1672 1726//1707
f 1726//1707 1690//1672 1691//1673
f 1726//1707 1691//1673 1727//1708
f 1727//1708 1691//1673 1692//1674
f 1727//1708 1692//1674 1728//1709
f 1728//1709 1692//1674 1693//1675
f 1728//1709 1693//1675 1729//1710
f 1729//1710 1693//1675 1694//1676
f 1729//1710 1694//1676 1730//1711
f 1730//1711 1694//1676 1659//1642
f 1730//1711 1659//1642 1695//849
f 1695//849 1659//1642 1660//1643
f 1731//885 1696//1677 1732//1712
f 1732//1712 1696//1677 1697//1678
f 1732//1712 1697//1678 1733//1713
f 1733//1713 1697//1678 1698//1679
f 1733//1713 1698//1679 1734//1714
f 1734//1714 1698//1679 1699//1680
f 1734//1714 1699//1680 1735//1715
f 1735//1715 1699//1680 1700//1681
f 1735//1715 1700//1681 1736//1716
f 1736//1716 1700//1681 1701//1682
f 1736//1716 1701//1682 1737//1717
f 1737//1717 1701//1682 1702//1683
f 1737//1717 1702//1683 1738//1718
f 1738//1718 1702//1683 1703//1684
f 1738//1718 1703//1684 1739//1719
f 1739//1719 1703//1684 1704//1685
f 1739//1719 1704//1685 1740//1720
f 1740//1720 1704//1685 1705//1686
f 1740//1720 1705//1686 1741//1721
f 1741//1721 1705//1686 1706//1687
f 1741//1721 1706//1687 1742//1722
f 1742//1722 1706//1687 1707//1688
f 1742//1722 1707//1688 1743//1723
f 1743//1723 1707//1688 1708//1689
f 1743//1723 1708//1689 1744//1724
f 1744//1724 1708//1689 1709//1690
f 1744//1724 1709//1690 1745//1725
f 1745//1725 1709//1690 1710//1691
f 1745//1725 1710//1691 1746//1726
f 1746//1726 1710//1691 1711//1692
f 1746//1726 1711//1692 1747//1727
f 1747//1727 1711//1692 1712//1693
f 1747//1727 1712//1693 1748//1728
f 1748//1728 1712//1693 1713//1694
f 1748//1728 1713//1694 1749//867
f 1749//867 1713//1694 1714//1695
f 1749//867 1714//1695 1750//1729
f 1750//1729 1714//1695 1715//1696
f 1750//1729 1715//1696 1751//1730
f 1751//1730 1715//1696 1716//1697
f 1751//1730 1716//1697 1752//1731
f 1752//1731 1716//1697 1717//1698
f 1752//1731 1717//1698 1753//1732
f 1753//1732 1717//1698 1718//1699
f 1753//1732 1718//1699 1754//1733
f 1754//1733 1718//1699 1719//1700
f 1754//1733 1719//1700 1755//1734
f 1755//1734 1719//1700 1720//1701
f 1755//1734 1720//1701 1756//1735
f 1756//1735 1720//1701 1721//1702
f 1756//1735 1721//1702 1757//1736
f 1757//1736 1721//1702 1722//1703
f 1757//1736 1722//1703 1758//1737
f 1758//1737 1722//1703 1723//1704
f 1758//1737 1723//1704 1759//1738
f 1759//1738 1723//1704 1724//1705
f 1759//1738 1724//1705 1760//1739
f 1760//1739 1724//1705 1725//1706
f 1760//1739 1725//1706 1761//1740
f 1761//1740 1725//1706 1726//1707
f 1761//1740 1726//1707 1762//1741
f 1762//1741 1726//1707 1727//1708
f 1762//1741 1727//1708 1763//1742
f 1763//1742 1727//1708 1728//1709
f 1763//1742 1728//1709 1764//1743
f 1764//1743 1728//1709 1729//1710
f 1764//1743 1729//1710 1765//1744
f 1765//1744 1729//1710 1730//1711
f 1765//1744 1730//1711 1766//1745
f 1766//1745 1730//1711 1695//849
f 1766//1745 1695//849 1731//885
f 1731//885 1695//849 1696//1677
f 1767//921 1732//1712 1768//1746
f 1768//1746 1732//1712 1733//1713
f 1768//1746 1733//1713 1769//1747
f 1769//1747 1733//1713 1734//1714
f 1769//1747 1734//1714 1770//1748
f 1770//1748 1734//1714 1735//1715
f 1770//1748 1735//1715 1771//1749
f 1771//1749 1735//1715 1736//1716
f 1771//1749 1736//1716 1772//1750
f 1772//1750 1736//1716 1737//1717
f 1772//1750 1737//1717 1773//1751
f 1773//1751 1737//1717 1738//1718
f 1773//1751 1738//1718 1774//1752
f 1774//1752 1738//1718 1739//1719
f 1774//1752 1739//1719 1775//1753
f 1775//1753 1739//1719 1740//1720
f 1775//1753 1740//1720 1776//1754
f 1776//1754 1740//1720 1741//1721
f 1776//1754 1741//1721 1777//1755
f 1777//1755 1741//1721 1742//1722
f 1777//1755 1742//1722 1778//1756
f 1778//1756 1742//1722 1743//1723
f 1778//1756 1743//1723 1779//1757
f 1779//1757 1743//1723 1744//1724
f 1779//1757 1744//1724 1780//1758
f 1780//1758 1744//1724 1745//1725
f 1780//1758 1745//1725 1781//1759
f 1781//1759 1745//1725 1746//1726
f 1781//1759 1746//1726 1782//1760
f 1782//1760 1746//1726 1747//1727
f 1782//1760 1747//1727 1783//1761
f 1783//1761 1747//1727 1748//1728
f 1783//1761 1748//1728 1784//1762
f 1784//1762 1748//1728 1749//867
f 1784//1762 1749//867 1785//1763
f 1785//1763 1749//867 1750//1729
f 1785//1763 1750//1729 1786//1764
f 1786//1764 1750//1729 1751//1730
f 1786//1764 1751//1730 1787//1765
f 1787//1765 1751//1730 1752//1731
f 1787//1765 1752//1731 1788//1766
f 1788//1766 1752//1731 1753//1732
f 1788//1766 1753//1732 1789//1767
f 1789//1767 1753//1732 1754//1733
f 1789//1767 1754//1733 1790//1768
f 1790//1768 1754//1733 1755//1734
f 1790//1768 1755//1734 1791//1769
f 1791//1769 1755//1734 1756//1735
f 1791//1769 1756//1735 1792//1770
f 1792//1770 1756//1735 1757//1736
f 1792//1770 1757//1736 1793//1771
f 1793//1771 1757//1736 1758//1737
f 1793//1771 1758//1737 1794//1772
f 1794//1772 1758//1737 1759//1738
f 1794//1772 1759//1738 1795//1773
f 1795//1773 1759//1738 1760//1739
f 1795//1773 1760//1739 1796//1774
f 1796//1774 1760//1739 1761//1740
f 1796//1774 1761//1740 1797//1775
f 1797//1775 1761//1740 1762//1741
f 1797//1775 1762//1741 1798//1776
f 1798//1776 1762//1741 1763//1742
f 1798//1776 1763//1742 1799//1777
f 1799//1777 1763//1742 1764//1743
f 1799//1777 1764//1743 1800//1778
f 1800//1778 1764//1743 1765//1744
f 1800//1778 1765//1744 1801//1779
f 1801//1779 1765//1744 1766//1745
f 1801//1779 1766//1745 1802//1780
f 1802//1780 1766//1745 1731//885
f 1802//1780 1731//885 1767//921
f 1767//921 1731//885 1732//1712
f 1803//1781 1768//1746 1804//1782
f 1804//1782 1768//1746 1769//1747
f 1804//1782 1769//1747 1805//1783
f 1805//1783 1769//1747 1770//1748
f 1805//1783 1770//1748 1806//1784
f 1806//1784 1770//1748 1771//1749
f 1806//1784 1771//1749 1807//1785
f 1807//1785 1771//1749 1772//1750
f 1807//1785 1772//1750 1808//1786
f 1808//1786 1772//1750 1773//1751
f 1808//1786 1773//1751 1809//1787
f 1809//1787 1773//1751 1774//1752
f 1809//1787 1774//1752 1810//1788
f 1810//1788 1774//1752 1775//1753
f 1810//1788 1775//1753 1811//1789
f 1811//1789 1775//1753 1776//1754
f 1811//1789 1776//1754 1812//1790
f 1812//1790 1776//1754 1777//1755
f 1812//1790 1777//1755 1813//1791
f 1813//1791 1777//1755 1778//1756
f 1813//1791 1778//1756 1814//1792
f 1814//1792 1778//1756 1779//1757
f 1814//1792 1779//1757 1815//1793
f 1815//1793 1779//1757 1780//1758
f 1815//1793 1780//1758 1816//1794
f 1816//1794 1780//1758 1781//1759
f 1816//1794 1781//1759 1817//1795
f 1817//1795 1781//1759 1782//1760
f 1817//1795 1782//1760 1818//1796
f 1818//1796 1782//1760 1783//1761
f 1818//1796 1783//1761 1819//1797
f 1819//1797 1783//1761 1784//1762
f 1819//1797 1784//1762 1820//1798
f 1820//1798 1784//1762 1785//1763
f 1820//1798 1785//1763 1821//939
f 1821//939 1785//1763 1786//1764
f 1821//939 1786//1764 1822//1799
f 1822//1799 1786//1764 1787//1765
f 1822//1799 1787//1765 1823//1800
f 1823//1800 1787//1765 1788//1766
f 1823//1800 1788//1766 1824//1801
f 1824//1801 1788//1766 1789//1767
f 1824//1801 1789//1767 1825//1802
f 1825//1802 1789//1767 1790//1768
f 1825//1802 1790//1768 1826//1803
f 1826//1803 1790//1768 1791//1769
f 1826//1803 1791//1769 1827//1804
f 1827//1804 1791//1769 1792//1770
f 1827//1804 1792//1770 1828//1805
f 1828//1805 1792//1770 1793//1771
f 1828//1805 1793//1771 1829//1806
f 1829//1806 1793//1771 1794//1772
f 1829//1806 1794//1772 1830//1807
f 1830//1807 1794//1772 1795//1773
f 1830//1807 1795//1773 1831//1808
f 1831//1808 1795//1773 1796//1774
f 1831//1808 1796//1774 1832//1809
f 1832//1809 1796//1774 1797//1775
f 1832//1809 1797//1775 1833//1810
f 1833//1810 1797//1775 1798//1776
f 1833//1810 1798//1776 1834//1811
f 1834//1811 1798//1776 1799//1777
f 1834//1811 1799//1777 1835//1812
f 1835//1812 1799//1777 1800//1778
f 1835//1812 1800//1778 1836//1813
f 1836//1813 1800//1778 1801//1779
f 1836//1813 1801//1779 1837//1814
f 1837//1814 1801//1779 1802//1780
f 1837//1814 1802//1780 1838//1815
f 1838//1815 1802//1780 1767//921
f 1838//1815 1767//921 1803//1781
f 1803//1781 1767//921 1768//1746
f 1839//993 1804//1782 1840//1816
f 1840//1816 1804//1782 1805//1783
f 1840//1816 1805//1783 1841//1817
f 1841//1817 1805//1783 1806//1784
f 1841//1817 1806//1784 1842//1818
f 1842//1818 1806//1784 1807//1785
f 1842//1818 1807//1785 1843//1819
f 1843//1819 1807//1785 1808//1786
f 1843//1819 1808//1786 1844//1820
f 1844//1820 1808//1786 1809//1787
f 1844//1820 1809//1787 1845//1821
f 1845//1821 1809//1787 1810//1788
f 1845//1821 1810//1788 1846//1822
f 1846//1822 1810//1788 1811//1789
f 1846//1822 1811//1789 1847//1823
f 1847//1823 1811//1789 1812//1790
f 1847//1823 1812//1790 1848//1824
f 1848//1824 1812//1790 1813//1791
f 1848//1824 1813//1791 1849//1825
f 1849//1825 1813//1791 1814//1792
f 1849//1825 1814//1792 1850//1826
f 1850//1826 1814//1792 1815//1793
f 1850//1826 1815//1793 1851//1827
f 1851//1827 1815//1793 1816//1794
f 1851//1827 1816//1794 1852//1828
f 1852//1828 1816//1794 1817//1795
f 1852//1828 1817//1795 1853//1829
f 1853//1829 1817//1795 1818//1796
f 1853//1829 1818//1796 1854//1830
f 1854//1830 1818//1796 1819//1797
f 1854//1830 1819//1797 1855//1831
f 1855//1831 1819//1797 1820//1798
f 1855//1831 1820//1798 1856//1832
f 1856//1832 1820//1798 1821//939
f 1856//1832 1821//939 1857//975
f 1857//975 1821//939 1822//1799
f 1857//975 1822//1799 1858//1833
f 1858//1833 1822//1799 1823//1800
f 1858//1833 1823//1800 1859//1834
f 1859//1834 1823//1800 1824//1801
f 1859//1834 1824//1801 1860//1835
f 1860//1835 1824//1801 1825//1802
f 1860//1835 1825//1802 1861//1836
f 1861//1836 1825//1802 1826//1803
f 1861//1836 1826//1803 1862//1837
f 1862//1837 1826//1803 1827//1804
f 1862//1837 1827//1804 1863//1838
f 1863//1838 1827//1804 1828//1805
f 1863//1838 1828//1805 1864//1839
f 1864//1839 1828//1805 1829//1806
f 1864//1839 1829//1806 1865//1840
f 1865//1840 1829//1806 1830//1807
f 1865//1840 1830//1807 1866//1841
f 1866//1841 1830//1807 1831//1808
f 1866//1841 1831//1808 1867//1842
f 1867//1842 1831//1808 1832//1809
f 1867//1842 1832//1809 1868//1843
f 1868//1843 1832//1809 1833//1810
f 1868//1843 1833//1810 1869//1844
f 1869//1844 1833//1810 1834//1811
f 1869//1844 1834//1811 1870//1845
f 1870//1845 1834//1811 1835//1812
f 1870//1845 1835//1812 1871//1846
f 1871//1846 1835//1812 1836//1813
f 1871//1846 1836//1813 1872//1847
f 1872//1847 1836//1813 1837//1814
f 1872//1847 1837//1814 1873//1848
f 1873//1848 1837//1814 1838//1815
f 1873//1848 1838//1815 1874//1849
f 1874//1849 1838//1815 1803//1781
f 1874//1849 1803//1781 1839//993
f 1839//993 1803//1781 1804//1782
f 1038//1038 1840//1816 1039//1039
f 1039//1039 1840//1816 1841//1817
f 1039//1039 1841//1817 1040//1040
f 1040//1040 1841//1817 1842//1818
f 1040//1040 1842//1818 1041//1041
f 1041//1041 1842//1818 1843//1819
f 1041//1041 1843//1819 1042//1042
f 1042//1042 1843//1819 1844//1820
f 1042//1042 1844//1820 1043//1043
f 1043//1043 1844//1820 1845//1821
f 1043//1043 1845//1821 1044//1044
f 1044//1044 1845//1821 1846//1822
f 1044//1044 1846//1822 1045//1045
f 1045//1045 1846//1822 1847//1823
f 1045//1045 1847//1823 1046//1046
f 1046//1046 1847//1823 1848//1824
f 1046//1046 1848//1824 1011//1011
f 1011//1011 1848//1824 1849//1825
f 1011//1011 1849//1825 1012//1012
f 1012//1012 1849//1825 1850//1826
f 1012//1012 1850//1826 1013//1013
f 1013//1013 1850//1826 1851//1827
f 1013//1013 1851//1827 1014//1014
f 1014//1014 1851//1827 1852//1828
f 1014//1014 1852//1828 1015//1015
f 1015//1015 1852//1828 1853//1829
f 1015//1015 1853//1829 1016//1016
f 1016//1016 1853//1829 1854//1830
f 1016//1016 1854//1830 1017//1017
f 1017//1017 1854//1830 1855//1831
f 1017//1017 1855//1831 1018//1018
f 1018//1018 1855//1831 1856//1832
f 1018//1018 1856//1832 1019//1019
f 1019//1019 1856//1832 1857//975
f 1019//1019 1857//975 1020//1020
f 1020//1020 1857//975 1858//1833
f 1020//1020 1858//1833 1021//1021
f 1021//1021 1858//1833 1859//1834
f 1021//1021 1859//1834 1022//1022
f 1022//1022 1859//1834 1860//1835
f 1022//1022 1860//1835 1023//1023
f 1023//1023 1860//1835 1861//1836
f 1023//1023 1861//1836 1024//1024
f 1024//1024 1861//1836 1862//1837
f 1024//1024 1862//1837 1025//1025
f 1025//1025 1862//1837 1863//1838
f 1025//1025 1863//1838 1026//1026
f 1026//1026 1863//1838 1864//1839
f 1026//1026 1864//1839 1027//1027
f 1027//1027 1864//1839 1865//1840
f 1027//1027 1865//1840 1028//1028
f 1028//1028 1865//1840 1866//1841
f 1028//1028 1866//1841 1029//1029
f 1029//1029 1866//1841 1867//1842
f 1029//1029 1867//1842 1030//1030
f 1030//1030 1867//1842 1868//1843
f 1030//1030 1868//1843 1031//1031
f 1031//1031 1868//1843 1869//1844
f 1031//1031 1869//1844 1032//1032
f 1032//1032 1869//1844 1870//1845
f 1032//1032 1870//1845 1033//1033
f 1033//1033 1870//1845 1871//1846
f 1033//1033 1871//1846 1034//1034
f 1034//1034 1871//1846 1872//1847
f 1034//1034 1872//1847 1035//1035
f 1035//1035 1872//1847 1873//1848
f 1035//1035 1873//1848 1036//1036
f 1036//1036 1873//1848 1874//1849
f 1036//1036 1874//1849 1037//1037
f 1037//1037 1874//1849 1839//993
f 1037//1037 1839//993 1038//1038
f 1038//1038 1839//993 1840//1816
