# Blender v3.6.0 OBJ File: ''
# www.blender.org
mtllib Line_UF01_Inlet.mtl
o Line_UF01_Inlet
v 418.110474 1525.250000 194.790207
v 416.482422 1536.900024 192.973053
v 416.482422 1525.250000 192.973053
v 415.129547 1536.900024 190.942703
v 415.129547 1525.250000 190.942703
v 414.079376 1536.900024 188.740494
v 414.079376 1525.250000 188.740494
v 413.353302 1536.900024 186.411224
v 413.353302 1525.250000 186.411224
v 412.966125 1536.900024 184.002350
v 412.966125 1525.250000 184.002350
v 412.925690 1536.900024 181.562881
v 412.925690 1525.250000 181.562881
v 413.232849 1536.900024 179.142487
v 413.232849 1525.250000 179.142487
v 413.881348 1536.900024 176.790451
v 413.881348 1525.250000 176.790451
v 414.857971 1536.900024 174.554642
v 414.857971 1525.250000 174.554642
v 416.142822 1536.900024 172.480576
v 416.142822 1525.250000 172.480576
v 417.709778 1536.900024 170.610474
v 417.709778 1525.250000 170.610474
v 419.526947 1536.900024 168.982422
v 419.526947 1525.250000 168.982422
v 421.557281 1536.900024 167.629532
v 421.557281 1525.250000 167.629532
v 423.759521 1536.900024 166.579376
v 423.759521 1525.250000 166.579376
v 426.088776 1536.900024 165.853302
v 426.088776 1525.250000 165.853302
v 428.497650 1536.900024 165.466125
v 428.497650 1525.250000 165.466125
v 430.937134 1536.900024 165.425705
v 430.937134 1525.250000 165.425705
v 433.357513 1536.900024 165.732849
v 433.357513 1525.250000 165.732849
v 435.709534 1536.900024 166.381348
v 435.709534 1525.250000 166.381348
v 437.945343 1536.900024 167.357956
v 437.945343 1525.250000 167.357956
v 440.019409 1536.900024 168.642822
v 440.019409 1525.250000 168.642822
v 441.889526 1536.900024 170.209793
v 441.889526 1525.250000 170.209793
v 443.517578 1536.900024 172.026947
v 443.517578 1525.250000 172.026947
v 444.870453 1536.900024 174.057297
v 444.870453 1525.250000 174.057297
v 445.920624 1536.900024 176.259506
v 445.920624 1525.250000 176.259506
v 446.646698 1536.900024 178.588776
v 446.646698 1525.250000 178.588776
v 447.033875 1536.900024 180.997650
v 447.033875 1525.250000 180.997650
v 447.074310 1536.900024 183.437119
v 447.074310 1525.250000 183.437119
v 446.767151 1536.900024 185.857513
v 446.767151 1525.250000 185.857513
v 446.118652 1536.900024 188.209549
v 446.118652 1525.250000 188.209549
v 445.142029 1536.900024 190.445358
v 445.142029 1525.250000 190.445358
v 443.857178 1536.900024 192.519424
v 443.857178 1525.250000 192.519424
v 442.290222 1536.900024 194.389526
v 442.290222 1525.250000 194.389526
v 440.473053 1536.900024 196.017578
v 440.473053 1525.250000 196.017578
v 438.442719 1536.900024 197.370468
v 438.442719 1525.250000 197.370468
v 436.240479 1536.900024 198.420624
v 436.240479 1525.250000 198.420624
v 433.911224 1536.900024 199.146698
v 433.911224 1525.250000 199.146698
v 431.502350 1536.900024 199.533875
v 431.502350 1525.250000 199.533875
v 429.062866 1536.900024 199.574295
v 429.062866 1525.250000 199.574295
v 426.642487 1536.900024 199.267151
v 426.642487 1525.250000 199.267151
v 424.290466 1536.900024 198.618652
v 424.290466 1525.250000 198.618652
v 422.054657 1536.900024 197.642044
v 422.054657 1525.250000 197.642044
v 419.980591 1536.900024 196.357178
v 419.980591 1525.250000 196.357178
v 418.110474 1536.900024 194.790207
v 442.525208 1537.400024 180.727509
v 446.159943 1537.400024 178.703140
v 442.062622 1537.400024 178.690109
v 445.455109 1537.400024 176.441986
v 441.271027 1537.400024 176.756622
v 444.435669 1537.400024 174.304153
v 440.171967 1537.400024 174.979797
v 443.122314 1537.400024 172.333176
v 438.795471 1537.400024 173.408112
v 441.541870 1537.400024 170.569153
v 437.179016 1537.400024 172.084427
v 439.726440 1537.400024 169.048004
v 435.366760 1537.400024 171.044861
v 437.713043 1537.400024 167.800705
v 433.408112 1537.400024 170.317749
v 438.334503 1537.400024 192.016220
v 441.930847 1537.400024 194.041870
v 439.787140 1537.400024 190.514618
v 443.451996 1537.400024 192.226456
v 440.972839 1537.400024 188.794403
v 444.699280 1537.400024 190.213043
v 441.859192 1537.400024 186.902481
v 445.647339 1537.400024 188.042603
v 442.422089 1537.400024 184.890472
v 446.276886 1537.400024 185.759338
v 442.646118 1537.400024 182.813263
v 446.575043 1537.400024 183.409714
v 446.535797 1537.400024 181.041580
v 426.591888 1537.400024 194.682251
v 426.740662 1537.400024 198.776871
v 428.643494 1537.400024 195.077057
v 429.090271 1537.400024 199.075058
v 430.732117 1537.400024 195.128799
v 431.458405 1537.400024 199.035812
v 432.800751 1537.400024 194.836060
v 433.796875 1537.400024 198.659943
v 434.792999 1537.400024 194.206818
v 436.058014 1537.400024 197.955109
v 436.654510 1537.400024 193.258255
v 438.195831 1537.400024 196.935654
v 440.166840 1537.400024 195.622330
v 417.474792 1537.400024 184.272491
v 413.840057 1537.400024 186.296860
v 417.937378 1537.400024 186.309891
v 414.544891 1537.400024 188.558014
v 418.728973 1537.400024 188.243378
v 415.564331 1537.400024 190.695847
v 419.828033 1537.400024 190.020203
v 416.877686 1537.400024 192.666824
v 421.204529 1537.400024 191.591888
v 418.458130 1537.400024 194.430847
v 422.820984 1537.400024 192.915573
v 420.273560 1537.400024 195.951996
v 424.633240 1537.400024 193.955139
v 422.286957 1537.400024 197.199295
v 424.457397 1537.400024 198.147354
v 421.665497 1537.400024 172.983780
v 418.069153 1537.400024 170.958130
v 420.212860 1537.400024 174.485382
v 416.548004 1537.400024 172.773544
v 419.027161 1537.400024 176.205597
v 415.300720 1537.400024 174.786957
v 418.140808 1537.400024 178.097519
v 414.352661 1537.400024 176.957397
v 417.577911 1537.400024 180.109528
v 413.723114 1537.400024 179.240662
v 417.353882 1537.400024 182.186737
v 413.424957 1537.400024 181.590286
v 413.464203 1537.400024 183.958420
v 435.542603 1537.400024 166.852646
v 433.259338 1537.400024 166.223129
v 431.356506 1537.400024 169.922943
v 430.909729 1537.400024 165.924942
v 429.267883 1537.400024 169.871201
v 428.541595 1537.400024 165.964188
v 427.199249 1537.400024 170.163940
v 426.203125 1537.400024 166.340057
v 425.207001 1537.400024 170.793182
v 423.941986 1537.400024 167.044891
v 423.345490 1537.400024 171.741745
v 421.804169 1537.400024 168.064346
v 419.833160 1537.400024 169.377670
v 421.204529 1518.199951 191.591888
v 419.828033 1518.199951 190.020203
v 418.728973 1518.199951 188.243378
v 417.937378 1518.199951 186.309891
v 417.474792 1518.199951 184.272491
v 417.353882 1518.199951 182.186737
v 417.577911 1518.199951 180.109528
v 418.140808 1518.199951 178.097519
v 419.027161 1518.199951 176.205597
v 420.212860 1518.199951 174.485382
v 421.665497 1518.199951 172.983780
v 423.345490 1518.199951 171.741745
v 425.207001 1518.199951 170.793182
v 427.199249 1518.199951 170.163940
v 429.267883 1518.199951 169.871201
v 431.356506 1518.199951 169.922943
v 433.408112 1518.199951 170.317749
v 435.366760 1518.199951 171.044861
v 437.179016 1518.199951 172.084427
v 438.795471 1518.199951 173.408112
v 440.171967 1518.199951 174.979797
v 441.271027 1518.199951 176.756622
v 442.062622 1518.199951 178.690109
v 442.525208 1518.199951 180.727509
v 442.646118 1518.199951 182.813263
v 442.422089 1518.199951 184.890472
v 441.859192 1518.199951 186.902481
v 440.972839 1518.199951 188.794403
v 439.787140 1518.199951 190.514618
v 438.334503 1518.199951 192.016220
v 436.654510 1518.199951 193.258255
v 434.792999 1518.199951 194.206818
v 432.800751 1518.199951 194.836060
v 430.732117 1518.199951 195.128799
v 428.643494 1518.199951 195.077057
v 426.591888 1518.199951 194.682251
v 424.633240 1518.199951 193.955139
v 422.820984 1518.199951 192.915573
v 422.094025 1518.199951 174.851776
v 420.886017 1518.199951 176.340820
v 419.954956 1518.199951 178.017029
v 419.329102 1518.199951 179.829437
v 419.027466 1518.199951 181.722992
v 419.059235 1518.199951 183.640152
v 419.423462 1518.199951 185.522675
v 420.109009 1518.199951 187.313354
v 421.095093 1518.199951 188.957779
v 422.351776 1518.199951 190.405991
v 423.840820 1518.199951 191.613983
v 425.517029 1518.199951 192.545044
v 427.329437 1518.199951 193.170898
v 429.222992 1518.199951 193.472519
v 431.140137 1518.199951 193.440750
v 433.022675 1518.199951 193.076553
v 434.813354 1518.199951 192.390991
v 436.457764 1518.199951 191.404892
v 437.905975 1518.199951 190.148224
v 439.113983 1518.199951 188.659180
v 440.045044 1518.199951 186.982971
v 440.670898 1518.199951 185.170563
v 440.972534 1518.199951 183.277008
v 440.940765 1518.199951 181.359848
v 440.576538 1518.199951 179.477325
v 439.890991 1518.199951 177.686646
v 438.904907 1518.199951 176.042221
v 437.648224 1518.199951 174.594009
v 436.159180 1518.199951 173.386017
v 434.482971 1518.199951 172.454956
v 432.670563 1518.199951 171.829102
v 430.777008 1518.199951 171.527481
v 428.859863 1518.199951 171.559250
v 426.977325 1518.199951 171.923447
v 425.186646 1518.199951 172.609009
v 423.542236 1518.199951 173.595108
v 422.351776 1504.599976 190.405991
v 421.095093 1504.599976 188.957779
v 420.109009 1504.599976 187.313354
v 419.423462 1504.599976 185.522675
v 419.059235 1504.599976 183.640152
v 419.027466 1504.599976 181.722992
v 419.329102 1504.599976 179.829437
v 419.954956 1504.599976 178.017029
v 420.886017 1504.599976 176.340820
v 422.094025 1504.599976 174.851776
v 423.542236 1504.599976 173.595108
v 425.186646 1504.599976 172.609009
v 426.977325 1504.599976 171.923447
v 428.859863 1504.599976 171.559250
v 430.777008 1504.599976 171.527481
v 432.670563 1504.599976 171.829102
v 434.482971 1504.599976 172.454956
v 436.159180 1504.599976 173.386017
v 437.648224 1504.599976 174.594009
v 438.904907 1504.599976 176.042221
v 439.890991 1504.599976 177.686646
v 440.576538 1504.599976 179.477325
v 440.940765 1504.599976 181.359848
v 440.972534 1504.599976 183.277008
v 440.670898 1504.599976 185.170563
v 440.045044 1504.599976 186.982971
v 439.113983 1504.599976 188.659180
v 437.905975 1504.599976 190.148224
v 436.457764 1504.599976 191.404892
v 434.813354 1504.599976 192.390991
v 433.022675 1504.599976 193.076553
v 431.140137 1504.599976 193.440750
v 429.222992 1504.599976 193.472519
v 427.329437 1504.599976 193.170898
v 425.517029 1504.599976 192.545044
v 423.840820 1504.599976 191.613983
v 418.180023 1485.900024 194.718338
v 416.561462 1499.099976 192.911819
v 416.561462 1485.900024 192.911819
v 415.216492 1499.099976 190.893341
v 415.216492 1485.900024 190.893341
v 414.172485 1499.099976 188.703995
v 414.172485 1485.900024 188.703995
v 413.450653 1499.099976 186.388351
v 413.450653 1485.900024 186.388351
v 413.065735 1499.099976 183.993561
v 413.065735 1485.900024 183.993561
v 413.025543 1499.099976 181.568359
v 413.025543 1485.900024 181.568359
v 413.330902 1499.099976 179.162125
v 413.330902 1485.900024 179.162125
v 413.975616 1499.099976 176.823837
v 413.975616 1485.900024 176.823837
v 414.946503 1499.099976 174.601105
v 414.946503 1485.900024 174.601105
v 416.223877 1499.099976 172.539169
v 416.223877 1485.900024 172.539169
v 417.781647 1499.099976 170.680008
v 417.781647 1485.900024 170.680008
v 419.588196 1499.099976 169.061462
v 419.588196 1485.900024 169.061462
v 421.606659 1499.099976 167.716492
v 421.606659 1485.900024 167.716492
v 423.796021 1499.099976 166.672470
v 423.796021 1485.900024 166.672470
v 426.111633 1499.099976 165.950653
v 426.111633 1485.900024 165.950653
v 428.506439 1499.099976 165.565735
v 428.506439 1485.900024 165.565735
v 430.931641 1499.099976 165.525543
v 430.931641 1485.900024 165.525543
v 433.337860 1499.099976 165.830902
v 433.337860 1485.900024 165.830902
v 435.676147 1499.099976 166.475601
v 435.676147 1485.900024 166.475601
v 437.898895 1499.099976 167.446518
v 437.898895 1485.900024 167.446518
v 439.960815 1499.099976 168.723862
v 439.960815 1485.900024 168.723862
v 441.819977 1499.099976 170.281662
v 441.819977 1485.900024 170.281662
v 443.438538 1499.099976 172.088181
v 443.438538 1485.900024 172.088181
v 444.783508 1499.099976 174.106659
v 444.783508 1485.900024 174.106659
v 445.827515 1499.099976 176.296005
v 445.827515 1485.900024 176.296005
v 446.549347 1499.099976 178.611649
v 446.549347 1485.900024 178.611649
v 446.934265 1499.099976 181.006439
v 446.934265 1485.900024 181.006439
v 446.974457 1499.099976 183.431641
v 446.974457 1485.900024 183.431641
v 446.669098 1499.099976 185.837875
v 446.669098 1485.900024 185.837875
v 446.024384 1499.099976 188.176163
v 446.024384 1485.900024 188.176163
v 445.053497 1499.099976 190.398895
v 445.053497 1485.900024 190.398895
v 443.776123 1499.099976 192.460831
v 443.776123 1485.900024 192.460831
v 442.218353 1499.099976 194.319992
v 442.218353 1485.900024 194.319992
v 440.411804 1499.099976 195.938538
v 440.411804 1485.900024 195.938538
v 438.393341 1499.099976 197.283508
v 438.393341 1485.900024 197.283508
v 436.203979 1499.099976 198.327530
v 436.203979 1485.900024 198.327530
v 433.888367 1499.099976 199.049347
v 433.888367 1485.900024 199.049347
v 431.493561 1499.099976 199.434265
v 431.493561 1485.900024 199.434265
v 429.068359 1499.099976 199.474457
v 429.068359 1485.900024 199.474457
v 426.662140 1499.099976 199.169098
v 426.662140 1485.900024 199.169098
v 424.323853 1499.099976 198.524399
v 424.323853 1485.900024 198.524399
v 422.101105 1499.099976 197.553482
v 422.101105 1485.900024 197.553482
v 420.039185 1499.099976 196.276138
v 420.039185 1485.900024 196.276138
v 418.180023 1499.099976 194.718338
v 438.334503 1504.599976 192.016220
v 436.654510 1504.599976 193.258255
v 434.792999 1504.599976 194.206818
v 432.800751 1504.599976 194.836060
v 430.732117 1504.599976 195.128799
v 428.643494 1504.599976 195.077057
v 426.591888 1504.599976 194.682251
v 424.633240 1504.599976 193.955139
v 422.820984 1504.599976 192.915573
v 421.204529 1504.599976 191.591888
v 419.828033 1504.599976 190.020203
v 418.728973 1504.599976 188.243378
v 417.937378 1504.599976 186.309891
v 417.474792 1504.599976 184.272491
v 417.353882 1504.599976 182.186737
v 417.577911 1504.599976 180.109528
v 418.140808 1504.599976 178.097519
v 419.027161 1504.599976 176.205597
v 420.212860 1504.599976 174.485382
v 421.665497 1504.599976 172.983780
v 423.345490 1504.599976 171.741745
v 425.207001 1504.599976 170.793182
v 427.199249 1504.599976 170.163940
v 429.267883 1504.599976 169.871201
v 431.356506 1504.599976 169.922943
v 433.408112 1504.599976 170.317749
v 435.366760 1504.599976 171.044861
v 437.179016 1504.599976 172.084427
v 438.795471 1504.599976 173.408112
v 440.171967 1504.599976 174.979797
v 441.271027 1504.599976 176.756622
v 442.062622 1504.599976 178.690109
v 442.525208 1504.599976 180.727509
v 442.646118 1504.599976 182.813263
v 442.422089 1504.599976 184.890472
v 441.859192 1504.599976 186.902481
v 440.972839 1504.599976 188.794403
v 439.787140 1504.599976 190.514618
v 421.204529 1485.400024 191.591888
v 419.828033 1485.400024 190.020203
v 418.728973 1485.400024 188.243378
v 417.937378 1485.400024 186.309891
v 417.474792 1485.400024 184.272491
v 417.353882 1485.400024 182.186737
v 417.577911 1485.400024 180.109528
v 418.140808 1485.400024 178.097519
v 419.027161 1485.400024 176.205597
v 420.212860 1485.400024 174.485382
v 421.665497 1485.400024 172.983780
v 423.345490 1485.400024 171.741745
v 425.207001 1485.400024 170.793182
v 427.199249 1485.400024 170.163940
v 429.267883 1485.400024 169.871201
v 431.356506 1485.400024 169.922943
v 433.408112 1485.400024 170.317749
v 435.366760 1485.400024 171.044861
v 437.179016 1485.400024 172.084427
v 438.795471 1485.400024 173.408112
v 440.171967 1485.400024 174.979797
v 441.271027 1485.400024 176.756622
v 442.062622 1485.400024 178.690109
v 442.525208 1485.400024 180.727509
v 442.646118 1485.400024 182.813263
v 442.422089 1485.400024 184.890472
v 441.859192 1485.400024 186.902481
v 440.972839 1485.400024 188.794403
v 439.787140 1485.400024 190.514618
v 438.334503 1485.400024 192.016220
v 436.654510 1485.400024 193.258255
v 434.792999 1485.400024 194.206818
v 432.800751 1485.400024 194.836060
v 430.732117 1485.400024 195.128799
v 428.643494 1485.400024 195.077057
v 426.591888 1485.400024 194.682251
v 424.633240 1485.400024 193.955139
v 422.820984 1485.400024 192.915573
v 441.858978 1485.400024 193.972336
v 440.105591 1485.400024 195.543274
v 438.146484 1485.400024 196.848694
v 436.021515 1485.400024 197.862015
v 433.773987 1485.400024 198.562592
v 431.449615 1485.400024 198.936203
v 446.062592 1485.400024 178.726013
v 446.436188 1485.400024 181.050369
v 446.475189 1485.400024 183.404236
v 446.178833 1485.400024 185.739700
v 445.553101 1485.400024 188.009216
v 444.610748 1485.400024 190.166580
v 443.370941 1485.400024 192.167862
v 433.239716 1485.400024 166.321182
v 435.509216 1485.400024 166.946915
v 437.666565 1485.400024 167.889267
v 439.667877 1485.400024 169.129044
v 441.472351 1485.400024 170.641022
v 443.043274 1485.400024 172.394409
v 444.348694 1485.400024 174.353531
v 445.362000 1485.400024 176.478485
v 418.141022 1485.400024 171.027664
v 419.894409 1485.400024 169.456726
v 421.853516 1485.400024 168.151306
v 423.978485 1485.400024 167.137985
v 426.226013 1485.400024 166.437408
v 428.550385 1485.400024 166.063797
v 430.904236 1485.400024 166.024796
v 429.095764 1485.400024 198.975204
v 426.760284 1485.400024 198.678818
v 424.490784 1485.400024 198.053085
v 422.333435 1485.400024 197.110733
v 420.332123 1485.400024 195.870956
v 418.527649 1485.400024 194.358978
v 416.956726 1485.400024 192.605591
v 415.651306 1485.400024 190.646469
v 414.638000 1485.400024 188.521515
v 413.937408 1485.400024 186.273987
v 413.563812 1485.400024 183.949631
v 413.524811 1485.400024 181.595764
v 413.821167 1485.400024 179.260300
v 414.446899 1485.400024 176.990784
v 415.389252 1485.400024 174.833420
v 416.629059 1485.400024 172.832138
v 422.381287 1523.750000 206.835266
v 423.136017 1524.010498 207.035156
v 421.125427 1523.750000 206.405899
v 421.133362 1524.010498 206.384537
v 419.607635 1523.750000 205.786240
v 419.191284 1524.010498 205.570755
v 419.181610 1523.750000 205.591385
v 417.323029 1524.010498 204.599380
v 417.311676 1523.750000 204.619141
v 423.129883 1523.750000 207.057098
v 425.181244 1523.750000 207.540558
v 425.185547 1524.010498 207.518188
v 425.257935 1523.750000 207.555191
v 427.267975 1524.010498 207.830307
v 427.265533 1523.750000 207.852966
v 428.198730 1523.750000 207.936295
v 429.369080 1524.010498 207.969391
v 429.368500 1523.750000 207.992188
v 431.474487 1524.010498 207.934509
v 431.163879 1523.750000 207.973419
v 431.475800 1523.750000 207.957260
v 433.572998 1523.750000 207.748444
v 433.569794 1524.010498 207.725876
v 434.113312 1523.750000 207.666061
v 435.640747 1524.010498 207.344925
v 435.645782 1523.750000 207.367142
v 437.673157 1524.010498 206.794250
v 437.007111 1523.750000 207.018372
v 437.680023 1523.750000 206.815994
v 439.661804 1523.750000 206.098724
v 439.653168 1524.010498 206.077637
v 439.806122 1523.750000 206.039108
v 441.567200 1524.010498 205.199951
v 441.577545 1523.750000 205.220261
v 442.472534 1523.750000 204.741531
v 443.402252 1524.010498 204.167206
v 443.414246 1523.750000 204.186584
v 445.145752 1524.010498 202.986450
v 444.970306 1523.750000 203.143158
v 445.159302 1523.750000 203.004776
v 446.800781 1523.750000 201.682907
v 446.785767 1524.010498 201.665756
v 447.265594 1523.750000 201.265640
v 448.311127 1524.010498 200.214142
v 448.327515 1523.750000 200.229980
v 449.711426 1524.010498 198.641510
v 449.327423 1523.750000 199.134338
v 449.729034 1523.750000 198.655960
v 450.995819 1523.750000 196.971558
v 450.977051 1524.010498 196.958633
v 451.127869 1523.750000 196.778091
v 452.099365 1524.010498 195.176971
v 452.119141 1523.750000 195.188309
v 452.642578 1523.750000 194.228745
v 453.070770 1524.010498 193.308731
v 453.091400 1523.750000 193.318390
v 453.884521 1524.010498 191.366638
v 453.851105 1523.750000 191.520798
v 453.905914 1523.750000 191.374573
v 454.557098 1523.750000 189.370132
v 454.535156 1524.010498 189.363983
v 454.737091 1523.750000 188.690857
v 455.018188 1524.010498 187.314438
v 455.040558 1523.750000 187.318756
v 455.330292 1524.010498 185.232010
v 455.288544 1523.750000 185.777206
v 455.362640 1523.750000 179.856934
v 455.225861 1524.010498 178.930191
v 455.434509 1524.010498 181.025528
v 455.352966 1523.750000 185.234467
v 455.492188 1523.750000 183.131485
v 455.469391 1524.010498 183.130920
v 455.498016 1523.750000 182.819229
v 455.457245 1523.750000 181.024200
v 455.248444 1523.750000 178.927002
v 454.884308 1523.750000 176.930374
v 454.844910 1524.010498 176.859253
v 454.867157 1523.750000 176.854202
v 454.315979 1523.750000 174.819977
v 454.294250 1524.010498 174.826843
v 454.069458 1523.750000 174.079147
v 453.577637 1524.010498 172.846848
v 453.598724 1523.750000 172.838211
v 452.699951 1524.010498 170.932785
v 452.929108 1523.750000 171.341782
v 449.737793 1523.750000 166.354736
v 449.165771 1524.010498 165.714233
v 450.486450 1524.010498 167.354263
v 452.720245 1523.750000 170.922440
v 451.686584 1523.750000 169.085754
v 451.667206 1524.010498 169.097748
v 451.478699 1523.750000 168.755325
v 450.504791 1523.750000 167.340714
v 449.182892 1523.750000 165.699219
v 447.729980 1523.750000 164.172485
v 447.714142 1524.010498 164.188873
v 446.155945 1523.750000 162.770950
v 446.141510 1524.010498 162.788589
v 445.482422 1523.750000 162.238083
v 444.458618 1524.010498 161.522949
v 444.471558 1523.750000 161.504196
v 442.676971 1524.010498 160.400620
v 443.025452 1523.750000 160.577698
v 442.688324 1523.750000 160.380859
v 440.818390 1523.750000 159.408615
v 440.808716 1524.010498 159.429245
v 440.392365 1523.750000 159.213760
v 438.866638 1524.010498 158.615463
v 438.874573 1523.750000 158.594101
v 436.863983 1524.010498 157.964844
v 437.618713 1523.750000 158.164734
v 436.870117 1523.750000 157.942902
v 434.818756 1523.750000 157.459442
v 434.814453 1524.010498 157.481812
v 434.742065 1523.750000 157.444809
v 432.732025 1524.010498 157.169693
v 432.734467 1523.750000 157.147034
v 431.801270 1523.750000 157.063705
v 430.630920 1524.010498 157.030609
v 430.631500 1523.750000 157.007812
v 428.525513 1524.010498 157.065491
v 428.836121 1523.750000 157.026581
v 428.524200 1523.750000 157.042740
v 426.427002 1523.750000 157.251556
v 426.430206 1524.010498 157.274124
v 425.886688 1523.750000 157.333939
v 424.359253 1524.010498 157.655075
v 424.354218 1523.750000 157.632858
v 422.326843 1524.010498 158.205750
v 422.992889 1523.750000 157.981628
v 422.319977 1523.750000 158.184006
v 420.338196 1523.750000 158.901276
v 420.346832 1524.010498 158.922363
v 420.193878 1523.750000 158.960892
v 418.432800 1524.010498 159.800049
v 418.422455 1523.750000 159.779739
v 417.527466 1523.750000 160.258469
v 416.597748 1524.010498 160.832794
v 416.585754 1523.750000 160.813416
v 414.854248 1524.010498 162.013550
v 415.029694 1523.750000 161.856842
v 414.840698 1523.750000 161.995224
v 413.199219 1523.750000 163.317093
v 413.214233 1524.010498 163.334244
v 412.734406 1523.750000 163.734360
v 411.688873 1524.010498 164.785858
v 411.672485 1523.750000 164.770020
v 410.288574 1524.010498 166.358490
v 410.672577 1523.750000 165.865662
v 410.270966 1523.750000 166.344040
v 409.004181 1523.750000 168.028442
v 409.022949 1524.010498 168.041367
v 408.872131 1523.750000 168.221909
v 407.900635 1524.010498 169.823029
v 407.880859 1523.750000 169.811691
v 407.357422 1523.750000 170.771255
v 406.929230 1524.010498 171.691269
v 406.908600 1523.750000 171.681610
v 406.115479 1524.010498 173.633362
v 406.148895 1523.750000 173.479202
v 406.094086 1523.750000 173.625427
v 405.442902 1523.750000 175.629868
v 405.464844 1524.010498 175.636017
v 405.262909 1523.750000 176.309143
v 404.981812 1524.010498 177.685562
v 404.959442 1523.750000 177.681244
v 404.669708 1524.010498 179.767990
v 404.711456 1523.750000 179.222794
v 404.637360 1523.750000 185.143066
v 404.774139 1524.010498 186.069809
v 404.565491 1524.010498 183.974472
v 404.647034 1523.750000 179.765533
v 404.507812 1523.750000 181.868515
v 404.530609 1524.010498 181.869080
v 404.501984 1523.750000 182.180771
v 404.542755 1523.750000 183.975800
v 404.751556 1523.750000 186.072998
v 405.115692 1523.750000 188.069626
v 405.155090 1524.010498 188.140747
v 405.132843 1523.750000 188.145798
v 405.684021 1523.750000 190.180023
v 405.705750 1524.010498 190.173157
v 405.930542 1523.750000 190.920853
v 406.422363 1524.010498 192.153152
v 406.401276 1523.750000 192.161789
v 407.300049 1524.010498 194.067215
v 407.070892 1523.750000 193.658218
v 410.262207 1523.750000 198.645264
v 410.834229 1524.010498 199.285767
v 409.513550 1524.010498 197.645737
v 407.279755 1523.750000 194.077560
v 408.313416 1523.750000 195.914246
v 408.332794 1524.010498 195.902252
v 408.521301 1523.750000 196.244675
v 409.495209 1523.750000 197.659286
v 410.817108 1523.750000 199.300781
v 412.270020 1523.750000 200.827515
v 412.285858 1524.010498 200.811127
v 413.844055 1523.750000 202.229050
v 413.858490 1524.010498 202.211411
v 414.517578 1523.750000 202.761917
v 415.541382 1524.010498 203.477051
v 415.528442 1523.750000 203.495804
v 416.974548 1523.750000 204.422302
v 410.885162 1524.263062 199.241180
v 409.567963 1524.263062 197.605515
v 408.390350 1524.263062 195.866653
v 407.360352 1524.263062 194.036484
v 406.484985 1524.263062 192.127518
v 405.770264 1524.263062 190.152786
v 405.221069 1524.263062 188.125763
v 404.841125 1524.263062 186.060318
v 404.633057 1524.263062 183.970566
v 404.598267 1524.263062 181.870758
v 404.736969 1524.263062 179.775238
v 405.048279 1524.263062 177.698349
v 405.529999 1524.263062 175.654251
v 406.178894 1524.263062 173.656906
v 406.990509 1524.263062 171.719986
v 407.959320 1524.263062 169.856705
v 409.078674 1524.263062 168.079773
v 410.340942 1524.263062 166.401352
v 411.737518 1524.263062 164.832916
v 413.258820 1524.263062 163.385147
v 414.894501 1524.263062 162.067963
v 416.633362 1524.263062 160.890350
v 418.463501 1524.263062 159.860336
v 420.372498 1524.263062 158.984985
v 422.347229 1524.263062 158.270279
v 424.374237 1524.263062 157.721069
v 426.439667 1524.263062 157.341125
v 428.529449 1524.263062 157.133057
v 430.629242 1524.263062 157.098251
v 432.724762 1524.263062 157.236969
v 434.801666 1524.263062 157.548264
v 436.845764 1524.263062 158.030014
v 438.843079 1524.263062 158.678909
v 440.780029 1524.263062 159.490524
v 442.643311 1524.263062 160.459320
v 444.420227 1524.263062 161.578674
v 446.098633 1524.263062 162.840942
v 447.667084 1524.263062 164.237503
v 449.114838 1524.263062 165.758820
v 450.432037 1524.263062 167.394485
v 451.609650 1524.263062 169.133347
v 452.639648 1524.263062 170.963516
v 453.515015 1524.263062 172.872482
v 454.229736 1524.263062 174.847214
v 454.778931 1524.263062 176.874237
v 455.158875 1524.263062 178.939682
v 455.366943 1524.263062 181.029434
v 455.401733 1524.263062 183.129242
v 455.263031 1524.263062 185.224762
v 454.951721 1524.263062 187.301651
v 454.470001 1524.263062 189.345749
v 453.821106 1524.263062 191.343094
v 453.009491 1524.263062 193.280014
v 452.040680 1524.263062 195.143295
v 450.921326 1524.263062 196.920227
v 449.659058 1524.263062 198.598648
v 448.262482 1524.263062 200.167084
v 446.741180 1524.263062 201.614853
v 445.105499 1524.263062 202.932037
v 443.366638 1524.263062 204.109650
v 441.536499 1524.263062 205.139664
v 439.627502 1524.263062 206.015015
v 437.652771 1524.263062 206.729721
v 435.625763 1524.263062 207.278931
v 433.560333 1524.263062 207.658875
v 431.470551 1524.263062 207.866943
v 429.370758 1524.263062 207.901749
v 427.275238 1524.263062 207.763031
v 425.198334 1524.263062 207.451736
v 423.154236 1524.263062 206.969986
v 421.156921 1524.263062 206.321091
v 419.219971 1524.263062 205.509476
v 417.356689 1524.263062 204.540680
v 415.579773 1524.263062 203.421326
v 413.901367 1524.263062 202.159058
v 412.332916 1524.263062 200.762497
v 410.968262 1524.500000 199.168381
v 409.656830 1524.500000 197.539825
v 408.484314 1524.500000 195.808517
v 407.458801 1524.500000 193.986313
v 406.587250 1524.500000 192.085648
v 405.875641 1524.500000 190.119507
v 405.328827 1524.500000 188.101303
v 404.950531 1524.500000 186.044846
v 404.743378 1524.500000 183.964172
v 404.708710 1524.500000 181.873489
v 404.846832 1524.500000 179.787094
v 405.156769 1524.500000 177.719223
v 405.636414 1524.500000 175.684021
v 406.282501 1524.500000 173.695374
v 407.090576 1524.500000 171.766861
v 408.055176 1524.500000 169.911682
v 409.169647 1524.500000 168.142487
v 410.426453 1524.500000 166.471375
v 411.816925 1524.500000 164.909744
v 413.331635 1524.500000 163.468277
v 414.960175 1524.500000 162.156815
v 416.691467 1524.500000 160.984314
v 418.513672 1524.500000 159.958801
v 420.414337 1524.500000 159.087250
v 422.380493 1524.500000 158.375641
v 424.398712 1524.500000 157.828827
v 426.455170 1524.500000 157.450546
v 428.535828 1524.500000 157.243362
v 430.626526 1524.500000 157.208725
v 432.712921 1524.500000 157.346848
v 434.780762 1524.500000 157.656784
v 436.815979 1524.500000 158.136429
v 438.804626 1524.500000 158.782501
v 440.733124 1524.500000 159.590591
v 442.588318 1524.500000 160.555176
v 444.357513 1524.500000 161.669662
v 446.028625 1524.500000 162.926437
v 447.590271 1524.500000 164.316925
v 449.031738 1524.500000 165.831619
v 450.343170 1524.500000 167.460175
v 451.515686 1524.500000 169.191483
v 452.541199 1524.500000 171.013687
v 453.412750 1524.500000 172.914352
v 454.124359 1524.500000 174.880493
v 454.671173 1524.500000 176.898697
v 455.049469 1524.500000 178.955154
v 455.256622 1524.500000 181.035828
v 455.291290 1524.500000 183.126511
v 455.153168 1524.500000 185.212906
v 454.843231 1524.500000 187.280777
v 454.363586 1524.500000 189.315979
v 453.717499 1524.500000 191.304626
v 452.909424 1524.500000 193.233139
v 451.944824 1524.500000 195.088318
v 450.830353 1524.500000 196.857513
v 449.573547 1524.500000 198.528625
v 448.183075 1524.500000 200.090256
v 446.668365 1524.500000 201.531723
v 445.039825 1524.500000 202.843185
v 443.308533 1524.500000 204.015686
v 441.486328 1524.500000 205.041199
v 439.585663 1524.500000 205.912750
v 437.619507 1524.500000 206.624359
v 435.601288 1524.500000 207.171173
v 433.544830 1524.500000 207.549454
v 431.464172 1524.500000 207.756638
v 429.373474 1524.500000 207.791275
v 427.287079 1524.500000 207.653152
v 425.219238 1524.500000 207.343216
v 423.184021 1524.500000 206.863571
v 421.195374 1524.500000 206.217499
v 419.266876 1524.500000 205.409409
v 417.411682 1524.500000 204.444824
v 415.642487 1524.500000 203.330338
v 413.971375 1524.500000 202.073563
v 412.409729 1524.500000 200.683075
v 411.081085 1524.714233 199.069565
v 409.777405 1524.714233 197.450668
v 408.611877 1524.714233 195.729630
v 407.592407 1524.714233 193.918228
v 406.726044 1524.714233 192.028824
v 406.018646 1524.714233 190.074326
v 405.475067 1524.714233 188.068100
v 405.099030 1524.714233 186.023834
v 404.893097 1524.714233 183.955490
v 404.858643 1524.714233 181.877197
v 404.995941 1524.714233 179.803177
v 405.304047 1524.714233 177.747559
v 405.780853 1524.714233 175.724426
v 406.423096 1524.714233 173.747559
v 407.226379 1524.714233 171.830490
v 408.185272 1524.714233 169.986298
v 409.293152 1524.714233 168.227600
v 410.542480 1524.714233 166.566391
v 411.924713 1524.714233 165.014023
v 413.430420 1524.714233 163.581100
v 415.049347 1524.714233 162.277405
v 416.770355 1524.714233 161.111862
v 418.581787 1524.714233 160.092422
v 420.471161 1524.714233 159.226044
v 422.425659 1524.714233 158.518646
v 424.431915 1524.714233 157.975082
v 426.476166 1524.714233 157.599030
v 428.544525 1524.714233 157.393082
v 430.622803 1524.714233 157.358643
v 432.696838 1524.714233 157.495941
v 434.752441 1524.714233 157.804047
v 436.775574 1524.714233 158.280853
v 438.752441 1524.714233 158.923096
v 440.669495 1524.714233 159.726395
v 442.513702 1524.714233 160.685257
v 444.272400 1524.714233 161.793137
v 445.933624 1524.714233 163.042465
v 447.485992 1524.714233 164.424713
v 448.918915 1524.714233 165.930435
v 450.222595 1524.714233 167.549332
v 451.388123 1524.714233 169.270370
v 452.407593 1524.714233 171.081772
v 453.273956 1524.714233 172.971176
v 453.981354 1524.714233 174.925674
v 454.524933 1524.714233 176.931900
v 454.900970 1524.714233 178.976166
v 455.106903 1524.714233 181.044510
v 455.141357 1524.714233 183.122803
v 455.004059 1524.714233 185.196823
v 454.695953 1524.714233 187.252441
v 454.219147 1524.714233 189.275574
v 453.576904 1524.714233 191.252441
v 452.773621 1524.714233 193.169510
v 451.814728 1524.714233 195.013702
v 450.706848 1524.714233 196.772400
v 449.457520 1524.714233 198.433609
v 448.075287 1524.714233 199.985977
v 446.569580 1524.714233 201.418900
v 444.950653 1524.714233 202.722595
v 443.229645 1524.714233 203.888138
v 441.418213 1524.714233 204.907578
v 439.528839 1524.714233 205.773956
v 437.574341 1524.714233 206.481354
v 435.568085 1524.714233 207.024918
v 433.523834 1524.714233 207.400970
v 431.455475 1524.714233 207.606918
v 429.377197 1524.714233 207.641357
v 427.303162 1524.714233 207.504059
v 425.247559 1524.714233 207.195953
v 423.224426 1524.714233 206.719147
v 421.247559 1524.714233 206.076904
v 419.330505 1524.714233 205.273605
v 417.486298 1524.714233 204.314743
v 415.727600 1524.714233 203.206863
v 414.066376 1524.714233 201.957535
v 412.514008 1524.714233 200.575287
v 411.220184 1524.899048 198.947754
v 409.926086 1524.899048 197.340759
v 408.769104 1524.899048 195.632370
v 407.757141 1524.899048 193.834290
v 406.897156 1524.899048 191.958771
v 406.194946 1524.899048 190.018646
v 405.655365 1524.899048 188.027161
v 405.282104 1524.899048 185.997925
v 405.077667 1524.899048 183.944778
v 405.043488 1524.899048 181.881775
v 405.179779 1524.899048 179.822998
v 405.485596 1524.899048 177.782501
v 405.958893 1524.899048 175.774231
v 406.596436 1524.899048 173.811905
v 407.393829 1524.899048 171.908936
v 408.345642 1524.899048 170.078293
v 409.445374 1524.899048 168.332520
v 410.685516 1524.899048 166.683517
v 412.057587 1524.899048 165.142563
v 413.552246 1524.899048 163.720184
v 415.159241 1524.899048 162.426071
v 416.867615 1524.899048 161.269104
v 418.665710 1524.899048 160.257156
v 420.541229 1524.899048 159.397141
v 422.481354 1524.899048 158.694946
v 424.472839 1524.899048 158.155380
v 426.502075 1524.899048 157.782089
v 428.555206 1524.899048 157.577667
v 430.618225 1524.899048 157.543472
v 432.677002 1524.899048 157.679764
v 434.717499 1524.899048 157.985611
v 436.725769 1524.899048 158.458908
v 438.688080 1524.899048 159.096420
v 440.591064 1524.899048 159.893814
v 442.421692 1524.899048 160.845627
v 444.167480 1524.899048 161.945374
v 445.816467 1524.899048 163.185516
v 447.357422 1524.899048 164.557602
v 448.779816 1524.899048 166.052246
v 450.073914 1524.899048 167.659241
v 451.230896 1524.899048 169.367630
v 452.242859 1524.899048 171.165710
v 453.102844 1524.899048 173.041229
v 453.805054 1524.899048 174.981354
v 454.344635 1524.899048 176.972839
v 454.717896 1524.899048 179.002075
v 454.922333 1524.899048 181.055222
v 454.956512 1524.899048 183.118225
v 454.820221 1524.899048 185.177002
v 454.514404 1524.899048 187.217499
v 454.041107 1524.899048 189.225769
v 453.403564 1524.899048 191.188095
v 452.606171 1524.899048 193.091064
v 451.654358 1524.899048 194.921707
v 450.554626 1524.899048 196.667480
v 449.314484 1524.899048 198.316483
v 447.942413 1524.899048 199.857437
v 446.447754 1524.899048 201.279816
v 444.840759 1524.899048 202.573929
v 443.132385 1524.899048 203.730896
v 441.334290 1524.899048 204.742844
v 439.458771 1524.899048 205.602859
v 437.518646 1524.899048 206.305054
v 435.527161 1524.899048 206.844620
v 433.497925 1524.899048 207.217911
v 431.444794 1524.899048 207.422333
v 429.381775 1524.899048 207.456528
v 427.322998 1524.899048 207.320236
v 425.282501 1524.899048 207.014389
v 423.274231 1524.899048 206.541092
v 421.311920 1524.899048 205.903580
v 419.408936 1524.899048 205.106186
v 417.578308 1524.899048 204.154373
v 415.832520 1524.899048 203.054626
v 414.183533 1524.899048 201.814484
v 412.642578 1524.899048 200.442398
v 411.381287 1525.049072 198.806641
v 410.098297 1525.049072 197.213425
v 408.951263 1525.049072 195.519699
v 407.947998 1525.049072 193.737045
v 407.095367 1525.049072 191.877625
v 406.399200 1525.049072 189.954147
v 405.864227 1525.049072 187.979736
v 405.494171 1525.049072 185.967911
v 405.291473 1525.049072 183.932388
v 405.257599 1525.049072 181.887085
v 405.392700 1525.049072 179.845963
v 405.695923 1525.049072 177.822983
v 406.165161 1525.049072 175.831940
v 406.797211 1525.049072 173.886444
v 407.587769 1525.049072 171.999802
v 408.531403 1525.049072 170.184875
v 409.621704 1525.049072 168.454071
v 410.851227 1525.049072 166.819214
v 412.211548 1525.049072 165.291489
v 413.693359 1525.049072 163.881302
v 415.286560 1525.049072 162.598297
v 416.980286 1525.049072 161.451248
v 418.762970 1525.049072 160.447983
v 420.622375 1525.049072 159.595352
v 422.545868 1525.049072 158.899185
v 424.520264 1525.049072 158.364243
v 426.532074 1525.049072 157.994156
v 428.567596 1525.049072 157.791489
v 430.612915 1525.049072 157.757584
v 432.654022 1525.049072 157.892715
v 434.677032 1525.049072 158.195923
v 436.668060 1525.049072 158.665161
v 438.613556 1525.049072 159.297211
v 440.500214 1525.049072 160.087769
v 442.315125 1525.049072 161.031418
v 444.045929 1525.049072 162.121719
v 445.680786 1525.049072 163.351227
v 447.208527 1525.049072 164.711533
v 448.618713 1525.049072 166.193359
v 449.901703 1525.049072 167.786575
v 451.048737 1525.049072 169.480301
v 452.052002 1525.049072 171.262955
v 452.904633 1525.049072 173.122375
v 453.600800 1525.049072 175.045853
v 454.135773 1525.049072 177.020264
v 454.505829 1525.049072 179.032089
v 454.708527 1525.049072 181.067612
v 454.742401 1525.049072 183.112915
v 454.607300 1525.049072 185.154037
v 454.304077 1525.049072 187.177017
v 453.834839 1525.049072 189.168060
v 453.202789 1525.049072 191.113556
v 452.412231 1525.049072 193.000198
v 451.468597 1525.049072 194.815125
v 450.378296 1525.049072 196.545929
v 449.148773 1525.049072 198.180786
v 447.788452 1525.049072 199.708511
v 446.306641 1525.049072 201.118698
v 444.713440 1525.049072 202.401703
v 443.019714 1525.049072 203.548752
v 441.237030 1525.049072 204.552017
v 439.377625 1525.049072 205.404648
v 437.454132 1525.049072 206.100815
v 435.479736 1525.049072 206.635757
v 433.467926 1525.049072 207.005844
v 431.432404 1525.049072 207.208511
v 429.387085 1525.049072 207.242416
v 427.345978 1525.049072 207.107285
v 425.322968 1525.049072 206.804077
v 423.331940 1525.049072 206.334839
v 421.386444 1525.049072 205.702789
v 419.499786 1525.049072 204.912231
v 417.684875 1525.049072 203.968582
v 415.954071 1525.049072 202.878281
v 414.319214 1525.049072 201.648773
v 412.791473 1525.049072 200.288467
v 411.559570 1525.159546 198.650513
v 410.288849 1525.159546 197.072556
v 409.152771 1525.159546 195.395050
v 408.159119 1525.159546 193.629456
v 407.314667 1525.159546 191.787842
v 406.625153 1525.159546 189.882767
v 406.095337 1525.159546 187.927277
v 405.728790 1525.159546 185.934708
v 405.528046 1525.159546 183.918671
v 405.494476 1525.159546 181.892960
v 405.628326 1525.159546 179.871384
v 405.928619 1525.159546 177.867752
v 406.393372 1525.159546 175.895782
v 407.019379 1525.159546 173.968918
v 407.802368 1525.159546 172.100327
v 408.736969 1525.159546 170.302780
v 409.816833 1525.159546 168.588562
v 411.034576 1525.159546 166.969360
v 412.381836 1525.159546 165.456253
v 413.849487 1525.159546 164.059570
v 415.427460 1525.159546 162.788849
v 417.104950 1525.159546 161.652786
v 418.870544 1525.159546 160.659119
v 420.712158 1525.159546 159.814651
v 422.617218 1525.159546 159.125153
v 424.572723 1525.159546 158.595322
v 426.565308 1525.159546 158.228790
v 428.581329 1525.159546 158.028061
v 430.607056 1525.159546 157.994492
v 432.628632 1525.159546 158.128311
v 434.632233 1525.159546 158.428619
v 436.604218 1525.159546 158.893372
v 438.531097 1525.159546 159.519379
v 440.399658 1525.159546 160.302353
v 442.197205 1525.159546 161.236969
v 443.911438 1525.159546 162.316833
v 445.530640 1525.159546 163.534561
v 447.043762 1525.159546 164.881851
v 448.440430 1525.159546 166.349487
v 449.711151 1525.159546 167.927444
v 450.847229 1525.159546 169.604950
v 451.840881 1525.159546 171.370544
v 452.685333 1525.159546 173.212158
v 453.374847 1525.159546 175.117233
v 453.904663 1525.159546 177.072723
v 454.271210 1525.159546 179.065292
v 454.471954 1525.159546 181.081329
v 454.505524 1525.159546 183.107040
v 454.371674 1525.159546 185.128616
v 454.071381 1525.159546 187.132248
v 453.606628 1525.159546 189.104218
v 452.980621 1525.159546 191.031082
v 452.197632 1525.159546 192.899673
v 451.263031 1525.159546 194.697220
v 450.183167 1525.159546 196.411438
v 448.965424 1525.159546 198.030640
v 447.618164 1525.159546 199.543747
v 446.150513 1525.159546 200.940430
v 444.572540 1525.159546 202.211151
v 442.895050 1525.159546 203.347214
v 441.129456 1525.159546 204.340881
v 439.287842 1525.159546 205.185349
v 437.382782 1525.159546 205.874847
v 435.427277 1525.159546 206.404678
v 433.434692 1525.159546 206.771210
v 431.418671 1525.159546 206.971939
v 429.392944 1525.159546 207.005508
v 427.371368 1525.159546 206.871689
v 425.367767 1525.159546 206.571381
v 423.395782 1525.159546 206.106628
v 421.468903 1525.159546 205.480621
v 419.600342 1525.159546 204.697647
v 417.802795 1525.159546 203.763031
v 416.088562 1525.159546 202.683167
v 414.469360 1525.159546 201.465439
v 412.956238 1525.159546 200.118149
v 411.749573 1525.227173 198.484116
v 410.491943 1525.227173 196.922409
v 409.367584 1525.227173 195.262192
v 408.384155 1525.227173 193.514786
v 407.548370 1525.227173 191.692139
v 406.865997 1525.227173 189.806702
v 406.341614 1525.227173 187.871353
v 405.978851 1525.227173 185.899323
v 405.780182 1525.227173 183.904053
v 405.746979 1525.227173 181.899200
v 405.879425 1525.227173 179.898453
v 406.176636 1525.227173 177.915482
v 406.636597 1525.227173 175.963821
v 407.256134 1525.227173 174.056808
v 408.031067 1525.227173 172.207474
v 408.956055 1525.227173 170.428452
v 410.024780 1525.227173 168.731888
v 411.229950 1525.227173 167.129364
v 412.563385 1525.227173 165.631851
v 414.015900 1525.227173 164.249557
v 415.577576 1525.227173 162.991943
v 417.237823 1525.227173 161.867569
v 418.985229 1525.227173 160.884155
v 420.807861 1525.227173 160.048386
v 422.693298 1525.227173 159.365982
v 424.628632 1525.227173 158.841614
v 426.600677 1525.227173 158.478867
v 428.595947 1525.227173 158.280197
v 430.600800 1525.227173 158.246964
v 432.601532 1525.227173 158.379425
v 434.584503 1525.227173 158.676636
v 436.536163 1525.227173 159.136597
v 438.443176 1525.227173 159.756149
v 440.292511 1525.227173 160.531052
v 442.071564 1525.227173 161.456039
v 443.768127 1525.227173 162.524780
v 445.370636 1525.227173 163.729965
v 446.868164 1525.227173 165.063370
v 448.250427 1525.227173 166.515884
v 449.508057 1525.227173 168.077591
v 450.632416 1525.227173 169.737808
v 451.615845 1525.227173 171.485214
v 452.451630 1525.227173 173.307861
v 453.134003 1525.227173 175.193298
v 453.658386 1525.227173 177.128647
v 454.021149 1525.227173 179.100677
v 454.219818 1525.227173 181.095947
v 454.253021 1525.227173 183.100800
v 454.120575 1525.227173 185.101547
v 453.823364 1525.227173 187.084518
v 453.363403 1525.227173 189.036179
v 452.743866 1525.227173 190.943192
v 451.968933 1525.227173 192.792526
v 451.043945 1525.227173 194.571548
v 449.975220 1525.227173 196.268112
v 448.770050 1525.227173 197.870636
v 447.436615 1525.227173 199.368149
v 445.984100 1525.227173 200.750443
v 444.422424 1525.227173 202.008057
v 442.762177 1525.227173 203.132431
v 441.014771 1525.227173 204.115845
v 439.192139 1525.227173 204.951614
v 437.306702 1525.227173 205.634018
v 435.371368 1525.227173 206.158386
v 433.399323 1525.227173 206.521133
v 431.404053 1525.227173 206.719803
v 429.399200 1525.227173 206.753036
v 427.398468 1525.227173 206.620575
v 425.415497 1525.227173 206.323364
v 423.463837 1525.227173 205.863403
v 421.556824 1525.227173 205.243851
v 419.707489 1525.227173 204.468948
v 417.928436 1525.227173 203.543961
v 416.231873 1525.227173 202.475220
v 414.629364 1525.227173 201.270035
v 413.131836 1525.227173 199.936630
v 411.945496 1525.250000 198.312500
v 410.701385 1525.250000 196.767563
v 409.589081 1525.250000 195.125168
v 408.616241 1525.250000 193.396530
v 407.789429 1525.250000 191.593445
v 407.114380 1525.250000 189.728256
v 406.595612 1525.250000 187.813690
v 406.236755 1525.250000 185.862823
v 406.040222 1525.250000 183.888977
v 406.007355 1525.250000 181.905655
v 406.138397 1525.250000 179.926392
v 406.432404 1525.250000 177.964706
v 406.887421 1525.250000 176.033997
v 407.500336 1525.250000 174.147461
v 408.266937 1525.250000 172.317978
v 409.181976 1525.250000 170.558060
v 410.239227 1525.250000 168.879700
v 411.431488 1525.250000 167.294403
v 412.750580 1525.250000 165.812958
v 414.187500 1525.250000 164.445511
v 415.732422 1525.250000 163.201385
v 417.374847 1525.250000 162.089096
v 419.103485 1525.250000 161.116226
v 420.906555 1525.250000 160.289444
v 422.771729 1525.250000 159.614365
v 424.686310 1525.250000 159.095627
v 426.637177 1525.250000 158.736771
v 428.611023 1525.250000 158.540222
v 430.594330 1525.250000 158.507355
v 432.573608 1525.250000 158.638382
v 434.535309 1525.250000 158.932419
v 436.466003 1525.250000 159.387436
v 438.352539 1525.250000 160.000336
v 440.182007 1525.250000 160.766922
v 441.941956 1525.250000 161.681976
v 443.620300 1525.250000 162.739243
v 445.205597 1525.250000 163.931488
v 446.687042 1525.250000 165.250580
v 448.054504 1525.250000 166.687500
v 449.298615 1525.250000 168.232437
v 450.410919 1525.250000 169.874832
v 451.383759 1525.250000 171.603470
v 452.210571 1525.250000 173.406555
v 452.885620 1525.250000 175.271744
v 453.404388 1525.250000 177.186310
v 453.763245 1525.250000 179.137177
v 453.959778 1525.250000 181.111023
v 453.992645 1525.250000 183.094345
v 453.861603 1525.250000 185.073608
v 453.567596 1525.250000 187.035294
v 453.112579 1525.250000 188.966003
v 452.499664 1525.250000 190.852539
v 451.733063 1525.250000 192.682022
v 450.818024 1525.250000 194.441940
v 449.760773 1525.250000 196.120300
v 448.568512 1525.250000 197.705597
v 447.249420 1525.250000 199.187042
v 445.812500 1525.250000 200.554489
v 444.267578 1525.250000 201.798615
v 442.625153 1525.250000 202.910904
v 440.896515 1525.250000 203.883774
v 439.093445 1525.250000 204.710556
v 437.228271 1525.250000 205.385635
v 435.313690 1525.250000 205.904373
v 433.362823 1525.250000 206.263229
v 431.388977 1525.250000 206.459778
v 429.405670 1525.250000 206.492645
v 427.426392 1525.250000 206.361618
v 425.464691 1525.250000 206.067581
v 423.533997 1525.250000 205.612564
v 421.647461 1525.250000 204.999664
v 419.817993 1525.250000 204.233078
v 418.058044 1525.250000 203.318024
v 416.379700 1525.250000 202.260757
v 414.794403 1525.250000 201.068512
v 413.312958 1525.250000 199.749420
v 448.978607 1499.099976 190.888977
v 447.750031 1499.099976 193.247040
v 446.230011 1499.099976 195.428635
v 444.443481 1499.099976 197.397934
v 442.419800 1499.099976 199.122604
v 440.192169 1499.099976 200.574341
v 437.797211 1499.099976 201.729309
v 435.274200 1499.099976 202.568512
v 432.664581 1499.099976 203.078201
v 443.442169 1499.099976 166.692719
v 445.353210 1499.099976 168.541443
v 447.012146 1499.099976 170.619370
v 448.391724 1499.099976 172.892365
v 449.469330 1499.099976 175.323135
v 450.227264 1499.099976 177.871735
v 450.653046 1499.099976 180.496338
v 450.739685 1499.099976 183.153839
v 450.485809 1499.099976 185.800613
v 449.895538 1499.099976 188.393173
v 420.986786 1499.099976 163.809769
v 423.450836 1499.099976 162.810638
v 426.022430 1499.099976 162.134796
v 428.659332 1499.099976 161.793350
v 431.318237 1499.099976 161.791916
v 433.955505 1499.099976 162.130508
v 436.527832 1499.099976 162.803558
v 438.992950 1499.099976 163.800018
v 441.310425 1499.099976 165.103546
v 409.517761 1499.099976 185.822784
v 409.261017 1499.099976 183.176300
v 409.344818 1499.099976 180.518707
v 409.767761 1499.099976 177.893646
v 410.522888 1499.099976 175.344223
v 411.597870 1499.099976 172.912292
v 412.975006 1499.099976 170.637802
v 414.631683 1499.099976 168.558075
v 416.540710 1499.099976 166.707275
v 418.670746 1499.099976 165.115799
v 430.011230 1499.099976 203.250000
v 427.357697 1499.099976 203.081070
v 424.747528 1499.099976 202.574219
v 422.223633 1499.099976 201.737732
v 419.827393 1499.099976 200.585373
v 417.598206 1499.099976 199.136047
v 415.572662 1499.099976 197.413559
v 413.783997 1499.099976 195.446198
v 412.261627 1499.099976 193.266251
v 411.030487 1499.099976 190.909531
v 410.110840 1499.099976 188.414719
v 413.783997 1500.599976 195.446198
v 412.261627 1500.599976 193.266251
v 411.030487 1500.599976 190.909531
v 410.110840 1500.599976 188.414719
v 409.517761 1500.599976 185.822784
v 409.261017 1500.599976 183.176300
v 409.344818 1500.599976 180.518707
v 409.767761 1500.599976 177.893646
v 410.522888 1500.599976 175.344223
v 411.597870 1500.599976 172.912292
v 412.975006 1500.599976 170.637802
v 414.631683 1500.599976 168.558075
v 416.540710 1500.599976 166.707275
v 418.670746 1500.599976 165.115799
v 420.986786 1500.599976 163.809769
v 423.450836 1500.599976 162.810638
v 426.022430 1500.599976 162.134796
v 428.659332 1500.599976 161.793350
v 431.318237 1500.599976 161.791916
v 433.955505 1500.599976 162.130508
v 436.527832 1500.599976 162.803558
v 438.992950 1500.599976 163.800018
v 441.310425 1500.599976 165.103546
v 443.442169 1500.599976 166.692719
v 445.353210 1500.599976 168.541443
v 447.012146 1500.599976 170.619370
v 448.391724 1500.599976 172.892365
v 449.469330 1500.599976 175.323135
v 450.227264 1500.599976 177.871735
v 450.653046 1500.599976 180.496338
v 450.739685 1500.599976 183.153839
v 450.485809 1500.599976 185.800613
v 449.895538 1500.599976 188.393173
v 448.978607 1500.599976 190.888977
v 447.750031 1500.599976 193.247040
v 446.230011 1500.599976 195.428635
v 444.443481 1500.599976 197.397934
v 442.419800 1500.599976 199.122604
v 440.192169 1500.599976 200.574341
v 437.797211 1500.599976 201.729309
v 435.274200 1500.599976 202.568512
v 432.664581 1500.599976 203.078201
v 430.011230 1500.599976 203.250000
v 427.357697 1500.599976 203.081070
v 424.747528 1500.599976 202.574219
v 422.223633 1500.599976 201.737732
v 419.827393 1500.599976 200.585373
v 417.598206 1500.599976 199.136047
v 415.572662 1500.599976 197.413559
v 414.517578 1505.099976 202.761917
v 412.270020 1505.099976 200.827515
v 416.974548 1505.099976 204.422302
v 419.607635 1505.099976 205.786240
v 422.381287 1505.099976 206.835266
v 425.257935 1505.099976 207.555191
v 428.198730 1505.099976 207.936295
v 431.163879 1505.099976 207.973419
v 434.113312 1505.099976 207.666061
v 437.007111 1505.099976 207.018372
v 439.806122 1505.099976 206.039108
v 442.472534 1505.099976 204.741531
v 444.970306 1505.099976 203.143158
v 447.265594 1505.099976 201.265640
v 449.327423 1505.099976 199.134338
v 451.127869 1505.099976 196.778091
v 452.642578 1505.099976 194.228745
v 453.851105 1505.099976 191.520798
v 454.737091 1505.099976 188.690857
v 455.288544 1505.099976 185.777206
v 455.498016 1505.099976 182.819229
v 455.362640 1505.099976 179.856934
v 454.884308 1505.099976 176.930374
v 454.069458 1505.099976 174.079147
v 452.929108 1505.099976 171.341782
v 451.478699 1505.099976 168.755325
v 449.737793 1505.099976 166.354736
v 447.729980 1505.099976 164.172485
v 445.482422 1505.099976 162.238083
v 443.025452 1505.099976 160.577698
v 440.392365 1505.099976 159.213760
v 437.618713 1505.099976 158.164734
v 431.801270 1505.099976 157.063705
v 434.742065 1505.099976 157.444809
v 428.836121 1505.099976 157.026581
v 425.886688 1505.099976 157.333939
v 422.992889 1505.099976 157.981628
v 420.193878 1505.099976 158.960892
v 417.527466 1505.099976 160.258469
v 415.029694 1505.099976 161.856842
v 412.734406 1505.099976 163.734360
v 410.672577 1505.099976 165.865662
v 408.872131 1505.099976 168.221909
v 407.357422 1505.099976 170.771255
v 406.148895 1505.099976 173.479202
v 405.262909 1505.099976 176.309143
v 404.711456 1505.099976 179.222794
v 404.501984 1505.099976 182.180771
v 404.637360 1505.099976 185.143066
v 405.115692 1505.099976 188.069626
v 405.930542 1505.099976 190.920853
v 407.070892 1505.099976 193.658218
v 408.521301 1505.099976 196.244675
v 410.262207 1505.099976 198.645264
v 451.605133 1505.099976 166.727234
v 449.666351 1505.099976 164.367233
v 447.471191 1505.099976 162.243637
v 445.048248 1505.099976 160.384109
v 442.429138 1505.099976 158.812897
v 439.648010 1505.099976 157.550476
v 436.741089 1505.099976 156.613312
v 433.746277 1505.099976 156.013626
v 430.702637 1505.099976 155.759232
v 427.649841 1505.099976 155.853439
v 424.627686 1505.099976 156.295029
v 421.675568 1505.099976 157.078232
v 418.831970 1505.099976 158.192856
v 416.133942 1505.099976 159.624359
v 413.616699 1505.099976 161.354080
v 411.313049 1505.099976 163.359467
v 409.252991 1505.099976 165.614380
v 407.463409 1505.099976 168.089432
v 405.967621 1505.099976 170.752335
v 404.785156 1505.099976 173.568390
v 403.931366 1505.099976 176.500885
v 403.417450 1505.099976 179.511597
v 403.250061 1505.099976 182.561249
v 403.431427 1505.099976 185.610123
v 403.959137 1505.099976 188.618439
v 404.826324 1505.099976 191.546997
v 406.021667 1505.099976 194.357605
v 407.529633 1505.099976 197.013641
v 409.330536 1505.099976 199.480453
v 411.400909 1505.099976 201.725922
v 413.713715 1505.099976 203.720734
v 416.238861 1505.099976 205.438904
v 418.943390 1505.099976 206.858032
v 421.792084 1505.099976 207.959625
v 424.747742 1505.099976 208.729309
v 427.771912 1505.099976 209.157043
v 430.825104 1505.099976 209.237274
v 433.867554 1505.099976 208.968933
v 436.859558 1505.099976 208.355545
v 439.762177 1505.099976 207.405075
v 442.537506 1505.099976 206.129929
v 445.149384 1505.099976 204.546738
v 447.563782 1505.099976 202.676132
v 449.749207 1505.099976 200.542496
v 451.677155 1505.099976 198.173660
v 453.322510 1505.099976 195.600479
v 454.663849 1505.099976 192.856522
v 455.683624 1505.099976 189.977554
v 456.368591 1505.099976 187.001099
v 456.709808 1505.099976 183.965958
v 456.702820 1505.099976 180.911728
v 456.347687 1505.099976 177.878189
v 455.649109 1505.099976 174.904892
v 454.616150 1505.099976 172.030624
v 453.262268 1505.099976 169.292847
v 411.400909 1500.599976 201.725922
v 409.330536 1500.599976 199.480453
v 407.529633 1500.599976 197.013641
v 406.021667 1500.599976 194.357605
v 404.826324 1500.599976 191.546997
v 403.959137 1500.599976 188.618439
v 403.431427 1500.599976 185.610123
v 403.250061 1500.599976 182.561249
v 403.417450 1500.599976 179.511597
v 403.931366 1500.599976 176.500885
v 404.785156 1500.599976 173.568390
v 405.967621 1500.599976 170.752335
v 407.463409 1500.599976 168.089432
v 409.252991 1500.599976 165.614380
v 411.313049 1500.599976 163.359467
v 413.616699 1500.599976 161.354080
v 416.133942 1500.599976 159.624359
v 418.831970 1500.599976 158.192856
v 421.675568 1500.599976 157.078232
v 424.627686 1500.599976 156.295029
v 427.649841 1500.599976 155.853439
v 430.702637 1500.599976 155.759232
v 433.746277 1500.599976 156.013626
v 436.741089 1500.599976 156.613312
v 439.648010 1500.599976 157.550476
v 442.429138 1500.599976 158.812897
v 445.048248 1500.599976 160.384109
v 447.471191 1500.599976 162.243637
v 449.666351 1500.599976 164.367233
v 451.605133 1500.599976 166.727234
v 453.262268 1500.599976 169.292847
v 454.616150 1500.599976 172.030624
v 455.649109 1500.599976 174.904892
v 456.347687 1500.599976 177.878189
v 456.702820 1500.599976 180.911728
v 456.709808 1500.599976 183.965958
v 456.368591 1500.599976 187.001099
v 455.683624 1500.599976 189.977554
v 454.663849 1500.599976 192.856522
v 453.322510 1500.599976 195.600479
v 451.677155 1500.599976 198.173660
v 449.749207 1500.599976 200.542496
v 447.563782 1500.599976 202.676132
v 445.149384 1500.599976 204.546738
v 442.537506 1500.599976 206.129929
v 439.762177 1500.599976 207.405075
v 436.859558 1500.599976 208.355545
v 433.867554 1500.599976 208.968933
v 430.825104 1500.599976 209.237274
v 427.771912 1500.599976 209.157043
v 424.747742 1500.599976 208.729309
v 421.792084 1500.599976 207.959625
v 418.943390 1500.599976 206.858032
v 416.238861 1500.599976 205.438904
v 413.713715 1500.599976 203.720734
v 421.270538 1469.900024 173.553146
v 420.732208 1469.900024 174.112015
v 420.732208 1451.900024 174.112015
v 441.858765 1469.900024 186.452209
v 442.276825 1451.900024 184.851471
v 442.142670 1451.900024 185.467377
v 441.842285 1469.900024 186.501251
v 441.842285 1451.900024 186.501251
v 441.799591 1451.900024 186.625458
v 441.429382 1469.900024 187.561554
v 441.346344 1451.900024 187.745026
v 441.187164 1469.900024 188.076508
v 441.187164 1451.900024 188.076508
v 440.896484 1469.900024 188.625076
v 440.787170 1451.900024 188.815628
v 440.323639 1469.900024 189.547897
v 440.323639 1451.900024 189.547897
v 440.264923 1469.900024 189.633118
v 440.127258 1451.900024 189.827255
v 439.540405 1469.900024 190.576553
v 439.372803 1451.900024 190.770462
v 439.267792 1469.900024 190.887985
v 439.267792 1451.900024 190.887985
v 438.729462 1469.900024 191.446854
v 438.530823 1451.900024 191.636459
v 438.039307 1469.900024 192.071823
v 438.039307 1451.900024 192.071823
v 437.839508 1469.900024 192.236130
v 437.609222 1451.900024 192.417160
v 436.878510 1469.900024 192.937241
v 436.661072 1451.900024 193.077347
v 436.661072 1469.900024 193.077347
v 435.855255 1469.900024 193.543823
v 436.616547 1451.900024 193.105255
v 435.562103 1451.900024 193.694336
v 435.158722 1469.900024 193.885849
v 435.158722 1451.900024 193.885849
v 434.778961 1469.900024 194.050400
v 434.455719 1451.900024 194.178894
v 433.659393 1469.900024 194.452362
v 433.560303 1451.900024 194.482239
v 433.560303 1469.900024 194.482239
v 433.307739 1451.900024 194.554413
v 432.506653 1469.900024 194.746094
v 432.128876 1451.900024 194.817383
v 431.895569 1469.900024 194.855438
v 431.895569 1451.900024 194.855438
v 431.331238 1469.900024 194.928909
v 430.930145 1451.900024 194.965347
v 430.195526 1469.900024 194.998474
v 430.195526 1451.900024 194.998474
v 430.143768 1469.900024 194.999176
v 429.722717 1451.900024 194.996918
v 428.955017 1469.900024 194.956238
v 428.517883 1451.900024 194.911819
v 428.491821 1469.900024 194.908676
v 428.491821 1451.900024 194.908676
v 427.775696 1469.900024 194.800507
v 427.326904 1451.900024 194.710831
v 426.816223 1469.900024 194.587738
v 426.816223 1451.900024 194.587738
v 426.616547 1469.900024 194.533371
v 426.160858 1451.900024 194.395844
v 425.488007 1469.900024 194.157272
v 425.199921 1451.900024 194.041626
v 425.199921 1469.900024 194.041626
v 425.030670 1451.900024 193.969772
v 424.400360 1469.900024 193.675598
v 423.946869 1451.900024 193.436630
v 423.673035 1469.900024 193.280518
v 423.673035 1451.900024 193.280518
v 423.363403 1469.900024 193.092712
v 422.919586 1451.900024 192.801361
v 422.386536 1469.900024 192.413895
v 422.264038 1451.900024 192.318588
v 422.264038 1469.900024 192.318588
v 421.958435 1451.900024 192.069916
v 421.478638 1469.900024 191.645294
v 421.072357 1451.900024 191.249115
v 420.999115 1469.900024 191.173767
v 420.999115 1451.900024 191.173767
v 420.647919 1469.900024 190.793884
v 420.269623 1451.900024 190.346619
v 419.901886 1469.900024 189.867355
v 418.690094 1469.900024 187.823135
v 418.992737 1469.900024 188.423706
v 418.992737 1451.900024 188.423706
v 419.247284 1469.900024 188.874100
v 419.557739 1451.900024 189.370880
v 419.901886 1451.900024 189.867355
v 417.648499 1469.900024 184.421127
v 417.802734 1469.900024 185.234314
v 417.802734 1451.900024 185.234314
v 417.887054 1469.900024 185.586517
v 418.029022 1451.900024 186.098068
v 418.235291 1469.900024 186.723953
v 418.288666 1451.900024 186.869705
v 418.288666 1469.900024 186.869705
v 418.432190 1451.900024 187.236633
v 418.943329 1451.900024 188.330978
v 417.517334 1451.900024 181.842133
v 417.508148 1469.900024 182.048889
v 417.500031 1451.900024 182.524780
v 417.521820 1469.900024 183.238358
v 417.544006 1451.900024 183.547989
v 417.544006 1469.900024 183.547989
v 417.560760 1451.900024 183.731094
v 417.737671 1451.900024 184.925903
v 418.141235 1469.900024 178.547791
v 417.723175 1451.900024 180.148529
v 418.157715 1469.900024 178.498749
v 417.728149 1451.900024 180.122742
v 417.819275 1469.900024 179.692932
v 417.723175 1469.900024 180.148529
v 417.556000 1451.900024 181.318253
v 417.607574 1469.900024 180.863495
v 417.517334 1469.900024 181.842133
v 418.014862 1451.900024 178.949432
v 418.157715 1451.900024 178.498749
v 418.570618 1469.900024 177.438446
v 418.413483 1451.900024 177.809280
v 418.812836 1469.900024 176.923492
v 418.812836 1451.900024 176.923492
v 419.103516 1469.900024 176.374924
v 420.238556 1451.900024 174.692017
v 418.920319 1451.900024 176.712921
v 419.530548 1451.900024 175.670593
v 419.676361 1469.900024 175.452103
v 419.676361 1451.900024 175.452103
v 419.735077 1469.900024 175.366882
v 420.459595 1469.900024 174.423447
v 421.037720 1451.900024 173.786362
v 421.920532 1451.900024 172.962051
v 421.960693 1469.900024 172.928177
v 421.960693 1451.900024 172.928177
v 422.160492 1469.900024 172.763870
v 422.878815 1451.900024 172.226807
v 423.121490 1469.900024 172.062759
v 423.338928 1451.900024 171.922653
v 423.338928 1469.900024 171.922653
v 425.221039 1469.900024 170.949600
v 426.113739 1451.900024 170.619476
v 426.340607 1469.900024 170.547638
v 426.439697 1451.900024 170.517761
v 426.439697 1469.900024 170.517761
v 424.144745 1469.900024 171.456177
v 423.903564 1451.900024 171.587463
v 424.841278 1469.900024 171.114151
v 424.841278 1451.900024 171.114151
v 424.985229 1451.900024 171.050018
v 427.493347 1469.900024 170.253906
v 427.278503 1451.900024 170.299866
v 428.104431 1469.900024 170.144562
v 428.104431 1451.900024 170.144562
v 428.668762 1469.900024 170.071091
v 428.468689 1451.900024 170.094147
v 429.673187 1451.900024 170.004272
v 429.804474 1469.900024 170.001526
v 429.804474 1451.900024 170.001526
v 429.856232 1469.900024 170.000824
v 430.880707 1451.900024 170.031067
v 442.180725 1469.900024 185.307068
v 442.276825 1469.900024 184.851471
v 442.372375 1451.900024 184.281586
v 442.392426 1469.900024 184.136505
v 442.482666 1451.900024 183.157867
v 442.482666 1469.900024 183.157867
v 442.486572 1451.900024 183.079163
v 442.491852 1469.900024 182.951111
v 442.484192 1451.900024 181.871323
v 442.478180 1469.900024 181.761642
v 442.455994 1451.900024 181.452011
v 442.455994 1469.900024 181.452011
v 442.365234 1451.900024 180.669373
v 442.351501 1469.900024 180.578873
v 442.197266 1451.900024 179.765686
v 442.197266 1469.900024 179.765686
v 442.130829 1451.900024 179.484497
v 442.112946 1469.900024 179.413483
v 441.783142 1451.900024 178.327774
v 441.764709 1469.900024 178.276047
v 441.711334 1451.900024 178.130295
v 441.711334 1469.900024 178.130295
v 441.325470 1451.900024 177.210022
v 441.309906 1469.900024 177.176865
v 441.007263 1451.900024 176.576294
v 441.007263 1469.900024 176.576294
v 440.762024 1451.900024 176.141647
v 440.752716 1469.900024 176.125900
v 440.098114 1451.900024 175.132645
v 440.098114 1469.900024 175.132645
v 439.339935 1451.900024 174.192429
v 439.352081 1469.900024 174.206116
v 439.000885 1451.900024 173.826233
v 439.000885 1469.900024 173.826233
v 438.494537 1451.900024 173.329788
v 438.521362 1469.900024 173.354706
v 437.735962 1451.900024 172.681412
v 437.735962 1469.900024 172.681412
v 437.569824 1451.900024 172.552750
v 437.613464 1469.900024 172.586105
v 436.574432 1451.900024 171.868591
v 436.636597 1469.900024 171.907288
v 436.326965 1451.900024 171.719482
v 436.326965 1469.900024 171.719482
v 435.517670 1451.900024 171.283707
v 435.599640 1469.900024 171.324402
v 434.800079 1451.900024 170.958374
v 434.800079 1469.900024 170.958374
v 434.409393 1451.900024 170.803528
v 434.511993 1469.900024 170.842728
v 433.259918 1451.900024 170.432571
v 433.383453 1469.900024 170.466629
v 433.183777 1451.900024 170.412262
v 433.183777 1469.900024 170.412262
v 432.080017 1451.900024 170.174271
v 432.224304 1469.900024 170.199493
v 431.508179 1451.900024 170.091324
v 431.508179 1469.900024 170.091324
v 431.044983 1469.900024 170.043762
v 411.589111 1444.813232 190.293304
v 411.582123 1444.900024 190.296265
v 411.039368 1444.900024 188.863510
v 410.386749 1444.900024 186.414139
v 410.297668 1444.813232 185.893311
v 410.615234 1444.813232 187.391556
v 411.046570 1444.813232 188.861099
v 410.924927 1444.900024 188.511749
v 410.607880 1444.900024 187.393417
v 410.290192 1444.900024 185.894608
v 410.088165 1444.900024 184.375870
v 410.095734 1444.813232 184.375168
v 410.078522 1444.900024 184.270630
v 410.010590 1444.813232 182.846008
v 410.002991 1444.900024 182.846130
v 410.003876 1444.900024 182.106354
v 410.042755 1444.813232 181.314819
v 410.035187 1444.900024 181.314362
v 410.192047 1444.813232 179.790573
v 410.163666 1444.900024 179.946701
v 411.176300 1444.900024 175.742172
v 411.330444 1444.813232 175.348541
v 410.837769 1444.813232 176.798660
v 410.184509 1444.900024 179.789551
v 410.450134 1444.900024 178.280640
v 410.457581 1444.813232 178.282242
v 410.556000 1444.900024 177.816986
v 410.830505 1444.900024 176.796494
v 411.323334 1444.900024 175.345825
v 411.925781 1444.900024 173.937134
v 411.932648 1444.813232 173.940384
v 412.017303 1444.900024 173.746582
v 412.640900 1444.813232 172.582458
v 412.634308 1444.900024 172.578690
v 413.069122 1444.900024 171.853622
v 413.451019 1444.813232 171.282730
v 413.444733 1444.900024 171.278458
v 414.358246 1444.813232 170.048828
v 414.319458 1444.900024 170.085480
v 417.354797 1444.900024 167.004868
v 417.606750 1444.813232 166.812317
v 416.442230 1444.813232 167.807053
v 414.352295 1444.900024 170.044098
v 415.351715 1444.900024 168.882828
v 415.357269 1444.813232 168.888000
v 415.753601 1444.900024 168.462891
v 416.437073 1444.900024 167.801468
v 420.981445 1444.900024 164.648804
v 421.507233 1444.813232 164.401123
v 420.146698 1444.813232 165.104355
v 417.602020 1444.900024 166.806366
v 418.839752 1444.900024 165.903351
v 418.843994 1444.813232 165.909653
v 419.104248 1444.900024 165.728516
v 420.142944 1444.900024 165.097748
v 421.503998 1444.900024 164.394257
v 422.914917 1444.900024 163.797012
v 422.917603 1444.813232 163.804123
v 422.964355 1444.900024 163.778366
v 424.369537 1444.813232 163.316833
v 424.367401 1444.900024 163.309540
v 425.029755 1444.900024 163.127426
v 425.854523 1444.813232 162.942108
v 425.852936 1444.900024 162.934677
v 427.363831 1444.813232 162.682159
v 427.153442 1444.900024 162.703613
v 431.475647 1444.900024 162.554504
v 431.948730 1444.813232 162.602798
v 430.419891 1444.813232 162.512009
v 427.362823 1444.900024 162.674637
v 428.888184 1444.900024 162.530930
v 428.888611 1444.813232 162.538513
v 429.310486 1444.900024 162.511887
v 430.420074 1444.900024 162.504410
v 431.949463 1444.900024 162.595245
v 433.467438 1444.900024 162.802872
v 433.466125 1444.813232 162.810349
v 433.623474 1444.900024 162.830978
v 434.963196 1444.813232 163.133453
v 434.965088 1444.900024 163.126099
v 435.728821 1444.900024 163.338043
v 436.431122 1444.813232 163.570206
v 436.433563 1444.900024 163.563019
v 437.861298 1444.813232 164.118057
v 437.767029 1444.900024 164.069763
v 441.547394 1444.900024 166.170334
v 441.842926 1444.813232 166.392807
v 440.575165 1444.813232 165.533508
v 437.864288 1444.900024 164.111069
v 439.248871 1444.900024 164.767029
v 439.245361 1444.813232 164.773773
v 439.714142 1444.900024 165.017563
v 440.579193 1444.900024 165.527054
v 444.787811 1444.900024 169.034454
v 445.201477 1444.813232 169.514954
v 444.162872 1444.813232 168.389389
v 441.847412 1444.900024 166.386688
v 443.046112 1444.900024 167.340881
v 443.041168 1444.813232 167.346634
v 443.245239 1444.900024 167.514557
v 444.168243 1444.900024 168.384033
v 445.207245 1444.900024 169.510025
v 446.157013 1444.900024 170.712234
v 446.150848 1444.813232 170.716721
v 447.011932 1444.900024 171.983627
v 447.005463 1444.813232 171.987625
v 447.336761 1444.900024 172.528214
v 447.760284 1444.813232 173.320221
v 447.767029 1444.900024 173.316742
v 448.410889 1444.813232 174.706696
v 448.313293 1444.900024 174.461105
v 449.613251 1444.900024 178.585861
v 449.702332 1444.813232 179.106689
v 449.384766 1444.813232 177.608444
v 448.417877 1444.900024 174.703735
v 448.960632 1444.900024 176.136490
v 448.953430 1444.813232 176.138901
v 449.075073 1444.900024 176.488251
v 449.392120 1444.900024 177.606583
v 449.709808 1444.900024 179.105392
v 449.911835 1444.900024 180.624130
v 449.904266 1444.813232 180.624832
v 449.921478 1444.900024 180.729370
v 449.989410 1444.813232 182.153992
v 449.997009 1444.900024 182.153870
v 449.996124 1444.900024 182.893646
v 449.957245 1444.813232 183.685181
v 449.964813 1444.900024 183.685638
v 449.807953 1444.813232 185.209427
v 449.836334 1444.900024 185.053299
v 448.823700 1444.900024 189.257828
v 448.669556 1444.813232 189.651459
v 449.162231 1444.813232 188.201340
v 449.815491 1444.900024 185.210449
v 449.549866 1444.900024 186.719360
v 449.542419 1444.813232 186.717758
v 449.444000 1444.900024 187.183014
v 449.169495 1444.900024 188.203506
v 448.676666 1444.900024 189.654190
v 448.074219 1444.900024 191.062866
v 448.067352 1444.813232 191.059616
v 447.982697 1444.900024 191.253418
v 447.359100 1444.813232 192.417542
v 447.365692 1444.900024 192.421310
v 446.930878 1444.900024 193.146378
v 446.548981 1444.813232 193.717270
v 446.555267 1444.900024 193.721542
v 445.641754 1444.813232 194.951172
v 445.680542 1444.900024 194.914520
v 442.645203 1444.900024 197.995132
v 442.393250 1444.813232 198.187683
v 443.557770 1444.813232 197.192947
v 445.647705 1444.900024 194.955902
v 444.648285 1444.900024 196.117172
v 444.642731 1444.813232 196.112000
v 444.246399 1444.900024 196.537109
v 443.562927 1444.900024 197.198532
v 439.018555 1444.900024 200.351196
v 438.492767 1444.813232 200.598877
v 439.853302 1444.813232 199.895645
v 442.397980 1444.900024 198.193634
v 441.160248 1444.900024 199.096649
v 441.156006 1444.813232 199.090347
v 440.895752 1444.900024 199.271484
v 439.857056 1444.900024 199.902252
v 438.496002 1444.900024 200.605743
v 437.085083 1444.900024 201.202988
v 437.082397 1444.813232 201.195877
v 437.035645 1444.900024 201.221634
v 435.630463 1444.813232 201.683167
v 435.632599 1444.900024 201.690460
v 434.970245 1444.900024 201.872574
v 434.145477 1444.813232 202.057892
v 434.147064 1444.900024 202.065323
v 432.636169 1444.813232 202.317841
v 432.846558 1444.900024 202.296387
v 428.524353 1444.900024 202.445496
v 428.051270 1444.813232 202.397202
v 429.580109 1444.813232 202.487991
v 432.637177 1444.900024 202.325363
v 431.111816 1444.900024 202.469070
v 431.111389 1444.813232 202.461487
v 430.689514 1444.900024 202.488113
v 429.579926 1444.900024 202.495590
v 428.050537 1444.900024 202.404755
v 426.532562 1444.900024 202.197128
v 426.533875 1444.813232 202.189651
v 426.376526 1444.900024 202.169022
v 425.036804 1444.813232 201.866547
v 425.034912 1444.900024 201.873901
v 424.271179 1444.900024 201.661957
v 423.568878 1444.813232 201.429794
v 423.566437 1444.900024 201.436981
v 422.138702 1444.813232 200.881943
v 422.232971 1444.900024 200.930237
v 418.452606 1444.900024 198.829666
v 418.157074 1444.813232 198.607193
v 419.424835 1444.813232 199.466492
v 422.135712 1444.900024 200.888931
v 420.751129 1444.900024 200.232971
v 420.754639 1444.813232 200.226227
v 420.285858 1444.900024 199.982437
v 419.420807 1444.900024 199.472946
v 415.212189 1444.900024 195.965546
v 414.798523 1444.813232 195.485046
v 415.837128 1444.813232 196.610611
v 418.152588 1444.900024 198.613312
v 416.953888 1444.900024 197.659119
v 416.958832 1444.813232 197.653366
v 416.754761 1444.900024 197.485443
v 415.831757 1444.900024 196.615967
v 414.792755 1444.900024 195.489975
v 413.842987 1444.900024 194.287766
v 413.849152 1444.813232 194.283279
v 412.988068 1444.900024 193.016373
v 412.994537 1444.813232 193.012375
v 412.663239 1444.900024 192.471786
v 412.239716 1444.813232 191.679779
v 412.232971 1444.900024 191.683258
v 411.686737 1444.900024 190.538895
v 414.815674 1444.729004 195.470398
v 415.853119 1444.729004 196.594681
v 416.973541 1444.729004 197.636261
v 418.170441 1444.729004 198.589020
v 419.436768 1444.729004 199.447357
v 420.765076 1444.729004 200.206238
v 422.147552 1444.729004 200.861206
v 423.576141 1444.729004 201.408432
v 425.042419 1444.729004 201.844696
v 426.537781 1444.729004 202.167435
v 428.053467 1444.729004 202.374756
v 429.580566 1444.729004 202.465439
v 431.110138 1444.729004 202.438965
v 432.633209 1444.729004 202.295486
v 434.140808 1444.729004 202.035828
v 435.624115 1444.729004 201.661530
v 437.074402 1444.729004 201.174789
v 438.483185 1444.729004 200.578445
v 439.842194 1444.729004 199.876022
v 441.143433 1444.729004 199.071625
v 442.379272 1444.729004 198.169983
v 443.542480 1444.729004 197.176376
v 444.626221 1444.729004 196.096649
v 445.624115 1444.729004 194.937119
v 446.530304 1444.729004 193.704620
v 447.339508 1444.729004 192.406357
v 448.046967 1444.729004 191.049957
v 448.648499 1444.729004 189.643402
v 449.140594 1444.729004 188.194901
v 449.520386 1444.729004 186.712997
v 449.785614 1444.729004 185.206360
v 449.934723 1444.729004 183.683853
v 449.966858 1444.729004 182.154388
v 449.881805 1444.729004 180.626953
v 449.680084 1444.729004 179.110519
v 449.362885 1444.729004 177.613968
v 448.932037 1444.729004 176.146088
v 448.390106 1444.729004 174.715500
v 447.740265 1444.729004 173.330582
v 446.986298 1444.729004 171.999481
v 446.132629 1444.729004 170.730011
v 445.184326 1444.729004 169.529602
v 444.146881 1444.729004 168.405319
v 443.026459 1444.729004 167.363739
v 441.829559 1444.729004 166.410980
v 440.563232 1444.729004 165.552643
v 439.234924 1444.729004 164.793762
v 437.852448 1444.729004 164.138794
v 436.423859 1444.729004 163.591568
v 434.957581 1444.729004 163.155304
v 433.462219 1444.729004 162.832565
v 431.946533 1444.729004 162.625244
v 430.419434 1444.729004 162.534561
v 428.889862 1444.729004 162.561035
v 427.366791 1444.729004 162.704514
v 425.859192 1444.729004 162.964172
v 424.375885 1444.729004 163.338470
v 422.925598 1444.729004 163.825211
v 421.516815 1444.729004 164.421555
v 420.157806 1444.729004 165.123978
v 418.856567 1444.729004 165.928375
v 417.620728 1444.729004 166.830017
v 416.457520 1444.729004 167.823624
v 415.373779 1444.729004 168.903351
v 414.375885 1444.729004 170.062881
v 413.469696 1444.729004 171.295380
v 412.660492 1444.729004 172.593643
v 411.953033 1444.729004 173.950043
v 411.351501 1444.729004 175.356598
v 410.859406 1444.729004 176.805099
v 410.479614 1444.729004 178.287003
v 410.214386 1444.729004 179.793640
v 410.065277 1444.729004 181.316147
v 410.033142 1444.729004 182.845612
v 410.118195 1444.729004 184.373047
v 410.319916 1444.729004 185.889481
v 410.637115 1444.729004 187.386032
v 411.067963 1444.729004 188.853912
v 411.609894 1444.729004 190.284500
v 412.259735 1444.729004 191.669418
v 413.013702 1444.729004 193.000519
v 413.867371 1444.729004 194.269989
v 414.843689 1444.650024 195.446472
v 415.879211 1444.650024 196.568695
v 416.997589 1444.650024 197.608353
v 418.192261 1444.650024 198.559341
v 419.456238 1444.650024 199.416092
v 420.782104 1444.650024 200.173569
v 422.162048 1444.650024 200.827347
v 423.587982 1444.650024 201.373550
v 425.051544 1444.650024 201.809006
v 426.544159 1444.650024 202.131149
v 428.057068 1444.650024 202.338089
v 429.581360 1444.650024 202.428619
v 431.108093 1444.650024 202.402191
v 432.628357 1444.650024 202.258972
v 434.133179 1444.650024 201.999786
v 435.613739 1444.650024 201.626190
v 437.061340 1444.650024 201.140335
v 438.467529 1444.650024 200.545105
v 439.824036 1444.650024 199.843979
v 441.122864 1444.650024 199.041061
v 442.356445 1444.650024 198.141083
v 443.517487 1444.650024 197.149307
v 444.599243 1444.650024 196.071564
v 445.595276 1444.650024 194.914185
v 446.499817 1444.650024 193.683960
v 447.307526 1444.650024 192.388092
v 448.013672 1444.650024 191.034195
v 448.614105 1444.650024 189.630219
v 449.105316 1444.650024 188.184402
v 449.484375 1444.650024 186.705231
v 449.749115 1444.650024 185.201370
v 449.897949 1444.650024 183.681671
v 449.930023 1444.650024 182.155029
v 449.845154 1444.650024 180.630417
v 449.643799 1444.650024 179.116760
v 449.327179 1444.650024 177.622971
v 448.897125 1444.650024 176.157806
v 448.356201 1444.650024 174.729858
v 447.707520 1444.650024 173.347504
v 446.954956 1444.650024 172.018860
v 446.102875 1444.650024 170.751724
v 445.156311 1444.650024 169.553528
v 444.120789 1444.650024 168.431305
v 443.002411 1444.650024 167.391647
v 441.807739 1444.650024 166.440659
v 440.543762 1444.650024 165.583908
v 439.217896 1444.650024 164.826431
v 437.837952 1444.650024 164.172653
v 436.412018 1444.650024 163.626450
v 434.948456 1444.650024 163.190994
v 433.455841 1444.650024 162.868851
v 431.942932 1444.650024 162.661911
v 430.418640 1444.650024 162.571381
v 428.891907 1444.650024 162.597809
v 427.371643 1444.650024 162.741028
v 425.866821 1444.650024 163.000214
v 424.386261 1444.650024 163.373810
v 422.938660 1444.650024 163.859665
v 421.532471 1444.650024 164.454895
v 420.175964 1444.650024 165.156021
v 418.877136 1444.650024 165.958939
v 417.643555 1444.650024 166.858917
v 416.482513 1444.650024 167.850693
v 415.400757 1444.650024 168.928436
v 414.404724 1444.650024 170.085815
v 413.500183 1444.650024 171.316040
v 412.692474 1444.650024 172.611908
v 411.986328 1444.650024 173.965805
v 411.385895 1444.650024 175.369781
v 410.894684 1444.650024 176.815598
v 410.515625 1444.650024 178.294769
v 410.250885 1444.650024 179.798630
v 410.102051 1444.650024 181.318329
v 410.069977 1444.650024 182.844971
v 410.154846 1444.650024 184.369583
v 410.356201 1444.650024 185.883240
v 410.672821 1444.650024 187.377029
v 411.102875 1444.650024 188.842194
v 411.643799 1444.650024 190.270142
v 412.292480 1444.650024 191.652496
v 413.045044 1444.650024 192.981140
v 413.897125 1444.650024 194.248276
v 414.881683 1444.578613 195.414001
v 415.914612 1444.578613 196.533401
v 417.030182 1444.578613 197.570450
v 418.221893 1444.578613 198.519058
v 419.482697 1444.578613 199.373672
v 420.805206 1444.578613 200.129257
v 422.181702 1444.578613 200.781372
v 423.604065 1444.578613 201.326218
v 425.063965 1444.578613 201.760590
v 426.552826 1444.578613 202.081924
v 428.061920 1444.578613 202.288345
v 429.582397 1444.578613 202.378632
v 431.105316 1444.578613 202.352280
v 432.621765 1444.578613 202.209412
v 434.122803 1444.578613 201.950882
v 435.599640 1444.578613 201.578217
v 437.043640 1444.578613 201.093597
v 438.446289 1444.578613 200.499847
v 439.799408 1444.578613 199.800476
v 441.094971 1444.578613 198.999573
v 442.325470 1444.578613 198.101852
v 443.483612 1444.578613 197.112564
v 444.562622 1444.578613 196.037537
v 445.556183 1444.578613 194.883057
v 446.458435 1444.578613 193.655899
v 447.264130 1444.578613 192.363281
v 447.968506 1444.578613 191.012787
v 448.567413 1444.578613 189.612335
v 449.057373 1444.578613 188.170151
v 449.435516 1444.578613 186.694687
v 449.699585 1444.578613 185.194595
v 449.848053 1444.578613 183.678696
v 449.880035 1444.578613 182.155884
v 449.795380 1444.578613 180.635101
v 449.594543 1444.578613 179.125244
v 449.278717 1444.578613 177.635208
v 448.849731 1444.578613 176.173706
v 448.310150 1444.578613 174.749344
v 447.663116 1444.578613 173.370453
v 446.912445 1444.578613 172.045135
v 446.062500 1444.578613 170.781189
v 445.118317 1444.578613 169.585999
v 444.085388 1444.578613 168.466599
v 442.969818 1444.578613 167.429550
v 441.778107 1444.578613 166.480942
v 440.517303 1444.578613 165.626328
v 439.194794 1444.578613 164.870743
v 437.818298 1444.578613 164.218628
v 436.395935 1444.578613 163.673782
v 434.936035 1444.578613 163.239410
v 433.447174 1444.578613 162.918076
v 431.938080 1444.578613 162.711655
v 430.417603 1444.578613 162.621368
v 428.894684 1444.578613 162.647720
v 427.378235 1444.578613 162.790588
v 425.877197 1444.578613 163.049118
v 424.400360 1444.578613 163.421783
v 422.956360 1444.578613 163.906403
v 421.553711 1444.578613 164.500153
v 420.200592 1444.578613 165.199524
v 418.905029 1444.578613 166.000427
v 417.674530 1444.578613 166.898148
v 416.516388 1444.578613 167.887436
v 415.437378 1444.578613 168.962463
v 414.443817 1444.578613 170.116943
v 413.541565 1444.578613 171.344101
v 412.735870 1444.578613 172.636719
v 412.031494 1444.578613 173.987213
v 411.432587 1444.578613 175.387665
v 410.942627 1444.578613 176.829849
v 410.564484 1444.578613 178.305313
v 410.300415 1444.578613 179.805405
v 410.151947 1444.578613 181.321304
v 410.119965 1444.578613 182.844116
v 410.204620 1444.578613 184.364899
v 410.405457 1444.578613 185.874756
v 410.721283 1444.578613 187.364792
v 411.150269 1444.578613 188.826294
v 411.689850 1444.578613 190.250656
v 412.336884 1444.578613 191.629547
v 413.087555 1444.578613 192.954865
v 413.937500 1444.578613 194.218811
v 414.928558 1444.516968 195.373978
v 415.958282 1444.516968 196.489914
v 417.070404 1444.516968 197.523743
v 418.258392 1444.516968 198.469406
v 419.515289 1444.516968 199.321365
v 420.833710 1444.516968 200.074600
v 422.205933 1444.516968 200.724716
v 423.623901 1444.516968 201.267868
v 425.079254 1444.516968 201.700882
v 426.563507 1444.516968 202.021225
v 428.067932 1444.516968 202.227005
v 429.583679 1444.516968 202.317017
v 431.101898 1444.516968 202.290741
v 432.613617 1444.516968 202.148315
v 434.110016 1444.516968 201.890594
v 435.582306 1444.516968 201.519089
v 437.021820 1444.516968 201.035965
v 438.420135 1444.516968 200.444061
v 439.769012 1444.516968 199.746857
v 441.060577 1444.516968 198.948441
v 442.287262 1444.516968 198.053497
v 443.441803 1444.516968 197.067276
v 444.517487 1444.516968 195.995575
v 445.507965 1444.516968 194.844666
v 446.407440 1444.516968 193.621323
v 447.210602 1444.516968 192.332718
v 447.912811 1444.516968 190.986404
v 448.509888 1444.516968 189.590286
v 448.998322 1444.516968 188.152573
v 449.375275 1444.516968 186.681686
v 449.638519 1444.516968 185.186249
v 449.786530 1444.516968 183.675049
v 449.818420 1444.516968 182.156952
v 449.734009 1444.516968 180.640884
v 449.533783 1444.516968 179.135712
v 449.218933 1444.516968 177.650284
v 448.791321 1444.516968 176.193314
v 448.253418 1444.516968 174.773361
v 447.608368 1444.516968 173.398743
v 446.860016 1444.516968 172.077545
v 446.012726 1444.516968 170.817505
v 445.071442 1444.516968 169.626022
v 444.041718 1444.516968 168.510086
v 442.929596 1444.516968 167.476257
v 441.741608 1444.516968 166.530594
v 440.484711 1444.516968 165.678635
v 439.166290 1444.516968 164.925400
v 437.794067 1444.516968 164.275284
v 436.376099 1444.516968 163.732132
v 434.920746 1444.516968 163.299118
v 433.436493 1444.516968 162.978775
v 431.932068 1444.516968 162.772995
v 430.416321 1444.516968 162.682983
v 428.898102 1444.516968 162.709259
v 427.386383 1444.516968 162.851685
v 425.889984 1444.516968 163.109406
v 424.417694 1444.516968 163.480911
v 422.978180 1444.516968 163.964035
v 421.579865 1444.516968 164.555939
v 420.230988 1444.516968 165.253143
v 418.939423 1444.516968 166.051559
v 417.712738 1444.516968 166.946503
v 416.558197 1444.516968 167.932724
v 415.482513 1444.516968 169.004425
v 414.492035 1444.516968 170.155334
v 413.592560 1444.516968 171.378677
v 412.789398 1444.516968 172.667282
v 412.087189 1444.516968 174.013596
v 411.490112 1444.516968 175.409714
v 411.001678 1444.516968 176.847427
v 410.624725 1444.516968 178.318314
v 410.361481 1444.516968 179.813751
v 410.213470 1444.516968 181.324951
v 410.181580 1444.516968 182.843048
v 410.265991 1444.516968 184.359116
v 410.466217 1444.516968 185.864288
v 410.781067 1444.516968 187.349716
v 411.208679 1444.516968 188.806686
v 411.746582 1444.516968 190.226639
v 412.391632 1444.516968 191.601257
v 413.139984 1444.516968 192.922455
v 413.987274 1444.516968 194.182495
v 414.982849 1444.467041 195.327606
v 416.008850 1444.467041 196.439514
v 417.116974 1444.467041 197.469635
v 418.300690 1444.467041 198.411896
v 419.553040 1444.467041 199.260773
v 420.866730 1444.467041 200.011307
v 422.234009 1444.467041 200.659073
v 423.646851 1444.467041 201.200272
v 425.096985 1444.467041 201.631729
v 426.575897 1444.467041 201.950912
v 428.074890 1444.467041 202.155960
v 429.585205 1444.467041 202.245651
v 431.097931 1444.467041 202.219452
v 432.604218 1444.467041 202.077560
v 434.095215 1444.467041 201.820755
v 435.562195 1444.467041 201.450577
v 436.996521 1444.467041 200.969193
v 438.389801 1444.467041 200.379425
v 439.733826 1444.467041 199.684738
v 441.020752 1444.467041 198.889191
v 442.242981 1444.467041 197.997467
v 443.393402 1444.467041 197.014801
v 444.465179 1444.467041 195.946960
v 445.452087 1444.467041 194.800201
v 446.348328 1444.467041 193.581268
v 447.148621 1444.467041 192.297302
v 447.848297 1444.467041 190.955841
v 448.443207 1444.467041 189.564758
v 448.929901 1444.467041 188.132217
v 449.305481 1444.467041 186.666611
v 449.567780 1444.467041 185.176575
v 449.715271 1444.467041 183.670822
v 449.747040 1444.467041 182.158188
v 449.662933 1444.467041 180.647568
v 449.463440 1444.467041 179.147827
v 449.149719 1444.467041 177.667755
v 448.723633 1444.467041 176.216034
v 448.187653 1444.467041 174.801193
v 447.544952 1444.467041 173.431534
v 446.799286 1444.467041 172.115082
v 445.955048 1444.467041 170.859589
v 445.017151 1444.467041 169.672394
v 443.991150 1444.467041 168.560486
v 442.883026 1444.467041 167.530365
v 441.699310 1444.467041 166.588104
v 440.446960 1444.467041 165.739227
v 439.133270 1444.467041 164.988693
v 437.765991 1444.467041 164.340927
v 436.353149 1444.467041 163.799728
v 434.903015 1444.467041 163.368271
v 433.424103 1444.467041 163.049088
v 431.925110 1444.467041 162.844040
v 430.414795 1444.467041 162.754349
v 428.902069 1444.467041 162.780548
v 427.395782 1444.467041 162.922440
v 425.904785 1444.467041 163.179245
v 424.437805 1444.467041 163.549423
v 423.003479 1444.467041 164.030807
v 421.610199 1444.467041 164.620575
v 420.266174 1444.467041 165.315262
v 418.979248 1444.467041 166.110809
v 417.757019 1444.467041 167.002533
v 416.606598 1444.467041 167.985199
v 415.534821 1444.467041 169.053040
v 414.547913 1444.467041 170.199799
v 413.651672 1444.467041 171.418732
v 412.851379 1444.467041 172.702698
v 412.151703 1444.467041 174.044159
v 411.556793 1444.467041 175.435242
v 411.070099 1444.467041 176.867783
v 410.694519 1444.467041 178.333389
v 410.432220 1444.467041 179.823425
v 410.284729 1444.467041 181.329178
v 410.252960 1444.467041 182.841812
v 410.337067 1444.467041 184.352432
v 410.536560 1444.467041 185.852173
v 410.850281 1444.467041 187.332245
v 411.276367 1444.467041 188.783966
v 411.812347 1444.467041 190.198807
v 412.455048 1444.467041 191.568466
v 413.200714 1444.467041 192.884918
v 414.044952 1444.467041 194.140411
v 415.042908 1444.430176 195.276306
v 416.064819 1444.430176 196.383774
v 417.168488 1444.430176 197.409760
v 418.347473 1444.430176 198.348251
v 419.594818 1444.430176 199.193741
v 420.903259 1444.430176 199.941269
v 422.265076 1444.430176 200.586441
v 423.672272 1444.430176 201.125473
v 425.116608 1444.430176 201.555206
v 426.589600 1444.430176 201.873123
v 428.082581 1444.430176 202.077332
v 429.586853 1444.430176 202.166672
v 431.093536 1444.430176 202.140594
v 432.593781 1444.430176 201.999252
v 434.078827 1444.430176 201.743484
v 435.539948 1444.430176 201.374786
v 436.968536 1444.430176 200.895325
v 438.356232 1444.430176 200.307922
v 439.694916 1444.430176 199.615997
v 440.976685 1444.430176 198.823639
v 442.194031 1444.430176 197.935486
v 443.339813 1444.430176 196.956757
v 444.407349 1444.430176 195.893173
v 445.390289 1444.430176 194.751007
v 446.282959 1444.430176 193.536942
v 447.080048 1444.430176 192.258118
v 447.776886 1444.430176 190.922012
v 448.369446 1444.430176 189.536499
v 448.854187 1444.430176 188.109680
v 449.228271 1444.430176 186.649948
v 449.489532 1444.430176 185.165863
v 449.636414 1444.430176 183.666138
v 449.668060 1444.430176 182.159561
v 449.584290 1444.430176 180.654984
v 449.385590 1444.430176 179.161240
v 449.073120 1444.430176 177.687073
v 448.648743 1444.430176 176.241165
v 448.114929 1444.430176 174.831985
v 447.474792 1444.430176 173.467804
v 446.732086 1444.430176 172.156616
v 445.891235 1444.430176 170.906143
v 444.957092 1444.430176 169.723694
v 443.935181 1444.430176 168.616226
v 442.831512 1444.430176 167.590240
v 441.652527 1444.430176 166.651749
v 440.405182 1444.430176 165.806259
v 439.096741 1444.430176 165.058731
v 437.734924 1444.430176 164.413559
v 436.327728 1444.430176 163.874527
v 434.883392 1444.430176 163.444794
v 433.410400 1444.430176 163.126877
v 431.917419 1444.430176 162.922668
v 430.413147 1444.430176 162.833328
v 428.906464 1444.430176 162.859406
v 427.406219 1444.430176 163.000748
v 425.921173 1444.430176 163.256516
v 424.460052 1444.430176 163.625214
v 423.031464 1444.430176 164.104675
v 421.643768 1444.430176 164.692078
v 420.305084 1444.430176 165.384003
v 419.023315 1444.430176 166.176361
v 417.805969 1444.430176 167.064514
v 416.660187 1444.430176 168.043243
v 415.592651 1444.430176 169.106827
v 414.609711 1444.430176 170.248993
v 413.717041 1444.430176 171.463058
v 412.919952 1444.430176 172.741882
v 412.223114 1444.430176 174.077988
v 411.630554 1444.430176 175.463501
v 411.145813 1444.430176 176.890320
v 410.771729 1444.430176 178.350052
v 410.510468 1444.430176 179.834137
v 410.363586 1444.430176 181.333862
v 410.331940 1444.430176 182.840439
v 410.415710 1444.430176 184.345016
v 410.614410 1444.430176 185.838760
v 410.926880 1444.430176 187.312927
v 411.351257 1444.430176 188.758835
v 411.885071 1444.430176 190.168015
v 412.525208 1444.430176 191.532196
v 413.267914 1444.430176 192.843384
v 414.108765 1444.430176 194.093857
v 415.106903 1444.407593 195.221619
v 416.124451 1444.407593 196.324356
v 417.223389 1444.407593 197.345947
v 418.397339 1444.407593 198.280426
v 419.639374 1444.407593 199.122299
v 420.942200 1444.407593 199.866623
v 422.298157 1444.407593 200.509033
v 423.699341 1444.407593 201.045761
v 425.137512 1444.407593 201.473663
v 426.604187 1444.407593 201.790207
v 428.090790 1444.407593 201.993561
v 429.588623 1444.407593 202.082504
v 431.088837 1444.407593 202.056534
v 432.582703 1444.407593 201.915802
v 434.061371 1444.407593 201.661133
v 435.516235 1444.407593 201.294006
v 436.938721 1444.407593 200.816605
v 438.320465 1444.407593 200.231705
v 439.653412 1444.407593 199.542755
v 440.929688 1444.407593 198.753784
v 442.141846 1444.407593 197.869431
v 443.282745 1444.407593 196.894882
v 444.345673 1444.407593 195.835861
v 445.324432 1444.407593 194.698578
v 446.213257 1444.407593 193.489716
v 447.006958 1444.407593 192.216354
v 447.700836 1444.407593 190.885971
v 448.290833 1444.407593 189.506378
v 448.773499 1444.407593 188.085678
v 449.145996 1444.407593 186.632187
v 449.406128 1444.407593 185.154449
v 449.552368 1444.407593 183.661148
v 449.583893 1444.407593 182.161011
v 449.500488 1444.407593 180.662872
v 449.302643 1444.407593 179.175522
v 448.991516 1444.407593 177.707672
v 448.568939 1444.407593 176.267960
v 448.037384 1444.407593 174.864807
v 447.399994 1444.407593 173.506454
v 446.660492 1444.407593 172.200882
v 445.823212 1444.407593 170.955765
v 444.893097 1444.407593 169.778381
v 443.875549 1444.407593 168.675644
v 442.776611 1444.407593 167.654053
v 441.602661 1444.407593 166.719574
v 440.360626 1444.407593 165.877701
v 439.057800 1444.407593 165.133377
v 437.701843 1444.407593 164.490967
v 436.300659 1444.407593 163.954239
v 434.862488 1444.407593 163.526337
v 433.395813 1444.407593 163.209793
v 431.909210 1444.407593 163.006439
v 430.411377 1444.407593 162.917496
v 428.911163 1444.407593 162.943466
v 427.417297 1444.407593 163.084198
v 425.938629 1444.407593 163.338867
v 424.483765 1444.407593 163.705994
v 423.061279 1444.407593 164.183395
v 421.679535 1444.407593 164.768295
v 420.346588 1444.407593 165.457245
v 419.070312 1444.407593 166.246216
v 417.858154 1444.407593 167.130569
v 416.717255 1444.407593 168.105118
v 415.654327 1444.407593 169.164139
v 414.675568 1444.407593 170.301422
v 413.786743 1444.407593 171.510284
v 412.993042 1444.407593 172.783646
v 412.299164 1444.407593 174.114029
v 411.709167 1444.407593 175.493622
v 411.226501 1444.407593 176.914322
v 410.854004 1444.407593 178.367813
v 410.593872 1444.407593 179.845551
v 410.447632 1444.407593 181.338852
v 410.416107 1444.407593 182.838989
v 410.499512 1444.407593 184.337128
v 410.697357 1444.407593 185.824478
v 411.008484 1444.407593 187.292328
v 411.431061 1444.407593 188.732040
v 411.962616 1444.407593 190.135193
v 412.600006 1444.407593 191.493546
v 413.339508 1444.407593 192.799118
v 414.176788 1444.407593 194.044235
v 415.172943 1444.400024 195.165237
v 416.185944 1444.400024 196.263077
v 417.280029 1444.400024 197.280136
v 418.448761 1444.400024 198.210480
v 419.685303 1444.400024 199.048615
v 420.982330 1444.400024 199.789642
v 422.332306 1444.400024 200.429214
v 423.727264 1444.400024 200.963562
v 425.159058 1444.400024 201.389557
v 426.619232 1444.400024 201.704697
v 428.099274 1444.400024 201.907150
v 429.590454 1444.400024 201.995697
v 431.084015 1444.400024 201.969849
v 432.571259 1444.400024 201.829742
v 434.043365 1444.400024 201.576187
v 435.491791 1444.400024 201.210709
v 436.907959 1444.400024 200.735413
v 438.283600 1444.400024 200.153107
v 439.610626 1444.400024 199.467209
v 440.881256 1444.400024 198.681732
v 442.088013 1444.400024 197.801300
v 443.223846 1444.400024 196.831070
v 444.282074 1444.400024 195.776749
v 445.256500 1444.400024 194.644501
v 446.141388 1444.400024 193.440994
v 446.931549 1444.400024 192.173279
v 447.622345 1444.400024 190.848801
v 448.209747 1444.400024 189.475327
v 448.690277 1444.400024 188.060913
v 449.061127 1444.400024 186.613876
v 449.320099 1444.400024 185.142685
v 449.465698 1444.400024 183.655991
v 449.497070 1444.400024 182.162521
v 449.414032 1444.400024 180.671021
v 449.217072 1444.400024 179.190262
v 448.907318 1444.400024 177.728912
v 448.486633 1444.400024 176.295578
v 447.957428 1444.400024 174.898651
v 447.322876 1444.400024 173.546326
v 446.586639 1444.400024 172.246536
v 445.753082 1444.400024 171.006927
v 444.827057 1444.400024 169.834763
v 443.814056 1444.400024 168.736923
v 442.719971 1444.400024 167.719864
v 441.551239 1444.400024 166.789520
v 440.314697 1444.400024 165.951385
v 439.017670 1444.400024 165.210358
v 437.667694 1444.400024 164.570786
v 436.272736 1444.400024 164.036438
v 434.840942 1444.400024 163.610443
v 433.380768 1444.400024 163.295303
v 431.900726 1444.400024 163.092850
v 430.409546 1444.400024 163.004303
v 428.915985 1444.400024 163.030151
v 427.428741 1444.400024 163.170258
v 425.956635 1444.400024 163.423813
v 424.508209 1444.400024 163.789291
v 423.092041 1444.400024 164.264587
v 421.716400 1444.400024 164.846893
v 420.389374 1444.400024 165.532791
v 419.118744 1444.400024 166.318268
v 417.911987 1444.400024 167.198700
v 416.776154 1444.400024 168.168930
v 415.717926 1444.400024 169.223251
v 414.743500 1444.400024 170.355499
v 413.858612 1444.400024 171.559006
v 413.068451 1444.400024 172.826721
v 412.377655 1444.400024 174.151199
v 411.790253 1444.400024 175.524673
v 411.309723 1444.400024 176.939087
v 410.938873 1444.400024 178.386124
v 410.679901 1444.400024 179.857315
v 410.534302 1444.400024 181.344009
v 410.502930 1444.400024 182.837479
v 410.585968 1444.400024 184.328979
v 410.782928 1444.400024 185.809738
v 411.092682 1444.400024 187.271088
v 411.513367 1444.400024 188.704422
v 412.042572 1444.400024 190.101349
v 412.677124 1444.400024 191.453674
v 413.413361 1444.400024 192.753464
v 414.246918 1444.400024 193.993073
v 439.334259 1451.813232 174.197479
v 438.489380 1451.813232 173.335358
v 437.565216 1451.813232 172.558792
v 436.570435 1451.813232 171.875061
v 435.514313 1451.813232 171.290512
v 434.406708 1451.813232 170.810638
v 433.257935 1451.813232 170.439896
v 432.078766 1451.813232 170.181763
v 430.880188 1451.813232 170.038635
v 429.673370 1451.813232 170.011871
v 428.469635 1451.813232 170.101685
v 427.280151 1451.813232 170.307266
v 426.116089 1451.813232 170.626694
v 424.988281 1451.813232 171.056976
v 423.907257 1451.813232 171.594101
v 422.883148 1451.813232 172.233047
v 421.925446 1451.813232 172.967850
v 421.043152 1451.813232 173.791656
v 420.244507 1451.813232 174.696762
v 419.536926 1451.813232 175.674744
v 418.927032 1451.813232 176.716431
v 418.420532 1451.813232 177.812134
v 418.022156 1451.813232 178.951599
v 417.735596 1451.813232 180.124191
v 417.563538 1451.813232 181.318970
v 417.507629 1451.813232 182.524765
v 417.568329 1451.813232 183.730347
v 417.745117 1451.813232 184.924423
v 418.036316 1451.813232 186.095871
v 418.439209 1451.813232 187.233749
v 418.950073 1451.813232 188.327423
v 419.564087 1451.813232 189.366699
v 420.275513 1451.813232 190.341858
v 421.077759 1451.813232 191.243790
v 421.963318 1451.813232 192.064087
v 422.923889 1451.813232 192.795090
v 423.950562 1451.813232 193.429977
v 425.033691 1451.813232 193.962814
v 427.328522 1451.813232 194.703415
v 426.163208 1451.813232 194.388611
v 428.518799 1451.813232 194.904282
v 429.722900 1451.813232 194.989334
v 430.929596 1451.813232 194.957764
v 432.127594 1451.813232 194.809891
v 433.305725 1451.813232 194.547089
v 434.453033 1451.813232 194.171799
v 435.558716 1451.813232 193.687531
v 436.612518 1451.813232 193.098801
v 437.604584 1451.813232 192.411133
v 438.525635 1451.813232 191.630905
v 439.367096 1451.813232 190.765442
v 440.121094 1451.813232 189.822800
v 440.780609 1451.813232 188.811783
v 441.339447 1451.813232 187.741837
v 441.792419 1451.813232 186.622955
v 442.135315 1451.813232 185.465576
v 442.364868 1451.813232 184.280502
v 442.478973 1451.813232 183.078812
v 442.476593 1451.813232 181.871704
v 442.357697 1451.813232 180.670486
v 442.123444 1451.813232 179.486328
v 441.776001 1451.813232 178.330322
v 441.318573 1451.813232 177.213242
v 440.755493 1451.813232 176.145508
v 440.091980 1451.813232 175.137131
v 440.736084 1451.729004 176.156982
v 441.298157 1451.729004 177.222778
v 441.754730 1451.729004 178.337845
v 442.101562 1451.729004 179.491776
v 442.335388 1451.729004 180.673782
v 442.454071 1451.729004 181.872849
v 442.456451 1451.729004 183.077759
v 442.342529 1451.729004 184.277283
v 442.113373 1451.729004 185.460220
v 441.771149 1451.729004 186.615509
v 441.318970 1451.729004 187.732376
v 440.761139 1451.729004 188.800385
v 440.102844 1451.729004 189.809570
v 439.350189 1451.729004 190.750519
v 438.510254 1451.729004 191.614426
v 437.590851 1451.729004 192.393234
v 436.600586 1451.729004 193.079666
v 435.548676 1451.729004 193.667328
v 434.444977 1451.729004 194.150711
v 433.299774 1451.729004 194.525330
v 432.123749 1451.729004 194.787659
v 430.927917 1451.729004 194.935272
v 429.723389 1451.729004 194.966782
v 428.521484 1451.729004 194.881882
v 427.333344 1451.729004 194.681381
v 426.170135 1451.729004 194.367142
v 425.042664 1451.729004 193.942108
v 423.961487 1451.729004 193.410248
v 422.936676 1451.729004 192.776505
v 421.977844 1451.729004 192.046829
v 421.093872 1451.729004 191.228012
v 420.293091 1451.729004 190.327698
v 419.582916 1451.729004 189.354294
v 418.970001 1451.729004 188.316910
v 418.460083 1451.729004 187.225204
v 418.057922 1451.729004 186.089386
v 417.767242 1451.729004 184.920044
v 417.590790 1451.729004 183.728119
v 417.530182 1451.729004 182.524719
v 417.585999 1451.729004 181.321091
v 417.757751 1451.729004 180.128479
v 418.043762 1451.729004 178.957993
v 418.441437 1451.729004 177.820587
v 418.947021 1451.729004 176.726883
v 419.555817 1451.729004 175.687057
v 420.262115 1451.729004 174.710861
v 421.059326 1451.729004 173.807373
v 421.940033 1451.729004 172.985062
v 422.895996 1451.729004 172.251587
v 423.918274 1451.729004 171.613785
v 424.997314 1451.729004 171.077637
v 426.123108 1451.729004 170.648132
v 427.285065 1451.729004 170.329285
v 428.472382 1451.729004 170.124084
v 429.673981 1451.729004 170.034424
v 430.878601 1451.729004 170.061142
v 432.075012 1451.729004 170.204010
v 433.252045 1451.729004 170.461685
v 434.398743 1451.729004 170.831741
v 435.504364 1451.729004 171.310760
v 436.558563 1451.729004 171.894241
v 437.551575 1451.729004 172.576752
v 438.474030 1451.729004 173.351898
v 439.317413 1451.729004 174.212479
v 440.073761 1451.729004 175.150421
v 440.704376 1451.650024 176.175720
v 441.264771 1451.650024 177.238373
v 441.720001 1451.650024 178.350143
v 442.065796 1451.650024 179.500656
v 442.298950 1451.650024 180.679184
v 442.417267 1451.650024 181.874695
v 442.419647 1451.650024 183.076065
v 442.306091 1451.650024 184.272034
v 442.077606 1451.650024 185.451477
v 441.736359 1451.650024 186.603348
v 441.285553 1451.650024 187.716919
v 440.729370 1451.650024 188.781784
v 440.072998 1451.650024 189.787979
v 439.322571 1451.650024 190.726151
v 438.485107 1451.650024 191.587494
v 437.568420 1451.650024 192.364014
v 436.581085 1451.650024 193.048416
v 435.532288 1451.650024 193.634338
v 434.431854 1451.650024 194.116302
v 433.290009 1451.650024 194.489807
v 432.117493 1451.650024 194.751373
v 430.925171 1451.650024 194.898544
v 429.724213 1451.650024 194.929947
v 428.525848 1451.650024 194.845306
v 427.341217 1451.650024 194.645401
v 426.181427 1451.650024 194.332092
v 425.057312 1451.650024 193.908310
v 423.979309 1451.650024 193.378021
v 422.957550 1451.650024 192.746155
v 422.001526 1451.650024 192.018631
v 421.120178 1451.650024 191.202225
v 420.321747 1451.650024 190.304565
v 419.613678 1451.650024 189.334045
v 419.002594 1451.650024 188.299728
v 418.494171 1451.650024 187.211243
v 418.093201 1451.650024 186.078781
v 417.803375 1451.650024 184.912903
v 417.627441 1451.650024 183.724487
v 417.567017 1451.650024 182.524658
v 417.622681 1451.650024 181.324585
v 417.793915 1451.650024 180.135483
v 418.079102 1451.650024 178.968460
v 418.475586 1451.650024 177.834412
v 418.979675 1451.650024 176.743927
v 419.586670 1451.650024 175.707184
v 420.290894 1451.650024 174.733871
v 421.085754 1451.650024 173.833054
v 421.963837 1451.650024 173.013168
v 422.916962 1451.650024 172.281860
v 423.936218 1451.650024 171.645950
v 425.012115 1451.650024 171.111374
v 426.134552 1451.650024 170.683136
v 427.293091 1451.650024 170.365234
v 428.476898 1451.650024 170.160629
v 429.674927 1451.650024 170.071243
v 430.876007 1451.650024 170.097885
v 432.068878 1451.650024 170.240326
v 433.242462 1451.650024 170.497238
v 434.385742 1451.650024 170.866211
v 435.488098 1451.650024 171.343811
v 436.539215 1451.650024 171.925568
v 437.529266 1451.650024 172.606064
v 438.449005 1451.650024 173.378922
v 439.289886 1451.650024 174.236954
v 440.044006 1451.650024 175.172134
v 440.661316 1451.578613 176.201157
v 441.219482 1451.578613 177.259521
v 441.672882 1451.578613 178.366821
v 442.017303 1451.578613 179.512711
v 442.249512 1451.578613 180.686493
v 442.367340 1451.578613 181.877213
v 442.369720 1451.578613 183.073746
v 442.256592 1451.578613 184.264908
v 442.029053 1451.578613 185.439606
v 441.689178 1451.578613 186.586853
v 441.240173 1451.578613 187.695938
v 440.686218 1451.578613 188.756516
v 440.032501 1451.578613 189.758682
v 439.285095 1451.578613 190.693069
v 438.450989 1451.578613 191.550964
v 437.537994 1451.578613 192.324341
v 436.554626 1451.578613 193.006012
v 435.510040 1451.578613 193.589569
v 434.414032 1451.578613 194.069595
v 433.276794 1451.578613 194.441605
v 432.108978 1451.578613 194.702118
v 430.921448 1451.578613 194.848694
v 429.725311 1451.578613 194.879974
v 428.531769 1451.578613 194.795670
v 427.351929 1451.578613 194.596573
v 426.196808 1451.578613 194.284515
v 425.077179 1451.578613 193.862442
v 424.003540 1451.578613 193.334274
v 422.985870 1451.578613 192.704956
v 422.033691 1451.578613 191.980347
v 421.155884 1451.578613 191.167236
v 420.360657 1451.578613 190.273193
v 419.655457 1451.578613 189.306580
v 419.046814 1451.578613 188.276413
v 418.540436 1451.578613 187.192307
v 418.141052 1451.578613 186.064392
v 417.852417 1451.578613 184.903198
v 417.677185 1451.578613 183.719574
v 417.617004 1451.578613 182.524551
v 417.672455 1451.578613 181.329300
v 417.842987 1451.578613 180.144989
v 418.127014 1451.578613 178.982666
v 418.521912 1451.578613 177.853180
v 419.023987 1451.578613 176.767075
v 419.628540 1451.578613 175.734497
v 420.329926 1451.578613 174.765091
v 421.121582 1451.578613 173.867905
v 421.996155 1451.578613 173.051315
v 422.945435 1451.578613 172.322937
v 423.960602 1451.578613 171.689590
v 425.032166 1451.578613 171.157166
v 426.150085 1451.578613 170.730652
v 427.303986 1451.578613 170.414032
v 428.483032 1451.578613 170.210251
v 429.676239 1451.578613 170.121216
v 430.872467 1451.578613 170.147751
v 432.060577 1451.578613 170.289627
v 433.229401 1451.578613 170.545502
v 434.368103 1451.578613 170.912994
v 435.466034 1451.578613 171.388672
v 436.512909 1451.578613 171.968079
v 437.498993 1451.578613 172.645844
v 438.415039 1451.578613 173.415604
v 439.252533 1451.578613 174.270172
v 440.003632 1451.578613 175.201599
v 440.608276 1451.516968 176.232498
v 441.163635 1451.516968 177.285614
v 441.614777 1451.516968 178.387390
v 441.957489 1451.516968 179.527588
v 442.188538 1451.516968 180.695526
v 442.305786 1451.516968 181.880310
v 442.308167 1451.516968 183.070892
v 442.195618 1451.516968 184.256134
v 441.969177 1451.516968 185.424973
v 441.631012 1451.516968 186.566513
v 441.184235 1451.516968 187.670090
v 440.633026 1451.516968 188.725388
v 439.982544 1451.516968 189.722549
v 439.238892 1451.516968 190.652298
v 438.408936 1451.516968 191.505920
v 437.500488 1451.516968 192.275452
v 436.522003 1451.516968 192.953720
v 435.482635 1451.516968 193.534378
v 434.392059 1451.516968 194.012024
v 433.260498 1451.516968 194.382172
v 432.098480 1451.516968 194.641388
v 430.916870 1451.516968 194.787231
v 429.726685 1451.516968 194.818359
v 428.539062 1451.516968 194.734482
v 427.365112 1451.516968 194.536362
v 426.215729 1451.516968 194.225861
v 425.101685 1451.516968 193.805893
v 424.033356 1451.516968 193.280350
v 423.020782 1451.516968 192.654160
v 422.073334 1451.516968 191.933167
v 421.199890 1451.516968 191.124100
v 420.408630 1451.516968 190.234512
v 419.706940 1451.516968 189.272705
v 419.101318 1451.516968 188.247650
v 418.597473 1451.516968 187.168945
v 418.200073 1451.516968 186.046646
v 417.912872 1451.516968 184.891235
v 417.738495 1451.516968 183.713501
v 417.678619 1451.516968 182.524429
v 417.733795 1451.516968 181.335129
v 417.903473 1451.516968 180.156708
v 418.186127 1451.516968 179.000168
v 418.579041 1451.516968 177.876297
v 419.078613 1451.516968 176.795609
v 419.680145 1451.516968 175.768173
v 420.378052 1451.516968 174.803589
v 421.165771 1451.516968 173.910858
v 422.035980 1451.516968 173.098343
v 422.980560 1451.516968 172.373596
v 423.990662 1451.516968 171.743393
v 425.056885 1451.516968 171.213623
v 426.169250 1451.516968 170.789230
v 427.317383 1451.516968 170.474182
v 428.490570 1451.516968 170.271408
v 429.677856 1451.516968 170.182816
v 430.868134 1451.516968 170.209229
v 432.050323 1451.516968 170.350388
v 433.213348 1451.516968 170.604996
v 434.346375 1451.516968 170.970657
v 435.438843 1451.516968 171.443970
v 436.480499 1451.516968 172.020508
v 437.461670 1451.516968 172.694885
v 438.373169 1451.516968 173.460815
v 439.206482 1451.516968 174.311142
v 439.953827 1451.516968 175.237915
v 440.546783 1451.467041 176.268814
v 441.098969 1451.467041 177.315826
v 441.547485 1451.467041 178.411224
v 441.888214 1451.467041 179.544800
v 442.117920 1451.467041 180.705978
v 442.234497 1451.467041 181.883896
v 442.236847 1451.467041 183.067581
v 442.124939 1451.467041 184.245956
v 441.899841 1451.467041 185.408035
v 441.563599 1451.467041 186.542953
v 441.119415 1451.467041 187.640121
v 440.571411 1451.467041 188.689316
v 439.924713 1451.467041 189.680710
v 439.185333 1451.467041 190.605057
v 438.360199 1451.467041 191.453735
v 437.457031 1451.467041 192.218811
v 436.484222 1451.467041 192.893143
v 435.450867 1451.467041 193.470444
v 434.366608 1451.467041 193.945312
v 433.241608 1451.467041 194.313324
v 432.086304 1451.467041 194.571030
v 430.911560 1451.467041 194.716034
v 429.728271 1451.467041 194.746979
v 428.547546 1451.467041 194.663589
v 427.380371 1451.467041 194.466614
v 426.237640 1451.467041 194.157928
v 425.130066 1451.467041 193.740387
v 424.067932 1451.467041 193.217896
v 423.061218 1451.467041 192.595337
v 422.119263 1451.467041 191.878510
v 421.250885 1451.467041 191.074127
v 420.464203 1451.467041 190.189697
v 419.766571 1451.467041 189.233459
v 419.164459 1451.467041 188.214355
v 418.663544 1451.467041 187.141891
v 418.268463 1451.467041 186.026108
v 417.982910 1451.467041 184.877380
v 417.809570 1451.467041 183.706467
v 417.750031 1451.467041 182.524292
v 417.804871 1451.467041 181.341888
v 417.973572 1451.467041 180.170288
v 418.254578 1451.467041 179.020447
v 418.645233 1451.467041 177.903091
v 419.141907 1451.467041 176.828659
v 419.739960 1451.467041 175.807175
v 420.433807 1451.467041 174.848190
v 421.216949 1451.467041 173.960632
v 422.082123 1451.467041 173.152817
v 423.021240 1451.467041 172.432266
v 424.025482 1451.467041 171.805710
v 425.085541 1451.467041 171.279022
v 426.191437 1451.467041 170.857086
v 427.332947 1451.467041 170.543854
v 428.499329 1451.467041 170.342270
v 429.679718 1451.467041 170.254181
v 430.863098 1451.467041 170.280441
v 432.038422 1451.467041 170.420792
v 433.194733 1451.467041 170.673920
v 434.321198 1451.467041 171.037460
v 435.407318 1451.467041 171.508026
v 436.442963 1451.467041 172.081223
v 437.418427 1451.467041 172.751694
v 438.324646 1451.467041 173.513184
v 439.153137 1451.467041 174.358582
v 439.896149 1451.467041 175.279999
v 440.478790 1451.430176 176.308990
v 441.027374 1451.430176 177.349243
v 441.473022 1451.430176 178.437592
v 441.811554 1451.430176 179.563858
v 442.039795 1451.430176 180.717545
v 442.155609 1451.430176 181.887878
v 442.157928 1451.430176 183.063919
v 442.046753 1451.430176 184.234695
v 441.823090 1451.430176 185.389282
v 441.489044 1451.430176 186.516876
v 441.047729 1451.430176 187.606979
v 440.503265 1451.430176 188.649399
v 439.860718 1451.430176 189.634399
v 439.126129 1451.430176 190.552795
v 438.306305 1451.430176 191.395996
v 437.408936 1451.430176 192.156143
v 436.442413 1451.430176 192.826126
v 435.415710 1451.430176 193.399704
v 434.338440 1451.430176 193.871506
v 433.220703 1451.430176 194.237152
v 432.072845 1451.430176 194.493195
v 430.905670 1451.430176 194.637268
v 429.730042 1451.430176 194.668015
v 428.556915 1451.430176 194.585159
v 427.397247 1451.430176 194.389465
v 426.261902 1451.430176 194.082748
v 425.161469 1451.430176 193.667908
v 424.106201 1451.430176 193.148773
v 423.105957 1451.430176 192.530228
v 422.170074 1451.430176 191.818039
v 421.307312 1451.430176 191.018845
v 420.525696 1451.430176 190.140106
v 419.832550 1451.430176 189.190033
v 419.234344 1451.430176 188.177505
v 418.736633 1451.430176 187.111969
v 418.344116 1451.430176 186.003372
v 418.060394 1451.430176 184.862061
v 417.888153 1451.430176 183.698685
v 417.829010 1451.430176 182.524124
v 417.883514 1451.430176 181.349350
v 418.051117 1451.430176 180.185303
v 418.330292 1451.430176 179.042877
v 418.718445 1451.430176 177.932739
v 419.211914 1451.430176 176.865234
v 419.806122 1451.430176 175.850327
v 420.495483 1451.430176 174.897522
v 421.273590 1451.430176 174.015701
v 422.133179 1451.430176 173.213089
v 423.066223 1451.430176 172.497177
v 424.064026 1451.430176 171.874680
v 425.117218 1451.430176 171.351379
v 426.216003 1451.430176 170.932159
v 427.350128 1451.430176 170.620956
v 428.509003 1451.430176 170.420670
v 429.681793 1451.430176 170.333145
v 430.857544 1451.430176 170.359238
v 432.025269 1451.430176 170.498672
v 433.174133 1451.430176 170.750168
v 434.293335 1451.430176 171.111374
v 435.372437 1451.430176 171.578903
v 436.401398 1451.430176 172.148407
v 437.370605 1451.430176 172.814560
v 438.270966 1451.430176 173.571136
v 439.094116 1451.430176 174.411087
v 439.832336 1451.430176 175.326553
v 440.406311 1451.407593 176.351822
v 440.951111 1451.407593 177.384872
v 441.393677 1451.407593 178.465683
v 441.729858 1451.407593 179.584167
v 441.956512 1451.407593 180.729874
v 442.071533 1451.407593 181.892105
v 442.073853 1451.407593 183.060013
v 441.963440 1451.407593 184.222702
v 441.741302 1451.407593 185.369293
v 441.409576 1451.407593 186.489090
v 440.971313 1451.407593 187.571655
v 440.430603 1451.407593 188.606873
v 439.792511 1451.407593 189.585052
v 439.062988 1451.407593 190.497101
v 438.248840 1451.407593 191.334457
v 437.357697 1451.407593 192.089355
v 436.397827 1451.407593 192.754700
v 435.378265 1451.407593 193.324310
v 434.308441 1451.407593 193.792862
v 433.198425 1451.407593 194.155960
v 432.058533 1451.407593 194.410233
v 430.899414 1451.407593 194.553314
v 429.731903 1451.407593 194.583847
v 428.566895 1451.407593 194.501556
v 427.415253 1451.407593 194.307220
v 426.287750 1451.407593 194.002640
v 425.194916 1451.407593 193.590652
v 424.146973 1451.407593 193.075119
v 423.153625 1451.407593 192.460861
v 422.224243 1451.407593 191.753586
v 421.367432 1451.407593 190.959915
v 420.591248 1451.407593 190.087265
v 419.902893 1451.407593 189.143768
v 419.308807 1451.407593 188.138229
v 418.814545 1451.407593 187.080063
v 418.424713 1451.407593 185.979126
v 418.142975 1451.407593 184.845718
v 417.971924 1451.407593 183.690399
v 417.913208 1451.407593 182.523972
v 417.967316 1451.407593 181.357315
v 418.133759 1451.407593 180.201324
v 418.411011 1451.407593 179.066803
v 418.796478 1451.407593 177.964325
v 419.286530 1451.407593 176.904205
v 419.876617 1451.407593 175.896332
v 420.561218 1451.407593 174.950104
v 421.333954 1451.407593 174.074387
v 422.187592 1451.407593 173.277328
v 423.114197 1451.407593 172.566376
v 424.105072 1451.407593 171.948166
v 425.151001 1451.407593 171.428482
v 426.242188 1451.407593 171.012177
v 427.368469 1451.407593 170.703125
v 428.519318 1451.407593 170.504211
v 429.683990 1451.407593 170.417313
v 430.851593 1451.407593 170.443207
v 432.011261 1451.407593 170.581696
v 433.152161 1451.407593 170.831451
v 434.263641 1451.407593 171.190140
v 435.335297 1451.407593 171.654449
v 436.357117 1451.407593 172.220001
v 437.319611 1451.407593 172.881546
v 438.213745 1451.407593 173.632889
v 439.031219 1451.407593 174.467026
v 439.764343 1451.407593 175.376175
v 440.331543 1451.400024 176.395981
v 440.872437 1451.400024 177.421616
v 441.311829 1451.400024 178.494675
v 441.645599 1451.400024 179.605118
v 441.870605 1451.400024 180.742599
v 441.984802 1451.400024 181.896469
v 441.987122 1451.400024 183.056000
v 441.877502 1451.400024 184.210327
v 441.656982 1451.400024 185.348679
v 441.327606 1451.400024 186.460449
v 440.892487 1451.400024 187.535233
v 440.355682 1451.400024 188.563004
v 439.722168 1451.400024 189.534164
v 438.997894 1451.400024 190.439651
v 438.189606 1451.400024 191.270996
v 437.304840 1451.400024 192.020462
v 436.351868 1451.400024 192.681046
v 435.339630 1451.400024 193.246552
v 434.277496 1451.400024 193.711731
v 433.175446 1451.400024 194.072235
v 432.043732 1451.400024 194.324677
v 430.892944 1451.400024 194.466736
v 429.733826 1451.400024 194.497040
v 428.577179 1451.400024 194.415344
v 427.433838 1451.400024 194.222397
v 426.314423 1451.400024 193.920013
v 425.229462 1451.400024 193.510986
v 424.188995 1451.400024 192.999161
v 423.202820 1451.400024 192.389297
v 422.280090 1451.400024 191.687119
v 421.429443 1451.400024 190.899139
v 420.658813 1451.400024 190.032761
v 419.975403 1451.400024 189.096039
v 419.385620 1451.400024 188.097733
v 418.894897 1451.400024 187.047165
v 418.507874 1451.400024 185.954147
v 418.228149 1451.400024 184.828873
v 418.058350 1451.400024 183.681839
v 418.000031 1451.400024 182.523788
v 418.053741 1451.400024 181.365524
v 418.219025 1451.400024 180.217834
v 418.494263 1451.400024 179.091461
v 418.876953 1451.400024 177.996902
v 419.363495 1451.400024 176.944397
v 419.949341 1451.400024 175.943771
v 420.629028 1451.400024 175.004349
v 421.396210 1451.400024 174.134903
v 422.243713 1451.400024 173.343567
v 423.163666 1451.400024 172.637726
v 424.147430 1451.400024 172.023972
v 425.185822 1451.400024 171.508011
v 426.269165 1451.400024 171.094696
v 427.387360 1451.400024 170.787857
v 428.529938 1451.400024 170.590378
v 429.686249 1451.400024 170.504105
v 430.845490 1451.400024 170.529816
v 431.996826 1451.400024 170.667313
v 433.129517 1451.400024 170.915268
v 434.233002 1451.400024 171.271393
v 435.296967 1451.400024 171.732361
v 436.311462 1451.400024 172.293854
v 437.267029 1451.400024 172.950638
v 438.154755 1451.400024 173.696594
v 438.966339 1451.400024 174.524734
v 439.694214 1451.400024 175.427338
v 441.316803 1469.986816 177.173630
v 442.358978 1469.986816 180.577698
v 442.485748 1469.986816 181.761200
v 442.399933 1469.986816 184.137497
v 442.188141 1469.986816 185.308777
v 441.436310 1469.986816 187.564636
v 440.903107 1469.986816 188.628784
v 438.734772 1469.986816 191.452301
v 435.858795 1469.986816 193.550537
v 434.781860 1469.986816 194.057419
v 432.508179 1469.986816 194.753525
v 431.332062 1469.986816 194.936462
v 427.774353 1469.986816 194.807983
v 424.396942 1469.986816 193.682388
v 423.359375 1469.986816 193.099136
v 421.473450 1469.986816 191.650848
v 420.642242 1469.986816 190.798920
v 418.683197 1469.986816 187.826370
v 417.641022 1469.986816 184.422302
v 417.514252 1469.986816 183.238800
v 417.600067 1469.986816 180.862503
v 417.811859 1469.986816 179.691223
v 418.563690 1469.986816 177.435364
v 419.096893 1469.986816 176.371216
v 421.265228 1469.986816 173.547699
v 424.141205 1469.986816 171.449463
v 425.218140 1469.986816 170.942581
v 427.491821 1469.986816 170.246475
v 428.667938 1469.986816 170.063538
v 432.225647 1469.986816 170.192017
v 435.603058 1469.986816 171.317612
v 436.640625 1469.986816 171.900864
v 438.526550 1469.986816 173.349152
v 439.357758 1469.986816 174.201080
v 433.518799 1470.400024 169.985291
v 432.313263 1470.400024 169.707474
v 433.495300 1470.392456 170.068878
v 432.297821 1470.392456 169.792908
v 433.472504 1470.369873 170.149918
v 432.282837 1470.369873 169.875748
v 433.451141 1470.333008 170.225952
v 432.268799 1470.333008 169.953476
v 433.431824 1470.283081 170.294678
v 432.256073 1470.283081 170.023743
v 433.415131 1470.221436 170.354019
v 432.245117 1470.221436 170.084381
v 433.401611 1470.150024 170.402130
v 432.236237 1470.150024 170.133575
v 433.391632 1470.071045 170.437592
v 432.229675 1470.071045 170.169815
v 433.385529 1469.986816 170.459305
v 429.850464 1470.400024 169.500854
v 428.615509 1470.400024 169.573929
v 429.851471 1470.392456 169.587677
v 428.624756 1470.392456 169.660263
v 429.852448 1470.369873 169.671860
v 428.633698 1470.369873 169.743973
v 429.853333 1470.333008 169.750839
v 428.642120 1470.333008 169.822510
v 429.854156 1470.283081 169.822235
v 428.649719 1470.283081 169.893494
v 429.854889 1470.221436 169.883850
v 428.656281 1470.221436 169.954773
v 429.855438 1470.150024 169.933838
v 428.661621 1470.150024 170.004486
v 429.855865 1470.071045 169.970673
v 428.665527 1470.071045 170.041107
v 429.856140 1469.986816 169.993225
v 421.846924 1470.400024 172.374420
v 420.921356 1470.400024 173.195267
v 421.901367 1470.392456 172.442047
v 420.981995 1470.392456 173.257416
v 421.954163 1470.369873 172.507614
v 421.040771 1470.369873 173.317673
v 422.003723 1470.333008 172.569138
v 421.095947 1470.333008 173.374207
v 422.048492 1470.283081 172.624756
v 421.145782 1470.283081 173.425308
v 422.087128 1470.221436 172.672760
v 421.188843 1470.221436 173.469421
v 422.118500 1470.150024 172.711685
v 421.223755 1470.150024 173.505203
v 422.141602 1470.071045 172.740372
v 421.249481 1470.071045 173.531555
v 422.155731 1469.986816 172.757950
v 419.324463 1470.400024 175.081558
v 418.667664 1470.400024 176.129929
v 419.395782 1470.392456 175.131104
v 418.743347 1470.392456 176.172470
v 419.464905 1470.369873 175.179153
v 418.816711 1470.369873 176.213730
v 419.529785 1470.333008 175.224228
v 418.885590 1470.333008 176.252426
v 419.588409 1470.283081 175.264969
v 418.947815 1470.283081 176.287415
v 419.639008 1470.221436 175.300140
v 419.001526 1470.221436 176.317612
v 419.680054 1470.150024 175.328659
v 419.045105 1470.150024 176.342102
v 419.710297 1470.071045 175.349686
v 419.077209 1470.071045 176.360153
v 419.728821 1469.986816 175.362549
v 417.764709 1470.400024 186.892914
v 418.237671 1470.400024 188.036057
v 417.846436 1470.392456 186.863571
v 418.316254 1470.392456 187.999084
v 417.925659 1470.369873 186.835129
v 418.392426 1470.369873 187.963226
v 418.000000 1470.333008 186.808426
v 418.463898 1470.333008 187.929596
v 418.067200 1470.283081 186.784302
v 418.528473 1470.283081 187.899185
v 418.125214 1470.221436 186.763474
v 418.584229 1470.221436 187.872940
v 418.172241 1470.150024 186.746582
v 418.629486 1470.150024 187.851654
v 418.206909 1470.071045 186.734146
v 418.662811 1470.071045 187.835968
v 418.228149 1469.986816 186.726517
v 426.481201 1470.400024 195.014709
v 427.686737 1470.400024 195.292526
v 426.504700 1470.392456 194.931122
v 427.702179 1470.392456 195.207092
v 426.527496 1470.369873 194.850082
v 427.717163 1470.369873 195.124252
v 426.548859 1470.333008 194.774048
v 427.731201 1470.333008 195.046524
v 426.568176 1470.283081 194.705322
v 427.743927 1470.283081 194.976257
v 426.584869 1470.221436 194.645981
v 427.754883 1470.221436 194.915619
v 426.598389 1470.150024 194.597870
v 427.763763 1470.150024 194.866425
v 426.608368 1470.071045 194.562408
v 427.770325 1470.071045 194.830185
v 426.614471 1469.986816 194.540695
v 430.149536 1470.400024 195.499146
v 431.384491 1470.400024 195.426071
v 430.148529 1470.392456 195.412323
v 431.375244 1470.392456 195.339737
v 430.147552 1470.369873 195.328140
v 431.366302 1470.369873 195.256027
v 430.146667 1470.333008 195.249161
v 431.357880 1470.333008 195.177490
v 430.145844 1470.283081 195.177765
v 431.350281 1470.283081 195.106506
v 430.145111 1470.221436 195.116150
v 431.343719 1470.221436 195.045227
v 430.144562 1470.150024 195.066162
v 431.338379 1470.150024 194.995514
v 430.144135 1470.071045 195.029327
v 431.334473 1470.071045 194.958893
v 430.143860 1469.986816 195.006775
v 438.153076 1470.400024 192.625580
v 439.078644 1470.400024 191.804733
v 438.098633 1470.392456 192.557953
v 439.018005 1470.392456 191.742584
v 438.045837 1470.369873 192.492386
v 438.959229 1470.369873 191.682327
v 437.996277 1470.333008 192.430862
v 438.904053 1470.333008 191.625793
v 437.951508 1470.283081 192.375244
v 438.854218 1470.283081 191.574692
v 437.912872 1470.221436 192.327240
v 438.811157 1470.221436 191.530579
v 437.881500 1470.150024 192.288315
v 438.776245 1470.150024 191.494797
v 437.858398 1470.071045 192.259628
v 438.750519 1470.071045 191.468445
v 437.844269 1469.986816 192.242050
v 440.675537 1470.400024 189.918442
v 441.332336 1470.400024 188.870071
v 440.604218 1470.392456 189.868896
v 441.256653 1470.392456 188.827530
v 440.535095 1470.369873 189.820847
v 441.183289 1470.369873 188.786270
v 440.470215 1470.333008 189.775772
v 441.114410 1470.333008 188.747574
v 440.411591 1470.283081 189.735031
v 441.052185 1470.283081 188.712585
v 440.360992 1470.221436 189.699860
v 440.998474 1470.221436 188.682388
v 440.319946 1470.150024 189.671341
v 440.954895 1470.150024 188.657898
v 440.289703 1470.071045 189.650314
v 440.922791 1470.071045 188.639847
v 440.271179 1469.986816 189.637451
v 442.235291 1470.400024 178.107086
v 441.762329 1470.400024 176.963943
v 442.153564 1470.392456 178.136429
v 441.683746 1470.392456 177.000916
v 442.074341 1470.369873 178.164871
v 441.607574 1470.369873 177.036774
v 442.000000 1470.333008 178.191574
v 441.536102 1470.333008 177.070404
v 441.932800 1470.283081 178.215698
v 441.471527 1470.283081 177.100815
v 441.874786 1470.221436 178.236526
v 441.415771 1470.221436 177.127060
v 441.827759 1470.150024 178.253418
v 441.370514 1470.150024 177.148346
v 441.793091 1470.071045 178.265854
v 441.337189 1470.071045 177.164032
v 441.771851 1469.986816 178.273483
v 440.502045 1470.400024 174.837952
v 439.726166 1470.400024 173.874359
v 440.431915 1470.392456 174.889130
v 439.661224 1470.392456 173.931976
v 440.363892 1470.369873 174.938751
v 439.598236 1470.369873 173.987839
v 440.300079 1470.333008 174.985306
v 439.539124 1470.333008 174.040237
v 440.242401 1470.283081 175.027374
v 439.485718 1470.283081 174.087616
v 440.192627 1470.221436 175.063705
v 439.439606 1470.221436 174.128510
v 440.152252 1470.150024 175.093170
v 439.402191 1470.150024 174.161667
v 440.122498 1470.071045 175.114883
v 439.374634 1470.071045 174.186111
v 440.104248 1469.986816 175.128174
v 438.862213 1470.400024 172.988892
v 438.803009 1470.392456 173.052414
v 438.745636 1470.369873 173.114014
v 438.691772 1470.333008 173.171799
v 438.643127 1470.283081 173.224030
v 438.601105 1470.221436 173.269119
v 438.567017 1470.150024 173.305695
v 438.541901 1470.071045 173.332642
v 437.618073 1469.986816 172.580078
v 437.631836 1470.071045 172.562195
v 437.654266 1470.150024 172.532974
v 437.684692 1470.221436 172.493332
v 437.722229 1470.283081 172.444458
v 437.765717 1470.333008 172.387833
v 437.813843 1470.369873 172.325180
v 437.865112 1470.392456 172.258408
v 437.917999 1470.400024 172.189545
v 436.902069 1470.400024 171.483582
v 436.855988 1470.392456 171.557159
v 436.811279 1470.369873 171.628494
v 436.769348 1470.333008 171.695435
v 436.731445 1470.283081 171.755936
v 436.698700 1470.221436 171.808167
v 436.672180 1470.150024 171.850525
v 436.652618 1470.071045 171.881744
v 435.823639 1470.400024 170.877380
v 435.784760 1470.392456 170.955002
v 435.747040 1470.369873 171.030273
v 435.711639 1470.333008 171.100891
v 435.679657 1470.283081 171.164719
v 435.652069 1470.221436 171.219818
v 435.629669 1470.150024 171.264511
v 435.613159 1470.071045 171.297455
v 434.514740 1469.986816 170.835648
v 434.522888 1470.071045 170.814606
v 434.536163 1470.150024 170.780258
v 434.554230 1470.221436 170.733643
v 434.576477 1470.283081 170.676163
v 434.602234 1470.333008 170.609589
v 434.630737 1470.369873 170.535919
v 434.661133 1470.392456 170.457413
v 434.692474 1470.400024 170.376434
v 431.045624 1469.986816 170.036194
v 431.047516 1470.071045 170.013702
v 431.050598 1470.150024 169.977005
v 431.054779 1470.221436 169.927185
v 431.059937 1470.283081 169.865784
v 431.065887 1470.333008 169.794632
v 431.072510 1470.369873 169.715912
v 431.079529 1470.392456 169.632034
v 431.086792 1470.400024 169.545502
v 427.393066 1470.400024 169.764069
v 427.410492 1470.392456 169.849136
v 427.427368 1470.369873 169.931610
v 427.443207 1470.333008 170.008987
v 427.457520 1470.283081 170.078934
v 427.469879 1470.221436 170.139313
v 427.479889 1470.150024 170.188293
v 427.487274 1470.071045 170.224380
v 426.338409 1469.986816 170.540375
v 426.331787 1470.071045 170.518799
v 426.321014 1470.150024 170.483582
v 426.306366 1470.221436 170.435791
v 426.288330 1470.283081 170.376862
v 426.267426 1470.333008 170.308594
v 426.244293 1470.369873 170.233063
v 426.219666 1470.392456 170.152573
v 426.194244 1470.400024 170.069550
v 425.029877 1470.400024 170.487595
v 425.063080 1470.392456 170.567825
v 425.095276 1470.369873 170.645615
v 425.125458 1470.333008 170.718597
v 425.152771 1470.283081 170.784561
v 425.176331 1470.221436 170.841522
v 425.195435 1470.150024 170.887711
v 425.209503 1470.071045 170.921738
v 423.910553 1470.400024 171.014420
v 423.951202 1470.392456 171.091125
v 423.990631 1470.369873 171.165512
v 424.027649 1470.333008 171.235306
v 424.061096 1470.283081 171.298370
v 424.089966 1470.221436 171.352829
v 424.113373 1470.150024 171.396988
v 424.130615 1470.071045 171.429535
v 423.117310 1469.986816 172.056412
v 423.104889 1470.071045 172.037582
v 423.084625 1470.150024 172.006821
v 423.057098 1470.221436 171.965088
v 423.023193 1470.283081 171.913635
v 422.983917 1470.333008 171.854019
v 422.940430 1470.369873 171.788055
v 422.894104 1470.392456 171.717773
v 422.846344 1470.400024 171.645264
v 420.453796 1469.986816 174.418533
v 420.436584 1470.071045 174.403961
v 420.408478 1470.150024 174.380157
v 420.370331 1470.221436 174.347870
v 420.323273 1470.283081 174.308044
v 420.268799 1470.333008 174.261917
v 420.208496 1470.369873 174.210876
v 420.144257 1470.392456 174.156479
v 420.077972 1470.400024 174.100388
v 418.543060 1470.071045 177.426239
v 418.509369 1470.150024 177.411316
v 418.463654 1470.221436 177.391083
v 418.407318 1470.283081 177.366119
v 418.342041 1470.333008 177.337219
v 418.269806 1470.369873 177.305222
v 418.192841 1470.392456 177.271133
v 418.113434 1470.400024 177.235977
v 418.134033 1469.986816 178.545395
v 418.112640 1470.071045 178.538254
v 418.077698 1470.150024 178.526611
v 418.030273 1470.221436 178.510803
v 417.971802 1470.283081 178.491318
v 417.904083 1470.333008 178.468750
v 417.829132 1470.369873 178.443771
v 417.749268 1470.392456 178.417160
v 417.666901 1470.400024 178.389709
v 417.332031 1470.400024 179.580658
v 417.416626 1470.392456 179.600143
v 417.498688 1470.369873 179.619049
v 417.575653 1470.333008 179.636795
v 417.645203 1470.283081 179.652832
v 417.705261 1470.221436 179.666672
v 417.753998 1470.150024 179.677887
v 417.789886 1470.071045 179.686157
v 417.111877 1470.400024 180.798035
v 417.197968 1470.392456 180.809402
v 417.281433 1470.369873 180.820435
v 417.359741 1470.333008 180.830765
v 417.430511 1470.283081 180.840118
v 417.491608 1470.221436 180.848190
v 417.541168 1470.150024 180.854736
v 417.577698 1470.071045 180.859558
v 417.500549 1469.986816 182.048615
v 417.477997 1470.071045 182.047791
v 417.441193 1470.150024 182.046463
v 417.391235 1470.221436 182.044662
v 417.329651 1470.283081 182.042435
v 417.258301 1470.333008 182.039856
v 417.179382 1470.369873 182.037003
v 417.095245 1470.392456 182.033966
v 417.008484 1470.400024 182.030838
v 417.022705 1470.400024 183.267883
v 417.109375 1470.392456 183.262756
v 417.193420 1470.369873 183.257782
v 417.272247 1470.333008 183.253113
v 417.343536 1470.283081 183.248901
v 417.405060 1470.221436 183.245255
v 417.454956 1470.150024 183.242310
v 417.491730 1470.071045 183.240128
v 417.154449 1470.400024 184.497986
v 417.240234 1470.392456 184.484634
v 417.323425 1470.369873 184.471695
v 417.401489 1470.333008 184.459564
v 417.472015 1470.283081 184.448578
v 417.532928 1470.221436 184.439117
v 417.582306 1470.150024 184.431427
v 417.618713 1470.071045 184.425766
v 417.879700 1469.986816 185.588394
v 417.857849 1470.071045 185.593964
v 417.822144 1470.150024 185.603058
v 417.773712 1470.221436 185.615402
v 417.713989 1470.283081 185.630615
v 417.644806 1470.333008 185.648254
v 417.568268 1470.369873 185.667755
v 417.486664 1470.392456 185.688538
v 417.402527 1470.400024 185.709976
v 419.240753 1469.986816 188.877975
v 419.221344 1470.071045 188.889481
v 419.189667 1470.150024 188.908264
v 419.146667 1470.221436 188.933762
v 419.093658 1470.283081 188.965179
v 419.032227 1470.333008 189.001587
v 418.964294 1470.369873 189.041870
v 418.891876 1470.392456 189.084793
v 418.817169 1470.400024 189.129074
v 419.497955 1470.400024 190.162048
v 419.568085 1470.392456 190.110870
v 419.636108 1470.369873 190.061249
v 419.699921 1470.333008 190.014694
v 419.757599 1470.283081 189.972626
v 419.807373 1470.221436 189.936295
v 419.847748 1470.150024 189.906830
v 419.877502 1470.071045 189.885117
v 419.895752 1469.986816 189.871826
v 420.273834 1470.400024 191.125641
v 420.338776 1470.392456 191.068024
v 420.401764 1470.369873 191.012161
v 420.460876 1470.333008 190.959763
v 420.514282 1470.283081 190.912384
v 420.560394 1470.221436 190.871490
v 420.597809 1470.150024 190.838333
v 420.625366 1470.071045 190.813889
v 421.137787 1470.400024 192.011108
v 421.196991 1470.392456 191.947586
v 421.254364 1470.369873 191.885986
v 421.308228 1470.333008 191.828201
v 421.356873 1470.283081 191.775970
v 421.398895 1470.221436 191.730881
v 421.432983 1470.150024 191.694305
v 421.458099 1470.071045 191.667358
v 422.381927 1469.986816 192.419922
v 422.368164 1470.071045 192.437805
v 422.345734 1470.150024 192.467026
v 422.315308 1470.221436 192.506668
v 422.277771 1470.283081 192.555542
v 422.234283 1470.333008 192.612167
v 422.186157 1470.369873 192.674820
v 422.134888 1470.392456 192.741592
v 422.082001 1470.400024 192.810455
v 423.097931 1470.400024 193.516418
v 423.144012 1470.392456 193.442841
v 423.188721 1470.369873 193.371506
v 423.230652 1470.333008 193.304565
v 423.268555 1470.283081 193.244064
v 423.301300 1470.221436 193.191833
v 423.327820 1470.150024 193.149475
v 423.347382 1470.071045 193.118256
v 424.176361 1470.400024 194.122620
v 424.215240 1470.392456 194.044998
v 424.252960 1470.369873 193.969727
v 424.288361 1470.333008 193.899109
v 424.320343 1470.283081 193.835281
v 424.347931 1470.221436 193.780182
v 424.370331 1470.150024 193.735489
v 424.386841 1470.071045 193.702545
v 425.485260 1469.986816 194.164352
v 425.477112 1470.071045 194.185394
v 425.463837 1470.150024 194.219742
v 425.445770 1470.221436 194.266357
v 425.423523 1470.283081 194.323837
v 425.397766 1470.333008 194.390411
v 425.369263 1470.369873 194.464081
v 425.338867 1470.392456 194.542587
v 425.307526 1470.400024 194.623566
v 428.954376 1469.986816 194.963806
v 428.952484 1470.071045 194.986298
v 428.949402 1470.150024 195.022995
v 428.945221 1470.221436 195.072815
v 428.940063 1470.283081 195.134216
v 428.934113 1470.333008 195.205368
v 428.927490 1470.369873 195.284088
v 428.920471 1470.392456 195.367966
v 428.913208 1470.400024 195.454498
v 432.606934 1470.400024 195.235931
v 432.589508 1470.392456 195.150864
v 432.572632 1470.369873 195.068390
v 432.556793 1470.333008 194.991013
v 432.542480 1470.283081 194.921066
v 432.530121 1470.221436 194.860687
v 432.520111 1470.150024 194.811707
v 432.512726 1470.071045 194.775620
v 433.661591 1469.986816 194.459625
v 433.668213 1470.071045 194.481201
v 433.678986 1470.150024 194.516418
v 433.693634 1470.221436 194.564209
v 433.711670 1470.283081 194.623138
v 433.732574 1470.333008 194.691406
v 433.755707 1470.369873 194.766937
v 433.780334 1470.392456 194.847427
v 433.805756 1470.400024 194.930450
v 434.970123 1470.400024 194.512405
v 434.936920 1470.392456 194.432175
v 434.904724 1470.369873 194.354385
v 434.874542 1470.333008 194.281403
v 434.847229 1470.283081 194.215439
v 434.823669 1470.221436 194.158478
v 434.804565 1470.150024 194.112289
v 434.790497 1470.071045 194.078262
v 436.089447 1470.400024 193.985580
v 436.048798 1470.392456 193.908875
v 436.009369 1470.369873 193.834488
v 435.972351 1470.333008 193.764694
v 435.938904 1470.283081 193.701630
v 435.910034 1470.221436 193.647171
v 435.886627 1470.150024 193.603012
v 435.869385 1470.071045 193.570465
v 436.882690 1469.986816 192.943588
v 436.895111 1470.071045 192.962418
v 436.915375 1470.150024 192.993179
v 436.942902 1470.221436 193.034912
v 436.976807 1470.283081 193.086365
v 437.016083 1470.333008 193.145981
v 437.059570 1470.369873 193.211945
v 437.105896 1470.392456 193.282227
v 437.153656 1470.400024 193.354736
v 439.546204 1469.986816 190.581467
v 439.563416 1470.071045 190.596039
v 439.591522 1470.150024 190.619843
v 439.629669 1470.221436 190.652130
v 439.676727 1470.283081 190.691956
v 439.731201 1470.333008 190.738083
v 439.791504 1470.369873 190.789124
v 439.855743 1470.392456 190.843521
v 439.922028 1470.400024 190.899612
v 441.456940 1470.071045 187.573761
v 441.490631 1470.150024 187.588684
v 441.536346 1470.221436 187.608917
v 441.592682 1470.283081 187.633881
v 441.657959 1470.333008 187.662781
v 441.730194 1470.369873 187.694778
v 441.807159 1470.392456 187.728867
v 441.886566 1470.400024 187.764023
v 441.865967 1469.986816 186.454605
v 441.887360 1470.071045 186.461746
v 441.922302 1470.150024 186.473389
v 441.969727 1470.221436 186.489197
v 442.028198 1470.283081 186.508682
v 442.095917 1470.333008 186.531250
v 442.170868 1470.369873 186.556229
v 442.250732 1470.392456 186.582840
v 442.333099 1470.400024 186.610291
v 442.667969 1470.400024 185.419342
v 442.583374 1470.392456 185.399857
v 442.501312 1470.369873 185.380951
v 442.424347 1470.333008 185.363205
v 442.354797 1470.283081 185.347168
v 442.294739 1470.221436 185.333328
v 442.246002 1470.150024 185.322113
v 442.210114 1470.071045 185.313843
v 442.888123 1470.400024 184.201965
v 442.802032 1470.392456 184.190598
v 442.718567 1470.369873 184.179565
v 442.640259 1470.333008 184.169235
v 442.569489 1470.283081 184.159882
v 442.508392 1470.221436 184.151810
v 442.458832 1470.150024 184.145264
v 442.422302 1470.071045 184.140442
v 442.499451 1469.986816 182.951385
v 442.522003 1470.071045 182.952209
v 442.558807 1470.150024 182.953537
v 442.608765 1470.221436 182.955338
v 442.670349 1470.283081 182.957565
v 442.741699 1470.333008 182.960144
v 442.820618 1470.369873 182.962997
v 442.904755 1470.392456 182.966034
v 442.991516 1470.400024 182.969162
v 442.977295 1470.400024 181.732117
v 442.890625 1470.392456 181.737244
v 442.806580 1470.369873 181.742218
v 442.727753 1470.333008 181.746887
v 442.656464 1470.283081 181.751099
v 442.594940 1470.221436 181.754745
v 442.545044 1470.150024 181.757690
v 442.508270 1470.071045 181.759872
v 442.845551 1470.400024 180.502014
v 442.759766 1470.392456 180.515366
v 442.676575 1470.369873 180.528305
v 442.598511 1470.333008 180.540436
v 442.527985 1470.283081 180.551422
v 442.467072 1470.221436 180.560883
v 442.417694 1470.150024 180.568573
v 442.381287 1470.071045 180.574234
v 442.120300 1469.986816 179.411606
v 442.142151 1470.071045 179.406036
v 442.177856 1470.150024 179.396942
v 442.226288 1470.221436 179.384598
v 442.286011 1470.283081 179.369385
v 442.355194 1470.333008 179.351746
v 442.431732 1470.369873 179.332245
v 442.513336 1470.392456 179.311462
v 442.597473 1470.400024 179.290024
v 440.759247 1469.986816 176.122025
v 440.778656 1470.071045 176.110519
v 440.810333 1470.150024 176.091736
v 440.853333 1470.221436 176.066238
v 440.906342 1470.283081 176.034821
v 440.967773 1470.333008 175.998413
v 441.035706 1470.369873 175.958130
v 441.108124 1470.392456 175.915207
v 441.182831 1470.400024 175.870926
v 438.104614 1444.400024 172.335602
v 439.387085 1444.400024 173.506531
v 438.231110 1445.900024 174.468887
v 437.169464 1445.900024 173.508408
v 437.004395 1445.900024 173.379211
v 436.677521 1444.400024 171.346054
v 435.907043 1445.900024 172.633041
v 435.635071 1445.900024 172.475235
v 435.131287 1444.400024 170.555542
v 434.539215 1445.900024 171.933746
v 434.151031 1445.900024 171.775314
v 433.493439 1444.400024 169.978180
v 433.090363 1445.900024 171.423004
v 432.582489 1445.900024 171.293716
v 431.793274 1444.400024 169.624283
v 431.586365 1445.900024 171.109940
v 430.961395 1445.900024 171.040253
v 430.061127 1444.400024 169.500137
v 430.054077 1445.900024 171.000122
v 429.320709 1445.900024 171.020081
v 428.327850 1444.400024 169.607986
v 428.520813 1445.900024 171.095535
v 426.624451 1444.400024 169.945892
v 427.693878 1445.900024 171.233597
v 427.013947 1445.900024 171.394440
v 424.981262 1444.400024 170.507828
v 426.113953 1445.900024 171.676468
v 425.560364 1445.900024 171.891541
v 423.427643 1444.400024 171.283752
v 424.613159 1445.900024 172.339676
v 424.186005 1445.900024 172.577942
v 421.991302 1444.400024 172.259842
v 423.222046 1445.900024 173.209732
v 422.915375 1445.900024 173.441406
v 420.697876 1444.400024 173.418671
v 421.968872 1445.900024 174.268890
v 421.771210 1445.900024 174.466507
v 419.570465 1444.400024 174.739548
v 420.879211 1445.900024 175.495621
v 420.773865 1445.900024 175.634979
v 418.629150 1444.400024 176.198914
v 419.975220 1445.900024 176.864929
v 419.941162 1445.900024 176.925949
v 417.890747 1444.400024 177.770721
v 419.287964 1445.900024 178.316406
v 419.275299 1445.900024 178.348969
v 417.368439 1444.400024 179.426910
v 418.825928 1445.900024 179.781509
v 418.793732 1445.900024 179.917496
v 417.071564 1444.400024 181.137955
v 418.563293 1445.900024 181.295120
v 418.540253 1445.900024 181.538605
v 417.005371 1444.400024 182.873306
v 418.504730 1445.900024 182.830231
v 418.520081 1445.900024 183.179291
v 417.171051 1444.400024 184.601990
v 418.651337 1445.900024 184.359451
v 418.733612 1445.900024 184.806137
v 417.565704 1444.400024 186.293167
v 419.000427 1445.900024 185.855484
v 419.176483 1445.900024 186.386032
v 418.182220 1444.400024 187.916656
v 419.545807 1445.900024 187.291656
v 419.839691 1445.900024 187.886826
v 419.009644 1444.400024 189.443481
v 420.277740 1445.900024 188.642303
v 419.497955 1444.400024 190.162048
v 420.709717 1445.900024 189.277969
v 420.033173 1444.400024 190.846390
v 421.183197 1445.900024 189.883347
v 421.234558 1444.400024 192.100372
v 421.768890 1445.900024 190.531113
v 422.245972 1445.900024 190.992630
v 422.592377 1444.400024 193.183029
v 422.995605 1445.900024 191.620789
v 423.447113 1445.900024 191.950378
v 424.082397 1444.400024 194.075058
v 424.364929 1445.900024 192.524765
v 424.765198 1445.900024 192.739471
v 425.677979 1444.400024 194.760513
v 425.848969 1445.900024 193.224686
v 426.176666 1445.900024 193.345840
v 427.350708 1444.400024 195.227188
v 427.417511 1445.900024 193.706284
v 427.656403 1445.900024 193.758667
v 429.070709 1444.400024 195.466751
v 429.038605 1445.900024 193.959747
v 429.177948 1445.900024 193.970581
v 430.807312 1444.400024 195.474915
v 430.679291 1445.900024 193.979919
v 430.714172 1445.900024 193.977798
v 432.529480 1444.400024 195.251541
v 432.237640 1445.900024 193.780197
v 432.306122 1445.900024 193.766403
v 434.206543 1444.400024 194.800613
v 433.721161 1445.900024 193.381317
v 433.886047 1445.900024 193.323532
v 435.808502 1444.400024 194.130188
v 435.138306 1445.900024 192.788239
v 435.386841 1445.900024 192.660324
v 437.306854 1444.400024 193.252213
v 436.463745 1445.900024 192.011566
v 436.777954 1445.900024 191.790268
v 438.674774 1444.400024 192.182373
v 437.673828 1445.900024 191.065170
v 438.031128 1445.900024 190.731110
v 439.887909 1444.400024 190.939743
v 438.747009 1445.900024 189.965927
v 439.120789 1445.900024 189.504379
v 440.924591 1444.400024 189.546509
v 439.664062 1445.900024 188.733444
v 440.024780 1445.900024 188.135071
v 441.766327 1444.400024 188.027527
v 440.408661 1445.900024 187.389740
v 442.398102 1444.400024 186.409912
v 440.724701 1445.900024 186.651031
v 440.967529 1445.900024 185.958771
v 442.808594 1444.400024 184.722519
v 441.206268 1445.900024 185.082504
v 441.330688 1445.900024 184.466080
v 442.990540 1444.400024 182.995468
v 441.459747 1445.900024 183.461395
v 441.491638 1445.900024 182.938309
v 442.940674 1444.400024 181.259583
v 441.479919 1445.900024 181.820709
v 441.447540 1445.900024 181.402710
v 442.659882 1444.400024 179.545822
v 441.266388 1445.900024 180.193863
v 441.199127 1445.900024 179.886688
v 442.153168 1444.400024 177.884781
v 440.823517 1445.900024 178.613968
v 440.750885 1445.900024 178.417313
v 441.429596 1444.400024 176.306107
v 440.160309 1445.900024 177.113174
v 440.110809 1445.900024 177.020782
v 440.502045 1444.400024 174.837952
v 439.290283 1445.900024 175.722031
v 438.303955 1445.900024 174.544235
v 444.787811 1470.400024 169.034454
v 446.157013 1470.400024 170.712234
v 443.245239 1470.400024 167.514557
v 441.547394 1470.400024 166.170334
v 439.714142 1470.400024 165.017563
v 437.767029 1470.400024 164.069763
v 435.728821 1470.400024 163.338043
v 433.623474 1470.400024 162.830978
v 431.475647 1470.400024 162.554504
v 429.310486 1470.400024 162.511887
v 427.153442 1470.400024 162.703613
v 425.029755 1470.400024 163.127426
v 422.964355 1470.400024 163.778366
v 420.981445 1470.400024 164.648804
v 419.104248 1470.400024 165.728516
v 417.354797 1470.400024 167.004868
v 415.753601 1470.400024 168.462891
v 414.319458 1470.400024 170.085480
v 413.069122 1470.400024 171.853622
v 412.017303 1470.400024 173.746582
v 411.176300 1470.400024 175.742172
v 410.556000 1470.400024 177.816986
v 410.163666 1470.400024 179.946701
v 410.003876 1470.400024 182.106354
v 410.078522 1470.400024 184.270630
v 410.386749 1470.400024 186.414139
v 410.924927 1470.400024 188.511749
v 411.686737 1470.400024 190.538895
v 412.663239 1470.400024 192.471786
v 413.842987 1470.400024 194.287766
v 415.212189 1470.400024 195.965546
v 416.754761 1470.400024 197.485443
v 418.452606 1470.400024 198.829666
v 420.285858 1470.400024 199.982437
v 422.232971 1470.400024 200.930237
v 424.271179 1470.400024 201.661957
v 426.376526 1470.400024 202.169022
v 428.524353 1470.400024 202.445496
v 430.689514 1470.400024 202.488113
v 432.846558 1470.400024 202.296387
v 434.970245 1470.400024 201.872574
v 437.035645 1470.400024 201.221634
v 439.018555 1470.400024 200.351196
v 440.895752 1470.400024 199.271484
v 442.645203 1470.400024 197.995132
v 444.246399 1470.400024 196.537109
v 445.680542 1470.400024 194.914520
v 446.930878 1470.400024 193.146378
v 447.982697 1470.400024 191.253418
v 448.823700 1470.400024 189.257828
v 449.444000 1470.400024 187.183014
v 449.836334 1470.400024 185.053299
v 449.996124 1470.400024 182.893646
v 449.921478 1470.400024 180.729370
v 449.613251 1470.400024 178.585861
v 449.075073 1470.400024 176.488251
v 448.313293 1470.400024 174.461105
v 447.336761 1470.400024 172.528214
v 419.975220 1451.400024 176.864929
v 419.275299 1451.400024 178.348969
v 418.793732 1451.400024 179.917496
v 421.968872 1451.400024 174.268890
v 420.879211 1451.400024 175.495621
v 419.176483 1451.400024 186.386032
v 419.839691 1451.400024 187.886826
v 420.709717 1451.400024 189.277969
v 426.113953 1451.400024 171.676468
v 424.613159 1451.400024 172.339676
v 423.222046 1451.400024 173.209732
v 429.320709 1451.400024 171.020081
v 427.693878 1451.400024 171.233597
v 429.038605 1451.400024 193.959747
v 430.679291 1451.400024 193.979919
v 432.306122 1451.400024 193.766403
v 418.520081 1451.400024 183.179291
v 418.733612 1451.400024 184.806137
v 418.540253 1451.400024 181.538605
v 432.582489 1451.400024 171.293716
v 430.961395 1451.400024 171.040253
v 422.995605 1451.400024 191.620789
v 424.364929 1451.400024 192.524765
v 425.848969 1451.400024 193.224686
v 435.635071 1451.400024 172.475235
v 434.151031 1451.400024 171.775314
v 440.160309 1451.400024 177.113174
v 439.290283 1451.400024 175.722031
v 438.231110 1451.400024 174.468887
v 427.417511 1451.400024 193.706284
v 421.768890 1451.400024 190.531113
v 437.004395 1451.400024 173.379211
v 441.459747 1451.400024 183.461395
v 441.479919 1451.400024 181.820709
v 441.266388 1451.400024 180.193863
v 440.823517 1451.400024 178.613968
v 439.120789 1451.400024 189.504379
v 440.024780 1451.400024 188.135071
v 440.724701 1451.400024 186.651031
v 441.206268 1451.400024 185.082504
v 435.386841 1451.400024 192.660324
v 436.777954 1451.400024 191.790268
v 438.031128 1451.400024 190.731110
v 433.886047 1451.400024 193.323532
v 427.986053 1560.000000 191.595200
v 427.986053 1543.000000 191.595200
v 426.621277 1560.000000 191.181168
v 426.621277 1543.000000 191.181168
v 425.335693 1560.000000 190.563675
v 425.335693 1543.000000 190.563675
v 424.159454 1560.000000 189.757172
v 424.159454 1543.000000 189.757172
v 423.120087 1560.000000 188.780563
v 423.120087 1543.000000 188.780563
v 422.242004 1560.000000 187.656738
v 422.242004 1543.000000 187.656738
v 421.545746 1560.000000 186.412048
v 421.545746 1543.000000 186.412048
v 421.047668 1560.000000 185.075668
v 421.047668 1543.000000 185.075668
v 420.759399 1560.000000 183.678909
v 420.759399 1543.000000 183.678909
v 420.687744 1560.000000 182.254532
v 420.687744 1543.000000 182.254532
v 420.834351 1560.000000 180.835892
v 420.834351 1543.000000 180.835892
v 421.195770 1560.000000 179.456268
v 421.195770 1543.000000 179.456268
v 421.763580 1560.000000 178.147980
v 421.763580 1543.000000 178.147980
v 422.524445 1560.000000 176.941696
v 422.524445 1543.000000 176.941696
v 423.460541 1560.000000 175.865707
v 423.460541 1543.000000 175.865707
v 424.549896 1560.000000 174.945206
v 424.549896 1543.000000 174.945206
v 425.766998 1560.000000 174.201797
v 425.766998 1543.000000 174.201797
v 427.083313 1560.000000 173.652878
v 427.083313 1543.000000 173.652878
v 428.468018 1560.000000 173.311340
v 428.468018 1543.000000 173.311340
v 429.888611 1560.000000 173.185165
v 429.888611 1543.000000 173.185165
v 431.311829 1560.000000 173.277328
v 431.311829 1543.000000 173.277328
v 432.704285 1560.000000 173.585663
v 432.704285 1543.000000 173.585663
v 434.033356 1560.000000 174.102936
v 434.033356 1543.000000 174.102936
v 435.267883 1560.000000 174.817032
v 435.267883 1543.000000 174.817032
v 436.378937 1560.000000 175.711212
v 436.378937 1543.000000 175.711212
v 437.340485 1560.000000 176.764526
v 437.340485 1543.000000 176.764526
v 438.129974 1560.000000 177.952255
v 438.129974 1543.000000 177.952255
v 438.728912 1560.000000 179.246597
v 438.728912 1543.000000 179.246597
v 439.123230 1560.000000 180.617188
v 439.123230 1543.000000 180.617188
v 439.303741 1560.000000 182.031906
v 439.303741 1543.000000 182.031906
v 439.266144 1560.000000 183.457596
v 439.266144 1543.000000 183.457596
v 439.011383 1560.000000 184.860840
v 439.011383 1543.000000 184.860840
v 438.545380 1560.000000 186.208755
v 438.545380 1543.000000 186.208755
v 437.879089 1560.000000 187.469742
v 437.879089 1543.000000 187.469742
v 437.028137 1560.000000 188.614243
v 437.028137 1543.000000 188.614243
v 436.012421 1560.000000 189.615417
v 436.012421 1543.000000 189.615417
v 434.855804 1560.000000 190.449829
v 434.855804 1543.000000 190.449829
v 433.585358 1560.000000 191.097885
v 433.585358 1543.000000 191.097885
v 432.230896 1560.000000 191.544434
v 432.230896 1543.000000 191.544434
v 430.824097 1560.000000 191.778976
v 430.824097 1543.000000 191.778976
v 429.398010 1560.000000 191.796036
v 429.398010 1543.000000 191.796036
v 428.654663 1560.000000 168.564789
v 426.918701 1560.000000 168.843292
v 425.231384 1560.000000 169.337173
v 423.619232 1560.000000 170.038620
v 422.107727 1560.000000 170.936615
v 420.720673 1560.000000 172.016953
v 419.479980 1560.000000 173.262619
v 418.405182 1560.000000 174.653976
v 417.513245 1560.000000 176.169052
v 416.818237 1560.000000 177.783981
v 437.102509 1560.000000 170.435410
v 435.534393 1560.000000 169.640350
v 433.879028 1560.000000 169.048111
v 432.162476 1560.000000 168.668015
v 430.411804 1560.000000 168.506058
v 416.331085 1560.000000 179.473282
v 416.059540 1560.000000 181.210327
v 416.007812 1560.000000 182.967697
v 416.176758 1560.000000 184.717697
v 416.563721 1560.000000 186.432724
v 417.162567 1560.000000 188.085724
v 443.181763 1560.000000 187.216019
v 443.668915 1560.000000 185.526718
v 443.940460 1560.000000 183.789673
v 443.992188 1560.000000 182.032303
v 426.120972 1560.000000 195.951889
v 427.837524 1560.000000 196.331985
v 429.588196 1560.000000 196.493942
v 431.345337 1560.000000 196.435211
v 433.081299 1560.000000 196.156708
v 443.823242 1560.000000 180.282303
v 443.436279 1560.000000 178.567276
v 442.837433 1560.000000 176.914276
v 442.036133 1560.000000 175.349365
v 441.045013 1560.000000 173.897232
v 439.879700 1560.000000 172.580750
v 438.558594 1560.000000 171.420715
v 434.768616 1560.000000 195.662827
v 436.380768 1560.000000 194.961380
v 437.892273 1560.000000 194.063385
v 439.279327 1560.000000 192.983047
v 440.520020 1560.000000 191.737381
v 441.594818 1560.000000 190.346024
v 442.486755 1560.000000 188.830948
v 417.963867 1560.000000 189.650635
v 418.954987 1560.000000 191.102768
v 420.120300 1560.000000 192.419250
v 421.441406 1560.000000 193.579285
v 422.897491 1560.000000 194.564590
v 424.465607 1560.000000 195.359650
v 443.668915 1552.000000 185.526718
v 443.181763 1552.000000 187.216019
v 442.486755 1552.000000 188.830948
v 441.594818 1552.000000 190.346024
v 440.520020 1552.000000 191.737381
v 439.279327 1552.000000 192.983047
v 437.892273 1552.000000 194.063385
v 436.380768 1552.000000 194.961380
v 434.768616 1552.000000 195.662827
v 433.081299 1552.000000 196.156708
v 431.345337 1552.000000 196.435211
v 429.588196 1552.000000 196.493942
v 427.837524 1552.000000 196.331985
v 426.120972 1552.000000 195.951889
v 424.465607 1552.000000 195.359650
v 422.897491 1552.000000 194.564590
v 421.441406 1552.000000 193.579285
v 420.120300 1552.000000 192.419250
v 418.954987 1552.000000 191.102768
v 417.963867 1552.000000 189.650635
v 417.162567 1552.000000 188.085724
v 416.563721 1552.000000 186.432724
v 416.176758 1552.000000 184.717697
v 416.007812 1552.000000 182.967697
v 416.059540 1552.000000 181.210327
v 416.331085 1552.000000 179.473282
v 416.818237 1552.000000 177.783981
v 417.513245 1552.000000 176.169052
v 418.405182 1552.000000 174.653976
v 419.479980 1552.000000 173.262619
v 420.720673 1552.000000 172.016953
v 422.107727 1552.000000 170.936615
v 423.619232 1552.000000 170.038620
v 425.231384 1552.000000 169.337173
v 426.918701 1552.000000 168.843292
v 428.654663 1552.000000 168.564789
v 430.411804 1552.000000 168.506058
v 432.162476 1552.000000 168.668015
v 433.879028 1552.000000 169.048111
v 435.534393 1552.000000 169.640350
v 437.102509 1552.000000 170.435410
v 438.558594 1552.000000 171.420715
v 439.879700 1552.000000 172.580750
v 441.045013 1552.000000 173.897232
v 442.036133 1552.000000 175.349365
v 442.837433 1552.000000 176.914276
v 443.436279 1552.000000 178.567276
v 443.823242 1552.000000 180.282303
v 443.992188 1552.000000 182.032303
v 443.940460 1552.000000 183.789673
v 416.199982 1552.000000 176.621246
v 415.582153 1552.000000 178.361664
v 415.182892 1552.000000 180.164825
v 415.008209 1552.000000 182.003372
v 415.060822 1552.000000 183.849442
v 415.339874 1552.000000 185.675064
v 415.841187 1552.000000 187.452560
v 416.557098 1552.000000 189.154968
v 417.476807 1552.000000 190.756500
v 418.586365 1552.000000 192.232880
v 419.868927 1552.000000 193.561707
v 421.305084 1552.000000 194.722855
v 422.873016 1552.000000 195.698715
v 424.549011 1552.000000 196.474503
v 426.307617 1552.000000 197.038452
v 428.122223 1552.000000 197.382004
v 429.965271 1552.000000 197.499954
v 431.808868 1552.000000 197.390533
v 433.625031 1552.000000 197.055389
v 435.386230 1552.000000 196.499588
v 437.065796 1552.000000 195.731567
v 438.638245 1552.000000 194.762985
v 440.079742 1552.000000 193.608490
v 441.368439 1552.000000 192.285614
v 442.484833 1552.000000 190.814392
v 443.411926 1552.000000 189.217148
v 444.135742 1552.000000 187.518051
v 444.645264 1552.000000 185.742905
v 444.932770 1552.000000 183.918594
v 444.993927 1552.000000 182.072784
v 444.827759 1552.000000 180.233444
v 444.436859 1552.000000 178.428467
v 443.827087 1552.000000 176.685211
v 443.007721 1552.000000 175.030090
v 441.991150 1552.000000 173.488220
v 440.792816 1552.000000 172.082947
v 439.430878 1552.000000 170.835587
v 437.925995 1552.000000 169.765060
v 436.300934 1552.000000 168.887573
v 434.580353 1552.000000 168.216431
v 432.790375 1552.000000 167.761826
v 430.958069 1552.000000 167.530624
v 429.111237 1552.000000 167.526352
v 427.277893 1552.000000 167.749069
v 425.485809 1552.000000 168.195389
v 423.762146 1552.000000 168.858551
v 422.133057 1552.000000 169.728500
v 420.623230 1552.000000 170.792053
v 419.255524 1552.000000 172.033096
v 418.050690 1552.000000 173.432800
v 417.027008 1552.000000 174.969955
v 444.645264 1537.500000 185.742905
v 444.135742 1537.500000 187.518051
v 443.411926 1537.500000 189.217148
v 442.484833 1537.500000 190.814392
v 441.368439 1537.500000 192.285614
v 440.079742 1537.500000 193.608490
v 438.638245 1537.500000 194.762985
v 437.065796 1537.500000 195.731567
v 435.386230 1537.500000 196.499588
v 433.625031 1537.500000 197.055389
v 431.808868 1537.500000 197.390533
v 429.965271 1537.500000 197.499954
v 428.122223 1537.500000 197.382004
v 426.307617 1537.500000 197.038452
v 424.549011 1537.500000 196.474503
v 422.873016 1537.500000 195.698715
v 421.305084 1537.500000 194.722855
v 419.868927 1537.500000 193.561707
v 418.586365 1537.500000 192.232880
v 417.476807 1537.500000 190.756500
v 416.557098 1537.500000 189.154968
v 415.841187 1537.500000 187.452560
v 415.339874 1537.500000 185.675064
v 415.060822 1537.500000 183.849442
v 415.008209 1537.500000 182.003372
v 415.182892 1537.500000 180.164825
v 415.582153 1537.500000 178.361664
v 416.199982 1537.500000 176.621246
v 417.027008 1537.500000 174.969955
v 418.050690 1537.500000 173.432800
v 419.255524 1537.500000 172.033096
v 420.623230 1537.500000 170.792053
v 422.133057 1537.500000 169.728500
v 423.762146 1537.500000 168.858551
v 425.485809 1537.500000 168.195389
v 427.277893 1537.500000 167.749069
v 429.111237 1537.500000 167.526352
v 430.958069 1537.500000 167.530624
v 432.790375 1537.500000 167.761826
v 434.580353 1537.500000 168.216431
v 436.300934 1537.500000 168.887573
v 437.925995 1537.500000 169.765060
v 439.430878 1537.500000 170.835587
v 440.792816 1537.500000 172.082947
v 441.991150 1537.500000 173.488220
v 443.007721 1537.500000 175.030090
v 443.827087 1537.500000 176.685211
v 444.436859 1537.500000 178.428467
v 444.827759 1537.500000 180.233444
v 444.993927 1537.500000 182.072784
v 444.932770 1537.500000 183.918594
v 440.426971 1537.500000 175.605911
v 441.252808 1537.500000 177.057190
v 441.877869 1537.500000 178.605606
v 442.290955 1537.500000 180.223526
v 442.484711 1537.500000 181.882065
v 442.455688 1537.500000 183.551620
v 442.204376 1537.500000 185.202423
v 441.735291 1537.500000 186.804993
v 441.056793 1537.500000 188.330750
v 440.180969 1537.500000 189.752441
v 439.123474 1537.500000 191.044724
v 437.903168 1537.500000 192.184525
v 422.761353 1537.500000 172.309235
v 424.184235 1537.500000 171.435333
v 425.710876 1537.500000 170.758896
v 427.314087 1537.500000 170.291977
v 428.965240 1537.500000 170.042908
v 430.634827 1537.500000 170.016129
v 432.293091 1537.500000 170.212128
v 433.910461 1537.500000 170.627411
v 435.458038 1537.500000 171.254562
v 436.908203 1537.500000 172.082382
v 438.235077 1537.500000 173.096100
v 439.415039 1537.500000 174.277634
v 420.056793 1537.500000 190.075150
v 419.135864 1537.500000 188.682251
v 418.408783 1537.500000 187.179047
v 417.888550 1537.500000 185.592331
v 417.584442 1537.500000 183.950439
v 417.501892 1537.500000 182.282669
v 417.642365 1537.500000 180.618774
v 418.003387 1537.500000 178.988449
v 418.578461 1537.500000 177.420792
v 419.357361 1537.500000 175.943771
v 420.326172 1537.500000 174.583740
v 421.467621 1537.500000 173.364975
v 436.541840 1537.500000 193.151505
v 435.063751 1537.500000 193.928406
v 433.495300 1537.500000 194.501373
v 431.864502 1537.500000 194.860168
v 430.200409 1537.500000 194.998398
v 428.532745 1537.500000 194.913589
v 426.891266 1537.500000 194.607269
v 425.305267 1537.500000 194.084885
v 423.803040 1537.500000 193.355774
v 422.411407 1537.500000 192.432938
v 421.155182 1537.500000 191.332855
v 442.204376 1518.199951 185.202423
v 441.735291 1518.199951 186.804993
v 441.056793 1518.199951 188.330750
v 440.180969 1518.199951 189.752441
v 439.123474 1518.199951 191.044724
v 437.903168 1518.199951 192.184525
v 436.541840 1518.199951 193.151505
v 435.063751 1518.199951 193.928406
v 433.495300 1518.199951 194.501373
v 431.864502 1518.199951 194.860168
v 430.200409 1518.199951 194.998398
v 428.532745 1518.199951 194.913589
v 426.891266 1518.199951 194.607269
v 425.305267 1518.199951 194.084885
v 423.803040 1518.199951 193.355774
v 422.411407 1518.199951 192.432938
v 421.155182 1518.199951 191.332855
v 420.056793 1518.199951 190.075150
v 419.135864 1518.199951 188.682251
v 418.408783 1518.199951 187.179047
v 417.888550 1518.199951 185.592331
v 417.584442 1518.199951 183.950439
v 417.501892 1518.199951 182.282669
v 417.642365 1518.199951 180.618774
v 418.003387 1518.199951 178.988449
v 418.578461 1518.199951 177.420792
v 419.357361 1518.199951 175.943771
v 420.326172 1518.199951 174.583740
v 421.467621 1518.199951 173.364975
v 422.761353 1518.199951 172.309235
v 424.184235 1518.199951 171.435333
v 425.710876 1518.199951 170.758896
v 427.314087 1518.199951 170.291977
v 428.965240 1518.199951 170.042908
v 430.634827 1518.199951 170.016129
v 432.293091 1518.199951 170.212128
v 433.910461 1518.199951 170.627411
v 435.458038 1518.199951 171.254562
v 436.908203 1518.199951 172.082382
v 438.235077 1518.199951 173.096100
v 439.415039 1518.199951 174.277634
v 440.426971 1518.199951 175.605911
v 441.252808 1518.199951 177.057190
v 441.877869 1518.199951 178.605606
v 442.290955 1518.199951 180.223526
v 442.484711 1518.199951 181.882065
v 442.455688 1518.199951 183.551620
v 425.054901 1518.199951 174.742050
v 426.329376 1518.199951 174.063965
v 427.694275 1518.199951 173.593628
v 429.115906 1518.199951 173.342575
v 430.559326 1518.199951 173.317017
v 431.988983 1518.199951 173.517578
v 433.369659 1518.199951 173.939316
v 434.667358 1518.199951 174.571838
v 435.850128 1518.199951 175.399582
v 436.888855 1518.199951 176.402161
v 437.757965 1518.199951 177.554886
v 438.436035 1518.199951 178.829391
v 438.906372 1518.199951 180.194260
v 420.817017 1518.199951 181.940659
v 421.017578 1518.199951 180.511017
v 421.439301 1518.199951 179.130341
v 422.071838 1518.199951 177.832642
v 422.899567 1518.199951 176.649872
v 423.902161 1518.199951 175.611145
v 439.157410 1518.199951 181.615906
v 439.182983 1518.199951 183.059341
v 438.982422 1518.199951 184.488983
v 438.560699 1518.199951 185.869659
v 437.928162 1518.199951 187.167358
v 430.884094 1518.199951 191.657425
v 429.440674 1518.199951 191.682983
v 428.011017 1518.199951 191.482422
v 426.630341 1518.199951 191.060684
v 425.332642 1518.199951 190.428162
v 424.149872 1518.199951 189.600418
v 423.111145 1518.199951 188.597839
v 437.100433 1518.199951 188.350128
v 436.097839 1518.199951 189.388855
v 434.945099 1518.199951 190.257950
v 433.670624 1518.199951 190.936035
v 432.305725 1518.199951 191.406372
v 422.242035 1518.199951 187.445114
v 421.563965 1518.199951 186.170609
v 421.093628 1518.199951 184.805740
v 420.842590 1518.199951 183.384094
v 438.560699 1542.933350 185.869659
v 438.899658 1542.933350 184.831573
v 438.439423 1542.933350 186.162781
v 437.928162 1542.933350 187.167358
v 437.781403 1542.933350 187.408127
v 437.100433 1542.933350 188.350128
v 436.940979 1542.933350 188.538422
v 436.097839 1542.933350 189.388855
v 435.937897 1542.933350 189.527191
v 434.945099 1542.933350 190.257950
v 434.795593 1542.933350 190.351257
v 433.670624 1542.933350 190.936035
v 433.540924 1542.933350 190.991287
v 432.305725 1542.933350 191.406372
v 432.203217 1542.933350 191.432297
v 430.884094 1542.933350 191.657425
v 430.813904 1542.933350 191.663925
v 429.440674 1542.933350 191.682983
v 429.405487 1542.933350 191.680771
v 428.011017 1542.933350 191.482422
v 426.663177 1542.933350 191.073532
v 426.630341 1542.933350 191.060684
v 425.332642 1542.933350 190.428162
v 425.393524 1542.933350 190.463699
v 423.205383 1542.933350 188.702682
v 424.149872 1542.933350 189.600418
v 424.231873 1542.933350 189.667191
v 422.338196 1542.933350 187.592804
v 423.111145 1542.933350 188.597839
v 421.650574 1542.933350 186.363556
v 422.242035 1542.933350 187.445114
v 421.158661 1542.933350 185.043732
v 421.563965 1542.933350 186.170609
v 420.873962 1542.933350 183.664307
v 421.093628 1542.933350 184.805740
v 420.803192 1542.933350 182.257568
v 420.842590 1542.933350 183.384094
v 420.947998 1542.933350 180.856522
v 420.817017 1542.933350 181.940659
v 421.304932 1542.933350 179.494003
v 421.017578 1542.933350 180.511017
v 421.865723 1542.933350 178.201935
v 421.439301 1542.933350 179.130341
v 422.617126 1542.933350 177.010620
v 422.071838 1542.933350 177.832642
v 423.541595 1542.933350 175.947968
v 422.899567 1542.933350 176.649872
v 424.617462 1542.933350 175.038879
v 423.902161 1542.933350 175.611145
v 425.819489 1542.933350 174.304688
v 425.054901 1542.933350 174.742050
v 427.119476 1542.933350 173.762573
v 426.329376 1542.933350 174.063965
v 428.487000 1542.933350 173.425262
v 427.694275 1542.933350 173.593628
v 429.889984 1542.933350 173.300659
v 429.115906 1542.933350 173.342575
v 431.295563 1542.933350 173.391678
v 430.559326 1542.933350 173.317017
v 432.670746 1542.933350 173.696182
v 431.988983 1542.933350 173.517578
v 433.983337 1542.933350 174.207047
v 433.369659 1542.933350 173.939316
v 435.202576 1542.933350 174.912292
v 434.667358 1542.933350 174.571838
v 436.299866 1542.933350 175.795395
v 435.850128 1542.933350 175.399582
v 437.249481 1542.933350 176.835632
v 436.888855 1542.933350 176.402161
v 438.029175 1542.933350 178.008636
v 437.757965 1542.933350 177.554886
v 438.620697 1542.933350 179.286926
v 438.436035 1542.933350 178.829391
v 439.010132 1542.933350 180.640533
v 438.906372 1542.933350 180.194260
v 439.188385 1542.933350 182.037704
v 439.157410 1542.933350 181.615906
v 438.982422 1542.933350 184.488983
v 439.151276 1542.933350 183.445724
v 439.182983 1542.933350 183.059341
v 418.170715 1552.000000 190.080933
v 416.951233 1552.000000 189.897934
v 417.420410 1552.000000 188.757523
v 416.249420 1552.000000 188.493439
v 416.817596 1552.000000 187.360748
v 415.698242 1552.000000 187.023270
v 416.369354 1552.000000 185.906998
v 415.303802 1552.000000 185.503555
v 416.080872 1552.000000 184.413284
v 415.070343 1552.000000 183.950928
v 415.955627 1552.000000 182.897141
v 415.000458 1552.000000 182.382401
v 415.994995 1552.000000 181.376358
v 415.094910 1552.000000 180.815170
v 416.198578 1552.000000 179.868729
v 415.352692 1552.000000 179.266388
v 416.563995 1552.000000 178.391968
v 415.770935 1552.000000 177.753052
v 417.086914 1552.000000 176.963364
v 416.345062 1552.000000 176.291702
v 417.761230 1552.000000 175.599655
v 417.068817 1552.000000 174.898392
v 418.579010 1552.000000 174.316864
v 417.934235 1552.000000 173.588364
v 419.530731 1552.000000 173.130005
v 418.931854 1552.000000 172.375961
v 420.605164 1552.000000 172.053009
v 420.050751 1552.000000 171.274490
v 421.789764 1552.000000 171.098495
v 421.278625 1552.000000 170.296005
v 423.070618 1552.000000 170.277649
v 422.602081 1552.000000 169.451218
v 424.432709 1552.000000 169.600098
v 424.006561 1552.000000 168.749405
v 425.860046 1552.000000 169.073776
v 425.476715 1552.000000 168.198257
v 427.335968 1552.000000 168.704880
v 426.996460 1552.000000 167.803787
v 428.843079 1552.000000 168.497711
v 428.549072 1552.000000 167.570343
v 430.363770 1552.000000 168.454712
v 430.117584 1552.000000 167.500458
v 431.880219 1552.000000 168.576370
v 431.684814 1552.000000 167.594925
v 433.374603 1552.000000 168.861282
v 433.233612 1552.000000 167.852692
v 434.829407 1552.000000 169.306091
v 434.746948 1552.000000 168.270935
v 436.227631 1552.000000 169.905594
v 436.208282 1552.000000 168.845062
v 437.552826 1552.000000 170.652740
v 437.601624 1552.000000 169.568817
v 438.789459 1552.000000 171.538788
v 438.911652 1552.000000 170.434235
v 439.923035 1552.000000 172.553360
v 440.124054 1552.000000 171.431854
v 440.940308 1552.000000 173.684540
v 441.225525 1552.000000 172.550735
v 441.829285 1552.000000 174.919067
v 442.204010 1552.000000 173.778625
v 442.579590 1552.000000 176.242477
v 443.048767 1552.000000 175.102066
v 443.750580 1552.000000 176.506561
v 443.182404 1552.000000 177.639252
v 444.301758 1552.000000 177.976730
v 443.630646 1552.000000 179.093002
v 444.696198 1552.000000 179.496445
v 443.919128 1552.000000 180.586716
v 444.929657 1552.000000 181.049072
v 444.044373 1552.000000 182.102859
v 444.999542 1552.000000 182.617599
v 444.005005 1552.000000 183.623642
v 444.905090 1552.000000 184.184830
v 443.801422 1552.000000 185.131271
v 444.647308 1552.000000 185.733612
v 443.436005 1552.000000 186.608032
v 444.229065 1552.000000 187.246948
v 442.913086 1552.000000 188.036636
v 443.654938 1552.000000 188.708298
v 442.238770 1552.000000 189.400345
v 442.931183 1552.000000 190.101608
v 441.420990 1552.000000 190.683136
v 442.065765 1552.000000 191.411636
v 440.469269 1552.000000 191.869995
v 441.068146 1552.000000 192.624039
v 439.394836 1552.000000 192.946991
v 439.949249 1552.000000 193.725510
v 438.210236 1552.000000 193.901505
v 438.721375 1552.000000 194.703995
v 436.929382 1552.000000 194.722351
v 437.397919 1552.000000 195.548782
v 435.567291 1552.000000 195.399902
v 435.993439 1552.000000 196.250595
v 434.139954 1552.000000 195.926224
v 434.523285 1552.000000 196.801743
v 432.664032 1552.000000 196.295120
v 433.003540 1552.000000 197.196213
v 431.156921 1552.000000 196.502289
v 431.450928 1552.000000 197.429657
v 429.636230 1552.000000 196.545288
v 429.882416 1552.000000 197.499542
v 428.119781 1552.000000 196.423630
v 428.315186 1552.000000 197.405075
v 426.625397 1552.000000 196.138718
v 426.766388 1552.000000 197.147308
v 425.170593 1552.000000 195.693909
v 425.253052 1552.000000 196.729065
v 423.772369 1552.000000 195.094406
v 423.791718 1552.000000 196.154938
v 422.447174 1552.000000 194.347260
v 422.398376 1552.000000 195.431183
v 421.210541 1552.000000 193.461212
v 421.088348 1552.000000 194.565765
v 420.076965 1552.000000 192.446640
v 419.875946 1552.000000 193.568146
v 419.059692 1552.000000 191.315460
v 418.774475 1552.000000 192.449265
v 417.795990 1552.000000 191.221375
v 436.929382 1559.000000 194.722351
v 435.567291 1559.000000 195.399902
v 434.139954 1559.000000 195.926224
v 432.664032 1559.000000 196.295120
v 431.156921 1559.000000 196.502289
v 429.636230 1559.000000 196.545288
v 428.119781 1559.000000 196.423630
v 426.625397 1559.000000 196.138718
v 425.170593 1559.000000 195.693909
v 423.772369 1559.000000 195.094406
v 422.447174 1559.000000 194.347260
v 421.210541 1559.000000 193.461212
v 420.076965 1559.000000 192.446640
v 419.059692 1559.000000 191.315460
v 418.170715 1559.000000 190.080933
v 417.420410 1559.000000 188.757523
v 416.817596 1559.000000 187.360748
v 416.369354 1559.000000 185.906998
v 416.080872 1559.000000 184.413284
v 415.955627 1559.000000 182.897141
v 415.994995 1559.000000 181.376358
v 416.198578 1559.000000 179.868729
v 416.563995 1559.000000 178.391968
v 417.086914 1559.000000 176.963364
v 417.761230 1559.000000 175.599655
v 418.579010 1559.000000 174.316864
v 419.530731 1559.000000 173.130005
v 420.605164 1559.000000 172.053009
v 421.789764 1559.000000 171.098495
v 423.070618 1559.000000 170.277649
v 424.432709 1559.000000 169.600098
v 425.860046 1559.000000 169.073776
v 427.335968 1559.000000 168.704880
v 428.843079 1559.000000 168.497711
v 430.363770 1559.000000 168.454712
v 431.880219 1559.000000 168.576370
v 433.374603 1559.000000 168.861282
v 434.829407 1559.000000 169.306091
v 436.227631 1559.000000 169.905594
v 437.552826 1559.000000 170.652740
v 438.789459 1559.000000 171.538788
v 439.923035 1559.000000 172.553360
v 440.940308 1559.000000 173.684540
v 441.829285 1559.000000 174.919067
v 442.579590 1559.000000 176.242477
v 443.182404 1559.000000 177.639252
v 443.630646 1559.000000 179.093002
v 443.919128 1559.000000 180.586716
v 444.044373 1559.000000 182.102859
v 444.005005 1559.000000 183.623642
v 443.801422 1559.000000 185.131271
v 443.436005 1559.000000 186.608032
v 442.913086 1559.000000 188.036636
v 442.238770 1559.000000 189.400345
v 441.420990 1559.000000 190.683136
v 440.469269 1559.000000 191.869995
v 439.394836 1559.000000 192.946991
v 438.210236 1559.000000 193.901505
v 443.048767 1559.000000 175.102066
v 442.204010 1559.000000 173.778625
v 441.225525 1559.000000 172.550735
v 440.124054 1559.000000 171.431854
v 438.911652 1559.000000 170.434235
v 437.601624 1559.000000 169.568817
v 436.208282 1559.000000 168.845062
v 434.746948 1559.000000 168.270935
v 433.233612 1559.000000 167.852692
v 431.684814 1559.000000 167.594925
v 430.117584 1559.000000 167.500458
v 428.549072 1559.000000 167.570343
v 426.996460 1559.000000 167.803787
v 425.476715 1559.000000 168.198257
v 424.006561 1559.000000 168.749405
v 422.602081 1559.000000 169.451218
v 421.278625 1559.000000 170.296005
v 420.050751 1559.000000 171.274490
v 418.931854 1559.000000 172.375961
v 417.934235 1559.000000 173.588364
v 417.068817 1559.000000 174.898392
v 416.345062 1559.000000 176.291702
v 415.770935 1559.000000 177.753052
v 415.352692 1559.000000 179.266388
v 415.094910 1559.000000 180.815170
v 415.000458 1559.000000 182.382401
v 415.070343 1559.000000 183.950928
v 415.303802 1559.000000 185.503555
v 415.698242 1559.000000 187.023270
v 416.249420 1559.000000 188.493439
v 416.951233 1559.000000 189.897934
v 417.795990 1559.000000 191.221375
v 418.774475 1559.000000 192.449265
v 419.875946 1559.000000 193.568146
v 421.088348 1559.000000 194.565765
v 422.398376 1559.000000 195.431183
v 423.791718 1559.000000 196.154938
v 425.253052 1559.000000 196.729065
v 426.766388 1559.000000 197.147308
v 428.315186 1559.000000 197.405075
v 429.882416 1559.000000 197.499542
v 431.450928 1559.000000 197.429657
v 433.003540 1559.000000 197.196213
v 434.523285 1559.000000 196.801743
v 435.993439 1559.000000 196.250595
v 437.397919 1559.000000 195.548782
v 438.721375 1559.000000 194.703995
v 439.949249 1559.000000 193.725510
v 441.068146 1559.000000 192.624039
v 442.065765 1559.000000 191.411636
v 442.931183 1559.000000 190.101608
v 443.654938 1559.000000 188.708298
v 444.229065 1559.000000 187.246948
v 444.647308 1559.000000 185.733612
v 444.905090 1559.000000 184.184830
v 444.999542 1559.000000 182.617599
v 444.929657 1559.000000 181.049072
v 444.696198 1559.000000 179.496445
v 444.301758 1559.000000 177.976730
v 443.750580 1559.000000 176.506561
v 435.070831 1575.000000 188.880356
v 437.169708 1575.000000 190.375137
v 435.892395 1575.000000 188.130463
v 438.050812 1575.000000 189.471878
v 436.604218 1575.000000 187.275665
v 438.818878 1575.000000 188.470749
v 437.192993 1575.000000 186.331909
v 439.463165 1575.000000 187.385803
v 437.647766 1575.000000 185.316772
v 439.974609 1575.000000 186.232285
v 437.960083 1575.000000 184.249176
v 440.346008 1575.000000 185.026352
v 438.124115 1575.000000 183.148987
v 440.572205 1575.000000 183.784973
v 438.136810 1575.000000 182.036697
v 427.711700 1575.000000 190.322159
v 427.781342 1575.000000 192.916336
v 428.798126 1575.000000 190.560898
v 429.028900 1575.000000 193.105637
v 429.906952 1575.000000 190.649475
v 430.290070 1575.000000 193.146042
v 431.017487 1575.000000 190.586243
v 431.547180 1575.000000 193.037018
v 432.109100 1575.000000 190.372375
v 432.782562 1575.000000 192.780075
v 433.161407 1575.000000 190.011856
v 433.978882 1575.000000 192.378815
v 434.154816 1575.000000 189.511414
v 435.119354 1575.000000 191.838882
v 436.187958 1575.000000 191.167847
v 440.649963 1575.000000 182.525543
v 440.578247 1575.000000 181.265762
v 437.997955 1575.000000 180.933060
v 440.358002 1575.000000 180.023300
v 437.710083 1575.000000 179.858597
v 439.992371 1575.000000 178.815613
v 437.278595 1575.000000 178.833344
v 439.486481 1575.000000 177.659637
v 436.711548 1575.000000 177.876389
v 438.847412 1575.000000 176.571609
v 436.019440 1575.000000 177.005569
v 438.084137 1575.000000 175.566818
v 435.215210 1575.000000 176.237091
v 422.721405 1575.000000 186.166656
v 420.816925 1575.000000 187.893845
v 423.288452 1575.000000 187.123611
v 421.519318 1575.000000 188.942108
v 423.980560 1575.000000 187.994431
v 422.340790 1575.000000 189.899918
v 424.784790 1575.000000 188.762909
v 423.269745 1575.000000 190.753860
v 425.686157 1575.000000 189.414719
v 424.293213 1575.000000 191.491943
v 426.667877 1575.000000 189.937714
v 425.396759 1575.000000 192.103790
v 426.564941 1575.000000 192.580811
v 422.807007 1575.000000 178.668091
v 420.264008 1575.000000 178.183380
v 422.352234 1575.000000 179.683228
v 419.821808 1575.000000 179.365173
v 422.039917 1575.000000 180.750824
v 419.522491 1575.000000 180.590988
v 421.875885 1575.000000 181.851013
v 419.370239 1575.000000 181.843597
v 421.863190 1575.000000 182.963303
v 419.367218 1575.000000 183.105423
v 422.002045 1575.000000 184.066940
v 419.513458 1575.000000 184.358734
v 422.289917 1575.000000 185.141403
v 419.806885 1575.000000 185.585968
v 420.243439 1575.000000 186.769882
v 427.890900 1575.000000 174.627625
v 426.613342 1575.000000 172.402817
v 426.838593 1575.000000 174.988144
v 425.442871 1575.000000 172.874252
v 425.845184 1575.000000 175.488586
v 424.336395 1575.000000 173.480789
v 424.929169 1575.000000 176.119644
v 423.309418 1575.000000 174.213959
v 424.107605 1575.000000 176.869537
v 422.376373 1575.000000 175.063431
v 423.395782 1575.000000 177.724335
v 421.550323 1575.000000 176.017303
v 420.842896 1575.000000 177.062164
v 437.207397 1575.000000 174.659332
v 436.229462 1575.000000 173.861923
v 434.313843 1575.000000 175.585281
v 435.164093 1575.000000 173.185776
v 433.332123 1575.000000 175.062286
v 434.026215 1575.000000 172.640381
v 432.288300 1575.000000 174.677841
v 432.831818 1575.000000 172.233398
v 431.201874 1575.000000 174.439102
v 431.597687 1575.000000 171.970520
v 430.093048 1575.000000 174.350525
v 430.341125 1575.000000 171.855469
v 428.982513 1575.000000 174.413757
v 429.079773 1575.000000 171.889832
v 427.831329 1575.000000 172.073135
v 440.632782 1563.000000 181.894577
v 440.649963 1563.000000 182.525543
v 440.649963 1550.000000 182.525543
v 440.572205 1563.000000 183.784973
v 440.572205 1550.000000 183.784973
v 440.346008 1563.000000 185.026352
v 440.346008 1550.000000 185.026352
v 439.974609 1563.000000 186.232285
v 439.974609 1550.000000 186.232285
v 439.463165 1563.000000 187.385803
v 439.463165 1550.000000 187.385803
v 438.818878 1563.000000 188.470749
v 438.818878 1550.000000 188.470749
v 438.050812 1563.000000 189.471878
v 438.050812 1550.000000 189.471878
v 437.169708 1563.000000 190.375137
v 437.169708 1550.000000 190.375137
v 436.187958 1563.000000 191.167847
v 436.187958 1550.000000 191.167847
v 435.119354 1563.000000 191.838882
v 435.119354 1550.000000 191.838882
v 433.978882 1563.000000 192.378815
v 433.978882 1550.000000 192.378815
v 432.782562 1563.000000 192.780075
v 432.782562 1550.000000 192.780075
v 431.547180 1563.000000 193.037018
v 431.547180 1550.000000 193.037018
v 430.290070 1563.000000 193.146042
v 430.290070 1550.000000 193.146042
v 429.028900 1563.000000 193.105637
v 429.028900 1550.000000 193.105637
v 427.781342 1563.000000 192.916336
v 427.781342 1550.000000 192.916336
v 426.564941 1563.000000 192.580811
v 426.564941 1550.000000 192.580811
v 425.396759 1563.000000 192.103790
v 425.396759 1550.000000 192.103790
v 424.293213 1563.000000 191.491943
v 424.293213 1550.000000 191.491943
v 423.269745 1563.000000 190.753860
v 423.269745 1550.000000 190.753860
v 422.340790 1563.000000 189.899918
v 422.340790 1550.000000 189.899918
v 421.519318 1563.000000 188.942108
v 421.519318 1550.000000 188.942108
v 420.816925 1563.000000 187.893845
v 420.816925 1550.000000 187.893845
v 420.243439 1563.000000 186.769882
v 420.243439 1550.000000 186.769882
v 419.806885 1563.000000 185.585968
v 419.806885 1550.000000 185.585968
v 419.513458 1563.000000 184.358734
v 419.513458 1550.000000 184.358734
v 419.367218 1563.000000 183.105423
v 419.367218 1550.000000 183.105423
v 419.370239 1563.000000 181.843597
v 419.370239 1550.000000 181.843597
v 419.522491 1563.000000 180.590988
v 419.522491 1550.000000 180.590988
v 419.821808 1563.000000 179.365173
v 419.821808 1550.000000 179.365173
v 420.264008 1563.000000 178.183380
v 420.264008 1550.000000 178.183380
v 420.842896 1563.000000 177.062164
v 420.842896 1550.000000 177.062164
v 421.550323 1563.000000 176.017303
v 421.550323 1550.000000 176.017303
v 422.376373 1563.000000 175.063431
v 422.376373 1550.000000 175.063431
v 423.309418 1563.000000 174.213959
v 423.309418 1550.000000 174.213959
v 424.336395 1563.000000 173.480789
v 424.336395 1550.000000 173.480789
v 425.442871 1563.000000 172.874252
v 425.442871 1550.000000 172.874252
v 426.613342 1563.000000 172.402817
v 426.613342 1550.000000 172.402817
v 427.831329 1563.000000 172.073135
v 427.831329 1550.000000 172.073135
v 429.079773 1563.000000 171.889832
v 429.079773 1550.000000 171.889832
v 430.341125 1563.000000 171.855469
v 430.341125 1550.000000 171.855469
v 431.597687 1563.000000 171.970520
v 431.597687 1550.000000 171.970520
v 432.831818 1563.000000 172.233398
v 432.831818 1550.000000 172.233398
v 434.026215 1563.000000 172.640381
v 434.026215 1550.000000 172.640381
v 435.164093 1563.000000 173.185776
v 435.164093 1550.000000 173.185776
v 436.229462 1563.000000 173.861923
v 436.229462 1550.000000 173.861923
v 437.207397 1563.000000 174.659332
v 437.207397 1550.000000 174.659332
v 438.084137 1563.000000 175.566818
v 438.084137 1550.000000 175.566818
v 438.847412 1563.000000 176.571609
v 438.847412 1550.000000 176.571609
v 439.486481 1563.000000 177.659637
v 439.486481 1550.000000 177.659637
v 439.992371 1563.000000 178.815613
v 439.992371 1550.000000 178.815613
v 440.358002 1563.000000 180.023300
v 440.358002 1550.000000 180.023300
v 440.578247 1563.000000 181.265762
v 440.578247 1550.000000 181.265762
v 428.798126 1550.000000 190.560898
v 427.711700 1550.000000 190.322159
v 426.667877 1550.000000 189.937714
v 425.686157 1550.000000 189.414719
v 424.784790 1550.000000 188.762909
v 423.980560 1550.000000 187.994431
v 423.288452 1550.000000 187.123611
v 435.892395 1550.000000 188.130463
v 435.070831 1550.000000 188.880356
v 434.154816 1550.000000 189.511414
v 433.161407 1550.000000 190.011856
v 432.109100 1550.000000 190.372375
v 431.017487 1550.000000 190.586243
v 429.906952 1550.000000 190.649475
v 437.997955 1550.000000 180.933060
v 438.136810 1550.000000 182.036697
v 438.124115 1550.000000 183.148987
v 437.960083 1550.000000 184.249176
v 437.647766 1550.000000 185.316772
v 437.192993 1550.000000 186.331909
v 436.604218 1550.000000 187.275665
v 422.721405 1550.000000 186.166656
v 422.289917 1550.000000 185.141403
v 422.002045 1550.000000 184.066940
v 421.863190 1550.000000 182.963303
v 421.875885 1550.000000 181.851013
v 422.039917 1550.000000 180.750824
v 422.352234 1550.000000 179.683228
v 434.313843 1550.000000 175.585281
v 435.215210 1550.000000 176.237091
v 436.019440 1550.000000 177.005569
v 436.711548 1550.000000 177.876389
v 437.278595 1550.000000 178.833344
v 437.710083 1550.000000 179.858597
v 422.807007 1550.000000 178.668091
v 423.395782 1550.000000 177.724335
v 424.107605 1550.000000 176.869537
v 424.929169 1550.000000 176.119644
v 425.845184 1550.000000 175.488586
v 426.838593 1550.000000 174.988144
v 427.890900 1550.000000 174.627625
v 428.982513 1550.000000 174.413757
v 430.093048 1550.000000 174.350525
v 431.201874 1550.000000 174.439102
v 432.288300 1550.000000 174.677841
v 433.332123 1550.000000 175.062286
v 417.500000 1451.400024 182.500000
v 417.507629 1504.599976 182.936249
v 417.568481 1504.599976 181.193390
v 417.568481 1451.400024 181.193390
v 417.871307 1504.599976 179.475983
v 417.871307 1451.400024 179.475983
v 418.410187 1504.599976 177.817413
v 418.410187 1451.400024 177.817413
v 419.174683 1504.599976 176.250000
v 419.174683 1451.400024 176.250000
v 420.149872 1504.599976 174.804230
v 420.149872 1451.400024 174.804230
v 421.316772 1504.599976 173.508255
v 421.316772 1451.400024 173.508255
v 422.652679 1504.599976 172.387283
v 422.652679 1451.400024 172.387283
v 424.131592 1504.599976 171.463150
v 424.131592 1451.400024 171.463150
v 425.724762 1504.599976 170.753845
v 425.724762 1451.400024 170.753845
v 427.401093 1504.599976 170.273148
v 427.401093 1451.400024 170.273148
v 429.128052 1504.599976 170.030457
v 429.128052 1451.400024 170.030457
v 430.871948 1504.599976 170.030457
v 430.871948 1451.400024 170.030457
v 432.598907 1504.599976 170.273148
v 432.598907 1451.400024 170.273148
v 434.275238 1504.599976 170.753845
v 434.275238 1451.400024 170.753845
v 435.868408 1504.599976 171.463150
v 435.868408 1451.400024 171.463150
v 437.347321 1504.599976 172.387283
v 437.347321 1451.400024 172.387283
v 438.683228 1504.599976 173.508255
v 438.683228 1451.400024 173.508255
v 439.850128 1504.599976 174.804230
v 439.850128 1451.400024 174.804230
v 440.825317 1504.599976 176.250000
v 440.825317 1451.400024 176.250000
v 441.589813 1504.599976 177.817413
v 441.589813 1451.400024 177.817413
v 442.128693 1504.599976 179.475983
v 442.128693 1451.400024 179.475983
v 442.431519 1504.599976 181.193390
v 442.431519 1451.400024 181.193390
v 442.500000 1504.599976 182.500000
v 442.492371 1451.400024 182.936249
v 417.507629 1451.400024 182.936249
v 417.689911 1451.400024 184.670609
v 417.689911 1504.599976 184.670609
v 418.111786 1451.400024 186.362717
v 418.111786 1504.599976 186.362717
v 418.765076 1451.400024 187.979645
v 418.765076 1504.599976 187.979645
v 419.637024 1451.400024 189.489914
v 419.637024 1504.599976 189.489914
v 420.710693 1451.400024 190.864136
v 420.710693 1504.599976 190.864136
v 421.965149 1451.400024 192.075562
v 421.965149 1504.599976 192.075562
v 423.376007 1451.400024 193.100601
v 423.376007 1504.599976 193.100601
v 424.915802 1451.400024 193.919312
v 424.915802 1504.599976 193.919312
v 426.554535 1451.400024 194.515778
v 426.554535 1504.599976 194.515778
v 428.260345 1451.400024 194.878357
v 428.260345 1504.599976 194.878357
v 430.000000 1451.400024 195.000000
v 430.000000 1504.599976 195.000000
v 431.739655 1451.400024 194.878357
v 431.739655 1504.599976 194.878357
v 433.445465 1451.400024 194.515778
v 433.445465 1504.599976 194.515778
v 435.084198 1451.400024 193.919312
v 435.084198 1504.599976 193.919312
v 436.623993 1451.400024 193.100601
v 436.623993 1504.599976 193.100601
v 438.034851 1451.400024 192.075562
v 438.034851 1504.599976 192.075562
v 439.289307 1451.400024 190.864136
v 439.289307 1504.599976 190.864136
v 440.362976 1451.400024 189.489914
v 440.362976 1504.599976 189.489914
v 441.234924 1451.400024 187.979645
v 441.234924 1504.599976 187.979645
v 441.888214 1451.400024 186.362717
v 441.888214 1504.599976 186.362717
v 442.310089 1451.400024 184.670609
v 442.310089 1504.599976 184.670609
v 442.492371 1504.599976 182.936249
v 430.000000 1451.400024 192.199997
v 430.000000 1504.599976 192.199997
v 431.517426 1451.400024 192.080582
v 431.517426 1504.599976 192.080582
v 432.997467 1451.400024 191.725250
v 432.997467 1504.599976 191.725250
v 434.403717 1451.400024 191.142761
v 434.403717 1504.599976 191.142761
v 435.701508 1451.400024 190.347458
v 435.701508 1504.599976 190.347458
v 436.858948 1451.400024 189.358932
v 436.858948 1504.599976 189.358932
v 437.847473 1451.400024 188.201523
v 437.847473 1504.599976 188.201523
v 438.642761 1451.400024 186.903702
v 438.642761 1504.599976 186.903702
v 439.225250 1451.400024 185.497467
v 439.225250 1504.599976 185.497467
v 439.580566 1451.400024 184.017410
v 439.580566 1504.599976 184.017410
v 439.700012 1451.400024 182.500000
v 439.700012 1504.599976 182.500000
v 439.580566 1451.400024 180.982590
v 439.580566 1504.599976 180.982590
v 439.225250 1451.400024 179.502533
v 439.225250 1504.599976 179.502533
v 438.642761 1451.400024 178.096298
v 438.642761 1504.599976 178.096298
v 437.847473 1451.400024 176.798477
v 437.847473 1504.599976 176.798477
v 436.858948 1451.400024 175.641068
v 436.858948 1504.599976 175.641068
v 435.701508 1451.400024 174.652542
v 435.701508 1504.599976 174.652542
v 434.403717 1451.400024 173.857239
v 434.403717 1504.599976 173.857239
v 432.997467 1451.400024 173.274750
v 432.997467 1504.599976 173.274750
v 431.517426 1451.400024 172.919418
v 431.517426 1504.599976 172.919418
v 430.000000 1451.400024 172.800003
v 430.000000 1504.599976 172.800003
v 428.482574 1451.400024 172.919418
v 428.482574 1504.599976 172.919418
v 427.002533 1451.400024 173.274750
v 427.002533 1504.599976 173.274750
v 425.596283 1451.400024 173.857239
v 425.596283 1504.599976 173.857239
v 424.298492 1451.400024 174.652542
v 424.298492 1504.599976 174.652542
v 423.141052 1451.400024 175.641068
v 423.141052 1504.599976 175.641068
v 422.152527 1451.400024 176.798477
v 422.152527 1504.599976 176.798477
v 421.357239 1451.400024 178.096298
v 421.357239 1504.599976 178.096298
v 420.774750 1451.400024 179.502533
v 420.774750 1504.599976 179.502533
v 420.419434 1451.400024 180.982590
v 420.419434 1504.599976 180.982590
v 420.299988 1451.400024 182.500000
v 420.299988 1504.599976 182.500000
v 420.419434 1451.400024 184.017410
v 420.419434 1504.599976 184.017410
v 420.774750 1451.400024 185.497467
v 420.774750 1504.599976 185.497467
v 421.357239 1451.400024 186.903702
v 421.357239 1504.599976 186.903702
v 422.152527 1451.400024 188.201523
v 422.152527 1504.599976 188.201523
v 423.141052 1451.400024 189.358932
v 423.141052 1504.599976 189.358932
v 424.298492 1451.400024 190.347458
v 424.298492 1504.599976 190.347458
v 425.596283 1451.400024 191.142761
v 425.596283 1504.599976 191.142761
v 427.002533 1451.400024 191.725250
v 427.002533 1504.599976 191.725250
v 428.482574 1451.400024 192.080582
v 428.482574 1504.599976 192.080582
vn -0.4800 0.7235 0.4961
vn -0.7323 0.3767 0.5674
vn -0.5457 0.7235 0.4228
vn -0.8056 0.3767 0.4574
vn -0.6003 0.7235 0.3408
vn -0.8625 0.3767 0.3381
vn -0.6427 0.7235 0.2519
vn -0.9018 0.3767 0.2119
vn -0.6720 0.7235 0.1579
vn -0.9228 0.3767 0.0814
vn -0.6876 0.7235 0.0606
vn -0.9250 0.3767 -0.0507
vn -0.6893 0.7235 -0.0378
vn -0.9083 0.3767 -0.1819
vn -0.6769 0.7235 -0.1355
vn -0.8732 0.3767 -0.3093
vn -0.6507 0.7235 -0.2305
vn -0.8203 0.3767 -0.4304
vn -0.6113 0.7235 -0.3208
vn -0.7507 0.3767 -0.5428
vn -0.5594 0.7235 -0.4045
vn -0.6658 0.3767 -0.6441
vn -0.4961 0.7235 -0.4799
vn -0.5674 0.3767 -0.7323
vn -0.4228 0.7235 -0.5457
vn -0.4574 0.3767 -0.8056
vn -0.3408 0.7235 -0.6003
vn -0.3381 0.3767 -0.8624
vn -0.2519 0.7235 -0.6427
vn -0.2119 0.3766 -0.9018
vn -0.1579 0.7235 -0.6720
vn -0.0814 0.3767 -0.9228
vn -0.0606 0.7235 -0.6876
vn 0.0508 0.3767 -0.9250
vn 0.0378 0.7235 -0.6893
vn 0.1819 0.3767 -0.9083
vn 0.1355 0.7235 -0.6769
vn 0.3093 0.3767 -0.8732
vn 0.2305 0.7235 -0.6507
vn 0.4304 0.3766 -0.8203
vn 0.3207 0.7235 -0.6113
vn 0.5428 0.3767 -0.7507
vn 0.4045 0.7235 -0.5594
vn 0.6441 0.3766 -0.6658
vn 0.4800 0.7235 -0.4961
vn 0.7323 0.3767 -0.5674
vn 0.5457 0.7235 -0.4228
vn 0.8056 0.3767 -0.4574
vn 0.6003 0.7235 -0.3408
vn 0.8625 0.3767 -0.3381
vn 0.6427 0.7235 -0.2519
vn 0.9018 0.3767 -0.2119
vn 0.6720 0.7235 -0.1579
vn 0.9228 0.3766 -0.0814
vn 0.6876 0.7235 -0.0607
vn 0.9250 0.3767 0.0507
vn 0.6893 0.7235 0.0378
vn 0.9083 0.3767 0.1819
vn 0.6769 0.7235 0.1355
vn 0.8732 0.3767 0.3093
vn 0.6507 0.7235 0.2305
vn 0.8203 0.3767 0.4304
vn 0.6113 0.7235 0.3207
vn 0.7507 0.3767 0.5428
vn 0.5594 0.7235 0.4045
vn 0.6658 0.3767 0.6441
vn 0.4961 0.7235 0.4799
vn 0.5674 0.3767 0.7323
vn 0.4228 0.7235 0.5457
vn 0.4574 0.3767 0.8056
vn 0.3408 0.7235 0.6003
vn 0.3381 0.3767 0.8624
vn 0.2519 0.7235 0.6427
vn 0.2119 0.3766 0.9018
vn 0.1579 0.7235 0.6720
vn 0.0814 0.3767 0.9228
vn 0.0607 0.7235 0.6876
vn -0.0508 0.3767 0.9250
vn -0.0378 0.7235 0.6893
vn -0.1819 0.3767 0.9083
vn -0.1355 0.7235 0.6769
vn -0.3093 0.3767 0.8732
vn -0.2305 0.7235 0.6507
vn -0.4304 0.3766 0.8203
vn -0.3207 0.7235 0.6113
vn -0.5428 0.3767 0.7507
vn -0.4045 0.7235 0.5594
vn -0.6441 0.3767 0.6658
vn -0.6807 0.7262 0.0963
vn 0.3868 0.9177 -0.0909
vn -0.6556 0.7262 0.2071
vn 0.3699 0.9177 -0.1450
vn -0.6126 0.7262 0.3121
vn 0.3455 0.9177 -0.1962
vn -0.5528 0.7262 0.4087
vn 0.3141 0.9177 -0.2433
vn -0.4780 0.7262 0.4941
vn 0.2763 0.9177 -0.2856
vn -0.3902 0.7262 0.5661
vn 0.2328 0.9177 -0.3220
vn -0.2917 0.7262 0.6225
vn 0.1846 0.9177 -0.3519
vn -0.1852 0.7262 0.6621
vn -0.4530 0.7262 -0.5172
vn 0.2856 0.9177 0.2763
vn -0.5319 0.7262 -0.4356
vn 0.3220 0.9177 0.2328
vn -0.5964 0.7262 -0.3421
vn 0.3518 0.9177 0.1846
vn -0.6445 0.7262 -0.2393
vn 0.3745 0.9177 0.1327
vn -0.6751 0.7262 -0.1300
vn 0.3896 0.9177 0.0780
vn -0.6873 0.7262 -0.0170
vn 0.3967 0.9177 0.0217
vn 0.3958 0.9177 -0.0349
vn 0.1852 0.7262 -0.6621
vn -0.0780 0.9177 0.3896
vn 0.0737 0.7262 -0.6835
vn -0.0218 0.9177 0.3967
vn -0.0398 0.7262 -0.6864
vn 0.0349 0.9177 0.3958
vn -0.1522 0.7262 -0.6704
vn 0.0909 0.9177 0.3868
vn -0.2605 0.7262 -0.6362
vn 0.1450 0.9177 0.3699
vn -0.3617 0.7262 -0.5847
vn 0.1962 0.9177 0.3455
vn 0.2434 0.9177 0.3141
vn 0.6807 0.7262 -0.0963
vn -0.3868 0.9177 0.0909
vn 0.6556 0.7262 -0.2071
vn -0.3699 0.9177 0.1450
vn 0.6126 0.7262 -0.3121
vn -0.3455 0.9177 0.1962
vn 0.5528 0.7262 -0.4087
vn -0.3141 0.9177 0.2433
vn 0.4780 0.7262 -0.4941
vn -0.2763 0.9177 0.2856
vn 0.3902 0.7262 -0.5661
vn -0.2328 0.9177 0.3220
vn 0.2917 0.7262 -0.6225
vn -0.1846 0.9177 0.3519
vn -0.1327 0.9177 0.3745
vn 0.4530 0.7262 0.5172
vn -0.2856 0.9177 -0.2763
vn 0.5319 0.7262 0.4356
vn -0.3220 0.9177 -0.2328
vn 0.5964 0.7262 0.3421
vn -0.3518 0.9177 -0.1846
vn 0.6445 0.7262 0.2393
vn -0.3745 0.9177 -0.1327
vn 0.6751 0.7262 0.1300
vn -0.3896 0.9177 -0.0780
vn 0.6873 0.7262 0.0170
vn -0.3967 0.9177 -0.0217
vn -0.3958 0.9177 0.0349
vn 0.1327 0.9177 -0.3745
vn 0.0780 0.9177 -0.3896
vn -0.0737 0.7262 0.6835
vn 0.0218 0.9177 -0.3967
vn 0.0398 0.7262 0.6864
vn -0.0349 0.9177 -0.3958
vn 0.1522 0.7262 0.6704
vn -0.0909 0.9177 -0.3868
vn 0.2605 0.7262 0.6362
vn -0.1450 0.9177 -0.3699
vn 0.3617 0.7262 0.5847
vn -0.1962 0.9177 -0.3455
vn -0.2434 0.9177 -0.3141
vn 0.5039 0.6890 -0.5210
vn 0.5828 0.6890 -0.4309
vn 0.6458 0.6890 -0.3291
vn 0.6911 0.6890 -0.2183
vn 0.7176 0.6890 -0.1016
vn 0.7246 0.6890 0.0179
vn 0.7117 0.6890 0.1370
vn 0.6795 0.6890 0.2523
vn 0.6287 0.6890 0.3607
vn 0.5608 0.6890 0.4592
vn 0.4775 0.6890 0.5452
vn 0.3813 0.6890 0.6164
vn 0.2746 0.6890 0.6707
vn 0.1605 0.6890 0.7068
vn 0.0419 0.6890 0.7236
vn -0.0777 0.6890 0.7206
vn -0.1953 0.6890 0.6980
vn -0.3075 0.6890 0.6563
vn -0.4113 0.6890 0.5968
vn -0.5039 0.6890 0.5210
vn -0.5828 0.6890 0.4309
vn -0.6458 0.6890 0.3291
vn -0.6911 0.6890 0.2183
vn -0.7176 0.6890 0.1016
vn -0.7246 0.6890 -0.0179
vn -0.7117 0.6890 -0.1370
vn -0.6795 0.6890 -0.2523
vn -0.6287 0.6890 -0.3607
vn -0.5608 0.6890 -0.4592
vn -0.4775 0.6890 -0.5452
vn -0.3813 0.6890 -0.6164
vn -0.2746 0.6890 -0.6707
vn -0.1605 0.6890 -0.7068
vn -0.0419 0.6890 -0.7236
vn 0.0777 0.6890 -0.7206
vn 0.1953 0.6890 -0.6980
vn 0.3075 0.6890 -0.6563
vn 0.4113 0.6890 -0.5968
vn 0.4933 0.7273 0.4772
vn 0.5687 0.7273 0.3843
vn 0.6268 0.7273 0.2797
vn 0.6658 0.7273 0.1666
vn 0.6846 0.7273 0.0485
vn 0.6827 0.7273 -0.0711
vn 0.6599 0.7272 -0.1887
vn 0.6172 0.7272 -0.3004
vn 0.5556 0.7273 -0.4029
vn 0.4772 0.7272 -0.4934
vn 0.3843 0.7273 -0.5687
vn 0.2797 0.7273 -0.6268
vn 0.1666 0.7273 -0.6658
vn 0.0485 0.7273 -0.6846
vn -0.0711 0.7272 -0.6827
vn -0.1886 0.7273 -0.6599
vn -0.3003 0.7273 -0.6172
vn -0.4029 0.7272 -0.5557
vn -0.4933 0.7273 -0.4772
vn -0.5687 0.7273 -0.3843
vn -0.6268 0.7273 -0.2797
vn -0.6658 0.7273 -0.1666
vn -0.6846 0.7273 -0.0485
vn -0.6827 0.7273 0.0711
vn -0.6599 0.7272 0.1887
vn -0.6172 0.7272 0.3004
vn -0.5556 0.7273 0.4030
vn -0.4772 0.7272 0.4934
vn -0.3843 0.7273 0.5687
vn -0.2797 0.7273 0.6268
vn -0.1666 0.7273 0.6658
vn -0.0485 0.7273 0.6846
vn 0.0711 0.7272 0.6827
vn 0.1886 0.7273 0.6599
vn 0.3003 0.7273 0.6172
vn 0.4029 0.7272 0.5557
vn 0.4772 -0.7273 -0.4933
vn 0.5556 -0.7273 -0.4029
vn 0.6172 -0.7273 -0.3003
vn 0.6599 -0.7273 -0.1886
vn 0.6827 -0.7273 -0.0712
vn 0.6846 -0.7273 0.0485
vn 0.6658 -0.7273 0.1666
vn 0.6268 -0.7273 0.2797
vn 0.5687 -0.7273 0.3843
vn 0.4933 -0.7273 0.4772
vn 0.4030 -0.7273 0.5556
vn 0.3003 -0.7273 0.6171
vn 0.1886 -0.7273 0.6599
vn 0.0711 -0.7273 0.6826
vn -0.0485 -0.7273 0.6846
vn -0.1666 -0.7273 0.6658
vn -0.2797 -0.7273 0.6268
vn -0.3843 -0.7273 0.5687
vn -0.4772 -0.7273 0.4933
vn -0.5556 -0.7273 0.4029
vn -0.6172 -0.7273 0.3003
vn -0.6599 -0.7273 0.1886
vn -0.6827 -0.7273 0.0712
vn -0.6846 -0.7273 -0.0485
vn -0.6658 -0.7273 -0.1666
vn -0.6268 -0.7273 -0.2797
vn -0.5687 -0.7273 -0.3843
vn -0.4933 -0.7273 -0.4772
vn -0.4030 -0.7273 -0.5556
vn -0.3003 -0.7273 -0.6171
vn -0.1886 -0.7273 -0.6599
vn -0.0711 -0.7273 -0.6826
vn 0.0485 -0.7273 -0.6846
vn 0.1666 -0.7273 -0.6658
vn 0.2797 -0.7273 -0.6268
vn 0.3843 -0.7273 -0.5687
vn -0.6441 -0.3766 0.6658
vn -0.5457 -0.7235 0.4228
vn -0.7323 -0.3767 0.5673
vn -0.6003 -0.7235 0.3408
vn -0.8056 -0.3767 0.4573
vn -0.6427 -0.7235 0.2519
vn -0.8625 -0.3766 0.3381
vn -0.6720 -0.7235 0.1579
vn -0.9018 -0.3767 0.2119
vn -0.6876 -0.7235 0.0606
vn -0.9228 -0.3767 0.0814
vn -0.6893 -0.7235 -0.0378
vn -0.9249 -0.3767 -0.0508
vn -0.6769 -0.7235 -0.1355
vn -0.9083 -0.3767 -0.1819
vn -0.6507 -0.7235 -0.2305
vn -0.8732 -0.3767 -0.3093
vn -0.6113 -0.7235 -0.3207
vn -0.8203 -0.3767 -0.4304
vn -0.5594 -0.7235 -0.4045
vn -0.7507 -0.3767 -0.5428
vn -0.4961 -0.7235 -0.4800
vn -0.6658 -0.3767 -0.6441
vn -0.4228 -0.7235 -0.5457
vn -0.5674 -0.3767 -0.7322
vn -0.3408 -0.7235 -0.6003
vn -0.4573 -0.3766 -0.8056
vn -0.2519 -0.7235 -0.6427
vn -0.3381 -0.3767 -0.8625
vn -0.1579 -0.7235 -0.6720
vn -0.2119 -0.3767 -0.9018
vn -0.0607 -0.7235 -0.6876
vn -0.0814 -0.3767 -0.9228
vn 0.0378 -0.7235 -0.6893
vn 0.0508 -0.3767 -0.9250
vn 0.1355 -0.7235 -0.6769
vn 0.1819 -0.3767 -0.9083
vn 0.2305 -0.7235 -0.6507
vn 0.3093 -0.3767 -0.8732
vn 0.3207 -0.7235 -0.6113
vn 0.4304 -0.3767 -0.8203
vn 0.4045 -0.7235 -0.5594
vn 0.5428 -0.3767 -0.7507
vn 0.4800 -0.7235 -0.4961
vn 0.6441 -0.3766 -0.6658
vn 0.5457 -0.7235 -0.4228
vn 0.7323 -0.3767 -0.5673
vn 0.6003 -0.7235 -0.3408
vn 0.8056 -0.3767 -0.4573
vn 0.6427 -0.7235 -0.2519
vn 0.8625 -0.3767 -0.3381
vn 0.6720 -0.7235 -0.1579
vn 0.9018 -0.3767 -0.2119
vn 0.6876 -0.7235 -0.0606
vn 0.9228 -0.3767 -0.0814
vn 0.6893 -0.7235 0.0378
vn 0.9250 -0.3767 0.0508
vn 0.6769 -0.7235 0.1355
vn 0.9083 -0.3767 0.1819
vn 0.6507 -0.7235 0.2305
vn 0.8732 -0.3767 0.3093
vn 0.6113 -0.7235 0.3207
vn 0.8203 -0.3767 0.4304
vn 0.5594 -0.7235 0.4045
vn 0.7507 -0.3767 0.5428
vn 0.4961 -0.7235 0.4799
vn 0.6658 -0.3767 0.6441
vn 0.4228 -0.7235 0.5456
vn 0.5674 -0.3767 0.7322
vn 0.3408 -0.7235 0.6003
vn 0.4573 -0.3766 0.8056
vn 0.2519 -0.7235 0.6427
vn 0.3381 -0.3767 0.8625
vn 0.1579 -0.7235 0.6720
vn 0.2119 -0.3767 0.9018
vn 0.0607 -0.7235 0.6876
vn 0.0814 -0.3767 0.9228
vn -0.0378 -0.7235 0.6893
vn -0.0508 -0.3767 0.9250
vn -0.1355 -0.7235 0.6769
vn -0.1819 -0.3767 0.9083
vn -0.2305 -0.7235 0.6507
vn -0.3093 -0.3767 0.8732
vn -0.3207 -0.7235 0.6113
vn -0.4304 -0.3767 0.8203
vn -0.4045 -0.7235 0.5594
vn -0.5428 -0.3767 0.7507
vn -0.4800 -0.7235 0.4961
vn -0.4775 -0.6890 -0.5452
vn -0.3813 -0.6890 -0.6163
vn -0.2746 -0.6890 -0.6707
vn -0.1605 -0.6890 -0.7068
vn -0.0419 -0.6890 -0.7235
vn 0.0777 -0.6890 -0.7206
vn 0.1953 -0.6890 -0.6980
vn 0.3075 -0.6890 -0.6563
vn 0.4113 -0.6890 -0.5968
vn 0.5039 -0.6890 -0.5209
vn 0.5828 -0.6890 -0.4309
vn 0.6458 -0.6890 -0.3290
vn 0.6911 -0.6890 -0.2183
vn 0.7176 -0.6890 -0.1016
vn 0.7246 -0.6890 0.0179
vn 0.7117 -0.6890 0.1369
vn 0.6795 -0.6890 0.2523
vn 0.6287 -0.6890 0.3606
vn 0.5608 -0.6890 0.4591
vn 0.4775 -0.6890 0.5452
vn 0.3813 -0.6890 0.6163
vn 0.2746 -0.6890 0.6707
vn 0.1605 -0.6890 0.7068
vn 0.0419 -0.6890 0.7235
vn -0.0777 -0.6890 0.7206
vn -0.1953 -0.6890 0.6980
vn -0.3075 -0.6890 0.6563
vn -0.4113 -0.6890 0.5968
vn -0.5039 -0.6890 0.5209
vn -0.5828 -0.6890 0.4309
vn -0.6458 -0.6890 0.3290
vn -0.6911 -0.6890 0.2183
vn -0.7176 -0.6890 0.1016
vn -0.7246 -0.6890 -0.0179
vn -0.7117 -0.6890 -0.1369
vn -0.6795 -0.6890 -0.2523
vn -0.6287 -0.6890 -0.3606
vn -0.5608 -0.6890 -0.4591
vn 0.4780 -0.7262 -0.4941
vn 0.5528 -0.7262 -0.4087
vn 0.6126 -0.7262 -0.3121
vn 0.6556 -0.7262 -0.2071
vn 0.6807 -0.7262 -0.0963
vn 0.6873 -0.7262 0.0170
vn 0.6751 -0.7262 0.1299
vn 0.6445 -0.7262 0.2393
vn 0.5963 -0.7262 0.3422
vn 0.5319 -0.7262 0.4356
vn 0.4530 -0.7262 0.5172
vn 0.3617 -0.7262 0.5847
vn 0.2605 -0.7262 0.6362
vn 0.1522 -0.7262 0.6704
vn 0.0398 -0.7262 0.6864
vn -0.0737 -0.7262 0.6835
vn -0.1852 -0.7262 0.6621
vn -0.2917 -0.7262 0.6226
vn -0.3902 -0.7262 0.5661
vn -0.4780 -0.7262 0.4941
vn -0.5528 -0.7262 0.4087
vn -0.6126 -0.7262 0.3121
vn -0.6556 -0.7262 0.2071
vn -0.6807 -0.7262 0.0963
vn -0.6873 -0.7262 -0.0170
vn -0.6751 -0.7262 -0.1299
vn -0.6445 -0.7262 -0.2393
vn -0.5963 -0.7262 -0.3422
vn -0.5319 -0.7262 -0.4356
vn -0.4530 -0.7262 -0.5172
vn -0.3617 -0.7262 -0.5847
vn -0.2605 -0.7262 -0.6362
vn -0.1522 -0.7262 -0.6704
vn -0.0398 -0.7262 -0.6864
vn 0.0737 -0.7262 -0.6835
vn 0.1852 -0.7262 -0.6621
vn 0.2917 -0.7262 -0.6226
vn 0.3902 -0.7262 -0.5661
vn 0.2855 -0.9177 0.2763
vn 0.2434 -0.9177 0.3140
vn 0.1962 -0.9176 0.3456
vn 0.1450 -0.9177 0.3699
vn 0.0909 -0.9177 0.3868
vn 0.0349 -0.9177 0.3958
vn 0.3868 -0.9177 -0.0909
vn 0.3958 -0.9177 -0.0349
vn 0.3967 -0.9177 0.0218
vn 0.3896 -0.9177 0.0780
vn 0.3745 -0.9177 0.1327
vn 0.3518 -0.9177 0.1846
vn 0.3220 -0.9177 0.2329
vn 0.0780 -0.9177 -0.3896
vn 0.1327 -0.9177 -0.3745
vn 0.1846 -0.9177 -0.3518
vn 0.2328 -0.9177 -0.3220
vn 0.2763 -0.9177 -0.2856
vn 0.3141 -0.9177 -0.2433
vn 0.3455 -0.9177 -0.1961
vn 0.3699 -0.9177 -0.1450
vn -0.2855 -0.9177 -0.2763
vn -0.2434 -0.9177 -0.3140
vn -0.1962 -0.9176 -0.3456
vn -0.1450 -0.9177 -0.3699
vn -0.0909 -0.9177 -0.3868
vn -0.0349 -0.9177 -0.3958
vn 0.0218 -0.9177 -0.3967
vn -0.0218 -0.9177 0.3967
vn -0.0780 -0.9177 0.3896
vn -0.1327 -0.9177 0.3745
vn -0.1846 -0.9177 0.3518
vn -0.2328 -0.9177 0.3220
vn -0.2763 -0.9177 0.2856
vn -0.3141 -0.9177 0.2433
vn -0.3455 -0.9177 0.1961
vn -0.3699 -0.9177 0.1450
vn -0.3868 -0.9177 0.0909
vn -0.3958 -0.9177 0.0349
vn -0.3967 -0.9177 -0.0218
vn -0.3896 -0.9177 -0.0780
vn -0.3745 -0.9177 -0.1327
vn -0.3518 -0.9177 -0.1846
vn -0.3220 -0.9177 -0.2329
vn -0.3103 0.0978 0.9456
vn -0.2607 0.1771 0.9490
vn -0.3472 0.0459 0.9367
vn -0.3406 0.1747 0.9238
vn -0.3930 0.0659 0.9172
vn -0.4224 0.1778 0.8888
vn -0.4385 0.0432 0.8977
vn -0.4856 0.1777 0.8559
vn -0.4824 0.0433 0.8749
vn -0.2563 0.0430 0.9657
vn -0.2072 0.0405 0.9775
vn -0.1879 0.1756 0.9664
vn -0.1669 0.0448 0.9850
vn -0.1099 0.1770 0.9781
vn -0.1178 0.0435 0.9921
vn -0.0674 0.0777 0.9947
vn -0.0204 0.1761 0.9842
vn -0.0172 0.0445 0.9989
vn 0.0613 0.1777 0.9822
vn 0.0254 0.0625 0.9977
vn 0.0756 0.0432 0.9962
vn 0.1246 0.0432 0.9913
vn 0.1324 0.1777 0.9751
vn 0.1736 0.0689 0.9824
vn 0.2204 0.1749 0.9596
vn 0.2228 0.0457 0.9738
vn 0.3010 0.1773 0.9370
vn 0.2595 0.0918 0.9614
vn 0.3140 0.0434 0.9484
vn 0.3607 0.0435 0.9317
vn 0.3699 0.1770 0.9121
vn 0.4026 0.0507 0.9140
vn 0.4434 0.1770 0.8787
vn 0.4454 0.0435 0.8943
vn 0.4886 0.0781 0.8690
vn 0.5215 0.1763 0.8348
vn 0.5330 0.0443 0.8450
vn 0.5881 0.1775 0.7891
vn 0.5690 0.0569 0.8204
vn 0.6087 0.0431 0.7922
vn 0.6470 0.0431 0.7613
vn 0.6442 0.1775 0.7439
vn 0.6834 0.0715 0.7265
vn 0.7095 0.1752 0.6826
vn 0.7198 0.0454 0.6927
vn 0.7646 0.1774 0.6196
vn 0.7446 0.0858 0.6620
vn 0.7821 0.0433 0.6216
vn 0.8120 0.0435 0.5821
vn 0.8079 0.1776 0.5619
vn 0.8379 0.0548 0.5431
vn 0.8521 0.1769 0.4925
vn 0.8628 0.0435 0.5037
vn 0.8847 0.0781 0.4595
vn 0.8932 0.1765 0.4135
vn 0.9088 0.0440 0.4149
vn 0.9237 0.1768 0.3399
vn 0.9264 0.0518 0.3730
vn 0.9432 0.0432 0.3294
vn 0.9582 0.0431 0.2827
vn 0.9463 0.1774 0.2703
vn 0.9696 0.0738 0.2332
vn 0.9673 0.1753 0.1830
vn 0.9817 0.0452 0.1849
vn 0.9790 0.1775 0.1006
vn 0.9862 0.0800 0.1452
vn 0.9919 0.0776 -0.1003
vn 0.9739 0.1770 -0.1423
vn 0.9827 0.1770 -0.0544
vn 0.9948 0.0433 0.0918
vn 0.9982 0.0434 0.0425
vn 0.9836 0.1779 0.0293
vn 0.9983 0.0587 -0.0055
vn 0.9977 0.0435 -0.0517
vn 0.9876 0.0435 -0.1506
vn 0.9791 0.0468 -0.1979
vn 0.9596 0.1756 -0.2198
vn 0.9696 0.0430 -0.2407
vn 0.9566 0.0430 -0.2882
vn 0.9400 0.1772 -0.2915
vn 0.9388 0.0755 -0.3361
vn 0.9098 0.1756 -0.3760
vn 0.9226 0.0450 -0.3832
vn 0.8746 0.1778 -0.4511
vn 0.9046 0.0740 -0.4198
vn 0.7750 0.0768 -0.6273
vn 0.7371 0.1769 -0.6522
vn 0.7925 0.1771 -0.5836
vn 0.8827 0.0434 -0.4680
vn 0.8585 0.0433 -0.5110
vn 0.8396 0.1780 -0.5132
vn 0.8317 0.0625 -0.5518
vn 0.8060 0.0435 -0.5904
vn 0.7434 0.0435 -0.6674
vn 0.6946 0.0436 -0.7181
vn 0.6848 0.1732 -0.7079
vn 0.6424 0.0436 -0.7651
vn 0.6275 0.1770 -0.7583
vn 0.6013 0.0769 -0.7953
vn 0.5555 0.1759 -0.8127
vn 0.5616 0.0447 -0.8262
vn 0.4856 0.1777 -0.8559
vn 0.5261 0.0682 -0.8477
vn 0.4824 0.0433 -0.8749
vn 0.4385 0.0433 -0.8977
vn 0.4224 0.1778 -0.8888
vn 0.3930 0.0660 -0.9172
vn 0.3406 0.1747 -0.9238
vn 0.3472 0.0459 -0.9367
vn 0.2606 0.1771 -0.9490
vn 0.3102 0.0977 -0.9456
vn 0.2563 0.0430 -0.9657
vn 0.2071 0.0405 -0.9775
vn 0.1879 0.1756 -0.9664
vn 0.1668 0.0448 -0.9850
vn 0.1099 0.1770 -0.9781
vn 0.1178 0.0435 -0.9921
vn 0.0674 0.0777 -0.9947
vn 0.0204 0.1761 -0.9842
vn 0.0172 0.0445 -0.9989
vn -0.0613 0.1777 -0.9822
vn -0.0254 0.0625 -0.9977
vn -0.0756 0.0432 -0.9962
vn -0.1246 0.0432 -0.9913
vn -0.1324 0.1777 -0.9751
vn -0.1736 0.0689 -0.9824
vn -0.2204 0.1749 -0.9596
vn -0.2228 0.0457 -0.9738
vn -0.3010 0.1773 -0.9370
vn -0.2595 0.0918 -0.9614
vn -0.3140 0.0434 -0.9484
vn -0.3607 0.0435 -0.9317
vn -0.3699 0.1770 -0.9121
vn -0.4026 0.0507 -0.9140
vn -0.4434 0.1770 -0.8787
vn -0.4454 0.0435 -0.8943
vn -0.4886 0.0781 -0.8690
vn -0.5215 0.1763 -0.8348
vn -0.5330 0.0443 -0.8450
vn -0.5881 0.1775 -0.7891
vn -0.5690 0.0570 -0.8204
vn -0.6087 0.0431 -0.7922
vn -0.6470 0.0431 -0.7613
vn -0.6442 0.1775 -0.7439
vn -0.6834 0.0715 -0.7265
vn -0.7095 0.1752 -0.6826
vn -0.7198 0.0454 -0.6927
vn -0.7646 0.1774 -0.6196
vn -0.7446 0.0858 -0.6620
vn -0.7821 0.0433 -0.6216
vn -0.8120 0.0435 -0.5821
vn -0.8079 0.1776 -0.5619
vn -0.8379 0.0548 -0.5431
vn -0.8521 0.1769 -0.4925
vn -0.8628 0.0435 -0.5037
vn -0.8847 0.0781 -0.4595
vn -0.8932 0.1765 -0.4135
vn -0.9088 0.0440 -0.4149
vn -0.9237 0.1768 -0.3399
vn -0.9264 0.0518 -0.3730
vn -0.9432 0.0432 -0.3294
vn -0.9582 0.0431 -0.2827
vn -0.9463 0.1774 -0.2703
vn -0.9696 0.0737 -0.2332
vn -0.9673 0.1753 -0.1830
vn -0.9817 0.0452 -0.1849
vn -0.9790 0.1776 -0.1006
vn -0.9862 0.0800 -0.1452
vn -0.9919 0.0775 0.1003
vn -0.9739 0.1770 0.1423
vn -0.9827 0.1771 0.0544
vn -0.9948 0.0434 -0.0918
vn -0.9982 0.0434 -0.0425
vn -0.9836 0.1779 -0.0293
vn -0.9983 0.0587 0.0055
vn -0.9977 0.0436 0.0517
vn -0.9876 0.0435 0.1506
vn -0.9791 0.0468 0.1979
vn -0.9596 0.1755 0.2198
vn -0.9696 0.0430 0.2407
vn -0.9566 0.0430 0.2882
vn -0.9400 0.1772 0.2915
vn -0.9388 0.0756 0.3361
vn -0.9098 0.1756 0.3760
vn -0.9226 0.0450 0.3832
vn -0.8746 0.1778 0.4511
vn -0.9046 0.0740 0.4198
vn -0.7750 0.0767 0.6273
vn -0.7371 0.1769 0.6522
vn -0.7925 0.1770 0.5836
vn -0.8827 0.0434 0.4680
vn -0.8585 0.0433 0.5110
vn -0.8396 0.1780 0.5132
vn -0.8317 0.0625 0.5518
vn -0.8060 0.0435 0.5904
vn -0.7434 0.0435 0.6674
vn -0.6946 0.0436 0.7180
vn -0.6848 0.1733 0.7079
vn -0.6424 0.0436 0.7651
vn -0.6275 0.1770 0.7583
vn -0.6013 0.0769 0.7953
vn -0.5555 0.1759 0.8127
vn -0.5616 0.0447 0.8262
vn -0.5261 0.0682 0.8477
vn -0.7071 0.3413 0.6192
vn -0.7558 0.3413 0.5588
vn -0.7994 0.3414 0.4944
vn -0.8376 0.3413 0.4266
vn -0.8698 0.3414 0.3562
vn -0.8963 0.3412 0.2831
vn -0.9166 0.3413 0.2082
vn -0.9307 0.3413 0.1317
vn -0.9384 0.3413 0.0544
vn -0.9396 0.3414 -0.0233
vn -0.9346 0.3412 -0.1008
vn -0.9230 0.3412 -0.1776
vn -0.9052 0.3414 -0.2533
vn -0.8812 0.3413 -0.3271
vn -0.8511 0.3413 -0.3989
vn -0.8153 0.3413 -0.4678
vn -0.7740 0.3413 -0.5333
vn -0.7272 0.3414 -0.5956
vn -0.6757 0.3414 -0.6534
vn -0.6193 0.3412 -0.7071
vn -0.5588 0.3413 -0.7558
vn -0.4944 0.3412 -0.7994
vn -0.4268 0.3414 -0.8375
vn -0.3561 0.3412 -0.8699
vn -0.2831 0.3413 -0.8963
vn -0.2081 0.3413 -0.9166
vn -0.1318 0.3414 -0.9306
vn -0.0544 0.3413 -0.9384
vn 0.0233 0.3414 -0.9396
vn 0.1008 0.3413 -0.9345
vn 0.1777 0.3414 -0.9230
vn 0.2533 0.3413 -0.9052
vn 0.3271 0.3413 -0.8812
vn 0.3987 0.3413 -0.8512
vn 0.4677 0.3413 -0.8153
vn 0.5334 0.3414 -0.7739
vn 0.5954 0.3412 -0.7274
vn 0.6536 0.3414 -0.6755
vn 0.7071 0.3413 -0.6192
vn 0.7558 0.3413 -0.5588
vn 0.7994 0.3414 -0.4944
vn 0.8376 0.3413 -0.4266
vn 0.8698 0.3414 -0.3562
vn 0.8963 0.3412 -0.2831
vn 0.9166 0.3413 -0.2082
vn 0.9307 0.3413 -0.1317
vn 0.9384 0.3413 -0.0544
vn 0.9396 0.3414 0.0233
vn 0.9346 0.3412 0.1008
vn 0.9230 0.3412 0.1776
vn 0.9052 0.3414 0.2533
vn 0.8812 0.3413 0.3271
vn 0.8511 0.3413 0.3989
vn 0.8153 0.3413 0.4678
vn 0.7740 0.3413 0.5333
vn 0.7272 0.3414 0.5956
vn 0.6757 0.3414 0.6534
vn 0.6193 0.3412 0.7071
vn 0.5588 0.3413 0.7558
vn 0.4944 0.3412 0.7994
vn 0.4268 0.3414 0.8375
vn 0.3561 0.3412 0.8699
vn 0.2831 0.3413 0.8963
vn 0.2081 0.3413 0.9166
vn 0.1318 0.3414 0.9306
vn 0.0544 0.3413 0.9384
vn -0.0233 0.3414 0.9396
vn -0.1008 0.3413 0.9345
vn -0.1777 0.3414 0.9230
vn -0.2533 0.3413 0.9052
vn -0.3271 0.3413 0.8812
vn -0.3987 0.3413 0.8512
vn -0.4677 0.3414 0.8153
vn -0.5334 0.3414 0.7739
vn -0.5954 0.3412 0.7274
vn -0.6536 0.3414 0.6755
vn -0.6519 0.4990 0.5710
vn -0.6968 0.4990 0.5152
vn -0.7370 0.4990 0.4559
vn -0.7722 0.4989 0.3934
vn -0.8019 0.4990 0.3285
vn -0.8264 0.4989 0.2610
vn -0.8451 0.4989 0.1919
vn -0.8581 0.4990 0.1214
vn -0.8652 0.4990 0.0502
vn -0.8663 0.4990 -0.0214
vn -0.8616 0.4989 -0.0929
vn -0.8510 0.4990 -0.1638
vn -0.8345 0.4991 -0.2335
vn -0.8125 0.4990 -0.3015
vn -0.7848 0.4989 -0.3677
vn -0.7517 0.4990 -0.4312
vn -0.7136 0.4990 -0.4917
vn -0.6703 0.4990 -0.5492
vn -0.6229 0.4990 -0.6025
vn -0.5709 0.4989 -0.6520
vn -0.5151 0.4988 -0.6970
vn -0.4558 0.4989 -0.7371
vn -0.3936 0.4991 -0.7720
vn -0.3283 0.4990 -0.8020
vn -0.2610 0.4989 -0.8264
vn -0.1919 0.4991 -0.8450
vn -0.1214 0.4991 -0.8580
vn -0.0501 0.4990 -0.8652
vn 0.0215 0.4991 -0.8663
vn 0.0930 0.4990 -0.8616
vn 0.1637 0.4989 -0.8511
vn 0.2335 0.4990 -0.8346
vn 0.3017 0.4990 -0.8124
vn 0.3676 0.4989 -0.7848
vn 0.4312 0.4990 -0.7517
vn 0.4919 0.4991 -0.7134
vn 0.5490 0.4989 -0.6706
vn 0.6026 0.4990 -0.6227
vn 0.6519 0.4990 -0.5710
vn 0.6968 0.4990 -0.5152
vn 0.7370 0.4990 -0.4559
vn 0.7722 0.4989 -0.3934
vn 0.8019 0.4990 -0.3285
vn 0.8264 0.4989 -0.2610
vn 0.8451 0.4989 -0.1919
vn 0.8581 0.4990 -0.1214
vn 0.8652 0.4990 -0.0502
vn 0.8663 0.4990 0.0214
vn 0.8616 0.4989 0.0929
vn 0.8510 0.4990 0.1638
vn 0.8345 0.4991 0.2335
vn 0.8125 0.4990 0.3015
vn 0.7848 0.4989 0.3677
vn 0.7517 0.4990 0.4312
vn 0.7136 0.4990 0.4917
vn 0.6703 0.4990 0.5492
vn 0.6229 0.4990 0.6025
vn 0.5709 0.4989 0.6520
vn 0.5151 0.4989 0.6970
vn 0.4558 0.4989 0.7371
vn 0.3936 0.4991 0.7720
vn 0.3283 0.4990 0.8020
vn 0.2610 0.4989 0.8264
vn 0.1919 0.4991 0.8450
vn 0.1214 0.4991 0.8580
vn 0.0501 0.4990 0.8652
vn -0.0215 0.4991 0.8663
vn -0.0930 0.4990 0.8616
vn -0.1637 0.4989 0.8511
vn -0.2335 0.4990 0.8346
vn -0.3017 0.4990 0.8124
vn -0.3676 0.4989 0.7848
vn -0.4312 0.4990 0.7517
vn -0.4920 0.4991 0.7134
vn -0.5490 0.4989 0.6706
vn -0.6026 0.4990 0.6227
vn -0.5769 0.6416 0.5055
vn -0.6168 0.6418 0.4558
vn -0.6523 0.6417 0.4035
vn -0.6833 0.6417 0.3483
vn -0.7098 0.6417 0.2907
vn -0.7314 0.6417 0.2309
vn -0.7479 0.6417 0.1697
vn -0.7594 0.6417 0.1075
vn -0.7656 0.6417 0.0444
vn -0.7667 0.6417 -0.0190
vn -0.7625 0.6417 -0.0822
vn -0.7531 0.6417 -0.1450
vn -0.7386 0.6417 -0.2066
vn -0.7191 0.6417 -0.2668
vn -0.6945 0.6417 -0.3255
vn -0.6652 0.6417 -0.3816
vn -0.6315 0.6417 -0.4353
vn -0.5934 0.6416 -0.4861
vn -0.5512 0.6417 -0.5333
vn -0.5053 0.6415 -0.5772
vn -0.4559 0.6416 -0.6168
vn -0.4034 0.6418 -0.6522
vn -0.3483 0.6417 -0.6833
vn -0.2907 0.6419 -0.7096
vn -0.2309 0.6415 -0.7315
vn -0.1698 0.6417 -0.7479
vn -0.1075 0.6417 -0.7594
vn -0.0444 0.6417 -0.7657
vn 0.0190 0.6418 -0.7667
vn 0.0823 0.6417 -0.7625
vn 0.1449 0.6416 -0.7532
vn 0.2066 0.6416 -0.7386
vn 0.2670 0.6418 -0.7189
vn 0.3253 0.6416 -0.6946
vn 0.3817 0.6418 -0.6652
vn 0.4354 0.6418 -0.6312
vn 0.4859 0.6417 -0.5934
vn 0.5332 0.6417 -0.5512
vn 0.5769 0.6416 -0.5055
vn 0.6168 0.6418 -0.4557
vn 0.6523 0.6417 -0.4035
vn 0.6833 0.6417 -0.3483
vn 0.7098 0.6417 -0.2907
vn 0.7314 0.6417 -0.2309
vn 0.7479 0.6417 -0.1697
vn 0.7594 0.6417 -0.1075
vn 0.7656 0.6417 -0.0444
vn 0.7667 0.6417 0.0190
vn 0.7625 0.6417 0.0822
vn 0.7531 0.6417 0.1450
vn 0.7386 0.6417 0.2066
vn 0.7191 0.6417 0.2668
vn 0.6945 0.6417 0.3255
vn 0.6652 0.6417 0.3816
vn 0.6315 0.6417 0.4353
vn 0.5934 0.6416 0.4861
vn 0.5512 0.6417 0.5333
vn 0.5053 0.6416 0.5772
vn 0.4559 0.6416 0.6168
vn 0.4034 0.6417 0.6522
vn 0.3483 0.6417 0.6833
vn 0.2907 0.6419 0.7096
vn 0.2309 0.6415 0.7315
vn 0.1698 0.6417 0.7479
vn 0.1075 0.6417 0.7594
vn 0.0444 0.6417 0.7657
vn -0.0190 0.6418 0.7667
vn -0.0823 0.6417 0.7625
vn -0.1449 0.6416 0.7532
vn -0.2066 0.6416 0.7386
vn -0.2670 0.6418 0.7189
vn -0.3254 0.6416 0.6946
vn -0.3817 0.6418 0.6652
vn -0.4354 0.6418 0.6312
vn -0.4859 0.6417 0.5934
vn -0.5332 0.6417 0.5512
vn -0.4845 0.7649 0.4245
vn -0.5179 0.7649 0.3829
vn -0.5478 0.7649 0.3388
vn -0.5739 0.7649 0.2925
vn -0.5961 0.7649 0.2441
vn -0.6142 0.7649 0.1940
vn -0.6281 0.7649 0.1427
vn -0.6378 0.7649 0.0903
vn -0.6430 0.7650 0.0373
vn -0.6439 0.7649 -0.0159
vn -0.6404 0.7649 -0.0690
vn -0.6325 0.7649 -0.1218
vn -0.6204 0.7649 -0.1735
vn -0.6038 0.7650 -0.2241
vn -0.5833 0.7649 -0.2734
vn -0.5587 0.7649 -0.3206
vn -0.5304 0.7649 -0.3656
vn -0.4983 0.7648 -0.4083
vn -0.4629 0.7650 -0.4477
vn -0.4243 0.7649 -0.4846
vn -0.3829 0.7649 -0.5180
vn -0.3388 0.7649 -0.5478
vn -0.2924 0.7648 -0.5741
vn -0.2441 0.7651 -0.5959
vn -0.1940 0.7650 -0.6142
vn -0.1426 0.7649 -0.6282
vn -0.0902 0.7649 -0.6378
vn -0.0373 0.7650 -0.6429
vn 0.0160 0.7650 -0.6439
vn 0.0691 0.7650 -0.6403
vn 0.1217 0.7650 -0.6324
vn 0.1735 0.7649 -0.6203
vn 0.2242 0.7649 -0.6039
vn 0.2733 0.7649 -0.5833
vn 0.3205 0.7650 -0.5587
vn 0.3656 0.7651 -0.5301
vn 0.4080 0.7649 -0.4984
vn 0.4478 0.7649 -0.4630
vn 0.4845 0.7649 -0.4245
vn 0.5179 0.7650 -0.3829
vn 0.5478 0.7649 -0.3388
vn 0.5739 0.7649 -0.2925
vn 0.5961 0.7649 -0.2441
vn 0.6142 0.7649 -0.1940
vn 0.6281 0.7649 -0.1427
vn 0.6378 0.7649 -0.0903
vn 0.6430 0.7650 -0.0373
vn 0.6439 0.7649 0.0159
vn 0.6404 0.7649 0.0690
vn 0.6325 0.7649 0.1218
vn 0.6204 0.7649 0.1735
vn 0.6038 0.7650 0.2241
vn 0.5833 0.7649 0.2734
vn 0.5587 0.7649 0.3206
vn 0.5304 0.7649 0.3656
vn 0.4983 0.7648 0.4083
vn 0.4629 0.7650 0.4477
vn 0.4243 0.7649 0.4846
vn 0.3829 0.7649 0.5180
vn 0.3388 0.7649 0.5478
vn 0.2924 0.7648 0.5741
vn 0.2441 0.7651 0.5959
vn 0.1940 0.7650 0.6142
vn 0.1426 0.7649 0.6282
vn 0.0902 0.7649 0.6378
vn 0.0373 0.7650 0.6429
vn -0.0160 0.7650 0.6439
vn -0.0691 0.7650 0.6403
vn -0.1217 0.7650 0.6324
vn -0.1735 0.7649 0.6203
vn -0.2242 0.7649 0.6039
vn -0.2733 0.7649 0.5833
vn -0.3205 0.7650 0.5587
vn -0.3656 0.7650 0.5301
vn -0.4081 0.7649 0.4985
vn -0.4478 0.7649 0.4630
vn -0.3774 0.8650 0.3306
vn -0.4034 0.8650 0.2984
vn -0.4267 0.8650 0.2639
vn -0.4471 0.8650 0.2278
vn -0.4643 0.8650 0.1901
vn -0.4785 0.8650 0.1510
vn -0.4893 0.8650 0.1112
vn -0.4968 0.8650 0.0703
vn -0.5009 0.8650 0.0290
vn -0.5016 0.8650 -0.0125
vn -0.4989 0.8650 -0.0538
vn -0.4927 0.8650 -0.0948
vn -0.4832 0.8650 -0.1352
vn -0.4704 0.8650 -0.1746
vn -0.4544 0.8650 -0.2129
vn -0.4353 0.8650 -0.2496
vn -0.4131 0.8651 -0.2846
vn -0.3882 0.8650 -0.3179
vn -0.3606 0.8651 -0.3487
vn -0.3306 0.8651 -0.3772
vn -0.2983 0.8650 -0.4034
vn -0.2639 0.8650 -0.4267
vn -0.2278 0.8650 -0.4472
vn -0.1901 0.8650 -0.4644
vn -0.1511 0.8651 -0.4783
vn -0.1111 0.8651 -0.4892
vn -0.0703 0.8650 -0.4969
vn -0.0290 0.8651 -0.5008
vn 0.0124 0.8651 -0.5015
vn 0.0538 0.8649 -0.4990
vn 0.0948 0.8652 -0.4924
vn 0.1352 0.8650 -0.4832
vn 0.1746 0.8649 -0.4705
vn 0.2129 0.8651 -0.4542
vn 0.2496 0.8649 -0.4355
vn 0.2848 0.8651 -0.4129
vn 0.3179 0.8649 -0.3884
vn 0.3489 0.8650 -0.3606
vn 0.3774 0.8650 -0.3306
vn 0.4034 0.8650 -0.2984
vn 0.4267 0.8650 -0.2639
vn 0.4471 0.8650 -0.2278
vn 0.4643 0.8650 -0.1901
vn 0.4785 0.8650 -0.1510
vn 0.4893 0.8650 -0.1112
vn 0.4968 0.8650 -0.0703
vn 0.5009 0.8650 -0.0290
vn 0.5016 0.8650 0.0125
vn 0.4989 0.8650 0.0538
vn 0.4927 0.8650 0.0948
vn 0.4832 0.8650 0.1352
vn 0.4704 0.8650 0.1746
vn 0.4544 0.8650 0.2129
vn 0.4353 0.8650 0.2496
vn 0.4131 0.8651 0.2846
vn 0.3882 0.8650 0.3179
vn 0.3606 0.8651 0.3487
vn 0.3306 0.8651 0.3772
vn 0.2983 0.8650 0.4034
vn 0.2640 0.8650 0.4267
vn 0.2278 0.8650 0.4472
vn 0.1901 0.8650 0.4644
vn 0.1511 0.8651 0.4783
vn 0.1111 0.8651 0.4892
vn 0.0703 0.8650 0.4969
vn 0.0290 0.8651 0.5008
vn -0.0124 0.8651 0.5015
vn -0.0538 0.8649 0.4990
vn -0.0948 0.8652 0.4924
vn -0.1352 0.8650 0.4832
vn -0.1746 0.8649 0.4705
vn -0.2129 0.8651 0.4542
vn -0.2496 0.8649 0.4355
vn -0.2848 0.8651 0.4129
vn -0.3179 0.8649 0.3884
vn -0.3489 0.8650 0.3607
vn -0.2587 0.9390 0.2268
vn -0.2766 0.9390 0.2045
vn -0.2925 0.9390 0.1807
vn -0.3065 0.9390 0.1561
vn -0.3183 0.9390 0.1303
vn -0.3279 0.9390 0.1034
vn -0.3354 0.9390 0.0763
vn -0.3405 0.9390 0.0481
vn -0.3433 0.9390 0.0199
vn -0.3438 0.9390 -0.0085
vn -0.3419 0.9390 -0.0369
vn -0.3377 0.9390 -0.0650
vn -0.3313 0.9390 -0.0928
vn -0.3224 0.9390 -0.1197
vn -0.3114 0.9390 -0.1459
vn -0.2983 0.9390 -0.1710
vn -0.2831 0.9390 -0.1951
vn -0.2661 0.9390 -0.2179
vn -0.2472 0.9390 -0.2392
vn -0.2266 0.9390 -0.2585
vn -0.2044 0.9390 -0.2766
vn -0.1809 0.9390 -0.2925
vn -0.1561 0.9390 -0.3063
vn -0.1303 0.9389 -0.3185
vn -0.1036 0.9390 -0.3279
vn -0.0762 0.9391 -0.3351
vn -0.0482 0.9389 -0.3408
vn -0.0199 0.9390 -0.3434
vn 0.0085 0.9391 -0.3436
vn 0.0369 0.9389 -0.3422
vn 0.0650 0.9391 -0.3376
vn 0.0927 0.9390 -0.3311
vn 0.1197 0.9390 -0.3223
vn 0.1459 0.9390 -0.3114
vn 0.1711 0.9390 -0.2985
vn 0.1952 0.9390 -0.2832
vn 0.2179 0.9390 -0.2663
vn 0.2391 0.9390 -0.2473
vn 0.2587 0.9390 -0.2268
vn 0.2766 0.9390 -0.2045
vn 0.2925 0.9390 -0.1807
vn 0.3065 0.9390 -0.1561
vn 0.3183 0.9390 -0.1303
vn 0.3279 0.9390 -0.1034
vn 0.3354 0.9390 -0.0763
vn 0.3405 0.9390 -0.0481
vn 0.3433 0.9390 -0.0199
vn 0.3438 0.9390 0.0085
vn 0.3419 0.9390 0.0369
vn 0.3377 0.9390 0.0650
vn 0.3313 0.9390 0.0928
vn 0.3224 0.9390 0.1197
vn 0.3114 0.9390 0.1459
vn 0.2983 0.9390 0.1710
vn 0.2831 0.9390 0.1951
vn 0.2661 0.9390 0.2179
vn 0.2472 0.9390 0.2392
vn 0.2266 0.9390 0.2585
vn 0.2044 0.9390 0.2766
vn 0.1809 0.9390 0.2925
vn 0.1561 0.9390 0.3063
vn 0.1303 0.9389 0.3185
vn 0.1036 0.9390 0.3279
vn 0.0762 0.9391 0.3351
vn 0.0482 0.9389 0.3408
vn 0.0199 0.9390 0.3434
vn -0.0085 0.9391 0.3436
vn -0.0369 0.9389 0.3422
vn -0.0650 0.9391 0.3376
vn -0.0927 0.9390 0.3311
vn -0.1197 0.9390 0.3223
vn -0.1459 0.9390 0.3114
vn -0.1711 0.9390 0.2985
vn -0.1952 0.9390 0.2832
vn -0.2179 0.9390 0.2663
vn -0.2392 0.9389 0.2473
vn -0.1323 0.9844 0.1160
vn -0.1414 0.9844 0.1046
vn -0.1496 0.9844 0.0924
vn -0.1567 0.9844 0.0798
vn -0.1627 0.9844 0.0666
vn -0.1677 0.9844 0.0529
vn -0.1715 0.9844 0.0390
vn -0.1741 0.9844 0.0246
vn -0.1756 0.9844 0.0102
vn -0.1758 0.9844 -0.0043
vn -0.1748 0.9844 -0.0189
vn -0.1727 0.9844 -0.0333
vn -0.1694 0.9844 -0.0475
vn -0.1648 0.9844 -0.0611
vn -0.1593 0.9844 -0.0747
vn -0.1525 0.9844 -0.0874
vn -0.1448 0.9844 -0.0998
vn -0.1361 0.9844 -0.1116
vn -0.1264 0.9844 -0.1224
vn -0.1159 0.9844 -0.1323
vn -0.1045 0.9844 -0.1416
vn -0.0925 0.9844 -0.1497
vn -0.0798 0.9844 -0.1565
vn -0.0666 0.9844 -0.1629
vn -0.0530 0.9844 -0.1675
vn -0.0389 0.9844 -0.1713
vn -0.0246 0.9844 -0.1742
vn -0.0102 0.9844 -0.1755
vn 0.0044 0.9845 -0.1754
vn 0.0189 0.9844 -0.1750
vn 0.0332 0.9844 -0.1729
vn 0.0474 0.9844 -0.1692
vn 0.0612 0.9844 -0.1647
vn 0.0746 0.9844 -0.1593
vn 0.0875 0.9844 -0.1525
vn 0.0998 0.9844 -0.1449
vn 0.1114 0.9844 -0.1360
vn 0.1223 0.9844 -0.1263
vn 0.1323 0.9844 -0.1160
vn 0.1414 0.9844 -0.1046
vn 0.1496 0.9844 -0.0924
vn 0.1567 0.9844 -0.0798
vn 0.1627 0.9844 -0.0666
vn 0.1677 0.9844 -0.0529
vn 0.1715 0.9844 -0.0390
vn 0.1741 0.9844 -0.0246
vn 0.1756 0.9844 -0.0102
vn 0.1758 0.9844 0.0043
vn 0.1748 0.9844 0.0189
vn 0.1727 0.9844 0.0333
vn 0.1694 0.9844 0.0475
vn 0.1648 0.9844 0.0612
vn 0.1593 0.9844 0.0747
vn 0.1525 0.9844 0.0874
vn 0.1448 0.9844 0.0998
vn 0.1361 0.9844 0.1116
vn 0.1264 0.9844 0.1224
vn 0.1159 0.9844 0.1323
vn 0.1045 0.9844 0.1416
vn 0.0925 0.9844 0.1497
vn 0.0798 0.9844 0.1565
vn 0.0666 0.9844 0.1629
vn 0.0530 0.9844 0.1675
vn 0.0389 0.9844 0.1713
vn 0.0246 0.9844 0.1742
vn 0.0102 0.9844 0.1755
vn -0.0044 0.9845 0.1754
vn -0.0189 0.9844 0.1750
vn -0.0332 0.9844 0.1729
vn -0.0474 0.9844 0.1692
vn -0.0612 0.9844 0.1647
vn -0.0746 0.9844 0.1593
vn -0.0875 0.9844 0.1525
vn -0.0998 0.9844 0.1449
vn -0.1114 0.9844 0.1360
vn -0.1223 0.9844 0.1263
vn -0.0337 0.9990 0.0296
vn -0.0361 0.9990 0.0267
vn -0.0381 0.9990 0.0236
vn -0.0399 0.9990 0.0204
vn -0.0415 0.9990 0.0169
vn -0.0428 0.9990 0.0135
vn -0.0437 0.9990 0.0099
vn -0.0444 0.9990 0.0063
vn -0.0448 0.9990 0.0026
vn -0.0448 0.9990 -0.0011
vn -0.0446 0.9990 -0.0048
vn -0.0440 0.9990 -0.0084
vn -0.0432 0.9990 -0.0122
vn -0.0420 0.9990 -0.0156
vn -0.0406 0.9990 -0.0191
vn -0.0389 0.9990 -0.0223
vn -0.0369 0.9990 -0.0254
vn -0.0347 0.9990 -0.0286
vn -0.0322 0.9990 -0.0313
vn -0.0295 0.9990 -0.0339
vn -0.0267 0.9990 -0.0362
vn -0.0236 0.9990 -0.0381
vn -0.0204 0.9990 -0.0399
vn -0.0170 0.9990 -0.0417
vn -0.0135 0.9990 -0.0429
vn -0.0099 0.9990 -0.0439
vn -0.0063 0.9990 -0.0445
vn -0.0026 0.9990 -0.0447
vn 0.0011 0.9990 -0.0445
vn 0.0048 0.9990 -0.0446
vn 0.0085 0.9990 -0.0442
vn 0.0121 0.9990 -0.0432
vn 0.0156 0.9990 -0.0421
vn 0.0190 0.9990 -0.0407
vn 0.0223 0.9990 -0.0390
vn 0.0255 0.9990 -0.0368
vn 0.0284 0.9990 -0.0347
vn 0.0312 0.9990 -0.0321
vn 0.0337 0.9990 -0.0296
vn 0.0361 0.9990 -0.0267
vn 0.0381 0.9990 -0.0236
vn 0.0399 0.9990 -0.0204
vn 0.0415 0.9990 -0.0169
vn 0.0428 0.9990 -0.0135
vn 0.0437 0.9990 -0.0099
vn 0.0444 0.9990 -0.0063
vn 0.0448 0.9990 -0.0026
vn 0.0448 0.9990 0.0011
vn 0.0446 0.9990 0.0048
vn 0.0440 0.9990 0.0084
vn 0.0432 0.9990 0.0122
vn 0.0420 0.9990 0.0156
vn 0.0406 0.9990 0.0191
vn 0.0389 0.9990 0.0223
vn 0.0369 0.9990 0.0254
vn 0.0347 0.9990 0.0286
vn 0.0322 0.9990 0.0313
vn 0.0295 0.9990 0.0339
vn 0.0267 0.9990 0.0362
vn 0.0236 0.9990 0.0381
vn 0.0204 0.9990 0.0399
vn 0.0170 0.9990 0.0417
vn 0.0135 0.9990 0.0429
vn 0.0099 0.9990 0.0439
vn 0.0063 0.9990 0.0445
vn 0.0026 0.9990 0.0447
vn -0.0011 0.9990 0.0445
vn -0.0048 0.9990 0.0446
vn -0.0085 0.9990 0.0442
vn -0.0121 0.9990 0.0432
vn -0.0156 0.9990 0.0421
vn -0.0190 0.9990 0.0407
vn -0.0223 0.9990 0.0390
vn -0.0254 0.9990 0.0368
vn -0.0284 0.9990 0.0347
vn -0.0312 0.9990 0.0321
vn 0.6594 -0.6930 0.2915
vn 0.6167 -0.6930 0.3734
vn 0.5639 -0.6930 0.4492
vn 0.5018 -0.6930 0.5177
vn 0.4315 -0.6930 0.5776
vn 0.3541 -0.6930 0.6280
vn 0.2709 -0.6930 0.6681
vn 0.1833 -0.6930 0.6973
vn 0.0926 -0.6930 0.7150
vn 0.4670 -0.6930 -0.5492
vn 0.5334 -0.6930 -0.4850
vn 0.5911 -0.6930 -0.4128
vn 0.6390 -0.6930 -0.3338
vn 0.6765 -0.6930 -0.2494
vn 0.7028 -0.6930 -0.1608
vn 0.7176 -0.6930 -0.0696
vn 0.7206 -0.6930 0.0227
vn 0.7118 -0.6930 0.1147
vn 0.6913 -0.6930 0.2048
vn -0.3132 -0.6930 -0.6494
vn -0.2275 -0.6930 -0.6841
vn -0.1382 -0.6930 -0.7076
vn -0.0466 -0.6930 -0.7195
vn 0.0458 -0.6930 -0.7195
vn 0.1374 -0.6930 -0.7078
vn 0.2268 -0.6930 -0.6844
vn 0.3125 -0.6930 -0.6497
vn 0.3930 -0.6930 -0.6044
vn -0.7117 -0.6930 0.1155
vn -0.7206 -0.6930 0.0235
vn -0.7177 -0.6930 -0.0688
vn -0.7030 -0.6930 -0.1600
vn -0.6767 -0.6930 -0.2487
vn -0.6394 -0.6930 -0.3331
vn -0.5915 -0.6930 -0.4122
vn -0.5340 -0.6930 -0.4844
vn -0.4677 -0.6930 -0.5487
vn -0.3936 -0.6930 -0.6040
vn 0.0004 -0.6930 0.7210
vn -0.0918 -0.6930 0.7151
vn -0.1825 -0.6930 0.6975
vn -0.2702 -0.6930 0.6684
vn -0.3534 -0.6930 0.6284
vn -0.4309 -0.6930 0.5780
vn -0.5013 -0.6930 0.5182
vn -0.5634 -0.6930 0.4498
vn -0.6163 -0.6930 0.3741
vn -0.6591 -0.6930 0.2922
vn -0.6911 -0.6930 0.2055
vn -0.5409 -0.7218 0.4318
vn -0.5916 -0.7218 0.3591
vn -0.6327 -0.7218 0.2805
vn -0.6634 -0.7218 0.1973
vn -0.6832 -0.7218 0.1108
vn -0.6917 -0.7218 0.0226
vn -0.6889 -0.7218 -0.0661
vn -0.6748 -0.7218 -0.1536
vn -0.6496 -0.7218 -0.2387
vn -0.6138 -0.7218 -0.3198
vn -0.5678 -0.7218 -0.3956
vn -0.5126 -0.7218 -0.4650
vn -0.4489 -0.7218 -0.5267
vn -0.3779 -0.7218 -0.5798
vn -0.3006 -0.7218 -0.6234
vn -0.2184 -0.7218 -0.6567
vn -0.1327 -0.7218 -0.6793
vn -0.0447 -0.7218 -0.6906
vn 0.0440 -0.7218 -0.6907
vn 0.1319 -0.7218 -0.6794
vn 0.2177 -0.7218 -0.6569
vn 0.2999 -0.7218 -0.6237
vn 0.3773 -0.7218 -0.5802
vn 0.4483 -0.7218 -0.5272
vn 0.5121 -0.7218 -0.4656
vn 0.5674 -0.7218 -0.3963
vn 0.6134 -0.7218 -0.3204
vn 0.6494 -0.7218 -0.2394
vn 0.6747 -0.7218 -0.1544
vn 0.6889 -0.7218 -0.0668
vn 0.6917 -0.7218 0.0218
vn 0.6833 -0.7218 0.1101
vn 0.6636 -0.7218 0.1966
vn 0.6330 -0.7218 0.2798
vn 0.5920 -0.7218 0.3585
vn 0.5413 -0.7218 0.4312
vn 0.4817 -0.7218 0.4969
vn 0.4143 -0.7218 0.5544
vn 0.3399 -0.7218 0.6029
vn 0.2601 -0.7218 0.6414
vn 0.1759 -0.7218 0.6693
vn 0.0889 -0.7218 0.6863
vn 0.0004 -0.7218 0.6921
vn -0.0881 -0.7218 0.6865
vn -0.1752 -0.7218 0.6695
vn -0.2594 -0.7218 0.6417
vn -0.3393 -0.7218 0.6032
vn -0.4137 -0.7218 0.5549
vn -0.4812 -0.7218 0.4974
vn -0.4216 0.7197 0.5516
vn -0.4826 0.7198 0.4989
vn -0.3543 0.7199 0.5969
vn -0.2831 0.7199 0.6337
vn -0.2069 0.7201 0.6624
vn -0.1295 0.7201 0.6817
vn -0.0491 0.7197 0.6926
vn 0.0320 0.7200 0.6933
vn 0.1116 0.7199 0.6850
vn 0.1909 0.7198 0.6674
vn 0.2669 0.7198 0.6408
vn 0.3396 0.7197 0.6056
vn 0.4077 0.7200 0.5616
vn 0.4697 0.7199 0.5110
vn 0.5263 0.7198 0.4527
vn 0.5750 0.7198 0.3888
vn 0.6165 0.7197 0.3193
vn 0.6492 0.7200 0.2452
vn 0.6732 0.7200 0.1689
vn 0.6884 0.7198 0.0891
vn 0.6941 0.7198 0.0089
vn 0.6905 0.7197 -0.0720
vn 0.6771 0.7201 -0.1519
vn 0.6552 0.7200 -0.2288
vn 0.6241 0.7198 -0.3039
vn 0.5848 0.7199 -0.3739
vn 0.5373 0.7197 -0.4396
vn 0.4826 0.7198 -0.4989
vn 0.4216 0.7198 -0.5516
vn 0.3543 0.7199 -0.5969
vn 0.2831 0.7199 -0.6337
vn 0.2069 0.7201 -0.6623
vn 0.0491 0.7198 -0.6925
vn 0.1295 0.7201 -0.6817
vn -0.0320 0.7199 -0.6934
vn -0.1116 0.7199 -0.6850
vn -0.1909 0.7198 -0.6674
vn -0.2669 0.7198 -0.6408
vn -0.3396 0.7197 -0.6056
vn -0.4077 0.7200 -0.5616
vn -0.4697 0.7199 -0.5110
vn -0.5263 0.7198 -0.4527
vn -0.5751 0.7198 -0.3888
vn -0.6165 0.7197 -0.3194
vn -0.6492 0.7200 -0.2452
vn -0.6732 0.7200 -0.1689
vn -0.6884 0.7198 -0.0890
vn -0.6941 0.7198 -0.0089
vn -0.6905 0.7197 0.0720
vn -0.6771 0.7201 0.1519
vn -0.6552 0.7200 0.2288
vn -0.6241 0.7198 0.3039
vn -0.5848 0.7199 0.3739
vn -0.5373 0.7197 0.4396
vn 0.5811 0.6945 -0.4243
vn 0.5290 0.6945 -0.4878
vn 0.4699 0.6945 -0.5448
vn 0.4048 0.6945 -0.5949
vn 0.3343 0.6945 -0.6371
vn 0.2595 0.6945 -0.6710
vn 0.1813 0.6945 -0.6962
vn 0.1008 0.6945 -0.7124
vn 0.0189 0.6945 -0.7193
vn -0.0632 0.6945 -0.7167
vn -0.1445 0.6945 -0.7049
vn -0.2239 0.6945 -0.6838
vn -0.3004 0.6945 -0.6538
vn -0.3730 0.6945 -0.6153
vn -0.4407 0.6945 -0.5688
vn -0.5026 0.6945 -0.5148
vn -0.5580 0.6945 -0.4542
vn -0.6062 0.6945 -0.3876
vn -0.6464 0.6945 -0.3160
vn -0.6782 0.6945 -0.2402
vn -0.7012 0.6945 -0.1613
vn -0.7150 0.6945 -0.0804
vn -0.7195 0.6945 0.0016
vn -0.7146 0.6945 0.0837
vn -0.7004 0.6945 0.1646
vn -0.6771 0.6945 0.2433
vn -0.6450 0.6945 0.3189
vn -0.6044 0.6945 0.3904
vn -0.5560 0.6945 0.4567
vn -0.5003 0.6945 0.5171
vn -0.4381 0.6945 0.5708
vn -0.3701 0.6945 0.6170
vn -0.2974 0.6945 0.6551
vn -0.2208 0.6945 0.6848
vn -0.1413 0.6944 0.7055
vn -0.0599 0.6945 0.7170
vn 0.0222 0.6945 0.7191
vn 0.1040 0.6945 0.7120
vn 0.1845 0.6945 0.6955
vn 0.2626 0.6945 0.6699
vn 0.3372 0.6945 0.6356
vn 0.4075 0.6945 0.5930
vn 0.4724 0.6945 0.5427
vn 0.5312 0.6945 0.4853
vn 0.5830 0.6945 0.4216
vn 0.6273 0.6945 0.3524
vn 0.6634 0.6945 0.2786
vn 0.6908 0.6945 0.2011
vn 0.7093 0.6945 0.1211
vn 0.7184 0.6945 0.0394
vn 0.7182 0.6945 -0.0427
vn 0.7087 0.6945 -0.1243
vn 0.6899 0.6945 -0.2043
vn 0.6621 0.6945 -0.2816
vn 0.6257 0.6945 -0.3552
vn -0.5003 -0.6945 0.5171
vn -0.5560 -0.6945 0.4567
vn -0.6044 -0.6945 0.3904
vn -0.6450 -0.6945 0.3189
vn -0.6771 -0.6945 0.2433
vn -0.7004 -0.6945 0.1646
vn -0.7146 -0.6945 0.0837
vn -0.7195 -0.6945 0.0017
vn -0.7150 -0.6945 -0.0804
vn -0.7012 -0.6945 -0.1613
vn -0.6782 -0.6945 -0.2402
vn -0.6464 -0.6945 -0.3160
vn -0.6062 -0.6945 -0.3876
vn -0.5580 -0.6945 -0.4542
vn -0.5026 -0.6945 -0.5148
vn -0.4407 -0.6945 -0.5688
vn -0.3730 -0.6945 -0.6153
vn -0.3004 -0.6945 -0.6538
vn -0.2239 -0.6945 -0.6838
vn -0.1445 -0.6945 -0.7049
vn -0.0632 -0.6945 -0.7167
vn 0.0189 -0.6945 -0.7193
vn 0.1008 -0.6945 -0.7124
vn 0.1813 -0.6945 -0.6963
vn 0.2595 -0.6945 -0.6711
vn 0.3343 -0.6945 -0.6371
vn 0.4048 -0.6945 -0.5949
vn 0.4699 -0.6945 -0.5448
vn 0.5290 -0.6945 -0.4877
vn 0.5811 -0.6945 -0.4242
vn 0.6257 -0.6945 -0.3552
vn 0.6621 -0.6945 -0.2816
vn 0.6899 -0.6945 -0.2043
vn 0.7087 -0.6945 -0.1243
vn 0.7182 -0.6945 -0.0427
vn 0.7184 -0.6945 0.0394
vn 0.7093 -0.6945 0.1211
vn 0.6908 -0.6945 0.2011
vn 0.6634 -0.6945 0.2786
vn 0.6273 -0.6945 0.3524
vn 0.5831 -0.6945 0.4216
vn 0.5312 -0.6945 0.4853
vn 0.4724 -0.6945 0.5427
vn 0.4075 -0.6945 0.5930
vn 0.3372 -0.6945 0.6356
vn 0.2626 -0.6945 0.6699
vn 0.1845 -0.6945 0.6955
vn 0.1040 -0.6945 0.7120
vn 0.0222 -0.6945 0.7192
vn -0.0599 -0.6945 0.7170
vn -0.1413 -0.6945 0.7055
vn -0.2208 -0.6945 0.6848
vn -0.2974 -0.6945 0.6552
vn -0.3701 -0.6945 0.6170
vn -0.4381 -0.6945 0.5708
vn 0.6938 0.0420 0.7189
vn 0.7340 -0.0223 0.6788
vn 0.7423 0.1118 0.6607
vn -0.9547 0.0447 -0.2943
vn -0.9751 0.1162 -0.1890
vn -0.9686 0.0428 -0.2451
vn -0.9385 0.0354 -0.3433
vn -0.9526 0.0687 -0.2965
vn -0.9359 0.0435 -0.3497
vn -0.9181 0.0434 -0.3940
vn -0.9137 0.0441 -0.4040
vn -0.8938 -0.0302 -0.4474
vn -0.8841 0.1051 -0.4553
vn -0.8658 0.0430 -0.4985
vn -0.8618 0.0437 -0.5054
vn -0.8403 0.0217 -0.5416
vn -0.8296 0.1023 -0.5489
vn -0.8081 0.0437 -0.5874
vn -0.7995 0.0439 -0.5991
vn -0.7725 0.0435 -0.6336
vn -0.7624 0.0438 -0.6456
vn -0.7339 -0.0225 -0.6789
vn -0.7218 0.0797 -0.6875
vn -0.6939 0.0419 -0.7189
vn -0.6887 0.0448 -0.7237
vn -0.6609 -0.0200 -0.7502
vn -0.6410 0.1166 -0.7586
vn -0.6122 0.0435 -0.7895
vn -0.5987 0.0437 -0.7998
vn -0.5649 0.0435 -0.8240
vn -0.5532 0.0523 -0.8314
vn -0.5168 -0.0045 -0.8561
vn -0.4713 0.0436 -0.8809
vn -0.5098 0.0434 -0.8592
vn -0.4582 0.0438 -0.8878
vn -0.4217 -0.0229 -0.9064
vn -0.4017 0.1117 -0.9089
vn -0.3679 0.0436 -0.9288
vn -0.3530 0.0437 -0.9346
vn -0.3130 0.0435 -0.9488
vn -0.3013 0.0918 -0.9491
vn -0.2610 0.0241 -0.9650
vn -0.2462 0.0438 -0.9682
vn -0.2096 0.0435 -0.9768
vn -0.1891 0.0437 -0.9810
vn -0.1529 -0.0302 -0.9878
vn -0.1275 0.1006 -0.9867
vn -0.0948 0.0432 -0.9946
vn -0.0812 0.0453 -0.9957
vn -0.0412 0.0341 -0.9986
vn -0.0228 0.1135 -0.9933
vn 0.0113 0.0437 -0.9990
vn 0.0367 0.0437 -0.9984
vn 0.0692 0.0435 -0.9967
vn 0.0955 0.0438 -0.9945
vn 0.1277 -0.0264 -0.9915
vn 0.1455 0.0478 -0.9882
vn 0.1848 0.0423 -0.9819
vn 0.2009 0.0437 -0.9786
vn 0.2312 -0.0058 -0.9729
vn 0.2570 0.1157 -0.9595
vn 0.2894 0.0436 -0.9562
vn 0.3134 0.0439 -0.9486
vn 0.3443 0.0435 -0.9378
vn 0.3621 0.0789 -0.9288
vn 0.3985 -0.0119 -0.9171
vn 0.4161 0.0439 -0.9082
vn 0.4468 0.0437 -0.8935
vn 0.4683 0.0438 -0.8825
vn 0.4953 -0.0182 -0.8685
vn 0.5167 0.0991 -0.8504
vn 0.5445 0.0434 -0.8376
vn 0.5652 0.0439 -0.8238
vn 0.5920 0.0433 -0.8047
vn 0.6057 0.1077 -0.7884
vn 0.6368 0.0136 -0.7709
vn 0.6553 0.0437 -0.7541
vn 0.6762 0.0437 -0.7354
vn 0.6981 0.0439 -0.7147
vn 0.7165 -0.0290 -0.6970
vn 0.7365 0.0663 -0.6732
vn 0.7567 0.0434 -0.6524
vn 0.7710 0.0442 -0.6353
vn 0.8071 0.0433 -0.5888
vn 0.9076 0.0428 -0.4176
vn 0.8820 -0.0290 -0.4703
vn 0.8667 0.0634 -0.4948
vn 0.8524 0.0435 -0.5211
vn 0.8400 0.0438 -0.5409
vn 0.8023 0.1172 -0.5854
vn 0.9873 0.0436 -0.1526
vn 0.9783 -0.0181 -0.2062
vn 0.9674 0.0992 -0.2331
vn 0.9639 0.0437 -0.2627
vn 0.9573 0.0440 -0.2859
vn 0.9471 0.0431 -0.3180
vn 0.9354 0.1077 -0.3369
vn 0.9277 0.0077 -0.3732
vn 0.9183 0.0438 -0.3933
vn 0.8936 0.0438 -0.4466
vn 0.9921 0.1157 0.0481
vn 0.9989 0.0438 0.0165
vn 0.9989 0.0450 -0.0105
vn 0.9982 0.0437 -0.0415
vn 0.9946 0.0863 -0.0583
vn 0.9950 -0.0118 -0.0994
vn 0.9920 0.0438 -0.1187
vn 0.9833 0.0436 -0.1764
vn 0.9544 0.0457 0.2949
vn 0.9853 0.0462 0.1644
vn 0.9387 0.0363 0.3428
vn 0.9763 0.0417 0.2124
vn 0.9701 0.0443 0.2387
vn 0.9831 -0.0264 0.1809
vn 0.9933 0.0430 0.1073
vn 0.9911 0.0436 0.1257
vn 0.9973 0.0048 0.0735
vn 0.9620 0.0429 0.2696
vn 0.9388 0.1134 0.3253
vn 0.9180 0.0438 0.3941
vn 0.9244 0.0437 0.3788
vn 0.8939 -0.0300 0.4473
vn 0.9000 0.0873 0.4270
vn 0.8659 0.0430 0.4984
vn 0.7839 0.0452 0.6193
vn 0.8765 0.0435 0.4793
vn 0.8468 0.0439 0.5301
vn 0.8403 0.0217 0.5416
vn 0.8083 0.1078 0.5788
vn 0.8081 0.0437 0.5874
vn 0.7724 0.0436 0.6337
vn 0.7062 0.0435 0.7067
vn 0.6631 0.0437 0.7473
vn 0.6610 -0.0199 0.7502
vn 0.6224 0.0535 0.7809
vn 0.6122 0.0435 0.7895
vn 0.5796 0.0441 0.8137
vn 0.5649 0.0435 0.8240
vn 0.5263 0.1163 0.8423
vn 0.5168 -0.0045 0.8561
vn 0.3679 0.0436 0.9288
vn 0.3268 0.0436 0.9441
vn 0.3131 0.0435 0.9487
vn 0.2693 0.1021 0.9576
vn 0.2610 0.0243 0.9650
vn 0.4712 0.0439 0.8810
vn 0.4808 0.0435 0.8758
vn 0.4219 -0.0227 0.9064
vn 0.4328 0.0738 0.8984
vn 0.3818 0.0437 0.9232
vn 0.2095 0.0438 0.9768
vn 0.2181 0.0433 0.9750
vn 0.1530 -0.0300 0.9878
vn 0.1635 0.1048 0.9810
vn 0.0947 0.0433 0.9946
vn 0.1059 0.0438 0.9934
vn 0.0475 0.0437 0.9979
vn 0.0413 0.0342 0.9986
vn -0.0107 0.0729 0.9973
vn -0.0113 0.0438 0.9990
vn -0.0603 0.0443 0.9972
vn -0.9701 0.0443 -0.2387
vn -0.9831 -0.0267 -0.1812
vn -0.9904 0.0440 -0.1309
vn -0.9912 0.0432 -0.1255
vn -0.9951 0.0594 -0.0789
vn -0.9973 0.0048 -0.0735
vn -0.9988 0.0435 -0.0238
vn -0.9989 0.0441 -0.0165
vn -0.9984 0.0437 0.0346
vn -0.9982 0.0435 0.0414
vn -0.9895 0.1102 0.0936
vn -0.9950 -0.0118 0.0994
vn -0.9879 0.0437 0.1487
vn -0.9873 0.0436 0.1526
vn -0.9749 0.0955 0.2011
vn -0.9783 -0.0181 0.2062
vn -0.9650 0.0441 0.2586
vn -0.9639 0.0438 0.2628
vn -0.9483 0.0435 0.3145
vn -0.9471 0.0433 0.3179
vn -0.9259 0.0834 0.3684
vn -0.9277 0.0079 0.3732
vn -0.9077 0.0436 0.4173
vn -0.9076 0.0428 0.4176
vn -0.8774 0.1147 0.4659
vn -0.8821 -0.0287 0.4703
vn -0.8529 0.0436 0.5202
vn -0.8523 0.0437 0.5212
vn -0.8072 0.0436 0.5887
vn -0.8071 0.0437 0.5888
vn -0.7560 0.0437 0.6531
vn -0.7567 0.0436 0.6523
vn -0.7109 0.1149 0.6938
vn -0.7165 -0.0290 0.6970
vn -0.6730 0.0451 0.7382
vn -0.6762 0.0438 0.7354
vn -0.6354 0.0931 0.7665
vn -0.6368 0.0138 0.7709
vn -0.5890 0.0436 0.8069
vn -0.5919 0.0435 0.8048
vn -0.5414 0.0436 0.8396
vn -0.5446 0.0436 0.8375
vn -0.4888 0.0957 0.8672
vn -0.4952 -0.0180 0.8686
vn -0.4436 0.0434 0.8952
vn -0.4469 0.0439 0.8935
vn -0.3910 0.1099 0.9138
vn -0.3985 -0.0119 0.9171
vn -0.3374 0.0435 0.9403
vn -0.3442 0.0438 0.9379
vn -0.2823 0.0435 0.9583
vn -0.2896 0.0439 0.9562
vn -0.2295 0.0578 0.9716
vn -0.2310 -0.0056 0.9729
vn -0.1772 0.0436 0.9832
vn -0.1849 0.0425 0.9818
vn -0.1184 0.1168 0.9861
vn -0.1277 -0.0264 0.9915
vn -0.0692 0.0436 0.9967
vn -0.9085 -0.1784 0.3778
vn -0.9261 -0.0437 0.3747
vn -0.9425 -0.0436 0.3314
vn -0.9728 -0.1118 0.2027
vn -0.9708 -0.1773 0.1614
vn -0.9542 -0.1766 0.2417
vn -0.9310 -0.1777 0.3187
vn -0.9531 -0.0979 0.2862
vn -0.9683 -0.0433 0.2462
vn -0.9866 -0.0436 0.1569
vn -0.9929 -0.0423 0.1109
vn -0.9792 -0.1781 0.0974
vn -0.9959 -0.0587 0.0684
vn -0.9840 -0.1767 0.0210
vn -0.9987 -0.0434 0.0258
vn -0.9927 -0.1191 -0.0205
vn -0.9824 -0.1761 -0.0627
vn -0.9967 -0.0442 -0.0674
vn -0.9742 -0.1783 -0.1387
vn -0.9917 -0.0726 -0.1057
vn -0.9400 -0.1035 -0.3250
vn -0.9168 -0.1776 -0.3576
vn -0.9434 -0.1766 -0.2808
vn -0.9874 -0.0434 -0.1523
vn -0.9793 -0.0433 -0.1976
vn -0.9633 -0.1771 -0.2018
vn -0.9641 -0.1079 -0.2427
vn -0.9574 -0.0433 -0.2854
vn -0.9279 -0.0434 -0.3703
vn -0.9098 -0.0433 -0.4127
vn -0.8919 -0.1781 -0.4156
vn -0.8881 -0.0771 -0.4532
vn -0.8562 -0.1769 -0.4853
vn -0.8707 -0.0436 -0.4898
vn -0.8419 -0.1182 -0.5265
vn -0.8120 -0.1763 -0.5564
vn -0.8211 -0.0436 -0.5691
vn -0.7686 -0.1771 -0.6148
vn -0.7964 -0.0516 -0.6026
vn -0.6416 -0.0918 -0.7616
vn -0.6051 -0.1780 -0.7760
vn -0.6668 -0.1766 -0.7240
vn -0.7702 -0.0436 -0.6363
vn -0.7399 -0.0431 -0.6713
vn -0.7245 -0.1767 -0.6662
vn -0.7028 -0.1147 -0.7021
vn -0.6755 -0.0436 -0.7361
vn -0.4537 -0.1143 -0.8838
vn -0.4133 -0.1768 -0.8933
vn -0.4867 -0.1767 -0.8555
vn -0.6075 -0.0436 -0.7931
vn -0.5701 -0.0436 -0.8204
vn -0.5544 -0.1779 -0.8130
vn -0.5295 -0.0921 -0.8433
vn -0.4956 -0.0437 -0.8675
vn -0.4136 -0.0431 -0.9094
vn -0.3707 -0.0422 -0.9278
vn -0.3514 -0.1767 -0.9194
vn -0.3325 -0.0498 -0.9418
vn -0.2819 -0.1768 -0.9430
vn -0.2911 -0.0436 -0.9557
vn -0.2437 -0.1180 -0.9627
vn -0.2004 -0.1761 -0.9638
vn -0.2003 -0.0445 -0.9787
vn -0.1239 -0.1780 -0.9762
vn -0.1626 -0.0837 -0.9831
vn 0.0632 -0.1078 -0.9922
vn 0.1019 -0.1775 -0.9788
vn 0.0204 -0.1767 -0.9841
vn -0.1154 -0.0434 -0.9924
vn -0.0695 -0.0434 -0.9966
vn -0.0608 -0.1778 -0.9822
vn -0.0223 -0.1032 -0.9944
vn 0.0203 -0.0437 -0.9988
vn 0.1106 -0.0435 -0.9929
vn 0.1561 -0.0434 -0.9868
vn 0.1646 -0.1779 -0.9702
vn 0.2004 -0.0690 -0.9773
vn 0.2413 -0.1768 -0.9542
vn 0.2411 -0.0436 -0.9695
vn 0.2834 -0.1190 -0.9516
vn 0.3207 -0.1761 -0.9307
vn 0.3298 -0.0439 -0.9430
vn 0.3915 -0.1779 -0.9028
vn 0.3676 -0.0616 -0.9279
vn 0.5632 -0.0979 -0.8205
vn 0.5883 -0.1775 -0.7889
vn 0.5216 -0.1769 -0.8346
vn 0.4096 -0.0434 -0.9112
vn 0.4509 -0.0435 -0.8915
vn 0.4502 -0.1772 -0.8752
vn 0.4895 -0.1115 -0.8648
vn 0.5303 -0.0437 -0.8467
vn 0.7309 -0.1166 -0.6724
vn 0.7519 -0.1768 -0.6351
vn 0.6963 -0.1766 -0.6957
vn 0.6039 -0.0434 -0.7959
vn 0.6396 -0.0436 -0.7675
vn 0.6370 -0.1781 -0.7500
vn 0.6726 -0.0848 -0.7352
vn 0.7051 -0.0434 -0.7078
vn 0.7671 -0.0436 -0.6401
vn 0.8072 -0.0440 -0.5886
vn 0.7957 -0.1737 -0.5802
vn 0.8437 -0.0436 -0.5351
vn 0.8341 -0.1764 -0.5226
vn 0.8632 -0.1169 -0.4912
vn 0.8764 -0.1755 -0.4485
vn 0.8904 -0.0444 -0.4530
vn 0.9086 -0.1784 -0.3778
vn 0.9034 -0.0947 -0.4182
vn 0.9728 -0.1118 -0.2027
vn 0.9708 -0.1773 -0.1614
vn 0.9542 -0.1766 -0.2417
vn 0.9262 -0.0436 -0.3746
vn 0.9425 -0.0436 -0.3314
vn 0.9310 -0.1777 -0.3187
vn 0.9531 -0.0979 -0.2862
vn 0.9683 -0.0433 -0.2462
vn 0.9866 -0.0436 -0.1570
vn 0.9929 -0.0423 -0.1109
vn 0.9792 -0.1781 -0.0974
vn 0.9959 -0.0587 -0.0684
vn 0.9840 -0.1767 -0.0210
vn 0.9987 -0.0434 -0.0258
vn 0.9927 -0.1191 0.0205
vn 0.9824 -0.1761 0.0627
vn 0.9967 -0.0442 0.0674
vn 0.9742 -0.1783 0.1387
vn 0.9917 -0.0726 0.1057
vn 0.9400 -0.1035 0.3250
vn 0.9168 -0.1777 0.3576
vn 0.9434 -0.1766 0.2808
vn 0.9874 -0.0434 0.1523
vn 0.9793 -0.0433 0.1976
vn 0.9633 -0.1771 0.2018
vn 0.9641 -0.1079 0.2427
vn 0.9574 -0.0433 0.2854
vn 0.9279 -0.0435 0.3703
vn 0.9098 -0.0433 0.4127
vn 0.8919 -0.1781 0.4156
vn 0.8880 -0.0773 0.4532
vn 0.8562 -0.1769 0.4853
vn 0.8707 -0.0436 0.4898
vn 0.8419 -0.1182 0.5265
vn 0.8119 -0.1766 0.5564
vn 0.8211 -0.0441 0.5691
vn 0.7686 -0.1766 0.6148
vn 0.7964 -0.0517 0.6026
vn 0.6416 -0.0918 0.7616
vn 0.6051 -0.1780 0.7760
vn 0.6668 -0.1766 0.7240
vn 0.7702 -0.0435 0.6363
vn 0.7399 -0.0432 0.6713
vn 0.7245 -0.1768 0.6662
vn 0.7028 -0.1147 0.7021
vn 0.6755 -0.0436 0.7361
vn 0.4537 -0.1143 0.8838
vn 0.4133 -0.1769 0.8932
vn 0.4867 -0.1767 0.8555
vn 0.6075 -0.0436 0.7931
vn 0.5701 -0.0436 0.8204
vn 0.5544 -0.1779 0.8130
vn 0.5295 -0.0921 0.8433
vn 0.4956 -0.0437 0.8675
vn 0.4136 -0.0432 0.9094
vn 0.3707 -0.0422 0.9278
vn 0.3514 -0.1766 0.9194
vn 0.3325 -0.0498 0.9418
vn 0.2819 -0.1768 0.9430
vn 0.2911 -0.0436 0.9557
vn 0.2437 -0.1180 0.9627
vn 0.2004 -0.1761 0.9638
vn 0.2003 -0.0445 0.9787
vn 0.1239 -0.1780 0.9762
vn 0.1626 -0.0837 0.9831
vn -0.0632 -0.1078 0.9922
vn -0.1019 -0.1775 0.9788
vn -0.0204 -0.1767 0.9841
vn 0.1154 -0.0434 0.9924
vn 0.0695 -0.0434 0.9966
vn 0.0608 -0.1778 0.9822
vn 0.0223 -0.1032 0.9944
vn -0.0203 -0.0437 0.9988
vn -0.1106 -0.0435 0.9929
vn -0.1561 -0.0434 0.9868
vn -0.1646 -0.1779 0.9702
vn -0.2004 -0.0690 0.9773
vn -0.2413 -0.1767 0.9542
vn -0.2411 -0.0436 0.9695
vn -0.2834 -0.1190 0.9516
vn -0.3207 -0.1761 0.9307
vn -0.3298 -0.0439 0.9430
vn -0.3915 -0.1779 0.9028
vn -0.3676 -0.0616 0.9279
vn -0.5632 -0.0979 0.8205
vn -0.5883 -0.1775 0.7889
vn -0.5216 -0.1769 0.8346
vn -0.4096 -0.0434 0.9112
vn -0.4509 -0.0435 0.8915
vn -0.4502 -0.1772 0.8752
vn -0.4895 -0.1115 0.8648
vn -0.5304 -0.0437 0.8467
vn -0.7309 -0.1166 0.6724
vn -0.7519 -0.1767 0.6351
vn -0.6963 -0.1766 0.6957
vn -0.6039 -0.0434 0.7959
vn -0.6396 -0.0436 0.7675
vn -0.6370 -0.1781 0.7500
vn -0.6726 -0.0848 0.7352
vn -0.7051 -0.0434 0.7078
vn -0.7671 -0.0436 0.6401
vn -0.8072 -0.0440 0.5886
vn -0.7957 -0.1739 0.5802
vn -0.8437 -0.0436 0.5351
vn -0.8341 -0.1764 0.5226
vn -0.8632 -0.1169 0.4912
vn -0.8764 -0.1755 0.4485
vn -0.8904 -0.0444 0.4530
vn -0.9034 -0.0947 0.4182
vn -0.7146 -0.3413 0.6106
vn -0.6656 -0.3412 0.6637
vn -0.6133 -0.3416 0.7122
vn -0.5568 -0.3410 0.7574
vn -0.4971 -0.3414 0.7977
vn -0.4345 -0.3410 0.8336
vn -0.3695 -0.3411 0.8644
vn -0.3021 -0.3410 0.8902
vn -0.2335 -0.3415 0.9104
vn -0.1630 -0.3415 0.9256
vn -0.0916 -0.3411 0.9356
vn -0.0197 -0.3411 0.9398
vn 0.0524 -0.3418 0.9383
vn 0.1241 -0.3415 0.9316
vn 0.1949 -0.3410 0.9196
vn 0.2649 -0.3415 0.9018
vn 0.3328 -0.3411 0.8791
vn 0.3993 -0.3415 0.8509
vn 0.4631 -0.3411 0.8180
vn 0.5246 -0.3413 0.7799
vn 0.5826 -0.3414 0.7375
vn 0.6374 -0.3412 0.6909
vn 0.6887 -0.3413 0.6397
vn 0.7357 -0.3412 0.5851
vn 0.7781 -0.3412 0.5275
vn 0.8161 -0.3413 0.4664
vn 0.8494 -0.3415 0.4023
vn 0.8778 -0.3412 0.3363
vn 0.9009 -0.3412 0.2682
vn 0.9189 -0.3411 0.1982
vn 0.9311 -0.3416 0.1275
vn 0.9384 -0.3411 0.0558
vn 0.9397 -0.3416 -0.0162
vn 0.9358 -0.3412 -0.0882
vn 0.9263 -0.3413 -0.1595
vn 0.9114 -0.3412 -0.2301
vn 0.8911 -0.3412 -0.2992
vn 0.8655 -0.3416 -0.3663
vn 0.8350 -0.3413 -0.4317
vn 0.7991 -0.3411 -0.4952
vn 0.7594 -0.3412 -0.5540
vn 0.7146 -0.3414 -0.6106
vn 0.6656 -0.3412 -0.6637
vn 0.6133 -0.3416 -0.7122
vn 0.5568 -0.3410 -0.7574
vn 0.4971 -0.3414 -0.7977
vn 0.4345 -0.3410 -0.8336
vn 0.3695 -0.3411 -0.8644
vn 0.3021 -0.3410 -0.8902
vn 0.2335 -0.3415 -0.9104
vn 0.1630 -0.3415 -0.9256
vn 0.0916 -0.3411 -0.9356
vn 0.0197 -0.3411 -0.9398
vn -0.0524 -0.3418 -0.9383
vn -0.1241 -0.3415 -0.9316
vn -0.1948 -0.3410 -0.9196
vn -0.2649 -0.3415 -0.9018
vn -0.3328 -0.3412 -0.8791
vn -0.3993 -0.3414 -0.8509
vn -0.4631 -0.3411 -0.8180
vn -0.5246 -0.3413 -0.7799
vn -0.5826 -0.3414 -0.7375
vn -0.6374 -0.3412 -0.6909
vn -0.6887 -0.3413 -0.6397
vn -0.7356 -0.3414 -0.5851
vn -0.7780 -0.3412 -0.5275
vn -0.8161 -0.3413 -0.4664
vn -0.8494 -0.3415 -0.4023
vn -0.8778 -0.3412 -0.3363
vn -0.9009 -0.3412 -0.2682
vn -0.9189 -0.3411 -0.1982
vn -0.9311 -0.3416 -0.1275
vn -0.9384 -0.3411 -0.0558
vn -0.9397 -0.3416 0.0162
vn -0.9358 -0.3412 0.0882
vn -0.9263 -0.3413 0.1595
vn -0.9114 -0.3412 0.2301
vn -0.8911 -0.3412 0.2992
vn -0.8655 -0.3416 0.3663
vn -0.8350 -0.3413 0.4317
vn -0.7991 -0.3411 0.4952
vn -0.7593 -0.3416 0.5539
vn -0.6588 -0.4989 0.5631
vn -0.6137 -0.4990 0.6119
vn -0.5655 -0.4995 0.6563
vn -0.5133 -0.4991 0.6982
vn -0.4582 -0.4989 0.7356
vn -0.4006 -0.4989 0.7685
vn -0.3405 -0.4988 0.7970
vn -0.2786 -0.4988 0.8207
vn -0.2151 -0.4992 0.8393
vn -0.1503 -0.4995 0.8532
vn -0.0843 -0.4986 0.8627
vn -0.0182 -0.4994 0.8662
vn 0.0483 -0.4995 0.8650
vn 0.1143 -0.4987 0.8592
vn 0.1796 -0.4988 0.8479
vn 0.2444 -0.4997 0.8310
vn 0.3070 -0.4990 0.8104
vn 0.3681 -0.4991 0.7845
vn 0.4271 -0.4991 0.7540
vn 0.4837 -0.4991 0.7190
vn 0.5373 -0.4993 0.6797
vn 0.5878 -0.4989 0.6369
vn 0.6350 -0.4991 0.5896
vn 0.6781 -0.4990 0.5396
vn 0.7172 -0.4990 0.4865
vn 0.7524 -0.4989 0.4301
vn 0.7832 -0.4991 0.3709
vn 0.8091 -0.4993 0.3101
vn 0.8306 -0.4990 0.2473
vn 0.8471 -0.4990 0.1828
vn 0.8584 -0.4994 0.1175
vn 0.8651 -0.4990 0.0514
vn 0.8663 -0.4994 -0.0149
vn 0.8629 -0.4988 -0.0812
vn 0.8540 -0.4991 -0.1470
vn 0.8404 -0.4988 -0.2119
vn 0.8215 -0.4990 -0.2758
vn 0.7980 -0.4990 -0.3379
vn 0.7696 -0.4991 -0.3982
vn 0.7370 -0.4990 -0.4559
vn 0.7003 -0.4988 -0.5107
vn 0.6588 -0.4990 -0.5630
vn 0.6137 -0.4990 -0.6119
vn 0.5655 -0.4995 -0.6563
vn 0.5133 -0.4991 -0.6982
vn 0.4582 -0.4989 -0.7356
vn 0.4006 -0.4989 -0.7685
vn 0.3405 -0.4988 -0.7970
vn 0.2786 -0.4988 -0.8207
vn 0.2151 -0.4992 -0.8393
vn 0.1503 -0.4995 -0.8532
vn 0.0843 -0.4986 -0.8627
vn 0.0182 -0.4994 -0.8662
vn -0.0483 -0.4995 -0.8650
vn -0.1143 -0.4987 -0.8592
vn -0.1796 -0.4988 -0.8479
vn -0.2444 -0.4997 -0.8310
vn -0.3070 -0.4990 -0.8104
vn -0.3681 -0.4991 -0.7845
vn -0.4271 -0.4991 -0.7540
vn -0.4837 -0.4991 -0.7190
vn -0.5373 -0.4993 -0.6797
vn -0.5878 -0.4989 -0.6369
vn -0.6350 -0.4991 -0.5896
vn -0.6781 -0.4989 -0.5396
vn -0.7172 -0.4990 -0.4865
vn -0.7524 -0.4989 -0.4301
vn -0.7832 -0.4991 -0.3709
vn -0.8091 -0.4993 -0.3101
vn -0.8306 -0.4990 -0.2473
vn -0.8471 -0.4990 -0.1828
vn -0.8584 -0.4994 -0.1175
vn -0.8651 -0.4990 -0.0514
vn -0.8663 -0.4994 0.0149
vn -0.8629 -0.4988 0.0812
vn -0.8540 -0.4991 0.1470
vn -0.8404 -0.4988 0.2119
vn -0.8215 -0.4990 0.2758
vn -0.7980 -0.4990 0.3379
vn -0.7696 -0.4991 0.3982
vn -0.7370 -0.4990 0.4559
vn -0.7002 -0.4991 0.5106
vn -0.5833 -0.6415 0.4982
vn -0.5434 -0.6419 0.5410
vn -0.5005 -0.6417 0.5812
vn -0.4542 -0.6417 0.6180
vn -0.4058 -0.6417 0.6508
vn -0.3546 -0.6417 0.6801
vn -0.3016 -0.6415 0.7053
vn -0.2467 -0.6416 0.7263
vn -0.1905 -0.6422 0.7425
vn -0.1330 -0.6417 0.7554
vn -0.0747 -0.6416 0.7634
vn -0.0161 -0.6420 0.7665
vn 0.0426 -0.6413 0.7661
vn 0.1011 -0.6417 0.7603
vn 0.1591 -0.6420 0.7500
vn 0.2162 -0.6421 0.7355
vn 0.2716 -0.6413 0.7176
vn 0.3259 -0.6416 0.6943
vn 0.3782 -0.6418 0.6672
vn 0.4281 -0.6417 0.6364
vn 0.4755 -0.6416 0.6018
vn 0.5203 -0.6415 0.5637
vn 0.5617 -0.6416 0.5224
vn 0.6003 -0.6418 0.4772
vn 0.6346 -0.6414 0.4310
vn 0.6660 -0.6415 0.3806
vn 0.6932 -0.6418 0.3281
vn 0.7160 -0.6419 0.2744
vn 0.7353 -0.6414 0.2188
vn 0.7496 -0.6417 0.1620
vn 0.7597 -0.6419 0.1039
vn 0.7655 -0.6418 0.0454
vn 0.7669 -0.6416 -0.0132
vn 0.7636 -0.6417 -0.0718
vn 0.7558 -0.6418 -0.1300
vn 0.7436 -0.6417 -0.1876
vn 0.7272 -0.6415 -0.2442
vn 0.7065 -0.6414 -0.2990
vn 0.6812 -0.6418 -0.3523
vn 0.6525 -0.6415 -0.4034
vn 0.6196 -0.6415 -0.4524
vn 0.5833 -0.6415 -0.4982
vn 0.5434 -0.6419 -0.5410
vn 0.5005 -0.6417 -0.5812
vn 0.4542 -0.6417 -0.6180
vn 0.4058 -0.6417 -0.6508
vn 0.3546 -0.6417 -0.6801
vn 0.3016 -0.6415 -0.7054
vn 0.2467 -0.6416 -0.7263
vn 0.1905 -0.6422 -0.7425
vn 0.1330 -0.6417 -0.7554
vn 0.0747 -0.6416 -0.7634
vn 0.0161 -0.6420 -0.7665
vn -0.0426 -0.6413 -0.7661
vn -0.1011 -0.6417 -0.7603
vn -0.1591 -0.6420 -0.7500
vn -0.2162 -0.6421 -0.7355
vn -0.2716 -0.6412 -0.7176
vn -0.3259 -0.6417 -0.6943
vn -0.3782 -0.6418 -0.6672
vn -0.4281 -0.6417 -0.6364
vn -0.4755 -0.6416 -0.6018
vn -0.5203 -0.6415 -0.5637
vn -0.5618 -0.6415 -0.5224
vn -0.6002 -0.6419 -0.4771
vn -0.6346 -0.6415 -0.4310
vn -0.6660 -0.6415 -0.3806
vn -0.6932 -0.6418 -0.3281
vn -0.7160 -0.6419 -0.2744
vn -0.7353 -0.6414 -0.2188
vn -0.7496 -0.6417 -0.1620
vn -0.7597 -0.6419 -0.1039
vn -0.7655 -0.6418 -0.0454
vn -0.7669 -0.6416 0.0132
vn -0.7636 -0.6417 0.0718
vn -0.7558 -0.6418 0.1300
vn -0.7436 -0.6417 0.1876
vn -0.7272 -0.6415 0.2442
vn -0.7065 -0.6414 0.2990
vn -0.6812 -0.6418 0.3523
vn -0.6525 -0.6415 0.4034
vn -0.6196 -0.6415 0.4524
vn -0.4895 -0.7651 0.4183
vn -0.4562 -0.7654 0.4540
vn -0.4201 -0.7653 0.4877
vn -0.3813 -0.7649 0.5191
vn -0.3407 -0.7652 0.5463
vn -0.2976 -0.7649 0.5713
vn -0.2532 -0.7653 0.5917
vn -0.2070 -0.7646 0.6104
vn -0.1599 -0.7654 0.6234
vn -0.1116 -0.7651 0.6341
vn -0.0627 -0.7652 0.6407
vn -0.0135 -0.7644 0.6446
vn 0.0358 -0.7652 0.6428
vn 0.0849 -0.7656 0.6377
vn 0.1335 -0.7650 0.6300
vn 0.1814 -0.7652 0.6177
vn 0.2280 -0.7650 0.6024
vn 0.2735 -0.7651 0.5829
vn 0.3173 -0.7652 0.5602
vn 0.3593 -0.7650 0.5344
vn 0.3991 -0.7653 0.5051
vn 0.4367 -0.7653 0.4728
vn 0.4714 -0.7650 0.4388
vn 0.5037 -0.7652 0.4008
vn 0.5327 -0.7652 0.3614
vn 0.5591 -0.7651 0.3194
vn 0.5818 -0.7652 0.2755
vn 0.6012 -0.7652 0.2303
vn 0.6174 -0.7649 0.1838
vn 0.6293 -0.7652 0.1360
vn 0.6378 -0.7653 0.0873
vn 0.6427 -0.7652 0.0382
vn 0.6441 -0.7649 -0.0111
vn 0.6409 -0.7652 -0.0603
vn 0.6345 -0.7652 -0.1092
vn 0.6242 -0.7652 -0.1575
vn 0.6104 -0.7650 -0.2052
vn 0.5932 -0.7651 -0.2507
vn 0.5719 -0.7652 -0.2956
vn 0.5476 -0.7652 -0.3385
vn 0.5199 -0.7651 -0.3800
vn 0.4896 -0.7650 -0.4184
vn 0.4562 -0.7654 -0.4540
vn 0.4201 -0.7653 -0.4877
vn 0.3813 -0.7649 -0.5191
vn 0.3407 -0.7652 -0.5463
vn 0.2976 -0.7649 -0.5713
vn 0.2533 -0.7653 -0.5917
vn 0.2070 -0.7646 -0.6104
vn 0.1599 -0.7654 -0.6234
vn 0.1116 -0.7651 -0.6341
vn 0.0627 -0.7652 -0.6407
vn 0.0135 -0.7644 -0.6446
vn -0.0358 -0.7652 -0.6428
vn -0.0849 -0.7656 -0.6377
vn -0.1335 -0.7650 -0.6300
vn -0.1814 -0.7652 -0.6177
vn -0.2280 -0.7649 -0.6024
vn -0.2735 -0.7651 -0.5829
vn -0.3173 -0.7652 -0.5602
vn -0.3593 -0.7650 -0.5344
vn -0.3991 -0.7653 -0.5051
vn -0.4367 -0.7653 -0.4728
vn -0.4714 -0.7650 -0.4389
vn -0.5036 -0.7653 -0.4008
vn -0.5328 -0.7652 -0.3615
vn -0.5591 -0.7651 -0.3194
vn -0.5818 -0.7652 -0.2755
vn -0.6012 -0.7652 -0.2303
vn -0.6174 -0.7649 -0.1838
vn -0.6293 -0.7652 -0.1360
vn -0.6378 -0.7653 -0.0873
vn -0.6427 -0.7652 -0.0382
vn -0.6441 -0.7649 0.0111
vn -0.6409 -0.7652 0.0603
vn -0.6345 -0.7652 0.1092
vn -0.6242 -0.7652 0.1575
vn -0.6104 -0.7650 0.2052
vn -0.5932 -0.7651 0.2507
vn -0.5719 -0.7652 0.2956
vn -0.5476 -0.7653 0.3385
vn -0.5200 -0.7650 0.3800
vn -0.3813 -0.8651 0.3258
vn -0.3553 -0.8652 0.3538
vn -0.3271 -0.8653 0.3797
vn -0.2971 -0.8651 0.4041
vn -0.2653 -0.8653 0.4253
vn -0.2319 -0.8649 0.4451
vn -0.1972 -0.8656 0.4602
vn -0.1612 -0.8647 0.4758
vn -0.1245 -0.8651 0.4858
vn -0.0870 -0.8655 0.4933
vn -0.0489 -0.8655 0.4985
vn -0.0105 -0.8645 0.5024
vn 0.0279 -0.8655 0.5002
vn 0.0661 -0.8652 0.4971
vn 0.1039 -0.8647 0.4914
vn 0.1413 -0.8653 0.4810
vn 0.1776 -0.8651 0.4692
vn 0.2131 -0.8653 0.4536
vn 0.2471 -0.8651 0.4365
vn 0.2798 -0.8651 0.4162
vn 0.3108 -0.8654 0.3930
vn 0.3402 -0.8653 0.3681
vn 0.3672 -0.8650 0.3421
vn 0.3922 -0.8653 0.3122
vn 0.4152 -0.8652 0.2811
vn 0.4354 -0.8651 0.2489
vn 0.4532 -0.8652 0.2148
vn 0.4681 -0.8653 0.1793
vn 0.4805 -0.8653 0.1429
vn 0.4903 -0.8651 0.1060
vn 0.4969 -0.8651 0.0679
vn 0.5005 -0.8652 0.0297
vn 0.5015 -0.8651 -0.0086
vn 0.4991 -0.8653 -0.0470
vn 0.4944 -0.8651 -0.0852
vn 0.4863 -0.8652 -0.1226
vn 0.4753 -0.8652 -0.1597
vn 0.4619 -0.8651 -0.1954
vn 0.4454 -0.8652 -0.2301
vn 0.4265 -0.8653 -0.2634
vn 0.4050 -0.8653 -0.2952
vn 0.3813 -0.8651 -0.3259
vn 0.3553 -0.8652 -0.3538
vn 0.3271 -0.8653 -0.3797
vn 0.2971 -0.8651 -0.4041
vn 0.2653 -0.8653 -0.4253
vn 0.2319 -0.8649 -0.4451
vn 0.1972 -0.8656 -0.4602
vn 0.1612 -0.8646 -0.4758
vn 0.1245 -0.8651 -0.4858
vn 0.0870 -0.8655 -0.4933
vn 0.0489 -0.8655 -0.4985
vn 0.0105 -0.8645 -0.5024
vn -0.0279 -0.8655 -0.5002
vn -0.0661 -0.8652 -0.4971
vn -0.1039 -0.8647 -0.4914
vn -0.1413 -0.8653 -0.4810
vn -0.1776 -0.8651 -0.4692
vn -0.2131 -0.8653 -0.4536
vn -0.2471 -0.8651 -0.4365
vn -0.2798 -0.8651 -0.4162
vn -0.3108 -0.8654 -0.3930
vn -0.3402 -0.8653 -0.3681
vn -0.3671 -0.8650 -0.3420
vn -0.3922 -0.8652 -0.3123
vn -0.4152 -0.8652 -0.2811
vn -0.4354 -0.8651 -0.2489
vn -0.4532 -0.8652 -0.2148
vn -0.4681 -0.8653 -0.1793
vn -0.4805 -0.8653 -0.1429
vn -0.4903 -0.8651 -0.1060
vn -0.4969 -0.8651 -0.0679
vn -0.5005 -0.8652 -0.0297
vn -0.5015 -0.8651 0.0086
vn -0.4991 -0.8653 0.0470
vn -0.4944 -0.8651 0.0852
vn -0.4863 -0.8652 0.1226
vn -0.4753 -0.8652 0.1597
vn -0.4619 -0.8651 0.1954
vn -0.4454 -0.8652 0.2301
vn -0.4263 -0.8654 0.2633
vn -0.4051 -0.8653 0.2952
vn -0.2618 -0.9390 0.2231
vn -0.2438 -0.9390 0.2427
vn -0.2245 -0.9389 0.2608
vn -0.2039 -0.9388 0.2778
vn -0.1821 -0.9390 0.2916
vn -0.1592 -0.9390 0.3050
vn -0.1353 -0.9392 0.3156
vn -0.1107 -0.9387 0.3265
vn -0.0855 -0.9390 0.3331
vn -0.0597 -0.9388 0.3393
vn -0.0336 -0.9393 0.3414
vn -0.0072 -0.9385 0.3451
vn 0.0191 -0.9390 0.3433
vn 0.0454 -0.9390 0.3409
vn 0.0713 -0.9384 0.3380
vn 0.0969 -0.9391 0.3298
vn 0.1219 -0.9389 0.3217
vn 0.1462 -0.9391 0.3110
vn 0.1696 -0.9387 0.3000
vn 0.1921 -0.9389 0.2856
vn 0.2134 -0.9390 0.2698
vn 0.2334 -0.9388 0.2534
vn 0.2520 -0.9388 0.2349
vn 0.2693 -0.9390 0.2139
vn 0.2850 -0.9388 0.1935
vn 0.2988 -0.9389 0.1708
vn 0.3110 -0.9389 0.1473
vn 0.3214 -0.9389 0.1232
vn 0.3298 -0.9390 0.0979
vn 0.3365 -0.9389 0.0729
vn 0.3412 -0.9388 0.0465
vn 0.3435 -0.9389 0.0204
vn 0.3441 -0.9389 -0.0060
vn 0.3427 -0.9389 -0.0323
vn 0.3394 -0.9388 -0.0586
vn 0.3336 -0.9389 -0.0842
vn 0.3262 -0.9389 -0.1094
vn 0.3170 -0.9388 -0.1346
vn 0.3058 -0.9389 -0.1579
vn 0.2927 -0.9390 -0.1804
vn 0.2781 -0.9389 -0.2027
vn 0.2618 -0.9390 -0.2230
vn 0.2438 -0.9390 -0.2427
vn 0.2245 -0.9389 -0.2608
vn 0.2039 -0.9388 -0.2778
vn 0.1821 -0.9390 -0.2916
vn 0.1592 -0.9390 -0.3050
vn 0.1353 -0.9392 -0.3156
vn 0.1107 -0.9387 -0.3265
vn 0.0855 -0.9390 -0.3331
vn 0.0597 -0.9388 -0.3393
vn 0.0336 -0.9393 -0.3414
vn 0.0072 -0.9385 -0.3451
vn -0.0191 -0.9390 -0.3433
vn -0.0454 -0.9390 -0.3409
vn -0.0713 -0.9384 -0.3380
vn -0.0969 -0.9391 -0.3298
vn -0.1219 -0.9389 -0.3217
vn -0.1462 -0.9391 -0.3110
vn -0.1696 -0.9387 -0.3000
vn -0.1921 -0.9389 -0.2856
vn -0.2134 -0.9390 -0.2698
vn -0.2334 -0.9388 -0.2534
vn -0.2520 -0.9388 -0.2349
vn -0.2694 -0.9390 -0.2139
vn -0.2850 -0.9388 -0.1935
vn -0.2988 -0.9389 -0.1708
vn -0.3110 -0.9389 -0.1473
vn -0.3214 -0.9389 -0.1232
vn -0.3298 -0.9390 -0.0979
vn -0.3365 -0.9389 -0.0729
vn -0.3412 -0.9388 -0.0465
vn -0.3435 -0.9389 -0.0204
vn -0.3441 -0.9389 0.0060
vn -0.3427 -0.9389 0.0323
vn -0.3394 -0.9388 0.0586
vn -0.3336 -0.9389 0.0842
vn -0.3262 -0.9389 0.1094
vn -0.3170 -0.9388 0.1346
vn -0.3058 -0.9389 0.1579
vn -0.2926 -0.9391 0.1804
vn -0.2781 -0.9389 0.2027
vn -0.1336 -0.9845 0.1139
vn -0.1245 -0.9844 0.1246
vn -0.1146 -0.9845 0.1331
vn -0.1041 -0.9843 0.1423
vn -0.0929 -0.9844 0.1492
vn -0.0813 -0.9846 0.1548
vn -0.0691 -0.9845 0.1614
vn -0.0565 -0.9843 0.1670
vn -0.0436 -0.9845 0.1698
vn -0.0305 -0.9841 0.1747
vn -0.0171 -0.9846 0.1741
vn -0.0037 -0.9843 0.1763
vn 0.0098 -0.9846 0.1745
vn 0.0232 -0.9845 0.1736
vn 0.0364 -0.9841 0.1736
vn 0.0495 -0.9846 0.1677
vn 0.0623 -0.9845 0.1640
vn 0.0746 -0.9845 0.1589
vn 0.0866 -0.9843 0.1535
vn 0.0980 -0.9845 0.1453
vn 0.1089 -0.9845 0.1374
vn 0.1192 -0.9844 0.1296
vn 0.1286 -0.9845 0.1194
vn 0.1376 -0.9845 0.1092
vn 0.1454 -0.9844 0.0995
vn 0.1526 -0.9844 0.0871
vn 0.1588 -0.9844 0.0753
vn 0.1641 -0.9844 0.0630
vn 0.1684 -0.9845 0.0499
vn 0.1718 -0.9844 0.0373
vn 0.1741 -0.9844 0.0238
vn 0.1753 -0.9845 0.0104
vn 0.1756 -0.9845 -0.0031
vn 0.1750 -0.9844 -0.0165
vn 0.1733 -0.9844 -0.0299
vn 0.1703 -0.9845 -0.0432
vn 0.1666 -0.9844 -0.0560
vn 0.1618 -0.9844 -0.0690
vn 0.1560 -0.9845 -0.0805
vn 0.1495 -0.9845 -0.0915
vn 0.1420 -0.9844 -0.1036
vn 0.1336 -0.9845 -0.1138
vn 0.1245 -0.9844 -0.1246
vn 0.1146 -0.9845 -0.1331
vn 0.1041 -0.9843 -0.1423
vn 0.0929 -0.9844 -0.1492
vn 0.0813 -0.9846 -0.1548
vn 0.0691 -0.9845 -0.1614
vn 0.0565 -0.9843 -0.1670
vn 0.0436 -0.9845 -0.1698
vn 0.0305 -0.9841 -0.1747
vn 0.0171 -0.9846 -0.1741
vn 0.0037 -0.9843 -0.1763
vn -0.0098 -0.9846 -0.1745
vn -0.0232 -0.9845 -0.1736
vn -0.0364 -0.9841 -0.1736
vn -0.0495 -0.9846 -0.1677
vn -0.0623 -0.9845 -0.1640
vn -0.0746 -0.9845 -0.1589
vn -0.0866 -0.9843 -0.1535
vn -0.0980 -0.9845 -0.1453
vn -0.1089 -0.9845 -0.1374
vn -0.1192 -0.9844 -0.1296
vn -0.1286 -0.9845 -0.1194
vn -0.1375 -0.9845 -0.1092
vn -0.1453 -0.9844 -0.0994
vn -0.1526 -0.9844 -0.0871
vn -0.1588 -0.9844 -0.0753
vn -0.1641 -0.9844 -0.0630
vn -0.1684 -0.9845 -0.0499
vn -0.1718 -0.9844 -0.0373
vn -0.1741 -0.9844 -0.0238
vn -0.1753 -0.9845 -0.0104
vn -0.1756 -0.9845 0.0031
vn -0.1750 -0.9844 0.0165
vn -0.1733 -0.9844 0.0299
vn -0.1703 -0.9845 0.0432
vn -0.1666 -0.9844 0.0560
vn -0.1618 -0.9844 0.0690
vn -0.1560 -0.9845 0.0805
vn -0.1495 -0.9845 0.0915
vn -0.1420 -0.9844 0.1036
vn -0.0339 -0.9990 0.0290
vn -0.0315 -0.9990 0.0323
vn -0.0290 -0.9990 0.0338
vn -0.0264 -0.9990 0.0361
vn -0.0236 -0.9990 0.0379
vn -0.0206 -0.9990 0.0388
vn -0.0175 -0.9990 0.0412
vn -0.0143 -0.9990 0.0424
vn -0.0111 -0.9990 0.0428
vn -0.0077 -0.9990 0.0445
vn -0.0043 -0.9990 0.0442
vn -0.0009 -0.9990 0.0442
vn 0.0025 -0.9990 0.0442
vn 0.0059 -0.9990 0.0437
vn 0.0092 -0.9990 0.0443
vn 0.0125 -0.9990 0.0423
vn 0.0158 -0.9990 0.0419
vn 0.0189 -0.9990 0.0404
vn 0.0219 -0.9990 0.0391
vn 0.0248 -0.9990 0.0364
vn 0.0276 -0.9990 0.0345
vn 0.0302 -0.9990 0.0327
vn 0.0326 -0.9990 0.0301
vn 0.0348 -0.9990 0.0275
vn 0.0368 -0.9990 0.0255
vn 0.0387 -0.9990 0.0221
vn 0.0402 -0.9990 0.0191
vn 0.0416 -0.9990 0.0162
vn 0.0427 -0.9990 0.0126
vn 0.0435 -0.9990 0.0094
vn 0.0441 -0.9990 0.0061
vn 0.0445 -0.9990 0.0026
vn 0.0445 -0.9990 -0.0007
vn 0.0443 -0.9990 -0.0041
vn 0.0439 -0.9990 -0.0075
vn 0.0431 -0.9990 -0.0109
vn 0.0422 -0.9990 -0.0145
vn 0.0410 -0.9990 -0.0175
vn 0.0395 -0.9990 -0.0202
vn 0.0379 -0.9990 -0.0232
vn 0.0360 -0.9990 -0.0259
vn 0.0339 -0.9990 -0.0290
vn 0.0315 -0.9990 -0.0323
vn 0.0290 -0.9990 -0.0338
vn 0.0264 -0.9990 -0.0361
vn 0.0236 -0.9990 -0.0379
vn 0.0206 -0.9990 -0.0388
vn 0.0175 -0.9990 -0.0412
vn 0.0143 -0.9990 -0.0424
vn 0.0111 -0.9990 -0.0428
vn 0.0077 -0.9990 -0.0445
vn 0.0043 -0.9990 -0.0442
vn 0.0009 -0.9990 -0.0442
vn -0.0025 -0.9990 -0.0442
vn -0.0059 -0.9990 -0.0437
vn -0.0092 -0.9990 -0.0443
vn -0.0125 -0.9990 -0.0424
vn -0.0158 -0.9990 -0.0419
vn -0.0189 -0.9990 -0.0404
vn -0.0219 -0.9990 -0.0391
vn -0.0248 -0.9990 -0.0364
vn -0.0276 -0.9990 -0.0345
vn -0.0302 -0.9990 -0.0327
vn -0.0326 -0.9990 -0.0301
vn -0.0348 -0.9990 -0.0275
vn -0.0368 -0.9990 -0.0255
vn -0.0387 -0.9990 -0.0221
vn -0.0402 -0.9990 -0.0191
vn -0.0416 -0.9990 -0.0162
vn -0.0427 -0.9990 -0.0126
vn -0.0435 -0.9990 -0.0093
vn -0.0441 -0.9990 -0.0060
vn -0.0445 -0.9990 -0.0026
vn -0.0445 -0.9990 0.0007
vn -0.0443 -0.9990 0.0041
vn -0.0439 -0.9990 0.0075
vn -0.0431 -0.9990 0.0110
vn -0.0422 -0.9990 0.0145
vn -0.0410 -0.9990 0.0175
vn -0.0395 -0.9990 0.0203
vn -0.0379 -0.9990 0.0232
vn -0.0360 -0.9990 0.0259
vn -0.7398 0.1776 0.6490
vn -0.6653 0.1762 0.7254
vn -0.5903 0.1790 0.7871
vn -0.5244 0.1789 0.8325
vn -0.4359 0.1775 0.8823
vn -0.3405 0.1780 0.9233
vn -0.2618 0.1786 0.9485
vn -0.1688 0.1775 0.9695
vn -0.0641 0.1768 0.9822
vn 0.0320 0.1788 0.9834
vn 0.1135 0.1784 0.9774
vn 0.2144 0.1774 0.9605
vn 0.3129 0.1785 0.9329
vn 0.3884 0.1791 0.9039
vn 0.4773 0.1778 0.8606
vn 0.5657 0.1773 0.8053
vn 0.6390 0.1776 0.7484
vn 0.7011 0.1775 0.6906
vn 0.7716 0.1760 0.6113
vn 0.8279 0.1788 0.5316
vn 0.8686 0.1787 0.4622
vn 0.9114 0.1778 0.3711
vn 0.9454 0.1774 0.2735
vn 0.9660 0.1761 0.1893
vn 0.9792 0.1771 0.0989
vn 0.9842 0.1767 -0.0069
vn 0.9783 0.1791 -0.1039
vn 0.9667 0.1786 -0.1835
vn 0.9426 0.1778 -0.2825
vn 0.9079 0.1782 -0.3794
vn 0.8732 0.1791 -0.4533
vn 0.8247 0.1774 -0.5370
vn 0.7625 0.1767 -0.6224
vn 0.6988 0.1789 -0.6926
vn 0.6385 0.1781 -0.7487
vn 0.5573 0.1777 -0.8111
vn 0.4702 0.1787 -0.8643
vn 0.3982 0.1792 -0.8997
vn 0.2047 0.1775 -0.9626
vn 0.3053 0.1777 -0.9355
vn 0.1145 0.1760 -0.9777
vn 0.0284 0.1775 -0.9837
vn -0.0776 0.1761 -0.9813
vn -0.1746 0.1789 -0.9682
vn -0.2531 0.1789 -0.9508
vn -0.3495 0.1776 -0.9200
vn -0.4442 0.1781 -0.8780
vn -0.5175 0.1775 -0.8371
vn -0.5949 0.1776 -0.7839
vn -0.6755 0.1766 -0.7159
vn -0.7419 0.1791 -0.6462
vn -0.7931 0.1782 -0.5824
vn -0.8490 0.1780 -0.4975
vn -0.8960 0.1786 -0.4065
vn -0.9265 0.1787 -0.3312
vn -0.9550 0.1779 -0.2373
vn -0.9750 0.1769 -0.1345
vn -0.9831 0.1782 -0.0406
vn -0.9831 0.1782 0.0426
vn -0.9734 0.1773 0.1451
vn -0.9530 0.1791 0.2444
vn -0.9299 0.1789 0.3212
vn -0.8928 0.1775 0.4140
vn -0.8441 0.1774 0.5060
vn -0.7957 0.1732 0.5804
vn -0.8093 0.3409 0.4783
vn -0.8516 0.3411 0.3980
vn -0.8860 0.3415 0.3135
vn -0.9122 0.3413 0.2268
vn -0.9301 0.3405 0.1376
vn -0.9387 0.3415 0.0473
vn -0.9390 0.3410 -0.0436
vn -0.9304 0.3413 -0.1339
vn -0.9131 0.3413 -0.2232
vn -0.8873 0.3411 -0.3104
vn -0.8533 0.3409 -0.3944
vn -0.8111 0.3415 -0.4749
vn -0.7616 0.3407 -0.5513
vn -0.7049 0.3413 -0.6217
vn -0.6415 0.3413 -0.6871
vn -0.5723 0.3412 -0.7457
vn -0.4974 0.3409 -0.7978
vn -0.4185 0.3411 -0.8417
vn -0.3349 0.3411 -0.8784
vn -0.2488 0.3411 -0.9065
vn -0.1601 0.3411 -0.9263
vn -0.0700 0.3412 -0.9374
vn 0.0208 0.3409 -0.9399
vn 0.1114 0.3411 -0.9334
vn 0.2010 0.3413 -0.9182
vn 0.2887 0.3411 -0.8946
vn 0.3735 0.3410 -0.8627
vn 0.4555 0.3413 -0.8222
vn 0.5326 0.3414 -0.7745
vn 0.6044 0.3408 -0.7201
vn 0.6716 0.3412 -0.6577
vn 0.7314 0.3410 -0.5905
vn 0.7856 0.3409 -0.5163
vn 0.8315 0.3412 -0.4383
vn 0.8699 0.3413 -0.3562
vn 0.9001 0.3413 -0.2707
vn 0.9222 0.3411 -0.1824
vn 0.9355 0.3410 -0.0925
vn 0.9399 0.3414 -0.0019
vn 0.9358 0.3411 0.0889
vn 0.9228 0.3413 0.1786
vn 0.9012 0.3412 0.2673
vn 0.8714 0.3411 0.3526
vn 0.8333 0.3412 0.4350
vn 0.7873 0.3408 0.5138
vn 0.7343 0.3415 0.5866
vn 0.6739 0.3408 0.6555
vn 0.6077 0.3413 0.7171
vn 0.5353 0.3410 0.7728
vn 0.4586 0.3412 0.8205
vn 0.3771 0.3410 0.8611
vn 0.2924 0.3412 0.8934
vn 0.2045 0.3410 0.9175
vn 0.1152 0.3413 0.9329
vn 0.0246 0.3408 0.9398
vn -0.0663 0.3414 0.9376
vn -0.1564 0.3409 0.9270
vn -0.2451 0.3411 0.9075
vn -0.3314 0.3410 0.8797
vn -0.4152 0.3414 0.8433
vn -0.4944 0.3410 0.7995
vn -0.5695 0.3414 0.7477
vn -0.6387 0.3408 0.6899
vn -0.7024 0.3411 0.6247
vn -0.7592 0.3412 0.5542
vn -0.7462 0.4988 0.4410
vn -0.7853 0.4988 0.3668
vn -0.8170 0.4991 0.2889
vn -0.8411 0.4988 0.2093
vn -0.8575 0.4986 0.1269
vn -0.8655 0.4990 0.0435
vn -0.8658 0.4988 -0.0402
vn -0.8578 0.4988 -0.1236
vn -0.8419 0.4988 -0.2060
vn -0.8181 0.4989 -0.2859
vn -0.7868 0.4987 -0.3635
vn -0.7478 0.4988 -0.4381
vn -0.7024 0.4985 -0.5081
vn -0.6499 0.4989 -0.5734
vn -0.5916 0.4990 -0.6333
vn -0.5276 0.4987 -0.6877
vn -0.4587 0.4985 -0.7356
vn -0.3856 0.4987 -0.7763
vn -0.3090 0.4989 -0.8097
vn -0.2294 0.4989 -0.8357
vn -0.1476 0.4986 -0.8542
vn -0.0646 0.4991 -0.8642
vn 0.0192 0.4988 -0.8665
vn 0.1027 0.4987 -0.8607
vn 0.1853 0.4987 -0.8467
vn 0.2662 0.4991 -0.8247
vn 0.3445 0.4989 -0.7952
vn 0.4197 0.4988 -0.7583
vn 0.4909 0.4989 -0.7142
vn 0.5575 0.4986 -0.6638
vn 0.6190 0.4991 -0.6064
vn 0.6748 0.4989 -0.5438
vn 0.7242 0.4986 -0.4763
vn 0.7665 0.4988 -0.4046
vn 0.8020 0.4989 -0.3284
vn 0.8302 0.4988 -0.2491
vn 0.8502 0.4989 -0.1681
vn 0.8626 0.4986 -0.0853
vn 0.8667 0.4989 -0.0017
vn 0.8629 0.4987 0.0821
vn 0.8509 0.4990 0.1645
vn 0.8309 0.4988 0.2466
vn 0.8034 0.4989 0.3251
vn 0.7683 0.4990 0.4008
vn 0.7258 0.4986 0.4739
vn 0.6770 0.4992 0.5408
vn 0.6211 0.4986 0.6047
vn 0.5604 0.4989 0.6611
vn 0.4935 0.4987 0.7126
vn 0.4229 0.4988 0.7566
vn 0.3475 0.4987 0.7941
vn 0.2696 0.4990 0.8236
vn 0.1887 0.4990 0.8458
vn 0.1062 0.4990 0.8601
vn 0.0227 0.4985 0.8666
vn -0.0610 0.4989 0.8645
vn -0.1442 0.4989 0.8546
vn -0.2260 0.4987 0.8368
vn -0.3055 0.4987 0.8112
vn -0.3827 0.4992 0.7774
vn -0.4555 0.4983 0.7377
vn -0.5250 0.4992 0.6893
vn -0.5889 0.4985 0.6362
vn -0.6476 0.4989 0.5760
vn -0.7000 0.4987 0.5112
vn -0.6606 0.6415 0.3900
vn -0.6952 0.6412 0.3249
vn -0.7233 0.6413 0.2560
vn -0.7447 0.6412 0.1852
vn -0.7589 0.6414 0.1122
vn -0.7662 0.6414 0.0386
vn -0.7664 0.6414 -0.0355
vn -0.7595 0.6413 -0.1093
vn -0.7451 0.6416 -0.1822
vn -0.7245 0.6411 -0.2531
vn -0.6965 0.6414 -0.3218
vn -0.6619 0.6415 -0.3879
vn -0.6217 0.6413 -0.4497
vn -0.5753 0.6414 -0.5076
vn -0.5237 0.6414 -0.5607
vn -0.4671 0.6415 -0.6085
vn -0.4060 0.6413 -0.6511
vn -0.3415 0.6415 -0.6869
vn -0.2736 0.6417 -0.7165
vn -0.2031 0.6414 -0.7398
vn -0.1306 0.6411 -0.7563
vn -0.0571 0.6414 -0.7651
vn 0.0170 0.6414 -0.7670
vn 0.0910 0.6415 -0.7617
vn 0.1640 0.6413 -0.7495
vn 0.2357 0.6417 -0.7299
vn 0.3051 0.6414 -0.7040
vn 0.3716 0.6414 -0.6712
vn 0.4345 0.6413 -0.6324
vn 0.4936 0.6415 -0.5872
vn 0.5479 0.6414 -0.5371
vn 0.5973 0.6414 -0.4814
vn 0.6409 0.6414 -0.4218
vn 0.6786 0.6412 -0.3584
vn 0.7100 0.6414 -0.2907
vn 0.7350 0.6412 -0.2204
vn 0.7526 0.6414 -0.1489
vn 0.7636 0.6412 -0.0755
vn 0.7672 0.6414 -0.0015
vn 0.7639 0.6413 0.0727
vn 0.7532 0.6415 0.1455
vn 0.7357 0.6411 0.2183
vn 0.7111 0.6414 0.2879
vn 0.6801 0.6414 0.3551
vn 0.6426 0.6412 0.4195
vn 0.5994 0.6417 0.4785
vn 0.5497 0.6412 0.5354
vn 0.4960 0.6413 0.5855
vn 0.4370 0.6415 0.6305
vn 0.3743 0.6413 0.6698
vn 0.3078 0.6415 0.7026
vn 0.2386 0.6414 0.7292
vn 0.1671 0.6415 0.7487
vn 0.0940 0.6416 0.7613
vn 0.0201 0.6411 0.7672
vn -0.0540 0.6412 0.7654
vn -0.1277 0.6418 0.7562
vn -0.2001 0.6416 0.7405
vn -0.2706 0.6413 0.7180
vn -0.3388 0.6415 0.6882
vn -0.4032 0.6410 0.6531
vn -0.4648 0.6418 0.6099
vn -0.5214 0.6412 0.5631
vn -0.5734 0.6415 0.5096
vn -0.6198 0.6414 0.4521
vn -0.5548 0.7649 0.3273
vn -0.5836 0.7648 0.2730
vn -0.6073 0.7648 0.2150
vn -0.6252 0.7649 0.1554
vn -0.6372 0.7649 0.0943
vn -0.6433 0.7649 0.0325
vn -0.6436 0.7648 -0.0299
vn -0.6376 0.7649 -0.0919
vn -0.6257 0.7650 -0.1528
vn -0.6083 0.7647 -0.2126
vn -0.5847 0.7648 -0.2705
vn -0.5557 0.7650 -0.3255
vn -0.5218 0.7651 -0.3774
vn -0.4830 0.7649 -0.4261
vn -0.4396 0.7648 -0.4710
vn -0.3922 0.7649 -0.5110
vn -0.3409 0.7650 -0.5464
vn -0.2866 0.7647 -0.5771
vn -0.2297 0.7650 -0.6017
vn -0.1704 0.7646 -0.6216
vn -0.1097 0.7649 -0.6347
vn -0.0479 0.7649 -0.6424
vn 0.0143 0.7648 -0.6441
vn 0.0764 0.7649 -0.6396
vn 0.1377 0.7648 -0.6293
vn 0.1978 0.7647 -0.6133
vn 0.2560 0.7644 -0.5918
vn 0.3121 0.7653 -0.5629
vn 0.3649 0.7647 -0.5311
vn 0.4143 0.7650 -0.4931
vn 0.4601 0.7648 -0.4511
vn 0.5015 0.7646 -0.4049
vn 0.5380 0.7651 -0.3538
vn 0.5699 0.7646 -0.3009
vn 0.5961 0.7649 -0.2440
vn 0.6169 0.7648 -0.1855
vn 0.6319 0.7648 -0.1251
vn 0.6412 0.7648 -0.0634
vn 0.6442 0.7648 -0.0013
vn 0.6412 0.7649 0.0610
vn 0.6325 0.7649 0.1225
vn 0.6176 0.7649 0.1831
vn 0.5970 0.7650 0.2414
vn 0.5711 0.7647 0.2984
vn 0.5395 0.7648 0.3522
vn 0.5031 0.7649 0.4021
vn 0.4618 0.7646 0.4496
vn 0.4164 0.7650 0.4914
vn 0.3669 0.7648 0.5296
vn 0.3141 0.7645 0.5629
vn 0.2586 0.7653 0.5894
vn 0.2002 0.7647 0.6126
vn 0.1402 0.7646 0.6291
vn 0.0789 0.7651 0.6391
vn 0.0169 0.7647 0.6441
vn -0.0454 0.7646 0.6428
vn -0.1072 0.7651 0.6349
vn -0.1680 0.7649 0.6218
vn -0.2272 0.7648 0.6028
vn -0.2844 0.7648 0.5781
vn -0.3386 0.7645 0.5485
vn -0.3902 0.7651 0.5123
vn -0.4377 0.7647 0.4729
vn -0.4813 0.7650 0.4279
vn -0.5204 0.7650 0.3793
vn -0.4322 0.8649 0.2553
vn -0.4546 0.8649 0.2127
vn -0.4731 0.8649 0.1675
vn -0.4871 0.8649 0.1208
vn -0.4965 0.8649 0.0735
vn -0.5013 0.8649 0.0252
vn -0.5014 0.8649 -0.0233
vn -0.4968 0.8649 -0.0717
vn -0.4876 0.8649 -0.1192
vn -0.4737 0.8650 -0.1654
vn -0.4555 0.8649 -0.2108
vn -0.4332 0.8649 -0.2536
vn -0.4066 0.8650 -0.2939
vn -0.3764 0.8650 -0.3319
vn -0.3424 0.8649 -0.3669
vn -0.3055 0.8648 -0.3985
vn -0.2657 0.8650 -0.4256
vn -0.2233 0.8648 -0.4498
vn -0.1789 0.8651 -0.4686
vn -0.1328 0.8647 -0.4844
vn -0.0855 0.8651 -0.4942
vn -0.0374 0.8653 -0.4998
vn 0.0111 0.8649 -0.5019
vn 0.0595 0.8649 -0.4983
vn 0.1073 0.8648 -0.4905
vn 0.1541 0.8648 -0.4779
vn 0.1994 0.8646 -0.4612
vn 0.2431 0.8653 -0.4383
vn 0.2843 0.8649 -0.4137
vn 0.3227 0.8648 -0.3848
vn 0.3586 0.8652 -0.3506
vn 0.3907 0.8647 -0.3157
vn 0.4191 0.8651 -0.2757
vn 0.4440 0.8648 -0.2344
vn 0.4645 0.8650 -0.1899
vn 0.4806 0.8650 -0.1445
vn 0.4923 0.8649 -0.0975
vn 0.4995 0.8649 -0.0493
vn 0.5019 0.8649 -0.0010
vn 0.4996 0.8650 0.0475
vn 0.4928 0.8649 0.0956
vn 0.4812 0.8650 0.1425
vn 0.4652 0.8650 0.1882
vn 0.4449 0.8650 0.2321
vn 0.4203 0.8649 0.2744
vn 0.3919 0.8648 0.3139
vn 0.3598 0.8648 0.3502
vn 0.3245 0.8650 0.3827
vn 0.2859 0.8650 0.4123
vn 0.2448 0.8647 0.4386
vn 0.2014 0.8653 0.4591
vn 0.1560 0.8650 0.4769
vn 0.1092 0.8647 0.4903
vn 0.0615 0.8651 0.4978
vn 0.0131 0.8648 0.5019
vn -0.0354 0.8649 0.5007
vn -0.0835 0.8650 0.4948
vn -0.1309 0.8648 0.4847
vn -0.1770 0.8649 0.4697
vn -0.2216 0.8650 0.4501
vn -0.2640 0.8649 0.4268
vn -0.3040 0.8652 0.3988
vn -0.3409 0.8647 0.3687
vn -0.3751 0.8650 0.3332
vn -0.4054 0.8651 0.2955
vn -0.2968 0.9387 0.1753
vn -0.3122 0.9387 0.1460
vn -0.3249 0.9387 0.1150
vn -0.3345 0.9387 0.0830
vn -0.3409 0.9387 0.0506
vn -0.3443 0.9387 0.0174
vn -0.3443 0.9387 -0.0159
vn -0.3411 0.9387 -0.0492
vn -0.3348 0.9387 -0.0817
vn -0.3254 0.9388 -0.1133
vn -0.3129 0.9387 -0.1447
vn -0.2975 0.9387 -0.1740
vn -0.2793 0.9387 -0.2020
vn -0.2585 0.9388 -0.2276
vn -0.2352 0.9388 -0.2516
vn -0.2098 0.9386 -0.2739
vn -0.1825 0.9389 -0.2920
vn -0.1533 0.9387 -0.3088
vn -0.1229 0.9389 -0.3216
vn -0.0912 0.9386 -0.3328
vn -0.0587 0.9386 -0.3401
vn -0.0257 0.9391 -0.3427
vn 0.0076 0.9386 -0.3449
vn 0.0409 0.9386 -0.3425
vn 0.0737 0.9388 -0.3366
vn 0.1058 0.9387 -0.3280
vn 0.1370 0.9386 -0.3166
vn 0.1669 0.9387 -0.3015
vn 0.1952 0.9387 -0.2841
vn 0.2217 0.9385 -0.2649
vn 0.2462 0.9389 -0.2404
vn 0.2683 0.9386 -0.2168
vn 0.2878 0.9387 -0.1896
vn 0.3049 0.9388 -0.1605
vn 0.3189 0.9388 -0.1301
vn 0.3301 0.9387 -0.0994
vn 0.3380 0.9387 -0.0671
vn 0.3431 0.9387 -0.0340
vn 0.3446 0.9387 -0.0007
vn 0.3432 0.9387 0.0325
vn 0.3384 0.9387 0.0655
vn 0.3304 0.9387 0.0979
vn 0.3195 0.9387 0.1294
vn 0.3055 0.9388 0.1592
vn 0.2887 0.9387 0.1884
vn 0.2691 0.9386 0.2157
vn 0.2471 0.9389 0.2396
vn 0.2228 0.9386 0.2636
vn 0.1964 0.9388 0.2830
vn 0.1681 0.9385 0.3015
vn 0.1383 0.9388 0.3155
vn 0.1071 0.9386 0.3280
vn 0.0750 0.9387 0.3365
vn 0.0422 0.9390 0.3414
vn 0.0090 0.9386 0.3449
vn -0.0243 0.9387 0.3438
vn -0.0574 0.9388 0.3396
vn -0.0899 0.9385 0.3334
vn -0.1216 0.9387 0.3227
vn -0.1521 0.9387 0.3095
vn -0.1813 0.9389 0.2926
vn -0.2088 0.9389 0.2735
vn -0.2341 0.9385 0.2539
vn -0.2576 0.9389 0.2283
vn -0.2785 0.9386 0.2035
vn -0.1517 0.9844 0.0895
vn -0.1597 0.9844 0.0743
vn -0.1661 0.9844 0.0587
vn -0.1711 0.9843 0.0426
vn -0.1743 0.9844 0.0260
vn -0.1761 0.9843 0.0090
vn -0.1761 0.9843 -0.0081
vn -0.1744 0.9843 -0.0252
vn -0.1712 0.9844 -0.0417
vn -0.1664 0.9843 -0.0581
vn -0.1600 0.9843 -0.0742
vn -0.1520 0.9844 -0.0888
vn -0.1428 0.9843 -0.1035
vn -0.1321 0.9844 -0.1166
vn -0.1203 0.9843 -0.1288
vn -0.1073 0.9843 -0.1404
vn -0.0933 0.9844 -0.1490
vn -0.0784 0.9844 -0.1575
vn -0.0628 0.9844 -0.1643
vn -0.0466 0.9843 -0.1703
vn -0.0300 0.9843 -0.1740
vn -0.0131 0.9844 -0.1753
vn 0.0039 0.9844 -0.1760
vn 0.0209 0.9842 -0.1758
vn 0.0377 0.9844 -0.1717
vn 0.0541 0.9843 -0.1679
vn 0.0701 0.9843 -0.1619
vn 0.0853 0.9843 -0.1545
vn 0.0998 0.9843 -0.1454
vn 0.1134 0.9843 -0.1350
vn 0.1259 0.9844 -0.1233
vn 0.1372 0.9843 -0.1112
vn 0.1472 0.9843 -0.0971
vn 0.1559 0.9844 -0.0822
vn 0.1630 0.9844 -0.0666
vn 0.1689 0.9843 -0.0505
vn 0.1728 0.9843 -0.0345
vn 0.1754 0.9843 -0.0174
vn 0.1762 0.9844 -0.0004
vn 0.1755 0.9843 0.0166
vn 0.1730 0.9843 0.0335
vn 0.1689 0.9844 0.0499
vn 0.1634 0.9843 0.0662
vn 0.1563 0.9843 0.0815
vn 0.1476 0.9844 0.0962
vn 0.1376 0.9843 0.1102
vn 0.1264 0.9844 0.1222
vn 0.1139 0.9844 0.1344
vn 0.1004 0.9843 0.1453
vn 0.0859 0.9843 0.1539
vn 0.0707 0.9844 0.1612
vn 0.0548 0.9842 0.1685
vn 0.0384 0.9844 0.1716
vn 0.0216 0.9844 0.1747
vn 0.0046 0.9842 0.1770
vn -0.0124 0.9843 0.1759
vn -0.0293 0.9844 0.1735
vn -0.0460 0.9843 0.1704
vn -0.0622 0.9843 0.1654
vn -0.0778 0.9843 0.1582
vn -0.0927 0.9844 0.1497
vn -0.1067 0.9843 0.1405
vn -0.1197 0.9843 0.1300
vn -0.1317 0.9845 0.1162
vn -0.1424 0.9842 0.1050
vn -0.0386 0.9990 0.0227
vn -0.0406 0.9990 0.0187
vn -0.0422 0.9990 0.0149
vn -0.0435 0.9990 0.0108
vn -0.0443 0.9990 0.0066
vn -0.0447 0.9990 0.0023
vn -0.0448 0.9990 -0.0020
vn -0.0444 0.9990 -0.0065
vn -0.0435 0.9990 -0.0106
vn -0.0423 0.9990 -0.0149
vn -0.0406 0.9990 -0.0189
vn -0.0387 0.9990 -0.0227
vn -0.0363 0.9990 -0.0264
vn -0.0336 0.9990 -0.0299
vn -0.0306 0.9990 -0.0330
vn -0.0273 0.9990 -0.0359
vn -0.0237 0.9990 -0.0379
vn -0.0199 0.9990 -0.0398
vn -0.0160 0.9990 -0.0417
vn -0.0119 0.9990 -0.0435
vn -0.0076 0.9990 -0.0441
vn -0.0033 0.9990 -0.0447
vn 0.0010 0.9990 -0.0441
vn 0.0053 0.9990 -0.0446
vn 0.0096 0.9990 -0.0435
vn 0.0138 0.9990 -0.0429
vn 0.0178 0.9990 -0.0408
vn 0.0217 0.9990 -0.0392
vn 0.0254 0.9990 -0.0367
vn 0.0288 0.9990 -0.0343
vn 0.0320 0.9990 -0.0317
vn 0.0349 0.9990 -0.0286
vn 0.0374 0.9990 -0.0246
vn 0.0396 0.9990 -0.0211
vn 0.0415 0.9990 -0.0170
vn 0.0429 0.9990 -0.0125
vn 0.0439 0.9990 -0.0088
vn 0.0446 0.9990 -0.0044
vn 0.0448 0.9990 -0.0001
vn 0.0446 0.9990 0.0042
vn 0.0440 0.9990 0.0086
vn 0.0429 0.9990 0.0126
vn 0.0415 0.9990 0.0171
vn 0.0397 0.9990 0.0208
vn 0.0375 0.9990 0.0246
vn 0.0350 0.9990 0.0279
vn 0.0321 0.9990 0.0311
vn 0.0290 0.9990 0.0334
vn 0.0255 0.9990 0.0373
vn 0.0218 0.9990 0.0385
vn 0.0180 0.9990 0.0410
vn 0.0139 0.9990 0.0429
vn 0.0098 0.9990 0.0436
vn 0.0055 0.9990 0.0448
vn 0.0012 0.9990 0.0454
vn -0.0032 0.9990 0.0448
vn -0.0075 0.9990 0.0441
vn -0.0117 0.9990 0.0428
vn -0.0158 0.9990 0.0422
vn -0.0198 0.9990 0.0398
vn -0.0236 0.9990 0.0381
vn -0.0271 0.9990 0.0359
vn -0.0304 0.9990 0.0329
vn -0.0335 0.9990 0.0291
vn -0.0362 0.9990 0.0267
vn -0.8935 0.1708 0.4153
vn -0.9738 0.1701 0.1510
vn -0.9845 0.1680 0.0509
vn -0.9773 0.1698 -0.1265
vn -0.9589 0.1694 -0.2275
vn -0.9032 0.1699 -0.3943
vn -0.8564 0.1707 -0.4872
vn -0.6852 0.1715 -0.7079
vn -0.4634 0.1701 -0.8697
vn -0.3709 0.1694 -0.9131
vn -0.2018 0.1698 -0.9646
vn -0.0995 0.1703 -0.9804
vn 0.1796 0.1712 -0.9687
vn 0.4411 0.1699 -0.8813
vn 0.5295 0.1690 -0.8313
vn 0.6700 0.1700 -0.7226
vn 0.7415 0.1696 -0.6492
vn 0.8935 0.1709 -0.4153
vn 0.9738 0.1700 -0.1510
vn 0.9844 0.1686 -0.0509
vn 0.9773 0.1697 0.1265
vn 0.9589 0.1697 0.2275
vn 0.9032 0.1699 0.3943
vn 0.8564 0.1707 0.4872
vn 0.6852 0.1715 0.7079
vn 0.4634 0.1701 0.8697
vn 0.3709 0.1694 0.9131
vn 0.2018 0.1698 0.9646
vn 0.0995 0.1703 0.9804
vn -0.1796 0.1712 0.9687
vn -0.4411 0.1699 0.8813
vn -0.5295 0.1690 0.8313
vn -0.6700 0.1700 0.7226
vn -0.7415 0.1696 0.6492
vn -0.0114 0.9991 0.0410
vn -0.0075 0.9991 0.0414
vn -0.0463 0.9852 0.1650
vn -0.0304 0.9853 0.1679
vn -0.0920 0.9405 0.3272
vn -0.0605 0.9406 0.3340
vn -0.1347 0.8669 0.4800
vn -0.0886 0.8674 0.4896
vn -0.1735 0.7672 0.6175
vn -0.1141 0.7678 0.6305
vn -0.2071 0.6442 0.7363
vn -0.1362 0.6442 0.7527
vn -0.2343 0.5012 0.8330
vn -0.1539 0.5010 0.8516
vn -0.2542 0.3429 0.9043
vn -0.1671 0.3427 0.9245
vn -0.2735 0.1683 0.9470
vn 0.0005 0.9991 0.0420
vn 0.0045 0.9991 0.0422
vn 0.0020 0.9852 0.1713
vn 0.0182 0.9853 0.1697
vn 0.0039 0.9404 0.3402
vn 0.0362 0.9408 0.3371
vn 0.0057 0.8673 0.4978
vn 0.0530 0.8673 0.4949
vn 0.0073 0.7673 0.6412
vn 0.0682 0.7674 0.6375
vn 0.0088 0.6439 0.7651
vn 0.0814 0.6439 0.7607
vn 0.0100 0.5011 0.8653
vn 0.0922 0.5011 0.8605
vn 0.0108 0.3428 0.9393
vn 0.1001 0.3428 0.9341
vn 0.0078 0.1699 0.9854
vn 0.0264 0.9991 0.0327
vn 0.0294 0.9991 0.0304
vn 0.1073 0.9852 0.1336
vn 0.1195 0.9852 0.1227
vn 0.2131 0.9401 0.2659
vn 0.2374 0.9404 0.2435
vn 0.3123 0.8672 0.3878
vn 0.3477 0.8671 0.3566
vn 0.4022 0.7680 0.4984
vn 0.4477 0.7675 0.4588
vn 0.4798 0.6440 0.5959
vn 0.5344 0.6442 0.5473
vn 0.5428 0.5007 0.6743
vn 0.6045 0.5013 0.6192
vn 0.5894 0.3428 0.7315
vn 0.6560 0.3429 0.6723
vn 0.6130 0.1686 0.7719
vn 0.0346 0.9991 0.0242
vn 0.0367 0.9991 0.0207
vn 0.1405 0.9853 0.0976
vn 0.1491 0.9852 0.0842
vn 0.2792 0.9405 0.1936
vn 0.2963 0.9404 0.1667
vn 0.4090 0.8673 0.2838
vn 0.4340 0.8672 0.2439
vn 0.5267 0.7676 0.3652
vn 0.5588 0.7674 0.3144
vn 0.6284 0.6441 0.4361
vn 0.6670 0.6440 0.3746
vn 0.7106 0.5010 0.4940
vn 0.7546 0.5010 0.4238
vn 0.7714 0.3428 0.5362
vn 0.8190 0.3428 0.4601
vn 0.8063 0.1688 0.5669
vn 0.0396 0.9991 -0.0142
vn 0.0381 0.9991 -0.0179
vn 0.1610 0.9853 -0.0577
vn 0.1548 0.9853 -0.0726
vn 0.3200 0.9404 -0.1147
vn 0.3076 0.9404 -0.1448
vn 0.4686 0.8672 -0.1682
vn 0.4505 0.8671 -0.2126
vn 0.6034 0.7674 -0.2166
vn 0.5801 0.7674 -0.2732
vn 0.7202 0.6438 -0.2583
vn 0.6922 0.6440 -0.3258
vn 0.8146 0.5011 -0.2922
vn 0.7829 0.5012 -0.3685
vn 0.8841 0.3430 -0.3174
vn 0.8501 0.3427 -0.3999
vn 0.9300 0.1680 -0.3268
vn 0.0114 0.9991 -0.0410
vn 0.0075 0.9991 -0.0414
vn 0.0463 0.9852 -0.1650
vn 0.0304 0.9853 -0.1679
vn 0.0920 0.9405 -0.3272
vn 0.0605 0.9406 -0.3340
vn 0.1347 0.8669 -0.4800
vn 0.0886 0.8674 -0.4896
vn 0.1735 0.7672 -0.6175
vn 0.1141 0.7678 -0.6305
vn 0.2071 0.6442 -0.7363
vn 0.1362 0.6442 -0.7527
vn 0.2343 0.5012 -0.8330
vn 0.1539 0.5010 -0.8516
vn 0.2542 0.3429 -0.9044
vn 0.1671 0.3427 -0.9245
vn 0.2735 0.1683 -0.9470
vn -0.0005 0.9991 -0.0420
vn -0.0045 0.9991 -0.0422
vn -0.0020 0.9852 -0.1713
vn -0.0182 0.9853 -0.1697
vn -0.0039 0.9404 -0.3402
vn -0.0362 0.9408 -0.3371
vn -0.0057 0.8673 -0.4978
vn -0.0530 0.8673 -0.4949
vn -0.0073 0.7673 -0.6412
vn -0.0682 0.7674 -0.6375
vn -0.0088 0.6439 -0.7651
vn -0.0814 0.6439 -0.7607
vn -0.0100 0.5011 -0.8653
vn -0.0922 0.5011 -0.8605
vn -0.0108 0.3428 -0.9393
vn -0.1001 0.3428 -0.9341
vn -0.0078 0.1699 -0.9854
vn -0.0264 0.9991 -0.0327
vn -0.0294 0.9991 -0.0304
vn -0.1073 0.9852 -0.1336
vn -0.1195 0.9852 -0.1227
vn -0.2131 0.9401 -0.2659
vn -0.2374 0.9404 -0.2435
vn -0.3123 0.8672 -0.3878
vn -0.3477 0.8671 -0.3566
vn -0.4022 0.7680 -0.4984
vn -0.4477 0.7675 -0.4588
vn -0.4798 0.6440 -0.5959
vn -0.5344 0.6442 -0.5473
vn -0.5428 0.5007 -0.6743
vn -0.6045 0.5013 -0.6192
vn -0.5894 0.3428 -0.7315
vn -0.6560 0.3429 -0.6723
vn -0.6130 0.1686 -0.7718
vn -0.0346 0.9991 -0.0242
vn -0.0367 0.9991 -0.0207
vn -0.1405 0.9853 -0.0976
vn -0.1491 0.9852 -0.0842
vn -0.2792 0.9405 -0.1936
vn -0.2963 0.9404 -0.1667
vn -0.4090 0.8673 -0.2838
vn -0.4340 0.8672 -0.2439
vn -0.5267 0.7676 -0.3652
vn -0.5588 0.7674 -0.3144
vn -0.6284 0.6441 -0.4361
vn -0.6670 0.6440 -0.3746
vn -0.7106 0.5010 -0.4940
vn -0.7546 0.5010 -0.4238
vn -0.7714 0.3428 -0.5362
vn -0.8190 0.3428 -0.4601
vn -0.8063 0.1688 -0.5668
vn -0.0397 0.9991 0.0142
vn -0.0381 0.9991 0.0179
vn -0.1610 0.9853 0.0577
vn -0.1547 0.9853 0.0726
vn -0.3201 0.9404 0.1147
vn -0.3075 0.9404 0.1448
vn -0.4687 0.8672 0.1682
vn -0.4505 0.8671 0.2126
vn -0.6033 0.7675 0.2166
vn -0.5801 0.7674 0.2732
vn -0.7201 0.6440 0.2583
vn -0.6922 0.6440 0.3258
vn -0.8145 0.5012 0.2921
vn -0.7829 0.5012 0.3685
vn -0.8841 0.3430 0.3174
vn -0.8501 0.3427 0.3999
vn -0.9300 0.1681 0.3268
vn -0.0340 0.9991 0.0249
vn -0.0315 0.9991 0.0275
vn -0.1382 0.9852 0.1011
vn -0.1280 0.9853 0.1127
vn -0.2746 0.9405 0.2002
vn -0.2544 0.9405 0.2253
vn -0.4022 0.8676 0.2923
vn -0.3726 0.8670 0.3308
vn -0.5178 0.7678 0.3773
vn -0.4796 0.7673 0.4258
vn -0.6182 0.6441 0.4505
vn -0.5723 0.6441 0.5076
vn -0.6991 0.5014 0.5097
vn -0.6473 0.5010 0.5745
vn -0.7588 0.3428 0.5538
vn -0.7026 0.3425 0.6237
vn -0.7955 0.1740 0.5804
vn -0.0287 0.9991 0.0309
vn -0.1166 0.9852 0.1260
vn -0.2318 0.9403 0.2491
vn -0.3394 0.8673 0.3640
vn -0.4368 0.7673 0.4694
vn -0.5215 0.6438 0.5599
vn -0.5899 0.5012 0.6331
vn -0.6404 0.3429 0.6872
vn -0.5949 0.1679 0.7861
vn -0.5722 0.3427 0.7450
vn -0.5270 0.5008 0.6866
vn -0.4658 0.6437 0.6071
vn -0.3905 0.7674 0.5086
vn -0.3033 0.8670 0.3954
vn -0.2071 0.9404 0.2698
vn -0.1042 0.9853 0.1351
vn -0.0257 0.9991 0.0331
vn -0.0224 0.9991 0.0356
vn -0.0908 0.9853 0.1450
vn -0.1805 0.9407 0.2874
vn -0.2644 0.8677 0.4210
vn -0.3403 0.7674 0.5434
vn -0.4060 0.6438 0.6486
vn -0.4593 0.5010 0.7335
vn -0.4988 0.3430 0.7960
vn -0.0189 0.9991 0.0375
vn -0.0766 0.9853 0.1526
vn -0.1523 0.9404 0.3041
vn -0.2230 0.8673 0.4450
vn -0.2873 0.7680 0.5724
vn -0.3430 0.6444 0.6834
vn -0.3876 0.5013 0.7736
vn -0.4204 0.3427 0.8402
vn -0.3488 0.1686 0.9219
vn -0.3390 0.3427 0.8762
vn -0.3123 0.5009 0.8072
vn -0.2760 0.6436 0.7139
vn -0.2314 0.7672 0.5982
vn -0.1797 0.8673 0.4641
vn -0.1227 0.9405 0.3168
vn -0.0617 0.9852 0.1599
vn -0.0152 0.9991 0.0397
vn -0.0760 0.1695 0.9826
vn -0.0786 0.3430 0.9360
vn -0.0724 0.5012 0.8623
vn -0.0640 0.6436 0.7627
vn -0.0536 0.7671 0.6393
vn -0.0416 0.8671 0.4963
vn -0.0284 0.9403 0.3391
vn -0.0143 0.9852 0.1707
vn -0.0035 0.9991 0.0419
vn 0.0085 0.9991 0.0414
vn 0.0343 0.9852 0.1678
vn 0.0682 0.9405 0.3328
vn 0.0998 0.8673 0.4877
vn 0.1286 0.7675 0.6281
vn 0.1535 0.6443 0.7492
vn 0.1736 0.5012 0.8478
vn 0.1884 0.3428 0.9203
vn 0.2943 0.1684 0.9408
vn 0.2751 0.3428 0.8982
vn 0.2535 0.5011 0.8274
vn 0.2241 0.6442 0.7313
vn 0.1877 0.7678 0.6126
vn 0.1458 0.8674 0.4758
vn 0.0995 0.9405 0.3249
vn 0.0501 0.9853 0.1634
vn 0.0123 0.9991 0.0403
vn 0.0161 0.9991 0.0393
vn 0.0654 0.9851 0.1589
vn 0.1299 0.9402 0.3147
vn 0.1904 0.8672 0.4601
vn 0.2450 0.7672 0.5928
vn 0.2924 0.6438 0.7072
vn 0.3310 0.5011 0.7996
vn 0.3593 0.3429 0.8680
vn 0.0197 0.9991 0.0370
vn 0.0801 0.9854 0.1504
vn 0.1592 0.9405 0.3001
vn 0.2332 0.8670 0.4404
vn 0.3003 0.7675 0.5664
vn 0.3584 0.6441 0.6758
vn 0.4053 0.5009 0.7647
vn 0.4401 0.3429 0.8299
vn 0.5481 0.1686 0.8193
vn 0.5169 0.3432 0.7842
vn 0.4760 0.5010 0.7228
vn 0.4208 0.6437 0.6392
vn 0.3528 0.7676 0.5351
vn 0.2741 0.8675 0.4151
vn 0.1870 0.9405 0.2835
vn 0.0941 0.9852 0.1430
vn 0.0232 0.9991 0.0353
vn 0.7567 0.1693 0.6315
vn 0.7170 0.3429 0.6069
vn 0.6603 0.5008 0.5596
vn 0.5837 0.6438 0.4949
vn 0.4890 0.7674 0.4147
vn 0.3799 0.8670 0.3224
vn 0.2595 0.9405 0.2194
vn 0.1306 0.9853 0.1098
vn 0.0322 0.9991 0.0270
vn 0.8589 0.3430 0.3804
vn 0.7912 0.5011 0.3505
vn 0.6995 0.6439 0.3099
vn 0.5862 0.7674 0.2598
vn 0.4552 0.8672 0.2016
vn 0.3108 0.9405 0.1373
vn 0.1564 0.9853 0.0693
vn 0.0385 0.9991 0.0172
vn 0.9360 0.1699 0.3082
vn 0.8911 0.3430 0.2971
vn 0.8211 0.5010 0.2735
vn 0.7259 0.6440 0.2418
vn 0.6081 0.7676 0.2026
vn 0.4724 0.8672 0.1573
vn 0.3225 0.9404 0.1074
vn 0.1622 0.9853 0.0537
vn 0.0400 0.9991 0.0129
vn 0.0411 0.9991 0.0094
vn 0.1667 0.9853 0.0386
vn 0.3313 0.9404 0.0764
vn 0.4854 0.8671 0.1117
vn 0.6248 0.7674 0.1438
vn 0.7455 0.6440 0.1718
vn 0.8433 0.5010 0.1947
vn 0.9154 0.3427 0.2111
vn 0.0418 0.9991 0.0055
vn 0.1695 0.9853 0.0224
vn 0.3369 0.9405 0.0444
vn 0.4936 0.8672 0.0653
vn 0.6353 0.7677 0.0841
vn 0.7582 0.6443 0.1002
vn 0.8578 0.5013 0.1133
vn 0.9312 0.3432 0.1229
vn 0.9853 0.1687 0.0282
vn 0.9388 0.3428 0.0339
vn 0.8648 0.5011 0.0313
vn 0.7647 0.6438 0.0276
vn 0.6409 0.7673 0.0231
vn 0.4976 0.8672 0.0179
vn 0.3398 0.9404 0.0121
vn 0.1709 0.9853 0.0060
vn 0.0421 0.9991 0.0014
vn 0.0421 0.9991 -0.0025
vn 0.1708 0.9853 -0.0102
vn 0.3395 0.9404 -0.0201
vn 0.4970 0.8672 -0.0294
vn 0.6398 0.7676 -0.0380
vn 0.7636 0.6441 -0.0452
vn 0.8638 0.5012 -0.0511
vn 0.9378 0.3426 -0.0555
vn 0.0416 0.9991 -0.0065
vn 0.1691 0.9853 -0.0264
vn 0.3361 0.9404 -0.0522
vn 0.4920 0.8672 -0.0763
vn 0.6333 0.7676 -0.0985
vn 0.7560 0.6439 -0.1177
vn 0.8551 0.5012 -0.1330
vn 0.9281 0.3433 -0.1443
vn 0.9533 0.1690 -0.2503
vn 0.9103 0.3428 -0.2320
vn 0.8386 0.5011 -0.2136
vn 0.7414 0.6440 -0.1886
vn 0.6212 0.7676 -0.1581
vn 0.4824 0.8673 -0.1229
vn 0.3294 0.9405 -0.0839
vn 0.1657 0.9853 -0.0424
vn 0.0408 0.9991 -0.0105
vn 0.8445 0.1701 -0.5078
vn 0.8080 0.3429 -0.4791
vn 0.7444 0.5010 -0.4414
vn 0.6581 0.6441 -0.3899
vn 0.5514 0.7675 -0.3270
vn 0.4283 0.8672 -0.2540
vn 0.2926 0.9404 -0.1733
vn 0.1472 0.9853 -0.0873
vn 0.0362 0.9991 -0.0215
vn 0.0340 0.9991 -0.0249
vn 0.1382 0.9852 -0.1011
vn 0.2746 0.9405 -0.2002
vn 0.4022 0.8676 -0.2923
vn 0.5178 0.7678 -0.3773
vn 0.6182 0.6441 -0.4505
vn 0.6991 0.5014 -0.5097
vn 0.7588 0.3428 -0.5538
vn 0.7955 0.1740 -0.5804
vn 0.0315 0.9991 -0.0275
vn 0.1280 0.9853 -0.1127
vn 0.2544 0.9405 -0.2253
vn 0.3726 0.8670 -0.3308
vn 0.4796 0.7673 -0.4258
vn 0.5723 0.6441 -0.5076
vn 0.6473 0.5010 -0.5745
vn 0.7026 0.3425 -0.6237
vn 0.0287 0.9991 -0.0309
vn 0.1166 0.9852 -0.1260
vn 0.2318 0.9403 -0.2491
vn 0.3394 0.8673 -0.3640
vn 0.4368 0.7673 -0.4694
vn 0.5215 0.6438 -0.5599
vn 0.5899 0.5012 -0.6331
vn 0.6404 0.3429 -0.6872
vn 0.5949 0.1679 -0.7861
vn 0.5722 0.3427 -0.7450
vn 0.5270 0.5008 -0.6866
vn 0.4658 0.6437 -0.6071
vn 0.3905 0.7674 -0.5086
vn 0.3033 0.8670 -0.3954
vn 0.2071 0.9404 -0.2698
vn 0.1042 0.9853 -0.1351
vn 0.0257 0.9991 -0.0331
vn 0.0224 0.9991 -0.0356
vn 0.0908 0.9853 -0.1450
vn 0.1805 0.9406 -0.2874
vn 0.2644 0.8676 -0.4211
vn 0.3403 0.7674 -0.5434
vn 0.4060 0.6438 -0.6486
vn 0.4593 0.5010 -0.7335
vn 0.4988 0.3430 -0.7960
vn 0.0189 0.9991 -0.0375
vn 0.0766 0.9853 -0.1526
vn 0.1523 0.9404 -0.3041
vn 0.2231 0.8673 -0.4450
vn 0.2873 0.7680 -0.5724
vn 0.3430 0.6444 -0.6834
vn 0.3876 0.5013 -0.7736
vn 0.4204 0.3427 -0.8402
vn 0.3488 0.1686 -0.9219
vn 0.3390 0.3427 -0.8761
vn 0.3123 0.5009 -0.8072
vn 0.2760 0.6436 -0.7139
vn 0.2314 0.7672 -0.5982
vn 0.1797 0.8674 -0.4641
vn 0.1227 0.9405 -0.3167
vn 0.0617 0.9852 -0.1599
vn 0.0152 0.9991 -0.0397
vn 0.0760 0.1695 -0.9826
vn 0.0786 0.3430 -0.9360
vn 0.0724 0.5012 -0.8623
vn 0.0640 0.6436 -0.7627
vn 0.0536 0.7671 -0.6393
vn 0.0416 0.8671 -0.4963
vn 0.0284 0.9403 -0.3391
vn 0.0143 0.9852 -0.1707
vn 0.0035 0.9991 -0.0419
vn -0.0085 0.9991 -0.0414
vn -0.0343 0.9852 -0.1678
vn -0.0682 0.9405 -0.3328
vn -0.0998 0.8673 -0.4877
vn -0.1286 0.7675 -0.6281
vn -0.1535 0.6443 -0.7492
vn -0.1736 0.5012 -0.8478
vn -0.1884 0.3428 -0.9203
vn -0.2942 0.1684 -0.9408
vn -0.2751 0.3428 -0.8982
vn -0.2535 0.5011 -0.8274
vn -0.2241 0.6442 -0.7313
vn -0.1877 0.7678 -0.6126
vn -0.1458 0.8674 -0.4758
vn -0.0995 0.9405 -0.3249
vn -0.0501 0.9853 -0.1634
vn -0.0123 0.9991 -0.0403
vn -0.0161 0.9991 -0.0393
vn -0.0654 0.9851 -0.1589
vn -0.1299 0.9402 -0.3147
vn -0.1904 0.8672 -0.4601
vn -0.2450 0.7672 -0.5928
vn -0.2924 0.6438 -0.7072
vn -0.3310 0.5011 -0.7996
vn -0.3593 0.3429 -0.8680
vn -0.0197 0.9991 -0.0370
vn -0.0801 0.9854 -0.1504
vn -0.1592 0.9405 -0.3001
vn -0.2332 0.8670 -0.4404
vn -0.3003 0.7675 -0.5664
vn -0.3584 0.6441 -0.6758
vn -0.4053 0.5009 -0.7647
vn -0.4401 0.3429 -0.8299
vn -0.5481 0.1684 -0.8193
vn -0.5169 0.3431 -0.7843
vn -0.4760 0.5010 -0.7228
vn -0.4208 0.6437 -0.6392
vn -0.3528 0.7676 -0.5351
vn -0.2741 0.8675 -0.4151
vn -0.1870 0.9405 -0.2835
vn -0.0941 0.9852 -0.1430
vn -0.0232 0.9991 -0.0353
vn -0.7567 0.1694 -0.6315
vn -0.7170 0.3429 -0.6069
vn -0.6603 0.5008 -0.5596
vn -0.5837 0.6438 -0.4949
vn -0.4890 0.7674 -0.4147
vn -0.3799 0.8670 -0.3224
vn -0.2595 0.9405 -0.2194
vn -0.1306 0.9853 -0.1098
vn -0.0322 0.9991 -0.0270
vn -0.8589 0.3430 -0.3804
vn -0.7912 0.5011 -0.3505
vn -0.6995 0.6439 -0.3099
vn -0.5862 0.7674 -0.2598
vn -0.4552 0.8672 -0.2016
vn -0.3108 0.9405 -0.1373
vn -0.1564 0.9853 -0.0693
vn -0.0385 0.9991 -0.0172
vn -0.9360 0.1699 -0.3082
vn -0.8911 0.3430 -0.2971
vn -0.8211 0.5010 -0.2735
vn -0.7259 0.6440 -0.2418
vn -0.6081 0.7676 -0.2026
vn -0.4724 0.8673 -0.1573
vn -0.3226 0.9404 -0.1075
vn -0.1623 0.9853 -0.0537
vn -0.0400 0.9991 -0.0129
vn -0.0410 0.9991 -0.0094
vn -0.1666 0.9853 -0.0385
vn -0.3314 0.9404 -0.0764
vn -0.4854 0.8671 -0.1117
vn -0.6248 0.7674 -0.1438
vn -0.7455 0.6439 -0.1718
vn -0.8433 0.5010 -0.1947
vn -0.9155 0.3424 -0.2111
vn -0.0418 0.9991 -0.0055
vn -0.1696 0.9853 -0.0224
vn -0.3371 0.9404 -0.0444
vn -0.4936 0.8672 -0.0653
vn -0.6353 0.7676 -0.0841
vn -0.7584 0.6441 -0.1002
vn -0.8580 0.5011 -0.1133
vn -0.9312 0.3432 -0.1229
vn -0.9852 0.1688 -0.0282
vn -0.9387 0.3432 -0.0339
vn -0.8645 0.5017 -0.0313
vn -0.7643 0.6443 -0.0276
vn -0.6406 0.7675 -0.0231
vn -0.4977 0.8672 -0.0179
vn -0.3399 0.9404 -0.0121
vn -0.1709 0.9853 -0.0060
vn -0.0421 0.9991 -0.0014
vn -0.0421 0.9991 0.0025
vn -0.1708 0.9853 0.0102
vn -0.3393 0.9405 0.0201
vn -0.4970 0.8673 0.0294
vn -0.6401 0.7673 0.0380
vn -0.7640 0.6436 0.0452
vn -0.8640 0.5008 0.0511
vn -0.9380 0.3423 0.0555
vn -0.0416 0.9991 0.0065
vn -0.1691 0.9853 0.0264
vn -0.3360 0.9404 0.0522
vn -0.4920 0.8672 0.0763
vn -0.6332 0.7677 0.0985
vn -0.7560 0.6439 0.1177
vn -0.8552 0.5009 0.1330
vn -0.9281 0.3432 0.1443
vn -0.9533 0.1692 0.2503
vn -0.9103 0.3428 0.2320
vn -0.8385 0.5012 0.2136
vn -0.7414 0.6440 0.1887
vn -0.6212 0.7675 0.1581
vn -0.4824 0.8673 0.1229
vn -0.3295 0.9404 0.0839
vn -0.1657 0.9853 0.0423
vn -0.0408 0.9991 0.0105
vn -0.8445 0.1701 0.5078
vn -0.8080 0.3429 0.4791
vn -0.7444 0.5010 0.4414
vn -0.6581 0.6441 0.3899
vn -0.5514 0.7675 0.3270
vn -0.4283 0.8672 0.2540
vn -0.2926 0.9404 0.1733
vn -0.1472 0.9853 0.0873
vn -0.0362 0.9991 0.0215
vn -0.2308 -0.9291 0.2889
vn -0.2667 -0.9294 0.2551
vn -0.6415 -0.3852 0.6634
vn -0.5943 -0.3858 0.7057
vn -0.5440 -0.3850 0.7455
vn -0.1905 -0.9289 0.3176
vn -0.4913 -0.3858 0.7809
vn -0.4361 -0.3848 0.8135
vn -0.1466 -0.9287 0.3406
vn -0.3790 -0.3859 0.8411
vn -0.3199 -0.3847 0.8658
vn -0.0999 -0.9286 0.3574
vn -0.2594 -0.3860 0.8853
vn -0.1976 -0.3846 0.9017
vn -0.0514 -0.9285 0.3678
vn -0.1349 -0.3860 0.9126
vn -0.0715 -0.3845 0.9203
vn -0.0018 -0.9284 0.3715
vn -0.0079 -0.3860 0.9225
vn 0.0560 -0.3845 0.9214
vn 0.0489 -0.9290 0.3669
vn 0.1221 -0.3837 0.9154
vn 0.0961 -0.9293 0.3566
vn 0.1797 -0.3804 0.9072
vn 0.2467 -0.3840 0.8898
vn 0.1428 -0.9293 0.3406
vn 0.3033 -0.3813 0.8733
vn 0.3666 -0.3843 0.8473
vn 0.1869 -0.9293 0.3184
vn 0.4209 -0.3822 0.8227
vn 0.4795 -0.3846 0.7888
vn 0.2276 -0.9294 0.2907
vn 0.5304 -0.3829 0.7563
vn 0.5832 -0.3850 0.7153
vn 0.2642 -0.9294 0.2577
vn 0.6297 -0.3837 0.6755
vn 0.6759 -0.3852 0.6283
vn 0.2960 -0.9295 0.2202
vn 0.7169 -0.3844 0.5817
vn 0.7557 -0.3856 0.5293
vn 0.3226 -0.9295 0.1787
vn 0.7902 -0.3851 0.4768
vn 0.8210 -0.3857 0.4209
vn 0.3435 -0.9295 0.1342
vn 0.8478 -0.3855 0.3641
vn 0.8708 -0.3853 0.3055
vn 0.3588 -0.9293 0.0876
vn 0.8895 -0.3857 0.2448
vn 0.9047 -0.3851 0.1824
vn 0.3679 -0.9290 0.0391
vn 0.9148 -0.3858 0.1198
vn 0.9212 -0.3849 0.0559
vn 0.3704 -0.9288 -0.0103
vn 0.9225 -0.3859 -0.0075
vn 0.9202 -0.3848 -0.0715
vn 0.3661 -0.9287 -0.0597
vn 0.9127 -0.3859 -0.1346
vn 0.9017 -0.3847 -0.1976
vn 0.3551 -0.9285 -0.1081
vn 0.8854 -0.3860 -0.2590
vn 0.8659 -0.3845 -0.3200
vn 0.3377 -0.9284 -0.1547
vn 0.8412 -0.3860 -0.3786
vn 0.8136 -0.3845 -0.4361
vn 0.3184 -0.9276 -0.1955
vn 0.7810 -0.3860 -0.4909
vn 0.3035 -0.9267 -0.2215
vn 0.7454 -0.3856 -0.5438
vn 0.2814 -0.9282 -0.2436
vn 0.7050 -0.3838 -0.5964
vn 0.2488 -0.9293 -0.2729
vn 0.6668 -0.3807 -0.6406
vn 0.6163 -0.3841 -0.6875
vn 0.2102 -0.9293 -0.3036
vn 0.5716 -0.3816 -0.7264
vn 0.5158 -0.3844 -0.7656
vn 0.1679 -0.9293 -0.3288
vn 0.4655 -0.3824 -0.7982
vn 0.4057 -0.3848 -0.8291
vn 0.1226 -0.9294 -0.3482
vn 0.3506 -0.3832 -0.8546
vn 0.2879 -0.3850 -0.8768
vn 0.0751 -0.9294 -0.3613
vn 0.2290 -0.3839 -0.8945
vn 0.1647 -0.3853 -0.9080
vn 0.0263 -0.9295 -0.3679
vn 0.1030 -0.3846 -0.9173
vn 0.0383 -0.3857 -0.9218
vn -0.0229 -0.9296 -0.3680
vn -0.0248 -0.3855 -0.9224
vn -0.0878 -0.3859 -0.9183
vn -0.0716 -0.9295 -0.3619
vn -0.1502 -0.3858 -0.9103
vn -0.2126 -0.3853 -0.8979
vn -0.1193 -0.9292 -0.3498
vn -0.2737 -0.3857 -0.8811
vn -0.3344 -0.3851 -0.8602
vn -0.1651 -0.9290 -0.3313
vn -0.3925 -0.3858 -0.8349
vn -0.4497 -0.3849 -0.8060
vn -0.2081 -0.9288 -0.3067
vn -0.5038 -0.3859 -0.7728
vn -0.5566 -0.3847 -0.7364
vn -0.2474 -0.9286 -0.2765
vn -0.6055 -0.3860 -0.6960
vn -0.6527 -0.3846 -0.6527
vn -0.2823 -0.9285 -0.2412
vn -0.6957 -0.3860 -0.6059
vn -0.7364 -0.3845 -0.5566
vn -0.3121 -0.9284 -0.2014
vn -0.7725 -0.3860 -0.5042
vn -0.8061 -0.3845 -0.4499
vn -0.3355 -0.9290 -0.1562
vn -0.8367 -0.3835 -0.3908
vn -0.3523 -0.9293 -0.1108
vn -0.8609 -0.3801 -0.3382
vn -0.8824 -0.3839 -0.2720
vn -0.3639 -0.9293 -0.0630
vn -0.8990 -0.3810 -0.2159
vn -0.9113 -0.3842 -0.1483
vn -0.3690 -0.9293 -0.0139
vn -0.9199 -0.3819 -0.0894
vn -0.9229 -0.3845 -0.0217
vn -0.3675 -0.9294 0.0354
vn -0.9231 -0.3827 0.0386
vn -0.9169 -0.3848 0.1054
vn -0.3594 -0.9294 0.0840
vn -0.9086 -0.3834 0.1658
vn -0.8936 -0.3852 0.2303
vn -0.3449 -0.9294 0.1311
vn -0.8766 -0.3841 0.2898
vn -0.8534 -0.3854 0.3510
vn -0.3242 -0.9295 0.1757
vn -0.8279 -0.3848 0.4081
vn -0.7970 -0.3857 0.4648
vn -0.2978 -0.9296 0.2172
vn -0.7444 -0.3886 0.5431
vn -0.6859 -0.3857 0.6171
vn 0.5313 0.6955 -0.4837
vn 0.5805 0.6955 -0.4235
vn 0.4758 0.6954 -0.5385
vn 0.4150 0.6954 -0.5866
vn 0.3489 0.6954 -0.6283
vn 0.2793 0.6953 -0.6622
vn 0.2058 0.6955 -0.6884
vn 0.1301 0.6954 -0.7067
vn 0.0531 0.6955 -0.7166
vn -0.0249 0.6954 -0.7182
vn -0.1021 0.6954 -0.7113
vn -0.1786 0.6955 -0.6960
vn -0.2531 0.6953 -0.6727
vn -0.3239 0.6953 -0.6416
vn -0.3916 0.6954 -0.6025
vn -0.4542 0.6954 -0.5568
vn -0.5121 0.6953 -0.5042
vn -0.5634 0.6953 -0.4463
vn -0.6083 0.6955 -0.3825
vn -0.6461 0.6954 -0.3144
vn -0.6763 0.6955 -0.2429
vn -0.6987 0.6954 -0.1680
vn -0.7128 0.6954 -0.0919
vn -0.7184 0.6955 -0.0141
vn -0.7159 0.6953 0.0639
vn -0.7048 0.6953 0.1404
vn -0.6853 0.6954 0.2162
vn -0.6581 0.6954 0.2887
vn -0.6228 0.6955 0.3583
vn -0.5805 0.6955 0.4235
vn -0.5313 0.6955 0.4837
vn -0.4758 0.6954 0.5385
vn -0.4150 0.6954 0.5866
vn -0.3489 0.6954 0.6283
vn -0.2793 0.6953 0.6622
vn -0.2058 0.6955 0.6884
vn -0.1301 0.6954 0.7067
vn -0.0531 0.6955 0.7166
vn 0.0249 0.6954 0.7182
vn 0.1021 0.6954 0.7113
vn 0.1786 0.6955 0.6960
vn 0.2531 0.6953 0.6727
vn 0.3239 0.6953 0.6416
vn 0.3916 0.6954 0.6025
vn 0.4542 0.6954 0.5568
vn 0.5121 0.6953 0.5042
vn 0.5634 0.6953 0.4463
vn 0.6083 0.6955 0.3825
vn 0.6461 0.6954 0.3144
vn 0.6763 0.6955 0.2429
vn 0.6987 0.6954 0.1680
vn 0.7128 0.6954 0.0919
vn 0.7184 0.6955 0.0141
vn 0.7159 0.6953 -0.0639
vn 0.7048 0.6953 -0.1404
vn 0.6853 0.6954 -0.2161
vn 0.6581 0.6954 -0.2887
vn 0.6228 0.6955 -0.3583
vn 0.6023 0.7231 0.3383
vn 0.6441 0.7231 0.2495
vn 0.6733 0.7228 0.1553
vn 0.4830 0.7224 0.4948
vn 0.5483 0.7228 0.4207
vn 0.6513 0.7220 -0.2337
vn 0.6114 0.7219 -0.3241
vn 0.5591 0.7218 -0.4079
vn 0.2339 0.7219 0.6512
vn 0.3242 0.7221 0.6112
vn 0.4078 0.7222 0.5587
vn 0.0409 0.7218 0.6909
vn 0.1388 0.7219 0.6780
vn 0.0576 0.7229 -0.6886
vn -0.0411 0.7232 -0.6894
vn -0.1382 0.7231 -0.6768
vn 0.6904 0.7223 -0.0407
vn 0.6778 0.7221 -0.1386
vn 0.6889 0.7225 0.0580
vn -0.1555 0.7220 0.6742
vn -0.0579 0.7219 0.6896
vn 0.4213 0.7219 -0.5489
vn 0.3389 0.7220 -0.6032
vn 0.2495 0.7224 -0.6449
vn -0.3390 0.7223 0.6028
vn -0.2498 0.7221 0.6451
vn -0.6103 0.7230 0.3238
vn -0.5580 0.7232 0.4071
vn -0.4947 0.7230 0.4823
vn 0.1551 0.7225 -0.6737
vn 0.4953 0.7219 -0.4833
vn -0.4212 0.7227 0.5480
vn -0.6895 0.7220 -0.0577
vn -0.6905 0.7222 0.0410
vn -0.6774 0.7224 0.1387
vn -0.6505 0.7227 0.2337
vn -0.5488 0.7219 -0.4215
vn -0.6032 0.7219 -0.3392
vn -0.6454 0.7218 -0.2498
vn -0.6743 0.7219 -0.1553
vn -0.3237 0.7224 -0.6110
vn -0.4076 0.7223 -0.5587
vn -0.4831 0.7221 -0.4952
vn -0.2334 0.7228 -0.6505
vn 0.1490 0.7247 -0.6727
vn 0.1885 0.4901 -0.8510
vn 0.2499 0.7248 -0.6421
vn 0.3151 0.4882 -0.8139
vn 0.3450 0.7248 -0.5964
vn 0.4349 0.4869 -0.7575
vn 0.4320 0.7248 -0.5367
vn 0.5450 0.4860 -0.6832
vn 0.5089 0.7248 -0.4645
vn 0.6427 0.4856 -0.5925
vn 0.5738 0.7248 -0.3814
vn 0.7256 0.4854 -0.4877
vn 0.6253 0.7247 -0.2894
vn 0.7916 0.4852 -0.3713
vn 0.6622 0.7247 -0.1905
vn 0.8391 0.4851 -0.2461
vn 0.6835 0.7248 -0.0872
vn 0.8669 0.4849 -0.1152
vn 0.6888 0.7247 0.0182
vn 0.8743 0.4850 0.0189
vn 0.6779 0.7247 0.1231
vn 0.8612 0.4848 0.1523
vn 0.6512 0.7248 0.2251
vn 0.8278 0.4849 0.2823
vn 0.6092 0.7248 0.3219
vn 0.7749 0.4850 0.4054
vn 0.5529 0.7248 0.4111
vn 0.7037 0.4849 0.5193
vn 0.4837 0.7248 0.4907
vn 0.6160 0.4849 0.6209
vn 0.4031 0.7248 0.5588
vn 0.5135 0.4848 0.7080
vn 0.3131 0.7247 0.6138
vn 0.3990 0.4846 0.7784
vn 0.2157 0.7248 0.6544
vn 0.2753 0.4849 0.8301
vn 0.1133 0.7247 0.6796
vn 0.1449 0.4849 0.8625
vn 0.0082 0.7247 0.6890
vn 0.0111 0.4847 0.8746
vn -0.0970 0.7247 0.6821
vn -0.1230 0.4851 0.8658
vn -0.2000 0.7248 0.6593
vn -0.2541 0.4848 0.8369
vn -0.2983 0.7247 0.6211
vn -0.3792 0.4846 0.7883
vn -0.3896 0.7247 0.5683
vn -0.4954 0.4847 0.7208
vn -0.4718 0.7247 0.5021
vn -0.6000 0.4849 0.6363
vn -0.5429 0.7248 0.4242
vn -0.6903 0.4850 0.5369
vn -0.6013 0.7248 0.3363
vn -0.7644 0.4849 0.4249
vn -0.6456 0.7247 0.2406
vn -0.8205 0.4848 0.3029
vn -0.6748 0.7247 0.1393
vn -0.8572 0.4848 0.1738
vn -0.6881 0.7248 0.0347
vn -0.8736 0.4849 0.0406
vn -0.6854 0.7247 -0.0708
vn -0.8696 0.4848 -0.0935
vn -0.6665 0.7247 -0.1747
vn -0.8439 0.4860 -0.2273
vn -0.6320 0.7247 -0.2744
vn -0.7994 0.4860 -0.3533
vn -0.5828 0.7247 -0.3676
vn -0.7362 0.4859 -0.4710
vn -0.5198 0.7248 -0.4522
vn -0.6558 0.4860 -0.5777
vn -0.4447 0.7248 -0.5263
vn -0.5601 0.4859 -0.6710
vn -0.3592 0.7248 -0.5880
vn -0.4513 0.4859 -0.7485
vn -0.2652 0.7247 -0.6359
vn -0.3322 0.4863 -0.8082
vn -0.1650 0.7248 -0.6690
vn -0.2056 0.4865 -0.8491
vn -0.0610 0.7247 -0.6863
vn -0.0745 0.4870 -0.8702
vn 0.0445 0.7248 -0.6876
vn 0.0578 0.4880 -0.8709
vn -0.0693 0.6932 -0.7174
vn -0.1586 0.6932 -0.7030
vn -0.2455 0.6932 -0.6776
vn -0.3285 0.6932 -0.6415
vn -0.4063 0.6932 -0.5953
vn -0.4777 0.6932 -0.5396
vn -0.5416 0.6933 -0.4755
vn -0.5969 0.6933 -0.4039
vn -0.6428 0.6933 -0.3259
vn -0.6786 0.6933 -0.2427
vn 0.3656 0.6932 -0.6211
vn 0.2849 0.6932 -0.6620
vn 0.1997 0.6932 -0.6925
vn 0.1113 0.6932 -0.7121
vn 0.0212 0.6932 -0.7204
vn -0.7037 0.6932 -0.1559
vn -0.7176 0.6932 -0.0664
vn -0.7203 0.6932 0.0241
vn -0.7116 0.6932 0.1142
vn -0.6917 0.6932 0.2024
vn -0.6609 0.6933 0.2875
vn 0.6786 0.6932 0.2428
vn 0.7037 0.6932 0.1558
vn 0.7176 0.6932 0.0664
vn 0.7203 0.6932 -0.0241
vn -0.1997 0.6932 0.6925
vn -0.1113 0.6932 0.7121
vn -0.0212 0.6932 0.7204
vn 0.0693 0.6932 0.7174
vn 0.1586 0.6932 0.7030
vn 0.7116 0.6932 -0.1142
vn 0.6917 0.6932 -0.2024
vn 0.6609 0.6933 -0.2875
vn 0.6196 0.6932 -0.3681
vn 0.5686 0.6933 -0.4428
vn 0.5086 0.6933 -0.5106
vn 0.4406 0.6932 -0.5703
vn 0.2455 0.6932 0.6776
vn 0.3285 0.6932 0.6415
vn 0.4063 0.6933 0.5953
vn 0.4777 0.6932 0.5397
vn 0.5416 0.6932 0.4755
vn 0.5969 0.6932 0.4039
vn 0.6428 0.6932 0.3259
vn -0.6196 0.6933 0.3681
vn -0.5686 0.6933 0.4428
vn -0.5086 0.6933 0.5106
vn -0.4406 0.6933 0.5703
vn -0.3656 0.6932 0.6211
vn -0.2849 0.6932 0.6620
vn 0.6760 0.7215 0.1497
vn 0.6519 0.7215 0.2332
vn 0.6176 0.7215 0.3131
vn 0.5734 0.7215 0.3880
vn 0.5203 0.7215 0.4569
vn 0.4589 0.7215 0.5185
vn 0.3903 0.7215 0.5719
vn 0.3156 0.7215 0.6163
vn 0.2358 0.7215 0.6510
vn 0.1524 0.7215 0.6754
vn 0.0665 0.7215 0.6892
vn -0.0204 0.7215 0.6921
vn -0.1069 0.7215 0.6841
vn -0.1918 0.7215 0.6653
vn -0.2737 0.7215 0.6360
vn -0.3513 0.7215 0.5967
vn -0.4233 0.7215 0.5479
vn -0.4886 0.7215 0.4906
vn -0.5463 0.7215 0.4255
vn -0.5953 0.7215 0.3536
vn -0.6349 0.7215 0.2763
vn -0.6645 0.7215 0.1945
vn -0.6837 0.7215 0.1097
vn -0.6920 0.7215 0.0231
vn -0.6895 0.7215 -0.0638
vn -0.6760 0.7215 -0.1497
vn -0.6519 0.7215 -0.2332
vn -0.6176 0.7215 -0.3131
vn -0.5734 0.7215 -0.3880
vn -0.5203 0.7215 -0.4569
vn -0.4589 0.7215 -0.5185
vn -0.3903 0.7215 -0.5719
vn -0.3156 0.7215 -0.6163
vn -0.2358 0.7215 -0.6510
vn -0.1524 0.7215 -0.6754
vn -0.0665 0.7215 -0.6892
vn 0.0204 0.7215 -0.6921
vn 0.1069 0.7215 -0.6841
vn 0.1918 0.7215 -0.6653
vn 0.2737 0.7215 -0.6360
vn 0.3513 0.7215 -0.5967
vn 0.4233 0.7215 -0.5479
vn 0.4886 0.7215 -0.4906
vn 0.5463 0.7215 -0.4255
vn 0.5953 0.7215 -0.3536
vn 0.6349 0.7215 -0.2763
vn 0.6645 0.7215 -0.1945
vn 0.6837 0.7215 -0.1097
vn 0.6920 0.7215 -0.0231
vn 0.6895 0.7215 0.0638
vn -0.6628 0.6935 -0.2824
vn -0.6925 0.6935 -0.1988
vn -0.7117 0.6935 -0.1122
vn -0.7201 0.6935 -0.0239
vn -0.7175 0.6935 0.0648
vn -0.7041 0.6935 0.1525
vn -0.6800 0.6935 0.2379
vn -0.6457 0.6935 0.3196
vn -0.6015 0.6935 0.3966
vn -0.5482 0.6935 0.4675
vn -0.4866 0.6935 0.5313
vn -0.4176 0.6935 0.5871
vn -0.3423 0.6935 0.6339
vn -0.2618 0.6935 0.6712
vn -0.1773 0.6935 0.6983
vn -0.0902 0.6935 0.7148
vn -0.0017 0.6935 0.7204
vn 0.0869 0.6935 0.7152
vn 0.1741 0.6935 0.6991
vn 0.2587 0.6935 0.6724
vn 0.3394 0.6935 0.6355
vn 0.4149 0.6935 0.5890
vn 0.4841 0.6935 0.5335
vn 0.5460 0.6935 0.4700
vn 0.5996 0.6935 0.3993
vn 0.6442 0.6935 0.3226
vn 0.6789 0.6935 0.2410
vn 0.7034 0.6935 0.1558
vn 0.7172 0.6935 0.0681
vn 0.7202 0.6935 -0.0205
vn 0.7122 0.6935 -0.1089
vn 0.6934 0.6935 -0.1956
vn 0.6641 0.6935 -0.2793
vn 0.6248 0.6935 -0.3588
vn 0.5759 0.6935 -0.4328
vn 0.5184 0.6935 -0.5003
vn 0.4530 0.6935 -0.5602
vn 0.3807 0.6935 -0.6117
vn 0.3026 0.6935 -0.6538
vn 0.2200 0.6935 -0.6860
vn 0.1340 0.6935 -0.7079
vn 0.0460 0.6935 -0.7190
vn -0.0427 0.6935 -0.7192
vn -0.1307 0.6935 -0.7085
vn -0.2168 0.6935 -0.6870
vn -0.2996 0.6935 -0.6552
vn -0.3778 0.6935 -0.6134
vn -0.4504 0.6935 -0.5623
vn -0.5161 0.6935 -0.5027
vn -0.5739 0.6935 -0.4355
vn -0.6231 0.6935 -0.3617
vn 0.7034 -0.6935 0.1557
vn 0.6789 -0.6935 0.2410
vn 0.6442 -0.6935 0.3226
vn 0.5997 -0.6935 0.3993
vn 0.5460 -0.6935 0.4700
vn 0.4841 -0.6935 0.5336
vn 0.4149 -0.6935 0.5890
vn 0.3394 -0.6935 0.6355
vn 0.2587 -0.6935 0.6724
vn 0.1741 -0.6935 0.6991
vn 0.0869 -0.6935 0.7152
vn -0.0017 -0.6935 0.7205
vn -0.0902 -0.6935 0.7148
vn -0.1773 -0.6935 0.6983
vn -0.2618 -0.6935 0.6712
vn -0.3423 -0.6935 0.6339
vn -0.4176 -0.6935 0.5871
vn -0.4866 -0.6935 0.5313
vn -0.5482 -0.6935 0.4675
vn -0.6015 -0.6935 0.3965
vn -0.6457 -0.6935 0.3196
vn -0.6800 -0.6935 0.2379
vn -0.7041 -0.6935 0.1525
vn -0.7175 -0.6935 0.0648
vn -0.7201 -0.6935 -0.0239
vn -0.7117 -0.6935 -0.1122
vn -0.6925 -0.6935 -0.1987
vn -0.6628 -0.6935 -0.2823
vn -0.6231 -0.6935 -0.3617
vn -0.5739 -0.6935 -0.4355
vn -0.5161 -0.6935 -0.5027
vn -0.4504 -0.6935 -0.5623
vn -0.3779 -0.6935 -0.6134
vn -0.2996 -0.6935 -0.6552
vn -0.2168 -0.6935 -0.6870
vn -0.1307 -0.6935 -0.7085
vn -0.0427 -0.6935 -0.7192
vn 0.0460 -0.6935 -0.7190
vn 0.1340 -0.6935 -0.7079
vn 0.2200 -0.6935 -0.6860
vn 0.3026 -0.6935 -0.6538
vn 0.3807 -0.6935 -0.6117
vn 0.4530 -0.6935 -0.5602
vn 0.5184 -0.6935 -0.5003
vn 0.5759 -0.6935 -0.4329
vn 0.6248 -0.6935 -0.3588
vn 0.6641 -0.6935 -0.2793
vn 0.6934 -0.6935 -0.1956
vn 0.7122 -0.6935 -0.1089
vn 0.7202 -0.6935 -0.0205
vn 0.7172 -0.6935 0.0681
vn 0.5768 -0.7225 -0.3813
vn 0.6224 -0.7225 -0.3011
vn 0.6570 -0.7225 -0.2154
vn 0.6799 -0.7225 -0.1259
vn 0.6906 -0.7225 -0.0342
vn 0.6890 -0.7225 0.0582
vn 0.6751 -0.7225 0.1494
vn 0.6491 -0.7224 0.2382
vn 0.6116 -0.7224 0.3225
vn 0.5631 -0.7225 0.4011
vn 0.5047 -0.7225 0.4726
vn 0.4371 -0.7224 0.5357
vn -0.4004 -0.7225 -0.5637
vn -0.3217 -0.7225 -0.6120
vn -0.2372 -0.7225 -0.6494
vn -0.1486 -0.7225 -0.6753
vn -0.0572 -0.7225 -0.6890
vn 0.0351 -0.7225 -0.6905
vn 0.1268 -0.7224 -0.6797
vn 0.2163 -0.7224 -0.6567
vn 0.3019 -0.7225 -0.6220
vn 0.3821 -0.7225 -0.5762
vn 0.4555 -0.7224 -0.5202
vn 0.5208 -0.7225 -0.4548
vn -0.5500 -0.7225 0.4190
vn -0.6009 -0.7225 0.3420
vn -0.6411 -0.7225 0.2588
vn -0.6699 -0.7225 0.1710
vn -0.6867 -0.7225 0.0802
vn -0.6913 -0.7225 -0.0120
vn -0.6835 -0.7224 -0.1041
vn -0.6636 -0.7224 -0.1943
vn -0.6318 -0.7225 -0.2809
vn -0.5887 -0.7225 -0.3627
vn -0.5351 -0.7225 -0.4379
vn -0.4720 -0.7225 -0.5053
vn 0.3618 -0.7224 0.5892
vn 0.2801 -0.7224 0.6322
vn 0.1933 -0.7225 0.6638
vn 0.1031 -0.7225 0.6837
vn 0.0111 -0.7225 0.6913
vn -0.0812 -0.7224 0.6866
vn -0.1719 -0.7224 0.6697
vn -0.2597 -0.7225 0.6408
vn -0.3428 -0.7225 0.6005
vn -0.4198 -0.7225 0.5494
vn -0.4892 -0.7224 0.4886
vn 0.7045 -0.6924 0.1560
vn 0.6774 -0.6924 0.2485
vn 0.6382 -0.6924 0.3366
vn 0.5877 -0.6924 0.4186
vn 0.5266 -0.6924 0.4932
vn 0.4562 -0.6924 0.5590
vn 0.3776 -0.6924 0.6148
vn 0.2923 -0.6924 0.6597
vn 0.2018 -0.6924 0.6928
vn 0.1076 -0.6924 0.7135
vn 0.0116 -0.6924 0.7215
vn -0.0847 -0.6924 0.7165
vn -0.1795 -0.6924 0.6989
vn -0.2710 -0.6924 0.6687
vn -0.3577 -0.6924 0.6266
vn -0.4380 -0.6924 0.5734
vn -0.5105 -0.6924 0.5099
vn -0.5739 -0.6924 0.4373
vn -0.6271 -0.6924 0.3569
vn -0.6691 -0.6924 0.2701
vn -0.6991 -0.6924 0.1785
vn -0.7167 -0.6924 0.0837
vn -0.7214 -0.6924 -0.0126
vn -0.7133 -0.6924 -0.1086
vn -0.6925 -0.6924 -0.2027
vn -0.6593 -0.6924 -0.2932
vn -0.6143 -0.6924 -0.3784
vn -0.5584 -0.6924 -0.4569
vn -0.4925 -0.6924 -0.5273
vn -0.4178 -0.6924 -0.5883
vn -0.3357 -0.6924 -0.6387
vn -0.2476 -0.6924 -0.6777
vn -0.1550 -0.6924 -0.7047
vn -0.0597 -0.6924 -0.7191
vn 0.0366 -0.6924 -0.7206
vn 0.1324 -0.6924 -0.7093
vn 0.2257 -0.6924 -0.6853
vn 0.3151 -0.6924 -0.6491
vn 0.3988 -0.6924 -0.6013
vn 0.4754 -0.6924 -0.5428
vn 0.5435 -0.6924 -0.4746
vn 0.6019 -0.6924 -0.3979
vn 0.6495 -0.6924 -0.3142
vn 0.6856 -0.6924 -0.2248
vn 0.7095 -0.6924 -0.1314
vn 0.7207 -0.6924 -0.0357
vn 0.7190 -0.6924 0.0607
vn 0.3703 -0.7248 0.5810
vn 0.2749 -0.7248 0.6317
vn 0.1727 -0.7248 0.6670
vn 0.0662 -0.7248 0.6858
vn -0.0419 -0.7248 0.6877
vn -0.1489 -0.7248 0.6726
vn -0.2523 -0.7248 0.6411
vn -0.3495 -0.7248 0.5937
vn -0.4381 -0.7248 0.5317
vn -0.5159 -0.7248 0.4566
vn -0.5809 -0.7248 0.3703
vn -0.6317 -0.7248 0.2749
vn -0.6669 -0.7249 0.1726
vn 0.6876 -0.7249 0.0419
vn 0.6726 -0.7249 0.1489
vn 0.6410 -0.7249 0.2522
vn 0.5937 -0.7249 0.3494
vn 0.5317 -0.7249 0.4380
vn 0.4566 -0.7248 0.5159
vn -0.6857 -0.7249 0.0662
vn -0.6876 -0.7249 -0.0419
vn -0.6726 -0.7249 -0.1489
vn -0.6410 -0.7249 -0.2523
vn -0.5936 -0.7250 -0.3494
vn -0.0662 -0.7251 -0.6854
vn 0.0419 -0.7251 -0.6873
vn 0.1489 -0.7252 -0.6723
vn 0.2522 -0.7252 -0.6407
vn 0.3493 -0.7252 -0.5934
vn 0.4378 -0.7251 -0.5315
vn 0.5157 -0.7250 -0.4565
vn -0.5316 -0.7250 -0.4380
vn -0.4565 -0.7250 -0.5157
vn -0.3702 -0.7250 -0.5808
vn -0.2748 -0.7251 -0.6315
vn -0.1726 -0.7251 -0.6667
vn 0.5808 -0.7250 -0.3702
vn 0.6316 -0.7250 -0.2748
vn 0.6668 -0.7250 -0.1727
vn 0.6856 -0.7249 -0.0663
vn -0.8350 0.4626 -0.2981
vn -0.8301 0.5042 -0.2380
vn -0.7833 0.5043 -0.3636
vn -0.7760 0.4683 -0.4226
vn -0.7179 0.5045 -0.4797
vn -0.6985 0.4744 -0.5357
vn -0.6353 0.5047 -0.5845
vn -0.6049 0.4800 -0.6354
vn -0.5374 0.5048 -0.6755
vn -0.4971 0.4853 -0.7192
vn -0.4267 0.5048 -0.7504
vn -0.3779 0.4903 -0.7853
vn -0.3058 0.5050 -0.8071
vn -0.2502 0.4948 -0.8322
vn -0.1778 0.5052 -0.8445
vn -0.1169 0.4990 -0.8587
vn -0.0453 0.5050 -0.8619
vn 0.0188 0.5024 -0.8644
vn 0.0879 0.5053 -0.8585
vn 0.1859 0.5113 -0.8391
vn 0.2823 0.5055 -0.8154
vn 0.3473 0.5030 -0.7915
vn 0.4667 0.5005 -0.7291
vn 0.4056 0.5064 -0.7609
vn 0.6184 0.5054 -0.6018
vn 0.5758 0.4970 -0.6492
vn 0.5182 0.5064 -0.6892
vn 0.7039 0.5055 -0.4990
vn 0.6720 0.4924 -0.5531
vn 0.7726 0.5055 -0.3840
vn 0.7514 0.4889 -0.4433
vn 0.8227 0.5055 -0.2601
vn 0.8127 0.4851 -0.3227
vn 0.8530 0.5055 -0.1300
vn 0.8548 0.4816 -0.1934
vn 0.8628 0.5056 0.0036
vn 0.8762 0.4782 -0.0592
vn 0.8519 0.5055 0.1369
vn 0.8767 0.4750 0.0768
vn 0.8205 0.5055 0.2669
vn 0.8560 0.4718 0.2113
vn 0.7694 0.5057 0.3902
vn 0.8144 0.4691 0.3415
vn 0.6999 0.5057 0.5045
vn 0.7532 0.4667 0.4637
vn 0.6135 0.5057 0.6066
vn 0.6737 0.4641 0.5752
vn 0.5122 0.5057 0.6943
vn 0.5778 0.4622 0.6726
vn 0.3987 0.5054 0.7652
vn 0.4676 0.4602 0.7547
vn 0.2757 0.5058 0.8174
vn 0.3462 0.4587 0.8184
vn 0.1460 0.5057 0.8502
vn 0.2164 0.4579 0.8622
vn 0.0128 0.5054 0.8628
vn 0.0811 0.4575 0.8855
vn -0.1207 0.5059 0.8541
vn -0.0563 0.4569 0.8877
vn -0.2513 0.5056 0.8254
vn -0.1925 0.4570 0.8684
vn -0.3757 0.5053 0.7768
vn -0.3239 0.4570 0.8284
vn -0.4913 0.5055 0.7093
vn -0.4473 0.4570 0.7688
vn -0.5951 0.5057 0.6246
vn -0.5602 0.4580 0.6902
vn -0.6844 0.5058 0.5251
vn -0.6594 0.4590 0.5954
vn -0.7574 0.5057 0.4131
vn -0.7428 0.4605 0.4861
vn -0.8122 0.5055 0.2910
vn -0.8078 0.4621 0.3658
vn -0.8474 0.5056 0.1620
vn -0.8534 0.4642 0.2370
vn -0.8623 0.5056 0.0292
vn -0.8785 0.4666 0.1023
vn -0.8651 0.4721 -0.1696
vn -0.8565 0.5055 -0.1043
vn -0.8825 0.4691 -0.0343
vn 0.5847 -0.7195 -0.3747
vn -0.6250 -0.6955 0.3544
vn 0.6218 -0.7195 -0.3093
vn -0.6587 -0.6955 0.2871
vn 0.6516 -0.7195 -0.2403
vn -0.6851 -0.6955 0.2167
vn 0.6738 -0.7195 -0.1684
vn -0.7040 -0.6955 0.1439
vn 0.6880 -0.7195 -0.0946
vn -0.7151 -0.6955 0.0695
vn 0.6942 -0.7195 -0.0196
vn -0.7185 -0.6955 -0.0056
vn 0.6923 -0.7195 0.0555
vn -0.7140 -0.6955 -0.0807
vn 0.6822 -0.7195 0.1301
vn -0.7016 -0.6955 -0.1549
vn 0.6641 -0.7195 0.2031
vn -0.6816 -0.6955 -0.2274
vn 0.6383 -0.7195 0.2737
vn -0.6541 -0.6955 -0.2974
vn 0.6050 -0.7195 0.3411
vn -0.6194 -0.6955 -0.3641
vn 0.5645 -0.7195 0.4045
vn -0.5780 -0.6955 -0.4269
vn 0.5175 -0.7195 0.4632
vn -0.5302 -0.6955 -0.4850
vn 0.4644 -0.7195 0.5164
vn -0.4766 -0.6955 -0.5377
vn 0.4058 -0.7195 0.5636
vn -0.4178 -0.6955 -0.5846
vn 0.3425 -0.7195 0.6042
vn -0.3544 -0.6955 -0.6250
vn 0.2752 -0.7195 0.6376
vn -0.2871 -0.6955 -0.6587
vn 0.2046 -0.7195 0.6637
vn -0.2167 -0.6955 -0.6851
vn 0.1317 -0.7195 0.6819
vn -0.1439 -0.6955 -0.7040
vn 0.0572 -0.7195 0.6921
vn -0.0695 -0.6955 -0.7151
vn -0.0180 -0.7195 0.6943
vn 0.0056 -0.6955 -0.7185
vn -0.0929 -0.7195 0.6882
vn 0.0807 -0.6955 -0.7140
vn -0.1668 -0.7195 0.6742
vn 0.1549 -0.6955 -0.7016
vn -0.2387 -0.7195 0.6522
vn 0.2274 -0.6955 -0.6816
vn -0.3078 -0.7195 0.6225
vn 0.2974 -0.6955 -0.6541
vn -0.3733 -0.7195 0.5856
vn 0.3641 -0.6955 -0.6194
vn -0.4345 -0.7195 0.5418
vn 0.4269 -0.6955 -0.5780
vn -0.4905 -0.7195 0.4917
vn 0.4850 -0.6955 -0.5302
vn -0.5408 -0.7195 0.4358
vn 0.5377 -0.6955 -0.4766
vn -0.5847 -0.7195 0.3747
vn 0.5846 -0.6955 -0.4178
vn -0.6218 -0.7195 0.3093
vn 0.6250 -0.6955 -0.3544
vn 0.6587 -0.6955 -0.2871
vn -0.6516 -0.7195 0.2403
vn 0.6851 -0.6955 -0.2167
vn -0.6738 -0.7195 0.1684
vn 0.7040 -0.6955 -0.1439
vn -0.6880 -0.7195 0.0946
vn 0.7151 -0.6955 -0.0695
vn -0.6942 -0.7195 0.0196
vn 0.7185 -0.6955 0.0056
vn -0.6923 -0.7195 -0.0555
vn 0.7140 -0.6955 0.0807
vn -0.6822 -0.7195 -0.1301
vn 0.7016 -0.6955 0.1549
vn -0.6641 -0.7195 -0.2031
vn 0.6816 -0.6955 0.2274
vn -0.6383 -0.7195 -0.2737
vn 0.6541 -0.6955 0.2974
vn -0.6050 -0.7195 -0.3411
vn 0.6194 -0.6955 0.3641
vn -0.5645 -0.7195 -0.4045
vn 0.5780 -0.6955 0.4269
vn -0.5175 -0.7195 -0.4632
vn 0.5302 -0.6955 0.4850
vn -0.4644 -0.7195 -0.5164
vn 0.4766 -0.6955 0.5377
vn -0.4058 -0.7195 -0.5636
vn 0.4178 -0.6955 0.5846
vn -0.3425 -0.7195 -0.6042
vn 0.3544 -0.6955 0.6250
vn -0.2752 -0.7195 -0.6376
vn 0.2871 -0.6955 0.6587
vn -0.2046 -0.7195 -0.6637
vn 0.2167 -0.6955 0.6851
vn -0.1317 -0.7195 -0.6819
vn 0.1439 -0.6955 0.7040
vn -0.0572 -0.7195 -0.6921
vn 0.0695 -0.6955 0.7151
vn 0.0180 -0.7195 -0.6943
vn -0.0056 -0.6955 0.7185
vn 0.0929 -0.7195 -0.6882
vn -0.0807 -0.6955 0.7140
vn 0.1668 -0.7195 -0.6742
vn -0.1549 -0.6955 0.7016
vn 0.2387 -0.7195 -0.6522
vn -0.2274 -0.6955 0.6816
vn 0.3078 -0.7195 -0.6225
vn -0.2974 -0.6955 0.6541
vn 0.3733 -0.7195 -0.5856
vn -0.3641 -0.6955 0.6194
vn 0.4345 -0.7195 -0.5418
vn -0.4269 -0.6955 0.5780
vn 0.4905 -0.7195 -0.4917
vn -0.4850 -0.6955 0.5302
vn 0.5408 -0.7195 -0.4358
vn -0.5377 -0.6955 0.4766
vn -0.5846 -0.6955 0.4178
vn -0.3425 0.7195 -0.6041
vn -0.2752 0.7195 -0.6376
vn -0.2046 0.7195 -0.6636
vn -0.1317 0.7195 -0.6819
vn -0.0572 0.7195 -0.6921
vn 0.0180 0.7195 -0.6943
vn 0.0929 0.7195 -0.6882
vn 0.1668 0.7195 -0.6742
vn 0.2387 0.7195 -0.6522
vn 0.3078 0.7195 -0.6225
vn 0.3733 0.7195 -0.5856
vn 0.4345 0.7195 -0.5418
vn 0.4905 0.7195 -0.4917
vn 0.5408 0.7195 -0.4357
vn 0.5847 0.7195 -0.3747
vn 0.6218 0.7195 -0.3091
vn 0.6516 0.7195 -0.2402
vn 0.6738 0.7195 -0.1684
vn 0.6880 0.7195 -0.0945
vn 0.6942 0.7195 -0.0196
vn 0.6923 0.7195 0.0555
vn 0.6822 0.7195 0.1301
vn 0.6641 0.7195 0.2031
vn 0.6383 0.7195 0.2737
vn 0.6050 0.7195 0.3411
vn 0.5645 0.7195 0.4045
vn 0.5175 0.7195 0.4631
vn 0.4644 0.7195 0.5164
vn 0.4058 0.7195 0.5636
vn 0.3425 0.7195 0.6041
vn 0.2752 0.7195 0.6376
vn 0.2046 0.7195 0.6636
vn 0.1317 0.7195 0.6819
vn 0.0572 0.7195 0.6921
vn -0.0180 0.7195 0.6943
vn -0.0929 0.7195 0.6882
vn -0.1668 0.7195 0.6742
vn -0.2387 0.7195 0.6522
vn -0.3078 0.7195 0.6225
vn -0.3733 0.7195 0.5856
vn -0.4345 0.7195 0.5418
vn -0.4905 0.7195 0.4917
vn -0.5408 0.7195 0.4357
vn -0.5847 0.7195 0.3747
vn -0.6218 0.7195 0.3094
vn -0.6516 0.7195 0.2402
vn -0.6738 0.7195 0.1684
vn -0.6880 0.7195 0.0945
vn -0.6942 0.7195 0.0196
vn -0.6923 0.7195 -0.0555
vn -0.6822 0.7195 -0.1301
vn -0.6641 0.7195 -0.2031
vn -0.6383 0.7195 -0.2737
vn -0.6050 0.7195 -0.3411
vn -0.5645 0.7195 -0.4045
vn -0.5175 0.7195 -0.4631
vn -0.4644 0.7195 -0.5164
vn -0.4058 0.7195 -0.5636
vn 0.6251 0.6955 -0.3543
vn 0.5846 0.6955 -0.4178
vn 0.5377 0.6955 -0.4766
vn 0.4849 0.6955 -0.5302
vn 0.4269 0.6955 -0.5780
vn 0.3641 0.6955 -0.6194
vn 0.2974 0.6955 -0.6541
vn 0.2274 0.6955 -0.6816
vn 0.1549 0.6955 -0.7016
vn 0.0807 0.6955 -0.7140
vn 0.0056 0.6955 -0.7185
vn -0.0695 0.6955 -0.7151
vn -0.1439 0.6955 -0.7040
vn -0.2167 0.6955 -0.6851
vn -0.2871 0.6955 -0.6587
vn -0.3544 0.6955 -0.6251
vn -0.4178 0.6955 -0.5846
vn -0.4766 0.6955 -0.5377
vn -0.5302 0.6955 -0.4850
vn -0.5780 0.6955 -0.4269
vn -0.6194 0.6955 -0.3642
vn -0.6541 0.6955 -0.2974
vn -0.6816 0.6955 -0.2273
vn -0.7016 0.6955 -0.1548
vn -0.7140 0.6955 -0.0807
vn -0.7185 0.6955 -0.0056
vn -0.7151 0.6955 0.0695
vn -0.7040 0.6955 0.1438
vn -0.6851 0.6955 0.2167
vn -0.6587 0.6955 0.2871
vn -0.6251 0.6955 0.3543
vn -0.5846 0.6955 0.4178
vn -0.5377 0.6955 0.4766
vn -0.4849 0.6955 0.5302
vn -0.4269 0.6955 0.5780
vn -0.3641 0.6955 0.6194
vn -0.2974 0.6955 0.6541
vn -0.2274 0.6955 0.6816
vn -0.1549 0.6955 0.7016
vn -0.0807 0.6955 0.7140
vn -0.0056 0.6955 0.7185
vn 0.0695 0.6955 0.7151
vn 0.1439 0.6955 0.7040
vn 0.2167 0.6955 0.6851
vn 0.2871 0.6955 0.6587
vn 0.3544 0.6955 0.6251
vn 0.4178 0.6955 0.5846
vn 0.4766 0.6955 0.5377
vn 0.5302 0.6955 0.4850
vn 0.5780 0.6955 0.4269
vn 0.6194 0.6955 0.3642
vn 0.6541 0.6955 0.2974
vn 0.6816 0.6955 0.2273
vn 0.7016 0.6955 0.1548
vn 0.7140 0.6955 0.0807
vn 0.7185 0.6955 0.0056
vn 0.7151 0.6955 -0.0695
vn 0.7040 0.6955 -0.1438
vn 0.6851 0.6955 -0.2167
vn 0.6587 0.6955 -0.2871
vn -0.4300 0.7228 -0.5410
vn 0.4847 0.6940 0.5324
vn -0.4996 0.7228 -0.4774
vn 0.5442 0.6940 0.4713
vn -0.5600 0.7228 -0.4050
vn 0.5962 0.6940 0.4036
vn -0.6099 0.7228 -0.3250
vn 0.6397 0.6940 0.3303
vn -0.6485 0.7228 -0.2388
vn 0.6743 0.6940 0.2523
vn -0.6750 0.7228 -0.1483
vn 0.6994 0.6940 0.1708
vn -0.6889 0.7228 -0.0550
vn 0.7147 0.6940 0.0869
vn -0.6899 0.7228 0.0393
vn 0.1940 0.7228 -0.6633
vn -0.1500 0.6940 0.7042
vn 0.1019 0.7228 -0.6835
vn -0.0656 0.6940 0.7170
vn 0.0079 0.7228 -0.6910
vn 0.0196 0.6940 0.7197
vn -0.0863 0.7228 -0.6857
vn 0.1046 0.6940 0.7123
vn -0.1788 0.7228 -0.6675
vn 0.1881 0.6940 0.6950
vn -0.2681 0.7228 -0.6369
vn 0.2690 0.6940 0.6678
vn -0.3523 0.7228 -0.5945
vn 0.3461 0.6940 0.6313
vn 0.4183 0.6940 0.5860
vn 0.7197 0.6943 0.0020
vn 0.7148 0.6943 -0.0838
vn -0.6782 0.7228 0.1330
vn 0.7002 0.6940 -0.1674
vn -0.6537 0.7228 0.2241
vn 0.6755 0.6940 -0.2491
vn -0.6172 0.7228 0.3109
vn 0.6413 0.6940 -0.3272
vn -0.5691 0.7228 0.3921
vn 0.5981 0.6940 -0.4007
vn -0.5104 0.7228 0.4659
vn 0.5465 0.6940 -0.4687
vn -0.4422 0.7228 0.5311
vn 0.6172 0.7228 -0.3109
vn -0.6208 0.6940 0.3646
vn 0.5691 0.7228 -0.3920
vn -0.5733 0.6940 0.4355
vn 0.5104 0.7228 -0.4658
vn -0.5178 0.6940 0.5003
vn 0.4422 0.7228 -0.5310
vn -0.4550 0.6940 0.5580
vn 0.3658 0.7228 -0.5863
vn -0.3858 0.6940 0.6079
vn 0.2825 0.7228 -0.6307
vn -0.3112 0.6940 0.6492
vn -0.2322 0.6940 0.6815
vn 0.6099 0.7228 0.3249
vn -0.6582 0.6940 -0.2918
vn 0.6485 0.7228 0.2388
vn -0.6881 0.6940 -0.2119
vn 0.6750 0.7228 0.1483
vn -0.7083 0.6940 -0.1291
vn 0.6889 0.7228 0.0551
vn -0.7186 0.6940 -0.0444
vn 0.6899 0.7228 -0.0393
vn -0.7188 0.6940 0.0410
vn 0.6782 0.7228 -0.1329
vn -0.7089 0.6940 0.1256
vn 0.6538 0.7228 -0.2240
vn -0.6891 0.6940 0.2086
vn -0.6595 0.6940 0.2887
vn 0.1788 0.7228 0.6675
vn -0.2289 0.6940 -0.6826
vn 0.2681 0.7228 0.6369
vn -0.3081 0.6940 -0.6507
vn 0.3523 0.7228 0.5945
vn -0.3829 0.6940 -0.6097
vn 0.4300 0.7228 0.5410
vn -0.4523 0.6940 -0.5602
vn 0.4996 0.7228 0.4774
vn -0.5154 0.6940 -0.5028
vn 0.5600 0.7228 0.4049
vn -0.5712 0.6940 -0.4382
vn -0.6190 0.6940 -0.3676
vn 0.4872 0.6940 -0.5300
vn 0.4211 0.6940 -0.5840
vn -0.3658 0.7228 0.5863
vn 0.3491 0.6940 -0.6297
vn -0.2825 0.7228 0.6307
vn 0.2722 0.6940 -0.6665
vn -0.1940 0.7228 0.6633
vn 0.1914 0.6940 -0.6940
vn -0.1019 0.7228 0.6835
vn 0.1080 0.6940 -0.7118
vn -0.0079 0.7228 0.6910
vn 0.0231 0.6940 -0.7196
vn 0.0863 0.7228 0.6857
vn -0.0622 0.6940 -0.7173
vn -0.1466 0.6940 -0.7049
vn 0.9984 0.0000 -0.0568
vn 0.9999 0.0000 0.0172
vn 0.7197 -0.6943 0.0020
vn 0.9927 0.0000 0.1207
vn 0.7147 -0.6940 0.0868
vn 0.9715 0.0000 0.2372
vn 0.6994 -0.6940 0.1707
vn 0.9366 0.0000 0.3504
vn 0.6743 -0.6940 0.2523
vn 0.8886 0.0000 0.4588
vn 0.6397 -0.6940 0.3304
vn 0.8281 0.0000 0.5606
vn 0.5962 -0.6940 0.4036
vn 0.7559 0.0000 0.6546
vn 0.5443 -0.6940 0.4713
vn 0.6732 0.0000 0.7395
vn 0.4847 -0.6940 0.5324
vn 0.5810 0.0000 0.8139
vn 0.4183 -0.6940 0.5860
vn 0.4807 0.0000 0.8769
vn 0.3461 -0.6940 0.6313
vn 0.3736 0.0000 0.9276
vn 0.2690 -0.6940 0.6678
vn 0.2613 0.0000 0.9653
vn 0.1881 -0.6940 0.6950
vn 0.1453 0.0000 0.9894
vn 0.1046 -0.6940 0.7124
vn 0.0272 0.0000 0.9996
vn 0.0196 -0.6940 0.7197
vn -0.0912 0.0000 0.9958
vn -0.0657 -0.6940 0.7170
vn -0.2083 0.0000 0.9781
vn -0.1500 -0.6940 0.7042
vn -0.3225 0.0000 0.9466
vn -0.2322 -0.6940 0.6815
vn -0.4322 0.0000 0.9018
vn -0.3112 -0.6940 0.6492
vn -0.5358 0.0000 0.8443
vn -0.3858 -0.6940 0.6079
vn -0.6319 0.0000 0.7750
vn -0.4550 -0.6940 0.5580
vn -0.7192 0.0000 0.6948
vn -0.5178 -0.6940 0.5003
vn -0.7963 0.0000 0.6049
vn -0.5733 -0.6940 0.4355
vn -0.8623 0.0000 0.5065
vn -0.6208 -0.6940 0.3646
vn -0.9161 0.0000 0.4009
vn -0.6596 -0.6940 0.2886
vn -0.9571 0.0000 0.2898
vn -0.6891 -0.6940 0.2086
vn -0.9847 0.0000 0.1745
vn -0.7089 -0.6940 0.1256
vn -0.9984 0.0000 0.0569
vn -0.7188 -0.6940 0.0409
vn -0.9981 0.0000 -0.0616
vn -0.7186 -0.6940 -0.0444
vn -0.9838 0.0000 -0.1792
vn -0.7083 -0.6940 -0.1291
vn -0.9557 0.0000 -0.2943
vn -0.6881 -0.6940 -0.2120
vn -0.9142 0.0000 -0.4053
vn -0.6582 -0.6940 -0.2918
vn -0.8598 0.0000 -0.5106
vn -0.6190 -0.6940 -0.3676
vn -0.7934 0.0000 -0.6087
vn -0.5712 -0.6940 -0.4382
vn -0.7158 0.0000 -0.6983
vn -0.5154 -0.6940 -0.5027
vn -0.6282 0.0000 -0.7780
vn -0.4523 -0.6940 -0.5601
vn -0.5318 0.0000 -0.8469
vn -0.3829 -0.6940 -0.6097
vn -0.4279 0.0000 -0.9038
vn -0.3081 -0.6940 -0.6507
vn -0.3180 0.0000 -0.9481
vn -0.2290 -0.6940 -0.6826
vn -0.2036 0.0000 -0.9790
vn -0.1466 -0.6940 -0.7049
vn -0.0864 0.0000 -0.9963
vn -0.0622 -0.6940 -0.7173
vn 0.0320 0.0000 -0.9995
vn 0.0231 -0.6940 -0.7196
vn 0.1500 0.0000 -0.9887
vn 0.1080 -0.6940 -0.7118
vn 0.2659 0.0000 -0.9640
vn 0.1914 -0.6940 -0.6940
vn 0.3780 0.0000 -0.9258
vn 0.2722 -0.6940 -0.6665
vn 0.4849 0.0000 -0.8746
vn 0.3491 -0.6940 -0.6297
vn 0.5849 0.0000 -0.8111
vn 0.4211 -0.6940 -0.5840
vn 0.6768 0.0000 -0.7362
vn 0.4872 -0.6940 -0.5300
vn 0.7591 0.0000 -0.6510
vn 0.5465 -0.6940 -0.4687
vn 0.8307 0.0000 -0.5567
vn 0.5981 -0.6940 -0.4008
vn 0.8908 0.0000 -0.4545
vn 0.6413 -0.6940 -0.3272
vn 0.9383 0.0000 -0.3459
vn 0.6755 -0.6940 -0.2491
vn 0.9726 0.0000 -0.2326
vn 0.7002 -0.6940 -0.1675
vn 0.9914 0.0000 -0.1306
vn 0.7148 -0.6943 -0.0838
vn 0.1019 -0.7228 -0.6835
vn 0.1940 -0.7228 -0.6633
vn 0.2825 -0.7228 -0.6307
vn 0.3658 -0.7228 -0.5863
vn 0.4422 -0.7228 -0.5311
vn 0.5104 -0.7228 -0.4659
vn 0.5691 -0.7228 -0.3920
vn -0.4996 -0.7228 -0.4774
vn -0.4300 -0.7228 -0.5410
vn -0.3523 -0.7228 -0.5945
vn -0.2681 -0.7228 -0.6369
vn -0.1789 -0.7228 -0.6675
vn -0.0863 -0.7228 -0.6856
vn 0.0079 -0.7228 -0.6910
vn -0.6782 -0.7228 0.1329
vn -0.6899 -0.7228 0.0393
vn -0.6889 -0.7228 -0.0550
vn -0.6750 -0.7228 -0.1483
vn -0.6485 -0.7228 -0.2388
vn -0.6099 -0.7228 -0.3249
vn -0.5600 -0.7228 -0.4049
vn 0.6172 -0.7228 -0.3109
vn 0.6538 -0.7228 -0.2240
vn 0.6782 -0.7228 -0.1328
vn 0.6899 -0.7228 -0.0392
vn 0.6889 -0.7228 0.0550
vn 0.6750 -0.7228 0.1483
vn 0.6485 -0.7228 0.2388
vn -0.3658 -0.7228 0.5863
vn -0.4422 -0.7228 0.5311
vn -0.5104 -0.7228 0.4659
vn -0.5691 -0.7228 0.3920
vn -0.6172 -0.7228 0.3109
vn -0.6538 -0.7228 0.2240
vn 0.6099 -0.7228 0.3249
vn 0.5600 -0.7228 0.4049
vn 0.4996 -0.7228 0.4774
vn 0.4300 -0.7228 0.5410
vn 0.3523 -0.7228 0.5945
vn 0.2681 -0.7228 0.6369
vn 0.1788 -0.7228 0.6675
vn 0.0863 -0.7228 0.6857
vn -0.0079 -0.7228 0.6910
vn -0.1019 -0.7228 0.6835
vn -0.1940 -0.7228 0.6633
vn -0.2825 -0.7228 0.6307
vn -0.7147 -0.6993 -0.0124
vn -0.7216 0.6918 0.0253
vn -0.7181 0.6918 -0.0756
vn -0.7157 -0.6936 -0.0815
vn -0.7007 0.6917 -0.1747
vn -0.7007 -0.6917 -0.1746
vn -0.6696 0.6917 -0.2705
vn -0.6696 -0.6917 -0.2705
vn -0.6254 0.6917 -0.3611
vn -0.6254 -0.6917 -0.3611
vn -0.5691 0.6917 -0.4446
vn -0.5691 -0.6917 -0.4446
vn -0.5016 0.6917 -0.5195
vn -0.5016 -0.6917 -0.5195
vn -0.4245 0.6917 -0.5842
vn -0.4245 -0.6917 -0.5842
vn -0.3390 0.6917 -0.6376
vn -0.3390 -0.6917 -0.6376
vn -0.2470 0.6917 -0.6786
vn -0.2470 -0.6918 -0.6786
vn -0.1502 0.6917 -0.7064
vn -0.1501 -0.6918 -0.7063
vn -0.0504 0.6917 -0.7204
vn -0.0504 -0.6918 -0.7204
vn 0.0504 0.6917 -0.7204
vn 0.0504 -0.6918 -0.7204
vn 0.1501 0.6917 -0.7064
vn 0.1502 -0.6918 -0.7063
vn 0.2470 0.6917 -0.6786
vn 0.2470 -0.6918 -0.6786
vn 0.3390 0.6917 -0.6377
vn 0.3390 -0.6917 -0.6376
vn 0.4245 0.6917 -0.5842
vn 0.4245 -0.6917 -0.5842
vn 0.5016 0.6917 -0.5195
vn 0.5017 -0.6917 -0.5195
vn 0.5691 0.6917 -0.4446
vn 0.5691 -0.6917 -0.4446
vn 0.6254 0.6917 -0.3611
vn 0.6254 -0.6917 -0.3611
vn 0.6696 0.6917 -0.2705
vn 0.6696 -0.6917 -0.2705
vn 0.7007 0.6917 -0.1747
vn 0.7007 -0.6917 -0.1747
vn 0.7157 0.6936 -0.0815
vn 0.7181 -0.6918 -0.0756
vn 0.7147 0.6993 -0.0126
vn 0.7216 -0.6918 0.0253
vn -0.7153 -0.6974 0.0438
vn -0.7112 -0.6917 0.1254
vn -0.7112 0.6917 0.1254
vn -0.6868 -0.6917 0.2232
vn -0.6868 0.6917 0.2231
vn -0.6491 -0.6917 0.3166
vn -0.6491 0.6917 0.3166
vn -0.5987 -0.6917 0.4038
vn -0.5987 0.6917 0.4038
vn -0.5367 -0.6917 0.4832
vn -0.5367 0.6917 0.4832
vn -0.4642 -0.6917 0.5532
vn -0.4642 0.6917 0.5532
vn -0.3827 -0.6917 0.6124
vn -0.3827 0.6917 0.6124
vn -0.2937 -0.6917 0.6597
vn -0.2937 0.6917 0.6597
vn -0.1991 -0.6917 0.6942
vn -0.1991 0.6917 0.6942
vn -0.1005 -0.6917 0.7151
vn -0.1005 0.6917 0.7151
vn -0.0000 -0.6917 0.7221
vn 0.0000 0.6917 0.7221
vn 0.1005 -0.6917 0.7151
vn 0.1005 0.6917 0.7151
vn 0.1991 -0.6917 0.6942
vn 0.1991 0.6917 0.6942
vn 0.2937 -0.6917 0.6597
vn 0.2937 0.6917 0.6597
vn 0.3827 -0.6917 0.6124
vn 0.3827 0.6917 0.6124
vn 0.4642 -0.6917 0.5532
vn 0.4642 0.6917 0.5532
vn 0.5367 -0.6917 0.4832
vn 0.5367 0.6917 0.4832
vn 0.5987 -0.6917 0.4038
vn 0.5987 0.6917 0.4038
vn 0.6491 -0.6917 0.3166
vn 0.6491 0.6917 0.3166
vn 0.6868 -0.6917 0.2232
vn 0.6868 0.6917 0.2231
vn 0.7112 -0.6917 0.1254
vn 0.7112 0.6917 0.1254
vn 0.7153 0.6974 0.0437
vn 0.0000 -0.7252 -0.6885
vn -0.0000 0.7252 -0.6885
vn -0.1077 -0.7252 -0.6801
vn -0.1077 0.7252 -0.6801
vn -0.2128 -0.7252 -0.6548
vn -0.2128 0.7252 -0.6548
vn -0.3126 -0.7252 -0.6135
vn -0.3126 0.7252 -0.6135
vn -0.4047 -0.7252 -0.5570
vn -0.4047 0.7252 -0.5570
vn -0.4869 -0.7252 -0.4869
vn -0.4869 0.7252 -0.4869
vn -0.5570 -0.7252 -0.4047
vn -0.5570 0.7252 -0.4048
vn -0.6135 -0.7252 -0.3126
vn -0.6135 0.7252 -0.3126
vn -0.6548 -0.7252 -0.2128
vn -0.6548 0.7252 -0.2127
vn -0.6801 -0.7252 -0.1077
vn -0.6801 0.7252 -0.1077
vn -0.6885 -0.7252 -0.0000
vn -0.6885 0.7252 -0.0000
vn -0.6801 -0.7252 0.1077
vn -0.6801 0.7252 0.1077
vn -0.6548 -0.7252 0.2128
vn -0.6548 0.7252 0.2128
vn -0.6135 -0.7252 0.3126
vn -0.6135 0.7252 0.3126
vn -0.5570 -0.7252 0.4047
vn -0.5571 0.7252 0.4047
vn -0.4869 -0.7252 0.4869
vn -0.4869 0.7252 0.4868
vn -0.4047 -0.7252 0.5570
vn -0.4047 0.7252 0.5570
vn -0.3126 -0.7252 0.6135
vn -0.3126 0.7252 0.6135
vn -0.2128 -0.7252 0.6548
vn -0.2128 0.7252 0.6549
vn -0.1077 -0.7252 0.6801
vn -0.1077 0.7252 0.6801
vn -0.0000 -0.7252 0.6885
vn 0.0000 0.7252 0.6885
vn 0.1077 -0.7252 0.6800
vn 0.1077 0.7252 0.6801
vn 0.2128 -0.7252 0.6548
vn 0.2128 0.7252 0.6548
vn 0.3126 -0.7252 0.6134
vn 0.3126 0.7252 0.6135
vn 0.4047 -0.7252 0.5570
vn 0.4047 0.7252 0.5570
vn 0.4869 -0.7252 0.4869
vn 0.4869 0.7252 0.4869
vn 0.5570 -0.7252 0.4047
vn 0.5570 0.7252 0.4047
vn 0.6135 -0.7252 0.3126
vn 0.6135 0.7252 0.3126
vn 0.6548 -0.7252 0.2128
vn 0.6548 0.7252 0.2128
vn 0.6801 -0.7252 0.1077
vn 0.6801 0.7252 0.1077
vn 0.6885 -0.7252 0.0000
vn 0.6885 0.7252 -0.0000
vn 0.6801 -0.7252 -0.1077
vn 0.6801 0.7252 -0.1076
vn 0.6548 -0.7252 -0.2127
vn 0.6548 0.7252 -0.2127
vn 0.6135 -0.7252 -0.3126
vn 0.6135 0.7252 -0.3126
vn 0.5570 -0.7252 -0.4047
vn 0.5570 0.7252 -0.4047
vn 0.4869 -0.7252 -0.4869
vn 0.4869 0.7252 -0.4869
vn 0.4047 -0.7252 -0.5570
vn 0.4047 0.7252 -0.5570
vn 0.3126 -0.7252 -0.6135
vn 0.3126 0.7252 -0.6135
vn 0.2128 -0.7252 -0.6548
vn 0.2128 0.7252 -0.6548
vn 0.1077 -0.7252 -0.6801
vn 0.1077 0.7252 -0.6801
usemtl None
s 1
f 1//1 2//2 3//3
f 3//3 2//2 4//4
f 3//3 4//4 5//5
f 5//5 4//4 6//6
f 5//5 6//6 7//7
f 7//7 6//6 8//8
f 7//7 8//8 9//9
f 9//9 8//8 10//10
f 9//9 10//10 11//11
f 11//11 10//10 12//12
f 11//11 12//12 13//13
f 13//13 12//12 14//14
f 13//13 14//14 15//15
f 15//15 14//14 16//16
f 15//15 16//16 17//17
f 17//17 16//16 18//18
f 17//17 18//18 19//19
f 19//19 18//18 20//20
f 19//19 20//20 21//21
f 21//21 20//20 22//22
f 21//21 22//22 23//23
f 23//23 22//22 24//24
f 23//23 24//24 25//25
f 25//25 24//24 26//26
f 25//25 26//26 27//27
f 27//27 26//26 28//28
f 27//27 28//28 29//29
f 29//29 28//28 30//30
f 29//29 30//30 31//31
f 31//31 30//30 32//32
f 31//31 32//32 33//33
f 33//33 32//32 34//34
f 33//33 34//34 35//35
f 35//35 34//34 36//36
f 35//35 36//36 37//37
f 37//37 36//36 38//38
f 37//37 38//38 39//39
f 39//39 38//38 40//40
f 39//39 40//40 41//41
f 41//41 40//40 42//42
f 41//41 42//42 43//43
f 43//43 42//42 44//44
f 43//43 44//44 45//45
f 45//45 44//44 46//46
f 45//45 46//46 47//47
f 47//47 46//46 48//48
f 47//47 48//48 49//49
f 49//49 48//48 50//50
f 49//49 50//50 51//51
f 51//51 50//50 52//52
f 51//51 52//52 53//53
f 53//53 52//52 54//54
f 53//53 54//54 55//55
f 55//55 54//54 56//56
f 55//55 56//56 57//57
f 57//57 56//56 58//58
f 57//57 58//58 59//59
f 59//59 58//58 60//60
f 59//59 60//60 61//61
f 61//61 60//60 62//62
f 61//61 62//62 63//63
f 63//63 62//62 64//64
f 63//63 64//64 65//65
f 65//65 64//64 66//66
f 65//65 66//66 67//67
f 67//67 66//66 68//68
f 67//67 68//68 69//69
f 69//69 68//68 70//70
f 69//69 70//70 71//71
f 71//71 70//70 72//72
f 71//71 72//72 73//73
f 73//73 72//72 74//74
f 73//73 74//74 75//75
f 75//75 74//74 76//76
f 75//75 76//76 77//77
f 77//77 76//76 78//78
f 77//77 78//78 79//79
f 79//79 78//78 80//80
f 79//79 80//80 81//81
f 81//81 80//80 82//82
f 81//81 82//82 83//83
f 83//83 82//82 84//84
f 83//83 84//84 85//85
f 85//85 84//84 86//86
f 85//85 86//86 87//87
f 87//87 86//86 88//88
f 87//87 88//88 1//1
f 1//1 88//88 2//2
f 89//89 90//90 91//91
f 91//91 90//90 92//92
f 91//91 92//92 93//93
f 93//93 92//92 94//94
f 93//93 94//94 95//95
f 95//95 94//94 96//96
f 95//95 96//96 97//97
f 97//97 96//96 98//98
f 97//97 98//98 99//99
f 99//99 98//98 100//100
f 99//99 100//100 101//101
f 101//101 100//100 102//102
f 101//101 102//102 103//103
f 104//104 105//105 106//106
f 106//106 105//105 107//107
f 106//106 107//107 108//108
f 108//108 107//107 109//109
f 108//108 109//109 110//110
f 110//110 109//109 111//111
f 110//110 111//111 112//112
f 112//112 111//111 113//113
f 112//112 113//113 114//114
f 114//114 113//113 115//115
f 114//114 115//115 89//89
f 89//89 115//115 116//116
f 89//89 116//116 90//90
f 117//117 118//118 119//119
f 119//119 118//118 120//120
f 119//119 120//120 121//121
f 121//121 120//120 122//122
f 121//121 122//122 123//123
f 123//123 122//122 124//124
f 123//123 124//124 125//125
f 125//125 124//124 126//126
f 125//125 126//126 127//127
f 127//127 126//126 128//128
f 127//127 128//128 104//104
f 104//104 128//128 129//129
f 104//104 129//129 105//105
f 130//130 131//131 132//132
f 132//132 131//131 133//133
f 132//132 133//133 134//134
f 134//134 133//133 135//135
f 134//134 135//135 136//136
f 136//136 135//135 137//137
f 136//136 137//137 138//138
f 138//138 137//137 139//139
f 138//138 139//139 140//140
f 140//140 139//139 141//141
f 140//140 141//141 142//142
f 142//142 141//141 143//143
f 142//142 143//143 117//117
f 117//117 143//143 144//144
f 117//117 144//144 118//118
f 145//145 146//146 147//147
f 147//147 146//146 148//148
f 147//147 148//148 149//149
f 149//149 148//148 150//150
f 149//149 150//150 151//151
f 151//151 150//150 152//152
f 151//151 152//152 153//153
f 153//153 152//152 154//154
f 153//153 154//154 155//155
f 155//155 154//154 156//156
f 155//155 156//156 130//130
f 130//130 156//156 157//157
f 130//130 157//157 131//131
f 102//102 158//158 103//103
f 103//103 158//158 159//159
f 103//103 159//159 160//160
f 160//160 159//159 161//161
f 160//160 161//161 162//162
f 162//162 161//161 163//163
f 162//162 163//163 164//164
f 164//164 163//163 165//165
f 164//164 165//165 166//166
f 166//166 165//165 167//167
f 166//166 167//167 168//168
f 168//168 167//167 169//169
f 168//168 169//169 145//145
f 145//145 169//169 170//170
f 145//145 170//170 146//146
f 138//138 171//171 136//136
f 136//136 171//171 172//172
f 136//136 172//172 134//134
f 134//134 172//172 173//173
f 134//134 173//173 132//132
f 132//132 173//173 174//174
f 132//132 174//174 130//130
f 130//130 174//174 175//175
f 130//130 175//175 155//155
f 155//155 175//175 176//176
f 155//155 176//176 153//153
f 153//153 176//176 177//177
f 153//153 177//177 151//151
f 151//151 177//177 178//178
f 151//151 178//178 149//149
f 149//149 178//178 179//179
f 149//149 179//179 147//147
f 147//147 179//179 180//180
f 147//147 180//180 145//145
f 145//145 180//180 181//181
f 145//145 181//181 168//168
f 168//168 181//181 182//182
f 168//168 182//182 166//166
f 166//166 182//182 183//183
f 166//166 183//183 164//164
f 164//164 183//183 184//184
f 164//164 184//184 162//162
f 162//162 184//184 185//185
f 162//162 185//185 160//160
f 160//160 185//185 186//186
f 160//160 186//186 103//103
f 103//103 186//186 187//187
f 103//103 187//187 101//101
f 101//101 187//187 188//188
f 101//101 188//188 99//99
f 99//99 188//188 189//189
f 99//99 189//189 97//97
f 97//97 189//189 190//190
f 97//97 190//190 95//95
f 95//95 190//190 191//191
f 95//95 191//191 93//93
f 93//93 191//191 192//192
f 93//93 192//192 91//91
f 91//91 192//192 193//193
f 91//91 193//193 89//89
f 89//89 193//193 194//194
f 89//89 194//194 114//114
f 114//114 194//194 195//195
f 114//114 195//195 112//112
f 112//112 195//195 196//196
f 112//112 196//196 110//110
f 110//110 196//196 197//197
f 110//110 197//197 108//108
f 108//108 197//197 198//198
f 108//108 198//198 106//106
f 106//106 198//198 199//199
f 106//106 199//199 104//104
f 104//104 199//199 200//200
f 104//104 200//200 127//127
f 127//127 200//200 201//201
f 127//127 201//201 125//125
f 125//125 201//201 202//202
f 125//125 202//202 123//123
f 123//123 202//202 203//203
f 123//123 203//203 121//121
f 121//121 203//203 204//204
f 121//121 204//204 119//119
f 119//119 204//204 205//205
f 119//119 205//205 117//117
f 117//117 205//205 206//206
f 117//117 206//206 142//142
f 142//142 206//206 207//207
f 142//142 207//207 140//140
f 140//140 207//207 208//208
f 140//140 208//208 138//138
f 138//138 208//208 171//171
f 209//209 180//180 210//210
f 210//210 180//180 179//179
f 210//210 179//179 211//211
f 211//211 179//179 178//178
f 211//211 178//178 212//212
f 212//212 178//178 177//177
f 212//212 177//177 213//213
f 213//213 177//177 176//176
f 213//213 176//176 214//214
f 214//214 176//176 175//175
f 214//214 175//175 215//215
f 215//215 175//175 174//174
f 215//215 174//174 216//216
f 216//216 174//174 173//173
f 216//216 173//173 217//217
f 217//217 173//173 172//172
f 217//217 172//172 218//218
f 218//218 172//172 171//171
f 218//218 171//171 219//219
f 219//219 171//171 208//208
f 219//219 208//208 220//220
f 220//220 208//208 207//207
f 220//220 207//207 221//221
f 221//221 207//207 206//206
f 221//221 206//206 222//222
f 222//222 206//206 205//205
f 222//222 205//205 223//223
f 223//223 205//205 204//204
f 223//223 204//204 224//224
f 224//224 204//204 203//203
f 224//224 203//203 225//225
f 225//225 203//203 202//202
f 225//225 202//202 226//226
f 226//226 202//202 201//201
f 226//226 201//201 227//227
f 201//201 200//200 227//227
f 227//227 200//200 199//199
f 227//227 199//199 228//228
f 228//228 199//199 198//198
f 228//228 198//198 229//229
f 229//229 198//198 197//197
f 229//229 197//197 230//230
f 230//230 197//197 196//196
f 230//230 196//196 231//231
f 231//231 196//196 195//195
f 231//231 195//195 232//232
f 232//232 195//195 194//194
f 232//232 194//194 233//233
f 233//233 194//194 193//193
f 233//233 193//193 234//234
f 234//234 193//193 192//192
f 234//234 192//192 235//235
f 235//235 192//192 191//191
f 235//235 191//191 236//236
f 236//236 191//191 190//190
f 236//236 190//190 237//237
f 237//237 190//190 189//189
f 237//237 189//189 238//238
f 238//238 189//189 188//188
f 238//238 188//188 239//239
f 239//239 188//188 187//187
f 239//239 187//187 240//240
f 240//240 187//187 186//186
f 240//240 186//186 241//241
f 241//241 186//186 185//185
f 241//241 185//185 242//242
f 242//242 185//185 184//184
f 242//242 184//184 243//243
f 243//243 184//184 183//183
f 243//243 183//183 244//244
f 244//244 183//183 182//182
f 244//244 182//182 209//209
f 209//209 182//182 181//181
f 209//209 181//181 180//180
f 218//218 245//245 217//217
f 217//217 245//245 246//246
f 217//217 246//246 216//216
f 216//216 246//246 247//247
f 216//216 247//247 215//215
f 215//215 247//247 248//248
f 215//215 248//248 214//214
f 214//214 248//248 249//249
f 214//214 249//249 213//213
f 213//213 249//249 250//250
f 213//213 250//250 212//212
f 212//212 250//250 251//251
f 212//212 251//251 211//211
f 211//211 251//251 252//252
f 211//211 252//252 210//210
f 210//210 252//252 253//253
f 210//210 253//253 209//209
f 209//209 253//253 254//254
f 209//209 254//254 244//244
f 244//244 254//254 255//255
f 244//244 255//255 243//243
f 243//243 255//255 256//256
f 243//243 256//256 242//242
f 242//242 256//256 257//257
f 242//242 257//257 241//241
f 241//241 257//257 258//258
f 241//241 258//258 240//240
f 240//240 258//258 259//259
f 240//240 259//259 239//239
f 239//239 259//259 260//260
f 239//239 260//260 238//238
f 238//238 260//260 261//261
f 238//238 261//261 237//237
f 237//237 261//261 262//262
f 237//237 262//262 236//236
f 236//236 262//262 263//263
f 236//236 263//263 235//235
f 235//235 263//263 264//264
f 235//235 264//264 234//234
f 234//234 264//264 265//265
f 234//234 265//265 233//233
f 233//233 265//265 266//266
f 233//233 266//266 232//232
f 232//232 266//266 267//267
f 232//232 267//267 231//231
f 231//231 267//267 268//268
f 231//231 268//268 230//230
f 230//230 268//268 269//269
f 230//230 269//269 229//229
f 229//229 269//269 270//270
f 229//229 270//270 228//228
f 228//228 270//270 271//271
f 228//228 271//271 227//227
f 227//227 271//271 272//272
f 227//227 272//272 226//226
f 226//226 272//272 273//273
f 226//226 273//273 225//225
f 225//225 273//273 274//274
f 225//225 274//274 224//224
f 224//224 274//274 275//275
f 224//224 275//275 223//223
f 223//223 275//275 276//276
f 223//223 276//276 222//222
f 222//222 276//276 277//277
f 222//222 277//277 221//221
f 221//221 277//277 278//278
f 221//221 278//278 220//220
f 220//220 278//278 279//279
f 220//220 279//279 219//219
f 219//219 279//279 280//280
f 219//219 280//280 218//218
f 218//218 280//280 245//245
f 281//281 282//282 283//283
f 283//283 282//282 284//284
f 283//283 284//284 285//285
f 285//285 284//284 286//286
f 285//285 286//286 287//287
f 287//287 286//286 288//288
f 287//287 288//288 289//289
f 289//289 288//288 290//290
f 289//289 290//290 291//291
f 291//291 290//290 292//292
f 291//291 292//292 293//293
f 293//293 292//292 294//294
f 293//293 294//294 295//295
f 295//295 294//294 296//296
f 295//295 296//296 297//297
f 297//297 296//296 298//298
f 297//297 298//298 299//299
f 299//299 298//298 300//300
f 299//299 300//300 301//301
f 301//301 300//300 302//302
f 301//301 302//302 303//303
f 303//303 302//302 304//304
f 303//303 304//304 305//305
f 305//305 304//304 306//306
f 305//305 306//306 307//307
f 307//307 306//306 308//308
f 307//307 308//308 309//309
f 309//309 308//308 310//310
f 309//309 310//310 311//311
f 311//311 310//310 312//312
f 311//311 312//312 313//313
f 313//313 312//312 314//314
f 313//313 314//314 315//315
f 315//315 314//314 316//316
f 315//315 316//316 317//317
f 317//317 316//316 318//318
f 317//317 318//318 319//319
f 319//319 318//318 320//320
f 319//319 320//320 321//321
f 321//321 320//320 322//322
f 321//321 322//322 323//323
f 323//323 322//322 324//324
f 323//323 324//324 325//325
f 325//325 324//324 326//326
f 325//325 326//326 327//327
f 327//327 326//326 328//328
f 327//327 328//328 329//329
f 329//329 328//328 330//330
f 329//329 330//330 331//331
f 331//331 330//330 332//332
f 331//331 332//332 333//333
f 333//333 332//332 334//334
f 333//333 334//334 335//335
f 335//335 334//334 336//336
f 335//335 336//336 337//337
f 337//337 336//336 338//338
f 337//337 338//338 339//339
f 339//339 338//338 340//340
f 339//339 340//340 341//341
f 341//341 340//340 342//342
f 341//341 342//342 343//343
f 343//343 342//342 344//344
f 343//343 344//344 345//345
f 345//345 344//344 346//346
f 345//345 346//346 347//347
f 347//347 346//346 348//348
f 347//347 348//348 349//349
f 349//349 348//348 350//350
f 349//349 350//350 351//351
f 351//351 350//350 352//352
f 351//351 352//352 353//353
f 353//353 352//352 354//354
f 353//353 354//354 355//355
f 355//355 354//354 356//356
f 355//355 356//356 357//357
f 357//357 356//356 358//358
f 357//357 358//358 359//359
f 359//359 358//358 360//360
f 359//359 360//360 361//361
f 361//361 360//360 362//362
f 361//361 362//362 363//363
f 363//363 362//362 364//364
f 363//363 364//364 365//365
f 365//365 364//364 366//366
f 365//365 366//366 367//367
f 367//367 366//366 368//368
f 367//367 368//368 281//281
f 281//281 368//368 282//282
f 272//272 369//369 273//273
f 273//273 369//369 370//370
f 273//273 370//370 274//274
f 274//274 370//370 371//371
f 274//274 371//371 275//275
f 275//275 371//371 372//372
f 275//275 372//372 276//276
f 276//276 372//372 373//373
f 276//276 373//373 277//277
f 277//277 373//373 374//374
f 277//277 374//374 278//278
f 278//278 374//374 375//375
f 278//278 375//375 279//279
f 279//279 375//375 376//376
f 279//279 376//376 280//280
f 280//280 376//376 377//377
f 280//280 377//377 245//245
f 245//245 377//377 378//378
f 245//245 378//378 246//246
f 246//246 378//378 379//379
f 246//246 379//379 247//247
f 247//247 379//379 380//380
f 247//247 380//380 248//248
f 248//248 380//380 381//381
f 248//248 381//381 249//249
f 249//249 381//381 382//382
f 249//249 382//382 250//250
f 250//250 382//382 383//383
f 250//250 383//383 251//251
f 251//251 383//383 384//384
f 251//251 384//384 252//252
f 252//252 384//384 385//385
f 252//252 385//385 253//253
f 253//253 385//385 386//386
f 253//253 386//386 254//254
f 386//386 387//387 254//254
f 254//254 387//387 388//388
f 254//254 388//388 255//255
f 255//255 388//388 389//389
f 255//255 389//389 256//256
f 256//256 389//389 390//390
f 256//256 390//390 257//257
f 257//257 390//390 391//391
f 257//257 391//391 258//258
f 258//258 391//391 392//392
f 258//258 392//392 259//259
f 259//259 392//392 393//393
f 259//259 393//393 260//260
f 260//260 393//393 394//394
f 260//260 394//394 261//261
f 261//261 394//394 395//395
f 261//261 395//395 262//262
f 262//262 395//395 396//396
f 262//262 396//396 263//263
f 263//263 396//396 397//397
f 263//263 397//397 264//264
f 264//264 397//397 398//398
f 264//264 398//398 265//265
f 265//265 398//398 399//399
f 265//265 399//399 266//266
f 266//266 399//399 400//400
f 266//266 400//400 267//267
f 267//267 400//400 401//401
f 267//267 401//401 268//268
f 268//268 401//401 402//402
f 268//268 402//402 269//269
f 269//269 402//402 403//403
f 269//269 403//403 270//270
f 270//270 403//403 404//404
f 270//270 404//404 271//271
f 271//271 404//404 405//405
f 271//271 405//405 272//272
f 272//272 405//405 406//406
f 272//272 406//406 369//369
f 378//378 407//407 379//379
f 379//379 407//407 408//408
f 379//379 408//408 380//380
f 380//380 408//408 409//409
f 380//380 409//409 381//381
f 381//381 409//409 410//410
f 381//381 410//410 382//382
f 382//382 410//410 411//411
f 382//382 411//411 383//383
f 383//383 411//411 412//412
f 383//383 412//412 384//384
f 384//384 412//412 413//413
f 384//384 413//413 385//385
f 385//385 413//413 414//414
f 385//385 414//414 386//386
f 386//386 414//414 415//415
f 386//386 415//415 387//387
f 387//387 415//415 416//416
f 387//387 416//416 388//388
f 388//388 416//416 417//417
f 388//388 417//417 389//389
f 389//389 417//417 418//418
f 389//389 418//418 390//390
f 390//390 418//418 419//419
f 390//390 419//419 391//391
f 391//391 419//419 420//420
f 391//391 420//420 392//392
f 392//392 420//420 421//421
f 392//392 421//421 393//393
f 393//393 421//421 422//422
f 393//393 422//422 394//394
f 394//394 422//422 423//423
f 394//394 423//423 395//395
f 395//395 423//423 424//424
f 395//395 424//424 396//396
f 396//396 424//424 425//425
f 396//396 425//425 397//397
f 397//397 425//425 426//426
f 397//397 426//426 398//398
f 398//398 426//426 427//427
f 398//398 427//427 399//399
f 399//399 427//427 428//428
f 399//399 428//428 400//400
f 400//400 428//428 429//429
f 400//400 429//429 401//401
f 401//401 429//429 430//430
f 401//401 430//430 402//402
f 402//402 430//430 431//431
f 402//402 431//431 403//403
f 403//403 431//431 432//432
f 403//403 432//432 404//404
f 404//404 432//432 433//433
f 404//404 433//433 405//405
f 405//405 433//433 434//434
f 405//405 434//434 406//406
f 406//406 434//434 435//435
f 406//406 435//435 369//369
f 369//369 435//435 436//436
f 369//369 436//436 370//370
f 370//370 436//436 437//437
f 370//370 437//437 371//371
f 371//371 437//437 438//438
f 371//371 438//438 372//372
f 372//372 438//438 439//439
f 372//372 439//439 373//373
f 373//373 439//439 440//440
f 373//373 440//440 374//374
f 374//374 440//440 441//441
f 374//374 441//441 375//375
f 375//375 441//441 442//442
f 375//375 442//442 376//376
f 376//376 442//442 443//443
f 376//376 443//443 377//377
f 377//377 443//443 444//444
f 377//377 444//444 378//378
f 378//378 444//444 407//407
f 435//435 445//445 436//436
f 436//436 445//445 446//446
f 436//436 446//446 437//437
f 437//437 446//446 447//447
f 437//437 447//447 438//438
f 438//438 447//447 448//448
f 438//438 448//448 439//439
f 439//439 448//448 449//449
f 439//439 449//449 440//440
f 440//440 449//449 450//450
f 440//440 450//450 441//441
f 429//429 451//451 430//430
f 430//430 451//451 452//452
f 430//430 452//452 431//431
f 431//431 452//452 453//453
f 431//431 453//453 432//432
f 432//432 453//453 454//454
f 432//432 454//454 433//433
f 433//433 454//454 455//455
f 433//433 455//455 434//434
f 434//434 455//455 456//456
f 434//434 456//456 435//435
f 435//435 456//456 457//457
f 435//435 457//457 445//445
f 422//422 458//458 423//423
f 423//423 458//458 459//459
f 423//423 459//459 424//424
f 424//424 459//459 460//460
f 424//424 460//460 425//425
f 425//425 460//460 461//461
f 425//425 461//461 426//426
f 426//426 461//461 462//462
f 426//426 462//462 427//427
f 427//427 462//462 463//463
f 427//427 463//463 428//428
f 428//428 463//463 464//464
f 428//428 464//464 429//429
f 429//429 464//464 465//465
f 429//429 465//465 451//451
f 416//416 466//466 417//417
f 417//417 466//466 467//467
f 417//417 467//467 418//418
f 418//418 467//467 468//468
f 418//418 468//468 419//419
f 419//419 468//468 469//469
f 419//419 469//469 420//420
f 420//420 469//469 470//470
f 420//420 470//470 421//421
f 421//421 470//470 471//471
f 421//421 471//471 422//422
f 422//422 471//471 472//472
f 422//422 472//472 458//458
f 450//450 473//473 441//441
f 441//441 473//473 474//474
f 441//441 474//474 442//442
f 442//442 474//474 475//475
f 442//442 475//475 443//443
f 443//443 475//475 476//476
f 443//443 476//476 444//444
f 444//444 476//476 477//477
f 444//444 477//477 407//407
f 407//407 477//477 478//478
f 407//407 478//478 408//408
f 408//408 478//478 479//479
f 408//408 479//479 409//409
f 409//409 479//479 480//480
f 409//409 480//480 410//410
f 480//480 481//481 410//410
f 410//410 481//481 482//482
f 410//410 482//482 411//411
f 411//411 482//482 483//483
f 411//411 483//483 412//412
f 412//412 483//483 484//484
f 412//412 484//484 413//413
f 413//413 484//484 485//485
f 413//413 485//485 414//414
f 414//414 485//485 486//486
f 414//414 486//486 415//415
f 415//415 486//486 487//487
f 415//415 487//487 416//416
f 416//416 487//487 488//488
f 416//416 488//488 466//466
f 88//88 137//137 2//2
f 2//2 137//137 135//135
f 2//2 135//135 4//4
f 4//4 135//135 133//133
f 4//4 133//133 6//6
f 6//6 133//133 131//131
f 6//6 131//131 8//8
f 8//8 131//131 157//157
f 8//8 157//157 10//10
f 10//10 157//157 156//156
f 10//10 156//156 12//12
f 12//12 156//156 154//154
f 12//12 154//154 14//14
f 14//14 154//154 152//152
f 14//14 152//152 16//16
f 16//16 152//152 150//150
f 16//16 150//150 18//18
f 18//18 150//150 148//148
f 18//18 148//148 20//20
f 20//20 148//148 146//146
f 20//20 146//146 22//22
f 22//22 146//146 170//170
f 22//22 170//170 24//24
f 24//24 170//170 169//169
f 24//24 169//169 26//26
f 26//26 169//169 167//167
f 26//26 167//167 28//28
f 28//28 167//167 165//165
f 28//28 165//165 30//30
f 30//30 165//165 163//163
f 30//30 163//163 32//32
f 32//32 163//163 161//161
f 32//32 161//161 34//34
f 34//34 161//161 159//159
f 34//34 159//159 36//36
f 36//36 159//159 158//158
f 36//36 158//158 38//38
f 38//38 158//158 102//102
f 38//38 102//102 40//40
f 40//40 102//102 100//100
f 40//40 100//100 42//42
f 42//42 100//100 98//98
f 42//42 98//98 44//44
f 44//44 98//98 96//96
f 44//44 96//96 46//46
f 46//46 96//96 94//94
f 46//46 94//94 48//48
f 48//48 94//94 92//92
f 48//48 92//92 50//50
f 50//50 92//92 90//90
f 50//50 90//90 52//52
f 52//52 90//90 116//116
f 52//52 116//116 54//54
f 54//54 116//116 115//115
f 54//54 115//115 56//56
f 56//56 115//115 113//113
f 56//56 113//113 58//58
f 58//58 113//113 111//111
f 58//58 111//111 60//60
f 60//60 111//111 109//109
f 60//60 109//109 62//62
f 62//62 109//109 107//107
f 62//62 107//107 64//64
f 64//64 107//107 105//105
f 64//64 105//105 66//66
f 66//66 105//105 129//129
f 66//66 129//129 68//68
f 68//68 129//129 128//128
f 68//68 128//128 70//70
f 70//70 128//128 126//126
f 70//70 126//126 72//72
f 72//72 126//126 124//124
f 72//72 124//124 74//74
f 74//74 124//124 122//122
f 74//74 122//122 76//76
f 76//76 122//122 120//120
f 76//76 120//120 78//78
f 78//78 120//120 118//118
f 78//78 118//118 80//80
f 80//80 118//118 144//144
f 80//80 144//144 82//82
f 82//82 144//144 143//143
f 82//82 143//143 84//84
f 84//84 143//143 141//141
f 84//84 141//141 86//86
f 86//86 141//141 139//139
f 86//86 139//139 88//88
f 88//88 139//139 137//137
f 325//325 461//461 323//323
f 323//323 461//461 460//460
f 323//323 460//460 321//321
f 321//321 460//460 459//459
f 321//321 459//459 319//319
f 319//319 459//459 458//458
f 319//319 458//458 317//317
f 317//317 458//458 472//472
f 317//317 472//472 315//315
f 315//315 472//472 471//471
f 315//315 471//471 313//313
f 313//313 471//471 470//470
f 313//313 470//470 311//311
f 311//311 470//470 469//469
f 311//311 469//469 309//309
f 309//309 469//469 468//468
f 309//309 468//468 307//307
f 307//307 468//468 467//467
f 307//307 467//467 305//305
f 305//305 467//467 466//466
f 305//305 466//466 303//303
f 303//303 466//466 488//488
f 303//303 488//488 301//301
f 301//301 488//488 487//487
f 301//301 487//487 299//299
f 299//299 487//487 486//486
f 299//299 486//486 297//297
f 297//297 486//486 485//485
f 297//297 485//485 295//295
f 295//295 485//485 484//484
f 295//295 484//484 293//293
f 293//293 484//484 483//483
f 293//293 483//483 291//291
f 291//291 483//483 482//482
f 291//291 482//482 289//289
f 289//289 482//482 481//481
f 289//289 481//481 287//287
f 287//287 481//481 480//480
f 287//287 480//480 285//285
f 285//285 480//480 479//479
f 285//285 479//479 283//283
f 283//283 479//479 478//478
f 283//283 478//478 281//281
f 281//281 478//478 477//477
f 281//281 477//477 367//367
f 367//367 477//477 476//476
f 367//367 476//476 365//365
f 365//365 476//476 475//475
f 365//365 475//475 363//363
f 363//363 475//475 474//474
f 363//363 474//474 361//361
f 361//361 474//474 473//473
f 361//361 473//473 359//359
f 359//359 473//473 450//450
f 359//359 450//450 357//357
f 357//357 450//450 449//449
f 357//357 449//449 355//355
f 355//355 449//449 448//448
f 355//355 448//448 353//353
f 353//353 448//448 447//447
f 353//353 447//447 351//351
f 351//351 447//447 446//446
f 351//351 446//446 349//349
f 349//349 446//446 445//445
f 349//349 445//445 347//347
f 347//347 445//445 457//457
f 347//347 457//457 345//345
f 345//345 457//457 456//456
f 345//345 456//456 343//343
f 343//343 456//456 455//455
f 343//343 455//455 341//341
f 341//341 455//455 454//454
f 341//341 454//454 339//339
f 339//339 454//454 453//453
f 339//339 453//453 337//337
f 337//337 453//453 452//452
f 337//337 452//452 335//335
f 335//335 452//452 451//451
f 335//335 451//451 333//333
f 333//333 451//451 465//465
f 333//333 465//465 331//331
f 331//331 465//465 464//464
f 331//331 464//464 329//329
f 329//329 464//464 463//463
f 329//329 463//463 327//327
f 327//327 463//463 462//462
f 327//327 462//462 325//325
f 325//325 462//462 461//461
f 489//489 490//490 491//491
f 491//491 490//490 492//492
f 491//491 492//492 493//493
f 493//493 492//492 494//494
f 493//493 494//494 495//495
f 495//495 494//494 496//496
f 495//495 496//496 497//497
f 489//489 498//498 490//490
f 490//490 498//498 499//499
f 490//490 499//499 500//500
f 500//500 499//499 501//501
f 500//500 501//501 502//502
f 501//501 503//503 502//502
f 502//502 503//503 504//504
f 502//502 504//504 505//505
f 505//505 504//504 506//506
f 505//505 506//506 507//507
f 507//507 506//506 508//508
f 508//508 509//509 507//507
f 507//507 509//509 510//510
f 507//507 510//510 511//511
f 511//511 510//510 512//512
f 511//511 512//512 513//513
f 513//513 512//512 514//514
f 513//513 514//514 515//515
f 515//515 514//514 516//516
f 516//516 517//517 515//515
f 515//515 517//517 518//518
f 515//515 518//518 519//519
f 519//519 518//518 520//520
f 519//519 520//520 521//521
f 520//520 522//522 521//521
f 521//521 522//522 523//523
f 521//521 523//523 524//524
f 524//524 523//523 525//525
f 524//524 525//525 526//526
f 526//526 525//525 527//527
f 527//527 528//528 526//526
f 526//526 528//528 529//529
f 526//526 529//529 530//530
f 530//530 529//529 531//531
f 530//530 531//531 532//532
f 532//532 531//531 533//533
f 532//532 533//533 534//534
f 534//534 533//533 535//535
f 535//535 536//536 534//534
f 534//534 536//536 537//537
f 534//534 537//537 538//538
f 538//538 537//537 539//539
f 538//538 539//539 540//540
f 539//539 541//541 540//540
f 540//540 541//541 542//542
f 540//540 542//542 543//543
f 543//543 542//542 544//544
f 543//543 544//544 545//545
f 545//545 544//544 546//546
f 546//546 547//547 545//545
f 545//545 547//547 548//548
f 545//545 548//548 549//549
f 549//549 548//548 550//550
f 549//549 550//550 551//551
f 551//551 550//550 552//552
f 551//551 552//552 553//553
f 553//553 552//552 554//554
f 555//555 556//556 557//557
f 554//554 558//558 553//553
f 553//553 558//558 559//559
f 553//553 559//559 560//560
f 560//560 559//559 561//561
f 560//560 561//561 557//557
f 557//557 561//561 562//562
f 557//557 562//562 555//555
f 555//555 563//563 556//556
f 556//556 563//563 564//564
f 556//556 564//564 565//565
f 564//564 566//566 565//565
f 565//565 566//566 567//567
f 565//565 567//567 568//568
f 568//568 567//567 569//569
f 568//568 569//569 570//570
f 570//570 569//569 571//571
f 570//570 571//571 572//572
f 572//572 571//571 573//573
f 574//574 575//575 576//576
f 573//573 577//577 572//572
f 572//572 577//577 578//578
f 572//572 578//578 579//579
f 579//579 578//578 580//580
f 579//579 580//580 576//576
f 576//576 580//580 581//581
f 576//576 581//581 574//574
f 574//574 582//582 575//575
f 575//575 582//582 583//583
f 575//575 583//583 584//584
f 584//584 583//583 585//585
f 584//584 585//585 586//586
f 586//586 585//585 587//587
f 586//586 587//587 588//588
f 588//588 587//587 589//589
f 588//588 589//589 590//590
f 590//590 589//589 591//591
f 591//591 592//592 590//590
f 590//590 592//592 593//593
f 590//590 593//593 594//594
f 594//594 593//593 595//595
f 594//594 595//595 596//596
f 596//596 595//595 597//597
f 596//596 597//597 598//598
f 598//598 597//597 599//599
f 599//599 600//600 598//598
f 598//598 600//600 601//601
f 598//598 601//601 602//602
f 602//602 601//601 603//603
f 602//602 603//603 604//604
f 603//603 605//605 604//604
f 604//604 605//605 606//606
f 604//604 606//606 607//607
f 607//607 606//606 608//608
f 607//607 608//608 609//609
f 609//609 608//608 610//610
f 610//610 611//611 609//609
f 609//609 611//611 612//612
f 609//609 612//612 613//613
f 613//613 612//612 614//614
f 613//613 614//614 615//615
f 615//615 614//614 616//616
f 615//615 616//616 617//617
f 617//617 616//616 618//618
f 618//618 619//619 617//617
f 617//617 619//619 620//620
f 617//617 620//620 621//621
f 621//621 620//620 622//622
f 621//621 622//622 623//623
f 622//622 624//624 623//623
f 623//623 624//624 625//625
f 623//623 625//625 626//626
f 626//626 625//625 627//627
f 626//626 627//627 628//628
f 628//628 627//627 629//629
f 629//629 630//630 628//628
f 628//628 630//630 631//631
f 628//628 631//631 632//632
f 632//632 631//631 633//633
f 632//632 633//633 634//634
f 634//634 633//633 635//635
f 634//634 635//635 636//636
f 636//636 635//635 637//637
f 637//637 638//638 636//636
f 636//636 638//638 639//639
f 636//636 639//639 640//640
f 640//640 639//639 641//641
f 640//640 641//641 642//642
f 641//641 643//643 642//642
f 642//642 643//643 644//644
f 642//642 644//644 645//645
f 645//645 644//644 646//646
f 645//645 646//646 647//647
f 647//647 646//646 648//648
f 648//648 649//649 647//647
f 647//647 649//649 650//650
f 647//647 650//650 651//651
f 651//651 650//650 652//652
f 651//651 652//652 653//653
f 653//653 652//652 654//654
f 653//653 654//654 655//655
f 655//655 654//654 656//656
f 657//657 658//658 659//659
f 656//656 660//660 655//655
f 655//655 660//660 661//661
f 655//655 661//661 662//662
f 662//662 661//661 663//663
f 662//662 663//663 659//659
f 659//659 663//663 664//664
f 659//659 664//664 657//657
f 657//657 665//665 658//658
f 658//658 665//665 666//666
f 658//658 666//666 667//667
f 666//666 668//668 667//667
f 667//667 668//668 669//669
f 667//667 669//669 670//670
f 670//670 669//669 671//671
f 670//670 671//671 672//672
f 672//672 671//671 673//673
f 672//672 673//673 674//674
f 674//674 673//673 675//675
f 676//676 677//677 678//678
f 675//675 679//679 674//674
f 674//674 679//679 680//680
f 674//674 680//680 681//681
f 681//681 680//680 682//682
f 681//681 682//682 678//678
f 678//678 682//682 683//683
f 678//678 683//683 676//676
f 676//676 684//684 677//677
f 677//677 684//684 685//685
f 677//677 685//685 686//686
f 686//686 685//685 687//687
f 686//686 687//687 688//688
f 688//688 687//687 689//689
f 688//688 689//689 690//690
f 690//690 689//689 691//691
f 690//690 691//691 496//496
f 496//496 691//691 692//692
f 496//496 692//692 497//497
f 686//686 693//693 677//677
f 677//677 693//693 694//694
f 677//677 694//694 678//678
f 678//678 694//694 695//695
f 678//678 695//695 681//681
f 681//681 695//695 696//696
f 681//681 696//696 674//674
f 674//674 696//696 697//697
f 674//674 697//697 672//672
f 672//672 697//697 698//698
f 672//672 698//698 670//670
f 670//670 698//698 699//699
f 670//670 699//699 667//667
f 667//667 699//699 700//700
f 667//667 700//700 658//658
f 658//658 700//700 701//701
f 658//658 701//701 659//659
f 659//659 701//701 702//702
f 659//659 702//702 662//662
f 662//662 702//702 703//703
f 662//662 703//703 655//655
f 655//655 703//703 704//704
f 655//655 704//704 653//653
f 653//653 704//704 705//705
f 653//653 705//705 651//651
f 651//651 705//705 706//706
f 651//651 706//706 647//647
f 647//647 706//706 707//707
f 647//647 707//707 645//645
f 645//645 707//707 708//708
f 645//645 708//708 642//642
f 642//642 708//708 709//709
f 642//642 709//709 640//640
f 640//640 709//709 710//710
f 640//640 710//710 636//636
f 636//636 710//710 711//711
f 636//636 711//711 634//634
f 634//634 711//711 712//712
f 634//634 712//712 632//632
f 632//632 712//712 713//713
f 632//632 713//713 628//628
f 628//628 713//713 714//714
f 628//628 714//714 626//626
f 626//626 714//714 715//715
f 626//626 715//715 623//623
f 623//623 715//715 716//716
f 623//623 716//716 621//621
f 621//621 716//716 717//717
f 621//621 717//717 617//617
f 617//617 717//717 718//718
f 617//617 718//718 615//615
f 615//615 718//718 719//719
f 615//615 719//719 613//613
f 613//613 719//719 720//720
f 613//613 720//720 609//609
f 609//609 720//720 721//721
f 609//609 721//721 607//607
f 607//607 721//721 722//722
f 607//607 722//722 604//604
f 604//604 722//722 723//723
f 604//604 723//723 602//602
f 602//602 723//723 724//724
f 602//602 724//724 598//598
f 598//598 724//724 725//725
f 598//598 725//725 596//596
f 596//596 725//725 726//726
f 596//596 726//726 594//594
f 594//594 726//726 727//727
f 594//594 727//727 590//590
f 590//590 727//727 728//728
f 590//590 728//728 588//588
f 588//588 728//728 729//729
f 588//588 729//729 586//586
f 586//586 729//729 730//730
f 586//586 730//730 584//584
f 584//584 730//730 731//731
f 584//584 731//731 575//575
f 575//575 731//731 732//732
f 575//575 732//732 576//576
f 576//576 732//732 733//733
f 576//576 733//733 579//579
f 579//579 733//733 734//734
f 579//579 734//734 572//572
f 572//572 734//734 735//735
f 572//572 735//735 570//570
f 570//570 735//735 736//736
f 570//570 736//736 568//568
f 568//568 736//736 737//737
f 568//568 737//737 565//565
f 565//565 737//737 738//738
f 565//565 738//738 556//556
f 556//556 738//738 739//739
f 556//556 739//739 557//557
f 557//557 739//739 740//740
f 557//557 740//740 560//560
f 560//560 740//740 741//741
f 560//560 741//741 553//553
f 553//553 741//741 742//742
f 553//553 742//742 551//551
f 551//551 742//742 743//743
f 551//551 743//743 549//549
f 549//549 743//743 744//744
f 549//549 744//744 545//545
f 545//545 744//744 745//745
f 545//545 745//745 543//543
f 543//543 745//745 746//746
f 543//543 746//746 540//540
f 540//540 746//746 747//747
f 540//540 747//747 538//538
f 538//538 747//747 748//748
f 538//538 748//748 534//534
f 534//534 748//748 749//749
f 534//534 749//749 532//532
f 532//532 749//749 750//750
f 532//532 750//750 530//530
f 530//530 750//750 751//751
f 530//530 751//751 526//526
f 526//526 751//751 752//752
f 526//526 752//752 524//524
f 524//524 752//752 753//753
f 524//524 753//753 521//521
f 521//521 753//753 754//754
f 521//521 754//754 519//519
f 519//519 754//754 755//755
f 519//519 755//755 515//515
f 515//515 755//755 756//756
f 515//515 756//756 513//513
f 513//513 756//756 757//757
f 513//513 757//757 511//511
f 511//511 757//757 758//758
f 511//511 758//758 507//507
f 507//507 758//758 759//759
f 507//507 759//759 505//505
f 505//505 759//759 760//760
f 505//505 760//760 502//502
f 502//502 760//760 761//761
f 502//502 761//761 500//500
f 500//500 761//761 762//762
f 500//500 762//762 490//490
f 490//490 762//762 763//763
f 490//490 763//763 492//492
f 492//492 763//763 764//764
f 492//492 764//764 494//494
f 494//494 764//764 765//765
f 494//494 765//765 496//496
f 496//496 765//765 766//766
f 496//496 766//766 690//690
f 690//690 766//766 767//767
f 690//690 767//767 688//688
f 688//688 767//767 768//768
f 688//688 768//768 686//686
f 686//686 768//768 693//693
f 768//768 769//769 693//693
f 693//693 769//769 770//770
f 693//693 770//770 694//694
f 694//694 770//770 771//771
f 694//694 771//771 695//695
f 695//695 771//771 772//772
f 695//695 772//772 696//696
f 696//696 772//772 773//773
f 696//696 773//773 697//697
f 697//697 773//773 774//774
f 697//697 774//774 698//698
f 698//698 774//774 775//775
f 698//698 775//775 699//699
f 699//699 775//775 776//776
f 699//699 776//776 700//700
f 700//700 776//776 777//777
f 700//700 777//777 701//701
f 701//701 777//777 778//778
f 701//701 778//778 702//702
f 702//702 778//778 779//779
f 702//702 779//779 703//703
f 703//703 779//779 780//780
f 703//703 780//780 704//704
f 704//704 780//780 781//781
f 704//704 781//781 705//705
f 705//705 781//781 782//782
f 705//705 782//782 706//706
f 706//706 782//782 783//783
f 706//706 783//783 707//707
f 707//707 783//783 784//784
f 707//707 784//784 708//708
f 708//708 784//784 785//785
f 708//708 785//785 709//709
f 709//709 785//785 786//786
f 709//709 786//786 710//710
f 710//710 786//786 787//787
f 710//710 787//787 711//711
f 711//711 787//787 788//788
f 711//711 788//788 712//712
f 712//712 788//788 789//789
f 712//712 789//789 713//713
f 713//713 789//789 790//790
f 713//713 790//790 714//714
f 714//714 790//790 791//791
f 714//714 791//791 715//715
f 715//715 791//791 792//792
f 715//715 792//792 716//716
f 716//716 792//792 793//793
f 716//716 793//793 717//717
f 717//717 793//793 794//794
f 717//717 794//794 718//718
f 718//718 794//794 795//795
f 718//718 795//795 719//719
f 719//719 795//795 796//796
f 719//719 796//796 720//720
f 720//720 796//796 797//797
f 720//720 797//797 721//721
f 721//721 797//797 798//798
f 721//721 798//798 722//722
f 722//722 798//798 799//799
f 722//722 799//799 723//723
f 723//723 799//799 800//800
f 723//723 800//800 724//724
f 724//724 800//800 801//801
f 724//724 801//801 725//725
f 725//725 801//801 802//802
f 725//725 802//802 726//726
f 726//726 802//802 803//803
f 726//726 803//803 727//727
f 727//727 803//803 804//804
f 727//727 804//804 728//728
f 728//728 804//804 805//805
f 728//728 805//805 729//729
f 729//729 805//805 806//806
f 729//729 806//806 730//730
f 730//730 806//806 807//807
f 730//730 807//807 731//731
f 731//731 807//807 808//808
f 731//731 808//808 732//732
f 732//732 808//808 809//809
f 732//732 809//809 733//733
f 733//733 809//809 810//810
f 733//733 810//810 734//734
f 734//734 810//810 811//811
f 734//734 811//811 735//735
f 735//735 811//811 812//812
f 735//735 812//812 736//736
f 736//736 812//812 813//813
f 736//736 813//813 737//737
f 737//737 813//813 814//814
f 737//737 814//814 738//738
f 738//738 814//814 815//815
f 738//738 815//815 739//739
f 739//739 815//815 816//816
f 739//739 816//816 740//740
f 740//740 816//816 817//817
f 740//740 817//817 741//741
f 741//741 817//817 818//818
f 741//741 818//818 742//742
f 742//742 818//818 819//819
f 742//742 819//819 743//743
f 743//743 819//819 820//820
f 743//743 820//820 744//744
f 744//744 820//820 821//821
f 744//744 821//821 745//745
f 745//745 821//821 822//822
f 745//745 822//822 746//746
f 746//746 822//822 823//823
f 746//746 823//823 747//747
f 747//747 823//823 824//824
f 747//747 824//824 748//748
f 748//748 824//824 825//825
f 748//748 825//825 749//749
f 749//749 825//825 826//826
f 749//749 826//826 750//750
f 750//750 826//826 827//827
f 750//750 827//827 751//751
f 751//751 827//827 828//828
f 751//751 828//828 752//752
f 752//752 828//828 829//829
f 752//752 829//829 753//753
f 753//753 829//829 830//830
f 753//753 830//830 754//754
f 754//754 830//830 831//831
f 754//754 831//831 755//755
f 755//755 831//831 832//832
f 755//755 832//832 756//756
f 756//756 832//832 833//833
f 756//756 833//833 757//757
f 757//757 833//833 834//834
f 757//757 834//834 758//758
f 758//758 834//834 835//835
f 758//758 835//835 759//759
f 759//759 835//835 836//836
f 759//759 836//836 760//760
f 760//760 836//836 837//837
f 760//760 837//837 761//761
f 761//761 837//837 838//838
f 761//761 838//838 762//762
f 762//762 838//838 839//839
f 762//762 839//839 763//763
f 763//763 839//839 840//840
f 763//763 840//840 764//764
f 764//764 840//840 841//841
f 764//764 841//841 765//765
f 765//765 841//841 842//842
f 765//765 842//842 766//766
f 766//766 842//842 843//843
f 766//766 843//843 767//767
f 767//767 843//843 844//844
f 767//767 844//844 768//768
f 768//768 844//844 769//769
f 844//844 845//845 769//769
f 769//769 845//845 846//846
f 769//769 846//846 770//770
f 770//770 846//846 847//847
f 770//770 847//847 771//771
f 771//771 847//847 848//848
f 771//771 848//848 772//772
f 772//772 848//848 849//849
f 772//772 849//849 773//773
f 773//773 849//849 850//850
f 773//773 850//850 774//774
f 774//774 850//850 851//851
f 774//774 851//851 775//775
f 775//775 851//851 852//852
f 775//775 852//852 776//776
f 776//776 852//852 853//853
f 776//776 853//853 777//777
f 777//777 853//853 854//854
f 777//777 854//854 778//778
f 778//778 854//854 855//855
f 778//778 855//855 779//779
f 779//779 855//855 856//856
f 779//779 856//856 780//780
f 780//780 856//856 857//857
f 780//780 857//857 781//781
f 781//781 857//857 858//858
f 781//781 858//858 782//782
f 782//782 858//858 859//859
f 782//782 859//859 783//783
f 783//783 859//859 860//860
f 783//783 860//860 784//784
f 784//784 860//860 861//861
f 784//784 861//861 785//785
f 785//785 861//861 862//862
f 785//785 862//862 786//786
f 786//786 862//862 863//863
f 786//786 863//863 787//787
f 787//787 863//863 864//864
f 787//787 864//864 788//788
f 788//788 864//864 865//865
f 788//788 865//865 789//789
f 789//789 865//865 866//866
f 789//789 866//866 790//790
f 790//790 866//866 867//867
f 790//790 867//867 791//791
f 791//791 867//867 868//868
f 791//791 868//868 792//792
f 792//792 868//868 869//869
f 792//792 869//869 793//793
f 793//793 869//869 870//870
f 793//793 870//870 794//794
f 794//794 870//870 871//871
f 794//794 871//871 795//795
f 795//795 871//871 872//872
f 795//795 872//872 796//796
f 796//796 872//872 873//873
f 796//796 873//873 797//797
f 797//797 873//873 874//874
f 797//797 874//874 798//798
f 798//798 874//874 875//875
f 798//798 875//875 799//799
f 799//799 875//875 876//876
f 799//799 876//876 800//800
f 800//800 876//876 877//877
f 800//800 877//877 801//801
f 801//801 877//877 878//878
f 801//801 878//878 802//802
f 802//802 878//878 879//879
f 802//802 879//879 803//803
f 803//803 879//879 880//880
f 803//803 880//880 804//804
f 804//804 880//880 881//881
f 804//804 881//881 805//805
f 805//805 881//881 882//882
f 805//805 882//882 806//806
f 806//806 882//882 883//883
f 806//806 883//883 807//807
f 807//807 883//883 884//884
f 807//807 884//884 808//808
f 808//808 884//884 885//885
f 808//808 885//885 809//809
f 809//809 885//885 886//886
f 809//809 886//886 810//810
f 810//810 886//886 887//887
f 810//810 887//887 811//811
f 811//811 887//887 888//888
f 811//811 888//888 812//812
f 812//812 888//888 889//889
f 812//812 889//889 813//813
f 813//813 889//889 890//890
f 813//813 890//890 814//814
f 814//814 890//890 891//891
f 814//814 891//891 815//815
f 815//815 891//891 892//892
f 815//815 892//892 816//816
f 816//816 892//892 893//893
f 816//816 893//893 817//817
f 817//817 893//893 894//894
f 817//817 894//894 818//818
f 818//818 894//894 895//895
f 818//818 895//895 819//819
f 819//819 895//895 896//896
f 819//819 896//896 820//820
f 820//820 896//896 897//897
f 820//820 897//897 821//821
f 821//821 897//897 898//898
f 821//821 898//898 822//822
f 822//822 898//898 899//899
f 822//822 899//899 823//823
f 823//823 899//899 900//900
f 823//823 900//900 824//824
f 824//824 900//900 901//901
f 824//824 901//901 825//825
f 825//825 901//901 902//902
f 825//825 902//902 826//826
f 826//826 902//902 903//903
f 826//826 903//903 827//827
f 827//827 903//903 904//904
f 827//827 904//904 828//828
f 828//828 904//904 905//905
f 828//828 905//905 829//829
f 829//829 905//905 906//906
f 829//829 906//906 830//830
f 830//830 906//906 907//907
f 830//830 907//907 831//831
f 831//831 907//907 908//908
f 831//831 908//908 832//832
f 832//832 908//908 909//909
f 832//832 909//909 833//833
f 833//833 909//909 910//910
f 833//833 910//910 834//834
f 834//834 910//910 911//911
f 834//834 911//911 835//835
f 835//835 911//911 912//912
f 835//835 912//912 836//836
f 836//836 912//912 913//913
f 836//836 913//913 837//837
f 837//837 913//913 914//914
f 837//837 914//914 838//838
f 838//838 914//914 915//915
f 838//838 915//915 839//839
f 839//839 915//915 916//916
f 839//839 916//916 840//840
f 840//840 916//916 917//917
f 840//840 917//917 841//841
f 841//841 917//917 918//918
f 841//841 918//918 842//842
f 842//842 918//918 919//919
f 842//842 919//919 843//843
f 843//843 919//919 920//920
f 843//843 920//920 844//844
f 844//844 920//920 845//845
f 920//920 921//921 845//845
f 845//845 921//921 922//922
f 845//845 922//922 846//846
f 846//846 922//922 923//923
f 846//846 923//923 847//847
f 847//847 923//923 924//924
f 847//847 924//924 848//848
f 848//848 924//924 925//925
f 848//848 925//925 849//849
f 849//849 925//925 926//926
f 849//849 926//926 850//850
f 850//850 926//926 927//927
f 850//850 927//927 851//851
f 851//851 927//927 928//928
f 851//851 928//928 852//852
f 852//852 928//928 929//929
f 852//852 929//929 853//853
f 853//853 929//929 930//930
f 853//853 930//930 854//854
f 854//854 930//930 931//931
f 854//854 931//931 855//855
f 855//855 931//931 932//932
f 855//855 932//932 856//856
f 856//856 932//932 933//933
f 856//856 933//933 857//857
f 857//857 933//933 934//934
f 857//857 934//934 858//858
f 858//858 934//934 935//935
f 858//858 935//935 859//859
f 859//859 935//935 936//936
f 859//859 936//936 860//860
f 860//860 936//936 937//937
f 860//860 937//937 861//861
f 861//861 937//937 938//938
f 861//861 938//938 862//862
f 862//862 938//938 939//939
f 862//862 939//939 863//863
f 863//863 939//939 940//940
f 863//863 940//940 864//864
f 864//864 940//940 941//941
f 864//864 941//941 865//865
f 865//865 941//941 942//942
f 865//865 942//942 866//866
f 866//866 942//942 943//943
f 866//866 943//943 867//867
f 867//867 943//943 944//944
f 867//867 944//944 868//868
f 868//868 944//944 945//945
f 868//868 945//945 869//869
f 869//869 945//945 946//946
f 869//869 946//946 870//870
f 870//870 946//946 947//947
f 870//870 947//947 871//871
f 871//871 947//947 948//948
f 871//871 948//948 872//872
f 872//872 948//948 949//949
f 872//872 949//949 873//873
f 873//873 949//949 950//950
f 873//873 950//950 874//874
f 874//874 950//950 951//951
f 874//874 951//951 875//875
f 875//875 951//951 952//952
f 875//875 952//952 876//876
f 876//876 952//952 953//953
f 876//876 953//953 877//877
f 877//877 953//953 954//954
f 877//877 954//954 878//878
f 878//878 954//954 955//955
f 878//878 955//955 879//879
f 879//879 955//955 956//956
f 879//879 956//956 880//880
f 880//880 956//956 957//957
f 880//880 957//957 881//881
f 881//881 957//957 958//958
f 881//881 958//958 882//882
f 882//882 958//958 959//959
f 882//882 959//959 883//883
f 883//883 959//959 960//960
f 883//883 960//960 884//884
f 884//884 960//960 961//961
f 884//884 961//961 885//885
f 885//885 961//961 962//962
f 885//885 962//962 886//886
f 886//886 962//962 963//963
f 886//886 963//963 887//887
f 887//887 963//963 964//964
f 887//887 964//964 888//888
f 888//888 964//964 965//965
f 888//888 965//965 889//889
f 889//889 965//965 966//966
f 889//889 966//966 890//890
f 890//890 966//966 967//967
f 890//890 967//967 891//891
f 891//891 967//967 968//968
f 891//891 968//968 892//892
f 892//892 968//968 969//969
f 892//892 969//969 893//893
f 893//893 969//969 970//970
f 893//893 970//970 894//894
f 894//894 970//970 971//971
f 894//894 971//971 895//895
f 895//895 971//971 972//972
f 895//895 972//972 896//896
f 896//896 972//972 973//973
f 896//896 973//973 897//897
f 897//897 973//973 974//974
f 897//897 974//974 898//898
f 898//898 974//974 975//975
f 898//898 975//975 899//899
f 899//899 975//975 976//976
f 899//899 976//976 900//900
f 900//900 976//976 977//977
f 900//900 977//977 901//901
f 901//901 977//977 978//978
f 901//901 978//978 902//902
f 902//902 978//978 979//979
f 902//902 979//979 903//903
f 903//903 979//979 980//980
f 903//903 980//980 904//904
f 904//904 980//980 981//981
f 904//904 981//981 905//905
f 905//905 981//981 982//982
f 905//905 982//982 906//906
f 906//906 982//982 983//983
f 906//906 983//983 907//907
f 907//907 983//983 984//984
f 907//907 984//984 908//908
f 908//908 984//984 985//985
f 908//908 985//985 909//909
f 909//909 985//985 986//986
f 909//909 986//986 910//910
f 910//910 986//986 987//987
f 910//910 987//987 911//911
f 911//911 987//987 988//988
f 911//911 988//988 912//912
f 912//912 988//988 989//989
f 912//912 989//989 913//913
f 913//913 989//989 990//990
f 913//913 990//990 914//914
f 914//914 990//990 991//991
f 914//914 991//991 915//915
f 915//915 991//991 992//992
f 915//915 992//992 916//916
f 916//916 992//992 993//993
f 916//916 993//993 917//917
f 917//917 993//993 994//994
f 917//917 994//994 918//918
f 918//918 994//994 995//995
f 918//918 995//995 919//919
f 919//919 995//995 996//996
f 919//919 996//996 920//920
f 920//920 996//996 921//921
f 996//996 997//997 921//921
f 921//921 997//997 998//998
f 921//921 998//998 922//922
f 922//922 998//998 999//999
f 922//922 999//999 923//923
f 923//923 999//999 1000//1000
f 923//923 1000//1000 924//924
f 924//924 1000//1000 1001//1001
f 924//924 1001//1001 925//925
f 925//925 1001//1001 1002//1002
f 925//925 1002//1002 926//926
f 926//926 1002//1002 1003//1003
f 926//926 1003//1003 927//927
f 927//927 1003//1003 1004//1004
f 927//927 1004//1004 928//928
f 928//928 1004//1004 1005//1005
f 928//928 1005//1005 929//929
f 929//929 1005//1005 1006//1006
f 929//929 1006//1006 930//930
f 930//930 1006//1006 1007//1007
f 930//930 1007//1007 931//931
f 931//931 1007//1007 1008//1008
f 931//931 1008//1008 932//932
f 932//932 1008//1008 1009//1009
f 932//932 1009//1009 933//933
f 933//933 1009//1009 1010//1010
f 933//933 1010//1010 934//934
f 934//934 1010//1010 1011//1011
f 934//934 1011//1011 935//935
f 935//935 1011//1011 1012//1012
f 935//935 1012//1012 936//936
f 936//936 1012//1012 1013//1013
f 936//936 1013//1013 937//937
f 937//937 1013//1013 1014//1014
f 937//937 1014//1014 938//938
f 938//938 1014//1014 1015//1015
f 938//938 1015//1015 939//939
f 939//939 1015//1015 1016//1016
f 939//939 1016//1016 940//940
f 940//940 1016//1016 1017//1017
f 940//940 1017//1017 941//941
f 941//941 1017//1017 1018//1018
f 941//941 1018//1018 942//942
f 942//942 1018//1018 1019//1019
f 942//942 1019//1019 943//943
f 943//943 1019//1019 1020//1020
f 943//943 1020//1020 944//944
f 944//944 1020//1020 1021//1021
f 944//944 1021//1021 945//945
f 945//945 1021//1021 1022//1022
f 945//945 1022//1022 946//946
f 946//946 1022//1022 1023//1023
f 946//946 1023//1023 947//947
f 947//947 1023//1023 1024//1024
f 947//947 1024//1024 948//948
f 948//948 1024//1024 1025//1025
f 948//948 1025//1025 949//949
f 949//949 1025//1025 1026//1026
f 949//949 1026//1026 950//950
f 950//950 1026//1026 1027//1027
f 950//950 1027//1027 951//951
f 951//951 1027//1027 1028//1028
f 951//951 1028//1028 952//952
f 952//952 1028//1028 1029//1029
f 952//952 1029//1029 953//953
f 953//953 1029//1029 1030//1030
f 953//953 1030//1030 954//954
f 954//954 1030//1030 1031//1031
f 954//954 1031//1031 955//955
f 955//955 1031//1031 1032//1032
f 955//955 1032//1032 956//956
f 956//956 1032//1032 1033//1033
f 956//956 1033//1033 957//957
f 957//957 1033//1033 1034//1034
f 957//957 1034//1034 958//958
f 958//958 1034//1034 1035//1035
f 958//958 1035//1035 959//959
f 959//959 1035//1035 1036//1036
f 959//959 1036//1036 960//960
f 960//960 1036//1036 1037//1037
f 960//960 1037//1037 961//961
f 961//961 1037//1037 1038//1038
f 961//961 1038//1038 962//962
f 962//962 1038//1038 1039//1039
f 962//962 1039//1039 963//963
f 963//963 1039//1039 1040//1040
f 963//963 1040//1040 964//964
f 964//964 1040//1040 1041//1041
f 964//964 1041//1041 965//965
f 965//965 1041//1041 1042//1042
f 965//965 1042//1042 966//966
f 966//966 1042//1042 1043//1043
f 966//966 1043//1043 967//967
f 967//967 1043//1043 1044//1044
f 967//967 1044//1044 968//968
f 968//968 1044//1044 1045//1045
f 968//968 1045//1045 969//969
f 969//969 1045//1045 1046//1046
f 969//969 1046//1046 970//970
f 970//970 1046//1046 1047//1047
f 970//970 1047//1047 971//971
f 971//971 1047//1047 1048//1048
f 971//971 1048//1048 972//972
f 972//972 1048//1048 1049//1049
f 972//972 1049//1049 973//973
f 973//973 1049//1049 1050//1050
f 973//973 1050//1050 974//974
f 974//974 1050//1050 1051//1051
f 974//974 1051//1051 975//975
f 975//975 1051//1051 1052//1052
f 975//975 1052//1052 976//976
f 976//976 1052//1052 1053//1053
f 976//976 1053//1053 977//977
f 977//977 1053//1053 1054//1054
f 977//977 1054//1054 978//978
f 978//978 1054//1054 1055//1055
f 978//978 1055//1055 979//979
f 979//979 1055//1055 1056//1056
f 979//979 1056//1056 980//980
f 980//980 1056//1056 1057//1057
f 980//980 1057//1057 981//981
f 981//981 1057//1057 1058//1058
f 981//981 1058//1058 982//982
f 982//982 1058//1058 1059//1059
f 982//982 1059//1059 983//983
f 983//983 1059//1059 1060//1060
f 983//983 1060//1060 984//984
f 984//984 1060//1060 1061//1061
f 984//984 1061//1061 985//985
f 985//985 1061//1061 1062//1062
f 985//985 1062//1062 986//986
f 986//986 1062//1062 1063//1063
f 986//986 1063//1063 987//987
f 987//987 1063//1063 1064//1064
f 987//987 1064//1064 988//988
f 988//988 1064//1064 1065//1065
f 988//988 1065//1065 989//989
f 989//989 1065//1065 1066//1066
f 989//989 1066//1066 990//990
f 990//990 1066//1066 1067//1067
f 990//990 1067//1067 991//991
f 991//991 1067//1067 1068//1068
f 991//991 1068//1068 992//992
f 992//992 1068//1068 1069//1069
f 992//992 1069//1069 993//993
f 993//993 1069//1069 1070//1070
f 993//993 1070//1070 994//994
f 994//994 1070//1070 1071//1071
f 994//994 1071//1071 995//995
f 995//995 1071//1071 1072//1072
f 995//995 1072//1072 996//996
f 996//996 1072//1072 997//997
f 1072//1072 1073//1073 997//997
f 997//997 1073//1073 1074//1074
f 997//997 1074//1074 998//998
f 998//998 1074//1074 1075//1075
f 998//998 1075//1075 999//999
f 999//999 1075//1075 1076//1076
f 999//999 1076//1076 1000//1000
f 1000//1000 1076//1076 1077//1077
f 1000//1000 1077//1077 1001//1001
f 1001//1001 1077//1077 1078//1078
f 1001//1001 1078//1078 1002//1002
f 1002//1002 1078//1078 1079//1079
f 1002//1002 1079//1079 1003//1003
f 1003//1003 1079//1079 1080//1080
f 1003//1003 1080//1080 1004//1004
f 1004//1004 1080//1080 1081//1081
f 1004//1004 1081//1081 1005//1005
f 1005//1005 1081//1081 1082//1082
f 1005//1005 1082//1082 1006//1006
f 1006//1006 1082//1082 1083//1083
f 1006//1006 1083//1083 1007//1007
f 1007//1007 1083//1083 1084//1084
f 1007//1007 1084//1084 1008//1008
f 1008//1008 1084//1084 1085//1085
f 1008//1008 1085//1085 1009//1009
f 1009//1009 1085//1085 1086//1086
f 1009//1009 1086//1086 1010//1010
f 1010//1010 1086//1086 1087//1087
f 1010//1010 1087//1087 1011//1011
f 1011//1011 1087//1087 1088//1088
f 1011//1011 1088//1088 1012//1012
f 1012//1012 1088//1088 1089//1089
f 1012//1012 1089//1089 1013//1013
f 1013//1013 1089//1089 1090//1090
f 1013//1013 1090//1090 1014//1014
f 1014//1014 1090//1090 1091//1091
f 1014//1014 1091//1091 1015//1015
f 1015//1015 1091//1091 1092//1092
f 1015//1015 1092//1092 1016//1016
f 1016//1016 1092//1092 1093//1093
f 1016//1016 1093//1093 1017//1017
f 1017//1017 1093//1093 1094//1094
f 1017//1017 1094//1094 1018//1018
f 1018//1018 1094//1094 1095//1095
f 1018//1018 1095//1095 1019//1019
f 1019//1019 1095//1095 1096//1096
f 1019//1019 1096//1096 1020//1020
f 1020//1020 1096//1096 1097//1097
f 1020//1020 1097//1097 1021//1021
f 1021//1021 1097//1097 1098//1098
f 1021//1021 1098//1098 1022//1022
f 1022//1022 1098//1098 1099//1099
f 1022//1022 1099//1099 1023//1023
f 1023//1023 1099//1099 1100//1100
f 1023//1023 1100//1100 1024//1024
f 1024//1024 1100//1100 1101//1101
f 1024//1024 1101//1101 1025//1025
f 1025//1025 1101//1101 1102//1102
f 1025//1025 1102//1102 1026//1026
f 1026//1026 1102//1102 1103//1103
f 1026//1026 1103//1103 1027//1027
f 1027//1027 1103//1103 1104//1104
f 1027//1027 1104//1104 1028//1028
f 1028//1028 1104//1104 1105//1105
f 1028//1028 1105//1105 1029//1029
f 1029//1029 1105//1105 1106//1106
f 1029//1029 1106//1106 1030//1030
f 1030//1030 1106//1106 1107//1107
f 1030//1030 1107//1107 1031//1031
f 1031//1031 1107//1107 1108//1108
f 1031//1031 1108//1108 1032//1032
f 1032//1032 1108//1108 1109//1109
f 1032//1032 1109//1109 1033//1033
f 1033//1033 1109//1109 1110//1110
f 1033//1033 1110//1110 1034//1034
f 1034//1034 1110//1110 1111//1111
f 1034//1034 1111//1111 1035//1035
f 1035//1035 1111//1111 1112//1112
f 1035//1035 1112//1112 1036//1036
f 1036//1036 1112//1112 1113//1113
f 1036//1036 1113//1113 1037//1037
f 1037//1037 1113//1113 1114//1114
f 1037//1037 1114//1114 1038//1038
f 1038//1038 1114//1114 1115//1115
f 1038//1038 1115//1115 1039//1039
f 1039//1039 1115//1115 1116//1116
f 1039//1039 1116//1116 1040//1040
f 1040//1040 1116//1116 1117//1117
f 1040//1040 1117//1117 1041//1041
f 1041//1041 1117//1117 1118//1118
f 1041//1041 1118//1118 1042//1042
f 1042//1042 1118//1118 1119//1119
f 1042//1042 1119//1119 1043//1043
f 1043//1043 1119//1119 1120//1120
f 1043//1043 1120//1120 1044//1044
f 1044//1044 1120//1120 1121//1121
f 1044//1044 1121//1121 1045//1045
f 1045//1045 1121//1121 1122//1122
f 1045//1045 1122//1122 1046//1046
f 1046//1046 1122//1122 1123//1123
f 1046//1046 1123//1123 1047//1047
f 1047//1047 1123//1123 1124//1124
f 1047//1047 1124//1124 1048//1048
f 1048//1048 1124//1124 1125//1125
f 1048//1048 1125//1125 1049//1049
f 1049//1049 1125//1125 1126//1126
f 1049//1049 1126//1126 1050//1050
f 1050//1050 1126//1126 1127//1127
f 1050//1050 1127//1127 1051//1051
f 1051//1051 1127//1127 1128//1128
f 1051//1051 1128//1128 1052//1052
f 1052//1052 1128//1128 1129//1129
f 1052//1052 1129//1129 1053//1053
f 1053//1053 1129//1129 1130//1130
f 1053//1053 1130//1130 1054//1054
f 1054//1054 1130//1130 1131//1131
f 1054//1054 1131//1131 1055//1055
f 1055//1055 1131//1131 1132//1132
f 1055//1055 1132//1132 1056//1056
f 1056//1056 1132//1132 1133//1133
f 1056//1056 1133//1133 1057//1057
f 1057//1057 1133//1133 1134//1134
f 1057//1057 1134//1134 1058//1058
f 1058//1058 1134//1134 1135//1135
f 1058//1058 1135//1135 1059//1059
f 1059//1059 1135//1135 1136//1136
f 1059//1059 1136//1136 1060//1060
f 1060//1060 1136//1136 1137//1137
f 1060//1060 1137//1137 1061//1061
f 1061//1061 1137//1137 1138//1138
f 1061//1061 1138//1138 1062//1062
f 1062//1062 1138//1138 1139//1139
f 1062//1062 1139//1139 1063//1063
f 1063//1063 1139//1139 1140//1140
f 1063//1063 1140//1140 1064//1064
f 1064//1064 1140//1140 1141//1141
f 1064//1064 1141//1141 1065//1065
f 1065//1065 1141//1141 1142//1142
f 1065//1065 1142//1142 1066//1066
f 1066//1066 1142//1142 1143//1143
f 1066//1066 1143//1143 1067//1067
f 1067//1067 1143//1143 1144//1144
f 1067//1067 1144//1144 1068//1068
f 1068//1068 1144//1144 1145//1145
f 1068//1068 1145//1145 1069//1069
f 1069//1069 1145//1145 1146//1146
f 1069//1069 1146//1146 1070//1070
f 1070//1070 1146//1146 1147//1147
f 1070//1070 1147//1147 1071//1071
f 1071//1071 1147//1147 1148//1148
f 1071//1071 1148//1148 1072//1072
f 1072//1072 1148//1148 1073//1073
f 1148//1148 1149//1149 1073//1073
f 1073//1073 1149//1149 1150//1150
f 1073//1073 1150//1150 1074//1074
f 1074//1074 1150//1150 1151//1151
f 1074//1074 1151//1151 1075//1075
f 1075//1075 1151//1151 1152//1152
f 1075//1075 1152//1152 1076//1076
f 1076//1076 1152//1152 1153//1153
f 1076//1076 1153//1153 1077//1077
f 1077//1077 1153//1153 1154//1154
f 1077//1077 1154//1154 1078//1078
f 1078//1078 1154//1154 1155//1155
f 1078//1078 1155//1155 1079//1079
f 1079//1079 1155//1155 1156//1156
f 1079//1079 1156//1156 1080//1080
f 1080//1080 1156//1156 1157//1157
f 1080//1080 1157//1157 1081//1081
f 1081//1081 1157//1157 1158//1158
f 1081//1081 1158//1158 1082//1082
f 1082//1082 1158//1158 1159//1159
f 1082//1082 1159//1159 1083//1083
f 1083//1083 1159//1159 1160//1160
f 1083//1083 1160//1160 1084//1084
f 1084//1084 1160//1160 1161//1161
f 1084//1084 1161//1161 1085//1085
f 1085//1085 1161//1161 1162//1162
f 1085//1085 1162//1162 1086//1086
f 1086//1086 1162//1162 1163//1163
f 1086//1086 1163//1163 1087//1087
f 1087//1087 1163//1163 1164//1164
f 1087//1087 1164//1164 1088//1088
f 1088//1088 1164//1164 1165//1165
f 1088//1088 1165//1165 1089//1089
f 1089//1089 1165//1165 1166//1166
f 1089//1089 1166//1166 1090//1090
f 1090//1090 1166//1166 1167//1167
f 1090//1090 1167//1167 1091//1091
f 1091//1091 1167//1167 1168//1168
f 1091//1091 1168//1168 1092//1092
f 1092//1092 1168//1168 1169//1169
f 1092//1092 1169//1169 1093//1093
f 1093//1093 1169//1169 1170//1170
f 1093//1093 1170//1170 1094//1094
f 1094//1094 1170//1170 1171//1171
f 1094//1094 1171//1171 1095//1095
f 1095//1095 1171//1171 1172//1172
f 1095//1095 1172//1172 1096//1096
f 1096//1096 1172//1172 1173//1173
f 1096//1096 1173//1173 1097//1097
f 1097//1097 1173//1173 1174//1174
f 1097//1097 1174//1174 1098//1098
f 1098//1098 1174//1174 1175//1175
f 1098//1098 1175//1175 1099//1099
f 1099//1099 1175//1175 1176//1176
f 1099//1099 1176//1176 1100//1100
f 1100//1100 1176//1176 1177//1177
f 1100//1100 1177//1177 1101//1101
f 1101//1101 1177//1177 1178//1178
f 1101//1101 1178//1178 1102//1102
f 1102//1102 1178//1178 1179//1179
f 1102//1102 1179//1179 1103//1103
f 1103//1103 1179//1179 1180//1180
f 1103//1103 1180//1180 1104//1104
f 1104//1104 1180//1180 1181//1181
f 1104//1104 1181//1181 1105//1105
f 1105//1105 1181//1181 1182//1182
f 1105//1105 1182//1182 1106//1106
f 1106//1106 1182//1182 1183//1183
f 1106//1106 1183//1183 1107//1107
f 1107//1107 1183//1183 1184//1184
f 1107//1107 1184//1184 1108//1108
f 1108//1108 1184//1184 1185//1185
f 1108//1108 1185//1185 1109//1109
f 1109//1109 1185//1185 1186//1186
f 1109//1109 1186//1186 1110//1110
f 1110//1110 1186//1186 1187//1187
f 1110//1110 1187//1187 1111//1111
f 1111//1111 1187//1187 1188//1188
f 1111//1111 1188//1188 1112//1112
f 1112//1112 1188//1188 1189//1189
f 1112//1112 1189//1189 1113//1113
f 1113//1113 1189//1189 1190//1190
f 1113//1113 1190//1190 1114//1114
f 1114//1114 1190//1190 1191//1191
f 1114//1114 1191//1191 1115//1115
f 1115//1115 1191//1191 1192//1192
f 1115//1115 1192//1192 1116//1116
f 1116//1116 1192//1192 1193//1193
f 1116//1116 1193//1193 1117//1117
f 1117//1117 1193//1193 1194//1194
f 1117//1117 1194//1194 1118//1118
f 1118//1118 1194//1194 1195//1195
f 1118//1118 1195//1195 1119//1119
f 1119//1119 1195//1195 1196//1196
f 1119//1119 1196//1196 1120//1120
f 1120//1120 1196//1196 1197//1197
f 1120//1120 1197//1197 1121//1121
f 1121//1121 1197//1197 1198//1198
f 1121//1121 1198//1198 1122//1122
f 1122//1122 1198//1198 1199//1199
f 1122//1122 1199//1199 1123//1123
f 1123//1123 1199//1199 1200//1200
f 1123//1123 1200//1200 1124//1124
f 1124//1124 1200//1200 1201//1201
f 1124//1124 1201//1201 1125//1125
f 1125//1125 1201//1201 1202//1202
f 1125//1125 1202//1202 1126//1126
f 1126//1126 1202//1202 1203//1203
f 1126//1126 1203//1203 1127//1127
f 1127//1127 1203//1203 1204//1204
f 1127//1127 1204//1204 1128//1128
f 1128//1128 1204//1204 1205//1205
f 1128//1128 1205//1205 1129//1129
f 1129//1129 1205//1205 1206//1206
f 1129//1129 1206//1206 1130//1130
f 1130//1130 1206//1206 1207//1207
f 1130//1130 1207//1207 1131//1131
f 1131//1131 1207//1207 1208//1208
f 1131//1131 1208//1208 1132//1132
f 1132//1132 1208//1208 1209//1209
f 1132//1132 1209//1209 1133//1133
f 1133//1133 1209//1209 1210//1210
f 1133//1133 1210//1210 1134//1134
f 1134//1134 1210//1210 1211//1211
f 1134//1134 1211//1211 1135//1135
f 1135//1135 1211//1211 1212//1212
f 1135//1135 1212//1212 1136//1136
f 1136//1136 1212//1212 1213//1213
f 1136//1136 1213//1213 1137//1137
f 1137//1137 1213//1213 1214//1214
f 1137//1137 1214//1214 1138//1138
f 1138//1138 1214//1214 1215//1215
f 1138//1138 1215//1215 1139//1139
f 1139//1139 1215//1215 1216//1216
f 1139//1139 1216//1216 1140//1140
f 1140//1140 1216//1216 1217//1217
f 1140//1140 1217//1217 1141//1141
f 1141//1141 1217//1217 1218//1218
f 1141//1141 1218//1218 1142//1142
f 1142//1142 1218//1218 1219//1219
f 1142//1142 1219//1219 1143//1143
f 1143//1143 1219//1219 1220//1220
f 1143//1143 1220//1220 1144//1144
f 1144//1144 1220//1220 1221//1221
f 1144//1144 1221//1221 1145//1145
f 1145//1145 1221//1221 1222//1222
f 1145//1145 1222//1222 1146//1146
f 1146//1146 1222//1222 1223//1223
f 1146//1146 1223//1223 1147//1147
f 1147//1147 1223//1223 1224//1224
f 1147//1147 1224//1224 1148//1148
f 1148//1148 1224//1224 1149//1149
f 1224//1224 1225//1225 1149//1149
f 1149//1149 1225//1225 1226//1226
f 1149//1149 1226//1226 1150//1150
f 1150//1150 1226//1226 1227//1227
f 1150//1150 1227//1227 1151//1151
f 1151//1151 1227//1227 1228//1228
f 1151//1151 1228//1228 1152//1152
f 1152//1152 1228//1228 1229//1229
f 1152//1152 1229//1229 1153//1153
f 1153//1153 1229//1229 1230//1230
f 1153//1153 1230//1230 1154//1154
f 1154//1154 1230//1230 1231//1231
f 1154//1154 1231//1231 1155//1155
f 1155//1155 1231//1231 1232//1232
f 1155//1155 1232//1232 1156//1156
f 1156//1156 1232//1232 1233//1233
f 1156//1156 1233//1233 1157//1157
f 1157//1157 1233//1233 1234//1234
f 1157//1157 1234//1234 1158//1158
f 1158//1158 1234//1234 1235//1235
f 1158//1158 1235//1235 1159//1159
f 1159//1159 1235//1235 1236//1236
f 1159//1159 1236//1236 1160//1160
f 1160//1160 1236//1236 1237//1237
f 1160//1160 1237//1237 1161//1161
f 1161//1161 1237//1237 1238//1238
f 1161//1161 1238//1238 1162//1162
f 1162//1162 1238//1238 1239//1239
f 1162//1162 1239//1239 1163//1163
f 1163//1163 1239//1239 1240//1240
f 1163//1163 1240//1240 1164//1164
f 1164//1164 1240//1240 1241//1241
f 1164//1164 1241//1241 1165//1165
f 1165//1165 1241//1241 1242//1242
f 1165//1165 1242//1242 1166//1166
f 1166//1166 1242//1242 1243//1243
f 1166//1166 1243//1243 1167//1167
f 1167//1167 1243//1243 1244//1244
f 1167//1167 1244//1244 1168//1168
f 1168//1168 1244//1244 1245//1245
f 1168//1168 1245//1245 1169//1169
f 1169//1169 1245//1245 1246//1246
f 1169//1169 1246//1246 1170//1170
f 1170//1170 1246//1246 1247//1247
f 1170//1170 1247//1247 1171//1171
f 1171//1171 1247//1247 1248//1248
f 1171//1171 1248//1248 1172//1172
f 1172//1172 1248//1248 1249//1249
f 1172//1172 1249//1249 1173//1173
f 1173//1173 1249//1249 1250//1250
f 1173//1173 1250//1250 1174//1174
f 1174//1174 1250//1250 1251//1251
f 1174//1174 1251//1251 1175//1175
f 1175//1175 1251//1251 1252//1252
f 1175//1175 1252//1252 1176//1176
f 1176//1176 1252//1252 1253//1253
f 1176//1176 1253//1253 1177//1177
f 1177//1177 1253//1253 1254//1254
f 1177//1177 1254//1254 1178//1178
f 1178//1178 1254//1254 1255//1255
f 1178//1178 1255//1255 1179//1179
f 1179//1179 1255//1255 1256//1256
f 1179//1179 1256//1256 1180//1180
f 1180//1180 1256//1256 1257//1257
f 1180//1180 1257//1257 1181//1181
f 1181//1181 1257//1257 1258//1258
f 1181//1181 1258//1258 1182//1182
f 1182//1182 1258//1258 1259//1259
f 1182//1182 1259//1259 1183//1183
f 1183//1183 1259//1259 1260//1260
f 1183//1183 1260//1260 1184//1184
f 1184//1184 1260//1260 1261//1261
f 1184//1184 1261//1261 1185//1185
f 1185//1185 1261//1261 1262//1262
f 1185//1185 1262//1262 1186//1186
f 1186//1186 1262//1262 1263//1263
f 1186//1186 1263//1263 1187//1187
f 1187//1187 1263//1263 1264//1264
f 1187//1187 1264//1264 1188//1188
f 1188//1188 1264//1264 1265//1265
f 1188//1188 1265//1265 1189//1189
f 1189//1189 1265//1265 1266//1266
f 1189//1189 1266//1266 1190//1190
f 1190//1190 1266//1266 1267//1267
f 1190//1190 1267//1267 1191//1191
f 1191//1191 1267//1267 1268//1268
f 1191//1191 1268//1268 1192//1192
f 1192//1192 1268//1268 1269//1269
f 1192//1192 1269//1269 1193//1193
f 1193//1193 1269//1269 1270//1270
f 1193//1193 1270//1270 1194//1194
f 1194//1194 1270//1270 1271//1271
f 1194//1194 1271//1271 1195//1195
f 1195//1195 1271//1271 1272//1272
f 1195//1195 1272//1272 1196//1196
f 1196//1196 1272//1272 1273//1273
f 1196//1196 1273//1273 1197//1197
f 1197//1197 1273//1273 1274//1274
f 1197//1197 1274//1274 1198//1198
f 1198//1198 1274//1274 1275//1275
f 1198//1198 1275//1275 1199//1199
f 1199//1199 1275//1275 1276//1276
f 1199//1199 1276//1276 1200//1200
f 1200//1200 1276//1276 1277//1277
f 1200//1200 1277//1277 1201//1201
f 1201//1201 1277//1277 1278//1278
f 1201//1201 1278//1278 1202//1202
f 1202//1202 1278//1278 1279//1279
f 1202//1202 1279//1279 1203//1203
f 1203//1203 1279//1279 1280//1280
f 1203//1203 1280//1280 1204//1204
f 1204//1204 1280//1280 1281//1281
f 1204//1204 1281//1281 1205//1205
f 1205//1205 1281//1281 1282//1282
f 1205//1205 1282//1282 1206//1206
f 1206//1206 1282//1282 1283//1283
f 1206//1206 1283//1283 1207//1207
f 1207//1207 1283//1283 1284//1284
f 1207//1207 1284//1284 1208//1208
f 1208//1208 1284//1284 1285//1285
f 1208//1208 1285//1285 1209//1209
f 1209//1209 1285//1285 1286//1286
f 1209//1209 1286//1286 1210//1210
f 1210//1210 1286//1286 1287//1287
f 1210//1210 1287//1287 1211//1211
f 1211//1211 1287//1287 1288//1288
f 1211//1211 1288//1288 1212//1212
f 1212//1212 1288//1288 1289//1289
f 1212//1212 1289//1289 1213//1213
f 1213//1213 1289//1289 1290//1290
f 1213//1213 1290//1290 1214//1214
f 1214//1214 1290//1290 1291//1291
f 1214//1214 1291//1291 1215//1215
f 1215//1215 1291//1291 1292//1292
f 1215//1215 1292//1292 1216//1216
f 1216//1216 1292//1292 1293//1293
f 1216//1216 1293//1293 1217//1217
f 1217//1217 1293//1293 1294//1294
f 1217//1217 1294//1294 1218//1218
f 1218//1218 1294//1294 1295//1295
f 1218//1218 1295//1295 1219//1219
f 1219//1219 1295//1295 1296//1296
f 1219//1219 1296//1296 1220//1220
f 1220//1220 1296//1296 1297//1297
f 1220//1220 1297//1297 1221//1221
f 1221//1221 1297//1297 1298//1298
f 1221//1221 1298//1298 1222//1222
f 1222//1222 1298//1298 1299//1299
f 1222//1222 1299//1299 1223//1223
f 1223//1223 1299//1299 1300//1300
f 1223//1223 1300//1300 1224//1224
f 1224//1224 1300//1300 1225//1225
f 340//340 1301//1301 342//342
f 342//342 1301//1301 1302//1302
f 342//342 1302//1302 344//344
f 344//344 1302//1302 1303//1303
f 344//344 1303//1303 346//346
f 346//346 1303//1303 1304//1304
f 346//346 1304//1304 348//348
f 348//348 1304//1304 1305//1305
f 348//348 1305//1305 350//350
f 350//350 1305//1305 1306//1306
f 350//350 1306//1306 352//352
f 352//352 1306//1306 1307//1307
f 352//352 1307//1307 354//354
f 354//354 1307//1307 1308//1308
f 354//354 1308//1308 356//356
f 356//356 1308//1308 1309//1309
f 356//356 1309//1309 358//358
f 322//322 1310//1310 324//324
f 324//324 1310//1310 1311//1311
f 324//324 1311//1311 326//326
f 326//326 1311//1311 1312//1312
f 326//326 1312//1312 328//328
f 328//328 1312//1312 1313//1313
f 328//328 1313//1313 330//330
f 330//330 1313//1313 1314//1314
f 330//330 1314//1314 332//332
f 332//332 1314//1314 1315//1315
f 332//332 1315//1315 334//334
f 334//334 1315//1315 1316//1316
f 334//334 1316//1316 336//336
f 336//336 1316//1316 1317//1317
f 336//336 1317//1317 338//338
f 338//338 1317//1317 1318//1318
f 338//338 1318//1318 340//340
f 340//340 1318//1318 1319//1319
f 340//340 1319//1319 1301//1301
f 306//306 1320//1320 308//308
f 308//308 1320//1320 1321//1321
f 308//308 1321//1321 310//310
f 310//310 1321//1321 1322//1322
f 310//310 1322//1322 312//312
f 312//312 1322//1322 1323//1323
f 312//312 1323//1323 314//314
f 314//314 1323//1323 1324//1324
f 314//314 1324//1324 316//316
f 316//316 1324//1324 1325//1325
f 316//316 1325//1325 318//318
f 318//318 1325//1325 1326//1326
f 318//318 1326//1326 320//320
f 320//320 1326//1326 1327//1327
f 320//320 1327//1327 322//322
f 322//322 1327//1327 1328//1328
f 322//322 1328//1328 1310//1310
f 288//288 1329//1329 290//290
f 290//290 1329//1329 1330//1330
f 290//290 1330//1330 292//292
f 292//292 1330//1330 1331//1331
f 292//292 1331//1331 294//294
f 294//294 1331//1331 1332//1332
f 294//294 1332//1332 296//296
f 296//296 1332//1332 1333//1333
f 296//296 1333//1333 298//298
f 298//298 1333//1333 1334//1334
f 298//298 1334//1334 300//300
f 300//300 1334//1334 1335//1335
f 300//300 1335//1335 302//302
f 302//302 1335//1335 1336//1336
f 302//302 1336//1336 304//304
f 304//304 1336//1336 1337//1337
f 304//304 1337//1337 306//306
f 306//306 1337//1337 1338//1338
f 306//306 1338//1338 1320//1320
f 1309//1309 1339//1339 358//358
f 358//358 1339//1339 1340//1340
f 358//358 1340//1340 360//360
f 360//360 1340//1340 1341//1341
f 360//360 1341//1341 362//362
f 362//362 1341//1341 1342//1342
f 362//362 1342//1342 364//364
f 364//364 1342//1342 1343//1343
f 364//364 1343//1343 366//366
f 366//366 1343//1343 1344//1344
f 366//366 1344//1344 368//368
f 368//368 1344//1344 1345//1345
f 368//368 1345//1345 282//282
f 282//282 1345//1345 1346//1346
f 282//282 1346//1346 284//284
f 284//284 1346//1346 1347//1347
f 284//284 1347//1347 286//286
f 286//286 1347//1347 1348//1348
f 286//286 1348//1348 288//288
f 288//288 1348//1348 1349//1349
f 288//288 1349//1349 1329//1329
f 1345//1345 1350//1350 1346//1346
f 1346//1346 1350//1350 1351//1351
f 1346//1346 1351//1351 1347//1347
f 1347//1347 1351//1351 1352//1352
f 1347//1347 1352//1352 1348//1348
f 1348//1348 1352//1352 1353//1353
f 1348//1348 1353//1353 1349//1349
f 1349//1349 1353//1353 1354//1354
f 1349//1349 1354//1354 1329//1329
f 1329//1329 1354//1354 1355//1355
f 1329//1329 1355//1355 1330//1330
f 1330//1330 1355//1355 1356//1356
f 1330//1330 1356//1356 1331//1331
f 1331//1331 1356//1356 1357//1357
f 1331//1331 1357//1357 1332//1332
f 1332//1332 1357//1357 1358//1358
f 1332//1332 1358//1358 1333//1333
f 1333//1333 1358//1358 1359//1359
f 1333//1333 1359//1359 1334//1334
f 1334//1334 1359//1359 1360//1360
f 1334//1334 1360//1360 1335//1335
f 1335//1335 1360//1360 1361//1361
f 1335//1335 1361//1361 1336//1336
f 1336//1336 1361//1361 1362//1362
f 1336//1336 1362//1362 1337//1337
f 1337//1337 1362//1362 1363//1363
f 1337//1337 1363//1363 1338//1338
f 1338//1338 1363//1363 1364//1364
f 1338//1338 1364//1364 1320//1320
f 1320//1320 1364//1364 1365//1365
f 1320//1320 1365//1365 1321//1321
f 1321//1321 1365//1365 1366//1366
f 1321//1321 1366//1366 1322//1322
f 1322//1322 1366//1366 1367//1367
f 1322//1322 1367//1367 1323//1323
f 1323//1323 1367//1367 1368//1368
f 1323//1323 1368//1368 1324//1324
f 1324//1324 1368//1368 1369//1369
f 1324//1324 1369//1369 1325//1325
f 1325//1325 1369//1369 1370//1370
f 1325//1325 1370//1370 1326//1326
f 1326//1326 1370//1370 1371//1371
f 1326//1326 1371//1371 1327//1327
f 1327//1327 1371//1371 1372//1372
f 1327//1327 1372//1372 1328//1328
f 1328//1328 1372//1372 1373//1373
f 1328//1328 1373//1373 1310//1310
f 1310//1310 1373//1373 1374//1374
f 1310//1310 1374//1374 1311//1311
f 1311//1311 1374//1374 1375//1375
f 1311//1311 1375//1375 1312//1312
f 1312//1312 1375//1375 1376//1376
f 1312//1312 1376//1376 1313//1313
f 1313//1313 1376//1376 1377//1377
f 1313//1313 1377//1377 1314//1314
f 1314//1314 1377//1377 1378//1378
f 1314//1314 1378//1378 1315//1315
f 1315//1315 1378//1378 1379//1379
f 1315//1315 1379//1379 1316//1316
f 1316//1316 1379//1379 1380//1380
f 1316//1316 1380//1380 1317//1317
f 1317//1317 1380//1380 1381//1381
f 1317//1317 1381//1381 1318//1318
f 1318//1318 1381//1381 1382//1382
f 1318//1318 1382//1382 1319//1319
f 1319//1319 1382//1382 1383//1383
f 1319//1319 1383//1383 1301//1301
f 1301//1301 1383//1383 1384//1384
f 1301//1301 1384//1384 1302//1302
f 1302//1302 1384//1384 1385//1385
f 1302//1302 1385//1385 1303//1303
f 1303//1303 1385//1385 1386//1386
f 1303//1303 1386//1386 1304//1304
f 1304//1304 1386//1386 1387//1387
f 1304//1304 1387//1387 1305//1305
f 1305//1305 1387//1387 1388//1388
f 1305//1305 1388//1388 1306//1306
f 1306//1306 1388//1388 1389//1389
f 1306//1306 1389//1389 1307//1307
f 1307//1307 1389//1389 1390//1390
f 1307//1307 1390//1390 1308//1308
f 1308//1308 1390//1390 1391//1391
f 1308//1308 1391//1391 1309//1309
f 1309//1309 1391//1391 1392//1392
f 1309//1309 1392//1392 1339//1339
f 1339//1339 1392//1392 1393//1393
f 1339//1339 1393//1393 1340//1340
f 1340//1340 1393//1393 1394//1394
f 1340//1340 1394//1394 1341//1341
f 1341//1341 1394//1394 1395//1395
f 1341//1341 1395//1395 1342//1342
f 1342//1342 1395//1395 1396//1396
f 1342//1342 1396//1396 1343//1343
f 1343//1343 1396//1396 1397//1397
f 1343//1343 1397//1397 1344//1344
f 1344//1344 1397//1397 1398//1398
f 1344//1344 1398//1398 1345//1345
f 1345//1345 1398//1398 1350//1350
f 51//51 1266//1266 49//49
f 49//49 1266//1266 1265//1265
f 49//49 1265//1265 47//47
f 53//53 1268//1268 51//51
f 51//51 1268//1268 1267//1267
f 51//51 1267//1267 1266//1266
f 59//59 1273//1273 57//57
f 57//57 1273//1273 1272//1272
f 57//57 1272//1272 55//55
f 61//61 63//63 1277//1277
f 1272//1272 1271//1271 55//55
f 55//55 1271//1271 1270//1270
f 55//55 1270//1270 53//53
f 53//53 1270//1270 1269//1269
f 53//53 1269//1269 1268//1268
f 1277//1277 1276//1276 61//61
f 61//61 1276//1276 1275//1275
f 61//61 1275//1275 59//59
f 59//59 1275//1275 1274//1274
f 59//59 1274//1274 1273//1273
f 67//67 1280//1280 65//65
f 65//65 1280//1280 1279//1279
f 65//65 1279//1279 63//63
f 63//63 1279//1279 1278//1278
f 63//63 1278//1278 1277//1277
f 1265//1265 1264//1264 47//47
f 47//47 1264//1264 1263//1263
f 47//47 1263//1263 45//45
f 73//73 1285//1285 71//71
f 71//71 1285//1285 1284//1284
f 71//71 1284//1284 69//69
f 75//75 1287//1287 73//73
f 73//73 1287//1287 1286//1286
f 73//73 1286//1286 1285//1285
f 1263//1263 1262//1262 45//45
f 45//45 1262//1262 1261//1261
f 45//45 1261//1261 43//43
f 43//43 1261//1261 1260//1260
f 43//43 1260//1260 41//41
f 1284//1284 1283//1283 69//69
f 69//69 1283//1283 1282//1282
f 69//69 1282//1282 67//67
f 67//67 1282//1282 1281//1281
f 67//67 1281//1281 1280//1280
f 77//77 1289//1289 75//75
f 75//75 1289//1289 1288//1288
f 75//75 1288//1288 1287//1287
f 81//81 1292//1292 79//79
f 79//79 1292//1292 1291//1291
f 79//79 1291//1291 77//77
f 77//77 1291//1291 1290//1290
f 77//77 1290//1290 1289//1289
f 37//37 1254//1254 35//35
f 35//35 1254//1254 1253//1253
f 35//35 1253//1253 33//33
f 83//83 1294//1294 81//81
f 81//81 1294//1294 1293//1293
f 81//81 1293//1293 1292//1292
f 1230//1230 7//7 9//9
f 1249//1249 29//29 31//31
f 39//39 1256//1256 37//37
f 37//37 1256//1256 1255//1255
f 37//37 1255//1255 1254//1254
f 1260//1260 1259//1259 41//41
f 41//41 1259//1259 1258//1258
f 41//41 1258//1258 39//39
f 39//39 1258//1258 1257//1257
f 39//39 1257//1257 1256//1256
f 85//85 1296//1296 83//83
f 83//83 1296//1296 1295//1295
f 83//83 1295//1295 1294//1294
f 1//1 1299//1299 87//87
f 87//87 1299//1299 1298//1298
f 87//87 1298//1298 85//85
f 85//85 1298//1298 1297//1297
f 85//85 1297//1297 1296//1296
f 1230//1230 1229//1229 7//7
f 7//7 1229//1229 1228//1228
f 7//7 1228//1228 5//5
f 5//5 1228//1228 1227//1227
f 5//5 1227//1227 3//3
f 11//11 1232//1232 9//9
f 9//9 1232//1232 1231//1231
f 9//9 1231//1231 1230//1230
f 15//15 1235//1235 13//13
f 13//13 1235//1235 1234//1234
f 13//13 1234//1234 11//11
f 11//11 1234//1234 1233//1233
f 11//11 1233//1233 1232//1232
f 17//17 1237//1237 15//15
f 15//15 1237//1237 1236//1236
f 15//15 1236//1236 1235//1235
f 19//19 1239//1239 17//17
f 17//17 1239//1239 1238//1238
f 17//17 1238//1238 1237//1237
f 23//23 1242//1242 21//21
f 21//21 1242//1242 1241//1241
f 21//21 1241//1241 19//19
f 19//19 1241//1241 1240//1240
f 19//19 1240//1240 1239//1239
f 1249//1249 1248//1248 29//29
f 29//29 1248//1248 1247//1247
f 29//29 1247//1247 27//27
f 27//27 1247//1247 1246//1246
f 27//27 1246//1246 25//25
f 1253//1253 1252//1252 33//33
f 33//33 1252//1252 1251//1251
f 33//33 1251//1251 31//31
f 31//31 1251//1251 1250//1250
f 31//31 1250//1250 1249//1249
f 1227//1227 1226//1226 3//3
f 3//3 1226//1226 1225//1225
f 3//3 1225//1225 1//1
f 1//1 1225//1225 1300//1300
f 1//1 1300//1300 1299//1299
f 1246//1246 1245//1245 25//25
f 25//25 1245//1245 1244//1244
f 25//25 1244//1244 23//23
f 23//23 1244//1244 1243//1243
f 23//23 1243//1243 1242//1242
f 1399//1399 689//689 687//687
f 1399//1399 687//687 1400//1400
f 689//689 1399//1399 691//691
f 691//691 1399//1399 1401//1401
f 691//691 1401//1401 692//692
f 692//692 1401//1401 497//497
f 497//497 1401//1401 1402//1402
f 497//497 1402//1402 495//495
f 1403//1403 491//491 1402//1402
f 1402//1402 491//491 493//493
f 1402//1402 493//493 495//495
f 499//499 498//498 1403//1403
f 1403//1403 498//498 489//489
f 1403//1403 489//489 491//491
f 499//499 1403//1403 501//501
f 501//501 1403//1403 1404//1404
f 501//501 1404//1404 503//503
f 503//503 1404//1404 1405//1405
f 503//503 1405//1405 504//504
f 504//504 1405//1405 506//506
f 506//506 1405//1405 1406//1406
f 506//506 1406//1406 508//508
f 508//508 1406//1406 509//509
f 509//509 1406//1406 1407//1407
f 509//509 1407//1407 510//510
f 1408//1408 514//514 1407//1407
f 1407//1407 514//514 512//512
f 1407//1407 512//512 510//510
f 520//520 518//518 1409//1409
f 1409//1409 518//518 517//517
f 1409//1409 517//517 1408//1408
f 1408//1408 517//517 516//516
f 1408//1408 516//516 514//514
f 520//520 1409//1409 522//522
f 522//522 1409//1409 1410//1410
f 522//522 1410//1410 523//523
f 523//523 1410//1410 525//525
f 525//525 1410//1410 1411//1411
f 525//525 1411//1411 527//527
f 527//527 1411//1411 528//528
f 528//528 1411//1411 1412//1412
f 528//528 1412//1412 529//529
f 1413//1413 533//533 1412//1412
f 1412//1412 533//533 531//531
f 1412//1412 531//531 529//529
f 539//539 537//537 1414//1414
f 1414//1414 537//537 536//536
f 1414//1414 536//536 1413//1413
f 1413//1413 536//536 535//535
f 1413//1413 535//535 533//533
f 539//539 1414//1414 541//541
f 541//541 1414//1414 1415//1415
f 541//541 1415//1415 542//542
f 542//542 1415//1415 544//544
f 544//544 1415//1415 1416//1416
f 544//544 1416//1416 546//546
f 546//546 1416//1416 547//547
f 547//547 1416//1416 1417//1417
f 547//547 1417//1417 548//548
f 1418//1418 552//552 1417//1417
f 1417//1417 552//552 550//550
f 1417//1417 550//550 548//548
f 561//561 559//559 1419//1419
f 1419//1419 559//559 558//558
f 1419//1419 558//558 1418//1418
f 1418//1418 558//558 554//554
f 1418//1418 554//554 552//552
f 561//561 1419//1419 562//562
f 562//562 1419//1419 1420//1420
f 562//562 1420//1420 555//555
f 555//555 1420//1420 563//563
f 563//563 1420//1420 1421//1421
f 563//563 1421//1421 564//564
f 564//564 1421//1421 566//566
f 566//566 1421//1421 1422//1422
f 566//566 1422//1422 567//567
f 1423//1423 571//571 1422//1422
f 1422//1422 571//571 569//569
f 1422//1422 569//569 567//567
f 580//580 578//578 1424//1424
f 1424//1424 578//578 577//577
f 1424//1424 577//577 1423//1423
f 1423//1423 577//577 573//573
f 1423//1423 573//573 571//571
f 580//580 1424//1424 581//581
f 581//581 1424//1424 1425//1425
f 581//581 1425//1425 574//574
f 574//574 1425//1425 582//582
f 582//582 1425//1425 1426//1426
f 582//582 1426//1426 583//583
f 583//583 1426//1426 585//585
f 585//585 1426//1426 1427//1427
f 585//585 1427//1427 587//587
f 587//587 1427//1427 589//589
f 589//589 1427//1427 1428//1428
f 589//589 1428//1428 591//591
f 591//591 1428//1428 592//592
f 592//592 1428//1428 1429//1429
f 592//592 1429//1429 593//593
f 600//600 599//599 1430//1430
f 1430//1430 599//599 597//597
f 1430//1430 597//597 1429//1429
f 1429//1429 597//597 595//595
f 1429//1429 595//595 593//593
f 1431//1431 605//605 1432//1432
f 1432//1432 605//605 603//603
f 1432//1432 603//603 1430//1430
f 1430//1430 603//603 601//601
f 1430//1430 601//601 600//600
f 1433//1433 608//608 1431//1431
f 1431//1431 608//608 606//606
f 1431//1431 606//606 605//605
f 614//614 612//612 1434//1434
f 1434//1434 612//612 611//611
f 1434//1434 611//611 1433//1433
f 1433//1433 611//611 610//610
f 1433//1433 610//610 608//608
f 614//614 1434//1434 616//616
f 616//616 1434//1434 1435//1435
f 616//616 1435//1435 618//618
f 618//618 1435//1435 619//619
f 619//619 1435//1435 1436//1436
f 619//619 1436//1436 620//620
f 1437//1437 624//624 1436//1436
f 1436//1436 624//624 622//622
f 1436//1436 622//622 620//620
f 1438//1438 627//627 1437//1437
f 1437//1437 627//627 625//625
f 1437//1437 625//625 624//624
f 633//633 631//631 1439//1439
f 1439//1439 631//631 630//630
f 1439//1439 630//630 1438//1438
f 1438//1438 630//630 629//629
f 1438//1438 629//629 627//627
f 633//633 1439//1439 635//635
f 635//635 1439//1439 1440//1440
f 635//635 1440//1440 637//637
f 637//637 1440//1440 638//638
f 638//638 1440//1440 1441//1441
f 638//638 1441//1441 639//639
f 1442//1442 643//643 1441//1441
f 1441//1441 643//643 641//641
f 1441//1441 641//641 639//639
f 1443//1443 646//646 1442//1442
f 1442//1442 646//646 644//644
f 1442//1442 644//644 643//643
f 652//652 650//650 1444//1444
f 1444//1444 650//650 649//649
f 1444//1444 649//649 1443//1443
f 1443//1443 649//649 648//648
f 1443//1443 648//648 646//646
f 652//652 1444//1444 654//654
f 654//654 1444//1444 1445//1445
f 654//654 1445//1445 656//656
f 656//656 1445//1445 660//660
f 660//660 1445//1445 1446//1446
f 660//660 1446//1446 661//661
f 1447//1447 664//664 1446//1446
f 1446//1446 664//664 663//663
f 1446//1446 663//663 661//661
f 1448//1448 665//665 1447//1447
f 1447//1447 665//665 657//657
f 1447//1447 657//657 664//664
f 671//671 669//669 1449//1449
f 1449//1449 669//669 668//668
f 1449//1449 668//668 1448//1448
f 1448//1448 668//668 666//666
f 1448//1448 666//666 665//665
f 671//671 1449//1449 673//673
f 673//673 1449//1449 1450//1450
f 673//673 1450//1450 675//675
f 675//675 1450//1450 679//679
f 679//679 1450//1450 1451//1451
f 679//679 1451//1451 680//680
f 1452//1452 683//683 1451//1451
f 1451//1451 683//683 682//682
f 1451//1451 682//682 680//680
f 687//687 685//685 1400//1400
f 1400//1400 685//685 684//684
f 1400//1400 684//684 1452//1452
f 1452//1452 684//684 676//676
f 1452//1452 676//676 683//683
f 1453//1453 1454//1454 1426//1426
f 1426//1426 1454//1454 1455//1455
f 1426//1426 1455//1455 1427//1427
f 1427//1427 1455//1455 1456//1456
f 1427//1427 1456//1456 1428//1428
f 1428//1428 1456//1456 1457//1457
f 1428//1428 1457//1457 1429//1429
f 1429//1429 1457//1457 1458//1458
f 1429//1429 1458//1458 1430//1430
f 1430//1430 1458//1458 1459//1459
f 1430//1430 1459//1459 1432//1432
f 1432//1432 1459//1459 1460//1460
f 1432//1432 1460//1460 1431//1431
f 1431//1431 1460//1460 1461//1461
f 1431//1431 1461//1461 1433//1433
f 1433//1433 1461//1461 1462//1462
f 1433//1433 1462//1462 1434//1434
f 1434//1434 1462//1462 1463//1463
f 1434//1434 1463//1463 1435//1435
f 1435//1435 1463//1463 1464//1464
f 1435//1435 1464//1464 1436//1436
f 1436//1436 1464//1464 1465//1465
f 1436//1436 1465//1465 1437//1437
f 1437//1437 1465//1465 1466//1466
f 1437//1437 1466//1466 1438//1438
f 1438//1438 1466//1466 1467//1467
f 1438//1438 1467//1467 1439//1439
f 1439//1439 1467//1467 1468//1468
f 1439//1439 1468//1468 1440//1440
f 1440//1440 1468//1468 1469//1469
f 1440//1440 1469//1469 1441//1441
f 1441//1441 1469//1469 1470//1470
f 1441//1441 1470//1470 1442//1442
f 1442//1442 1470//1470 1471//1471
f 1442//1442 1471//1471 1443//1443
f 1443//1443 1471//1471 1472//1472
f 1443//1443 1472//1472 1444//1444
f 1444//1444 1472//1472 1473//1473
f 1444//1444 1473//1473 1445//1445
f 1445//1445 1473//1473 1474//1474
f 1445//1445 1474//1474 1446//1446
f 1446//1446 1474//1474 1475//1475
f 1446//1446 1475//1475 1447//1447
f 1447//1447 1475//1475 1476//1476
f 1447//1447 1476//1476 1448//1448
f 1448//1448 1476//1476 1477//1477
f 1448//1448 1477//1477 1449//1449
f 1449//1449 1477//1477 1478//1478
f 1449//1449 1478//1478 1450//1450
f 1450//1450 1478//1478 1479//1479
f 1450//1450 1479//1479 1451//1451
f 1451//1451 1479//1479 1480//1480
f 1451//1451 1480//1480 1452//1452
f 1452//1452 1480//1480 1481//1481
f 1452//1452 1481//1481 1400//1400
f 1400//1400 1481//1481 1482//1482
f 1400//1400 1482//1482 1399//1399
f 1399//1399 1482//1482 1483//1483
f 1399//1399 1483//1483 1401//1401
f 1401//1401 1483//1483 1484//1484
f 1401//1401 1484//1484 1402//1402
f 1402//1402 1484//1484 1485//1485
f 1402//1402 1485//1485 1403//1403
f 1403//1403 1485//1485 1486//1486
f 1403//1403 1486//1486 1404//1404
f 1404//1404 1486//1486 1487//1487
f 1404//1404 1487//1487 1405//1405
f 1405//1405 1487//1487 1488//1488
f 1405//1405 1488//1488 1406//1406
f 1406//1406 1488//1488 1489//1489
f 1406//1406 1489//1489 1407//1407
f 1407//1407 1489//1489 1490//1490
f 1407//1407 1490//1490 1408//1408
f 1408//1408 1490//1490 1491//1491
f 1408//1408 1491//1491 1409//1409
f 1409//1409 1491//1491 1492//1492
f 1409//1409 1492//1492 1410//1410
f 1410//1410 1492//1492 1493//1493
f 1410//1410 1493//1493 1411//1411
f 1411//1411 1493//1493 1494//1494
f 1411//1411 1494//1494 1412//1412
f 1412//1412 1494//1494 1495//1495
f 1412//1412 1495//1495 1413//1413
f 1413//1413 1495//1495 1496//1496
f 1413//1413 1496//1496 1414//1414
f 1414//1414 1496//1496 1497//1497
f 1414//1414 1497//1497 1415//1415
f 1415//1415 1497//1497 1498//1498
f 1415//1415 1498//1498 1416//1416
f 1416//1416 1498//1498 1499//1499
f 1416//1416 1499//1499 1417//1417
f 1417//1417 1499//1499 1500//1500
f 1417//1417 1500//1500 1418//1418
f 1418//1418 1500//1500 1501//1501
f 1418//1418 1501//1501 1419//1419
f 1419//1419 1501//1501 1502//1502
f 1419//1419 1502//1502 1420//1420
f 1420//1420 1502//1502 1503//1503
f 1420//1420 1503//1503 1421//1421
f 1421//1421 1503//1503 1504//1504
f 1421//1421 1504//1504 1422//1422
f 1422//1422 1504//1504 1505//1505
f 1422//1422 1505//1505 1423//1423
f 1423//1423 1505//1505 1506//1506
f 1423//1423 1506//1506 1424//1424
f 1424//1424 1506//1506 1507//1507
f 1424//1424 1507//1507 1425//1425
f 1425//1425 1507//1507 1453//1453
f 1425//1425 1453//1453 1426//1426
f 1508//1508 1481//1481 1509//1509
f 1509//1509 1481//1481 1480//1480
f 1509//1509 1480//1480 1510//1510
f 1510//1510 1480//1480 1479//1479
f 1510//1510 1479//1479 1511//1511
f 1511//1511 1479//1479 1478//1478
f 1511//1511 1478//1478 1512//1512
f 1512//1512 1478//1478 1477//1477
f 1512//1512 1477//1477 1513//1513
f 1513//1513 1477//1477 1476//1476
f 1513//1513 1476//1476 1514//1514
f 1514//1514 1476//1476 1475//1475
f 1514//1514 1475//1475 1515//1515
f 1515//1515 1475//1475 1474//1474
f 1515//1515 1474//1474 1516//1516
f 1516//1516 1474//1474 1473//1473
f 1516//1516 1473//1473 1517//1517
f 1517//1517 1473//1473 1472//1472
f 1517//1517 1472//1472 1518//1518
f 1518//1518 1472//1472 1471//1471
f 1518//1518 1471//1471 1519//1519
f 1519//1519 1471//1471 1470//1470
f 1519//1519 1470//1470 1520//1520
f 1520//1520 1470//1470 1469//1469
f 1520//1520 1469//1469 1521//1521
f 1521//1521 1469//1469 1468//1468
f 1521//1521 1468//1468 1522//1522
f 1522//1522 1468//1468 1467//1467
f 1522//1522 1467//1467 1523//1523
f 1523//1523 1467//1467 1466//1466
f 1523//1523 1466//1466 1524//1524
f 1524//1524 1466//1466 1465//1465
f 1524//1524 1465//1465 1525//1525
f 1525//1525 1465//1465 1464//1464
f 1525//1525 1464//1464 1526//1526
f 1526//1526 1464//1464 1463//1463
f 1526//1526 1463//1463 1527//1527
f 1527//1527 1463//1463 1462//1462
f 1527//1527 1462//1462 1528//1528
f 1528//1528 1462//1462 1461//1461
f 1528//1528 1461//1461 1529//1529
f 1529//1529 1461//1461 1460//1460
f 1529//1529 1460//1460 1530//1530
f 1530//1530 1460//1460 1459//1459
f 1530//1530 1459//1459 1531//1531
f 1531//1531 1459//1459 1458//1458
f 1531//1531 1458//1458 1532//1532
f 1532//1532 1458//1458 1457//1457
f 1532//1532 1457//1457 1533//1533
f 1533//1533 1457//1457 1456//1456
f 1533//1533 1456//1456 1534//1534
f 1534//1534 1456//1456 1455//1455
f 1534//1534 1455//1455 1535//1535
f 1535//1535 1455//1455 1454//1454
f 1535//1535 1454//1454 1536//1536
f 1536//1536 1454//1454 1453//1453
f 1536//1536 1453//1453 1537//1537
f 1537//1537 1453//1453 1507//1507
f 1537//1537 1507//1507 1538//1538
f 1538//1538 1507//1507 1506//1506
f 1538//1538 1506//1506 1539//1539
f 1539//1539 1506//1506 1505//1505
f 1539//1539 1505//1505 1540//1540
f 1540//1540 1505//1505 1504//1504
f 1540//1540 1504//1504 1541//1541
f 1541//1541 1504//1504 1503//1503
f 1541//1541 1503//1503 1542//1542
f 1542//1542 1503//1503 1502//1502
f 1542//1542 1502//1502 1543//1543
f 1543//1543 1502//1502 1501//1501
f 1543//1543 1501//1501 1544//1544
f 1544//1544 1501//1501 1500//1500
f 1544//1544 1500//1500 1545//1545
f 1545//1545 1500//1500 1499//1499
f 1545//1545 1499//1499 1546//1546
f 1546//1546 1499//1499 1498//1498
f 1546//1546 1498//1498 1547//1547
f 1547//1547 1498//1498 1497//1497
f 1547//1547 1497//1497 1548//1548
f 1548//1548 1497//1497 1496//1496
f 1548//1548 1496//1496 1549//1549
f 1549//1549 1496//1496 1495//1495
f 1549//1549 1495//1495 1550//1550
f 1550//1550 1495//1495 1494//1494
f 1550//1550 1494//1494 1551//1551
f 1551//1551 1494//1494 1493//1493
f 1551//1551 1493//1493 1552//1552
f 1552//1552 1493//1493 1492//1492
f 1552//1552 1492//1492 1553//1553
f 1553//1553 1492//1492 1491//1491
f 1553//1553 1491//1491 1554//1554
f 1554//1554 1491//1491 1490//1490
f 1554//1554 1490//1490 1555//1555
f 1555//1555 1490//1490 1489//1489
f 1555//1555 1489//1489 1556//1556
f 1556//1556 1489//1489 1488//1488
f 1556//1556 1488//1488 1557//1557
f 1557//1557 1488//1488 1487//1487
f 1557//1557 1487//1487 1558//1558
f 1558//1558 1487//1487 1486//1486
f 1558//1558 1486//1486 1559//1559
f 1559//1559 1486//1486 1485//1485
f 1559//1559 1485//1485 1560//1560
f 1560//1560 1485//1485 1484//1484
f 1560//1560 1484//1484 1561//1561
f 1561//1561 1484//1484 1483//1483
f 1561//1561 1483//1483 1562//1562
f 1562//1562 1483//1483 1482//1482
f 1562//1562 1482//1482 1508//1508
f 1508//1508 1482//1482 1481//1481
f 1385//1385 1549//1549 1386//1386
f 1386//1386 1549//1549 1550//1550
f 1386//1386 1550//1550 1387//1387
f 1387//1387 1550//1550 1551//1551
f 1387//1387 1551//1551 1388//1388
f 1388//1388 1551//1551 1552//1552
f 1388//1388 1552//1552 1389//1389
f 1389//1389 1552//1552 1553//1553
f 1389//1389 1553//1553 1390//1390
f 1390//1390 1553//1553 1554//1554
f 1390//1390 1554//1554 1391//1391
f 1391//1391 1554//1554 1555//1555
f 1391//1391 1555//1555 1392//1392
f 1392//1392 1555//1555 1556//1556
f 1392//1392 1556//1556 1393//1393
f 1361//1361 1522//1522 1362//1362
f 1362//1362 1522//1522 1523//1523
f 1362//1362 1523//1523 1363//1363
f 1363//1363 1523//1523 1524//1524
f 1363//1363 1524//1524 1364//1364
f 1364//1364 1524//1524 1525//1525
f 1364//1364 1525//1525 1365//1365
f 1365//1365 1525//1525 1526//1526
f 1365//1365 1526//1526 1366//1366
f 1366//1366 1526//1526 1527//1527
f 1366//1366 1527//1527 1367//1367
f 1367//1367 1527//1527 1528//1528
f 1367//1367 1528//1528 1368//1368
f 1368//1368 1528//1528 1529//1529
f 1368//1368 1529//1529 1369//1369
f 1556//1556 1557//1557 1393//1393
f 1393//1393 1557//1557 1558//1558
f 1393//1393 1558//1558 1394//1394
f 1394//1394 1558//1558 1559//1559
f 1394//1394 1559//1559 1395//1395
f 1395//1395 1559//1559 1560//1560
f 1395//1395 1560//1560 1396//1396
f 1396//1396 1560//1560 1561//1561
f 1396//1396 1561//1561 1397//1397
f 1397//1397 1561//1561 1562//1562
f 1397//1397 1562//1562 1398//1398
f 1398//1398 1562//1562 1508//1508
f 1398//1398 1508//1508 1350//1350
f 1350//1350 1508//1508 1509//1509
f 1350//1350 1509//1509 1351//1351
f 1351//1351 1509//1509 1510//1510
f 1351//1351 1510//1510 1352//1352
f 1352//1352 1510//1510 1511//1511
f 1352//1352 1511//1511 1353//1353
f 1377//1377 1540//1540 1378//1378
f 1378//1378 1540//1540 1541//1541
f 1378//1378 1541//1541 1379//1379
f 1379//1379 1541//1541 1542//1542
f 1379//1379 1542//1542 1380//1380
f 1380//1380 1542//1542 1543//1543
f 1380//1380 1543//1543 1381//1381
f 1381//1381 1543//1543 1544//1544
f 1381//1381 1544//1544 1382//1382
f 1382//1382 1544//1544 1545//1545
f 1382//1382 1545//1545 1383//1383
f 1383//1383 1545//1545 1546//1546
f 1383//1383 1546//1546 1384//1384
f 1384//1384 1546//1546 1547//1547
f 1384//1384 1547//1547 1385//1385
f 1385//1385 1547//1547 1548//1548
f 1385//1385 1548//1548 1549//1549
f 1529//1529 1530//1530 1369//1369
f 1369//1369 1530//1530 1531//1531
f 1369//1369 1531//1531 1370//1370
f 1370//1370 1531//1531 1532//1532
f 1370//1370 1532//1532 1371//1371
f 1371//1371 1532//1532 1533//1533
f 1371//1371 1533//1533 1372//1372
f 1372//1372 1533//1533 1534//1534
f 1372//1372 1534//1534 1373//1373
f 1373//1373 1534//1534 1535//1535
f 1373//1373 1535//1535 1374//1374
f 1374//1374 1535//1535 1536//1536
f 1374//1374 1536//1536 1375//1375
f 1375//1375 1536//1536 1537//1537
f 1375//1375 1537//1537 1376//1376
f 1376//1376 1537//1537 1538//1538
f 1376//1376 1538//1538 1377//1377
f 1377//1377 1538//1538 1539//1539
f 1377//1377 1539//1539 1540//1540
f 1511//1511 1512//1512 1353//1353
f 1353//1353 1512//1512 1513//1513
f 1353//1353 1513//1513 1354//1354
f 1354//1354 1513//1513 1514//1514
f 1354//1354 1514//1514 1355//1355
f 1355//1355 1514//1514 1515//1515
f 1355//1355 1515//1515 1356//1356
f 1356//1356 1515//1515 1516//1516
f 1356//1356 1516//1516 1357//1357
f 1357//1357 1516//1516 1517//1517
f 1357//1357 1517//1517 1358//1358
f 1358//1358 1517//1517 1518//1518
f 1358//1358 1518//1518 1359//1359
f 1359//1359 1518//1518 1519//1519
f 1359//1359 1519//1519 1360//1360
f 1360//1360 1519//1519 1520//1520
f 1360//1360 1520//1520 1361//1361
f 1361//1361 1520//1520 1521//1521
f 1361//1361 1521//1521 1522//1522
f 1563//1563 1564//1564 1565//1565
f 1566//1566 1567//1567 1568//1568
f 1566//1566 1568//1568 1569//1569
f 1568//1568 1570//1570 1569//1569
f 1569//1569 1570//1570 1571//1571
f 1569//1569 1571//1571 1572//1572
f 1572//1572 1571//1571 1573//1573
f 1572//1572 1573//1573 1574//1574
f 1574//1574 1573//1573 1575//1575
f 1574//1574 1575//1575 1576//1576
f 1576//1576 1575//1575 1577//1577
f 1576//1576 1577//1577 1578//1578
f 1578//1578 1577//1577 1579//1579
f 1578//1578 1579//1579 1580//1580
f 1580//1580 1579//1579 1581//1581
f 1580//1580 1581//1581 1582//1582
f 1582//1582 1581//1581 1583//1583
f 1582//1582 1583//1583 1584//1584
f 1584//1584 1583//1583 1585//1585
f 1584//1584 1585//1585 1586//1586
f 1586//1586 1585//1585 1587//1587
f 1586//1586 1587//1587 1588//1588
f 1588//1588 1587//1587 1589//1589
f 1588//1588 1589//1589 1590//1590
f 1590//1590 1589//1589 1591//1591
f 1590//1590 1591//1591 1592//1592
f 1592//1592 1591//1591 1593//1593
f 1592//1592 1593//1593 1594//1594
f 1594//1594 1593//1593 1595//1595
f 1593//1593 1596//1596 1595//1595
f 1595//1595 1596//1596 1597//1597
f 1595//1595 1597//1597 1598//1598
f 1598//1598 1597//1597 1599//1599
f 1598//1598 1599//1599 1600//1600
f 1600//1600 1599//1599 1601//1601
f 1600//1600 1601//1601 1602//1602
f 1602//1602 1601//1601 1603//1603
f 1602//1602 1603//1603 1604//1604
f 1604//1604 1603//1603 1605//1605
f 1604//1604 1605//1605 1606//1606
f 1606//1606 1605//1605 1607//1607
f 1606//1606 1607//1607 1608//1608
f 1608//1608 1607//1607 1609//1609
f 1608//1608 1609//1609 1610//1610
f 1610//1610 1609//1609 1611//1611
f 1610//1610 1611//1611 1612//1612
f 1612//1612 1611//1611 1613//1613
f 1612//1612 1613//1613 1614//1614
f 1614//1614 1613//1613 1615//1615
f 1614//1614 1615//1615 1616//1616
f 1616//1616 1615//1615 1617//1617
f 1616//1616 1617//1617 1618//1618
f 1618//1618 1617//1617 1619//1619
f 1618//1618 1619//1619 1620//1620
f 1620//1620 1619//1619 1621//1621
f 1620//1620 1621//1621 1622//1622
f 1622//1622 1621//1621 1623//1623
f 1622//1622 1623//1623 1624//1624
f 1624//1624 1623//1623 1625//1625
f 1624//1624 1625//1625 1626//1626
f 1626//1626 1625//1625 1627//1627
f 1626//1626 1627//1627 1628//1628
f 1628//1628 1627//1627 1629//1629
f 1628//1628 1629//1629 1630//1630
f 1630//1630 1629//1629 1631//1631
f 1630//1630 1631//1631 1632//1632
f 1632//1632 1631//1631 1633//1633
f 1632//1632 1633//1633 1634//1634
f 1634//1634 1633//1633 1635//1635
f 1634//1634 1635//1635 1636//1636
f 1636//1636 1635//1635 1637//1637
f 1636//1636 1637//1637 1638//1638
f 1638//1638 1637//1637 1639//1639
f 1638//1638 1639//1639 1640//1640
f 1640//1640 1639//1639 1641//1641
f 1640//1640 1641//1641 1642//1642
f 1642//1642 1641//1641 1643//1643
f 1642//1642 1643//1643 1644//1644
f 1644//1644 1643//1643 1645//1645
f 1644//1644 1645//1645 1646//1646
f 1647//1647 1648//1648 1649//1649
f 1649//1649 1648//1648 1650//1650
f 1649//1649 1650//1650 1651//1651
f 1651//1651 1650//1650 1646//1646
f 1651//1651 1646//1646 1652//1652
f 1652//1652 1646//1646 1645//1645
f 1653//1653 1654//1654 1655//1655
f 1655//1655 1654//1654 1656//1656
f 1655//1655 1656//1656 1657//1657
f 1657//1657 1656//1656 1658//1658
f 1657//1657 1658//1658 1659//1659
f 1659//1659 1658//1658 1660//1660
f 1659//1659 1660//1660 1661//1661
f 1661//1661 1660//1660 1647//1647
f 1661//1661 1647//1647 1662//1662
f 1662//1662 1647//1647 1649//1649
f 1663//1663 1664//1664 1665//1665
f 1665//1665 1664//1664 1666//1666
f 1665//1665 1666//1666 1667//1667
f 1667//1667 1666//1666 1668//1668
f 1667//1667 1668//1668 1669//1669
f 1669//1669 1668//1668 1653//1653
f 1669//1669 1653//1653 1670//1670
f 1670//1670 1653//1653 1655//1655
f 1671//1671 1672//1672 1673//1673
f 1673//1673 1672//1672 1674//1674
f 1671//1671 1675//1675 1672//1672
f 1672//1672 1675//1675 1676//1676
f 1672//1672 1676//1676 1677//1677
f 1677//1677 1676//1676 1678//1678
f 1677//1677 1678//1678 1663//1663
f 1663//1663 1678//1678 1679//1679
f 1663//1663 1679//1679 1664//1664
f 1674//1674 1680//1680 1673//1673
f 1673//1673 1680//1680 1681//1681
f 1673//1673 1681//1681 1682//1682
f 1682//1682 1681//1681 1683//1683
f 1682//1682 1683//1683 1684//1684
f 1684//1684 1683//1683 1685//1685
f 1684//1684 1685//1685 1686//1686
f 1565//1565 1564//1564 1687//1687
f 1685//1685 1688//1688 1686//1686
f 1686//1686 1688//1688 1689//1689
f 1686//1686 1689//1689 1690//1690
f 1690//1690 1689//1689 1691//1691
f 1690//1690 1691//1691 1692//1692
f 1692//1692 1691//1691 1687//1687
f 1692//1692 1687//1687 1693//1693
f 1693//1693 1687//1687 1564//1564
f 1565//1565 1694//1694 1563//1563
f 1563//1563 1694//1694 1695//1695
f 1563//1563 1695//1695 1696//1696
f 1696//1696 1695//1695 1697//1697
f 1696//1696 1697//1697 1698//1698
f 1698//1698 1697//1697 1699//1699
f 1698//1698 1699//1699 1700//1700
f 1700//1700 1699//1699 1701//1701
f 1700//1700 1701//1701 1702//1702
f 1703//1703 1704//1704 1705//1705
f 1705//1705 1704//1704 1706//1706
f 1705//1705 1706//1706 1707//1707
f 1702//1702 1701//1701 1708//1708
f 1708//1708 1701//1701 1709//1709
f 1708//1708 1709//1709 1710//1710
f 1710//1710 1709//1709 1711//1711
f 1710//1710 1711//1711 1703//1703
f 1703//1703 1711//1711 1712//1712
f 1703//1703 1712//1712 1704//1704
f 1707//1707 1706//1706 1713//1713
f 1713//1713 1706//1706 1714//1714
f 1713//1713 1714//1714 1715//1715
f 1715//1715 1714//1714 1716//1716
f 1715//1715 1716//1716 1717//1717
f 1716//1716 1718//1718 1717//1717
f 1717//1717 1718//1718 1719//1719
f 1717//1717 1719//1719 1720//1720
f 1720//1720 1719//1719 1721//1721
f 1720//1720 1721//1721 1722//1722
f 1722//1722 1721//1721 1723//1723
f 1566//1566 1724//1724 1567//1567
f 1567//1567 1724//1724 1725//1725
f 1567//1567 1725//1725 1726//1726
f 1726//1726 1725//1725 1727//1727
f 1726//1726 1727//1727 1728//1728
f 1728//1728 1727//1727 1729//1729
f 1728//1728 1729//1729 1730//1730
f 1730//1730 1729//1729 1731//1731
f 1730//1730 1731//1731 1732//1732
f 1732//1732 1731//1731 1733//1733
f 1732//1732 1733//1733 1734//1734
f 1734//1734 1733//1733 1735//1735
f 1734//1734 1735//1735 1736//1736
f 1736//1736 1735//1735 1737//1737
f 1736//1736 1737//1737 1738//1738
f 1738//1738 1737//1737 1739//1739
f 1738//1738 1739//1739 1740//1740
f 1740//1740 1739//1739 1741//1741
f 1740//1740 1741//1741 1742//1742
f 1742//1742 1741//1741 1743//1743
f 1742//1742 1743//1743 1744//1744
f 1744//1744 1743//1743 1745//1745
f 1744//1744 1745//1745 1746//1746
f 1746//1746 1745//1745 1747//1747
f 1746//1746 1747//1747 1748//1748
f 1748//1748 1747//1747 1749//1749
f 1748//1748 1749//1749 1750//1750
f 1750//1750 1749//1749 1751//1751
f 1750//1750 1751//1751 1752//1752
f 1752//1752 1751//1751 1753//1753
f 1752//1752 1753//1753 1754//1754
f 1754//1754 1753//1753 1755//1755
f 1754//1754 1755//1755 1756//1756
f 1756//1756 1755//1755 1757//1757
f 1756//1756 1757//1757 1758//1758
f 1758//1758 1757//1757 1759//1759
f 1758//1758 1759//1759 1760//1760
f 1760//1760 1759//1759 1761//1761
f 1760//1760 1761//1761 1762//1762
f 1762//1762 1761//1761 1763//1763
f 1762//1762 1763//1763 1764//1764
f 1764//1764 1763//1763 1765//1765
f 1764//1764 1765//1765 1766//1766
f 1766//1766 1765//1765 1767//1767
f 1766//1766 1767//1767 1768//1768
f 1768//1768 1767//1767 1769//1769
f 1768//1768 1769//1769 1770//1770
f 1770//1770 1769//1769 1771//1771
f 1770//1770 1771//1771 1772//1772
f 1772//1772 1771//1771 1773//1773
f 1772//1772 1773//1773 1774//1774
f 1774//1774 1773//1773 1775//1775
f 1774//1774 1775//1775 1776//1776
f 1776//1776 1775//1775 1777//1777
f 1776//1776 1777//1777 1778//1778
f 1778//1778 1777//1777 1779//1779
f 1778//1778 1779//1779 1780//1780
f 1780//1780 1779//1779 1781//1781
f 1780//1780 1781//1781 1723//1723
f 1723//1723 1781//1781 1782//1782
f 1723//1723 1782//1782 1722//1722
f 1783//1783 1784//1784 1785//1785
f 1786//1786 1787//1787 1788//1788
f 1783//1783 1785//1785 1789//1789
f 1789//1789 1785//1785 1790//1790
f 1789//1789 1790//1790 1788//1788
f 1788//1788 1790//1790 1791//1791
f 1788//1788 1791//1791 1786//1786
f 1786//1786 1792//1792 1787//1787
f 1787//1787 1792//1792 1793//1793
f 1787//1787 1793//1793 1794//1794
f 1794//1794 1793//1793 1795//1795
f 1794//1794 1795//1795 1796//1796
f 1795//1795 1797//1797 1796//1796
f 1796//1796 1797//1797 1798//1798
f 1796//1796 1798//1798 1799//1799
f 1799//1799 1798//1798 1800//1800
f 1799//1799 1800//1800 1801//1801
f 1801//1801 1800//1800 1802//1802
f 1803//1803 1804//1804 1805//1805
f 1802//1802 1806//1806 1801//1801
f 1801//1801 1806//1806 1807//1807
f 1801//1801 1807//1807 1808//1808
f 1808//1808 1807//1807 1809//1809
f 1808//1808 1809//1809 1805//1805
f 1805//1805 1809//1809 1810//1810
f 1805//1805 1810//1810 1803//1803
f 1803//1803 1811//1811 1804//1804
f 1804//1804 1811//1811 1812//1812
f 1804//1804 1812//1812 1813//1813
f 1813//1813 1812//1812 1814//1814
f 1813//1813 1814//1814 1815//1815
f 1814//1814 1816//1816 1815//1815
f 1815//1815 1816//1816 1817//1817
f 1815//1815 1817//1817 1818//1818
f 1818//1818 1817//1817 1819//1819
f 1818//1818 1819//1819 1820//1820
f 1820//1820 1819//1819 1821//1821
f 1822//1822 1823//1823 1824//1824
f 1821//1821 1825//1825 1820//1820
f 1820//1820 1825//1825 1826//1826
f 1820//1820 1826//1826 1827//1827
f 1827//1827 1826//1826 1828//1828
f 1827//1827 1828//1828 1824//1824
f 1824//1824 1828//1828 1829//1829
f 1824//1824 1829//1829 1822//1822
f 1830//1830 1831//1831 1832//1832
f 1822//1822 1833//1833 1823//1823
f 1823//1823 1833//1833 1834//1834
f 1823//1823 1834//1834 1835//1835
f 1835//1835 1834//1834 1836//1836
f 1835//1835 1836//1836 1832//1832
f 1832//1832 1836//1836 1837//1837
f 1832//1832 1837//1837 1830//1830
f 1830//1830 1838//1838 1831//1831
f 1831//1831 1838//1838 1839//1839
f 1831//1831 1839//1839 1840//1840
f 1840//1840 1839//1839 1841//1841
f 1840//1840 1841//1841 1842//1842
f 1841//1841 1843//1843 1842//1842
f 1842//1842 1843//1843 1844//1844
f 1842//1842 1844//1844 1845//1845
f 1845//1845 1844//1844 1846//1846
f 1845//1845 1846//1846 1847//1847
f 1847//1847 1846//1846 1848//1848
f 1849//1849 1850//1850 1851//1851
f 1848//1848 1852//1852 1847//1847
f 1847//1847 1852//1852 1853//1853
f 1847//1847 1853//1853 1854//1854
f 1854//1854 1853//1853 1855//1855
f 1854//1854 1855//1855 1851//1851
f 1851//1851 1855//1855 1856//1856
f 1851//1851 1856//1856 1849//1849
f 1849//1849 1857//1857 1850//1850
f 1850//1850 1857//1857 1858//1858
f 1850//1850 1858//1858 1859//1859
f 1859//1859 1858//1858 1860//1860
f 1859//1859 1860//1860 1861//1861
f 1860//1860 1862//1862 1861//1861
f 1861//1861 1862//1862 1863//1863
f 1861//1861 1863//1863 1864//1864
f 1864//1864 1863//1863 1865//1865
f 1864//1864 1865//1865 1866//1866
f 1866//1866 1865//1865 1867//1867
f 1868//1868 1869//1869 1870//1870
f 1867//1867 1871//1871 1866//1866
f 1866//1866 1871//1871 1872//1872
f 1866//1866 1872//1872 1873//1873
f 1873//1873 1872//1872 1874//1874
f 1873//1873 1874//1874 1870//1870
f 1870//1870 1874//1874 1875//1875
f 1870//1870 1875//1875 1868//1868
f 1876//1876 1877//1877 1878//1878
f 1868//1868 1879//1879 1869//1869
f 1869//1869 1879//1879 1880//1880
f 1869//1869 1880//1880 1881//1881
f 1881//1881 1880//1880 1882//1882
f 1881//1881 1882//1882 1878//1878
f 1878//1878 1882//1882 1883//1883
f 1878//1878 1883//1883 1876//1876
f 1876//1876 1884//1884 1877//1877
f 1877//1877 1884//1884 1885//1885
f 1877//1877 1885//1885 1886//1886
f 1886//1886 1885//1885 1887//1887
f 1886//1886 1887//1887 1888//1888
f 1888//1888 1887//1887 1889//1889
f 1888//1888 1889//1889 1890//1890
f 1890//1890 1889//1889 1891//1891
f 1890//1890 1891//1891 1892//1892
f 1892//1892 1891//1891 1893//1893
f 1894//1894 1895//1895 1896//1896
f 1893//1893 1897//1897 1892//1892
f 1892//1892 1897//1897 1898//1898
f 1892//1892 1898//1898 1899//1899
f 1899//1899 1898//1898 1900//1900
f 1899//1899 1900//1900 1896//1896
f 1896//1896 1900//1900 1901//1901
f 1896//1896 1901//1901 1894//1894
f 1894//1894 1902//1902 1895//1895
f 1895//1895 1902//1902 1903//1903
f 1895//1895 1903//1903 1904//1904
f 1904//1904 1903//1903 1905//1905
f 1904//1904 1905//1905 1906//1906
f 1905//1905 1907//1907 1906//1906
f 1906//1906 1907//1907 1908//1908
f 1906//1906 1908//1908 1909//1909
f 1909//1909 1908//1908 1910//1910
f 1909//1909 1910//1910 1911//1911
f 1911//1911 1910//1910 1912//1912
f 1913//1913 1914//1914 1915//1915
f 1912//1912 1916//1916 1911//1911
f 1911//1911 1916//1916 1917//1917
f 1911//1911 1917//1917 1918//1918
f 1918//1918 1917//1917 1919//1919
f 1918//1918 1919//1919 1915//1915
f 1915//1915 1919//1919 1920//1920
f 1915//1915 1920//1920 1913//1913
f 1913//1913 1921//1921 1914//1914
f 1914//1914 1921//1921 1922//1922
f 1914//1914 1922//1922 1923//1923
f 1923//1923 1922//1922 1924//1924
f 1923//1923 1924//1924 1925//1925
f 1924//1924 1926//1926 1925//1925
f 1925//1925 1926//1926 1927//1927
f 1925//1925 1927//1927 1928//1928
f 1928//1928 1927//1927 1929//1929
f 1928//1928 1929//1929 1930//1930
f 1930//1930 1929//1929 1931//1931
f 1932//1932 1933//1933 1934//1934
f 1931//1931 1935//1935 1930//1930
f 1930//1930 1935//1935 1936//1936
f 1930//1930 1936//1936 1937//1937
f 1937//1937 1936//1936 1938//1938
f 1937//1937 1938//1938 1934//1934
f 1934//1934 1938//1938 1939//1939
f 1934//1934 1939//1939 1932//1932
f 1940//1940 1941//1941 1942//1942
f 1932//1932 1943//1943 1933//1933
f 1933//1933 1943//1943 1944//1944
f 1933//1933 1944//1944 1945//1945
f 1945//1945 1944//1944 1946//1946
f 1945//1945 1946//1946 1942//1942
f 1942//1942 1946//1946 1947//1947
f 1942//1942 1947//1947 1940//1940
f 1940//1940 1948//1948 1941//1941
f 1941//1941 1948//1948 1949//1949
f 1941//1941 1949//1949 1950//1950
f 1950//1950 1949//1949 1951//1951
f 1950//1950 1951//1951 1952//1952
f 1951//1951 1953//1953 1952//1952
f 1952//1952 1953//1953 1954//1954
f 1952//1952 1954//1954 1955//1955
f 1955//1955 1954//1954 1956//1956
f 1955//1955 1956//1956 1957//1957
f 1957//1957 1956//1956 1958//1958
f 1959//1959 1960//1960 1961//1961
f 1958//1958 1962//1962 1957//1957
f 1957//1957 1962//1962 1963//1963
f 1957//1957 1963//1963 1964//1964
f 1964//1964 1963//1963 1965//1965
f 1964//1964 1965//1965 1961//1961
f 1961//1961 1965//1965 1966//1966
f 1961//1961 1966//1966 1959//1959
f 1959//1959 1967//1967 1960//1960
f 1960//1960 1967//1967 1968//1968
f 1960//1960 1968//1968 1969//1969
f 1969//1969 1968//1968 1970//1970
f 1969//1969 1970//1970 1971//1971
f 1970//1970 1972//1972 1971//1971
f 1971//1971 1972//1972 1973//1973
f 1971//1971 1973//1973 1974//1974
f 1974//1974 1973//1973 1975//1975
f 1974//1974 1975//1975 1976//1976
f 1976//1976 1975//1975 1977//1977
f 1978//1978 1979//1979 1980//1980
f 1977//1977 1981//1981 1976//1976
f 1976//1976 1981//1981 1982//1982
f 1976//1976 1982//1982 1983//1983
f 1983//1983 1982//1982 1984//1984
f 1983//1983 1984//1984 1980//1980
f 1980//1980 1984//1984 1985//1985
f 1980//1980 1985//1985 1978//1978
f 1986//1986 1987//1987 1988//1988
f 1978//1978 1989//1989 1979//1979
f 1979//1979 1989//1989 1990//1990
f 1979//1979 1990//1990 1991//1991
f 1991//1991 1990//1990 1992//1992
f 1991//1991 1992//1992 1988//1988
f 1988//1988 1992//1992 1993//1993
f 1988//1988 1993//1993 1986//1986
f 1986//1986 1994//1994 1987//1987
f 1987//1987 1994//1994 1995//1995
f 1987//1987 1995//1995 1996//1996
f 1996//1996 1995//1995 1997//1997
f 1996//1996 1997//1997 1998//1998
f 1998//1998 1997//1997 1999//1999
f 1998//1998 1999//1999 2000//2000
f 2000//2000 1999//1999 2001//2001
f 2000//2000 2001//2001 1783//1783
f 1783//1783 2001//2001 2002//2002
f 1783//1783 2002//2002 1784//1784
f 1996//1996 2003//2003 1987//1987
f 1987//1987 2003//2003 2004//2004
f 1987//1987 2004//2004 1988//1988
f 1988//1988 2004//2004 2005//2005
f 1988//1988 2005//2005 1991//1991
f 1991//1991 2005//2005 2006//2006
f 1991//1991 2006//2006 1979//1979
f 1979//1979 2006//2006 2007//2007
f 1979//1979 2007//2007 1980//1980
f 1980//1980 2007//2007 2008//2008
f 1980//1980 2008//2008 1983//1983
f 1983//1983 2008//2008 2009//2009
f 1983//1983 2009//2009 1976//1976
f 1976//1976 2009//2009 2010//2010
f 1976//1976 2010//2010 1974//1974
f 1974//1974 2010//2010 2011//2011
f 1974//1974 2011//2011 1971//1971
f 1971//1971 2011//2011 2012//2012
f 1971//1971 2012//2012 1969//1969
f 1969//1969 2012//2012 2013//2013
f 1969//1969 2013//2013 1960//1960
f 1960//1960 2013//2013 2014//2014
f 1960//1960 2014//2014 1961//1961
f 1961//1961 2014//2014 2015//2015
f 1961//1961 2015//2015 1964//1964
f 1964//1964 2015//2015 2016//2016
f 1964//1964 2016//2016 1957//1957
f 1957//1957 2016//2016 2017//2017
f 1957//1957 2017//2017 1955//1955
f 1955//1955 2017//2017 2018//2018
f 1955//1955 2018//2018 1952//1952
f 1952//1952 2018//2018 2019//2019
f 1952//1952 2019//2019 1950//1950
f 1950//1950 2019//2019 2020//2020
f 1950//1950 2020//2020 1941//1941
f 1941//1941 2020//2020 2021//2021
f 1941//1941 2021//2021 1942//1942
f 1942//1942 2021//2021 2022//2022
f 1942//1942 2022//2022 1945//1945
f 1945//1945 2022//2022 2023//2023
f 1945//1945 2023//2023 1933//1933
f 1933//1933 2023//2023 2024//2024
f 1933//1933 2024//2024 1934//1934
f 1934//1934 2024//2024 2025//2025
f 1934//1934 2025//2025 1937//1937
f 1937//1937 2025//2025 2026//2026
f 1937//1937 2026//2026 1930//1930
f 1930//1930 2026//2026 2027//2027
f 1930//1930 2027//2027 1928//1928
f 1928//1928 2027//2027 2028//2028
f 1928//1928 2028//2028 1925//1925
f 1925//1925 2028//2028 2029//2029
f 1925//1925 2029//2029 1923//1923
f 1923//1923 2029//2029 2030//2030
f 1923//1923 2030//2030 1914//1914
f 1914//1914 2030//2030 2031//2031
f 1914//1914 2031//2031 1915//1915
f 1915//1915 2031//2031 2032//2032
f 1915//1915 2032//2032 1918//1918
f 1918//1918 2032//2032 2033//2033
f 1918//1918 2033//2033 1911//1911
f 1911//1911 2033//2033 2034//2034
f 1911//1911 2034//2034 1909//1909
f 1909//1909 2034//2034 2035//2035
f 1909//1909 2035//2035 1906//1906
f 1906//1906 2035//2035 2036//2036
f 1906//1906 2036//2036 1904//1904
f 1904//1904 2036//2036 2037//2037
f 1904//1904 2037//2037 1895//1895
f 1895//1895 2037//2037 2038//2038
f 1895//1895 2038//2038 1896//1896
f 1896//1896 2038//2038 2039//2039
f 1896//1896 2039//2039 1899//1899
f 1899//1899 2039//2039 2040//2040
f 1899//1899 2040//2040 1892//1892
f 1892//1892 2040//2040 2041//2041
f 1892//1892 2041//2041 1890//1890
f 1890//1890 2041//2041 2042//2042
f 1890//1890 2042//2042 1888//1888
f 1888//1888 2042//2042 2043//2043
f 1888//1888 2043//2043 1886//1886
f 1886//1886 2043//2043 2044//2044
f 1886//1886 2044//2044 1877//1877
f 1877//1877 2044//2044 2045//2045
f 1877//1877 2045//2045 1878//1878
f 1878//1878 2045//2045 2046//2046
f 1878//1878 2046//2046 1881//1881
f 1881//1881 2046//2046 2047//2047
f 1881//1881 2047//2047 1869//1869
f 1869//1869 2047//2047 2048//2048
f 1869//1869 2048//2048 1870//1870
f 1870//1870 2048//2048 2049//2049
f 1870//1870 2049//2049 1873//1873
f 1873//1873 2049//2049 2050//2050
f 1873//1873 2050//2050 1866//1866
f 1866//1866 2050//2050 2051//2051
f 1866//1866 2051//2051 1864//1864
f 1864//1864 2051//2051 2052//2052
f 1864//1864 2052//2052 1861//1861
f 1861//1861 2052//2052 2053//2053
f 1861//1861 2053//2053 1859//1859
f 1859//1859 2053//2053 2054//2054
f 1859//1859 2054//2054 1850//1850
f 1850//1850 2054//2054 2055//2055
f 1850//1850 2055//2055 1851//1851
f 1851//1851 2055//2055 2056//2056
f 1851//1851 2056//2056 1854//1854
f 1854//1854 2056//2056 2057//2057
f 1854//1854 2057//2057 1847//1847
f 1847//1847 2057//2057 2058//2058
f 1847//1847 2058//2058 1845//1845
f 1845//1845 2058//2058 2059//2059
f 1845//1845 2059//2059 1842//1842
f 1842//1842 2059//2059 2060//2060
f 1842//1842 2060//2060 1840//1840
f 1840//1840 2060//2060 2061//2061
f 1840//1840 2061//2061 1831//1831
f 1831//1831 2061//2061 2062//2062
f 1831//1831 2062//2062 1832//1832
f 1832//1832 2062//2062 2063//2063
f 1832//1832 2063//2063 1835//1835
f 1835//1835 2063//2063 2064//2064
f 1835//1835 2064//2064 1823//1823
f 1823//1823 2064//2064 2065//2065
f 1823//1823 2065//2065 1824//1824
f 1824//1824 2065//2065 2066//2066
f 1824//1824 2066//2066 1827//1827
f 1827//1827 2066//2066 2067//2067
f 1827//1827 2067//2067 1820//1820
f 1820//1820 2067//2067 2068//2068
f 1820//1820 2068//2068 1818//1818
f 1818//1818 2068//2068 2069//2069
f 1818//1818 2069//2069 1815//1815
f 1815//1815 2069//2069 2070//2070
f 1815//1815 2070//2070 1813//1813
f 1813//1813 2070//2070 2071//2071
f 1813//1813 2071//2071 1804//1804
f 1804//1804 2071//2071 2072//2072
f 1804//1804 2072//2072 1805//1805
f 1805//1805 2072//2072 2073//2073
f 1805//1805 2073//2073 1808//1808
f 1808//1808 2073//2073 2074//2074
f 1808//1808 2074//2074 1801//1801
f 1801//1801 2074//2074 2075//2075
f 1801//1801 2075//2075 1799//1799
f 1799//1799 2075//2075 2076//2076
f 1799//1799 2076//2076 1796//1796
f 1796//1796 2076//2076 2077//2077
f 1796//1796 2077//2077 1794//1794
f 1794//1794 2077//2077 2078//2078
f 1794//1794 2078//2078 1787//1787
f 1787//1787 2078//2078 2079//2079
f 1787//1787 2079//2079 1788//1788
f 1788//1788 2079//2079 2080//2080
f 1788//1788 2080//2080 1789//1789
f 1789//1789 2080//2080 2081//2081
f 1789//1789 2081//2081 1783//1783
f 1783//1783 2081//2081 2082//2082
f 1783//1783 2082//2082 2000//2000
f 2000//2000 2082//2082 2083//2083
f 2000//2000 2083//2083 1998//1998
f 1998//1998 2083//2083 2084//2084
f 1998//1998 2084//2084 1996//1996
f 1996//1996 2084//2084 2003//2003
f 2084//2084 2085//2085 2003//2003
f 2003//2003 2085//2085 2086//2086
f 2003//2003 2086//2086 2004//2004
f 2004//2004 2086//2086 2087//2087
f 2004//2004 2087//2087 2005//2005
f 2005//2005 2087//2087 2088//2088
f 2005//2005 2088//2088 2006//2006
f 2006//2006 2088//2088 2089//2089
f 2006//2006 2089//2089 2007//2007
f 2007//2007 2089//2089 2090//2090
f 2007//2007 2090//2090 2008//2008
f 2008//2008 2090//2090 2091//2091
f 2008//2008 2091//2091 2009//2009
f 2009//2009 2091//2091 2092//2092
f 2009//2009 2092//2092 2010//2010
f 2010//2010 2092//2092 2093//2093
f 2010//2010 2093//2093 2011//2011
f 2011//2011 2093//2093 2094//2094
f 2011//2011 2094//2094 2012//2012
f 2012//2012 2094//2094 2095//2095
f 2012//2012 2095//2095 2013//2013
f 2013//2013 2095//2095 2096//2096
f 2013//2013 2096//2096 2014//2014
f 2014//2014 2096//2096 2097//2097
f 2014//2014 2097//2097 2015//2015
f 2015//2015 2097//2097 2098//2098
f 2015//2015 2098//2098 2016//2016
f 2016//2016 2098//2098 2099//2099
f 2016//2016 2099//2099 2017//2017
f 2017//2017 2099//2099 2100//2100
f 2017//2017 2100//2100 2018//2018
f 2018//2018 2100//2100 2101//2101
f 2018//2018 2101//2101 2019//2019
f 2019//2019 2101//2101 2102//2102
f 2019//2019 2102//2102 2020//2020
f 2020//2020 2102//2102 2103//2103
f 2020//2020 2103//2103 2021//2021
f 2021//2021 2103//2103 2104//2104
f 2021//2021 2104//2104 2022//2022
f 2022//2022 2104//2104 2105//2105
f 2022//2022 2105//2105 2023//2023
f 2023//2023 2105//2105 2106//2106
f 2023//2023 2106//2106 2024//2024
f 2024//2024 2106//2106 2107//2107
f 2024//2024 2107//2107 2025//2025
f 2025//2025 2107//2107 2108//2108
f 2025//2025 2108//2108 2026//2026
f 2026//2026 2108//2108 2109//2109
f 2026//2026 2109//2109 2027//2027
f 2027//2027 2109//2109 2110//2110
f 2027//2027 2110//2110 2028//2028
f 2028//2028 2110//2110 2111//2111
f 2028//2028 2111//2111 2029//2029
f 2029//2029 2111//2111 2112//2112
f 2029//2029 2112//2112 2030//2030
f 2030//2030 2112//2112 2113//2113
f 2030//2030 2113//2113 2031//2031
f 2031//2031 2113//2113 2114//2114
f 2031//2031 2114//2114 2032//2032
f 2032//2032 2114//2114 2115//2115
f 2032//2032 2115//2115 2033//2033
f 2033//2033 2115//2115 2116//2116
f 2033//2033 2116//2116 2034//2034
f 2034//2034 2116//2116 2117//2117
f 2034//2034 2117//2117 2035//2035
f 2035//2035 2117//2117 2118//2118
f 2035//2035 2118//2118 2036//2036
f 2036//2036 2118//2118 2119//2119
f 2036//2036 2119//2119 2037//2037
f 2037//2037 2119//2119 2120//2120
f 2037//2037 2120//2120 2038//2038
f 2038//2038 2120//2120 2121//2121
f 2038//2038 2121//2121 2039//2039
f 2039//2039 2121//2121 2122//2122
f 2039//2039 2122//2122 2040//2040
f 2040//2040 2122//2122 2123//2123
f 2040//2040 2123//2123 2041//2041
f 2041//2041 2123//2123 2124//2124
f 2041//2041 2124//2124 2042//2042
f 2042//2042 2124//2124 2125//2125
f 2042//2042 2125//2125 2043//2043
f 2043//2043 2125//2125 2126//2126
f 2043//2043 2126//2126 2044//2044
f 2044//2044 2126//2126 2127//2127
f 2044//2044 2127//2127 2045//2045
f 2045//2045 2127//2127 2128//2128
f 2045//2045 2128//2128 2046//2046
f 2046//2046 2128//2128 2129//2129
f 2046//2046 2129//2129 2047//2047
f 2047//2047 2129//2129 2130//2130
f 2047//2047 2130//2130 2048//2048
f 2048//2048 2130//2130 2131//2131
f 2048//2048 2131//2131 2049//2049
f 2049//2049 2131//2131 2132//2132
f 2049//2049 2132//2132 2050//2050
f 2050//2050 2132//2132 2133//2133
f 2050//2050 2133//2133 2051//2051
f 2051//2051 2133//2133 2134//2134
f 2051//2051 2134//2134 2052//2052
f 2052//2052 2134//2134 2135//2135
f 2052//2052 2135//2135 2053//2053
f 2053//2053 2135//2135 2136//2136
f 2053//2053 2136//2136 2054//2054
f 2054//2054 2136//2136 2137//2137
f 2054//2054 2137//2137 2055//2055
f 2055//2055 2137//2137 2138//2138
f 2055//2055 2138//2138 2056//2056
f 2056//2056 2138//2138 2139//2139
f 2056//2056 2139//2139 2057//2057
f 2057//2057 2139//2139 2140//2140
f 2057//2057 2140//2140 2058//2058
f 2058//2058 2140//2140 2141//2141
f 2058//2058 2141//2141 2059//2059
f 2059//2059 2141//2141 2142//2142
f 2059//2059 2142//2142 2060//2060
f 2060//2060 2142//2142 2143//2143
f 2060//2060 2143//2143 2061//2061
f 2061//2061 2143//2143 2144//2144
f 2061//2061 2144//2144 2062//2062
f 2062//2062 2144//2144 2145//2145
f 2062//2062 2145//2145 2063//2063
f 2063//2063 2145//2145 2146//2146
f 2063//2063 2146//2146 2064//2064
f 2064//2064 2146//2146 2147//2147
f 2064//2064 2147//2147 2065//2065
f 2065//2065 2147//2147 2148//2148
f 2065//2065 2148//2148 2066//2066
f 2066//2066 2148//2148 2149//2149
f 2066//2066 2149//2149 2067//2067
f 2067//2067 2149//2149 2150//2150
f 2067//2067 2150//2150 2068//2068
f 2068//2068 2150//2150 2151//2151
f 2068//2068 2151//2151 2069//2069
f 2069//2069 2151//2151 2152//2152
f 2069//2069 2152//2152 2070//2070
f 2070//2070 2152//2152 2153//2153
f 2070//2070 2153//2153 2071//2071
f 2071//2071 2153//2153 2154//2154
f 2071//2071 2154//2154 2072//2072
f 2072//2072 2154//2154 2155//2155
f 2072//2072 2155//2155 2073//2073
f 2073//2073 2155//2155 2156//2156
f 2073//2073 2156//2156 2074//2074
f 2074//2074 2156//2156 2157//2157
f 2074//2074 2157//2157 2075//2075
f 2075//2075 2157//2157 2158//2158
f 2075//2075 2158//2158 2076//2076
f 2076//2076 2158//2158 2159//2159
f 2076//2076 2159//2159 2077//2077
f 2077//2077 2159//2159 2160//2160
f 2077//2077 2160//2160 2078//2078
f 2078//2078 2160//2160 2161//2161
f 2078//2078 2161//2161 2079//2079
f 2079//2079 2161//2161 2162//2162
f 2079//2079 2162//2162 2080//2080
f 2080//2080 2162//2162 2163//2163
f 2080//2080 2163//2163 2081//2081
f 2081//2081 2163//2163 2164//2164
f 2081//2081 2164//2164 2082//2082
f 2082//2082 2164//2164 2165//2165
f 2082//2082 2165//2165 2083//2083
f 2083//2083 2165//2165 2166//2166
f 2083//2083 2166//2166 2084//2084
f 2084//2084 2166//2166 2085//2085
f 2166//2166 2167//2167 2085//2085
f 2085//2085 2167//2167 2168//2168
f 2085//2085 2168//2168 2086//2086
f 2086//2086 2168//2168 2169//2169
f 2086//2086 2169//2169 2087//2087
f 2087//2087 2169//2169 2170//2170
f 2087//2087 2170//2170 2088//2088
f 2088//2088 2170//2170 2171//2171
f 2088//2088 2171//2171 2089//2089
f 2089//2089 2171//2171 2172//2172
f 2089//2089 2172//2172 2090//2090
f 2090//2090 2172//2172 2173//2173
f 2090//2090 2173//2173 2091//2091
f 2091//2091 2173//2173 2174//2174
f 2091//2091 2174//2174 2092//2092
f 2092//2092 2174//2174 2175//2175
f 2092//2092 2175//2175 2093//2093
f 2093//2093 2175//2175 2176//2176
f 2093//2093 2176//2176 2094//2094
f 2094//2094 2176//2176 2177//2177
f 2094//2094 2177//2177 2095//2095
f 2095//2095 2177//2177 2178//2178
f 2095//2095 2178//2178 2096//2096
f 2096//2096 2178//2178 2179//2179
f 2096//2096 2179//2179 2097//2097
f 2097//2097 2179//2179 2180//2180
f 2097//2097 2180//2180 2098//2098
f 2098//2098 2180//2180 2181//2181
f 2098//2098 2181//2181 2099//2099
f 2099//2099 2181//2181 2182//2182
f 2099//2099 2182//2182 2100//2100
f 2100//2100 2182//2182 2183//2183
f 2100//2100 2183//2183 2101//2101
f 2101//2101 2183//2183 2184//2184
f 2101//2101 2184//2184 2102//2102
f 2102//2102 2184//2184 2185//2185
f 2102//2102 2185//2185 2103//2103
f 2103//2103 2185//2185 2186//2186
f 2103//2103 2186//2186 2104//2104
f 2104//2104 2186//2186 2187//2187
f 2104//2104 2187//2187 2105//2105
f 2105//2105 2187//2187 2188//2188
f 2105//2105 2188//2188 2106//2106
f 2106//2106 2188//2188 2189//2189
f 2106//2106 2189//2189 2107//2107
f 2107//2107 2189//2189 2190//2190
f 2107//2107 2190//2190 2108//2108
f 2108//2108 2190//2190 2191//2191
f 2108//2108 2191//2191 2109//2109
f 2109//2109 2191//2191 2192//2192
f 2109//2109 2192//2192 2110//2110
f 2110//2110 2192//2192 2193//2193
f 2110//2110 2193//2193 2111//2111
f 2111//2111 2193//2193 2194//2194
f 2111//2111 2194//2194 2112//2112
f 2112//2112 2194//2194 2195//2195
f 2112//2112 2195//2195 2113//2113
f 2113//2113 2195//2195 2196//2196
f 2113//2113 2196//2196 2114//2114
f 2114//2114 2196//2196 2197//2197
f 2114//2114 2197//2197 2115//2115
f 2115//2115 2197//2197 2198//2198
f 2115//2115 2198//2198 2116//2116
f 2116//2116 2198//2198 2199//2199
f 2116//2116 2199//2199 2117//2117
f 2117//2117 2199//2199 2200//2200
f 2117//2117 2200//2200 2118//2118
f 2118//2118 2200//2200 2201//2201
f 2118//2118 2201//2201 2119//2119
f 2119//2119 2201//2201 2202//2202
f 2119//2119 2202//2202 2120//2120
f 2120//2120 2202//2202 2203//2203
f 2120//2120 2203//2203 2121//2121
f 2121//2121 2203//2203 2204//2204
f 2121//2121 2204//2204 2122//2122
f 2122//2122 2204//2204 2205//2205
f 2122//2122 2205//2205 2123//2123
f 2123//2123 2205//2205 2206//2206
f 2123//2123 2206//2206 2124//2124
f 2124//2124 2206//2206 2207//2207
f 2124//2124 2207//2207 2125//2125
f 2125//2125 2207//2207 2208//2208
f 2125//2125 2208//2208 2126//2126
f 2126//2126 2208//2208 2209//2209
f 2126//2126 2209//2209 2127//2127
f 2127//2127 2209//2209 2210//2210
f 2127//2127 2210//2210 2128//2128
f 2128//2128 2210//2210 2211//2211
f 2128//2128 2211//2211 2129//2129
f 2129//2129 2211//2211 2212//2212
f 2129//2129 2212//2212 2130//2130
f 2130//2130 2212//2212 2213//2213
f 2130//2130 2213//2213 2131//2131
f 2131//2131 2213//2213 2214//2214
f 2131//2131 2214//2214 2132//2132
f 2132//2132 2214//2214 2215//2215
f 2132//2132 2215//2215 2133//2133
f 2133//2133 2215//2215 2216//2216
f 2133//2133 2216//2216 2134//2134
f 2134//2134 2216//2216 2217//2217
f 2134//2134 2217//2217 2135//2135
f 2135//2135 2217//2217 2218//2218
f 2135//2135 2218//2218 2136//2136
f 2136//2136 2218//2218 2219//2219
f 2136//2136 2219//2219 2137//2137
f 2137//2137 2219//2219 2220//2220
f 2137//2137 2220//2220 2138//2138
f 2138//2138 2220//2220 2221//2221
f 2138//2138 2221//2221 2139//2139
f 2139//2139 2221//2221 2222//2222
f 2139//2139 2222//2222 2140//2140
f 2140//2140 2222//2222 2223//2223
f 2140//2140 2223//2223 2141//2141
f 2141//2141 2223//2223 2224//2224
f 2141//2141 2224//2224 2142//2142
f 2142//2142 2224//2224 2225//2225
f 2142//2142 2225//2225 2143//2143
f 2143//2143 2225//2225 2226//2226
f 2143//2143 2226//2226 2144//2144
f 2144//2144 2226//2226 2227//2227
f 2144//2144 2227//2227 2145//2145
f 2145//2145 2227//2227 2228//2228
f 2145//2145 2228//2228 2146//2146
f 2146//2146 2228//2228 2229//2229
f 2146//2146 2229//2229 2147//2147
f 2147//2147 2229//2229 2230//2230
f 2147//2147 2230//2230 2148//2148
f 2148//2148 2230//2230 2231//2231
f 2148//2148 2231//2231 2149//2149
f 2149//2149 2231//2231 2232//2232
f 2149//2149 2232//2232 2150//2150
f 2150//2150 2232//2232 2233//2233
f 2150//2150 2233//2233 2151//2151
f 2151//2151 2233//2233 2234//2234
f 2151//2151 2234//2234 2152//2152
f 2152//2152 2234//2234 2235//2235
f 2152//2152 2235//2235 2153//2153
f 2153//2153 2235//2235 2236//2236
f 2153//2153 2236//2236 2154//2154
f 2154//2154 2236//2236 2237//2237
f 2154//2154 2237//2237 2155//2155
f 2155//2155 2237//2237 2238//2238
f 2155//2155 2238//2238 2156//2156
f 2156//2156 2238//2238 2239//2239
f 2156//2156 2239//2239 2157//2157
f 2157//2157 2239//2239 2240//2240
f 2157//2157 2240//2240 2158//2158
f 2158//2158 2240//2240 2241//2241
f 2158//2158 2241//2241 2159//2159
f 2159//2159 2241//2241 2242//2242
f 2159//2159 2242//2242 2160//2160
f 2160//2160 2242//2242 2243//2243
f 2160//2160 2243//2243 2161//2161
f 2161//2161 2243//2243 2244//2244
f 2161//2161 2244//2244 2162//2162
f 2162//2162 2244//2244 2245//2245
f 2162//2162 2245//2245 2163//2163
f 2163//2163 2245//2245 2246//2246
f 2163//2163 2246//2246 2164//2164
f 2164//2164 2246//2246 2247//2247
f 2164//2164 2247//2247 2165//2165
f 2165//2165 2247//2247 2248//2248
f 2165//2165 2248//2248 2166//2166
f 2166//2166 2248//2248 2167//2167
f 2248//2248 2249//2249 2167//2167
f 2167//2167 2249//2249 2250//2250
f 2167//2167 2250//2250 2168//2168
f 2168//2168 2250//2250 2251//2251
f 2168//2168 2251//2251 2169//2169
f 2169//2169 2251//2251 2252//2252
f 2169//2169 2252//2252 2170//2170
f 2170//2170 2252//2252 2253//2253
f 2170//2170 2253//2253 2171//2171
f 2171//2171 2253//2253 2254//2254
f 2171//2171 2254//2254 2172//2172
f 2172//2172 2254//2254 2255//2255
f 2172//2172 2255//2255 2173//2173
f 2173//2173 2255//2255 2256//2256
f 2173//2173 2256//2256 2174//2174
f 2174//2174 2256//2256 2257//2257
f 2174//2174 2257//2257 2175//2175
f 2175//2175 2257//2257 2258//2258
f 2175//2175 2258//2258 2176//2176
f 2176//2176 2258//2258 2259//2259
f 2176//2176 2259//2259 2177//2177
f 2177//2177 2259//2259 2260//2260
f 2177//2177 2260//2260 2178//2178
f 2178//2178 2260//2260 2261//2261
f 2178//2178 2261//2261 2179//2179
f 2179//2179 2261//2261 2262//2262
f 2179//2179 2262//2262 2180//2180
f 2180//2180 2262//2262 2263//2263
f 2180//2180 2263//2263 2181//2181
f 2181//2181 2263//2263 2264//2264
f 2181//2181 2264//2264 2182//2182
f 2182//2182 2264//2264 2265//2265
f 2182//2182 2265//2265 2183//2183
f 2183//2183 2265//2265 2266//2266
f 2183//2183 2266//2266 2184//2184
f 2184//2184 2266//2266 2267//2267
f 2184//2184 2267//2267 2185//2185
f 2185//2185 2267//2267 2268//2268
f 2185//2185 2268//2268 2186//2186
f 2186//2186 2268//2268 2269//2269
f 2186//2186 2269//2269 2187//2187
f 2187//2187 2269//2269 2270//2270
f 2187//2187 2270//2270 2188//2188
f 2188//2188 2270//2270 2271//2271
f 2188//2188 2271//2271 2189//2189
f 2189//2189 2271//2271 2272//2272
f 2189//2189 2272//2272 2190//2190
f 2190//2190 2272//2272 2273//2273
f 2190//2190 2273//2273 2191//2191
f 2191//2191 2273//2273 2274//2274
f 2191//2191 2274//2274 2192//2192
f 2192//2192 2274//2274 2275//2275
f 2192//2192 2275//2275 2193//2193
f 2193//2193 2275//2275 2276//2276
f 2193//2193 2276//2276 2194//2194
f 2194//2194 2276//2276 2277//2277
f 2194//2194 2277//2277 2195//2195
f 2195//2195 2277//2277 2278//2278
f 2195//2195 2278//2278 2196//2196
f 2196//2196 2278//2278 2279//2279
f 2196//2196 2279//2279 2197//2197
f 2197//2197 2279//2279 2280//2280
f 2197//2197 2280//2280 2198//2198
f 2198//2198 2280//2280 2281//2281
f 2198//2198 2281//2281 2199//2199
f 2199//2199 2281//2281 2282//2282
f 2199//2199 2282//2282 2200//2200
f 2200//2200 2282//2282 2283//2283
f 2200//2200 2283//2283 2201//2201
f 2201//2201 2283//2283 2284//2284
f 2201//2201 2284//2284 2202//2202
f 2202//2202 2284//2284 2285//2285
f 2202//2202 2285//2285 2203//2203
f 2203//2203 2285//2285 2286//2286
f 2203//2203 2286//2286 2204//2204
f 2204//2204 2286//2286 2287//2287
f 2204//2204 2287//2287 2205//2205
f 2205//2205 2287//2287 2288//2288
f 2205//2205 2288//2288 2206//2206
f 2206//2206 2288//2288 2289//2289
f 2206//2206 2289//2289 2207//2207
f 2207//2207 2289//2289 2290//2290
f 2207//2207 2290//2290 2208//2208
f 2208//2208 2290//2290 2291//2291
f 2208//2208 2291//2291 2209//2209
f 2209//2209 2291//2291 2292//2292
f 2209//2209 2292//2292 2210//2210
f 2210//2210 2292//2292 2293//2293
f 2210//2210 2293//2293 2211//2211
f 2211//2211 2293//2293 2294//2294
f 2211//2211 2294//2294 2212//2212
f 2212//2212 2294//2294 2295//2295
f 2212//2212 2295//2295 2213//2213
f 2213//2213 2295//2295 2296//2296
f 2213//2213 2296//2296 2214//2214
f 2214//2214 2296//2296 2297//2297
f 2214//2214 2297//2297 2215//2215
f 2215//2215 2297//2297 2298//2298
f 2215//2215 2298//2298 2216//2216
f 2216//2216 2298//2298 2299//2299
f 2216//2216 2299//2299 2217//2217
f 2217//2217 2299//2299 2300//2300
f 2217//2217 2300//2300 2218//2218
f 2218//2218 2300//2300 2301//2301
f 2218//2218 2301//2301 2219//2219
f 2219//2219 2301//2301 2302//2302
f 2219//2219 2302//2302 2220//2220
f 2220//2220 2302//2302 2303//2303
f 2220//2220 2303//2303 2221//2221
f 2221//2221 2303//2303 2304//2304
f 2221//2221 2304//2304 2222//2222
f 2222//2222 2304//2304 2305//2305
f 2222//2222 2305//2305 2223//2223
f 2223//2223 2305//2305 2306//2306
f 2223//2223 2306//2306 2224//2224
f 2224//2224 2306//2306 2307//2307
f 2224//2224 2307//2307 2225//2225
f 2225//2225 2307//2307 2308//2308
f 2225//2225 2308//2308 2226//2226
f 2226//2226 2308//2308 2309//2309
f 2226//2226 2309//2309 2227//2227
f 2227//2227 2309//2309 2310//2310
f 2227//2227 2310//2310 2228//2228
f 2228//2228 2310//2310 2311//2311
f 2228//2228 2311//2311 2229//2229
f 2229//2229 2311//2311 2312//2312
f 2229//2229 2312//2312 2230//2230
f 2230//2230 2312//2312 2313//2313
f 2230//2230 2313//2313 2231//2231
f 2231//2231 2313//2313 2314//2314
f 2231//2231 2314//2314 2232//2232
f 2232//2232 2314//2314 2315//2315
f 2232//2232 2315//2315 2233//2233
f 2233//2233 2315//2315 2316//2316
f 2233//2233 2316//2316 2234//2234
f 2234//2234 2316//2316 2317//2317
f 2234//2234 2317//2317 2235//2235
f 2235//2235 2317//2317 2318//2318
f 2235//2235 2318//2318 2236//2236
f 2236//2236 2318//2318 2319//2319
f 2236//2236 2319//2319 2237//2237
f 2237//2237 2319//2319 2320//2320
f 2237//2237 2320//2320 2238//2238
f 2238//2238 2320//2320 2321//2321
f 2238//2238 2321//2321 2239//2239
f 2239//2239 2321//2321 2322//2322
f 2239//2239 2322//2322 2240//2240
f 2240//2240 2322//2322 2323//2323
f 2240//2240 2323//2323 2241//2241
f 2241//2241 2323//2323 2324//2324
f 2241//2241 2324//2324 2242//2242
f 2242//2242 2324//2324 2325//2325
f 2242//2242 2325//2325 2243//2243
f 2243//2243 2325//2325 2326//2326
f 2243//2243 2326//2326 2244//2244
f 2244//2244 2326//2326 2327//2327
f 2244//2244 2327//2327 2245//2245
f 2245//2245 2327//2327 2328//2328
f 2245//2245 2328//2328 2246//2246
f 2246//2246 2328//2328 2329//2329
f 2246//2246 2329//2329 2247//2247
f 2247//2247 2329//2329 2330//2330
f 2247//2247 2330//2330 2248//2248
f 2248//2248 2330//2330 2249//2249
f 2330//2330 2331//2331 2249//2249
f 2249//2249 2331//2331 2332//2332
f 2249//2249 2332//2332 2250//2250
f 2250//2250 2332//2332 2333//2333
f 2250//2250 2333//2333 2251//2251
f 2251//2251 2333//2333 2334//2334
f 2251//2251 2334//2334 2252//2252
f 2252//2252 2334//2334 2335//2335
f 2252//2252 2335//2335 2253//2253
f 2253//2253 2335//2335 2336//2336
f 2253//2253 2336//2336 2254//2254
f 2254//2254 2336//2336 2337//2337
f 2254//2254 2337//2337 2255//2255
f 2255//2255 2337//2337 2338//2338
f 2255//2255 2338//2338 2256//2256
f 2256//2256 2338//2338 2339//2339
f 2256//2256 2339//2339 2257//2257
f 2257//2257 2339//2339 2340//2340
f 2257//2257 2340//2340 2258//2258
f 2258//2258 2340//2340 2341//2341
f 2258//2258 2341//2341 2259//2259
f 2259//2259 2341//2341 2342//2342
f 2259//2259 2342//2342 2260//2260
f 2260//2260 2342//2342 2343//2343
f 2260//2260 2343//2343 2261//2261
f 2261//2261 2343//2343 2344//2344
f 2261//2261 2344//2344 2262//2262
f 2262//2262 2344//2344 2345//2345
f 2262//2262 2345//2345 2263//2263
f 2263//2263 2345//2345 2346//2346
f 2263//2263 2346//2346 2264//2264
f 2264//2264 2346//2346 2347//2347
f 2264//2264 2347//2347 2265//2265
f 2265//2265 2347//2347 2348//2348
f 2265//2265 2348//2348 2266//2266
f 2266//2266 2348//2348 2349//2349
f 2266//2266 2349//2349 2267//2267
f 2267//2267 2349//2349 2350//2350
f 2267//2267 2350//2350 2268//2268
f 2268//2268 2350//2350 2351//2351
f 2268//2268 2351//2351 2269//2269
f 2269//2269 2351//2351 2352//2352
f 2269//2269 2352//2352 2270//2270
f 2270//2270 2352//2352 2353//2353
f 2270//2270 2353//2353 2271//2271
f 2271//2271 2353//2353 2354//2354
f 2271//2271 2354//2354 2272//2272
f 2272//2272 2354//2354 2355//2355
f 2272//2272 2355//2355 2273//2273
f 2273//2273 2355//2355 2356//2356
f 2273//2273 2356//2356 2274//2274
f 2274//2274 2356//2356 2357//2357
f 2274//2274 2357//2357 2275//2275
f 2275//2275 2357//2357 2358//2358
f 2275//2275 2358//2358 2276//2276
f 2276//2276 2358//2358 2359//2359
f 2276//2276 2359//2359 2277//2277
f 2277//2277 2359//2359 2360//2360
f 2277//2277 2360//2360 2278//2278
f 2278//2278 2360//2360 2361//2361
f 2278//2278 2361//2361 2279//2279
f 2279//2279 2361//2361 2362//2362
f 2279//2279 2362//2362 2280//2280
f 2280//2280 2362//2362 2363//2363
f 2280//2280 2363//2363 2281//2281
f 2281//2281 2363//2363 2364//2364
f 2281//2281 2364//2364 2282//2282
f 2282//2282 2364//2364 2365//2365
f 2282//2282 2365//2365 2283//2283
f 2283//2283 2365//2365 2366//2366
f 2283//2283 2366//2366 2284//2284
f 2284//2284 2366//2366 2367//2367
f 2284//2284 2367//2367 2285//2285
f 2285//2285 2367//2367 2368//2368
f 2285//2285 2368//2368 2286//2286
f 2286//2286 2368//2368 2369//2369
f 2286//2286 2369//2369 2287//2287
f 2287//2287 2369//2369 2370//2370
f 2287//2287 2370//2370 2288//2288
f 2288//2288 2370//2370 2371//2371
f 2288//2288 2371//2371 2289//2289
f 2289//2289 2371//2371 2372//2372
f 2289//2289 2372//2372 2290//2290
f 2290//2290 2372//2372 2373//2373
f 2290//2290 2373//2373 2291//2291
f 2291//2291 2373//2373 2374//2374
f 2291//2291 2374//2374 2292//2292
f 2292//2292 2374//2374 2375//2375
f 2292//2292 2375//2375 2293//2293
f 2293//2293 2375//2375 2376//2376
f 2293//2293 2376//2376 2294//2294
f 2294//2294 2376//2376 2377//2377
f 2294//2294 2377//2377 2295//2295
f 2295//2295 2377//2377 2378//2378
f 2295//2295 2378//2378 2296//2296
f 2296//2296 2378//2378 2379//2379
f 2296//2296 2379//2379 2297//2297
f 2297//2297 2379//2379 2380//2380
f 2297//2297 2380//2380 2298//2298
f 2298//2298 2380//2380 2381//2381
f 2298//2298 2381//2381 2299//2299
f 2299//2299 2381//2381 2382//2382
f 2299//2299 2382//2382 2300//2300
f 2300//2300 2382//2382 2383//2383
f 2300//2300 2383//2383 2301//2301
f 2301//2301 2383//2383 2384//2384
f 2301//2301 2384//2384 2302//2302
f 2302//2302 2384//2384 2385//2385
f 2302//2302 2385//2385 2303//2303
f 2303//2303 2385//2385 2386//2386
f 2303//2303 2386//2386 2304//2304
f 2304//2304 2386//2386 2387//2387
f 2304//2304 2387//2387 2305//2305
f 2305//2305 2387//2387 2388//2388
f 2305//2305 2388//2388 2306//2306
f 2306//2306 2388//2388 2389//2389
f 2306//2306 2389//2389 2307//2307
f 2307//2307 2389//2389 2390//2390
f 2307//2307 2390//2390 2308//2308
f 2308//2308 2390//2390 2391//2391
f 2308//2308 2391//2391 2309//2309
f 2309//2309 2391//2391 2392//2392
f 2309//2309 2392//2392 2310//2310
f 2310//2310 2392//2392 2393//2393
f 2310//2310 2393//2393 2311//2311
f 2311//2311 2393//2393 2394//2394
f 2311//2311 2394//2394 2312//2312
f 2312//2312 2394//2394 2395//2395
f 2312//2312 2395//2395 2313//2313
f 2313//2313 2395//2395 2396//2396
f 2313//2313 2396//2396 2314//2314
f 2314//2314 2396//2396 2397//2397
f 2314//2314 2397//2397 2315//2315
f 2315//2315 2397//2397 2398//2398
f 2315//2315 2398//2398 2316//2316
f 2316//2316 2398//2398 2399//2399
f 2316//2316 2399//2399 2317//2317
f 2317//2317 2399//2399 2400//2400
f 2317//2317 2400//2400 2318//2318
f 2318//2318 2400//2400 2401//2401
f 2318//2318 2401//2401 2319//2319
f 2319//2319 2401//2401 2402//2402
f 2319//2319 2402//2402 2320//2320
f 2320//2320 2402//2402 2403//2403
f 2320//2320 2403//2403 2321//2321
f 2321//2321 2403//2403 2404//2404
f 2321//2321 2404//2404 2322//2322
f 2322//2322 2404//2404 2405//2405
f 2322//2322 2405//2405 2323//2323
f 2323//2323 2405//2405 2406//2406
f 2323//2323 2406//2406 2324//2324
f 2324//2324 2406//2406 2407//2407
f 2324//2324 2407//2407 2325//2325
f 2325//2325 2407//2407 2408//2408
f 2325//2325 2408//2408 2326//2326
f 2326//2326 2408//2408 2409//2409
f 2326//2326 2409//2409 2327//2327
f 2327//2327 2409//2409 2410//2410
f 2327//2327 2410//2410 2328//2328
f 2328//2328 2410//2410 2411//2411
f 2328//2328 2411//2411 2329//2329
f 2329//2329 2411//2411 2412//2412
f 2329//2329 2412//2412 2330//2330
f 2330//2330 2412//2412 2331//2331
f 2412//2412 2413//2413 2331//2331
f 2331//2331 2413//2413 2414//2414
f 2331//2331 2414//2414 2332//2332
f 2332//2332 2414//2414 2415//2415
f 2332//2332 2415//2415 2333//2333
f 2333//2333 2415//2415 2416//2416
f 2333//2333 2416//2416 2334//2334
f 2334//2334 2416//2416 2417//2417
f 2334//2334 2417//2417 2335//2335
f 2335//2335 2417//2417 2418//2418
f 2335//2335 2418//2418 2336//2336
f 2336//2336 2418//2418 2419//2419
f 2336//2336 2419//2419 2337//2337
f 2337//2337 2419//2419 2420//2420
f 2337//2337 2420//2420 2338//2338
f 2338//2338 2420//2420 2421//2421
f 2338//2338 2421//2421 2339//2339
f 2339//2339 2421//2421 2422//2422
f 2339//2339 2422//2422 2340//2340
f 2340//2340 2422//2422 2423//2423
f 2340//2340 2423//2423 2341//2341
f 2341//2341 2423//2423 2424//2424
f 2341//2341 2424//2424 2342//2342
f 2342//2342 2424//2424 2425//2425
f 2342//2342 2425//2425 2343//2343
f 2343//2343 2425//2425 2426//2426
f 2343//2343 2426//2426 2344//2344
f 2344//2344 2426//2426 2427//2427
f 2344//2344 2427//2427 2345//2345
f 2345//2345 2427//2427 2428//2428
f 2345//2345 2428//2428 2346//2346
f 2346//2346 2428//2428 2429//2429
f 2346//2346 2429//2429 2347//2347
f 2347//2347 2429//2429 2430//2430
f 2347//2347 2430//2430 2348//2348
f 2348//2348 2430//2430 2431//2431
f 2348//2348 2431//2431 2349//2349
f 2349//2349 2431//2431 2432//2432
f 2349//2349 2432//2432 2350//2350
f 2350//2350 2432//2432 2433//2433
f 2350//2350 2433//2433 2351//2351
f 2351//2351 2433//2433 2434//2434
f 2351//2351 2434//2434 2352//2352
f 2352//2352 2434//2434 2435//2435
f 2352//2352 2435//2435 2353//2353
f 2353//2353 2435//2435 2436//2436
f 2353//2353 2436//2436 2354//2354
f 2354//2354 2436//2436 2437//2437
f 2354//2354 2437//2437 2355//2355
f 2355//2355 2437//2437 2438//2438
f 2355//2355 2438//2438 2356//2356
f 2356//2356 2438//2438 2439//2439
f 2356//2356 2439//2439 2357//2357
f 2357//2357 2439//2439 2440//2440
f 2357//2357 2440//2440 2358//2358
f 2358//2358 2440//2440 2441//2441
f 2358//2358 2441//2441 2359//2359
f 2359//2359 2441//2441 2442//2442
f 2359//2359 2442//2442 2360//2360
f 2360//2360 2442//2442 2443//2443
f 2360//2360 2443//2443 2361//2361
f 2361//2361 2443//2443 2444//2444
f 2361//2361 2444//2444 2362//2362
f 2362//2362 2444//2444 2445//2445
f 2362//2362 2445//2445 2363//2363
f 2363//2363 2445//2445 2446//2446
f 2363//2363 2446//2446 2364//2364
f 2364//2364 2446//2446 2447//2447
f 2364//2364 2447//2447 2365//2365
f 2365//2365 2447//2447 2448//2448
f 2365//2365 2448//2448 2366//2366
f 2366//2366 2448//2448 2449//2449
f 2366//2366 2449//2449 2367//2367
f 2367//2367 2449//2449 2450//2450
f 2367//2367 2450//2450 2368//2368
f 2368//2368 2450//2450 2451//2451
f 2368//2368 2451//2451 2369//2369
f 2369//2369 2451//2451 2452//2452
f 2369//2369 2452//2452 2370//2370
f 2370//2370 2452//2452 2453//2453
f 2370//2370 2453//2453 2371//2371
f 2371//2371 2453//2453 2454//2454
f 2371//2371 2454//2454 2372//2372
f 2372//2372 2454//2454 2455//2455
f 2372//2372 2455//2455 2373//2373
f 2373//2373 2455//2455 2456//2456
f 2373//2373 2456//2456 2374//2374
f 2374//2374 2456//2456 2457//2457
f 2374//2374 2457//2457 2375//2375
f 2375//2375 2457//2457 2458//2458
f 2375//2375 2458//2458 2376//2376
f 2376//2376 2458//2458 2459//2459
f 2376//2376 2459//2459 2377//2377
f 2377//2377 2459//2459 2460//2460
f 2377//2377 2460//2460 2378//2378
f 2378//2378 2460//2460 2461//2461
f 2378//2378 2461//2461 2379//2379
f 2379//2379 2461//2461 2462//2462
f 2379//2379 2462//2462 2380//2380
f 2380//2380 2462//2462 2463//2463
f 2380//2380 2463//2463 2381//2381
f 2381//2381 2463//2463 2464//2464
f 2381//2381 2464//2464 2382//2382
f 2382//2382 2464//2464 2465//2465
f 2382//2382 2465//2465 2383//2383
f 2383//2383 2465//2465 2466//2466
f 2383//2383 2466//2466 2384//2384
f 2384//2384 2466//2466 2467//2467
f 2384//2384 2467//2467 2385//2385
f 2385//2385 2467//2467 2468//2468
f 2385//2385 2468//2468 2386//2386
f 2386//2386 2468//2468 2469//2469
f 2386//2386 2469//2469 2387//2387
f 2387//2387 2469//2469 2470//2470
f 2387//2387 2470//2470 2388//2388
f 2388//2388 2470//2470 2471//2471
f 2388//2388 2471//2471 2389//2389
f 2389//2389 2471//2471 2472//2472
f 2389//2389 2472//2472 2390//2390
f 2390//2390 2472//2472 2473//2473
f 2390//2390 2473//2473 2391//2391
f 2391//2391 2473//2473 2474//2474
f 2391//2391 2474//2474 2392//2392
f 2392//2392 2474//2474 2475//2475
f 2392//2392 2475//2475 2393//2393
f 2393//2393 2475//2475 2476//2476
f 2393//2393 2476//2476 2394//2394
f 2394//2394 2476//2476 2477//2477
f 2394//2394 2477//2477 2395//2395
f 2395//2395 2477//2477 2478//2478
f 2395//2395 2478//2478 2396//2396
f 2396//2396 2478//2478 2479//2479
f 2396//2396 2479//2479 2397//2397
f 2397//2397 2479//2479 2480//2480
f 2397//2397 2480//2480 2398//2398
f 2398//2398 2480//2480 2481//2481
f 2398//2398 2481//2481 2399//2399
f 2399//2399 2481//2481 2482//2482
f 2399//2399 2482//2482 2400//2400
f 2400//2400 2482//2482 2483//2483
f 2400//2400 2483//2483 2401//2401
f 2401//2401 2483//2483 2484//2484
f 2401//2401 2484//2484 2402//2402
f 2402//2402 2484//2484 2485//2485
f 2402//2402 2485//2485 2403//2403
f 2403//2403 2485//2485 2486//2486
f 2403//2403 2486//2486 2404//2404
f 2404//2404 2486//2486 2487//2487
f 2404//2404 2487//2487 2405//2405
f 2405//2405 2487//2487 2488//2488
f 2405//2405 2488//2488 2406//2406
f 2406//2406 2488//2488 2489//2489
f 2406//2406 2489//2489 2407//2407
f 2407//2407 2489//2489 2490//2490
f 2407//2407 2490//2490 2408//2408
f 2408//2408 2490//2490 2491//2491
f 2408//2408 2491//2491 2409//2409
f 2409//2409 2491//2491 2492//2492
f 2409//2409 2492//2492 2410//2410
f 2410//2410 2492//2492 2493//2493
f 2410//2410 2493//2493 2411//2411
f 2411//2411 2493//2493 2494//2494
f 2411//2411 2494//2494 2412//2412
f 2412//2412 2494//2494 2413//2413
f 2494//2494 2495//2495 2413//2413
f 2413//2413 2495//2495 2496//2496
f 2413//2413 2496//2496 2414//2414
f 2414//2414 2496//2496 2497//2497
f 2414//2414 2497//2497 2415//2415
f 2415//2415 2497//2497 2498//2498
f 2415//2415 2498//2498 2416//2416
f 2416//2416 2498//2498 2499//2499
f 2416//2416 2499//2499 2417//2417
f 2417//2417 2499//2499 2500//2500
f 2417//2417 2500//2500 2418//2418
f 2418//2418 2500//2500 2501//2501
f 2418//2418 2501//2501 2419//2419
f 2419//2419 2501//2501 2502//2502
f 2419//2419 2502//2502 2420//2420
f 2420//2420 2502//2502 2503//2503
f 2420//2420 2503//2503 2421//2421
f 2421//2421 2503//2503 2504//2504
f 2421//2421 2504//2504 2422//2422
f 2422//2422 2504//2504 2505//2505
f 2422//2422 2505//2505 2423//2423
f 2423//2423 2505//2505 2506//2506
f 2423//2423 2506//2506 2424//2424
f 2424//2424 2506//2506 2507//2507
f 2424//2424 2507//2507 2425//2425
f 2425//2425 2507//2507 2508//2508
f 2425//2425 2508//2508 2426//2426
f 2426//2426 2508//2508 2509//2509
f 2426//2426 2509//2509 2427//2427
f 2427//2427 2509//2509 2510//2510
f 2427//2427 2510//2510 2428//2428
f 2428//2428 2510//2510 2511//2511
f 2428//2428 2511//2511 2429//2429
f 2429//2429 2511//2511 2512//2512
f 2429//2429 2512//2512 2430//2430
f 2430//2430 2512//2512 2513//2513
f 2430//2430 2513//2513 2431//2431
f 2431//2431 2513//2513 2514//2514
f 2431//2431 2514//2514 2432//2432
f 2432//2432 2514//2514 2515//2515
f 2432//2432 2515//2515 2433//2433
f 2433//2433 2515//2515 2516//2516
f 2433//2433 2516//2516 2434//2434
f 2434//2434 2516//2516 2517//2517
f 2434//2434 2517//2517 2435//2435
f 2435//2435 2517//2517 2518//2518
f 2435//2435 2518//2518 2436//2436
f 2436//2436 2518//2518 2519//2519
f 2436//2436 2519//2519 2437//2437
f 2437//2437 2519//2519 2520//2520
f 2437//2437 2520//2520 2438//2438
f 2438//2438 2520//2520 2521//2521
f 2438//2438 2521//2521 2439//2439
f 2439//2439 2521//2521 2522//2522
f 2439//2439 2522//2522 2440//2440
f 2440//2440 2522//2522 2523//2523
f 2440//2440 2523//2523 2441//2441
f 2441//2441 2523//2523 2524//2524
f 2441//2441 2524//2524 2442//2442
f 2442//2442 2524//2524 2525//2525
f 2442//2442 2525//2525 2443//2443
f 2443//2443 2525//2525 2526//2526
f 2443//2443 2526//2526 2444//2444
f 2444//2444 2526//2526 2527//2527
f 2444//2444 2527//2527 2445//2445
f 2445//2445 2527//2527 2528//2528
f 2445//2445 2528//2528 2446//2446
f 2446//2446 2528//2528 2529//2529
f 2446//2446 2529//2529 2447//2447
f 2447//2447 2529//2529 2530//2530
f 2447//2447 2530//2530 2448//2448
f 2448//2448 2530//2530 2531//2531
f 2448//2448 2531//2531 2449//2449
f 2449//2449 2531//2531 2532//2532
f 2449//2449 2532//2532 2450//2450
f 2450//2450 2532//2532 2533//2533
f 2450//2450 2533//2533 2451//2451
f 2451//2451 2533//2533 2534//2534
f 2451//2451 2534//2534 2452//2452
f 2452//2452 2534//2534 2535//2535
f 2452//2452 2535//2535 2453//2453
f 2453//2453 2535//2535 2536//2536
f 2453//2453 2536//2536 2454//2454
f 2454//2454 2536//2536 2537//2537
f 2454//2454 2537//2537 2455//2455
f 2455//2455 2537//2537 2538//2538
f 2455//2455 2538//2538 2456//2456
f 2456//2456 2538//2538 2539//2539
f 2456//2456 2539//2539 2457//2457
f 2457//2457 2539//2539 2540//2540
f 2457//2457 2540//2540 2458//2458
f 2458//2458 2540//2540 2541//2541
f 2458//2458 2541//2541 2459//2459
f 2459//2459 2541//2541 2542//2542
f 2459//2459 2542//2542 2460//2460
f 2460//2460 2542//2542 2543//2543
f 2460//2460 2543//2543 2461//2461
f 2461//2461 2543//2543 2544//2544
f 2461//2461 2544//2544 2462//2462
f 2462//2462 2544//2544 2545//2545
f 2462//2462 2545//2545 2463//2463
f 2463//2463 2545//2545 2546//2546
f 2463//2463 2546//2546 2464//2464
f 2464//2464 2546//2546 2547//2547
f 2464//2464 2547//2547 2465//2465
f 2465//2465 2547//2547 2548//2548
f 2465//2465 2548//2548 2466//2466
f 2466//2466 2548//2548 2549//2549
f 2466//2466 2549//2549 2467//2467
f 2467//2467 2549//2549 2550//2550
f 2467//2467 2550//2550 2468//2468
f 2468//2468 2550//2550 2551//2551
f 2468//2468 2551//2551 2469//2469
f 2469//2469 2551//2551 2552//2552
f 2469//2469 2552//2552 2470//2470
f 2470//2470 2552//2552 2553//2553
f 2470//2470 2553//2553 2471//2471
f 2471//2471 2553//2553 2554//2554
f 2471//2471 2554//2554 2472//2472
f 2472//2472 2554//2554 2555//2555
f 2472//2472 2555//2555 2473//2473
f 2473//2473 2555//2555 2556//2556
f 2473//2473 2556//2556 2474//2474
f 2474//2474 2556//2556 2557//2557
f 2474//2474 2557//2557 2475//2475
f 2475//2475 2557//2557 2558//2558
f 2475//2475 2558//2558 2476//2476
f 2476//2476 2558//2558 2559//2559
f 2476//2476 2559//2559 2477//2477
f 2477//2477 2559//2559 2560//2560
f 2477//2477 2560//2560 2478//2478
f 2478//2478 2560//2560 2561//2561
f 2478//2478 2561//2561 2479//2479
f 2479//2479 2561//2561 2562//2562
f 2479//2479 2562//2562 2480//2480
f 2480//2480 2562//2562 2563//2563
f 2480//2480 2563//2563 2481//2481
f 2481//2481 2563//2563 2564//2564
f 2481//2481 2564//2564 2482//2482
f 2482//2482 2564//2564 2565//2565
f 2482//2482 2565//2565 2483//2483
f 2483//2483 2565//2565 2566//2566
f 2483//2483 2566//2566 2484//2484
f 2484//2484 2566//2566 2567//2567
f 2484//2484 2567//2567 2485//2485
f 2485//2485 2567//2567 2568//2568
f 2485//2485 2568//2568 2486//2486
f 2486//2486 2568//2568 2569//2569
f 2486//2486 2569//2569 2487//2487
f 2487//2487 2569//2569 2570//2570
f 2487//2487 2570//2570 2488//2488
f 2488//2488 2570//2570 2571//2571
f 2488//2488 2571//2571 2489//2489
f 2489//2489 2571//2571 2572//2572
f 2489//2489 2572//2572 2490//2490
f 2490//2490 2572//2572 2573//2573
f 2490//2490 2573//2573 2491//2491
f 2491//2491 2573//2573 2574//2574
f 2491//2491 2574//2574 2492//2492
f 2492//2492 2574//2574 2575//2575
f 2492//2492 2575//2575 2493//2493
f 2493//2493 2575//2575 2576//2576
f 2493//2493 2576//2576 2494//2494
f 2494//2494 2576//2576 2495//2495
f 2576//2576 2577//2577 2495//2495
f 2495//2495 2577//2577 2578//2578
f 2495//2495 2578//2578 2496//2496
f 2496//2496 2578//2578 2579//2579
f 2496//2496 2579//2579 2497//2497
f 2497//2497 2579//2579 2580//2580
f 2497//2497 2580//2580 2498//2498
f 2498//2498 2580//2580 2581//2581
f 2498//2498 2581//2581 2499//2499
f 2499//2499 2581//2581 2582//2582
f 2499//2499 2582//2582 2500//2500
f 2500//2500 2582//2582 2583//2583
f 2500//2500 2583//2583 2501//2501
f 2501//2501 2583//2583 2584//2584
f 2501//2501 2584//2584 2502//2502
f 2502//2502 2584//2584 2585//2585
f 2502//2502 2585//2585 2503//2503
f 2503//2503 2585//2585 2586//2586
f 2503//2503 2586//2586 2504//2504
f 2504//2504 2586//2586 2587//2587
f 2504//2504 2587//2587 2505//2505
f 2505//2505 2587//2587 2588//2588
f 2505//2505 2588//2588 2506//2506
f 2506//2506 2588//2588 2589//2589
f 2506//2506 2589//2589 2507//2507
f 2507//2507 2589//2589 2590//2590
f 2507//2507 2590//2590 2508//2508
f 2508//2508 2590//2590 2591//2591
f 2508//2508 2591//2591 2509//2509
f 2509//2509 2591//2591 2592//2592
f 2509//2509 2592//2592 2510//2510
f 2510//2510 2592//2592 2593//2593
f 2510//2510 2593//2593 2511//2511
f 2511//2511 2593//2593 2594//2594
f 2511//2511 2594//2594 2512//2512
f 2512//2512 2594//2594 2595//2595
f 2512//2512 2595//2595 2513//2513
f 2513//2513 2595//2595 2596//2596
f 2513//2513 2596//2596 2514//2514
f 2514//2514 2596//2596 2597//2597
f 2514//2514 2597//2597 2515//2515
f 2515//2515 2597//2597 2598//2598
f 2515//2515 2598//2598 2516//2516
f 2516//2516 2598//2598 2599//2599
f 2516//2516 2599//2599 2517//2517
f 2517//2517 2599//2599 2600//2600
f 2517//2517 2600//2600 2518//2518
f 2518//2518 2600//2600 2601//2601
f 2518//2518 2601//2601 2519//2519
f 2519//2519 2601//2601 2602//2602
f 2519//2519 2602//2602 2520//2520
f 2520//2520 2602//2602 2603//2603
f 2520//2520 2603//2603 2521//2521
f 2521//2521 2603//2603 2604//2604
f 2521//2521 2604//2604 2522//2522
f 2522//2522 2604//2604 2605//2605
f 2522//2522 2605//2605 2523//2523
f 2523//2523 2605//2605 2606//2606
f 2523//2523 2606//2606 2524//2524
f 2524//2524 2606//2606 2607//2607
f 2524//2524 2607//2607 2525//2525
f 2525//2525 2607//2607 2608//2608
f 2525//2525 2608//2608 2526//2526
f 2526//2526 2608//2608 2609//2609
f 2526//2526 2609//2609 2527//2527
f 2527//2527 2609//2609 2610//2610
f 2527//2527 2610//2610 2528//2528
f 2528//2528 2610//2610 2611//2611
f 2528//2528 2611//2611 2529//2529
f 2529//2529 2611//2611 2612//2612
f 2529//2529 2612//2612 2530//2530
f 2530//2530 2612//2612 2613//2613
f 2530//2530 2613//2613 2531//2531
f 2531//2531 2613//2613 2614//2614
f 2531//2531 2614//2614 2532//2532
f 2532//2532 2614//2614 2615//2615
f 2532//2532 2615//2615 2533//2533
f 2533//2533 2615//2615 2616//2616
f 2533//2533 2616//2616 2534//2534
f 2534//2534 2616//2616 2617//2617
f 2534//2534 2617//2617 2535//2535
f 2535//2535 2617//2617 2618//2618
f 2535//2535 2618//2618 2536//2536
f 2536//2536 2618//2618 2619//2619
f 2536//2536 2619//2619 2537//2537
f 2537//2537 2619//2619 2620//2620
f 2537//2537 2620//2620 2538//2538
f 2538//2538 2620//2620 2621//2621
f 2538//2538 2621//2621 2539//2539
f 2539//2539 2621//2621 2622//2622
f 2539//2539 2622//2622 2540//2540
f 2540//2540 2622//2622 2623//2623
f 2540//2540 2623//2623 2541//2541
f 2541//2541 2623//2623 2624//2624
f 2541//2541 2624//2624 2542//2542
f 2542//2542 2624//2624 2625//2625
f 2542//2542 2625//2625 2543//2543
f 2543//2543 2625//2625 2626//2626
f 2543//2543 2626//2626 2544//2544
f 2544//2544 2626//2626 2627//2627
f 2544//2544 2627//2627 2545//2545
f 2545//2545 2627//2627 2628//2628
f 2545//2545 2628//2628 2546//2546
f 2546//2546 2628//2628 2629//2629
f 2546//2546 2629//2629 2547//2547
f 2547//2547 2629//2629 2630//2630
f 2547//2547 2630//2630 2548//2548
f 2548//2548 2630//2630 2631//2631
f 2548//2548 2631//2631 2549//2549
f 2549//2549 2631//2631 2632//2632
f 2549//2549 2632//2632 2550//2550
f 2550//2550 2632//2632 2633//2633
f 2550//2550 2633//2633 2551//2551
f 2551//2551 2633//2633 2634//2634
f 2551//2551 2634//2634 2552//2552
f 2552//2552 2634//2634 2635//2635
f 2552//2552 2635//2635 2553//2553
f 2553//2553 2635//2635 2636//2636
f 2553//2553 2636//2636 2554//2554
f 2554//2554 2636//2636 2637//2637
f 2554//2554 2637//2637 2555//2555
f 2555//2555 2637//2637 2638//2638
f 2555//2555 2638//2638 2556//2556
f 2556//2556 2638//2638 2639//2639
f 2556//2556 2639//2639 2557//2557
f 2557//2557 2639//2639 2640//2640
f 2557//2557 2640//2640 2558//2558
f 2558//2558 2640//2640 2641//2641
f 2558//2558 2641//2641 2559//2559
f 2559//2559 2641//2641 2642//2642
f 2559//2559 2642//2642 2560//2560
f 2560//2560 2642//2642 2643//2643
f 2560//2560 2643//2643 2561//2561
f 2561//2561 2643//2643 2644//2644
f 2561//2561 2644//2644 2562//2562
f 2562//2562 2644//2644 2645//2645
f 2562//2562 2645//2645 2563//2563
f 2563//2563 2645//2645 2646//2646
f 2563//2563 2646//2646 2564//2564
f 2564//2564 2646//2646 2647//2647
f 2564//2564 2647//2647 2565//2565
f 2565//2565 2647//2647 2648//2648
f 2565//2565 2648//2648 2566//2566
f 2566//2566 2648//2648 2649//2649
f 2566//2566 2649//2649 2567//2567
f 2567//2567 2649//2649 2650//2650
f 2567//2567 2650//2650 2568//2568
f 2568//2568 2650//2650 2651//2651
f 2568//2568 2651//2651 2569//2569
f 2569//2569 2651//2651 2652//2652
f 2569//2569 2652//2652 2570//2570
f 2570//2570 2652//2652 2653//2653
f 2570//2570 2653//2653 2571//2571
f 2571//2571 2653//2653 2654//2654
f 2571//2571 2654//2654 2572//2572
f 2572//2572 2654//2654 2655//2655
f 2572//2572 2655//2655 2573//2573
f 2573//2573 2655//2655 2656//2656
f 2573//2573 2656//2656 2574//2574
f 2574//2574 2656//2656 2657//2657
f 2574//2574 2657//2657 2575//2575
f 2575//2575 2657//2657 2658//2658
f 2575//2575 2658//2658 2576//2576
f 2576//2576 2658//2658 2577//2577
f 2659//2659 1756//1756 2660//2660
f 2660//2660 1756//1756 1758//1758
f 2660//2660 1758//1758 2661//2661
f 1758//1758 1760//1760 2661//2661
f 2661//2661 1760//1760 1762//1762
f 2661//2661 1762//1762 2662//2662
f 1762//1762 1764//1764 2662//2662
f 2662//2662 1764//1764 1766//1766
f 2662//2662 1766//1766 2663//2663
f 1766//1766 1768//1768 2663//2663
f 2663//2663 1768//1768 1770//1770
f 2663//2663 1770//1770 2664//2664
f 2664//2664 1770//1770 1772//1772
f 2664//2664 1772//1772 2665//2665
f 1772//1772 1774//1774 2665//2665
f 2665//2665 1774//1774 1776//1776
f 2665//2665 1776//1776 2666//2666
f 1776//1776 1778//1778 2666//2666
f 2666//2666 1778//1778 1780//1780
f 2666//2666 1780//1780 2667//2667
f 2667//2667 1780//1780 1723//1723
f 2667//2667 1723//1723 2668//2668
f 1723//1723 1721//1721 2668//2668
f 2668//2668 1721//1721 1719//1719
f 2668//2668 1719//1719 2669//2669
f 1719//1719 1718//1718 2669//2669
f 2669//2669 1718//1718 1716//1716
f 2669//2669 1716//1716 2670//2670
f 1716//1716 1714//1714 2670//2670
f 2670//2670 1714//1714 1706//1706
f 2670//2670 1706//1706 2671//2671
f 2671//2671 1706//1706 1704//1704
f 2671//2671 1704//1704 2672//2672
f 1704//1704 1712//1712 2672//2672
f 2672//2672 1712//1712 1711//1711
f 2672//2672 1711//1711 2673//2673
f 1711//1711 1709//1709 2673//2673
f 2673//2673 1709//1709 1701//1701
f 2673//2673 1701//1701 2674//2674
f 2674//2674 1701//1701 1699//1699
f 2674//2674 1699//1699 2675//2675
f 1699//1699 1697//1697 2675//2675
f 2675//2675 1697//1697 1695//1695
f 2675//2675 1695//1695 2676//2676
f 1695//1695 1694//1694 2676//2676
f 2676//2676 1694//1694 1565//1565
f 2676//2676 1565//1565 2677//2677
f 2677//2677 1565//1565 1687//1687
f 2677//2677 1687//1687 2678//2678
f 1687//1687 1691//1691 2678//2678
f 2678//2678 1691//1691 1689//1689
f 2678//2678 1689//1689 2679//2679
f 1689//1689 1688//1688 2679//2679
f 2679//2679 1688//1688 1685//1685
f 2679//2679 1685//1685 2680//2680
f 1685//1685 1683//1683 2680//2680
f 2680//2680 1683//1683 1681//1681
f 2680//2680 1681//1681 2681//2681
f 2681//2681 1681//1681 1680//1680
f 2681//2681 1680//1680 2682//2682
f 1680//1680 1674//1674 2682//2682
f 2682//2682 1674//1674 1672//1672
f 2682//2682 1672//1672 2683//2683
f 1672//1672 1677//1677 2683//2683
f 2683//2683 1677//1677 1663//1663
f 2683//2683 1663//1663 2684//2684
f 2684//2684 1663//1663 1665//1665
f 2684//2684 1665//1665 2685//2685
f 1665//1665 1667//1667 2685//2685
f 2685//2685 1667//1667 1669//1669
f 2685//2685 1669//1669 2686//2686
f 1669//1669 1670//1670 2686//2686
f 2686//2686 1670//1670 1655//1655
f 2686//2686 1655//1655 2687//2687
f 1655//1655 1657//1657 2687//2687
f 2687//2687 1657//1657 1659//1659
f 2687//2687 1659//1659 2688//2688
f 2688//2688 1659//1659 1661//1661
f 2688//2688 1661//1661 2689//2689
f 1661//1661 1662//1662 2689//2689
f 2689//2689 1662//1662 1649//1649
f 2689//2689 1649//1649 2690//2690
f 1649//1649 1651//1651 2690//2690
f 2690//2690 1651//1651 1652//1652
f 2690//2690 1652//1652 2691//2691
f 2691//2691 1652//1652 1645//1645
f 2691//2691 1645//1645 2692//2692
f 1645//1645 1643//1643 2692//2692
f 2692//2692 1643//1643 1641//1641
f 2692//2692 1641//1641 2693//2693
f 1641//1641 1639//1639 2693//2693
f 2693//2693 1639//1639 1637//1637
f 2693//2693 1637//1637 2694//2694
f 1637//1637 1635//1635 2694//2694
f 2694//2694 1635//1635 1633//1633
f 2694//2694 1633//1633 2695//2695
f 2695//2695 1633//1633 1631//1631
f 2695//2695 1631//1631 2696//2696
f 1623//1623 2697//2697 2698//2698
f 1631//1631 1629//1629 2696//2696
f 2696//2696 1629//1629 1627//1627
f 2696//2696 1627//1627 2698//2698
f 2698//2698 1627//1627 1625//1625
f 2698//2698 1625//1625 1623//1623
f 1623//1623 1621//1621 2697//2697
f 2697//2697 1621//1621 1619//1619
f 2697//2697 1619//1619 2699//2699
f 2699//2699 1619//1619 1617//1617
f 2699//2699 1617//1617 2700//2700
f 1617//1617 1615//1615 2700//2700
f 2700//2700 1615//1615 1613//1613
f 2700//2700 1613//1613 2701//2701
f 2701//2701 1613//1613 1611//1611
f 2701//2701 1611//1611 2702//2702
f 1611//1611 1609//1609 2702//2702
f 2702//2702 1609//1609 1607//1607
f 2702//2702 1607//1607 2703//2703
f 1607//1607 1605//1605 2703//2703
f 2703//2703 1605//1605 1603//1603
f 2703//2703 1603//1603 2704//2704
f 1603//1603 1601//1601 2704//2704
f 2704//2704 1601//1601 1599//1599
f 2704//2704 1599//1599 2705//2705
f 2705//2705 1599//1599 1597//1597
f 2705//2705 1597//1597 2706//2706
f 1597//1597 1596//1596 2706//2706
f 2706//2706 1596//1596 1593//1593
f 2706//2706 1593//1593 2707//2707
f 1593//1593 1591//1591 2707//2707
f 2707//2707 1591//1591 1589//1589
f 2707//2707 1589//1589 2708//2708
f 2708//2708 1589//1589 1587//1587
f 2708//2708 1587//1587 2709//2709
f 1587//1587 1585//1585 2709//2709
f 2709//2709 1585//1585 1583//1583
f 2709//2709 1583//1583 2710//2710
f 1583//1583 1581//1581 2710//2710
f 2710//2710 1581//1581 1579//1579
f 2710//2710 1579//1579 2711//2711
f 1579//1579 1577//1577 2711//2711
f 2711//2711 1577//1577 1575//1575
f 2711//2711 1575//1575 2712//2712
f 2712//2712 1575//1575 1573//1573
f 2712//2712 1573//1573 2713//2713
f 1573//1573 1571//1571 2713//2713
f 2713//2713 1571//1571 1570//1570
f 2713//2713 1570//1570 2714//2714
f 1570//1570 1568//1568 2714//2714
f 2714//2714 1568//1568 1567//1567
f 2714//2714 1567//1567 2715//2715
f 2715//2715 1567//1567 1726//1726
f 2715//2715 1726//1726 2716//2716
f 1726//1726 1728//1728 2716//2716
f 2716//2716 1728//1728 1730//1730
f 2716//2716 1730//1730 2717//2717
f 1730//1730 1732//1732 2717//2717
f 2717//2717 1732//1732 1734//1734
f 2717//2717 1734//1734 2718//2718
f 1734//1734 1736//1736 2718//2718
f 2718//2718 1736//1736 1738//1738
f 2718//2718 1738//1738 2719//2719
f 2719//2719 1738//1738 1740//1740
f 2719//2719 1740//1740 2720//2720
f 1740//1740 1742//1742 2720//2720
f 2720//2720 1742//1742 1744//1744
f 2720//2720 1744//1744 2721//2721
f 1744//1744 1746//1746 2721//2721
f 2721//2721 1746//1746 1748//1748
f 2721//2721 1748//1748 2722//2722
f 2722//2722 1748//1748 1750//1750
f 2722//2722 1750//1750 2723//2723
f 2723//2723 1750//1750 1752//1752
f 2723//2723 1752//1752 2659//2659
f 2659//2659 1752//1752 1754//1754
f 2659//2659 1754//1754 1756//1756
f 2722//2722 2724//2724 2721//2721
f 2721//2721 2724//2724 2725//2725
f 2721//2721 2725//2725 2720//2720
f 2720//2720 2725//2725 2726//2726
f 2720//2720 2726//2726 2719//2719
f 2719//2719 2726//2726 2727//2727
f 2719//2719 2727//2727 2718//2718
f 2718//2718 2727//2727 2728//2728
f 2718//2718 2728//2728 2717//2717
f 2717//2717 2728//2728 2729//2729
f 2717//2717 2729//2729 2716//2716
f 2716//2716 2729//2729 2730//2730
f 2716//2716 2730//2730 2715//2715
f 2715//2715 2730//2730 2731//2731
f 2715//2715 2731//2731 2714//2714
f 2714//2714 2731//2731 2732//2732
f 2714//2714 2732//2732 2713//2713
f 2713//2713 2732//2732 2733//2733
f 2713//2713 2733//2733 2712//2712
f 2712//2712 2733//2733 2734//2734
f 2712//2712 2734//2734 2711//2711
f 2711//2711 2734//2734 2735//2735
f 2711//2711 2735//2735 2710//2710
f 2710//2710 2735//2735 2736//2736
f 2710//2710 2736//2736 2709//2709
f 2709//2709 2736//2736 2737//2737
f 2709//2709 2737//2737 2708//2708
f 2708//2708 2737//2737 2738//2738
f 2708//2708 2738//2738 2707//2707
f 2707//2707 2738//2738 2739//2739
f 2707//2707 2739//2739 2706//2706
f 2706//2706 2739//2739 2740//2740
f 2706//2706 2740//2740 2705//2705
f 2705//2705 2740//2740 2741//2741
f 2705//2705 2741//2741 2704//2704
f 2704//2704 2741//2741 2742//2742
f 2704//2704 2742//2742 2703//2703
f 2703//2703 2742//2742 2743//2743
f 2703//2703 2743//2743 2702//2702
f 2702//2702 2743//2743 2744//2744
f 2702//2702 2744//2744 2701//2701
f 2701//2701 2744//2744 2745//2745
f 2701//2701 2745//2745 2700//2700
f 2700//2700 2745//2745 2746//2746
f 2700//2700 2746//2746 2699//2699
f 2699//2699 2746//2746 2747//2747
f 2699//2699 2747//2747 2697//2697
f 2697//2697 2747//2747 2748//2748
f 2697//2697 2748//2748 2698//2698
f 2698//2698 2748//2748 2749//2749
f 2698//2698 2749//2749 2696//2696
f 2696//2696 2749//2749 2750//2750
f 2696//2696 2750//2750 2695//2695
f 2695//2695 2750//2750 2751//2751
f 2695//2695 2751//2751 2694//2694
f 2694//2694 2751//2751 2752//2752
f 2694//2694 2752//2752 2693//2693
f 2693//2693 2752//2752 2753//2753
f 2693//2693 2753//2753 2692//2692
f 2692//2692 2753//2753 2754//2754
f 2692//2692 2754//2754 2691//2691
f 2691//2691 2754//2754 2755//2755
f 2691//2691 2755//2755 2690//2690
f 2690//2690 2755//2755 2756//2756
f 2690//2690 2756//2756 2689//2689
f 2689//2689 2756//2756 2757//2757
f 2689//2689 2757//2757 2688//2688
f 2688//2688 2757//2757 2758//2758
f 2688//2688 2758//2758 2687//2687
f 2687//2687 2758//2758 2759//2759
f 2687//2687 2759//2759 2686//2686
f 2686//2686 2759//2759 2760//2760
f 2686//2686 2760//2760 2685//2685
f 2685//2685 2760//2760 2761//2761
f 2685//2685 2761//2761 2684//2684
f 2684//2684 2761//2761 2762//2762
f 2684//2684 2762//2762 2683//2683
f 2683//2683 2762//2762 2763//2763
f 2683//2683 2763//2763 2682//2682
f 2682//2682 2763//2763 2764//2764
f 2682//2682 2764//2764 2681//2681
f 2681//2681 2764//2764 2765//2765
f 2681//2681 2765//2765 2680//2680
f 2680//2680 2765//2765 2766//2766
f 2680//2680 2766//2766 2679//2679
f 2679//2679 2766//2766 2767//2767
f 2679//2679 2767//2767 2678//2678
f 2678//2678 2767//2767 2768//2768
f 2678//2678 2768//2768 2677//2677
f 2677//2677 2768//2768 2769//2769
f 2677//2677 2769//2769 2676//2676
f 2676//2676 2769//2769 2770//2770
f 2676//2676 2770//2770 2675//2675
f 2675//2675 2770//2770 2771//2771
f 2675//2675 2771//2771 2674//2674
f 2674//2674 2771//2771 2772//2772
f 2674//2674 2772//2772 2673//2673
f 2673//2673 2772//2772 2773//2773
f 2673//2673 2773//2773 2672//2672
f 2672//2672 2773//2773 2774//2774
f 2672//2672 2774//2774 2671//2671
f 2671//2671 2774//2774 2775//2775
f 2671//2671 2775//2775 2670//2670
f 2670//2670 2775//2775 2776//2776
f 2670//2670 2776//2776 2669//2669
f 2669//2669 2776//2776 2777//2777
f 2669//2669 2777//2777 2668//2668
f 2668//2668 2777//2777 2778//2778
f 2668//2668 2778//2778 2667//2667
f 2667//2667 2778//2778 2779//2779
f 2667//2667 2779//2779 2666//2666
f 2666//2666 2779//2779 2780//2780
f 2666//2666 2780//2780 2665//2665
f 2665//2665 2780//2780 2781//2781
f 2665//2665 2781//2781 2664//2664
f 2664//2664 2781//2781 2782//2782
f 2664//2664 2782//2782 2663//2663
f 2663//2663 2782//2782 2783//2783
f 2663//2663 2783//2783 2662//2662
f 2662//2662 2783//2783 2784//2784
f 2662//2662 2784//2784 2661//2661
f 2661//2661 2784//2784 2785//2785
f 2661//2661 2785//2785 2660//2660
f 2660//2660 2785//2785 2786//2786
f 2660//2660 2786//2786 2659//2659
f 2659//2659 2786//2786 2787//2787
f 2659//2659 2787//2787 2723//2723
f 2723//2723 2787//2787 2788//2788
f 2723//2723 2788//2788 2722//2722
f 2722//2722 2788//2788 2724//2724
f 2724//2724 2789//2789 2725//2725
f 2725//2725 2789//2789 2790//2790
f 2725//2725 2790//2790 2726//2726
f 2726//2726 2790//2790 2791//2791
f 2726//2726 2791//2791 2727//2727
f 2727//2727 2791//2791 2792//2792
f 2727//2727 2792//2792 2728//2728
f 2728//2728 2792//2792 2793//2793
f 2728//2728 2793//2793 2729//2729
f 2729//2729 2793//2793 2794//2794
f 2729//2729 2794//2794 2730//2730
f 2730//2730 2794//2794 2795//2795
f 2730//2730 2795//2795 2731//2731
f 2731//2731 2795//2795 2796//2796
f 2731//2731 2796//2796 2732//2732
f 2732//2732 2796//2796 2797//2797
f 2732//2732 2797//2797 2733//2733
f 2733//2733 2797//2797 2798//2798
f 2733//2733 2798//2798 2734//2734
f 2734//2734 2798//2798 2799//2799
f 2734//2734 2799//2799 2735//2735
f 2735//2735 2799//2799 2800//2800
f 2735//2735 2800//2800 2736//2736
f 2736//2736 2800//2800 2801//2801
f 2736//2736 2801//2801 2737//2737
f 2737//2737 2801//2801 2802//2802
f 2737//2737 2802//2802 2738//2738
f 2738//2738 2802//2802 2803//2803
f 2738//2738 2803//2803 2739//2739
f 2739//2739 2803//2803 2804//2804
f 2739//2739 2804//2804 2740//2740
f 2740//2740 2804//2804 2805//2805
f 2740//2740 2805//2805 2741//2741
f 2741//2741 2805//2805 2806//2806
f 2741//2741 2806//2806 2742//2742
f 2742//2742 2806//2806 2807//2807
f 2742//2742 2807//2807 2743//2743
f 2743//2743 2807//2807 2808//2808
f 2743//2743 2808//2808 2744//2744
f 2744//2744 2808//2808 2809//2809
f 2744//2744 2809//2809 2745//2745
f 2745//2745 2809//2809 2810//2810
f 2745//2745 2810//2810 2746//2746
f 2746//2746 2810//2810 2811//2811
f 2746//2746 2811//2811 2747//2747
f 2747//2747 2811//2811 2812//2812
f 2747//2747 2812//2812 2748//2748
f 2748//2748 2812//2812 2813//2813
f 2748//2748 2813//2813 2749//2749
f 2749//2749 2813//2813 2814//2814
f 2749//2749 2814//2814 2750//2750
f 2750//2750 2814//2814 2815//2815
f 2750//2750 2815//2815 2751//2751
f 2751//2751 2815//2815 2816//2816
f 2751//2751 2816//2816 2752//2752
f 2752//2752 2816//2816 2817//2817
f 2752//2752 2817//2817 2753//2753
f 2753//2753 2817//2817 2818//2818
f 2753//2753 2818//2818 2754//2754
f 2754//2754 2818//2818 2819//2819
f 2754//2754 2819//2819 2755//2755
f 2755//2755 2819//2819 2820//2820
f 2755//2755 2820//2820 2756//2756
f 2756//2756 2820//2820 2821//2821
f 2756//2756 2821//2821 2757//2757
f 2757//2757 2821//2821 2822//2822
f 2757//2757 2822//2822 2758//2758
f 2758//2758 2822//2822 2823//2823
f 2758//2758 2823//2823 2759//2759
f 2759//2759 2823//2823 2824//2824
f 2759//2759 2824//2824 2760//2760
f 2760//2760 2824//2824 2825//2825
f 2760//2760 2825//2825 2761//2761
f 2761//2761 2825//2825 2826//2826
f 2761//2761 2826//2826 2762//2762
f 2762//2762 2826//2826 2827//2827
f 2762//2762 2827//2827 2763//2763
f 2763//2763 2827//2827 2828//2828
f 2763//2763 2828//2828 2764//2764
f 2764//2764 2828//2828 2829//2829
f 2764//2764 2829//2829 2765//2765
f 2765//2765 2829//2829 2830//2830
f 2765//2765 2830//2830 2766//2766
f 2766//2766 2830//2830 2831//2831
f 2766//2766 2831//2831 2767//2767
f 2767//2767 2831//2831 2832//2832
f 2767//2767 2832//2832 2768//2768
f 2768//2768 2832//2832 2833//2833
f 2768//2768 2833//2833 2769//2769
f 2769//2769 2833//2833 2834//2834
f 2769//2769 2834//2834 2770//2770
f 2770//2770 2834//2834 2835//2835
f 2770//2770 2835//2835 2771//2771
f 2771//2771 2835//2835 2836//2836
f 2771//2771 2836//2836 2772//2772
f 2772//2772 2836//2836 2837//2837
f 2772//2772 2837//2837 2773//2773
f 2773//2773 2837//2837 2838//2838
f 2773//2773 2838//2838 2774//2774
f 2774//2774 2838//2838 2839//2839
f 2774//2774 2839//2839 2775//2775
f 2775//2775 2839//2839 2840//2840
f 2775//2775 2840//2840 2776//2776
f 2776//2776 2840//2840 2841//2841
f 2776//2776 2841//2841 2777//2777
f 2777//2777 2841//2841 2842//2842
f 2777//2777 2842//2842 2778//2778
f 2778//2778 2842//2842 2843//2843
f 2778//2778 2843//2843 2779//2779
f 2779//2779 2843//2843 2844//2844
f 2779//2779 2844//2844 2780//2780
f 2780//2780 2844//2844 2845//2845
f 2780//2780 2845//2845 2781//2781
f 2781//2781 2845//2845 2846//2846
f 2781//2781 2846//2846 2782//2782
f 2782//2782 2846//2846 2847//2847
f 2782//2782 2847//2847 2783//2783
f 2783//2783 2847//2847 2848//2848
f 2783//2783 2848//2848 2784//2784
f 2784//2784 2848//2848 2849//2849
f 2784//2784 2849//2849 2785//2785
f 2785//2785 2849//2849 2850//2850
f 2785//2785 2850//2850 2786//2786
f 2786//2786 2850//2850 2851//2851
f 2786//2786 2851//2851 2787//2787
f 2787//2787 2851//2851 2852//2852
f 2787//2787 2852//2852 2788//2788
f 2788//2788 2852//2852 2853//2853
f 2788//2788 2853//2853 2724//2724
f 2724//2724 2853//2853 2789//2789
f 2789//2789 2854//2854 2790//2790
f 2790//2790 2854//2854 2855//2855
f 2790//2790 2855//2855 2791//2791
f 2791//2791 2855//2855 2856//2856
f 2791//2791 2856//2856 2792//2792
f 2792//2792 2856//2856 2857//2857
f 2792//2792 2857//2857 2793//2793
f 2793//2793 2857//2857 2858//2858
f 2793//2793 2858//2858 2794//2794
f 2794//2794 2858//2858 2859//2859
f 2794//2794 2859//2859 2795//2795
f 2795//2795 2859//2859 2860//2860
f 2795//2795 2860//2860 2796//2796
f 2796//2796 2860//2860 2861//2861
f 2796//2796 2861//2861 2797//2797
f 2797//2797 2861//2861 2862//2862
f 2797//2797 2862//2862 2798//2798
f 2798//2798 2862//2862 2863//2863
f 2798//2798 2863//2863 2799//2799
f 2799//2799 2863//2863 2864//2864
f 2799//2799 2864//2864 2800//2800
f 2800//2800 2864//2864 2865//2865
f 2800//2800 2865//2865 2801//2801
f 2801//2801 2865//2865 2866//2866
f 2801//2801 2866//2866 2802//2802
f 2802//2802 2866//2866 2867//2867
f 2802//2802 2867//2867 2803//2803
f 2803//2803 2867//2867 2868//2868
f 2803//2803 2868//2868 2804//2804
f 2804//2804 2868//2868 2869//2869
f 2804//2804 2869//2869 2805//2805
f 2805//2805 2869//2869 2870//2870
f 2805//2805 2870//2870 2806//2806
f 2806//2806 2870//2870 2871//2871
f 2806//2806 2871//2871 2807//2807
f 2807//2807 2871//2871 2872//2872
f 2807//2807 2872//2872 2808//2808
f 2808//2808 2872//2872 2873//2873
f 2808//2808 2873//2873 2809//2809
f 2809//2809 2873//2873 2874//2874
f 2809//2809 2874//2874 2810//2810
f 2810//2810 2874//2874 2875//2875
f 2810//2810 2875//2875 2811//2811
f 2811//2811 2875//2875 2876//2876
f 2811//2811 2876//2876 2812//2812
f 2812//2812 2876//2876 2877//2877
f 2812//2812 2877//2877 2813//2813
f 2813//2813 2877//2877 2878//2878
f 2813//2813 2878//2878 2814//2814
f 2814//2814 2878//2878 2879//2879
f 2814//2814 2879//2879 2815//2815
f 2815//2815 2879//2879 2880//2880
f 2815//2815 2880//2880 2816//2816
f 2816//2816 2880//2880 2881//2881
f 2816//2816 2881//2881 2817//2817
f 2817//2817 2881//2881 2882//2882
f 2817//2817 2882//2882 2818//2818
f 2818//2818 2882//2882 2883//2883
f 2818//2818 2883//2883 2819//2819
f 2819//2819 2883//2883 2884//2884
f 2819//2819 2884//2884 2820//2820
f 2820//2820 2884//2884 2885//2885
f 2820//2820 2885//2885 2821//2821
f 2821//2821 2885//2885 2886//2886
f 2821//2821 2886//2886 2822//2822
f 2822//2822 2886//2886 2887//2887
f 2822//2822 2887//2887 2823//2823
f 2823//2823 2887//2887 2888//2888
f 2823//2823 2888//2888 2824//2824
f 2824//2824 2888//2888 2889//2889
f 2824//2824 2889//2889 2825//2825
f 2825//2825 2889//2889 2890//2890
f 2825//2825 2890//2890 2826//2826
f 2826//2826 2890//2890 2891//2891
f 2826//2826 2891//2891 2827//2827
f 2827//2827 2891//2891 2892//2892
f 2827//2827 2892//2892 2828//2828
f 2828//2828 2892//2892 2893//2893
f 2828//2828 2893//2893 2829//2829
f 2829//2829 2893//2893 2894//2894
f 2829//2829 2894//2894 2830//2830
f 2830//2830 2894//2894 2895//2895
f 2830//2830 2895//2895 2831//2831
f 2831//2831 2895//2895 2896//2896
f 2831//2831 2896//2896 2832//2832
f 2832//2832 2896//2896 2897//2897
f 2832//2832 2897//2897 2833//2833
f 2833//2833 2897//2897 2898//2898
f 2833//2833 2898//2898 2834//2834
f 2834//2834 2898//2898 2899//2899
f 2834//2834 2899//2899 2835//2835
f 2835//2835 2899//2899 2900//2900
f 2835//2835 2900//2900 2836//2836
f 2836//2836 2900//2900 2901//2901
f 2836//2836 2901//2901 2837//2837
f 2837//2837 2901//2901 2902//2902
f 2837//2837 2902//2902 2838//2838
f 2838//2838 2902//2902 2903//2903
f 2838//2838 2903//2903 2839//2839
f 2839//2839 2903//2903 2904//2904
f 2839//2839 2904//2904 2840//2840
f 2840//2840 2904//2904 2905//2905
f 2840//2840 2905//2905 2841//2841
f 2841//2841 2905//2905 2906//2906
f 2841//2841 2906//2906 2842//2842
f 2842//2842 2906//2906 2907//2907
f 2842//2842 2907//2907 2843//2843
f 2843//2843 2907//2907 2908//2908
f 2843//2843 2908//2908 2844//2844
f 2844//2844 2908//2908 2909//2909
f 2844//2844 2909//2909 2845//2845
f 2845//2845 2909//2909 2910//2910
f 2845//2845 2910//2910 2846//2846
f 2846//2846 2910//2910 2911//2911
f 2846//2846 2911//2911 2847//2847
f 2847//2847 2911//2911 2912//2912
f 2847//2847 2912//2912 2848//2848
f 2848//2848 2912//2912 2913//2913
f 2848//2848 2913//2913 2849//2849
f 2849//2849 2913//2913 2914//2914
f 2849//2849 2914//2914 2850//2850
f 2850//2850 2914//2914 2915//2915
f 2850//2850 2915//2915 2851//2851
f 2851//2851 2915//2915 2916//2916
f 2851//2851 2916//2916 2852//2852
f 2852//2852 2916//2916 2917//2917
f 2852//2852 2917//2917 2853//2853
f 2853//2853 2917//2917 2918//2918
f 2853//2853 2918//2918 2789//2789
f 2789//2789 2918//2918 2854//2854
f 2854//2854 2919//2919 2855//2855
f 2855//2855 2919//2919 2920//2920
f 2855//2855 2920//2920 2856//2856
f 2856//2856 2920//2920 2921//2921
f 2856//2856 2921//2921 2857//2857
f 2857//2857 2921//2921 2922//2922
f 2857//2857 2922//2922 2858//2858
f 2858//2858 2922//2922 2923//2923
f 2858//2858 2923//2923 2859//2859
f 2859//2859 2923//2923 2924//2924
f 2859//2859 2924//2924 2860//2860
f 2860//2860 2924//2924 2925//2925
f 2860//2860 2925//2925 2861//2861
f 2861//2861 2925//2925 2926//2926
f 2861//2861 2926//2926 2862//2862
f 2862//2862 2926//2926 2927//2927
f 2862//2862 2927//2927 2863//2863
f 2863//2863 2927//2927 2928//2928
f 2863//2863 2928//2928 2864//2864
f 2864//2864 2928//2928 2929//2929
f 2864//2864 2929//2929 2865//2865
f 2865//2865 2929//2929 2930//2930
f 2865//2865 2930//2930 2866//2866
f 2866//2866 2930//2930 2931//2931
f 2866//2866 2931//2931 2867//2867
f 2867//2867 2931//2931 2932//2932
f 2867//2867 2932//2932 2868//2868
f 2868//2868 2932//2932 2933//2933
f 2868//2868 2933//2933 2869//2869
f 2869//2869 2933//2933 2934//2934
f 2869//2869 2934//2934 2870//2870
f 2870//2870 2934//2934 2935//2935
f 2870//2870 2935//2935 2871//2871
f 2871//2871 2935//2935 2936//2936
f 2871//2871 2936//2936 2872//2872
f 2872//2872 2936//2936 2937//2937
f 2872//2872 2937//2937 2873//2873
f 2873//2873 2937//2937 2938//2938
f 2873//2873 2938//2938 2874//2874
f 2874//2874 2938//2938 2939//2939
f 2874//2874 2939//2939 2875//2875
f 2875//2875 2939//2939 2940//2940
f 2875//2875 2940//2940 2876//2876
f 2876//2876 2940//2940 2941//2941
f 2876//2876 2941//2941 2877//2877
f 2877//2877 2941//2941 2942//2942
f 2877//2877 2942//2942 2878//2878
f 2878//2878 2942//2942 2943//2943
f 2878//2878 2943//2943 2879//2879
f 2879//2879 2943//2943 2944//2944
f 2879//2879 2944//2944 2880//2880
f 2880//2880 2944//2944 2945//2945
f 2880//2880 2945//2945 2881//2881
f 2881//2881 2945//2945 2946//2946
f 2881//2881 2946//2946 2882//2882
f 2882//2882 2946//2946 2947//2947
f 2882//2882 2947//2947 2883//2883
f 2883//2883 2947//2947 2948//2948
f 2883//2883 2948//2948 2884//2884
f 2884//2884 2948//2948 2949//2949
f 2884//2884 2949//2949 2885//2885
f 2885//2885 2949//2949 2950//2950
f 2885//2885 2950//2950 2886//2886
f 2886//2886 2950//2950 2951//2951
f 2886//2886 2951//2951 2887//2887
f 2887//2887 2951//2951 2952//2952
f 2887//2887 2952//2952 2888//2888
f 2888//2888 2952//2952 2953//2953
f 2888//2888 2953//2953 2889//2889
f 2889//2889 2953//2953 2954//2954
f 2889//2889 2954//2954 2890//2890
f 2890//2890 2954//2954 2955//2955
f 2890//2890 2955//2955 2891//2891
f 2891//2891 2955//2955 2956//2956
f 2891//2891 2956//2956 2892//2892
f 2892//2892 2956//2956 2957//2957
f 2892//2892 2957//2957 2893//2893
f 2893//2893 2957//2957 2958//2958
f 2893//2893 2958//2958 2894//2894
f 2894//2894 2958//2958 2959//2959
f 2894//2894 2959//2959 2895//2895
f 2895//2895 2959//2959 2960//2960
f 2895//2895 2960//2960 2896//2896
f 2896//2896 2960//2960 2961//2961
f 2896//2896 2961//2961 2897//2897
f 2897//2897 2961//2961 2962//2962
f 2897//2897 2962//2962 2898//2898
f 2898//2898 2962//2962 2963//2963
f 2898//2898 2963//2963 2899//2899
f 2899//2899 2963//2963 2964//2964
f 2899//2899 2964//2964 2900//2900
f 2900//2900 2964//2964 2965//2965
f 2900//2900 2965//2965 2901//2901
f 2901//2901 2965//2965 2966//2966
f 2901//2901 2966//2966 2902//2902
f 2902//2902 2966//2966 2967//2967
f 2902//2902 2967//2967 2903//2903
f 2903//2903 2967//2967 2968//2968
f 2903//2903 2968//2968 2904//2904
f 2904//2904 2968//2968 2969//2969
f 2904//2904 2969//2969 2905//2905
f 2905//2905 2969//2969 2970//2970
f 2905//2905 2970//2970 2906//2906
f 2906//2906 2970//2970 2971//2971
f 2906//2906 2971//2971 2907//2907
f 2907//2907 2971//2971 2972//2972
f 2907//2907 2972//2972 2908//2908
f 2908//2908 2972//2972 2973//2973
f 2908//2908 2973//2973 2909//2909
f 2909//2909 2973//2973 2974//2974
f 2909//2909 2974//2974 2910//2910
f 2910//2910 2974//2974 2975//2975
f 2910//2910 2975//2975 2911//2911
f 2911//2911 2975//2975 2976//2976
f 2911//2911 2976//2976 2912//2912
f 2912//2912 2976//2976 2977//2977
f 2912//2912 2977//2977 2913//2913
f 2913//2913 2977//2977 2978//2978
f 2913//2913 2978//2978 2914//2914
f 2914//2914 2978//2978 2979//2979
f 2914//2914 2979//2979 2915//2915
f 2915//2915 2979//2979 2980//2980
f 2915//2915 2980//2980 2916//2916
f 2916//2916 2980//2980 2981//2981
f 2916//2916 2981//2981 2917//2917
f 2917//2917 2981//2981 2982//2982
f 2917//2917 2982//2982 2918//2918
f 2918//2918 2982//2982 2983//2983
f 2918//2918 2983//2983 2854//2854
f 2854//2854 2983//2983 2919//2919
f 2919//2919 2984//2984 2920//2920
f 2920//2920 2984//2984 2985//2985
f 2920//2920 2985//2985 2921//2921
f 2921//2921 2985//2985 2986//2986
f 2921//2921 2986//2986 2922//2922
f 2922//2922 2986//2986 2987//2987
f 2922//2922 2987//2987 2923//2923
f 2923//2923 2987//2987 2988//2988
f 2923//2923 2988//2988 2924//2924
f 2924//2924 2988//2988 2989//2989
f 2924//2924 2989//2989 2925//2925
f 2925//2925 2989//2989 2990//2990
f 2925//2925 2990//2990 2926//2926
f 2926//2926 2990//2990 2991//2991
f 2926//2926 2991//2991 2927//2927
f 2927//2927 2991//2991 2992//2992
f 2927//2927 2992//2992 2928//2928
f 2928//2928 2992//2992 2993//2993
f 2928//2928 2993//2993 2929//2929
f 2929//2929 2993//2993 2994//2994
f 2929//2929 2994//2994 2930//2930
f 2930//2930 2994//2994 2995//2995
f 2930//2930 2995//2995 2931//2931
f 2931//2931 2995//2995 2996//2996
f 2931//2931 2996//2996 2932//2932
f 2932//2932 2996//2996 2997//2997
f 2932//2932 2997//2997 2933//2933
f 2933//2933 2997//2997 2998//2998
f 2933//2933 2998//2998 2934//2934
f 2934//2934 2998//2998 2999//2999
f 2934//2934 2999//2999 2935//2935
f 2935//2935 2999//2999 3000//3000
f 2935//2935 3000//3000 2936//2936
f 2936//2936 3000//3000 3001//3001
f 2936//2936 3001//3001 2937//2937
f 2937//2937 3001//3001 3002//3002
f 2937//2937 3002//3002 2938//2938
f 2938//2938 3002//3002 3003//3003
f 2938//2938 3003//3003 2939//2939
f 2939//2939 3003//3003 3004//3004
f 2939//2939 3004//3004 2940//2940
f 2940//2940 3004//3004 3005//3005
f 2940//2940 3005//3005 2941//2941
f 2941//2941 3005//3005 3006//3006
f 2941//2941 3006//3006 2942//2942
f 2942//2942 3006//3006 3007//3007
f 2942//2942 3007//3007 2943//2943
f 2943//2943 3007//3007 3008//3008
f 2943//2943 3008//3008 2944//2944
f 2944//2944 3008//3008 3009//3009
f 2944//2944 3009//3009 2945//2945
f 2945//2945 3009//3009 3010//3010
f 2945//2945 3010//3010 2946//2946
f 2946//2946 3010//3010 3011//3011
f 2946//2946 3011//3011 2947//2947
f 2947//2947 3011//3011 3012//3012
f 2947//2947 3012//3012 2948//2948
f 2948//2948 3012//3012 3013//3013
f 2948//2948 3013//3013 2949//2949
f 2949//2949 3013//3013 3014//3014
f 2949//2949 3014//3014 2950//2950
f 2950//2950 3014//3014 3015//3015
f 2950//2950 3015//3015 2951//2951
f 2951//2951 3015//3015 3016//3016
f 2951//2951 3016//3016 2952//2952
f 2952//2952 3016//3016 3017//3017
f 2952//2952 3017//3017 2953//2953
f 2953//2953 3017//3017 3018//3018
f 2953//2953 3018//3018 2954//2954
f 2954//2954 3018//3018 3019//3019
f 2954//2954 3019//3019 2955//2955
f 2955//2955 3019//3019 3020//3020
f 2955//2955 3020//3020 2956//2956
f 2956//2956 3020//3020 3021//3021
f 2956//2956 3021//3021 2957//2957
f 2957//2957 3021//3021 3022//3022
f 2957//2957 3022//3022 2958//2958
f 2958//2958 3022//3022 3023//3023
f 2958//2958 3023//3023 2959//2959
f 2959//2959 3023//3023 3024//3024
f 2959//2959 3024//3024 2960//2960
f 2960//2960 3024//3024 3025//3025
f 2960//2960 3025//3025 2961//2961
f 2961//2961 3025//3025 3026//3026
f 2961//2961 3026//3026 2962//2962
f 2962//2962 3026//3026 3027//3027
f 2962//2962 3027//3027 2963//2963
f 2963//2963 3027//3027 3028//3028
f 2963//2963 3028//3028 2964//2964
f 2964//2964 3028//3028 3029//3029
f 2964//2964 3029//3029 2965//2965
f 2965//2965 3029//3029 3030//3030
f 2965//2965 3030//3030 2966//2966
f 2966//2966 3030//3030 3031//3031
f 2966//2966 3031//3031 2967//2967
f 2967//2967 3031//3031 3032//3032
f 2967//2967 3032//3032 2968//2968
f 2968//2968 3032//3032 3033//3033
f 2968//2968 3033//3033 2969//2969
f 2969//2969 3033//3033 3034//3034
f 2969//2969 3034//3034 2970//2970
f 2970//2970 3034//3034 3035//3035
f 2970//2970 3035//3035 2971//2971
f 2971//2971 3035//3035 3036//3036
f 2971//2971 3036//3036 2972//2972
f 2972//2972 3036//3036 3037//3037
f 2972//2972 3037//3037 2973//2973
f 2973//2973 3037//3037 3038//3038
f 2973//2973 3038//3038 2974//2974
f 2974//2974 3038//3038 3039//3039
f 2974//2974 3039//3039 2975//2975
f 2975//2975 3039//3039 3040//3040
f 2975//2975 3040//3040 2976//2976
f 2976//2976 3040//3040 3041//3041
f 2976//2976 3041//3041 2977//2977
f 2977//2977 3041//3041 3042//3042
f 2977//2977 3042//3042 2978//2978
f 2978//2978 3042//3042 3043//3043
f 2978//2978 3043//3043 2979//2979
f 2979//2979 3043//3043 3044//3044
f 2979//2979 3044//3044 2980//2980
f 2980//2980 3044//3044 3045//3045
f 2980//2980 3045//3045 2981//2981
f 2981//2981 3045//3045 3046//3046
f 2981//2981 3046//3046 2982//2982
f 2982//2982 3046//3046 3047//3047
f 2982//2982 3047//3047 2983//2983
f 2983//2983 3047//3047 3048//3048
f 2983//2983 3048//3048 2919//2919
f 2919//2919 3048//3048 2984//2984
f 2984//2984 3049//3049 2985//2985
f 2985//2985 3049//3049 3050//3050
f 2985//2985 3050//3050 2986//2986
f 2986//2986 3050//3050 3051//3051
f 2986//2986 3051//3051 2987//2987
f 2987//2987 3051//3051 3052//3052
f 2987//2987 3052//3052 2988//2988
f 2988//2988 3052//3052 3053//3053
f 2988//2988 3053//3053 2989//2989
f 2989//2989 3053//3053 3054//3054
f 2989//2989 3054//3054 2990//2990
f 2990//2990 3054//3054 3055//3055
f 2990//2990 3055//3055 2991//2991
f 2991//2991 3055//3055 3056//3056
f 2991//2991 3056//3056 2992//2992
f 2992//2992 3056//3056 3057//3057
f 2992//2992 3057//3057 2993//2993
f 2993//2993 3057//3057 3058//3058
f 2993//2993 3058//3058 2994//2994
f 2994//2994 3058//3058 3059//3059
f 2994//2994 3059//3059 2995//2995
f 2995//2995 3059//3059 3060//3060
f 2995//2995 3060//3060 2996//2996
f 2996//2996 3060//3060 3061//3061
f 2996//2996 3061//3061 2997//2997
f 2997//2997 3061//3061 3062//3062
f 2997//2997 3062//3062 2998//2998
f 2998//2998 3062//3062 3063//3063
f 2998//2998 3063//3063 2999//2999
f 2999//2999 3063//3063 3064//3064
f 2999//2999 3064//3064 3000//3000
f 3000//3000 3064//3064 3065//3065
f 3000//3000 3065//3065 3001//3001
f 3001//3001 3065//3065 3066//3066
f 3001//3001 3066//3066 3002//3002
f 3002//3002 3066//3066 3067//3067
f 3002//3002 3067//3067 3003//3003
f 3003//3003 3067//3067 3068//3068
f 3003//3003 3068//3068 3004//3004
f 3004//3004 3068//3068 3069//3069
f 3004//3004 3069//3069 3005//3005
f 3005//3005 3069//3069 3070//3070
f 3005//3005 3070//3070 3006//3006
f 3006//3006 3070//3070 3071//3071
f 3006//3006 3071//3071 3007//3007
f 3007//3007 3071//3071 3072//3072
f 3007//3007 3072//3072 3008//3008
f 3008//3008 3072//3072 3073//3073
f 3008//3008 3073//3073 3009//3009
f 3009//3009 3073//3073 3074//3074
f 3009//3009 3074//3074 3010//3010
f 3010//3010 3074//3074 3075//3075
f 3010//3010 3075//3075 3011//3011
f 3011//3011 3075//3075 3076//3076
f 3011//3011 3076//3076 3012//3012
f 3012//3012 3076//3076 3077//3077
f 3012//3012 3077//3077 3013//3013
f 3013//3013 3077//3077 3078//3078
f 3013//3013 3078//3078 3014//3014
f 3014//3014 3078//3078 3079//3079
f 3014//3014 3079//3079 3015//3015
f 3015//3015 3079//3079 3080//3080
f 3015//3015 3080//3080 3016//3016
f 3016//3016 3080//3080 3081//3081
f 3016//3016 3081//3081 3017//3017
f 3017//3017 3081//3081 3082//3082
f 3017//3017 3082//3082 3018//3018
f 3018//3018 3082//3082 3083//3083
f 3018//3018 3083//3083 3019//3019
f 3019//3019 3083//3083 3084//3084
f 3019//3019 3084//3084 3020//3020
f 3020//3020 3084//3084 3085//3085
f 3020//3020 3085//3085 3021//3021
f 3021//3021 3085//3085 3086//3086
f 3021//3021 3086//3086 3022//3022
f 3022//3022 3086//3086 3087//3087
f 3022//3022 3087//3087 3023//3023
f 3023//3023 3087//3087 3088//3088
f 3023//3023 3088//3088 3024//3024
f 3024//3024 3088//3088 3089//3089
f 3024//3024 3089//3089 3025//3025
f 3025//3025 3089//3089 3090//3090
f 3025//3025 3090//3090 3026//3026
f 3026//3026 3090//3090 3091//3091
f 3026//3026 3091//3091 3027//3027
f 3027//3027 3091//3091 3092//3092
f 3027//3027 3092//3092 3028//3028
f 3028//3028 3092//3092 3093//3093
f 3028//3028 3093//3093 3029//3029
f 3029//3029 3093//3093 3094//3094
f 3029//3029 3094//3094 3030//3030
f 3030//3030 3094//3094 3095//3095
f 3030//3030 3095//3095 3031//3031
f 3031//3031 3095//3095 3096//3096
f 3031//3031 3096//3096 3032//3032
f 3032//3032 3096//3096 3097//3097
f 3032//3032 3097//3097 3033//3033
f 3033//3033 3097//3097 3098//3098
f 3033//3033 3098//3098 3034//3034
f 3034//3034 3098//3098 3099//3099
f 3034//3034 3099//3099 3035//3035
f 3035//3035 3099//3099 3100//3100
f 3035//3035 3100//3100 3036//3036
f 3036//3036 3100//3100 3101//3101
f 3036//3036 3101//3101 3037//3037
f 3037//3037 3101//3101 3102//3102
f 3037//3037 3102//3102 3038//3038
f 3038//3038 3102//3102 3103//3103
f 3038//3038 3103//3103 3039//3039
f 3039//3039 3103//3103 3104//3104
f 3039//3039 3104//3104 3040//3040
f 3040//3040 3104//3104 3105//3105
f 3040//3040 3105//3105 3041//3041
f 3041//3041 3105//3105 3106//3106
f 3041//3041 3106//3106 3042//3042
f 3042//3042 3106//3106 3107//3107
f 3042//3042 3107//3107 3043//3043
f 3043//3043 3107//3107 3108//3108
f 3043//3043 3108//3108 3044//3044
f 3044//3044 3108//3108 3109//3109
f 3044//3044 3109//3109 3045//3045
f 3045//3045 3109//3109 3110//3110
f 3045//3045 3110//3110 3046//3046
f 3046//3046 3110//3110 3111//3111
f 3046//3046 3111//3111 3047//3047
f 3047//3047 3111//3111 3112//3112
f 3047//3047 3112//3112 3048//3048
f 3048//3048 3112//3112 3113//3113
f 3048//3048 3113//3113 2984//2984
f 2984//2984 3113//3113 3049//3049
f 3049//3049 3114//3114 3050//3050
f 3050//3050 3114//3114 3115//3115
f 3050//3050 3115//3115 3051//3051
f 3051//3051 3115//3115 3116//3116
f 3051//3051 3116//3116 3052//3052
f 3052//3052 3116//3116 3117//3117
f 3052//3052 3117//3117 3053//3053
f 3053//3053 3117//3117 3118//3118
f 3053//3053 3118//3118 3054//3054
f 3054//3054 3118//3118 3119//3119
f 3054//3054 3119//3119 3055//3055
f 3055//3055 3119//3119 3120//3120
f 3055//3055 3120//3120 3056//3056
f 3056//3056 3120//3120 3121//3121
f 3056//3056 3121//3121 3057//3057
f 3057//3057 3121//3121 3122//3122
f 3057//3057 3122//3122 3058//3058
f 3058//3058 3122//3122 3123//3123
f 3058//3058 3123//3123 3059//3059
f 3059//3059 3123//3123 3124//3124
f 3059//3059 3124//3124 3060//3060
f 3060//3060 3124//3124 3125//3125
f 3060//3060 3125//3125 3061//3061
f 3061//3061 3125//3125 3126//3126
f 3061//3061 3126//3126 3062//3062
f 3062//3062 3126//3126 3127//3127
f 3062//3062 3127//3127 3063//3063
f 3063//3063 3127//3127 3128//3128
f 3063//3063 3128//3128 3064//3064
f 3064//3064 3128//3128 3129//3129
f 3064//3064 3129//3129 3065//3065
f 3065//3065 3129//3129 3130//3130
f 3065//3065 3130//3130 3066//3066
f 3066//3066 3130//3130 3131//3131
f 3066//3066 3131//3131 3067//3067
f 3067//3067 3131//3131 3132//3132
f 3067//3067 3132//3132 3068//3068
f 3068//3068 3132//3132 3133//3133
f 3068//3068 3133//3133 3069//3069
f 3069//3069 3133//3133 3134//3134
f 3069//3069 3134//3134 3070//3070
f 3070//3070 3134//3134 3135//3135
f 3070//3070 3135//3135 3071//3071
f 3071//3071 3135//3135 3136//3136
f 3071//3071 3136//3136 3072//3072
f 3072//3072 3136//3136 3137//3137
f 3072//3072 3137//3137 3073//3073
f 3073//3073 3137//3137 3138//3138
f 3073//3073 3138//3138 3074//3074
f 3074//3074 3138//3138 3139//3139
f 3074//3074 3139//3139 3075//3075
f 3075//3075 3139//3139 3140//3140
f 3075//3075 3140//3140 3076//3076
f 3076//3076 3140//3140 3141//3141
f 3076//3076 3141//3141 3077//3077
f 3077//3077 3141//3141 3142//3142
f 3077//3077 3142//3142 3078//3078
f 3078//3078 3142//3142 3143//3143
f 3078//3078 3143//3143 3079//3079
f 3079//3079 3143//3143 3144//3144
f 3079//3079 3144//3144 3080//3080
f 3080//3080 3144//3144 3145//3145
f 3080//3080 3145//3145 3081//3081
f 3081//3081 3145//3145 3146//3146
f 3081//3081 3146//3146 3082//3082
f 3082//3082 3146//3146 3147//3147
f 3082//3082 3147//3147 3083//3083
f 3083//3083 3147//3147 3148//3148
f 3083//3083 3148//3148 3084//3084
f 3084//3084 3148//3148 3149//3149
f 3084//3084 3149//3149 3085//3085
f 3085//3085 3149//3149 3150//3150
f 3085//3085 3150//3150 3086//3086
f 3086//3086 3150//3150 3151//3151
f 3086//3086 3151//3151 3087//3087
f 3087//3087 3151//3151 3152//3152
f 3087//3087 3152//3152 3088//3088
f 3088//3088 3152//3152 3153//3153
f 3088//3088 3153//3153 3089//3089
f 3089//3089 3153//3153 3154//3154
f 3089//3089 3154//3154 3090//3090
f 3090//3090 3154//3154 3155//3155
f 3090//3090 3155//3155 3091//3091
f 3091//3091 3155//3155 3156//3156
f 3091//3091 3156//3156 3092//3092
f 3092//3092 3156//3156 3157//3157
f 3092//3092 3157//3157 3093//3093
f 3093//3093 3157//3157 3158//3158
f 3093//3093 3158//3158 3094//3094
f 3094//3094 3158//3158 3159//3159
f 3094//3094 3159//3159 3095//3095
f 3095//3095 3159//3159 3160//3160
f 3095//3095 3160//3160 3096//3096
f 3096//3096 3160//3160 3161//3161
f 3096//3096 3161//3161 3097//3097
f 3097//3097 3161//3161 3162//3162
f 3097//3097 3162//3162 3098//3098
f 3098//3098 3162//3162 3163//3163
f 3098//3098 3163//3163 3099//3099
f 3099//3099 3163//3163 3164//3164
f 3099//3099 3164//3164 3100//3100
f 3100//3100 3164//3164 3165//3165
f 3100//3100 3165//3165 3101//3101
f 3101//3101 3165//3165 3166//3166
f 3101//3101 3166//3166 3102//3102
f 3102//3102 3166//3166 3167//3167
f 3102//3102 3167//3167 3103//3103
f 3103//3103 3167//3167 3168//3168
f 3103//3103 3168//3168 3104//3104
f 3104//3104 3168//3168 3169//3169
f 3104//3104 3169//3169 3105//3105
f 3105//3105 3169//3169 3170//3170
f 3105//3105 3170//3170 3106//3106
f 3106//3106 3170//3170 3171//3171
f 3106//3106 3171//3171 3107//3107
f 3107//3107 3171//3171 3172//3172
f 3107//3107 3172//3172 3108//3108
f 3108//3108 3172//3172 3173//3173
f 3108//3108 3173//3173 3109//3109
f 3109//3109 3173//3173 3174//3174
f 3109//3109 3174//3174 3110//3110
f 3110//3110 3174//3174 3175//3175
f 3110//3110 3175//3175 3111//3111
f 3111//3111 3175//3175 3176//3176
f 3111//3111 3176//3176 3112//3112
f 3112//3112 3176//3176 3177//3177
f 3112//3112 3177//3177 3113//3113
f 3113//3113 3177//3177 3178//3178
f 3113//3113 3178//3178 3049//3049
f 3049//3049 3178//3178 3114//3114
f 3114//3114 3179//3179 3115//3115
f 3115//3115 3179//3179 3180//3180
f 3115//3115 3180//3180 3116//3116
f 3116//3116 3180//3180 3181//3181
f 3116//3116 3181//3181 3117//3117
f 3117//3117 3181//3181 3182//3182
f 3117//3117 3182//3182 3118//3118
f 3118//3118 3182//3182 3183//3183
f 3118//3118 3183//3183 3119//3119
f 3119//3119 3183//3183 3184//3184
f 3119//3119 3184//3184 3120//3120
f 3120//3120 3184//3184 3185//3185
f 3120//3120 3185//3185 3121//3121
f 3121//3121 3185//3185 3186//3186
f 3121//3121 3186//3186 3122//3122
f 3122//3122 3186//3186 3187//3187
f 3122//3122 3187//3187 3123//3123
f 3123//3123 3187//3187 3188//3188
f 3123//3123 3188//3188 3124//3124
f 3124//3124 3188//3188 3189//3189
f 3124//3124 3189//3189 3125//3125
f 3125//3125 3189//3189 3190//3190
f 3125//3125 3190//3190 3126//3126
f 3126//3126 3190//3190 3191//3191
f 3126//3126 3191//3191 3127//3127
f 3127//3127 3191//3191 3192//3192
f 3127//3127 3192//3192 3128//3128
f 3128//3128 3192//3192 3193//3193
f 3128//3128 3193//3193 3129//3129
f 3129//3129 3193//3193 3194//3194
f 3129//3129 3194//3194 3130//3130
f 3130//3130 3194//3194 3195//3195
f 3130//3130 3195//3195 3131//3131
f 3131//3131 3195//3195 3196//3196
f 3131//3131 3196//3196 3132//3132
f 3132//3132 3196//3196 3197//3197
f 3132//3132 3197//3197 3133//3133
f 3133//3133 3197//3197 3198//3198
f 3133//3133 3198//3198 3134//3134
f 3134//3134 3198//3198 3199//3199
f 3134//3134 3199//3199 3135//3135
f 3135//3135 3199//3199 3200//3200
f 3135//3135 3200//3200 3136//3136
f 3136//3136 3200//3200 3201//3201
f 3136//3136 3201//3201 3137//3137
f 3137//3137 3201//3201 3202//3202
f 3137//3137 3202//3202 3138//3138
f 3138//3138 3202//3202 3203//3203
f 3138//3138 3203//3203 3139//3139
f 3139//3139 3203//3203 3204//3204
f 3139//3139 3204//3204 3140//3140
f 3140//3140 3204//3204 3205//3205
f 3140//3140 3205//3205 3141//3141
f 3141//3141 3205//3205 3206//3206
f 3141//3141 3206//3206 3142//3142
f 3142//3142 3206//3206 3207//3207
f 3142//3142 3207//3207 3143//3143
f 3143//3143 3207//3207 3208//3208
f 3143//3143 3208//3208 3144//3144
f 3144//3144 3208//3208 3209//3209
f 3144//3144 3209//3209 3145//3145
f 3145//3145 3209//3209 3210//3210
f 3145//3145 3210//3210 3146//3146
f 3146//3146 3210//3210 3211//3211
f 3146//3146 3211//3211 3147//3147
f 3147//3147 3211//3211 3212//3212
f 3147//3147 3212//3212 3148//3148
f 3148//3148 3212//3212 3213//3213
f 3148//3148 3213//3213 3149//3149
f 3149//3149 3213//3213 3214//3214
f 3149//3149 3214//3214 3150//3150
f 3150//3150 3214//3214 3215//3215
f 3150//3150 3215//3215 3151//3151
f 3151//3151 3215//3215 3216//3216
f 3151//3151 3216//3216 3152//3152
f 3152//3152 3216//3216 3217//3217
f 3152//3152 3217//3217 3153//3153
f 3153//3153 3217//3217 3218//3218
f 3153//3153 3218//3218 3154//3154
f 3154//3154 3218//3218 3219//3219
f 3154//3154 3219//3219 3155//3155
f 3155//3155 3219//3219 3220//3220
f 3155//3155 3220//3220 3156//3156
f 3156//3156 3220//3220 3221//3221
f 3156//3156 3221//3221 3157//3157
f 3157//3157 3221//3221 3222//3222
f 3157//3157 3222//3222 3158//3158
f 3158//3158 3222//3222 3223//3223
f 3158//3158 3223//3223 3159//3159
f 3159//3159 3223//3223 3224//3224
f 3159//3159 3224//3224 3160//3160
f 3160//3160 3224//3224 3225//3225
f 3160//3160 3225//3225 3161//3161
f 3161//3161 3225//3225 3226//3226
f 3161//3161 3226//3226 3162//3162
f 3162//3162 3226//3226 3227//3227
f 3162//3162 3227//3227 3163//3163
f 3163//3163 3227//3227 3228//3228
f 3163//3163 3228//3228 3164//3164
f 3164//3164 3228//3228 3229//3229
f 3164//3164 3229//3229 3165//3165
f 3165//3165 3229//3229 3230//3230
f 3165//3165 3230//3230 3166//3166
f 3166//3166 3230//3230 3231//3231
f 3166//3166 3231//3231 3167//3167
f 3167//3167 3231//3231 3232//3232
f 3167//3167 3232//3232 3168//3168
f 3168//3168 3232//3232 3233//3233
f 3168//3168 3233//3233 3169//3169
f 3169//3169 3233//3233 3234//3234
f 3169//3169 3234//3234 3170//3170
f 3170//3170 3234//3234 3235//3235
f 3170//3170 3235//3235 3171//3171
f 3171//3171 3235//3235 3236//3236
f 3171//3171 3236//3236 3172//3172
f 3172//3172 3236//3236 3237//3237
f 3172//3172 3237//3237 3173//3173
f 3173//3173 3237//3237 3238//3238
f 3173//3173 3238//3238 3174//3174
f 3174//3174 3238//3238 3239//3239
f 3174//3174 3239//3239 3175//3175
f 3175//3175 3239//3239 3240//3240
f 3175//3175 3240//3240 3176//3176
f 3176//3176 3240//3240 3241//3241
f 3176//3176 3241//3241 3177//3177
f 3177//3177 3241//3241 3242//3242
f 3177//3177 3242//3242 3178//3178
f 3178//3178 3242//3242 3243//3243
f 3178//3178 3243//3243 3114//3114
f 3114//3114 3243//3243 3179//3179
f 1749//1749 1747//1747 3244//3244
f 1739//1739 1737//1737 3245//3245
f 1735//1735 1733//1733 3246//3246
f 1729//1729 1727//1727 3247//3247
f 1725//1725 1724//1724 3248//3248
f 1569//1569 1572//1572 3249//3249
f 1574//1574 1576//1576 3250//3250
f 1584//1584 1586//1586 3251//3251
f 1594//1594 1595//1595 3252//3252
f 1598//1598 1600//1600 3253//3253
f 1604//1604 1606//1606 3254//3254
f 1608//1608 1610//1610 3255//3255
f 1618//1618 1620//1620 3256//3256
f 1628//1628 1630//1630 3257//3257
f 1632//1632 1634//1634 3258//3258
f 1638//1638 1640//1640 3259//3259
f 1642//1642 1644//1644 3260//3260
f 1648//1648 1647//1647 3261//3261
f 1654//1654 1653//1653 3262//3262
f 1668//1668 1666//1666 3263//3263
f 1679//1679 1678//1678 3264//3264
f 1676//1676 1675//1675 3265//3265
f 1673//1673 1682//1682 3266//3266
f 1684//1684 1686//1686 3267//3267
f 1564//1564 1563//1563 3268//3268
f 1702//1702 1708//1708 3269//3269
f 1710//1710 1703//1703 3270//3270
f 1707//1707 1713//1713 3271//3271
f 1715//1715 1717//1717 3272//3272
f 1781//1781 1779//1779 3273//3273
f 1771//1771 1769//1769 3274//3274
f 1767//1767 1765//1765 3275//3275
f 1761//1761 1759//1759 3276//3276
f 1757//1757 1755//1755 3277//3277
f 3278//3278 3279//3279 3280//3280
f 3280//3280 3279//3279 3281//3281
f 3280//3280 3281//3281 3282//3282
f 3282//3282 3281//3281 3283//3283
f 3282//3282 3283//3283 3284//3284
f 3284//3284 3283//3283 3285//3285
f 3284//3284 3285//3285 3286//3286
f 3286//3286 3285//3285 3287//3287
f 3286//3286 3287//3287 3288//3288
f 3288//3288 3287//3287 3289//3289
f 3288//3288 3289//3289 3290//3290
f 3290//3290 3289//3289 3291//3291
f 3290//3290 3291//3291 3292//3292
f 3292//3292 3291//3291 3293//3293
f 3292//3292 3293//3293 3294//3294
f 3294//3294 3293//3293 3273//3273
f 3295//3295 3296//3296 3297//3297
f 3297//3297 3296//3296 3298//3298
f 3297//3297 3298//3298 3299//3299
f 3299//3299 3298//3298 3300//3300
f 3299//3299 3300//3300 3301//3301
f 3301//3301 3300//3300 3302//3302
f 3301//3301 3302//3302 3303//3303
f 3303//3303 3302//3302 3304//3304
f 3303//3303 3304//3304 3305//3305
f 3305//3305 3304//3304 3306//3306
f 3305//3305 3306//3306 3307//3307
f 3307//3307 3306//3306 3308//3308
f 3307//3307 3308//3308 3309//3309
f 3309//3309 3308//3308 3310//3310
f 3309//3309 3310//3310 3311//3311
f 3311//3311 3310//3310 3272//3272
f 3312//3312 3313//3313 3314//3314
f 3314//3314 3313//3313 3315//3315
f 3314//3314 3315//3315 3316//3316
f 3316//3316 3315//3315 3317//3317
f 3316//3316 3317//3317 3318//3318
f 3318//3318 3317//3317 3319//3319
f 3318//3318 3319//3319 3320//3320
f 3320//3320 3319//3319 3321//3321
f 3320//3320 3321//3321 3322//3322
f 3322//3322 3321//3321 3323//3323
f 3322//3322 3323//3323 3324//3324
f 3324//3324 3323//3323 3325//3325
f 3324//3324 3325//3325 3326//3326
f 3326//3326 3325//3325 3327//3327
f 3326//3326 3327//3327 3328//3328
f 3328//3328 3327//3327 3268//3268
f 3329//3329 3330//3330 3331//3331
f 3331//3331 3330//3330 3332//3332
f 3331//3331 3332//3332 3333//3333
f 3333//3333 3332//3332 3334//3334
f 3333//3333 3334//3334 3335//3335
f 3335//3335 3334//3334 3336//3336
f 3335//3335 3336//3336 3337//3337
f 3337//3337 3336//3336 3338//3338
f 3337//3337 3338//3338 3339//3339
f 3339//3339 3338//3338 3340//3340
f 3339//3339 3340//3340 3341//3341
f 3341//3341 3340//3340 3342//3342
f 3341//3341 3342//3342 3343//3343
f 3343//3343 3342//3342 3344//3344
f 3343//3343 3344//3344 3345//3345
f 3345//3345 3344//3344 3267//3267
f 3346//3346 3347//3347 3348//3348
f 3348//3348 3347//3347 3349//3349
f 3348//3348 3349//3349 3350//3350
f 3350//3350 3349//3349 3351//3351
f 3350//3350 3351//3351 3352//3352
f 3352//3352 3351//3351 3353//3353
f 3352//3352 3353//3353 3354//3354
f 3354//3354 3353//3353 3355//3355
f 3354//3354 3355//3355 3356//3356
f 3356//3356 3355//3355 3357//3357
f 3356//3356 3357//3357 3358//3358
f 3358//3358 3357//3357 3359//3359
f 3358//3358 3359//3359 3360//3360
f 3360//3360 3359//3359 3361//3361
f 3360//3360 3361//3361 3362//3362
f 3362//3362 3361//3361 3261//3261
f 3363//3363 3364//3364 3365//3365
f 3365//3365 3364//3364 3366//3366
f 3365//3365 3366//3366 3367//3367
f 3367//3367 3366//3366 3368//3368
f 3367//3367 3368//3368 3369//3369
f 3369//3369 3368//3368 3370//3370
f 3369//3369 3370//3370 3371//3371
f 3371//3371 3370//3370 3372//3372
f 3371//3371 3372//3372 3373//3373
f 3373//3373 3372//3372 3374//3374
f 3373//3373 3374//3374 3375//3375
f 3375//3375 3374//3374 3376//3376
f 3375//3375 3376//3376 3377//3377
f 3377//3377 3376//3376 3378//3378
f 3377//3377 3378//3378 3379//3379
f 3379//3379 3378//3378 3256//3256
f 3380//3380 3381//3381 3382//3382
f 3382//3382 3381//3381 3383//3383
f 3382//3382 3383//3383 3384//3384
f 3384//3384 3383//3383 3385//3385
f 3384//3384 3385//3385 3386//3386
f 3386//3386 3385//3385 3387//3387
f 3386//3386 3387//3387 3388//3388
f 3388//3388 3387//3387 3389//3389
f 3388//3388 3389//3389 3390//3390
f 3390//3390 3389//3389 3391//3391
f 3390//3390 3391//3391 3392//3392
f 3392//3392 3391//3391 3393//3393
f 3392//3392 3393//3393 3394//3394
f 3394//3394 3393//3393 3395//3395
f 3394//3394 3395//3395 3396//3396
f 3396//3396 3395//3395 3255//3255
f 3397//3397 3398//3398 3399//3399
f 3399//3399 3398//3398 3400//3400
f 3399//3399 3400//3400 3401//3401
f 3401//3401 3400//3400 3402//3402
f 3401//3401 3402//3402 3403//3403
f 3403//3403 3402//3402 3404//3404
f 3403//3403 3404//3404 3405//3405
f 3405//3405 3404//3404 3406//3406
f 3405//3405 3406//3406 3407//3407
f 3407//3407 3406//3406 3408//3408
f 3407//3407 3408//3408 3409//3409
f 3409//3409 3408//3408 3410//3410
f 3409//3409 3410//3410 3411//3411
f 3411//3411 3410//3410 3412//3412
f 3411//3411 3412//3412 3413//3413
f 3413//3413 3412//3412 3251//3251
f 3414//3414 3415//3415 3416//3416
f 3416//3416 3415//3415 3417//3417
f 3416//3416 3417//3417 3418//3418
f 3418//3418 3417//3417 3419//3419
f 3418//3418 3419//3419 3420//3420
f 3420//3420 3419//3419 3421//3421
f 3420//3420 3421//3421 3422//3422
f 3422//3422 3421//3421 3423//3423
f 3422//3422 3423//3423 3424//3424
f 3424//3424 3423//3423 3425//3425
f 3424//3424 3425//3425 3426//3426
f 3426//3426 3425//3425 3427//3427
f 3426//3426 3427//3427 3428//3428
f 3428//3428 3427//3427 3429//3429
f 3428//3428 3429//3429 3430//3430
f 3430//3430 3429//3429 3250//3250
f 3431//3431 3432//3432 3433//3433
f 3433//3433 3432//3432 3434//3434
f 3433//3433 3434//3434 3435//3435
f 3435//3435 3434//3434 3436//3436
f 3435//3435 3436//3436 3437//3437
f 3437//3437 3436//3436 3438//3438
f 3437//3437 3438//3438 3439//3439
f 3439//3439 3438//3438 3440//3440
f 3439//3439 3440//3440 3441//3441
f 3441//3441 3440//3440 3442//3442
f 3441//3441 3442//3442 3443//3443
f 3443//3443 3442//3442 3444//3444
f 3443//3443 3444//3444 3445//3445
f 3445//3445 3444//3444 3446//3446
f 3445//3445 3446//3446 3447//3447
f 3447//3447 3446//3446 3244//3244
f 3448//3448 3449//3449 3450//3450
f 3450//3450 3449//3449 3451//3451
f 3450//3450 3451//3451 3452//3452
f 3452//3452 3451//3451 3453//3453
f 3452//3452 3453//3453 3454//3454
f 3454//3454 3453//3453 3455//3455
f 3454//3454 3455//3455 3456//3456
f 3456//3456 3455//3455 3457//3457
f 3456//3456 3457//3457 3458//3458
f 3458//3458 3457//3457 3459//3459
f 3458//3458 3459//3459 3460//3460
f 3460//3460 3459//3459 3461//3461
f 3460//3460 3461//3461 3462//3462
f 3462//3462 3461//3461 3463//3463
f 3462//3462 3463//3463 3464//3464
f 3464//3464 3463//3463 3277//3277
f 3464//3464 3277//3277 1753//1753
f 1753//1753 3277//3277 1755//1755
f 3449//3449 3465//3465 3451//3451
f 3451//3451 3465//3465 3466//3466
f 3451//3451 3466//3466 3453//3453
f 3453//3453 3466//3466 3467//3467
f 3453//3453 3467//3467 3455//3455
f 3455//3455 3467//3467 3468//3468
f 3455//3455 3468//3468 3457//3457
f 3457//3457 3468//3468 3469//3469
f 3457//3457 3469//3469 3459//3459
f 3459//3459 3469//3469 3470//3470
f 3459//3459 3470//3470 3461//3461
f 3461//3461 3470//3470 3471//3471
f 3461//3461 3471//3471 3463//3463
f 3463//3463 3471//3471 3472//3472
f 3463//3463 3472//3472 3277//3277
f 3277//3277 3472//3472 3276//3276
f 3277//3277 3276//3276 1757//1757
f 1757//1757 3276//3276 1759//1759
f 1763//1763 1761//1761 3473//3473
f 3473//3473 1761//1761 3276//3276
f 3473//3473 3276//3276 3474//3474
f 3474//3474 3276//3276 3472//3472
f 3474//3474 3472//3472 3475//3475
f 3475//3475 3472//3472 3471//3471
f 3475//3475 3471//3471 3476//3476
f 3476//3476 3471//3471 3470//3470
f 3476//3476 3470//3470 3477//3477
f 3477//3477 3470//3470 3469//3469
f 3477//3477 3469//3469 3478//3478
f 3478//3478 3469//3469 3468//3468
f 3478//3478 3468//3468 3479//3479
f 3479//3479 3468//3468 3467//3467
f 3479//3479 3467//3467 3480//3480
f 3480//3480 3467//3467 3466//3466
f 3480//3480 3466//3466 3481//3481
f 3481//3481 3466//3466 3465//3465
f 3481//3481 3482//3482 3480//3480
f 3480//3480 3482//3482 3483//3483
f 3480//3480 3483//3483 3479//3479
f 3479//3479 3483//3483 3484//3484
f 3479//3479 3484//3484 3478//3478
f 3478//3478 3484//3484 3485//3485
f 3478//3478 3485//3485 3477//3477
f 3477//3477 3485//3485 3486//3486
f 3477//3477 3486//3486 3476//3476
f 3476//3476 3486//3486 3487//3487
f 3476//3476 3487//3487 3475//3475
f 3475//3475 3487//3487 3488//3488
f 3475//3475 3488//3488 3474//3474
f 3474//3474 3488//3488 3489//3489
f 3474//3474 3489//3489 3473//3473
f 3473//3473 3489//3489 3275//3275
f 3473//3473 3275//3275 1763//1763
f 1763//1763 3275//3275 1765//1765
f 3482//3482 3490//3490 3483//3483
f 3483//3483 3490//3490 3491//3491
f 3483//3483 3491//3491 3484//3484
f 3484//3484 3491//3491 3492//3492
f 3484//3484 3492//3492 3485//3485
f 3485//3485 3492//3492 3493//3493
f 3485//3485 3493//3493 3486//3486
f 3486//3486 3493//3493 3494//3494
f 3486//3486 3494//3494 3487//3487
f 3487//3487 3494//3494 3495//3495
f 3487//3487 3495//3495 3488//3488
f 3488//3488 3495//3495 3496//3496
f 3488//3488 3496//3496 3489//3489
f 3489//3489 3496//3496 3497//3497
f 3489//3489 3497//3497 3275//3275
f 3275//3275 3497//3497 3274//3274
f 3275//3275 3274//3274 1767//1767
f 1767//1767 3274//3274 1769//1769
f 1773//1773 1771//1771 3498//3498
f 3498//3498 1771//1771 3274//3274
f 3498//3498 3274//3274 3499//3499
f 3499//3499 3274//3274 3497//3497
f 3499//3499 3497//3497 3500//3500
f 3500//3500 3497//3497 3496//3496
f 3500//3500 3496//3496 3501//3501
f 3501//3501 3496//3496 3495//3495
f 3501//3501 3495//3495 3502//3502
f 3502//3502 3495//3495 3494//3494
f 3502//3502 3494//3494 3503//3503
f 3503//3503 3494//3494 3493//3493
f 3503//3503 3493//3493 3504//3504
f 3504//3504 3493//3493 3492//3492
f 3504//3504 3492//3492 3505//3505
f 3505//3505 3492//3492 3491//3491
f 3505//3505 3491//3491 3506//3506
f 3506//3506 3491//3491 3490//3490
f 3506//3506 3278//3278 3505//3505
f 3505//3505 3278//3278 3280//3280
f 3505//3505 3280//3280 3504//3504
f 3504//3504 3280//3280 3282//3282
f 3504//3504 3282//3282 3503//3503
f 3503//3503 3282//3282 3284//3284
f 3503//3503 3284//3284 3502//3502
f 3502//3502 3284//3284 3286//3286
f 3502//3502 3286//3286 3501//3501
f 3501//3501 3286//3286 3288//3288
f 3501//3501 3288//3288 3500//3500
f 3500//3500 3288//3288 3290//3290
f 3500//3500 3290//3290 3499//3499
f 3499//3499 3290//3290 3292//3292
f 3499//3499 3292//3292 3498//3498
f 3498//3498 3292//3292 3294//3294
f 3498//3498 3294//3294 1773//1773
f 1773//1773 3294//3294 1775//1775
f 3273//3273 1779//1779 3294//3294
f 3294//3294 1779//1779 1777//1777
f 3294//3294 1777//1777 1775//1775
f 1782//1782 1781//1781 3507//3507
f 3507//3507 1781//1781 3273//3273
f 3507//3507 3273//3273 3508//3508
f 3508//3508 3273//3273 3293//3293
f 3508//3508 3293//3293 3509//3509
f 3509//3509 3293//3293 3291//3291
f 3509//3509 3291//3291 3510//3510
f 3510//3510 3291//3291 3289//3289
f 3510//3510 3289//3289 3511//3511
f 3511//3511 3289//3289 3287//3287
f 3511//3511 3287//3287 3512//3512
f 3512//3512 3287//3287 3285//3285
f 3512//3512 3285//3285 3513//3513
f 3513//3513 3285//3285 3283//3283
f 3513//3513 3283//3283 3514//3514
f 3514//3514 3283//3283 3281//3281
f 3514//3514 3281//3281 3515//3515
f 3515//3515 3281//3281 3279//3279
f 3515//3515 3295//3295 3514//3514
f 3514//3514 3295//3295 3297//3297
f 3514//3514 3297//3297 3513//3513
f 3513//3513 3297//3297 3299//3299
f 3513//3513 3299//3299 3512//3512
f 3512//3512 3299//3299 3301//3301
f 3512//3512 3301//3301 3511//3511
f 3511//3511 3301//3301 3303//3303
f 3511//3511 3303//3303 3510//3510
f 3510//3510 3303//3303 3305//3305
f 3510//3510 3305//3305 3509//3509
f 3509//3509 3305//3305 3307//3307
f 3509//3509 3307//3307 3508//3508
f 3508//3508 3307//3307 3309//3309
f 3508//3508 3309//3309 3507//3507
f 3507//3507 3309//3309 3311//3311
f 3507//3507 3311//3311 1782//1782
f 1782//1782 3311//3311 1722//1722
f 3272//3272 1717//1717 3311//3311
f 3311//3311 1717//1717 1720//1720
f 3311//3311 1720//1720 1722//1722
f 3296//3296 3516//3516 3298//3298
f 3298//3298 3516//3516 3517//3517
f 3298//3298 3517//3517 3300//3300
f 3300//3300 3517//3517 3518//3518
f 3300//3300 3518//3518 3302//3302
f 3302//3302 3518//3518 3519//3519
f 3302//3302 3519//3519 3304//3304
f 3304//3304 3519//3519 3520//3520
f 3304//3304 3520//3520 3306//3306
f 3306//3306 3520//3520 3521//3521
f 3306//3306 3521//3521 3308//3308
f 3308//3308 3521//3521 3522//3522
f 3308//3308 3522//3522 3310//3310
f 3310//3310 3522//3522 3523//3523
f 3310//3310 3523//3523 3272//3272
f 3272//3272 3523//3523 3271//3271
f 3272//3272 3271//3271 1715//1715
f 1715//1715 3271//3271 1713//1713
f 1705//1705 1707//1707 3524//3524
f 3524//3524 1707//1707 3271//3271
f 3524//3524 3271//3271 3525//3525
f 3525//3525 3271//3271 3523//3523
f 3525//3525 3523//3523 3526//3526
f 3526//3526 3523//3523 3522//3522
f 3526//3526 3522//3522 3527//3527
f 3527//3527 3522//3522 3521//3521
f 3527//3527 3521//3521 3528//3528
f 3528//3528 3521//3521 3520//3520
f 3528//3528 3520//3520 3529//3529
f 3529//3529 3520//3520 3519//3519
f 3529//3529 3519//3519 3530//3530
f 3530//3530 3519//3519 3518//3518
f 3530//3530 3518//3518 3531//3531
f 3531//3531 3518//3518 3517//3517
f 3531//3531 3517//3517 3532//3532
f 3532//3532 3517//3517 3516//3516
f 3532//3532 3533//3533 3531//3531
f 3531//3531 3533//3533 3534//3534
f 3531//3531 3534//3534 3530//3530
f 3530//3530 3534//3534 3535//3535
f 3530//3530 3535//3535 3529//3529
f 3529//3529 3535//3535 3536//3536
f 3529//3529 3536//3536 3528//3528
f 3528//3528 3536//3536 3537//3537
f 3528//3528 3537//3537 3527//3527
f 3527//3527 3537//3537 3538//3538
f 3527//3527 3538//3538 3526//3526
f 3526//3526 3538//3538 3539//3539
f 3526//3526 3539//3539 3525//3525
f 3525//3525 3539//3539 3540//3540
f 3525//3525 3540//3540 3524//3524
f 3524//3524 3540//3540 3270//3270
f 3524//3524 3270//3270 1705//1705
f 1705//1705 3270//3270 1703//1703
f 3533//3533 3541//3541 3534//3534
f 3534//3534 3541//3541 3542//3542
f 3534//3534 3542//3542 3535//3535
f 3535//3535 3542//3542 3543//3543
f 3535//3535 3543//3543 3536//3536
f 3536//3536 3543//3543 3544//3544
f 3536//3536 3544//3544 3537//3537
f 3537//3537 3544//3544 3545//3545
f 3537//3537 3545//3545 3538//3538
f 3538//3538 3545//3545 3546//3546
f 3538//3538 3546//3546 3539//3539
f 3539//3539 3546//3546 3547//3547
f 3539//3539 3547//3547 3540//3540
f 3540//3540 3547//3547 3548//3548
f 3540//3540 3548//3548 3270//3270
f 3270//3270 3548//3548 3269//3269
f 3270//3270 3269//3269 1710//1710
f 1710//1710 3269//3269 1708//1708
f 1700//1700 1702//1702 3549//3549
f 3549//3549 1702//1702 3269//3269
f 3549//3549 3269//3269 3550//3550
f 3550//3550 3269//3269 3548//3548
f 3550//3550 3548//3548 3551//3551
f 3551//3551 3548//3548 3547//3547
f 3551//3551 3547//3547 3552//3552
f 3552//3552 3547//3547 3546//3546
f 3552//3552 3546//3546 3553//3553
f 3553//3553 3546//3546 3545//3545
f 3553//3553 3545//3545 3554//3554
f 3554//3554 3545//3545 3544//3544
f 3554//3554 3544//3544 3555//3555
f 3555//3555 3544//3544 3543//3543
f 3555//3555 3543//3543 3556//3556
f 3556//3556 3543//3543 3542//3542
f 3556//3556 3542//3542 3557//3557
f 3557//3557 3542//3542 3541//3541
f 3557//3557 3312//3312 3556//3556
f 3556//3556 3312//3312 3314//3314
f 3556//3556 3314//3314 3555//3555
f 3555//3555 3314//3314 3316//3316
f 3555//3555 3316//3316 3554//3554
f 3554//3554 3316//3316 3318//3318
f 3554//3554 3318//3318 3553//3553
f 3553//3553 3318//3318 3320//3320
f 3553//3553 3320//3320 3552//3552
f 3552//3552 3320//3320 3322//3322
f 3552//3552 3322//3322 3551//3551
f 3551//3551 3322//3322 3324//3324
f 3551//3551 3324//3324 3550//3550
f 3550//3550 3324//3324 3326//3326
f 3550//3550 3326//3326 3549//3549
f 3549//3549 3326//3326 3328//3328
f 3549//3549 3328//3328 1700//1700
f 1700//1700 3328//3328 1698//1698
f 3268//3268 1563//1563 3328//3328
f 3328//3328 1563//1563 1696//1696
f 3328//3328 1696//1696 1698//1698
f 1693//1693 1564//1564 3558//3558
f 3558//3558 1564//1564 3268//3268
f 3558//3558 3268//3268 3559//3559
f 3559//3559 3268//3268 3327//3327
f 3559//3559 3327//3327 3560//3560
f 3560//3560 3327//3327 3325//3325
f 3560//3560 3325//3325 3561//3561
f 3561//3561 3325//3325 3323//3323
f 3561//3561 3323//3323 3562//3562
f 3562//3562 3323//3323 3321//3321
f 3562//3562 3321//3321 3563//3563
f 3563//3563 3321//3321 3319//3319
f 3563//3563 3319//3319 3564//3564
f 3564//3564 3319//3319 3317//3317
f 3564//3564 3317//3317 3565//3565
f 3565//3565 3317//3317 3315//3315
f 3565//3565 3315//3315 3566//3566
f 3566//3566 3315//3315 3313//3313
f 3566//3566 3329//3329 3565//3565
f 3565//3565 3329//3329 3331//3331
f 3565//3565 3331//3331 3564//3564
f 3564//3564 3331//3331 3333//3333
f 3564//3564 3333//3333 3563//3563
f 3563//3563 3333//3333 3335//3335
f 3563//3563 3335//3335 3562//3562
f 3562//3562 3335//3335 3337//3337
f 3562//3562 3337//3337 3561//3561
f 3561//3561 3337//3337 3339//3339
f 3561//3561 3339//3339 3560//3560
f 3560//3560 3339//3339 3341//3341
f 3560//3560 3341//3341 3559//3559
f 3559//3559 3341//3341 3343//3343
f 3559//3559 3343//3343 3558//3558
f 3558//3558 3343//3343 3345//3345
f 3558//3558 3345//3345 1693//1693
f 1693//1693 3345//3345 1692//1692
f 3267//3267 1686//1686 3345//3345
f 3345//3345 1686//1686 1690//1690
f 3345//3345 1690//1690 1692//1692
f 1682//1682 1684//1684 3266//3266
f 3266//3266 1684//1684 3267//3267
f 3266//3266 3267//3267 3567//3567
f 3567//3567 3267//3267 3344//3344
f 3567//3567 3344//3344 3568//3568
f 3568//3568 3344//3344 3342//3342
f 3568//3568 3342//3342 3569//3569
f 3569//3569 3342//3342 3340//3340
f 3569//3569 3340//3340 3570//3570
f 3570//3570 3340//3340 3338//3338
f 3570//3570 3338//3338 3571//3571
f 3571//3571 3338//3338 3336//3336
f 3571//3571 3336//3336 3572//3572
f 3572//3572 3336//3336 3334//3334
f 3572//3572 3334//3334 3573//3573
f 3573//3573 3334//3334 3332//3332
f 3573//3573 3332//3332 3574//3574
f 3574//3574 3332//3332 3330//3330
f 1671//1671 1673//1673 3575//3575
f 3575//3575 1673//1673 3266//3266
f 3575//3575 3266//3266 3576//3576
f 3576//3576 3266//3266 3567//3567
f 3576//3576 3567//3567 3577//3577
f 3577//3577 3567//3567 3568//3568
f 3577//3577 3568//3568 3578//3578
f 3578//3578 3568//3568 3569//3569
f 3578//3578 3569//3569 3579//3579
f 3579//3579 3569//3569 3570//3570
f 3579//3579 3570//3570 3580//3580
f 3580//3580 3570//3570 3571//3571
f 3580//3580 3571//3571 3581//3581
f 3581//3581 3571//3571 3572//3572
f 3581//3581 3572//3572 3582//3582
f 3582//3582 3572//3572 3573//3573
f 3582//3582 3573//3573 3583//3583
f 3583//3583 3573//3573 3574//3574
f 3583//3583 3584//3584 3582//3582
f 3582//3582 3584//3584 3585//3585
f 3582//3582 3585//3585 3581//3581
f 3581//3581 3585//3585 3586//3586
f 3581//3581 3586//3586 3580//3580
f 3580//3580 3586//3586 3587//3587
f 3580//3580 3587//3587 3579//3579
f 3579//3579 3587//3587 3588//3588
f 3579//3579 3588//3588 3578//3578
f 3578//3578 3588//3588 3589//3589
f 3578//3578 3589//3589 3577//3577
f 3577//3577 3589//3589 3590//3590
f 3577//3577 3590//3590 3576//3576
f 3576//3576 3590//3590 3591//3591
f 3576//3576 3591//3591 3575//3575
f 3575//3575 3591//3591 3265//3265
f 3575//3575 3265//3265 1671//1671
f 1671//1671 3265//3265 1675//1675
f 3584//3584 3592//3592 3585//3585
f 3585//3585 3592//3592 3593//3593
f 3585//3585 3593//3593 3586//3586
f 3586//3586 3593//3593 3594//3594
f 3586//3586 3594//3594 3587//3587
f 3587//3587 3594//3594 3595//3595
f 3587//3587 3595//3595 3588//3588
f 3588//3588 3595//3595 3596//3596
f 3588//3588 3596//3596 3589//3589
f 3589//3589 3596//3596 3597//3597
f 3589//3589 3597//3597 3590//3590
f 3590//3590 3597//3597 3598//3598
f 3590//3590 3598//3598 3591//3591
f 3591//3591 3598//3598 3599//3599
f 3591//3591 3599//3599 3265//3265
f 3265//3265 3599//3599 3264//3264
f 3265//3265 3264//3264 1676//1676
f 1676//1676 3264//3264 1678//1678
f 1664//1664 1679//1679 3600//3600
f 3600//3600 1679//1679 3264//3264
f 3600//3600 3264//3264 3601//3601
f 3601//3601 3264//3264 3599//3599
f 3601//3601 3599//3599 3602//3602
f 3602//3602 3599//3599 3598//3598
f 3602//3602 3598//3598 3603//3603
f 3603//3603 3598//3598 3597//3597
f 3603//3603 3597//3597 3604//3604
f 3604//3604 3597//3597 3596//3596
f 3604//3604 3596//3596 3605//3605
f 3605//3605 3596//3596 3595//3595
f 3605//3605 3595//3595 3606//3606
f 3606//3606 3595//3595 3594//3594
f 3606//3606 3594//3594 3607//3607
f 3607//3607 3594//3594 3593//3593
f 3607//3607 3593//3593 3608//3608
f 3608//3608 3593//3593 3592//3592
f 3608//3608 3609//3609 3607//3607
f 3607//3607 3609//3609 3610//3610
f 3607//3607 3610//3610 3606//3606
f 3606//3606 3610//3610 3611//3611
f 3606//3606 3611//3611 3605//3605
f 3605//3605 3611//3611 3612//3612
f 3605//3605 3612//3612 3604//3604
f 3604//3604 3612//3612 3613//3613
f 3604//3604 3613//3613 3603//3603
f 3603//3603 3613//3613 3614//3614
f 3603//3603 3614//3614 3602//3602
f 3602//3602 3614//3614 3615//3615
f 3602//3602 3615//3615 3601//3601
f 3601//3601 3615//3615 3616//3616
f 3601//3601 3616//3616 3600//3600
f 3600//3600 3616//3616 3263//3263
f 3600//3600 3263//3263 1664//1664
f 1664//1664 3263//3263 1666//1666
f 3609//3609 3617//3617 3610//3610
f 3610//3610 3617//3617 3618//3618
f 3610//3610 3618//3618 3611//3611
f 3611//3611 3618//3618 3619//3619
f 3611//3611 3619//3619 3612//3612
f 3612//3612 3619//3619 3620//3620
f 3612//3612 3620//3620 3613//3613
f 3613//3613 3620//3620 3621//3621
f 3613//3613 3621//3621 3614//3614
f 3614//3614 3621//3621 3622//3622
f 3614//3614 3622//3622 3615//3615
f 3615//3615 3622//3622 3623//3623
f 3615//3615 3623//3623 3616//3616
f 3616//3616 3623//3623 3624//3624
f 3616//3616 3624//3624 3263//3263
f 3263//3263 3624//3624 3262//3262
f 3263//3263 3262//3262 1668//1668
f 1668//1668 3262//3262 1653//1653
f 1656//1656 1654//1654 3625//3625
f 3625//3625 1654//1654 3262//3262
f 3625//3625 3262//3262 3626//3626
f 3626//3626 3262//3262 3624//3624
f 3626//3626 3624//3624 3627//3627
f 3627//3627 3624//3624 3623//3623
f 3627//3627 3623//3623 3628//3628
f 3628//3628 3623//3623 3622//3622
f 3628//3628 3622//3622 3629//3629
f 3629//3629 3622//3622 3621//3621
f 3629//3629 3621//3621 3630//3630
f 3630//3630 3621//3621 3620//3620
f 3630//3630 3620//3620 3631//3631
f 3631//3631 3620//3620 3619//3619
f 3631//3631 3619//3619 3632//3632
f 3632//3632 3619//3619 3618//3618
f 3632//3632 3618//3618 3633//3633
f 3633//3633 3618//3618 3617//3617
f 3633//3633 3346//3346 3632//3632
f 3632//3632 3346//3346 3348//3348
f 3632//3632 3348//3348 3631//3631
f 3631//3631 3348//3348 3350//3350
f 3631//3631 3350//3350 3630//3630
f 3630//3630 3350//3350 3352//3352
f 3630//3630 3352//3352 3629//3629
f 3629//3629 3352//3352 3354//3354
f 3629//3629 3354//3354 3628//3628
f 3628//3628 3354//3354 3356//3356
f 3628//3628 3356//3356 3627//3627
f 3627//3627 3356//3356 3358//3358
f 3627//3627 3358//3358 3626//3626
f 3626//3626 3358//3358 3360//3360
f 3626//3626 3360//3360 3625//3625
f 3625//3625 3360//3360 3362//3362
f 3625//3625 3362//3362 1656//1656
f 1656//1656 3362//3362 1658//1658
f 3261//3261 1647//1647 3362//3362
f 3362//3362 1647//1647 1660//1660
f 3362//3362 1660//1660 1658//1658
f 1650//1650 1648//1648 3634//3634
f 3634//3634 1648//1648 3261//3261
f 3634//3634 3261//3261 3635//3635
f 3635//3635 3261//3261 3361//3361
f 3635//3635 3361//3361 3636//3636
f 3636//3636 3361//3361 3359//3359
f 3636//3636 3359//3359 3637//3637
f 3637//3637 3359//3359 3357//3357
f 3637//3637 3357//3357 3638//3638
f 3638//3638 3357//3357 3355//3355
f 3638//3638 3355//3355 3639//3639
f 3639//3639 3355//3355 3353//3353
f 3639//3639 3353//3353 3640//3640
f 3640//3640 3353//3353 3351//3351
f 3640//3640 3351//3351 3641//3641
f 3641//3641 3351//3351 3349//3349
f 3641//3641 3349//3349 3642//3642
f 3642//3642 3349//3349 3347//3347
f 3642//3642 3643//3643 3641//3641
f 3641//3641 3643//3643 3644//3644
f 3641//3641 3644//3644 3640//3640
f 3640//3640 3644//3644 3645//3645
f 3640//3640 3645//3645 3639//3639
f 3639//3639 3645//3645 3646//3646
f 3639//3639 3646//3646 3638//3638
f 3638//3638 3646//3646 3647//3647
f 3638//3638 3647//3647 3637//3637
f 3637//3637 3647//3647 3648//3648
f 3637//3637 3648//3648 3636//3636
f 3636//3636 3648//3648 3649//3649
f 3636//3636 3649//3649 3635//3635
f 3635//3635 3649//3649 3650//3650
f 3635//3635 3650//3650 3634//3634
f 3634//3634 3650//3650 3651//3651
f 3634//3634 3651//3651 1650//1650
f 1650//1650 3651//3651 1646//1646
f 3643//3643 3652//3652 3644//3644
f 3644//3644 3652//3652 3653//3653
f 3644//3644 3653//3653 3645//3645
f 3645//3645 3653//3653 3654//3654
f 3645//3645 3654//3654 3646//3646
f 3646//3646 3654//3654 3655//3655
f 3646//3646 3655//3655 3647//3647
f 3647//3647 3655//3655 3656//3656
f 3647//3647 3656//3656 3648//3648
f 3648//3648 3656//3656 3657//3657
f 3648//3648 3657//3657 3649//3649
f 3649//3649 3657//3657 3658//3658
f 3649//3649 3658//3658 3650//3650
f 3650//3650 3658//3658 3659//3659
f 3650//3650 3659//3659 3651//3651
f 3651//3651 3659//3659 3260//3260
f 3651//3651 3260//3260 1646//1646
f 1646//1646 3260//3260 1644//1644
f 3652//3652 3660//3660 3653//3653
f 3653//3653 3660//3660 3661//3661
f 3653//3653 3661//3661 3654//3654
f 3654//3654 3661//3661 3662//3662
f 3654//3654 3662//3662 3655//3655
f 3655//3655 3662//3662 3663//3663
f 3655//3655 3663//3663 3656//3656
f 3656//3656 3663//3663 3664//3664
f 3656//3656 3664//3664 3657//3657
f 3657//3657 3664//3664 3665//3665
f 3657//3657 3665//3665 3658//3658
f 3658//3658 3665//3665 3666//3666
f 3658//3658 3666//3666 3659//3659
f 3659//3659 3666//3666 3667//3667
f 3659//3659 3667//3667 3260//3260
f 3260//3260 3667//3667 3259//3259
f 3260//3260 3259//3259 1642//1642
f 1642//1642 3259//3259 1640//1640
f 1636//1636 1638//1638 3668//3668
f 3668//3668 1638//1638 3259//3259
f 3668//3668 3259//3259 3669//3669
f 3669//3669 3259//3259 3667//3667
f 3669//3669 3667//3667 3670//3670
f 3670//3670 3667//3667 3666//3666
f 3670//3670 3666//3666 3671//3671
f 3671//3671 3666//3666 3665//3665
f 3671//3671 3665//3665 3672//3672
f 3672//3672 3665//3665 3664//3664
f 3672//3672 3664//3664 3673//3673
f 3673//3673 3664//3664 3663//3663
f 3673//3673 3663//3663 3674//3674
f 3674//3674 3663//3663 3662//3662
f 3674//3674 3662//3662 3675//3675
f 3675//3675 3662//3662 3661//3661
f 3675//3675 3661//3661 3676//3676
f 3676//3676 3661//3661 3660//3660
f 3676//3676 3677//3677 3675//3675
f 3675//3675 3677//3677 3678//3678
f 3675//3675 3678//3678 3674//3674
f 3674//3674 3678//3678 3679//3679
f 3674//3674 3679//3679 3673//3673
f 3673//3673 3679//3679 3680//3680
f 3673//3673 3680//3680 3672//3672
f 3672//3672 3680//3680 3681//3681
f 3672//3672 3681//3681 3671//3671
f 3671//3671 3681//3681 3682//3682
f 3671//3671 3682//3682 3670//3670
f 3670//3670 3682//3682 3683//3683
f 3670//3670 3683//3683 3669//3669
f 3669//3669 3683//3683 3684//3684
f 3669//3669 3684//3684 3668//3668
f 3668//3668 3684//3684 3258//3258
f 3668//3668 3258//3258 1636//1636
f 1636//1636 3258//3258 1634//1634
f 3677//3677 3685//3685 3678//3678
f 3678//3678 3685//3685 3686//3686
f 3678//3678 3686//3686 3679//3679
f 3679//3679 3686//3686 3687//3687
f 3679//3679 3687//3687 3680//3680
f 3680//3680 3687//3687 3688//3688
f 3680//3680 3688//3688 3681//3681
f 3681//3681 3688//3688 3689//3689
f 3681//3681 3689//3689 3682//3682
f 3682//3682 3689//3689 3690//3690
f 3682//3682 3690//3690 3683//3683
f 3683//3683 3690//3690 3691//3691
f 3683//3683 3691//3691 3684//3684
f 3684//3684 3691//3691 3692//3692
f 3684//3684 3692//3692 3258//3258
f 3258//3258 3692//3692 3257//3257
f 3258//3258 3257//3257 1632//1632
f 1632//1632 3257//3257 1630//1630
f 1626//1626 1628//1628 3693//3693
f 3693//3693 1628//1628 3257//3257
f 3693//3693 3257//3257 3694//3694
f 3694//3694 3257//3257 3692//3692
f 3694//3694 3692//3692 3695//3695
f 3695//3695 3692//3692 3691//3691
f 3695//3695 3691//3691 3696//3696
f 3696//3696 3691//3691 3690//3690
f 3696//3696 3690//3690 3697//3697
f 3697//3697 3690//3690 3689//3689
f 3697//3697 3689//3689 3698//3698
f 3698//3698 3689//3689 3688//3688
f 3698//3698 3688//3688 3699//3699
f 3699//3699 3688//3688 3687//3687
f 3699//3699 3687//3687 3700//3700
f 3700//3700 3687//3687 3686//3686
f 3700//3700 3686//3686 3701//3701
f 3701//3701 3686//3686 3685//3685
f 3701//3701 3363//3363 3700//3700
f 3700//3700 3363//3363 3365//3365
f 3700//3700 3365//3365 3699//3699
f 3699//3699 3365//3365 3367//3367
f 3699//3699 3367//3367 3698//3698
f 3698//3698 3367//3367 3369//3369
f 3698//3698 3369//3369 3697//3697
f 3697//3697 3369//3369 3371//3371
f 3697//3697 3371//3371 3696//3696
f 3696//3696 3371//3371 3373//3373
f 3696//3696 3373//3373 3695//3695
f 3695//3695 3373//3373 3375//3375
f 3695//3695 3375//3375 3694//3694
f 3694//3694 3375//3375 3377//3377
f 3694//3694 3377//3377 3693//3693
f 3693//3693 3377//3377 3379//3379
f 3693//3693 3379//3379 1626//1626
f 1626//1626 3379//3379 1624//1624
f 3256//3256 1620//1620 3379//3379
f 3379//3379 1620//1620 1622//1622
f 3379//3379 1622//1622 1624//1624
f 1616//1616 1618//1618 3702//3702
f 3702//3702 1618//1618 3256//3256
f 3702//3702 3256//3256 3703//3703
f 3703//3703 3256//3256 3378//3378
f 3703//3703 3378//3378 3704//3704
f 3704//3704 3378//3378 3376//3376
f 3704//3704 3376//3376 3705//3705
f 3705//3705 3376//3376 3374//3374
f 3705//3705 3374//3374 3706//3706
f 3706//3706 3374//3374 3372//3372
f 3706//3706 3372//3372 3707//3707
f 3707//3707 3372//3372 3370//3370
f 3707//3707 3370//3370 3708//3708
f 3708//3708 3370//3370 3368//3368
f 3708//3708 3368//3368 3709//3709
f 3709//3709 3368//3368 3366//3366
f 3709//3709 3366//3366 3710//3710
f 3710//3710 3366//3366 3364//3364
f 3710//3710 3380//3380 3709//3709
f 3709//3709 3380//3380 3382//3382
f 3709//3709 3382//3382 3708//3708
f 3708//3708 3382//3382 3384//3384
f 3708//3708 3384//3384 3707//3707
f 3707//3707 3384//3384 3386//3386
f 3707//3707 3386//3386 3706//3706
f 3706//3706 3386//3386 3388//3388
f 3706//3706 3388//3388 3705//3705
f 3705//3705 3388//3388 3390//3390
f 3705//3705 3390//3390 3704//3704
f 3704//3704 3390//3390 3392//3392
f 3704//3704 3392//3392 3703//3703
f 3703//3703 3392//3392 3394//3394
f 3703//3703 3394//3394 3702//3702
f 3702//3702 3394//3394 3396//3396
f 3702//3702 3396//3396 1616//1616
f 1616//1616 3396//3396 1614//1614
f 3255//3255 1610//1610 3396//3396
f 3396//3396 1610//1610 1612//1612
f 3396//3396 1612//1612 1614//1614
f 3381//3381 3711//3711 3383//3383
f 3383//3383 3711//3711 3712//3712
f 3383//3383 3712//3712 3385//3385
f 3385//3385 3712//3712 3713//3713
f 3385//3385 3713//3713 3387//3387
f 3387//3387 3713//3713 3714//3714
f 3387//3387 3714//3714 3389//3389
f 3389//3389 3714//3714 3715//3715
f 3389//3389 3715//3715 3391//3391
f 3391//3391 3715//3715 3716//3716
f 3391//3391 3716//3716 3393//3393
f 3393//3393 3716//3716 3717//3717
f 3393//3393 3717//3717 3395//3395
f 3395//3395 3717//3717 3718//3718
f 3395//3395 3718//3718 3255//3255
f 3255//3255 3718//3718 3254//3254
f 3255//3255 3254//3254 1608//1608
f 1608//1608 3254//3254 1606//1606
f 1602//1602 1604//1604 3719//3719
f 3719//3719 1604//1604 3254//3254
f 3719//3719 3254//3254 3720//3720
f 3720//3720 3254//3254 3718//3718
f 3720//3720 3718//3718 3721//3721
f 3721//3721 3718//3718 3717//3717
f 3721//3721 3717//3717 3722//3722
f 3722//3722 3717//3717 3716//3716
f 3722//3722 3716//3716 3723//3723
f 3723//3723 3716//3716 3715//3715
f 3723//3723 3715//3715 3724//3724
f 3724//3724 3715//3715 3714//3714
f 3724//3724 3714//3714 3725//3725
f 3725//3725 3714//3714 3713//3713
f 3725//3725 3713//3713 3726//3726
f 3726//3726 3713//3713 3712//3712
f 3726//3726 3712//3712 3727//3727
f 3727//3727 3712//3712 3711//3711
f 3727//3727 3728//3728 3726//3726
f 3726//3726 3728//3728 3729//3729
f 3726//3726 3729//3729 3725//3725
f 3725//3725 3729//3729 3730//3730
f 3725//3725 3730//3730 3724//3724
f 3724//3724 3730//3730 3731//3731
f 3724//3724 3731//3731 3723//3723
f 3723//3723 3731//3731 3732//3732
f 3723//3723 3732//3732 3722//3722
f 3722//3722 3732//3732 3733//3733
f 3722//3722 3733//3733 3721//3721
f 3721//3721 3733//3733 3734//3734
f 3721//3721 3734//3734 3720//3720
f 3720//3720 3734//3734 3735//3735
f 3720//3720 3735//3735 3719//3719
f 3719//3719 3735//3735 3253//3253
f 3719//3719 3253//3253 1602//1602
f 1602//1602 3253//3253 1600//1600
f 3728//3728 3736//3736 3729//3729
f 3729//3729 3736//3736 3737//3737
f 3729//3729 3737//3737 3730//3730
f 3730//3730 3737//3737 3738//3738
f 3730//3730 3738//3738 3731//3731
f 3731//3731 3738//3738 3739//3739
f 3731//3731 3739//3739 3732//3732
f 3732//3732 3739//3739 3740//3740
f 3732//3732 3740//3740 3733//3733
f 3733//3733 3740//3740 3741//3741
f 3733//3733 3741//3741 3734//3734
f 3734//3734 3741//3741 3742//3742
f 3734//3734 3742//3742 3735//3735
f 3735//3735 3742//3742 3743//3743
f 3735//3735 3743//3743 3253//3253
f 3253//3253 3743//3743 3252//3252
f 3253//3253 3252//3252 1598//1598
f 1598//1598 3252//3252 1595//1595
f 1592//1592 1594//1594 3744//3744
f 3744//3744 1594//1594 3252//3252
f 3744//3744 3252//3252 3745//3745
f 3745//3745 3252//3252 3743//3743
f 3745//3745 3743//3743 3746//3746
f 3746//3746 3743//3743 3742//3742
f 3746//3746 3742//3742 3747//3747
f 3747//3747 3742//3742 3741//3741
f 3747//3747 3741//3741 3748//3748
f 3748//3748 3741//3741 3740//3740
f 3748//3748 3740//3740 3749//3749
f 3749//3749 3740//3740 3739//3739
f 3749//3749 3739//3739 3750//3750
f 3750//3750 3739//3739 3738//3738
f 3750//3750 3738//3738 3751//3751
f 3751//3751 3738//3738 3737//3737
f 3751//3751 3737//3737 3752//3752
f 3752//3752 3737//3737 3736//3736
f 3752//3752 3397//3397 3751//3751
f 3751//3751 3397//3397 3399//3399
f 3751//3751 3399//3399 3750//3750
f 3750//3750 3399//3399 3401//3401
f 3750//3750 3401//3401 3749//3749
f 3749//3749 3401//3401 3403//3403
f 3749//3749 3403//3403 3748//3748
f 3748//3748 3403//3403 3405//3405
f 3748//3748 3405//3405 3747//3747
f 3747//3747 3405//3405 3407//3407
f 3747//3747 3407//3407 3746//3746
f 3746//3746 3407//3407 3409//3409
f 3746//3746 3409//3409 3745//3745
f 3745//3745 3409//3409 3411//3411
f 3745//3745 3411//3411 3744//3744
f 3744//3744 3411//3411 3413//3413
f 3744//3744 3413//3413 1592//1592
f 1592//1592 3413//3413 1590//1590
f 3251//3251 1586//1586 3413//3413
f 3413//3413 1586//1586 1588//1588
f 3413//3413 1588//1588 1590//1590
f 1582//1582 1584//1584 3753//3753
f 3753//3753 1584//1584 3251//3251
f 3753//3753 3251//3251 3754//3754
f 3754//3754 3251//3251 3412//3412
f 3754//3754 3412//3412 3755//3755
f 3755//3755 3412//3412 3410//3410
f 3755//3755 3410//3410 3756//3756
f 3756//3756 3410//3410 3408//3408
f 3756//3756 3408//3408 3757//3757
f 3757//3757 3408//3408 3406//3406
f 3757//3757 3406//3406 3758//3758
f 3758//3758 3406//3406 3404//3404
f 3758//3758 3404//3404 3759//3759
f 3759//3759 3404//3404 3402//3402
f 3759//3759 3402//3402 3760//3760
f 3760//3760 3402//3402 3400//3400
f 3760//3760 3400//3400 3761//3761
f 3761//3761 3400//3400 3398//3398
f 3761//3761 3414//3414 3760//3760
f 3760//3760 3414//3414 3416//3416
f 3760//3760 3416//3416 3759//3759
f 3759//3759 3416//3416 3418//3418
f 3759//3759 3418//3418 3758//3758
f 3758//3758 3418//3418 3420//3420
f 3758//3758 3420//3420 3757//3757
f 3757//3757 3420//3420 3422//3422
f 3757//3757 3422//3422 3756//3756
f 3756//3756 3422//3422 3424//3424
f 3756//3756 3424//3424 3755//3755
f 3755//3755 3424//3424 3426//3426
f 3755//3755 3426//3426 3754//3754
f 3754//3754 3426//3426 3428//3428
f 3754//3754 3428//3428 3753//3753
f 3753//3753 3428//3428 3430//3430
f 3753//3753 3430//3430 1582//1582
f 1582//1582 3430//3430 1580//1580
f 3250//3250 1576//1576 3430//3430
f 3430//3430 1576//1576 1578//1578
f 3430//3430 1578//1578 1580//1580
f 1572//1572 1574//1574 3249//3249
f 3249//3249 1574//1574 3250//3250
f 3249//3249 3250//3250 3762//3762
f 3762//3762 3250//3250 3429//3429
f 3762//3762 3429//3429 3763//3763
f 3763//3763 3429//3429 3427//3427
f 3763//3763 3427//3427 3764//3764
f 3764//3764 3427//3427 3425//3425
f 3764//3764 3425//3425 3765//3765
f 3765//3765 3425//3425 3423//3423
f 3765//3765 3423//3423 3766//3766
f 3766//3766 3423//3423 3421//3421
f 3766//3766 3421//3421 3767//3767
f 3767//3767 3421//3421 3419//3419
f 3767//3767 3419//3419 3768//3768
f 3768//3768 3419//3419 3417//3417
f 3768//3768 3417//3417 3769//3769
f 3769//3769 3417//3417 3415//3415
f 1566//1566 1569//1569 3770//3770
f 3770//3770 1569//1569 3249//3249
f 3770//3770 3249//3249 3771//3771
f 3771//3771 3249//3249 3762//3762
f 3771//3771 3762//3762 3772//3772
f 3772//3772 3762//3762 3763//3763
f 3772//3772 3763//3763 3773//3773
f 3773//3773 3763//3763 3764//3764
f 3773//3773 3764//3764 3774//3774
f 3774//3774 3764//3764 3765//3765
f 3774//3774 3765//3765 3775//3775
f 3775//3775 3765//3765 3766//3766
f 3775//3775 3766//3766 3776//3776
f 3776//3776 3766//3766 3767//3767
f 3776//3776 3767//3767 3777//3777
f 3777//3777 3767//3767 3768//3768
f 3777//3777 3768//3768 3778//3778
f 3778//3778 3768//3768 3769//3769
f 3778//3778 3779//3779 3777//3777
f 3777//3777 3779//3779 3780//3780
f 3777//3777 3780//3780 3776//3776
f 3776//3776 3780//3780 3781//3781
f 3776//3776 3781//3781 3775//3775
f 3775//3775 3781//3781 3782//3782
f 3775//3775 3782//3782 3774//3774
f 3774//3774 3782//3782 3783//3783
f 3774//3774 3783//3783 3773//3773
f 3773//3773 3783//3783 3784//3784
f 3773//3773 3784//3784 3772//3772
f 3772//3772 3784//3784 3785//3785
f 3772//3772 3785//3785 3771//3771
f 3771//3771 3785//3785 3786//3786
f 3771//3771 3786//3786 3770//3770
f 3770//3770 3786//3786 3248//3248
f 3770//3770 3248//3248 1566//1566
f 1566//1566 3248//3248 1724//1724
f 3779//3779 3787//3787 3780//3780
f 3780//3780 3787//3787 3788//3788
f 3780//3780 3788//3788 3781//3781
f 3781//3781 3788//3788 3789//3789
f 3781//3781 3789//3789 3782//3782
f 3782//3782 3789//3789 3790//3790
f 3782//3782 3790//3790 3783//3783
f 3783//3783 3790//3790 3791//3791
f 3783//3783 3791//3791 3784//3784
f 3784//3784 3791//3791 3792//3792
f 3784//3784 3792//3792 3785//3785
f 3785//3785 3792//3792 3793//3793
f 3785//3785 3793//3793 3786//3786
f 3786//3786 3793//3793 3794//3794
f 3786//3786 3794//3794 3248//3248
f 3248//3248 3794//3794 3247//3247
f 3248//3248 3247//3247 1725//1725
f 1725//1725 3247//3247 1727//1727
f 1731//1731 1729//1729 3795//3795
f 3795//3795 1729//1729 3247//3247
f 3795//3795 3247//3247 3796//3796
f 3796//3796 3247//3247 3794//3794
f 3796//3796 3794//3794 3797//3797
f 3797//3797 3794//3794 3793//3793
f 3797//3797 3793//3793 3798//3798
f 3798//3798 3793//3793 3792//3792
f 3798//3798 3792//3792 3799//3799
f 3799//3799 3792//3792 3791//3791
f 3799//3799 3791//3791 3800//3800
f 3800//3800 3791//3791 3790//3790
f 3800//3800 3790//3790 3801//3801
f 3801//3801 3790//3790 3789//3789
f 3801//3801 3789//3789 3802//3802
f 3802//3802 3789//3789 3788//3788
f 3802//3802 3788//3788 3803//3803
f 3803//3803 3788//3788 3787//3787
f 3803//3803 3804//3804 3802//3802
f 3802//3802 3804//3804 3805//3805
f 3802//3802 3805//3805 3801//3801
f 3801//3801 3805//3805 3806//3806
f 3801//3801 3806//3806 3800//3800
f 3800//3800 3806//3806 3807//3807
f 3800//3800 3807//3807 3799//3799
f 3799//3799 3807//3807 3808//3808
f 3799//3799 3808//3808 3798//3798
f 3798//3798 3808//3808 3809//3809
f 3798//3798 3809//3809 3797//3797
f 3797//3797 3809//3809 3810//3810
f 3797//3797 3810//3810 3796//3796
f 3796//3796 3810//3810 3811//3811
f 3796//3796 3811//3811 3795//3795
f 3795//3795 3811//3811 3246//3246
f 3795//3795 3246//3246 1731//1731
f 1731//1731 3246//3246 1733//1733
f 3804//3804 3812//3812 3805//3805
f 3805//3805 3812//3812 3813//3813
f 3805//3805 3813//3813 3806//3806
f 3806//3806 3813//3813 3814//3814
f 3806//3806 3814//3814 3807//3807
f 3807//3807 3814//3814 3815//3815
f 3807//3807 3815//3815 3808//3808
f 3808//3808 3815//3815 3816//3816
f 3808//3808 3816//3816 3809//3809
f 3809//3809 3816//3816 3817//3817
f 3809//3809 3817//3817 3810//3810
f 3810//3810 3817//3817 3818//3818
f 3810//3810 3818//3818 3811//3811
f 3811//3811 3818//3818 3819//3819
f 3811//3811 3819//3819 3246//3246
f 3246//3246 3819//3819 3245//3245
f 3246//3246 3245//3245 1735//1735
f 1735//1735 3245//3245 1737//1737
f 1741//1741 1739//1739 3820//3820
f 3820//3820 1739//1739 3245//3245
f 3820//3820 3245//3245 3821//3821
f 3821//3821 3245//3245 3819//3819
f 3821//3821 3819//3819 3822//3822
f 3822//3822 3819//3819 3818//3818
f 3822//3822 3818//3818 3823//3823
f 3823//3823 3818//3818 3817//3817
f 3823//3823 3817//3817 3824//3824
f 3824//3824 3817//3817 3816//3816
f 3824//3824 3816//3816 3825//3825
f 3825//3825 3816//3816 3815//3815
f 3825//3825 3815//3815 3826//3826
f 3826//3826 3815//3815 3814//3814
f 3826//3826 3814//3814 3827//3827
f 3827//3827 3814//3814 3813//3813
f 3827//3827 3813//3813 3828//3828
f 3828//3828 3813//3813 3812//3812
f 3828//3828 3431//3431 3827//3827
f 3827//3827 3431//3431 3433//3433
f 3827//3827 3433//3433 3826//3826
f 3826//3826 3433//3433 3435//3435
f 3826//3826 3435//3435 3825//3825
f 3825//3825 3435//3435 3437//3437
f 3825//3825 3437//3437 3824//3824
f 3824//3824 3437//3437 3439//3439
f 3824//3824 3439//3439 3823//3823
f 3823//3823 3439//3439 3441//3441
f 3823//3823 3441//3441 3822//3822
f 3822//3822 3441//3441 3443//3443
f 3822//3822 3443//3443 3821//3821
f 3821//3821 3443//3443 3445//3445
f 3821//3821 3445//3445 3820//3820
f 3820//3820 3445//3445 3447//3447
f 3820//3820 3447//3447 1741//1741
f 1741//1741 3447//3447 1743//1743
f 3244//3244 1747//1747 3447//3447
f 3447//3447 1747//1747 1745//1745
f 3447//3447 1745//1745 1743//1743
f 1751//1751 1749//1749 3829//3829
f 3829//3829 1749//1749 3244//3244
f 3829//3829 3244//3244 3830//3830
f 3830//3830 3244//3244 3446//3446
f 3830//3830 3446//3446 3831//3831
f 3831//3831 3446//3446 3444//3444
f 3831//3831 3444//3444 3832//3832
f 3832//3832 3444//3444 3442//3442
f 3832//3832 3442//3442 3833//3833
f 3833//3833 3442//3442 3440//3440
f 3833//3833 3440//3440 3834//3834
f 3834//3834 3440//3440 3438//3438
f 3834//3834 3438//3438 3835//3835
f 3835//3835 3438//3438 3436//3436
f 3835//3835 3436//3436 3836//3836
f 3836//3836 3436//3436 3434//3434
f 3836//3836 3434//3434 3837//3837
f 3837//3837 3434//3434 3432//3432
f 3837//3837 3448//3448 3836//3836
f 3836//3836 3448//3448 3450//3450
f 3836//3836 3450//3450 3835//3835
f 3835//3835 3450//3450 3452//3452
f 3835//3835 3452//3452 3834//3834
f 3834//3834 3452//3452 3454//3454
f 3834//3834 3454//3454 3833//3833
f 3833//3833 3454//3454 3456//3456
f 3833//3833 3456//3456 3832//3832
f 3832//3832 3456//3456 3458//3458
f 3832//3832 3458//3458 3831//3831
f 3831//3831 3458//3458 3460//3460
f 3831//3831 3460//3460 3830//3830
f 3830//3830 3460//3460 3462//3462
f 3830//3830 3462//3462 3829//3829
f 3829//3829 3462//3462 3464//3464
f 3829//3829 3464//3464 1751//1751
f 1751//1751 3464//3464 1753//1753
f 3838//3838 3839//3839 3840//3840
f 3840//3840 3841//3841 3838//3838
f 3838//3838 3841//3841 3842//3842
f 3838//3838 3842//3842 3843//3843
f 3842//3842 3844//3844 3843//3843
f 3843//3843 3844//3844 3845//3845
f 3843//3843 3845//3845 3846//3846
f 3845//3845 3847//3847 3846//3846
f 3846//3846 3847//3847 3848//3848
f 3846//3846 3848//3848 3849//3849
f 3848//3848 3850//3850 3849//3849
f 3849//3849 3850//3850 3851//3851
f 3849//3849 3851//3851 3852//3852
f 3851//3851 3853//3853 3852//3852
f 3852//3852 3853//3853 3854//3854
f 3852//3852 3854//3854 3855//3855
f 3854//3854 3856//3856 3855//3855
f 3855//3855 3856//3856 3857//3857
f 3855//3855 3857//3857 3858//3858
f 3858//3858 3857//3857 3859//3859
f 3858//3858 3859//3859 3860//3860
f 3859//3859 3861//3861 3860//3860
f 3860//3860 3861//3861 3862//3862
f 3860//3860 3862//3862 3863//3863
f 3862//3862 3864//3864 3863//3863
f 3863//3863 3864//3864 3865//3865
f 3863//3863 3865//3865 3866//3866
f 3865//3865 3867//3867 3866//3866
f 3866//3866 3867//3867 3868//3868
f 3866//3866 3868//3868 3869//3869
f 3868//3868 3870//3870 3869//3869
f 3869//3869 3870//3870 3871//3871
f 3869//3869 3871//3871 3872//3872
f 3871//3871 3873//3873 3872//3872
f 3872//3872 3873//3873 3874//3874
f 3872//3872 3874//3874 3875//3875
f 3874//3874 3876//3876 3875//3875
f 3875//3875 3876//3876 3877//3877
f 3875//3875 3877//3877 3878//3878
f 3877//3877 3879//3879 3878//3878
f 3878//3878 3879//3879 3880//3880
f 3878//3878 3880//3880 3881//3881
f 3880//3880 3882//3882 3881//3881
f 3881//3881 3882//3882 3883//3883
f 3881//3881 3883//3883 3884//3884
f 3883//3883 3885//3885 3884//3884
f 3884//3884 3885//3885 3886//3886
f 3884//3884 3886//3886 3887//3887
f 3886//3886 3888//3888 3887//3887
f 3887//3887 3888//3888 3889//3889
f 3887//3887 3889//3889 3890//3890
f 3889//3889 3891//3891 3890//3890
f 3890//3890 3891//3891 3892//3892
f 3890//3890 3892//3892 3893//3893
f 3892//3892 3894//3894 3893//3893
f 3893//3893 3894//3894 3895//3895
f 3893//3893 3895//3895 3896//3896
f 3895//3895 3897//3897 3896//3896
f 3896//3896 3897//3897 3898//3898
f 3896//3896 3898//3898 3899//3899
f 3898//3898 3900//3900 3899//3899
f 3899//3899 3900//3900 3901//3901
f 3899//3899 3901//3901 3902//3902
f 3902//3902 3901//3901 3903//3903
f 3902//3902 3903//3903 3904//3904
f 3904//3904 3903//3903 3905//3905
f 3904//3904 3905//3905 3906//3906
f 3906//3906 3905//3905 3907//3907
f 3906//3906 3907//3907 3908//3908
f 3907//3907 3909//3909 3908//3908
f 3908//3908 3909//3909 3910//3910
f 3908//3908 3910//3910 3911//3911
f 3910//3910 3912//3912 3911//3911
f 3911//3911 3912//3912 3913//3913
f 3911//3911 3913//3913 3914//3914
f 3913//3913 3915//3915 3914//3914
f 3914//3914 3915//3915 3916//3916
f 3914//3914 3916//3916 3917//3917
f 3916//3916 3918//3918 3917//3917
f 3917//3917 3918//3918 3919//3919
f 3917//3917 3919//3919 3920//3920
f 3919//3919 3921//3921 3920//3920
f 3920//3920 3921//3921 3922//3922
f 3920//3920 3922//3922 3923//3923
f 3922//3922 3924//3924 3923//3923
f 3923//3923 3924//3924 3925//3925
f 3923//3923 3925//3925 3926//3926
f 3925//3925 3927//3927 3926//3926
f 3926//3926 3927//3927 3928//3928
f 3926//3926 3928//3928 3929//3929
f 3928//3928 3930//3930 3929//3929
f 3929//3929 3930//3930 3931//3931
f 3929//3929 3931//3931 3932//3932
f 3931//3931 3933//3933 3932//3932
f 3932//3932 3933//3933 3934//3934
f 3932//3932 3934//3934 3935//3935
f 3934//3934 3936//3936 3935//3935
f 3935//3935 3936//3936 3937//3937
f 3935//3935 3937//3937 3938//3938
f 3937//3937 3939//3939 3938//3938
f 3938//3938 3939//3939 3940//3940
f 3938//3938 3940//3940 3941//3941
f 3940//3940 3942//3942 3941//3941
f 3941//3941 3942//3942 3943//3943
f 3941//3941 3943//3943 3944//3944
f 3943//3943 3945//3945 3944//3944
f 3944//3944 3945//3945 3946//3946
f 3944//3944 3946//3946 3947//3947
f 3946//3946 3948//3948 3947//3947
f 3947//3947 3948//3948 3949//3949
f 3947//3947 3949//3949 3950//3950
f 3950//3950 3949//3949 3951//3951
f 3950//3950 3951//3951 3952//3952
f 3951//3951 3953//3953 3952//3952
f 3952//3952 3953//3953 3954//3954
f 3952//3952 3954//3954 3955//3955
f 3954//3954 3956//3956 3955//3955
f 3955//3955 3956//3956 3957//3957
f 3955//3955 3957//3957 3958//3958
f 3957//3957 3959//3959 3958//3958
f 3958//3958 3959//3959 3960//3960
f 3958//3958 3960//3960 3961//3961
f 3960//3960 3962//3962 3961//3961
f 3961//3961 3962//3962 3963//3963
f 3961//3961 3963//3963 3964//3964
f 3963//3963 3965//3965 3964//3964
f 3964//3964 3965//3965 3966//3966
f 3964//3964 3966//3966 3967//3967
f 3966//3966 3968//3968 3967//3967
f 3967//3967 3968//3968 3969//3969
f 3967//3967 3969//3969 3970//3970
f 3969//3969 3971//3971 3970//3970
f 3970//3970 3971//3971 3972//3972
f 3970//3970 3972//3972 3973//3973
f 3973//3973 3972//3972 3974//3974
f 3973//3973 3974//3974 3839//3839
f 3839//3839 3974//3974 3975//3975
f 3839//3839 3975//3975 3840//3840
f 1884//1884 3976//3976 3977//3977
f 1882//1882 3978//3978 1883//1883
f 1883//1883 3978//3978 3976//3976
f 1883//1883 3976//3976 1876//1876
f 1876//1876 3976//3976 1884//1884
f 1882//1882 1880//1880 3978//3978
f 3978//3978 1880//1880 1879//1879
f 3978//3978 1879//1879 3979//3979
f 1874//1874 3980//3980 1875//1875
f 1875//1875 3980//3980 3979//3979
f 1875//1875 3979//3979 1868//1868
f 1868//1868 3979//3979 1879//1879
f 1874//1874 1872//1872 3980//3980
f 3980//3980 1872//1872 1871//1871
f 3980//3980 1871//1871 3981//3981
f 1871//1871 1867//1867 3981//3981
f 3981//3981 1867//1867 1865//1865
f 3981//3981 1865//1865 3982//3982
f 1860//1860 3983//3983 1862//1862
f 1862//1862 3983//3983 3982//3982
f 1862//1862 3982//3982 1863//1863
f 1863//1863 3982//3982 1865//1865
f 1860//1860 1858//1858 3983//3983
f 3983//3983 1858//1858 1857//1857
f 3983//3983 1857//1857 3984//3984
f 1855//1855 3985//3985 1856//1856
f 1856//1856 3985//3985 3984//3984
f 1856//1856 3984//3984 1849//1849
f 1849//1849 3984//3984 1857//1857
f 1855//1855 1853//1853 3985//3985
f 3985//3985 1853//1853 1852//1852
f 3985//3985 1852//1852 3986//3986
f 1852//1852 1848//1848 3986//3986
f 3986//3986 1848//1848 1846//1846
f 3986//3986 1846//1846 3987//3987
f 1846//1846 1844//1844 3987//3987
f 3987//3987 1844//1844 1843//1843
f 3987//3987 1843//1843 3988//3988
f 3988//3988 1843//1843 1841//1841
f 3988//3988 1841//1841 3989//3989
f 3989//3989 1841//1841 1839//1839
f 3989//3989 1839//1839 1838//1838
f 1836//1836 3990//3990 1837//1837
f 1837//1837 3990//3990 3989//3989
f 1837//1837 3989//3989 1830//1830
f 1830//1830 3989//3989 1838//1838
f 1836//1836 1834//1834 3990//3990
f 3990//3990 1834//1834 1833//1833
f 3990//3990 1833//1833 3991//3991
f 1828//1828 3992//3992 1829//1829
f 1829//1829 3992//3992 3991//3991
f 1829//1829 3991//3991 1822//1822
f 1822//1822 3991//3991 1833//1833
f 1828//1828 1826//1826 3992//3992
f 3992//3992 1826//1826 1825//1825
f 3992//3992 1825//1825 3993//3993
f 1825//1825 1821//1821 3993//3993
f 3993//3993 1821//1821 1819//1819
f 3993//3993 1819//1819 3994//3994
f 1814//1814 3995//3995 1816//1816
f 1816//1816 3995//3995 3994//3994
f 1816//1816 3994//3994 1817//1817
f 1817//1817 3994//3994 1819//1819
f 1814//1814 1812//1812 3995//3995
f 3995//3995 1812//1812 1811//1811
f 3995//3995 1811//1811 3996//3996
f 1809//1809 3997//3997 1810//1810
f 1810//1810 3997//3997 3996//3996
f 1810//1810 3996//3996 1803//1803
f 1803//1803 3996//3996 1811//1811
f 1809//1809 1807//1807 3997//3997
f 3997//3997 1807//1807 1806//1806
f 3997//3997 1806//1806 3998//3998
f 1806//1806 1802//1802 3998//3998
f 3998//3998 1802//1802 1800//1800
f 3998//3998 1800//1800 3999//3999
f 1800//1800 1798//1798 3999//3999
f 3999//3999 1798//1798 1797//1797
f 3999//3999 1797//1797 4000//4000
f 4000//4000 1797//1797 1795//1795
f 4000//4000 1795//1795 4001//4001
f 4001//4001 1795//1795 1793//1793
f 4001//4001 1793//1793 1792//1792
f 1790//1790 4002//4002 1791//1791
f 1791//1791 4002//4002 4001//4001
f 1791//1791 4001//4001 1786//1786
f 1786//1786 4001//4001 1792//1792
f 1790//1790 1785//1785 4002//4002
f 4002//4002 1785//1785 1784//1784
f 4002//4002 1784//1784 4003//4003
f 1784//1784 2002//2002 4003//4003
f 4003//4003 2002//2002 2001//2001
f 4003//4003 2001//2001 4004//4004
f 2001//2001 1999//1999 4004//4004
f 4004//4004 1999//1999 1997//1997
f 4004//4004 1997//1997 4005//4005
f 1997//1997 1995//1995 4005//4005
f 4005//4005 1995//1995 1994//1994
f 4005//4005 1994//1994 4006//4006
f 1992//1992 4007//4007 1993//1993
f 1993//1993 4007//4007 4006//4006
f 1993//1993 4006//4006 1986//1986
f 1986//1986 4006//4006 1994//1994
f 1992//1992 1990//1990 4007//4007
f 4007//4007 1990//1990 1989//1989
f 4007//4007 1989//1989 4008//4008
f 1984//1984 4009//4009 1985//1985
f 1985//1985 4009//4009 4008//4008
f 1985//1985 4008//4008 1978//1978
f 1978//1978 4008//4008 1989//1989
f 1984//1984 1982//1982 4009//4009
f 4009//4009 1982//1982 1981//1981
f 4009//4009 1981//1981 4010//4010
f 1981//1981 1977//1977 4010//4010
f 4010//4010 1977//1977 1975//1975
f 4010//4010 1975//1975 4011//4011
f 1970//1970 4012//4012 1972//1972
f 1972//1972 4012//4012 4011//4011
f 1972//1972 4011//4011 1973//1973
f 1973//1973 4011//4011 1975//1975
f 1970//1970 1968//1968 4012//4012
f 4012//4012 1968//1968 1967//1967
f 4012//4012 1967//1967 4013//4013
f 1965//1965 4014//4014 1966//1966
f 1966//1966 4014//4014 4013//4013
f 1966//1966 4013//4013 1959//1959
f 1959//1959 4013//4013 1967//1967
f 1965//1965 1963//1963 4014//4014
f 4014//4014 1963//1963 1962//1962
f 4014//4014 1962//1962 4015//4015
f 1962//1962 1958//1958 4015//4015
f 4015//4015 1958//1958 1956//1956
f 4015//4015 1956//1956 4016//4016
f 1956//1956 1954//1954 4016//4016
f 4016//4016 1954//1954 1953//1953
f 4016//4016 1953//1953 4017//4017
f 4017//4017 1953//1953 1951//1951
f 4017//4017 1951//1951 4018//4018
f 4018//4018 1951//1951 1949//1949
f 4018//4018 1949//1949 1948//1948
f 1946//1946 4019//4019 1947//1947
f 1947//1947 4019//4019 4018//4018
f 1947//1947 4018//4018 1940//1940
f 1940//1940 4018//4018 1948//1948
f 1946//1946 1944//1944 4019//4019
f 4019//4019 1944//1944 1943//1943
f 4019//4019 1943//1943 4020//4020
f 1938//1938 4021//4021 1939//1939
f 1939//1939 4021//4021 4020//4020
f 1939//1939 4020//4020 1932//1932
f 1932//1932 4020//4020 1943//1943
f 1938//1938 1936//1936 4021//4021
f 4021//4021 1936//1936 1935//1935
f 4021//4021 1935//1935 4022//4022
f 1935//1935 1931//1931 4022//4022
f 4022//4022 1931//1931 1929//1929
f 4022//4022 1929//1929 4023//4023
f 1924//1924 4024//4024 1926//1926
f 1926//1926 4024//4024 4023//4023
f 1926//1926 4023//4023 1927//1927
f 1927//1927 4023//4023 1929//1929
f 1924//1924 1922//1922 4024//4024
f 4024//4024 1922//1922 1921//1921
f 4024//4024 1921//1921 4025//4025
f 1919//1919 4026//4026 1920//1920
f 1920//1920 4026//4026 4025//4025
f 1920//1920 4025//4025 1913//1913
f 1913//1913 4025//4025 1921//1921
f 1919//1919 1917//1917 4026//4026
f 4026//4026 1917//1917 1916//1916
f 4026//4026 1916//1916 4027//4027
f 1916//1916 1912//1912 4027//4027
f 4027//4027 1912//1912 1910//1910
f 4027//4027 1910//1910 4028//4028
f 1910//1910 1908//1908 4028//4028
f 4028//4028 1908//1908 1907//1907
f 4028//4028 1907//1907 4029//4029
f 4029//4029 1907//1907 1905//1905
f 4029//4029 1905//1905 4030//4030
f 4030//4030 1905//1905 1903//1903
f 4030//4030 1903//1903 1902//1902
f 1900//1900 4031//4031 1901//1901
f 1901//1901 4031//4031 4030//4030
f 1901//1901 4030//4030 1894//1894
f 1894//1894 4030//4030 1902//1902
f 1900//1900 1898//1898 4031//4031
f 4031//4031 1898//1898 1897//1897
f 4031//4031 1897//1897 4032//4032
f 1897//1897 1893//1893 4032//4032
f 4032//4032 1893//1893 1891//1891
f 4032//4032 1891//1891 4033//4033
f 1891//1891 1889//1889 4033//4033
f 4033//4033 1889//1889 1887//1887
f 4033//4033 1887//1887 3977//3977
f 3977//3977 1887//1887 1885//1885
f 3977//3977 1885//1885 1884//1884
f 4001//4001 3617//3617 4000//4000
f 4000//4000 3617//3617 3609//3609
f 4000//4000 3609//3609 3999//3999
f 3999//3999 3609//3609 3608//3608
f 3999//3999 3608//3608 3998//3998
f 3998//3998 3608//3608 3592//3592
f 3998//3998 3592//3592 3997//3997
f 3997//3997 3592//3592 3584//3584
f 3997//3997 3584//3584 3996//3996
f 3996//3996 3584//3584 3583//3583
f 3996//3996 3583//3583 3995//3995
f 3995//3995 3583//3583 3574//3574
f 3995//3995 3574//3574 3994//3994
f 3574//3574 3330//3330 3994//3994
f 3994//3994 3330//3330 3329//3329
f 3994//3994 3329//3329 3993//3993
f 3993//3993 3329//3329 3566//3566
f 3993//3993 3566//3566 3992//3992
f 3992//3992 3566//3566 3313//3313
f 3992//3992 3313//3313 3991//3991
f 3991//3991 3313//3313 3312//3312
f 3991//3991 3312//3312 3990//3990
f 3990//3990 3312//3312 3557//3557
f 3990//3990 3557//3557 3989//3989
f 3989//3989 3557//3557 3541//3541
f 3989//3989 3541//3541 3988//3988
f 3988//3988 3541//3541 3533//3533
f 3988//3988 3533//3533 3987//3987
f 4009//4009 3677//3677 4008//4008
f 4008//4008 3677//3677 3676//3676
f 4008//4008 3676//3676 4007//4007
f 4007//4007 3676//3676 3660//3660
f 4007//4007 3660//3660 4006//4006
f 4006//4006 3660//3660 3652//3652
f 4006//4006 3652//3652 4005//4005
f 4005//4005 3652//3652 3643//3643
f 4005//4005 3643//3643 4004//4004
f 4004//4004 3643//3643 3642//3642
f 4004//4004 3642//3642 4003//4003
f 4003//4003 3642//3642 3347//3347
f 4003//4003 3347//3347 4002//4002
f 4002//4002 3347//3347 3346//3346
f 4002//4002 3346//3346 4001//4001
f 4001//4001 3346//3346 3633//3633
f 4001//4001 3633//3633 3617//3617
f 3533//3533 3532//3532 3987//3987
f 3987//3987 3532//3532 3516//3516
f 3987//3987 3516//3516 3986//3986
f 3986//3986 3516//3516 3296//3296
f 3986//3986 3296//3296 3985//3985
f 3985//3985 3296//3296 3295//3295
f 3985//3985 3295//3295 3984//3984
f 3984//3984 3295//3295 3515//3515
f 3984//3984 3515//3515 3983//3983
f 3983//3983 3515//3515 3279//3279
f 3983//3983 3279//3279 3982//3982
f 3982//3982 3279//3279 3278//3278
f 3982//3982 3278//3278 3981//3981
f 3981//3981 3278//3278 3506//3506
f 3981//3981 3506//3506 3980//3980
f 3506//3506 3490//3490 3980//3980
f 3980//3980 3490//3490 3482//3482
f 3980//3980 3482//3482 3979//3979
f 3979//3979 3482//3482 3481//3481
f 3979//3979 3481//3481 3978//3978
f 3978//3978 3481//3481 3465//3465
f 3978//3978 3465//3465 3976//3976
f 3976//3976 3465//3465 3449//3449
f 3976//3976 3449//3449 3977//3977
f 3977//3977 3449//3449 3448//3448
f 3977//3977 3448//3448 4033//4033
f 4033//4033 3448//3448 3837//3837
f 4033//4033 3837//3837 4032//4032
f 4032//4032 3837//3837 3432//3432
f 4032//4032 3432//3432 4031//4031
f 4031//4031 3432//3432 3431//3431
f 4031//4031 3431//3431 4030//4030
f 4016//4016 3711//3711 4015//4015
f 4015//4015 3711//3711 3381//3381
f 4015//4015 3381//3381 4014//4014
f 4014//4014 3381//3381 3380//3380
f 4014//4014 3380//3380 4013//4013
f 4013//4013 3380//3380 3710//3710
f 4013//4013 3710//3710 4012//4012
f 4012//4012 3710//3710 3364//3364
f 4012//4012 3364//3364 4011//4011
f 4011//4011 3364//3364 3363//3363
f 4011//4011 3363//3363 4010//4010
f 4010//4010 3363//3363 3701//3701
f 4010//4010 3701//3701 4009//4009
f 4009//4009 3701//3701 3685//3685
f 4009//4009 3685//3685 3677//3677
f 3431//3431 3828//3828 4030//4030
f 4030//4030 3828//3828 3812//3812
f 4030//4030 3812//3812 4029//4029
f 4029//4029 3812//3812 3804//3804
f 4029//4029 3804//3804 4028//4028
f 4028//4028 3804//3804 3803//3803
f 4028//4028 3803//3803 4027//4027
f 4027//4027 3803//3803 3787//3787
f 4027//4027 3787//3787 4026//4026
f 4026//4026 3787//3787 3779//3779
f 4026//4026 3779//3779 4025//4025
f 4025//4025 3779//3779 3778//3778
f 4025//4025 3778//3778 4024//4024
f 4024//4024 3778//3778 3769//3769
f 4024//4024 3769//3769 4023//4023
f 3769//3769 3415//3415 4023//4023
f 4023//4023 3415//3415 3414//3414
f 4023//4023 3414//3414 4022//4022
f 4022//4022 3414//3414 3761//3761
f 4022//4022 3761//3761 4021//4021
f 4021//4021 3761//3761 3398//3398
f 4021//4021 3398//3398 4020//4020
f 4020//4020 3398//3398 3397//3397
f 4020//4020 3397//3397 4019//4019
f 4019//4019 3397//3397 3752//3752
f 4019//4019 3752//3752 4018//4018
f 4018//4018 3752//3752 3736//3736
f 4018//4018 3736//3736 4017//4017
f 4017//4017 3736//3736 3728//3728
f 4017//4017 3728//3728 4016//4016
f 4016//4016 3728//3728 3727//3727
f 4016//4016 3727//3727 3711//3711
f 3855//3855 2628//2628 3852//3852
f 3852//3852 2628//2628 2627//2627
f 3852//3852 2627//2627 3849//3849
f 3858//3858 2630//2630 3855//3855
f 3855//3855 2630//2630 2629//2629
f 3855//3855 2629//2629 2628//2628
f 3843//3843 2621//2621 3838//3838
f 3838//3838 2621//2621 2620//2620
f 3838//3838 2620//2620 3839//3839
f 3846//3846 2623//2623 3843//3843
f 3843//3843 2623//2623 2622//2622
f 3843//3843 2622//2622 2621//2621
f 3866//3866 2635//2635 3863//3863
f 3863//3863 2635//2635 2634//2634
f 3863//3863 2634//2634 3860//3860
f 2634//2634 2633//2633 3860//3860
f 3860//3860 2633//2633 2632//2632
f 3860//3860 2632//2632 3858//3858
f 3858//3858 2632//2632 2631//2631
f 3858//3858 2631//2631 2630//2630
f 3869//3869 2637//2637 3866//3866
f 3866//3866 2637//2637 2636//2636
f 3866//3866 2636//2636 2635//2635
f 3878//3878 2642//2642 3875//3875
f 3875//3875 2642//2642 2641//2641
f 3875//3875 2641//2641 3872//3872
f 3881//3881 2644//2644 3878//3878
f 3878//3878 2644//2644 2643//2643
f 3878//3878 2643//2643 2642//2642
f 3973//3973 2616//2616 3970//3970
f 3970//3970 2616//2616 2615//2615
f 3970//3970 2615//2615 3967//3967
f 2620//2620 2619//2619 3839//3839
f 3839//3839 2619//2619 2618//2618
f 3839//3839 2618//2618 3973//3973
f 3973//3973 2618//2618 2617//2617
f 3973//3973 2617//2617 2616//2616
f 2627//2627 2626//2626 3849//3849
f 3849//3849 2626//2626 2625//2625
f 3849//3849 2625//2625 3846//3846
f 3846//3846 2625//2625 2624//2624
f 3846//3846 2624//2624 2623//2623
f 3884//3884 2646//2646 3881//3881
f 3881//3881 2646//2646 2645//2645
f 3881//3881 2645//2645 2644//2644
f 2641//2641 2640//2640 3872//3872
f 3872//3872 2640//2640 2639//2639
f 3872//3872 2639//2639 3869//3869
f 3869//3869 2639//2639 2638//2638
f 3869//3869 2638//2638 2637//2637
f 3890//3890 2649//2649 3887//3887
f 3887//3887 2649//2649 2648//2648
f 3887//3887 2648//2648 3884//3884
f 3884//3884 2648//2648 2647//2647
f 3884//3884 2647//2647 2646//2646
f 3893//3893 2651//2651 3890//3890
f 3890//3890 2651//2651 2650//2650
f 3890//3890 2650//2650 2649//2649
f 3896//3896 2653//2653 3893//3893
f 3893//3893 2653//2653 2652//2652
f 3893//3893 2652//2652 2651//2651
f 3902//3902 2656//2656 3899//3899
f 3899//3899 2656//2656 2655//2655
f 3899//3899 2655//2655 3896//3896
f 3896//3896 2655//2655 2654//2654
f 3896//3896 2654//2654 2653//2653
f 3917//3917 3920//3920 2585//2585
f 3926//3926 2588//2588 3923//3923
f 3923//3923 2588//2588 2587//2587
f 3923//3923 2587//2587 3920//3920
f 3920//3920 2587//2587 2586//2586
f 3920//3920 2586//2586 2585//2585
f 3914//3914 2581//2581 3911//3911
f 3911//3911 2581//2581 2580//2580
f 3911//3911 2580//2580 3908//3908
f 2585//2585 2584//2584 3917//3917
f 3917//3917 2584//2584 2583//2583
f 3917//3917 2583//2583 3914//3914
f 3914//3914 2583//2583 2582//2582
f 3914//3914 2582//2582 2581//2581
f 3950//3950 2602//2602 3947//3947
f 3947//3947 2602//2602 2601//2601
f 3947//3947 2601//2601 3944//3944
f 2580//2580 2579//2579 3908//3908
f 3908//3908 2579//2579 2578//2578
f 3908//3908 2578//2578 3906//3906
f 3906//3906 2578//2578 2577//2577
f 3906//3906 2577//2577 3904//3904
f 3904//3904 2577//2577 2658//2658
f 3904//3904 2658//2658 3902//3902
f 3902//3902 2658//2658 2657//2657
f 3902//3902 2657//2657 2656//2656
f 3929//3929 2590//2590 3926//3926
f 3926//3926 2590//2590 2589//2589
f 3926//3926 2589//2589 2588//2588
f 3932//3932 2592//2592 3929//3929
f 3929//3929 2592//2592 2591//2591
f 3929//3929 2591//2591 2590//2590
f 3938//3938 2595//2595 3935//3935
f 3935//3935 2595//2595 2594//2594
f 3935//3935 2594//2594 3932//3932
f 3932//3932 2594//2594 2593//2593
f 3932//3932 2593//2593 2592//2592
f 2601//2601 2600//2600 3944//3944
f 3944//3944 2600//2600 2599//2599
f 3944//3944 2599//2599 3941//3941
f 3952//3952 2604//2604 3950//3950
f 3950//3950 2604//2604 2603//2603
f 3950//3950 2603//2603 2602//2602
f 3961//3961 2609//2609 3958//3958
f 3958//3958 2609//2609 2608//2608
f 3958//3958 2608//2608 3955//3955
f 3964//3964 2611//2611 3961//3961
f 3961//3961 2611//2611 2610//2610
f 3961//3961 2610//2610 2609//2609
f 2599//2599 2598//2598 3941//3941
f 3941//3941 2598//2598 2597//2597
f 3941//3941 2597//2597 3938//3938
f 3938//3938 2597//2597 2596//2596
f 3938//3938 2596//2596 2595//2595
f 2615//2615 2614//2614 3967//3967
f 3967//3967 2614//2614 2613//2613
f 3967//3967 2613//2613 3964//3964
f 3964//3964 2613//2613 2612//2612
f 3964//3964 2612//2612 2611//2611
f 2608//2608 2607//2607 3955//3955
f 3955//3955 2607//2607 2606//2606
f 3955//3955 2606//2606 3952//3952
f 3952//3952 2606//2606 2605//2605
f 3952//3952 2605//2605 2604//2604
f 4034//4034 3222//3222 4035//4035
f 4035//4035 3222//3222 3221//3221
f 4035//4035 3221//3221 4036//4036
f 4037//4037 3225//3225 4038//4038
f 4038//4038 3225//3225 3224//3224
f 4038//4038 3224//3224 4034//4034
f 4034//4034 3224//3224 3223//3223
f 4034//4034 3223//3223 3222//3222
f 4039//4039 3213//3213 4040//4040
f 4040//4040 3213//3213 3212//3212
f 4040//4040 3212//3212 4041//4041
f 4042//4042 3229//3229 4043//4043
f 4043//4043 3229//3229 3228//3228
f 4043//4043 3228//3228 4044//4044
f 4044//4044 3228//3228 3227//3227
f 4044//4044 3227//3227 4037//4037
f 4037//4037 3227//3227 3226//3226
f 4037//4037 3226//3226 3225//3225
f 4045//4045 3232//3232 4046//4046
f 4046//4046 3232//3232 3231//3231
f 4046//4046 3231//3231 4042//4042
f 4042//4042 3231//3231 3230//3230
f 4042//4042 3230//3230 3229//3229
f 4047//4047 3201//3201 4048//4048
f 4048//4048 3201//3201 3200//3200
f 4048//4048 3200//3200 4049//4049
f 4050//4050 3216//3216 4051//4051
f 4051//4051 3216//3216 3215//3215
f 4051//4051 3215//3215 4039//4039
f 4039//4039 3215//3215 3214//3214
f 4039//4039 3214//3214 3213//3213
f 3221//3221 3220//3220 4036//4036
f 4036//4036 3220//3220 3219//3219
f 4036//4036 3219//3219 4052//4052
f 4052//4052 3219//3219 3218//3218
f 4052//4052 3218//3218 4050//4050
f 4050//4050 3218//3218 3217//3217
f 4050//4050 3217//3217 3216//3216
f 4053//4053 3235//3235 4054//4054
f 4054//4054 3235//3235 3234//3234
f 4054//4054 3234//3234 4045//4045
f 4045//4045 3234//3234 3233//3233
f 4045//4045 3233//3233 3232//3232
f 4055//4055 3207//3207 4056//4056
f 4056//4056 3207//3207 3206//3206
f 4056//4056 3206//3206 4057//4057
f 4058//4058 3238//3238 4059//4059
f 4059//4059 3238//3238 3237//3237
f 4059//4059 3237//3237 4053//4053
f 4053//4053 3237//3237 3236//3236
f 4053//4053 3236//3236 3235//3235
f 4060//4060 3179//3179 4061//4061
f 4061//4061 3179//3179 3243//3243
f 4061//4061 3243//3243 4062//4062
f 3206//3206 3205//3205 4057//4057
f 4057//4057 3205//3205 3204//3204
f 4057//4057 3204//3204 4063//4063
f 4063//4063 3204//3204 3203//3203
f 4063//4063 3203//3203 4047//4047
f 4047//4047 3203//3203 3202//3202
f 4047//4047 3202//3202 3201//3201
f 3212//3212 3211//3211 4041//4041
f 4041//4041 3211//3211 3210//3210
f 4041//4041 3210//3210 4064//4064
f 4064//4064 3210//3210 3209//3209
f 4064//4064 3209//3209 4055//4055
f 4055//4055 3209//3209 3208//3208
f 4055//4055 3208//3208 3207//3207
f 3243//3243 3242//3242 4062//4062
f 4062//4062 3242//3242 3241//3241
f 4062//4062 3241//3241 4065//4065
f 4065//4065 3241//3241 3240//3240
f 4065//4065 3240//3240 4058//4058
f 4058//4058 3240//3240 3239//3239
f 4058//4058 3239//3239 3238//3238
f 4066//4066 3185//3185 4067//4067
f 4067//4067 3185//3185 3184//3184
f 4067//4067 3184//3184 4068//4068
f 3184//3184 3183//3183 4068//4068
f 4068//4068 3183//3183 3182//3182
f 4068//4068 3182//3182 4069//4069
f 4069//4069 3182//3182 3181//3181
f 4069//4069 3181//3181 4060//4060
f 4060//4060 3181//3181 3180//3180
f 4060//4060 3180//3180 3179//3179
f 4070//4070 3191//3191 4071//4071
f 4071//4071 3191//3191 3190//3190
f 4071//4071 3190//3190 4072//4072
f 3190//3190 3189//3189 4072//4072
f 4072//4072 3189//3189 3188//3188
f 4072//4072 3188//3188 4073//4073
f 4073//4073 3188//3188 3187//3187
f 4073//4073 3187//3187 4066//4066
f 4066//4066 3187//3187 3186//3186
f 4066//4066 3186//3186 3185//3185
f 4074//4074 3195//3195 4075//4075
f 4075//4075 3195//3195 3194//3194
f 4075//4075 3194//3194 4076//4076
f 4076//4076 3194//3194 3193//3193
f 4076//4076 3193//3193 4070//4070
f 4070//4070 3193//3193 3192//3192
f 4070//4070 3192//3192 3191//3191
f 3200//3200 3199//3199 4049//4049
f 4049//4049 3199//3199 3198//3198
f 4049//4049 3198//3198 4077//4077
f 4077//4077 3198//3198 3197//3197
f 4077//4077 3197//3197 4074//4074
f 4074//4074 3197//3197 3196//3196
f 4074//4074 3196//3196 3195//3195
f 3972//3972 4060//4060 4061//4061
f 3972//3972 3971//3971 4060//4060
f 4060//4060 3971//3971 3969//3969
f 4060//4060 3969//3969 4069//4069
f 3969//3969 3968//3968 4069//4069
f 4069//4069 3968//3968 3966//3966
f 4069//4069 3966//3966 4068//4068
f 3966//3966 3965//3965 4068//4068
f 4068//4068 3965//3965 3963//3963
f 4068//4068 3963//3963 4067//4067
f 3963//3963 3962//3962 4067//4067
f 4067//4067 3962//3962 3960//3960
f 4067//4067 3960//3960 4066//4066
f 3960//3960 3959//3959 4066//4066
f 4066//4066 3959//3959 3957//3957
f 4066//4066 3957//3957 4073//4073
f 3957//3957 3956//3956 4073//4073
f 4073//4073 3956//3956 3954//3954
f 4073//4073 3954//3954 4072//4072
f 3954//3954 3953//3953 4072//4072
f 4072//4072 3953//3953 3951//3951
f 4072//4072 3951//3951 4071//4071
f 3951//3951 3949//3949 4071//4071
f 4071//4071 3949//3949 3948//3948
f 4071//4071 3948//3948 4070//4070
f 3948//3948 3946//3946 4070//4070
f 4070//4070 3946//3946 3945//3945
f 4070//4070 3945//3945 4076//4076
f 3945//3945 3943//3943 4076//4076
f 4076//4076 3943//3943 3942//3942
f 4076//4076 3942//3942 4075//4075
f 3942//3942 3940//3940 4075//4075
f 4075//4075 3940//3940 3939//3939
f 4075//4075 3939//3939 4074//4074
f 3939//3939 3937//3937 4074//4074
f 4074//4074 3937//3937 3936//3936
f 4074//4074 3936//3936 4077//4077
f 3931//3931 4049//4049 3933//3933
f 3933//3933 4049//4049 4077//4077
f 3933//3933 4077//4077 3934//3934
f 3934//3934 4077//4077 3936//3936
f 3931//3931 3930//3930 4049//4049
f 4049//4049 3930//3930 3928//3928
f 4049//4049 3928//3928 4048//4048
f 3928//3928 3927//3927 4048//4048
f 4048//4048 3927//3927 3925//3925
f 4048//4048 3925//3925 4047//4047
f 3925//3925 3924//3924 4047//4047
f 4047//4047 3924//3924 3922//3922
f 4047//4047 3922//3922 4063//4063
f 3922//3922 3921//3921 4063//4063
f 4063//4063 3921//3921 3919//3919
f 4063//4063 3919//3919 4057//4057
f 3919//3919 3918//3918 4057//4057
f 4057//4057 3918//3918 3916//3916
f 4057//4057 3916//3916 4056//4056
f 3916//3916 3915//3915 4056//4056
f 4056//4056 3915//3915 3913//3913
f 4056//4056 3913//3913 4055//4055
f 3913//3913 3912//3912 4055//4055
f 4055//4055 3912//3912 3910//3910
f 4055//4055 3910//3910 4064//4064
f 3910//3910 3909//3909 4064//4064
f 4064//4064 3909//3909 3907//3907
f 4064//4064 3907//3907 4041//4041
f 3907//3907 3905//3905 4041//4041
f 4041//4041 3905//3905 3903//3903
f 4041//4041 3903//3903 4040//4040
f 3903//3903 3901//3901 4040//4040
f 4040//4040 3901//3901 3900//3900
f 4040//4040 3900//3900 4039//4039
f 3900//3900 3898//3898 4039//4039
f 4039//4039 3898//3898 3897//3897
f 4039//4039 3897//3897 4051//4051
f 3897//3897 3895//3895 4051//4051
f 4051//4051 3895//3895 3894//3894
f 4051//4051 3894//3894 4050//4050
f 3894//3894 3892//3892 4050//4050
f 4050//4050 3892//3892 3891//3891
f 4050//4050 3891//3891 4052//4052
f 3891//3891 3889//3889 4052//4052
f 4052//4052 3889//3889 3888//3888
f 4052//4052 3888//3888 4036//4036
f 3883//3883 4035//4035 3885//3885
f 3885//3885 4035//4035 4036//4036
f 3885//3885 4036//4036 3886//3886
f 3886//3886 4036//4036 3888//3888
f 3883//3883 3882//3882 4035//4035
f 4035//4035 3882//3882 3880//3880
f 4035//4035 3880//3880 4034//4034
f 3880//3880 3879//3879 4034//4034
f 4034//4034 3879//3879 3877//3877
f 4034//4034 3877//3877 4038//4038
f 3877//3877 3876//3876 4038//4038
f 4038//4038 3876//3876 3874//3874
f 4038//4038 3874//3874 4037//4037
f 3874//3874 3873//3873 4037//4037
f 4037//4037 3873//3873 3871//3871
f 4037//4037 3871//3871 4044//4044
f 3871//3871 3870//3870 4044//4044
f 4044//4044 3870//3870 3868//3868
f 4044//4044 3868//3868 4043//4043
f 3868//3868 3867//3867 4043//4043
f 4043//4043 3867//3867 3865//3865
f 4043//4043 3865//3865 4042//4042
f 3865//3865 3864//3864 4042//4042
f 4042//4042 3864//3864 3862//3862
f 4042//4042 3862//3862 4046//4046
f 3862//3862 3861//3861 4046//4046
f 4046//4046 3861//3861 3859//3859
f 4046//4046 3859//3859 4045//4045
f 3859//3859 3857//3857 4045//4045
f 4045//4045 3857//3857 3856//3856
f 4045//4045 3856//3856 4054//4054
f 3856//3856 3854//3854 4054//4054
f 4054//4054 3854//3854 3853//3853
f 4054//4054 3853//3853 4053//4053
f 3853//3853 3851//3851 4053//4053
f 4053//4053 3851//3851 3850//3850
f 4053//4053 3850//3850 4059//4059
f 3850//3850 3848//3848 4059//4059
f 4059//4059 3848//3848 3847//3847
f 4059//4059 3847//3847 4058//4058
f 3847//3847 3845//3845 4058//4058
f 4058//4058 3845//3845 3844//3844
f 4058//4058 3844//3844 4065//4065
f 3844//3844 3842//3842 4065//4065
f 4065//4065 3842//3842 3841//3841
f 4065//4065 3841//3841 4062//4062
f 3841//3841 3840//3840 4062//4062
f 4062//4062 3840//3840 3975//3975
f 4062//4062 3975//3975 4061//4061
f 4061//4061 3975//3975 3974//3974
f 4061//4061 3974//3974 3972//3972
f 4078//4078 4079//4079 4080//4080
f 4080//4080 4079//4079 4081//4081
f 4080//4080 4081//4081 4082//4082
f 4082//4082 4081//4081 4083//4083
f 4082//4082 4083//4083 4084//4084
f 4084//4084 4083//4083 4085//4085
f 4084//4084 4085//4085 4086//4086
f 4086//4086 4085//4085 4087//4087
f 4086//4086 4087//4087 4088//4088
f 4088//4088 4087//4087 4089//4089
f 4088//4088 4089//4089 4090//4090
f 4090//4090 4089//4089 4091//4091
f 4090//4090 4091//4091 4092//4092
f 4092//4092 4091//4091 4093//4093
f 4092//4092 4093//4093 4094//4094
f 4094//4094 4093//4093 4095//4095
f 4094//4094 4095//4095 4096//4096
f 4096//4096 4095//4095 4097//4097
f 4096//4096 4097//4097 4098//4098
f 4098//4098 4097//4097 4099//4099
f 4098//4098 4099//4099 4100//4100
f 4100//4100 4099//4099 4101//4101
f 4100//4100 4101//4101 4102//4102
f 4102//4102 4101//4101 4103//4103
f 4102//4102 4103//4103 4104//4104
f 4104//4104 4103//4103 4105//4105
f 4104//4104 4105//4105 4106//4106
f 4106//4106 4105//4105 4107//4107
f 4106//4106 4107//4107 4108//4108
f 4108//4108 4107//4107 4109//4109
f 4108//4108 4109//4109 4110//4110
f 4110//4110 4109//4109 4111//4111
f 4110//4110 4111//4111 4112//4112
f 4112//4112 4111//4111 4113//4113
f 4112//4112 4113//4113 4114//4114
f 4114//4114 4113//4113 4115//4115
f 4114//4114 4115//4115 4116//4116
f 4116//4116 4115//4115 4117//4117
f 4116//4116 4117//4117 4118//4118
f 4118//4118 4117//4117 4119//4119
f 4118//4118 4119//4119 4120//4120
f 4120//4120 4119//4119 4121//4121
f 4120//4120 4121//4121 4122//4122
f 4122//4122 4121//4121 4123//4123
f 4122//4122 4123//4123 4124//4124
f 4124//4124 4123//4123 4125//4125
f 4124//4124 4125//4125 4126//4126
f 4126//4126 4125//4125 4127//4127
f 4126//4126 4127//4127 4128//4128
f 4128//4128 4127//4127 4129//4129
f 4128//4128 4129//4129 4130//4130
f 4130//4130 4129//4129 4131//4131
f 4130//4130 4131//4131 4132//4132
f 4132//4132 4131//4131 4133//4133
f 4132//4132 4133//4133 4134//4134
f 4134//4134 4133//4133 4135//4135
f 4134//4134 4135//4135 4136//4136
f 4136//4136 4135//4135 4137//4137
f 4136//4136 4137//4137 4138//4138
f 4138//4138 4137//4137 4139//4139
f 4138//4138 4139//4139 4140//4140
f 4140//4140 4139//4139 4141//4141
f 4140//4140 4141//4141 4142//4142
f 4142//4142 4141//4141 4143//4143
f 4142//4142 4143//4143 4144//4144
f 4144//4144 4143//4143 4145//4145
f 4144//4144 4145//4145 4146//4146
f 4146//4146 4145//4145 4147//4147
f 4146//4146 4147//4147 4148//4148
f 4148//4148 4147//4147 4149//4149
f 4148//4148 4149//4149 4150//4150
f 4150//4150 4149//4149 4151//4151
f 4150//4150 4151//4151 4152//4152
f 4152//4152 4151//4151 4153//4153
f 4152//4152 4153//4153 4154//4154
f 4154//4154 4153//4153 4155//4155
f 4154//4154 4155//4155 4156//4156
f 4156//4156 4155//4155 4157//4157
f 4156//4156 4157//4157 4158//4158
f 4158//4158 4157//4157 4159//4159
f 4158//4158 4159//4159 4078//4078
f 4078//4078 4159//4159 4079//4079
f 4116//4116 4160//4160 4114//4114
f 4114//4114 4160//4160 4161//4161
f 4114//4114 4161//4161 4112//4112
f 4112//4112 4161//4161 4162//4162
f 4112//4112 4162//4162 4110//4110
f 4110//4110 4162//4162 4163//4163
f 4110//4110 4163//4163 4108//4108
f 4108//4108 4163//4163 4164//4164
f 4108//4108 4164//4164 4106//4106
f 4164//4164 4165//4165 4106//4106
f 4106//4106 4165//4165 4166//4166
f 4106//4106 4166//4166 4104//4104
f 4104//4104 4166//4166 4167//4167
f 4104//4104 4167//4167 4102//4102
f 4102//4102 4167//4167 4168//4168
f 4102//4102 4168//4168 4100//4100
f 4100//4100 4168//4168 4169//4169
f 4100//4100 4169//4169 4098//4098
f 4124//4124 4170//4170 4122//4122
f 4122//4122 4170//4170 4171//4171
f 4122//4122 4171//4171 4120//4120
f 4120//4120 4171//4171 4172//4172
f 4120//4120 4172//4172 4118//4118
f 4118//4118 4172//4172 4173//4173
f 4118//4118 4173//4173 4116//4116
f 4116//4116 4173//4173 4174//4174
f 4116//4116 4174//4174 4160//4160
f 4169//4169 4175//4175 4098//4098
f 4098//4098 4175//4175 4176//4176
f 4098//4098 4176//4176 4096//4096
f 4096//4096 4176//4176 4177//4177
f 4096//4096 4177//4177 4094//4094
f 4094//4094 4177//4177 4178//4178
f 4094//4094 4178//4178 4092//4092
f 4092//4092 4178//4178 4179//4179
f 4092//4092 4179//4179 4090//4090
f 4090//4090 4179//4179 4180//4180
f 4090//4090 4180//4180 4088//4088
f 4142//4142 4181//4181 4140//4140
f 4140//4140 4181//4181 4182//4182
f 4140//4140 4182//4182 4138//4138
f 4138//4138 4182//4182 4183//4183
f 4138//4138 4183//4183 4136//4136
f 4136//4136 4183//4183 4184//4184
f 4136//4136 4184//4184 4134//4134
f 4080//4080 4185//4185 4078//4078
f 4078//4078 4185//4185 4186//4186
f 4078//4078 4186//4186 4158//4158
f 4158//4158 4186//4186 4187//4187
f 4158//4158 4187//4187 4156//4156
f 4156//4156 4187//4187 4188//4188
f 4156//4156 4188//4188 4154//4154
f 4154//4154 4188//4188 4189//4189
f 4154//4154 4189//4189 4152//4152
f 4184//4184 4190//4190 4134//4134
f 4134//4134 4190//4190 4191//4191
f 4134//4134 4191//4191 4132//4132
f 4132//4132 4191//4191 4192//4192
f 4132//4132 4192//4192 4130//4130
f 4130//4130 4192//4192 4193//4193
f 4130//4130 4193//4193 4128//4128
f 4128//4128 4193//4193 4194//4194
f 4128//4128 4194//4194 4126//4126
f 4126//4126 4194//4194 4195//4195
f 4126//4126 4195//4195 4124//4124
f 4124//4124 4195//4195 4196//4196
f 4124//4124 4196//4196 4170//4170
f 4189//4189 4197//4197 4152//4152
f 4152//4152 4197//4197 4198//4198
f 4152//4152 4198//4198 4150//4150
f 4150//4150 4198//4198 4199//4199
f 4150//4150 4199//4199 4148//4148
f 4148//4148 4199//4199 4200//4200
f 4148//4148 4200//4200 4146//4146
f 4146//4146 4200//4200 4201//4201
f 4146//4146 4201//4201 4144//4144
f 4144//4144 4201//4201 4202//4202
f 4144//4144 4202//4202 4142//4142
f 4142//4142 4202//4202 4203//4203
f 4142//4142 4203//4203 4181//4181
f 4180//4180 4204//4204 4088//4088
f 4088//4088 4204//4204 4205//4205
f 4088//4088 4205//4205 4086//4086
f 4086//4086 4205//4205 4206//4206
f 4086//4086 4206//4206 4084//4084
f 4084//4084 4206//4206 4207//4207
f 4084//4084 4207//4207 4082//4082
f 4082//4082 4207//4207 4208//4208
f 4082//4082 4208//4208 4080//4080
f 4080//4080 4208//4208 4209//4209
f 4080//4080 4209//4209 4185//4185
f 4210//4210 4181//4181 4211//4211
f 4211//4211 4181//4181 4203//4203
f 4211//4211 4203//4203 4212//4212
f 4212//4212 4203//4203 4202//4202
f 4212//4212 4202//4202 4213//4213
f 4213//4213 4202//4202 4201//4201
f 4213//4213 4201//4201 4214//4214
f 4214//4214 4201//4201 4200//4200
f 4214//4214 4200//4200 4215//4215
f 4215//4215 4200//4200 4199//4199
f 4215//4215 4199//4199 4216//4216
f 4216//4216 4199//4199 4198//4198
f 4216//4216 4198//4198 4217//4217
f 4217//4217 4198//4198 4197//4197
f 4217//4217 4197//4197 4218//4218
f 4218//4218 4197//4197 4189//4189
f 4218//4218 4189//4189 4219//4219
f 4219//4219 4189//4189 4188//4188
f 4219//4219 4188//4188 4220//4220
f 4220//4220 4188//4188 4187//4187
f 4220//4220 4187//4187 4221//4221
f 4221//4221 4187//4187 4186//4186
f 4221//4221 4186//4186 4222//4222
f 4222//4222 4186//4186 4185//4185
f 4222//4222 4185//4185 4223//4223
f 4223//4223 4185//4185 4209//4209
f 4223//4223 4209//4209 4224//4224
f 4224//4224 4209//4209 4208//4208
f 4224//4224 4208//4208 4225//4225
f 4225//4225 4208//4208 4207//4207
f 4225//4225 4207//4207 4226//4226
f 4226//4226 4207//4207 4206//4206
f 4226//4226 4206//4206 4227//4227
f 4227//4227 4206//4206 4205//4205
f 4227//4227 4205//4205 4228//4228
f 4228//4228 4205//4205 4204//4204
f 4228//4228 4204//4204 4229//4229
f 4229//4229 4204//4204 4180//4180
f 4229//4229 4180//4180 4230//4230
f 4230//4230 4180//4180 4179//4179
f 4230//4230 4179//4179 4231//4231
f 4231//4231 4179//4179 4178//4178
f 4231//4231 4178//4178 4232//4232
f 4232//4232 4178//4178 4177//4177
f 4232//4232 4177//4177 4233//4233
f 4233//4233 4177//4177 4176//4176
f 4233//4233 4176//4176 4234//4234
f 4234//4234 4176//4176 4175//4175
f 4234//4234 4175//4175 4235//4235
f 4235//4235 4175//4175 4169//4169
f 4235//4235 4169//4169 4236//4236
f 4236//4236 4169//4169 4168//4168
f 4236//4236 4168//4168 4237//4237
f 4237//4237 4168//4168 4167//4167
f 4237//4237 4167//4167 4238//4238
f 4238//4238 4167//4167 4166//4166
f 4238//4238 4166//4166 4239//4239
f 4239//4239 4166//4166 4165//4165
f 4239//4239 4165//4165 4240//4240
f 4240//4240 4165//4165 4164//4164
f 4240//4240 4164//4164 4241//4241
f 4241//4241 4164//4164 4163//4163
f 4241//4241 4163//4163 4242//4242
f 4242//4242 4163//4163 4162//4162
f 4242//4242 4162//4162 4243//4243
f 4243//4243 4162//4162 4161//4161
f 4243//4243 4161//4161 4244//4244
f 4244//4244 4161//4161 4160//4160
f 4244//4244 4160//4160 4245//4245
f 4245//4245 4160//4160 4174//4174
f 4245//4245 4174//4174 4246//4246
f 4246//4246 4174//4174 4173//4173
f 4246//4246 4173//4173 4247//4247
f 4247//4247 4173//4173 4172//4172
f 4247//4247 4172//4172 4248//4248
f 4248//4248 4172//4172 4171//4171
f 4248//4248 4171//4171 4249//4249
f 4249//4249 4171//4171 4170//4170
f 4249//4249 4170//4170 4250//4250
f 4250//4250 4170//4170 4196//4196
f 4250//4250 4196//4196 4251//4251
f 4251//4251 4196//4196 4195//4195
f 4251//4251 4195//4195 4252//4252
f 4252//4252 4195//4195 4194//4194
f 4252//4252 4194//4194 4253//4253
f 4253//4253 4194//4194 4193//4193
f 4253//4253 4193//4193 4254//4254
f 4254//4254 4193//4193 4192//4192
f 4254//4254 4192//4192 4255//4255
f 4255//4255 4192//4192 4191//4191
f 4255//4255 4191//4191 4256//4256
f 4256//4256 4191//4191 4190//4190
f 4256//4256 4190//4190 4257//4257
f 4257//4257 4190//4190 4184//4184
f 4257//4257 4184//4184 4258//4258
f 4258//4258 4184//4184 4183//4183
f 4258//4258 4183//4183 4259//4259
f 4259//4259 4183//4183 4182//4182
f 4259//4259 4182//4182 4210//4210
f 4210//4210 4182//4182 4181//4181
f 4260//4260 4261//4261 4235//4235
f 4235//4235 4261//4261 4262//4262
f 4235//4235 4262//4262 4234//4234
f 4234//4234 4262//4262 4263//4263
f 4234//4234 4263//4263 4233//4233
f 4233//4233 4263//4263 4264//4264
f 4233//4233 4264//4264 4232//4232
f 4232//4232 4264//4264 4265//4265
f 4232//4232 4265//4265 4231//4231
f 4231//4231 4265//4265 4266//4266
f 4231//4231 4266//4266 4230//4230
f 4230//4230 4266//4266 4267//4267
f 4230//4230 4267//4267 4229//4229
f 4229//4229 4267//4267 4268//4268
f 4229//4229 4268//4268 4228//4228
f 4228//4228 4268//4268 4269//4269
f 4228//4228 4269//4269 4227//4227
f 4227//4227 4269//4269 4270//4270
f 4227//4227 4270//4270 4226//4226
f 4226//4226 4270//4270 4271//4271
f 4226//4226 4271//4271 4225//4225
f 4225//4225 4271//4271 4272//4272
f 4225//4225 4272//4272 4224//4224
f 4224//4224 4272//4272 4273//4273
f 4224//4224 4273//4273 4223//4223
f 4223//4223 4273//4273 4274//4274
f 4223//4223 4274//4274 4222//4222
f 4222//4222 4274//4274 4275//4275
f 4222//4222 4275//4275 4221//4221
f 4221//4221 4275//4275 4276//4276
f 4221//4221 4276//4276 4220//4220
f 4220//4220 4276//4276 4277//4277
f 4220//4220 4277//4277 4219//4219
f 4219//4219 4277//4277 4278//4278
f 4219//4219 4278//4278 4218//4218
f 4218//4218 4278//4278 4279//4279
f 4218//4218 4279//4279 4217//4217
f 4217//4217 4279//4279 4280//4280
f 4217//4217 4280//4280 4216//4216
f 4216//4216 4280//4280 4281//4281
f 4216//4216 4281//4281 4215//4215
f 4215//4215 4281//4281 4282//4282
f 4215//4215 4282//4282 4214//4214
f 4214//4214 4282//4282 4283//4283
f 4214//4214 4283//4283 4213//4213
f 4213//4213 4283//4283 4284//4284
f 4213//4213 4284//4284 4212//4212
f 4212//4212 4284//4284 4285//4285
f 4212//4212 4285//4285 4211//4211
f 4211//4211 4285//4285 4286//4286
f 4211//4211 4286//4286 4210//4210
f 4210//4210 4286//4286 4287//4287
f 4210//4210 4287//4287 4259//4259
f 4259//4259 4287//4287 4288//4288
f 4259//4259 4288//4288 4258//4258
f 4258//4258 4288//4288 4289//4289
f 4258//4258 4289//4289 4257//4257
f 4257//4257 4289//4289 4290//4290
f 4257//4257 4290//4290 4256//4256
f 4256//4256 4290//4290 4291//4291
f 4256//4256 4291//4291 4255//4255
f 4255//4255 4291//4291 4292//4292
f 4255//4255 4292//4292 4254//4254
f 4254//4254 4292//4292 4293//4293
f 4254//4254 4293//4293 4253//4253
f 4253//4253 4293//4293 4294//4294
f 4253//4253 4294//4294 4252//4252
f 4252//4252 4294//4294 4295//4295
f 4252//4252 4295//4295 4251//4251
f 4251//4251 4295//4295 4296//4296
f 4251//4251 4296//4296 4250//4250
f 4250//4250 4296//4296 4297//4297
f 4250//4250 4297//4297 4249//4249
f 4249//4249 4297//4297 4298//4298
f 4249//4249 4298//4298 4248//4248
f 4248//4248 4298//4298 4299//4299
f 4248//4248 4299//4299 4247//4247
f 4247//4247 4299//4299 4300//4300
f 4247//4247 4300//4300 4246//4246
f 4246//4246 4300//4300 4301//4301
f 4246//4246 4301//4301 4245//4245
f 4245//4245 4301//4301 4302//4302
f 4245//4245 4302//4302 4244//4244
f 4244//4244 4302//4302 4303//4303
f 4244//4244 4303//4303 4243//4243
f 4243//4243 4303//4303 4304//4304
f 4243//4243 4304//4304 4242//4242
f 4242//4242 4304//4304 4305//4305
f 4242//4242 4305//4305 4241//4241
f 4241//4241 4305//4305 4306//4306
f 4241//4241 4306//4306 4240//4240
f 4240//4240 4306//4306 4307//4307
f 4240//4240 4307//4307 4239//4239
f 4239//4239 4307//4307 4308//4308
f 4239//4239 4308//4308 4238//4238
f 4238//4238 4308//4308 4309//4309
f 4238//4238 4309//4309 4237//4237
f 4237//4237 4309//4309 4310//4310
f 4237//4237 4310//4310 4236//4236
f 4236//4236 4310//4310 4260//4260
f 4236//4236 4260//4260 4235//4235
f 4311//4311 4286//4286 4312//4312
f 4312//4312 4286//4286 4285//4285
f 4312//4312 4285//4285 4313//4313
f 4313//4313 4285//4285 4284//4284
f 4313//4313 4284//4284 4314//4314
f 4314//4314 4284//4284 4283//4283
f 4314//4314 4283//4283 4315//4315
f 4315//4315 4283//4283 4282//4282
f 4315//4315 4282//4282 4316//4316
f 4316//4316 4282//4282 4281//4281
f 4316//4316 4281//4281 4317//4317
f 4317//4317 4281//4281 4280//4280
f 4317//4317 4280//4280 4318//4318
f 4318//4318 4280//4280 4279//4279
f 4318//4318 4279//4279 4319//4319
f 4319//4319 4279//4279 4278//4278
f 4319//4319 4278//4278 4320//4320
f 4320//4320 4278//4278 4277//4277
f 4320//4320 4277//4277 4321//4321
f 4321//4321 4277//4277 4276//4276
f 4321//4321 4276//4276 4322//4322
f 4322//4322 4276//4276 4275//4275
f 4322//4322 4275//4275 4323//4323
f 4323//4323 4275//4275 4274//4274
f 4323//4323 4274//4274 4324//4324
f 4324//4324 4274//4274 4273//4273
f 4324//4324 4273//4273 4325//4325
f 4325//4325 4273//4273 4272//4272
f 4325//4325 4272//4272 4326//4326
f 4326//4326 4272//4272 4271//4271
f 4326//4326 4271//4271 4327//4327
f 4327//4327 4271//4271 4270//4270
f 4327//4327 4270//4270 4328//4328
f 4328//4328 4270//4270 4269//4269
f 4328//4328 4269//4269 4329//4329
f 4329//4329 4269//4269 4268//4268
f 4329//4329 4268//4268 4330//4330
f 4330//4330 4268//4268 4267//4267
f 4330//4330 4267//4267 4331//4331
f 4331//4331 4267//4267 4266//4266
f 4331//4331 4266//4266 4332//4332
f 4332//4332 4266//4266 4265//4265
f 4332//4332 4265//4265 4333//4333
f 4333//4333 4265//4265 4264//4264
f 4333//4333 4264//4264 4334//4334
f 4334//4334 4264//4264 4263//4263
f 4334//4334 4263//4263 4335//4335
f 4335//4335 4263//4263 4262//4262
f 4335//4335 4262//4262 4336//4336
f 4336//4336 4262//4262 4261//4261
f 4336//4336 4261//4261 4337//4337
f 4337//4337 4261//4261 4260//4260
f 4337//4337 4260//4260 4338//4338
f 4338//4338 4260//4260 4310//4310
f 4338//4338 4310//4310 4339//4339
f 4339//4339 4310//4310 4309//4309
f 4339//4339 4309//4309 4340//4340
f 4340//4340 4309//4309 4308//4308
f 4340//4340 4308//4308 4341//4341
f 4341//4341 4308//4308 4307//4307
f 4341//4341 4307//4307 4342//4342
f 4342//4342 4307//4307 4306//4306
f 4342//4342 4306//4306 4343//4343
f 4343//4343 4306//4306 4305//4305
f 4343//4343 4305//4305 4344//4344
f 4344//4344 4305//4305 4304//4304
f 4344//4344 4304//4304 4345//4345
f 4345//4345 4304//4304 4303//4303
f 4345//4345 4303//4303 4346//4346
f 4346//4346 4303//4303 4302//4302
f 4346//4346 4302//4302 4347//4347
f 4347//4347 4302//4302 4301//4301
f 4347//4347 4301//4301 4348//4348
f 4348//4348 4301//4301 4300//4300
f 4348//4348 4300//4300 4349//4349
f 4349//4349 4300//4300 4299//4299
f 4349//4349 4299//4299 4350//4350
f 4350//4350 4299//4299 4298//4298
f 4350//4350 4298//4298 4351//4351
f 4351//4351 4298//4298 4297//4297
f 4351//4351 4297//4297 4352//4352
f 4352//4352 4297//4297 4296//4296
f 4352//4352 4296//4296 4353//4353
f 4353//4353 4296//4296 4295//4295
f 4353//4353 4295//4295 4354//4354
f 4354//4354 4295//4295 4294//4294
f 4354//4354 4294//4294 4355//4355
f 4355//4355 4294//4294 4293//4293
f 4355//4355 4293//4293 4356//4356
f 4356//4356 4293//4293 4292//4292
f 4356//4356 4292//4292 4357//4357
f 4357//4357 4292//4292 4291//4291
f 4357//4357 4291//4291 4358//4358
f 4358//4358 4291//4291 4290//4290
f 4358//4358 4290//4290 4359//4359
f 4359//4359 4290//4290 4289//4289
f 4359//4359 4289//4289 4360//4360
f 4360//4360 4289//4289 4288//4288
f 4360//4360 4288//4288 4361//4361
f 4361//4361 4288//4288 4287//4287
f 4361//4361 4287//4287 4311//4311
f 4311//4311 4287//4287 4286//4286
f 4362//4362 4356//4356 4363//4363
f 4363//4363 4356//4356 4357//4357
f 4363//4363 4357//4357 4364//4364
f 4364//4364 4357//4357 4358//4358
f 4364//4364 4358//4358 4365//4365
f 4365//4365 4358//4358 4359//4359
f 4365//4365 4359//4359 4366//4366
f 4366//4366 4359//4359 4360//4360
f 4366//4366 4360//4360 4367//4367
f 4367//4367 4360//4360 4361//4361
f 4367//4367 4361//4361 4368//4368
f 4368//4368 4361//4361 4311//4311
f 4368//4368 4311//4311 4369//4369
f 4369//4369 4311//4311 4312//4312
f 4369//4369 4312//4312 4370//4370
f 4370//4370 4312//4312 4313//4313
f 4370//4370 4313//4313 4371//4371
f 4371//4371 4313//4313 4314//4314
f 4371//4371 4314//4314 4372//4372
f 4372//4372 4314//4314 4315//4315
f 4372//4372 4315//4315 4373//4373
f 4374//4374 4343//4343 4375//4375
f 4375//4375 4343//4343 4344//4344
f 4375//4375 4344//4344 4376//4376
f 4376//4376 4344//4344 4345//4345
f 4376//4376 4345//4345 4377//4377
f 4377//4377 4345//4345 4346//4346
f 4377//4377 4346//4346 4378//4378
f 4378//4378 4346//4346 4347//4347
f 4378//4378 4347//4347 4379//4379
f 4379//4379 4347//4347 4348//4348
f 4379//4379 4348//4348 4380//4380
f 4380//4380 4348//4348 4349//4349
f 4380//4380 4349//4349 4381//4381
f 4381//4381 4349//4349 4350//4350
f 4381//4381 4350//4350 4382//4382
f 4382//4382 4350//4350 4351//4351
f 4382//4382 4351//4351 4383//4383
f 4383//4383 4351//4351 4352//4352
f 4383//4383 4352//4352 4384//4384
f 4384//4384 4352//4352 4353//4353
f 4384//4384 4353//4353 4385//4385
f 4385//4385 4353//4353 4354//4354
f 4385//4385 4354//4354 4362//4362
f 4362//4362 4354//4354 4355//4355
f 4362//4362 4355//4355 4356//4356
f 4386//4386 4330//4330 4387//4387
f 4387//4387 4330//4330 4331//4331
f 4387//4387 4331//4331 4388//4388
f 4388//4388 4331//4331 4332//4332
f 4388//4388 4332//4332 4389//4389
f 4389//4389 4332//4332 4333//4333
f 4389//4389 4333//4333 4390//4390
f 4390//4390 4333//4333 4334//4334
f 4390//4390 4334//4334 4391//4391
f 4391//4391 4334//4334 4335//4335
f 4391//4391 4335//4335 4392//4392
f 4392//4392 4335//4335 4336//4336
f 4392//4392 4336//4336 4393//4393
f 4393//4393 4336//4336 4337//4337
f 4393//4393 4337//4337 4394//4394
f 4394//4394 4337//4337 4338//4338
f 4394//4394 4338//4338 4395//4395
f 4395//4395 4338//4338 4339//4339
f 4395//4395 4339//4339 4396//4396
f 4396//4396 4339//4339 4340//4340
f 4396//4396 4340//4340 4397//4397
f 4397//4397 4340//4340 4341//4341
f 4397//4397 4341//4341 4374//4374
f 4374//4374 4341//4341 4342//4342
f 4374//4374 4342//4342 4343//4343
f 4315//4315 4316//4316 4373//4373
f 4373//4373 4316//4316 4317//4317
f 4373//4373 4317//4317 4398//4398
f 4398//4398 4317//4317 4318//4318
f 4398//4398 4318//4318 4399//4399
f 4399//4399 4318//4318 4319//4319
f 4399//4399 4319//4319 4400//4400
f 4400//4400 4319//4319 4320//4320
f 4400//4400 4320//4320 4401//4401
f 4401//4401 4320//4320 4321//4321
f 4401//4401 4321//4321 4402//4402
f 4402//4402 4321//4321 4322//4322
f 4402//4402 4322//4322 4403//4403
f 4403//4403 4322//4322 4323//4323
f 4403//4403 4323//4323 4404//4404
f 4404//4404 4323//4323 4324//4324
f 4404//4404 4324//4324 4405//4405
f 4405//4405 4324//4324 4325//4325
f 4405//4405 4325//4325 4406//4406
f 4406//4406 4325//4325 4326//4326
f 4406//4406 4326//4326 4407//4407
f 4407//4407 4326//4326 4327//4327
f 4407//4407 4327//4327 4408//4408
f 4408//4408 4327//4327 4328//4328
f 4408//4408 4328//4328 4386//4386
f 4386//4386 4328//4328 4329//4329
f 4386//4386 4329//4329 4330//4330
f 4409//4409 4369//4369 4410//4410
f 4410//4410 4369//4369 4370//4370
f 4410//4410 4370//4370 4411//4411
f 4411//4411 4370//4370 4371//4371
f 4411//4411 4371//4371 4412//4412
f 4412//4412 4371//4371 4372//4372
f 4412//4412 4372//4372 4413//4413
f 4413//4413 4372//4372 4373//4373
f 4413//4413 4373//4373 4414//4414
f 4414//4414 4373//4373 4398//4398
f 4414//4414 4398//4398 4415//4415
f 4415//4415 4398//4398 4399//4399
f 4415//4415 4399//4399 4416//4416
f 4416//4416 4399//4399 4400//4400
f 4416//4416 4400//4400 4417//4417
f 4417//4417 4400//4400 4401//4401
f 4417//4417 4401//4401 4418//4418
f 4418//4418 4401//4401 4402//4402
f 4418//4418 4402//4402 4419//4419
f 4419//4419 4402//4402 4403//4403
f 4419//4419 4403//4403 4420//4420
f 4420//4420 4403//4403 4404//4404
f 4420//4420 4404//4404 4421//4421
f 4421//4421 4404//4404 4405//4405
f 4421//4421 4405//4405 4422//4422
f 4422//4422 4405//4405 4406//4406
f 4422//4422 4406//4406 4423//4423
f 4423//4423 4406//4406 4407//4407
f 4423//4423 4407//4407 4424//4424
f 4424//4424 4407//4407 4408//4408
f 4424//4424 4408//4408 4425//4425
f 4425//4425 4408//4408 4386//4386
f 4425//4425 4386//4386 4426//4426
f 4426//4426 4386//4386 4387//4387
f 4426//4426 4387//4387 4427//4427
f 4427//4427 4387//4387 4388//4388
f 4427//4427 4388//4388 4428//4428
f 4428//4428 4388//4388 4389//4389
f 4428//4428 4389//4389 4429//4429
f 4429//4429 4389//4389 4390//4390
f 4429//4429 4390//4390 4430//4430
f 4430//4430 4390//4390 4391//4391
f 4430//4430 4391//4391 4431//4431
f 4431//4431 4391//4391 4392//4392
f 4431//4431 4392//4392 4432//4432
f 4432//4432 4392//4392 4393//4393
f 4432//4432 4393//4393 4433//4433
f 4433//4433 4393//4393 4394//4394
f 4433//4433 4394//4394 4434//4434
f 4434//4434 4394//4394 4395//4395
f 4434//4434 4395//4395 4435//4435
f 4435//4435 4395//4395 4396//4396
f 4435//4435 4396//4396 4436//4436
f 4436//4436 4396//4396 4397//4397
f 4436//4436 4397//4397 4437//4437
f 4437//4437 4397//4397 4374//4374
f 4437//4437 4374//4374 4438//4438
f 4438//4438 4374//4374 4375//4375
f 4438//4438 4375//4375 4439//4439
f 4439//4439 4375//4375 4376//4376
f 4439//4439 4376//4376 4440//4440
f 4440//4440 4376//4376 4377//4377
f 4440//4440 4377//4377 4441//4441
f 4441//4441 4377//4377 4378//4378
f 4441//4441 4378//4378 4442//4442
f 4442//4442 4378//4378 4379//4379
f 4442//4442 4379//4379 4443//4443
f 4443//4443 4379//4379 4380//4380
f 4443//4443 4380//4380 4444//4444
f 4444//4444 4380//4380 4381//4381
f 4444//4444 4381//4381 4445//4445
f 4445//4445 4381//4381 4382//4382
f 4445//4445 4382//4382 4446//4446
f 4446//4446 4382//4382 4383//4383
f 4446//4446 4383//4383 4447//4447
f 4447//4447 4383//4383 4384//4384
f 4447//4447 4384//4384 4448//4448
f 4448//4448 4384//4384 4385//4385
f 4448//4448 4385//4385 4449//4449
f 4449//4449 4385//4385 4362//4362
f 4449//4449 4362//4362 4450//4450
f 4450//4450 4362//4362 4363//4363
f 4450//4450 4363//4363 4451//4451
f 4451//4451 4363//4363 4364//4364
f 4451//4451 4364//4364 4452//4452
f 4452//4452 4364//4364 4365//4365
f 4452//4452 4365//4365 4453//4453
f 4453//4453 4365//4365 4366//4366
f 4453//4453 4366//4366 4454//4454
f 4454//4454 4366//4366 4367//4367
f 4454//4454 4367//4367 4455//4455
f 4455//4455 4367//4367 4368//4368
f 4455//4455 4368//4368 4409//4409
f 4409//4409 4368//4368 4369//4369
f 4456//4456 4439//4439 4457//4457
f 4457//4457 4439//4439 4440//4440
f 4457//4457 4440//4440 4458//4458
f 4458//4458 4440//4440 4441//4441
f 4458//4458 4441//4441 4459//4459
f 4459//4459 4441//4441 4442//4442
f 4459//4459 4442//4442 4460//4460
f 4460//4460 4442//4442 4443//4443
f 4460//4460 4443//4443 4461//4461
f 4461//4461 4443//4443 4444//4444
f 4461//4461 4444//4444 4462//4462
f 4444//4444 4445//4445 4462//4462
f 4462//4462 4445//4445 4446//4446
f 4462//4462 4446//4446 4463//4463
f 4463//4463 4446//4446 4447//4447
f 4463//4463 4447//4447 4464//4464
f 4464//4464 4447//4447 4448//4448
f 4464//4464 4448//4448 4465//4465
f 4465//4465 4448//4448 4449//4449
f 4465//4465 4449//4449 4466//4466
f 4466//4466 4449//4449 4450//4450
f 4466//4466 4450//4450 4467//4467
f 4467//4467 4450//4450 4451//4451
f 4467//4467 4451//4451 4468//4468
f 4469//4469 4432//4432 4470//4470
f 4470//4470 4432//4432 4433//4433
f 4470//4470 4433//4433 4471//4471
f 4471//4471 4433//4433 4434//4434
f 4471//4471 4434//4434 4472//4472
f 4472//4472 4434//4434 4435//4435
f 4472//4472 4435//4435 4473//4473
f 4473//4473 4435//4435 4436//4436
f 4473//4473 4436//4436 4474//4474
f 4474//4474 4436//4436 4437//4437
f 4474//4474 4437//4437 4456//4456
f 4456//4456 4437//4437 4438//4438
f 4456//4456 4438//4438 4439//4439
f 4451//4451 4452//4452 4468//4468
f 4468//4468 4452//4452 4453//4453
f 4468//4468 4453//4453 4475//4475
f 4475//4475 4453//4453 4454//4454
f 4475//4475 4454//4454 4476//4476
f 4476//4476 4454//4454 4455//4455
f 4476//4476 4455//4455 4477//4477
f 4477//4477 4455//4455 4409//4409
f 4477//4477 4409//4409 4478//4478
f 4478//4478 4409//4409 4410//4410
f 4478//4478 4410//4410 4479//4479
f 4480//4480 4419//4419 4481//4481
f 4481//4481 4419//4419 4420//4420
f 4481//4481 4420//4420 4482//4482
f 4482//4482 4420//4420 4421//4421
f 4482//4482 4421//4421 4483//4483
f 4483//4483 4421//4421 4422//4422
f 4483//4483 4422//4422 4484//4484
f 4484//4484 4422//4422 4423//4423
f 4484//4484 4423//4423 4485//4485
f 4485//4485 4423//4423 4424//4424
f 4485//4485 4424//4424 4486//4486
f 4410//4410 4411//4411 4479//4479
f 4479//4479 4411//4411 4412//4412
f 4479//4479 4412//4412 4487//4487
f 4487//4487 4412//4412 4413//4413
f 4487//4487 4413//4413 4488//4488
f 4488//4488 4413//4413 4414//4414
f 4488//4488 4414//4414 4489//4489
f 4489//4489 4414//4414 4415//4415
f 4489//4489 4415//4415 4490//4490
f 4490//4490 4415//4415 4416//4416
f 4490//4490 4416//4416 4491//4491
f 4491//4491 4416//4416 4417//4417
f 4491//4491 4417//4417 4480//4480
f 4480//4480 4417//4417 4418//4418
f 4480//4480 4418//4418 4419//4419
f 4424//4424 4425//4425 4486//4486
f 4486//4486 4425//4425 4426//4426
f 4486//4486 4426//4426 4492//4492
f 4492//4492 4426//4426 4427//4427
f 4492//4492 4427//4427 4493//4493
f 4493//4493 4427//4427 4428//4428
f 4493//4493 4428//4428 4494//4494
f 4494//4494 4428//4428 4429//4429
f 4494//4494 4429//4429 4495//4495
f 4495//4495 4429//4429 4430//4430
f 4495//4495 4430//4430 4469//4469
f 4469//4469 4430//4430 4431//4431
f 4469//4469 4431//4431 4432//4432
f 4496//4496 4497//4497 4478//4478
f 4478//4478 4497//4497 4477//4477
f 4496//4496 4478//4478 4498//4498
f 4498//4498 4478//4478 4479//4479
f 4498//4498 4479//4479 4499//4499
f 4499//4499 4479//4479 4500//4500
f 4500//4500 4479//4479 4487//4487
f 4500//4500 4487//4487 4501//4501
f 4501//4501 4487//4487 4502//4502
f 4502//4502 4487//4487 4488//4488
f 4502//4502 4488//4488 4503//4503
f 4503//4503 4488//4488 4504//4504
f 4504//4504 4488//4488 4489//4489
f 4504//4504 4489//4489 4505//4505
f 4505//4505 4489//4489 4506//4506
f 4506//4506 4489//4489 4490//4490
f 4506//4506 4490//4490 4507//4507
f 4507//4507 4490//4490 4508//4508
f 4508//4508 4490//4490 4491//4491
f 4508//4508 4491//4491 4509//4509
f 4509//4509 4491//4491 4510//4510
f 4510//4510 4491//4491 4480//4480
f 4510//4510 4480//4480 4511//4511
f 4511//4511 4480//4480 4512//4512
f 4512//4512 4480//4480 4481//4481
f 4512//4512 4481//4481 4513//4513
f 4513//4513 4481//4481 4514//4514
f 4514//4514 4481//4481 4482//4482
f 4514//4514 4482//4482 4515//4515
f 4515//4515 4482//4482 4516//4516
f 4516//4516 4482//4482 4483//4483
f 4516//4516 4483//4483 4517//4517
f 4484//4484 4518//4518 4483//4483
f 4483//4483 4518//4518 4519//4519
f 4483//4483 4519//4519 4517//4517
f 4486//4486 4520//4520 4485//4485
f 4485//4485 4520//4520 4521//4521
f 4485//4485 4521//4521 4484//4484
f 4484//4484 4521//4521 4522//4522
f 4484//4484 4522//4522 4518//4518
f 4492//4492 4523//4523 4486//4486
f 4486//4486 4523//4523 4524//4524
f 4486//4486 4524//4524 4520//4520
f 4493//4493 4525//4525 4492//4492
f 4492//4492 4525//4525 4526//4526
f 4492//4492 4526//4526 4523//4523
f 4494//4494 4527//4527 4493//4493
f 4493//4493 4527//4527 4528//4528
f 4493//4493 4528//4528 4525//4525
f 4495//4495 4529//4529 4494//4494
f 4494//4494 4529//4529 4530//4530
f 4494//4494 4530//4530 4527//4527
f 4469//4469 4531//4531 4495//4495
f 4495//4495 4531//4531 4532//4532
f 4495//4495 4532//4532 4529//4529
f 4470//4470 4533//4533 4469//4469
f 4469//4469 4533//4533 4534//4534
f 4469//4469 4534//4534 4531//4531
f 4471//4471 4535//4535 4470//4470
f 4470//4470 4535//4535 4536//4536
f 4470//4470 4536//4536 4533//4533
f 4472//4472 4537//4537 4471//4471
f 4471//4471 4537//4537 4538//4538
f 4471//4471 4538//4538 4535//4535
f 4473//4473 4539//4539 4472//4472
f 4472//4472 4539//4539 4540//4540
f 4472//4472 4540//4540 4537//4537
f 4474//4474 4541//4541 4473//4473
f 4473//4473 4541//4541 4542//4542
f 4473//4473 4542//4542 4539//4539
f 4456//4456 4543//4543 4474//4474
f 4474//4474 4543//4543 4544//4544
f 4474//4474 4544//4544 4541//4541
f 4457//4457 4545//4545 4456//4456
f 4456//4456 4545//4545 4546//4546
f 4456//4456 4546//4546 4543//4543
f 4458//4458 4547//4547 4457//4457
f 4457//4457 4547//4547 4548//4548
f 4457//4457 4548//4548 4545//4545
f 4459//4459 4549//4549 4458//4458
f 4458//4458 4549//4549 4550//4550
f 4458//4458 4550//4550 4547//4547
f 4460//4460 4551//4551 4459//4459
f 4459//4459 4551//4551 4552//4552
f 4459//4459 4552//4552 4549//4549
f 4461//4461 4553//4553 4460//4460
f 4460//4460 4553//4553 4554//4554
f 4460//4460 4554//4554 4551//4551
f 4462//4462 4555//4555 4461//4461
f 4461//4461 4555//4555 4556//4556
f 4461//4461 4556//4556 4553//4553
f 4463//4463 4557//4557 4462//4462
f 4462//4462 4557//4557 4558//4558
f 4462//4462 4558//4558 4555//4555
f 4464//4464 4559//4559 4463//4463
f 4463//4463 4559//4559 4560//4560
f 4463//4463 4560//4560 4557//4557
f 4465//4465 4561//4561 4464//4464
f 4464//4464 4561//4561 4562//4562
f 4464//4464 4562//4562 4559//4559
f 4466//4466 4563//4563 4465//4465
f 4465//4465 4563//4563 4564//4564
f 4465//4465 4564//4564 4561//4561
f 4467//4467 4565//4565 4466//4466
f 4466//4466 4565//4565 4566//4566
f 4466//4466 4566//4566 4563//4563
f 4468//4468 4567//4567 4467//4467
f 4467//4467 4567//4567 4568//4568
f 4467//4467 4568//4568 4565//4565
f 4475//4475 4569//4569 4468//4468
f 4468//4468 4569//4569 4570//4570
f 4468//4468 4570//4570 4567//4567
f 4476//4476 4571//4571 4475//4475
f 4475//4475 4571//4571 4572//4572
f 4475//4475 4572//4572 4569//4569
f 4497//4497 4573//4573 4477//4477
f 4477//4477 4573//4573 4574//4574
f 4477//4477 4574//4574 4476//4476
f 4476//4476 4574//4574 4575//4575
f 4476//4476 4575//4575 4571//4571
f 4083//4083 4081//4081 4517//4517
f 4517//4517 4519//4519 4083//4083
f 4083//4083 4519//4519 4518//4518
f 4083//4083 4518//4518 4085//4085
f 4518//4518 4522//4522 4085//4085
f 4085//4085 4522//4522 4521//4521
f 4085//4085 4521//4521 4087//4087
f 4521//4521 4520//4520 4087//4087
f 4087//4087 4520//4520 4524//4524
f 4087//4087 4524//4524 4089//4089
f 4524//4524 4523//4523 4089//4089
f 4089//4089 4523//4523 4526//4526
f 4089//4089 4526//4526 4091//4091
f 4526//4526 4525//4525 4091//4091
f 4091//4091 4525//4525 4528//4528
f 4091//4091 4528//4528 4093//4093
f 4528//4528 4527//4527 4093//4093
f 4093//4093 4527//4527 4530//4530
f 4093//4093 4530//4530 4095//4095
f 4530//4530 4529//4529 4095//4095
f 4095//4095 4529//4529 4532//4532
f 4095//4095 4532//4532 4097//4097
f 4532//4532 4531//4531 4097//4097
f 4097//4097 4531//4531 4534//4534
f 4097//4097 4534//4534 4099//4099
f 4534//4534 4533//4533 4099//4099
f 4099//4099 4533//4533 4536//4536
f 4099//4099 4536//4536 4101//4101
f 4536//4536 4535//4535 4101//4101
f 4101//4101 4535//4535 4538//4538
f 4101//4101 4538//4538 4103//4103
f 4538//4538 4537//4537 4103//4103
f 4103//4103 4537//4537 4540//4540
f 4103//4103 4540//4540 4105//4105
f 4540//4540 4539//4539 4105//4105
f 4105//4105 4539//4539 4542//4542
f 4105//4105 4542//4542 4107//4107
f 4542//4542 4541//4541 4107//4107
f 4107//4107 4541//4541 4544//4544
f 4107//4107 4544//4544 4109//4109
f 4544//4544 4543//4543 4109//4109
f 4109//4109 4543//4543 4546//4546
f 4109//4109 4546//4546 4111//4111
f 4546//4546 4545//4545 4111//4111
f 4111//4111 4545//4545 4548//4548
f 4111//4111 4548//4548 4113//4113
f 4548//4548 4547//4547 4113//4113
f 4113//4113 4547//4547 4550//4550
f 4113//4113 4550//4550 4115//4115
f 4550//4550 4549//4549 4115//4115
f 4115//4115 4549//4549 4552//4552
f 4115//4115 4552//4552 4117//4117
f 4552//4552 4551//4551 4117//4117
f 4117//4117 4551//4551 4554//4554
f 4117//4117 4554//4554 4119//4119
f 4558//4558 4123//4123 4121//4121
f 4554//4554 4553//4553 4119//4119
f 4119//4119 4553//4553 4556//4556
f 4119//4119 4556//4556 4121//4121
f 4121//4121 4556//4556 4555//4555
f 4121//4121 4555//4555 4558//4558
f 4562//4562 4127//4127 4125//4125
f 4558//4558 4557//4557 4123//4123
f 4123//4123 4557//4557 4560//4560
f 4123//4123 4560//4560 4125//4125
f 4125//4125 4560//4560 4559//4559
f 4125//4125 4559//4559 4562//4562
f 4566//4566 4131//4131 4129//4129
f 4562//4562 4561//4561 4127//4127
f 4127//4127 4561//4561 4564//4564
f 4127//4127 4564//4564 4129//4129
f 4129//4129 4564//4564 4563//4563
f 4129//4129 4563//4563 4566//4566
f 4570//4570 4135//4135 4133//4133
f 4566//4566 4565//4565 4131//4131
f 4131//4131 4565//4565 4568//4568
f 4131//4131 4568//4568 4133//4133
f 4133//4133 4568//4568 4567//4567
f 4133//4133 4567//4567 4570//4570
f 4575//4575 4139//4139 4137//4137
f 4570//4570 4569//4569 4135//4135
f 4135//4135 4569//4569 4572//4572
f 4135//4135 4572//4572 4137//4137
f 4137//4137 4572//4572 4571//4571
f 4137//4137 4571//4571 4575//4575
f 4575//4575 4574//4574 4139//4139
f 4139//4139 4574//4574 4573//4573
f 4139//4139 4573//4573 4141//4141
f 4141//4141 4573//4573 4497//4497
f 4141//4141 4497//4497 4143//4143
f 4497//4497 4496//4496 4143//4143
f 4143//4143 4496//4496 4498//4498
f 4143//4143 4498//4498 4145//4145
f 4498//4498 4499//4499 4145//4145
f 4145//4145 4499//4499 4500//4500
f 4145//4145 4500//4500 4147//4147
f 4500//4500 4501//4501 4147//4147
f 4147//4147 4501//4501 4502//4502
f 4147//4147 4502//4502 4149//4149
f 4502//4502 4503//4503 4149//4149
f 4149//4149 4503//4503 4504//4504
f 4149//4149 4504//4504 4151//4151
f 4504//4504 4505//4505 4151//4151
f 4151//4151 4505//4505 4506//4506
f 4151//4151 4506//4506 4153//4153
f 4506//4506 4507//4507 4153//4153
f 4153//4153 4507//4507 4508//4508
f 4153//4153 4508//4508 4155//4155
f 4508//4508 4509//4509 4155//4155
f 4155//4155 4509//4509 4510//4510
f 4155//4155 4510//4510 4157//4157
f 4510//4510 4511//4511 4157//4157
f 4157//4157 4511//4511 4512//4512
f 4157//4157 4512//4512 4159//4159
f 4512//4512 4513//4513 4159//4159
f 4159//4159 4513//4513 4514//4514
f 4159//4159 4514//4514 4079//4079
f 4079//4079 4514//4514 4515//4515
f 4079//4079 4515//4515 4081//4081
f 4081//4081 4515//4515 4516//4516
f 4081//4081 4516//4516 4517//4517
f 4576//4576 4577//4577 4578//4578
f 4578//4578 4577//4577 4579//4579
f 4578//4578 4579//4579 4580//4580
f 4580//4580 4579//4579 4581//4581
f 4580//4580 4581//4581 4582//4582
f 4582//4582 4581//4581 4583//4583
f 4582//4582 4583//4583 4584//4584
f 4584//4584 4583//4583 4585//4585
f 4584//4584 4585//4585 4586//4586
f 4586//4586 4585//4585 4587//4587
f 4586//4586 4587//4587 4588//4588
f 4588//4588 4587//4587 4589//4589
f 4588//4588 4589//4589 4590//4590
f 4590//4590 4589//4589 4591//4591
f 4590//4590 4591//4591 4592//4592
f 4592//4592 4591//4591 4593//4593
f 4592//4592 4593//4593 4594//4594
f 4594//4594 4593//4593 4595//4595
f 4594//4594 4595//4595 4596//4596
f 4596//4596 4595//4595 4597//4597
f 4596//4596 4597//4597 4598//4598
f 4598//4598 4597//4597 4599//4599
f 4598//4598 4599//4599 4600//4600
f 4600//4600 4599//4599 4601//4601
f 4600//4600 4601//4601 4602//4602
f 4602//4602 4601//4601 4603//4603
f 4602//4602 4603//4603 4604//4604
f 4604//4604 4603//4603 4605//4605
f 4604//4604 4605//4605 4606//4606
f 4606//4606 4605//4605 4607//4607
f 4606//4606 4607//4607 4608//4608
f 4608//4608 4607//4607 4609//4609
f 4608//4608 4609//4609 4610//4610
f 4610//4610 4609//4609 4611//4611
f 4610//4610 4611//4611 4612//4612
f 4612//4612 4611//4611 4613//4613
f 4612//4612 4613//4613 4614//4614
f 4614//4614 4613//4613 4615//4615
f 4614//4614 4615//4615 4616//4616
f 4616//4616 4615//4615 4617//4617
f 4616//4616 4617//4617 4618//4618
f 4618//4618 4617//4617 4619//4619
f 4618//4618 4619//4619 4620//4620
f 4620//4620 4619//4619 4621//4621
f 4620//4620 4621//4621 4622//4622
f 4622//4622 4621//4621 4623//4623
f 4622//4622 4623//4623 4624//4624
f 4624//4624 4623//4623 4625//4625
f 4624//4624 4625//4625 4626//4626
f 4626//4626 4625//4625 4627//4627
f 4626//4626 4627//4627 4628//4628
f 4628//4628 4627//4627 4629//4629
f 4628//4628 4629//4629 4630//4630
f 4630//4630 4629//4629 4631//4631
f 4630//4630 4631//4631 4632//4632
f 4632//4632 4631//4631 4633//4633
f 4632//4632 4633//4633 4634//4634
f 4634//4634 4633//4633 4635//4635
f 4634//4634 4635//4635 4636//4636
f 4635//4635 4637//4637 4636//4636
f 4636//4636 4637//4637 4638//4638
f 4636//4636 4638//4638 4639//4639
f 4639//4639 4638//4638 4640//4640
f 4639//4639 4640//4640 4641//4641
f 4641//4641 4640//4640 4642//4642
f 4641//4641 4642//4642 4643//4643
f 4643//4643 4642//4642 4644//4644
f 4643//4643 4644//4644 4645//4645
f 4645//4645 4644//4644 4646//4646
f 4645//4645 4646//4646 4647//4647
f 4647//4647 4646//4646 4648//4648
f 4647//4647 4648//4648 4649//4649
f 4649//4649 4648//4648 4650//4650
f 4649//4649 4650//4650 4651//4651
f 4651//4651 4650//4650 4652//4652
f 4651//4651 4652//4652 4653//4653
f 4653//4653 4652//4652 4654//4654
f 4653//4653 4654//4654 4655//4655
f 4655//4655 4654//4654 4656//4656
f 4655//4655 4656//4656 4657//4657
f 4657//4657 4656//4656 4658//4658
f 4657//4657 4658//4658 4659//4659
f 4659//4659 4658//4658 4660//4660
f 4659//4659 4660//4660 4661//4661
f 4661//4661 4660//4660 4662//4662
f 4661//4661 4662//4662 4663//4663
f 4663//4663 4662//4662 4664//4664
f 4663//4663 4664//4664 4665//4665
f 4665//4665 4664//4664 4666//4666
f 4665//4665 4666//4666 4667//4667
f 4667//4667 4666//4666 4668//4668
f 4667//4667 4668//4668 4669//4669
f 4669//4669 4668//4668 4670//4670
f 4669//4669 4670//4670 4671//4671
f 4671//4671 4670//4670 4672//4672
f 4671//4671 4672//4672 4673//4673
f 4673//4673 4672//4672 4674//4674
f 4673//4673 4674//4674 4675//4675
f 4675//4675 4674//4674 4676//4676
f 4675//4675 4676//4676 4677//4677
f 4677//4677 4676//4676 4678//4678
f 4677//4677 4678//4678 4679//4679
f 4679//4679 4678//4678 4680//4680
f 4679//4679 4680//4680 4681//4681
f 4681//4681 4680//4680 4682//4682
f 4681//4681 4682//4682 4683//4683
f 4683//4683 4682//4682 4684//4684
f 4683//4683 4684//4684 4685//4685
f 4685//4685 4684//4684 4686//4686
f 4685//4685 4686//4686 4687//4687
f 4687//4687 4686//4686 4688//4688
f 4687//4687 4688//4688 4689//4689
f 4689//4689 4688//4688 4690//4690
f 4689//4689 4690//4690 4691//4691
f 4691//4691 4690//4690 4692//4692
f 4691//4691 4692//4692 4576//4576
f 4576//4576 4692//4692 4693//4693
f 4576//4576 4693//4693 4577//4577
f 4694//4694 4665//4665 4695//4695
f 4695//4695 4665//4665 4667//4667
f 4695//4695 4667//4667 4696//4696
f 4696//4696 4667//4667 4669//4669
f 4696//4696 4669//4669 4697//4697
f 4697//4697 4669//4669 4671//4671
f 4697//4697 4671//4671 4698//4698
f 4698//4698 4671//4671 4673//4673
f 4698//4698 4673//4673 4699//4699
f 4699//4699 4673//4673 4675//4675
f 4699//4699 4675//4675 4700//4700
f 4700//4700 4675//4675 4677//4677
f 4700//4700 4677//4677 4701//4701
f 4701//4701 4677//4677 4679//4679
f 4701//4701 4679//4679 4702//4702
f 4702//4702 4679//4679 4681//4681
f 4702//4702 4681//4681 4703//4703
f 4703//4703 4681//4681 4683//4683
f 4703//4703 4683//4683 4704//4704
f 4704//4704 4683//4683 4685//4685
f 4704//4704 4685//4685 4705//4705
f 4705//4705 4685//4685 4687//4687
f 4705//4705 4687//4687 4706//4706
f 4706//4706 4687//4687 4689//4689
f 4706//4706 4689//4689 4707//4707
f 4707//4707 4689//4689 4691//4691
f 4707//4707 4691//4691 4708//4708
f 4708//4708 4691//4691 4576//4576
f 4708//4708 4576//4576 4709//4709
f 4709//4709 4576//4576 4578//4578
f 4709//4709 4578//4578 4710//4710
f 4710//4710 4578//4578 4580//4580
f 4710//4710 4580//4580 4711//4711
f 4711//4711 4580//4580 4582//4582
f 4711//4711 4582//4582 4712//4712
f 4712//4712 4582//4582 4584//4584
f 4712//4712 4584//4584 4713//4713
f 4713//4713 4584//4584 4586//4586
f 4713//4713 4586//4586 4714//4714
f 4714//4714 4586//4586 4588//4588
f 4714//4714 4588//4588 4715//4715
f 4715//4715 4588//4588 4590//4590
f 4715//4715 4590//4590 4716//4716
f 4716//4716 4590//4590 4592//4592
f 4716//4716 4592//4592 4717//4717
f 4717//4717 4592//4592 4594//4594
f 4717//4717 4594//4594 4718//4718
f 4718//4718 4594//4594 4596//4596
f 4718//4718 4596//4596 4719//4719
f 4719//4719 4596//4596 4598//4598
f 4719//4719 4598//4598 4720//4720
f 4720//4720 4598//4598 4600//4600
f 4720//4720 4600//4600 4721//4721
f 4721//4721 4600//4600 4602//4602
f 4721//4721 4602//4602 4722//4722
f 4722//4722 4602//4602 4604//4604
f 4722//4722 4604//4604 4723//4723
f 4723//4723 4604//4604 4606//4606
f 4723//4723 4606//4606 4724//4724
f 4724//4724 4606//4606 4608//4608
f 4724//4724 4608//4608 4725//4725
f 4725//4725 4608//4608 4610//4610
f 4725//4725 4610//4610 4726//4726
f 4726//4726 4610//4610 4612//4612
f 4726//4726 4612//4612 4727//4727
f 4727//4727 4612//4612 4614//4614
f 4727//4727 4614//4614 4728//4728
f 4728//4728 4614//4614 4616//4616
f 4728//4728 4616//4616 4729//4729
f 4729//4729 4616//4616 4618//4618
f 4729//4729 4618//4618 4730//4730
f 4730//4730 4618//4618 4620//4620
f 4730//4730 4620//4620 4731//4731
f 4731//4731 4620//4620 4622//4622
f 4731//4731 4622//4622 4732//4732
f 4732//4732 4622//4622 4624//4624
f 4732//4732 4624//4624 4733//4733
f 4733//4733 4624//4624 4626//4626
f 4733//4733 4626//4626 4734//4734
f 4734//4734 4626//4626 4628//4628
f 4734//4734 4628//4628 4735//4735
f 4735//4735 4628//4628 4630//4630
f 4735//4735 4630//4630 4736//4736
f 4736//4736 4630//4630 4632//4632
f 4736//4736 4632//4632 4737//4737
f 4737//4737 4632//4632 4634//4634
f 4737//4737 4634//4634 4738//4738
f 4738//4738 4634//4634 4636//4636
f 4738//4738 4636//4636 4739//4739
f 4739//4739 4636//4636 4639//4639
f 4739//4739 4639//4639 4740//4740
f 4740//4740 4639//4639 4641//4641
f 4740//4740 4641//4641 4741//4741
f 4741//4741 4641//4641 4643//4643
f 4741//4741 4643//4643 4742//4742
f 4742//4742 4643//4643 4645//4645
f 4742//4742 4645//4645 4743//4743
f 4743//4743 4645//4645 4647//4647
f 4743//4743 4647//4647 4744//4744
f 4744//4744 4647//4647 4649//4649
f 4744//4744 4649//4649 4745//4745
f 4745//4745 4649//4649 4651//4651
f 4745//4745 4651//4651 4746//4746
f 4746//4746 4651//4651 4653//4653
f 4746//4746 4653//4653 4747//4747
f 4747//4747 4653//4653 4655//4655
f 4747//4747 4655//4655 4748//4748
f 4748//4748 4655//4655 4657//4657
f 4748//4748 4657//4657 4749//4749
f 4749//4749 4657//4657 4659//4659
f 4749//4749 4659//4659 4750//4750
f 4750//4750 4659//4659 4661//4661
f 4750//4750 4661//4661 4751//4751
f 4751//4751 4661//4661 4663//4663
f 4751//4751 4663//4663 4694//4694
f 4694//4694 4663//4663 4665//4665
f 4738//4738 4752//4752 4737//4737
f 4737//4737 4752//4752 4753//4753
f 4737//4737 4753//4753 4736//4736
f 4736//4736 4753//4753 4754//4754
f 4736//4736 4754//4754 4735//4735
f 4735//4735 4754//4754 4755//4755
f 4735//4735 4755//4755 4734//4734
f 4734//4734 4755//4755 4756//4756
f 4734//4734 4756//4756 4733//4733
f 4733//4733 4756//4756 4757//4757
f 4733//4733 4757//4757 4732//4732
f 4732//4732 4757//4757 4758//4758
f 4732//4732 4758//4758 4731//4731
f 4731//4731 4758//4758 4759//4759
f 4731//4731 4759//4759 4730//4730
f 4730//4730 4759//4759 4760//4760
f 4730//4730 4760//4760 4729//4729
f 4729//4729 4760//4760 4761//4761
f 4729//4729 4761//4761 4728//4728
f 4728//4728 4761//4761 4762//4762
f 4728//4728 4762//4762 4727//4727
f 4727//4727 4762//4762 4763//4763
f 4727//4727 4763//4763 4726//4726
f 4726//4726 4763//4763 4764//4764
f 4726//4726 4764//4764 4725//4725
f 4725//4725 4764//4764 4765//4765
f 4725//4725 4765//4765 4724//4724
f 4724//4724 4765//4765 4766//4766
f 4724//4724 4766//4766 4723//4723
f 4723//4723 4766//4766 4767//4767
f 4723//4723 4767//4767 4722//4722
f 4722//4722 4767//4767 4768//4768
f 4722//4722 4768//4768 4721//4721
f 4721//4721 4768//4768 4769//4769
f 4721//4721 4769//4769 4720//4720
f 4720//4720 4769//4769 4770//4770
f 4720//4720 4770//4770 4719//4719
f 4719//4719 4770//4770 4771//4771
f 4719//4719 4771//4771 4718//4718
f 4718//4718 4771//4771 4772//4772
f 4718//4718 4772//4772 4717//4717
f 4717//4717 4772//4772 4773//4773
f 4717//4717 4773//4773 4716//4716
f 4716//4716 4773//4773 4774//4774
f 4716//4716 4774//4774 4715//4715
f 4715//4715 4774//4774 4775//4775
f 4715//4715 4775//4775 4714//4714
f 4714//4714 4775//4775 4776//4776
f 4714//4714 4776//4776 4713//4713
f 4713//4713 4776//4776 4777//4777
f 4713//4713 4777//4777 4712//4712
f 4712//4712 4777//4777 4778//4778
f 4712//4712 4778//4778 4711//4711
f 4711//4711 4778//4778 4779//4779
f 4711//4711 4779//4779 4710//4710
f 4710//4710 4779//4779 4780//4780
f 4710//4710 4780//4780 4709//4709
f 4709//4709 4780//4780 4781//4781
f 4709//4709 4781//4781 4708//4708
f 4781//4781 4782//4782 4708//4708
f 4708//4708 4782//4782 4783//4783
f 4708//4708 4783//4783 4707//4707
f 4707//4707 4783//4783 4784//4784
f 4707//4707 4784//4784 4706//4706
f 4706//4706 4784//4784 4785//4785
f 4706//4706 4785//4785 4705//4705
f 4705//4705 4785//4785 4786//4786
f 4705//4705 4786//4786 4704//4704
f 4704//4704 4786//4786 4787//4787
f 4704//4704 4787//4787 4703//4703
f 4703//4703 4787//4787 4788//4788
f 4703//4703 4788//4788 4702//4702
f 4702//4702 4788//4788 4789//4789
f 4702//4702 4789//4789 4701//4701
f 4701//4701 4789//4789 4790//4790
f 4701//4701 4790//4790 4700//4700
f 4700//4700 4790//4790 4791//4791
f 4700//4700 4791//4791 4699//4699
f 4699//4699 4791//4791 4792//4792
f 4699//4699 4792//4792 4698//4698
f 4698//4698 4792//4792 4793//4793
f 4698//4698 4793//4793 4697//4697
f 4697//4697 4793//4793 4794//4794
f 4697//4697 4794//4794 4696//4696
f 4696//4696 4794//4794 4795//4795
f 4696//4696 4795//4795 4695//4695
f 4695//4695 4795//4795 4796//4796
f 4695//4695 4796//4796 4694//4694
f 4694//4694 4796//4796 4797//4797
f 4694//4694 4797//4797 4751//4751
f 4751//4751 4797//4797 4798//4798
f 4751//4751 4798//4798 4750//4750
f 4750//4750 4798//4798 4799//4799
f 4750//4750 4799//4799 4749//4749
f 4749//4749 4799//4799 4800//4800
f 4749//4749 4800//4800 4748//4748
f 4748//4748 4800//4800 4801//4801
f 4748//4748 4801//4801 4747//4747
f 4747//4747 4801//4801 4802//4802
f 4747//4747 4802//4802 4746//4746
f 4746//4746 4802//4802 4803//4803
f 4746//4746 4803//4803 4745//4745
f 4745//4745 4803//4803 4804//4804
f 4745//4745 4804//4804 4744//4744
f 4744//4744 4804//4804 4805//4805
f 4744//4744 4805//4805 4743//4743
f 4743//4743 4805//4805 4806//4806
f 4743//4743 4806//4806 4742//4742
f 4742//4742 4806//4806 4807//4807
f 4742//4742 4807//4807 4741//4741
f 4741//4741 4807//4807 4808//4808
f 4741//4741 4808//4808 4740//4740
f 4740//4740 4808//4808 4809//4809
f 4740//4740 4809//4809 4739//4739
f 4739//4739 4809//4809 4810//4810
f 4739//4739 4810//4810 4738//4738
f 4738//4738 4810//4810 4811//4811
f 4738//4738 4811//4811 4752//4752
f 4666//4666 4796//4796 4668//4668
f 4668//4668 4796//4796 4795//4795
f 4668//4668 4795//4795 4670//4670
f 4670//4670 4795//4795 4794//4794
f 4670//4670 4794//4794 4672//4672
f 4672//4672 4794//4794 4793//4793
f 4672//4672 4793//4793 4674//4674
f 4674//4674 4793//4793 4792//4792
f 4674//4674 4792//4792 4676//4676
f 4676//4676 4792//4792 4791//4791
f 4676//4676 4791//4791 4678//4678
f 4678//4678 4791//4791 4790//4790
f 4678//4678 4790//4790 4680//4680
f 4680//4680 4790//4790 4789//4789
f 4680//4680 4789//4789 4682//4682
f 4682//4682 4789//4789 4788//4788
f 4682//4682 4788//4788 4684//4684
f 4684//4684 4788//4788 4787//4787
f 4684//4684 4787//4787 4686//4686
f 4686//4686 4787//4787 4786//4786
f 4686//4686 4786//4786 4688//4688
f 4688//4688 4786//4786 4785//4785
f 4688//4688 4785//4785 4690//4690
f 4690//4690 4785//4785 4784//4784
f 4690//4690 4784//4784 4692//4692
f 4692//4692 4784//4784 4783//4783
f 4692//4692 4783//4783 4693//4693
f 4693//4693 4783//4783 4782//4782
f 4693//4693 4782//4782 4577//4577
f 4577//4577 4782//4782 4781//4781
f 4577//4577 4781//4781 4579//4579
f 4579//4579 4781//4781 4780//4780
f 4579//4579 4780//4780 4581//4581
f 4581//4581 4780//4780 4779//4779
f 4581//4581 4779//4779 4583//4583
f 4583//4583 4779//4779 4778//4778
f 4583//4583 4778//4778 4585//4585
f 4585//4585 4778//4778 4777//4777
f 4585//4585 4777//4777 4587//4587
f 4587//4587 4777//4777 4776//4776
f 4587//4587 4776//4776 4589//4589
f 4589//4589 4776//4776 4775//4775
f 4589//4589 4775//4775 4591//4591
f 4591//4591 4775//4775 4774//4774
f 4591//4591 4774//4774 4593//4593
f 4593//4593 4774//4774 4773//4773
f 4593//4593 4773//4773 4595//4595
f 4595//4595 4773//4773 4772//4772
f 4595//4595 4772//4772 4597//4597
f 4597//4597 4772//4772 4771//4771
f 4597//4597 4771//4771 4599//4599
f 4599//4599 4771//4771 4770//4770
f 4599//4599 4770//4770 4601//4601
f 4601//4601 4770//4770 4769//4769
f 4601//4601 4769//4769 4603//4603
f 4603//4603 4769//4769 4768//4768
f 4603//4603 4768//4768 4605//4605
f 4605//4605 4768//4768 4767//4767
f 4605//4605 4767//4767 4607//4607
f 4607//4607 4767//4767 4766//4766
f 4607//4607 4766//4766 4609//4609
f 4609//4609 4766//4766 4765//4765
f 4609//4609 4765//4765 4611//4611
f 4611//4611 4765//4765 4764//4764
f 4611//4611 4764//4764 4613//4613
f 4613//4613 4764//4764 4763//4763
f 4613//4613 4763//4763 4615//4615
f 4615//4615 4763//4763 4762//4762
f 4615//4615 4762//4762 4617//4617
f 4617//4617 4762//4762 4761//4761
f 4617//4617 4761//4761 4619//4619
f 4619//4619 4761//4761 4760//4760
f 4619//4619 4760//4760 4621//4621
f 4621//4621 4760//4760 4759//4759
f 4621//4621 4759//4759 4623//4623
f 4623//4623 4759//4759 4758//4758
f 4623//4623 4758//4758 4625//4625
f 4625//4625 4758//4758 4757//4757
f 4625//4625 4757//4757 4627//4627
f 4627//4627 4757//4757 4756//4756
f 4627//4627 4756//4756 4629//4629
f 4629//4629 4756//4756 4755//4755
f 4629//4629 4755//4755 4631//4631
f 4631//4631 4755//4755 4754//4754
f 4631//4631 4754//4754 4633//4633
f 4633//4633 4754//4754 4753//4753
f 4633//4633 4753//4753 4635//4635
f 4635//4635 4753//4753 4752//4752
f 4635//4635 4752//4752 4637//4637
f 4637//4637 4752//4752 4811//4811
f 4637//4637 4811//4811 4638//4638
f 4638//4638 4811//4811 4810//4810
f 4638//4638 4810//4810 4640//4640
f 4640//4640 4810//4810 4809//4809
f 4640//4640 4809//4809 4642//4642
f 4642//4642 4809//4809 4808//4808
f 4642//4642 4808//4808 4644//4644
f 4644//4644 4808//4808 4807//4807
f 4644//4644 4807//4807 4646//4646
f 4646//4646 4807//4807 4806//4806
f 4646//4646 4806//4806 4648//4648
f 4648//4648 4806//4806 4805//4805
f 4648//4648 4805//4805 4650//4650
f 4650//4650 4805//4805 4804//4804
f 4650//4650 4804//4804 4652//4652
f 4652//4652 4804//4804 4803//4803
f 4652//4652 4803//4803 4654//4654
f 4654//4654 4803//4803 4802//4802
f 4654//4654 4802//4802 4656//4656
f 4656//4656 4802//4802 4801//4801
f 4656//4656 4801//4801 4658//4658
f 4658//4658 4801//4801 4800//4800
f 4658//4658 4800//4800 4660//4660
f 4660//4660 4800//4800 4799//4799
f 4660//4660 4799//4799 4662//4662
f 4662//4662 4799//4799 4798//4798
f 4662//4662 4798//4798 4664//4664
f 4664//4664 4798//4798 4797//4797
f 4664//4664 4797//4797 4666//4666
f 4666//4666 4797//4797 4796//4796
f 4812//4812 4813//4813 4814//4814
f 4814//4814 4813//4813 4815//4815
f 4814//4814 4815//4815 4816//4816
f 4816//4816 4815//4815 4817//4817
f 4816//4816 4817//4817 4818//4818
f 4818//4818 4817//4817 4819//4819
f 4818//4818 4819//4819 4820//4820
f 4820//4820 4819//4819 4821//4821
f 4820//4820 4821//4821 4822//4822
f 4822//4822 4821//4821 4823//4823
f 4822//4822 4823//4823 4824//4824
f 4824//4824 4823//4823 4825//4825
f 4824//4824 4825//4825 4826//4826
f 4827//4827 4828//4828 4829//4829
f 4829//4829 4828//4828 4830//4830
f 4829//4829 4830//4830 4831//4831
f 4831//4831 4830//4830 4832//4832
f 4831//4831 4832//4832 4833//4833
f 4833//4833 4832//4832 4834//4834
f 4833//4833 4834//4834 4835//4835
f 4835//4835 4834//4834 4836//4836
f 4835//4835 4836//4836 4837//4837
f 4837//4837 4836//4836 4838//4838
f 4837//4837 4838//4838 4839//4839
f 4839//4839 4838//4838 4840//4840
f 4839//4839 4840//4840 4812//4812
f 4812//4812 4840//4840 4841//4841
f 4812//4812 4841//4841 4813//4813
f 4825//4825 4842//4842 4826//4826
f 4826//4826 4842//4842 4843//4843
f 4826//4826 4843//4843 4844//4844
f 4844//4844 4843//4843 4845//4845
f 4844//4844 4845//4845 4846//4846
f 4846//4846 4845//4845 4847//4847
f 4846//4846 4847//4847 4848//4848
f 4848//4848 4847//4847 4849//4849
f 4848//4848 4849//4849 4850//4850
f 4850//4850 4849//4849 4851//4851
f 4850//4850 4851//4851 4852//4852
f 4852//4852 4851//4851 4853//4853
f 4852//4852 4853//4853 4854//4854
f 4855//4855 4856//4856 4857//4857
f 4857//4857 4856//4856 4858//4858
f 4857//4857 4858//4858 4859//4859
f 4859//4859 4858//4858 4860//4860
f 4859//4859 4860//4860 4861//4861
f 4861//4861 4860//4860 4862//4862
f 4861//4861 4862//4862 4863//4863
f 4863//4863 4862//4862 4864//4864
f 4863//4863 4864//4864 4865//4865
f 4865//4865 4864//4864 4866//4866
f 4865//4865 4866//4866 4827//4827
f 4827//4827 4866//4866 4867//4867
f 4827//4827 4867//4867 4828//4828
f 4868//4868 4869//4869 4870//4870
f 4870//4870 4869//4869 4871//4871
f 4870//4870 4871//4871 4872//4872
f 4872//4872 4871//4871 4873//4873
f 4872//4872 4873//4873 4874//4874
f 4874//4874 4873//4873 4875//4875
f 4874//4874 4875//4875 4876//4876
f 4876//4876 4875//4875 4877//4877
f 4876//4876 4877//4877 4878//4878
f 4878//4878 4877//4877 4879//4879
f 4878//4878 4879//4879 4880//4880
f 4880//4880 4879//4879 4881//4881
f 4880//4880 4881//4881 4855//4855
f 4855//4855 4881//4881 4882//4882
f 4855//4855 4882//4882 4856//4856
f 4883//4883 4884//4884 4885//4885
f 4885//4885 4884//4884 4886//4886
f 4885//4885 4886//4886 4887//4887
f 4887//4887 4886//4886 4888//4888
f 4887//4887 4888//4888 4889//4889
f 4889//4889 4888//4888 4890//4890
f 4889//4889 4890//4890 4891//4891
f 4891//4891 4890//4890 4892//4892
f 4891//4891 4892//4892 4893//4893
f 4893//4893 4892//4892 4894//4894
f 4893//4893 4894//4894 4868//4868
f 4868//4868 4894//4894 4895//4895
f 4868//4868 4895//4895 4869//4869
f 4853//4853 4896//4896 4854//4854
f 4854//4854 4896//4896 4897//4897
f 4854//4854 4897//4897 4898//4898
f 4898//4898 4897//4897 4899//4899
f 4898//4898 4899//4899 4900//4900
f 4900//4900 4899//4899 4901//4901
f 4900//4900 4901//4901 4902//4902
f 4902//4902 4901//4901 4903//4903
f 4902//4902 4903//4903 4904//4904
f 4904//4904 4903//4903 4905//4905
f 4904//4904 4905//4905 4906//4906
f 4906//4906 4905//4905 4907//4907
f 4906//4906 4907//4907 4908//4908
f 4908//4908 4907//4907 4909//4909
f 4908//4908 4909//4909 4883//4883
f 4883//4883 4909//4909 4910//4910
f 4883//4883 4910//4910 4884//4884
f 4911//4911 4912//4912 4913//4913
f 4913//4913 4912//4912 4914//4914
f 4913//4913 4914//4914 4915//4915
f 4915//4915 4914//4914 4916//4916
f 4915//4915 4916//4916 4917//4917
f 4917//4917 4916//4916 4918//4918
f 4917//4917 4918//4918 4919//4919
f 4919//4919 4918//4918 4920//4920
f 4919//4919 4920//4920 4921//4921
f 4921//4921 4920//4920 4922//4922
f 4921//4921 4922//4922 4923//4923
f 4923//4923 4922//4922 4924//4924
f 4923//4923 4924//4924 4925//4925
f 4925//4925 4924//4924 4926//4926
f 4925//4925 4926//4926 4927//4927
f 4927//4927 4926//4926 4928//4928
f 4927//4927 4928//4928 4929//4929
f 4929//4929 4928//4928 4930//4930
f 4929//4929 4930//4930 4931//4931
f 4931//4931 4930//4930 4932//4932
f 4931//4931 4932//4932 4933//4933
f 4933//4933 4932//4932 4934//4934
f 4933//4933 4934//4934 4935//4935
f 4935//4935 4934//4934 4936//4936
f 4935//4935 4936//4936 4937//4937
f 4937//4937 4936//4936 4938//4938
f 4937//4937 4938//4938 4939//4939
f 4939//4939 4938//4938 4940//4940
f 4939//4939 4940//4940 4941//4941
f 4941//4941 4940//4940 4942//4942
f 4941//4941 4942//4942 4943//4943
f 4943//4943 4942//4942 4944//4944
f 4943//4943 4944//4944 4945//4945
f 4945//4945 4944//4944 4946//4946
f 4945//4945 4946//4946 4947//4947
f 4947//4947 4946//4946 4948//4948
f 4947//4947 4948//4948 4949//4949
f 4949//4949 4948//4948 4950//4950
f 4949//4949 4950//4950 4951//4951
f 4951//4951 4950//4950 4952//4952
f 4951//4951 4952//4952 4953//4953
f 4953//4953 4952//4952 4954//4954
f 4953//4953 4954//4954 4955//4955
f 4955//4955 4954//4954 4956//4956
f 4955//4955 4956//4956 4957//4957
f 4957//4957 4956//4956 4958//4958
f 4957//4957 4958//4958 4959//4959
f 4959//4959 4958//4958 4960//4960
f 4959//4959 4960//4960 4961//4961
f 4961//4961 4960//4960 4962//4962
f 4961//4961 4962//4962 4963//4963
f 4963//4963 4962//4962 4964//4964
f 4963//4963 4964//4964 4965//4965
f 4965//4965 4964//4964 4966//4966
f 4965//4965 4966//4966 4967//4967
f 4967//4967 4966//4966 4968//4968
f 4967//4967 4968//4968 4969//4969
f 4969//4969 4968//4968 4970//4970
f 4969//4969 4970//4970 4971//4971
f 4971//4971 4970//4970 4972//4972
f 4971//4971 4972//4972 4973//4973
f 4973//4973 4972//4972 4974//4974
f 4973//4973 4974//4974 4975//4975
f 4975//4975 4974//4974 4976//4976
f 4975//4975 4976//4976 4977//4977
f 4977//4977 4976//4976 4978//4978
f 4977//4977 4978//4978 4979//4979
f 4979//4979 4978//4978 4980//4980
f 4979//4979 4980//4980 4981//4981
f 4981//4981 4980//4980 4982//4982
f 4981//4981 4982//4982 4983//4983
f 4983//4983 4982//4982 4984//4984
f 4983//4983 4984//4984 4985//4985
f 4985//4985 4984//4984 4986//4986
f 4985//4985 4986//4986 4987//4987
f 4987//4987 4986//4986 4988//4988
f 4987//4987 4988//4988 4989//4989
f 4989//4989 4988//4988 4990//4990
f 4989//4989 4990//4990 4991//4991
f 4991//4991 4990//4990 4992//4992
f 4991//4991 4992//4992 4993//4993
f 4993//4993 4992//4992 4994//4994
f 4993//4993 4994//4994 4995//4995
f 4995//4995 4994//4994 4996//4996
f 4995//4995 4996//4996 4997//4997
f 4997//4997 4996//4996 4998//4998
f 4997//4997 4998//4998 4999//4999
f 4999//4999 4998//4998 5000//5000
f 4999//4999 5000//5000 5001//5001
f 5001//5001 5000//5000 5002//5002
f 5001//5001 5002//5002 5003//5003
f 5003//5003 5002//5002 5004//5004
f 5003//5003 5004//5004 5005//5005
f 5005//5005 5004//5004 5006//5006
f 5005//5005 5006//5006 5007//5007
f 5007//5007 5006//5006 5008//5008
f 5007//5007 5008//5008 5009//5009
f 5009//5009 5008//5008 5010//5010
f 5009//5009 5010//5010 5011//5011
f 5011//5011 5010//5010 5012//5012
f 5011//5011 5012//5012 5013//5013
f 5013//5013 5012//5012 5014//5014
f 5013//5013 5014//5014 5015//5015
f 5015//5015 5014//5014 5016//5016
f 5015//5015 5016//5016 5017//5017
f 5017//5017 5016//5016 4911//4911
f 5017//5017 4911//4911 4913//4913
f 5018//5018 4943//4943 5019//5019
f 5019//5019 4943//4943 4945//4945
f 5019//5019 4945//4945 5020//5020
f 5020//5020 4945//4945 4947//4947
f 5020//5020 4947//4947 5021//5021
f 5021//5021 4947//4947 4949//4949
f 5021//5021 4949//4949 5022//5022
f 5022//5022 4949//4949 4951//4951
f 5022//5022 4951//4951 5023//5023
f 5023//5023 4951//4951 4953//4953
f 5023//5023 4953//4953 5024//5024
f 5025//5025 4927//4927 5026//5026
f 5026//5026 4927//4927 4929//4929
f 5026//5026 4929//4929 5027//5027
f 5027//5027 4929//4929 4931//4931
f 5027//5027 4931//4931 5028//5028
f 5028//5028 4931//4931 4933//4933
f 5028//5028 4933//4933 5029//5029
f 5029//5029 4933//4933 4935//4935
f 5029//5029 4935//4935 5030//5030
f 5030//5030 4935//4935 4937//4937
f 5030//5030 4937//4937 5031//5031
f 5031//5031 4937//4937 4939//4939
f 5031//5031 4939//4939 5018//5018
f 5018//5018 4939//4939 4941//4941
f 5018//5018 4941//4941 4943//4943
f 5032//5032 5017//5017 5033//5033
f 5033//5033 5017//5017 4913//4913
f 5033//5033 4913//4913 5034//5034
f 5034//5034 4913//4913 4915//4915
f 5034//5034 4915//4915 5035//5035
f 5035//5035 4915//4915 4917//4917
f 5035//5035 4917//4917 5036//5036
f 5036//5036 4917//4917 4919//4919
f 5036//5036 4919//4919 5037//5037
f 5037//5037 4919//4919 4921//4921
f 5037//5037 4921//4921 5038//5038
f 5038//5038 4921//4921 4923//4923
f 5038//5038 4923//4923 5025//5025
f 5025//5025 4923//4923 4925//4925
f 5025//5025 4925//4925 4927//4927
f 4953//4953 4955//4955 5024//5024
f 5024//5024 4955//4955 4957//4957
f 5024//5024 4957//4957 5039//5039
f 5039//5039 4957//4957 4959//4959
f 5039//5039 4959//4959 5040//5040
f 5040//5040 4959//4959 4961//4961
f 5040//5040 4961//4961 5041//5041
f 5041//5041 4961//4961 4963//4963
f 5041//5041 4963//4963 5042//5042
f 5042//5042 4963//4963 4965//4965
f 5042//5042 4965//4965 5043//5043
f 5043//5043 4965//4965 4967//4967
f 5043//5043 4967//4967 5044//5044
f 5044//5044 4967//4967 4969//4969
f 5044//5044 4969//4969 5045//5045
f 5046//5046 5003//5003 5047//5047
f 5047//5047 5003//5003 5005//5005
f 5047//5047 5005//5005 5048//5048
f 5048//5048 5005//5005 5007//5007
f 5048//5048 5007//5007 5049//5049
f 5049//5049 5007//5007 5009//5009
f 5049//5049 5009//5009 5050//5050
f 5050//5050 5009//5009 5011//5011
f 5050//5050 5011//5011 5051//5051
f 5051//5051 5011//5011 5013//5013
f 5051//5051 5013//5013 5032//5032
f 5032//5032 5013//5013 5015//5015
f 5032//5032 5015//5015 5017//5017
f 4969//4969 4971//4971 5045//5045
f 5045//5045 4971//4971 4973//4973
f 5045//5045 4973//4973 5052//5052
f 5052//5052 4973//4973 4975//4975
f 5052//5052 4975//4975 5053//5053
f 5053//5053 4975//4975 4977//4977
f 5053//5053 4977//4977 5054//5054
f 5054//5054 4977//4977 4979//4979
f 5054//5054 4979//4979 5055//5055
f 5055//5055 4979//4979 4981//4981
f 5055//5055 4981//4981 5056//5056
f 5056//5056 4981//4981 4983//4983
f 5056//5056 4983//4983 5057//5057
f 4983//4983 4985//4985 5057//5057
f 5057//5057 4985//4985 4987//4987
f 5057//5057 4987//4987 5058//5058
f 5058//5058 4987//4987 4989//4989
f 5058//5058 4989//4989 5059//5059
f 5059//5059 4989//4989 4991//4991
f 5059//5059 4991//4991 5060//5060
f 5060//5060 4991//4991 4993//4993
f 5060//5060 4993//4993 5061//5061
f 5061//5061 4993//4993 4995//4995
f 5061//5061 4995//4995 5062//5062
f 5062//5062 4995//4995 4997//4997
f 5062//5062 4997//4997 5063//5063
f 5063//5063 4997//4997 4999//4999
f 5063//5063 4999//4999 5046//5046
f 5046//5046 4999//4999 5001//5001
f 5046//5046 5001//5001 5003//5003
f 4876//4876 5042//5042 4874//4874
f 4874//4874 5042//5042 5043//5043
f 4874//4874 5043//5043 4872//4872
f 4872//4872 5043//5043 5044//5044
f 4872//4872 5044//5044 4870//4870
f 4870//4870 5044//5044 5045//5045
f 4870//4870 5045//5045 4868//4868
f 4868//4868 5045//5045 5052//5052
f 4868//4868 5052//5052 4893//4893
f 4893//4893 5052//5052 5053//5053
f 4893//4893 5053//5053 4891//4891
f 4891//4891 5053//5053 5054//5054
f 4891//4891 5054//5054 4889//4889
f 4889//4889 5054//5054 5055//5055
f 4889//4889 5055//5055 4887//4887
f 4887//4887 5055//5055 5056//5056
f 4887//4887 5056//5056 4885//4885
f 4885//4885 5056//5056 5057//5057
f 4885//4885 5057//5057 4883//4883
f 4883//4883 5057//5057 5058//5058
f 4883//4883 5058//5058 4908//4908
f 4908//4908 5058//5058 5059//5059
f 4908//4908 5059//5059 4906//4906
f 4906//4906 5059//5059 5060//5060
f 4906//4906 5060//5060 4904//4904
f 4904//4904 5060//5060 5061//5061
f 4904//4904 5061//5061 4902//4902
f 4902//4902 5061//5061 5062//5062
f 4902//4902 5062//5062 4900//4900
f 4900//4900 5062//5062 5063//5063
f 4900//4900 5063//5063 4898//4898
f 4898//4898 5063//5063 5046//5046
f 4898//4898 5046//5046 4854//4854
f 4854//4854 5046//5046 5047//5047
f 4854//4854 5047//5047 4852//4852
f 4852//4852 5047//5047 5048//5048
f 4852//4852 5048//5048 4850//4850
f 4850//4850 5048//5048 5049//5049
f 4850//4850 5049//5049 4848//4848
f 4848//4848 5049//5049 5050//5050
f 4848//4848 5050//5050 4846//4846
f 4846//4846 5050//5050 5051//5051
f 4846//4846 5051//5051 4844//4844
f 4844//4844 5051//5051 5032//5032
f 4844//4844 5032//5032 4826//4826
f 4826//4826 5032//5032 5033//5033
f 4826//4826 5033//5033 4824//4824
f 4824//4824 5033//5033 5034//5034
f 4824//4824 5034//5034 4822//4822
f 4822//4822 5034//5034 5035//5035
f 4822//4822 5035//5035 4820//4820
f 4820//4820 5035//5035 5036//5036
f 4820//4820 5036//5036 4818//4818
f 4818//4818 5036//5036 5037//5037
f 4818//4818 5037//5037 4816//4816
f 4816//4816 5037//5037 5038//5038
f 4816//4816 5038//5038 4814//4814
f 4814//4814 5038//5038 5025//5025
f 4814//4814 5025//5025 4812//4812
f 4812//4812 5025//5025 5026//5026
f 4812//4812 5026//5026 4839//4839
f 4839//4839 5026//5026 5027//5027
f 4839//4839 5027//5027 4837//4837
f 4837//4837 5027//5027 5028//5028
f 4837//4837 5028//5028 4835//4835
f 4835//4835 5028//5028 5029//5029
f 4835//4835 5029//5029 4833//4833
f 4833//4833 5029//5029 5030//5030
f 4833//4833 5030//5030 4831//4831
f 4831//4831 5030//5030 5031//5031
f 4831//4831 5031//5031 4829//4829
f 4829//4829 5031//5031 5018//5018
f 4829//4829 5018//5018 4827//4827
f 4827//4827 5018//5018 5019//5019
f 4827//4827 5019//5019 4865//4865
f 4865//4865 5019//5019 5020//5020
f 4865//4865 5020//5020 4863//4863
f 4863//4863 5020//5020 5021//5021
f 4863//4863 5021//5021 4861//4861
f 4861//4861 5021//5021 5022//5022
f 4861//4861 5022//5022 4859//4859
f 4859//4859 5022//5022 5023//5023
f 4859//4859 5023//5023 4857//4857
f 4857//4857 5023//5023 5024//5024
f 4857//4857 5024//5024 4855//4855
f 4855//4855 5024//5024 5039//5039
f 4855//4855 5039//5039 4880//4880
f 4880//4880 5039//5039 5040//5040
f 4880//4880 5040//5040 4878//4878
f 4878//4878 5040//5040 5041//5041
f 4878//4878 5041//5041 4876//4876
f 4876//4876 5041//5041 5042//5042
f 4911//4911 5016//5016 4843//4843
f 4843//4843 5016//5016 5014//5014
f 4843//4843 5014//5014 4845//4845
f 4845//4845 5014//5014 5012//5012
f 4845//4845 5012//5012 4847//4847
f 4847//4847 5012//5012 5010//5010
f 4847//4847 5010//5010 4849//4849
f 4849//4849 5010//5010 5008//5008
f 4849//4849 5008//5008 4851//4851
f 4851//4851 5008//5008 5006//5006
f 4851//4851 5006//5006 4853//4853
f 4853//4853 5006//5006 5004//5004
f 4853//4853 5004//5004 4896//4896
f 4896//4896 5004//5004 5002//5002
f 4896//4896 5002//5002 4897//4897
f 4897//4897 5002//5002 5000//5000
f 4897//4897 5000//5000 4899//4899
f 4899//4899 5000//5000 4998//4998
f 4899//4899 4998//4998 4901//4901
f 4901//4901 4998//4998 4996//4996
f 4901//4901 4996//4996 4903//4903
f 4903//4903 4996//4996 4994//4994
f 4903//4903 4994//4994 4905//4905
f 4905//4905 4994//4994 4992//4992
f 4905//4905 4992//4992 4907//4907
f 4907//4907 4992//4992 4990//4990
f 4907//4907 4990//4990 4909//4909
f 4909//4909 4990//4990 4988//4988
f 4909//4909 4988//4988 4910//4910
f 4910//4910 4988//4988 4986//4986
f 4910//4910 4986//4986 4884//4884
f 4884//4884 4986//4986 4984//4984
f 4884//4884 4984//4984 4886//4886
f 4886//4886 4984//4984 4982//4982
f 4886//4886 4982//4982 4888//4888
f 4888//4888 4982//4982 4980//4980
f 4888//4888 4980//4980 4890//4890
f 4890//4890 4980//4980 4978//4978
f 4890//4890 4978//4978 4892//4892
f 4892//4892 4978//4978 4976//4976
f 4892//4892 4976//4976 4894//4894
f 4894//4894 4976//4976 4974//4974
f 4894//4894 4974//4974 4895//4895
f 4895//4895 4974//4974 4972//4972
f 4895//4895 4972//4972 4869//4869
f 4869//4869 4972//4972 4970//4970
f 4869//4869 4970//4970 4871//4871
f 4871//4871 4970//4970 4968//4968
f 4871//4871 4968//4968 4873//4873
f 4873//4873 4968//4968 4966//4966
f 4873//4873 4966//4966 4875//4875
f 4875//4875 4966//4966 4964//4964
f 4875//4875 4964//4964 4877//4877
f 4877//4877 4964//4964 4962//4962
f 4877//4877 4962//4962 4879//4879
f 4879//4879 4962//4962 4960//4960
f 4879//4879 4960//4960 4881//4881
f 4881//4881 4960//4960 4958//4958
f 4881//4881 4958//4958 4882//4882
f 4882//4882 4958//4958 4956//4956
f 4882//4882 4956//4956 4856//4856
f 4856//4856 4956//4956 4954//4954
f 4856//4856 4954//4954 4858//4858
f 4858//4858 4954//4954 4952//4952
f 4858//4858 4952//4952 4860//4860
f 4860//4860 4952//4952 4950//4950
f 4860//4860 4950//4950 4862//4862
f 4862//4862 4950//4950 4948//4948
f 4862//4862 4948//4948 4864//4864
f 4864//4864 4948//4948 4946//4946
f 4864//4864 4946//4946 4866//4866
f 4866//4866 4946//4946 4944//4944
f 4866//4866 4944//4944 4867//4867
f 4867//4867 4944//4944 4942//4942
f 4867//4867 4942//4942 4828//4828
f 4828//4828 4942//4942 4940//4940
f 4828//4828 4940//4940 4830//4830
f 4830//4830 4940//4940 4938//4938
f 4830//4830 4938//4938 4832//4832
f 4832//4832 4938//4938 4936//4936
f 4832//4832 4936//4936 4834//4834
f 4834//4834 4936//4936 4934//4934
f 4834//4834 4934//4934 4836//4836
f 4836//4836 4934//4934 4932//4932
f 4836//4836 4932//4932 4838//4838
f 4838//4838 4932//4932 4930//4930
f 4838//4838 4930//4930 4840//4840
f 4840//4840 4930//4930 4928//4928
f 4840//4840 4928//4928 4841//4841
f 4841//4841 4928//4928 4926//4926
f 4841//4841 4926//4926 4813//4813
f 4813//4813 4926//4926 4924//4924
f 4813//4813 4924//4924 4815//4815
f 4815//4815 4924//4924 4922//4922
f 4815//4815 4922//4922 4817//4817
f 4817//4817 4922//4922 4920//4920
f 4817//4817 4920//4920 4819//4819
f 4819//4819 4920//4920 4918//4918
f 4819//4819 4918//4918 4821//4821
f 4821//4821 4918//4918 4916//4916
f 4821//4821 4916//4916 4823//4823
f 4823//4823 4916//4916 4914//4914
f 4823//4823 4914//4914 4825//4825
f 4825//4825 4914//4914 4912//4912
f 4825//4825 4912//4912 4842//4842
f 4842//4842 4912//4912 4911//4911
f 4842//4842 4911//4911 4843//4843
f 5064//5064 5065//5065 5066//5066
f 5064//5064 5066//5066 5067//5067
f 5067//5067 5066//5066 5068//5068
f 5067//5067 5068//5068 5069//5069
f 5069//5069 5068//5068 5070//5070
f 5069//5069 5070//5070 5071//5071
f 5071//5071 5070//5070 5072//5072
f 5071//5071 5072//5072 5073//5073
f 5073//5073 5072//5072 5074//5074
f 5073//5073 5074//5074 5075//5075
f 5075//5075 5074//5074 5076//5076
f 5075//5075 5076//5076 5077//5077
f 5077//5077 5076//5076 5078//5078
f 5077//5077 5078//5078 5079//5079
f 5079//5079 5078//5078 5080//5080
f 5079//5079 5080//5080 5081//5081
f 5081//5081 5080//5080 5082//5082
f 5081//5081 5082//5082 5083//5083
f 5083//5083 5082//5082 5084//5084
f 5083//5083 5084//5084 5085//5085
f 5085//5085 5084//5084 5086//5086
f 5085//5085 5086//5086 5087//5087
f 5087//5087 5086//5086 5088//5088
f 5087//5087 5088//5088 5089//5089
f 5089//5089 5088//5088 5090//5090
f 5089//5089 5090//5090 5091//5091
f 5091//5091 5090//5090 5092//5092
f 5091//5091 5092//5092 5093//5093
f 5093//5093 5092//5092 5094//5094
f 5093//5093 5094//5094 5095//5095
f 5095//5095 5094//5094 5096//5096
f 5095//5095 5096//5096 5097//5097
f 5097//5097 5096//5096 5098//5098
f 5097//5097 5098//5098 5099//5099
f 5099//5099 5098//5098 5100//5100
f 5099//5099 5100//5100 5101//5101
f 5101//5101 5100//5100 5102//5102
f 5101//5101 5102//5102 5103//5103
f 5103//5103 5102//5102 5104//5104
f 5103//5103 5104//5104 5105//5105
f 5105//5105 5104//5104 5106//5106
f 5105//5105 5106//5106 5107//5107
f 5107//5107 5106//5106 5108//5108
f 5107//5107 5108//5108 5109//5109
f 5109//5109 5108//5108 5110//5110
f 5109//5109 5110//5110 5111//5111
f 5064//5064 5112//5112 5065//5065
f 5065//5065 5112//5112 5113//5113
f 5065//5065 5113//5113 5114//5114
f 5114//5114 5113//5113 5115//5115
f 5114//5114 5115//5115 5116//5116
f 5116//5116 5115//5115 5117//5117
f 5116//5116 5117//5117 5118//5118
f 5118//5118 5117//5117 5119//5119
f 5118//5118 5119//5119 5120//5120
f 5120//5120 5119//5119 5121//5121
f 5120//5120 5121//5121 5122//5122
f 5122//5122 5121//5121 5123//5123
f 5122//5122 5123//5123 5124//5124
f 5124//5124 5123//5123 5125//5125
f 5124//5124 5125//5125 5126//5126
f 5126//5126 5125//5125 5127//5127
f 5126//5126 5127//5127 5128//5128
f 5128//5128 5127//5127 5129//5129
f 5128//5128 5129//5129 5130//5130
f 5130//5130 5129//5129 5131//5131
f 5130//5130 5131//5131 5132//5132
f 5132//5132 5131//5131 5133//5133
f 5132//5132 5133//5133 5134//5134
f 5134//5134 5133//5133 5135//5135
f 5134//5134 5135//5135 5136//5136
f 5136//5136 5135//5135 5137//5137
f 5136//5136 5137//5137 5138//5138
f 5138//5138 5137//5137 5139//5139
f 5138//5138 5139//5139 5140//5140
f 5140//5140 5139//5139 5141//5141
f 5140//5140 5141//5141 5142//5142
f 5142//5142 5141//5141 5143//5143
f 5142//5142 5143//5143 5144//5144
f 5144//5144 5143//5143 5145//5145
f 5144//5144 5145//5145 5146//5146
f 5146//5146 5145//5145 5147//5147
f 5146//5146 5147//5147 5148//5148
f 5148//5148 5147//5147 5149//5149
f 5148//5148 5149//5149 5150//5150
f 5150//5150 5149//5149 5151//5151
f 5150//5150 5151//5151 5152//5152
f 5152//5152 5151//5151 5153//5153
f 5152//5152 5153//5153 5154//5154
f 5154//5154 5153//5153 5111//5111
f 5154//5154 5111//5111 5155//5155
f 5155//5155 5111//5111 5110//5110
f 5156//5156 5157//5157 5158//5158
f 5158//5158 5157//5157 5159//5159
f 5158//5158 5159//5159 5160//5160
f 5160//5160 5159//5159 5161//5161
f 5160//5160 5161//5161 5162//5162
f 5162//5162 5161//5161 5163//5163
f 5162//5162 5163//5163 5164//5164
f 5164//5164 5163//5163 5165//5165
f 5164//5164 5165//5165 5166//5166
f 5166//5166 5165//5165 5167//5167
f 5166//5166 5167//5167 5168//5168
f 5168//5168 5167//5167 5169//5169
f 5168//5168 5169//5169 5170//5170
f 5170//5170 5169//5169 5171//5171
f 5170//5170 5171//5171 5172//5172
f 5172//5172 5171//5171 5173//5173
f 5172//5172 5173//5173 5174//5174
f 5174//5174 5173//5173 5175//5175
f 5174//5174 5175//5175 5176//5176
f 5176//5176 5175//5175 5177//5177
f 5176//5176 5177//5177 5178//5178
f 5178//5178 5177//5177 5179//5179
f 5178//5178 5179//5179 5180//5180
f 5180//5180 5179//5179 5181//5181
f 5180//5180 5181//5181 5182//5182
f 5182//5182 5181//5181 5183//5183
f 5182//5182 5183//5183 5184//5184
f 5184//5184 5183//5183 5185//5185
f 5184//5184 5185//5185 5186//5186
f 5186//5186 5185//5185 5187//5187
f 5186//5186 5187//5187 5188//5188
f 5188//5188 5187//5187 5189//5189
f 5188//5188 5189//5189 5190//5190
f 5190//5190 5189//5189 5191//5191
f 5190//5190 5191//5191 5192//5192
f 5192//5192 5191//5191 5193//5193
f 5192//5192 5193//5193 5194//5194
f 5194//5194 5193//5193 5195//5195
f 5194//5194 5195//5195 5196//5196
f 5196//5196 5195//5195 5197//5197
f 5196//5196 5197//5197 5198//5198
f 5198//5198 5197//5197 5199//5199
f 5198//5198 5199//5199 5200//5200
f 5200//5200 5199//5199 5201//5201
f 5200//5200 5201//5201 5202//5202
f 5202//5202 5201//5201 5203//5203
f 5202//5202 5203//5203 5204//5204
f 5204//5204 5203//5203 5205//5205
f 5204//5204 5205//5205 5206//5206
f 5206//5206 5205//5205 5207//5207
f 5206//5206 5207//5207 5208//5208
f 5208//5208 5207//5207 5209//5209
f 5208//5208 5209//5209 5210//5210
f 5210//5210 5209//5209 5211//5211
f 5210//5210 5211//5211 5212//5212
f 5212//5212 5211//5211 5213//5213
f 5212//5212 5213//5213 5214//5214
f 5214//5214 5213//5213 5215//5215
f 5214//5214 5215//5215 5216//5216
f 5216//5216 5215//5215 5217//5217
f 5216//5216 5217//5217 5218//5218
f 5218//5218 5217//5217 5219//5219
f 5218//5218 5219//5219 5220//5220
f 5220//5220 5219//5219 5221//5221
f 5220//5220 5221//5221 5222//5222
f 5222//5222 5221//5221 5223//5223
f 5222//5222 5223//5223 5224//5224
f 5224//5224 5223//5223 5225//5225
f 5224//5224 5225//5225 5226//5226
f 5226//5226 5225//5225 5227//5227
f 5226//5226 5227//5227 5228//5228
f 5228//5228 5227//5227 5229//5229
f 5228//5228 5229//5229 5230//5230
f 5230//5230 5229//5229 5231//5231
f 5230//5230 5231//5231 5232//5232
f 5232//5232 5231//5231 5233//5233
f 5232//5232 5233//5233 5234//5234
f 5234//5234 5233//5233 5235//5235
f 5234//5234 5235//5235 5156//5156
f 5156//5156 5235//5235 5157//5157
f 5218//5218 5112//5112 5216//5216
f 5216//5216 5112//5112 5064//5064
f 5216//5216 5064//5064 5214//5214
f 5214//5214 5064//5064 5067//5067
f 5214//5214 5067//5067 5212//5212
f 5164//5164 5141//5141 5162//5162
f 5162//5162 5141//5141 5139//5139
f 5162//5162 5139//5139 5160//5160
f 5160//5160 5139//5139 5137//5137
f 5160//5160 5137//5137 5158//5158
f 5158//5158 5137//5137 5135//5135
f 5158//5158 5135//5135 5156//5156
f 5156//5156 5135//5135 5133//5133
f 5156//5156 5133//5133 5234//5234
f 5234//5234 5133//5133 5131//5131
f 5234//5234 5131//5131 5232//5232
f 5232//5232 5131//5131 5129//5129
f 5232//5232 5129//5129 5230//5230
f 5230//5230 5129//5129 5127//5127
f 5230//5230 5127//5127 5228//5228
f 5127//5127 5125//5125 5228//5228
f 5228//5228 5125//5125 5123//5123
f 5228//5228 5123//5123 5226//5226
f 5226//5226 5123//5123 5121//5121
f 5226//5226 5121//5121 5224//5224
f 5224//5224 5121//5121 5119//5119
f 5224//5224 5119//5119 5222//5222
f 5222//5222 5119//5119 5117//5117
f 5222//5222 5117//5117 5220//5220
f 5220//5220 5117//5117 5115//5115
f 5220//5220 5115//5115 5218//5218
f 5218//5218 5115//5115 5113//5113
f 5218//5218 5113//5113 5112//5112
f 5067//5067 5069//5069 5212//5212
f 5212//5212 5069//5069 5071//5071
f 5212//5212 5071//5071 5210//5210
f 5210//5210 5071//5071 5073//5073
f 5210//5210 5073//5073 5208//5208
f 5208//5208 5073//5073 5075//5075
f 5208//5208 5075//5075 5206//5206
f 5206//5206 5075//5075 5077//5077
f 5206//5206 5077//5077 5204//5204
f 5204//5204 5077//5077 5079//5079
f 5204//5204 5079//5079 5202//5202
f 5202//5202 5079//5079 5081//5081
f 5202//5202 5081//5081 5200//5200
f 5200//5200 5081//5081 5083//5083
f 5200//5200 5083//5083 5198//5198
f 5198//5198 5083//5083 5085//5085
f 5198//5198 5085//5085 5196//5196
f 5180//5180 5107//5107 5178//5178
f 5178//5178 5107//5107 5109//5109
f 5178//5178 5109//5109 5176//5176
f 5176//5176 5109//5109 5111//5111
f 5176//5176 5111//5111 5174//5174
f 5174//5174 5111//5111 5153//5153
f 5174//5174 5153//5153 5172//5172
f 5172//5172 5153//5153 5151//5151
f 5172//5172 5151//5151 5170//5170
f 5170//5170 5151//5151 5149//5149
f 5170//5170 5149//5149 5168//5168
f 5168//5168 5149//5149 5147//5147
f 5168//5168 5147//5147 5166//5166
f 5166//5166 5147//5147 5145//5145
f 5166//5166 5145//5145 5164//5164
f 5164//5164 5145//5145 5143//5143
f 5164//5164 5143//5143 5141//5141
f 5085//5085 5087//5087 5196//5196
f 5196//5196 5087//5087 5089//5089
f 5196//5196 5089//5089 5194//5194
f 5194//5194 5089//5089 5091//5091
f 5194//5194 5091//5091 5192//5192
f 5192//5192 5091//5091 5093//5093
f 5192//5192 5093//5093 5190//5190
f 5190//5190 5093//5093 5095//5095
f 5190//5190 5095//5095 5188//5188
f 5188//5188 5095//5095 5097//5097
f 5188//5188 5097//5097 5186//5186
f 5186//5186 5097//5097 5099//5099
f 5186//5186 5099//5099 5184//5184
f 5184//5184 5099//5099 5101//5101
f 5184//5184 5101//5101 5182//5182
f 5182//5182 5101//5101 5103//5103
f 5182//5182 5103//5103 5180//5180
f 5180//5180 5103//5103 5105//5105
f 5180//5180 5105//5105 5107//5107
f 5175//5175 5155//5155 5177//5177
f 5177//5177 5155//5155 5110//5110
f 5177//5177 5110//5110 5179//5179
f 5163//5163 5142//5142 5165//5165
f 5165//5165 5142//5142 5144//5144
f 5165//5165 5144//5144 5167//5167
f 5167//5167 5144//5144 5146//5146
f 5167//5167 5146//5146 5169//5169
f 5169//5169 5146//5146 5148//5148
f 5169//5169 5148//5148 5171//5171
f 5171//5171 5148//5148 5150//5150
f 5171//5171 5150//5150 5173//5173
f 5173//5173 5150//5150 5152//5152
f 5173//5173 5152//5152 5175//5175
f 5175//5175 5152//5152 5154//5154
f 5175//5175 5154//5154 5155//5155
f 5110//5110 5108//5108 5179//5179
f 5179//5179 5108//5108 5106//5106
f 5179//5179 5106//5106 5181//5181
f 5181//5181 5106//5106 5104//5104
f 5181//5181 5104//5104 5183//5183
f 5183//5183 5104//5104 5102//5102
f 5183//5183 5102//5102 5185//5185
f 5185//5185 5102//5102 5100//5100
f 5185//5185 5100//5100 5187//5187
f 5187//5187 5100//5100 5098//5098
f 5187//5187 5098//5098 5189//5189
f 5189//5189 5098//5098 5096//5096
f 5189//5189 5096//5096 5191//5191
f 5191//5191 5096//5096 5094//5094
f 5191//5191 5094//5094 5193//5193
f 5193//5193 5094//5094 5092//5092
f 5193//5193 5092//5092 5195//5195
f 5227//5227 5124//5124 5229//5229
f 5229//5229 5124//5124 5126//5126
f 5229//5229 5126//5126 5231//5231
f 5231//5231 5126//5126 5128//5128
f 5231//5231 5128//5128 5233//5233
f 5233//5233 5128//5128 5130//5130
f 5233//5233 5130//5130 5235//5235
f 5235//5235 5130//5130 5132//5132
f 5235//5235 5132//5132 5157//5157
f 5157//5157 5132//5132 5134//5134
f 5157//5157 5134//5134 5159//5159
f 5159//5159 5134//5134 5136//5136
f 5159//5159 5136//5136 5161//5161
f 5161//5161 5136//5136 5138//5138
f 5161//5161 5138//5138 5163//5163
f 5163//5163 5138//5138 5140//5140
f 5163//5163 5140//5140 5142//5142
f 5211//5211 5070//5070 5213//5213
f 5213//5213 5070//5070 5068//5068
f 5213//5213 5068//5068 5215//5215
f 5215//5215 5068//5068 5066//5066
f 5215//5215 5066//5066 5217//5217
f 5217//5217 5066//5066 5065//5065
f 5217//5217 5065//5065 5219//5219
f 5219//5219 5065//5065 5114//5114
f 5219//5219 5114//5114 5221//5221
f 5221//5221 5114//5114 5116//5116
f 5221//5221 5116//5116 5223//5223
f 5223//5223 5116//5116 5118//5118
f 5223//5223 5118//5118 5225//5225
f 5225//5225 5118//5118 5120//5120
f 5225//5225 5120//5120 5227//5227
f 5227//5227 5120//5120 5122//5122
f 5227//5227 5122//5122 5124//5124
f 5092//5092 5090//5090 5195//5195
f 5195//5195 5090//5090 5088//5088
f 5195//5195 5088//5088 5197//5197
f 5197//5197 5088//5088 5086//5086
f 5197//5197 5086//5086 5199//5199
f 5199//5199 5086//5086 5084//5084
f 5199//5199 5084//5084 5201//5201
f 5201//5201 5084//5084 5082//5082
f 5201//5201 5082//5082 5203//5203
f 5203//5203 5082//5082 5080//5080
f 5203//5203 5080//5080 5205//5205
f 5205//5205 5080//5080 5078//5078
f 5205//5205 5078//5078 5207//5207
f 5207//5207 5078//5078 5076//5076
f 5207//5207 5076//5076 5209//5209
f 5209//5209 5076//5076 5074//5074
f 5209//5209 5074//5074 5211//5211
f 5211//5211 5074//5074 5072//5072
f 5211//5211 5072//5072 5070//5070
