# Blender v3.6.0 OBJ File: 'RemainingParts.blend'
# www.blender.org
mtllib InstrumentPressureTransmitter.mtl
o TransmitterPressure
v -1.829224 91.477844 17.404144
v -2.608215 60.000000 17.304535
v 0.000000 60.000000 17.500000
v -5.158203 91.477844 16.722534
v -5.158203 60.000000 16.722534
v -3.638428 91.477844 17.117584
v -2.608215 91.477844 17.304535
v -5.407776 91.477844 16.643494
v -7.117920 91.477844 15.987061
v -7.592957 60.000000 15.766968
v -9.858093 91.477844 14.459167
v -9.858093 60.000000 14.459167
v -8.750000 91.477844 15.155457
v -7.592957 91.477844 15.766968
v -10.286255 91.477844 14.157806
v -11.709778 91.477844 13.005035
v -11.903015 60.000000 12.828400
v -11.903015 91.477844 12.828400
v -13.005005 91.477844 11.709778
v -13.682068 60.000000 10.911072
v -13.682068 91.477844 10.911072
v -14.157776 91.477844 10.286255
v -15.155457 60.000000 8.750000
v -15.155457 91.477844 8.750000
v -15.987061 91.477844 7.117889
v -16.290283 60.000000 6.393463
v -17.061218 91.477844 3.894104
v -17.061218 60.000000 3.894104
v -16.643494 91.477844 5.407806
v -16.290283 91.477844 6.393463
v -17.117554 91.477844 3.638458
v -17.404114 91.477844 1.829254
v -17.451050 60.000000 1.307770
v -17.451050 91.477844 -1.307770
v -17.451050 60.000000 -1.307770
v -17.500000 91.477844 0.000000
v -17.451050 91.477844 1.307770
v -17.404114 91.477844 -1.829254
v -17.117554 91.477844 -3.638458
v -17.061218 60.000000 -3.894104
v -17.061218 91.477844 -3.894104
v -16.643494 91.477844 -5.407806
v -16.290283 60.000000 -6.393463
v -16.290283 91.477844 -6.393463
v -15.987061 91.477844 -7.117889
v -15.155457 60.000000 -8.750000
v -15.155457 91.477844 -8.750000
v -14.157776 91.477844 -10.286255
v -13.682068 60.000000 -10.911072
v -11.903015 91.477844 -12.828400
v -11.903015 60.000000 -12.828400
v -13.005005 91.477844 -11.709778
v -13.682068 91.477844 -10.911072
v -11.709778 91.477844 -13.005035
v -10.286255 91.477844 -14.157806
v -9.858093 60.000000 -14.459167
v -7.592957 91.477844 -15.766968
v -7.592957 60.000000 -15.766968
v -8.750000 91.477844 -15.155457
v -9.858093 91.477844 -14.459167
v -7.117920 91.477844 -15.987061
v -5.407776 91.477844 -16.643494
v -5.158203 60.000000 -16.722534
v -5.158203 91.477844 -16.722534
v -3.638428 91.477844 -17.117584
v -2.608215 60.000000 -17.304535
v -2.608215 91.477844 -17.304535
v -1.829224 91.477844 -17.404144
v 0.000000 60.000000 -17.500000
v 0.000000 91.477844 -17.500000
v 1.829224 91.477844 -17.404144
v 2.608215 60.000000 -17.304535
v 5.158203 91.477844 -16.722534
v 5.158203 60.000000 -16.722534
v 3.638428 91.477844 -17.117584
v 2.608215 91.477844 -17.304535
v 5.407776 91.477844 -16.643494
v 7.117920 91.477844 -15.987061
v 7.592957 60.000000 -15.766968
v 9.858093 91.477844 -14.459167
v 9.858093 60.000000 -14.459167
v 8.750000 91.477844 -15.155457
v 7.592957 91.477844 -15.766968
v 10.286255 91.477844 -14.157806
v 11.709778 91.477844 -13.005035
v 11.903015 60.000000 -12.828400
v 11.903015 91.477844 -12.828400
v 13.005005 91.477844 -11.709778
v 13.682068 60.000000 -10.911072
v 13.682068 91.477844 -10.911072
v 14.157776 91.477844 -10.286255
v 15.155457 60.000000 -8.750000
v 15.155457 91.477844 -8.750000
v 15.987061 91.477844 -7.117889
v 16.290283 60.000000 -6.393463
v 17.061218 91.477844 -3.894104
v 17.061218 60.000000 -3.894104
v 16.643494 91.477844 -5.407806
v 16.290283 91.477844 -6.393463
v 17.117554 91.477844 -3.638458
v 17.404114 91.477844 -1.829254
v 17.451050 60.000000 -1.307770
v 17.451050 91.477844 1.307770
v 17.451050 60.000000 1.307770
v 17.500000 91.477844 0.000000
v 17.451050 91.477844 -1.307770
v 17.404114 91.477844 1.829254
v 17.117554 91.477844 3.638458
v 17.061218 60.000000 3.894104
v 17.061218 91.477844 3.894104
v 16.643494 91.477844 5.407806
v 16.290283 60.000000 6.393463
v 16.290283 91.477844 6.393463
v 15.987061 91.477844 7.117889
v 15.155457 60.000000 8.750000
v 15.155457 91.477844 8.750000
v 14.157776 91.477844 10.286255
v 13.682068 60.000000 10.911072
v 11.903015 91.477844 12.828400
v 11.903015 60.000000 12.828400
v 13.005005 91.477844 11.709778
v 13.682068 91.477844 10.911072
v 11.709778 91.477844 13.005035
v 10.286255 91.477844 14.157806
v 9.858093 60.000000 14.459167
v 7.592957 91.477844 15.766968
v 7.592957 60.000000 15.766968
v 8.750000 91.477844 15.155457
v 9.858093 91.477844 14.459167
v 7.117920 91.477844 15.987061
v 5.407776 91.477844 16.643494
v 5.158203 60.000000 16.722534
v 5.158203 91.477844 16.722534
v 3.638428 91.477844 17.117584
v 2.608215 60.000000 17.304535
v 2.608215 91.477844 17.304535
v 1.829224 91.477844 17.404144
v 0.000000 91.477844 17.500000
v -2.608215 93.812195 18.652283
v -3.638428 93.974060 18.558777
v -3.638428 93.867493 18.388184
v -5.407776 91.711975 16.651672
v -7.117920 91.757751 15.996826
v -10.286255 91.885315 14.172028
v -11.709778 91.965759 13.022064
v -17.117554 92.619080 3.678314
v -17.404114 92.745300 1.873505
v 17.404114 92.745300 1.873505
v 17.117554 92.619080 3.678314
v 11.709778 91.965759 13.022064
v 10.286255 91.885315 14.172028
v 7.117920 91.757751 15.996826
v 5.407776 91.711975 16.651672
v 1.829224 91.658875 17.410461
v 0.000000 91.652161 17.506104
v 0.000000 93.642883 18.750000
v 0.000000 93.550354 18.602020
v 1.829224 93.725891 18.702057
v 1.829224 93.629822 18.548401
v 2.608215 93.812195 18.652283
v 3.638428 93.867493 18.388184
v 5.407776 94.260437 18.123077
v 5.158203 94.316223 18.361267
v 3.638428 93.974060 18.558777
v 3.638428 91.678894 17.124603
v 7.117920 94.804626 17.755981
v 7.117920 94.953064 17.993530
v 5.407776 94.384583 18.321747
v 10.286255 96.321228 16.733093
v 9.858093 96.276306 17.229584
v 8.750000 95.494080 17.290955
v 8.750000 95.673279 17.577728
v 7.592957 95.143738 17.883484
v 8.750000 91.815735 15.167236
v 11.709778 97.276917 16.088470
v 11.709778 97.535583 16.502502
v 10.286255 96.537292 17.078888
v 14.157776 99.530823 14.568146
v 13.682068 99.349060 15.455536
v 13.005005 98.350647 15.364166
v 13.005005 98.657288 15.854889
v 11.903015 97.688538 16.414215
v 13.005005 92.056091 11.729980
v 14.157776 92.155334 10.309906
v 15.155457 92.262512 8.777405
v 15.987061 92.376404 7.149261
v 15.987061 102.157532 12.796417
v 15.987061 102.633972 13.558960
v 15.155457 100.804504 13.709076
v 15.155457 101.220642 14.375000
v 14.157776 99.890198 15.143127
v 17.117554 105.042175 10.850739
v 17.061218 105.425842 11.947052
v 16.643494 103.575256 11.840149
v 16.643494 104.115051 12.703888
v 16.290283 103.261414 13.196747
v 16.643494 92.495667 5.443329
v 17.404114 106.542053 9.839050
v 17.404114 107.214172 10.914612
v 17.117554 105.647278 11.819214
v 17.500000 92.872986 0.048706
v 17.404114 109.575012 7.793243
v 17.451050 109.930847 9.346100
v 17.500000 108.058533 8.816132
v 17.500000 108.798279 10.000000
v 17.451050 107.665710 10.653900
v 17.404114 93.000549 -1.776062
v 17.117554 93.126770 -3.580872
v 16.643494 112.541809 5.792145
v 17.061218 112.170715 8.052948
v 17.117554 111.075012 6.781555
v 17.117554 111.949280 8.180786
v 17.404114 110.382507 9.085388
v 16.643494 93.250183 -5.345917
v 15.987061 113.959534 4.835876
v 16.290283 114.335266 6.803253
v 16.643494 113.481628 7.296112
v 15.987061 93.369446 -7.051819
v 15.155457 93.483337 -8.679962
v 14.157776 93.590515 -10.212463
v 13.005005 117.766418 2.268127
v 13.682068 118.247620 4.544464
v 14.157776 116.586243 3.064148
v 14.157776 117.706482 4.856873
v 15.155457 115.312683 3.923218
v 15.155457 116.376038 5.625000
v 15.987061 114.962585 6.441040
v 13.005005 93.689758 -11.632538
v 11.709778 118.840271 1.543823
v 11.903015 119.908020 3.585785
v 13.005005 118.939270 4.145111
v 11.709778 93.780090 -12.924622
v 10.286255 93.860535 -14.074585
v 8.750000 120.622986 0.341339
v 9.858093 121.320374 2.770416
v 10.286255 119.795837 0.899200
v 10.286255 121.059265 2.921112
v 11.709778 120.060974 3.497498
v 8.750000 93.930115 -15.069794
v 7.117920 121.312439 -0.123688
v 7.592957 122.452942 2.116516
v 8.750000 121.923279 2.422272
v 7.117920 93.988098 -15.899384
v 5.407776 94.033875 -16.554230
v 3.638428 122.249695 -0.755890
v 5.158203 123.280457 1.638733
v 5.407776 121.856628 -0.490784
v 5.407776 123.211975 1.678253
v 7.117920 122.643494 2.006470
v 3.638428 94.066956 -17.027161
v 1.829224 122.487244 -0.916138
v 2.608215 123.784485 1.347717
v 3.638428 123.622620 1.441223
v 1.829224 94.086975 -17.313019
v 0.000000 94.093689 -17.408661
v -1.829224 94.086975 -17.313019
v -3.638428 122.249695 -0.755890
v -2.608215 123.784485 1.347717
v -1.829224 122.487244 -0.916138
v -1.829224 123.870789 1.297943
v 0.000000 122.566711 -0.969727
v 0.000000 123.953796 1.250000
v 1.829224 123.870789 1.297943
v -3.638428 94.066956 -17.027161
v -5.407776 121.856628 -0.490784
v -5.158203 123.280457 1.638733
v -3.638428 123.622620 1.441223
v -5.407776 94.033875 -16.554230
v -7.117920 93.988098 -15.899384
v -8.750000 120.622986 0.341339
v -7.592957 122.452942 2.116516
v -7.117920 121.312439 -0.123688
v -7.117920 122.643494 2.006470
v -5.407776 123.211975 1.678253
v -8.750000 93.930115 -15.069794
v -10.286255 119.795837 0.899200
v -9.858093 121.320374 2.770416
v -8.750000 121.923279 2.422272
v -10.286255 93.860535 -14.074585
v -11.709778 93.780090 -12.924622
v -13.005005 117.766418 2.268127
v -11.903015 119.908020 3.585785
v -11.709778 118.840271 1.543823
v -11.709778 120.060974 3.497498
v -10.286255 121.059265 2.921112
v -13.005005 93.689758 -11.632538
v -14.157776 116.586243 3.064148
v -13.682068 118.247620 4.544464
v -13.005005 118.939270 4.145111
v -14.157776 93.590515 -10.212463
v -15.155457 93.483337 -8.679962
v -15.987061 93.369446 -7.051819
v -16.643494 112.541809 5.792145
v -16.290283 114.335266 6.803253
v -15.987061 113.959534 4.835876
v -15.987061 114.962585 6.441040
v -15.155457 115.312683 3.923218
v -15.155457 116.376038 5.625000
v -14.157776 117.706482 4.856873
v -16.643494 93.250183 -5.345917
v -17.117554 111.075012 6.781555
v -17.061218 112.170715 8.052948
v -16.643494 113.481628 7.296112
v -17.117554 93.126770 -3.580872
v -17.404114 93.000549 -1.776062
v -17.500000 108.058533 8.816132
v -17.451050 109.930847 9.346100
v -17.404114 109.575012 7.793243
v -17.404114 110.382507 9.085388
v -17.117554 111.949280 8.180786
v -17.404114 106.542053 9.839050
v -17.451050 107.665710 10.653900
v -17.500000 108.798279 10.000000
v -17.500000 92.872986 0.048706
v -17.117554 105.042175 10.850739
v -17.117554 105.647278 11.819214
v -17.404114 107.214172 10.914612
v -15.987061 102.157532 12.796417
v -16.290283 103.261414 13.196747
v -16.643494 103.575256 11.840149
v -16.643494 104.115051 12.703888
v -17.061218 105.425842 11.947052
v -16.643494 92.495667 5.443329
v -15.987061 92.376404 7.149261
v -15.155457 92.262512 8.777405
v -14.157776 92.155334 10.309906
v -14.157776 99.530823 14.568146
v -14.157776 99.890198 15.143127
v -15.155457 100.804504 13.709076
v -15.155457 101.220642 14.375000
v -15.987061 102.633972 13.558960
v -11.709778 97.276917 16.088470
v -11.903015 97.688538 16.414215
v -13.005005 98.350647 15.364166
v -13.005005 98.657288 15.854889
v -13.682068 99.349060 15.455536
v -13.005005 92.056091 11.729980
v -10.286255 96.321228 16.733093
v -10.286255 96.537292 17.078888
v -11.709778 97.535583 16.502502
v -7.117920 94.804626 17.755981
v -7.592957 95.143738 17.883484
v -8.750000 95.494080 17.290955
v -8.750000 95.673279 17.577728
v -9.858093 96.276306 17.229584
v -8.750000 91.815735 15.167236
v -5.407776 94.260437 18.123077
v -5.158203 94.316223 18.361267
v -5.407776 94.384583 18.321747
v -7.117920 94.953064 17.993530
v 0.000000 93.447815 18.460846
v 1.829224 93.523376 18.401825
v 3.638428 93.749207 18.225403
v 5.407776 94.122742 17.933533
v 7.117920 94.640076 17.529388
v 8.750000 95.295349 17.017395
v 10.286255 96.081482 16.403168
v 11.709778 96.989929 15.693481
v 13.005005 98.010559 14.896027
v 14.157776 99.132385 14.019623
v 15.155457 100.342957 13.073822
v 15.987061 101.629089 12.068970
v 16.643494 102.976624 11.016144
v 17.117554 104.370911 9.926819
v 17.404114 105.796570 8.812958
v 17.500000 107.237976 7.686768
v 17.404114 108.679504 6.560577
v 17.117554 110.105164 5.446716
v 16.643494 111.499451 4.357391
v 15.987061 112.846985 3.304565
v 15.155457 114.133118 2.299744
v 14.157776 115.343689 1.353943
v 13.005005 116.465393 0.477509
v 11.709778 117.486145 -0.319916
v 10.286255 118.394470 -1.029633
v 8.750000 119.180725 -1.643860
v 7.117920 119.835999 -2.155823
v 5.407776 120.353210 -2.559998
v 3.638428 120.726868 -2.851868
v 1.829224 120.952698 -3.028290
v 0.000000 121.028259 -3.087311
v -1.829224 120.952698 -3.028290
v -3.638428 120.726868 -2.851868
v -5.407776 120.353210 -2.559998
v -7.117920 119.835999 -2.155823
v -8.750000 119.180725 -1.643860
v -10.286255 118.394470 -1.029633
v -11.709778 117.486145 -0.319916
v -13.005005 116.465393 0.477509
v -14.157776 115.343689 1.353943
v -15.155457 114.133118 2.299744
v -15.987061 112.846985 3.304565
v -16.643494 111.499451 4.357391
v -17.117554 110.105164 5.446716
v -17.404114 108.679504 6.560577
v -17.500000 107.237976 7.686768
v -17.404114 105.796570 8.812958
v -17.117554 104.370911 9.926819
v -16.643494 102.976624 11.016144
v -15.987061 101.629089 12.068970
v -15.155457 100.342957 13.073822
v -14.157776 99.132385 14.019623
v -13.005005 98.010559 14.896027
v -11.709778 96.989929 15.693481
v -10.286255 96.081482 16.403168
v -8.750000 95.295349 17.017395
v -7.117920 94.640076 17.529388
v -5.407776 94.122742 17.933533
v -3.638428 93.749207 18.225403
v 0.000000 93.335632 18.327179
v 1.829224 93.406921 18.263031
v 3.638428 93.619812 18.071289
v 5.407776 93.972229 17.754059
v 7.117920 94.460022 17.314819
v 8.750000 95.078064 16.758362
v 10.286255 95.819397 16.090790
v 11.709778 96.676086 15.319458
v 13.005005 97.638611 14.452759
v 14.157776 98.696472 13.500214
v 15.155457 99.838196 12.472290
v 15.987061 101.051086 11.380188
v 16.643494 102.321960 10.235901
v 17.117554 103.636780 9.052002
v 17.404114 104.981262 7.841400
v 17.500000 106.340637 6.617401
v 17.404114 107.700134 5.393372
v 17.117554 109.044617 4.182800
v 16.643494 110.359436 2.998871
v 15.987061 111.630310 1.854584
v 15.155457 112.843201 0.762482
v 14.157776 113.984924 -0.265442
v 13.005005 115.042786 -1.217987
v 11.709778 116.005310 -2.084686
v 10.286255 116.862000 -2.856018
v 8.750000 117.603333 -3.523590
v 7.117920 118.221375 -4.080048
v 5.407776 118.709167 -4.519287
v 3.638428 119.061584 -4.836517
v 1.829224 119.274475 -5.028259
v 0.000000 119.345764 -5.092407
v -1.829224 119.274475 -5.028259
v -3.638428 119.061584 -4.836517
v -5.407776 118.709167 -4.519287
v -7.117920 118.221375 -4.080048
v -8.750000 117.603333 -3.523590
v -10.286255 116.862000 -2.856018
v -11.709778 116.005310 -2.084686
v -13.005005 115.042786 -1.217987
v -14.157776 113.984924 -0.265442
v -15.155457 112.843201 0.762482
v -15.987061 111.630310 1.854584
v -16.643494 110.359436 2.998871
v -17.117554 109.044617 4.182800
v -17.404114 107.700134 5.393372
v -17.500000 106.340637 6.617401
v -17.404114 104.981262 7.841400
v -17.117554 103.636780 9.052002
v -16.643494 102.321960 10.235901
v -15.987061 101.051086 11.380188
v -15.155457 99.838196 12.472290
v -14.157776 98.696472 13.500214
v -13.005005 97.638611 14.452759
v -11.709778 96.676086 15.319458
v -10.286255 95.819397 16.090790
v -8.750000 95.078064 16.758362
v -7.117920 94.460022 17.314819
v -5.407776 93.972229 17.754059
v -3.638428 93.619812 18.071289
v 0.000000 93.214417 18.201660
v 1.829224 93.281067 18.132690
v 3.638428 93.480042 17.926575
v 5.407776 93.809387 17.585541
v 7.117920 94.265442 17.113312
v 8.750000 94.843079 16.515106
v 10.286255 95.536072 15.797485
v 11.709778 96.336853 14.968231
v 13.005005 97.236633 14.036530
v 14.157776 98.225525 13.012512
v 15.155457 99.292664 11.907440
v 15.987061 100.426453 10.733398
v 16.643494 101.614441 9.503235
v 17.117554 102.843445 8.230499
v 17.404114 104.100281 6.929047
v 17.500000 105.370911 5.613190
v 17.404114 106.641663 4.297363
v 17.117554 107.898499 2.995911
v 16.643494 109.127502 1.723175
v 15.987061 110.315491 0.493011
v 15.155457 111.449280 -0.681030
v 14.157776 112.516418 -1.786102
v 13.005005 113.505310 -2.810120
v 11.709778 114.404968 -3.741821
v 10.286255 115.205750 -4.571075
v 8.750000 115.898865 -5.288696
v 7.117920 116.476501 -5.886902
v 5.407776 116.932556 -6.359131
v 3.638428 117.261780 -6.700165
v 1.829224 117.460876 -6.906281
v 0.000000 117.527527 -6.975250
v -1.829224 117.460876 -6.906281
v -3.638428 117.261780 -6.700165
v -5.407776 116.932556 -6.359131
v -7.117920 116.476501 -5.886902
v -8.750000 115.898865 -5.288696
v -10.286255 115.205750 -4.571075
v -11.709778 114.404968 -3.741821
v -13.005005 113.505310 -2.810120
v -14.157776 112.516418 -1.786102
v -15.155457 111.449280 -0.681030
v -15.987061 110.315491 0.493011
v -16.643494 109.127502 1.723175
v -17.117554 107.898499 2.995911
v -17.404114 106.641663 4.297363
v -17.500000 105.370911 5.613190
v -17.404114 104.100281 6.929047
v -17.117554 102.843445 8.230499
v -16.643494 101.614441 9.503235
v -15.987061 100.426453 10.733398
v -15.155457 99.292664 11.907440
v -14.157776 98.225525 13.012512
v -13.005005 97.236633 14.036530
v -11.709778 96.336853 14.968231
v -10.286255 95.536072 15.797485
v -8.750000 94.843079 16.515106
v -7.117920 94.265442 17.113312
v -5.407776 93.809387 17.585541
v -3.638428 93.480042 17.926575
v 0.000000 93.084778 18.084900
v 1.829224 93.146423 18.011444
v 3.638428 93.330627 17.791931
v 5.407776 93.635315 17.428772
v 7.117920 94.057312 16.925903
v 8.750000 94.591858 16.288849
v 10.286255 95.233093 15.524628
v 11.709778 95.974060 14.641541
v 13.005005 96.806702 13.649323
v 14.157776 97.721619 12.558838
v 15.155457 98.709167 11.381989
v 15.987061 99.758240 10.131744
v 16.643494 100.857483 8.821716
v 17.117554 101.994812 7.466339
v 17.404114 103.157776 6.080383
v 17.500000 104.333557 4.679108
v 17.404114 105.509338 3.277832
v 17.117554 106.672302 1.891907
v 16.643494 107.809631 0.536499
v 15.987061 108.908875 -0.773499
v 15.155457 109.957947 -2.023773
v 14.157776 110.945374 -3.200623
v 13.005005 111.860413 -4.291107
v 11.709778 112.693054 -5.283325
v 10.286255 113.434021 -6.166382
v 8.750000 114.075256 -6.930634
v 7.117920 114.609802 -7.567688
v 5.407776 115.031799 -8.070557
v 3.638428 115.336487 -8.433716
v 1.829224 115.520691 -8.653229
v 0.000000 115.582336 -8.726654
v -1.829224 115.520691 -8.653229
v -3.638428 115.336487 -8.433716
v -5.407776 115.031799 -8.070557
v -7.117920 114.609802 -7.567688
v -8.750000 114.075256 -6.930634
v -10.286255 113.434021 -6.166382
v -11.709778 112.693054 -5.283325
v -13.005005 111.860413 -4.291107
v -14.157776 110.945374 -3.200623
v -15.155457 109.957947 -2.023773
v -15.987061 108.908875 -0.773499
v -16.643494 107.809631 0.536499
v -17.117554 106.672302 1.891907
v -17.404114 105.509338 3.277832
v -17.500000 104.333557 4.679108
v -17.404114 103.157776 6.080383
v -17.117554 101.994812 7.466339
v -16.643494 100.857483 8.821716
v -15.987061 99.758240 10.131744
v -15.155457 98.709167 11.381989
v -14.157776 97.721619 12.558838
v -13.005005 96.806702 13.649323
v -11.709778 95.974060 14.641541
v -10.286255 95.233093 15.524628
v -8.750000 94.591858 16.288849
v -7.117920 94.057312 16.925903
v -5.407776 93.635315 17.428772
v -3.638428 93.330627 17.791931
v 0.000000 92.947205 17.977448
v 1.829224 93.003601 17.899902
v 3.638428 93.172058 17.668091
v 5.407776 93.450745 17.284515
v 7.117920 93.836609 16.753448
v 8.750000 94.325378 16.080658
v 10.286255 94.911804 15.273560
v 11.709778 95.589294 14.340942
v 13.005005 96.350647 13.293060
v 14.157776 97.187439 12.141418
v 15.155457 98.090393 10.898560
v 15.987061 99.049744 9.578156
v 16.643494 100.054871 8.194672
v 17.117554 101.094910 6.763245
v 17.404114 102.158264 5.299561
v 17.500000 103.233459 3.819672
v 17.404114 104.308655 2.339752
v 17.117554 105.372131 0.876099
v 16.643494 106.412170 -0.555328
v 15.987061 107.417297 -1.938843
v 15.155457 108.376648 -3.259247
v 14.157776 109.279602 -4.502075
v 13.005005 110.116394 -5.653748
v 11.709778 110.877625 -6.701630
v 10.286255 111.555237 -7.634247
v 8.750000 112.141663 -8.441345
v 7.117920 112.630432 -9.114136
v 5.407776 113.016296 -9.645203
v 3.638428 113.294983 -10.028748
v 1.829224 113.463440 -10.260590
v 0.000000 113.519714 -10.338135
v -1.829224 113.463440 -10.260590
v -3.638428 113.294983 -10.028748
v -5.407776 113.016296 -9.645203
v -7.117920 112.630432 -9.114136
v -8.750000 112.141663 -8.441345
v -10.286255 111.555237 -7.634247
v -11.709778 110.877625 -6.701630
v -13.005005 110.116394 -5.653748
v -14.157776 109.279602 -4.502075
v -15.155457 108.376648 -3.259247
v -15.987061 107.417297 -1.938843
v -16.643494 106.412170 -0.555328
v -17.117554 105.372131 0.876099
v -17.404114 104.308655 2.339752
v -17.500000 103.233459 3.819672
v -17.404114 102.158264 5.299561
v -17.117554 101.094910 6.763245
v -16.643494 100.054871 8.194672
v -15.987061 99.049744 9.578156
v -15.155457 98.090393 10.898560
v -14.157776 97.187439 12.141418
v -13.005005 96.350647 13.293060
v -11.709778 95.589294 14.340942
v -10.286255 94.911804 15.273560
v -8.750000 94.325378 16.080658
v -7.117920 93.836609 16.753448
v -5.407776 93.450745 17.284515
v -3.638428 93.172058 17.668091
v 0.000000 92.802551 17.879883
v 1.829224 92.853455 17.798584
v 3.638428 93.005188 17.555573
v 5.407776 93.256531 17.153503
v 7.117920 93.604309 16.596832
v 8.750000 94.044983 15.891571
v 10.286255 94.573669 15.045532
v 11.709778 95.184509 14.067932
v 13.005005 95.870911 12.969513
v 14.157776 96.625305 11.762268
v 15.155457 97.439392 10.459473
v 15.987061 98.304260 9.075348
v 16.643494 99.210510 7.625122
v 17.117554 100.148132 6.124634
v 17.404114 101.106873 4.590332
v 17.500000 102.076233 3.039032
v 17.404114 103.045593 1.487762
v 17.117554 104.004211 -0.046539
v 16.643494 104.941833 -1.547028
v 15.987061 105.848083 -2.997284
v 15.155457 106.712952 -4.381378
v 14.157776 107.527039 -5.684204
v 13.005005 108.281433 -6.891418
v 11.709778 108.967834 -7.989868
v 10.286255 109.578674 -8.967468
v 8.750000 110.107361 -9.813507
v 7.117920 110.548035 -10.518738
v 5.407776 110.895935 -11.075439
v 3.638428 111.147156 -11.477509
v 1.829224 111.299011 -11.720490
v 0.000000 111.349792 -11.801788
v -1.829224 111.299011 -11.720490
v -3.638428 111.147156 -11.477509
v -5.407776 110.895935 -11.075439
v -7.117920 110.548035 -10.518738
v -8.750000 110.107361 -9.813507
v -10.286255 109.578674 -8.967468
v -11.709778 108.967834 -7.989868
v -13.005005 108.281433 -6.891418
v -14.157776 107.527039 -5.684204
v -15.155457 106.712952 -4.381378
v -15.987061 105.848083 -2.997284
v -16.643494 104.941833 -1.547028
v -17.117554 104.004211 -0.046539
v -17.404114 103.045593 1.487762
v -17.500000 102.076233 3.039032
v -17.404114 101.106873 4.590332
v -17.117554 100.148132 6.124634
v -16.643494 99.210510 7.625122
v -15.987061 98.304260 9.075348
v -15.155457 97.439392 10.459473
v -14.157776 96.625305 11.762268
v -13.005005 95.870911 12.969513
v -11.709778 95.184509 14.067932
v -10.286255 94.573669 15.045532
v -8.750000 94.044983 15.891571
v -7.117920 93.604309 16.596832
v -5.407776 93.256531 17.153503
v -3.638428 93.005188 17.555573
v 0.000000 92.651428 17.792633
v 1.829224 92.696472 17.707977
v 3.638428 92.830994 17.454987
v 5.407776 93.053528 17.036377
v 7.117920 93.361755 16.456757
v 8.750000 93.752136 15.722504
v 10.286255 94.220520 14.841644
v 11.709778 94.761780 13.823822
v 13.005005 95.369812 12.680176
v 14.157776 96.038147 11.423248
v 15.155457 96.759338 10.066833
v 15.987061 97.525574 8.625763
v 16.643494 98.328430 7.115845
v 17.117554 99.159119 5.553619
v 17.404114 100.008484 3.956177
v 17.500000 100.867249 2.341034
v 17.404114 101.726013 0.725922
v 17.117554 102.575378 -0.871521
v 16.643494 103.406067 -2.433746
v 15.987061 104.208923 -3.943665
v 15.155457 104.975159 -5.384735
v 14.157776 105.696350 -6.741150
v 13.005005 106.364685 -7.998077
v 11.709778 106.972717 -9.141724
v 10.286255 107.513855 -10.159546
v 8.750000 107.982239 -11.040405
v 7.117920 108.372742 -11.774689
v 5.407776 108.680847 -12.354279
v 3.638428 108.903503 -12.772888
v 1.829224 109.038025 -13.025879
v 0.000000 109.082947 -13.110535
v -1.829224 109.038025 -13.025879
v -3.638428 108.903503 -12.772888
v -5.407776 108.680847 -12.354279
v -7.117920 108.372742 -11.774689
v -8.750000 107.982239 -11.040405
v -10.286255 107.513855 -10.159546
v -11.709778 106.972717 -9.141724
v -13.005005 106.364685 -7.998077
v -14.157776 105.696350 -6.741150
v -15.155457 104.975159 -5.384735
v -15.987061 104.208923 -3.943665
v -16.643494 103.406067 -2.433746
v -17.117554 102.575378 -0.871521
v -17.404114 101.726013 0.725922
v -17.500000 100.867249 2.341034
v -17.404114 100.008484 3.956177
v -17.117554 99.159119 5.553619
v -16.643494 98.328430 7.115845
v -15.987061 97.525574 8.625763
v -15.155457 96.759338 10.066833
v -14.157776 96.038147 11.423248
v -13.005005 95.369812 12.680176
v -11.709778 94.761780 13.823822
v -10.286255 94.220520 14.841644
v -8.750000 93.752136 15.722504
v -7.117920 93.361755 16.456757
v -5.407776 93.053528 17.036377
v -3.638428 92.830994 17.454987
v 0.000000 92.494690 17.716125
v 1.829224 92.533630 17.628571
v 3.638428 92.650208 17.366791
v 5.407776 92.842957 16.933685
v 7.117920 93.110046 16.333984
v 8.750000 93.448303 15.574280
v 10.286255 93.854065 14.662872
v 11.709778 94.322937 13.609772
v 13.005005 94.849792 12.426514
v 14.157776 95.428772 11.126038
v 15.155457 96.053528 9.722626
v 15.987061 96.717468 8.231598
v 16.643494 97.413025 6.669373
v 17.117554 98.132629 5.052979
v 17.404114 98.868469 3.400177
v 17.500000 99.612488 1.729095
v 17.404114 100.356506 0.057983
v 17.117554 101.092468 -1.594788
v 16.643494 101.812073 -3.211182
v 15.987061 102.507629 -4.773438
v 15.155457 103.171448 -6.264435
v 14.157776 103.796326 -7.667847
v 13.005005 104.375305 -8.968323
v 11.709778 104.902161 -10.151611
v 10.286255 105.371033 -11.204712
v 8.750000 105.776794 -12.116089
v 7.117920 106.115051 -12.875793
v 5.407776 106.382019 -13.475494
v 3.638428 106.574890 -13.908600
v 1.829224 106.691467 -14.170380
v 0.000000 106.730408 -14.257965
v -1.829224 106.691467 -14.170380
v -3.638428 106.574890 -13.908600
v -5.407776 106.382019 -13.475494
v -7.117920 106.115051 -12.875793
v -8.750000 105.776794 -12.116089
v -10.286255 105.371033 -11.204712
v -11.709778 104.902161 -10.151611
v -13.005005 104.375305 -8.968323
v -14.157776 103.796326 -7.667847
v -15.155457 103.171448 -6.264435
v -15.987061 102.507629 -4.773438
v -16.643494 101.812073 -3.211182
v -17.117554 101.092468 -1.594788
v -17.404114 100.356506 0.057983
v -17.500000 99.612488 1.729095
v -17.404114 98.868469 3.400177
v -17.117554 98.132629 5.052979
v -16.643494 97.413025 6.669373
v -15.987061 96.717468 8.231598
v -15.155457 96.053528 9.722626
v -14.157776 95.428772 11.126038
v -13.005005 94.849792 12.426514
v -11.709778 94.322937 13.609772
v -10.286255 93.854065 14.662872
v -8.750000 93.448303 15.574280
v -7.117920 93.110046 16.333984
v -5.407776 92.842957 16.933685
v -3.638428 92.650208 17.366791
v 0.000000 92.332825 17.650757
v 1.829224 92.365662 17.560669
v 3.638428 92.463684 17.291412
v 5.407776 92.625793 16.845917
v 7.117920 92.850281 16.229065
v 8.750000 93.134705 15.447601
v 10.286255 93.475891 14.510132
v 11.709778 93.870178 13.426880
v 13.005005 94.313171 12.209747
v 14.157776 94.800110 10.872040
v 15.155457 95.325500 9.428467
v 15.987061 95.883728 7.894775
v 16.643494 96.468567 6.287811
v 17.117554 97.073792 4.625183
v 17.404114 97.692566 2.925079
v 17.500000 98.318176 1.206146
v 17.404114 98.943787 -0.512787
v 17.117554 99.562683 -2.212891
v 16.643494 100.167786 -3.875519
v 15.987061 100.752625 -5.482483
v 15.155457 101.310852 -7.016174
v 14.157776 101.836365 -8.459747
v 13.005005 102.323181 -9.797455
v 11.709778 102.766174 -11.014587
v 10.286255 103.160461 -12.097839
v 8.750000 103.501648 -13.035309
v 7.117920 103.786072 -13.816772
v 5.407776 104.010559 -14.433624
v 3.638428 104.172791 -14.879120
v 1.829224 104.270813 -15.148376
v 0.000000 104.303528 -15.238464
v -1.829224 104.270813 -15.148376
v -3.638428 104.172791 -14.879120
v -5.407776 104.010559 -14.433624
v -7.117920 103.786072 -13.816772
v -8.750000 103.501648 -13.035309
v -10.286255 103.160461 -12.097839
v -11.709778 102.766174 -11.014587
v -13.005005 102.323181 -9.797455
v -14.157776 101.836365 -8.459747
v -15.155457 101.310852 -7.016174
v -15.987061 100.752625 -5.482483
v -16.643494 100.167786 -3.875519
v -17.117554 99.562683 -2.212891
v -17.404114 98.943787 -0.512787
v -17.500000 98.318176 1.206146
v -17.404114 97.692566 2.925079
v -17.117554 97.073792 4.625183
v -16.643494 96.468567 6.287811
v -15.987061 95.883728 7.894775
v -15.155457 95.325500 9.428467
v -14.157776 94.800110 10.872040
v -13.005005 94.313171 12.209747
v -11.709778 93.870178 13.426880
v -10.286255 93.475891 14.510132
v -8.750000 93.134705 15.447601
v -7.117920 92.850281 16.229065
v -5.407776 92.625793 16.845917
v -3.638428 92.463684 17.291412
v 0.000000 92.166931 17.596832
v 1.829224 92.193298 17.504700
v 3.638428 92.272278 17.229248
v 5.407776 92.403015 16.773529
v 7.117920 92.583923 16.142487
v 8.750000 92.813171 15.343109
v 10.286255 93.088074 14.384125
v 11.709778 93.405823 13.276001
v 13.005005 93.762878 12.030945
v 14.157776 94.155212 10.662537
v 15.155457 94.578674 9.185791
v 15.987061 95.028625 7.616913
v 16.643494 95.499939 5.973083
v 17.117554 95.987610 4.272278
v 17.404114 96.486389 2.533142
v 17.500000 96.990540 0.774780
v 17.404114 97.494812 -0.983612
v 17.117554 97.993469 -2.722748
v 16.643494 98.481140 -4.423553
v 15.987061 98.952454 -6.067383
v 15.155457 99.402405 -7.636261
v 14.157776 99.825867 -9.113007
v 13.005005 100.218201 -10.481415
v 11.709778 100.575256 -11.726471
v 10.286255 100.893005 -12.834595
v 8.750000 101.167908 -13.793579
v 7.117920 101.397156 -14.592957
v 5.407776 101.578064 -15.223969
v 3.638428 101.708801 -15.679718
v 1.829224 101.787781 -15.955170
v 0.000000 101.814148 -16.047302
v -1.829224 101.787781 -15.955170
v -3.638428 101.708801 -15.679718
v -5.407776 101.578064 -15.223969
v -7.117920 101.397156 -14.592957
v -8.750000 101.167908 -13.793579
v -10.286255 100.893005 -12.834595
v -11.709778 100.575256 -11.726471
v -13.005005 100.218201 -10.481415
v -14.157776 99.825867 -9.113007
v -15.155457 99.402405 -7.636261
v -15.987061 98.952454 -6.067383
v -16.643494 98.481140 -4.423553
v -17.117554 97.993469 -2.722748
v -17.404114 97.494812 -0.983612
v -17.500000 96.990540 0.774780
v -17.404114 96.486389 2.533142
v -17.117554 95.987610 4.272278
v -16.643494 95.499939 5.973083
v -15.987061 95.028625 7.616913
v -15.155457 94.578674 9.185791
v -14.157776 94.155212 10.662537
v -13.005005 93.762878 12.030945
v -11.709778 93.405823 13.276001
v -10.286255 93.088074 14.384125
v -8.750000 92.813171 15.343109
v -7.117920 92.583923 16.142487
v -5.407776 92.403015 16.773529
v -3.638428 92.272278 17.229248
v 0.000000 91.997620 17.554626
v 1.829224 92.017517 17.460846
v 3.638428 92.077087 17.180573
v 5.407776 92.175598 16.716827
v 7.117920 92.312195 16.074738
v 8.750000 92.485046 15.261322
v 10.286255 92.692444 14.285461
v 11.709778 92.932190 13.157898
v 13.005005 93.201477 11.890961
v 14.157776 93.497375 10.498505
v 15.155457 93.816833 8.995850
v 15.987061 94.156189 7.399384
v 16.643494 94.511658 5.726685
v 17.117554 94.879578 3.996002
v 17.404114 95.255676 2.226318
v 17.500000 95.636047 0.437042
v 17.404114 96.016296 -1.352234
v 17.117554 96.392517 -3.121887
v 16.643494 96.760315 -4.852570
v 15.987061 97.115906 -6.525299
v 15.155457 97.455261 -8.121735
v 14.157776 97.774719 -9.624420
v 13.005005 98.070618 -11.016846
v 11.709778 98.339905 -12.283783
v 10.286255 98.579651 -13.411377
v 8.750000 98.787048 -14.387207
v 7.117920 98.959900 -15.200653
v 5.407776 99.096375 -15.842743
v 3.638428 99.195007 -16.306488
v 1.829224 99.254578 -16.586761
v 0.000000 99.274475 -16.680542
v -1.829224 99.254578 -16.586761
v -3.638428 99.195007 -16.306488
v -5.407776 99.096375 -15.842743
v -7.117920 98.959900 -15.200653
v -8.750000 98.787048 -14.387207
v -10.286255 98.579651 -13.411377
v -11.709778 98.339905 -12.283783
v -13.005005 98.070618 -11.016846
v -14.157776 97.774719 -9.624420
v -15.155457 97.455261 -8.121735
v -15.987061 97.115906 -6.525299
v -16.643494 96.760315 -4.852570
v -17.117554 96.392517 -3.121887
v -17.404114 96.016296 -1.352234
v -17.500000 95.636047 0.437042
v -17.404114 95.255676 2.226318
v -17.117554 94.879578 3.996002
v -16.643494 94.511658 5.726685
v -15.987061 94.156189 7.399384
v -15.155457 93.816833 8.995850
v -14.157776 93.497375 10.498505
v -13.005005 93.201477 11.890961
v -11.709778 92.932190 13.157898
v -10.286255 92.692444 14.285461
v -8.750000 92.485046 15.261322
v -7.117920 92.312195 16.074738
v -5.407776 92.175598 16.716827
v -3.638428 92.077087 17.180573
v 0.000000 91.825745 17.524323
v 1.829224 91.839050 17.429382
v 3.638428 91.878967 17.145630
v 5.407776 91.944885 16.676147
v 7.117920 92.036316 16.026093
v 8.750000 92.152039 15.202606
v 10.286255 92.290833 14.214661
v 11.709778 92.451355 13.073120
v 13.005005 92.631531 11.790466
v 14.157776 92.829651 10.380768
v 15.155457 93.043518 8.859497
v 15.987061 93.270691 7.243256
v 16.643494 93.508606 5.549805
v 17.117554 93.754944 3.797699
v 17.404114 94.006653 2.006073
v 17.500000 94.261292 0.194641
v 17.404114 94.515808 -1.616821
v 17.117554 94.767639 -3.408417
v 16.643494 95.013855 -5.160522
v 15.987061 95.251892 -6.853973
v 15.155457 95.479065 -8.470215
v 14.157776 95.692810 -9.991486
v 13.005005 95.890930 -11.401184
v 11.709778 96.071228 -12.683838
v 10.286255 96.231628 -13.825378
v 8.750000 96.370544 -14.813324
v 7.117920 96.486267 -15.636810
v 5.407776 96.577576 -16.286865
v 3.638428 96.643616 -16.756348
v 1.829224 96.683411 -17.040131
v 0.000000 96.696838 -17.135040
v -1.829224 96.683411 -17.040131
v -3.638428 96.643616 -16.756348
v -5.407776 96.577576 -16.286865
v -7.117920 96.486267 -15.636810
v -8.750000 96.370544 -14.813324
v -10.286255 96.231628 -13.825378
v -11.709778 96.071228 -12.683838
v -13.005005 95.890930 -11.401184
v -14.157776 95.692810 -9.991486
v -15.155457 95.479065 -8.470215
v -15.987061 95.251892 -6.853973
v -16.643494 95.013855 -5.160522
v -17.117554 94.767639 -3.408417
v -17.404114 94.515808 -1.616821
v -17.500000 94.261292 0.194641
v -17.404114 94.006653 2.006073
v -17.117554 93.754944 3.797699
v -16.643494 93.508606 5.549805
v -15.987061 93.270691 7.243256
v -15.155457 93.043518 8.859497
v -14.157776 92.829651 10.380768
v -13.005005 92.631531 11.790466
v -11.709778 92.451355 13.073120
v -10.286255 92.290833 14.214661
v -8.750000 92.152039 15.202606
v -7.117920 92.036316 16.026093
v -5.407776 91.944885 16.676147
v -3.638428 91.878967 17.145630
v -3.638428 91.678894 17.124603
v -1.829224 93.725891 18.702057
v -1.829224 93.629822 18.548401
v -1.829224 93.523376 18.401825
v -1.829224 93.406921 18.263031
v -1.829224 93.281067 18.132690
v -1.829224 93.146423 18.011444
v -1.829224 93.003601 17.899902
v -1.829224 92.853455 17.798584
v -1.829224 92.696472 17.707977
v -1.829224 92.533630 17.628571
v -1.829224 92.365662 17.560669
v -1.829224 92.193298 17.504700
v -1.829224 92.017517 17.460846
v -1.829224 91.839050 17.429382
v -1.829224 91.658875 17.410461
v 0.000000 106.344543 40.750000
v -2.608215 106.513855 40.652283
v -5.158203 107.017883 40.361267
v -7.592957 107.845398 39.883484
v -9.858093 108.977966 39.229584
v -11.903015 110.390320 38.414215
v -13.682068 112.050720 37.455536
v -15.155457 113.922302 36.375000
v -16.290283 115.963074 35.196747
v -17.061218 118.127625 33.947052
v -17.451050 120.367493 32.653900
v -17.451050 122.632629 31.346100
v -17.061218 124.872375 30.052948
v -16.290283 127.036926 28.803253
v -15.155457 129.077698 27.625000
v -13.682068 130.949280 26.544464
v -11.903015 132.609680 25.585785
v -9.858093 134.022034 24.770416
v -7.592957 135.154602 24.116516
v -5.158203 135.982117 23.638733
v -2.608215 136.486145 23.347717
v 0.000000 136.655457 23.250000
v 2.608215 136.486145 23.347717
v 5.158203 135.982117 23.638733
v 7.592957 135.154602 24.116516
v 9.858093 134.022034 24.770416
v 11.903015 132.609680 25.585785
v 13.682068 130.949280 26.544464
v 15.155457 129.077698 27.625000
v 16.290283 127.036926 28.803253
v 17.061218 124.872375 30.052948
v 17.451050 122.632629 31.346100
v 17.451050 120.367493 32.653900
v 17.061218 118.127625 33.947052
v 16.290283 115.963074 35.196747
v 15.155457 113.922302 36.375000
v 13.682068 112.050720 37.455536
v 11.903015 110.390320 38.414215
v 9.858093 108.977966 39.229584
v 7.592957 107.845398 39.883484
v 5.158203 107.017883 40.361267
v 2.608215 106.513855 40.652283
v 0.000000 121.500061 32.000000
v 0.000000 60.000000 0.000000
v -15.588440 0.000000 0.000000
v -7.794250 0.000000 13.500000
v -15.588440 10.000000 0.000000
v -7.794250 10.000000 13.500000
v 7.794250 0.000000 13.500000
v 7.794250 10.000000 13.500000
v -3.583496 -18.000000 -9.845642
v -1.819397 -18.000000 -10.318329
v 0.000000 -18.000000 0.000000
v 0.000000 -18.000000 -10.477509
v 1.819397 -18.000000 -10.318329
v -8.026245 -18.000000 -6.734802
v -6.734802 -18.000000 -8.026245
v -5.238770 -18.000000 -9.073792
v -10.318298 -18.000000 -1.819397
v -9.845642 -18.000000 -3.583527
v -9.073792 -18.000000 -5.238739
v -9.845642 -18.000000 3.583527
v -10.318298 -18.000000 1.819397
v -10.477478 -18.000000 0.000000
v -6.734802 -18.000000 8.026245
v -8.026245 -18.000000 6.734802
v -9.073792 -18.000000 5.238739
v -1.819397 -18.000000 10.318329
v -3.583496 -18.000000 9.845642
v -5.238770 -18.000000 9.073792
v 3.583496 -18.000000 9.845642
v 1.819397 -18.000000 10.318329
v 0.000000 -18.000000 10.477509
v 8.026245 -18.000000 6.734802
v 6.734802 -18.000000 8.026245
v 5.238770 -18.000000 9.073792
v 10.318298 -18.000000 1.819397
v 9.845642 -18.000000 3.583527
v 9.073792 -18.000000 5.238739
v 9.845642 -18.000000 -3.583527
v 10.318298 -18.000000 -1.819397
v 10.477478 -18.000000 0.000000
v 6.734802 -18.000000 -8.026245
v 8.026245 -18.000000 -6.734802
v 9.073792 -18.000000 -5.238739
v 3.583496 -18.000000 -9.845642
v 5.238770 -18.000000 -9.073792
v 1.819397 -3.000000 -10.318329
v 3.583496 -3.000000 -9.845642
v 5.238770 -3.000000 -9.073792
v 6.734802 -3.000000 -8.026245
v 8.026245 -3.000000 -6.734802
v 9.073792 -3.000000 -5.238739
v 9.845642 -3.000000 -3.583527
v 10.318298 -3.000000 -1.819397
v 10.477478 -3.000000 0.000000
v 10.318298 -3.000000 1.819397
v 9.845642 -3.000000 3.583527
v 9.073792 -3.000000 5.238739
v 8.026245 -3.000000 6.734802
v 6.734802 -3.000000 8.026245
v 5.238770 -3.000000 9.073792
v 3.583496 -3.000000 9.845642
v 1.819397 -3.000000 10.318329
v 0.000000 -3.000000 10.477509
v -1.819397 -3.000000 10.318329
v -3.583496 -3.000000 9.845642
v -5.238770 -3.000000 9.073792
v -6.734802 -3.000000 8.026245
v -8.026245 -3.000000 6.734802
v -9.073792 -3.000000 5.238739
v -9.845642 -3.000000 3.583527
v -10.318298 -3.000000 1.819397
v -10.477478 -3.000000 0.000000
v -10.318298 -3.000000 -1.819397
v -9.845642 -3.000000 -3.583527
v -9.073792 -3.000000 -5.238739
v -8.026245 -3.000000 -6.734802
v -6.734802 -3.000000 -8.026245
v -5.238770 -3.000000 -9.073792
v -3.583496 -3.000000 -9.845642
v -1.819397 -3.000000 -10.318329
v 0.000000 -3.000000 -10.477509
v 0.000000 -3.000000 -13.250000
v 2.072754 0.000000 -13.086884
v 2.072754 -3.000000 -13.086884
v 4.094482 0.000000 -12.601501
v 4.094482 -3.000000 -12.601501
v 6.015381 0.000000 -11.805847
v 6.015381 -3.000000 -11.805847
v 7.788147 0.000000 -10.719482
v 7.788147 -3.000000 -10.719482
v 9.369141 0.000000 -9.369171
v 9.369141 -3.000000 -9.369171
v 10.719482 0.000000 -7.788147
v 10.719482 -3.000000 -7.788147
v 11.805847 0.000000 -6.015381
v 11.805847 -3.000000 -6.015381
v 12.601501 0.000000 -4.094482
v 12.601501 -3.000000 -4.094482
v 13.086853 0.000000 -2.072754
v 13.086853 -3.000000 -2.072754
v 13.250000 0.000000 0.000000
v 13.250000 -3.000000 0.000000
v 13.086853 0.000000 2.072754
v 13.086853 -3.000000 2.072754
v 12.601501 0.000000 4.094482
v 12.601501 -3.000000 4.094482
v 11.805847 0.000000 6.015381
v 11.805847 -3.000000 6.015381
v 10.719482 0.000000 7.788147
v 10.719482 -3.000000 7.788147
v 9.369141 0.000000 9.369171
v 9.369141 -3.000000 9.369171
v 7.788147 0.000000 10.719482
v 7.788147 -3.000000 10.719482
v 6.015381 0.000000 11.805847
v 6.015381 -3.000000 11.805847
v 4.094482 0.000000 12.601501
v 4.094482 -3.000000 12.601501
v 2.072754 0.000000 13.086884
v 2.072754 -3.000000 13.086884
v 0.000000 0.000000 13.250000
v 0.000000 -3.000000 13.250000
v -2.072754 0.000000 13.086884
v -2.072754 -3.000000 13.086884
v -4.094482 0.000000 12.601501
v -4.094482 -3.000000 12.601501
v -6.015381 0.000000 11.805847
v -6.015381 -3.000000 11.805847
v -7.788147 0.000000 10.719482
v -7.788147 -3.000000 10.719482
v -9.369141 0.000000 9.369171
v -9.369141 -3.000000 9.369171
v -10.719482 0.000000 7.788147
v -10.719482 -3.000000 7.788147
v -11.805847 0.000000 6.015381
v -11.805847 -3.000000 6.015381
v -12.601501 0.000000 4.094482
v -12.601501 -3.000000 4.094482
v -13.086853 0.000000 2.072754
v -13.086853 -3.000000 2.072754
v -13.250000 0.000000 0.000000
v -13.250000 -3.000000 0.000000
v -13.086853 0.000000 -2.072754
v -13.086853 -3.000000 -2.072754
v -12.601501 0.000000 -4.094482
v -12.601501 -3.000000 -4.094482
v -11.805847 0.000000 -6.015381
v -11.805847 -3.000000 -6.015381
v -10.719482 0.000000 -7.788147
v -10.719482 -3.000000 -7.788147
v -9.369141 0.000000 -9.369171
v -9.369141 -3.000000 -9.369171
v -7.788147 0.000000 -10.719482
v -7.788147 -3.000000 -10.719482
v -6.015381 0.000000 -11.805847
v -6.015381 -3.000000 -11.805847
v -4.094482 0.000000 -12.601501
v -4.094482 -3.000000 -12.601501
v -2.072754 0.000000 -13.086884
v -2.072754 -3.000000 -13.086884
v 0.000000 0.000000 -13.250000
v 0.000000 10.000000 13.250000
v -2.072754 10.000000 13.086884
v -4.094482 10.000000 12.601501
v -6.015381 10.000000 11.805847
v -7.788147 10.000000 10.719482
v -9.369141 10.000000 9.369171
v -13.086853 10.000000 2.072754
v -13.250000 10.000000 0.000000
v -13.086853 10.000000 -2.072754
v -10.719482 10.000000 7.788147
v -11.805847 10.000000 6.015381
v -12.601501 10.000000 4.094482
v 10.719482 10.000000 7.788147
v 9.369141 10.000000 9.369171
v 7.788147 10.000000 10.719482
v 6.015381 10.000000 11.805847
v -10.719482 10.000000 -7.788147
v -7.794250 10.000000 -13.500000
v -11.805847 10.000000 -6.015381
v -12.601501 10.000000 -4.094482
v 0.000000 10.000000 -13.250000
v 7.794250 10.000000 -13.500000
v 2.072754 10.000000 -13.086884
v 4.094482 10.000000 -12.601501
v 4.094482 10.000000 12.601501
v 2.072754 10.000000 13.086884
v 6.015381 10.000000 -11.805847
v 7.788147 10.000000 -10.719482
v 9.369141 10.000000 -9.369171
v -9.369141 10.000000 -9.369171
v -7.788147 10.000000 -10.719482
v -6.015381 10.000000 -11.805847
v 11.805847 10.000000 6.015381
v 15.588440 10.000000 0.000000
v 12.601501 10.000000 4.094482
v -4.094482 10.000000 -12.601501
v -2.072754 10.000000 -13.086884
v 10.719482 10.000000 -7.788147
v 11.805847 10.000000 -6.015381
v 12.601501 10.000000 -4.094482
v 13.086853 10.000000 -2.072754
v 13.250000 10.000000 0.000000
v 13.086853 10.000000 2.072754
v 0.000000 60.000000 13.250000
v 2.072754 60.000000 13.086884
v 4.094482 60.000000 12.601501
v 6.015381 60.000000 11.805847
v 7.788147 60.000000 10.719482
v 9.369141 60.000000 9.369171
v 10.719482 60.000000 7.788147
v 11.805847 60.000000 6.015381
v 12.601501 60.000000 4.094482
v 13.086853 60.000000 2.072754
v 13.250000 60.000000 0.000000
v 13.086853 60.000000 -2.072754
v 12.601501 60.000000 -4.094482
v 11.805847 60.000000 -6.015381
v 10.719482 60.000000 -7.788147
v 9.369141 60.000000 -9.369171
v 7.788147 60.000000 -10.719482
v 6.015381 60.000000 -11.805847
v 4.094482 60.000000 -12.601501
v 2.072754 60.000000 -13.086884
v 0.000000 60.000000 -13.250000
v -2.072754 60.000000 -13.086884
v -4.094482 60.000000 -12.601501
v -6.015381 60.000000 -11.805847
v -7.788147 60.000000 -10.719482
v -9.369141 60.000000 -9.369171
v -10.719482 60.000000 -7.788147
v -11.805847 60.000000 -6.015381
v -12.601501 60.000000 -4.094482
v -13.086853 60.000000 -2.072754
v -13.250000 60.000000 0.000000
v -13.086853 60.000000 2.072754
v -12.601501 60.000000 4.094482
v -11.805847 60.000000 6.015381
v -10.719482 60.000000 7.788147
v -9.369141 60.000000 9.369171
v -7.788147 60.000000 10.719482
v -6.015381 60.000000 11.805847
v -4.094482 60.000000 12.601501
v -2.072754 60.000000 13.086884
v 15.588440 0.000000 0.000000
v 7.794250 0.000000 -13.500000
v -7.794250 0.000000 -13.500000
vn -0.0897 -0.0174 0.9958
vn -0.1077 -0.6912 0.7146
vn 0.0000 -0.6911 0.7227
vn -0.2724 0.0018 0.9622
vn -0.2131 -0.6911 0.6906
vn -0.2153 -0.0171 0.9764
vn -0.1535 0.0364 0.9875
vn -0.3304 -0.0166 0.9437
vn -0.3896 -0.0162 0.9208
vn -0.3135 -0.6911 0.6512
vn -0.5516 0.0033 0.8341
vn -0.4074 -0.6910 0.5971
vn -0.4973 -0.0128 0.8675
vn -0.4519 0.0258 0.8917
vn -0.6031 -0.0142 0.7976
vn -0.6523 -0.0135 0.7579
vn -0.4915 -0.6910 0.5300
vn -0.6968 -0.0032 0.7172
vn -0.7372 -0.0107 0.6755
vn -0.5651 -0.6912 0.4506
vn -0.7790 0.0004 0.6270
vn -0.8179 -0.0101 0.5753
vn -0.6259 -0.6911 0.3614
vn -0.8662 -0.0087 0.4995
vn -0.9075 -0.0073 0.4200
vn -0.6727 -0.6912 0.2641
vn -0.9705 -0.0022 0.2410
vn -0.7047 -0.6911 0.1607
vn -0.9523 -0.0021 0.3052
vn -0.9344 0.0107 0.3561
vn -0.9826 -0.0034 0.1855
vn -0.9924 -0.0023 0.1228
vn -0.7207 -0.6911 0.0541
vn -0.9980 0.0034 -0.0634
vn -0.7208 -0.6910 -0.0542
vn -1.0000 0.0020 0.0018
vn -0.9982 0.0059 0.0600
vn -0.9923 0.0019 -0.1237
vn -0.9825 0.0030 -0.1860
vn -0.7048 -0.6910 -0.1606
vn -0.9705 0.0052 -0.2411
vn -0.9532 0.0053 -0.3023
vn -0.6727 -0.6912 -0.2641
vn -0.9322 0.0082 -0.3620
vn -0.9072 0.0073 -0.4207
vn -0.6259 -0.6911 -0.3614
vn -0.8657 0.0087 -0.5004
vn -0.8175 0.0100 -0.5759
vn -0.5651 -0.6912 -0.4506
vn -0.6937 0.0132 -0.7202
vn -0.4915 -0.6911 -0.5299
vn -0.7379 0.0118 -0.6749
vn -0.7793 0.0123 -0.6265
vn -0.6520 0.0131 -0.7581
vn -0.6026 0.0138 -0.7979
vn -0.4072 -0.6911 -0.5971
vn -0.4439 0.0165 -0.8959
vn -0.3134 -0.6910 -0.6513
vn -0.4998 0.0151 -0.8660
vn -0.5537 0.0155 -0.8325
vn -0.3892 0.0158 -0.9210
vn -0.3303 0.0162 -0.9437
vn -0.2133 -0.6910 -0.6907
vn -0.2767 0.0172 -0.9608
vn -0.2151 0.0170 -0.9764
vn -0.1077 -0.6912 -0.7146
vn -0.1527 0.0182 -0.9881
vn -0.0896 0.0174 -0.9958
vn 0.0000 -0.6911 -0.7227
vn -0.0000 0.0174 -0.9998
vn 0.0896 0.0174 -0.9958
vn 0.1077 -0.6912 -0.7146
vn 0.2767 0.0172 -0.9608
vn 0.2131 -0.6911 -0.6906
vn 0.2151 0.0170 -0.9764
vn 0.1527 0.0182 -0.9881
vn 0.3302 0.0163 -0.9438
vn 0.3893 0.0159 -0.9210
vn 0.3135 -0.6911 -0.6512
vn 0.5537 0.0155 -0.8325
vn 0.4074 -0.6910 -0.5971
vn 0.4998 0.0151 -0.8660
vn 0.4439 0.0165 -0.8959
vn 0.6027 0.0136 -0.7979
vn 0.6519 0.0130 -0.7582
vn 0.4915 -0.6910 -0.5300
vn 0.6937 0.0132 -0.7202
vn 0.7379 0.0118 -0.6749
vn 0.5651 -0.6912 -0.4506
vn 0.7793 0.0123 -0.6265
vn 0.8175 0.0100 -0.5759
vn 0.6259 -0.6911 -0.3614
vn 0.8657 0.0087 -0.5004
vn 0.9072 0.0073 -0.4207
vn 0.6727 -0.6912 -0.2641
vn 0.9705 0.0052 -0.2411
vn 0.7047 -0.6911 -0.1607
vn 0.9532 0.0053 -0.3023
vn 0.9322 0.0082 -0.3620
vn 0.9825 0.0031 -0.1861
vn 0.9923 0.0020 -0.1236
vn 0.7207 -0.6911 -0.0541
vn 0.9980 0.0017 0.0630
vn 0.7208 -0.6910 0.0542
vn 1.0000 -0.0000 -0.0004
vn 0.9980 0.0034 -0.0634
vn 0.9924 -0.0024 0.1229
vn 0.9827 -0.0035 0.1854
vn 0.7048 -0.6910 0.1606
vn 0.9702 -0.0009 0.2423
vn 0.9538 -0.0042 0.3003
vn 0.6727 -0.6912 0.2641
vn 0.9324 -0.0003 0.3616
vn 0.9075 -0.0073 0.4200
vn 0.6259 -0.6911 0.3614
vn 0.8662 -0.0087 0.4995
vn 0.8179 -0.0101 0.5753
vn 0.5651 -0.6912 0.4506
vn 0.6951 -0.0061 0.7189
vn 0.4915 -0.6911 0.5299
vn 0.7413 -0.0082 0.6712
vn 0.7750 0.0122 0.6319
vn 0.6523 -0.0133 0.7578
vn 0.6030 -0.0141 0.7976
vn 0.4072 -0.6911 0.5971
vn 0.4462 0.0096 0.8949
vn 0.3134 -0.6910 0.6513
vn 0.5030 -0.0127 0.8642
vn 0.5477 0.0118 0.8366
vn 0.3895 -0.0163 0.9209
vn 0.3305 -0.0168 0.9437
vn 0.2133 -0.6910 0.6907
vn 0.2701 0.0056 0.9628
vn 0.2170 -0.0159 0.9761
vn 0.1077 -0.6912 0.7146
vn 0.1535 0.0364 0.9875
vn 0.0897 -0.0174 0.9958
vn 0.0000 -0.0175 0.9998
vn -0.1535 -0.8733 0.4623
vn -0.2170 -0.8374 0.5017
vn -0.2130 -0.8120 0.5435
vn -0.3151 -0.0604 0.9471
vn -0.4022 -0.0585 0.9137
vn -0.5928 -0.0512 0.8037
vn -0.6680 -0.0483 0.7426
vn -0.9787 -0.0122 0.2049
vn -0.9946 -0.0053 0.1041
vn 0.9944 -0.0044 0.1056
vn 0.9785 -0.0129 0.2057
vn 0.6671 -0.0478 0.7434
vn 0.5920 -0.0515 0.8043
vn 0.4013 -0.0583 0.9141
vn 0.3145 -0.0606 0.9473
vn 0.0983 -0.0647 0.9931
vn 0.0000 -0.0697 0.9976
vn -0.0000 -0.8571 0.5152
vn -0.0000 -0.8290 0.5592
vn 0.0897 -0.8536 0.5131
vn 0.0983 -0.8276 0.5526
vn 0.1535 -0.8733 0.4623
vn 0.2113 -0.8129 0.5426
vn 0.3151 -0.7900 0.5259
vn 0.2723 -0.8341 0.4797
vn 0.2153 -0.8371 0.5029
vn 0.2130 -0.0647 0.9749
vn 0.4022 -0.7620 0.5075
vn 0.3896 -0.7893 0.4745
vn 0.3303 -0.8090 0.4863
vn 0.5928 -0.6704 0.4462
vn 0.5516 -0.7240 0.4142
vn 0.4978 -0.7203 0.4830
vn 0.4973 -0.7449 0.4449
vn 0.4519 -0.7851 0.4236
vn 0.5032 -0.0580 0.8622
vn 0.6680 -0.6190 0.4131
vn 0.6523 -0.6496 0.3905
vn 0.6030 -0.6837 0.4110
vn 0.8120 -0.4860 0.3232
vn 0.7790 -0.5432 0.3132
vn 0.7412 -0.5584 0.3726
vn 0.7372 -0.5797 0.3470
vn 0.6968 -0.6196 0.3613
vn 0.7447 -0.0455 0.6658
vn 0.8113 -0.0373 0.5834
vn 0.8665 -0.0348 0.4979
vn 0.9126 -0.0249 0.4081
vn 0.9132 -0.3394 0.2254
vn 0.9075 -0.3600 0.2164
vn 0.8665 -0.4138 0.2791
vn 0.8662 -0.4283 0.2573
vn 0.8179 -0.4932 0.2964
vn 0.9787 -0.1713 0.1130
vn 0.9705 -0.2076 0.1224
vn 0.9510 -0.2568 0.1719
vn 0.9523 -0.2633 0.1545
vn 0.9344 -0.3137 0.1688
vn 0.9523 -0.0185 0.3046
vn 0.9946 -0.0875 0.0567
vn 0.9924 -0.1052 0.0634
vn 0.9826 -0.1589 0.0957
vn 1.0000 0.0037 -0.0010
vn 0.9942 0.0879 -0.0622
vn 0.9980 0.0533 -0.0346
vn 1.0000 -0.0015 -0.0012
vn 1.0000 -0.0026 -0.0008
vn 0.9982 -0.0549 0.0249
vn 0.9942 0.0100 -0.1072
vn 0.9781 0.0162 -0.2073
vn 0.9510 0.2545 -0.1754
vn 0.9705 0.2062 -0.1251
vn 0.9781 0.1714 -0.1176
vn 0.9825 0.1596 -0.0957
vn 0.9923 0.1060 -0.0635
vn 0.9510 0.0247 -0.3081
vn 0.9123 0.3382 -0.2308
vn 0.9322 0.3094 -0.1881
vn 0.9532 0.2591 -0.1557
vn 0.9123 0.0308 -0.4083
vn 0.8655 0.0349 -0.4997
vn 0.8094 0.0432 -0.5856
vn 0.7420 0.5543 -0.3771
vn 0.7793 0.5364 -0.3240
vn 0.8094 0.4856 -0.3302
vn 0.8175 0.4937 -0.2966
vn 0.8655 0.4152 -0.2801
vn 0.8657 0.4290 -0.2578
vn 0.9072 0.3607 -0.2167
vn 0.7420 0.0494 -0.6686
vn 0.6679 0.6163 -0.4171
vn 0.6936 0.6172 -0.3715
vn 0.7378 0.5786 -0.3476
vn 0.6680 0.0531 -0.7423
vn 0.5883 0.0582 -0.8066
vn 0.4995 0.7167 -0.4867
vn 0.5538 0.7133 -0.4296
vn 0.5883 0.6694 -0.4537
vn 0.6027 0.6841 -0.4108
vn 0.6520 0.6500 -0.3904
vn 0.4995 0.0632 -0.8640
vn 0.4052 0.7570 -0.5126
vn 0.4439 0.7677 -0.4623
vn 0.4998 0.7425 -0.4461
vn 0.4052 0.0654 -0.9119
vn 0.3094 0.0674 -0.9486
vn 0.2084 0.8095 -0.5490
vn 0.2767 0.8235 -0.4953
vn 0.3094 0.7878 -0.5327
vn 0.3304 0.8092 -0.4858
vn 0.3892 0.7898 -0.4741
vn 0.2084 0.0707 -0.9755
vn 0.1030 0.8236 -0.5577
vn 0.1527 0.8466 -0.5098
vn 0.2151 0.8371 -0.5030
vn 0.1030 0.0712 -0.9921
vn 0.0000 0.0698 -0.9976
vn -0.1030 0.0712 -0.9921
vn -0.2084 0.8095 -0.5490
vn -0.1527 0.8466 -0.5098
vn -0.1030 0.8236 -0.5577
vn -0.0896 0.8537 -0.5129
vn 0.0000 0.8290 -0.5592
vn -0.0000 0.8572 -0.5150
vn 0.0896 0.8537 -0.5129
vn -0.2084 0.0707 -0.9755
vn -0.3094 0.7878 -0.5327
vn -0.2767 0.8235 -0.4953
vn -0.2151 0.8371 -0.5030
vn -0.3094 0.0674 -0.9486
vn -0.4052 0.0654 -0.9119
vn -0.4995 0.7167 -0.4867
vn -0.4439 0.7677 -0.4623
vn -0.4052 0.7570 -0.5126
vn -0.3892 0.7898 -0.4741
vn -0.3304 0.8092 -0.4858
vn -0.4995 0.0632 -0.8640
vn -0.5883 0.6694 -0.4537
vn -0.5538 0.7133 -0.4296
vn -0.4998 0.7425 -0.4461
vn -0.5883 0.0582 -0.8066
vn -0.6680 0.0531 -0.7423
vn -0.7420 0.5543 -0.3771
vn -0.6936 0.6172 -0.3715
vn -0.6679 0.6163 -0.4171
vn -0.6519 0.6502 -0.3903
vn -0.6028 0.6841 -0.4106
vn -0.7420 0.0495 -0.6686
vn -0.8094 0.4856 -0.3302
vn -0.7793 0.5364 -0.3240
vn -0.7378 0.5786 -0.3476
vn -0.8094 0.0432 -0.5856
vn -0.8655 0.0349 -0.4997
vn -0.9123 0.0308 -0.4083
vn -0.9510 0.2545 -0.1754
vn -0.9322 0.3094 -0.1881
vn -0.9123 0.3382 -0.2308
vn -0.9072 0.3607 -0.2167
vn -0.8655 0.4152 -0.2801
vn -0.8657 0.4290 -0.2578
vn -0.8175 0.4937 -0.2966
vn -0.9510 0.0247 -0.3081
vn -0.9781 0.1714 -0.1176
vn -0.9705 0.2062 -0.1251
vn -0.9532 0.2591 -0.1557
vn -0.9781 0.0162 -0.2073
vn -0.9942 0.0100 -0.1072
vn -1.0000 -0.0010 -0.0037
vn -0.9980 0.0533 -0.0346
vn -0.9942 0.0879 -0.0622
vn -0.9923 0.1060 -0.0635
vn -0.9825 0.1596 -0.0957
vn -0.9944 -0.0893 0.0566
vn -0.9980 -0.0554 0.0300
vn -1.0000 0.0004 -0.0002
vn -1.0000 0.0018 0.0007
vn -0.9785 -0.1717 0.1140
vn -0.9826 -0.1589 0.0957
vn -0.9924 -0.1052 0.0634
vn -0.9126 -0.3410 0.2256
vn -0.9324 -0.3129 0.1811
vn -0.9523 -0.2545 0.1684
vn -0.9538 -0.2580 0.1538
vn -0.9702 -0.2094 0.1219
vn -0.9510 -0.0205 0.3084
vn -0.9132 -0.0256 0.4066
vn -0.8665 -0.0348 0.4979
vn -0.8120 -0.0369 0.5825
vn -0.8114 -0.4865 0.3240
vn -0.8179 -0.4932 0.2964
vn -0.8665 -0.4138 0.2791
vn -0.8662 -0.4283 0.2573
vn -0.9075 -0.3601 0.2164
vn -0.6671 -0.6200 0.4130
vn -0.6951 -0.6196 0.3647
vn -0.7447 -0.5539 0.3723
vn -0.7413 -0.5771 0.3427
vn -0.7750 -0.5533 0.3054
vn -0.7412 -0.0435 0.6699
vn -0.5921 -0.6707 0.4468
vn -0.6030 -0.6837 0.4110
vn -0.6523 -0.6496 0.3905
vn -0.4014 -0.7625 0.5075
vn -0.4462 -0.7797 0.4392
vn -0.5033 -0.7177 0.4813
vn -0.5030 -0.7421 0.4431
vn -0.5477 -0.7304 0.4081
vn -0.4978 -0.0581 0.8653
vn -0.3145 -0.7901 0.5262
vn -0.2700 -0.8366 0.4767
vn -0.3303 -0.8090 0.4863
vn -0.3896 -0.7893 0.4745
vn -0.0000 -0.7880 0.6156
vn 0.1047 -0.7837 0.6122
vn 0.2081 -0.7707 0.6023
vn 0.3094 -0.7494 0.5853
vn 0.4072 -0.7198 0.5622
vn 0.5005 -0.6823 0.5329
vn 0.5883 -0.6372 0.4978
vn 0.6697 -0.5852 0.4572
vn 0.7437 -0.5268 0.4115
vn 0.8096 -0.4626 0.3614
vn 0.8665 -0.3933 0.3073
vn 0.9140 -0.3197 0.2498
vn 0.9514 -0.2427 0.1896
vn 0.9784 -0.1630 0.1273
vn 0.9946 -0.0815 0.0637
vn 1.0000 0.0009 -0.0007
vn 0.9944 0.0833 -0.0651
vn 0.9779 0.1647 -0.1287
vn 0.9507 0.2443 -0.1909
vn 0.9131 0.3213 -0.2510
vn 0.8655 0.3947 -0.3084
vn 0.8085 0.4638 -0.3624
vn 0.7426 0.5278 -0.4123
vn 0.6686 0.5860 -0.4578
vn 0.5872 0.6378 -0.4983
vn 0.4995 0.6827 -0.5334
vn 0.4063 0.7200 -0.5626
vn 0.3087 0.7495 -0.5856
vn 0.2077 0.7708 -0.6022
vn 0.1044 0.7837 -0.6123
vn 0.0000 0.7880 -0.6157
vn -0.1044 0.7837 -0.6123
vn -0.2077 0.7708 -0.6022
vn -0.3087 0.7495 -0.5856
vn -0.4063 0.7200 -0.5626
vn -0.4995 0.6827 -0.5334
vn -0.5872 0.6378 -0.4983
vn -0.6686 0.5860 -0.4578
vn -0.7426 0.5278 -0.4123
vn -0.8085 0.4638 -0.3623
vn -0.8655 0.3947 -0.3084
vn -0.9131 0.3213 -0.2510
vn -0.9507 0.2443 -0.1909
vn -0.9779 0.1647 -0.1287
vn -0.9944 0.0833 -0.0651
vn -1.0000 0.0009 -0.0007
vn -0.9946 -0.0815 0.0637
vn -0.9784 -0.1629 0.1273
vn -0.9514 -0.2427 0.1896
vn -0.9140 -0.3197 0.2498
vn -0.8665 -0.3933 0.3073
vn -0.8096 -0.4626 0.3614
vn -0.7437 -0.5268 0.4116
vn -0.6697 -0.5852 0.4572
vn -0.5883 -0.6372 0.4978
vn -0.5005 -0.6823 0.5329
vn -0.4072 -0.7198 0.5622
vn -0.3093 -0.7494 0.5854
vn -0.2082 -0.7706 0.6023
vn -0.0000 -0.7431 0.6692
vn 0.1047 -0.7391 0.6654
vn 0.2081 -0.7268 0.6546
vn 0.3094 -0.7067 0.6363
vn 0.4072 -0.6788 0.6112
vn 0.5005 -0.6434 0.5793
vn 0.5883 -0.6009 0.5411
vn 0.6697 -0.5518 0.4969
vn 0.7437 -0.4968 0.4473
vn 0.8096 -0.4362 0.3928
vn 0.8665 -0.3709 0.3340
vn 0.9140 -0.3015 0.2715
vn 0.9514 -0.2289 0.2061
vn 0.9784 -0.1537 0.1384
vn 0.9946 -0.0768 0.0692
vn 1.0000 0.0009 -0.0008
vn 0.9944 0.0785 -0.0707
vn 0.9779 0.1553 -0.1399
vn 0.9507 0.2304 -0.2075
vn 0.9131 0.3030 -0.2728
vn 0.8655 0.3722 -0.3351
vn 0.8085 0.4374 -0.3938
vn 0.7426 0.4977 -0.4482
vn 0.6686 0.5526 -0.4976
vn 0.5872 0.6015 -0.5416
vn 0.4995 0.6438 -0.5797
vn 0.4063 0.6790 -0.6114
vn 0.3087 0.7069 -0.6364
vn 0.2077 0.7269 -0.6545
vn 0.1044 0.7391 -0.6655
vn 0.0000 0.7431 -0.6691
vn -0.1044 0.7391 -0.6655
vn -0.2077 0.7269 -0.6545
vn -0.3087 0.7069 -0.6365
vn -0.4063 0.6790 -0.6114
vn -0.4995 0.6438 -0.5797
vn -0.5872 0.6015 -0.5416
vn -0.6686 0.5526 -0.4976
vn -0.7426 0.4977 -0.4482
vn -0.8085 0.4374 -0.3938
vn -0.8655 0.3722 -0.3351
vn -0.9131 0.3030 -0.2728
vn -0.9507 0.2304 -0.2075
vn -0.9779 0.1553 -0.1399
vn -0.9944 0.0785 -0.0707
vn -1.0000 0.0009 -0.0008
vn -0.9946 -0.0768 0.0692
vn -0.9784 -0.1537 0.1384
vn -0.9514 -0.2289 0.2061
vn -0.9140 -0.3015 0.2715
vn -0.8665 -0.3709 0.3340
vn -0.8096 -0.4362 0.3928
vn -0.7437 -0.4968 0.4473
vn -0.6697 -0.5519 0.4969
vn -0.5883 -0.6009 0.5411
vn -0.5005 -0.6434 0.5793
vn -0.4072 -0.6788 0.6111
vn -0.3094 -0.7067 0.6363
vn -0.2082 -0.7267 0.6546
vn 0.0000 -0.6947 0.7193
vn 0.1046 -0.6909 0.7154
vn 0.2082 -0.6796 0.7035
vn 0.3093 -0.6605 0.6841
vn 0.4072 -0.6345 0.6570
vn 0.5005 -0.6014 0.6228
vn 0.5883 -0.5617 0.5817
vn 0.6697 -0.5159 0.5342
vn 0.7437 -0.4644 0.4808
vn 0.8096 -0.4078 0.4223
vn 0.8665 -0.3467 0.3590
vn 0.9140 -0.2819 0.2919
vn 0.9514 -0.2139 0.2215
vn 0.9784 -0.1437 0.1488
vn 0.9946 -0.0718 0.0744
vn 1.0000 0.0008 -0.0008
vn 0.9944 0.0734 -0.0760
vn 0.9779 0.1452 -0.1504
vn 0.9507 0.2154 -0.2230
vn 0.9131 0.2832 -0.2933
vn 0.8655 0.3479 -0.3603
vn 0.8085 0.4088 -0.4234
vn 0.7426 0.4653 -0.4818
vn 0.6686 0.5166 -0.5349
vn 0.5872 0.5623 -0.5822
vn 0.4995 0.6018 -0.6232
vn 0.4063 0.6347 -0.6573
vn 0.3087 0.6607 -0.6842
vn 0.2077 0.6795 -0.7037
vn 0.1044 0.6909 -0.7154
vn -0.0000 0.6947 -0.7193
vn -0.1044 0.6909 -0.7154
vn -0.2077 0.6795 -0.7037
vn -0.3087 0.6607 -0.6842
vn -0.4063 0.6347 -0.6573
vn -0.4995 0.6018 -0.6232
vn -0.5872 0.5623 -0.5822
vn -0.6686 0.5166 -0.5349
vn -0.7426 0.4653 -0.4818
vn -0.8085 0.4088 -0.4234
vn -0.8655 0.3479 -0.3603
vn -0.9131 0.2832 -0.2933
vn -0.9507 0.2154 -0.2230
vn -0.9779 0.1452 -0.1504
vn -0.9944 0.0734 -0.0760
vn -1.0000 0.0008 -0.0008
vn -0.9946 -0.0718 0.0744
vn -0.9784 -0.1437 0.1488
vn -0.9514 -0.2139 0.2215
vn -0.9140 -0.2819 0.2919
vn -0.8665 -0.3467 0.3590
vn -0.8096 -0.4078 0.4223
vn -0.7437 -0.4644 0.4809
vn -0.6697 -0.5159 0.5342
vn -0.5883 -0.5617 0.5817
vn -0.5005 -0.6014 0.6228
vn -0.4072 -0.6345 0.6570
vn -0.3094 -0.6605 0.6841
vn -0.2081 -0.6796 0.7035
vn 0.0000 -0.6428 0.7660
vn 0.1046 -0.6392 0.7619
vn 0.2082 -0.6288 0.7492
vn 0.3094 -0.6114 0.7284
vn 0.4072 -0.5871 0.6996
vn 0.5005 -0.5565 0.6632
vn 0.5883 -0.5198 0.6194
vn 0.6697 -0.4774 0.5689
vn 0.7437 -0.4297 0.5121
vn 0.8096 -0.3773 0.4497
vn 0.8665 -0.3208 0.3823
vn 0.9140 -0.2608 0.3108
vn 0.9514 -0.1979 0.2359
vn 0.9784 -0.1329 0.1584
vn 0.9946 -0.0665 0.0792
vn 1.0000 0.0007 -0.0009
vn 0.9944 0.0679 -0.0810
vn 0.9779 0.1344 -0.1601
vn 0.9507 0.1993 -0.2375
vn 0.9131 0.2621 -0.3123
vn 0.8655 0.3220 -0.3837
vn 0.8085 0.3783 -0.4509
vn 0.7426 0.4305 -0.5131
vn 0.6686 0.4780 -0.5697
vn 0.5872 0.5203 -0.6201
vn 0.4995 0.5569 -0.6636
vn 0.4063 0.5873 -0.7000
vn 0.3087 0.6114 -0.7286
vn 0.2077 0.6288 -0.7493
vn 0.1044 0.6393 -0.7619
vn -0.0000 0.6428 -0.7660
vn -0.1044 0.6393 -0.7619
vn -0.2077 0.6288 -0.7493
vn -0.3087 0.6114 -0.7286
vn -0.4063 0.5873 -0.7000
vn -0.4995 0.5569 -0.6636
vn -0.5872 0.5203 -0.6200
vn -0.6686 0.4780 -0.5697
vn -0.7426 0.4305 -0.5131
vn -0.8085 0.3783 -0.4509
vn -0.8655 0.3220 -0.3837
vn -0.9131 0.2621 -0.3123
vn -0.9507 0.1993 -0.2375
vn -0.9779 0.1344 -0.1601
vn -0.9944 0.0679 -0.0810
vn -1.0000 0.0007 -0.0009
vn -0.9946 -0.0665 0.0792
vn -0.9784 -0.1329 0.1584
vn -0.9514 -0.1979 0.2359
vn -0.9140 -0.2608 0.3108
vn -0.8665 -0.3208 0.3823
vn -0.8096 -0.3773 0.4497
vn -0.7437 -0.4297 0.5121
vn -0.6697 -0.4773 0.5689
vn -0.5883 -0.5198 0.6194
vn -0.5005 -0.5565 0.6632
vn -0.4072 -0.5871 0.6996
vn -0.3094 -0.6114 0.7284
vn -0.2081 -0.6288 0.7492
vn -0.0000 -0.5877 0.8091
vn 0.1047 -0.5845 0.8046
vn 0.2081 -0.5748 0.7914
vn 0.3094 -0.5590 0.7693
vn 0.4072 -0.5368 0.7390
vn 0.5005 -0.5088 0.7004
vn 0.5883 -0.4753 0.6542
vn 0.6697 -0.4365 0.6008
vn 0.7437 -0.3929 0.5408
vn 0.8096 -0.3451 0.4749
vn 0.8665 -0.2934 0.4038
vn 0.9140 -0.2385 0.3283
vn 0.9514 -0.1810 0.2491
vn 0.9784 -0.1215 0.1673
vn 0.9946 -0.0608 0.0836
vn 0.9944 0.0621 -0.0855
vn 0.9779 0.1229 -0.1691
vn 0.9507 0.1822 -0.2508
vn 0.9131 0.2396 -0.3298
vn 0.8655 0.2944 -0.4052
vn 0.8085 0.3459 -0.4761
vn 0.7426 0.3937 -0.5419
vn 0.6686 0.4371 -0.6016
vn 0.5872 0.4758 -0.6548
vn 0.4995 0.5092 -0.7009
vn 0.4063 0.5371 -0.7392
vn 0.3087 0.5591 -0.7695
vn 0.2077 0.5750 -0.7914
vn 0.1044 0.5846 -0.8046
vn -0.0000 0.5878 -0.8090
vn -0.1044 0.5846 -0.8046
vn -0.2077 0.5750 -0.7914
vn -0.3087 0.5591 -0.7695
vn -0.4063 0.5371 -0.7392
vn -0.4995 0.5092 -0.7009
vn -0.5872 0.4758 -0.6548
vn -0.6686 0.4371 -0.6016
vn -0.7426 0.3937 -0.5419
vn -0.8085 0.3459 -0.4761
vn -0.8655 0.2944 -0.4052
vn -0.9131 0.2396 -0.3298
vn -0.9507 0.1822 -0.2508
vn -0.9779 0.1229 -0.1691
vn -0.9944 0.0621 -0.0855
vn -0.9946 -0.0608 0.0836
vn -0.9784 -0.1216 0.1673
vn -0.9514 -0.1810 0.2491
vn -0.9140 -0.2385 0.3283
vn -0.8665 -0.2934 0.4038
vn -0.8096 -0.3451 0.4749
vn -0.7437 -0.3929 0.5408
vn -0.6697 -0.4365 0.6008
vn -0.5883 -0.4753 0.6542
vn -0.5005 -0.5088 0.7004
vn -0.4072 -0.5368 0.7390
vn -0.3093 -0.5590 0.7693
vn -0.2082 -0.5748 0.7914
vn -0.0000 -0.5299 0.8481
vn 0.1047 -0.5270 0.8434
vn 0.2081 -0.5183 0.8295
vn 0.3094 -0.5038 0.8065
vn 0.4072 -0.4840 0.7746
vn 0.5005 -0.4587 0.7342
vn 0.5883 -0.4285 0.6858
vn 0.6697 -0.3935 0.6298
vn 0.7437 -0.3542 0.5669
vn 0.8096 -0.3111 0.4978
vn 0.8665 -0.2645 0.4233
vn 0.9140 -0.2150 0.3441
vn 0.9514 -0.1632 0.2612
vn 0.9784 -0.1096 0.1754
vn 0.9946 -0.0548 0.0877
vn 1.0000 0.0006 -0.0010
vn 0.9944 0.0560 -0.0896
vn 0.9779 0.1108 -0.1773
vn 0.9507 0.1643 -0.2629
vn 0.9131 0.2161 -0.3458
vn 0.8655 0.2654 -0.4248
vn 0.8085 0.3119 -0.4991
vn 0.7426 0.3549 -0.5680
vn 0.6686 0.3941 -0.6307
vn 0.5872 0.4289 -0.6864
vn 0.4995 0.4591 -0.7347
vn 0.4063 0.4842 -0.7749
vn 0.3087 0.5040 -0.8066
vn 0.2077 0.5184 -0.8296
vn 0.1044 0.5270 -0.8434
vn 0.0000 0.5299 -0.8480
vn -0.1044 0.5270 -0.8434
vn -0.2077 0.5184 -0.8296
vn -0.3087 0.5040 -0.8066
vn -0.4063 0.4842 -0.7749
vn -0.4995 0.4591 -0.7347
vn -0.5872 0.4289 -0.6864
vn -0.6686 0.3941 -0.6307
vn -0.7426 0.3549 -0.5680
vn -0.8085 0.3119 -0.4991
vn -0.8655 0.2654 -0.4248
vn -0.9131 0.2161 -0.3458
vn -0.9507 0.1643 -0.2629
vn -0.9779 0.1108 -0.1773
vn -0.9944 0.0560 -0.0896
vn -1.0000 0.0006 -0.0010
vn -0.9946 -0.0548 0.0877
vn -0.9784 -0.1096 0.1754
vn -0.9514 -0.1632 0.2612
vn -0.9140 -0.2150 0.3441
vn -0.8665 -0.2645 0.4233
vn -0.8096 -0.3111 0.4978
vn -0.7437 -0.3542 0.5669
vn -0.6697 -0.3935 0.6298
vn -0.5883 -0.4285 0.6858
vn -0.5005 -0.4587 0.7342
vn -0.4072 -0.4840 0.7746
vn -0.3094 -0.5038 0.8065
vn -0.2081 -0.5183 0.8295
vn 0.0000 -0.4696 0.8829
vn 0.1046 -0.4668 0.8781
vn 0.2082 -0.4592 0.8636
vn 0.3093 -0.4463 0.8397
vn 0.4072 -0.4288 0.8064
vn 0.5005 -0.4065 0.7644
vn 0.5883 -0.3797 0.7139
vn 0.6697 -0.3487 0.6557
vn 0.7437 -0.3139 0.5902
vn 0.8096 -0.2756 0.5183
vn 0.8665 -0.2343 0.4407
vn 0.9140 -0.1905 0.3583
vn 0.9514 -0.1446 0.2719
vn 0.9784 -0.0971 0.1826
vn 0.9946 -0.0485 0.0913
vn 1.0000 0.0005 -0.0010
vn 0.9944 0.0496 -0.0933
vn 0.9779 0.0981 -0.1845
vn 0.9507 0.1456 -0.2738
vn 0.9131 0.1914 -0.3600
vn 0.8655 0.2351 -0.4423
vn 0.8085 0.2763 -0.5197
vn 0.7426 0.3144 -0.5914
vn 0.6686 0.3491 -0.6566
vn 0.5872 0.3800 -0.7147
vn 0.4995 0.4067 -0.7649
vn 0.4063 0.4290 -0.8068
vn 0.3087 0.4465 -0.8398
vn 0.2077 0.4592 -0.8637
vn 0.1044 0.4669 -0.8781
vn -0.0000 0.4695 -0.8829
vn -0.1044 0.4669 -0.8781
vn -0.2077 0.4592 -0.8637
vn -0.3087 0.4465 -0.8398
vn -0.4063 0.4290 -0.8068
vn -0.4995 0.4067 -0.7649
vn -0.5872 0.3800 -0.7147
vn -0.6686 0.3491 -0.6566
vn -0.7426 0.3144 -0.5914
vn -0.8085 0.2763 -0.5197
vn -0.8655 0.2352 -0.4423
vn -0.9131 0.1914 -0.3600
vn -0.9507 0.1456 -0.2738
vn -0.9779 0.0981 -0.1846
vn -0.9944 0.0496 -0.0933
vn -1.0000 0.0005 -0.0010
vn -0.9946 -0.0485 0.0913
vn -0.9784 -0.0971 0.1826
vn -0.9514 -0.1446 0.2719
vn -0.9140 -0.1905 0.3583
vn -0.8665 -0.2343 0.4407
vn -0.8096 -0.2756 0.5183
vn -0.7437 -0.3139 0.5902
vn -0.6697 -0.3487 0.6557
vn -0.5883 -0.3796 0.7140
vn -0.5005 -0.4065 0.7644
vn -0.4072 -0.4288 0.8064
vn -0.3094 -0.4463 0.8397
vn -0.2081 -0.4593 0.8636
vn -0.0000 -0.4068 0.9135
vn 0.1046 -0.4046 0.9085
vn 0.2081 -0.3979 0.8935
vn 0.3094 -0.3868 0.8687
vn 0.4072 -0.3715 0.8344
vn 0.5005 -0.3521 0.7909
vn 0.5883 -0.3289 0.7387
vn 0.6697 -0.3020 0.6784
vn 0.7437 -0.2719 0.6107
vn 0.8096 -0.2388 0.5363
vn 0.8665 -0.2030 0.4560
vn 0.9140 -0.1650 0.3707
vn 0.9514 -0.1253 0.2813
vn 0.9784 -0.0841 0.1889
vn 0.9946 -0.0421 0.0944
vn 1.0000 0.0005 -0.0011
vn 0.9944 0.0430 -0.0965
vn 0.9779 0.0850 -0.1909
vn 0.9507 0.1261 -0.2833
vn 0.9131 0.1658 -0.3725
vn 0.8655 0.2037 -0.4576
vn 0.8085 0.2394 -0.5377
vn 0.7426 0.2724 -0.6119
vn 0.6686 0.3025 -0.6794
vn 0.5872 0.3292 -0.7394
vn 0.4995 0.3524 -0.7914
vn 0.4063 0.3716 -0.8347
vn 0.3087 0.3869 -0.8689
vn 0.2077 0.3979 -0.8936
vn 0.1044 0.4045 -0.9086
vn 0.0000 0.4067 -0.9135
vn -0.1044 0.4045 -0.9086
vn -0.2077 0.3979 -0.8936
vn -0.3087 0.3869 -0.8689
vn -0.4063 0.3716 -0.8347
vn -0.4995 0.3524 -0.7914
vn -0.5872 0.3292 -0.7394
vn -0.6686 0.3025 -0.6794
vn -0.7426 0.2724 -0.6119
vn -0.8085 0.2394 -0.5377
vn -0.8655 0.2037 -0.4576
vn -0.9131 0.1658 -0.3725
vn -0.9507 0.1261 -0.2833
vn -0.9779 0.0850 -0.1909
vn -0.9944 0.0430 -0.0965
vn -1.0000 0.0005 -0.0011
vn -0.9946 -0.0421 0.0944
vn -0.9784 -0.0841 0.1889
vn -0.9514 -0.1253 0.2813
vn -0.9140 -0.1650 0.3707
vn -0.8665 -0.2030 0.4560
vn -0.8096 -0.2388 0.5363
vn -0.7437 -0.2719 0.6107
vn -0.6697 -0.3020 0.6784
vn -0.5883 -0.3289 0.7387
vn -0.5005 -0.3521 0.7909
vn -0.4072 -0.3715 0.8344
vn -0.3093 -0.3868 0.8687
vn -0.2081 -0.3979 0.8935
vn -0.0000 -0.3420 0.9397
vn 0.1047 -0.3401 0.9345
vn 0.2081 -0.3345 0.9191
vn 0.3094 -0.3253 0.8936
vn 0.4072 -0.3124 0.8583
vn 0.5005 -0.2961 0.8135
vn 0.5883 -0.2765 0.7599
vn 0.6697 -0.2540 0.6978
vn 0.7437 -0.2286 0.6282
vn 0.8096 -0.2008 0.5516
vn 0.8665 -0.1707 0.4690
vn 0.9140 -0.1388 0.3813
vn 0.9514 -0.1053 0.2894
vn 0.9784 -0.0707 0.1943
vn 0.9946 -0.0354 0.0972
vn 1.0000 0.0004 -0.0011
vn 0.9944 0.0361 -0.0993
vn 0.9779 0.0715 -0.1964
vn 0.9507 0.1060 -0.2914
vn 0.9131 0.1394 -0.3831
vn 0.8655 0.1713 -0.4707
vn 0.8085 0.2013 -0.5531
vn 0.7426 0.2291 -0.6294
vn 0.6686 0.2543 -0.6988
vn 0.5872 0.2768 -0.7606
vn 0.4995 0.2963 -0.8141
vn 0.4063 0.3125 -0.8586
vn 0.3087 0.3253 -0.8938
vn 0.2077 0.3346 -0.9192
vn 0.1044 0.3401 -0.9346
vn -0.0000 0.3420 -0.9397
vn -0.1044 0.3402 -0.9346
vn -0.2077 0.3346 -0.9192
vn -0.3087 0.3253 -0.8938
vn -0.4063 0.3125 -0.8586
vn -0.4995 0.2963 -0.8141
vn -0.5872 0.2768 -0.7606
vn -0.6686 0.2543 -0.6988
vn -0.7426 0.2291 -0.6294
vn -0.8085 0.2013 -0.5531
vn -0.8655 0.1713 -0.4707
vn -0.9131 0.1394 -0.3831
vn -0.9507 0.1060 -0.2914
vn -0.9779 0.0715 -0.1964
vn -0.9944 0.0361 -0.0993
vn -1.0000 0.0004 -0.0011
vn -0.9946 -0.0354 0.0972
vn -0.9784 -0.0707 0.1943
vn -0.9514 -0.1053 0.2894
vn -0.9140 -0.1388 0.3813
vn -0.8665 -0.1707 0.4690
vn -0.8096 -0.2008 0.5516
vn -0.7437 -0.2286 0.6282
vn -0.6697 -0.2540 0.6978
vn -0.5883 -0.2765 0.7599
vn -0.5005 -0.2961 0.8135
vn -0.4072 -0.3124 0.8583
vn -0.3093 -0.3253 0.8936
vn -0.2082 -0.3345 0.9191
vn 0.0000 -0.2757 0.9613
vn 0.1046 -0.2741 0.9560
vn 0.2081 -0.2696 0.9402
vn 0.3094 -0.2621 0.9141
vn 0.4072 -0.2518 0.8780
vn 0.5005 -0.2386 0.8322
vn 0.5883 -0.2229 0.7773
vn 0.6697 -0.2047 0.7138
vn 0.7437 -0.1843 0.6426
vn 0.8096 -0.1618 0.5643
vn 0.8665 -0.1376 0.4798
vn 0.9140 -0.1118 0.3900
vn 0.9514 -0.0849 0.2960
vn 0.9784 -0.0570 0.1988
vn 0.9946 -0.0285 0.0994
vn 1.0000 0.0003 -0.0011
vn 0.9944 0.0291 -0.1016
vn 0.9779 0.0576 -0.2009
vn 0.9507 0.0855 -0.2981
vn 0.9131 0.1124 -0.3919
vn 0.8655 0.1381 -0.4815
vn 0.8085 0.1622 -0.5658
vn 0.7426 0.1846 -0.6438
vn 0.6686 0.2050 -0.7149
vn 0.5872 0.2231 -0.7781
vn 0.4995 0.2388 -0.8328
vn 0.4063 0.2519 -0.8783
vn 0.3087 0.2622 -0.9143
vn 0.2077 0.2696 -0.9403
vn 0.1044 0.2741 -0.9560
vn 0.0000 0.2756 -0.9613
vn -0.1044 0.2741 -0.9560
vn -0.2077 0.2696 -0.9403
vn -0.3087 0.2622 -0.9143
vn -0.4063 0.2519 -0.8783
vn -0.4995 0.2388 -0.8328
vn -0.5872 0.2231 -0.7781
vn -0.6686 0.2050 -0.7148
vn -0.7426 0.1846 -0.6438
vn -0.8085 0.1622 -0.5658
vn -0.8655 0.1381 -0.4815
vn -0.9131 0.1124 -0.3919
vn -0.9507 0.0855 -0.2980
vn -0.9779 0.0576 -0.2009
vn -0.9944 0.0291 -0.1016
vn -1.0000 0.0003 -0.0011
vn -0.9946 -0.0285 0.0994
vn -0.9784 -0.0570 0.1988
vn -0.9514 -0.0849 0.2960
vn -0.9140 -0.1119 0.3900
vn -0.8665 -0.1376 0.4798
vn -0.8096 -0.1618 0.5643
vn -0.7437 -0.1843 0.6426
vn -0.6697 -0.2047 0.7138
vn -0.5883 -0.2229 0.7773
vn -0.5005 -0.2386 0.8322
vn -0.4072 -0.2518 0.8780
vn -0.3094 -0.2621 0.9141
vn -0.2082 -0.2696 0.9402
vn -0.0000 -0.2079 0.9782
vn 0.1046 -0.2068 0.9728
vn 0.2082 -0.2034 0.9567
vn 0.3094 -0.1977 0.9302
vn 0.4072 -0.1899 0.8934
vn 0.5005 -0.1800 0.8468
vn 0.5883 -0.1681 0.7909
vn 0.6697 -0.1544 0.7264
vn 0.7437 -0.1390 0.6539
vn 0.8096 -0.1221 0.5742
vn 0.8665 -0.1038 0.4882
vn 0.9140 -0.0844 0.3969
vn 0.9514 -0.0640 0.3012
vn 0.9784 -0.0430 0.2023
vn 0.9946 -0.0215 0.1011
vn 1.0000 0.0002 -0.0011
vn 0.9944 0.0220 -0.1034
vn 0.9779 0.0435 -0.2045
vn 0.9507 0.0645 -0.3033
vn 0.9131 0.0848 -0.3988
vn 0.8655 0.1041 -0.4899
vn 0.8085 0.1224 -0.5757
vn 0.7426 0.1392 -0.6551
vn 0.6686 0.1546 -0.7274
vn 0.5872 0.1683 -0.7917
vn 0.4995 0.1801 -0.8474
vn 0.4063 0.1900 -0.8938
vn 0.3087 0.1978 -0.9304
vn 0.2077 0.2034 -0.9568
vn 0.1044 0.2068 -0.9728
vn 0.0000 0.2079 -0.9781
vn -0.1044 0.2068 -0.9728
vn -0.2077 0.2034 -0.9568
vn -0.3087 0.1978 -0.9304
vn -0.4063 0.1900 -0.8938
vn -0.4995 0.1801 -0.8474
vn -0.5872 0.1683 -0.7917
vn -0.6686 0.1546 -0.7274
vn -0.7426 0.1393 -0.6551
vn -0.8085 0.1224 -0.5757
vn -0.8655 0.1041 -0.4899
vn -0.9131 0.0848 -0.3988
vn -0.9507 0.0645 -0.3033
vn -0.9779 0.0435 -0.2045
vn -0.9944 0.0220 -0.1034
vn -1.0000 0.0002 -0.0011
vn -0.9946 -0.0215 0.1011
vn -0.9784 -0.0430 0.2023
vn -0.9514 -0.0640 0.3012
vn -0.9140 -0.0844 0.3969
vn -0.8665 -0.1038 0.4882
vn -0.8096 -0.1221 0.5742
vn -0.7437 -0.1390 0.6539
vn -0.6697 -0.1544 0.7264
vn -0.5883 -0.1681 0.7909
vn -0.5005 -0.1800 0.8468
vn -0.4072 -0.1899 0.8934
vn -0.3094 -0.1977 0.9302
vn -0.2081 -0.2034 0.9567
vn -0.0000 -0.1391 0.9903
vn 0.1046 -0.1383 0.9848
vn 0.2082 -0.1361 0.9686
vn 0.3094 -0.1323 0.9417
vn 0.4072 -0.1271 0.9045
vn 0.5005 -0.1205 0.8573
vn 0.5883 -0.1125 0.8007
vn 0.6697 -0.1034 0.7354
vn 0.7437 -0.0930 0.6620
vn 0.8096 -0.0817 0.5813
vn 0.8665 -0.0695 0.4943
vn 0.9140 -0.0565 0.4018
vn 0.9514 -0.0429 0.3050
vn 0.9784 -0.0288 0.2048
vn 0.9946 -0.0144 0.1024
vn 1.0000 0.0002 -0.0012
vn 0.9944 0.0147 -0.1047
vn 0.9779 0.0291 -0.2070
vn 0.9507 0.0432 -0.3070
vn 0.9131 0.0567 -0.4037
vn 0.8655 0.0697 -0.4960
vn 0.8085 0.0819 -0.5828
vn 0.7426 0.0932 -0.6632
vn 0.6686 0.1035 -0.7364
vn 0.5872 0.1126 -0.8015
vn 0.4995 0.1206 -0.8579
vn 0.4063 0.1272 -0.9048
vn 0.3087 0.1324 -0.9419
vn 0.2077 0.1361 -0.9687
vn 0.1044 0.1384 -0.9849
vn 0.0000 0.1392 -0.9903
vn -0.1044 0.1384 -0.9849
vn -0.2077 0.1361 -0.9687
vn -0.3087 0.1324 -0.9419
vn -0.4063 0.1272 -0.9048
vn -0.4995 0.1206 -0.8579
vn -0.5872 0.1126 -0.8015
vn -0.6686 0.1035 -0.7364
vn -0.7426 0.0932 -0.6633
vn -0.8085 0.0819 -0.5828
vn -0.8655 0.0697 -0.4960
vn -0.9131 0.0567 -0.4037
vn -0.9507 0.0432 -0.3070
vn -0.9779 0.0291 -0.2070
vn -0.9944 0.0147 -0.1047
vn -1.0000 0.0002 -0.0012
vn -0.9946 -0.0144 0.1024
vn -0.9784 -0.0288 0.2048
vn -0.9514 -0.0429 0.3050
vn -0.9140 -0.0565 0.4018
vn -0.8665 -0.0695 0.4943
vn -0.8096 -0.0817 0.5813
vn -0.7437 -0.0930 0.6620
vn -0.6697 -0.1034 0.7354
vn -0.5883 -0.1125 0.8007
vn -0.5005 -0.1205 0.8573
vn -0.4072 -0.1271 0.9045
vn -0.3094 -0.1323 0.9417
vn -0.2081 -0.1361 0.9686
vn -0.2113 -0.0635 0.9754
vn -0.0897 -0.8536 0.5131
vn -0.0983 -0.8276 0.5526
vn -0.1047 -0.7838 0.6122
vn -0.1046 -0.7391 0.6654
vn -0.1047 -0.6909 0.7154
vn -0.1047 -0.6392 0.7619
vn -0.1046 -0.5846 0.8046
vn -0.1046 -0.5270 0.8434
vn -0.1047 -0.4668 0.8782
vn -0.1046 -0.4045 0.9085
vn -0.1046 -0.3401 0.9345
vn -0.1046 -0.2741 0.9560
vn -0.1046 -0.2068 0.9728
vn -0.1047 -0.1384 0.9848
vn -0.0983 -0.0647 0.9931
vn 0.0000 -0.2802 0.9599
vn -0.1076 -0.2732 0.9559
vn -0.2131 -0.2524 0.9439
vn -0.3134 -0.2183 0.9242
vn -0.4072 -0.1714 0.8971
vn -0.4914 -0.1132 0.8635
vn -0.5650 -0.0445 0.8239
vn -0.6258 0.0327 0.7793
vn -0.6726 0.1170 0.7307
vn -0.7046 0.2065 0.6789
vn -0.7206 0.2987 0.6257
vn -0.7206 0.3925 0.5715
vn -0.7046 0.4847 0.5183
vn -0.6726 0.5743 0.4666
vn -0.6258 0.6585 0.4180
vn -0.5650 0.7358 0.3734
vn -0.4914 0.8045 0.3335
vn -0.4074 0.8626 0.3000
vn -0.3133 0.9096 0.2729
vn -0.2133 0.9436 0.2532
vn -0.1076 0.9644 0.2414
vn 0.0000 0.9714 0.2373
vn 0.1076 0.9644 0.2414
vn 0.2133 0.9436 0.2532
vn 0.3133 0.9096 0.2729
vn 0.4072 0.8626 0.3001
vn 0.4914 0.8045 0.3337
vn 0.5650 0.7358 0.3734
vn 0.6258 0.6585 0.4180
vn 0.6726 0.5743 0.4666
vn 0.7046 0.4847 0.5183
vn 0.7206 0.3925 0.5715
vn 0.7206 0.2987 0.6257
vn 0.7046 0.2065 0.6789
vn 0.6726 0.1170 0.7307
vn 0.6258 0.0327 0.7793
vn 0.5650 -0.0445 0.8239
vn 0.4914 -0.1132 0.8635
vn 0.4072 -0.1714 0.8971
vn 0.3134 -0.2183 0.9242
vn 0.2131 -0.2524 0.9439
vn 0.1076 -0.2732 0.9559
vn 0.0000 0.5000 0.8660
vn 0.0000 1.0000 0.0000
vn -0.7924 -0.6100 0.0000
vn -0.3962 -0.6100 0.6862
vn -0.7924 0.6100 -0.0000
vn -0.3962 0.6100 0.6862
vn 0.3962 -0.6100 0.6862
vn 0.3962 0.6100 0.6862
vn -0.2482 -0.6880 -0.6819
vn -0.1260 -0.6880 -0.7147
vn 0.0000 -1.0000 0.0000
vn -0.0000 -0.6880 -0.7257
vn 0.1260 -0.6880 -0.7147
vn -0.5559 -0.6880 -0.4665
vn -0.4665 -0.6880 -0.5559
vn -0.3629 -0.6880 -0.6285
vn -0.7147 -0.6880 -0.1260
vn -0.6819 -0.6880 -0.2482
vn -0.6285 -0.6880 -0.3629
vn -0.6819 -0.6880 0.2482
vn -0.7147 -0.6880 0.1260
vn -0.7257 -0.6880 0.0000
vn -0.4665 -0.6880 0.5559
vn -0.5559 -0.6880 0.4665
vn -0.6285 -0.6880 0.3629
vn -0.1260 -0.6880 0.7147
vn -0.2482 -0.6880 0.6819
vn -0.3629 -0.6880 0.6285
vn 0.2482 -0.6880 0.6819
vn 0.1260 -0.6880 0.7147
vn 0.0000 -0.6880 0.7257
vn 0.5559 -0.6880 0.4665
vn 0.4665 -0.6880 0.5559
vn 0.3629 -0.6880 0.6285
vn 0.7147 -0.6880 0.1260
vn 0.6819 -0.6880 0.2482
vn 0.6285 -0.6880 0.3629
vn 0.6819 -0.6880 -0.2482
vn 0.7147 -0.6880 -0.1260
vn 0.7257 -0.6880 -0.0000
vn 0.4665 -0.6880 -0.5559
vn 0.5559 -0.6880 -0.4665
vn 0.6285 -0.6880 -0.3629
vn 0.2482 -0.6880 -0.6819
vn 0.3629 -0.6880 -0.6285
vn 0.1192 -0.7273 -0.6759
vn 0.2347 -0.7273 -0.6450
vn 0.3432 -0.7273 -0.5944
vn 0.4412 -0.7273 -0.5258
vn 0.5258 -0.7273 -0.4412
vn 0.5944 -0.7273 -0.3432
vn 0.6450 -0.7273 -0.2347
vn 0.6759 -0.7273 -0.1192
vn 0.6864 -0.7273 0.0000
vn 0.6759 -0.7273 0.1192
vn 0.6450 -0.7273 0.2347
vn 0.5944 -0.7273 0.3432
vn 0.5258 -0.7273 0.4412
vn 0.4412 -0.7273 0.5258
vn 0.3432 -0.7273 0.5944
vn 0.2347 -0.7273 0.6450
vn 0.1192 -0.7273 0.6759
vn -0.0000 -0.7273 0.6864
vn -0.1192 -0.7273 0.6759
vn -0.2347 -0.7273 0.6450
vn -0.3432 -0.7273 0.5944
vn -0.4412 -0.7273 0.5258
vn -0.5258 -0.7273 0.4412
vn -0.5944 -0.7273 0.3432
vn -0.6450 -0.7273 0.2347
vn -0.6759 -0.7273 0.1192
vn -0.6864 -0.7273 -0.0000
vn -0.6759 -0.7273 -0.1192
vn -0.6450 -0.7273 -0.2347
vn -0.5944 -0.7273 -0.3432
vn -0.5258 -0.7273 -0.4412
vn -0.4412 -0.7273 -0.5258
vn -0.3432 -0.7273 -0.5944
vn -0.2347 -0.7273 -0.6450
vn -0.1192 -0.7273 -0.6759
vn 0.0000 -0.7273 -0.6864
vn -0.0000 -0.6899 -0.7239
vn 0.1077 -0.7252 -0.6801
vn 0.1132 -0.6899 -0.7150
vn 0.2128 -0.7252 -0.6548
vn 0.2237 -0.6899 -0.6885
vn 0.3126 -0.7252 -0.6135
vn 0.3287 -0.6899 -0.6450
vn 0.4047 -0.7252 -0.5570
vn 0.4255 -0.6899 -0.5857
vn 0.4869 -0.7252 -0.4869
vn 0.5119 -0.6899 -0.5119
vn 0.5570 -0.7252 -0.4047
vn 0.5857 -0.6899 -0.4255
vn 0.6135 -0.7252 -0.3126
vn 0.6450 -0.6899 -0.3287
vn 0.6548 -0.7252 -0.2128
vn 0.6885 -0.6899 -0.2237
vn 0.6801 -0.7252 -0.1077
vn 0.7150 -0.6899 -0.1132
vn 0.6885 -0.7252 0.0000
vn 0.7239 -0.6899 0.0000
vn 0.6801 -0.7252 0.1077
vn 0.7150 -0.6899 0.1132
vn 0.6548 -0.7252 0.2128
vn 0.6885 -0.6899 0.2237
vn 0.6135 -0.7252 0.3126
vn 0.6450 -0.6899 0.3287
vn 0.5570 -0.7252 0.4047
vn 0.5857 -0.6899 0.4255
vn 0.4869 -0.7252 0.4869
vn 0.5119 -0.6899 0.5119
vn 0.4047 -0.7252 0.5570
vn 0.4255 -0.6899 0.5857
vn 0.3126 -0.7252 0.6135
vn 0.3287 -0.6899 0.6450
vn 0.2128 -0.7252 0.6548
vn 0.2237 -0.6899 0.6885
vn 0.1077 -0.7252 0.6801
vn 0.1132 -0.6899 0.7150
vn 0.0000 -0.7252 0.6885
vn 0.0000 -0.6899 0.7239
vn -0.1077 -0.7252 0.6801
vn -0.1132 -0.6899 0.7150
vn -0.2128 -0.7252 0.6548
vn -0.2237 -0.6899 0.6885
vn -0.3126 -0.7252 0.6135
vn -0.3287 -0.6899 0.6450
vn -0.4047 -0.7252 0.5570
vn -0.4255 -0.6899 0.5857
vn -0.4869 -0.7252 0.4869
vn -0.5119 -0.6899 0.5119
vn -0.5570 -0.7252 0.4047
vn -0.5857 -0.6899 0.4255
vn -0.6135 -0.7252 0.3126
vn -0.6450 -0.6899 0.3287
vn -0.6548 -0.7252 0.2128
vn -0.6885 -0.6899 0.2237
vn -0.6801 -0.7252 0.1077
vn -0.7150 -0.6899 0.1132
vn -0.6885 -0.7252 0.0000
vn -0.7239 -0.6899 0.0000
vn -0.6801 -0.7252 -0.1077
vn -0.7150 -0.6899 -0.1132
vn -0.6548 -0.7252 -0.2128
vn -0.6885 -0.6899 -0.2237
vn -0.6135 -0.7252 -0.3126
vn -0.6450 -0.6899 -0.3287
vn -0.5570 -0.7252 -0.4047
vn -0.5857 -0.6899 -0.4255
vn -0.4869 -0.7252 -0.4869
vn -0.5119 -0.6899 -0.5119
vn -0.4047 -0.7252 -0.5570
vn -0.4255 -0.6899 -0.5857
vn -0.3126 -0.7252 -0.6135
vn -0.3287 -0.6899 -0.6450
vn -0.2128 -0.7252 -0.6548
vn -0.2237 -0.6899 -0.6885
vn -0.1077 -0.7252 -0.6801
vn -0.1132 -0.6899 -0.7150
vn 0.0000 -0.7252 -0.6885
vn -0.0000 0.7252 0.6885
vn -0.1077 0.7252 0.6801
vn -0.2128 0.7252 0.6548
vn -0.3126 0.7252 0.6135
vn -0.4047 0.7252 0.5570
vn -0.4869 0.7252 0.4869
vn -0.6801 0.7252 0.1077
vn -0.6885 0.7252 -0.0000
vn -0.6801 0.7252 -0.1077
vn -0.5570 0.7252 0.4047
vn -0.6135 0.7252 0.3126
vn -0.6548 0.7252 0.2128
vn 0.5570 0.7252 0.4047
vn 0.4869 0.7252 0.4869
vn 0.4047 0.7252 0.5570
vn 0.3126 0.7252 0.6135
vn -0.5570 0.7252 -0.4047
vn -0.3962 0.6100 -0.6862
vn -0.6135 0.7252 -0.3126
vn -0.6548 0.7252 -0.2128
vn 0.0000 0.7252 -0.6885
vn 0.3962 0.6100 -0.6862
vn 0.1077 0.7252 -0.6801
vn 0.2128 0.7252 -0.6548
vn 0.2128 0.7252 0.6548
vn 0.1077 0.7252 0.6801
vn 0.3126 0.7252 -0.6135
vn 0.4047 0.7252 -0.5570
vn 0.4869 0.7252 -0.4869
vn -0.4869 0.7252 -0.4869
vn -0.4047 0.7252 -0.5570
vn -0.3126 0.7252 -0.6135
vn 0.6135 0.7252 0.3126
vn 0.7924 0.6100 0.0000
vn 0.6548 0.7252 0.2128
vn -0.2128 0.7252 -0.6548
vn -0.1077 0.7252 -0.6801
vn 0.5570 0.7252 -0.4047
vn 0.6135 0.7252 -0.3126
vn 0.6548 0.7252 -0.2128
vn 0.6801 0.7252 -0.1077
vn 0.6885 0.7252 0.0000
vn 0.6801 0.7252 0.1077
vn 0.0000 0.6899 0.7239
vn 0.1132 0.6899 0.7150
vn 0.2237 0.6899 0.6885
vn 0.3287 0.6899 0.6450
vn 0.4255 0.6899 0.5857
vn 0.5119 0.6899 0.5119
vn 0.5857 0.6899 0.4255
vn 0.6450 0.6899 0.3287
vn 0.6885 0.6899 0.2237
vn 0.7150 0.6899 0.1132
vn 0.7239 0.6899 -0.0000
vn 0.7150 0.6899 -0.1132
vn 0.6885 0.6899 -0.2237
vn 0.6450 0.6899 -0.3287
vn 0.5857 0.6899 -0.4255
vn 0.5119 0.6899 -0.5119
vn 0.4255 0.6899 -0.5857
vn 0.3287 0.6899 -0.6450
vn 0.2237 0.6899 -0.6885
vn 0.1132 0.6899 -0.7150
vn -0.0000 0.6899 -0.7239
vn -0.1132 0.6899 -0.7150
vn -0.2237 0.6899 -0.6885
vn -0.3287 0.6899 -0.6450
vn -0.4255 0.6899 -0.5857
vn -0.5119 0.6899 -0.5119
vn -0.5857 0.6899 -0.4255
vn -0.6450 0.6899 -0.3287
vn -0.6885 0.6899 -0.2237
vn -0.7150 0.6899 -0.1132
vn -0.7239 0.6899 0.0000
vn -0.7150 0.6899 0.1132
vn -0.6885 0.6899 0.2237
vn -0.6450 0.6899 0.3287
vn -0.5857 0.6899 0.4255
vn -0.5119 0.6899 0.5119
vn -0.4255 0.6899 0.5857
vn -0.3287 0.6899 0.6450
vn -0.2237 0.6899 0.6885
vn -0.1132 0.6899 0.7150
vn 0.7924 -0.6100 -0.0000
vn 0.3962 -0.6100 -0.6862
vn -0.3962 -0.6100 -0.6862
usemtl None
s 1
f 1//1 2//2 3//3
f 4//4 5//5 6//6
f 6//6 5//5 2//2
f 6//6 2//2 7//7
f 7//7 2//2 1//1
f 4//4 8//8 5//5
f 5//5 8//8 9//9
f 5//5 9//9 10//10
f 11//11 12//12 13//13
f 13//13 12//12 10//10
f 13//13 10//10 14//14
f 14//14 10//10 9//9
f 11//11 15//15 12//12
f 12//12 15//15 16//16
f 12//12 16//16 17//17
f 16//16 18//18 17//17
f 17//17 18//18 19//19
f 17//17 19//19 20//20
f 19//19 21//21 20//20
f 20//20 21//21 22//22
f 20//20 22//22 23//23
f 22//22 24//24 23//23
f 23//23 24//24 25//25
f 23//23 25//25 26//26
f 27//27 28//28 29//29
f 29//29 28//28 26//26
f 29//29 26//26 30//30
f 30//30 26//26 25//25
f 27//27 31//31 28//28
f 28//28 31//31 32//32
f 28//28 32//32 33//33
f 34//34 35//35 36//36
f 36//36 35//35 33//33
f 36//36 33//33 37//37
f 37//37 33//33 32//32
f 34//34 38//38 35//35
f 35//35 38//38 39//39
f 35//35 39//39 40//40
f 39//39 41//41 40//40
f 40//40 41//41 42//42
f 40//40 42//42 43//43
f 42//42 44//44 43//43
f 43//43 44//44 45//45
f 43//43 45//45 46//46
f 45//45 47//47 46//46
f 46//46 47//47 48//48
f 46//46 48//48 49//49
f 50//50 51//51 52//52
f 52//52 51//51 49//49
f 52//52 49//49 53//53
f 53//53 49//49 48//48
f 50//50 54//54 51//51
f 51//51 54//54 55//55
f 51//51 55//55 56//56
f 57//57 58//58 59//59
f 59//59 58//58 56//56
f 59//59 56//56 60//60
f 60//60 56//56 55//55
f 57//57 61//61 58//58
f 58//58 61//61 62//62
f 58//58 62//62 63//63
f 62//62 64//64 63//63
f 63//63 64//64 65//65
f 63//63 65//65 66//66
f 65//65 67//67 66//66
f 66//66 67//67 68//68
f 66//66 68//68 69//69
f 68//68 70//70 69//69
f 69//69 70//70 71//71
f 69//69 71//71 72//72
f 73//73 74//74 75//75
f 75//75 74//74 72//72
f 75//75 72//72 76//76
f 76//76 72//72 71//71
f 73//73 77//77 74//74
f 74//74 77//77 78//78
f 74//74 78//78 79//79
f 80//80 81//81 82//82
f 82//82 81//81 79//79
f 82//82 79//79 83//83
f 83//83 79//79 78//78
f 80//80 84//84 81//81
f 81//81 84//84 85//85
f 81//81 85//85 86//86
f 85//85 87//87 86//86
f 86//86 87//87 88//88
f 86//86 88//88 89//89
f 88//88 90//90 89//89
f 89//89 90//90 91//91
f 89//89 91//91 92//92
f 91//91 93//93 92//92
f 92//92 93//93 94//94
f 92//92 94//94 95//95
f 96//96 97//97 98//98
f 98//98 97//97 95//95
f 98//98 95//95 99//99
f 99//99 95//95 94//94
f 96//96 100//100 97//97
f 97//97 100//100 101//101
f 97//97 101//101 102//102
f 103//103 104//104 105//105
f 105//105 104//104 102//102
f 105//105 102//102 106//106
f 106//106 102//102 101//101
f 103//103 107//107 104//104
f 104//104 107//107 108//108
f 104//104 108//108 109//109
f 108//108 110//110 109//109
f 109//109 110//110 111//111
f 109//109 111//111 112//112
f 111//111 113//113 112//112
f 112//112 113//113 114//114
f 112//112 114//114 115//115
f 114//114 116//116 115//115
f 115//115 116//116 117//117
f 115//115 117//117 118//118
f 119//119 120//120 121//121
f 121//121 120//120 118//118
f 121//121 118//118 122//122
f 122//122 118//118 117//117
f 119//119 123//123 120//120
f 120//120 123//123 124//124
f 120//120 124//124 125//125
f 126//126 127//127 128//128
f 128//128 127//127 125//125
f 128//128 125//125 129//129
f 129//129 125//125 124//124
f 126//126 130//130 127//127
f 127//127 130//130 131//131
f 127//127 131//131 132//132
f 131//131 133//133 132//132
f 132//132 133//133 134//134
f 132//132 134//134 135//135
f 134//134 136//136 135//135
f 135//135 136//136 137//137
f 135//135 137//137 3//3
f 3//3 137//137 138//138
f 3//3 138//138 1//1
f 139//139 140//140 141//141
f 142//142 143//143 9//9
f 144//144 145//145 16//16
f 146//146 147//147 32//32
f 148//148 149//149 108//108
f 150//150 151//151 124//124
f 152//152 153//153 131//131
f 154//154 155//155 138//138
f 156//156 157//157 158//158
f 158//158 157//157 159//159
f 158//158 159//159 160//160
f 160//160 159//159 161//161
f 162//162 163//163 161//161
f 161//161 163//163 164//164
f 161//161 164//164 160//160
f 138//138 137//137 154//154
f 154//154 137//137 136//136
f 154//154 136//136 165//165
f 165//165 136//136 134//134
f 165//165 134//134 153//153
f 153//153 134//134 133//133
f 153//153 133//133 131//131
f 166//166 167//167 162//162
f 162//162 167//167 168//168
f 162//162 168//168 163//163
f 169//169 170//170 171//171
f 171//171 170//170 172//172
f 171//171 172//172 166//166
f 166//166 172//172 173//173
f 166//166 173//173 167//167
f 131//131 130//130 152//152
f 152//152 130//130 126//126
f 152//152 126//126 174//174
f 174//174 126//126 128//128
f 174//174 128//128 151//151
f 151//151 128//128 129//129
f 151//151 129//129 124//124
f 175//175 176//176 169//169
f 169//169 176//176 177//177
f 169//169 177//177 170//170
f 178//178 179//179 180//180
f 180//180 179//179 181//181
f 180//180 181//181 175//175
f 175//175 181//181 182//182
f 175//175 182//182 176//176
f 124//124 123//123 150//150
f 150//150 123//123 119//119
f 150//150 119//119 183//183
f 183//183 119//119 121//121
f 183//183 121//121 184//184
f 121//121 122//122 184//184
f 184//184 122//122 117//117
f 184//184 117//117 185//185
f 185//185 117//117 116//116
f 185//185 116//116 186//186
f 187//187 188//188 189//189
f 189//189 188//188 190//190
f 189//189 190//190 178//178
f 178//178 190//190 191//191
f 178//178 191//191 179//179
f 192//192 193//193 194//194
f 194//194 193//193 195//195
f 194//194 195//195 187//187
f 187//187 195//195 196//196
f 187//187 196//196 188//188
f 116//116 114//114 186//186
f 186//186 114//114 113//113
f 186//186 113//113 197//197
f 197//197 113//113 111//111
f 197//197 111//111 149//149
f 149//149 111//111 110//110
f 149//149 110//110 108//108
f 198//198 199//199 192//192
f 192//192 199//199 200//200
f 192//192 200//200 193//193
f 108//108 107//107 148//148
f 148//148 107//107 103//103
f 148//148 103//103 201//201
f 202//202 203//203 204//204
f 204//204 203//203 205//205
f 204//204 205//205 198//198
f 198//198 205//205 206//206
f 198//198 206//206 199//199
f 103//103 105//105 201//201
f 201//201 105//105 106//106
f 201//201 106//106 207//207
f 207//207 106//106 101//101
f 207//207 101//101 208//208
f 209//209 210//210 211//211
f 211//211 210//210 212//212
f 211//211 212//212 202//202
f 202//202 212//212 213//213
f 202//202 213//213 203//203
f 101//101 100//100 208//208
f 208//208 100//100 96//96
f 208//208 96//96 214//214
f 215//215 216//216 209//209
f 209//209 216//216 217//217
f 209//209 217//217 210//210
f 96//96 98//98 214//214
f 214//214 98//98 99//99
f 214//214 99//99 218//218
f 218//218 99//99 94//94
f 218//218 94//94 219//219
f 219//219 94//94 93//93
f 219//219 93//93 220//220
f 221//221 222//222 223//223
f 223//223 222//222 224//224
f 223//223 224//224 225//225
f 225//225 224//224 226//226
f 225//225 226//226 215//215
f 215//215 226//226 227//227
f 215//215 227//227 216//216
f 93//93 91//91 220//220
f 220//220 91//91 90//90
f 220//220 90//90 228//228
f 229//229 230//230 221//221
f 221//221 230//230 231//231
f 221//221 231//231 222//222
f 90//90 88//88 228//228
f 228//228 88//88 87//87
f 228//228 87//87 232//232
f 232//232 87//87 85//85
f 232//232 85//85 233//233
f 234//234 235//235 236//236
f 236//236 235//235 237//237
f 236//236 237//237 229//229
f 229//229 237//237 238//238
f 229//229 238//238 230//230
f 85//85 84//84 233//233
f 233//233 84//84 80//80
f 233//233 80//80 239//239
f 240//240 241//241 234//234
f 234//234 241//241 242//242
f 234//234 242//242 235//235
f 80//80 82//82 239//239
f 239//239 82//82 83//83
f 239//239 83//83 243//243
f 243//243 83//83 78//78
f 243//243 78//78 244//244
f 245//245 246//246 247//247
f 247//247 246//246 248//248
f 247//247 248//248 240//240
f 240//240 248//248 249//249
f 240//240 249//249 241//241
f 78//78 77//77 244//244
f 244//244 77//77 73//73
f 244//244 73//73 250//250
f 251//251 252//252 245//245
f 245//245 252//252 253//253
f 245//245 253//253 246//246
f 73//73 75//75 250//250
f 250//250 75//75 76//76
f 250//250 76//76 254//254
f 254//254 76//76 71//71
f 254//254 71//71 255//255
f 255//255 71//71 70//70
f 255//255 70//70 256//256
f 257//257 258//258 259//259
f 259//259 258//258 260//260
f 259//259 260//260 261//261
f 261//261 260//260 262//262
f 261//261 262//262 251//251
f 251//251 262//262 263//263
f 251//251 263//263 252//252
f 70//70 68//68 256//256
f 256//256 68//68 67//67
f 256//256 67//67 264//264
f 265//265 266//266 257//257
f 257//257 266//266 267//267
f 257//257 267//267 258//258
f 67//67 65//65 264//264
f 264//264 65//65 64//64
f 264//264 64//64 268//268
f 268//268 64//64 62//62
f 268//268 62//62 269//269
f 270//270 271//271 272//272
f 272//272 271//271 273//273
f 272//272 273//273 265//265
f 265//265 273//273 274//274
f 265//265 274//274 266//266
f 62//62 61//61 269//269
f 269//269 61//61 57//57
f 269//269 57//57 275//275
f 276//276 277//277 270//270
f 270//270 277//277 278//278
f 270//270 278//278 271//271
f 57//57 59//59 275//275
f 275//275 59//59 60//60
f 275//275 60//60 279//279
f 279//279 60//60 55//55
f 279//279 55//55 280//280
f 281//281 282//282 283//283
f 283//283 282//282 284//284
f 283//283 284//284 276//276
f 276//276 284//284 285//285
f 276//276 285//285 277//277
f 55//55 54//54 280//280
f 280//280 54//54 50//50
f 280//280 50//50 286//286
f 287//287 288//288 281//281
f 281//281 288//288 289//289
f 281//281 289//289 282//282
f 50//50 52//52 286//286
f 286//286 52//52 53//53
f 286//286 53//53 290//290
f 290//290 53//53 48//48
f 290//290 48//48 291//291
f 291//291 48//48 47//47
f 291//291 47//47 292//292
f 293//293 294//294 295//295
f 295//295 294//294 296//296
f 295//295 296//296 297//297
f 297//297 296//296 298//298
f 297//297 298//298 287//287
f 287//287 298//298 299//299
f 287//287 299//299 288//288
f 47//47 45//45 292//292
f 292//292 45//45 44//44
f 292//292 44//44 300//300
f 301//301 302//302 293//293
f 293//293 302//302 303//303
f 293//293 303//303 294//294
f 44//44 42//42 300//300
f 300//300 42//42 41//41
f 300//300 41//41 304//304
f 304//304 41//41 39//39
f 304//304 39//39 305//305
f 306//306 307//307 308//308
f 308//308 307//307 309//309
f 308//308 309//309 301//301
f 301//301 309//309 310//310
f 301//301 310//310 302//302
f 311//311 312//312 306//306
f 306//306 312//312 313//313
f 306//306 313//313 307//307
f 39//39 38//38 305//305
f 305//305 38//38 34//34
f 305//305 34//34 314//314
f 314//314 34//34 36//36
f 314//314 36//36 147//147
f 147//147 36//36 37//37
f 147//147 37//37 32//32
f 315//315 316//316 311//311
f 311//311 316//316 317//317
f 311//311 317//317 312//312
f 318//318 319//319 320//320
f 320//320 319//319 321//321
f 320//320 321//321 315//315
f 315//315 321//321 322//322
f 315//315 322//322 316//316
f 32//32 31//31 146//146
f 146//146 31//31 27//27
f 146//146 27//27 323//323
f 323//323 27//27 29//29
f 323//323 29//29 324//324
f 29//29 30//30 324//324
f 324//324 30//30 25//25
f 324//324 25//25 325//325
f 325//325 25//25 24//24
f 325//325 24//24 326//326
f 327//327 328//328 329//329
f 329//329 328//328 330//330
f 329//329 330//330 318//318
f 318//318 330//330 331//331
f 318//318 331//331 319//319
f 332//332 333//333 334//334
f 334//334 333//333 335//335
f 334//334 335//335 327//327
f 327//327 335//335 336//336
f 327//327 336//336 328//328
f 24//24 22//22 326//326
f 326//326 22//22 21//21
f 326//326 21//21 337//337
f 337//337 21//21 19//19
f 337//337 19//19 145//145
f 145//145 19//19 18//18
f 145//145 18//18 16//16
f 338//338 339//339 332//332
f 332//332 339//339 340//340
f 332//332 340//340 333//333
f 341//341 342//342 343//343
f 343//343 342//342 344//344
f 343//343 344//344 338//338
f 338//338 344//344 345//345
f 338//338 345//345 339//339
f 16//16 15//15 144//144
f 144//144 15//15 11//11
f 144//144 11//11 346//346
f 346//346 11//11 13//13
f 346//346 13//13 143//143
f 143//143 13//13 14//14
f 143//143 14//14 9//9
f 141//141 140//140 347//347
f 140//140 348//348 347//347
f 347//347 348//348 349//349
f 347//347 349//349 341//341
f 341//341 349//349 350//350
f 341//341 350//350 342//342
f 157//157 351//351 159//159
f 159//159 351//351 352//352
f 159//159 352//352 161//161
f 161//161 352//352 353//353
f 161//161 353//353 162//162
f 162//162 353//353 354//354
f 162//162 354//354 166//166
f 166//166 354//354 355//355
f 166//166 355//355 171//171
f 171//171 355//355 356//356
f 171//171 356//356 169//169
f 169//169 356//356 357//357
f 169//169 357//357 175//175
f 175//175 357//357 358//358
f 175//175 358//358 180//180
f 180//180 358//358 359//359
f 180//180 359//359 178//178
f 178//178 359//359 360//360
f 178//178 360//360 189//189
f 189//189 360//360 361//361
f 189//189 361//361 187//187
f 187//187 361//361 362//362
f 187//187 362//362 194//194
f 194//194 362//362 363//363
f 194//194 363//363 192//192
f 192//192 363//363 364//364
f 192//192 364//364 198//198
f 198//198 364//364 365//365
f 198//198 365//365 204//204
f 204//204 365//365 366//366
f 204//204 366//366 202//202
f 202//202 366//366 367//367
f 202//202 367//367 211//211
f 211//211 367//367 368//368
f 211//211 368//368 209//209
f 209//209 368//368 369//369
f 209//209 369//369 215//215
f 215//215 369//369 370//370
f 215//215 370//370 225//225
f 225//225 370//370 371//371
f 225//225 371//371 223//223
f 223//223 371//371 372//372
f 223//223 372//372 221//221
f 221//221 372//372 373//373
f 221//221 373//373 229//229
f 229//229 373//373 374//374
f 229//229 374//374 236//236
f 236//236 374//374 375//375
f 236//236 375//375 234//234
f 234//234 375//375 376//376
f 234//234 376//376 240//240
f 240//240 376//376 377//377
f 240//240 377//377 247//247
f 247//247 377//377 378//378
f 247//247 378//378 245//245
f 245//245 378//378 379//379
f 245//245 379//379 251//251
f 251//251 379//379 380//380
f 251//251 380//380 261//261
f 261//261 380//380 381//381
f 261//261 381//381 259//259
f 259//259 381//381 382//382
f 259//259 382//382 257//257
f 257//257 382//382 383//383
f 257//257 383//383 265//265
f 265//265 383//383 384//384
f 265//265 384//384 272//272
f 272//272 384//384 385//385
f 272//272 385//385 270//270
f 270//270 385//385 386//386
f 270//270 386//386 276//276
f 276//276 386//386 387//387
f 276//276 387//387 283//283
f 283//283 387//387 388//388
f 283//283 388//388 281//281
f 281//281 388//388 389//389
f 281//281 389//389 287//287
f 287//287 389//389 390//390
f 287//287 390//390 297//297
f 297//297 390//390 391//391
f 297//297 391//391 295//295
f 295//295 391//391 392//392
f 295//295 392//392 293//293
f 293//293 392//392 393//393
f 293//293 393//393 301//301
f 301//301 393//393 394//394
f 301//301 394//394 308//308
f 308//308 394//394 395//395
f 308//308 395//395 306//306
f 306//306 395//395 396//396
f 306//306 396//396 311//311
f 311//311 396//396 397//397
f 311//311 397//397 315//315
f 315//315 397//397 398//398
f 315//315 398//398 320//320
f 320//320 398//398 399//399
f 320//320 399//399 318//318
f 318//318 399//399 400//400
f 318//318 400//400 329//329
f 329//329 400//400 401//401
f 329//329 401//401 327//327
f 327//327 401//401 402//402
f 327//327 402//402 334//334
f 334//334 402//402 403//403
f 334//334 403//403 332//332
f 332//332 403//403 404//404
f 332//332 404//404 338//338
f 338//338 404//404 405//405
f 338//338 405//405 343//343
f 343//343 405//405 406//406
f 343//343 406//406 341//341
f 341//341 406//406 407//407
f 341//341 407//407 347//347
f 347//347 407//407 408//408
f 347//347 408//408 141//141
f 141//141 408//408 409//409
f 351//351 410//410 352//352
f 352//352 410//410 411//411
f 352//352 411//411 353//353
f 353//353 411//411 412//412
f 353//353 412//412 354//354
f 354//354 412//412 413//413
f 354//354 413//413 355//355
f 355//355 413//413 414//414
f 355//355 414//414 356//356
f 356//356 414//414 415//415
f 356//356 415//415 357//357
f 357//357 415//415 416//416
f 357//357 416//416 358//358
f 358//358 416//416 417//417
f 358//358 417//417 359//359
f 359//359 417//417 418//418
f 359//359 418//418 360//360
f 360//360 418//418 419//419
f 360//360 419//419 361//361
f 361//361 419//419 420//420
f 361//361 420//420 362//362
f 362//362 420//420 421//421
f 362//362 421//421 363//363
f 363//363 421//421 422//422
f 363//363 422//422 364//364
f 364//364 422//422 423//423
f 364//364 423//423 365//365
f 365//365 423//423 424//424
f 365//365 424//424 366//366
f 366//366 424//424 425//425
f 366//366 425//425 367//367
f 367//367 425//425 426//426
f 367//367 426//426 368//368
f 368//368 426//426 427//427
f 368//368 427//427 369//369
f 369//369 427//427 428//428
f 369//369 428//428 370//370
f 370//370 428//428 429//429
f 370//370 429//429 371//371
f 371//371 429//429 430//430
f 371//371 430//430 372//372
f 372//372 430//430 431//431
f 372//372 431//431 373//373
f 373//373 431//431 432//432
f 373//373 432//432 374//374
f 374//374 432//432 433//433
f 374//374 433//433 375//375
f 375//375 433//433 434//434
f 375//375 434//434 376//376
f 376//376 434//434 435//435
f 376//376 435//435 377//377
f 377//377 435//435 436//436
f 377//377 436//436 378//378
f 378//378 436//436 437//437
f 378//378 437//437 379//379
f 379//379 437//437 438//438
f 379//379 438//438 380//380
f 380//380 438//438 439//439
f 380//380 439//439 381//381
f 381//381 439//439 440//440
f 381//381 440//440 382//382
f 382//382 440//440 441//441
f 382//382 441//441 383//383
f 383//383 441//441 442//442
f 383//383 442//442 384//384
f 384//384 442//442 443//443
f 384//384 443//443 385//385
f 385//385 443//443 444//444
f 385//385 444//444 386//386
f 386//386 444//444 445//445
f 386//386 445//445 387//387
f 387//387 445//445 446//446
f 387//387 446//446 388//388
f 388//388 446//446 447//447
f 388//388 447//447 389//389
f 389//389 447//447 448//448
f 389//389 448//448 390//390
f 390//390 448//448 449//449
f 390//390 449//449 391//391
f 391//391 449//449 450//450
f 391//391 450//450 392//392
f 392//392 450//450 451//451
f 392//392 451//451 393//393
f 393//393 451//451 452//452
f 393//393 452//452 394//394
f 394//394 452//452 453//453
f 394//394 453//453 395//395
f 395//395 453//453 454//454
f 395//395 454//454 396//396
f 396//396 454//454 455//455
f 396//396 455//455 397//397
f 397//397 455//455 456//456
f 397//397 456//456 398//398
f 398//398 456//456 457//457
f 398//398 457//457 399//399
f 399//399 457//457 458//458
f 399//399 458//458 400//400
f 400//400 458//458 459//459
f 400//400 459//459 401//401
f 401//401 459//459 460//460
f 401//401 460//460 402//402
f 402//402 460//460 461//461
f 402//402 461//461 403//403
f 403//403 461//461 462//462
f 403//403 462//462 404//404
f 404//404 462//462 463//463
f 404//404 463//463 405//405
f 405//405 463//463 464//464
f 405//405 464//464 406//406
f 406//406 464//464 465//465
f 406//406 465//465 407//407
f 407//407 465//465 466//466
f 407//407 466//466 408//408
f 408//408 466//466 467//467
f 408//408 467//467 409//409
f 409//409 467//467 468//468
f 410//410 469//469 411//411
f 411//411 469//469 470//470
f 411//411 470//470 412//412
f 412//412 470//470 471//471
f 412//412 471//471 413//413
f 413//413 471//471 472//472
f 413//413 472//472 414//414
f 414//414 472//472 473//473
f 414//414 473//473 415//415
f 415//415 473//473 474//474
f 415//415 474//474 416//416
f 416//416 474//474 475//475
f 416//416 475//475 417//417
f 417//417 475//475 476//476
f 417//417 476//476 418//418
f 418//418 476//476 477//477
f 418//418 477//477 419//419
f 419//419 477//477 478//478
f 419//419 478//478 420//420
f 420//420 478//478 479//479
f 420//420 479//479 421//421
f 421//421 479//479 480//480
f 421//421 480//480 422//422
f 422//422 480//480 481//481
f 422//422 481//481 423//423
f 423//423 481//481 482//482
f 423//423 482//482 424//424
f 424//424 482//482 483//483
f 424//424 483//483 425//425
f 425//425 483//483 484//484
f 425//425 484//484 426//426
f 426//426 484//484 485//485
f 426//426 485//485 427//427
f 427//427 485//485 486//486
f 427//427 486//486 428//428
f 428//428 486//486 487//487
f 428//428 487//487 429//429
f 429//429 487//487 488//488
f 429//429 488//488 430//430
f 430//430 488//488 489//489
f 430//430 489//489 431//431
f 431//431 489//489 490//490
f 431//431 490//490 432//432
f 432//432 490//490 491//491
f 432//432 491//491 433//433
f 433//433 491//491 492//492
f 433//433 492//492 434//434
f 434//434 492//492 493//493
f 434//434 493//493 435//435
f 435//435 493//493 494//494
f 435//435 494//494 436//436
f 436//436 494//494 495//495
f 436//436 495//495 437//437
f 437//437 495//495 496//496
f 437//437 496//496 438//438
f 438//438 496//496 497//497
f 438//438 497//497 439//439
f 439//439 497//497 498//498
f 439//439 498//498 440//440
f 440//440 498//498 499//499
f 440//440 499//499 441//441
f 441//441 499//499 500//500
f 441//441 500//500 442//442
f 442//442 500//500 501//501
f 442//442 501//501 443//443
f 443//443 501//501 502//502
f 443//443 502//502 444//444
f 444//444 502//502 503//503
f 444//444 503//503 445//445
f 445//445 503//503 504//504
f 445//445 504//504 446//446
f 446//446 504//504 505//505
f 446//446 505//505 447//447
f 447//447 505//505 506//506
f 447//447 506//506 448//448
f 448//448 506//506 507//507
f 448//448 507//507 449//449
f 449//449 507//507 508//508
f 449//449 508//508 450//450
f 450//450 508//508 509//509
f 450//450 509//509 451//451
f 451//451 509//509 510//510
f 451//451 510//510 452//452
f 452//452 510//510 511//511
f 452//452 511//511 453//453
f 453//453 511//511 512//512
f 453//453 512//512 454//454
f 454//454 512//512 513//513
f 454//454 513//513 455//455
f 455//455 513//513 514//514
f 455//455 514//514 456//456
f 456//456 514//514 515//515
f 456//456 515//515 457//457
f 457//457 515//515 516//516
f 457//457 516//516 458//458
f 458//458 516//516 517//517
f 458//458 517//517 459//459
f 459//459 517//517 518//518
f 459//459 518//518 460//460
f 460//460 518//518 519//519
f 460//460 519//519 461//461
f 461//461 519//519 520//520
f 461//461 520//520 462//462
f 462//462 520//520 521//521
f 462//462 521//521 463//463
f 463//463 521//521 522//522
f 463//463 522//522 464//464
f 464//464 522//522 523//523
f 464//464 523//523 465//465
f 465//465 523//523 524//524
f 465//465 524//524 466//466
f 466//466 524//524 525//525
f 466//466 525//525 467//467
f 467//467 525//525 526//526
f 467//467 526//526 468//468
f 468//468 526//526 527//527
f 469//469 528//528 470//470
f 470//470 528//528 529//529
f 470//470 529//529 471//471
f 471//471 529//529 530//530
f 471//471 530//530 472//472
f 472//472 530//530 531//531
f 472//472 531//531 473//473
f 473//473 531//531 532//532
f 473//473 532//532 474//474
f 474//474 532//532 533//533
f 474//474 533//533 475//475
f 475//475 533//533 534//534
f 475//475 534//534 476//476
f 476//476 534//534 535//535
f 476//476 535//535 477//477
f 477//477 535//535 536//536
f 477//477 536//536 478//478
f 478//478 536//536 537//537
f 478//478 537//537 479//479
f 479//479 537//537 538//538
f 479//479 538//538 480//480
f 480//480 538//538 539//539
f 480//480 539//539 481//481
f 481//481 539//539 540//540
f 481//481 540//540 482//482
f 482//482 540//540 541//541
f 482//482 541//541 483//483
f 483//483 541//541 542//542
f 483//483 542//542 484//484
f 484//484 542//542 543//543
f 484//484 543//543 485//485
f 485//485 543//543 544//544
f 485//485 544//544 486//486
f 486//486 544//544 545//545
f 486//486 545//545 487//487
f 487//487 545//545 546//546
f 487//487 546//546 488//488
f 488//488 546//546 547//547
f 488//488 547//547 489//489
f 489//489 547//547 548//548
f 489//489 548//548 490//490
f 490//490 548//548 549//549
f 490//490 549//549 491//491
f 491//491 549//549 550//550
f 491//491 550//550 492//492
f 492//492 550//550 551//551
f 492//492 551//551 493//493
f 493//493 551//551 552//552
f 493//493 552//552 494//494
f 494//494 552//552 553//553
f 494//494 553//553 495//495
f 495//495 553//553 554//554
f 495//495 554//554 496//496
f 496//496 554//554 555//555
f 496//496 555//555 497//497
f 497//497 555//555 556//556
f 497//497 556//556 498//498
f 498//498 556//556 557//557
f 498//498 557//557 499//499
f 499//499 557//557 558//558
f 499//499 558//558 500//500
f 500//500 558//558 559//559
f 500//500 559//559 501//501
f 501//501 559//559 560//560
f 501//501 560//560 502//502
f 502//502 560//560 561//561
f 502//502 561//561 503//503
f 503//503 561//561 562//562
f 503//503 562//562 504//504
f 504//504 562//562 563//563
f 504//504 563//563 505//505
f 505//505 563//563 564//564
f 505//505 564//564 506//506
f 506//506 564//564 565//565
f 506//506 565//565 507//507
f 507//507 565//565 566//566
f 507//507 566//566 508//508
f 508//508 566//566 567//567
f 508//508 567//567 509//509
f 509//509 567//567 568//568
f 509//509 568//568 510//510
f 510//510 568//568 569//569
f 510//510 569//569 511//511
f 511//511 569//569 570//570
f 511//511 570//570 512//512
f 512//512 570//570 571//571
f 512//512 571//571 513//513
f 513//513 571//571 572//572
f 513//513 572//572 514//514
f 514//514 572//572 573//573
f 514//514 573//573 515//515
f 515//515 573//573 574//574
f 515//515 574//574 516//516
f 516//516 574//574 575//575
f 516//516 575//575 517//517
f 517//517 575//575 576//576
f 517//517 576//576 518//518
f 518//518 576//576 577//577
f 518//518 577//577 519//519
f 519//519 577//577 578//578
f 519//519 578//578 520//520
f 520//520 578//578 579//579
f 520//520 579//579 521//521
f 521//521 579//579 580//580
f 521//521 580//580 522//522
f 522//522 580//580 581//581
f 522//522 581//581 523//523
f 523//523 581//581 582//582
f 523//523 582//582 524//524
f 524//524 582//582 583//583
f 524//524 583//583 525//525
f 525//525 583//583 584//584
f 525//525 584//584 526//526
f 526//526 584//584 585//585
f 526//526 585//585 527//527
f 527//527 585//585 586//586
f 528//528 587//587 529//529
f 529//529 587//587 588//588
f 529//529 588//588 530//530
f 530//530 588//588 589//589
f 530//530 589//589 531//531
f 531//531 589//589 590//590
f 531//531 590//590 532//532
f 532//532 590//590 591//591
f 532//532 591//591 533//533
f 533//533 591//591 592//592
f 533//533 592//592 534//534
f 534//534 592//592 593//593
f 534//534 593//593 535//535
f 535//535 593//593 594//594
f 535//535 594//594 536//536
f 536//536 594//594 595//595
f 536//536 595//595 537//537
f 537//537 595//595 596//596
f 537//537 596//596 538//538
f 538//538 596//596 597//597
f 538//538 597//597 539//539
f 539//539 597//597 598//598
f 539//539 598//598 540//540
f 540//540 598//598 599//599
f 540//540 599//599 541//541
f 541//541 599//599 600//600
f 541//541 600//600 542//542
f 542//542 600//600 601//601
f 542//542 601//601 543//543
f 543//543 601//601 602//543
f 543//543 602//543 544//544
f 544//544 602//543 603//602
f 544//544 603//602 545//545
f 545//545 603//602 604//603
f 545//545 604//603 546//546
f 546//546 604//603 605//604
f 546//546 605//604 547//547
f 547//547 605//604 606//605
f 547//547 606//605 548//548
f 548//548 606//605 607//606
f 548//548 607//606 549//549
f 549//549 607//606 608//607
f 549//549 608//607 550//550
f 550//550 608//607 609//608
f 550//550 609//608 551//551
f 551//551 609//608 610//609
f 551//551 610//609 552//552
f 552//552 610//609 611//610
f 552//552 611//610 553//553
f 553//553 611//610 612//611
f 553//553 612//611 554//554
f 554//554 612//611 613//612
f 554//554 613//612 555//555
f 555//555 613//612 614//613
f 555//555 614//613 556//556
f 556//556 614//613 615//614
f 556//556 615//614 557//557
f 557//557 615//614 616//615
f 557//557 616//615 558//558
f 558//558 616//615 617//616
f 558//558 617//616 559//559
f 559//559 617//616 618//617
f 559//559 618//617 560//560
f 560//560 618//617 619//618
f 560//560 619//618 561//561
f 561//561 619//618 620//619
f 561//561 620//619 562//562
f 562//562 620//619 621//620
f 562//562 621//620 563//563
f 563//563 621//620 622//621
f 563//563 622//621 564//564
f 564//564 622//621 623//622
f 564//564 623//622 565//565
f 565//565 623//622 624//623
f 565//565 624//623 566//566
f 566//566 624//623 625//624
f 566//566 625//624 567//567
f 567//567 625//624 626//625
f 567//567 626//625 568//568
f 568//568 626//625 627//626
f 568//568 627//626 569//569
f 569//569 627//626 628//627
f 569//569 628//627 570//570
f 570//570 628//627 629//628
f 570//570 629//628 571//571
f 571//571 629//628 630//629
f 571//571 630//629 572//572
f 572//572 630//629 631//630
f 572//572 631//630 573//573
f 573//573 631//630 632//573
f 573//573 632//573 574//574
f 574//574 632//573 633//631
f 574//574 633//631 575//575
f 575//575 633//631 634//632
f 575//575 634//632 576//576
f 576//576 634//632 635//633
f 576//576 635//633 577//577
f 577//577 635//633 636//634
f 577//577 636//634 578//578
f 578//578 636//634 637//635
f 578//578 637//635 579//579
f 579//579 637//635 638//636
f 579//579 638//636 580//580
f 580//580 638//636 639//637
f 580//580 639//637 581//581
f 581//581 639//637 640//638
f 581//581 640//638 582//582
f 582//582 640//638 641//639
f 582//582 641//639 583//583
f 583//583 641//639 642//640
f 583//583 642//640 584//584
f 584//584 642//640 643//641
f 584//584 643//641 585//585
f 585//585 643//641 644//642
f 585//585 644//642 586//586
f 586//586 644//642 645//643
f 587//587 646//644 588//588
f 588//588 646//644 647//645
f 588//588 647//645 589//589
f 589//589 647//645 648//646
f 589//589 648//646 590//590
f 590//590 648//646 649//647
f 590//590 649//647 591//591
f 591//591 649//647 650//648
f 591//591 650//648 592//592
f 592//592 650//648 651//649
f 592//592 651//649 593//593
f 593//593 651//649 652//650
f 593//593 652//650 594//594
f 594//594 652//650 653//651
f 594//594 653//651 595//595
f 595//595 653//651 654//652
f 595//595 654//652 596//596
f 596//596 654//652 655//653
f 596//596 655//653 597//597
f 597//597 655//653 656//654
f 597//597 656//654 598//598
f 598//598 656//654 657//655
f 598//598 657//655 599//599
f 599//599 657//655 658//656
f 599//599 658//656 600//600
f 600//600 658//656 659//657
f 600//600 659//657 601//601
f 601//601 659//657 660//658
f 601//601 660//658 602//543
f 602//543 660//658 661//659
f 602//543 661//659 603//602
f 603//602 661//659 662//660
f 603//602 662//660 604//603
f 604//603 662//660 663//661
f 604//603 663//661 605//604
f 605//604 663//661 664//662
f 605//604 664//662 606//605
f 606//605 664//662 665//663
f 606//605 665//663 607//606
f 607//606 665//663 666//664
f 607//606 666//664 608//607
f 608//607 666//664 667//665
f 608//607 667//665 609//608
f 609//608 667//665 668//666
f 609//608 668//666 610//609
f 610//609 668//666 669//667
f 610//609 669//667 611//610
f 611//610 669//667 670//668
f 611//610 670//668 612//611
f 612//611 670//668 671//669
f 612//611 671//669 613//612
f 613//612 671//669 672//670
f 613//612 672//670 614//613
f 614//613 672//670 673//671
f 614//613 673//671 615//614
f 615//614 673//671 674//672
f 615//614 674//672 616//615
f 616//615 674//672 675//673
f 616//615 675//673 617//616
f 617//616 675//673 676//674
f 617//616 676//674 618//617
f 618//617 676//674 677//675
f 618//617 677//675 619//618
f 619//618 677//675 678//676
f 619//618 678//676 620//619
f 620//619 678//676 679//677
f 620//619 679//677 621//620
f 621//620 679//677 680//678
f 621//620 680//678 622//621
f 622//621 680//678 681//679
f 622//621 681//679 623//622
f 623//622 681//679 682//680
f 623//622 682//680 624//623
f 624//623 682//680 683//681
f 624//623 683//681 625//624
f 625//624 683//681 684//682
f 625//624 684//682 626//625
f 626//625 684//682 685//683
f 626//625 685//683 627//626
f 627//626 685//683 686//684
f 627//626 686//684 628//627
f 628//627 686//684 687//685
f 628//627 687//685 629//628
f 629//628 687//685 688//686
f 629//628 688//686 630//629
f 630//629 688//686 689//687
f 630//629 689//687 631//630
f 631//630 689//687 690//688
f 631//630 690//688 632//573
f 632//573 690//688 691//689
f 632//573 691//689 633//631
f 633//631 691//689 692//690
f 633//631 692//690 634//632
f 634//632 692//690 693//691
f 634//632 693//691 635//633
f 635//633 693//691 694//692
f 635//633 694//692 636//634
f 636//634 694//692 695//693
f 636//634 695//693 637//635
f 637//635 695//693 696//694
f 637//635 696//694 638//636
f 638//636 696//694 697//695
f 638//636 697//695 639//637
f 639//637 697//695 698//696
f 639//637 698//696 640//638
f 640//638 698//696 699//697
f 640//638 699//697 641//639
f 641//639 699//697 700//698
f 641//639 700//698 642//640
f 642//640 700//698 701//699
f 642//640 701//699 643//641
f 643//641 701//699 702//700
f 643//641 702//700 644//642
f 644//642 702//700 703//701
f 644//642 703//701 645//643
f 645//643 703//701 704//702
f 646//644 705//703 647//645
f 647//645 705//703 706//704
f 647//645 706//704 648//646
f 648//646 706//704 707//705
f 648//646 707//705 649//647
f 649//647 707//705 708//706
f 649//647 708//706 650//648
f 650//648 708//706 709//707
f 650//648 709//707 651//649
f 651//649 709//707 710//708
f 651//649 710//708 652//650
f 652//650 710//708 711//709
f 652//650 711//709 653//651
f 653//651 711//709 712//710
f 653//651 712//710 654//652
f 654//652 712//710 713//711
f 654//652 713//711 655//653
f 655//653 713//711 714//712
f 655//653 714//712 656//654
f 656//654 714//712 715//713
f 656//654 715//713 657//655
f 657//655 715//713 716//714
f 657//655 716//714 658//656
f 658//656 716//714 717//715
f 658//656 717//715 659//657
f 659//657 717//715 718//716
f 659//657 718//716 660//658
f 660//658 718//716 719//717
f 660//658 719//717 661//659
f 661//659 719//717 720//718
f 661//659 720//718 662//660
f 662//660 720//718 721//719
f 662//660 721//719 663//661
f 663//661 721//719 722//720
f 663//661 722//720 664//662
f 664//662 722//720 723//721
f 664//662 723//721 665//663
f 665//663 723//721 724//722
f 665//663 724//722 666//664
f 666//664 724//722 725//723
f 666//664 725//723 667//665
f 667//665 725//723 726//724
f 667//665 726//724 668//666
f 668//666 726//724 727//725
f 668//666 727//725 669//667
f 669//667 727//725 728//726
f 669//667 728//726 670//668
f 670//668 728//726 729//727
f 670//668 729//727 671//669
f 671//669 729//727 730//728
f 671//669 730//728 672//670
f 672//670 730//728 731//729
f 672//670 731//729 673//671
f 673//671 731//729 732//730
f 673//671 732//730 674//672
f 674//672 732//730 733//731
f 674//672 733//731 675//673
f 675//673 733//731 734//732
f 675//673 734//732 676//674
f 676//674 734//732 735//733
f 676//674 735//733 677//675
f 677//675 735//733 736//734
f 677//675 736//734 678//676
f 678//676 736//734 737//735
f 678//676 737//735 679//677
f 679//677 737//735 738//736
f 679//677 738//736 680//678
f 680//678 738//736 739//737
f 680//678 739//737 681//679
f 681//679 739//737 740//738
f 681//679 740//738 682//680
f 682//680 740//738 741//739
f 682//680 741//739 683//681
f 683//681 741//739 742//740
f 683//681 742//740 684//682
f 684//682 742//740 743//741
f 684//682 743//741 685//683
f 685//683 743//741 744//742
f 685//683 744//742 686//684
f 686//684 744//742 745//743
f 686//684 745//743 687//685
f 687//685 745//743 746//744
f 687//685 746//744 688//686
f 688//686 746//744 747//745
f 688//686 747//745 689//687
f 689//687 747//745 748//746
f 689//687 748//746 690//688
f 690//688 748//746 749//747
f 690//688 749//747 691//689
f 691//689 749//747 750//748
f 691//689 750//748 692//690
f 692//690 750//748 751//749
f 692//690 751//749 693//691
f 693//691 751//749 752//750
f 693//691 752//750 694//692
f 694//692 752//750 753//751
f 694//692 753//751 695//693
f 695//693 753//751 754//752
f 695//693 754//752 696//694
f 696//694 754//752 755//753
f 696//694 755//753 697//695
f 697//695 755//753 756//754
f 697//695 756//754 698//696
f 698//696 756//754 757//755
f 698//696 757//755 699//697
f 699//697 757//755 758//756
f 699//697 758//756 700//698
f 700//698 758//756 759//757
f 700//698 759//757 701//699
f 701//699 759//757 760//758
f 701//699 760//758 702//700
f 702//700 760//758 761//759
f 702//700 761//759 703//701
f 703//701 761//759 762//760
f 703//701 762//760 704//702
f 704//702 762//760 763//761
f 705//703 764//762 706//704
f 706//704 764//762 765//763
f 706//704 765//763 707//705
f 707//705 765//763 766//764
f 707//705 766//764 708//706
f 708//706 766//764 767//765
f 708//706 767//765 709//707
f 709//707 767//765 768//766
f 709//707 768//766 710//708
f 710//708 768//766 769//767
f 710//708 769//767 711//709
f 711//709 769//767 770//768
f 711//709 770//768 712//710
f 712//710 770//768 771//769
f 712//710 771//769 713//711
f 713//711 771//769 772//770
f 713//711 772//770 714//712
f 714//712 772//770 773//771
f 714//712 773//771 715//713
f 715//713 773//771 774//772
f 715//713 774//772 716//714
f 716//714 774//772 775//773
f 716//714 775//773 717//715
f 717//715 775//773 776//774
f 717//715 776//774 718//716
f 718//716 776//774 777//775
f 718//716 777//775 719//717
f 719//717 777//775 778//776
f 719//717 778//776 720//718
f 720//718 778//776 779//777
f 720//718 779//777 721//719
f 721//719 779//777 780//778
f 721//719 780//778 722//720
f 722//720 780//778 781//779
f 722//720 781//779 723//721
f 723//721 781//779 782//780
f 723//721 782//780 724//722
f 724//722 782//780 783//781
f 724//722 783//781 725//723
f 725//723 783//781 784//782
f 725//723 784//782 726//724
f 726//724 784//782 785//783
f 726//724 785//783 727//725
f 727//725 785//783 786//784
f 727//725 786//784 728//726
f 728//726 786//784 787//785
f 728//726 787//785 729//727
f 729//727 787//785 788//786
f 729//727 788//786 730//728
f 730//728 788//786 789//787
f 730//728 789//787 731//729
f 731//729 789//787 790//788
f 731//729 790//788 732//730
f 732//730 790//788 791//789
f 732//730 791//789 733//731
f 733//731 791//789 792//790
f 733//731 792//790 734//732
f 734//732 792//790 793//791
f 734//732 793//791 735//733
f 735//733 793//791 794//792
f 735//733 794//792 736//734
f 736//734 794//792 795//793
f 736//734 795//793 737//735
f 737//735 795//793 796//794
f 737//735 796//794 738//736
f 738//736 796//794 797//795
f 738//736 797//795 739//737
f 739//737 797//795 798//796
f 739//737 798//796 740//738
f 740//738 798//796 799//797
f 740//738 799//797 741//739
f 741//739 799//797 800//798
f 741//739 800//798 742//740
f 742//740 800//798 801//799
f 742//740 801//799 743//741
f 743//741 801//799 802//800
f 743//741 802//800 744//742
f 744//742 802//800 803//801
f 744//742 803//801 745//743
f 745//743 803//801 804//802
f 745//743 804//802 746//744
f 746//744 804//802 805//803
f 746//744 805//803 747//745
f 747//745 805//803 806//804
f 747//745 806//804 748//746
f 748//746 806//804 807//805
f 748//746 807//805 749//747
f 749//747 807//805 808//806
f 749//747 808//806 750//748
f 750//748 808//806 809//807
f 750//748 809//807 751//749
f 751//749 809//807 810//808
f 751//749 810//808 752//750
f 752//750 810//808 811//809
f 752//750 811//809 753//751
f 753//751 811//809 812//810
f 753//751 812//810 754//752
f 754//752 812//810 813//811
f 754//752 813//811 755//753
f 755//753 813//811 814//812
f 755//753 814//812 756//754
f 756//754 814//812 815//813
f 756//754 815//813 757//755
f 757//755 815//813 816//814
f 757//755 816//814 758//756
f 758//756 816//814 817//815
f 758//756 817//815 759//757
f 759//757 817//815 818//816
f 759//757 818//816 760//758
f 760//758 818//816 819//817
f 760//758 819//817 761//759
f 761//759 819//817 820//818
f 761//759 820//818 762//760
f 762//760 820//818 821//819
f 762//760 821//819 763//761
f 763//761 821//819 822//820
f 764//762 823//821 765//763
f 765//763 823//821 824//822
f 765//763 824//822 766//764
f 766//764 824//822 825//823
f 766//764 825//823 767//765
f 767//765 825//823 826//824
f 767//765 826//824 768//766
f 768//766 826//824 827//825
f 768//766 827//825 769//767
f 769//767 827//825 828//826
f 769//767 828//826 770//768
f 770//768 828//826 829//827
f 770//768 829//827 771//769
f 771//769 829//827 830//828
f 771//769 830//828 772//770
f 772//770 830//828 831//829
f 772//770 831//829 773//771
f 773//771 831//829 832//830
f 773//771 832//830 774//772
f 774//772 832//830 833//831
f 774//772 833//831 775//773
f 775//773 833//831 834//832
f 775//773 834//832 776//774
f 776//774 834//832 835//833
f 776//774 835//833 777//775
f 777//775 835//833 836//834
f 777//775 836//834 778//776
f 778//776 836//834 837//835
f 778//776 837//835 779//777
f 779//777 837//835 838//836
f 779//777 838//836 780//778
f 780//778 838//836 839//837
f 780//778 839//837 781//779
f 781//779 839//837 840//838
f 781//779 840//838 782//780
f 782//780 840//838 841//839
f 782//780 841//839 783//781
f 783//781 841//839 842//840
f 783//781 842//840 784//782
f 784//782 842//840 843//841
f 784//782 843//841 785//783
f 785//783 843//841 844//842
f 785//783 844//842 786//784
f 786//784 844//842 845//843
f 786//784 845//843 787//785
f 787//785 845//843 846//844
f 787//785 846//844 788//786
f 788//786 846//844 847//845
f 788//786 847//845 789//787
f 789//787 847//845 848//846
f 789//787 848//846 790//788
f 790//788 848//846 849//847
f 790//788 849//847 791//789
f 791//789 849//847 850//848
f 791//789 850//848 792//790
f 792//790 850//848 851//849
f 792//790 851//849 793//791
f 793//791 851//849 852//850
f 793//791 852//850 794//792
f 794//792 852//850 853//851
f 794//792 853//851 795//793
f 795//793 853//851 854//852
f 795//793 854//852 796//794
f 796//794 854//852 855//853
f 796//794 855//853 797//795
f 797//795 855//853 856//854
f 797//795 856//854 798//796
f 798//796 856//854 857//855
f 798//796 857//855 799//797
f 799//797 857//855 858//856
f 799//797 858//856 800//798
f 800//798 858//856 859//857
f 800//798 859//857 801//799
f 801//799 859//857 860//858
f 801//799 860//858 802//800
f 802//800 860//858 861//859
f 802//800 861//859 803//801
f 803//801 861//859 862//860
f 803//801 862//860 804//802
f 804//802 862//860 863//861
f 804//802 863//861 805//803
f 805//803 863//861 864//862
f 805//803 864//862 806//804
f 806//804 864//862 865//863
f 806//804 865//863 807//805
f 807//805 865//863 866//864
f 807//805 866//864 808//806
f 808//806 866//864 867//865
f 808//806 867//865 809//807
f 809//807 867//865 868//866
f 809//807 868//866 810//808
f 810//808 868//866 869//867
f 810//808 869//867 811//809
f 811//809 869//867 870//868
f 811//809 870//868 812//810
f 812//810 870//868 871//869
f 812//810 871//869 813//811
f 813//811 871//869 872//870
f 813//811 872//870 814//812
f 814//812 872//870 873//871
f 814//812 873//871 815//813
f 815//813 873//871 874//872
f 815//813 874//872 816//814
f 816//814 874//872 875//873
f 816//814 875//873 817//815
f 817//815 875//873 876//874
f 817//815 876//874 818//816
f 818//816 876//874 877//875
f 818//816 877//875 819//817
f 819//817 877//875 878//876
f 819//817 878//876 820//818
f 820//818 878//876 879//877
f 820//818 879//877 821//819
f 821//819 879//877 880//878
f 821//819 880//878 822//820
f 822//820 880//878 881//879
f 823//821 882//880 824//822
f 824//822 882//880 883//881
f 824//822 883//881 825//823
f 825//823 883//881 884//882
f 825//823 884//882 826//824
f 826//824 884//882 885//883
f 826//824 885//883 827//825
f 827//825 885//883 886//884
f 827//825 886//884 828//826
f 828//826 886//884 887//885
f 828//826 887//885 829//827
f 829//827 887//885 888//886
f 829//827 888//886 830//828
f 830//828 888//886 889//887
f 830//828 889//887 831//829
f 831//829 889//887 890//888
f 831//829 890//888 832//830
f 832//830 890//888 891//889
f 832//830 891//889 833//831
f 833//831 891//889 892//890
f 833//831 892//890 834//832
f 834//832 892//890 893//891
f 834//832 893//891 835//833
f 835//833 893//891 894//892
f 835//833 894//892 836//834
f 836//834 894//892 895//893
f 836//834 895//893 837//835
f 837//835 895//893 896//894
f 837//835 896//894 838//836
f 838//836 896//894 897//895
f 838//836 897//895 839//837
f 839//837 897//895 898//896
f 839//837 898//896 840//838
f 840//838 898//896 899//897
f 840//838 899//897 841//839
f 841//839 899//897 900//898
f 841//839 900//898 842//840
f 842//840 900//898 901//899
f 842//840 901//899 843//841
f 843//841 901//899 902//900
f 843//841 902//900 844//842
f 844//842 902//900 903//901
f 844//842 903//901 845//843
f 845//843 903//901 904//902
f 845//843 904//902 846//844
f 846//844 904//902 905//903
f 846//844 905//903 847//845
f 847//845 905//903 906//904
f 847//845 906//904 848//846
f 848//846 906//904 907//905
f 848//846 907//905 849//847
f 849//847 907//905 908//906
f 849//847 908//906 850//848
f 850//848 908//906 909//907
f 850//848 909//907 851//849
f 851//849 909//907 910//908
f 851//849 910//908 852//850
f 852//850 910//908 911//909
f 852//850 911//909 853//851
f 853//851 911//909 912//910
f 853//851 912//910 854//852
f 854//852 912//910 913//911
f 854//852 913//911 855//853
f 855//853 913//911 914//912
f 855//853 914//912 856//854
f 856//854 914//912 915//913
f 856//854 915//913 857//855
f 857//855 915//913 916//914
f 857//855 916//914 858//856
f 858//856 916//914 917//915
f 858//856 917//915 859//857
f 859//857 917//915 918//916
f 859//857 918//916 860//858
f 860//858 918//916 919//917
f 860//858 919//917 861//859
f 861//859 919//917 920//918
f 861//859 920//918 862//860
f 862//860 920//918 921//919
f 862//860 921//919 863//861
f 863//861 921//919 922//920
f 863//861 922//920 864//862
f 864//862 922//920 923//921
f 864//862 923//921 865//863
f 865//863 923//921 924//922
f 865//863 924//922 866//864
f 866//864 924//922 925//923
f 866//864 925//923 867//865
f 867//865 925//923 926//924
f 867//865 926//924 868//866
f 868//866 926//924 927//925
f 868//866 927//925 869//867
f 869//867 927//925 928//926
f 869//867 928//926 870//868
f 870//868 928//926 929//927
f 870//868 929//927 871//869
f 871//869 929//927 930//928
f 871//869 930//928 872//870
f 872//870 930//928 931//929
f 872//870 931//929 873//871
f 873//871 931//929 932//930
f 873//871 932//930 874//872
f 874//872 932//930 933//931
f 874//872 933//931 875//873
f 875//873 933//931 934//932
f 875//873 934//932 876//874
f 876//874 934//932 935//933
f 876//874 935//933 877//875
f 877//875 935//933 936//934
f 877//875 936//934 878//876
f 878//876 936//934 937//935
f 878//876 937//935 879//877
f 879//877 937//935 938//936
f 879//877 938//936 880//878
f 880//878 938//936 939//937
f 880//878 939//937 881//879
f 881//879 939//937 940//938
f 882//880 941//939 883//881
f 883//881 941//939 942//940
f 883//881 942//940 884//882
f 884//882 942//940 943//941
f 884//882 943//941 885//883
f 885//883 943//941 944//942
f 885//883 944//942 886//884
f 886//884 944//942 945//943
f 886//884 945//943 887//885
f 887//885 945//943 946//944
f 887//885 946//944 888//886
f 888//886 946//944 947//945
f 888//886 947//945 889//887
f 889//887 947//945 948//946
f 889//887 948//946 890//888
f 890//888 948//946 949//947
f 890//888 949//947 891//889
f 891//889 949//947 950//948
f 891//889 950//948 892//890
f 892//890 950//948 951//949
f 892//890 951//949 893//891
f 893//891 951//949 952//950
f 893//891 952//950 894//892
f 894//892 952//950 953//951
f 894//892 953//951 895//893
f 895//893 953//951 954//952
f 895//893 954//952 896//894
f 896//894 954//952 955//953
f 896//894 955//953 897//895
f 897//895 955//953 956//954
f 897//895 956//954 898//896
f 898//896 956//954 957//955
f 898//896 957//955 899//897
f 899//897 957//955 958//956
f 899//897 958//956 900//898
f 900//898 958//956 959//957
f 900//898 959//957 901//899
f 901//899 959//957 960//958
f 901//899 960//958 902//900
f 902//900 960//958 961//959
f 902//900 961//959 903//901
f 903//901 961//959 962//960
f 903//901 962//960 904//902
f 904//902 962//960 963//961
f 904//902 963//961 905//903
f 905//903 963//961 964//962
f 905//903 964//962 906//904
f 906//904 964//962 965//963
f 906//904 965//963 907//905
f 907//905 965//963 966//964
f 907//905 966//964 908//906
f 908//906 966//964 967//965
f 908//906 967//965 909//907
f 909//907 967//965 968//966
f 909//907 968//966 910//908
f 910//908 968//966 969//967
f 910//908 969//967 911//909
f 911//909 969//967 970//968
f 911//909 970//968 912//910
f 912//910 970//968 971//969
f 912//910 971//969 913//911
f 913//911 971//969 972//970
f 913//911 972//970 914//912
f 914//912 972//970 973//971
f 914//912 973//971 915//913
f 915//913 973//971 974//972
f 915//913 974//972 916//914
f 916//914 974//972 975//973
f 916//914 975//973 917//915
f 917//915 975//973 976//974
f 917//915 976//974 918//916
f 918//916 976//974 977//975
f 918//916 977//975 919//917
f 919//917 977//975 978//976
f 919//917 978//976 920//918
f 920//918 978//976 979//977
f 920//918 979//977 921//919
f 921//919 979//977 980//978
f 921//919 980//978 922//920
f 922//920 980//978 981//979
f 922//920 981//979 923//921
f 923//921 981//979 982//980
f 923//921 982//980 924//922
f 924//922 982//980 983//981
f 924//922 983//981 925//923
f 925//923 983//981 984//982
f 925//923 984//982 926//924
f 926//924 984//982 985//983
f 926//924 985//983 927//925
f 927//925 985//983 986//984
f 927//925 986//984 928//926
f 928//926 986//984 987//985
f 928//926 987//985 929//927
f 929//927 987//985 988//986
f 929//927 988//986 930//928
f 930//928 988//986 989//987
f 930//928 989//987 931//929
f 931//929 989//987 990//988
f 931//929 990//988 932//930
f 932//930 990//988 991//989
f 932//930 991//989 933//931
f 933//931 991//989 992//990
f 933//931 992//990 934//932
f 934//932 992//990 993//991
f 934//932 993//991 935//933
f 935//933 993//991 994//992
f 935//933 994//992 936//934
f 936//934 994//992 995//993
f 936//934 995//993 937//935
f 937//935 995//993 996//994
f 937//935 996//994 938//936
f 938//936 996//994 997//995
f 938//936 997//995 939//937
f 939//937 997//995 998//996
f 939//937 998//996 940//938
f 940//938 998//996 999//997
f 941//939 1000//998 942//940
f 942//940 1000//998 1001//999
f 942//940 1001//999 943//941
f 943//941 1001//999 1002//1000
f 943//941 1002//1000 944//942
f 944//942 1002//1000 1003//1001
f 944//942 1003//1001 945//943
f 945//943 1003//1001 1004//1002
f 945//943 1004//1002 946//944
f 946//944 1004//1002 1005//1003
f 946//944 1005//1003 947//945
f 947//945 1005//1003 1006//1004
f 947//945 1006//1004 948//946
f 948//946 1006//1004 1007//1005
f 948//946 1007//1005 949//947
f 949//947 1007//1005 1008//1006
f 949//947 1008//1006 950//948
f 950//948 1008//1006 1009//1007
f 950//948 1009//1007 951//949
f 951//949 1009//1007 1010//1008
f 951//949 1010//1008 952//950
f 952//950 1010//1008 1011//1009
f 952//950 1011//1009 953//951
f 953//951 1011//1009 1012//1010
f 953//951 1012//1010 954//952
f 954//952 1012//1010 1013//1011
f 954//952 1013//1011 955//953
f 955//953 1013//1011 1014//1012
f 955//953 1014//1012 956//954
f 956//954 1014//1012 1015//1013
f 956//954 1015//1013 957//955
f 957//955 1015//1013 1016//1014
f 957//955 1016//1014 958//956
f 958//956 1016//1014 1017//1015
f 958//956 1017//1015 959//957
f 959//957 1017//1015 1018//1016
f 959//957 1018//1016 960//958
f 960//958 1018//1016 1019//1017
f 960//958 1019//1017 961//959
f 961//959 1019//1017 1020//1018
f 961//959 1020//1018 962//960
f 962//960 1020//1018 1021//1019
f 962//960 1021//1019 963//961
f 963//961 1021//1019 1022//1020
f 963//961 1022//1020 964//962
f 964//962 1022//1020 1023//1021
f 964//962 1023//1021 965//963
f 965//963 1023//1021 1024//1022
f 965//963 1024//1022 966//964
f 966//964 1024//1022 1025//1023
f 966//964 1025//1023 967//965
f 967//965 1025//1023 1026//1024
f 967//965 1026//1024 968//966
f 968//966 1026//1024 1027//1025
f 968//966 1027//1025 969//967
f 969//967 1027//1025 1028//1026
f 969//967 1028//1026 970//968
f 970//968 1028//1026 1029//1027
f 970//968 1029//1027 971//969
f 971//969 1029//1027 1030//1028
f 971//969 1030//1028 972//970
f 972//970 1030//1028 1031//1029
f 972//970 1031//1029 973//971
f 973//971 1031//1029 1032//1030
f 973//971 1032//1030 974//972
f 974//972 1032//1030 1033//1031
f 974//972 1033//1031 975//973
f 975//973 1033//1031 1034//1032
f 975//973 1034//1032 976//974
f 976//974 1034//1032 1035//1033
f 976//974 1035//1033 977//975
f 977//975 1035//1033 1036//1034
f 977//975 1036//1034 978//976
f 978//976 1036//1034 1037//1035
f 978//976 1037//1035 979//977
f 979//977 1037//1035 1038//1036
f 979//977 1038//1036 980//978
f 980//978 1038//1036 1039//1037
f 980//978 1039//1037 981//979
f 981//979 1039//1037 1040//1038
f 981//979 1040//1038 982//980
f 982//980 1040//1038 1041//1039
f 982//980 1041//1039 983//981
f 983//981 1041//1039 1042//1040
f 983//981 1042//1040 984//982
f 984//982 1042//1040 1043//1041
f 984//982 1043//1041 985//983
f 985//983 1043//1041 1044//1042
f 985//983 1044//1042 986//984
f 986//984 1044//1042 1045//1043
f 986//984 1045//1043 987//985
f 987//985 1045//1043 1046//1044
f 987//985 1046//1044 988//986
f 988//986 1046//1044 1047//1045
f 988//986 1047//1045 989//987
f 989//987 1047//1045 1048//1046
f 989//987 1048//1046 990//988
f 990//988 1048//1046 1049//1047
f 990//988 1049//1047 991//989
f 991//989 1049//1047 1050//1048
f 991//989 1050//1048 992//990
f 992//990 1050//1048 1051//1049
f 992//990 1051//1049 993//991
f 993//991 1051//1049 1052//1050
f 993//991 1052//1050 994//992
f 994//992 1052//1050 1053//1051
f 994//992 1053//1051 995//993
f 995//993 1053//1051 1054//1052
f 995//993 1054//1052 996//994
f 996//994 1054//1052 1055//1053
f 996//994 1055//1053 997//995
f 997//995 1055//1053 1056//1054
f 997//995 1056//1054 998//996
f 998//996 1056//1054 1057//1055
f 998//996 1057//1055 999//997
f 999//997 1057//1055 1058//1056
f 1000//998 155//155 1001//999
f 1001//999 155//155 154//154
f 1001//999 154//154 1002//1000
f 1002//1000 154//154 165//165
f 1002//1000 165//165 1003//1001
f 1003//1001 165//165 153//153
f 1003//1001 153//153 1004//1002
f 1004//1002 153//153 152//152
f 1004//1002 152//152 1005//1003
f 1005//1003 152//152 174//174
f 1005//1003 174//174 1006//1004
f 1006//1004 174//174 151//151
f 1006//1004 151//151 1007//1005
f 1007//1005 151//151 150//150
f 1007//1005 150//150 1008//1006
f 1008//1006 150//150 183//183
f 1008//1006 183//183 1009//1007
f 1009//1007 183//183 184//184
f 1009//1007 184//184 1010//1008
f 1010//1008 184//184 185//185
f 1010//1008 185//185 1011//1009
f 1011//1009 185//185 186//186
f 1011//1009 186//186 1012//1010
f 1012//1010 186//186 197//197
f 1012//1010 197//197 1013//1011
f 1013//1011 197//197 149//149
f 1013//1011 149//149 1014//1012
f 1014//1012 149//149 148//148
f 1014//1012 148//148 1015//1013
f 1015//1013 148//148 201//201
f 1015//1013 201//201 1016//1014
f 1016//1014 201//201 207//207
f 1016//1014 207//207 1017//1015
f 1017//1015 207//207 208//208
f 1017//1015 208//208 1018//1016
f 1018//1016 208//208 214//214
f 1018//1016 214//214 1019//1017
f 1019//1017 214//214 218//218
f 1019//1017 218//218 1020//1018
f 1020//1018 218//218 219//219
f 1020//1018 219//219 1021//1019
f 1021//1019 219//219 220//220
f 1021//1019 220//220 1022//1020
f 1022//1020 220//220 228//228
f 1022//1020 228//228 1023//1021
f 1023//1021 228//228 232//232
f 1023//1021 232//232 1024//1022
f 1024//1022 232//232 233//233
f 1024//1022 233//233 1025//1023
f 1025//1023 233//233 239//239
f 1025//1023 239//239 1026//1024
f 1026//1024 239//239 243//243
f 1026//1024 243//243 1027//1025
f 1027//1025 243//243 244//244
f 1027//1025 244//244 1028//1026
f 1028//1026 244//244 250//250
f 1028//1026 250//250 1029//1027
f 1029//1027 250//250 254//254
f 1029//1027 254//254 1030//1028
f 1030//1028 254//254 255//255
f 1030//1028 255//255 1031//1029
f 1031//1029 255//255 256//256
f 1031//1029 256//256 1032//1030
f 1032//1030 256//256 264//264
f 1032//1030 264//264 1033//1031
f 1033//1031 264//264 268//268
f 1033//1031 268//268 1034//1032
f 1034//1032 268//268 269//269
f 1034//1032 269//269 1035//1033
f 1035//1033 269//269 275//275
f 1035//1033 275//275 1036//1034
f 1036//1034 275//275 279//279
f 1036//1034 279//279 1037//1035
f 1037//1035 279//279 280//280
f 1037//1035 280//280 1038//1036
f 1038//1036 280//280 286//286
f 1038//1036 286//286 1039//1037
f 1039//1037 286//286 290//290
f 1039//1037 290//290 1040//1038
f 1040//1038 290//290 291//291
f 1040//1038 291//291 1041//1039
f 1041//1039 291//291 292//292
f 1041//1039 292//292 1042//1040
f 1042//1040 292//292 300//300
f 1042//1040 300//300 1043//1041
f 1043//1041 300//300 304//304
f 1043//1041 304//304 1044//1042
f 1044//1042 304//304 305//305
f 1044//1042 305//305 1045//1043
f 1045//1043 305//305 314//314
f 1045//1043 314//314 1046//1044
f 1046//1044 314//314 147//147
f 1046//1044 147//147 1047//1045
f 1047//1045 147//147 146//146
f 1047//1045 146//146 1048//1046
f 1048//1046 146//146 323//323
f 1048//1046 323//323 1049//1047
f 1049//1047 323//323 324//324
f 1049//1047 324//324 1050//1048
f 1050//1048 324//324 325//325
f 1050//1048 325//325 1051//1049
f 1051//1049 325//325 326//326
f 1051//1049 326//326 1052//1050
f 1052//1050 326//326 337//337
f 1052//1050 337//337 1053//1051
f 1053//1051 337//337 145//145
f 1053//1051 145//145 1054//1052
f 1054//1052 145//145 144//144
f 1054//1052 144//144 1055//1053
f 1055//1053 144//144 346//346
f 1055//1053 346//346 1056//1054
f 1056//1054 346//346 143//143
f 1056//1054 143//143 1057//1055
f 1057//1055 143//143 142//142
f 1057//1055 142//142 1058//1056
f 1058//1056 142//142 1059//1057
f 156//156 1060//1058 1061//1059
f 1061//1059 1060//1058 139//139
f 139//139 141//141 1061//1059
f 1061//1059 141//141 409//409
f 1061//1059 409//409 1062//1060
f 1062//1060 409//409 468//468
f 1062//1060 468//468 1063//1061
f 1063//1061 468//468 527//527
f 1063//1061 527//527 1064//1062
f 1064//1062 527//527 586//586
f 1064//1062 586//586 1065//1063
f 1065//1063 586//586 645//643
f 1065//1063 645//643 1066//1064
f 1066//1064 645//643 704//702
f 1066//1064 704//702 1067//1065
f 1067//1065 704//702 763//761
f 1067//1065 763//761 1068//1066
f 1068//1066 763//761 822//820
f 1068//1066 822//820 1069//1067
f 1069//1067 822//820 881//879
f 1069//1067 881//879 1070//1068
f 1070//1068 881//879 940//938
f 1070//1068 940//938 1071//1069
f 1071//1069 940//938 999//997
f 1071//1069 999//997 1072//1070
f 1072//1070 999//997 1058//1056
f 1072//1070 1058//1056 1073//1071
f 1073//1071 1058//1056 1059//1057
f 1073//1071 1059//1057 1074//1072
f 1074//1072 1059//1057 7//7
f 1074//1072 7//7 1//1
f 9//9 8//8 142//142
f 142//142 8//8 4//4
f 142//142 4//4 1059//1057
f 1059//1057 4//4 6//6
f 1059//1057 6//6 7//7
f 156//156 1061//1059 157//157
f 157//157 1061//1059 1062//1060
f 157//157 1062//1060 351//351
f 351//351 1062//1060 1063//1061
f 351//351 1063//1061 410//410
f 410//410 1063//1061 1064//1062
f 410//410 1064//1062 469//469
f 469//469 1064//1062 1065//1063
f 469//469 1065//1063 528//528
f 528//528 1065//1063 1066//1064
f 528//528 1066//1064 587//587
f 587//587 1066//1064 1067//1065
f 587//587 1067//1065 646//644
f 646//644 1067//1065 1068//1066
f 646//644 1068//1066 705//703
f 705//703 1068//1066 1069//1067
f 705//703 1069//1067 764//762
f 764//762 1069//1067 1070//1068
f 764//762 1070//1068 823//821
f 823//821 1070//1068 1071//1069
f 823//821 1071//1069 882//880
f 882//880 1071//1069 1072//1070
f 882//880 1072//1070 941//939
f 941//939 1072//1070 1073//1071
f 941//939 1073//1071 1000//998
f 1000//998 1073//1071 1074//1072
f 1000//998 1074//1072 155//155
f 155//155 1074//1072 1//1
f 155//155 1//1 138//138
f 1075//1073 1076//1074 1060//1058
f 349//349 348//348 1077//1075
f 1077//1075 348//348 140//140
f 1077//1075 140//140 1076//1074
f 1076//1074 140//140 139//139
f 1076//1074 139//139 1060//1058
f 349//349 1077//1075 350//350
f 350//350 1077//1075 1078//1076
f 350//350 1078//1076 342//342
f 342//342 1078//1076 344//344
f 344//344 1078//1076 1079//1077
f 344//344 1079//1077 345//345
f 345//345 1079//1077 339//339
f 339//339 1079//1077 1080//1078
f 339//339 1080//1078 340//340
f 1081//1079 335//335 1080//1078
f 1080//1078 335//335 333//333
f 1080//1078 333//333 340//340
f 1082//1080 328//328 1081//1079
f 1081//1079 328//328 336//336
f 1081//1079 336//336 335//335
f 1083//1081 331//331 1082//1080
f 1082//1080 331//331 330//330
f 1082//1080 330//330 328//328
f 316//316 322//322 1084//1082
f 1084//1082 322//322 321//321
f 1084//1082 321//321 1083//1081
f 1083//1081 321//321 319//319
f 1083//1081 319//319 331//331
f 316//316 1084//1082 317//317
f 317//317 1084//1082 1085//1083
f 317//317 1085//1083 312//312
f 312//312 1085//1083 313//313
f 313//313 1085//1083 1086//1084
f 313//313 1086//1084 307//307
f 307//307 1086//1084 309//309
f 309//309 1086//1084 1087//1085
f 309//309 1087//1085 310//310
f 1088//1086 303//303 1087//1085
f 1087//1085 303//303 302//302
f 1087//1085 302//302 310//310
f 1089//1087 296//296 1088//1086
f 1088//1086 296//296 294//294
f 1088//1086 294//294 303//303
f 1090//1088 299//299 1089//1087
f 1089//1087 299//299 298//298
f 1089//1087 298//298 296//296
f 1091//1089 289//289 1090//1088
f 1090//1088 289//289 288//288
f 1090//1088 288//288 299//299
f 277//277 285//285 1092//1090
f 1092//1090 285//285 284//284
f 1092//1090 284//284 1091//1089
f 1091//1089 284//284 282//282
f 1091//1089 282//282 289//289
f 277//277 1092//1090 278//278
f 278//278 1092//1090 1093//1091
f 278//278 1093//1091 271//271
f 1094//1092 274//274 1093//1091
f 1093//1091 274//274 273//273
f 1093//1091 273//273 271//271
f 1095//1093 267//267 1094//1092
f 1094//1092 267//267 266//266
f 1094//1092 266//266 274//274
f 1096//1094 260//260 1095//1093
f 1095//1093 260//260 258//258
f 1095//1093 258//258 267//267
f 1097//1095 263//263 1096//1094
f 1096//1094 263//263 262//262
f 1096//1094 262//262 260//260
f 1098//1096 253//253 1097//1095
f 1097//1095 253//253 252//252
f 1097//1095 252//252 263//263
f 241//241 249//249 1099//1097
f 1099//1097 249//249 248//248
f 1099//1097 248//248 1098//1096
f 1098//1096 248//248 246//246
f 1098//1096 246//246 253//253
f 241//241 1099//1097 242//242
f 242//242 1099//1097 1100//1098
f 242//242 1100//1098 235//235
f 235//235 1100//1098 237//237
f 237//237 1100//1098 1101//1099
f 237//237 1101//1099 238//238
f 1102//1100 231//231 1101//1099
f 1101//1099 231//231 230//230
f 1101//1099 230//230 238//238
f 1103//1101 224//224 1102//1100
f 1102//1100 224//224 222//222
f 1102//1100 222//222 231//231
f 1104//1102 227//227 1103//1101
f 1103//1101 227//227 226//226
f 1103//1101 226//226 224//224
f 212//212 210//210 1105//1103
f 1105//1103 210//210 217//217
f 1105//1103 217//217 1104//1102
f 1104//1102 217//217 216//216
f 1104//1102 216//216 227//227
f 212//212 1105//1103 213//213
f 213//213 1105//1103 1106//1104
f 213//213 1106//1104 203//203
f 203//203 1106//1104 205//205
f 205//205 1106//1104 1107//1105
f 205//205 1107//1105 206//206
f 206//206 1107//1105 199//199
f 199//199 1107//1105 1108//1106
f 199//199 1108//1106 200//200
f 1109//1107 195//195 1108//1106
f 1108//1106 195//195 193//193
f 1108//1106 193//193 200//200
f 1110//1108 188//188 1109//1107
f 1109//1107 188//188 196//196
f 1109//1107 196//196 195//195
f 1111//1109 191//191 1110//1108
f 1110//1108 191//191 190//190
f 1110//1108 190//190 188//188
f 176//176 182//182 1112//1110
f 1112//1110 182//182 181//181
f 1112//1110 181//181 1111//1109
f 1111//1109 181//181 179//179
f 1111//1109 179//179 191//191
f 176//176 1112//1110 177//177
f 177//177 1112//1110 1113//1111
f 177//177 1113//1111 170//170
f 170//170 1113//1111 172//172
f 172//172 1113//1111 1114//1112
f 172//172 1114//1112 173//173
f 173//173 1114//1112 167//167
f 167//167 1114//1112 1115//1113
f 167//167 1115//1113 168//168
f 1116//1114 164//164 1115//1113
f 1115//1113 164//164 163//163
f 1115//1113 163//163 168//168
f 1060//1058 156//156 1075//1073
f 1075//1073 156//156 158//158
f 1075//1073 158//158 1116//1114
f 1116//1114 158//158 160//160
f 1116//1114 160//160 164//164
f 1077//1075 1076//1074 1117//1115
f 1117//1115 1076//1074 1075//1073
f 1117//1115 1075//1073 1116//1114
f 1080//1078 1079//1077 1117//1115
f 1117//1115 1079//1077 1078//1076
f 1117//1115 1078//1076 1077//1075
f 1083//1081 1082//1080 1117//1115
f 1117//1115 1082//1080 1081//1079
f 1117//1115 1081//1079 1080//1078
f 1086//1084 1085//1083 1117//1115
f 1117//1115 1085//1083 1084//1082
f 1117//1115 1084//1082 1083//1081
f 1089//1087 1088//1086 1117//1115
f 1117//1115 1088//1086 1087//1085
f 1117//1115 1087//1085 1086//1084
f 1092//1090 1091//1089 1117//1115
f 1117//1115 1091//1089 1090//1088
f 1117//1115 1090//1088 1089//1087
f 1095//1093 1094//1092 1117//1115
f 1117//1115 1094//1092 1093//1091
f 1117//1115 1093//1091 1092//1090
f 1098//1096 1097//1095 1117//1115
f 1117//1115 1097//1095 1096//1094
f 1117//1115 1096//1094 1095//1093
f 1101//1099 1100//1098 1117//1115
f 1117//1115 1100//1098 1099//1097
f 1117//1115 1099//1097 1098//1096
f 1104//1102 1103//1101 1117//1115
f 1117//1115 1103//1101 1102//1100
f 1117//1115 1102//1100 1101//1099
f 1107//1105 1106//1104 1117//1115
f 1117//1115 1106//1104 1105//1103
f 1117//1115 1105//1103 1104//1102
f 1110//1108 1109//1107 1117//1115
f 1117//1115 1109//1107 1108//1106
f 1117//1115 1108//1106 1107//1105
f 1113//1111 1112//1110 1117//1115
f 1117//1115 1112//1110 1111//1109
f 1117//1115 1111//1109 1110//1108
f 1116//1114 1115//1113 1117//1115
f 1117//1115 1115//1113 1114//1112
f 1117//1115 1114//1112 1113//1111
f 132//132 135//135 1118//1116
f 1118//1116 135//135 3//3
f 1118//1116 3//3 2//2
f 120//120 125//125 1118//1116
f 1118//1116 125//125 127//127
f 1118//1116 127//127 132//132
f 112//112 115//115 1118//1116
f 1118//1116 115//115 118//118
f 1118//1116 118//118 120//120
f 102//102 104//104 1118//1116
f 1118//1116 104//104 109//109
f 1118//1116 109//109 112//112
f 92//92 95//95 1118//1116
f 1118//1116 95//95 97//97
f 1118//1116 97//97 102//102
f 81//81 86//86 1118//1116
f 1118//1116 86//86 89//89
f 1118//1116 89//89 92//92
f 72//72 74//74 1118//1116
f 1118//1116 74//74 79//79
f 1118//1116 79//79 81//81
f 63//63 66//66 1118//1116
f 1118//1116 66//66 69//69
f 1118//1116 69//69 72//72
f 51//51 56//56 1118//1116
f 1118//1116 56//56 58//58
f 1118//1116 58//58 63//63
f 43//43 46//46 1118//1116
f 1118//1116 46//46 49//49
f 1118//1116 49//49 51//51
f 33//33 35//35 1118//1116
f 1118//1116 35//35 40//40
f 1118//1116 40//40 43//43
f 23//23 26//26 1118//1116
f 1118//1116 26//26 28//28
f 1118//1116 28//28 33//33
f 12//12 17//17 1118//1116
f 1118//1116 17//17 20//20
f 1118//1116 20//20 23//23
f 2//2 5//5 1118//1116
f 1118//1116 5//5 10//10
f 1118//1116 10//10 12//12
f 1119//1117 1120//1118 1121//1119
f 1121//1119 1120//1118 1122//1120
f 1120//1118 1123//1121 1122//1120
f 1122//1120 1123//1121 1124//1122
f 1125//1123 1126//1124 1127//1125
f 1127//1125 1126//1124 1128//1126
f 1127//1125 1128//1126 1129//1127
f 1130//1128 1131//1129 1127//1125
f 1127//1125 1131//1129 1132//1130
f 1127//1125 1132//1130 1125//1123
f 1133//1131 1134//1132 1127//1125
f 1127//1125 1134//1132 1135//1133
f 1127//1125 1135//1133 1130//1128
f 1136//1134 1137//1135 1127//1125
f 1127//1125 1137//1135 1138//1136
f 1127//1125 1138//1136 1133//1131
f 1139//1137 1140//1138 1127//1125
f 1127//1125 1140//1138 1141//1139
f 1127//1125 1141//1139 1136//1134
f 1142//1140 1143//1141 1127//1125
f 1127//1125 1143//1141 1144//1142
f 1127//1125 1144//1142 1139//1137
f 1145//1143 1146//1144 1127//1125
f 1127//1125 1146//1144 1147//1145
f 1127//1125 1147//1145 1142//1140
f 1148//1146 1149//1147 1127//1125
f 1127//1125 1149//1147 1150//1148
f 1127//1125 1150//1148 1145//1143
f 1151//1149 1152//1150 1127//1125
f 1127//1125 1152//1150 1153//1151
f 1127//1125 1153//1151 1148//1146
f 1154//1152 1155//1153 1127//1125
f 1127//1125 1155//1153 1156//1154
f 1127//1125 1156//1154 1151//1149
f 1157//1155 1158//1156 1127//1125
f 1127//1125 1158//1156 1159//1157
f 1127//1125 1159//1157 1154//1152
f 1129//1127 1160//1158 1127//1125
f 1127//1125 1160//1158 1161//1159
f 1127//1125 1161//1159 1157//1155
f 1128//1126 1162//1160 1129//1127
f 1129//1127 1162//1160 1163//1161
f 1129//1127 1163//1161 1160//1158
f 1160//1158 1163//1161 1164//1162
f 1160//1158 1164//1162 1161//1159
f 1161//1159 1164//1162 1165//1163
f 1161//1159 1165//1163 1157//1155
f 1157//1155 1165//1163 1166//1164
f 1157//1155 1166//1164 1158//1156
f 1158//1156 1166//1164 1167//1165
f 1158//1156 1167//1165 1159//1157
f 1159//1157 1167//1165 1168//1166
f 1159//1157 1168//1166 1154//1152
f 1154//1152 1168//1166 1169//1167
f 1154//1152 1169//1167 1155//1153
f 1155//1153 1169//1167 1170//1168
f 1155//1153 1170//1168 1156//1154
f 1156//1154 1170//1168 1171//1169
f 1156//1154 1171//1169 1151//1149
f 1151//1149 1171//1169 1172//1170
f 1151//1149 1172//1170 1152//1150
f 1152//1150 1172//1170 1173//1171
f 1152//1150 1173//1171 1153//1151
f 1153//1151 1173//1171 1174//1172
f 1153//1151 1174//1172 1148//1146
f 1148//1146 1174//1172 1175//1173
f 1148//1146 1175//1173 1149//1147
f 1149//1147 1175//1173 1176//1174
f 1149//1147 1176//1174 1150//1148
f 1150//1148 1176//1174 1177//1175
f 1150//1148 1177//1175 1145//1143
f 1145//1143 1177//1175 1178//1176
f 1145//1143 1178//1176 1146//1144
f 1146//1144 1178//1176 1179//1177
f 1146//1144 1179//1177 1147//1145
f 1147//1145 1179//1177 1180//1178
f 1147//1145 1180//1178 1142//1140
f 1142//1140 1180//1178 1181//1179
f 1142//1140 1181//1179 1143//1141
f 1143//1141 1181//1179 1182//1180
f 1143//1141 1182//1180 1144//1142
f 1144//1142 1182//1180 1183//1181
f 1144//1142 1183//1181 1139//1137
f 1139//1137 1183//1181 1184//1182
f 1139//1137 1184//1182 1140//1138
f 1140//1138 1184//1182 1185//1183
f 1140//1138 1185//1183 1141//1139
f 1141//1139 1185//1183 1186//1184
f 1141//1139 1186//1184 1136//1134
f 1136//1134 1186//1184 1187//1185
f 1136//1134 1187//1185 1137//1135
f 1137//1135 1187//1185 1188//1186
f 1137//1135 1188//1186 1138//1136
f 1138//1136 1188//1186 1189//1187
f 1138//1136 1189//1187 1133//1131
f 1133//1131 1189//1187 1190//1188
f 1133//1131 1190//1188 1134//1132
f 1134//1132 1190//1188 1191//1189
f 1134//1132 1191//1189 1135//1133
f 1135//1133 1191//1189 1192//1190
f 1135//1133 1192//1190 1130//1128
f 1130//1128 1192//1190 1193//1191
f 1130//1128 1193//1191 1131//1129
f 1131//1129 1193//1191 1194//1192
f 1131//1129 1194//1192 1132//1130
f 1132//1130 1194//1192 1195//1193
f 1132//1130 1195//1193 1125//1123
f 1125//1123 1195//1193 1196//1194
f 1125//1123 1196//1194 1126//1124
f 1126//1124 1196//1194 1197//1195
f 1126//1124 1197//1195 1128//1126
f 1128//1126 1197//1195 1162//1160
f 1198//1196 1199//1197 1200//1198
f 1200//1198 1199//1197 1201//1199
f 1200//1198 1201//1199 1202//1200
f 1202//1200 1201//1199 1203//1201
f 1202//1200 1203//1201 1204//1202
f 1204//1202 1203//1201 1205//1203
f 1204//1202 1205//1203 1206//1204
f 1206//1204 1205//1203 1207//1205
f 1206//1204 1207//1205 1208//1206
f 1208//1206 1207//1205 1209//1207
f 1208//1206 1209//1207 1210//1208
f 1210//1208 1209//1207 1211//1209
f 1210//1208 1211//1209 1212//1210
f 1212//1210 1211//1209 1213//1211
f 1212//1210 1213//1211 1214//1212
f 1214//1212 1213//1211 1215//1213
f 1214//1212 1215//1213 1216//1214
f 1216//1214 1215//1213 1217//1215
f 1216//1214 1217//1215 1218//1216
f 1218//1216 1217//1215 1219//1217
f 1218//1216 1219//1217 1220//1218
f 1220//1218 1219//1217 1221//1219
f 1220//1218 1221//1219 1222//1220
f 1222//1220 1221//1219 1223//1221
f 1222//1220 1223//1221 1224//1222
f 1224//1222 1223//1221 1225//1223
f 1224//1222 1225//1223 1226//1224
f 1226//1224 1225//1223 1227//1225
f 1226//1224 1227//1225 1228//1226
f 1228//1226 1227//1225 1229//1227
f 1228//1226 1229//1227 1230//1228
f 1230//1228 1229//1227 1231//1229
f 1230//1228 1231//1229 1232//1230
f 1232//1230 1231//1229 1233//1231
f 1232//1230 1233//1231 1234//1232
f 1234//1232 1233//1231 1235//1233
f 1234//1232 1235//1233 1236//1234
f 1236//1234 1235//1233 1237//1235
f 1236//1234 1237//1235 1238//1236
f 1238//1236 1237//1235 1239//1237
f 1238//1236 1239//1237 1240//1238
f 1240//1238 1239//1237 1241//1239
f 1240//1238 1241//1239 1242//1240
f 1242//1240 1241//1239 1243//1241
f 1242//1240 1243//1241 1244//1242
f 1244//1242 1243//1241 1245//1243
f 1244//1242 1245//1243 1246//1244
f 1246//1244 1245//1243 1247//1245
f 1246//1244 1247//1245 1248//1246
f 1248//1246 1247//1245 1249//1247
f 1248//1246 1249//1247 1250//1248
f 1250//1248 1249//1247 1251//1249
f 1250//1248 1251//1249 1252//1250
f 1252//1250 1251//1249 1253//1251
f 1252//1250 1253//1251 1254//1252
f 1254//1252 1253//1251 1255//1253
f 1254//1252 1255//1253 1256//1254
f 1256//1254 1255//1253 1257//1255
f 1256//1254 1257//1255 1258//1256
f 1258//1256 1257//1255 1259//1257
f 1258//1256 1259//1257 1260//1258
f 1260//1258 1259//1257 1261//1259
f 1260//1258 1261//1259 1262//1260
f 1262//1260 1261//1259 1263//1261
f 1262//1260 1263//1261 1264//1262
f 1264//1262 1263//1261 1265//1263
f 1264//1262 1265//1263 1266//1264
f 1266//1264 1265//1263 1267//1265
f 1266//1264 1267//1265 1268//1266
f 1268//1266 1267//1265 1269//1267
f 1268//1266 1269//1267 1270//1268
f 1270//1268 1269//1267 1271//1269
f 1270//1268 1271//1269 1272//1270
f 1272//1270 1271//1269 1273//1271
f 1272//1270 1273//1271 1274//1272
f 1274//1272 1273//1271 1275//1273
f 1274//1272 1275//1273 1276//1274
f 1276//1274 1275//1273 1277//1275
f 1276//1274 1277//1275 1198//1196
f 1198//1196 1277//1275 1199//1197
f 1192//1190 1268//1266 1193//1191
f 1193//1191 1268//1266 1270//1268
f 1193//1191 1270//1268 1194//1192
f 1194//1192 1270//1268 1272//1270
f 1194//1192 1272//1270 1195//1193
f 1195//1193 1272//1270 1274//1272
f 1195//1193 1274//1272 1196//1194
f 1196//1194 1274//1272 1276//1274
f 1196//1194 1276//1274 1197//1195
f 1197//1195 1276//1274 1198//1196
f 1197//1195 1198//1196 1162//1160
f 1162//1160 1198//1196 1200//1198
f 1162//1160 1200//1198 1163//1161
f 1163//1161 1200//1198 1202//1200
f 1163//1161 1202//1200 1164//1162
f 1164//1162 1202//1200 1204//1202
f 1164//1162 1204//1202 1165//1163
f 1204//1202 1206//1204 1165//1163
f 1165//1163 1206//1204 1208//1206
f 1165//1163 1208//1206 1166//1164
f 1166//1164 1208//1206 1210//1208
f 1166//1164 1210//1208 1167//1165
f 1167//1165 1210//1208 1212//1210
f 1167//1165 1212//1210 1168//1166
f 1168//1166 1212//1210 1214//1212
f 1168//1166 1214//1212 1169//1167
f 1169//1167 1214//1212 1216//1214
f 1169//1167 1216//1214 1170//1168
f 1170//1168 1216//1214 1218//1216
f 1170//1168 1218//1216 1171//1169
f 1171//1169 1218//1216 1220//1218
f 1171//1169 1220//1218 1172//1170
f 1172//1170 1220//1218 1222//1220
f 1172//1170 1222//1220 1173//1171
f 1173//1171 1222//1220 1224//1222
f 1173//1171 1224//1222 1174//1172
f 1183//1181 1248//1246 1184//1182
f 1184//1182 1248//1246 1250//1248
f 1184//1182 1250//1248 1185//1183
f 1185//1183 1250//1248 1252//1250
f 1185//1183 1252//1250 1186//1184
f 1186//1184 1252//1250 1254//1252
f 1186//1184 1254//1252 1187//1185
f 1187//1185 1254//1252 1256//1254
f 1187//1185 1256//1254 1188//1186
f 1188//1186 1256//1254 1258//1256
f 1188//1186 1258//1256 1189//1187
f 1189//1187 1258//1256 1260//1258
f 1189//1187 1260//1258 1190//1188
f 1190//1188 1260//1258 1262//1260
f 1190//1188 1262//1260 1191//1189
f 1191//1189 1262//1260 1264//1262
f 1191//1189 1264//1262 1192//1190
f 1192//1190 1264//1262 1266//1264
f 1192//1190 1266//1264 1268//1266
f 1224//1222 1226//1224 1174//1172
f 1174//1172 1226//1224 1228//1226
f 1174//1172 1228//1226 1175//1173
f 1175//1173 1228//1226 1230//1228
f 1175//1173 1230//1228 1176//1174
f 1176//1174 1230//1228 1232//1230
f 1176//1174 1232//1230 1177//1175
f 1177//1175 1232//1230 1234//1232
f 1177//1175 1234//1232 1178//1176
f 1178//1176 1234//1232 1236//1234
f 1178//1176 1236//1234 1179//1177
f 1179//1177 1236//1234 1238//1236
f 1179//1177 1238//1236 1180//1178
f 1180//1178 1238//1236 1240//1238
f 1180//1178 1240//1238 1181//1179
f 1181//1179 1240//1238 1242//1240
f 1181//1179 1242//1240 1182//1180
f 1182//1180 1242//1240 1244//1242
f 1182//1180 1244//1242 1183//1181
f 1183//1181 1244//1242 1246//1244
f 1183//1181 1246//1244 1248//1246
f 1124//1122 1278//1276 1122//1120
f 1122//1120 1278//1276 1279//1277
f 1122//1120 1279//1277 1280//1278
f 1280//1278 1281//1279 1122//1120
f 1122//1120 1281//1279 1282//1280
f 1122//1120 1282//1280 1283//1281
f 1284//1282 1285//1283 1121//1119
f 1121//1119 1285//1283 1286//1284
f 1283//1281 1287//1285 1122//1120
f 1122//1120 1287//1285 1288//1286
f 1122//1120 1288//1286 1121//1119
f 1121//1119 1288//1286 1289//1287
f 1121//1119 1289//1287 1284//1282
f 1290//1288 1291//1289 1124//1122
f 1124//1122 1291//1289 1292//1290
f 1124//1122 1292//1290 1293//1291
f 1294//1292 1295//1293 1296//1294
f 1296//1294 1295//1293 1121//1119
f 1296//1294 1121//1119 1297//1295
f 1297//1295 1121//1119 1286//1284
f 1295//1293 1298//1296 1299//1297
f 1299//1297 1298//1296 1300//1298
f 1299//1297 1300//1298 1301//1299
f 1293//1291 1302//1300 1124//1122
f 1124//1122 1302//1300 1303//1301
f 1124//1122 1303//1301 1278//1276
f 1301//1299 1304//1302 1299//1297
f 1299//1297 1304//1302 1305//1303
f 1299//1297 1305//1303 1306//1304
f 1294//1292 1307//1305 1295//1293
f 1295//1293 1307//1305 1308//1306
f 1295//1293 1308//1306 1309//1307
f 1290//1288 1124//1122 1310//1308
f 1310//1308 1124//1122 1311//1309
f 1310//1308 1311//1309 1312//1310
f 1309//1307 1313//1311 1295//1293
f 1295//1293 1313//1311 1314//1312
f 1295//1293 1314//1312 1298//1296
f 1306//1304 1315//1313 1299//1297
f 1299//1297 1315//1313 1316//1314
f 1299//1297 1316//1314 1311//1309
f 1311//1309 1316//1314 1317//1315
f 1311//1309 1317//1315 1318//1316
f 1318//1316 1319//1317 1311//1309
f 1311//1309 1319//1317 1320//1318
f 1311//1309 1320//1318 1312//1310
f 1321//1319 1303//1301 1322//1320
f 1322//1320 1303//1301 1302//1300
f 1322//1320 1302//1300 1323//1321
f 1323//1321 1302//1300 1293//1291
f 1323//1321 1293//1291 1324//1322
f 1324//1322 1293//1291 1292//1290
f 1324//1322 1292//1290 1325//1323
f 1325//1323 1292//1290 1291//1289
f 1325//1323 1291//1289 1326//1324
f 1326//1324 1291//1289 1290//1288
f 1326//1324 1290//1288 1327//1325
f 1327//1325 1290//1288 1310//1308
f 1327//1325 1310//1308 1328//1326
f 1328//1326 1310//1308 1312//1310
f 1328//1326 1312//1310 1329//1327
f 1329//1327 1312//1310 1320//1318
f 1329//1327 1320//1318 1330//1328
f 1330//1328 1320//1318 1319//1317
f 1330//1328 1319//1317 1331//1329
f 1331//1329 1319//1317 1318//1316
f 1331//1329 1318//1316 1332//1330
f 1332//1330 1318//1316 1317//1315
f 1332//1330 1317//1315 1333//1331
f 1333//1331 1317//1315 1316//1314
f 1333//1331 1316//1314 1334//1332
f 1334//1332 1316//1314 1315//1313
f 1334//1332 1315//1313 1335//1333
f 1335//1333 1315//1313 1306//1304
f 1335//1333 1306//1304 1336//1334
f 1336//1334 1306//1304 1305//1303
f 1336//1334 1305//1303 1337//1335
f 1337//1335 1305//1303 1304//1302
f 1337//1335 1304//1302 1338//1336
f 1338//1336 1304//1302 1301//1299
f 1338//1336 1301//1299 1339//1337
f 1339//1337 1301//1299 1300//1298
f 1339//1337 1300//1298 1340//1338
f 1340//1338 1300//1298 1298//1296
f 1340//1338 1298//1296 1341//1339
f 1341//1339 1298//1296 1314//1312
f 1341//1339 1314//1312 1342//1340
f 1342//1340 1314//1312 1313//1311
f 1342//1340 1313//1311 1343//1341
f 1343//1341 1313//1311 1309//1307
f 1343//1341 1309//1307 1344//1342
f 1344//1342 1309//1307 1308//1306
f 1344//1342 1308//1306 1345//1343
f 1345//1343 1308//1306 1307//1305
f 1345//1343 1307//1305 1346//1344
f 1346//1344 1307//1305 1294//1292
f 1346//1344 1294//1292 1347//1345
f 1347//1345 1294//1292 1296//1294
f 1347//1345 1296//1294 1348//1346
f 1348//1346 1296//1294 1297//1295
f 1348//1346 1297//1295 1349//1347
f 1349//1347 1297//1295 1286//1284
f 1349//1347 1286//1284 1350//1348
f 1350//1348 1286//1284 1285//1283
f 1350//1348 1285//1283 1351//1349
f 1351//1349 1285//1283 1284//1282
f 1351//1349 1284//1282 1352//1350
f 1352//1350 1284//1282 1289//1287
f 1352//1350 1289//1287 1353//1351
f 1353//1351 1289//1287 1288//1286
f 1353//1351 1288//1286 1354//1352
f 1354//1352 1288//1286 1287//1285
f 1354//1352 1287//1285 1355//1353
f 1355//1353 1287//1285 1283//1281
f 1355//1353 1283//1281 1356//1354
f 1356//1354 1283//1281 1282//1280
f 1356//1354 1282//1280 1357//1355
f 1357//1355 1282//1280 1281//1279
f 1357//1355 1281//1279 1358//1356
f 1358//1356 1281//1279 1280//1278
f 1358//1356 1280//1278 1359//1357
f 1359//1357 1280//1278 1279//1277
f 1359//1357 1279//1277 1360//1358
f 1360//1358 1279//1277 1278//1276
f 1360//1358 1278//1276 1321//1319
f 1321//1319 1278//1276 1303//1301
f 1321//1319 1322//1320 1118//1116
f 1358//1356 1359//1357 1118//1116
f 1118//1116 1359//1357 1360//1358
f 1118//1116 1360//1358 1321//1319
f 1355//1353 1356//1354 1118//1116
f 1118//1116 1356//1354 1357//1355
f 1118//1116 1357//1355 1358//1356
f 1352//1350 1353//1351 1118//1116
f 1118//1116 1353//1351 1354//1352
f 1118//1116 1354//1352 1355//1353
f 1349//1347 1350//1348 1118//1116
f 1118//1116 1350//1348 1351//1349
f 1118//1116 1351//1349 1352//1350
f 1346//1344 1347//1345 1118//1116
f 1118//1116 1347//1345 1348//1346
f 1118//1116 1348//1346 1349//1347
f 1343//1341 1344//1342 1118//1116
f 1118//1116 1344//1342 1345//1343
f 1118//1116 1345//1343 1346//1344
f 1340//1338 1341//1339 1118//1116
f 1118//1116 1341//1339 1342//1340
f 1118//1116 1342//1340 1343//1341
f 1337//1335 1338//1336 1118//1116
f 1118//1116 1338//1336 1339//1337
f 1118//1116 1339//1337 1340//1338
f 1334//1332 1335//1333 1118//1116
f 1118//1116 1335//1333 1336//1334
f 1118//1116 1336//1334 1337//1335
f 1331//1329 1332//1330 1118//1116
f 1118//1116 1332//1330 1333//1331
f 1118//1116 1333//1331 1334//1332
f 1328//1326 1329//1327 1118//1116
f 1118//1116 1329//1327 1330//1328
f 1118//1116 1330//1328 1331//1329
f 1325//1323 1326//1324 1118//1116
f 1118//1116 1326//1324 1327//1325
f 1118//1116 1327//1325 1328//1326
f 1322//1320 1323//1321 1118//1116
f 1118//1116 1323//1321 1324//1322
f 1118//1116 1324//1322 1325//1323
f 1123//1121 1361//1359 1124//1122
f 1124//1122 1361//1359 1311//1309
f 1361//1359 1362//1360 1311//1309
f 1311//1309 1362//1360 1299//1297
f 1363//1361 1119//1117 1295//1293
f 1295//1293 1119//1117 1121//1119
f 1273//1271 1271//1269 1363//1361
f 1363//1361 1271//1269 1269//1267
f 1363//1361 1269//1267 1267//1265
f 1259//1257 1257//1255 1119//1117
f 1119//1117 1257//1255 1255//1253
f 1362//1360 1209//1207 1207//1205
f 1267//1265 1265//1263 1363//1361
f 1363//1361 1265//1263 1263//1261
f 1363//1361 1263//1261 1119//1117
f 1119//1117 1263//1261 1261//1259
f 1119//1117 1261//1259 1259//1257
f 1249//1247 1120//1118 1251//1249
f 1251//1249 1120//1118 1119//1117
f 1251//1249 1119//1117 1253//1251
f 1253//1251 1119//1117 1255//1253
f 1120//1118 1237//1235 1123//1121
f 1123//1121 1237//1235 1235//1233
f 1123//1121 1235//1233 1233//1231
f 1207//1205 1205//1203 1362//1360
f 1362//1360 1205//1203 1203//1201
f 1362//1360 1203//1201 1201//1199
f 1201//1199 1199//1197 1362//1360
f 1362//1360 1199//1197 1277//1275
f 1362//1360 1277//1275 1363//1361
f 1363//1361 1277//1275 1275//1273
f 1363//1361 1275//1273 1273//1271
f 1233//1231 1231//1229 1123//1121
f 1123//1121 1231//1229 1229//1227
f 1123//1121 1229//1227 1227//1225
f 1249//1247 1247//1245 1120//1118
f 1120//1118 1247//1245 1245//1243
f 1120//1118 1245//1243 1243//1241
f 1209//1207 1362//1360 1211//1209
f 1211//1209 1362//1360 1361//1359
f 1211//1209 1361//1359 1213//1211
f 1243//1241 1241//1239 1120//1118
f 1120//1118 1241//1239 1239//1237
f 1120//1118 1239//1237 1237//1235
f 1227//1225 1225//1223 1123//1121
f 1123//1121 1225//1223 1223//1221
f 1123//1121 1223//1221 1361//1359
f 1361//1359 1223//1221 1221//1219
f 1361//1359 1221//1219 1219//1217
f 1219//1217 1217//1215 1361//1359
f 1361//1359 1217//1215 1215//1213
f 1361//1359 1215//1213 1213//1211
f 1362//1360 1363//1361 1299//1297
f 1299//1297 1363//1361 1295//1293
