# Blender v3.6.0 OBJ File: 'Valves.blend'
# www.blender.org
mtllib ValveDrainTank.mtl
o !8_ValveDrainTank_ValveDrainTank
v -0.014928 0.083200 0.194428
v -0.014935 0.060586 0.194427
v -0.010838 0.061451 0.194699
v -0.007894 0.061899 0.194840
v -0.000000 0.062400 0.195000
v 0.014927 0.083200 0.194428
v 0.006114 0.062099 0.194904
v 0.010837 0.061451 0.194699
v -0.040111 0.047800 0.190828
v -0.044432 0.083200 0.189871
v -0.042461 0.045725 0.190320
v -0.044511 0.043733 0.189852
v -0.036716 0.050455 0.191511
v -0.031202 0.054039 0.192487
v -0.030091 0.054665 0.192664
v -0.023254 0.057905 0.193608
v -0.021345 0.058636 0.193828
v -0.015605 0.060417 0.194374
v -0.049195 -0.038389 0.188696
v -0.053217 -0.032585 0.187598
v -0.072895 -0.083200 0.180863
v -0.054039 -0.031202 0.187363
v -0.056925 -0.025562 0.186507
v -0.058636 -0.021345 0.185976
v -0.059736 -0.018039 0.185625
v -0.061331 -0.011503 0.185104
v -0.061453 -0.010836 0.185064
v -0.062298 -0.003567 0.184781
v -0.062400 -0.000000 0.184746
v -0.062258 0.004222 0.184795
v -0.061452 0.010837 0.185064
v -0.072895 0.083200 0.180863
v -0.061188 0.012243 0.185152
v -0.059260 0.019547 0.185778
v -0.058636 0.021344 0.185976
v -0.056359 0.026787 0.186679
v -0.054039 0.031202 0.187363
v -0.052632 0.033521 0.187763
v -0.047887 0.040008 0.189032
v -0.047802 0.040110 0.189053
v -0.044432 -0.083200 0.189871
v -0.014928 -0.083200 0.194428
v -0.018101 -0.059717 0.194158
v -0.021345 -0.058636 0.193828
v -0.024718 -0.057296 0.193427
v -0.031201 -0.054040 0.192487
v -0.031527 -0.053850 0.192434
v -0.038418 -0.049172 0.191176
v -0.040111 -0.047801 0.190828
v -0.044181 -0.044067 0.189929
v -0.044447 -0.043798 0.189867
v -0.047801 -0.040110 0.189053
v 0.012226 -0.061191 0.194616
v 0.010836 -0.061452 0.194699
v 0.014927 -0.083200 0.194428
v 0.005362 -0.062169 0.194926
v -0.000000 -0.062400 0.195000
v -0.002459 -0.062352 0.194984
v -0.010500 -0.061511 0.194717
v -0.010837 -0.061452 0.194699
v -0.014954 -0.060582 0.194426
v 0.040110 -0.047801 0.190828
v 0.039842 -0.048025 0.190884
v 0.044431 -0.083200 0.189871
v 0.034217 -0.052182 0.191974
v 0.031202 -0.054039 0.192487
v 0.027019 -0.056247 0.193118
v 0.021344 -0.058636 0.193828
v 0.019668 -0.059220 0.194005
v 0.014954 -0.060582 0.194425
v 0.047800 0.040110 0.189053
v 0.051370 0.035423 0.188112
v 0.072894 0.083200 0.180863
v 0.054038 0.031202 0.187363
v 0.055509 0.028503 0.186933
v 0.058596 0.021451 0.185988
v 0.058636 0.021342 0.185975
v 0.060838 0.013874 0.185267
v 0.061451 0.010837 0.185064
v 0.062102 0.006080 0.184847
v 0.062399 0.000000 0.184746
v 0.062395 -0.000760 0.184748
v 0.072894 -0.083200 0.180863
v 0.061784 -0.008743 0.184953
v 0.061451 -0.010838 0.185064
v 0.060220 -0.016347 0.185469
v 0.058635 -0.021345 0.185976
v 0.057804 -0.023503 0.186235
v 0.054564 -0.030273 0.187211
v 0.054039 -0.031201 0.187363
v 0.050085 -0.037219 0.188460
v 0.047800 -0.040111 0.189053
v 0.045412 -0.042796 0.189639
v 0.044475 -0.043769 0.189860
v 0.021342 0.058637 0.193828
v 0.028226 0.055650 0.192946
v 0.044431 0.083200 0.189871
v 0.013343 0.060956 0.194543
v 0.014950 0.060582 0.194426
v 0.021193 0.058690 0.193845
v 0.031202 0.054038 0.192487
v 0.034835 0.051771 0.191863
v 0.040110 0.047801 0.190828
v 0.040943 0.047089 0.190651
v 0.044510 0.043733 0.189852
v 0.046584 0.041516 0.189355
v 0.099648 -0.083200 0.167616
v 0.099648 0.083200 0.167616
v 0.124067 -0.083200 0.150440
v 0.124067 0.083200 0.150440
v 0.145578 -0.083200 0.129738
v 0.145578 0.083200 0.129738
v 0.163676 -0.083200 0.105996
v 0.163676 0.083200 0.105996
v 0.177938 -0.083200 0.079768
v 0.177938 0.083200 0.079768
v 0.188029 -0.083200 0.051671
v 0.188029 0.083200 0.051671
v 0.193713 -0.083200 0.022363
v 0.193713 0.083200 0.022363
v -0.193714 0.083200 0.022363
v -0.188030 -0.083200 0.051671
v -0.188030 0.083200 0.051671
v -0.177939 -0.083200 0.079768
v -0.177939 0.083200 0.079768
v -0.163677 -0.083200 0.105996
v -0.163677 0.083200 0.105996
v -0.145578 -0.083200 0.129738
v -0.145578 0.083200 0.129738
v -0.124068 -0.083200 0.150440
v -0.124068 0.083200 0.150440
v -0.099649 -0.083200 0.167616
v -0.099649 0.083200 0.167616
v 0.195000 0.083200 -0.000000
v 0.194856 -0.083200 -0.007469
v 0.194856 0.083200 -0.007469
v 0.191433 -0.083200 -0.037126
v 0.191433 0.083200 -0.037126
v 0.183522 -0.083200 -0.065913
v 0.183522 0.083200 -0.065913
v 0.171309 -0.083200 -0.093155
v 0.171309 0.083200 -0.093155
v 0.155082 -0.083200 -0.118214
v 0.155082 0.083200 -0.118214
v 0.135219 -0.083200 -0.140502
v 0.135219 0.083200 -0.140502
v 0.112187 -0.083200 -0.159496
v 0.112187 0.083200 -0.159496
v 0.086525 -0.083200 -0.174752
v 0.086525 0.083200 -0.174752
v 0.058835 -0.083200 -0.185912
v 0.058835 0.083200 -0.185912
v 0.029766 -0.083200 -0.192715
v 0.029766 0.083200 -0.192715
v -0.000000 -0.083200 -0.195000
v -0.000000 0.083200 -0.195000
v -0.029767 -0.083200 -0.192715
v -0.029767 0.083200 -0.192715
v -0.058836 -0.083200 -0.185912
v -0.058836 0.083200 -0.185912
v -0.086526 -0.083200 -0.174752
v -0.086526 0.083200 -0.174752
v -0.112188 -0.083200 -0.159496
v -0.112188 0.083200 -0.159496
v -0.135220 -0.083200 -0.140502
v -0.135220 0.083200 -0.140502
v -0.155083 -0.083200 -0.118214
v -0.155083 0.083200 -0.118214
v -0.171310 -0.083200 -0.093155
v -0.171310 0.083200 -0.093155
v -0.183523 -0.083200 -0.065913
v -0.183523 0.083200 -0.065913
v -0.191434 -0.083200 -0.037126
v -0.191434 0.083200 -0.037126
v -0.194857 -0.083200 -0.007469
v -0.194857 0.083200 -0.007469
v -0.195000 -0.083200 -0.000000
v -0.193714 -0.083200 0.022363
v 0.200908 -0.239200 -0.146017
v 0.200908 -0.109200 -0.146017
v 0.213908 -0.239200 -0.123500
v 0.226908 -0.109200 -0.100983
v 0.226908 -0.239200 -0.100983
v 0.100983 0.239200 0.226908
v 0.100983 0.109200 0.226908
v 0.123500 0.239200 0.213908
v 0.146016 0.109200 0.200908
v 0.146016 0.239200 0.200908
v 0.226908 0.239200 0.100983
v 0.226908 0.109200 0.100983
v 0.237037 0.239200 0.106832
v 0.237037 0.109200 0.106832
v -0.180517 0.239200 -0.168591
v -0.200909 0.239200 -0.146017
v -0.201792 0.239200 -0.142440
v -0.213909 0.239200 -0.123500
v -0.123501 0.239200 -0.213908
v -0.146017 0.239200 -0.200908
v -0.128338 0.239200 -0.211042
v -0.155879 0.239200 -0.191601
v -0.151865 0.239200 -0.211038
v -0.158278 0.239200 -0.206272
v -0.183848 0.239200 -0.183848
v -0.206272 0.239200 -0.158278
v -0.211038 0.239200 -0.151865
v -0.100984 0.239200 -0.226908
v -0.098406 0.239200 -0.226551
v -0.000000 0.239200 -0.247000
v -0.026001 0.239200 -0.247000
v -0.033634 0.239200 -0.244699
v -0.066640 0.239200 -0.237841
v -0.106832 0.239200 -0.237038
v -0.099498 0.239200 -0.240209
v -0.067294 0.239200 -0.251141
v -0.033937 0.239200 -0.257776
v -0.026001 0.239200 -0.258697
v 0.098405 0.239200 -0.226551
v 0.123500 0.239200 -0.213908
v 0.100983 0.239200 -0.226908
v 0.033936 0.239200 -0.257776
v 0.026000 0.239200 -0.258697
v 0.026000 0.239200 -0.247000
v 0.033633 0.239200 -0.244699
v 0.066639 0.239200 -0.237841
v 0.106831 0.239200 -0.237038
v 0.099497 0.239200 -0.240209
v 0.067293 0.239200 -0.251141
v 0.155878 0.239200 -0.191601
v 0.146016 0.239200 -0.200908
v 0.128337 0.239200 -0.211042
v 0.213908 0.239200 -0.123500
v 0.200908 0.239200 -0.146017
v 0.201791 0.239200 -0.142440
v 0.180516 0.239200 -0.168591
v 0.151864 0.239200 -0.211038
v 0.158277 0.239200 -0.206272
v 0.183847 0.239200 -0.183848
v 0.206271 0.239200 -0.158278
v 0.211037 0.239200 -0.151865
v 0.241833 0.239200 0.050254
v 0.247000 0.239200 0.026000
v 0.246424 0.239200 0.016856
v 0.247000 0.239200 -0.000000
v 0.213908 0.239200 0.123500
v 0.219307 0.239200 0.113636
v 0.232738 0.239200 0.082715
v 0.240208 0.239200 0.099498
v 0.251140 0.239200 0.067293
v 0.257775 0.239200 0.033937
v 0.258696 0.239200 0.026000
v 0.226908 -0.239200 0.100983
v 0.226908 -0.109200 0.100983
v 0.213908 -0.239200 0.123500
v 0.200908 -0.109200 0.146017
v 0.200908 -0.239200 0.146017
v 0.026000 -0.239200 0.247000
v 0.026000 -0.109200 0.247000
v -0.000000 -0.239200 0.247000
v -0.026001 -0.109200 0.247000
v -0.026001 -0.239200 0.247000
v -0.026001 0.239200 0.247000
v -0.026001 0.109200 0.247000
v -0.000000 0.239200 0.247000
v 0.026000 0.109200 0.247000
v 0.026000 0.239200 0.247000
v 0.026000 0.109200 -0.258697
v 0.026000 0.109200 -0.247000
v -0.026001 0.109200 -0.247000
v -0.146017 0.109200 -0.200908
v -0.151865 0.109200 -0.211038
v -0.026001 0.109200 -0.258697
v -0.000000 0.109200 -0.260000
v 0.100983 -0.239200 -0.226908
v 0.100983 -0.109200 -0.226908
v 0.123500 -0.239200 -0.213908
v 0.146016 -0.109200 -0.200908
v 0.146016 -0.239200 -0.200908
v 0.151864 0.109200 -0.211038
v 0.146016 0.109200 -0.200908
v 0.100983 0.109200 -0.226908
v -0.100984 -0.239200 0.226908
v -0.100984 -0.109200 0.226908
v -0.123501 -0.239200 0.213908
v -0.146017 -0.109200 0.200908
v -0.146017 -0.239200 0.200908
v 0.071577 0.392000 0.158815
v 0.067658 0.392000 0.152029
v 0.045086 0.392000 0.168264
v 0.017420 0.392000 0.173327
v -0.000000 0.392000 0.165490
v 0.017420 0.392000 0.165490
v 0.027238 0.392000 0.163233
v 0.053734 0.392000 0.156523
v 0.078764 0.392000 0.145544
v 0.082745 0.392000 0.143319
v -0.017421 0.392000 0.165490
v -0.027239 0.392000 0.163233
v -0.082746 0.392000 0.143319
v -0.067659 0.392000 0.152029
v -0.078765 0.392000 0.145544
v -0.053735 0.392000 0.156523
v -0.071578 0.392000 0.158815
v -0.045087 0.392000 0.168264
v -0.017421 0.392000 0.173327
v -0.097832 0.392000 0.134608
v -0.101647 0.392000 0.130595
v -0.143319 0.392000 0.082745
v -0.134609 0.392000 0.097831
v -0.138543 0.392000 0.090514
v -0.121756 0.392000 0.112083
v -0.141396 0.392000 0.101750
v -0.123179 0.392000 0.123178
v -0.101750 0.392000 0.141395
v -0.173327 0.392000 0.017420
v -0.160426 0.392000 0.040625
v -0.165491 0.392000 0.017420
v -0.164925 0.392000 0.013666
v -0.165491 0.392000 -0.000000
v -0.168265 0.392000 0.045086
v -0.158816 0.392000 0.071577
v -0.152029 0.392000 0.067659
v -0.151552 0.392000 0.066477
v -0.152029 0.392000 -0.067659
v -0.158816 0.392000 -0.071577
v -0.168265 0.392000 -0.045086
v -0.173327 0.392000 -0.017420
v -0.165491 0.392000 -0.017420
v -0.143319 0.392000 -0.082745
v -0.151552 0.392000 -0.066477
v -0.160426 0.392000 -0.040625
v -0.164925 0.392000 -0.013666
v 0.152028 0.392000 0.067659
v 0.158815 0.392000 0.071577
v 0.168264 0.392000 0.045086
v 0.173326 0.392000 0.017420
v 0.165490 0.392000 0.017420
v 0.143318 0.392000 0.082745
v 0.151551 0.392000 0.066477
v 0.160426 0.392000 0.040625
v 0.164924 0.392000 0.013666
v 0.165490 0.392000 -0.000000
v 0.121755 0.392000 -0.112083
v 0.097831 0.392000 -0.134609
v 0.101646 0.392000 -0.130595
v 0.082745 0.392000 -0.143319
v 0.143318 0.392000 -0.082745
v 0.134608 0.392000 -0.097831
v 0.138542 0.392000 -0.090514
v 0.141395 0.392000 -0.101750
v 0.123178 0.392000 -0.123178
v 0.101749 0.392000 -0.141395
v 0.017420 0.392000 -0.165490
v -0.000000 0.392000 -0.165490
v 0.027238 0.392000 -0.163233
v 0.067658 0.392000 -0.152029
v 0.078764 0.392000 -0.145544
v 0.053734 0.392000 -0.156523
v 0.071577 0.392000 -0.158815
v 0.045086 0.392000 -0.168264
v 0.017420 0.392000 -0.173327
v -0.082746 0.392000 -0.143319
v -0.097832 0.392000 -0.134609
v -0.101647 0.392000 -0.130595
v -0.121756 0.392000 -0.112083
v -0.141396 0.392000 -0.101750
v -0.134609 0.392000 -0.097831
v -0.123179 0.392000 -0.123178
v -0.101750 0.392000 -0.141395
v -0.138543 0.392000 -0.090514
v -0.071578 0.392000 -0.158815
v -0.067659 0.392000 -0.152029
v -0.045087 0.392000 -0.168264
v -0.017421 0.392000 -0.173327
v -0.017421 0.392000 -0.165490
v -0.027239 0.392000 -0.163233
v -0.053735 0.392000 -0.156523
v -0.078765 0.392000 -0.145544
v 0.097831 0.286000 -0.134609
v 0.067658 0.286000 -0.152029
v 0.158815 0.392000 -0.071577
v 0.158815 0.286000 -0.071577
v 0.152028 0.392000 -0.067659
v 0.152028 0.286000 -0.067659
v -0.141396 0.286000 -0.101750
v -0.123179 0.286000 -0.123178
v -0.101750 0.286000 -0.141395
v -0.173327 0.286000 -0.017420
v -0.168265 0.286000 -0.045086
v -0.158816 0.286000 -0.071577
v -0.158816 0.286000 0.071577
v -0.168265 0.286000 0.045086
v -0.173327 0.286000 0.017420
v -0.101750 0.286000 0.141395
v -0.123179 0.286000 0.123178
v -0.141396 0.286000 0.101750
v -0.017421 0.286000 0.173327
v -0.045087 0.286000 0.168264
v -0.071578 0.286000 0.158815
v 0.071577 0.286000 0.158815
v 0.045086 0.286000 0.168264
v 0.017420 0.286000 0.173327
v -0.098406 0.239200 0.226551
v -0.123501 0.239200 0.213908
v -0.100984 0.239200 0.226908
v -0.033937 0.239200 0.257776
v -0.026001 0.239200 0.258697
v -0.033634 0.239200 0.244699
v -0.066640 0.239200 0.237841
v -0.106832 0.239200 0.237038
v -0.099498 0.239200 0.240209
v -0.067294 0.239200 0.251141
v 0.098405 0.239200 0.226551
v 0.033633 0.239200 0.244699
v 0.106831 0.239200 0.237038
v 0.099497 0.239200 0.240209
v 0.067293 0.239200 0.251141
v 0.066639 0.239200 0.237841
v 0.033936 0.239200 0.257776
v 0.026000 0.239200 0.258697
v -0.241834 -0.239200 0.050254
v -0.247001 -0.239200 0.026000
v -0.246425 -0.239200 0.016856
v -0.247001 -0.239200 -0.000000
v -0.213909 -0.239200 0.123500
v -0.226909 -0.239200 0.100983
v -0.219308 -0.239200 0.113636
v -0.232739 -0.239200 0.082715
v -0.237038 -0.239200 0.106832
v -0.240209 -0.239200 0.099498
v -0.251141 -0.239200 0.067293
v -0.257776 -0.239200 0.033937
v -0.258697 -0.239200 0.026000
v -0.155879 -0.239200 -0.191601
v -0.146017 -0.239200 -0.200908
v -0.128338 -0.239200 -0.211042
v -0.123501 -0.239200 -0.213908
v -0.213909 -0.239200 -0.123500
v -0.200909 -0.239200 -0.146017
v -0.201792 -0.239200 -0.142440
v -0.180517 -0.239200 -0.168591
v -0.151865 -0.239200 -0.211038
v -0.158278 -0.239200 -0.206272
v -0.183848 -0.239200 -0.183848
v -0.206272 -0.239200 -0.158278
v -0.211038 -0.239200 -0.151865
v -0.098406 -0.239200 -0.226551
v -0.100984 -0.239200 -0.226908
v -0.033937 -0.239200 -0.257776
v -0.026001 -0.239200 -0.258697
v -0.026001 -0.239200 -0.247000
v -0.000000 -0.239200 -0.247000
v -0.033634 -0.239200 -0.244699
v -0.066640 -0.239200 -0.237841
v -0.106832 -0.239200 -0.237038
v -0.099498 -0.239200 -0.240209
v -0.067294 -0.239200 -0.251141
v 0.098405 -0.239200 -0.226551
v 0.026000 -0.239200 -0.247000
v 0.033633 -0.239200 -0.244699
v 0.066639 -0.239200 -0.237841
v 0.106831 -0.239200 -0.237038
v 0.099497 -0.239200 -0.240209
v 0.067293 -0.239200 -0.251141
v 0.033936 -0.239200 -0.257776
v 0.026000 -0.239200 -0.258697
v 0.180516 -0.239200 -0.168591
v 0.201791 -0.239200 -0.142440
v 0.128337 -0.239200 -0.211042
v 0.155878 -0.239200 -0.191601
v 0.151864 -0.239200 -0.211038
v 0.158277 -0.239200 -0.206272
v 0.183847 -0.239200 -0.183848
v 0.206271 -0.239200 -0.158278
v 0.211037 -0.239200 -0.151865
v 0.241833 -0.239200 -0.050254
v 0.247000 -0.239200 -0.026000
v 0.246424 -0.239200 -0.016856
v 0.247000 -0.239200 -0.000000
v 0.219307 -0.239200 -0.113636
v 0.232738 -0.239200 -0.082715
v 0.237037 -0.239200 -0.106832
v 0.240208 -0.239200 -0.099498
v 0.251140 -0.239200 -0.067293
v 0.257775 -0.239200 -0.033937
v 0.258696 -0.239200 -0.026000
v 0.258696 -0.239200 0.026000
v 0.257775 -0.239200 0.033937
v 0.251140 -0.239200 0.067293
v 0.240208 -0.239200 0.099498
v 0.237037 -0.239200 0.106832
v 0.219307 -0.239200 0.113636
v 0.232738 -0.239200 0.082715
v 0.241833 -0.239200 0.050254
v 0.247000 -0.239200 0.026000
v 0.246424 -0.239200 0.016856
v 0.155878 -0.239200 0.191601
v 0.146016 -0.239200 0.200908
v 0.128337 -0.239200 0.211042
v 0.123500 -0.239200 0.213908
v 0.201791 -0.239200 0.142440
v 0.180516 -0.239200 0.168591
v 0.151864 -0.239200 0.211038
v 0.158277 -0.239200 0.206272
v 0.183847 -0.239200 0.183848
v 0.206271 -0.239200 0.158278
v 0.211037 -0.239200 0.151865
v 0.098405 -0.239200 0.226551
v 0.100983 -0.239200 0.226908
v 0.033936 -0.239200 0.257776
v 0.026000 -0.239200 0.258697
v 0.033633 -0.239200 0.244699
v 0.066639 -0.239200 0.237841
v 0.106831 -0.239200 0.237038
v 0.099497 -0.239200 0.240209
v 0.067293 -0.239200 0.251141
v -0.000000 0.399231 -0.100000
v -0.000000 0.260000 -0.100000
v 0.017364 0.399231 -0.098481
v 0.017364 0.260000 -0.098481
v 0.034201 0.399231 -0.093969
v 0.034201 0.260000 -0.093969
v 0.050000 0.399231 -0.086603
v 0.050000 0.260000 -0.086603
v 0.064278 0.399231 -0.076605
v 0.064278 0.260000 -0.076605
v 0.076604 0.399231 -0.064279
v 0.076604 0.260000 -0.064279
v 0.086602 0.399231 -0.050000
v 0.086602 0.260000 -0.050000
v 0.093969 0.399231 -0.034202
v 0.093969 0.260000 -0.034202
v 0.098480 0.399231 -0.017365
v 0.098480 0.260000 -0.017365
v 0.100000 0.399231 -0.000000
v 0.100000 0.260000 -0.000000
v 0.098480 0.399231 0.017365
v 0.098480 0.260000 0.017365
v 0.093969 0.399231 0.034202
v 0.093969 0.260000 0.034202
v 0.086602 0.399231 0.050000
v 0.086602 0.260000 0.050000
v 0.076604 0.399231 0.064279
v 0.076604 0.260000 0.064279
v 0.064278 0.399231 0.076604
v 0.064278 0.260000 0.076604
v 0.050000 0.399231 0.086603
v 0.050000 0.260000 0.086603
v 0.034201 0.399231 0.093969
v 0.034201 0.260000 0.093969
v 0.017364 0.399231 0.098481
v 0.017364 0.260000 0.098481
v -0.000000 0.399231 0.100000
v -0.000000 0.260000 0.100000
v -0.017365 0.399231 0.098481
v -0.017365 0.260000 0.098481
v -0.034202 0.399231 0.093969
v -0.034202 0.260000 0.093969
v -0.050000 0.399231 0.086603
v -0.050000 0.260000 0.086603
v -0.064279 0.399231 0.076604
v -0.064279 0.260000 0.076604
v -0.076605 0.399231 0.064279
v -0.076605 0.260000 0.064279
v -0.086603 0.399231 0.050000
v -0.086603 0.260000 0.050000
v -0.093970 0.399231 0.034202
v -0.093970 0.260000 0.034202
v -0.098481 0.399231 0.017365
v -0.098481 0.260000 0.017365
v -0.100000 0.399231 -0.000000
v -0.100000 0.260000 -0.000000
v -0.098481 0.399231 -0.017365
v -0.098481 0.260000 -0.017365
v -0.093970 0.399231 -0.034202
v -0.093970 0.260000 -0.034202
v -0.086603 0.399231 -0.050000
v -0.086603 0.260000 -0.050000
v -0.076605 0.399231 -0.064279
v -0.076605 0.260000 -0.064279
v -0.064279 0.399231 -0.076605
v -0.064279 0.260000 -0.076605
v -0.050000 0.399231 -0.086603
v -0.050000 0.260000 -0.086603
v -0.034202 0.399231 -0.093969
v -0.034202 0.260000 -0.093969
v -0.017365 0.399231 -0.098481
v -0.017365 0.260000 -0.098481
v 0.097831 -0.392000 0.134608
v 0.097831 -0.286000 0.134608
v 0.082745 -0.392000 0.143319
v 0.067658 -0.286000 0.152029
v 0.067658 -0.392000 0.152029
v 0.071577 -0.392000 0.158815
v 0.071577 -0.286000 0.158815
v -0.071578 -0.392000 0.158815
v -0.067659 -0.392000 0.152029
v -0.045087 -0.392000 0.168264
v -0.017421 -0.392000 0.173327
v -0.000000 -0.392000 0.165490
v -0.017421 -0.392000 0.165490
v -0.027239 -0.392000 0.163233
v -0.053735 -0.392000 0.156523
v -0.078765 -0.392000 0.145544
v -0.082746 -0.392000 0.143319
v 0.017420 -0.392000 0.165490
v 0.027238 -0.392000 0.163233
v 0.078764 -0.392000 0.145544
v 0.053734 -0.392000 0.156523
v 0.045086 -0.392000 0.168264
v 0.017420 -0.392000 0.173327
v 0.152028 -0.392000 -0.067659
v 0.158815 -0.392000 -0.071577
v 0.168264 -0.392000 -0.045086
v 0.173326 -0.392000 -0.017420
v 0.165490 -0.392000 -0.017420
v 0.143318 -0.392000 -0.082745
v 0.151551 -0.392000 -0.066477
v 0.160426 -0.392000 -0.040625
v 0.164924 -0.392000 -0.013666
v 0.165490 -0.392000 -0.000000
v 0.101646 -0.392000 0.130595
v 0.143318 -0.392000 0.082745
v 0.134608 -0.392000 0.097831
v 0.138542 -0.392000 0.090514
v 0.121755 -0.392000 0.112083
v 0.141395 -0.392000 0.101750
v 0.123178 -0.392000 0.123178
v 0.101749 -0.392000 0.141395
v 0.173326 -0.392000 0.017420
v 0.160426 -0.392000 0.040625
v 0.165490 -0.392000 0.017420
v 0.164924 -0.392000 0.013666
v 0.168264 -0.392000 0.045086
v 0.158815 -0.392000 0.071577
v 0.152028 -0.392000 0.067659
v 0.151551 -0.392000 0.066477
v 0.158815 -0.286000 0.071577
v 0.152028 -0.286000 0.067659
v 0.097831 0.392000 0.134608
v 0.097831 0.286000 0.134608
v 0.101749 0.392000 0.141395
v 0.101749 0.286000 0.141395
v 0.152028 0.286000 0.067659
v 0.158815 0.286000 0.071577
v 0.134608 0.392000 0.097831
v 0.134608 0.286000 0.097831
v 0.258696 0.109200 0.026000
v 0.247000 0.109200 0.026000
v 0.247000 0.109200 -0.026000
v 0.260000 0.109200 -0.000000
v 0.258696 0.109200 -0.026000
v 0.247000 0.239200 -0.026000
v 0.258696 0.239200 -0.026000
v 0.211037 0.109200 0.151865
v 0.211037 0.239200 0.151865
v 0.206271 0.239200 0.158278
v 0.106831 0.109200 0.237038
v -0.026001 0.109200 0.258697
v -0.151865 0.109200 0.211038
v -0.151865 0.239200 0.211038
v -0.158278 0.239200 0.206272
v -0.258697 0.109200 -0.026000
v -0.258697 0.239200 -0.026000
v -0.257776 0.239200 -0.033937
v -0.211038 0.109200 -0.151865
v -0.106832 0.109200 -0.237038
v 0.237037 0.109200 -0.106832
v 0.237037 0.239200 -0.106832
v 0.240208 0.239200 -0.099498
v 0.206271 0.093600 -0.158278
v 0.211037 0.109200 -0.151865
v 0.213173 0.093600 -0.148852
v 0.225166 0.109200 -0.130000
v 0.225166 0.093600 -0.130000
v 0.106831 0.109200 -0.237038
v 0.099497 0.093600 -0.240209
v 0.100903 0.093600 -0.239621
v 0.130000 0.109200 -0.225167
v 0.122898 0.093600 -0.229120
v 0.006094 0.093600 -0.259929
v -0.033937 0.093600 -0.257776
v -0.018272 0.093600 -0.259357
v -0.000000 0.093600 -0.260000
v -0.158278 0.093600 -0.206272
v -0.153809 0.093600 -0.209626
v -0.130000 0.109200 -0.225167
v -0.133504 0.093600 -0.223107
v -0.240209 0.239200 -0.099498
v -0.237038 0.239200 -0.106832
v -0.240209 0.093600 -0.099498
v -0.237038 0.109200 -0.106832
v -0.205963 0.093600 -0.158681
v -0.219917 0.093600 -0.138697
v -0.225167 0.109200 -0.130000
v -0.225167 0.093600 -0.130000
v -0.231938 0.093600 -0.117494
v -0.260000 0.109200 -0.000000
v -0.258858 0.093600 0.024347
v -0.258697 0.109200 0.026000
v -0.257776 0.093600 0.033937
v -0.258697 0.239200 0.026000
v -0.225167 0.109200 0.130000
v -0.237038 0.109200 0.106832
v -0.231938 0.093600 0.117494
v -0.237038 0.239200 0.106832
v -0.240209 0.239200 0.099498
v -0.240209 0.093600 0.099498
v -0.225167 0.093600 0.130000
v -0.219917 0.093600 0.138697
v -0.211038 0.109200 0.151865
v -0.205963 0.093600 0.158681
v -0.211038 0.239200 0.151865
v -0.099498 0.093600 0.240209
v -0.106832 0.109200 0.237038
v -0.112025 0.093600 0.234628
v -0.130000 0.109200 0.225167
v -0.130000 0.093600 0.225167
v 0.026000 0.109200 0.258697
v 0.033936 0.093600 0.257776
v 0.030408 0.093600 0.258216
v -0.000000 0.109200 0.260000
v 0.006094 0.093600 0.259929
v 0.130000 0.109200 0.225167
v 0.130000 0.093600 0.225167
v 0.151864 0.109200 0.211038
v 0.143814 0.093600 0.216604
v 0.158277 0.093600 0.206272
v 0.240208 0.093600 0.099498
v 0.237189 0.093600 0.106493
v 0.225166 0.109200 0.130000
v 0.226175 0.093600 0.128236
v 0.257775 0.093600 0.033937
v 0.259714 0.093600 0.012187
v 0.257775 0.239200 -0.033937
v 0.257775 0.093600 -0.033937
v 0.259714 0.093600 -0.012187
v 0.260000 0.093600 -0.000000
v -0.042479 0.093600 -0.256507
v -0.066312 0.093600 -0.251402
v -0.067294 0.093600 -0.251141
v -0.089562 0.093600 -0.244088
v -0.099498 0.093600 -0.240209
v -0.112025 0.093600 -0.234628
v -0.130000 0.093600 -0.225167
v -0.172763 0.093600 -0.194302
v -0.190199 0.093600 -0.177270
v -0.183848 0.093600 -0.183848
v -0.241922 0.093600 -0.095259
v -0.249779 0.093600 -0.072186
v -0.251141 0.239200 -0.067293
v -0.251141 0.093600 -0.067293
v -0.255441 0.093600 -0.048480
v -0.257776 0.093600 -0.033937
v -0.258858 0.093600 -0.024347
v -0.260000 0.093600 -0.000000
v -0.257776 0.239200 0.033937
v -0.255441 0.093600 0.048480
v -0.251141 0.239200 0.067293
v -0.251141 0.093600 0.067293
v -0.249779 0.093600 0.072186
v -0.241922 0.093600 0.095259
v -0.206272 0.239200 0.158278
v -0.190199 0.093600 0.177270
v -0.183848 0.239200 0.183848
v -0.183848 0.093600 0.183848
v -0.172763 0.093600 0.194301
v -0.158278 0.093600 0.206272
v -0.153809 0.093600 0.209625
v -0.133504 0.093600 0.223107
v -0.067294 0.093600 0.251141
v -0.089562 0.093600 0.244088
v -0.066312 0.093600 0.251402
v -0.042479 0.093600 0.256507
v -0.033937 0.093600 0.257776
v -0.018272 0.093600 0.259357
v -0.000000 0.093600 0.260000
v 0.054454 0.093600 0.254234
v 0.067293 0.093600 0.251141
v 0.078022 0.093600 0.248017
v 0.099497 0.093600 0.240209
v 0.100903 0.093600 0.239621
v 0.122898 0.093600 0.229120
v 0.181680 0.093600 0.185990
v 0.183847 0.239200 0.183848
v 0.163465 0.093600 0.202186
v 0.158277 0.239200 0.206272
v 0.151864 0.239200 0.211038
v 0.183847 0.093600 0.183848
v 0.198298 0.093600 0.168160
v 0.206271 0.093600 0.158278
v 0.213173 0.093600 0.148852
v 0.225166 0.093600 0.130000
v 0.246120 0.093600 0.083815
v 0.251140 0.093600 0.067293
v 0.252887 0.093600 0.060399
v 0.257431 0.093600 0.036453
v 0.257431 0.093600 -0.036453
v 0.252887 0.093600 -0.060399
v 0.251140 0.239200 -0.067293
v 0.251140 0.093600 -0.067293
v 0.246120 0.093600 -0.083815
v 0.240208 0.093600 -0.099498
v 0.237189 0.093600 -0.106494
v 0.226175 0.093600 -0.128236
v 0.183847 0.093600 -0.183848
v 0.198298 0.093600 -0.168160
v 0.181680 0.093600 -0.185990
v 0.163465 0.093600 -0.202186
v 0.158277 0.093600 -0.206272
v 0.143814 0.093600 -0.216605
v 0.130000 0.093600 -0.225167
v 0.078022 0.093600 -0.248017
v 0.067293 0.093600 -0.251141
v 0.054454 0.093600 -0.254234
v 0.033936 0.093600 -0.257776
v 0.030408 0.093600 -0.258216
v 0.249626 -0.091794 -0.072143
v 0.249778 -0.093600 -0.072186
v 0.241921 -0.093600 -0.095259
v 0.225166 -0.093600 -0.130000
v 0.219782 -0.091794 -0.138613
v 0.231796 -0.091794 -0.117423
v 0.241774 -0.091794 -0.095201
v 0.240208 -0.093600 -0.099498
v 0.231937 -0.093600 -0.117494
v 0.219916 -0.093600 -0.138697
v 0.205962 -0.093600 -0.158681
v 0.205837 -0.091794 -0.158584
v 0.190198 -0.093600 -0.177270
v 0.190082 -0.091794 -0.177162
v 0.183847 -0.093600 -0.183848
v 0.172657 -0.091794 -0.194184
v 0.172762 -0.093600 -0.194302
v 0.153715 -0.091794 -0.209498
v 0.158277 -0.093600 -0.206272
v 0.099497 -0.093600 -0.240209
v 0.089506 -0.091794 -0.243939
v 0.111956 -0.091794 -0.234486
v 0.153808 -0.093600 -0.209626
v 0.133503 -0.093600 -0.223107
v 0.133422 -0.091794 -0.222972
v 0.130000 -0.093600 -0.225167
v 0.112024 -0.093600 -0.234628
v 0.089561 -0.093600 -0.244088
v 0.067293 -0.093600 -0.251141
v 0.066270 -0.091794 -0.251249
v -0.000000 -0.093600 -0.260000
v -0.006092 -0.091794 -0.259771
v 0.018260 -0.091794 -0.259200
v 0.066311 -0.093600 -0.251402
v 0.042478 -0.093600 -0.256507
v 0.042452 -0.091794 -0.256351
v 0.033936 -0.093600 -0.257776
v 0.018271 -0.093600 -0.259357
v -0.006095 -0.093600 -0.259929
v -0.030409 -0.093600 -0.258216
v -0.030390 -0.091794 -0.258059
v -0.033937 -0.093600 -0.257776
v -0.054422 -0.091794 -0.254079
v -0.054455 -0.093600 -0.254234
v -0.067294 -0.093600 -0.251141
v -0.077975 -0.091794 -0.247867
v -0.078023 -0.093600 -0.248017
v -0.100843 -0.091794 -0.239476
v -0.099498 -0.093600 -0.240209
v -0.158278 -0.093600 -0.206272
v -0.163367 -0.091794 -0.202063
v -0.143727 -0.091794 -0.216473
v -0.100904 -0.093600 -0.239621
v -0.122899 -0.093600 -0.229120
v -0.122825 -0.091794 -0.228981
v -0.130000 -0.093600 -0.225167
v -0.143815 -0.093600 -0.216605
v -0.163466 -0.093600 -0.202186
v -0.181680 -0.093600 -0.185990
v -0.181570 -0.091794 -0.185877
v -0.183848 -0.093600 -0.183848
v -0.198178 -0.091794 -0.168058
v -0.198299 -0.093600 -0.168160
v -0.206272 -0.093600 -0.158278
v -0.213045 -0.091794 -0.148762
v -0.213174 -0.093600 -0.148852
v -0.226039 -0.091794 -0.128159
v -0.225167 -0.093600 -0.130000
v -0.251141 -0.093600 -0.067293
v -0.252734 -0.091794 -0.060363
v -0.245971 -0.091794 -0.083764
v -0.226176 -0.093600 -0.128236
v -0.237190 -0.093600 -0.106494
v -0.237046 -0.091794 -0.106429
v -0.240209 -0.093600 -0.099498
v -0.246120 -0.093600 -0.083815
v -0.252888 -0.093600 -0.060399
v -0.257432 -0.093600 -0.036453
v -0.257276 -0.091794 -0.036431
v -0.257776 -0.093600 -0.033937
v -0.259557 -0.091794 -0.012179
v -0.259715 -0.093600 -0.012187
v -0.260000 -0.093600 -0.000000
v -0.259557 -0.091794 0.012179
v -0.259715 -0.093600 0.012187
v -0.257276 -0.091794 0.036431
v -0.257776 -0.093600 0.033937
v -0.240209 -0.093600 0.099498
v -0.237046 -0.091794 0.106429
v -0.245971 -0.091794 0.083764
v -0.257432 -0.093600 0.036453
v -0.252888 -0.093600 0.060399
v -0.252734 -0.091794 0.060363
v -0.251141 -0.093600 0.067293
v -0.246120 -0.093600 0.083815
v -0.237190 -0.093600 0.106493
v -0.226176 -0.093600 0.128236
v -0.226039 -0.091794 0.128158
v -0.225167 -0.093600 0.130000
v -0.213045 -0.091794 0.148762
v -0.213174 -0.093600 0.148852
v -0.206272 -0.093600 0.158278
v -0.198178 -0.091794 0.168058
v -0.198299 -0.093600 0.168160
v -0.181570 -0.091794 0.185877
v -0.183848 -0.093600 0.183848
v -0.130000 -0.093600 0.225167
v -0.122825 -0.091794 0.228980
v -0.143727 -0.091794 0.216473
v -0.181680 -0.093600 0.185990
v -0.163466 -0.093600 0.202186
v -0.163367 -0.091794 0.202063
v -0.158278 -0.093600 0.206272
v -0.143815 -0.093600 0.216604
v -0.122899 -0.093600 0.229120
v -0.100904 -0.093600 0.239621
v -0.100843 -0.091794 0.239476
v -0.099498 -0.093600 0.240209
v -0.077975 -0.091794 0.247866
v -0.078023 -0.093600 0.248017
v -0.067294 -0.093600 0.251141
v -0.054422 -0.091794 0.254079
v -0.054455 -0.093600 0.254234
v -0.030390 -0.091794 0.258059
v -0.033937 -0.093600 0.257776
v 0.033936 -0.093600 0.257776
v 0.042452 -0.091794 0.256351
v 0.018260 -0.091794 0.259199
v -0.030409 -0.093600 0.258216
v -0.006095 -0.093600 0.259929
v -0.006092 -0.091794 0.259771
v -0.000000 -0.093600 0.260000
v 0.018271 -0.093600 0.259357
v 0.042478 -0.093600 0.256507
v 0.066311 -0.093600 0.251402
v 0.066270 -0.091794 0.251249
v 0.067293 -0.093600 0.251141
v 0.089506 -0.091794 0.243939
v 0.089561 -0.093600 0.244088
v 0.099497 -0.093600 0.240209
v 0.111956 -0.091794 0.234486
v 0.112024 -0.093600 0.234628
v 0.133422 -0.091794 0.222972
v 0.130000 -0.093600 0.225167
v 0.183847 -0.093600 0.183848
v 0.190082 -0.091794 0.177162
v 0.172657 -0.091794 0.194183
v 0.133503 -0.093600 0.223107
v 0.153808 -0.093600 0.209625
v 0.153715 -0.091794 0.209498
v 0.158277 -0.093600 0.206272
v 0.172762 -0.093600 0.194301
v 0.190198 -0.093600 0.177270
v 0.205962 -0.093600 0.158681
v 0.205837 -0.091794 0.158584
v 0.219916 -0.093600 0.138697
v 0.219782 -0.091794 0.138612
v 0.225166 -0.093600 0.130000
v 0.231796 -0.091794 0.117423
v 0.231937 -0.093600 0.117494
v 0.241774 -0.091794 0.095201
v 0.240208 -0.093600 0.099498
v 0.257775 -0.093600 0.033937
v 0.258700 -0.091794 0.024332
v 0.255285 -0.091794 0.048450
v 0.241921 -0.093600 0.095259
v 0.249778 -0.093600 0.072186
v 0.249626 -0.091794 0.072143
v 0.251140 -0.093600 0.067293
v 0.255440 -0.093600 0.048480
v 0.258857 -0.093600 0.024347
v 0.260000 -0.093600 -0.000000
v 0.259841 -0.091794 -0.000000
v 0.258857 -0.093600 -0.024347
v 0.258700 -0.091794 -0.024332
v 0.257775 -0.093600 -0.033937
v 0.255285 -0.091794 -0.048450
v 0.255440 -0.093600 -0.048480
v 0.251140 -0.093600 -0.067293
v 0.258233 -0.090043 0.024288
v 0.254824 -0.090043 0.048363
v 0.249175 -0.090043 0.072012
v 0.241337 -0.090043 0.095029
v 0.231378 -0.090043 0.117211
v 0.219385 -0.090043 0.138362
v 0.205465 -0.090043 0.158298
v 0.189739 -0.090043 0.176842
v 0.172345 -0.090043 0.193833
v 0.153437 -0.090043 0.209120
v 0.133181 -0.090043 0.222569
v 0.111754 -0.090043 0.234062
v 0.089345 -0.090043 0.243499
v 0.066151 -0.090043 0.250795
v 0.042375 -0.090043 0.255888
v 0.018227 -0.090043 0.258731
v -0.006081 -0.090043 0.259301
v -0.030336 -0.090043 0.257593
v -0.054324 -0.090043 0.253620
v -0.077834 -0.090043 0.247419
v -0.100661 -0.090043 0.239043
v -0.122603 -0.090043 0.228567
v -0.143468 -0.090043 0.216082
v -0.163071 -0.090043 0.201698
v -0.181242 -0.090043 0.185541
v -0.197820 -0.090043 0.167754
v -0.212660 -0.090043 0.148493
v -0.225631 -0.090043 0.127927
v -0.236619 -0.090043 0.106237
v -0.245527 -0.090043 0.083612
v -0.252278 -0.090043 0.060254
v -0.256811 -0.090043 0.036365
v -0.259088 -0.090043 0.012157
v -0.259088 -0.090043 -0.012157
v -0.256811 -0.090043 -0.036365
v -0.252278 -0.090043 -0.060254
v -0.245527 -0.090043 -0.083613
v -0.236619 -0.090043 -0.106237
v -0.225631 -0.090043 -0.127927
v -0.212660 -0.090043 -0.148493
v -0.197820 -0.090043 -0.167755
v -0.181242 -0.090043 -0.185542
v -0.163071 -0.090043 -0.201698
v -0.143468 -0.090043 -0.216082
v -0.122603 -0.090043 -0.228567
v -0.100661 -0.090043 -0.239043
v -0.077834 -0.090043 -0.247419
v -0.054324 -0.090043 -0.253620
v -0.030336 -0.090043 -0.257593
v -0.006081 -0.090043 -0.259302
v 0.018227 -0.090043 -0.258732
v 0.042375 -0.090043 -0.255888
v 0.066151 -0.090043 -0.250795
v 0.089345 -0.090043 -0.243499
v 0.111754 -0.090043 -0.234062
v 0.133181 -0.090043 -0.222569
v 0.153437 -0.090043 -0.209120
v 0.172345 -0.090043 -0.193833
v 0.189739 -0.090043 -0.176842
v 0.205465 -0.090043 -0.158298
v 0.219385 -0.090043 -0.138362
v 0.231378 -0.090043 -0.117211
v 0.241337 -0.090043 -0.095029
v 0.249175 -0.090043 -0.072012
v 0.254824 -0.090043 -0.048363
v 0.258233 -0.090043 -0.024288
v 0.259372 -0.090043 -0.000000
v 0.257470 -0.088400 0.024216
v 0.254071 -0.088400 0.048220
v 0.248439 -0.088400 0.071800
v 0.240624 -0.088400 0.094748
v 0.230694 -0.088400 0.116864
v 0.218737 -0.088400 0.137954
v 0.204858 -0.088400 0.157830
v 0.189178 -0.088400 0.176320
v 0.171836 -0.088400 0.193260
v 0.152984 -0.088400 0.208502
v 0.132787 -0.088400 0.221912
v 0.111424 -0.088400 0.233371
v 0.089081 -0.088400 0.242779
v 0.065955 -0.088400 0.250054
v 0.042250 -0.088400 0.255132
v 0.018173 -0.088400 0.257967
v -0.006063 -0.088400 0.258536
v -0.030246 -0.088400 0.256832
v -0.054163 -0.088400 0.252871
v -0.077604 -0.088400 0.246688
v -0.100364 -0.088400 0.238337
v -0.122241 -0.088400 0.227892
v -0.143044 -0.088400 0.215444
v -0.162590 -0.088400 0.201102
v -0.180707 -0.088400 0.184993
v -0.197236 -0.088400 0.167259
v -0.212032 -0.088400 0.148055
v -0.224964 -0.088400 0.127549
v -0.235919 -0.088400 0.105923
v -0.244801 -0.088400 0.083366
v -0.251532 -0.088400 0.060076
v -0.256053 -0.088400 0.036258
v -0.258323 -0.088400 0.012121
v -0.258323 -0.088400 -0.012122
v -0.256053 -0.088400 -0.036258
v -0.251532 -0.088400 -0.060076
v -0.244801 -0.088400 -0.083366
v -0.235919 -0.088400 -0.105923
v -0.224964 -0.088400 -0.127549
v -0.212032 -0.088400 -0.148055
v -0.197236 -0.088400 -0.167259
v -0.180707 -0.088400 -0.184994
v -0.162590 -0.088400 -0.201102
v -0.143044 -0.088400 -0.215444
v -0.122241 -0.088400 -0.227892
v -0.100364 -0.088400 -0.238337
v -0.077604 -0.088400 -0.246688
v -0.054163 -0.088400 -0.252871
v -0.030246 -0.088400 -0.256832
v -0.006063 -0.088400 -0.258536
v 0.018173 -0.088400 -0.257967
v 0.042250 -0.088400 -0.255132
v 0.065955 -0.088400 -0.250055
v 0.089081 -0.088400 -0.242780
v 0.111424 -0.088400 -0.233371
v 0.132787 -0.088400 -0.221912
v 0.152984 -0.088400 -0.208502
v 0.171836 -0.088400 -0.193260
v 0.189178 -0.088400 -0.176320
v 0.204858 -0.088400 -0.157830
v 0.218737 -0.088400 -0.137954
v 0.230694 -0.088400 -0.116865
v 0.240624 -0.088400 -0.094748
v 0.248439 -0.088400 -0.071800
v 0.254071 -0.088400 -0.048220
v 0.257470 -0.088400 -0.024216
v 0.258606 -0.088400 -0.000000
v 0.256435 -0.086915 0.024119
v 0.253049 -0.086915 0.048026
v 0.247440 -0.086915 0.071511
v 0.239656 -0.086915 0.094367
v 0.229767 -0.086915 0.116395
v 0.217858 -0.086915 0.137399
v 0.204034 -0.086915 0.157196
v 0.188418 -0.086915 0.175611
v 0.171145 -0.086915 0.192483
v 0.152369 -0.086915 0.207664
v 0.132254 -0.086915 0.221019
v 0.110976 -0.086915 0.232433
v 0.088723 -0.086915 0.241803
v 0.065690 -0.086915 0.249049
v 0.042080 -0.086915 0.254106
v 0.018100 -0.086915 0.256930
v -0.006038 -0.086915 0.257496
v -0.030124 -0.086915 0.255799
v -0.053945 -0.086915 0.251854
v -0.077292 -0.086915 0.245696
v -0.099960 -0.086915 0.237379
v -0.121749 -0.086915 0.226976
v -0.142469 -0.086915 0.214577
v -0.161936 -0.086915 0.200294
v -0.179980 -0.086915 0.184250
v -0.196443 -0.086915 0.166586
v -0.211179 -0.086915 0.147459
v -0.224060 -0.086915 0.127036
v -0.234971 -0.086915 0.105497
v -0.243817 -0.086915 0.083030
v -0.250521 -0.086915 0.059834
v -0.255023 -0.086915 0.036112
v -0.257284 -0.086915 0.012073
v -0.257284 -0.086915 -0.012073
v -0.255023 -0.086915 -0.036112
v -0.250521 -0.086915 -0.059834
v -0.243817 -0.086915 -0.083030
v -0.234971 -0.086915 -0.105497
v -0.224060 -0.086915 -0.127036
v -0.211179 -0.086915 -0.147459
v -0.196443 -0.086915 -0.166586
v -0.179980 -0.086915 -0.184250
v -0.161936 -0.086915 -0.200294
v -0.142469 -0.086915 -0.214578
v -0.121749 -0.086915 -0.226976
v -0.099960 -0.086915 -0.237379
v -0.077292 -0.086915 -0.245696
v -0.053945 -0.086915 -0.251854
v -0.030124 -0.086915 -0.255799
v -0.006038 -0.086915 -0.257496
v 0.018100 -0.086915 -0.256930
v 0.042080 -0.086915 -0.254106
v 0.065690 -0.086915 -0.249049
v 0.088723 -0.086915 -0.241803
v 0.110976 -0.086915 -0.232433
v 0.132254 -0.086915 -0.221019
v 0.152369 -0.086915 -0.207664
v 0.171145 -0.086915 -0.192483
v 0.188418 -0.086915 -0.175611
v 0.204034 -0.086915 -0.157196
v 0.217858 -0.086915 -0.137399
v 0.229767 -0.086915 -0.116395
v 0.239656 -0.086915 -0.094367
v 0.247440 -0.086915 -0.071511
v 0.253049 -0.086915 -0.048026
v 0.256435 -0.086915 -0.024119
v 0.257566 -0.086915 -0.000000
v 0.255159 -0.085633 0.023999
v 0.251790 -0.085633 0.047787
v 0.246209 -0.085633 0.071155
v 0.238464 -0.085633 0.093898
v 0.228623 -0.085633 0.115815
v 0.216774 -0.085633 0.136715
v 0.203019 -0.085633 0.156413
v 0.187480 -0.085633 0.174737
v 0.170294 -0.085633 0.191525
v 0.151611 -0.085633 0.206630
v 0.131595 -0.085633 0.219919
v 0.110423 -0.085633 0.231276
v 0.088281 -0.085633 0.240600
v 0.065363 -0.085633 0.247810
v 0.041871 -0.085633 0.252841
v 0.018010 -0.085633 0.255651
v -0.006008 -0.085633 0.256214
v -0.029974 -0.085633 0.254526
v -0.053677 -0.085633 0.250601
v -0.076908 -0.085633 0.244473
v -0.099462 -0.085633 0.236198
v -0.121143 -0.085633 0.225846
v -0.141760 -0.085633 0.213509
v -0.161130 -0.085633 0.199297
v -0.179085 -0.085633 0.183333
v -0.195465 -0.085633 0.165757
v -0.210128 -0.085633 0.146725
v -0.222944 -0.085633 0.126404
v -0.233801 -0.085633 0.104972
v -0.242604 -0.085633 0.082617
v -0.249274 -0.085633 0.059536
v -0.253754 -0.085633 0.035932
v -0.256004 -0.085633 0.012013
v -0.256004 -0.085633 -0.012013
v -0.253754 -0.085633 -0.035932
v -0.249274 -0.085633 -0.059536
v -0.242604 -0.085633 -0.082617
v -0.233801 -0.085633 -0.104972
v -0.222944 -0.085633 -0.126404
v -0.210128 -0.085633 -0.146726
v -0.195465 -0.085633 -0.165757
v -0.179085 -0.085633 -0.183333
v -0.161130 -0.085633 -0.199297
v -0.141760 -0.085633 -0.213510
v -0.121143 -0.085633 -0.225846
v -0.099462 -0.085633 -0.236198
v -0.076908 -0.085633 -0.244474
v -0.053677 -0.085633 -0.250601
v -0.029974 -0.085633 -0.254526
v -0.006008 -0.085633 -0.256215
v 0.018010 -0.085633 -0.255651
v 0.041871 -0.085633 -0.252841
v 0.065363 -0.085633 -0.247810
v 0.088281 -0.085633 -0.240600
v 0.110423 -0.085633 -0.231276
v 0.131595 -0.085633 -0.219919
v 0.151611 -0.085633 -0.206630
v 0.170294 -0.085633 -0.191525
v 0.187480 -0.085633 -0.174737
v 0.203019 -0.085633 -0.156413
v 0.216774 -0.085633 -0.136715
v 0.228623 -0.085633 -0.115815
v 0.238464 -0.085633 -0.093898
v 0.246209 -0.085633 -0.071155
v 0.251790 -0.085633 -0.047787
v 0.255159 -0.085633 -0.023999
v 0.256285 -0.085633 -0.000000
v 0.253680 -0.084593 0.023860
v 0.250331 -0.084593 0.047510
v 0.244782 -0.084593 0.070743
v 0.237082 -0.084593 0.093354
v 0.227298 -0.084593 0.115144
v 0.215517 -0.084593 0.135923
v 0.201842 -0.084593 0.155507
v 0.186394 -0.084593 0.173725
v 0.169307 -0.084593 0.190415
v 0.150732 -0.084593 0.205433
v 0.130833 -0.084593 0.218645
v 0.109783 -0.084593 0.229936
v 0.087770 -0.084593 0.239206
v 0.064985 -0.084593 0.246374
v 0.041628 -0.084593 0.251376
v 0.017906 -0.084593 0.254170
v -0.005974 -0.084593 0.254730
v -0.029801 -0.084593 0.253051
v -0.053366 -0.084593 0.249149
v -0.076462 -0.084593 0.243057
v -0.098886 -0.084593 0.234829
v -0.120441 -0.084593 0.224537
v -0.140938 -0.084593 0.212272
v -0.160196 -0.084593 0.198142
v -0.178047 -0.084593 0.182270
v -0.194333 -0.084593 0.164797
v -0.208911 -0.084593 0.145875
v -0.221653 -0.084593 0.125672
v -0.232447 -0.084593 0.104364
v -0.241198 -0.084593 0.082138
v -0.247830 -0.084593 0.059191
v -0.252284 -0.084593 0.035724
v -0.254520 -0.084593 0.011943
v -0.254520 -0.084593 -0.011943
v -0.252284 -0.084593 -0.035724
v -0.247830 -0.084593 -0.059191
v -0.241198 -0.084593 -0.082138
v -0.232447 -0.084593 -0.104364
v -0.221653 -0.084593 -0.125672
v -0.208911 -0.084593 -0.145875
v -0.194333 -0.084593 -0.164797
v -0.178047 -0.084593 -0.182270
v -0.160196 -0.084593 -0.198142
v -0.140938 -0.084593 -0.212272
v -0.120441 -0.084593 -0.224537
v -0.098886 -0.084593 -0.234829
v -0.076462 -0.084593 -0.243057
v -0.053366 -0.084593 -0.249149
v -0.029801 -0.084593 -0.253051
v -0.005974 -0.084593 -0.254730
v 0.017906 -0.084593 -0.254170
v 0.041628 -0.084593 -0.251376
v 0.064985 -0.084593 -0.246374
v 0.087770 -0.084593 -0.239206
v 0.109783 -0.084593 -0.229936
v 0.130833 -0.084593 -0.218645
v 0.150732 -0.084593 -0.205433
v 0.169307 -0.084593 -0.190416
v 0.186394 -0.084593 -0.173725
v 0.201842 -0.084593 -0.155507
v 0.215517 -0.084593 -0.135923
v 0.227298 -0.084593 -0.115144
v 0.237082 -0.084593 -0.093354
v 0.244782 -0.084593 -0.070743
v 0.250331 -0.084593 -0.047510
v 0.253680 -0.084593 -0.023860
v 0.254800 -0.084593 -0.000000
v 0.252044 -0.083827 0.023706
v 0.248717 -0.083827 0.047204
v 0.243204 -0.083827 0.070286
v 0.235553 -0.083827 0.092752
v 0.225833 -0.083827 0.114402
v 0.214128 -0.083827 0.135046
v 0.200541 -0.083827 0.154504
v 0.185192 -0.083827 0.172604
v 0.168215 -0.083827 0.189188
v 0.149760 -0.083827 0.204108
v 0.129989 -0.083827 0.217235
v 0.109076 -0.083827 0.228453
v 0.087204 -0.083827 0.237663
v 0.064565 -0.083827 0.244785
v 0.041360 -0.083827 0.249755
v 0.017790 -0.083827 0.252531
v -0.005935 -0.083827 0.253087
v -0.029609 -0.083827 0.251420
v -0.053022 -0.083827 0.247542
v -0.075969 -0.083827 0.241490
v -0.098249 -0.083827 0.233315
v -0.119665 -0.083827 0.223089
v -0.140029 -0.083827 0.210904
v -0.159164 -0.083827 0.196864
v -0.176899 -0.083827 0.181095
v -0.193080 -0.083827 0.163734
v -0.207564 -0.083827 0.144935
v -0.220223 -0.083827 0.124861
v -0.230948 -0.083827 0.103691
v -0.239643 -0.083827 0.081609
v -0.246232 -0.083827 0.058810
v -0.250657 -0.083827 0.035494
v -0.252879 -0.083827 0.011866
v -0.252879 -0.083827 -0.011866
v -0.250657 -0.083827 -0.035494
v -0.246232 -0.083827 -0.058810
v -0.239643 -0.083827 -0.081609
v -0.230948 -0.083827 -0.103691
v -0.220223 -0.083827 -0.124861
v -0.207564 -0.083827 -0.144935
v -0.193080 -0.083827 -0.163734
v -0.176899 -0.083827 -0.181095
v -0.159164 -0.083827 -0.196864
v -0.140029 -0.083827 -0.210904
v -0.119665 -0.083827 -0.223089
v -0.098249 -0.083827 -0.233315
v -0.075969 -0.083827 -0.241490
v -0.053022 -0.083827 -0.247542
v -0.029609 -0.083827 -0.251420
v -0.005935 -0.083827 -0.253087
v 0.017790 -0.083827 -0.252531
v 0.041360 -0.083827 -0.249756
v 0.064565 -0.083827 -0.244785
v 0.087204 -0.083827 -0.237663
v 0.109076 -0.083827 -0.228453
v 0.129989 -0.083827 -0.217235
v 0.149760 -0.083827 -0.204108
v 0.168215 -0.083827 -0.189188
v 0.185192 -0.083827 -0.172604
v 0.200541 -0.083827 -0.154504
v 0.214128 -0.083827 -0.135046
v 0.225833 -0.083827 -0.114402
v 0.235553 -0.083827 -0.092752
v 0.243204 -0.083827 -0.070287
v 0.248717 -0.083827 -0.047204
v 0.252044 -0.083827 -0.023706
v 0.253157 -0.083827 -0.000000
v 0.250301 -0.083358 0.023542
v 0.246996 -0.083358 0.046877
v 0.241521 -0.083358 0.069800
v 0.233924 -0.083358 0.092110
v 0.224271 -0.083358 0.113610
v 0.212647 -0.083358 0.134112
v 0.199154 -0.083358 0.153436
v 0.183911 -0.083358 0.171410
v 0.167052 -0.083358 0.187879
v 0.148724 -0.083358 0.202696
v 0.129090 -0.083358 0.215733
v 0.108321 -0.083358 0.226873
v 0.086600 -0.083358 0.236019
v 0.064119 -0.083358 0.243092
v 0.041073 -0.083358 0.248028
v 0.017667 -0.083358 0.250784
v -0.005894 -0.083358 0.251337
v -0.029404 -0.083358 0.249681
v -0.052655 -0.083358 0.245830
v -0.075444 -0.083358 0.239819
v -0.097569 -0.083358 0.231701
v -0.118837 -0.083358 0.221546
v -0.139061 -0.083358 0.209445
v -0.158063 -0.083358 0.195503
v -0.175675 -0.083358 0.179842
v -0.191744 -0.083358 0.162602
v -0.206128 -0.083358 0.143932
v -0.218700 -0.083358 0.123998
v -0.229350 -0.083358 0.102973
v -0.237985 -0.083358 0.081044
v -0.244529 -0.083358 0.058403
v -0.248923 -0.083358 0.035248
v -0.251130 -0.083358 0.011784
v -0.251130 -0.083358 -0.011784
v -0.248923 -0.083358 -0.035248
v -0.244529 -0.083358 -0.058403
v -0.237985 -0.083358 -0.081044
v -0.229350 -0.083358 -0.102974
v -0.218700 -0.083358 -0.123998
v -0.206128 -0.083358 -0.143932
v -0.191744 -0.083358 -0.162602
v -0.175675 -0.083358 -0.179842
v -0.158063 -0.083358 -0.195503
v -0.139061 -0.083358 -0.209445
v -0.118837 -0.083358 -0.221546
v -0.097569 -0.083358 -0.231701
v -0.075444 -0.083358 -0.239819
v -0.052655 -0.083358 -0.245830
v -0.029404 -0.083358 -0.249681
v -0.005894 -0.083358 -0.251337
v 0.017667 -0.083358 -0.250784
v 0.041073 -0.083358 -0.248028
v 0.064119 -0.083358 -0.243092
v 0.086600 -0.083358 -0.236020
v 0.108321 -0.083358 -0.226873
v 0.129090 -0.083358 -0.215733
v 0.148724 -0.083358 -0.202697
v 0.167052 -0.083358 -0.187879
v 0.183911 -0.083358 -0.171411
v 0.199154 -0.083358 -0.153436
v 0.212647 -0.083358 -0.134112
v 0.224271 -0.083358 -0.113610
v 0.233924 -0.083358 -0.092110
v 0.241521 -0.083358 -0.069800
v 0.246996 -0.083358 -0.046877
v 0.250301 -0.083358 -0.023542
v 0.251405 -0.083358 -0.000000
v 0.248503 -0.083200 0.023373
v 0.245222 -0.083200 0.046540
v 0.239787 -0.083200 0.069299
v 0.232244 -0.083200 0.091448
v 0.222660 -0.083200 0.112794
v 0.211119 -0.083200 0.133149
v 0.197723 -0.083200 0.152333
v 0.182590 -0.083200 0.170179
v 0.165852 -0.083200 0.186529
v 0.147656 -0.083200 0.201240
v 0.128163 -0.083200 0.214183
v 0.107543 -0.083200 0.225243
v 0.085979 -0.083200 0.234324
v 0.063658 -0.083200 0.241346
v 0.040779 -0.083200 0.246246
v 0.017540 -0.083200 0.248983
v -0.005852 -0.083200 0.249531
v -0.029193 -0.083200 0.247887
v -0.052277 -0.083200 0.244064
v -0.074902 -0.083200 0.238097
v -0.096868 -0.083200 0.230036
v -0.117984 -0.083200 0.219955
v -0.138062 -0.083200 0.207940
v -0.156927 -0.083200 0.194098
v -0.174413 -0.083200 0.178551
v -0.190367 -0.083200 0.161434
v -0.204647 -0.083200 0.142898
v -0.217129 -0.083200 0.123107
v -0.227703 -0.083200 0.102234
v -0.236276 -0.083200 0.080462
v -0.242772 -0.083200 0.057983
v -0.247135 -0.083200 0.034995
v -0.249326 -0.083200 0.011699
v -0.249326 -0.083200 -0.011699
v -0.247135 -0.083200 -0.034995
v -0.242772 -0.083200 -0.057983
v -0.236276 -0.083200 -0.080462
v -0.227703 -0.083200 -0.102234
v -0.217129 -0.083200 -0.123107
v -0.204647 -0.083200 -0.142898
v -0.190367 -0.083200 -0.161434
v -0.174413 -0.083200 -0.178551
v -0.156927 -0.083200 -0.194098
v -0.138062 -0.083200 -0.207940
v -0.117984 -0.083200 -0.219955
v -0.096868 -0.083200 -0.230037
v -0.074902 -0.083200 -0.238097
v -0.052277 -0.083200 -0.244064
v -0.029193 -0.083200 -0.247887
v -0.005852 -0.083200 -0.249531
v 0.017540 -0.083200 -0.248983
v 0.040779 -0.083200 -0.246246
v 0.063658 -0.083200 -0.241346
v 0.085979 -0.083200 -0.234324
v 0.107543 -0.083200 -0.225243
v 0.128163 -0.083200 -0.214183
v 0.147656 -0.083200 -0.201240
v 0.165852 -0.083200 -0.186530
v 0.182590 -0.083200 -0.170179
v 0.197723 -0.083200 -0.152333
v 0.211119 -0.083200 -0.133149
v 0.222660 -0.083200 -0.112794
v 0.232244 -0.083200 -0.091448
v 0.239787 -0.083200 -0.069299
v 0.245222 -0.083200 -0.046540
v 0.248503 -0.083200 -0.023373
v 0.249599 -0.083200 -0.000000
v -0.249627 0.091794 -0.072143
v -0.219783 0.091794 -0.138613
v -0.231797 0.091794 -0.117423
v -0.241774 0.091794 -0.095201
v -0.205838 0.091794 -0.158584
v -0.190083 0.091794 -0.177162
v -0.172658 0.091794 -0.194184
v -0.153716 0.091794 -0.209498
v -0.089507 0.091794 -0.243939
v -0.111957 0.091794 -0.234486
v -0.133423 0.091794 -0.222972
v -0.066271 0.091794 -0.251249
v 0.006091 0.091794 -0.259771
v -0.018261 0.091794 -0.259200
v -0.042453 0.091794 -0.256351
v 0.030390 0.091794 -0.258059
v 0.054421 0.091794 -0.254079
v 0.077974 0.091794 -0.247867
v 0.100842 0.091794 -0.239476
v 0.163366 0.091794 -0.202063
v 0.143726 0.091794 -0.216473
v 0.122824 0.091794 -0.228981
v 0.181569 0.091794 -0.185877
v 0.198177 0.091794 -0.168058
v 0.213044 0.091794 -0.148762
v 0.226038 0.091794 -0.128159
v 0.252733 0.091794 -0.060363
v 0.245970 0.091794 -0.083764
v 0.237045 0.091794 -0.106429
v 0.257275 0.091794 -0.036431
v 0.259556 0.091794 -0.012179
v 0.259556 0.091794 0.012179
v 0.257275 0.091794 0.036431
v 0.237045 0.091794 0.106429
v 0.245970 0.091794 0.083764
v 0.252733 0.091794 0.060363
v 0.226038 0.091794 0.128158
v 0.213044 0.091794 0.148762
v 0.198177 0.091794 0.168058
v 0.181569 0.091794 0.185877
v 0.122824 0.091794 0.228980
v 0.143726 0.091794 0.216473
v 0.163366 0.091794 0.202063
v 0.100842 0.091794 0.239476
v 0.077974 0.091794 0.247866
v 0.054421 0.091794 0.254079
v 0.030390 0.091794 0.258059
v -0.042453 0.091794 0.256351
v -0.018261 0.091794 0.259199
v 0.006091 0.091794 0.259771
v -0.066271 0.091794 0.251249
v -0.089507 0.091794 0.243939
v -0.111957 0.091794 0.234486
v -0.133423 0.091794 0.222972
v -0.190083 0.091794 0.177162
v -0.172658 0.091794 0.194183
v -0.153716 0.091794 0.209498
v -0.205838 0.091794 0.158584
v -0.219783 0.091794 0.138612
v -0.231797 0.091794 0.117423
v -0.241774 0.091794 0.095201
v -0.258701 0.091794 0.024332
v -0.255286 0.091794 0.048450
v -0.249627 0.091794 0.072143
v -0.259842 0.091794 -0.000000
v -0.258701 0.091794 -0.024332
v -0.255286 0.091794 -0.048450
v -0.258234 0.090043 0.024288
v -0.254825 0.090043 0.048363
v -0.249176 0.090043 0.072012
v -0.241338 0.090043 0.095029
v -0.231379 0.090043 0.117211
v -0.219386 0.090043 0.138362
v -0.205466 0.090043 0.158298
v -0.189740 0.090043 0.176842
v -0.172346 0.090043 0.193833
v -0.153438 0.090043 0.209120
v -0.133182 0.090043 0.222569
v -0.111755 0.090043 0.234062
v -0.089346 0.090043 0.243499
v -0.066152 0.090043 0.250795
v -0.042376 0.090043 0.255888
v -0.018228 0.090043 0.258731
v 0.006080 0.090043 0.259301
v 0.030335 0.090043 0.257593
v 0.054323 0.090043 0.253620
v 0.077833 0.090043 0.247419
v 0.100660 0.090043 0.239043
v 0.122602 0.090043 0.228567
v 0.143467 0.090043 0.216082
v 0.163070 0.090043 0.201698
v 0.181241 0.090043 0.185541
v 0.197819 0.090043 0.167754
v 0.212659 0.090043 0.148493
v 0.225630 0.090043 0.127927
v 0.236618 0.090043 0.106237
v 0.245526 0.090043 0.083612
v 0.252277 0.090043 0.060254
v 0.256810 0.090043 0.036365
v 0.259087 0.090043 0.012157
v 0.259087 0.090043 -0.012157
v 0.256810 0.090043 -0.036365
v 0.252277 0.090043 -0.060254
v 0.245526 0.090043 -0.083613
v 0.236618 0.090043 -0.106237
v 0.225630 0.090043 -0.127927
v 0.212659 0.090043 -0.148493
v 0.197819 0.090043 -0.167755
v 0.181241 0.090043 -0.185542
v 0.163070 0.090043 -0.201698
v 0.143467 0.090043 -0.216082
v 0.122602 0.090043 -0.228567
v 0.100660 0.090043 -0.239043
v 0.077833 0.090043 -0.247419
v 0.054323 0.090043 -0.253620
v 0.030335 0.090043 -0.257593
v 0.006080 0.090043 -0.259302
v -0.018228 0.090043 -0.258732
v -0.042376 0.090043 -0.255888
v -0.066152 0.090043 -0.250795
v -0.089346 0.090043 -0.243499
v -0.111755 0.090043 -0.234062
v -0.133182 0.090043 -0.222569
v -0.153438 0.090043 -0.209120
v -0.172346 0.090043 -0.193833
v -0.189740 0.090043 -0.176842
v -0.205466 0.090043 -0.158298
v -0.219386 0.090043 -0.138362
v -0.231379 0.090043 -0.117211
v -0.241338 0.090043 -0.095029
v -0.249176 0.090043 -0.072012
v -0.254825 0.090043 -0.048363
v -0.258234 0.090043 -0.024288
v -0.259373 0.090043 -0.000000
v -0.257471 0.088400 0.024216
v -0.254072 0.088400 0.048220
v -0.248440 0.088400 0.071800
v -0.240625 0.088400 0.094748
v -0.230695 0.088400 0.116864
v -0.218738 0.088400 0.137954
v -0.204859 0.088400 0.157830
v -0.189179 0.088400 0.176320
v -0.171837 0.088400 0.193260
v -0.152985 0.088400 0.208502
v -0.132788 0.088400 0.221912
v -0.111425 0.088400 0.233371
v -0.089082 0.088400 0.242779
v -0.065956 0.088400 0.250054
v -0.042251 0.088400 0.255132
v -0.018174 0.088400 0.257967
v 0.006062 0.088400 0.258536
v 0.030245 0.088400 0.256832
v 0.054162 0.088400 0.252871
v 0.077603 0.088400 0.246688
v 0.100363 0.088400 0.238337
v 0.122240 0.088400 0.227892
v 0.143043 0.088400 0.215444
v 0.162589 0.088400 0.201102
v 0.180706 0.088400 0.184993
v 0.197235 0.088400 0.167259
v 0.212031 0.088400 0.148055
v 0.224963 0.088400 0.127549
v 0.235918 0.088400 0.105923
v 0.244801 0.088400 0.083366
v 0.251532 0.088400 0.060076
v 0.256052 0.088400 0.036258
v 0.258322 0.088400 0.012121
v 0.258322 0.088400 -0.012122
v 0.256052 0.088400 -0.036258
v 0.251532 0.088400 -0.060076
v 0.244801 0.088400 -0.083366
v 0.235918 0.088400 -0.105923
v 0.224963 0.088400 -0.127549
v 0.212031 0.088400 -0.148055
v 0.197235 0.088400 -0.167259
v 0.180706 0.088400 -0.184994
v 0.162589 0.088400 -0.201102
v 0.143043 0.088400 -0.215444
v 0.122240 0.088400 -0.227892
v 0.100363 0.088400 -0.238337
v 0.077603 0.088400 -0.246688
v 0.054162 0.088400 -0.252871
v 0.030245 0.088400 -0.256832
v 0.006062 0.088400 -0.258536
v -0.018174 0.088400 -0.257967
v -0.042251 0.088400 -0.255132
v -0.065956 0.088400 -0.250055
v -0.089082 0.088400 -0.242780
v -0.111425 0.088400 -0.233371
v -0.132788 0.088400 -0.221912
v -0.152985 0.088400 -0.208502
v -0.171837 0.088400 -0.193260
v -0.189179 0.088400 -0.176320
v -0.204859 0.088400 -0.157830
v -0.218738 0.088400 -0.137954
v -0.230695 0.088400 -0.116865
v -0.240625 0.088400 -0.094748
v -0.248440 0.088400 -0.071800
v -0.254072 0.088400 -0.048220
v -0.257471 0.088400 -0.024216
v -0.258607 0.088400 -0.000000
v -0.256436 0.086915 0.024119
v -0.253050 0.086915 0.048026
v -0.247441 0.086915 0.071511
v -0.239657 0.086915 0.094367
v -0.229768 0.086915 0.116395
v -0.217859 0.086915 0.137399
v -0.204035 0.086915 0.157196
v -0.188419 0.086915 0.175611
v -0.171146 0.086915 0.192483
v -0.152370 0.086915 0.207664
v -0.132254 0.086915 0.221019
v -0.110977 0.086915 0.232433
v -0.088724 0.086915 0.241803
v -0.065691 0.086915 0.249049
v -0.042081 0.086915 0.254106
v -0.018101 0.086915 0.256930
v 0.006037 0.086915 0.257496
v 0.030123 0.086915 0.255799
v 0.053945 0.086915 0.251854
v 0.077291 0.086915 0.245696
v 0.099959 0.086915 0.237379
v 0.121748 0.086915 0.226976
v 0.142468 0.086915 0.214577
v 0.161935 0.086915 0.200294
v 0.179979 0.086915 0.184250
v 0.196442 0.086915 0.166586
v 0.211178 0.086915 0.147459
v 0.224059 0.086915 0.127036
v 0.234970 0.086915 0.105497
v 0.243816 0.086915 0.083030
v 0.250520 0.086915 0.059834
v 0.255022 0.086915 0.036112
v 0.257283 0.086915 0.012073
v 0.257283 0.086915 -0.012073
v 0.255022 0.086915 -0.036112
v 0.250520 0.086915 -0.059834
v 0.243816 0.086915 -0.083030
v 0.234970 0.086915 -0.105497
v 0.224059 0.086915 -0.127036
v 0.211178 0.086915 -0.147459
v 0.196442 0.086915 -0.166586
v 0.179979 0.086915 -0.184250
v 0.161935 0.086915 -0.200294
v 0.142468 0.086915 -0.214578
v 0.121748 0.086915 -0.226976
v 0.099959 0.086915 -0.237379
v 0.077291 0.086915 -0.245696
v 0.053945 0.086915 -0.251854
v 0.030123 0.086915 -0.255799
v 0.006037 0.086915 -0.257496
v -0.018101 0.086915 -0.256930
v -0.042081 0.086915 -0.254106
v -0.065691 0.086915 -0.249049
v -0.088724 0.086915 -0.241803
v -0.110977 0.086915 -0.232433
v -0.132254 0.086915 -0.221019
v -0.152370 0.086915 -0.207664
v -0.171146 0.086915 -0.192483
v -0.188419 0.086915 -0.175611
v -0.204035 0.086915 -0.157196
v -0.217859 0.086915 -0.137399
v -0.229768 0.086915 -0.116395
v -0.239657 0.086915 -0.094367
v -0.247441 0.086915 -0.071511
v -0.253050 0.086915 -0.048026
v -0.256436 0.086915 -0.024119
v -0.257567 0.086915 -0.000000
v -0.255159 0.085633 0.023999
v -0.251791 0.085633 0.047787
v -0.246210 0.085633 0.071155
v -0.238465 0.085633 0.093898
v -0.228624 0.085633 0.115815
v -0.216774 0.085633 0.136715
v -0.203020 0.085633 0.156413
v -0.187481 0.085633 0.174737
v -0.170295 0.085633 0.191525
v -0.151611 0.085633 0.206630
v -0.131596 0.085633 0.219919
v -0.110424 0.085633 0.231276
v -0.088282 0.085633 0.240600
v -0.065364 0.085633 0.247810
v -0.041872 0.085633 0.252841
v -0.018011 0.085633 0.255651
v 0.006008 0.085633 0.256214
v 0.029973 0.085633 0.254526
v 0.053676 0.085633 0.250601
v 0.076907 0.085633 0.244473
v 0.099461 0.085633 0.236198
v 0.121142 0.085633 0.225846
v 0.141759 0.085633 0.213509
v 0.161129 0.085633 0.199297
v 0.179084 0.085633 0.183333
v 0.195464 0.085633 0.165757
v 0.210127 0.085633 0.146725
v 0.222944 0.085633 0.126404
v 0.233800 0.085633 0.104972
v 0.242603 0.085633 0.082617
v 0.249273 0.085633 0.059536
v 0.253753 0.085633 0.035932
v 0.256003 0.085633 0.012013
v 0.256003 0.085633 -0.012013
v 0.253753 0.085633 -0.035932
v 0.249273 0.085633 -0.059536
v 0.242603 0.085633 -0.082617
v 0.233800 0.085633 -0.104972
v 0.222944 0.085633 -0.126404
v 0.210127 0.085633 -0.146726
v 0.195464 0.085633 -0.165757
v 0.179084 0.085633 -0.183333
v 0.161129 0.085633 -0.199297
v 0.141759 0.085633 -0.213510
v 0.121142 0.085633 -0.225846
v 0.099461 0.085633 -0.236198
v 0.076907 0.085633 -0.244474
v 0.053676 0.085633 -0.250601
v 0.029973 0.085633 -0.254526
v 0.006008 0.085633 -0.256215
v -0.018011 0.085633 -0.255651
v -0.041872 0.085633 -0.252841
v -0.065364 0.085633 -0.247810
v -0.088282 0.085633 -0.240600
v -0.110424 0.085633 -0.231276
v -0.131596 0.085633 -0.219919
v -0.151611 0.085633 -0.206630
v -0.170295 0.085633 -0.191525
v -0.187481 0.085633 -0.174737
v -0.203020 0.085633 -0.156413
v -0.216774 0.085633 -0.136715
v -0.228624 0.085633 -0.115815
v -0.238465 0.085633 -0.093898
v -0.246210 0.085633 -0.071155
v -0.251791 0.085633 -0.047787
v -0.255159 0.085633 -0.023999
v -0.256286 0.085633 -0.000000
v -0.253681 0.084593 0.023860
v -0.250332 0.084593 0.047510
v -0.244783 0.084593 0.070743
v -0.237083 0.084593 0.093354
v -0.227299 0.084593 0.115144
v -0.215518 0.084593 0.135923
v -0.201843 0.084593 0.155507
v -0.186395 0.084593 0.173725
v -0.169308 0.084593 0.190415
v -0.150733 0.084593 0.205433
v -0.130834 0.084593 0.218645
v -0.109784 0.084593 0.229936
v -0.087771 0.084593 0.239206
v -0.064986 0.084593 0.246374
v -0.041629 0.084593 0.251376
v -0.017907 0.084593 0.254170
v 0.005973 0.084593 0.254730
v 0.029800 0.084593 0.253051
v 0.053365 0.084593 0.249149
v 0.076461 0.084593 0.243057
v 0.098885 0.084593 0.234829
v 0.120440 0.084593 0.224537
v 0.140937 0.084593 0.212272
v 0.160195 0.084593 0.198142
v 0.178046 0.084593 0.182270
v 0.194332 0.084593 0.164797
v 0.208910 0.084593 0.145875
v 0.221652 0.084593 0.125672
v 0.232446 0.084593 0.104364
v 0.241197 0.084593 0.082138
v 0.247829 0.084593 0.059191
v 0.252283 0.084593 0.035724
v 0.254519 0.084593 0.011943
v 0.254519 0.084593 -0.011943
v 0.252283 0.084593 -0.035724
v 0.247829 0.084593 -0.059191
v 0.241197 0.084593 -0.082138
v 0.232446 0.084593 -0.104364
v 0.221652 0.084593 -0.125672
v 0.208910 0.084593 -0.145875
v 0.194332 0.084593 -0.164797
v 0.178046 0.084593 -0.182270
v 0.160195 0.084593 -0.198142
v 0.140937 0.084593 -0.212272
v 0.120440 0.084593 -0.224537
v 0.098885 0.084593 -0.234829
v 0.076461 0.084593 -0.243057
v 0.053365 0.084593 -0.249149
v 0.029800 0.084593 -0.253051
v 0.005973 0.084593 -0.254730
v -0.017907 0.084593 -0.254170
v -0.041629 0.084593 -0.251376
v -0.064986 0.084593 -0.246374
v -0.087771 0.084593 -0.239206
v -0.109784 0.084593 -0.229936
v -0.130834 0.084593 -0.218645
v -0.150733 0.084593 -0.205433
v -0.169308 0.084593 -0.190416
v -0.186395 0.084593 -0.173725
v -0.201843 0.084593 -0.155507
v -0.215518 0.084593 -0.135923
v -0.227299 0.084593 -0.115144
v -0.237083 0.084593 -0.093354
v -0.244783 0.084593 -0.070743
v -0.250332 0.084593 -0.047510
v -0.253681 0.084593 -0.023860
v -0.254801 0.084593 -0.000000
v -0.252045 0.083827 0.023706
v -0.248718 0.083827 0.047204
v -0.243205 0.083827 0.070286
v -0.235554 0.083827 0.092752
v -0.225834 0.083827 0.114402
v -0.214129 0.083827 0.135046
v -0.200542 0.083827 0.154504
v -0.185193 0.083827 0.172604
v -0.168216 0.083827 0.189188
v -0.149761 0.083827 0.204108
v -0.129990 0.083827 0.217235
v -0.109077 0.083827 0.228453
v -0.087205 0.083827 0.237663
v -0.064566 0.083827 0.244785
v -0.041361 0.083827 0.249755
v -0.017791 0.083827 0.252531
v 0.005934 0.083827 0.253087
v 0.029608 0.083827 0.251420
v 0.053021 0.083827 0.247542
v 0.075968 0.083827 0.241490
v 0.098248 0.083827 0.233315
v 0.119664 0.083827 0.223089
v 0.140029 0.083827 0.210904
v 0.159163 0.083827 0.196864
v 0.176898 0.083827 0.181095
v 0.193079 0.083827 0.163734
v 0.207563 0.083827 0.144935
v 0.220222 0.083827 0.124861
v 0.230947 0.083827 0.103691
v 0.239642 0.083827 0.081609
v 0.246231 0.083827 0.058810
v 0.250656 0.083827 0.035494
v 0.252878 0.083827 0.011866
v 0.252878 0.083827 -0.011866
v 0.250656 0.083827 -0.035494
v 0.246231 0.083827 -0.058810
v 0.239642 0.083827 -0.081609
v 0.230947 0.083827 -0.103691
v 0.220222 0.083827 -0.124861
v 0.207563 0.083827 -0.144935
v 0.193079 0.083827 -0.163734
v 0.176898 0.083827 -0.181095
v 0.159163 0.083827 -0.196864
v 0.140029 0.083827 -0.210904
v 0.119664 0.083827 -0.223089
v 0.098248 0.083827 -0.233315
v 0.075968 0.083827 -0.241490
v 0.053021 0.083827 -0.247542
v 0.029608 0.083827 -0.251420
v 0.005934 0.083827 -0.253087
v -0.017791 0.083827 -0.252531
v -0.041361 0.083827 -0.249756
v -0.064566 0.083827 -0.244785
v -0.087205 0.083827 -0.237663
v -0.109077 0.083827 -0.228453
v -0.129990 0.083827 -0.217235
v -0.149761 0.083827 -0.204108
v -0.168216 0.083827 -0.189188
v -0.185193 0.083827 -0.172604
v -0.200542 0.083827 -0.154504
v -0.214129 0.083827 -0.135046
v -0.225834 0.083827 -0.114402
v -0.235554 0.083827 -0.092752
v -0.243205 0.083827 -0.070287
v -0.248718 0.083827 -0.047204
v -0.252045 0.083827 -0.023706
v -0.253158 0.083827 -0.000000
v -0.250302 0.083358 0.023542
v -0.246997 0.083358 0.046877
v -0.241522 0.083358 0.069800
v -0.233925 0.083358 0.092110
v -0.224272 0.083358 0.113610
v -0.212648 0.083358 0.134112
v -0.199155 0.083358 0.153436
v -0.183912 0.083358 0.171410
v -0.167052 0.083358 0.187879
v -0.148725 0.083358 0.202696
v -0.129091 0.083358 0.215733
v -0.108322 0.083358 0.226873
v -0.086601 0.083358 0.236019
v -0.064120 0.083358 0.243092
v -0.041074 0.083358 0.248028
v -0.017668 0.083358 0.250784
v 0.005893 0.083358 0.251337
v 0.029403 0.083358 0.249681
v 0.052654 0.083358 0.245830
v 0.075443 0.083358 0.239819
v 0.097568 0.083358 0.231701
v 0.118836 0.083358 0.221546
v 0.139060 0.083358 0.209445
v 0.158062 0.083358 0.195503
v 0.175674 0.083358 0.179842
v 0.191743 0.083358 0.162602
v 0.206127 0.083358 0.143932
v 0.218699 0.083358 0.123998
v 0.229349 0.083358 0.102973
v 0.237984 0.083358 0.081044
v 0.244528 0.083358 0.058403
v 0.248922 0.083358 0.035248
v 0.251129 0.083358 0.011784
v 0.251129 0.083358 -0.011784
v 0.248922 0.083358 -0.035248
v 0.244528 0.083358 -0.058403
v 0.237984 0.083358 -0.081044
v 0.229349 0.083358 -0.102974
v 0.218699 0.083358 -0.123998
v 0.206127 0.083358 -0.143932
v 0.191743 0.083358 -0.162602
v 0.175674 0.083358 -0.179842
v 0.158062 0.083358 -0.195503
v 0.139060 0.083358 -0.209445
v 0.118836 0.083358 -0.221546
v 0.097568 0.083358 -0.231701
v 0.075443 0.083358 -0.239819
v 0.052654 0.083358 -0.245830
v 0.029403 0.083358 -0.249681
v 0.005893 0.083358 -0.251337
v -0.017668 0.083358 -0.250784
v -0.041074 0.083358 -0.248028
v -0.064120 0.083358 -0.243092
v -0.086601 0.083358 -0.236020
v -0.108322 0.083358 -0.226873
v -0.129091 0.083358 -0.215733
v -0.148725 0.083358 -0.202697
v -0.167052 0.083358 -0.187879
v -0.183912 0.083358 -0.171411
v -0.199155 0.083358 -0.153436
v -0.212648 0.083358 -0.134112
v -0.224272 0.083358 -0.113610
v -0.233925 0.083358 -0.092110
v -0.241522 0.083358 -0.069800
v -0.246997 0.083358 -0.046877
v -0.250302 0.083358 -0.023542
v -0.251406 0.083358 -0.000000
v -0.248504 0.083200 0.023373
v -0.245223 0.083200 0.046540
v -0.239787 0.083200 0.069299
v -0.232245 0.083200 0.091448
v -0.222661 0.083200 0.112794
v -0.211120 0.083200 0.133149
v -0.197724 0.083200 0.152333
v -0.182591 0.083200 0.170179
v -0.165853 0.083200 0.186529
v -0.147657 0.083200 0.201240
v -0.128164 0.083200 0.214183
v -0.107544 0.083200 0.225243
v -0.085979 0.083200 0.234324
v -0.063659 0.083200 0.241346
v -0.040780 0.083200 0.246246
v -0.017541 0.083200 0.248983
v 0.005851 0.083200 0.249531
v 0.029192 0.083200 0.247887
v 0.052276 0.083200 0.244064
v 0.074901 0.083200 0.238097
v 0.096867 0.083200 0.230036
v 0.117983 0.083200 0.219955
v 0.138061 0.083200 0.207940
v 0.156926 0.083200 0.194098
v 0.174412 0.083200 0.178551
v 0.190366 0.083200 0.161434
v 0.204646 0.083200 0.142898
v 0.217128 0.083200 0.123107
v 0.227702 0.083200 0.102234
v 0.236275 0.083200 0.080462
v 0.242771 0.083200 0.057983
v 0.247134 0.083200 0.034995
v 0.249325 0.083200 0.011699
v 0.249325 0.083200 -0.011699
v 0.247134 0.083200 -0.034995
v 0.242771 0.083200 -0.057983
v 0.236275 0.083200 -0.080462
v 0.227702 0.083200 -0.102234
v 0.217128 0.083200 -0.123107
v 0.204646 0.083200 -0.142898
v 0.190366 0.083200 -0.161434
v 0.174412 0.083200 -0.178551
v 0.156926 0.083200 -0.194098
v 0.138061 0.083200 -0.207940
v 0.117983 0.083200 -0.219955
v 0.096867 0.083200 -0.230037
v 0.074901 0.083200 -0.238097
v 0.052276 0.083200 -0.244064
v 0.029192 0.083200 -0.247887
v 0.005851 0.083200 -0.249531
v -0.017541 0.083200 -0.248983
v -0.040780 0.083200 -0.246246
v -0.063659 0.083200 -0.241346
v -0.085979 0.083200 -0.234324
v -0.107544 0.083200 -0.225243
v -0.128164 0.083200 -0.214183
v -0.147657 0.083200 -0.201240
v -0.165853 0.083200 -0.186530
v -0.182591 0.083200 -0.170179
v -0.197724 0.083200 -0.152333
v -0.211120 0.083200 -0.133149
v -0.222661 0.083200 -0.112794
v -0.232245 0.083200 -0.091448
v -0.239787 0.083200 -0.069299
v -0.245223 0.083200 -0.046540
v -0.248504 0.083200 -0.023373
v -0.249600 0.083200 -0.000000
v 0.164147 0.407737 -0.019186
v 0.164371 0.405160 -0.019212
v 0.161029 0.405160 -0.038165
v 0.151551 0.405160 -0.066477
v 0.147685 0.407737 -0.074171
v 0.155297 0.407737 -0.056524
v 0.160809 0.407737 -0.038113
v 0.160426 0.405160 -0.040625
v 0.155509 0.405160 -0.056601
v 0.147887 0.405160 -0.074272
v 0.138542 0.405160 -0.090514
v 0.138076 0.407737 -0.090814
v 0.138264 0.405160 -0.090938
v 0.126772 0.405160 -0.106375
v 0.126600 0.407737 -0.106230
v 0.121755 0.405160 -0.112083
v 0.113411 0.407737 -0.120209
v 0.113565 0.405160 -0.120373
v 0.098689 0.407737 -0.132563
v 0.101646 0.405160 -0.130595
v 0.098823 0.405160 -0.132743
v 0.082745 0.405160 -0.143319
v 0.082632 0.407737 -0.143123
v 0.078764 0.405160 -0.145544
v 0.065458 0.407737 -0.151749
v 0.065547 0.405160 -0.151956
v 0.047398 0.407737 -0.158322
v 0.053734 0.405160 -0.156523
v 0.047463 0.405160 -0.158538
v 0.028737 0.405160 -0.162976
v 0.028697 0.407737 -0.162754
v 0.027238 0.405160 -0.163233
v 0.009609 0.407737 -0.164985
v 0.009622 0.405160 -0.165210
v -0.000000 0.405160 -0.165490
v -0.009610 0.407737 -0.164985
v -0.009623 0.405160 -0.165210
v -0.028698 0.407737 -0.162754
v -0.027239 0.405160 -0.163233
v -0.028738 0.405160 -0.162976
v -0.047464 0.405160 -0.158538
v -0.047399 0.407737 -0.158322
v -0.053735 0.405160 -0.156523
v -0.065459 0.407737 -0.151749
v -0.065548 0.405160 -0.151956
v -0.082633 0.407737 -0.143123
v -0.078765 0.405160 -0.145544
v -0.082746 0.405160 -0.143319
v -0.098824 0.405160 -0.132743
v -0.098690 0.407737 -0.132563
v -0.101647 0.405160 -0.130595
v -0.113412 0.407737 -0.120209
v -0.113566 0.405160 -0.120373
v -0.126601 0.407737 -0.106230
v -0.121756 0.405160 -0.112083
v -0.126773 0.405160 -0.106375
v -0.138265 0.405160 -0.090938
v -0.138077 0.407737 -0.090814
v -0.138543 0.405160 -0.090514
v -0.147686 0.407737 -0.074171
v -0.147888 0.405160 -0.074272
v -0.151552 0.405160 -0.066477
v -0.155298 0.407737 -0.056524
v -0.155510 0.405160 -0.056601
v -0.160810 0.407737 -0.038113
v -0.160426 0.405160 -0.040625
v -0.161030 0.405160 -0.038165
v -0.164372 0.405160 -0.019212
v -0.164148 0.407737 -0.019186
v -0.164925 0.405160 -0.013666
v -0.165265 0.407737 -0.000000
v -0.165491 0.405160 -0.000000
v -0.164148 0.407737 0.019186
v -0.164925 0.405160 0.013666
v -0.151552 0.405160 0.066477
v -0.147686 0.407737 0.074171
v -0.155298 0.407737 0.056524
v -0.164372 0.405160 0.019212
v -0.161030 0.405160 0.038165
v -0.160810 0.407737 0.038113
v -0.160426 0.405160 0.040625
v -0.155510 0.405160 0.056601
v -0.147888 0.405160 0.074272
v -0.138543 0.405160 0.090514
v -0.138077 0.407737 0.090814
v -0.138265 0.405160 0.090938
v -0.126773 0.405160 0.106375
v -0.126601 0.407737 0.106230
v -0.121756 0.405160 0.112083
v -0.113412 0.407737 0.120209
v -0.113566 0.405160 0.120373
v -0.098690 0.407737 0.132563
v -0.101647 0.405160 0.130595
v -0.098824 0.405160 0.132743
v -0.082746 0.405160 0.143319
v -0.082633 0.407737 0.143123
v -0.078765 0.405160 0.145544
v -0.065459 0.407737 0.151749
v -0.065548 0.405160 0.151956
v -0.047399 0.407737 0.158322
v -0.053735 0.405160 0.156523
v -0.047464 0.405160 0.158538
v -0.028738 0.405160 0.162976
v -0.028698 0.407737 0.162754
v -0.027239 0.405160 0.163233
v -0.009610 0.407737 0.164985
v -0.009623 0.405160 0.165210
v -0.000000 0.405160 0.165490
v 0.009609 0.407737 0.164985
v 0.009622 0.405160 0.165210
v 0.028697 0.407737 0.162754
v 0.027238 0.405160 0.163233
v 0.028737 0.405160 0.162976
v 0.047463 0.405160 0.158538
v 0.047398 0.407737 0.158322
v 0.053734 0.405160 0.156523
v 0.065458 0.407737 0.151749
v 0.065547 0.405160 0.151956
v 0.082632 0.407737 0.143123
v 0.078764 0.405160 0.145544
v 0.082745 0.405160 0.143319
v 0.098823 0.405160 0.132743
v 0.098689 0.407737 0.132563
v 0.101646 0.405160 0.130595
v 0.113411 0.407737 0.120209
v 0.113565 0.405160 0.120373
v 0.126600 0.407737 0.106230
v 0.121755 0.405160 0.112083
v 0.126772 0.405160 0.106375
v 0.138264 0.405160 0.090938
v 0.138076 0.407737 0.090814
v 0.138542 0.405160 0.090514
v 0.147685 0.407737 0.074171
v 0.147887 0.405160 0.074272
v 0.151551 0.405160 0.066477
v 0.155297 0.407737 0.056524
v 0.155509 0.405160 0.056601
v 0.160809 0.407737 0.038113
v 0.160426 0.405160 0.040625
v 0.161029 0.405160 0.038165
v 0.164371 0.405160 0.019212
v 0.164147 0.407737 0.019186
v 0.164924 0.405160 0.013666
v 0.165264 0.407737 -0.000000
v 0.165490 0.405160 -0.000000
v 0.164924 0.405160 -0.013666
v 0.163482 0.410235 0.019108
v 0.160158 0.410235 0.037958
v 0.154668 0.410235 0.056295
v 0.147087 0.410235 0.073870
v 0.137517 0.410235 0.090446
v 0.126087 0.410235 0.105800
v 0.112951 0.410235 0.119722
v 0.098289 0.410235 0.132025
v 0.082297 0.410235 0.142543
v 0.065192 0.410235 0.151134
v 0.047206 0.410235 0.157680
v 0.028581 0.410235 0.162094
v 0.009570 0.410235 0.164317
v -0.009571 0.410235 0.164317
v -0.028582 0.410235 0.162094
v -0.047207 0.410235 0.157680
v -0.065193 0.410235 0.151134
v -0.082298 0.410235 0.142543
v -0.098290 0.410235 0.132025
v -0.112952 0.410235 0.119722
v -0.126088 0.410235 0.105800
v -0.137518 0.410235 0.090446
v -0.147088 0.410235 0.073870
v -0.154669 0.410235 0.056295
v -0.160159 0.410235 0.037958
v -0.163483 0.410235 0.019108
v -0.164595 0.410235 -0.000000
v -0.163483 0.410235 -0.019108
v -0.160159 0.410235 -0.037958
v -0.154669 0.410235 -0.056295
v -0.147088 0.410235 -0.073870
v -0.137518 0.410235 -0.090447
v -0.126088 0.410235 -0.105800
v -0.112952 0.410235 -0.119722
v -0.098290 0.410235 -0.132026
v -0.082298 0.410235 -0.142544
v -0.065193 0.410235 -0.151134
v -0.047207 0.410235 -0.157680
v -0.028582 0.410235 -0.162095
v -0.009571 0.410235 -0.164317
v 0.009570 0.410235 -0.164317
v 0.028581 0.410235 -0.162095
v 0.047206 0.410235 -0.157680
v 0.065192 0.410235 -0.151134
v 0.082297 0.410235 -0.142544
v 0.098289 0.410235 -0.132026
v 0.112951 0.410235 -0.119722
v 0.126087 0.410235 -0.105800
v 0.137517 0.410235 -0.090447
v 0.147087 0.410235 -0.073870
v 0.154668 0.410235 -0.056295
v 0.160158 0.410235 -0.037958
v 0.163482 0.410235 -0.019108
v 0.164595 0.410235 -0.000000
v 0.162396 0.412580 0.018981
v 0.159094 0.412580 0.037706
v 0.153641 0.412580 0.055921
v 0.146110 0.412580 0.073379
v 0.136603 0.412580 0.089846
v 0.125249 0.412580 0.105097
v 0.112201 0.412580 0.118927
v 0.097636 0.412580 0.131149
v 0.081750 0.412580 0.141597
v 0.064759 0.412580 0.150130
v 0.046892 0.412580 0.156633
v 0.028391 0.412580 0.161018
v 0.009506 0.412580 0.163225
v -0.009507 0.412580 0.163225
v -0.028392 0.412580 0.161018
v -0.046893 0.412580 0.156633
v -0.064760 0.412580 0.150130
v -0.081751 0.412580 0.141597
v -0.097637 0.412580 0.131149
v -0.112202 0.412580 0.118927
v -0.125250 0.412580 0.105097
v -0.136604 0.412580 0.089846
v -0.146111 0.412580 0.073379
v -0.153642 0.412580 0.055921
v -0.159095 0.412580 0.037706
v -0.162397 0.412580 0.018981
v -0.163502 0.412580 -0.000000
v -0.162397 0.412580 -0.018981
v -0.159095 0.412580 -0.037706
v -0.153642 0.412580 -0.055921
v -0.146111 0.412580 -0.073380
v -0.136604 0.412580 -0.089846
v -0.125250 0.412580 -0.105097
v -0.112202 0.412580 -0.118927
v -0.097637 0.412580 -0.131149
v -0.081751 0.412580 -0.141597
v -0.064760 0.412580 -0.150130
v -0.046893 0.412580 -0.156633
v -0.028392 0.412580 -0.161018
v -0.009507 0.412580 -0.163225
v 0.009506 0.412580 -0.163225
v 0.028391 0.412580 -0.161018
v 0.046892 0.412580 -0.156633
v 0.064759 0.412580 -0.150130
v 0.081750 0.412580 -0.141597
v 0.097636 0.412580 -0.131149
v 0.112201 0.412580 -0.118927
v 0.125249 0.412580 -0.105097
v 0.136603 0.412580 -0.089846
v 0.146110 0.412580 -0.073380
v 0.153641 0.412580 -0.055921
v 0.159094 0.412580 -0.037706
v 0.162396 0.412580 -0.018981
v 0.163501 0.412580 -0.000000
v 0.160922 0.414699 0.018809
v 0.157650 0.414699 0.037364
v 0.152247 0.414699 0.055413
v 0.144784 0.414699 0.072714
v 0.135364 0.414699 0.089030
v 0.124113 0.414699 0.104143
v 0.111183 0.414699 0.117848
v 0.096750 0.414699 0.129958
v 0.081008 0.414699 0.140312
v 0.064172 0.414699 0.148768
v 0.046467 0.414699 0.155212
v 0.028134 0.414699 0.159557
v 0.009420 0.414699 0.161744
v -0.009421 0.414699 0.161744
v -0.028135 0.414699 0.159557
v -0.046468 0.414699 0.155212
v -0.064173 0.414699 0.148768
v -0.081009 0.414699 0.140312
v -0.096751 0.414699 0.129958
v -0.111184 0.414699 0.117848
v -0.124114 0.414699 0.104143
v -0.135365 0.414699 0.089030
v -0.144785 0.414699 0.072714
v -0.152248 0.414699 0.055413
v -0.157651 0.414699 0.037364
v -0.160923 0.414699 0.018809
v -0.162019 0.414699 -0.000000
v -0.160923 0.414699 -0.018809
v -0.157651 0.414699 -0.037364
v -0.152248 0.414699 -0.055413
v -0.144785 0.414699 -0.072714
v -0.135365 0.414699 -0.089030
v -0.124114 0.414699 -0.104143
v -0.111184 0.414699 -0.117848
v -0.096751 0.414699 -0.129959
v -0.081009 0.414699 -0.140312
v -0.064173 0.414699 -0.148768
v -0.046468 0.414699 -0.155212
v -0.028135 0.414699 -0.159557
v -0.009421 0.414699 -0.161744
v 0.009420 0.414699 -0.161744
v 0.028134 0.414699 -0.159557
v 0.046467 0.414699 -0.155212
v 0.064172 0.414699 -0.148768
v 0.081008 0.414699 -0.140312
v 0.096750 0.414699 -0.129959
v 0.111183 0.414699 -0.117848
v 0.124113 0.414699 -0.104143
v 0.135364 0.414699 -0.089030
v 0.144784 0.414699 -0.072714
v 0.152247 0.414699 -0.055413
v 0.157650 0.414699 -0.037364
v 0.160922 0.414699 -0.018809
v 0.162018 0.414699 -0.000000
v 0.159105 0.416528 0.018597
v 0.155870 0.416528 0.036942
v 0.150528 0.416528 0.054788
v 0.143150 0.416528 0.071893
v 0.133836 0.416528 0.088025
v 0.122711 0.416528 0.102967
v 0.109928 0.416528 0.116517
v 0.095658 0.416528 0.128491
v 0.080094 0.416528 0.138728
v 0.063447 0.416528 0.147088
v 0.045942 0.416528 0.153459
v 0.027816 0.416528 0.157755
v 0.009314 0.416528 0.159918
v -0.009315 0.416528 0.159918
v -0.027817 0.416528 0.157755
v -0.045943 0.416528 0.153459
v -0.063448 0.416528 0.147088
v -0.080095 0.416528 0.138728
v -0.095659 0.416528 0.128491
v -0.109929 0.416528 0.116517
v -0.122712 0.416528 0.102967
v -0.133837 0.416528 0.088025
v -0.143150 0.416528 0.071893
v -0.150529 0.416528 0.054788
v -0.155871 0.416528 0.036942
v -0.159106 0.416528 0.018597
v -0.160189 0.416528 -0.000000
v -0.159106 0.416528 -0.018597
v -0.155871 0.416528 -0.036942
v -0.150529 0.416528 -0.054788
v -0.143150 0.416528 -0.071893
v -0.133837 0.416528 -0.088025
v -0.122712 0.416528 -0.102967
v -0.109929 0.416528 -0.116517
v -0.095659 0.416528 -0.128491
v -0.080095 0.416528 -0.138728
v -0.063448 0.416528 -0.147088
v -0.045943 0.416528 -0.153459
v -0.027817 0.416528 -0.157755
v -0.009315 0.416528 -0.159918
v 0.009314 0.416528 -0.159918
v 0.027816 0.416528 -0.157755
v 0.045942 0.416528 -0.153459
v 0.063447 0.416528 -0.147088
v 0.080094 0.416528 -0.138728
v 0.095658 0.416528 -0.128491
v 0.109928 0.416528 -0.116517
v 0.122711 0.416528 -0.102967
v 0.133836 0.416528 -0.088025
v 0.143150 0.416528 -0.071893
v 0.150528 0.416528 -0.054788
v 0.155870 0.416528 -0.036942
v 0.159105 0.416528 -0.018597
v 0.160188 0.416528 -0.000000
v 0.157001 0.418012 0.018351
v 0.153809 0.418012 0.036453
v 0.148537 0.418012 0.054063
v 0.141256 0.418012 0.070942
v 0.132065 0.418012 0.086861
v 0.121088 0.418012 0.101605
v 0.108474 0.418012 0.114976
v 0.094393 0.418012 0.126792
v 0.079035 0.418012 0.136893
v 0.062608 0.418012 0.145142
v 0.045335 0.418012 0.151429
v 0.027448 0.418012 0.155669
v 0.009191 0.418012 0.157803
v -0.009191 0.418012 0.157803
v -0.027449 0.418012 0.155669
v -0.045336 0.418012 0.151429
v -0.062609 0.418012 0.145142
v -0.079036 0.418012 0.136893
v -0.094393 0.418012 0.126792
v -0.108475 0.418012 0.114976
v -0.121089 0.418012 0.101605
v -0.132066 0.418012 0.086861
v -0.141257 0.418012 0.070942
v -0.148538 0.418012 0.054063
v -0.153810 0.418012 0.036453
v -0.157002 0.418012 0.018351
v -0.158071 0.418012 -0.000000
v -0.157002 0.418012 -0.018351
v -0.153810 0.418012 -0.036454
v -0.148538 0.418012 -0.054063
v -0.141257 0.418012 -0.070942
v -0.132066 0.418012 -0.086861
v -0.121089 0.418012 -0.101605
v -0.108475 0.418012 -0.114976
v -0.094393 0.418012 -0.126792
v -0.079036 0.418012 -0.136893
v -0.062609 0.418012 -0.145142
v -0.045336 0.418012 -0.151429
v -0.027449 0.418012 -0.155669
v -0.009191 0.418012 -0.157803
v 0.009191 0.418012 -0.157803
v 0.027448 0.418012 -0.155669
v 0.045335 0.418012 -0.151429
v 0.062608 0.418012 -0.145142
v 0.079035 0.418012 -0.136893
v 0.094393 0.418012 -0.126792
v 0.108474 0.418012 -0.114976
v 0.121088 0.418012 -0.101605
v 0.132065 0.418012 -0.086861
v 0.141256 0.418012 -0.070942
v 0.148537 0.418012 -0.054063
v 0.153809 0.418012 -0.036454
v 0.157001 0.418012 -0.018351
v 0.158070 0.418012 -0.000000
v 0.154672 0.419105 0.018079
v 0.151528 0.419105 0.035913
v 0.146334 0.419105 0.053261
v 0.139161 0.419105 0.069889
v 0.130106 0.419105 0.085573
v 0.119292 0.419105 0.100098
v 0.106865 0.419105 0.113271
v 0.092992 0.419105 0.124911
v 0.077862 0.419105 0.134862
v 0.061679 0.419105 0.142990
v 0.044662 0.419105 0.149183
v 0.027041 0.419105 0.153360
v 0.009054 0.419105 0.155462
v -0.009055 0.419105 0.155462
v -0.027042 0.419105 0.153360
v -0.044663 0.419105 0.149183
v -0.061680 0.419105 0.142990
v -0.077863 0.419105 0.134862
v -0.092993 0.419105 0.124911
v -0.106866 0.419105 0.113271
v -0.119293 0.419105 0.100098
v -0.130107 0.419105 0.085573
v -0.139162 0.419105 0.069889
v -0.146335 0.419105 0.053261
v -0.151528 0.419105 0.035913
v -0.154673 0.419105 0.018079
v -0.155726 0.419105 -0.000000
v -0.154673 0.419105 -0.018079
v -0.151528 0.419105 -0.035913
v -0.146335 0.419105 -0.053261
v -0.139162 0.419105 -0.069890
v -0.130107 0.419105 -0.085573
v -0.119293 0.419105 -0.100099
v -0.106866 0.419105 -0.113271
v -0.092993 0.419105 -0.124911
v -0.077863 0.419105 -0.134862
v -0.061680 0.419105 -0.142990
v -0.044663 0.419105 -0.149184
v -0.027042 0.419105 -0.153360
v -0.009055 0.419105 -0.155462
v 0.009054 0.419105 -0.155462
v 0.027041 0.419105 -0.153360
v 0.044662 0.419105 -0.149184
v 0.061679 0.419105 -0.142990
v 0.077862 0.419105 -0.134862
v 0.092992 0.419105 -0.124911
v 0.106865 0.419105 -0.113271
v 0.119292 0.419105 -0.100099
v 0.130106 0.419105 -0.085573
v 0.139161 0.419105 -0.069890
v 0.146334 0.419105 -0.053261
v 0.151528 0.419105 -0.035913
v 0.154672 0.419105 -0.018079
v 0.155725 0.419105 -0.000000
v 0.152190 0.419774 0.017788
v 0.149096 0.419774 0.035336
v 0.143986 0.419774 0.052407
v 0.136928 0.419774 0.068768
v 0.128019 0.419774 0.084200
v 0.117378 0.419774 0.098492
v 0.105150 0.419774 0.111453
v 0.091500 0.419774 0.122907
v 0.076613 0.419774 0.132698
v 0.060690 0.419774 0.140695
v 0.043945 0.419774 0.146790
v 0.026607 0.419774 0.150899
v 0.008909 0.419774 0.152968
v -0.008910 0.419774 0.152968
v -0.026608 0.419774 0.150899
v -0.043946 0.419774 0.146790
v -0.060690 0.419774 0.140695
v -0.076614 0.419774 0.132698
v -0.091501 0.419774 0.122907
v -0.105151 0.419774 0.111453
v -0.117379 0.419774 0.098492
v -0.128020 0.419774 0.084200
v -0.136929 0.419774 0.068768
v -0.143987 0.419774 0.052407
v -0.149097 0.419774 0.035336
v -0.152191 0.419774 0.017788
v -0.153227 0.419774 -0.000000
v -0.152191 0.419774 -0.017789
v -0.149097 0.419774 -0.035337
v -0.143987 0.419774 -0.052407
v -0.136929 0.419774 -0.068768
v -0.128020 0.419774 -0.084200
v -0.117379 0.419774 -0.098492
v -0.105151 0.419774 -0.111453
v -0.091501 0.419774 -0.122907
v -0.076614 0.419774 -0.132698
v -0.060690 0.419774 -0.140695
v -0.043946 0.419774 -0.146790
v -0.026608 0.419774 -0.150899
v -0.008910 0.419774 -0.152968
v 0.008909 0.419774 -0.152968
v 0.026607 0.419774 -0.150899
v 0.043945 0.419774 -0.146790
v 0.060690 0.419774 -0.140695
v 0.076613 0.419774 -0.132698
v 0.091500 0.419774 -0.122907
v 0.105150 0.419774 -0.111453
v 0.117378 0.419774 -0.098492
v 0.128019 0.419774 -0.084200
v 0.136928 0.419774 -0.068768
v 0.143986 0.419774 -0.052407
v 0.149096 0.419774 -0.035337
v 0.152190 0.419774 -0.017789
v 0.153226 0.419774 -0.000000
v 0.149631 0.420000 0.017489
v 0.146589 0.420000 0.034742
v 0.141564 0.420000 0.051525
v 0.134625 0.420000 0.067612
v 0.125866 0.420000 0.082783
v 0.115404 0.420000 0.096836
v 0.103382 0.420000 0.109579
v 0.089961 0.420000 0.120840
v 0.075325 0.420000 0.130467
v 0.059669 0.420000 0.138329
v 0.043206 0.420000 0.144321
v 0.026159 0.420000 0.148361
v 0.008759 0.420000 0.150395
v -0.008760 0.420000 0.150395
v -0.026160 0.420000 0.148361
v -0.043207 0.420000 0.144321
v -0.059670 0.420000 0.138329
v -0.075325 0.420000 0.130467
v -0.089962 0.420000 0.120840
v -0.103383 0.420000 0.109579
v -0.115405 0.420000 0.096836
v -0.125867 0.420000 0.082783
v -0.134626 0.420000 0.067612
v -0.141565 0.420000 0.051525
v -0.146590 0.420000 0.034742
v -0.149632 0.420000 0.017489
v -0.150651 0.420000 -0.000000
v -0.149632 0.420000 -0.017489
v -0.146590 0.420000 -0.034742
v -0.141565 0.420000 -0.051525
v -0.134626 0.420000 -0.067612
v -0.125867 0.420000 -0.082784
v -0.115405 0.420000 -0.096836
v -0.103383 0.420000 -0.109579
v -0.089962 0.420000 -0.120840
v -0.075325 0.420000 -0.130467
v -0.059670 0.420000 -0.138329
v -0.043207 0.420000 -0.144321
v -0.026160 0.420000 -0.148361
v -0.008760 0.420000 -0.150395
v 0.008759 0.420000 -0.150395
v 0.026159 0.420000 -0.148361
v 0.043206 0.420000 -0.144321
v 0.059669 0.420000 -0.138329
v 0.075325 0.420000 -0.130467
v 0.089961 0.420000 -0.120840
v 0.103382 0.420000 -0.109579
v 0.115404 0.420000 -0.096836
v 0.125866 0.420000 -0.082784
v 0.134625 0.420000 -0.067612
v 0.141564 0.420000 -0.051525
v 0.146589 0.420000 -0.034742
v 0.149631 0.420000 -0.017489
v 0.150650 0.420000 -0.000000
v 0.158815 -0.286000 -0.071577
v 0.168264 -0.286000 -0.045086
v 0.173326 -0.286000 -0.017420
v 0.165490 0.392000 -0.017420
v 0.165490 0.286000 -0.017420
v 0.173326 0.392000 -0.017420
v 0.173326 0.286000 -0.017420
v 0.173326 0.286000 0.017420
v 0.168264 0.286000 0.045086
v 0.098480 -0.399231 0.017365
v 0.103961 -0.420000 0.018331
v 0.093969 -0.399231 0.034202
v 0.099198 -0.420000 0.036105
v 0.086602 -0.399231 0.050000
v 0.091422 -0.420000 0.052782
v 0.076604 -0.399231 0.064279
v 0.080867 -0.420000 0.067856
v 0.064278 -0.399231 0.076604
v 0.067855 -0.420000 0.080867
v 0.050000 -0.399231 0.086603
v 0.052782 -0.420000 0.091422
v 0.034201 -0.399231 0.093969
v 0.036105 -0.420000 0.099199
v 0.017364 -0.399231 0.098481
v 0.018331 -0.420000 0.103961
v -0.000000 -0.399231 0.100000
v -0.000000 -0.420000 0.105565
v -0.017365 -0.399231 0.098481
v -0.018332 -0.420000 0.103961
v -0.034202 -0.399231 0.093969
v -0.036106 -0.420000 0.099199
v -0.050000 -0.399231 0.086603
v -0.052783 -0.420000 0.091422
v -0.064279 -0.399231 0.076604
v -0.067856 -0.420000 0.080867
v -0.076605 -0.399231 0.064279
v -0.080868 -0.420000 0.067856
v -0.086603 -0.399231 0.050000
v -0.091423 -0.420000 0.052782
v -0.093970 -0.399231 0.034202
v -0.099199 -0.420000 0.036105
v -0.098481 -0.399231 0.017365
v -0.103962 -0.420000 0.018331
v -0.100000 -0.399231 -0.000000
v -0.105565 -0.420000 -0.000000
v -0.098481 -0.399231 -0.017365
v -0.103962 -0.420000 -0.018331
v -0.093970 -0.399231 -0.034202
v -0.099199 -0.420000 -0.036105
v -0.086603 -0.399231 -0.050000
v -0.091423 -0.420000 -0.052783
v -0.076605 -0.399231 -0.064279
v -0.080868 -0.420000 -0.067856
v -0.064279 -0.399231 -0.076605
v -0.067856 -0.420000 -0.080868
v -0.050000 -0.399231 -0.086603
v -0.052783 -0.420000 -0.091422
v -0.034202 -0.399231 -0.093969
v -0.036106 -0.420000 -0.099199
v -0.017365 -0.399231 -0.098481
v -0.018332 -0.420000 -0.103961
v -0.000000 -0.399231 -0.100000
v -0.000000 -0.420000 -0.105565
v 0.017364 -0.399231 -0.098481
v 0.018331 -0.420000 -0.103961
v 0.034201 -0.399231 -0.093969
v 0.036105 -0.420000 -0.099199
v 0.050000 -0.399231 -0.086603
v 0.052782 -0.420000 -0.091422
v 0.064278 -0.399231 -0.076605
v 0.067855 -0.420000 -0.080868
v 0.076604 -0.399231 -0.064279
v 0.080867 -0.420000 -0.067856
v 0.086602 -0.399231 -0.050000
v 0.091422 -0.420000 -0.052783
v 0.093969 -0.399231 -0.034202
v 0.099198 -0.420000 -0.036105
v 0.098480 -0.399231 -0.017365
v 0.103961 -0.420000 -0.018331
v 0.100000 -0.399231 -0.000000
v 0.105564 -0.420000 -0.000000
v -0.103962 0.420000 0.018331
v -0.099199 0.420000 0.036105
v -0.091423 0.420000 0.052782
v -0.080868 0.420000 0.067856
v -0.067856 0.420000 0.080867
v -0.052783 0.420000 0.091422
v -0.036106 0.420000 0.099199
v -0.018332 0.420000 0.103961
v -0.000000 0.420000 0.105565
v 0.018331 0.420000 0.103961
v 0.036105 0.420000 0.099199
v 0.052782 0.420000 0.091422
v 0.067855 0.420000 0.080867
v 0.080867 0.420000 0.067856
v 0.091422 0.420000 0.052782
v 0.099198 0.420000 0.036105
v 0.103961 0.420000 0.018331
v 0.105564 0.420000 -0.000000
v 0.103961 0.420000 -0.018331
v 0.099198 0.420000 -0.036105
v 0.091422 0.420000 -0.052783
v 0.080867 0.420000 -0.067856
v 0.067855 0.420000 -0.080868
v 0.052782 0.420000 -0.091422
v 0.036105 0.420000 -0.099199
v 0.018331 0.420000 -0.103961
v -0.000000 0.420000 -0.105565
v -0.018332 0.420000 -0.103961
v -0.036106 0.420000 -0.099199
v -0.052783 0.420000 -0.091422
v -0.067856 0.420000 -0.080868
v -0.080868 0.420000 -0.067856
v -0.091423 0.420000 -0.052783
v -0.099199 0.420000 -0.036105
v -0.103962 0.420000 -0.018331
v -0.105565 0.420000 -0.000000
v -0.098406 -0.239200 0.226551
v -0.033634 -0.239200 0.244699
v -0.106832 -0.239200 0.237038
v -0.099498 -0.239200 0.240209
v -0.067294 -0.239200 0.251141
v -0.066640 -0.239200 0.237841
v -0.033937 -0.239200 0.257776
v -0.026001 -0.239200 0.258697
v -0.180517 -0.239200 0.168591
v -0.200909 -0.239200 0.146017
v -0.201792 -0.239200 0.142440
v -0.128338 -0.239200 0.211042
v -0.155879 -0.239200 0.191601
v -0.151865 -0.239200 0.211038
v -0.158278 -0.239200 0.206272
v -0.183848 -0.239200 0.183848
v -0.206272 -0.239200 0.158278
v -0.211038 -0.239200 0.151865
v -0.164148 -0.407737 -0.019186
v -0.164372 -0.405160 -0.019212
v -0.161030 -0.405160 -0.038165
v -0.151552 -0.405160 -0.066477
v -0.147686 -0.407737 -0.074171
v -0.155298 -0.407737 -0.056524
v -0.160810 -0.407737 -0.038113
v -0.160426 -0.405160 -0.040625
v -0.155510 -0.405160 -0.056601
v -0.147888 -0.405160 -0.074272
v -0.138543 -0.405160 -0.090514
v -0.138077 -0.407737 -0.090814
v -0.138265 -0.405160 -0.090938
v -0.126773 -0.405160 -0.106375
v -0.126601 -0.407737 -0.106230
v -0.121756 -0.405160 -0.112083
v -0.113412 -0.407737 -0.120209
v -0.113566 -0.405160 -0.120373
v -0.098690 -0.407737 -0.132563
v -0.101647 -0.405160 -0.130595
v -0.098824 -0.405160 -0.132743
v -0.082746 -0.405160 -0.143319
v -0.082633 -0.407737 -0.143123
v -0.078765 -0.405160 -0.145544
v -0.065459 -0.407737 -0.151749
v -0.065548 -0.405160 -0.151956
v -0.047399 -0.407737 -0.158322
v -0.053735 -0.405160 -0.156523
v -0.047464 -0.405160 -0.158538
v -0.028738 -0.405160 -0.162976
v -0.028698 -0.407737 -0.162754
v -0.027239 -0.405160 -0.163233
v -0.009610 -0.407737 -0.164985
v -0.009623 -0.405160 -0.165210
v -0.000000 -0.405160 -0.165490
v 0.009609 -0.407737 -0.164985
v 0.009622 -0.405160 -0.165210
v 0.028697 -0.407737 -0.162754
v 0.027238 -0.405160 -0.163233
v 0.028737 -0.405160 -0.162976
v 0.047463 -0.405160 -0.158538
v 0.047398 -0.407737 -0.158322
v 0.053734 -0.405160 -0.156523
v 0.065458 -0.407737 -0.151749
v 0.065547 -0.405160 -0.151956
v 0.082632 -0.407737 -0.143123
v 0.078764 -0.405160 -0.145544
v 0.082745 -0.405160 -0.143319
v 0.098823 -0.405160 -0.132743
v 0.098689 -0.407737 -0.132563
v 0.101646 -0.405160 -0.130595
v 0.113411 -0.407737 -0.120209
v 0.113565 -0.405160 -0.120373
v 0.126600 -0.407737 -0.106230
v 0.121755 -0.405160 -0.112083
v 0.126772 -0.405160 -0.106375
v 0.138264 -0.405160 -0.090938
v 0.138076 -0.407737 -0.090814
v 0.138542 -0.405160 -0.090514
v 0.147685 -0.407737 -0.074171
v 0.147887 -0.405160 -0.074272
v 0.151551 -0.405160 -0.066477
v 0.155297 -0.407737 -0.056524
v 0.155509 -0.405160 -0.056601
v 0.160809 -0.407737 -0.038113
v 0.160426 -0.405160 -0.040625
v 0.161029 -0.405160 -0.038165
v 0.164371 -0.405160 -0.019212
v 0.164147 -0.407737 -0.019186
v 0.164924 -0.405160 -0.013666
v 0.165264 -0.407737 -0.000000
v 0.165490 -0.405160 -0.000000
v 0.164147 -0.407737 0.019186
v 0.164924 -0.405160 0.013666
v 0.151551 -0.405160 0.066477
v 0.147685 -0.407737 0.074171
v 0.155297 -0.407737 0.056524
v 0.164371 -0.405160 0.019212
v 0.161029 -0.405160 0.038165
v 0.160809 -0.407737 0.038113
v 0.160426 -0.405160 0.040625
v 0.155509 -0.405160 0.056601
v 0.147887 -0.405160 0.074272
v 0.138542 -0.405160 0.090514
v 0.138076 -0.407737 0.090814
v 0.138264 -0.405160 0.090938
v 0.126772 -0.405160 0.106375
v 0.126600 -0.407737 0.106230
v 0.121755 -0.405160 0.112083
v 0.113411 -0.407737 0.120209
v 0.113565 -0.405160 0.120373
v 0.098689 -0.407737 0.132563
v 0.101646 -0.405160 0.130595
v 0.098823 -0.405160 0.132743
v 0.082745 -0.405160 0.143319
v 0.082632 -0.407737 0.143123
v 0.078764 -0.405160 0.145544
v 0.065458 -0.407737 0.151749
v 0.065547 -0.405160 0.151956
v 0.047398 -0.407737 0.158322
v 0.053734 -0.405160 0.156523
v 0.047463 -0.405160 0.158538
v 0.028737 -0.405160 0.162976
v 0.028697 -0.407737 0.162754
v 0.027238 -0.405160 0.163233
v 0.009609 -0.407737 0.164985
v 0.009622 -0.405160 0.165210
v -0.000000 -0.405160 0.165490
v -0.009610 -0.407737 0.164985
v -0.009623 -0.405160 0.165210
v -0.028698 -0.407737 0.162754
v -0.027239 -0.405160 0.163233
v -0.028738 -0.405160 0.162976
v -0.047464 -0.405160 0.158538
v -0.047399 -0.407737 0.158322
v -0.053735 -0.405160 0.156523
v -0.065459 -0.407737 0.151749
v -0.065548 -0.405160 0.151956
v -0.082633 -0.407737 0.143123
v -0.078765 -0.405160 0.145544
v -0.082746 -0.405160 0.143319
v -0.098824 -0.405160 0.132743
v -0.098690 -0.407737 0.132563
v -0.101647 -0.405160 0.130595
v -0.113412 -0.407737 0.120209
v -0.113566 -0.405160 0.120373
v -0.126601 -0.407737 0.106230
v -0.121756 -0.405160 0.112083
v -0.126773 -0.405160 0.106375
v -0.138265 -0.405160 0.090938
v -0.138077 -0.407737 0.090814
v -0.138543 -0.405160 0.090514
v -0.147686 -0.407737 0.074171
v -0.147888 -0.405160 0.074272
v -0.151552 -0.405160 0.066477
v -0.155298 -0.407737 0.056524
v -0.155510 -0.405160 0.056601
v -0.160810 -0.407737 0.038113
v -0.160426 -0.405160 0.040625
v -0.161030 -0.405160 0.038165
v -0.164372 -0.405160 0.019212
v -0.164148 -0.407737 0.019186
v -0.164925 -0.405160 0.013666
v -0.165265 -0.407737 -0.000000
v -0.165491 -0.405160 -0.000000
v -0.164925 -0.405160 -0.013666
v -0.163483 -0.410236 0.019108
v -0.160159 -0.410236 0.037958
v -0.154669 -0.410236 0.056295
v -0.147088 -0.410236 0.073870
v -0.137518 -0.410236 0.090446
v -0.126088 -0.410236 0.105800
v -0.112952 -0.410236 0.119722
v -0.098290 -0.410236 0.132025
v -0.082298 -0.410236 0.142543
v -0.065193 -0.410236 0.151134
v -0.047207 -0.410236 0.157680
v -0.028582 -0.410236 0.162094
v -0.009571 -0.410236 0.164317
v 0.009570 -0.410236 0.164317
v 0.028581 -0.410236 0.162094
v 0.047206 -0.410236 0.157680
v 0.065192 -0.410236 0.151134
v 0.082297 -0.410236 0.142543
v 0.098289 -0.410236 0.132025
v 0.112951 -0.410236 0.119722
v 0.126087 -0.410236 0.105800
v 0.137517 -0.410236 0.090446
v 0.147087 -0.410236 0.073870
v 0.154668 -0.410236 0.056295
v 0.160158 -0.410236 0.037958
v 0.163482 -0.410236 0.019108
v 0.164595 -0.410236 -0.000000
v 0.163482 -0.410236 -0.019108
v 0.160158 -0.410236 -0.037958
v 0.154668 -0.410236 -0.056295
v 0.147087 -0.410236 -0.073870
v 0.137517 -0.410236 -0.090447
v 0.126087 -0.410236 -0.105800
v 0.112951 -0.410236 -0.119722
v 0.098289 -0.410236 -0.132026
v 0.082297 -0.410236 -0.142544
v 0.065192 -0.410236 -0.151134
v 0.047206 -0.410236 -0.157680
v 0.028581 -0.410236 -0.162095
v 0.009570 -0.410236 -0.164317
v -0.009571 -0.410236 -0.164317
v -0.028582 -0.410236 -0.162095
v -0.047207 -0.410236 -0.157680
v -0.065193 -0.410236 -0.151134
v -0.082298 -0.410236 -0.142544
v -0.098290 -0.410236 -0.132026
v -0.112952 -0.410236 -0.119722
v -0.126088 -0.410236 -0.105800
v -0.137518 -0.410236 -0.090447
v -0.147088 -0.410236 -0.073870
v -0.154669 -0.410236 -0.056295
v -0.160159 -0.410236 -0.037958
v -0.163483 -0.410236 -0.019108
v -0.164595 -0.410236 -0.000000
v -0.162397 -0.412580 0.018981
v -0.159095 -0.412580 0.037706
v -0.153642 -0.412580 0.055921
v -0.146111 -0.412580 0.073379
v -0.136604 -0.412580 0.089846
v -0.125250 -0.412580 0.105097
v -0.112202 -0.412580 0.118927
v -0.097637 -0.412580 0.131149
v -0.081751 -0.412580 0.141597
v -0.064760 -0.412580 0.150130
v -0.046893 -0.412580 0.156633
v -0.028392 -0.412580 0.161018
v -0.009507 -0.412580 0.163225
v 0.009506 -0.412580 0.163225
v 0.028391 -0.412580 0.161018
v 0.046892 -0.412580 0.156633
v 0.064759 -0.412580 0.150130
v 0.081750 -0.412580 0.141597
v 0.097636 -0.412580 0.131149
v 0.112201 -0.412580 0.118927
v 0.125249 -0.412580 0.105097
v 0.136603 -0.412580 0.089846
v 0.146110 -0.412580 0.073379
v 0.153641 -0.412580 0.055921
v 0.159094 -0.412580 0.037706
v 0.162396 -0.412580 0.018981
v 0.163501 -0.412580 -0.000000
v 0.162396 -0.412580 -0.018981
v 0.159094 -0.412580 -0.037706
v 0.153641 -0.412580 -0.055921
v 0.146110 -0.412580 -0.073380
v 0.136603 -0.412580 -0.089846
v 0.125249 -0.412580 -0.105097
v 0.112201 -0.412580 -0.118927
v 0.097636 -0.412580 -0.131149
v 0.081750 -0.412580 -0.141597
v 0.064759 -0.412580 -0.150130
v 0.046892 -0.412580 -0.156633
v 0.028391 -0.412580 -0.161018
v 0.009506 -0.412580 -0.163225
v -0.009507 -0.412580 -0.163225
v -0.028392 -0.412580 -0.161018
v -0.046893 -0.412580 -0.156633
v -0.064760 -0.412580 -0.150130
v -0.081751 -0.412580 -0.141597
v -0.097637 -0.412580 -0.131149
v -0.112202 -0.412580 -0.118927
v -0.125250 -0.412580 -0.105097
v -0.136604 -0.412580 -0.089846
v -0.146111 -0.412580 -0.073380
v -0.153642 -0.412580 -0.055921
v -0.159095 -0.412580 -0.037706
v -0.162397 -0.412580 -0.018981
v -0.163502 -0.412580 -0.000000
v -0.160923 -0.414699 0.018809
v -0.157651 -0.414699 0.037364
v -0.152248 -0.414699 0.055413
v -0.144785 -0.414699 0.072714
v -0.135365 -0.414699 0.089030
v -0.124114 -0.414699 0.104143
v -0.111184 -0.414699 0.117848
v -0.096751 -0.414699 0.129958
v -0.081009 -0.414699 0.140312
v -0.064173 -0.414699 0.148768
v -0.046468 -0.414699 0.155212
v -0.028135 -0.414699 0.159557
v -0.009421 -0.414699 0.161744
v 0.009420 -0.414699 0.161744
v 0.028134 -0.414699 0.159557
v 0.046467 -0.414699 0.155212
v 0.064172 -0.414699 0.148768
v 0.081008 -0.414699 0.140312
v 0.096750 -0.414699 0.129958
v 0.111183 -0.414699 0.117848
v 0.124113 -0.414699 0.104143
v 0.135364 -0.414699 0.089030
v 0.144784 -0.414699 0.072714
v 0.152247 -0.414699 0.055413
v 0.157650 -0.414699 0.037364
v 0.160922 -0.414699 0.018809
v 0.162018 -0.414699 -0.000000
v 0.160922 -0.414699 -0.018809
v 0.157650 -0.414699 -0.037364
v 0.152247 -0.414699 -0.055413
v 0.144784 -0.414699 -0.072714
v 0.135364 -0.414699 -0.089030
v 0.124113 -0.414699 -0.104143
v 0.111183 -0.414699 -0.117848
v 0.096750 -0.414699 -0.129959
v 0.081008 -0.414699 -0.140312
v 0.064172 -0.414699 -0.148768
v 0.046467 -0.414699 -0.155212
v 0.028134 -0.414699 -0.159557
v 0.009420 -0.414699 -0.161744
v -0.009421 -0.414699 -0.161744
v -0.028135 -0.414699 -0.159557
v -0.046468 -0.414699 -0.155212
v -0.064173 -0.414699 -0.148768
v -0.081009 -0.414699 -0.140312
v -0.096751 -0.414699 -0.129959
v -0.111184 -0.414699 -0.117848
v -0.124114 -0.414699 -0.104143
v -0.135365 -0.414699 -0.089030
v -0.144785 -0.414699 -0.072714
v -0.152248 -0.414699 -0.055413
v -0.157651 -0.414699 -0.037364
v -0.160923 -0.414699 -0.018809
v -0.162019 -0.414699 -0.000000
v -0.159106 -0.416528 0.018597
v -0.155871 -0.416528 0.036942
v -0.150529 -0.416528 0.054788
v -0.143150 -0.416528 0.071893
v -0.133837 -0.416528 0.088025
v -0.122712 -0.416528 0.102967
v -0.109929 -0.416528 0.116517
v -0.095659 -0.416528 0.128491
v -0.080095 -0.416528 0.138728
v -0.063448 -0.416528 0.147088
v -0.045943 -0.416528 0.153459
v -0.027817 -0.416528 0.157755
v -0.009315 -0.416528 0.159918
v 0.009314 -0.416528 0.159918
v 0.027816 -0.416528 0.157755
v 0.045942 -0.416528 0.153459
v 0.063447 -0.416528 0.147088
v 0.080094 -0.416528 0.138728
v 0.095658 -0.416528 0.128491
v 0.109928 -0.416528 0.116517
v 0.122711 -0.416528 0.102967
v 0.133836 -0.416528 0.088025
v 0.143150 -0.416528 0.071893
v 0.150528 -0.416528 0.054788
v 0.155870 -0.416528 0.036942
v 0.159105 -0.416528 0.018597
v 0.160188 -0.416528 -0.000000
v 0.159105 -0.416528 -0.018597
v 0.155870 -0.416528 -0.036942
v 0.150528 -0.416528 -0.054788
v 0.143150 -0.416528 -0.071893
v 0.133836 -0.416528 -0.088025
v 0.122711 -0.416528 -0.102967
v 0.109928 -0.416528 -0.116517
v 0.095658 -0.416528 -0.128491
v 0.080094 -0.416528 -0.138728
v 0.063447 -0.416528 -0.147088
v 0.045942 -0.416528 -0.153459
v 0.027816 -0.416528 -0.157755
v 0.009314 -0.416528 -0.159918
v -0.009315 -0.416528 -0.159918
v -0.027817 -0.416528 -0.157755
v -0.045943 -0.416528 -0.153459
v -0.063448 -0.416528 -0.147088
v -0.080095 -0.416528 -0.138728
v -0.095659 -0.416528 -0.128491
v -0.109929 -0.416528 -0.116517
v -0.122712 -0.416528 -0.102967
v -0.133837 -0.416528 -0.088025
v -0.143150 -0.416528 -0.071893
v -0.150529 -0.416528 -0.054788
v -0.155871 -0.416528 -0.036942
v -0.159106 -0.416528 -0.018597
v -0.160189 -0.416528 -0.000000
v -0.157002 -0.418012 0.018351
v -0.153810 -0.418012 0.036453
v -0.148538 -0.418012 0.054063
v -0.141257 -0.418012 0.070942
v -0.132066 -0.418012 0.086861
v -0.121089 -0.418012 0.101605
v -0.108475 -0.418012 0.114976
v -0.094393 -0.418012 0.126792
v -0.079036 -0.418012 0.136893
v -0.062609 -0.418012 0.145142
v -0.045336 -0.418012 0.151429
v -0.027449 -0.418012 0.155669
v -0.009191 -0.418012 0.157803
v 0.009191 -0.418012 0.157803
v 0.027448 -0.418012 0.155669
v 0.045335 -0.418012 0.151429
v 0.062608 -0.418012 0.145142
v 0.079035 -0.418012 0.136893
v 0.094393 -0.418012 0.126792
v 0.108474 -0.418012 0.114976
v 0.121088 -0.418012 0.101605
v 0.132065 -0.418012 0.086861
v 0.141256 -0.418012 0.070942
v 0.148537 -0.418012 0.054063
v 0.153809 -0.418012 0.036453
v 0.157001 -0.418012 0.018351
v 0.158070 -0.418012 -0.000000
v 0.157001 -0.418012 -0.018351
v 0.153809 -0.418012 -0.036454
v 0.148537 -0.418012 -0.054063
v 0.141256 -0.418012 -0.070942
v 0.132065 -0.418012 -0.086861
v 0.121088 -0.418012 -0.101605
v 0.108474 -0.418012 -0.114976
v 0.094393 -0.418012 -0.126792
v 0.079035 -0.418012 -0.136893
v 0.062608 -0.418012 -0.145142
v 0.045335 -0.418012 -0.151429
v 0.027448 -0.418012 -0.155669
v 0.009191 -0.418012 -0.157803
v -0.009191 -0.418012 -0.157803
v -0.027449 -0.418012 -0.155669
v -0.045336 -0.418012 -0.151429
v -0.062609 -0.418012 -0.145142
v -0.079036 -0.418012 -0.136893
v -0.094393 -0.418012 -0.126792
v -0.108475 -0.418012 -0.114976
v -0.121089 -0.418012 -0.101605
v -0.132066 -0.418012 -0.086861
v -0.141257 -0.418012 -0.070942
v -0.148538 -0.418012 -0.054063
v -0.153810 -0.418012 -0.036454
v -0.157002 -0.418012 -0.018351
v -0.158071 -0.418012 -0.000000
v -0.154673 -0.419105 0.018079
v -0.151528 -0.419105 0.035913
v -0.146335 -0.419105 0.053261
v -0.139162 -0.419105 0.069889
v -0.130107 -0.419105 0.085573
v -0.119293 -0.419105 0.100098
v -0.106866 -0.419105 0.113271
v -0.092993 -0.419105 0.124911
v -0.077863 -0.419105 0.134862
v -0.061680 -0.419105 0.142990
v -0.044663 -0.419105 0.149183
v -0.027042 -0.419105 0.153360
v -0.009055 -0.419105 0.155462
v 0.009054 -0.419105 0.155462
v 0.027041 -0.419105 0.153360
v 0.044662 -0.419105 0.149183
v 0.061679 -0.419105 0.142990
v 0.077862 -0.419105 0.134862
v 0.092992 -0.419105 0.124911
v 0.106865 -0.419105 0.113271
v 0.119292 -0.419105 0.100098
v 0.130106 -0.419105 0.085573
v 0.139161 -0.419105 0.069889
v 0.146334 -0.419105 0.053261
v 0.151528 -0.419105 0.035913
v 0.154672 -0.419105 0.018079
v 0.155725 -0.419105 -0.000000
v 0.154672 -0.419105 -0.018079
v 0.151528 -0.419105 -0.035913
v 0.146334 -0.419105 -0.053261
v 0.139161 -0.419105 -0.069890
v 0.130106 -0.419105 -0.085573
v 0.119292 -0.419105 -0.100099
v 0.106865 -0.419105 -0.113271
v 0.092992 -0.419105 -0.124911
v 0.077862 -0.419105 -0.134862
v 0.061679 -0.419105 -0.142990
v 0.044662 -0.419105 -0.149184
v 0.027041 -0.419105 -0.153360
v 0.009054 -0.419105 -0.155462
v -0.009055 -0.419105 -0.155462
v -0.027042 -0.419105 -0.153360
v -0.044663 -0.419105 -0.149184
v -0.061680 -0.419105 -0.142990
v -0.077863 -0.419105 -0.134862
v -0.092993 -0.419105 -0.124911
v -0.106866 -0.419105 -0.113271
v -0.119293 -0.419105 -0.100099
v -0.130107 -0.419105 -0.085573
v -0.139162 -0.419105 -0.069890
v -0.146335 -0.419105 -0.053261
v -0.151528 -0.419105 -0.035913
v -0.154673 -0.419105 -0.018079
v -0.155726 -0.419105 -0.000000
v -0.152191 -0.419775 0.017788
v -0.149097 -0.419775 0.035336
v -0.143987 -0.419775 0.052407
v -0.136929 -0.419775 0.068768
v -0.128020 -0.419775 0.084200
v -0.117379 -0.419775 0.098492
v -0.105151 -0.419775 0.111453
v -0.091501 -0.419775 0.122907
v -0.076614 -0.419775 0.132698
v -0.060690 -0.419775 0.140695
v -0.043946 -0.419775 0.146790
v -0.026608 -0.419775 0.150899
v -0.008910 -0.419775 0.152968
v 0.008909 -0.419775 0.152968
v 0.026607 -0.419775 0.150899
v 0.043945 -0.419775 0.146790
v 0.060690 -0.419775 0.140695
v 0.076613 -0.419775 0.132698
v 0.091500 -0.419775 0.122907
v 0.105150 -0.419775 0.111453
v 0.117378 -0.419775 0.098492
v 0.128019 -0.419775 0.084200
v 0.136928 -0.419775 0.068768
v 0.143986 -0.419775 0.052407
v 0.149096 -0.419775 0.035336
v 0.152190 -0.419775 0.017788
v 0.153226 -0.419775 -0.000000
v 0.152190 -0.419775 -0.017789
v 0.149096 -0.419775 -0.035337
v 0.143986 -0.419775 -0.052407
v 0.136928 -0.419775 -0.068768
v 0.128019 -0.419775 -0.084200
v 0.117378 -0.419775 -0.098492
v 0.105150 -0.419775 -0.111453
v 0.091500 -0.419775 -0.122907
v 0.076613 -0.419775 -0.132698
v 0.060690 -0.419775 -0.140695
v 0.043945 -0.419775 -0.146790
v 0.026607 -0.419775 -0.150899
v 0.008909 -0.419775 -0.152968
v -0.008910 -0.419775 -0.152968
v -0.026608 -0.419775 -0.150899
v -0.043946 -0.419775 -0.146790
v -0.060690 -0.419775 -0.140695
v -0.076614 -0.419775 -0.132698
v -0.091501 -0.419775 -0.122907
v -0.105151 -0.419775 -0.111453
v -0.117379 -0.419775 -0.098492
v -0.128020 -0.419775 -0.084200
v -0.136929 -0.419775 -0.068768
v -0.143987 -0.419775 -0.052407
v -0.149097 -0.419775 -0.035337
v -0.152191 -0.419775 -0.017789
v -0.153227 -0.419775 -0.000000
v -0.149632 -0.420000 0.017489
v -0.146590 -0.420000 0.034742
v -0.141565 -0.420000 0.051525
v -0.134626 -0.420000 0.067612
v -0.125867 -0.420000 0.082783
v -0.115405 -0.420000 0.096836
v -0.103383 -0.420000 0.109579
v -0.089962 -0.420000 0.120840
v -0.075325 -0.420000 0.130467
v -0.059670 -0.420000 0.138329
v -0.043207 -0.420000 0.144321
v -0.026160 -0.420000 0.148361
v -0.008760 -0.420000 0.150395
v 0.008759 -0.420000 0.150395
v 0.026159 -0.420000 0.148361
v 0.043206 -0.420000 0.144321
v 0.059669 -0.420000 0.138329
v 0.075325 -0.420000 0.130467
v 0.089961 -0.420000 0.120840
v 0.103382 -0.420000 0.109579
v 0.115404 -0.420000 0.096836
v 0.125866 -0.420000 0.082783
v 0.134625 -0.420000 0.067612
v 0.141564 -0.420000 0.051525
v 0.146589 -0.420000 0.034742
v 0.149631 -0.420000 0.017489
v 0.150650 -0.420000 -0.000000
v 0.149631 -0.420000 -0.017489
v 0.146589 -0.420000 -0.034742
v 0.141564 -0.420000 -0.051525
v 0.134625 -0.420000 -0.067612
v 0.125866 -0.420000 -0.082784
v 0.115404 -0.420000 -0.096836
v 0.103382 -0.420000 -0.109579
v 0.089961 -0.420000 -0.120840
v 0.075325 -0.420000 -0.130467
v 0.059669 -0.420000 -0.138329
v 0.043206 -0.420000 -0.144321
v 0.026159 -0.420000 -0.148361
v 0.008759 -0.420000 -0.150395
v -0.008760 -0.420000 -0.150395
v -0.026160 -0.420000 -0.148361
v -0.043207 -0.420000 -0.144321
v -0.059670 -0.420000 -0.138329
v -0.075325 -0.420000 -0.130467
v -0.089962 -0.420000 -0.120840
v -0.103383 -0.420000 -0.109579
v -0.115405 -0.420000 -0.096836
v -0.125867 -0.420000 -0.082784
v -0.134626 -0.420000 -0.067612
v -0.141565 -0.420000 -0.051525
v -0.146590 -0.420000 -0.034742
v -0.149632 -0.420000 -0.017489
v -0.150651 -0.420000 -0.000000
v 0.050253 -0.266500 -0.241834
v 0.033633 -0.266500 -0.244699
v 0.082715 -0.266500 -0.232738
v 0.066639 -0.266500 -0.237841
v 0.142440 -0.266500 -0.201792
v 0.128337 -0.266500 -0.211042
v 0.113636 -0.266500 -0.219308
v 0.098405 -0.266500 -0.226551
v 0.168590 -0.266500 -0.180517
v 0.155878 -0.266500 -0.191601
v 0.191600 -0.266500 -0.155879
v 0.180516 -0.266500 -0.168591
v 0.226551 -0.266500 -0.098405
v 0.219307 -0.266500 -0.113636
v 0.211041 -0.266500 -0.128337
v 0.201791 -0.266500 -0.142440
v 0.237840 -0.266500 -0.066640
v 0.232738 -0.266500 -0.082715
v 0.244699 -0.266500 -0.033633
v 0.241833 -0.266500 -0.050254
v 0.244699 -0.266500 0.033633
v 0.246424 -0.266500 0.016856
v 0.247000 -0.266500 -0.000000
v 0.246424 -0.266500 -0.016856
v 0.237840 -0.266500 0.066640
v 0.241833 -0.266500 0.050254
v 0.226551 -0.266500 0.098405
v 0.232738 -0.266500 0.082715
v 0.191600 -0.266500 0.155879
v 0.201791 -0.266500 0.142440
v 0.211041 -0.266500 0.128337
v 0.219307 -0.266500 0.113636
v 0.168590 -0.266500 0.180516
v 0.180516 -0.266500 0.168591
v 0.113636 -0.266500 0.219308
v 0.128337 -0.266500 0.211042
v 0.142440 -0.266500 0.201791
v 0.155878 -0.266500 0.191601
v 0.082715 -0.266500 0.232738
v 0.098405 -0.266500 0.226551
v 0.050253 -0.266500 0.241834
v 0.066639 -0.266500 0.237841
v 0.016855 -0.266500 0.246424
v 0.033633 -0.266500 0.244699
v -0.016856 -0.266500 0.246424
v -0.000000 -0.266500 0.247000
v -0.050254 -0.266500 0.241834
v -0.033634 -0.266500 0.244699
v -0.082716 -0.266500 0.232738
v -0.066640 -0.266500 0.237841
v -0.142441 -0.266500 0.201791
v -0.128338 -0.266500 0.211042
v -0.113637 -0.266500 0.219308
v -0.098406 -0.266500 0.226551
v -0.168591 -0.266500 0.180516
v -0.155879 -0.266500 0.191601
v -0.191601 -0.266500 0.155879
v -0.180517 -0.266500 0.168591
v -0.232739 -0.266500 0.082715
v -0.226552 -0.266500 0.098405
v -0.219308 -0.266500 0.113636
v -0.211042 -0.266500 0.128337
v -0.201792 -0.266500 0.142440
v -0.244700 -0.266500 0.033633
v -0.241834 -0.266500 0.050254
v -0.237841 -0.266500 0.066640
v -0.246425 -0.239200 -0.016856
v -0.246425 -0.266500 -0.016856
v -0.247001 -0.266500 -0.000000
v -0.246425 -0.266500 0.016856
v -0.241834 -0.239200 -0.050254
v -0.232739 -0.239200 -0.082715
v -0.232739 -0.266500 -0.082715
v -0.237841 -0.266500 -0.066640
v -0.241834 -0.266500 -0.050254
v -0.244700 -0.266500 -0.033633
v -0.180517 -0.266500 -0.168591
v -0.191601 -0.266500 -0.155879
v -0.201792 -0.266500 -0.142440
v -0.211042 -0.266500 -0.128337
v -0.219308 -0.239200 -0.113636
v -0.219308 -0.266500 -0.113636
v -0.226552 -0.266500 -0.098405
v -0.128338 -0.266500 -0.211042
v -0.142441 -0.266500 -0.201792
v -0.155879 -0.266500 -0.191601
v -0.168591 -0.266500 -0.180517
v -0.113637 -0.266500 -0.219308
v -0.098406 -0.266500 -0.226551
v -0.033634 -0.266500 -0.244699
v -0.050254 -0.266500 -0.241834
v -0.066640 -0.266500 -0.237841
v -0.082716 -0.266500 -0.232738
v 0.016855 -0.266500 -0.246424
v -0.000000 -0.266500 -0.247000
v -0.016856 -0.266500 -0.246424
v 0.180516 0.239200 0.168591
v 0.200908 0.239200 0.146017
v 0.201791 0.239200 0.142440
v 0.128337 0.239200 0.211042
v 0.155878 0.239200 0.191601
v -0.226909 -0.239200 -0.100983
v -0.258697 -0.239200 -0.026000
v -0.257776 -0.239200 -0.033937
v -0.251141 -0.239200 -0.067293
v -0.240209 -0.239200 -0.099498
v -0.237038 -0.239200 -0.106832
v -0.247001 -0.239200 -0.026000
v -0.000000 0.266500 -0.247000
v 0.016855 0.266500 -0.246424
v 0.033633 0.266500 -0.244699
v 0.050253 0.266500 -0.241834
v 0.066639 0.266500 -0.237841
v 0.082715 0.266500 -0.232738
v 0.098405 0.266500 -0.226551
v 0.113636 0.266500 -0.219308
v 0.128337 0.266500 -0.211042
v 0.142440 0.266500 -0.201792
v 0.155878 0.266500 -0.191601
v 0.168590 0.266500 -0.180517
v 0.180516 0.266500 -0.168591
v 0.191600 0.266500 -0.155879
v 0.201791 0.266500 -0.142440
v 0.211041 0.266500 -0.128337
v 0.219307 0.239200 -0.113636
v 0.219307 0.266500 -0.113636
v 0.232738 0.239200 -0.082715
v 0.226551 0.266500 -0.098405
v 0.232738 0.266500 -0.082715
v 0.241833 0.239200 -0.050254
v 0.237840 0.266500 -0.066640
v 0.241833 0.266500 -0.050254
v 0.246424 0.239200 -0.016856
v 0.244699 0.266500 -0.033633
v 0.246424 0.266500 -0.016856
v 0.247000 0.266500 -0.000000
v 0.246424 0.266500 0.016856
v 0.244699 0.266500 0.033633
v 0.241833 0.266500 0.050254
v 0.237840 0.266500 0.066640
v 0.232738 0.266500 0.082715
v 0.226551 0.266500 0.098405
v 0.219307 0.266500 0.113636
v 0.211041 0.266500 0.128337
v 0.201791 0.266500 0.142440
v 0.191600 0.266500 0.155879
v 0.180516 0.266500 0.168591
v 0.168590 0.266500 0.180516
v 0.155878 0.266500 0.191601
v 0.142440 0.266500 0.201791
v 0.128337 0.266500 0.211042
v 0.113636 0.266500 0.219308
v 0.098405 0.266500 0.226551
v 0.082715 0.266500 0.232738
v 0.066639 0.266500 0.237841
v 0.050253 0.266500 0.241834
v 0.033633 0.266500 0.244699
v 0.016855 0.266500 0.246424
v -0.000000 0.266500 0.247000
v -0.016856 0.266500 0.246424
v -0.033634 0.266500 0.244699
v -0.050254 0.266500 0.241834
v -0.066640 0.266500 0.237841
v -0.082716 0.266500 0.232738
v -0.098406 0.266500 0.226551
v -0.113637 0.266500 0.219308
v -0.128338 0.239200 0.211042
v -0.128338 0.266500 0.211042
v -0.142441 0.266500 0.201791
v -0.155879 0.239200 0.191601
v -0.155879 0.266500 0.191601
v -0.168591 0.266500 0.180516
v -0.180517 0.239200 0.168591
v -0.180517 0.266500 0.168591
v -0.191601 0.266500 0.155879
v -0.201792 0.239200 0.142440
v -0.201792 0.266500 0.142440
v -0.213909 0.239200 0.123500
v -0.211042 0.266500 0.128337
v -0.219308 0.239200 0.113636
v -0.219308 0.266500 0.113636
v -0.226552 0.266500 0.098405
v -0.232739 0.239200 0.082715
v -0.232739 0.266500 0.082715
v -0.237841 0.266500 0.066640
v -0.241834 0.239200 0.050254
v -0.241834 0.266500 0.050254
v -0.244700 0.266500 0.033633
v -0.246425 0.239200 0.016856
v -0.246425 0.266500 0.016856
v -0.247001 0.239200 -0.000000
v -0.247001 0.266500 -0.000000
v -0.246425 0.239200 -0.016856
v -0.246425 0.266500 -0.016856
v -0.244700 0.266500 -0.033633
v -0.241834 0.239200 -0.050254
v -0.241834 0.266500 -0.050254
v -0.237841 0.266500 -0.066640
v -0.232739 0.239200 -0.082715
v -0.232739 0.266500 -0.082715
v -0.226552 0.266500 -0.098405
v -0.219308 0.239200 -0.113636
v -0.219308 0.266500 -0.113636
v -0.211042 0.266500 -0.128337
v -0.201792 0.266500 -0.142440
v -0.191601 0.266500 -0.155879
v -0.180517 0.266500 -0.168591
v -0.168591 0.266500 -0.180517
v -0.155879 0.266500 -0.191601
v -0.142441 0.266500 -0.201792
v -0.128338 0.266500 -0.211042
v -0.113637 0.266500 -0.219308
v -0.098406 0.266500 -0.226551
v -0.082716 0.266500 -0.232738
v -0.066640 0.266500 -0.237841
v -0.050254 0.266500 -0.241834
v -0.033634 0.266500 -0.244699
v -0.016856 0.266500 -0.246424
v 0.168264 0.392000 -0.045086
v 0.168264 0.286000 -0.045086
v 0.206062 0.286000 -0.028323
v 0.207999 0.286000 -0.000000
v 0.200286 0.286000 -0.056118
v 0.190780 0.286000 -0.082867
v 0.177719 0.286000 -0.108074
v 0.161347 0.286000 -0.131266
v 0.141971 0.286000 -0.152014
v 0.119949 0.286000 -0.169930
v 0.095693 0.286000 -0.184680
v 0.069654 0.286000 -0.195990
v 0.042318 0.286000 -0.203650
v 0.014194 0.286000 -0.207515
v -0.014195 0.286000 -0.207515
v -0.042319 0.286000 -0.203650
v -0.069655 0.286000 -0.195990
v -0.095694 0.286000 -0.184680
v -0.119950 0.286000 -0.169930
v -0.141972 0.286000 -0.152014
v -0.161348 0.286000 -0.131266
v -0.177720 0.286000 -0.108074
v -0.190781 0.286000 -0.082867
v -0.200287 0.286000 -0.056118
v -0.206063 0.286000 -0.028323
v -0.208000 0.286000 -0.000000
v -0.206063 0.286000 0.028323
v -0.200287 0.286000 0.056118
v -0.190781 0.286000 0.082867
v -0.177720 0.286000 0.108073
v -0.161348 0.286000 0.131266
v -0.141972 0.286000 0.152014
v -0.119950 0.286000 0.169930
v -0.095694 0.286000 0.184680
v -0.069655 0.286000 0.195990
v -0.042319 0.286000 0.203649
v -0.014195 0.286000 0.207515
v 0.014194 0.286000 0.207515
v 0.042318 0.286000 0.203649
v 0.069654 0.286000 0.195990
v 0.095693 0.286000 0.184680
v 0.119949 0.286000 0.169930
v 0.141971 0.286000 0.152014
v 0.161347 0.286000 0.131266
v 0.177719 0.286000 0.108073
v 0.190780 0.286000 0.082867
v 0.200286 0.286000 0.056118
v 0.206062 0.286000 0.028323
v -0.165491 0.286000 0.017420
v -0.165491 0.286000 -0.017420
v 0.165490 0.286000 0.017420
v -0.134609 0.286000 0.097831
v -0.152029 0.286000 0.067659
v -0.152029 0.286000 -0.067659
v -0.134609 0.286000 -0.097831
v -0.097832 0.286000 -0.134609
v -0.067659 0.286000 -0.152029
v -0.071578 0.286000 -0.158815
v -0.017421 0.286000 -0.165490
v 0.017420 0.286000 -0.165490
v -0.017421 0.286000 -0.173327
v 0.017420 0.286000 -0.173327
v -0.045087 0.286000 -0.168264
v 0.045086 0.286000 -0.168264
v 0.071577 0.286000 -0.158815
v 0.101749 0.286000 -0.141395
v 0.134608 0.286000 -0.097831
v 0.141395 0.286000 -0.101750
v 0.141395 0.286000 0.101750
v 0.067658 0.286000 0.152029
v 0.017420 0.286000 0.165490
v -0.017421 0.286000 0.165490
v 0.123178 0.286000 -0.123178
v 0.123178 0.286000 0.123178
v -0.067659 0.286000 0.152029
v -0.097832 0.286000 0.134608
v -0.000000 -0.260000 -0.075000
v -0.000000 0.260000 -0.075000
v -0.013024 -0.260000 -0.073861
v -0.013024 0.260000 -0.073861
v -0.025652 -0.260000 -0.070477
v -0.025652 0.260000 -0.070477
v -0.037500 -0.260000 -0.064952
v -0.037500 0.260000 -0.064952
v -0.048209 -0.260000 -0.057453
v -0.048209 0.260000 -0.057453
v -0.057454 -0.260000 -0.048209
v -0.057454 0.260000 -0.048209
v -0.064952 -0.260000 -0.037500
v -0.064952 0.260000 -0.037500
v -0.070477 -0.260000 -0.025652
v -0.070477 0.260000 -0.025652
v -0.073861 -0.260000 -0.013024
v -0.073861 0.260000 -0.013024
v -0.075000 -0.260000 -0.000000
v -0.075000 0.260000 -0.000000
v -0.073861 -0.260000 0.013024
v -0.073861 0.260000 0.013024
v -0.070477 -0.260000 0.025651
v -0.070477 0.260000 0.025651
v -0.064952 -0.260000 0.037500
v -0.064952 0.260000 0.037500
v -0.057454 -0.260000 0.048209
v -0.057454 0.260000 0.048209
v -0.048209 -0.260000 0.057453
v -0.048209 0.260000 0.057453
v -0.037500 -0.260000 0.064952
v -0.037500 0.260000 0.064952
v -0.025652 -0.260000 0.070477
v -0.025652 0.260000 0.070477
v -0.013024 -0.260000 0.073861
v -0.013024 0.260000 0.073861
v -0.000000 -0.260000 0.075000
v -0.000000 0.260000 0.075000
v 0.013023 -0.260000 0.073861
v 0.013023 0.260000 0.073861
v 0.025651 -0.260000 0.070477
v 0.025651 0.260000 0.070477
v 0.037500 -0.260000 0.064952
v 0.037500 0.260000 0.064952
v 0.048208 -0.260000 0.057453
v 0.048208 0.260000 0.057453
v 0.057453 -0.260000 0.048209
v 0.057453 0.260000 0.048209
v 0.064951 -0.260000 0.037500
v 0.064951 0.260000 0.037500
v 0.070477 -0.260000 0.025651
v 0.070477 0.260000 0.025651
v 0.073860 -0.260000 0.013024
v 0.073860 0.260000 0.013024
v 0.075000 -0.260000 -0.000000
v 0.075000 0.260000 -0.000000
v 0.073860 -0.260000 -0.013024
v 0.073860 0.260000 -0.013024
v 0.070477 -0.260000 -0.025652
v 0.070477 0.260000 -0.025652
v 0.064951 -0.260000 -0.037500
v 0.064951 0.260000 -0.037500
v 0.057453 -0.260000 -0.048209
v 0.057453 0.260000 -0.048209
v 0.048208 -0.260000 -0.057453
v 0.048208 0.260000 -0.057453
v 0.037500 -0.260000 -0.064952
v 0.037500 0.260000 -0.064952
v 0.025651 -0.260000 -0.070477
v 0.025651 0.260000 -0.070477
v 0.013023 -0.260000 -0.073861
v 0.013023 0.260000 -0.073861
v -0.134609 -0.392000 0.097831
v -0.134609 -0.286000 0.097831
v -0.143319 -0.392000 0.082745
v -0.152029 -0.286000 0.067659
v -0.152029 -0.392000 0.067659
v -0.158816 -0.392000 0.071577
v -0.158816 -0.286000 0.071577
v -0.168265 -0.286000 0.045086
v -0.168265 -0.392000 0.045086
v -0.173327 -0.286000 0.017420
v -0.173327 -0.392000 0.017420
v 0.141395 0.392000 0.101750
v 0.123178 0.392000 0.123178
v -0.173327 -0.392000 -0.017420
v -0.173327 -0.286000 -0.017420
v -0.168265 -0.286000 -0.045086
v -0.168265 -0.392000 -0.045086
v -0.158816 -0.286000 -0.071577
v -0.158816 -0.392000 -0.071577
v 0.141395 -0.286000 0.101750
v 0.123178 -0.286000 0.123178
v 0.101749 -0.286000 0.141395
v 0.045086 -0.286000 0.168264
v 0.017420 -0.286000 0.173327
v 0.101749 -0.392000 -0.141395
v 0.101749 -0.286000 -0.141395
v 0.123178 -0.286000 -0.123178
v 0.123178 -0.392000 -0.123178
v 0.141395 -0.286000 -0.101750
v 0.141395 -0.392000 -0.101750
v 0.017420 -0.392000 -0.173327
v 0.017420 -0.286000 -0.173327
v 0.045086 -0.286000 -0.168264
v 0.045086 -0.392000 -0.168264
v 0.071577 -0.286000 -0.158815
v 0.071577 -0.392000 -0.158815
v -0.071578 -0.392000 -0.158815
v -0.071578 -0.286000 -0.158815
v -0.045087 -0.286000 -0.168264
v -0.045087 -0.392000 -0.168264
v -0.017421 -0.286000 -0.173327
v -0.017421 -0.392000 -0.173327
v -0.141396 -0.392000 -0.101750
v -0.141396 -0.286000 -0.101750
v -0.123179 -0.286000 -0.123178
v -0.123179 -0.392000 -0.123178
v -0.101750 -0.286000 -0.141395
v -0.101750 -0.392000 -0.141395
v -0.017421 -0.286000 0.173327
v -0.045087 -0.286000 0.168264
v -0.071578 -0.286000 0.158815
v -0.101750 -0.392000 0.141395
v -0.101750 -0.286000 0.141395
v -0.123179 -0.286000 0.123178
v -0.123179 -0.392000 0.123178
v -0.141396 -0.286000 0.101750
v -0.141396 -0.392000 0.101750
v -0.160426 -0.392000 -0.040625
v -0.165491 -0.392000 -0.017420
v -0.164925 -0.392000 -0.013666
v -0.165491 -0.392000 -0.000000
v -0.152029 -0.392000 -0.067659
v -0.151552 -0.392000 -0.066477
v -0.143319 -0.392000 -0.082745
v -0.165491 -0.392000 0.017420
v -0.151552 -0.392000 0.066477
v -0.160426 -0.392000 0.040625
v -0.164925 -0.392000 0.013666
v -0.097832 -0.392000 -0.134609
v -0.082746 -0.392000 -0.143319
v -0.101647 -0.392000 -0.130595
v -0.134609 -0.392000 -0.097831
v -0.138543 -0.392000 -0.090514
v -0.121756 -0.392000 -0.112083
v -0.017421 -0.392000 -0.165490
v -0.000000 -0.392000 -0.165490
v -0.027239 -0.392000 -0.163233
v -0.067659 -0.392000 -0.152029
v -0.078765 -0.392000 -0.145544
v -0.053735 -0.392000 -0.156523
v 0.082745 -0.392000 -0.143319
v 0.097831 -0.392000 -0.134609
v 0.101646 -0.392000 -0.130595
v 0.121755 -0.392000 -0.112083
v 0.134608 -0.392000 -0.097831
v 0.138542 -0.392000 -0.090514
v 0.067658 -0.392000 -0.152029
v 0.017420 -0.392000 -0.165490
v 0.027238 -0.392000 -0.163233
v 0.053734 -0.392000 -0.156523
v 0.078764 -0.392000 -0.145544
v -0.017421 -0.286000 0.165490
v 0.017420 -0.286000 0.165490
v 0.165490 -0.286000 0.017420
v 0.173326 -0.286000 0.017420
v 0.134608 -0.286000 -0.097831
v 0.152028 -0.286000 -0.067659
v 0.097831 -0.286000 -0.134609
v -0.017421 -0.286000 -0.165490
v 0.017420 -0.286000 -0.165490
v -0.097832 -0.286000 -0.134609
v -0.067659 -0.286000 -0.152029
v -0.152029 -0.286000 -0.067659
v -0.134609 -0.286000 -0.097831
v -0.165491 -0.286000 0.017420
v -0.165491 -0.286000 -0.017420
v -0.247001 -0.109200 0.026000
v -0.247001 -0.109200 -0.026000
v -0.247001 0.239200 -0.026000
v -0.247001 0.109200 -0.026000
v -0.247001 0.109200 0.026000
v -0.247001 0.239200 0.026000
v -0.200909 0.239200 0.146017
v -0.200909 0.109200 0.146017
v -0.226909 0.239200 0.100983
v -0.226909 0.109200 0.100983
v -0.200909 -0.109200 0.146017
v -0.226909 -0.109200 0.100983
v 0.165490 -0.286000 -0.017420
v 0.134608 -0.286000 0.097831
v 0.067658 -0.286000 -0.152029
v -0.067659 -0.286000 0.152029
v -0.097832 -0.392000 0.134608
v -0.097832 -0.286000 0.134608
v 0.168264 -0.286000 0.045086
v 0.101646 0.392000 0.130595
v 0.121755 0.392000 0.112083
v 0.138542 0.392000 0.090514
v 0.151551 0.392000 -0.066477
v 0.160426 0.392000 -0.040625
v 0.164924 0.392000 -0.013666
v -0.101647 -0.392000 0.130595
v -0.121756 -0.392000 0.112083
v -0.138543 -0.392000 0.090514
v 0.226908 0.239200 -0.100983
v -0.226909 0.239200 -0.100983
v -0.146017 0.239200 0.200908
v -0.100984 0.109200 -0.226908
v -0.100984 -0.109200 -0.226908
v -0.106832 -0.109200 -0.237038
v -0.226909 -0.109200 -0.100983
v -0.200909 -0.109200 -0.146017
v -0.200909 0.109200 -0.146017
v -0.226909 0.109200 -0.100983
v 0.200908 0.109200 -0.146017
v 0.226908 0.109200 -0.100983
v -0.100984 0.109200 0.226908
v -0.146017 0.109200 0.200908
v 0.200908 0.109200 0.146017
v 0.247000 -0.109200 -0.026000
v 0.247000 -0.109200 0.026000
v 0.211037 -0.109200 0.151865
v 0.237037 -0.109200 0.106832
v 0.225166 -0.109200 0.130000
v -0.211038 -0.109200 -0.151865
v -0.237038 -0.109200 -0.106832
v -0.225167 -0.109200 -0.130000
v -0.237038 -0.109200 0.106832
v -0.211038 -0.109200 0.151865
v -0.225167 -0.109200 0.130000
v -0.151865 -0.109200 0.211038
v -0.106832 -0.109200 0.237038
v -0.130000 -0.109200 0.225167
v -0.026001 -0.109200 0.258697
v 0.026000 -0.109200 0.258697
v -0.000000 -0.109200 0.260000
v 0.100983 -0.109200 0.226908
v 0.106831 -0.109200 0.237038
v 0.151864 -0.109200 0.211038
v 0.146016 -0.109200 0.200908
v 0.130000 -0.109200 0.225167
v 0.258696 -0.109200 0.026000
v 0.258696 -0.109200 -0.026000
v 0.260000 -0.109200 -0.000000
v 0.237037 -0.109200 -0.106832
v 0.211037 -0.109200 -0.151865
v 0.225166 -0.109200 -0.130000
v 0.106831 -0.109200 -0.237038
v 0.130000 -0.109200 -0.225167
v 0.151864 -0.109200 -0.211038
v -0.130000 -0.109200 -0.225167
v -0.146017 -0.109200 -0.200908
v -0.151865 -0.109200 -0.211038
v 0.026000 -0.109200 -0.258697
v 0.026000 -0.109200 -0.247000
v -0.000000 -0.109200 -0.260000
v -0.026001 -0.109200 -0.247000
v -0.026001 -0.109200 -0.258697
v -0.258697 -0.109200 0.026000
v -0.260000 -0.109200 -0.000000
v -0.258697 -0.109200 -0.026000
v 0.207999 -0.286000 -0.000000
v 0.206062 -0.286000 -0.028323
v 0.200286 -0.286000 -0.056118
v 0.190780 -0.286000 -0.082867
v 0.177719 -0.286000 -0.108074
v 0.161347 -0.286000 -0.131266
v 0.141971 -0.286000 -0.152014
v 0.190780 -0.286000 0.082867
v 0.119949 -0.286000 -0.169930
v 0.095693 -0.286000 -0.184680
v 0.069654 -0.286000 -0.195990
v 0.042318 -0.286000 -0.203650
v 0.014194 -0.286000 -0.207515
v -0.014195 -0.286000 -0.207515
v -0.042319 -0.286000 -0.203650
v -0.069655 -0.286000 -0.195990
v -0.095694 -0.286000 -0.184680
v -0.208000 -0.286000 -0.000000
v -0.206063 -0.286000 0.028323
v -0.119950 -0.286000 -0.169930
v -0.141972 -0.286000 -0.152014
v -0.161348 -0.286000 -0.131266
v -0.177720 -0.286000 -0.108074
v -0.190781 -0.286000 -0.082867
v -0.200287 -0.286000 -0.056118
v -0.206063 -0.286000 -0.028323
v -0.161348 -0.286000 0.131266
v -0.177720 -0.286000 0.108073
v -0.190781 -0.286000 0.082867
v -0.200287 -0.286000 0.056118
v 0.200286 -0.286000 0.056118
v 0.206062 -0.286000 0.028323
v -0.069655 -0.286000 0.195990
v -0.095694 -0.286000 0.184680
v -0.119950 -0.286000 0.169930
v -0.141972 -0.286000 0.152014
v 0.069654 -0.286000 0.195990
v 0.042318 -0.286000 0.203649
v 0.014194 -0.286000 0.207515
v -0.014195 -0.286000 0.207515
v -0.042319 -0.286000 0.203649
v 0.177719 -0.286000 0.108073
v 0.161347 -0.286000 0.131266
v 0.141971 -0.286000 0.152014
v 0.119949 -0.286000 0.169930
v 0.095693 -0.286000 0.184680
v -0.000000 -0.260000 -0.100000
v 0.017364 -0.260000 -0.098481
v 0.034201 -0.260000 -0.093969
v 0.050000 -0.260000 -0.086603
v 0.064278 -0.260000 -0.076605
v 0.076604 -0.260000 -0.064279
v 0.086602 -0.260000 -0.050000
v 0.093969 -0.260000 -0.034202
v 0.098480 -0.260000 -0.017365
v 0.100000 -0.260000 -0.000000
v 0.098480 -0.260000 0.017365
v 0.093969 -0.260000 0.034202
v 0.086602 -0.260000 0.050000
v 0.076604 -0.260000 0.064279
v 0.064278 -0.260000 0.076604
v 0.050000 -0.260000 0.086603
v 0.034201 -0.260000 0.093969
v 0.017364 -0.260000 0.098481
v -0.000000 -0.260000 0.100000
v -0.017365 -0.260000 0.098481
v -0.034202 -0.260000 0.093969
v -0.050000 -0.260000 0.086603
v -0.064279 -0.260000 0.076604
v -0.076605 -0.260000 0.064279
v -0.086603 -0.260000 0.050000
v -0.093970 -0.260000 0.034202
v -0.098481 -0.260000 0.017365
v -0.100000 -0.260000 -0.000000
v -0.098481 -0.260000 -0.017365
v -0.093970 -0.260000 -0.034202
v -0.086603 -0.260000 -0.050000
v -0.076605 -0.260000 -0.064279
v -0.064279 -0.260000 -0.076605
v -0.050000 -0.260000 -0.086603
v -0.034202 -0.260000 -0.093969
v -0.017365 -0.260000 -0.098481
vn -0.0661 -0.0000 0.9978
vn -0.0484 0.0033 0.9988
vn -0.0211 0.0124 0.9997
vn 0.0000 0.0275 0.9996
vn 0.0165 0.0157 0.9997
vn 0.0440 0.0042 0.9990
vn -0.2117 0.0006 0.9773
vn -0.2227 -0.0000 0.9749
vn -0.1989 0.0022 0.9800
vn -0.1788 0.0072 0.9839
vn -0.1646 0.0138 0.9863
vn -0.1474 0.0227 0.9888
vn -0.1288 0.0386 0.9909
vn -0.1526 0.0157 0.9882
vn -0.0949 0.0005 0.9955
vn -0.0784 -0.0000 0.9969
vn -0.2854 -0.0166 0.9583
vn -0.2944 -0.0127 0.9556
vn -0.3020 -0.0097 0.9533
vn -0.3115 -0.0067 0.9502
vn -0.3174 -0.0052 0.9483
vn -0.3242 -0.0037 0.9460
vn -0.3287 -0.0029 0.9444
vn -0.3331 -0.0021 0.9429
vn -0.3425 -0.0006 0.9395
vn -0.3326 0.0021 0.9431
vn -0.3285 0.0029 0.9445
vn -0.3226 0.0040 0.9465
vn -0.3163 0.0055 0.9486
vn -0.3103 0.0070 0.9506
vn -0.3008 0.0101 0.9536
vn -0.2932 0.0132 0.9560
vn -0.2816 0.0184 0.9594
vn -0.3017 0.0056 0.9534
vn -0.2456 0.0008 0.9694
vn -0.2360 0.0000 0.9718
vn -0.1526 -0.0093 0.9882
vn -0.1173 -0.0496 0.9919
vn -0.1319 -0.0356 0.9906
vn -0.1529 -0.0193 0.9881
vn -0.1678 -0.0123 0.9858
vn -0.1831 -0.0054 0.9831
vn -0.2027 -0.0017 0.9792
vn -0.2157 -0.0001 0.9765
vn -0.2270 -0.0000 0.9739
vn -0.3017 -0.0000 0.9534
vn -0.2654 -0.0287 0.9637
vn -0.2747 -0.0227 0.9613
vn 0.0594 -0.0013 0.9982
vn 0.0421 -0.0045 0.9991
vn 0.0145 -0.0171 0.9997
vn 0.0000 -0.0275 0.9996
vn -0.0068 -0.0226 0.9997
vn -0.0339 -0.0064 0.9994
vn -0.0549 -0.0021 0.9985
vn -0.0662 0.0000 0.9978
vn -0.0848 -0.0000 0.9964
vn 0.2055 -0.0014 0.9786
vn 0.1925 -0.0032 0.9813
vn 0.1734 -0.0097 0.9848
vn 0.1580 -0.0169 0.9873
vn 0.1368 -0.0309 0.9901
vn 0.1208 -0.0462 0.9916
vn 0.1526 -0.0128 0.9882
vn 0.0888 -0.0000 0.9960
vn 0.0698 0.0000 0.9976
vn 0.2792 0.0199 0.9600
vn 0.2908 0.0141 0.9567
vn 0.2990 0.0108 0.9542
vn 0.3085 0.0075 0.9512
vn 0.3148 0.0058 0.9491
vn 0.3202 0.0045 0.9473
vn 0.3274 0.0031 0.9449
vn 0.3317 0.0023 0.9434
vn 0.3397 0.0011 0.9406
vn 0.3462 -0.0001 0.9382
vn 0.3365 -0.0015 0.9417
vn 0.3302 -0.0026 0.9439
vn 0.3258 -0.0034 0.9454
vn 0.3186 -0.0049 0.9479
vn 0.3132 -0.0063 0.9497
vn 0.3049 -0.0086 0.9524
vn 0.2971 -0.0116 0.9548
vn 0.2885 -0.0151 0.9574
vn 0.2766 -0.0215 0.9607
vn 0.2671 -0.0275 0.9633
vn 0.3017 -0.0019 0.9534
vn 0.2300 -0.0000 0.9732
vn 0.2164 0.0000 0.9763
vn 0.1393 0.0285 0.9898
vn 0.0621 0.0007 0.9981
vn 0.0726 -0.0000 0.9974
vn 0.1527 0.0001 0.9883
vn 0.1096 0.0569 0.9923
vn 0.1242 0.0430 0.9913
vn 0.1606 0.0157 0.9869
vn 0.1747 0.0091 0.9846
vn 0.1946 0.0028 0.9809
vn 0.2082 0.0010 0.9781
vn 0.2187 -0.0000 0.9758
vn 0.3017 0.0002 0.9534
vn 0.2633 0.0303 0.9643
vn 0.2694 0.0261 0.9627
vn 0.3471 0.0000 0.9378
vn 0.4437 0.0000 0.8962
vn 0.5753 0.0000 0.8179
vn 0.6934 0.0000 0.7205
vn 0.7953 0.0000 0.6062
vn 0.8785 0.0000 0.4777
vn 0.9411 0.0000 0.3380
vn 0.9817 0.0000 0.1904
vn -0.9817 0.0000 0.1904
vn -0.9411 0.0000 0.3380
vn -0.8785 0.0000 0.4777
vn -0.7953 0.0000 0.6062
vn -0.6934 0.0000 0.7205
vn -0.5753 0.0000 0.8179
vn -0.4437 0.0000 0.8962
vn -0.3471 0.0000 0.9378
vn -0.3418 0.0007 0.9398
vn 0.9983 0.0000 0.0574
vn 0.9993 -0.0026 0.0383
vn 0.9998 0.0000 -0.0192
vn 0.9934 0.0000 -0.1147
vn 0.9643 0.0000 -0.2650
vn 0.9125 0.0000 -0.4091
vn 0.8394 0.0000 -0.5436
vn 0.7466 0.0000 -0.6653
vn 0.6362 0.0000 -0.7715
vn 0.5110 0.0000 -0.8596
vn 0.3738 0.0000 -0.9275
vn 0.2279 0.0000 -0.9737
vn 0.0765 0.0000 -0.9971
vn -0.0765 0.0000 -0.9971
vn -0.2279 0.0000 -0.9737
vn -0.3738 0.0000 -0.9275
vn -0.5110 0.0000 -0.8596
vn -0.6362 0.0000 -0.7715
vn -0.7466 0.0000 -0.6653
vn -0.8394 0.0000 -0.5436
vn -0.9125 0.0000 -0.4091
vn -0.9643 0.0000 -0.2650
vn -0.9934 0.0000 -0.1147
vn -0.9998 0.0000 -0.0192
vn -0.9993 0.0026 0.0383
vn -0.9983 0.0000 0.0574
vn 0.8660 0.0000 -0.5000
vn 0.5000 0.0000 0.8660
vn -0.5000 0.0000 0.8660
vn 0.0000 1.0000 0.0000
vn 0.8660 0.0000 0.5000
vn 0.0000 0.0000 1.0000
vn -1.0000 0.0000 0.0000
vn 0.0000 0.0000 -1.0000
vn 0.5000 0.0000 -0.8660
vn -0.8660 0.0000 -0.5000
vn 1.0000 0.0000 0.0000
vn 0.0000 1.0000 0.0002
vn 0.0000 1.0000 -0.0009
vn 0.0000 1.0000 -0.0002
vn 0.0000 1.0000 0.0009
vn -0.5000 0.0000 -0.8660
vn -0.7619 0.0000 -0.6477
vn -0.6477 0.0000 -0.7619
vn -0.9837 0.0000 -0.1800
vn -0.9419 0.0000 -0.3360
vn -0.9419 0.0000 0.3360
vn -0.9837 0.0000 0.1800
vn -0.6477 0.0000 0.7619
vn -0.7619 0.0000 0.6477
vn -0.1800 0.0000 0.9837
vn -0.3360 0.0000 0.9419
vn 0.3360 0.0000 0.9419
vn 0.1800 0.0000 0.9837
vn 0.0000 -1.0000 -0.0000
vn -0.0872 0.0000 0.9962
vn -0.2588 0.0000 0.9659
vn -0.4226 0.0000 0.9063
vn -0.5736 0.0000 0.8192
vn -0.7071 0.0000 0.7071
vn -0.8192 0.0000 0.5736
vn -0.9063 0.0000 0.4226
vn -0.9659 0.0000 0.2588
vn -0.9962 0.0000 0.0872
vn -0.9962 0.0000 -0.0872
vn -0.9659 0.0000 -0.2588
vn -0.9063 0.0000 -0.4226
vn -0.8192 0.0000 -0.5736
vn -0.7071 0.0000 -0.7071
vn -0.5736 0.0000 -0.8192
vn -0.4226 0.0000 -0.9063
vn -0.2588 0.0000 -0.9659
vn -0.0872 0.0000 -0.9962
vn 0.0872 0.0000 -0.9962
vn 0.2588 0.0000 -0.9659
vn 0.4226 0.0000 -0.9063
vn 0.5736 0.0000 -0.8192
vn 0.7071 0.0000 -0.7071
vn 0.8192 0.0000 -0.5736
vn 0.9063 0.0000 -0.4226
vn 0.9659 0.0000 -0.2588
vn 0.9962 0.0000 -0.0872
vn 0.9962 0.0000 0.0872
vn 0.9659 0.0000 0.2588
vn 0.9063 0.0000 0.4226
vn 0.8192 0.0000 0.5736
vn 0.7071 0.0000 0.7071
vn 0.5736 0.0000 0.8192
vn 0.4226 0.0000 0.9063
vn 0.2588 0.0000 0.9659
vn 0.0872 0.0000 0.9962
vn 0.0000 -1.0000 -0.0009
vn 0.0000 -1.0000 0.0001
vn -0.8660 0.0000 0.5000
vn 0.8026 0.0000 0.5965
vn 0.3968 0.0000 0.9179
vn -0.1153 0.0000 0.9933
vn -0.5965 0.0000 0.8026
vn -0.9933 0.0000 -0.1153
vn -0.8026 0.0000 -0.5965
vn -0.3968 0.0000 -0.9179
vn 0.1153 0.0000 -0.9933
vn 0.5965 0.0000 -0.8026
vn 0.9179 0.0000 -0.3968
vn 0.8068 -0.0036 -0.5908
vn 0.8399 0.0102 -0.5427
vn 0.8437 0.0000 -0.5368
vn 0.3968 0.0000 -0.9179
vn 0.3854 0.0064 -0.9227
vn 0.4559 -0.0259 -0.8897
vn 0.4306 0.0325 -0.9019
vn 0.0501 0.0150 -0.9986
vn -0.1153 0.0000 -0.9933
vn -0.1004 -0.0076 -0.9949
vn -0.0501 0.0175 -0.9986
vn -0.0352 0.0000 -0.9994
vn 0.0117 0.0000 -0.9999
vn -0.5965 0.0000 -0.8026
vn -0.6002 0.0024 -0.7998
vn -0.5427 -0.0084 -0.8399
vn -0.5531 0.0142 -0.8330
vn -0.9179 0.0000 -0.3968
vn -0.8191 0.0432 -0.5720
vn -0.8561 0.0000 -0.5168
vn -0.8900 0.0000 -0.4560
vn -0.8787 0.0379 -0.4758
vn -0.9086 -0.0116 -0.4176
vn -0.9987 0.0050 0.0501
vn -0.9937 -0.0016 0.1121
vn -0.9933 0.0000 0.1153
vn -0.8898 0.0207 0.4559
vn -0.9179 0.0000 0.3968
vn -0.9086 -0.0116 0.4176
vn -0.8794 0.0000 0.4761
vn -0.8561 0.0000 0.5168
vn -0.8397 0.0199 0.5426
vn -0.8198 -0.0166 0.5724
vn -0.8020 0.0000 0.5973
vn -0.4069 -0.0056 0.9135
vn -0.4560 0.0143 0.8899
vn -0.4658 0.0000 0.8849
vn 0.1153 0.0000 0.9933
vn 0.1237 0.0044 0.9923
vn 0.0501 -0.0167 0.9986
vn 0.0703 0.0229 0.9973
vn 0.5427 0.0000 0.8399
vn 0.5266 0.0314 0.8496
vn 0.5813 -0.0096 0.8137
vn 0.9179 0.0000 0.3968
vn 0.9182 0.0004 0.3962
vn 0.8900 -0.0012 0.4560
vn 0.8920 0.0066 0.4519
vn 0.9933 0.0000 0.1153
vn 0.9982 -0.0335 0.0500
vn 0.9948 0.0511 0.0887
vn 0.9933 0.0000 -0.1153
vn 0.9960 -0.0136 -0.0888
vn 0.9985 0.0208 -0.0501
vn 0.9997 0.0000 -0.0234
vn 0.9997 0.0000 0.0234
vn -0.1470 0.0000 -0.9891
vn -0.2094 0.0038 -0.9778
vn -0.1951 0.0004 -0.9808
vn -0.2569 0.0000 -0.9664
vn -0.3019 0.0000 -0.9533
vn -0.3214 0.0033 -0.9469
vn -0.3637 0.0000 -0.9315
vn -0.4069 -0.0056 -0.9135
vn -0.4560 0.0143 -0.8899
vn -0.4658 0.0000 -0.8849
vn -0.5067 0.0000 -0.8621
vn -0.6370 0.0000 -0.7708
vn -0.6593 0.0038 -0.7518
vn -0.8394 -0.0361 -0.5424
vn -0.8021 -0.0001 -0.5972
vn -0.7627 0.0002 -0.6468
vn -0.7518 0.0030 -0.6593
vn -0.7194 0.0000 -0.6946
vn -0.6861 0.0000 -0.7275
vn -0.9272 0.0000 -0.3746
vn -0.9466 0.0017 -0.3224
vn -0.9469 0.0019 -0.3214
vn -0.9633 0.0000 -0.2682
vn -0.9749 0.0000 -0.2228
vn -0.9808 0.0038 -0.1951
vn -0.9874 0.0000 -0.1585
vn -0.9937 -0.0016 -0.1121
vn -0.9987 0.0050 -0.0501
vn -0.9989 0.0000 -0.0469
vn -0.9989 0.0000 0.0469
vn -0.9874 0.0000 0.1585
vn -0.9808 0.0038 0.1951
vn -0.9749 0.0000 0.2228
vn -0.9633 0.0000 0.2682
vn -0.9469 0.0019 0.3214
vn -0.9466 0.0017 0.3224
vn -0.9272 0.0000 0.3746
vn -0.8026 -0.0001 0.5965
vn -0.7627 0.0002 0.6468
vn -0.7518 0.0030 0.6593
vn -0.7194 0.0000 0.6946
vn -0.6861 0.0000 0.7275
vn -0.6593 0.0038 0.7518
vn -0.6370 0.0000 0.7708
vn -0.6002 0.0024 0.7998
vn -0.5427 -0.0084 0.8399
vn -0.5531 0.0142 0.8330
vn -0.5067 0.0000 0.8621
vn -0.3019 0.0000 0.9533
vn -0.3214 0.0033 0.9469
vn -0.3637 0.0000 0.9315
vn -0.3968 0.0000 0.9179
vn -0.2569 0.0000 0.9664
vn -0.2094 0.0003 0.9778
vn -0.1951 0.0029 0.9808
vn -0.1470 0.0000 0.9891
vn -0.1004 -0.0076 0.9949
vn -0.0501 0.0175 0.9986
vn -0.0352 0.0000 0.9994
vn 0.0117 0.0000 0.9999
vn 0.1701 0.0000 0.9854
vn 0.1951 0.0036 0.9808
vn 0.2342 0.0000 0.9722
vn 0.2795 0.0000 0.9601
vn 0.3214 0.0034 0.9469
vn 0.3417 0.0000 0.9398
vn 0.3854 0.0064 0.9227
vn 0.4559 -0.0259 0.8897
vn 0.4306 0.0325 0.9019
vn 0.4864 0.0000 0.8737
vn 0.6645 0.0011 0.7473
vn 0.6593 0.0024 0.7518
vn 0.6188 0.0000 0.7856
vn 0.5965 0.0000 0.8026
vn 0.7030 0.0000 0.7112
vn 0.7355 0.0000 0.6775
vn 0.7518 0.0036 0.6593
vn 0.7782 0.0000 0.6280
vn 0.8068 -0.0036 0.5908
vn 0.8399 0.0102 0.5427
vn 0.8437 0.0000 0.5368
vn 0.8680 0.0000 0.4966
vn 0.9357 0.0000 0.3527
vn 0.9469 0.0038 0.3214
vn 0.9568 0.0000 0.2908
vn 0.9694 0.0000 0.2456
vn 0.9808 0.0025 0.1951
vn 0.9825 0.0009 0.1865
vn 0.9908 0.0000 0.1353
vn 0.9908 0.0000 -0.1353
vn 0.9825 0.0009 -0.1865
vn 0.9808 0.0025 -0.1951
vn 0.9694 0.0000 -0.2456
vn 0.9568 0.0000 -0.2908
vn 0.9469 0.0038 -0.3214
vn 0.9357 0.0000 -0.3527
vn 0.9182 0.0004 -0.3962
vn 0.8900 -0.0012 -0.4560
vn 0.8920 0.0066 -0.4519
vn 0.8680 0.0000 -0.4966
vn 0.7355 0.0000 -0.6775
vn 0.7518 0.0036 -0.6593
vn 0.7782 0.0000 -0.6280
vn 0.8026 0.0000 -0.5965
vn 0.7030 0.0000 -0.7112
vn 0.6645 0.0011 -0.7473
vn 0.6593 0.0024 -0.7518
vn 0.6188 0.0000 -0.7856
vn 0.5813 -0.0096 -0.8137
vn 0.5426 0.0196 -0.8397
vn 0.5268 0.0000 -0.8500
vn 0.4864 0.0000 -0.8737
vn 0.3417 0.0000 -0.9398
vn 0.3214 0.0034 -0.9469
vn 0.2795 0.0000 -0.9601
vn 0.2342 0.0000 -0.9722
vn 0.1951 0.0036 -0.9808
vn 0.1701 0.0000 -0.9854
vn 0.1237 0.0044 -0.9923
vn 0.0703 -0.0109 -0.9975
vn 0.9430 0.0870 -0.3211
vn 0.8456 0.2345 -0.4795
vn 0.9430 0.0871 -0.3211
vn 0.9237 0.0872 -0.3731
vn 0.8972 0.1808 -0.4028
vn 0.9052 0.0871 -0.4160
vn 0.8760 0.0871 -0.4743
vn 0.8528 0.0872 -0.5149
vn 0.8168 0.0871 -0.5703
vn 0.7598 0.0871 -0.6443
vn 0.7598 0.0870 -0.6443
vn 0.7167 0.0871 -0.6919
vn 0.6801 0.2294 -0.6963
vn 0.6835 0.0871 -0.7248
vn 0.6263 0.0870 -0.7747
vn 0.6205 0.2264 -0.7508
vn 0.3771 0.2363 -0.8955
vn 0.5979 0.0872 -0.7968
vn 0.5510 0.0872 -0.8299
vn 0.5510 0.0871 -0.8299
vn 0.5048 0.0872 -0.8588
vn 0.4656 0.1727 -0.8680
vn 0.4640 0.0871 -0.8815
vn 0.4054 0.0871 -0.9100
vn 0.3623 0.0872 -0.9280
vn 0.3008 0.0871 -0.9497
vn 0.2982 0.1120 -0.9479
vn 0.0230 0.2019 -0.9791
vn 0.2559 0.0872 -0.9628
vn 0.2086 0.0871 -0.9741
vn 0.2087 0.0870 -0.9741
vn 0.1464 0.0871 -0.9854
vn 0.1139 0.2262 -0.9674
vn 0.1001 0.0871 -0.9912
vn 0.0350 0.0871 -0.9956
vn -0.0117 0.0872 -0.9961
vn -0.0700 0.0871 -0.9937
vn -0.0700 0.0870 -0.9937
vn -0.1233 0.0871 -0.9885
vn -0.1612 0.1640 -0.9732
vn -0.1695 0.0871 -0.9817
vn -0.2333 0.0871 -0.9685
vn -0.2477 0.2376 -0.9392
vn -0.2784 0.0872 -0.9565
vn -0.3432 0.0871 -0.9352
vn -0.3390 0.1259 -0.9323
vn -0.5787 0.2077 -0.7887
vn -0.3839 0.0871 -0.9192
vn -0.4292 0.0871 -0.8990
vn -0.4292 0.0870 -0.8990
vn -0.4846 0.0871 -0.8704
vn -0.5006 0.2224 -0.8366
vn -0.5248 0.0871 -0.8467
vn -0.5791 0.0871 -0.8106
vn -0.6164 0.0871 -0.7826
vn -0.6619 0.0870 -0.7445
vn -0.6620 0.0871 -0.7445
vn -0.7003 0.0872 -0.7085
vn -0.7227 0.1547 -0.6736
vn -0.7327 0.0871 -0.6749
vn -0.7753 0.0871 -0.6256
vn -0.7693 0.2384 -0.5927
vn -0.8038 0.0871 -0.5885
vn -0.8426 0.0870 -0.5314
vn -0.8356 0.1388 -0.5316
vn -0.9386 0.2132 -0.2713
vn -0.8647 0.0871 -0.4947
vn -0.8887 0.0870 -0.4502
vn -0.8887 0.0871 -0.4502
vn -0.9147 0.0871 -0.3947
vn -0.9081 0.2181 -0.3576
vn -0.9322 0.0871 -0.3514
vn -0.9532 0.0871 -0.2897
vn -0.9657 0.0872 -0.2447
vn -0.9787 0.0871 -0.1858
vn -0.9870 0.0873 -0.1348
vn -0.9851 0.1449 -0.0926
vn -0.9923 0.0873 -0.0884
vn -0.9959 0.0873 -0.0233
vn -0.9711 0.2386 0.0000
vn -0.9959 0.0873 0.0233
vn -0.9918 0.0872 0.0933
vn -0.9846 0.1515 0.0878
vn -0.9081 0.2181 0.3576
vn -0.9870 0.0873 0.1348
vn -0.9787 0.0872 0.1858
vn -0.9787 0.0871 0.1858
vn -0.9657 0.0872 0.2447
vn -0.9386 0.2132 0.2713
vn -0.9532 0.0871 0.2897
vn -0.9322 0.0871 0.3514
vn -0.9147 0.0871 0.3947
vn -0.8887 0.0870 0.4502
vn -0.8647 0.0871 0.4947
vn -0.8381 0.1345 0.5286
vn -0.8405 0.0870 0.5347
vn -0.8038 0.0871 0.5885
vn -0.7693 0.2384 0.5927
vn -0.7753 0.0871 0.6256
vn -0.7288 0.0871 0.6792
vn -0.7255 0.1642 0.6683
vn -0.5006 0.2223 0.8366
vn -0.7003 0.0872 0.7085
vn -0.6619 0.0871 0.7445
vn -0.6620 0.0870 0.7445
vn -0.6164 0.0871 0.7826
vn -0.5787 0.2077 0.7887
vn -0.5791 0.0871 0.8106
vn -0.5248 0.0871 0.8467
vn -0.4845 0.0871 0.8704
vn -0.4292 0.0870 0.8990
vn -0.4292 0.0871 0.8990
vn -0.3839 0.0871 0.9193
vn -0.3418 0.1235 0.9316
vn -0.3404 0.0871 0.9362
vn -0.2784 0.0872 0.9565
vn -0.2477 0.2376 0.9392
vn -0.2333 0.0871 0.9685
vn -0.1628 0.0871 0.9828
vn -0.1674 0.1768 0.9699
vn 0.1139 0.2262 0.9674
vn -0.1233 0.0871 0.9885
vn -0.0700 0.0870 0.9937
vn -0.0700 0.0871 0.9937
vn -0.0117 0.0872 0.9961
vn 0.0230 0.2019 0.9791
vn 0.0350 0.0871 0.9956
vn 0.1001 0.0871 0.9912
vn 0.1464 0.0871 0.9854
vn 0.2086 0.0870 0.9741
vn 0.2086 0.0871 0.9741
vn 0.2559 0.0872 0.9628
vn 0.2982 0.1120 0.9479
vn 0.3008 0.0871 0.9497
vn 0.3623 0.0872 0.9280
vn 0.3771 0.2363 0.8955
vn 0.4054 0.0871 0.9100
vn 0.4709 0.0871 0.8779
vn 0.4574 0.1894 0.8689
vn 0.6801 0.2294 0.6963
vn 0.5048 0.0872 0.8588
vn 0.5510 0.0871 0.8299
vn 0.5979 0.0872 0.7968
vn 0.6166 0.1954 0.7627
vn 0.6346 0.0871 0.7679
vn 0.6835 0.0871 0.7248
vn 0.7167 0.0871 0.6919
vn 0.7598 0.0870 0.6443
vn 0.7598 0.0871 0.6443
vn 0.8168 0.0870 0.5703
vn 0.8168 0.0871 0.5703
vn 0.8528 0.0872 0.5149
vn 0.8456 0.2345 0.4795
vn 0.8760 0.0871 0.4743
vn 0.9088 0.0871 0.4080
vn 0.8899 0.2018 0.4090
vn 0.9631 0.2322 0.1364
vn 0.9237 0.0872 0.3731
vn 0.9430 0.0871 0.3211
vn 0.9430 0.0870 0.3211
vn 0.9597 0.0871 0.2672
vn 0.9552 0.1883 0.2281
vn 0.9712 0.0872 0.2219
vn 0.9836 0.0872 0.1579
vn 0.9899 0.0871 0.1117
vn 0.9951 0.0870 0.0467
vn 0.9951 0.0871 0.0467
vn 0.9951 0.0871 -0.0467
vn 0.9951 0.0870 -0.0467
vn 0.9899 0.0871 -0.1117
vn 0.9631 0.2322 -0.1364
vn 0.9836 0.0872 -0.1579
vn 0.9689 0.0871 -0.2314
vn 0.9523 0.2141 -0.2176
vn 0.9597 0.0871 -0.2672
vn 0.9649 0.2586 0.0453
vn 0.9564 0.2586 0.1354
vn 0.9565 0.2585 0.1354
vn 0.9396 0.2585 0.2244
vn 0.9144 0.2585 0.3114
vn 0.9144 0.2586 0.3114
vn 0.8812 0.2586 0.3957
vn 0.8403 0.2586 0.4764
vn 0.7920 0.2586 0.5530
vn 0.7368 0.2585 0.6248
vn 0.7368 0.2586 0.6248
vn 0.6750 0.2586 0.6910
vn 0.6750 0.2585 0.6910
vn 0.6073 0.2585 0.7512
vn 0.5343 0.2585 0.8048
vn 0.5343 0.2586 0.8048
vn 0.4566 0.2586 0.8513
vn 0.4566 0.2585 0.8513
vn 0.3749 0.2585 0.8903
vn 0.2899 0.2585 0.9215
vn 0.2023 0.2585 0.9446
vn 0.2023 0.2586 0.9446
vn 0.1130 0.2586 0.9594
vn 0.1130 0.2585 0.9594
vn 0.0226 0.2585 0.9657
vn -0.0679 0.2585 0.9636
vn -0.0679 0.2586 0.9636
vn -0.1578 0.2586 0.9530
vn -0.1578 0.2585 0.9530
vn -0.2464 0.2585 0.9341
vn -0.3328 0.2585 0.9069
vn -0.3328 0.2586 0.9069
vn -0.4162 0.2586 0.8717
vn -0.4960 0.2586 0.8289
vn -0.5714 0.2586 0.7788
vn -0.5715 0.2586 0.7788
vn -0.6419 0.2586 0.7219
vn -0.6419 0.2585 0.7219
vn -0.7067 0.2585 0.6586
vn -0.7652 0.2585 0.5896
vn -0.7652 0.2586 0.5896
vn -0.8171 0.2586 0.5153
vn -0.8171 0.2585 0.5153
vn -0.8617 0.2585 0.4365
vn -0.8618 0.2585 0.4365
vn -0.8988 0.2585 0.3539
vn -0.9280 0.2585 0.2682
vn -0.9491 0.2585 0.1801
vn -0.9618 0.2585 0.0905
vn -0.9618 0.2584 0.0905
vn -0.9660 0.2584 0.0000
vn -0.9618 0.2584 -0.0905
vn -0.9618 0.2585 -0.0905
vn -0.9491 0.2585 -0.1801
vn -0.9280 0.2585 -0.2682
vn -0.8988 0.2585 -0.3539
vn -0.8618 0.2585 -0.4365
vn -0.8617 0.2585 -0.4365
vn -0.8171 0.2585 -0.5153
vn -0.8171 0.2586 -0.5153
vn -0.7652 0.2586 -0.5896
vn -0.7652 0.2585 -0.5896
vn -0.7067 0.2585 -0.6586
vn -0.6419 0.2585 -0.7219
vn -0.6419 0.2586 -0.7219
vn -0.5714 0.2586 -0.7788
vn -0.5715 0.2586 -0.7788
vn -0.4960 0.2586 -0.8289
vn -0.4162 0.2586 -0.8717
vn -0.3328 0.2586 -0.9069
vn -0.3328 0.2585 -0.9069
vn -0.2464 0.2585 -0.9341
vn -0.1578 0.2585 -0.9530
vn -0.1578 0.2586 -0.9530
vn -0.0679 0.2586 -0.9636
vn -0.0679 0.2585 -0.9636
vn 0.0226 0.2585 -0.9657
vn 0.0227 0.2585 -0.9657
vn 0.1130 0.2585 -0.9594
vn 0.1130 0.2586 -0.9594
vn 0.2023 0.2586 -0.9446
vn 0.2023 0.2585 -0.9446
vn 0.2899 0.2585 -0.9215
vn 0.3749 0.2585 -0.8903
vn 0.4566 0.2585 -0.8513
vn 0.4566 0.2586 -0.8513
vn 0.5343 0.2586 -0.8048
vn 0.5343 0.2585 -0.8048
vn 0.6073 0.2585 -0.7512
vn 0.6750 0.2585 -0.6910
vn 0.6750 0.2586 -0.6910
vn 0.7367 0.2586 -0.6248
vn 0.7368 0.2585 -0.6248
vn 0.7920 0.2585 -0.5530
vn 0.7920 0.2586 -0.5530
vn 0.8403 0.2586 -0.4764
vn 0.8812 0.2586 -0.3957
vn 0.9144 0.2586 -0.3114
vn 0.9144 0.2585 -0.3114
vn 0.9396 0.2585 -0.2244
vn 0.9565 0.2585 -0.1354
vn 0.9564 0.2586 -0.1354
vn 0.9649 0.2586 -0.0453
vn 0.9649 0.2585 -0.0453
vn 0.9650 0.2585 0.0453
vn 0.9055 0.4222 0.0425
vn 0.8976 0.4222 0.1271
vn 0.8975 0.4223 0.1271
vn 0.8817 0.4223 0.2106
vn 0.8581 0.4223 0.2922
vn 0.8581 0.4222 0.2922
vn 0.8270 0.4222 0.3713
vn 0.8270 0.4221 0.3713
vn 0.7886 0.4221 0.4471
vn 0.7886 0.4222 0.4471
vn 0.7432 0.4222 0.5190
vn 0.6914 0.4223 0.5863
vn 0.6913 0.4223 0.5863
vn 0.6334 0.4223 0.6484
vn 0.6334 0.4222 0.6485
vn 0.5699 0.4222 0.7049
vn 0.5014 0.4222 0.7552
vn 0.4285 0.4222 0.7988
vn 0.3518 0.4222 0.8354
vn 0.2720 0.4222 0.8647
vn 0.1899 0.4222 0.8864
vn 0.1060 0.4222 0.9003
vn 0.0213 0.4222 0.9062
vn -0.0637 0.4222 0.9043
vn -0.1481 0.4222 0.8943
vn -0.2312 0.4222 0.8765
vn -0.3123 0.4222 0.8510
vn -0.3906 0.4222 0.8180
vn -0.4655 0.4222 0.7779
vn -0.5363 0.4222 0.7309
vn -0.6024 0.4222 0.6774
vn -0.6023 0.4222 0.6774
vn -0.6631 0.4222 0.6181
vn -0.6631 0.4223 0.6180
vn -0.7181 0.4223 0.5532
vn -0.7181 0.4222 0.5533
vn -0.7668 0.4222 0.4836
vn -0.7667 0.4222 0.4836
vn -0.8087 0.4222 0.4096
vn -0.8086 0.4223 0.4096
vn -0.8434 0.4223 0.3321
vn -0.8708 0.4223 0.2517
vn -0.8906 0.4223 0.1690
vn -0.9025 0.4223 0.0849
vn -0.9025 0.4222 0.0849
vn -0.9065 0.4223 0.0000
vn -0.9025 0.4223 -0.0849
vn -0.8906 0.4223 -0.1690
vn -0.8708 0.4223 -0.2517
vn -0.8434 0.4223 -0.3321
vn -0.8086 0.4223 -0.4096
vn -0.8086 0.4222 -0.4096
vn -0.7667 0.4222 -0.4836
vn -0.7668 0.4222 -0.4836
vn -0.7181 0.4222 -0.5533
vn -0.7181 0.4223 -0.5532
vn -0.6631 0.4222 -0.6180
vn -0.6631 0.4222 -0.6181
vn -0.6023 0.4222 -0.6774
vn -0.6024 0.4222 -0.6775
vn -0.5363 0.4222 -0.7309
vn -0.4655 0.4222 -0.7779
vn -0.3906 0.4222 -0.8180
vn -0.3123 0.4222 -0.8510
vn -0.3123 0.4223 -0.8510
vn -0.2312 0.4222 -0.8765
vn -0.1481 0.4222 -0.8943
vn -0.0637 0.4222 -0.9043
vn 0.0213 0.4222 -0.9062
vn 0.0212 0.4222 -0.9062
vn 0.1060 0.4222 -0.9003
vn 0.1899 0.4222 -0.8864
vn 0.2720 0.4222 -0.8647
vn 0.3518 0.4222 -0.8354
vn 0.4285 0.4222 -0.7988
vn 0.5014 0.4222 -0.7552
vn 0.5699 0.4222 -0.7049
vn 0.6334 0.4222 -0.6485
vn 0.6334 0.4223 -0.6484
vn 0.6913 0.4223 -0.5863
vn 0.6914 0.4223 -0.5863
vn 0.7432 0.4223 -0.5190
vn 0.7433 0.4222 -0.5190
vn 0.7886 0.4222 -0.4471
vn 0.7886 0.4221 -0.4471
vn 0.8270 0.4222 -0.3713
vn 0.8581 0.4222 -0.2922
vn 0.8581 0.4223 -0.2922
vn 0.8817 0.4223 -0.2106
vn 0.8975 0.4223 -0.1271
vn 0.8976 0.4221 -0.1271
vn 0.9055 0.4222 -0.0425
vn 0.9055 0.4223 -0.0425
vn 0.9055 0.4223 0.0425
vn 0.8186 0.5731 0.0384
vn 0.8114 0.5731 0.1149
vn 0.7970 0.5731 0.1904
vn 0.7971 0.5731 0.1904
vn 0.7757 0.5731 0.2642
vn 0.7476 0.5731 0.3357
vn 0.7475 0.5732 0.3356
vn 0.7128 0.5732 0.4041
vn 0.7128 0.5732 0.4042
vn 0.6719 0.5732 0.4691
vn 0.6719 0.5731 0.4692
vn 0.6250 0.5731 0.5300
vn 0.5726 0.5731 0.5862
vn 0.5726 0.5732 0.5862
vn 0.5152 0.5732 0.6372
vn 0.4533 0.5732 0.6827
vn 0.4533 0.5731 0.6827
vn 0.3874 0.5731 0.7221
vn 0.3873 0.5732 0.7221
vn 0.3180 0.5732 0.7552
vn 0.2459 0.5732 0.7817
vn 0.2459 0.5731 0.7817
vn 0.1716 0.5732 0.8013
vn 0.1716 0.5731 0.8013
vn 0.0958 0.5731 0.8138
vn 0.0192 0.5732 0.8192
vn -0.0576 0.5732 0.8174
vn -0.0576 0.5731 0.8174
vn -0.1339 0.5731 0.8084
vn -0.1339 0.5732 0.8084
vn -0.2090 0.5731 0.7924
vn -0.2823 0.5731 0.7693
vn -0.3531 0.5732 0.7395
vn -0.3531 0.5731 0.7395
vn -0.4208 0.5731 0.7032
vn -0.4208 0.5732 0.7032
vn -0.4848 0.5732 0.6607
vn -0.4848 0.5731 0.6607
vn -0.5445 0.5731 0.6124
vn -0.5445 0.5732 0.6124
vn -0.5994 0.5732 0.5587
vn -0.5995 0.5731 0.5587
vn -0.6492 0.5731 0.5001
vn -0.6491 0.5732 0.5001
vn -0.6931 0.5732 0.4371
vn -0.6931 0.5731 0.4371
vn -0.7310 0.5732 0.3703
vn -0.7310 0.5731 0.3703
vn -0.7625 0.5731 0.3002
vn -0.7873 0.5731 0.2275
vn -0.7872 0.5732 0.2275
vn -0.8051 0.5732 0.1528
vn -0.8051 0.5731 0.1528
vn -0.8159 0.5731 0.0767
vn -0.8158 0.5732 0.0767
vn -0.8194 0.5732 0.0000
vn -0.8158 0.5733 -0.0767
vn -0.8159 0.5731 -0.0767
vn -0.8051 0.5731 -0.1528
vn -0.8051 0.5732 -0.1528
vn -0.7872 0.5732 -0.2275
vn -0.7873 0.5731 -0.2275
vn -0.7625 0.5731 -0.3002
vn -0.7310 0.5731 -0.3703
vn -0.6931 0.5732 -0.4371
vn -0.6491 0.5732 -0.5001
vn -0.6492 0.5731 -0.5001
vn -0.5995 0.5731 -0.5587
vn -0.5994 0.5732 -0.5587
vn -0.5445 0.5732 -0.6124
vn -0.5445 0.5731 -0.6124
vn -0.4848 0.5731 -0.6607
vn -0.4848 0.5732 -0.6607
vn -0.4208 0.5732 -0.7032
vn -0.4208 0.5731 -0.7032
vn -0.3531 0.5731 -0.7395
vn -0.3531 0.5732 -0.7395
vn -0.2823 0.5732 -0.7693
vn -0.2823 0.5731 -0.7693
vn -0.2090 0.5732 -0.7924
vn -0.2090 0.5731 -0.7924
vn -0.1339 0.5732 -0.8084
vn -0.1339 0.5731 -0.8084
vn -0.0576 0.5731 -0.8174
vn -0.0576 0.5732 -0.8174
vn 0.0192 0.5732 -0.8192
vn 0.0192 0.5731 -0.8192
vn 0.0958 0.5731 -0.8138
vn 0.1716 0.5731 -0.8013
vn 0.2459 0.5731 -0.7817
vn 0.2459 0.5732 -0.7817
vn 0.3180 0.5732 -0.7552
vn 0.3180 0.5731 -0.7552
vn 0.3873 0.5731 -0.7221
vn 0.3874 0.5731 -0.7221
vn 0.4533 0.5731 -0.6827
vn 0.4533 0.5732 -0.6827
vn 0.5152 0.5732 -0.6372
vn 0.5726 0.5732 -0.5862
vn 0.5726 0.5731 -0.5862
vn 0.6250 0.5731 -0.5300
vn 0.6719 0.5731 -0.4691
vn 0.6719 0.5732 -0.4691
vn 0.7128 0.5732 -0.4042
vn 0.7475 0.5732 -0.3356
vn 0.7476 0.5731 -0.3356
vn 0.7757 0.5731 -0.2642
vn 0.7971 0.5731 -0.1904
vn 0.8114 0.5731 -0.1149
vn 0.8186 0.5731 -0.0384
vn 0.7067 0.7068 0.0332
vn 0.7005 0.7068 0.0992
vn 0.7004 0.7068 0.0992
vn 0.6881 0.7068 0.1643
vn 0.6696 0.7068 0.2280
vn 0.6697 0.7067 0.2281
vn 0.6454 0.7067 0.2898
vn 0.6454 0.7068 0.2898
vn 0.6154 0.7068 0.3489
vn 0.5800 0.7068 0.4050
vn 0.5801 0.7067 0.4050
vn 0.5396 0.7067 0.4576
vn 0.5396 0.7068 0.4575
vn 0.4943 0.7068 0.5061
vn 0.4944 0.7068 0.5061
vn 0.4448 0.7067 0.5502
vn 0.4448 0.7068 0.5501
vn 0.3913 0.7068 0.5894
vn 0.3344 0.7068 0.6234
vn 0.2746 0.7068 0.6520
vn 0.2123 0.7068 0.6749
vn 0.2123 0.7067 0.6749
vn 0.1482 0.7067 0.6918
vn 0.1482 0.7068 0.6917
vn 0.0827 0.7068 0.7026
vn 0.0166 0.7068 0.7073
vn -0.0497 0.7067 0.7057
vn -0.0497 0.7068 0.7057
vn -0.1156 0.7068 0.6979
vn -0.1804 0.7068 0.6841
vn -0.2437 0.7068 0.6642
vn -0.3048 0.7068 0.6384
vn -0.3633 0.7068 0.6071
vn -0.4185 0.7067 0.5704
vn -0.4185 0.7068 0.5704
vn -0.4701 0.7068 0.5287
vn -0.4701 0.7067 0.5287
vn -0.5175 0.7067 0.4824
vn -0.5175 0.7068 0.4823
vn -0.5604 0.7068 0.4318
vn -0.5984 0.7068 0.3774
vn -0.6311 0.7068 0.3197
vn -0.6311 0.7067 0.3197
vn -0.6583 0.7068 0.2592
vn -0.6583 0.7067 0.2592
vn -0.6797 0.7067 0.1964
vn -0.6796 0.7068 0.1964
vn -0.6950 0.7068 0.1319
vn -0.7044 0.7068 0.0662
vn -0.7044 0.7067 0.0662
vn -0.7075 0.7067 0.0000
vn -0.7044 0.7067 -0.0663
vn -0.7044 0.7068 -0.0662
vn -0.6950 0.7068 -0.1319
vn -0.6796 0.7068 -0.1964
vn -0.6797 0.7067 -0.1964
vn -0.6583 0.7067 -0.2592
vn -0.6583 0.7068 -0.2592
vn -0.6311 0.7068 -0.3197
vn -0.5984 0.7068 -0.3774
vn -0.5984 0.7067 -0.3774
vn -0.5604 0.7068 -0.4318
vn -0.5175 0.7068 -0.4823
vn -0.5175 0.7067 -0.4824
vn -0.4701 0.7067 -0.5287
vn -0.4701 0.7068 -0.5287
vn -0.4185 0.7068 -0.5704
vn -0.4185 0.7067 -0.5704
vn -0.3633 0.7068 -0.6071
vn -0.3048 0.7068 -0.6384
vn -0.2437 0.7068 -0.6642
vn -0.1804 0.7068 -0.6841
vn -0.1156 0.7068 -0.6979
vn -0.0497 0.7068 -0.7057
vn -0.0497 0.7067 -0.7057
vn 0.0166 0.7068 -0.7073
vn 0.0827 0.7068 -0.7026
vn 0.1482 0.7068 -0.6917
vn 0.1482 0.7068 -0.6918
vn 0.2123 0.7068 -0.6749
vn 0.2123 0.7067 -0.6749
vn 0.2746 0.7067 -0.6520
vn 0.2746 0.7068 -0.6520
vn 0.3344 0.7068 -0.6234
vn 0.3913 0.7068 -0.5894
vn 0.4448 0.7068 -0.5501
vn 0.4448 0.7068 -0.5502
vn 0.4944 0.7067 -0.5061
vn 0.4943 0.7068 -0.5061
vn 0.5396 0.7068 -0.4576
vn 0.5396 0.7067 -0.4576
vn 0.5801 0.7067 -0.4050
vn 0.5800 0.7068 -0.4050
vn 0.6154 0.7068 -0.3489
vn 0.6454 0.7067 -0.2898
vn 0.6697 0.7067 -0.2281
vn 0.6696 0.7068 -0.2280
vn 0.6880 0.7068 -0.1643
vn 0.6881 0.7068 -0.1643
vn 0.7005 0.7068 -0.0992
vn 0.7067 0.7068 -0.0332
vn 0.7067 0.7067 -0.0332
vn 0.7067 0.7067 0.0332
vn 0.5734 0.8188 0.0269
vn 0.5684 0.8188 0.0805
vn 0.5583 0.8188 0.1334
vn 0.5584 0.8187 0.1334
vn 0.5435 0.8188 0.1851
vn 0.5434 0.8188 0.1851
vn 0.5237 0.8188 0.2351
vn 0.4994 0.8188 0.2831
vn 0.4707 0.8188 0.3287
vn 0.4378 0.8188 0.3713
vn 0.4011 0.8188 0.4107
vn 0.4011 0.8188 0.4106
vn 0.3609 0.8188 0.4464
vn 0.3610 0.8188 0.4465
vn 0.3176 0.8188 0.4783
vn 0.3175 0.8188 0.4783
vn 0.2714 0.8188 0.5059
vn 0.2228 0.8188 0.5291
vn 0.1723 0.8188 0.5476
vn 0.1202 0.8188 0.5614
vn 0.0671 0.8188 0.5702
vn 0.0671 0.8188 0.5701
vn 0.0135 0.8188 0.5739
vn -0.0403 0.8188 0.5727
vn -0.0938 0.8188 0.5664
vn -0.1464 0.8188 0.5551
vn -0.1978 0.8188 0.5390
vn -0.2474 0.8188 0.5181
vn -0.2473 0.8188 0.5181
vn -0.2948 0.8188 0.4926
vn -0.3396 0.8188 0.4628
vn -0.3814 0.8188 0.4290
vn -0.3815 0.8188 0.4290
vn -0.4200 0.8188 0.3914
vn -0.4548 0.8188 0.3504
vn -0.4856 0.8188 0.3063
vn -0.5121 0.8188 0.2594
vn -0.5342 0.8188 0.2103
vn -0.5515 0.8188 0.1594
vn -0.5640 0.8188 0.1070
vn -0.5640 0.8188 0.1071
vn -0.5716 0.8188 0.0538
vn -0.5715 0.8188 0.0538
vn -0.5741 0.8188 0.0000
vn -0.5740 0.8188 0.0000
vn -0.5715 0.8188 -0.0538
vn -0.5716 0.8188 -0.0538
vn -0.5640 0.8188 -0.1070
vn -0.5515 0.8188 -0.1594
vn -0.5342 0.8188 -0.2103
vn -0.5121 0.8188 -0.2594
vn -0.4856 0.8188 -0.3063
vn -0.4548 0.8188 -0.3504
vn -0.4200 0.8188 -0.3914
vn -0.3815 0.8188 -0.4290
vn -0.3814 0.8188 -0.4290
vn -0.3396 0.8188 -0.4628
vn -0.2948 0.8188 -0.4926
vn -0.2474 0.8188 -0.5181
vn -0.1978 0.8188 -0.5390
vn -0.1464 0.8188 -0.5551
vn -0.0938 0.8188 -0.5664
vn -0.0403 0.8188 -0.5727
vn 0.0135 0.8188 -0.5739
vn 0.0671 0.8188 -0.5701
vn 0.0671 0.8188 -0.5702
vn 0.1202 0.8188 -0.5614
vn 0.1723 0.8188 -0.5476
vn 0.2228 0.8188 -0.5291
vn 0.2714 0.8188 -0.5059
vn 0.3175 0.8188 -0.4783
vn 0.3176 0.8188 -0.4783
vn 0.3610 0.8188 -0.4465
vn 0.3609 0.8188 -0.4464
vn 0.4011 0.8188 -0.4106
vn 0.4011 0.8188 -0.4107
vn 0.4378 0.8188 -0.3713
vn 0.4707 0.8188 -0.3287
vn 0.4994 0.8188 -0.2832
vn 0.4994 0.8188 -0.2831
vn 0.5237 0.8188 -0.2351
vn 0.5434 0.8188 -0.1851
vn 0.5435 0.8187 -0.1851
vn 0.5584 0.8187 -0.1334
vn 0.5584 0.8188 -0.1334
vn 0.5684 0.8188 -0.0805
vn 0.5734 0.8188 -0.0269
vn 0.5735 0.8188 -0.0269
vn 0.5735 0.8188 0.0269
vn 0.4225 0.9062 0.0198
vn 0.4187 0.9062 0.0593
vn 0.4188 0.9061 0.0593
vn 0.4114 0.9061 0.0983
vn 0.4113 0.9062 0.0982
vn 0.4003 0.9062 0.1363
vn 0.4004 0.9062 0.1363
vn 0.3859 0.9061 0.1732
vn 0.3859 0.9061 0.1733
vn 0.3679 0.9061 0.2086
vn 0.3468 0.9061 0.2422
vn 0.3468 0.9062 0.2421
vn 0.3226 0.9062 0.2735
vn 0.3226 0.9061 0.2736
vn 0.2955 0.9061 0.3026
vn 0.2955 0.9062 0.3026
vn 0.2659 0.9062 0.3289
vn 0.2339 0.9062 0.3523
vn 0.2339 0.9062 0.3524
vn 0.1999 0.9062 0.3727
vn 0.1999 0.9061 0.3727
vn 0.1641 0.9061 0.3898
vn 0.1641 0.9062 0.3898
vn 0.1269 0.9062 0.4035
vn 0.1269 0.9062 0.4034
vn 0.0886 0.9062 0.4135
vn 0.0886 0.9062 0.4136
vn 0.0495 0.9062 0.4200
vn 0.0099 0.9062 0.4228
vn -0.0297 0.9062 0.4219
vn -0.0691 0.9062 0.4172
vn -0.1079 0.9062 0.4089
vn -0.1079 0.9062 0.4090
vn -0.1457 0.9062 0.3971
vn -0.1822 0.9062 0.3817
vn -0.2172 0.9062 0.3629
vn -0.2502 0.9062 0.3410
vn -0.2502 0.9061 0.3410
vn -0.2811 0.9061 0.3161
vn -0.2810 0.9062 0.3161
vn -0.3094 0.9062 0.2884
vn -0.3350 0.9062 0.2581
vn -0.3577 0.9062 0.2256
vn -0.3772 0.9062 0.1911
vn -0.3773 0.9061 0.1911
vn -0.3935 0.9062 0.1550
vn -0.3935 0.9062 0.1549
vn -0.4063 0.9062 0.1174
vn -0.4063 0.9061 0.1174
vn -0.4155 0.9061 0.0789
vn -0.4155 0.9062 0.0789
vn -0.4210 0.9062 0.0396
vn -0.4211 0.9062 0.0396
vn -0.4229 0.9062 0.0000
vn -0.4211 0.9062 -0.0396
vn -0.4210 0.9062 -0.0396
vn -0.4155 0.9062 -0.0789
vn -0.4155 0.9061 -0.0789
vn -0.4063 0.9061 -0.1174
vn -0.4063 0.9062 -0.1174
vn -0.3935 0.9062 -0.1549
vn -0.3935 0.9061 -0.1550
vn -0.3773 0.9062 -0.1911
vn -0.3577 0.9062 -0.2256
vn -0.3350 0.9062 -0.2581
vn -0.3094 0.9062 -0.2884
vn -0.2810 0.9062 -0.3161
vn -0.2811 0.9061 -0.3161
vn -0.2502 0.9061 -0.3410
vn -0.2502 0.9062 -0.3410
vn -0.2172 0.9062 -0.3629
vn -0.1822 0.9062 -0.3817
vn -0.1457 0.9062 -0.3971
vn -0.1079 0.9062 -0.4090
vn -0.1079 0.9062 -0.4089
vn -0.0691 0.9062 -0.4172
vn -0.0297 0.9062 -0.4219
vn 0.0099 0.9062 -0.4228
vn 0.0495 0.9062 -0.4200
vn 0.0886 0.9062 -0.4136
vn 0.0886 0.9062 -0.4135
vn 0.1269 0.9062 -0.4034
vn 0.1269 0.9062 -0.4035
vn 0.1641 0.9062 -0.3898
vn 0.1641 0.9061 -0.3898
vn 0.1999 0.9061 -0.3727
vn 0.1999 0.9062 -0.3727
vn 0.2339 0.9062 -0.3524
vn 0.2339 0.9062 -0.3523
vn 0.2659 0.9062 -0.3289
vn 0.2955 0.9061 -0.3026
vn 0.2956 0.9061 -0.3026
vn 0.3226 0.9061 -0.2736
vn 0.3226 0.9062 -0.2735
vn 0.3468 0.9062 -0.2421
vn 0.3468 0.9061 -0.2422
vn 0.3680 0.9061 -0.2086
vn 0.3679 0.9061 -0.2086
vn 0.3859 0.9061 -0.1732
vn 0.4004 0.9061 -0.1363
vn 0.4003 0.9062 -0.1363
vn 0.4113 0.9062 -0.0982
vn 0.4114 0.9062 -0.0983
vn 0.4188 0.9062 -0.0593
vn 0.4225 0.9062 -0.0198
vn 0.4224 0.9062 -0.0198
vn 0.2589 0.9658 0.0121
vn 0.2566 0.9658 0.0363
vn 0.2520 0.9658 0.0602
vn 0.2521 0.9658 0.0602
vn 0.2453 0.9658 0.0835
vn 0.2364 0.9658 0.1062
vn 0.2364 0.9658 0.1061
vn 0.2254 0.9658 0.1278
vn 0.2125 0.9658 0.1484
vn 0.1977 0.9658 0.1676
vn 0.1811 0.9658 0.1854
vn 0.1629 0.9658 0.2015
vn 0.1433 0.9658 0.2159
vn 0.1434 0.9658 0.2159
vn 0.1225 0.9658 0.2284
vn 0.1006 0.9658 0.2389
vn 0.1006 0.9658 0.2388
vn 0.0778 0.9658 0.2472
vn 0.0543 0.9658 0.2534
vn 0.0303 0.9658 0.2574
vn 0.0061 0.9658 0.2591
vn -0.0182 0.9658 0.2585
vn -0.0423 0.9658 0.2557
vn -0.0661 0.9658 0.2506
vn -0.0893 0.9658 0.2433
vn -0.1117 0.9658 0.2339
vn -0.1331 0.9658 0.2224
vn -0.1533 0.9658 0.2089
vn -0.1722 0.9658 0.1937
vn -0.1896 0.9658 0.1767
vn -0.2053 0.9658 0.1582
vn -0.2192 0.9658 0.1382
vn -0.2192 0.9658 0.1383
vn -0.2312 0.9658 0.1171
vn -0.2411 0.9658 0.0949
vn -0.2412 0.9658 0.0950
vn -0.2490 0.9658 0.0720
vn -0.2546 0.9658 0.0483
vn -0.2580 0.9658 0.0243
vn -0.2592 0.9658 0.0000
vn -0.2580 0.9658 -0.0243
vn -0.2546 0.9658 -0.0483
vn -0.2490 0.9658 -0.0720
vn -0.2412 0.9658 -0.0950
vn -0.2411 0.9658 -0.0949
vn -0.2312 0.9658 -0.1171
vn -0.2192 0.9658 -0.1383
vn -0.2192 0.9658 -0.1382
vn -0.2053 0.9658 -0.1582
vn -0.1896 0.9658 -0.1767
vn -0.1722 0.9658 -0.1937
vn -0.1533 0.9658 -0.2089
vn -0.1331 0.9658 -0.2224
vn -0.1117 0.9658 -0.2339
vn -0.0893 0.9658 -0.2433
vn -0.0661 0.9658 -0.2506
vn -0.0423 0.9658 -0.2557
vn -0.0182 0.9658 -0.2585
vn 0.0061 0.9658 -0.2591
vn 0.0303 0.9658 -0.2574
vn 0.0543 0.9658 -0.2534
vn 0.0778 0.9658 -0.2472
vn 0.1006 0.9658 -0.2388
vn 0.1006 0.9658 -0.2389
vn 0.1225 0.9658 -0.2284
vn 0.1434 0.9658 -0.2159
vn 0.1433 0.9658 -0.2159
vn 0.1629 0.9658 -0.2015
vn 0.1811 0.9658 -0.1854
vn 0.1977 0.9658 -0.1676
vn 0.2125 0.9658 -0.1484
vn 0.2254 0.9658 -0.1278
vn 0.2364 0.9658 -0.1061
vn 0.2364 0.9658 -0.1062
vn 0.2453 0.9658 -0.0835
vn 0.2521 0.9658 -0.0602
vn 0.2520 0.9658 -0.0602
vn 0.2566 0.9658 -0.0363
vn 0.2589 0.9658 -0.0121
vn 0.0870 0.9962 0.0041
vn 0.0863 0.9962 0.0122
vn 0.0848 0.9962 0.0202
vn 0.0847 0.9962 0.0202
vn 0.0825 0.9962 0.0281
vn 0.0795 0.9962 0.0357
vn 0.0758 0.9962 0.0430
vn 0.0714 0.9962 0.0499
vn 0.0664 0.9962 0.0564
vn 0.0665 0.9962 0.0564
vn 0.0609 0.9962 0.0623
vn 0.0548 0.9962 0.0678
vn 0.0482 0.9962 0.0726
vn 0.0412 0.9962 0.0768
vn 0.0338 0.9962 0.0803
vn 0.0261 0.9962 0.0831
vn 0.0182 0.9962 0.0852
vn 0.0102 0.9962 0.0865
vn 0.0020 0.9962 0.0871
vn -0.0061 0.9962 0.0869
vn -0.0142 0.9962 0.0860
vn -0.0222 0.9962 0.0842
vn -0.0300 0.9962 0.0818
vn -0.0375 0.9962 0.0786
vn -0.0447 0.9962 0.0748
vn -0.0515 0.9962 0.0703
vn -0.0579 0.9962 0.0651
vn -0.0637 0.9962 0.0594
vn -0.0690 0.9962 0.0532
vn -0.0737 0.9962 0.0465
vn -0.0777 0.9962 0.0394
vn -0.0811 0.9962 0.0319
vn -0.0837 0.9962 0.0242
vn -0.0856 0.9962 0.0162
vn -0.0867 0.9962 0.0082
vn -0.0871 0.9962 0.0000
vn -0.0867 0.9962 -0.0082
vn -0.0856 0.9962 -0.0162
vn -0.0837 0.9962 -0.0242
vn -0.0811 0.9962 -0.0319
vn -0.0777 0.9962 -0.0394
vn -0.0737 0.9962 -0.0465
vn -0.0690 0.9962 -0.0532
vn -0.0637 0.9962 -0.0594
vn -0.0579 0.9962 -0.0651
vn -0.0515 0.9962 -0.0703
vn -0.0515 0.9962 -0.0702
vn -0.0447 0.9962 -0.0748
vn -0.0375 0.9962 -0.0786
vn -0.0300 0.9962 -0.0818
vn -0.0222 0.9962 -0.0843
vn -0.0222 0.9962 -0.0842
vn -0.0142 0.9962 -0.0860
vn -0.0061 0.9962 -0.0869
vn 0.0020 0.9962 -0.0871
vn 0.0102 0.9962 -0.0865
vn 0.0182 0.9962 -0.0852
vn 0.0261 0.9962 -0.0831
vn 0.0338 0.9962 -0.0803
vn 0.0412 0.9962 -0.0768
vn 0.0482 0.9962 -0.0726
vn 0.0548 0.9962 -0.0678
vn 0.0548 0.9962 -0.0677
vn 0.0609 0.9962 -0.0623
vn 0.0664 0.9962 -0.0564
vn 0.0665 0.9962 -0.0564
vn 0.0714 0.9962 -0.0499
vn 0.0758 0.9962 -0.0430
vn 0.0795 0.9962 -0.0357
vn 0.0825 0.9962 -0.0281
vn 0.0847 0.9962 -0.0202
vn 0.0848 0.9962 -0.0202
vn 0.0863 0.9962 -0.0122
vn 0.0870 0.9962 -0.0041
vn -0.9430 -0.0870 -0.3211
vn -0.8456 -0.2345 -0.4795
vn -0.9430 -0.0871 -0.3211
vn -0.9237 -0.0872 -0.3731
vn -0.8972 -0.1808 -0.4028
vn -0.9052 -0.0871 -0.4160
vn -0.8760 -0.0871 -0.4743
vn -0.8528 -0.0872 -0.5149
vn -0.8168 -0.0871 -0.5703
vn -0.7598 -0.0871 -0.6443
vn -0.7598 -0.0870 -0.6443
vn -0.7167 -0.0871 -0.6919
vn -0.6801 -0.2294 -0.6963
vn -0.6835 -0.0871 -0.7248
vn -0.6263 -0.0870 -0.7747
vn -0.6205 -0.2264 -0.7508
vn -0.3771 -0.2363 -0.8955
vn -0.5979 -0.0872 -0.7968
vn -0.5510 -0.0871 -0.8299
vn -0.5048 -0.0872 -0.8588
vn -0.4656 -0.1727 -0.8680
vn -0.4640 -0.0871 -0.8815
vn -0.4054 -0.0871 -0.9100
vn -0.3623 -0.0872 -0.9280
vn -0.3008 -0.0871 -0.9497
vn -0.2982 -0.1120 -0.9479
vn -0.0230 -0.2019 -0.9791
vn -0.2559 -0.0872 -0.9628
vn -0.2086 -0.0871 -0.9741
vn -0.2087 -0.0870 -0.9741
vn -0.1464 -0.0871 -0.9854
vn -0.1139 -0.2262 -0.9674
vn -0.1001 -0.0871 -0.9912
vn -0.0350 -0.0871 -0.9956
vn 0.0117 -0.0872 -0.9961
vn 0.0700 -0.0871 -0.9937
vn 0.0700 -0.0870 -0.9937
vn 0.1233 -0.0871 -0.9885
vn 0.1612 -0.1640 -0.9732
vn 0.1695 -0.0871 -0.9817
vn 0.2333 -0.0871 -0.9685
vn 0.2477 -0.2376 -0.9392
vn 0.2784 -0.0872 -0.9565
vn 0.3431 -0.0871 -0.9352
vn 0.3390 -0.1259 -0.9323
vn 0.5787 -0.2077 -0.7887
vn 0.3839 -0.0871 -0.9192
vn 0.4292 -0.0871 -0.8990
vn 0.4292 -0.0870 -0.8990
vn 0.4846 -0.0871 -0.8704
vn 0.5006 -0.2223 -0.8366
vn 0.5248 -0.0871 -0.8467
vn 0.5791 -0.0871 -0.8106
vn 0.6164 -0.0871 -0.7826
vn 0.6619 -0.0870 -0.7445
vn 0.6620 -0.0871 -0.7445
vn 0.7003 -0.0872 -0.7085
vn 0.7227 -0.1547 -0.6736
vn 0.7327 -0.0871 -0.6749
vn 0.7753 -0.0872 -0.6256
vn 0.7693 -0.2383 -0.5927
vn 0.8038 -0.0870 -0.5885
vn 0.8426 -0.0870 -0.5314
vn 0.8356 -0.1388 -0.5316
vn 0.9386 -0.2132 -0.2713
vn 0.8647 -0.0871 -0.4947
vn 0.8887 -0.0870 -0.4502
vn 0.9147 -0.0871 -0.3947
vn 0.9081 -0.2181 -0.3576
vn 0.9322 -0.0871 -0.3514
vn 0.9532 -0.0871 -0.2897
vn 0.9657 -0.0872 -0.2447
vn 0.9787 -0.0872 -0.1858
vn 0.9787 -0.0871 -0.1857
vn 0.9870 -0.0872 -0.1348
vn 0.9851 -0.1449 -0.0926
vn 0.9923 -0.0872 -0.0884
vn 0.9959 -0.0873 -0.0233
vn 0.9711 -0.2386 0.0000
vn 0.9959 -0.0873 0.0233
vn 0.9918 -0.0872 0.0933
vn 0.9846 -0.1515 0.0878
vn 0.9081 -0.2181 0.3576
vn 0.9870 -0.0872 0.1348
vn 0.9787 -0.0872 0.1858
vn 0.9787 -0.0871 0.1858
vn 0.9657 -0.0872 0.2447
vn 0.9386 -0.2132 0.2713
vn 0.9532 -0.0871 0.2897
vn 0.9322 -0.0871 0.3514
vn 0.9147 -0.0871 0.3947
vn 0.8887 -0.0870 0.4502
vn 0.8647 -0.0871 0.4947
vn 0.8381 -0.1345 0.5286
vn 0.8405 -0.0870 0.5347
vn 0.8038 -0.0871 0.5885
vn 0.7693 -0.2383 0.5927
vn 0.7753 -0.0872 0.6256
vn 0.7288 -0.0871 0.6792
vn 0.7255 -0.1642 0.6683
vn 0.5006 -0.2223 0.8366
vn 0.7003 -0.0872 0.7085
vn 0.6619 -0.0871 0.7445
vn 0.6620 -0.0870 0.7445
vn 0.6164 -0.0871 0.7826
vn 0.5787 -0.2077 0.7887
vn 0.5791 -0.0871 0.8106
vn 0.5248 -0.0871 0.8467
vn 0.4845 -0.0871 0.8704
vn 0.4292 -0.0870 0.8990
vn 0.4292 -0.0871 0.8990
vn 0.3839 -0.0871 0.9193
vn 0.3418 -0.1235 0.9316
vn 0.3404 -0.0871 0.9362
vn 0.2784 -0.0872 0.9565
vn 0.2477 -0.2376 0.9392
vn 0.2333 -0.0871 0.9685
vn 0.1628 -0.0871 0.9828
vn 0.1674 -0.1768 0.9699
vn -0.1139 -0.2262 0.9674
vn 0.1233 -0.0871 0.9885
vn 0.0700 -0.0870 0.9937
vn 0.0700 -0.0871 0.9937
vn 0.0117 -0.0872 0.9961
vn -0.0230 -0.2019 0.9791
vn -0.0350 -0.0871 0.9956
vn -0.1001 -0.0871 0.9912
vn -0.1464 -0.0871 0.9854
vn -0.2086 -0.0870 0.9741
vn -0.2086 -0.0871 0.9741
vn -0.2559 -0.0872 0.9628
vn -0.2982 -0.1120 0.9479
vn -0.3008 -0.0871 0.9497
vn -0.3623 -0.0872 0.9280
vn -0.3771 -0.2363 0.8955
vn -0.4054 -0.0871 0.9100
vn -0.4709 -0.0871 0.8779
vn -0.4574 -0.1894 0.8689
vn -0.6801 -0.2294 0.6963
vn -0.5048 -0.0872 0.8588
vn -0.5510 -0.0871 0.8299
vn -0.5979 -0.0872 0.7968
vn -0.6166 -0.1954 0.7626
vn -0.6346 -0.0871 0.7679
vn -0.6835 -0.0871 0.7248
vn -0.7167 -0.0871 0.6919
vn -0.7598 -0.0870 0.6443
vn -0.7598 -0.0871 0.6443
vn -0.8168 -0.0870 0.5703
vn -0.8168 -0.0871 0.5703
vn -0.8528 -0.0872 0.5149
vn -0.8456 -0.2345 0.4795
vn -0.8760 -0.0871 0.4743
vn -0.9088 -0.0871 0.4080
vn -0.8899 -0.2018 0.4090
vn -0.9631 -0.2322 0.1364
vn -0.9237 -0.0872 0.3731
vn -0.9430 -0.0871 0.3211
vn -0.9430 -0.0870 0.3211
vn -0.9597 -0.0871 0.2672
vn -0.9552 -0.1883 0.2281
vn -0.9712 -0.0871 0.2219
vn -0.9836 -0.0872 0.1579
vn -0.9899 -0.0871 0.1117
vn -0.9951 -0.0870 0.0467
vn -0.9951 -0.0871 0.0467
vn -0.9951 -0.0871 -0.0467
vn -0.9951 -0.0870 -0.0467
vn -0.9899 -0.0871 -0.1117
vn -0.9631 -0.2322 -0.1364
vn -0.9836 -0.0872 -0.1579
vn -0.9689 -0.0871 -0.2314
vn -0.9523 -0.2141 -0.2176
vn -0.9597 -0.0871 -0.2672
vn -0.9649 -0.2586 0.0453
vn -0.9564 -0.2586 0.1354
vn -0.9565 -0.2585 0.1354
vn -0.9396 -0.2585 0.2244
vn -0.9396 -0.2586 0.2244
vn -0.9144 -0.2586 0.3114
vn -0.8812 -0.2586 0.3957
vn -0.8403 -0.2586 0.4764
vn -0.7920 -0.2586 0.5530
vn -0.7920 -0.2585 0.5530
vn -0.7368 -0.2585 0.6248
vn -0.7368 -0.2586 0.6248
vn -0.6750 -0.2586 0.6910
vn -0.6750 -0.2585 0.6910
vn -0.6073 -0.2585 0.7512
vn -0.5343 -0.2585 0.8048
vn -0.5343 -0.2586 0.8048
vn -0.4566 -0.2586 0.8513
vn -0.4566 -0.2585 0.8513
vn -0.3749 -0.2585 0.8903
vn -0.2899 -0.2585 0.9215
vn -0.2023 -0.2585 0.9446
vn -0.2023 -0.2586 0.9446
vn -0.1130 -0.2586 0.9594
vn -0.1130 -0.2585 0.9594
vn -0.0226 -0.2585 0.9657
vn 0.0679 -0.2585 0.9636
vn 0.0679 -0.2586 0.9636
vn 0.1578 -0.2586 0.9530
vn 0.1578 -0.2585 0.9530
vn 0.2464 -0.2585 0.9341
vn 0.3328 -0.2585 0.9069
vn 0.3327 -0.2586 0.9069
vn 0.4162 -0.2586 0.8717
vn 0.4960 -0.2586 0.8289
vn 0.5714 -0.2586 0.7788
vn 0.6419 -0.2586 0.7219
vn 0.6419 -0.2585 0.7219
vn 0.7067 -0.2585 0.6586
vn 0.7652 -0.2585 0.5896
vn 0.7652 -0.2586 0.5896
vn 0.8171 -0.2586 0.5153
vn 0.8171 -0.2585 0.5153
vn 0.8617 -0.2585 0.4365
vn 0.8618 -0.2585 0.4365
vn 0.8988 -0.2585 0.3539
vn 0.9280 -0.2585 0.2682
vn 0.9491 -0.2585 0.1801
vn 0.9618 -0.2585 0.0905
vn 0.9618 -0.2584 0.0905
vn 0.9660 -0.2584 0.0000
vn 0.9618 -0.2584 -0.0905
vn 0.9618 -0.2585 -0.0905
vn 0.9491 -0.2585 -0.1801
vn 0.9280 -0.2585 -0.2682
vn 0.8988 -0.2585 -0.3539
vn 0.8618 -0.2585 -0.4365
vn 0.8617 -0.2585 -0.4365
vn 0.8171 -0.2585 -0.5153
vn 0.8171 -0.2586 -0.5153
vn 0.7652 -0.2586 -0.5895
vn 0.7652 -0.2585 -0.5896
vn 0.7067 -0.2585 -0.6586
vn 0.6419 -0.2585 -0.7219
vn 0.6419 -0.2586 -0.7219
vn 0.5714 -0.2586 -0.7788
vn 0.5715 -0.2586 -0.7788
vn 0.4960 -0.2586 -0.8289
vn 0.4162 -0.2586 -0.8717
vn 0.3328 -0.2586 -0.9069
vn 0.3328 -0.2585 -0.9069
vn 0.2464 -0.2585 -0.9341
vn 0.1578 -0.2585 -0.9530
vn 0.1578 -0.2586 -0.9530
vn 0.0679 -0.2586 -0.9636
vn 0.0679 -0.2585 -0.9636
vn -0.0226 -0.2585 -0.9657
vn -0.0227 -0.2585 -0.9657
vn -0.1130 -0.2585 -0.9594
vn -0.1130 -0.2586 -0.9594
vn -0.2023 -0.2586 -0.9446
vn -0.2023 -0.2585 -0.9446
vn -0.2899 -0.2585 -0.9215
vn -0.3749 -0.2585 -0.8903
vn -0.4566 -0.2585 -0.8513
vn -0.4566 -0.2586 -0.8513
vn -0.5343 -0.2586 -0.8048
vn -0.5343 -0.2585 -0.8048
vn -0.6073 -0.2585 -0.7512
vn -0.6750 -0.2585 -0.6910
vn -0.6750 -0.2586 -0.6910
vn -0.7367 -0.2586 -0.6248
vn -0.7368 -0.2585 -0.6248
vn -0.7920 -0.2585 -0.5530
vn -0.7920 -0.2586 -0.5530
vn -0.8403 -0.2586 -0.4764
vn -0.8812 -0.2586 -0.3957
vn -0.9144 -0.2586 -0.3114
vn -0.9396 -0.2585 -0.2244
vn -0.9565 -0.2585 -0.1354
vn -0.9565 -0.2586 -0.1354
vn -0.9649 -0.2586 -0.0453
vn -0.9650 -0.2585 -0.0453
vn -0.9649 -0.2585 0.0453
vn -0.9055 -0.4222 0.0425
vn -0.8976 -0.4222 0.1271
vn -0.8975 -0.4223 0.1271
vn -0.8817 -0.4223 0.2106
vn -0.8581 -0.4223 0.2922
vn -0.8581 -0.4222 0.2922
vn -0.8270 -0.4222 0.3713
vn -0.8270 -0.4221 0.3713
vn -0.7886 -0.4221 0.4471
vn -0.7886 -0.4222 0.4471
vn -0.7433 -0.4222 0.5190
vn -0.7432 -0.4223 0.5190
vn -0.6914 -0.4223 0.5863
vn -0.6913 -0.4223 0.5863
vn -0.6334 -0.4223 0.6484
vn -0.6334 -0.4222 0.6485
vn -0.5699 -0.4222 0.7049
vn -0.5014 -0.4222 0.7552
vn -0.4285 -0.4222 0.7988
vn -0.3518 -0.4222 0.8354
vn -0.2720 -0.4222 0.8647
vn -0.1899 -0.4222 0.8864
vn -0.1060 -0.4222 0.9003
vn -0.0213 -0.4222 0.9062
vn 0.0637 -0.4222 0.9043
vn 0.1481 -0.4222 0.8943
vn 0.2312 -0.4222 0.8765
vn 0.3123 -0.4222 0.8510
vn 0.3906 -0.4222 0.8180
vn 0.4655 -0.4222 0.7779
vn 0.5363 -0.4222 0.7309
vn 0.6024 -0.4222 0.6774
vn 0.6023 -0.4222 0.6775
vn 0.6631 -0.4222 0.6181
vn 0.6631 -0.4223 0.6180
vn 0.7181 -0.4223 0.5532
vn 0.7181 -0.4222 0.5533
vn 0.7668 -0.4222 0.4836
vn 0.7667 -0.4222 0.4836
vn 0.8087 -0.4222 0.4096
vn 0.8086 -0.4223 0.4096
vn 0.8434 -0.4223 0.3321
vn 0.8708 -0.4223 0.2517
vn 0.8708 -0.4222 0.2517
vn 0.8906 -0.4223 0.1690
vn 0.9025 -0.4223 0.0849
vn 0.9025 -0.4222 0.0849
vn 0.9065 -0.4223 0.0000
vn 0.9025 -0.4223 -0.0849
vn 0.9025 -0.4222 -0.0849
vn 0.8906 -0.4223 -0.1690
vn 0.8708 -0.4223 -0.2517
vn 0.8434 -0.4223 -0.3321
vn 0.8086 -0.4223 -0.4096
vn 0.8087 -0.4222 -0.4096
vn 0.7667 -0.4222 -0.4836
vn 0.7668 -0.4222 -0.4836
vn 0.7181 -0.4222 -0.5533
vn 0.7181 -0.4223 -0.5532
vn 0.6631 -0.4223 -0.6180
vn 0.6631 -0.4222 -0.6181
vn 0.6023 -0.4222 -0.6774
vn 0.6024 -0.4222 -0.6775
vn 0.5363 -0.4222 -0.7309
vn 0.4655 -0.4222 -0.7779
vn 0.3906 -0.4222 -0.8180
vn 0.3123 -0.4222 -0.8510
vn 0.2312 -0.4222 -0.8765
vn 0.1481 -0.4222 -0.8943
vn 0.0637 -0.4222 -0.9043
vn -0.0213 -0.4222 -0.9062
vn -0.0212 -0.4222 -0.9062
vn -0.1060 -0.4222 -0.9003
vn -0.1899 -0.4222 -0.8864
vn -0.2720 -0.4222 -0.8647
vn -0.3518 -0.4222 -0.8354
vn -0.4285 -0.4222 -0.7988
vn -0.5014 -0.4222 -0.7552
vn -0.5699 -0.4222 -0.7049
vn -0.6334 -0.4222 -0.6485
vn -0.6334 -0.4223 -0.6484
vn -0.6913 -0.4223 -0.5863
vn -0.6914 -0.4223 -0.5863
vn -0.7432 -0.4223 -0.5190
vn -0.7432 -0.4222 -0.5190
vn -0.7886 -0.4222 -0.4471
vn -0.7886 -0.4221 -0.4471
vn -0.8270 -0.4221 -0.3713
vn -0.8270 -0.4222 -0.3713
vn -0.8581 -0.4222 -0.2922
vn -0.8817 -0.4223 -0.2106
vn -0.8975 -0.4223 -0.1271
vn -0.8976 -0.4221 -0.1271
vn -0.9055 -0.4222 -0.0425
vn -0.9055 -0.4223 -0.0425
vn -0.9055 -0.4223 0.0425
vn -0.8186 -0.5731 0.0384
vn -0.8113 -0.5732 0.1149
vn -0.8114 -0.5731 0.1149
vn -0.7970 -0.5731 0.1904
vn -0.7971 -0.5731 0.1904
vn -0.7757 -0.5731 0.2642
vn -0.7476 -0.5731 0.3356
vn -0.7475 -0.5732 0.3356
vn -0.7128 -0.5732 0.4041
vn -0.7128 -0.5732 0.4042
vn -0.6718 -0.5732 0.4691
vn -0.6719 -0.5731 0.4692
vn -0.6250 -0.5731 0.5300
vn -0.5726 -0.5731 0.5862
vn -0.5726 -0.5732 0.5862
vn -0.5152 -0.5732 0.6372
vn -0.4533 -0.5732 0.6827
vn -0.4533 -0.5731 0.6827
vn -0.3874 -0.5731 0.7221
vn -0.3873 -0.5732 0.7221
vn -0.3180 -0.5732 0.7552
vn -0.2459 -0.5732 0.7817
vn -0.2459 -0.5731 0.7817
vn -0.1716 -0.5732 0.8013
vn -0.1716 -0.5731 0.8013
vn -0.0958 -0.5731 0.8138
vn -0.0192 -0.5732 0.8192
vn 0.0576 -0.5732 0.8174
vn 0.0576 -0.5731 0.8174
vn 0.1339 -0.5731 0.8084
vn 0.2090 -0.5731 0.7924
vn 0.2823 -0.5731 0.7693
vn 0.2823 -0.5732 0.7693
vn 0.3531 -0.5731 0.7395
vn 0.4208 -0.5731 0.7032
vn 0.4208 -0.5732 0.7032
vn 0.4848 -0.5732 0.6607
vn 0.4848 -0.5731 0.6607
vn 0.5445 -0.5731 0.6124
vn 0.5445 -0.5732 0.6124
vn 0.5994 -0.5732 0.5587
vn 0.5995 -0.5731 0.5587
vn 0.6492 -0.5731 0.5001
vn 0.6491 -0.5732 0.5001
vn 0.6931 -0.5732 0.4371
vn 0.6931 -0.5731 0.4371
vn 0.7310 -0.5732 0.3703
vn 0.7310 -0.5731 0.3703
vn 0.7625 -0.5731 0.3002
vn 0.7873 -0.5731 0.2275
vn 0.7872 -0.5732 0.2275
vn 0.8051 -0.5732 0.1528
vn 0.8051 -0.5731 0.1528
vn 0.8159 -0.5731 0.0767
vn 0.8158 -0.5732 0.0767
vn 0.8194 -0.5732 0.0000
vn 0.8158 -0.5733 -0.0767
vn 0.8159 -0.5731 -0.0767
vn 0.8051 -0.5731 -0.1528
vn 0.8051 -0.5732 -0.1528
vn 0.7872 -0.5732 -0.2275
vn 0.7873 -0.5731 -0.2275
vn 0.7625 -0.5731 -0.3002
vn 0.7310 -0.5731 -0.3703
vn 0.6931 -0.5732 -0.4371
vn 0.6491 -0.5732 -0.5001
vn 0.6492 -0.5731 -0.5001
vn 0.5995 -0.5731 -0.5587
vn 0.5994 -0.5732 -0.5587
vn 0.5445 -0.5732 -0.6124
vn 0.5445 -0.5731 -0.6124
vn 0.4848 -0.5731 -0.6607
vn 0.4848 -0.5732 -0.6607
vn 0.4208 -0.5732 -0.7032
vn 0.4208 -0.5731 -0.7032
vn 0.3531 -0.5731 -0.7395
vn 0.3531 -0.5732 -0.7395
vn 0.2823 -0.5732 -0.7693
vn 0.2823 -0.5731 -0.7693
vn 0.2090 -0.5731 -0.7924
vn 0.1339 -0.5732 -0.8084
vn 0.1339 -0.5731 -0.8085
vn 0.0576 -0.5731 -0.8174
vn 0.0576 -0.5732 -0.8174
vn -0.0192 -0.5732 -0.8192
vn -0.0192 -0.5731 -0.8192
vn -0.0958 -0.5731 -0.8138
vn -0.1716 -0.5731 -0.8013
vn -0.1716 -0.5732 -0.8013
vn -0.2459 -0.5731 -0.7817
vn -0.2459 -0.5732 -0.7817
vn -0.3180 -0.5732 -0.7552
vn -0.3180 -0.5731 -0.7552
vn -0.3873 -0.5731 -0.7221
vn -0.3874 -0.5731 -0.7221
vn -0.4533 -0.5731 -0.6827
vn -0.4533 -0.5732 -0.6827
vn -0.5152 -0.5732 -0.6372
vn -0.5726 -0.5732 -0.5862
vn -0.5726 -0.5731 -0.5862
vn -0.6250 -0.5731 -0.5300
vn -0.6719 -0.5731 -0.4691
vn -0.6719 -0.5732 -0.4691
vn -0.7128 -0.5732 -0.4042
vn -0.7475 -0.5732 -0.3356
vn -0.7476 -0.5731 -0.3356
vn -0.7757 -0.5731 -0.2642
vn -0.7970 -0.5731 -0.1904
vn -0.7971 -0.5731 -0.1904
vn -0.8114 -0.5731 -0.1149
vn -0.8186 -0.5731 -0.0384
vn -0.7067 -0.7068 0.0332
vn -0.7005 -0.7068 0.0992
vn -0.6881 -0.7068 0.1643
vn -0.6696 -0.7068 0.2280
vn -0.6697 -0.7067 0.2281
vn -0.6454 -0.7067 0.2898
vn -0.6454 -0.7068 0.2898
vn -0.6154 -0.7068 0.3489
vn -0.5800 -0.7068 0.4050
vn -0.5801 -0.7067 0.4050
vn -0.5396 -0.7067 0.4576
vn -0.5396 -0.7068 0.4575
vn -0.4943 -0.7068 0.5061
vn -0.4944 -0.7067 0.5061
vn -0.4448 -0.7067 0.5502
vn -0.4448 -0.7068 0.5501
vn -0.3913 -0.7068 0.5894
vn -0.3344 -0.7068 0.6234
vn -0.2746 -0.7068 0.6520
vn -0.2123 -0.7067 0.6749
vn -0.1482 -0.7067 0.6918
vn -0.1482 -0.7068 0.6917
vn -0.0827 -0.7068 0.7026
vn -0.0166 -0.7068 0.7072
vn -0.0166 -0.7068 0.7073
vn 0.0497 -0.7067 0.7057
vn 0.0497 -0.7068 0.7057
vn 0.1156 -0.7068 0.6979
vn 0.1804 -0.7068 0.6841
vn 0.2437 -0.7068 0.6641
vn 0.2437 -0.7068 0.6642
vn 0.3048 -0.7068 0.6384
vn 0.3633 -0.7068 0.6071
vn 0.4185 -0.7067 0.5704
vn 0.4185 -0.7068 0.5704
vn 0.4701 -0.7068 0.5287
vn 0.4701 -0.7067 0.5287
vn 0.5175 -0.7068 0.4824
vn 0.5175 -0.7068 0.4823
vn 0.5604 -0.7068 0.4318
vn 0.5984 -0.7068 0.3774
vn 0.5984 -0.7067 0.3774
vn 0.6311 -0.7068 0.3197
vn 0.6583 -0.7068 0.2592
vn 0.6583 -0.7067 0.2592
vn 0.6796 -0.7068 0.1964
vn 0.6950 -0.7068 0.1319
vn 0.7044 -0.7068 0.0662
vn 0.7044 -0.7067 0.0662
vn 0.7075 -0.7067 0.0000
vn 0.7044 -0.7067 -0.0663
vn 0.7044 -0.7068 -0.0662
vn 0.6950 -0.7068 -0.1319
vn 0.6796 -0.7068 -0.1964
vn 0.6797 -0.7067 -0.1964
vn 0.6583 -0.7067 -0.2592
vn 0.6583 -0.7068 -0.2592
vn 0.6311 -0.7068 -0.3197
vn 0.5984 -0.7068 -0.3774
vn 0.5604 -0.7068 -0.4318
vn 0.5175 -0.7068 -0.4823
vn 0.5175 -0.7067 -0.4824
vn 0.4701 -0.7067 -0.5287
vn 0.4701 -0.7068 -0.5287
vn 0.4185 -0.7068 -0.5704
vn 0.4185 -0.7067 -0.5704
vn 0.3633 -0.7068 -0.6071
vn 0.3048 -0.7068 -0.6384
vn 0.2437 -0.7068 -0.6642
vn 0.1804 -0.7068 -0.6841
vn 0.1156 -0.7068 -0.6979
vn 0.0497 -0.7068 -0.7057
vn 0.0497 -0.7067 -0.7057
vn -0.0166 -0.7068 -0.7073
vn -0.0166 -0.7068 -0.7072
vn -0.0827 -0.7068 -0.7026
vn -0.1482 -0.7068 -0.6917
vn -0.1482 -0.7067 -0.6918
vn -0.2123 -0.7068 -0.6749
vn -0.2123 -0.7067 -0.6749
vn -0.2746 -0.7067 -0.6520
vn -0.2746 -0.7068 -0.6520
vn -0.3344 -0.7068 -0.6234
vn -0.3913 -0.7068 -0.5894
vn -0.4448 -0.7068 -0.5501
vn -0.4944 -0.7067 -0.5061
vn -0.4943 -0.7068 -0.5061
vn -0.5396 -0.7068 -0.4576
vn -0.5396 -0.7067 -0.4576
vn -0.5801 -0.7067 -0.4050
vn -0.5800 -0.7068 -0.4050
vn -0.6154 -0.7068 -0.3489
vn -0.6154 -0.7067 -0.3489
vn -0.6454 -0.7067 -0.2898
vn -0.6697 -0.7067 -0.2281
vn -0.6696 -0.7068 -0.2280
vn -0.6880 -0.7068 -0.1643
vn -0.6881 -0.7068 -0.1643
vn -0.7005 -0.7068 -0.0992
vn -0.7067 -0.7068 -0.0332
vn -0.7067 -0.7067 -0.0332
vn -0.7067 -0.7067 0.0332
vn -0.5734 -0.8188 0.0269
vn -0.5684 -0.8188 0.0805
vn -0.5583 -0.8188 0.1334
vn -0.5584 -0.8187 0.1334
vn -0.5435 -0.8188 0.1851
vn -0.5434 -0.8188 0.1851
vn -0.5237 -0.8188 0.2351
vn -0.4994 -0.8188 0.2831
vn -0.4707 -0.8188 0.3287
vn -0.4378 -0.8188 0.3713
vn -0.4011 -0.8188 0.4107
vn -0.4011 -0.8188 0.4106
vn -0.3609 -0.8188 0.4464
vn -0.3610 -0.8188 0.4465
vn -0.3176 -0.8188 0.4783
vn -0.3175 -0.8188 0.4783
vn -0.2714 -0.8188 0.5059
vn -0.2228 -0.8188 0.5291
vn -0.1723 -0.8188 0.5476
vn -0.1202 -0.8188 0.5614
vn -0.0671 -0.8188 0.5702
vn -0.0671 -0.8188 0.5701
vn -0.0135 -0.8188 0.5739
vn 0.0403 -0.8188 0.5727
vn 0.0938 -0.8188 0.5664
vn 0.1464 -0.8188 0.5551
vn 0.1978 -0.8188 0.5390
vn 0.2474 -0.8188 0.5181
vn 0.2473 -0.8188 0.5181
vn 0.2948 -0.8188 0.4926
vn 0.3396 -0.8188 0.4628
vn 0.3814 -0.8188 0.4290
vn 0.3815 -0.8188 0.4290
vn 0.4200 -0.8188 0.3914
vn 0.4548 -0.8188 0.3504
vn 0.4856 -0.8188 0.3063
vn 0.4856 -0.8188 0.3062
vn 0.5121 -0.8188 0.2594
vn 0.5342 -0.8188 0.2103
vn 0.5515 -0.8188 0.1594
vn 0.5640 -0.8188 0.1070
vn 0.5716 -0.8188 0.0538
vn 0.5715 -0.8188 0.0538
vn 0.5741 -0.8188 0.0000
vn 0.5740 -0.8188 0.0000
vn 0.5715 -0.8188 -0.0538
vn 0.5716 -0.8188 -0.0538
vn 0.5640 -0.8188 -0.1070
vn 0.5515 -0.8188 -0.1594
vn 0.5342 -0.8188 -0.2103
vn 0.5121 -0.8188 -0.2594
vn 0.4856 -0.8188 -0.3062
vn 0.4856 -0.8188 -0.3063
vn 0.4548 -0.8188 -0.3504
vn 0.4200 -0.8188 -0.3914
vn 0.3815 -0.8188 -0.4290
vn 0.3814 -0.8188 -0.4290
vn 0.3396 -0.8188 -0.4628
vn 0.2948 -0.8188 -0.4926
vn 0.2473 -0.8188 -0.5181
vn 0.2474 -0.8188 -0.5181
vn 0.1978 -0.8188 -0.5390
vn 0.1464 -0.8188 -0.5551
vn 0.0938 -0.8188 -0.5664
vn 0.0403 -0.8188 -0.5727
vn -0.0135 -0.8188 -0.5739
vn -0.0671 -0.8188 -0.5701
vn -0.0671 -0.8188 -0.5702
vn -0.1202 -0.8188 -0.5614
vn -0.1723 -0.8188 -0.5476
vn -0.2228 -0.8188 -0.5291
vn -0.2714 -0.8188 -0.5059
vn -0.3175 -0.8188 -0.4783
vn -0.3176 -0.8188 -0.4783
vn -0.3610 -0.8188 -0.4465
vn -0.3609 -0.8188 -0.4464
vn -0.4011 -0.8188 -0.4106
vn -0.4011 -0.8188 -0.4107
vn -0.4378 -0.8188 -0.3713
vn -0.4707 -0.8188 -0.3287
vn -0.4994 -0.8188 -0.2831
vn -0.5237 -0.8188 -0.2351
vn -0.5434 -0.8188 -0.1851
vn -0.5435 -0.8188 -0.1851
vn -0.5584 -0.8187 -0.1334
vn -0.5584 -0.8188 -0.1334
vn -0.5684 -0.8188 -0.0805
vn -0.5734 -0.8188 -0.0269
vn -0.5735 -0.8188 0.0269
vn -0.4225 -0.9062 0.0198
vn -0.4187 -0.9062 0.0593
vn -0.4188 -0.9061 0.0593
vn -0.4114 -0.9061 0.0983
vn -0.4113 -0.9062 0.0982
vn -0.4003 -0.9062 0.1363
vn -0.4004 -0.9061 0.1363
vn -0.3859 -0.9061 0.1732
vn -0.3859 -0.9061 0.1733
vn -0.3679 -0.9061 0.2086
vn -0.3680 -0.9061 0.2086
vn -0.3468 -0.9061 0.2422
vn -0.3468 -0.9062 0.2421
vn -0.3226 -0.9062 0.2735
vn -0.3226 -0.9061 0.2736
vn -0.2955 -0.9061 0.3026
vn -0.2955 -0.9062 0.3026
vn -0.2659 -0.9062 0.3289
vn -0.2339 -0.9062 0.3523
vn -0.2339 -0.9061 0.3524
vn -0.1999 -0.9062 0.3727
vn -0.1999 -0.9061 0.3727
vn -0.1641 -0.9061 0.3898
vn -0.1641 -0.9062 0.3898
vn -0.1269 -0.9062 0.4035
vn -0.1269 -0.9062 0.4034
vn -0.0886 -0.9062 0.4135
vn -0.0886 -0.9062 0.4136
vn -0.0495 -0.9062 0.4200
vn -0.0099 -0.9062 0.4228
vn 0.0297 -0.9062 0.4219
vn 0.0691 -0.9062 0.4172
vn 0.1079 -0.9062 0.4089
vn 0.1079 -0.9062 0.4090
vn 0.1457 -0.9062 0.3971
vn 0.1822 -0.9062 0.3817
vn 0.2172 -0.9062 0.3629
vn 0.2502 -0.9062 0.3410
vn 0.2502 -0.9061 0.3410
vn 0.2811 -0.9061 0.3161
vn 0.2810 -0.9062 0.3161
vn 0.3094 -0.9062 0.2884
vn 0.3350 -0.9062 0.2581
vn 0.3577 -0.9062 0.2256
vn 0.3772 -0.9062 0.1911
vn 0.3773 -0.9062 0.1911
vn 0.3935 -0.9062 0.1550
vn 0.3935 -0.9062 0.1549
vn 0.4063 -0.9062 0.1174
vn 0.4063 -0.9061 0.1174
vn 0.4155 -0.9061 0.0789
vn 0.4155 -0.9062 0.0789
vn 0.4211 -0.9062 0.0396
vn 0.4229 -0.9062 0.0000
vn 0.4211 -0.9062 -0.0396
vn 0.4210 -0.9062 -0.0396
vn 0.4155 -0.9062 -0.0789
vn 0.4155 -0.9061 -0.0789
vn 0.4063 -0.9061 -0.1174
vn 0.4063 -0.9062 -0.1174
vn 0.3935 -0.9062 -0.1549
vn 0.3935 -0.9062 -0.1550
vn 0.3773 -0.9062 -0.1911
vn 0.3577 -0.9062 -0.2256
vn 0.3350 -0.9062 -0.2581
vn 0.3094 -0.9062 -0.2884
vn 0.2810 -0.9062 -0.3161
vn 0.2811 -0.9061 -0.3161
vn 0.2502 -0.9061 -0.3410
vn 0.2502 -0.9062 -0.3410
vn 0.2172 -0.9062 -0.3629
vn 0.1822 -0.9062 -0.3817
vn 0.1457 -0.9062 -0.3971
vn 0.1079 -0.9062 -0.4090
vn 0.1079 -0.9062 -0.4089
vn 0.0691 -0.9062 -0.4172
vn 0.0297 -0.9062 -0.4219
vn -0.0099 -0.9062 -0.4228
vn -0.0495 -0.9062 -0.4200
vn -0.0886 -0.9062 -0.4136
vn -0.0886 -0.9062 -0.4135
vn -0.1269 -0.9062 -0.4034
vn -0.1269 -0.9062 -0.4035
vn -0.1641 -0.9062 -0.3898
vn -0.1999 -0.9061 -0.3727
vn -0.1999 -0.9062 -0.3727
vn -0.2339 -0.9062 -0.3524
vn -0.2339 -0.9062 -0.3523
vn -0.2659 -0.9062 -0.3289
vn -0.2955 -0.9062 -0.3026
vn -0.2956 -0.9061 -0.3026
vn -0.3226 -0.9061 -0.2736
vn -0.3226 -0.9062 -0.2735
vn -0.3468 -0.9062 -0.2421
vn -0.3468 -0.9061 -0.2422
vn -0.3680 -0.9061 -0.2086
vn -0.3679 -0.9061 -0.2086
vn -0.3859 -0.9061 -0.1732
vn -0.4004 -0.9061 -0.1363
vn -0.4003 -0.9062 -0.1363
vn -0.4113 -0.9062 -0.0982
vn -0.4114 -0.9061 -0.0983
vn -0.4188 -0.9062 -0.0593
vn -0.4225 -0.9062 -0.0198
vn -0.2589 -0.9658 0.0121
vn -0.2566 -0.9658 0.0363
vn -0.2520 -0.9658 0.0602
vn -0.2521 -0.9658 0.0602
vn -0.2453 -0.9658 0.0835
vn -0.2364 -0.9658 0.1062
vn -0.2364 -0.9658 0.1061
vn -0.2254 -0.9658 0.1278
vn -0.2125 -0.9658 0.1484
vn -0.1977 -0.9658 0.1676
vn -0.1811 -0.9658 0.1854
vn -0.1629 -0.9658 0.2015
vn -0.1433 -0.9658 0.2159
vn -0.1434 -0.9658 0.2159
vn -0.1225 -0.9658 0.2284
vn -0.1006 -0.9658 0.2389
vn -0.1006 -0.9658 0.2388
vn -0.0778 -0.9658 0.2472
vn -0.0543 -0.9658 0.2534
vn -0.0303 -0.9658 0.2574
vn -0.0061 -0.9658 0.2591
vn 0.0182 -0.9658 0.2585
vn 0.0423 -0.9658 0.2557
vn 0.0661 -0.9658 0.2506
vn 0.0893 -0.9658 0.2433
vn 0.1117 -0.9658 0.2339
vn 0.1331 -0.9658 0.2224
vn 0.1533 -0.9658 0.2089
vn 0.1722 -0.9658 0.1937
vn 0.1896 -0.9658 0.1767
vn 0.2053 -0.9658 0.1582
vn 0.2192 -0.9658 0.1382
vn 0.2192 -0.9658 0.1383
vn 0.2312 -0.9658 0.1171
vn 0.2411 -0.9658 0.0949
vn 0.2412 -0.9658 0.0950
vn 0.2490 -0.9658 0.0720
vn 0.2546 -0.9658 0.0483
vn 0.2580 -0.9658 0.0243
vn 0.2592 -0.9658 0.0000
vn 0.2580 -0.9658 -0.0243
vn 0.2546 -0.9658 -0.0483
vn 0.2490 -0.9658 -0.0720
vn 0.2412 -0.9658 -0.0950
vn 0.2411 -0.9658 -0.0949
vn 0.2312 -0.9658 -0.1171
vn 0.2192 -0.9658 -0.1383
vn 0.2192 -0.9658 -0.1382
vn 0.2053 -0.9658 -0.1582
vn 0.1896 -0.9658 -0.1767
vn 0.1722 -0.9658 -0.1937
vn 0.1533 -0.9658 -0.2089
vn 0.1331 -0.9658 -0.2224
vn 0.1117 -0.9658 -0.2339
vn 0.0893 -0.9658 -0.2433
vn 0.0661 -0.9658 -0.2506
vn 0.0423 -0.9658 -0.2557
vn 0.0182 -0.9658 -0.2585
vn -0.0061 -0.9658 -0.2591
vn -0.0303 -0.9658 -0.2574
vn -0.0543 -0.9658 -0.2534
vn -0.0778 -0.9658 -0.2472
vn -0.1006 -0.9658 -0.2388
vn -0.1006 -0.9658 -0.2389
vn -0.1225 -0.9658 -0.2284
vn -0.1434 -0.9658 -0.2159
vn -0.1433 -0.9658 -0.2159
vn -0.1629 -0.9658 -0.2015
vn -0.1811 -0.9658 -0.1854
vn -0.1977 -0.9658 -0.1676
vn -0.2125 -0.9658 -0.1484
vn -0.2254 -0.9658 -0.1278
vn -0.2364 -0.9658 -0.1061
vn -0.2364 -0.9658 -0.1062
vn -0.2453 -0.9658 -0.0835
vn -0.2453 -0.9658 -0.0836
vn -0.2521 -0.9658 -0.0602
vn -0.2566 -0.9658 -0.0363
vn -0.2589 -0.9658 -0.0121
vn -0.0870 -0.9962 0.0041
vn -0.0863 -0.9962 0.0122
vn -0.0848 -0.9962 0.0202
vn -0.0847 -0.9962 0.0202
vn -0.0825 -0.9962 0.0281
vn -0.0795 -0.9962 0.0357
vn -0.0758 -0.9962 0.0430
vn -0.0714 -0.9962 0.0499
vn -0.0664 -0.9962 0.0563
vn -0.0665 -0.9962 0.0563
vn -0.0609 -0.9962 0.0623
vn -0.0548 -0.9962 0.0678
vn -0.0482 -0.9962 0.0726
vn -0.0412 -0.9962 0.0768
vn -0.0338 -0.9962 0.0803
vn -0.0261 -0.9962 0.0831
vn -0.0182 -0.9962 0.0852
vn -0.0102 -0.9962 0.0865
vn -0.0020 -0.9962 0.0871
vn 0.0061 -0.9962 0.0869
vn 0.0142 -0.9962 0.0860
vn 0.0222 -0.9962 0.0843
vn 0.0300 -0.9962 0.0818
vn 0.0375 -0.9962 0.0786
vn 0.0447 -0.9962 0.0748
vn 0.0515 -0.9962 0.0702
vn 0.0579 -0.9962 0.0651
vn 0.0637 -0.9962 0.0594
vn 0.0690 -0.9962 0.0532
vn 0.0737 -0.9962 0.0465
vn 0.0777 -0.9962 0.0394
vn 0.0811 -0.9962 0.0319
vn 0.0837 -0.9962 0.0242
vn 0.0856 -0.9962 0.0162
vn 0.0867 -0.9962 0.0082
vn 0.0871 -0.9962 0.0000
vn 0.0867 -0.9962 -0.0082
vn 0.0856 -0.9962 -0.0162
vn 0.0837 -0.9962 -0.0242
vn 0.0811 -0.9962 -0.0319
vn 0.0777 -0.9962 -0.0394
vn 0.0737 -0.9962 -0.0465
vn 0.0690 -0.9962 -0.0532
vn 0.0637 -0.9962 -0.0594
vn 0.0579 -0.9962 -0.0651
vn 0.0515 -0.9962 -0.0703
vn 0.0515 -0.9962 -0.0702
vn 0.0447 -0.9962 -0.0748
vn 0.0375 -0.9962 -0.0786
vn 0.0300 -0.9962 -0.0818
vn 0.0222 -0.9962 -0.0843
vn 0.0222 -0.9962 -0.0842
vn 0.0142 -0.9962 -0.0860
vn 0.0061 -0.9962 -0.0869
vn -0.0020 -0.9962 -0.0871
vn -0.0102 -0.9962 -0.0865
vn -0.0182 -0.9962 -0.0852
vn -0.0261 -0.9962 -0.0831
vn -0.0338 -0.9962 -0.0803
vn -0.0412 -0.9962 -0.0768
vn -0.0482 -0.9962 -0.0726
vn -0.0548 -0.9962 -0.0678
vn -0.0548 -0.9962 -0.0677
vn -0.0609 -0.9962 -0.0623
vn -0.0664 -0.9962 -0.0564
vn -0.0665 -0.9962 -0.0563
vn -0.0714 -0.9962 -0.0499
vn -0.0758 -0.9962 -0.0430
vn -0.0795 -0.9962 -0.0357
vn -0.0825 -0.9962 -0.0281
vn -0.0847 -0.9962 -0.0202
vn -0.0848 -0.9962 -0.0202
vn -0.0863 -0.9962 -0.0122
vn -0.0870 -0.9962 -0.0041
vn 0.9811 0.0870 -0.1730
vn 0.9013 0.1912 -0.3888
vn 0.9811 0.0869 -0.1730
vn 0.9676 0.0870 -0.2371
vn 0.9491 0.1357 -0.2841
vn 0.9521 0.0870 -0.2930
vn 0.9247 0.0871 -0.3706
vn 0.9016 0.0871 -0.4238
vn 0.8635 0.0870 -0.4968
vn 0.8618 0.0981 -0.4976
vn 0.8330 0.0871 -0.5464
vn 0.7991 0.0870 -0.5949
vn 0.7482 0.0871 -0.6577
vn 0.7144 0.1878 -0.6740
vn 0.7087 0.0870 -0.7001
vn 0.6404 0.0869 -0.7631
vn 0.6420 0.1650 -0.7487
vn 0.6034 0.0871 -0.7926
vn 0.5474 0.0870 -0.8323
vn 0.4862 0.0872 -0.8695
vn 0.4428 0.1637 -0.8816
vn 0.4348 0.0870 -0.8963
vn 0.3407 0.0870 -0.9361
vn 0.3510 0.2295 -0.9078
vn 0.3047 0.0871 -0.9485
vn 0.2297 0.0870 -0.9694
vn 0.1685 0.0872 -0.9818
vn 0.1153 0.1181 -0.9863
vn 0.1111 0.0870 -0.9900
vn 0.0290 0.0871 -0.9958
vn 0.0000 0.1923 -0.9813
vn -0.0290 0.0871 -0.9958
vn -0.1157 0.0870 -0.9895
vn -0.1107 0.1207 -0.9865
vn -0.1685 0.0872 -0.9818
vn -0.2297 0.0870 -0.9694
vn -0.3047 0.0871 -0.9485
vn -0.3363 0.1820 -0.9240
vn -0.3593 0.0871 -0.9292
vn -0.4471 0.0870 -0.8902
vn -0.4287 0.1869 -0.8839
vn -0.4862 0.0872 -0.8695
vn -0.5474 0.0870 -0.8323
vn -0.6034 0.0871 -0.7926
vn -0.6354 0.1509 -0.7573
vn -0.6485 0.0870 -0.7562
vn -0.7246 0.0869 -0.6836
vn -0.6887 0.2505 -0.6804
vn -0.7482 0.0871 -0.6577
vn -0.7991 0.0870 -0.5949
vn -0.8330 0.0871 -0.5464
vn -0.8619 0.0981 -0.4976
vn -0.8635 0.0870 -0.4968
vn -0.9016 0.0871 -0.4238
vn -0.9013 0.1911 -0.3888
vn -0.9247 0.0871 -0.3706
vn -0.9544 0.0870 -0.2857
vn -0.9460 0.1429 -0.2911
vn -0.9676 0.0870 -0.2371
vn -0.9811 0.0869 -0.1730
vn -0.9811 0.0870 -0.1730
vn -0.9913 0.0872 -0.0989
vn -0.9831 0.1740 -0.0573
vn -0.9953 0.0871 -0.0412
vn -0.9945 0.0870 0.0579
vn -0.9772 0.2082 0.0404
vn -0.9013 0.1911 0.3888
vn -0.9913 0.0872 0.0989
vn -0.9811 0.0870 0.1730
vn -0.9811 0.0869 0.1730
vn -0.9676 0.0870 0.2371
vn -0.9491 0.1357 0.2841
vn -0.9521 0.0870 0.2930
vn -0.9247 0.0871 0.3706
vn -0.9016 0.0871 0.4238
vn -0.8635 0.0870 0.4968
vn -0.8618 0.0981 0.4976
vn -0.8330 0.0871 0.5464
vn -0.7991 0.0870 0.5949
vn -0.7482 0.0871 0.6577
vn -0.7144 0.1878 0.6740
vn -0.7087 0.0870 0.7001
vn -0.6404 0.0869 0.7631
vn -0.6420 0.1650 0.7487
vn -0.6034 0.0871 0.7926
vn -0.5474 0.0870 0.8323
vn -0.5474 0.0871 0.8323
vn -0.4862 0.0872 0.8695
vn -0.4428 0.1637 0.8816
vn -0.4348 0.0870 0.8963
vn -0.3407 0.0870 0.9361
vn -0.3510 0.2295 0.9078
vn -0.3046 0.0871 0.9485
vn -0.2297 0.0870 0.9694
vn -0.1685 0.0872 0.9818
vn -0.1153 0.1181 0.9863
vn -0.1111 0.0870 0.9900
vn -0.0290 0.0871 0.9958
vn 0.0000 0.1923 0.9813
vn 0.0290 0.0871 0.9958
vn 0.1157 0.0870 0.9895
vn 0.1107 0.1207 0.9865
vn 0.1685 0.0872 0.9818
vn 0.2297 0.0870 0.9694
vn 0.3047 0.0871 0.9485
vn 0.3363 0.1820 0.9240
vn 0.3593 0.0871 0.9292
vn 0.4471 0.0870 0.8902
vn 0.4287 0.1869 0.8839
vn 0.4862 0.0872 0.8695
vn 0.5474 0.0870 0.8323
vn 0.6034 0.0871 0.7926
vn 0.6354 0.1509 0.7573
vn 0.6485 0.0870 0.7562
vn 0.7246 0.0869 0.6836
vn 0.6887 0.2505 0.6804
vn 0.7482 0.0871 0.6577
vn 0.7991 0.0870 0.5949
vn 0.8330 0.0871 0.5464
vn 0.8619 0.0981 0.4976
vn 0.8635 0.0870 0.4968
vn 0.9016 0.0871 0.4238
vn 0.9013 0.1912 0.3888
vn 0.9247 0.0871 0.3706
vn 0.9544 0.0870 0.2857
vn 0.9460 0.1429 0.2911
vn 0.9676 0.0871 0.2371
vn 0.9811 0.0869 0.1730
vn 0.9811 0.0870 0.1730
vn 0.9913 0.0872 0.0989
vn 0.9831 0.1740 0.0573
vn 0.9953 0.0871 0.0412
vn 0.9945 0.0870 -0.0579
vn 0.9772 0.2083 -0.0404
vn 0.9913 0.0872 -0.0989
vn 0.9644 0.2584 0.0562
vn 0.9514 0.2584 0.1677
vn 0.9255 0.2584 0.2770
vn 0.9255 0.2583 0.2771
vn 0.8870 0.2584 0.3826
vn 0.8870 0.2585 0.3826
vn 0.8366 0.2584 0.4830
vn 0.7749 0.2584 0.5769
vn 0.7027 0.2584 0.6629
vn 0.6210 0.2584 0.7400
vn 0.5309 0.2584 0.8071
vn 0.5308 0.2583 0.8071
vn 0.4336 0.2584 0.8633
vn 0.3304 0.2584 0.9078
vn 0.2228 0.2584 0.9400
vn 0.1122 0.2584 0.9595
vn 0.1121 0.2584 0.9595
vn 0.0000 0.2584 0.9660
vn -0.1121 0.2584 0.9595
vn -0.2228 0.2584 0.9400
vn -0.3304 0.2584 0.9078
vn -0.4336 0.2584 0.8633
vn -0.5309 0.2584 0.8071
vn -0.5308 0.2584 0.8071
vn -0.6210 0.2584 0.7400
vn -0.7027 0.2584 0.6629
vn -0.7749 0.2584 0.5769
vn -0.8366 0.2584 0.4830
vn -0.8366 0.2585 0.4830
vn -0.8870 0.2585 0.3826
vn -0.8870 0.2583 0.3826
vn -0.9255 0.2583 0.2771
vn -0.9254 0.2584 0.2771
vn -0.9514 0.2584 0.1677
vn -0.9644 0.2584 0.0562
vn -0.9644 0.2584 -0.0562
vn -0.9514 0.2584 -0.1677
vn -0.9255 0.2584 -0.2770
vn -0.9255 0.2584 -0.2771
vn -0.8870 0.2584 -0.3826
vn -0.8870 0.2585 -0.3826
vn -0.8366 0.2584 -0.4830
vn -0.7749 0.2584 -0.5769
vn -0.7027 0.2584 -0.6629
vn -0.6210 0.2584 -0.7400
vn -0.5309 0.2584 -0.8071
vn -0.5308 0.2583 -0.8071
vn -0.4336 0.2584 -0.8633
vn -0.3304 0.2584 -0.9078
vn -0.2228 0.2584 -0.9400
vn -0.1122 0.2584 -0.9595
vn -0.1121 0.2584 -0.9595
vn 0.0000 0.2584 -0.9660
vn 0.1121 0.2584 -0.9595
vn 0.2228 0.2584 -0.9400
vn 0.3304 0.2584 -0.9078
vn 0.4336 0.2584 -0.8633
vn 0.5309 0.2584 -0.8071
vn 0.5308 0.2584 -0.8071
vn 0.6210 0.2584 -0.7400
vn 0.7027 0.2584 -0.6629
vn 0.7749 0.2584 -0.5769
vn 0.8366 0.2584 -0.4830
vn 0.8870 0.2585 -0.3826
vn 0.8870 0.2583 -0.3826
vn 0.9255 0.2583 -0.2771
vn 0.9254 0.2584 -0.2771
vn 0.9514 0.2584 -0.1677
vn 0.9644 0.2584 -0.0562
vn 0.9050 0.4220 0.0527
vn 0.8928 0.4220 0.1574
vn 0.8928 0.4221 0.1574
vn 0.8685 0.4221 0.2600
vn 0.8324 0.4221 0.3591
vn 0.8324 0.4220 0.3591
vn 0.7851 0.4220 0.4533
vn 0.7272 0.4220 0.5414
vn 0.6594 0.4220 0.6221
vn 0.5827 0.4220 0.6945
vn 0.5827 0.4221 0.6945
vn 0.4982 0.4221 0.7574
vn 0.4069 0.4221 0.8101
vn 0.4069 0.4220 0.8102
vn 0.3101 0.4220 0.8519
vn 0.3101 0.4221 0.8519
vn 0.2091 0.4220 0.8821
vn 0.1052 0.4221 0.9004
vn 0.1052 0.4220 0.9005
vn 0.0000 0.4220 0.9066
vn -0.1053 0.4220 0.9004
vn -0.1052 0.4220 0.9004
vn -0.2091 0.4220 0.8821
vn -0.2091 0.4221 0.8821
vn -0.3101 0.4221 0.8519
vn -0.3101 0.4220 0.8519
vn -0.4069 0.4220 0.8101
vn -0.4069 0.4221 0.8101
vn -0.4982 0.4221 0.7574
vn -0.5827 0.4221 0.6945
vn -0.5828 0.4220 0.6945
vn -0.6594 0.4220 0.6221
vn -0.7272 0.4220 0.5414
vn -0.7851 0.4220 0.4533
vn -0.8324 0.4220 0.3591
vn -0.8324 0.4221 0.3591
vn -0.8685 0.4221 0.2600
vn -0.8928 0.4221 0.1574
vn -0.8928 0.4220 0.1574
vn -0.9050 0.4220 0.0527
vn -0.9051 0.4220 0.0527
vn -0.9051 0.4220 -0.0527
vn -0.9050 0.4220 -0.0527
vn -0.8928 0.4220 -0.1574
vn -0.8928 0.4221 -0.1574
vn -0.8685 0.4221 -0.2600
vn -0.8324 0.4221 -0.3591
vn -0.8324 0.4220 -0.3591
vn -0.7851 0.4220 -0.4533
vn -0.7272 0.4220 -0.5414
vn -0.6594 0.4220 -0.6221
vn -0.5827 0.4220 -0.6945
vn -0.5827 0.4221 -0.6945
vn -0.4982 0.4221 -0.7574
vn -0.4069 0.4221 -0.8101
vn -0.4069 0.4220 -0.8102
vn -0.3101 0.4220 -0.8519
vn -0.3101 0.4221 -0.8519
vn -0.2091 0.4220 -0.8821
vn -0.1052 0.4221 -0.9004
vn -0.1052 0.4220 -0.9005
vn 0.0000 0.4220 -0.9066
vn 0.1053 0.4220 -0.9004
vn 0.1052 0.4220 -0.9004
vn 0.2091 0.4220 -0.8821
vn 0.3101 0.4221 -0.8519
vn 0.3101 0.4220 -0.8519
vn 0.4069 0.4220 -0.8101
vn 0.4069 0.4221 -0.8101
vn 0.4982 0.4221 -0.7574
vn 0.5827 0.4221 -0.6945
vn 0.5828 0.4220 -0.6945
vn 0.6594 0.4220 -0.6221
vn 0.7272 0.4220 -0.5414
vn 0.7851 0.4220 -0.4533
vn 0.8325 0.4220 -0.3591
vn 0.8324 0.4221 -0.3591
vn 0.8685 0.4221 -0.2600
vn 0.8928 0.4221 -0.1574
vn 0.8928 0.4220 -0.1574
vn 0.9050 0.4220 -0.0527
vn 0.9051 0.4220 -0.0527
vn 0.9051 0.4220 0.0527
vn 0.8182 0.5729 0.0477
vn 0.8072 0.5729 0.1423
vn 0.7852 0.5729 0.2351
vn 0.7526 0.5729 0.3247
vn 0.7526 0.5729 0.3246
vn 0.7098 0.5729 0.4098
vn 0.6574 0.5729 0.4895
vn 0.6575 0.5729 0.4895
vn 0.5962 0.5729 0.5625
vn 0.5962 0.5729 0.5624
vn 0.5268 0.5729 0.6278
vn 0.5269 0.5729 0.6279
vn 0.4504 0.5729 0.6848
vn 0.3678 0.5729 0.7324
vn 0.2803 0.5729 0.7702
vn 0.1890 0.5729 0.7975
vn 0.0952 0.5729 0.8141
vn 0.0000 0.5729 0.8196
vn -0.0952 0.5729 0.8141
vn -0.1890 0.5729 0.7975
vn -0.2803 0.5729 0.7702
vn -0.3678 0.5729 0.7324
vn -0.4504 0.5729 0.6848
vn -0.5269 0.5729 0.6279
vn -0.5268 0.5729 0.6279
vn -0.5962 0.5729 0.5624
vn -0.5962 0.5729 0.5625
vn -0.6575 0.5729 0.4894
vn -0.6574 0.5729 0.4895
vn -0.7098 0.5729 0.4098
vn -0.7526 0.5729 0.3246
vn -0.7526 0.5728 0.3247
vn -0.7852 0.5728 0.2351
vn -0.7852 0.5729 0.2351
vn -0.8072 0.5729 0.1423
vn -0.8182 0.5729 0.0477
vn -0.8182 0.5729 -0.0477
vn -0.8072 0.5729 -0.1423
vn -0.7852 0.5729 -0.2351
vn -0.7526 0.5729 -0.3247
vn -0.7526 0.5729 -0.3246
vn -0.7098 0.5729 -0.4098
vn -0.6574 0.5729 -0.4895
vn -0.6575 0.5729 -0.4895
vn -0.5962 0.5729 -0.5625
vn -0.5962 0.5729 -0.5624
vn -0.5268 0.5729 -0.6278
vn -0.5269 0.5729 -0.6279
vn -0.4504 0.5729 -0.6848
vn -0.3679 0.5729 -0.7324
vn -0.3678 0.5729 -0.7324
vn -0.2803 0.5729 -0.7702
vn -0.1890 0.5729 -0.7975
vn -0.0952 0.5729 -0.8141
vn 0.0000 0.5729 -0.8196
vn 0.0952 0.5729 -0.8141
vn 0.1890 0.5729 -0.7975
vn 0.2803 0.5729 -0.7702
vn 0.3678 0.5729 -0.7324
vn 0.4504 0.5729 -0.6848
vn 0.5269 0.5729 -0.6279
vn 0.5268 0.5729 -0.6279
vn 0.5962 0.5729 -0.5624
vn 0.5962 0.5729 -0.5625
vn 0.6575 0.5729 -0.4894
vn 0.6574 0.5729 -0.4895
vn 0.7098 0.5729 -0.4098
vn 0.7526 0.5729 -0.3246
vn 0.7526 0.5729 -0.3247
vn 0.7852 0.5728 -0.2351
vn 0.7852 0.5729 -0.2351
vn 0.8072 0.5729 -0.1423
vn 0.8182 0.5729 -0.0477
vn 0.7065 0.7065 0.0412
vn 0.6969 0.7065 0.1229
vn 0.6779 0.7065 0.2030
vn 0.6779 0.7066 0.2029
vn 0.6498 0.7066 0.2803
vn 0.6498 0.7065 0.2803
vn 0.6129 0.7065 0.3538
vn 0.5677 0.7065 0.4226
vn 0.5676 0.7066 0.4226
vn 0.5147 0.7066 0.4856
vn 0.5147 0.7065 0.4856
vn 0.4549 0.7065 0.5421
vn 0.3889 0.7065 0.5913
vn 0.3176 0.7065 0.6324
vn 0.3176 0.7066 0.6324
vn 0.2420 0.7065 0.6650
vn 0.2420 0.7066 0.6650
vn 0.1632 0.7065 0.6886
vn 0.0822 0.7065 0.7029
vn 0.0822 0.7066 0.7029
vn 0.0000 0.7065 0.7077
vn -0.0822 0.7065 0.7029
vn -0.1632 0.7065 0.6886
vn -0.1632 0.7066 0.6886
vn -0.2420 0.7065 0.6650
vn -0.2420 0.7066 0.6650
vn -0.3176 0.7065 0.6324
vn -0.3889 0.7065 0.5913
vn -0.4549 0.7065 0.5421
vn -0.5147 0.7065 0.4857
vn -0.5147 0.7066 0.4856
vn -0.5676 0.7066 0.4226
vn -0.5677 0.7065 0.4226
vn -0.6129 0.7065 0.3538
vn -0.6498 0.7065 0.2803
vn -0.6498 0.7066 0.2803
vn -0.6779 0.7066 0.2029
vn -0.6779 0.7065 0.2030
vn -0.6969 0.7065 0.1229
vn -0.7065 0.7065 0.0411
vn -0.7065 0.7066 0.0411
vn -0.7065 0.7066 -0.0411
vn -0.7065 0.7065 -0.0412
vn -0.6969 0.7065 -0.1229
vn -0.6779 0.7065 -0.2030
vn -0.6779 0.7066 -0.2029
vn -0.6498 0.7066 -0.2803
vn -0.6498 0.7065 -0.2803
vn -0.6129 0.7065 -0.3538
vn -0.5677 0.7065 -0.4226
vn -0.5676 0.7066 -0.4226
vn -0.5147 0.7066 -0.4856
vn -0.5147 0.7065 -0.4856
vn -0.4549 0.7065 -0.5421
vn -0.4549 0.7066 -0.5421
vn -0.3889 0.7065 -0.5913
vn -0.3176 0.7065 -0.6324
vn -0.3176 0.7066 -0.6324
vn -0.2420 0.7065 -0.6650
vn -0.2420 0.7066 -0.6650
vn -0.1632 0.7065 -0.6886
vn -0.0822 0.7065 -0.7029
vn -0.0822 0.7066 -0.7029
vn 0.0000 0.7065 -0.7077
vn 0.0822 0.7065 -0.7029
vn 0.1632 0.7065 -0.6886
vn 0.1632 0.7066 -0.6886
vn 0.2420 0.7065 -0.6650
vn 0.2420 0.7066 -0.6650
vn 0.3176 0.7065 -0.6324
vn 0.3889 0.7065 -0.5913
vn 0.4549 0.7065 -0.5421
vn 0.5147 0.7065 -0.4857
vn 0.5147 0.7066 -0.4856
vn 0.5676 0.7066 -0.4226
vn 0.5677 0.7065 -0.4226
vn 0.6129 0.7065 -0.3538
vn 0.6498 0.7065 -0.2803
vn 0.6498 0.7066 -0.2803
vn 0.6779 0.7066 -0.2029
vn 0.6779 0.7065 -0.2030
vn 0.6969 0.7065 -0.1229
vn 0.7065 0.7065 -0.0411
vn 0.7065 0.7066 -0.0411
vn 0.7065 0.7066 0.0411
vn 0.5732 0.8187 0.0334
vn 0.5655 0.8187 0.0997
vn 0.5501 0.8187 0.1647
vn 0.5502 0.8187 0.1647
vn 0.5273 0.8187 0.2275
vn 0.5273 0.8187 0.2274
vn 0.4973 0.8187 0.2871
vn 0.4606 0.8187 0.3429
vn 0.4177 0.8187 0.3941
vn 0.3691 0.8187 0.4399
vn 0.3156 0.8187 0.4798
vn 0.3155 0.8187 0.4797
vn 0.2577 0.8187 0.5132
vn 0.1964 0.8187 0.5396
vn 0.1324 0.8187 0.5588
vn 0.1324 0.8187 0.5587
vn 0.0667 0.8187 0.5704
vn 0.0667 0.8187 0.5703
vn 0.0000 0.8187 0.5742
vn -0.0667 0.8187 0.5704
vn -0.0667 0.8187 0.5703
vn -0.1324 0.8187 0.5588
vn -0.1964 0.8187 0.5396
vn -0.2577 0.8187 0.5132
vn -0.2577 0.8187 0.5131
vn -0.3155 0.8187 0.4798
vn -0.3156 0.8187 0.4798
vn -0.3691 0.8187 0.4399
vn -0.4177 0.8187 0.3941
vn -0.4606 0.8187 0.3429
vn -0.4973 0.8187 0.2871
vn -0.5273 0.8187 0.2274
vn -0.5273 0.8187 0.2275
vn -0.5502 0.8187 0.1647
vn -0.5501 0.8187 0.1647
vn -0.5655 0.8187 0.0997
vn -0.5732 0.8187 0.0334
vn -0.5733 0.8187 0.0334
vn -0.5733 0.8187 -0.0334
vn -0.5732 0.8187 -0.0334
vn -0.5655 0.8187 -0.0997
vn -0.5501 0.8187 -0.1647
vn -0.5502 0.8187 -0.1647
vn -0.5273 0.8187 -0.2275
vn -0.5273 0.8187 -0.2274
vn -0.4973 0.8187 -0.2871
vn -0.4606 0.8187 -0.3429
vn -0.4177 0.8187 -0.3941
vn -0.3691 0.8187 -0.4399
vn -0.3156 0.8187 -0.4798
vn -0.3155 0.8187 -0.4797
vn -0.2577 0.8187 -0.5132
vn -0.1964 0.8187 -0.5396
vn -0.1324 0.8187 -0.5588
vn -0.0667 0.8187 -0.5704
vn -0.0667 0.8187 -0.5703
vn 0.0000 0.8187 -0.5742
vn 0.0667 0.8187 -0.5704
vn 0.0667 0.8187 -0.5703
vn 0.1324 0.8187 -0.5588
vn 0.1964 0.8187 -0.5396
vn 0.2577 0.8187 -0.5132
vn 0.2577 0.8187 -0.5131
vn 0.3155 0.8187 -0.4798
vn 0.3156 0.8187 -0.4798
vn 0.3691 0.8187 -0.4399
vn 0.4177 0.8187 -0.3941
vn 0.4606 0.8187 -0.3429
vn 0.4973 0.8187 -0.2871
vn 0.5273 0.8187 -0.2274
vn 0.5273 0.8187 -0.2275
vn 0.5502 0.8187 -0.1647
vn 0.5501 0.8187 -0.1647
vn 0.5655 0.8187 -0.0997
vn 0.5732 0.8187 -0.0334
vn 0.5733 0.8187 -0.0334
vn 0.5733 0.8187 0.0334
vn 0.4225 0.9060 0.0246
vn 0.4168 0.9060 0.0735
vn 0.4054 0.9060 0.1214
vn 0.4054 0.9061 0.1214
vn 0.3886 0.9060 0.1676
vn 0.3665 0.9060 0.2116
vn 0.3394 0.9060 0.2527
vn 0.3078 0.9061 0.2904
vn 0.2720 0.9061 0.3242
vn 0.2325 0.9061 0.3535
vn 0.2325 0.9060 0.3536
vn 0.1899 0.9061 0.3782
vn 0.1899 0.9060 0.3782
vn 0.1447 0.9061 0.3976
vn 0.1447 0.9060 0.3977
vn 0.0976 0.9061 0.4118
vn 0.0976 0.9060 0.4118
vn 0.0491 0.9060 0.4203
vn 0.0491 0.9061 0.4203
vn 0.0000 0.9061 0.4231
vn 0.0000 0.9060 0.4232
vn -0.0491 0.9061 0.4203
vn -0.0491 0.9060 0.4203
vn -0.0976 0.9061 0.4118
vn -0.0976 0.9060 0.4118
vn -0.1447 0.9061 0.3976
vn -0.1447 0.9060 0.3977
vn -0.1899 0.9061 0.3782
vn -0.1899 0.9060 0.3782
vn -0.2325 0.9061 0.3535
vn -0.2325 0.9060 0.3536
vn -0.2720 0.9061 0.3242
vn -0.3078 0.9061 0.2904
vn -0.3078 0.9060 0.2904
vn -0.3394 0.9061 0.2527
vn -0.3394 0.9060 0.2527
vn -0.3665 0.9060 0.2116
vn -0.3886 0.9060 0.1676
vn -0.4054 0.9061 0.1214
vn -0.4054 0.9060 0.1214
vn -0.4168 0.9060 0.0735
vn -0.4225 0.9060 0.0246
vn -0.4225 0.9060 -0.0246
vn -0.4168 0.9060 -0.0735
vn -0.4054 0.9060 -0.1214
vn -0.4054 0.9061 -0.1214
vn -0.3886 0.9061 -0.1676
vn -0.3886 0.9060 -0.1676
vn -0.3665 0.9060 -0.2116
vn -0.3394 0.9060 -0.2527
vn -0.3078 0.9061 -0.2904
vn -0.2720 0.9061 -0.3242
vn -0.2325 0.9061 -0.3535
vn -0.2325 0.9060 -0.3536
vn -0.1899 0.9061 -0.3782
vn -0.1899 0.9060 -0.3782
vn -0.1447 0.9061 -0.3976
vn -0.1447 0.9060 -0.3977
vn -0.0976 0.9061 -0.4118
vn -0.0976 0.9060 -0.4118
vn -0.0491 0.9060 -0.4203
vn -0.0491 0.9061 -0.4203
vn 0.0000 0.9061 -0.4231
vn 0.0000 0.9060 -0.4232
vn 0.0491 0.9061 -0.4203
vn 0.0491 0.9060 -0.4203
vn 0.0976 0.9061 -0.4118
vn 0.0976 0.9060 -0.4118
vn 0.1447 0.9061 -0.3976
vn 0.1447 0.9060 -0.3977
vn 0.1899 0.9060 -0.3782
vn 0.2325 0.9061 -0.3535
vn 0.2325 0.9060 -0.3536
vn 0.2720 0.9061 -0.3242
vn 0.3078 0.9061 -0.2904
vn 0.3078 0.9060 -0.2904
vn 0.3394 0.9061 -0.2527
vn 0.3394 0.9060 -0.2527
vn 0.3665 0.9060 -0.2116
vn 0.3886 0.9060 -0.1676
vn 0.3886 0.9061 -0.1676
vn 0.4054 0.9061 -0.1214
vn 0.4054 0.9060 -0.1214
vn 0.4167 0.9060 -0.0735
vn 0.4168 0.9060 -0.0735
vn 0.4225 0.9060 -0.0246
vn 0.2588 0.9658 0.0151
vn 0.2553 0.9658 0.0450
vn 0.2484 0.9658 0.0743
vn 0.2484 0.9658 0.0744
vn 0.2380 0.9658 0.1027
vn 0.2381 0.9658 0.1027
vn 0.2245 0.9658 0.1296
vn 0.2079 0.9658 0.1548
vn 0.1886 0.9658 0.1779
vn 0.1667 0.9658 0.1986
vn 0.1666 0.9658 0.1986
vn 0.1425 0.9658 0.2166
vn 0.1164 0.9658 0.2317
vn 0.1163 0.9658 0.2317
vn 0.0887 0.9658 0.2436
vn 0.0598 0.9658 0.2523
vn 0.0301 0.9658 0.2575
vn 0.0000 0.9658 0.2592
vn 0.0000 0.9658 0.2593
vn -0.0301 0.9658 0.2575
vn -0.0598 0.9658 0.2523
vn -0.0598 0.9658 0.2522
vn -0.0887 0.9658 0.2436
vn -0.1163 0.9658 0.2317
vn -0.1164 0.9658 0.2317
vn -0.1425 0.9658 0.2166
vn -0.1666 0.9658 0.1986
vn -0.1667 0.9658 0.1986
vn -0.1886 0.9658 0.1779
vn -0.2079 0.9658 0.1548
vn -0.2245 0.9658 0.1296
vn -0.2381 0.9658 0.1027
vn -0.2380 0.9658 0.1027
vn -0.2484 0.9658 0.0744
vn -0.2484 0.9658 0.0743
vn -0.2553 0.9658 0.0450
vn -0.2588 0.9658 0.0151
vn -0.2588 0.9658 -0.0151
vn -0.2553 0.9658 -0.0450
vn -0.2484 0.9658 -0.0743
vn -0.2484 0.9658 -0.0744
vn -0.2380 0.9658 -0.1027
vn -0.2381 0.9658 -0.1027
vn -0.2245 0.9658 -0.1296
vn -0.2079 0.9658 -0.1548
vn -0.1886 0.9658 -0.1779
vn -0.1667 0.9658 -0.1986
vn -0.1666 0.9658 -0.1986
vn -0.1425 0.9658 -0.2166
vn -0.1163 0.9658 -0.2317
vn -0.0887 0.9658 -0.2436
vn -0.0598 0.9658 -0.2523
vn -0.0301 0.9658 -0.2575
vn 0.0000 0.9658 -0.2592
vn 0.0000 0.9658 -0.2593
vn 0.0301 0.9658 -0.2575
vn 0.0598 0.9658 -0.2523
vn 0.0598 0.9658 -0.2522
vn 0.0887 0.9658 -0.2436
vn 0.1163 0.9658 -0.2317
vn 0.1164 0.9658 -0.2317
vn 0.1425 0.9658 -0.2166
vn 0.1666 0.9658 -0.1986
vn 0.1667 0.9658 -0.1986
vn 0.1886 0.9658 -0.1779
vn 0.2079 0.9658 -0.1548
vn 0.2245 0.9658 -0.1296
vn 0.2381 0.9658 -0.1027
vn 0.2380 0.9658 -0.1027
vn 0.2484 0.9658 -0.0744
vn 0.2484 0.9658 -0.0743
vn 0.2553 0.9658 -0.0450
vn 0.2588 0.9658 -0.0151
vn 0.0872 0.9962 0.0051
vn 0.0860 0.9962 0.0152
vn 0.0837 0.9962 0.0250
vn 0.0837 0.9962 0.0251
vn 0.0802 0.9962 0.0346
vn 0.0756 0.9962 0.0437
vn 0.0700 0.9962 0.0521
vn 0.0701 0.9962 0.0521
vn 0.0635 0.9962 0.0599
vn 0.0561 0.9962 0.0669
vn 0.0480 0.9962 0.0730
vn 0.0392 0.9962 0.0780
vn 0.0299 0.9962 0.0821
vn 0.0201 0.9962 0.0850
vn 0.0101 0.9962 0.0867
vn 0.0000 0.9962 0.0873
vn -0.0101 0.9962 0.0867
vn -0.0101 0.9962 0.0868
vn -0.0201 0.9962 0.0850
vn -0.0299 0.9962 0.0820
vn -0.0299 0.9962 0.0821
vn -0.0392 0.9962 0.0780
vn -0.0480 0.9962 0.0730
vn -0.0561 0.9962 0.0669
vn -0.0635 0.9962 0.0599
vn -0.0701 0.9962 0.0521
vn -0.0700 0.9962 0.0522
vn -0.0756 0.9962 0.0437
vn -0.0802 0.9962 0.0346
vn -0.0837 0.9962 0.0250
vn -0.0860 0.9962 0.0152
vn -0.0872 0.9962 0.0051
vn -0.0872 0.9962 -0.0051
vn -0.0860 0.9962 -0.0152
vn -0.0837 0.9962 -0.0250
vn -0.0837 0.9962 -0.0251
vn -0.0802 0.9962 -0.0346
vn -0.0756 0.9962 -0.0437
vn -0.0700 0.9962 -0.0521
vn -0.0701 0.9962 -0.0521
vn -0.0635 0.9962 -0.0599
vn -0.0561 0.9962 -0.0669
vn -0.0480 0.9962 -0.0730
vn -0.0392 0.9962 -0.0780
vn -0.0299 0.9962 -0.0821
vn -0.0201 0.9962 -0.0850
vn -0.0101 0.9962 -0.0867
vn 0.0000 0.9962 -0.0873
vn 0.0101 0.9962 -0.0867
vn 0.0101 0.9962 -0.0868
vn 0.0201 0.9962 -0.0850
vn 0.0299 0.9962 -0.0820
vn 0.0299 0.9962 -0.0821
vn 0.0392 0.9962 -0.0780
vn 0.0480 0.9962 -0.0730
vn 0.0561 0.9962 -0.0669
vn 0.0635 0.9962 -0.0599
vn 0.0701 0.9962 -0.0521
vn 0.0700 0.9962 -0.0522
vn 0.0756 0.9962 -0.0437
vn 0.0802 0.9962 -0.0346
vn 0.0837 0.9962 -0.0250
vn 0.0860 0.9962 -0.0152
vn 0.0872 0.9962 -0.0051
vn 0.9419 0.0000 -0.3360
vn 0.9837 0.0000 -0.1800
vn 0.9837 0.0000 0.1800
vn 0.9419 0.0000 0.3360
vn -0.9332 -0.2579 -0.2501
vn -0.8757 -0.2579 -0.4083
vn -0.7914 -0.2579 -0.5542
vn -0.6832 -0.2579 -0.6832
vn -0.5542 -0.2579 -0.7914
vn -0.4083 -0.2579 -0.8756
vn -0.2501 -0.2579 -0.9333
vn -0.2501 -0.2579 -0.9332
vn -0.0842 -0.2579 -0.9625
vn 0.0842 -0.2579 -0.9625
vn 0.2501 -0.2579 -0.9332
vn 0.4083 -0.2579 -0.8756
vn 0.5542 -0.2579 -0.7914
vn 0.6832 -0.2579 -0.6832
vn 0.7914 -0.2579 -0.5542
vn 0.8756 -0.2579 -0.4083
vn 0.8757 -0.2579 -0.4083
vn 0.9332 -0.2579 -0.2501
vn 0.9333 -0.2579 -0.2501
vn 0.9625 -0.2579 -0.0842
vn 0.9625 -0.2579 0.0842
vn 0.9332 -0.2579 0.2501
vn 0.8757 -0.2579 0.4083
vn 0.7914 -0.2579 0.5542
vn 0.6832 -0.2579 0.6832
vn 0.5542 -0.2579 0.7914
vn 0.4083 -0.2579 0.8756
vn 0.2501 -0.2579 0.9333
vn 0.2501 -0.2579 0.9332
vn 0.0842 -0.2579 0.9625
vn -0.0842 -0.2579 0.9625
vn -0.2501 -0.2579 0.9332
vn -0.4083 -0.2579 0.8756
vn -0.5542 -0.2579 0.7914
vn -0.6832 -0.2579 0.6832
vn -0.7914 -0.2579 0.5542
vn -0.8756 -0.2579 0.4083
vn -0.8757 -0.2579 0.4083
vn -0.9332 -0.2579 0.2501
vn -0.9333 -0.2579 0.2501
vn -0.9625 -0.2579 0.0842
vn -0.9625 -0.2579 -0.0842
vn 0.9332 0.2579 -0.2501
vn 0.8756 0.2579 -0.4083
vn 0.8757 0.2579 -0.4083
vn 0.7914 0.2579 -0.5542
vn 0.6832 0.2579 -0.6832
vn 0.5542 0.2579 -0.7914
vn 0.4083 0.2579 -0.8756
vn 0.2501 0.2579 -0.9333
vn 0.2501 0.2579 -0.9332
vn 0.0842 0.2579 -0.9625
vn -0.0842 0.2579 -0.9625
vn -0.2501 0.2579 -0.9332
vn -0.4083 0.2579 -0.8756
vn -0.5542 0.2579 -0.7914
vn -0.6832 0.2579 -0.6832
vn -0.7914 0.2579 -0.5542
vn -0.8756 0.2579 -0.4083
vn -0.8757 0.2579 -0.4083
vn -0.9332 0.2579 -0.2501
vn -0.9333 0.2579 -0.2501
vn -0.9625 0.2579 -0.0842
vn -0.9625 0.2579 0.0842
vn -0.9332 0.2579 0.2501
vn -0.8756 0.2579 0.4083
vn -0.8757 0.2579 0.4083
vn -0.7914 0.2579 0.5542
vn -0.6832 0.2579 0.6832
vn -0.5542 0.2579 0.7914
vn -0.4083 0.2579 0.8756
vn -0.2501 0.2579 0.9333
vn -0.2501 0.2579 0.9332
vn -0.0842 0.2579 0.9625
vn 0.0842 0.2579 0.9625
vn 0.2501 0.2579 0.9332
vn 0.4083 0.2579 0.8756
vn 0.5542 0.2579 0.7914
vn 0.6832 0.2579 0.6832
vn 0.7914 0.2579 0.5542
vn 0.8756 0.2579 0.4083
vn 0.8757 0.2579 0.4083
vn 0.9332 0.2579 0.2501
vn 0.9333 0.2579 0.2501
vn 0.9625 0.2579 0.0842
vn 0.9625 0.2579 -0.0842
vn -0.9811 -0.0870 -0.1730
vn -0.9013 -0.1911 -0.3888
vn -0.9811 -0.0869 -0.1730
vn -0.9676 -0.0870 -0.2371
vn -0.9491 -0.1357 -0.2841
vn -0.9521 -0.0870 -0.2930
vn -0.9247 -0.0871 -0.3706
vn -0.9016 -0.0871 -0.4238
vn -0.8635 -0.0870 -0.4968
vn -0.8618 -0.0981 -0.4976
vn -0.8330 -0.0871 -0.5464
vn -0.7991 -0.0870 -0.5949
vn -0.7482 -0.0871 -0.6577
vn -0.7144 -0.1878 -0.6740
vn -0.7087 -0.0870 -0.7001
vn -0.6404 -0.0870 -0.7631
vn -0.6420 -0.1650 -0.7487
vn -0.6034 -0.0871 -0.7926
vn -0.5474 -0.0870 -0.8323
vn -0.4862 -0.0872 -0.8695
vn -0.4428 -0.1637 -0.8816
vn -0.4348 -0.0870 -0.8963
vn -0.3407 -0.0870 -0.9361
vn -0.3510 -0.2296 -0.9078
vn -0.3047 -0.0872 -0.9485
vn -0.2297 -0.0870 -0.9694
vn -0.1685 -0.0872 -0.9818
vn -0.1153 -0.1181 -0.9863
vn -0.1111 -0.0870 -0.9900
vn -0.0290 -0.0871 -0.9958
vn 0.0000 -0.1923 -0.9813
vn 0.0290 -0.0871 -0.9958
vn 0.1157 -0.0870 -0.9895
vn 0.1107 -0.1207 -0.9865
vn 0.1685 -0.0872 -0.9818
vn 0.2297 -0.0870 -0.9694
vn 0.3047 -0.0872 -0.9485
vn 0.3363 -0.1820 -0.9240
vn 0.3593 -0.0871 -0.9292
vn 0.4471 -0.0870 -0.8902
vn 0.4287 -0.1869 -0.8839
vn 0.4862 -0.0872 -0.8695
vn 0.5474 -0.0870 -0.8323
vn 0.6034 -0.0871 -0.7926
vn 0.6354 -0.1509 -0.7573
vn 0.6485 -0.0870 -0.7562
vn 0.7246 -0.0869 -0.6836
vn 0.6887 -0.2505 -0.6804
vn 0.7482 -0.0871 -0.6577
vn 0.7991 -0.0870 -0.5949
vn 0.8330 -0.0871 -0.5464
vn 0.8618 -0.0981 -0.4976
vn 0.8635 -0.0870 -0.4968
vn 0.9016 -0.0871 -0.4238
vn 0.9013 -0.1912 -0.3888
vn 0.9247 -0.0871 -0.3706
vn 0.9544 -0.0870 -0.2857
vn 0.9460 -0.1429 -0.2911
vn 0.9676 -0.0871 -0.2371
vn 0.9811 -0.0869 -0.1730
vn 0.9811 -0.0870 -0.1730
vn 0.9913 -0.0872 -0.0989
vn 0.9831 -0.1740 -0.0573
vn 0.9953 -0.0871 -0.0412
vn 0.9945 -0.0870 0.0579
vn 0.9772 -0.2083 0.0404
vn 0.9013 -0.1911 0.3888
vn 0.9913 -0.0872 0.0989
vn 0.9811 -0.0870 0.1730
vn 0.9811 -0.0869 0.1730
vn 0.9676 -0.0870 0.2371
vn 0.9491 -0.1357 0.2842
vn 0.9521 -0.0870 0.2930
vn 0.9247 -0.0871 0.3706
vn 0.9016 -0.0871 0.4238
vn 0.8635 -0.0870 0.4968
vn 0.8618 -0.0981 0.4976
vn 0.8330 -0.0871 0.5464
vn 0.7991 -0.0870 0.5949
vn 0.7482 -0.0871 0.6577
vn 0.7144 -0.1878 0.6740
vn 0.7087 -0.0870 0.7001
vn 0.6404 -0.0870 0.7631
vn 0.6420 -0.1650 0.7487
vn 0.6034 -0.0871 0.7926
vn 0.5474 -0.0870 0.8323
vn 0.4862 -0.0872 0.8695
vn 0.4428 -0.1637 0.8816
vn 0.4348 -0.0870 0.8963
vn 0.3407 -0.0870 0.9361
vn 0.3510 -0.2296 0.9078
vn 0.3047 -0.0872 0.9485
vn 0.2297 -0.0870 0.9694
vn 0.1684 -0.0872 0.9818
vn 0.1153 -0.1181 0.9863
vn 0.1111 -0.0870 0.9900
vn 0.0290 -0.0871 0.9958
vn 0.0000 -0.1923 0.9813
vn -0.0290 -0.0871 0.9958
vn -0.1157 -0.0870 0.9895
vn -0.1107 -0.1207 0.9865
vn -0.1684 -0.0872 0.9819
vn -0.2297 -0.0870 0.9694
vn -0.3047 -0.0872 0.9485
vn -0.3363 -0.1820 0.9240
vn -0.3593 -0.0871 0.9292
vn -0.4471 -0.0870 0.8902
vn -0.4287 -0.1869 0.8839
vn -0.4862 -0.0872 0.8695
vn -0.5474 -0.0870 0.8323
vn -0.6034 -0.0871 0.7926
vn -0.6354 -0.1509 0.7573
vn -0.6485 -0.0870 0.7562
vn -0.7246 -0.0869 0.6836
vn -0.6887 -0.2505 0.6804
vn -0.7482 -0.0871 0.6577
vn -0.7991 -0.0870 0.5949
vn -0.8330 -0.0871 0.5464
vn -0.8618 -0.0981 0.4976
vn -0.8635 -0.0870 0.4968
vn -0.9016 -0.0871 0.4238
vn -0.9013 -0.1912 0.3888
vn -0.9247 -0.0871 0.3706
vn -0.9544 -0.0870 0.2857
vn -0.9460 -0.1429 0.2911
vn -0.9676 -0.0870 0.2371
vn -0.9811 -0.0869 0.1730
vn -0.9811 -0.0870 0.1730
vn -0.9913 -0.0872 0.0989
vn -0.9831 -0.1740 0.0573
vn -0.9953 -0.0871 0.0412
vn -0.9945 -0.0870 -0.0579
vn -0.9772 -0.2083 -0.0404
vn -0.9913 -0.0872 -0.0989
vn -0.9644 -0.2584 0.0562
vn -0.9514 -0.2584 0.1677
vn -0.9254 -0.2584 0.2771
vn -0.9255 -0.2584 0.2771
vn -0.8870 -0.2584 0.3826
vn -0.8870 -0.2585 0.3826
vn -0.8366 -0.2585 0.4830
vn -0.8366 -0.2584 0.4830
vn -0.7749 -0.2584 0.5769
vn -0.7749 -0.2585 0.5769
vn -0.7027 -0.2584 0.6629
vn -0.7027 -0.2585 0.6629
vn -0.6210 -0.2584 0.7400
vn -0.5308 -0.2584 0.8071
vn -0.5309 -0.2584 0.8071
vn -0.4336 -0.2584 0.8633
vn -0.3304 -0.2584 0.9078
vn -0.2228 -0.2584 0.9400
vn -0.1122 -0.2584 0.9595
vn -0.1121 -0.2584 0.9595
vn 0.0000 -0.2584 0.9660
vn 0.1121 -0.2584 0.9595
vn 0.1122 -0.2584 0.9595
vn 0.2228 -0.2584 0.9400
vn 0.3304 -0.2584 0.9078
vn 0.4335 -0.2584 0.8633
vn 0.4336 -0.2584 0.8633
vn 0.5309 -0.2584 0.8071
vn 0.5308 -0.2584 0.8071
vn 0.6210 -0.2584 0.7400
vn 0.7027 -0.2585 0.6629
vn 0.7027 -0.2584 0.6629
vn 0.7749 -0.2585 0.5769
vn 0.7749 -0.2584 0.5769
vn 0.8366 -0.2584 0.4830
vn 0.8366 -0.2585 0.4830
vn 0.8870 -0.2585 0.3826
vn 0.8870 -0.2584 0.3826
vn 0.9255 -0.2583 0.2771
vn 0.9254 -0.2584 0.2771
vn 0.9514 -0.2584 0.1677
vn 0.9644 -0.2584 0.0562
vn 0.9644 -0.2584 -0.0562
vn 0.9514 -0.2584 -0.1677
vn 0.9254 -0.2584 -0.2771
vn 0.9255 -0.2584 -0.2771
vn 0.8870 -0.2584 -0.3826
vn 0.8870 -0.2585 -0.3826
vn 0.8366 -0.2585 -0.4830
vn 0.8366 -0.2584 -0.4830
vn 0.7749 -0.2584 -0.5769
vn 0.7749 -0.2585 -0.5769
vn 0.7027 -0.2584 -0.6629
vn 0.7027 -0.2585 -0.6629
vn 0.6210 -0.2584 -0.7400
vn 0.5308 -0.2584 -0.8071
vn 0.5309 -0.2584 -0.8071
vn 0.4336 -0.2584 -0.8633
vn 0.3304 -0.2584 -0.9078
vn 0.2228 -0.2584 -0.9400
vn 0.1122 -0.2584 -0.9595
vn 0.1121 -0.2584 -0.9595
vn 0.0000 -0.2584 -0.9660
vn -0.1121 -0.2584 -0.9595
vn -0.1122 -0.2584 -0.9595
vn -0.2228 -0.2584 -0.9400
vn -0.3304 -0.2584 -0.9078
vn -0.4335 -0.2584 -0.8633
vn -0.4336 -0.2584 -0.8633
vn -0.5309 -0.2584 -0.8071
vn -0.5308 -0.2584 -0.8071
vn -0.6210 -0.2584 -0.7400
vn -0.7027 -0.2585 -0.6629
vn -0.7027 -0.2584 -0.6629
vn -0.7749 -0.2585 -0.5769
vn -0.7749 -0.2584 -0.5769
vn -0.8366 -0.2584 -0.4830
vn -0.8366 -0.2585 -0.4830
vn -0.8870 -0.2585 -0.3826
vn -0.8870 -0.2584 -0.3826
vn -0.9255 -0.2583 -0.2771
vn -0.9254 -0.2585 -0.2771
vn -0.9514 -0.2584 -0.1677
vn -0.9644 -0.2584 -0.0562
vn -0.9050 -0.4220 0.0527
vn -0.8928 -0.4220 0.1574
vn -0.8928 -0.4221 0.1574
vn -0.8685 -0.4221 0.2600
vn -0.8324 -0.4221 0.3591
vn -0.8324 -0.4220 0.3591
vn -0.7851 -0.4220 0.4533
vn -0.7272 -0.4220 0.5414
vn -0.6594 -0.4220 0.6221
vn -0.5827 -0.4220 0.6945
vn -0.5827 -0.4221 0.6945
vn -0.4982 -0.4221 0.7574
vn -0.4069 -0.4221 0.8101
vn -0.4069 -0.4220 0.8102
vn -0.3101 -0.4220 0.8519
vn -0.3101 -0.4221 0.8519
vn -0.2091 -0.4221 0.8821
vn -0.1052 -0.4221 0.9004
vn -0.1052 -0.4220 0.9005
vn 0.0000 -0.4220 0.9066
vn 0.1053 -0.4220 0.9004
vn 0.1052 -0.4220 0.9004
vn 0.2091 -0.4221 0.8821
vn 0.3101 -0.4221 0.8519
vn 0.3101 -0.4220 0.8519
vn 0.4069 -0.4220 0.8101
vn 0.4069 -0.4221 0.8101
vn 0.4982 -0.4221 0.7574
vn 0.5827 -0.4221 0.6945
vn 0.5828 -0.4220 0.6945
vn 0.6594 -0.4220 0.6221
vn 0.7272 -0.4220 0.5414
vn 0.7851 -0.4221 0.4533
vn 0.7851 -0.4220 0.4533
vn 0.8324 -0.4220 0.3591
vn 0.8324 -0.4221 0.3591
vn 0.8685 -0.4221 0.2600
vn 0.8928 -0.4221 0.1574
vn 0.8928 -0.4220 0.1574
vn 0.9050 -0.4220 0.0527
vn 0.9051 -0.4220 0.0527
vn 0.9051 -0.4220 -0.0527
vn 0.9050 -0.4220 -0.0527
vn 0.8928 -0.4220 -0.1574
vn 0.8928 -0.4221 -0.1574
vn 0.8685 -0.4221 -0.2600
vn 0.8324 -0.4221 -0.3591
vn 0.8324 -0.4220 -0.3591
vn 0.7851 -0.4220 -0.4533
vn 0.7272 -0.4220 -0.5414
vn 0.6594 -0.4220 -0.6221
vn 0.5827 -0.4220 -0.6945
vn 0.5827 -0.4221 -0.6945
vn 0.4982 -0.4221 -0.7574
vn 0.4069 -0.4221 -0.8101
vn 0.4069 -0.4220 -0.8102
vn 0.3101 -0.4220 -0.8519
vn 0.3101 -0.4221 -0.8519
vn 0.2091 -0.4221 -0.8821
vn 0.1053 -0.4221 -0.9004
vn 0.1052 -0.4220 -0.9005
vn 0.0000 -0.4220 -0.9066
vn -0.1053 -0.4220 -0.9004
vn -0.1052 -0.4220 -0.9004
vn -0.2091 -0.4221 -0.8821
vn -0.2091 -0.4220 -0.8821
vn -0.3101 -0.4221 -0.8519
vn -0.3101 -0.4220 -0.8519
vn -0.4069 -0.4220 -0.8101
vn -0.4069 -0.4221 -0.8101
vn -0.4982 -0.4221 -0.7574
vn -0.5827 -0.4221 -0.6945
vn -0.5828 -0.4220 -0.6945
vn -0.6594 -0.4220 -0.6221
vn -0.7272 -0.4220 -0.5414
vn -0.7851 -0.4220 -0.4533
vn -0.8324 -0.4220 -0.3591
vn -0.8324 -0.4221 -0.3591
vn -0.8685 -0.4221 -0.2600
vn -0.8928 -0.4221 -0.1574
vn -0.8928 -0.4220 -0.1574
vn -0.9050 -0.4220 -0.0527
vn -0.9051 -0.4220 -0.0527
vn -0.9051 -0.4220 0.0527
vn -0.8182 -0.5729 0.0477
vn -0.8072 -0.5729 0.1423
vn -0.8071 -0.5729 0.1423
vn -0.7852 -0.5729 0.2351
vn -0.7526 -0.5729 0.3247
vn -0.7526 -0.5729 0.3246
vn -0.7098 -0.5729 0.4098
vn -0.6574 -0.5729 0.4894
vn -0.5962 -0.5729 0.5625
vn -0.5961 -0.5730 0.5624
vn -0.5268 -0.5730 0.6278
vn -0.5268 -0.5729 0.6279
vn -0.4504 -0.5729 0.6848
vn -0.3678 -0.5729 0.7324
vn -0.2803 -0.5729 0.7702
vn -0.1890 -0.5729 0.7975
vn -0.0952 -0.5729 0.8141
vn 0.0000 -0.5729 0.8196
vn 0.0952 -0.5729 0.8141
vn 0.0951 -0.5729 0.8141
vn 0.1890 -0.5729 0.7975
vn 0.2803 -0.5729 0.7702
vn 0.3678 -0.5729 0.7324
vn 0.4504 -0.5729 0.6848
vn 0.5268 -0.5729 0.6279
vn 0.5268 -0.5730 0.6278
vn 0.5961 -0.5730 0.5624
vn 0.5962 -0.5729 0.5625
vn 0.6574 -0.5729 0.4894
vn 0.7098 -0.5729 0.4098
vn 0.7526 -0.5729 0.3246
vn 0.7852 -0.5729 0.2351
vn 0.8071 -0.5729 0.1423
vn 0.8072 -0.5729 0.1423
vn 0.8182 -0.5729 0.0477
vn 0.8182 -0.5729 -0.0477
vn 0.8072 -0.5729 -0.1423
vn 0.8071 -0.5729 -0.1423
vn 0.7852 -0.5729 -0.2351
vn 0.7526 -0.5729 -0.3247
vn 0.7526 -0.5729 -0.3246
vn 0.7098 -0.5729 -0.4098
vn 0.6574 -0.5729 -0.4894
vn 0.5962 -0.5729 -0.5625
vn 0.5961 -0.5730 -0.5624
vn 0.5268 -0.5730 -0.6278
vn 0.5268 -0.5729 -0.6279
vn 0.4504 -0.5729 -0.6848
vn 0.3678 -0.5729 -0.7324
vn 0.2803 -0.5729 -0.7702
vn 0.1890 -0.5729 -0.7975
vn 0.0952 -0.5729 -0.8141
vn 0.0000 -0.5729 -0.8196
vn -0.0952 -0.5729 -0.8141
vn -0.0951 -0.5729 -0.8141
vn -0.1890 -0.5729 -0.7975
vn -0.2803 -0.5729 -0.7702
vn -0.3678 -0.5729 -0.7324
vn -0.4504 -0.5729 -0.6848
vn -0.5268 -0.5729 -0.6279
vn -0.5268 -0.5730 -0.6278
vn -0.5961 -0.5730 -0.5624
vn -0.5962 -0.5729 -0.5625
vn -0.6574 -0.5729 -0.4894
vn -0.7098 -0.5729 -0.4098
vn -0.7098 -0.5730 -0.4098
vn -0.7526 -0.5729 -0.3246
vn -0.7852 -0.5729 -0.2351
vn -0.8071 -0.5729 -0.1423
vn -0.8072 -0.5729 -0.1423
vn -0.8182 -0.5729 -0.0477
vn -0.7065 -0.7065 0.0412
vn -0.6970 -0.7065 0.1229
vn -0.6780 -0.7065 0.2030
vn -0.6498 -0.7065 0.2803
vn -0.6499 -0.7065 0.2803
vn -0.6129 -0.7065 0.3539
vn -0.5677 -0.7064 0.4227
vn -0.5677 -0.7065 0.4226
vn -0.5148 -0.7065 0.4857
vn -0.4549 -0.7065 0.5422
vn -0.4549 -0.7065 0.5421
vn -0.3889 -0.7065 0.5913
vn -0.3176 -0.7065 0.6325
vn -0.3176 -0.7065 0.6324
vn -0.2421 -0.7065 0.6650
vn -0.1632 -0.7065 0.6887
vn -0.1632 -0.7065 0.6886
vn -0.0822 -0.7065 0.7030
vn -0.0822 -0.7065 0.7029
vn 0.0000 -0.7065 0.7077
vn 0.0822 -0.7065 0.7030
vn 0.1632 -0.7065 0.6887
vn 0.1632 -0.7065 0.6886
vn 0.2421 -0.7065 0.6650
vn 0.3176 -0.7065 0.6325
vn 0.3889 -0.7065 0.5913
vn 0.4549 -0.7065 0.5422
vn 0.4549 -0.7065 0.5421
vn 0.5148 -0.7065 0.4857
vn 0.5148 -0.7065 0.4856
vn 0.5676 -0.7065 0.4226
vn 0.5677 -0.7065 0.4226
vn 0.6129 -0.7064 0.3539
vn 0.6129 -0.7065 0.3539
vn 0.6499 -0.7065 0.2803
vn 0.6498 -0.7065 0.2803
vn 0.6779 -0.7065 0.2030
vn 0.6780 -0.7065 0.2030
vn 0.6970 -0.7065 0.1229
vn 0.7065 -0.7065 0.0411
vn 0.7065 -0.7065 0.0412
vn 0.7065 -0.7065 -0.0411
vn 0.7065 -0.7065 -0.0412
vn 0.6970 -0.7065 -0.1229
vn 0.6780 -0.7065 -0.2030
vn 0.6498 -0.7065 -0.2803
vn 0.6499 -0.7065 -0.2803
vn 0.6129 -0.7065 -0.3539
vn 0.5677 -0.7064 -0.4227
vn 0.5677 -0.7065 -0.4226
vn 0.5148 -0.7065 -0.4857
vn 0.4549 -0.7065 -0.5422
vn 0.4549 -0.7065 -0.5421
vn 0.3889 -0.7065 -0.5913
vn 0.3176 -0.7065 -0.6325
vn 0.3176 -0.7065 -0.6324
vn 0.2421 -0.7065 -0.6650
vn 0.1632 -0.7065 -0.6887
vn 0.1632 -0.7065 -0.6886
vn 0.0822 -0.7065 -0.7030
vn 0.0822 -0.7065 -0.7029
vn 0.0000 -0.7065 -0.7077
vn -0.0822 -0.7065 -0.7030
vn -0.0822 -0.7065 -0.7029
vn -0.1632 -0.7065 -0.6887
vn -0.1632 -0.7065 -0.6886
vn -0.2421 -0.7065 -0.6650
vn -0.3176 -0.7065 -0.6325
vn -0.3889 -0.7065 -0.5913
vn -0.4549 -0.7065 -0.5422
vn -0.4549 -0.7065 -0.5421
vn -0.5148 -0.7065 -0.4857
vn -0.5148 -0.7065 -0.4856
vn -0.5676 -0.7065 -0.4226
vn -0.5677 -0.7065 -0.4226
vn -0.6129 -0.7065 -0.3539
vn -0.6499 -0.7065 -0.2803
vn -0.6498 -0.7065 -0.2803
vn -0.6779 -0.7065 -0.2030
vn -0.6780 -0.7065 -0.2030
vn -0.6970 -0.7065 -0.1229
vn -0.7065 -0.7065 -0.0411
vn -0.7065 -0.7065 -0.0412
vn -0.7065 -0.7065 0.0411
vn -0.5732 -0.8187 0.0334
vn -0.5655 -0.8187 0.0997
vn -0.5501 -0.8187 0.1647
vn -0.5273 -0.8187 0.2274
vn -0.5272 -0.8187 0.2274
vn -0.4973 -0.8187 0.2871
vn -0.4972 -0.8187 0.2871
vn -0.4605 -0.8187 0.3429
vn -0.4606 -0.8187 0.3429
vn -0.4177 -0.8187 0.3940
vn -0.3691 -0.8187 0.4399
vn -0.3155 -0.8187 0.4798
vn -0.3155 -0.8187 0.4797
vn -0.2577 -0.8187 0.5131
vn -0.1964 -0.8187 0.5396
vn -0.1324 -0.8187 0.5587
vn -0.0667 -0.8187 0.5703
vn 0.0000 -0.8187 0.5742
vn 0.0667 -0.8187 0.5703
vn 0.1324 -0.8187 0.5587
vn 0.1964 -0.8187 0.5396
vn 0.2577 -0.8187 0.5131
vn 0.3155 -0.8187 0.4797
vn 0.3691 -0.8187 0.4399
vn 0.4177 -0.8187 0.3940
vn 0.4606 -0.8187 0.3429
vn 0.4605 -0.8187 0.3429
vn 0.4972 -0.8187 0.2871
vn 0.4973 -0.8187 0.2871
vn 0.5272 -0.8187 0.2274
vn 0.5273 -0.8187 0.2274
vn 0.5501 -0.8187 0.1647
vn 0.5655 -0.8187 0.0997
vn 0.5654 -0.8187 0.0997
vn 0.5732 -0.8187 0.0334
vn 0.5733 -0.8187 -0.0334
vn 0.5732 -0.8187 -0.0334
vn 0.5655 -0.8187 -0.0997
vn 0.5501 -0.8187 -0.1647
vn 0.5273 -0.8187 -0.2274
vn 0.5272 -0.8187 -0.2274
vn 0.4973 -0.8187 -0.2871
vn 0.4972 -0.8187 -0.2871
vn 0.4605 -0.8187 -0.3429
vn 0.4606 -0.8187 -0.3429
vn 0.4177 -0.8187 -0.3940
vn 0.3691 -0.8187 -0.4399
vn 0.3155 -0.8187 -0.4798
vn 0.3155 -0.8187 -0.4797
vn 0.2577 -0.8187 -0.5131
vn 0.1964 -0.8187 -0.5396
vn 0.1324 -0.8187 -0.5587
vn 0.0667 -0.8187 -0.5703
vn 0.0000 -0.8187 -0.5742
vn -0.0667 -0.8187 -0.5703
vn -0.1324 -0.8187 -0.5587
vn -0.1964 -0.8187 -0.5396
vn -0.2577 -0.8187 -0.5131
vn -0.3155 -0.8187 -0.4797
vn -0.3691 -0.8187 -0.4399
vn -0.4177 -0.8187 -0.3940
vn -0.4606 -0.8187 -0.3429
vn -0.4605 -0.8187 -0.3429
vn -0.4972 -0.8187 -0.2871
vn -0.4973 -0.8187 -0.2871
vn -0.5272 -0.8187 -0.2274
vn -0.5273 -0.8187 -0.2274
vn -0.5501 -0.8187 -0.1647
vn -0.5655 -0.8187 -0.0997
vn -0.5654 -0.8187 -0.0997
vn -0.5732 -0.8187 -0.0334
vn -0.5733 -0.8187 -0.0334
vn -0.5733 -0.8187 0.0334
vn -0.4225 -0.9060 0.0246
vn -0.4168 -0.9060 0.0735
vn -0.4054 -0.9060 0.1214
vn -0.3886 -0.9060 0.1676
vn -0.3665 -0.9060 0.2116
vn -0.3395 -0.9060 0.2527
vn -0.3078 -0.9060 0.2904
vn -0.2720 -0.9060 0.3242
vn -0.2326 -0.9060 0.3536
vn -0.1899 -0.9060 0.3782
vn -0.1447 -0.9060 0.3977
vn -0.0976 -0.9060 0.4118
vn -0.0491 -0.9060 0.4204
vn -0.0491 -0.9060 0.4203
vn 0.0000 -0.9060 0.4232
vn 0.0491 -0.9060 0.4204
vn 0.0976 -0.9060 0.4118
vn 0.1447 -0.9060 0.3977
vn 0.1899 -0.9060 0.3782
vn 0.2326 -0.9060 0.3536
vn 0.2720 -0.9060 0.3242
vn 0.3078 -0.9060 0.2904
vn 0.3395 -0.9060 0.2527
vn 0.3665 -0.9060 0.2116
vn 0.3886 -0.9060 0.1676
vn 0.4054 -0.9060 0.1214
vn 0.4168 -0.9060 0.0735
vn 0.4225 -0.9060 0.0246
vn 0.4225 -0.9060 -0.0246
vn 0.4168 -0.9060 -0.0735
vn 0.4054 -0.9060 -0.1214
vn 0.3886 -0.9060 -0.1676
vn 0.3665 -0.9060 -0.2116
vn 0.3395 -0.9060 -0.2527
vn 0.3078 -0.9060 -0.2904
vn 0.2720 -0.9060 -0.3242
vn 0.2326 -0.9060 -0.3536
vn 0.1899 -0.9060 -0.3782
vn 0.1447 -0.9060 -0.3977
vn 0.0976 -0.9060 -0.4118
vn 0.0491 -0.9060 -0.4204
vn 0.0491 -0.9060 -0.4203
vn 0.0000 -0.9060 -0.4232
vn -0.0491 -0.9060 -0.4204
vn -0.0976 -0.9060 -0.4118
vn -0.1447 -0.9060 -0.3977
vn -0.1899 -0.9060 -0.3782
vn -0.2326 -0.9060 -0.3536
vn -0.2720 -0.9060 -0.3242
vn -0.3078 -0.9060 -0.2904
vn -0.3395 -0.9060 -0.2527
vn -0.3665 -0.9060 -0.2116
vn -0.3886 -0.9060 -0.1676
vn -0.4054 -0.9060 -0.1214
vn -0.4168 -0.9060 -0.0735
vn -0.4225 -0.9060 -0.0246
vn -0.2588 -0.9658 0.0151
vn -0.2553 -0.9658 0.0450
vn -0.2483 -0.9658 0.0743
vn -0.2380 -0.9658 0.1027
vn -0.2245 -0.9658 0.1296
vn -0.2079 -0.9658 0.1548
vn -0.1885 -0.9658 0.1779
vn -0.1666 -0.9658 0.1986
vn -0.1424 -0.9658 0.2166
vn -0.1163 -0.9658 0.2316
vn -0.0886 -0.9658 0.2436
vn -0.0598 -0.9658 0.2522
vn -0.0301 -0.9658 0.2574
vn 0.0000 -0.9658 0.2592
vn 0.0301 -0.9658 0.2574
vn 0.0598 -0.9658 0.2522
vn 0.0886 -0.9658 0.2436
vn 0.0887 -0.9658 0.2436
vn 0.1163 -0.9658 0.2316
vn 0.1424 -0.9658 0.2166
vn 0.1666 -0.9658 0.1986
vn 0.1885 -0.9658 0.1779
vn 0.2079 -0.9658 0.1548
vn 0.2245 -0.9658 0.1296
vn 0.2380 -0.9658 0.1027
vn 0.2483 -0.9658 0.0743
vn 0.2553 -0.9658 0.0450
vn 0.2588 -0.9658 0.0151
vn 0.2587 -0.9658 0.0151
vn 0.2587 -0.9658 -0.0151
vn 0.2588 -0.9658 -0.0151
vn 0.2553 -0.9658 -0.0450
vn 0.2483 -0.9658 -0.0743
vn 0.2380 -0.9658 -0.1027
vn 0.2245 -0.9658 -0.1296
vn 0.2079 -0.9658 -0.1548
vn 0.1885 -0.9658 -0.1779
vn 0.1666 -0.9658 -0.1986
vn 0.1424 -0.9658 -0.2166
vn 0.1163 -0.9658 -0.2316
vn 0.0886 -0.9658 -0.2436
vn 0.0598 -0.9658 -0.2522
vn 0.0301 -0.9658 -0.2574
vn 0.0000 -0.9658 -0.2592
vn -0.0301 -0.9658 -0.2574
vn -0.0598 -0.9658 -0.2522
vn -0.0886 -0.9658 -0.2436
vn -0.1163 -0.9658 -0.2316
vn -0.1424 -0.9658 -0.2166
vn -0.1666 -0.9658 -0.1986
vn -0.1885 -0.9658 -0.1779
vn -0.2079 -0.9658 -0.1548
vn -0.2245 -0.9658 -0.1296
vn -0.2380 -0.9658 -0.1027
vn -0.2483 -0.9658 -0.0743
vn -0.2553 -0.9658 -0.0450
vn -0.2588 -0.9658 -0.0151
vn -0.2587 -0.9658 -0.0151
vn -0.2587 -0.9658 0.0151
vn -0.0872 -0.9962 0.0051
vn -0.0860 -0.9962 0.0152
vn -0.0837 -0.9962 0.0251
vn -0.0802 -0.9962 0.0346
vn -0.0756 -0.9962 0.0437
vn -0.0700 -0.9962 0.0522
vn -0.0701 -0.9962 0.0521
vn -0.0635 -0.9962 0.0599
vn -0.0561 -0.9962 0.0669
vn -0.0480 -0.9962 0.0730
vn -0.0392 -0.9962 0.0780
vn -0.0299 -0.9962 0.0821
vn -0.0201 -0.9962 0.0850
vn -0.0101 -0.9962 0.0867
vn 0.0000 -0.9962 0.0873
vn 0.0101 -0.9962 0.0867
vn 0.0201 -0.9962 0.0850
vn 0.0299 -0.9962 0.0821
vn 0.0392 -0.9962 0.0780
vn 0.0480 -0.9962 0.0730
vn 0.0561 -0.9962 0.0669
vn 0.0635 -0.9962 0.0599
vn 0.0701 -0.9962 0.0521
vn 0.0700 -0.9962 0.0521
vn 0.0756 -0.9962 0.0437
vn 0.0802 -0.9962 0.0346
vn 0.0837 -0.9962 0.0251
vn 0.0837 -0.9962 0.0250
vn 0.0860 -0.9962 0.0152
vn 0.0872 -0.9962 0.0051
vn 0.0872 -0.9962 -0.0051
vn 0.0860 -0.9962 -0.0152
vn 0.0837 -0.9962 -0.0251
vn 0.0802 -0.9962 -0.0346
vn 0.0756 -0.9962 -0.0437
vn 0.0700 -0.9962 -0.0522
vn 0.0701 -0.9962 -0.0521
vn 0.0635 -0.9962 -0.0599
vn 0.0561 -0.9962 -0.0669
vn 0.0480 -0.9962 -0.0730
vn 0.0392 -0.9962 -0.0780
vn 0.0299 -0.9962 -0.0821
vn 0.0201 -0.9962 -0.0850
vn 0.0101 -0.9962 -0.0867
vn 0.0000 -0.9962 -0.0873
vn -0.0101 -0.9962 -0.0867
vn -0.0201 -0.9962 -0.0850
vn -0.0299 -0.9962 -0.0821
vn -0.0392 -0.9962 -0.0780
vn -0.0480 -0.9962 -0.0730
vn -0.0561 -0.9962 -0.0669
vn -0.0635 -0.9962 -0.0599
vn -0.0701 -0.9962 -0.0521
vn -0.0700 -0.9962 -0.0521
vn -0.0756 -0.9962 -0.0437
vn -0.0802 -0.9962 -0.0346
vn -0.0837 -0.9962 -0.0251
vn -0.0837 -0.9962 -0.0250
vn -0.0860 -0.9962 -0.0152
vn -0.0872 -0.9962 -0.0051
vn 0.2034 0.0211 -0.9789
vn 0.1699 0.0000 -0.9855
vn 0.0682 0.0000 -0.9977
vn 0.3348 0.0211 -0.9421
vn 0.3025 0.0000 -0.9531
vn 0.2368 0.0000 -0.9716
vn 0.5766 0.0211 -0.8168
vn 0.5484 0.0000 -0.8362
vn 0.5099 0.0000 -0.8603
vn 0.4901 -0.0047 -0.8716
vn 0.4499 0.0141 -0.8930
vn 0.4295 0.0000 -0.9031
vn 0.3668 0.0000 -0.9303
vn 0.6824 0.0211 -0.7307
vn 0.6572 0.0000 -0.7537
vn 0.6042 0.0000 -0.7968
vn 0.7755 0.0211 -0.6310
vn 0.7537 0.0000 -0.6572
vn 0.9170 0.0211 -0.3983
vn 0.9031 0.0000 -0.4295
vn 0.8772 0.0000 -0.4801
vn 0.8717 -0.0047 -0.4901
vn 0.8424 0.0070 -0.5389
vn 0.8362 0.0000 -0.5484
vn 0.7968 0.0000 -0.6042
vn 0.9627 0.0211 -0.2697
vn 0.9531 0.0000 -0.3025
vn 0.9303 0.0000 -0.3668
vn 0.9905 0.0211 -0.1361
vn 0.9855 0.0000 -0.1699
vn 0.9716 0.0000 -0.2368
vn 0.9905 0.0211 0.1361
vn 0.9948 0.0000 0.1023
vn 0.9994 0.0000 0.0341
vn 0.9994 0.0000 -0.0341
vn 0.9948 0.0000 -0.1023
vn 0.9627 0.0211 0.2697
vn 0.9716 0.0000 0.2368
vn 0.9855 0.0000 0.1699
vn 0.9170 0.0211 0.3983
vn 0.9303 0.0000 0.3668
vn 0.9531 0.0000 0.3025
vn 0.7755 0.0211 0.6310
vn 0.7968 0.0000 0.6042
vn 0.8424 0.0000 0.5389
vn 0.8361 0.0094 0.5484
vn 0.8772 -0.0070 0.4801
vn 0.8717 0.0000 0.4901
vn 0.9031 0.0000 0.4295
vn 0.6824 0.0211 0.7307
vn 0.7537 0.0000 0.6572
vn 0.4499 0.0141 0.8930
vn 0.4901 -0.0047 0.8716
vn 0.5099 0.0000 0.8603
vn 0.5484 0.0000 0.8362
vn 0.5766 0.0211 0.8168
vn 0.6042 0.0000 0.7968
vn 0.6572 0.0000 0.7537
vn 0.3348 0.0211 0.9421
vn 0.3668 0.0000 0.9303
vn 0.4295 0.0000 0.9031
vn 0.2034 0.0211 0.9789
vn 0.2368 0.0000 0.9716
vn 0.3025 0.0000 0.9531
vn 0.0682 0.0211 0.9974
vn 0.1023 0.0000 0.9948
vn 0.1699 0.0000 0.9855
vn -0.0682 0.0211 0.9974
vn -0.0341 0.0000 0.9994
vn 0.0341 0.0000 0.9994
vn -0.2034 0.0211 0.9789
vn -0.1699 0.0000 0.9855
vn -0.1023 0.0000 0.9948
vn -0.3348 0.0211 0.9421
vn -0.3025 0.0000 0.9531
vn -0.2368 0.0000 0.9716
vn -0.5766 0.0211 0.8168
vn -0.5484 0.0000 0.8362
vn -0.5099 0.0000 0.8603
vn -0.4901 -0.0047 0.8716
vn -0.4499 0.0141 0.8930
vn -0.4295 0.0000 0.9031
vn -0.3668 0.0000 0.9303
vn -0.6824 0.0211 0.7307
vn -0.6572 0.0000 0.7537
vn -0.6042 0.0000 0.7968
vn -0.7755 0.0211 0.6310
vn -0.7537 0.0000 0.6572
vn -0.9172 0.0000 0.3984
vn -0.9295 0.0421 0.3665
vn -0.9031 0.0000 0.4295
vn -0.8772 0.0000 0.4801
vn -0.8717 -0.0047 0.4901
vn -0.8424 0.0070 0.5389
vn -0.8362 0.0000 0.5484
vn -0.7968 0.0000 0.6042
vn -0.9905 0.0211 0.1361
vn -0.9855 0.0000 0.1699
vn -0.9629 0.0000 0.2698
vn -0.9707 0.0421 0.2366
vn -0.9531 0.0000 0.3025
vn -0.9994 0.0000 -0.0341
vn -0.9994 0.0000 0.0341
vn -0.9948 0.0000 0.1023
vn -0.9629 0.0000 -0.2698
vn -0.9523 0.0421 -0.3023
vn -0.9716 0.0000 -0.2368
vn -0.9907 0.0000 -0.1362
vn -0.9846 0.0421 -0.1698
vn -0.9948 0.0000 -0.1023
vn -0.7757 0.0000 -0.6311
vn -0.7530 0.0421 -0.6566
vn -0.7968 0.0000 -0.6042
vn -0.8424 0.0000 -0.5389
vn -0.8361 0.0094 -0.5484
vn -0.8772 -0.0070 -0.4801
vn -0.8717 0.0000 -0.4901
vn -0.9172 0.0000 -0.3984
vn -0.9023 0.0421 -0.4291
vn -0.9303 0.0000 -0.3668
vn -0.5480 0.0421 -0.8354
vn -0.6042 0.0000 -0.7968
vn -0.6826 0.0000 -0.7308
vn -0.6566 0.0421 -0.7530
vn -0.5767 0.0000 -0.8170
vn -0.5099 0.0000 -0.8603
vn -0.4901 -0.0047 -0.8716
vn -0.4499 0.0141 -0.8930
vn -0.4295 0.0000 -0.9031
vn -0.2035 0.0000 -0.9791
vn -0.1698 0.0421 -0.9846
vn -0.2368 0.0000 -0.9716
vn -0.3349 0.0000 -0.9423
vn -0.3022 0.0421 -0.9523
vn -0.3668 0.0000 -0.9303
vn 0.1022 0.0421 -0.9939
vn 0.0341 0.0000 -0.9994
vn -0.0682 0.0000 -0.9977
vn -0.0341 0.0421 -0.9985
vn -0.1023 0.0000 -0.9948
vn 0.0341 -0.0421 -0.9985
vn 0.1023 0.0000 -0.9948
vn 0.2035 0.0000 -0.9791
vn 0.1698 -0.0421 -0.9846
vn 0.3349 0.0000 -0.9423
vn 0.3022 -0.0421 -0.9523
vn 0.4499 0.0000 -0.8931
vn 0.4294 -0.0234 -0.9028
vn 0.5098 0.0141 -0.8602
vn 0.4901 0.0000 -0.8717
vn 0.5767 0.0000 -0.8170
vn 0.5480 -0.0421 -0.8354
vn 0.6826 0.0000 -0.7308
vn 0.6566 -0.0421 -0.7530
vn 0.7757 0.0000 -0.6311
vn 0.7530 -0.0421 -0.6566
vn 0.8424 0.0000 -0.5389
vn 0.8361 -0.0094 -0.5484
vn 0.8772 0.0070 -0.4801
vn 0.8717 0.0000 -0.4901
vn 0.9172 0.0000 -0.3984
vn 0.9023 -0.0421 -0.4291
vn 0.9629 0.0000 -0.2698
vn 0.9523 -0.0421 -0.3023
vn 0.9907 0.0000 -0.1362
vn 0.9846 -0.0421 -0.1698
vn 0.9907 0.0000 0.1362
vn 0.9939 -0.0421 0.1022
vn 0.9629 0.0000 0.2698
vn 0.9707 -0.0421 0.2366
vn 0.9170 -0.0211 0.3983
vn 0.8772 0.0000 0.4801
vn 0.8717 0.0047 0.4901
vn 0.8424 -0.0070 0.5389
vn 0.8362 0.0000 0.5484
vn 0.7757 0.0000 0.6311
vn 0.7961 -0.0421 0.6037
vn 0.6826 0.0000 0.7308
vn 0.7065 -0.0421 0.7065
vn 0.5766 -0.0211 0.8168
vn 0.4901 0.0047 0.8716
vn 0.4499 -0.0141 0.8930
vn 0.3348 -0.0211 0.9421
vn 0.2034 -0.0211 0.9789
vn 0.0682 -0.0211 0.9974
vn -0.0682 -0.0211 0.9974
vn -0.2034 -0.0211 0.9789
vn -0.3348 -0.0211 0.9421
vn -0.4499 0.0000 0.8931
vn -0.4294 -0.0234 0.9028
vn -0.5098 0.0141 0.8602
vn -0.4901 0.0000 0.8717
vn -0.5766 -0.0211 0.8168
vn -0.6824 -0.0211 0.7307
vn -0.7755 -0.0211 0.6310
vn -0.8424 0.0000 0.5389
vn -0.8361 -0.0094 0.5484
vn -0.8772 0.0070 0.4801
vn -0.8717 0.0000 0.4901
vn -0.9170 -0.0211 0.3983
vn -0.9303 0.0000 0.3668
vn -0.9627 -0.0211 0.2697
vn -0.9716 0.0000 0.2368
vn -0.9905 -0.0211 0.1361
vn -0.9905 -0.0211 -0.1361
vn -0.9855 0.0000 -0.1699
vn -0.9627 -0.0211 -0.2697
vn -0.9531 0.0000 -0.3025
vn -0.9170 -0.0211 -0.3983
vn -0.9031 0.0000 -0.4295
vn -0.8772 0.0000 -0.4801
vn -0.8717 0.0047 -0.4901
vn -0.8424 -0.0070 -0.5389
vn -0.8362 0.0000 -0.5484
vn -0.7755 -0.0211 -0.6310
vn -0.7537 0.0000 -0.6572
vn -0.6824 -0.0211 -0.7307
vn -0.6572 0.0000 -0.7537
vn -0.5766 -0.0211 -0.8168
vn -0.5484 0.0000 -0.8362
vn -0.4901 0.0047 -0.8716
vn -0.4499 -0.0141 -0.8930
vn -0.3348 -0.0211 -0.9421
vn -0.3025 0.0000 -0.9531
vn -0.2034 -0.0211 -0.9789
vn -0.1699 0.0000 -0.9855
vn -0.1022 -0.0421 -0.9939
vn -0.0341 0.0000 -0.9994
vn 0.4418 0.8966 -0.0302
vn 0.4451 0.8943 -0.0458
vn 0.4409 0.8943 -0.0760
vn 0.4335 0.8966 -0.0901
vn 0.4347 0.8943 -0.1059
vn 0.4265 0.8943 -0.1354
vn 0.4172 0.8966 -0.1483
vn 0.4162 0.8943 -0.1641
vn 0.4041 0.8943 -0.1922
vn 0.3932 0.8966 -0.2037
vn 0.3900 0.8943 -0.2193
vn 0.3741 0.8943 -0.2454
vn 0.3618 0.8966 -0.2554
vn 0.3565 0.8943 -0.2704
vn 0.3372 0.8943 -0.2941
vn 0.3236 0.8966 -0.3022
vn 0.3164 0.8943 -0.3164
vn 0.2940 0.8943 -0.3372
vn 0.2795 0.8966 -0.3435
vn 0.2704 0.8943 -0.3565
vn 0.2454 0.8943 -0.3741
vn 0.2301 0.8966 -0.3783
vn 0.2193 0.8943 -0.3900
vn 0.1922 0.8943 -0.4041
vn 0.1764 0.8966 -0.4061
vn 0.1641 0.8943 -0.4162
vn 0.1354 0.8943 -0.4265
vn 0.1195 0.8966 -0.4264
vn 0.1059 0.8943 -0.4347
vn 0.0760 0.8943 -0.4409
vn 0.0603 0.8966 -0.4387
vn 0.0458 0.8943 -0.4451
vn 0.0153 0.8943 -0.4472
vn 0.0000 0.8966 -0.4428
vn -0.0153 0.8943 -0.4472
vn -0.0458 0.8943 -0.4451
vn -0.0603 0.8966 -0.4387
vn -0.0760 0.8943 -0.4409
vn -0.1059 0.8943 -0.4347
vn -0.1195 0.8966 -0.4264
vn -0.1354 0.8943 -0.4265
vn -0.1641 0.8943 -0.4162
vn -0.1764 0.8966 -0.4061
vn -0.1922 0.8943 -0.4041
vn -0.2193 0.8943 -0.3900
vn -0.2301 0.8966 -0.3783
vn -0.2454 0.8943 -0.3741
vn -0.2704 0.8943 -0.3565
vn -0.2795 0.8966 -0.3435
vn -0.2940 0.8943 -0.3372
vn -0.3164 0.8943 -0.3164
vn -0.3236 0.8966 -0.3022
vn -0.3372 0.8943 -0.2941
vn -0.3565 0.8943 -0.2704
vn -0.3618 0.8966 -0.2554
vn -0.3741 0.8943 -0.2454
vn -0.3900 0.8943 -0.2193
vn -0.3932 0.8966 -0.2037
vn -0.4041 0.8943 -0.1922
vn -0.4162 0.8943 -0.1641
vn -0.4172 0.8966 -0.1483
vn -0.4265 0.8943 -0.1354
vn -0.4347 0.8943 -0.1059
vn -0.4335 0.8966 -0.0901
vn -0.4409 0.8943 -0.0760
vn -0.4451 0.8943 -0.0458
vn -0.4418 0.8966 -0.0302
vn -0.4472 0.8943 -0.0153
vn -0.4472 0.8943 0.0153
vn -0.4418 0.8966 0.0302
vn -0.4451 0.8943 0.0458
vn -0.4409 0.8943 0.0760
vn -0.4335 0.8966 0.0901
vn -0.4347 0.8943 0.1059
vn -0.4265 0.8943 0.1354
vn -0.4172 0.8966 0.1483
vn -0.4162 0.8943 0.1641
vn -0.4041 0.8943 0.1922
vn -0.3932 0.8966 0.2037
vn -0.3900 0.8943 0.2193
vn -0.3741 0.8943 0.2454
vn -0.3618 0.8966 0.2554
vn -0.3565 0.8943 0.2704
vn -0.3372 0.8943 0.2941
vn -0.3236 0.8966 0.3022
vn -0.3164 0.8943 0.3164
vn -0.2940 0.8943 0.3372
vn -0.2795 0.8966 0.3435
vn -0.2704 0.8943 0.3565
vn -0.2454 0.8943 0.3741
vn -0.2301 0.8966 0.3783
vn -0.2193 0.8943 0.3900
vn -0.1922 0.8943 0.4041
vn -0.1764 0.8966 0.4061
vn -0.1641 0.8943 0.4162
vn -0.1354 0.8943 0.4265
vn -0.1195 0.8966 0.4264
vn -0.1059 0.8943 0.4347
vn -0.0760 0.8943 0.4409
vn -0.0603 0.8966 0.4387
vn -0.0458 0.8943 0.4451
vn -0.0153 0.8943 0.4472
vn 0.0000 0.8966 0.4428
vn 0.0153 0.8943 0.4472
vn 0.0458 0.8943 0.4451
vn 0.0603 0.8966 0.4387
vn 0.0760 0.8943 0.4409
vn 0.1059 0.8943 0.4347
vn 0.1195 0.8966 0.4264
vn 0.1354 0.8943 0.4265
vn 0.1641 0.8943 0.4162
vn 0.1764 0.8966 0.4061
vn 0.1922 0.8943 0.4041
vn 0.2193 0.8943 0.3900
vn 0.2301 0.8966 0.3783
vn 0.2454 0.8943 0.3741
vn 0.2704 0.8943 0.3565
vn 0.2795 0.8966 0.3435
vn 0.2940 0.8943 0.3372
vn 0.3164 0.8943 0.3164
vn 0.3236 0.8966 0.3022
vn 0.3372 0.8943 0.2941
vn 0.3565 0.8943 0.2704
vn 0.3618 0.8966 0.2554
vn 0.3741 0.8943 0.2454
vn 0.3900 0.8943 0.2193
vn 0.3932 0.8966 0.2037
vn 0.4041 0.8943 0.1922
vn 0.4162 0.8943 0.1641
vn 0.4172 0.8966 0.1483
vn 0.4265 0.8943 0.1354
vn 0.4347 0.8943 0.1059
vn 0.4335 0.8966 0.0901
vn 0.4409 0.8943 0.0760
vn 0.4451 0.8943 0.0458
vn 0.4418 0.8966 0.0302
vn 0.4472 0.8943 0.0153
vn 0.4472 0.8943 -0.0153
vn 0.5736 0.0000 0.8191
vn 0.5736 0.0000 -0.8191
vn -0.5736 0.0000 -0.8191
vn -0.5736 0.0000 0.8191
vn 0.7619 0.0000 0.6477
vn 0.6477 0.0000 0.7619
vn 0.6477 0.0000 -0.7619
vn 0.7619 0.0000 -0.6477
vn 0.1800 0.0000 -0.9837
vn 0.3360 0.0000 -0.9419
vn -0.3360 0.0000 -0.9419
vn -0.1800 0.0000 -0.9837
vn 0.0000 -1.0000 -0.0001
vn 0.0000 -1.0000 0.0009
vn 0.0000 -1.0000 0.0002
vn 0.1115 0.0000 -0.9938
vn 0.0825 -0.0391 -0.9958
vn 0.0291 0.0000 -0.9996
vn 0.1691 0.0000 -0.9856
vn 0.2306 -0.0072 -0.9730
vn 0.2454 -0.0314 -0.9689
vn 0.3058 0.0000 -0.9521
vn 0.3607 0.0000 -0.9327
vn 0.4013 -0.0427 -0.9149
vn 0.4364 0.0000 -0.8997
vn 0.4880 0.0000 -0.8728
vn 0.5495 0.0000 -0.8355
vn 0.5584 -0.0157 -0.8294
vn 0.6057 0.0000 -0.7957
vn 0.6773 0.0000 -0.7357
vn 0.6492 -0.0729 -0.7571
vn 0.7114 0.0000 -0.7028
vn 0.8361 0.0000 -0.5485
vn 0.7891 -0.0031 -0.6142
vn 0.8013 -0.0468 -0.5965
vn 0.7511 0.0000 -0.6602
vn 0.8655 -0.0540 -0.4979
vn 0.8908 0.0571 -0.4508
vn 0.8519 0.0000 -0.5237
vn 0.9558 0.0000 -0.2941
vn 0.9450 -0.0408 -0.3244
vn 0.9282 0.0000 -0.3721
vn 0.9050 0.0000 -0.4254
vn 0.9713 0.0000 -0.2380
vn 0.9847 -0.0127 -0.1736
vn 0.9860 -0.0279 -0.1645
vn 0.9951 0.0000 -0.0993
vn 0.9991 0.0000 -0.0413
vn 0.9991 0.0000 0.0413
vn 0.9951 0.0000 0.0993
vn 0.9843 -0.0317 0.1736
vn 0.9863 -0.0144 0.1646
vn 0.9713 0.0000 0.2380
vn 0.9458 0.0000 0.3247
vn 0.9536 -0.0666 0.2935
vn 0.9282 0.0000 0.3721
vn 0.9050 0.0000 0.4254
vn 0.8921 -0.0190 0.4515
vn 0.8666 0.0201 0.4986
vn 0.8519 0.0000 0.5237
vn 0.8361 0.0000 0.5485
vn 0.8021 -0.0023 0.5971
vn 0.7887 -0.0344 0.6138
vn 0.7511 0.0000 0.6602
vn 0.7114 0.0000 0.7028
vn 0.6767 -0.0420 0.7351
vn 0.6510 0.0000 0.7591
vn 0.6057 0.0000 0.7957
vn 0.5584 -0.0157 0.8295
vn 0.5495 0.0000 0.8355
vn 0.4880 0.0000 0.8728
vn 0.4017 0.0000 0.9158
vn 0.4351 -0.0792 0.8969
vn 0.3607 0.0000 0.9327
vn 0.3058 0.0000 0.9521
vn 0.2304 -0.0390 0.9723
vn 0.2455 -0.0090 0.9694
vn 0.1691 0.0000 0.9856
vn 0.0826 0.0000 0.9966
vn 0.1113 -0.0603 0.9920
vn -0.1115 0.0000 0.9938
vn -0.0825 -0.0391 0.9958
vn -0.0291 0.0000 0.9996
vn 0.0291 0.0000 0.9996
vn -0.1691 0.0000 0.9856
vn -0.2306 -0.0072 0.9730
vn -0.2454 -0.0314 0.9689
vn -0.3058 0.0000 0.9521
vn -0.3607 0.0000 0.9327
vn -0.4013 -0.0427 0.9149
vn -0.4364 0.0000 0.8997
vn -0.4880 0.0000 0.8728
vn -0.5495 0.0000 0.8355
vn -0.5584 -0.0157 0.8294
vn -0.6057 0.0000 0.7957
vn -0.6773 0.0000 0.7357
vn -0.6492 -0.0729 0.7571
vn -0.7114 0.0000 0.7028
vn -0.8361 0.0000 0.5485
vn -0.7891 -0.0031 0.6142
vn -0.8013 -0.0468 0.5965
vn -0.7511 0.0000 0.6602
vn -0.8655 -0.0540 0.4979
vn -0.8908 0.0571 0.4508
vn -0.8519 0.0000 0.5237
vn -0.9558 0.0000 0.2941
vn -0.9450 -0.0408 0.3244
vn -0.9282 0.0000 0.3721
vn -0.9050 0.0000 0.4254
vn -0.9713 0.0000 0.2380
vn -0.9847 -0.0127 0.1736
vn -0.9860 -0.0279 0.1645
vn -0.9951 0.0000 0.0993
vn -0.9991 0.0000 0.0413
vn -0.9991 0.0000 -0.0413
vn -0.9951 0.0000 -0.0993
vn -0.9843 -0.0317 -0.1736
vn -0.9863 -0.0144 -0.1646
vn -0.9713 0.0000 -0.2380
vn -0.9458 0.0000 -0.3247
vn -0.9536 -0.0666 -0.2935
vn -0.9282 0.0000 -0.3721
vn -0.9050 0.0000 -0.4254
vn -0.8921 -0.0190 -0.4515
vn -0.8666 0.0201 -0.4986
vn -0.8519 0.0000 -0.5237
vn -0.8361 0.0000 -0.5485
vn -0.8021 -0.0023 -0.5971
vn -0.7887 -0.0344 -0.6138
vn -0.7511 0.0000 -0.6602
vn -0.7114 0.0000 -0.7028
vn -0.6767 -0.0420 -0.7351
vn -0.6510 0.0000 -0.7591
vn -0.6057 0.0000 -0.7957
vn -0.5584 -0.0157 -0.8294
vn -0.5495 0.0000 -0.8355
vn -0.4880 0.0000 -0.8728
vn -0.4017 0.0000 -0.9158
vn -0.4351 -0.0792 -0.8969
vn -0.3607 0.0000 -0.9327
vn -0.3058 0.0000 -0.9521
vn -0.2304 -0.0390 -0.9723
vn -0.2455 -0.0090 -0.9694
vn -0.1691 0.0000 -0.9856
vn -0.0826 0.0000 -0.9966
vn -0.1113 -0.0603 -0.9920
vn -0.0291 0.0000 -0.9996
vn 0.0000 -1.0000 -0.0002
vn 0.1113 0.0603 -0.9920
vn 0.0826 0.0000 -0.9966
vn 0.2455 0.0090 -0.9694
vn 0.2304 0.0390 -0.9723
vn 0.5584 0.0157 -0.8295
vn 0.4017 0.0000 -0.9158
vn 0.4351 0.0792 -0.8969
vn 0.6767 0.0420 -0.7351
vn 0.6510 0.0000 -0.7591
vn 0.7887 0.0344 -0.6138
vn 0.8921 0.0190 -0.4514
vn 0.8666 -0.0201 -0.4986
vn 0.8021 0.0023 -0.5972
vn 0.9843 0.0317 -0.1736
vn 0.9863 0.0144 -0.1646
vn 0.9458 0.0000 -0.3247
vn 0.9536 0.0666 -0.2935
vn 0.9860 0.0279 0.1645
vn 0.9847 0.0127 0.1736
vn 0.9450 0.0408 0.3244
vn 0.9558 0.0000 0.2941
vn 0.8655 0.0540 0.4979
vn 0.8908 -0.0571 0.4508
vn 0.7891 0.0031 0.6142
vn 0.8012 0.0468 0.5965
vn 0.5584 0.0157 0.8294
vn 0.6773 0.0000 0.7357
vn 0.6492 0.0729 0.7571
vn 0.4013 0.0427 0.9149
vn 0.4364 0.0000 0.8997
vn 0.2306 0.0072 0.9730
vn 0.2454 0.0314 0.9689
vn 0.1115 0.0000 0.9938
vn 0.0825 0.0391 0.9958
vn -0.2304 0.0390 0.9723
vn -0.2455 0.0090 0.9694
vn -0.0826 0.0000 0.9966
vn -0.1113 0.0603 0.9920
vn -0.5584 0.0157 0.8295
vn -0.4017 0.0000 0.9158
vn -0.4351 0.0792 0.8969
vn -0.6767 0.0420 0.7351
vn -0.6510 0.0000 0.7591
vn -0.7887 0.0344 0.6138
vn -0.8921 0.0190 0.4514
vn -0.8666 -0.0201 0.4986
vn -0.8021 0.0023 0.5972
vn -0.9843 0.0317 0.1736
vn -0.9863 0.0144 0.1646
vn -0.9458 0.0000 0.3247
vn -0.9536 0.0666 0.2935
vn -0.9860 0.0279 -0.1645
vn -0.9847 0.0127 -0.1736
vn -0.9450 0.0408 -0.3244
vn -0.9558 0.0000 -0.2941
vn -0.8655 0.0540 -0.4979
vn -0.8908 -0.0571 -0.4508
vn -0.7891 0.0031 -0.6142
vn -0.8012 0.0468 -0.5965
vn -0.6492 0.0729 -0.7571
vn -0.6773 0.0000 -0.7357
vn -0.5584 0.0157 -0.8294
vn -0.4364 0.0000 -0.8997
vn -0.4013 0.0427 -0.9149
vn -0.2454 0.0314 -0.9689
vn -0.2306 0.0072 -0.9730
vn -0.0825 0.0391 -0.9958
vn -0.1115 0.0000 -0.9938
vn -0.8026 0.0000 0.5965
vn -0.8900 -0.0060 -0.4560
vn -0.8068 0.0036 -0.5908
vn -0.8399 -0.0102 -0.5427
vn -0.8437 0.0000 -0.5368
vn -0.8680 0.0000 -0.4966
vn -0.3854 -0.0064 -0.9227
vn -0.4559 0.0259 -0.8897
vn -0.4306 -0.0325 -0.9019
vn -0.0703 0.0109 -0.9975
vn -0.0501 -0.0150 -0.9986
vn 0.1004 0.0076 -0.9949
vn 0.0501 -0.0175 -0.9986
vn 0.0352 0.0000 -0.9994
vn -0.0117 0.0000 -0.9999
vn 0.6002 -0.0024 -0.7998
vn 0.5427 0.0084 -0.8399
vn 0.5531 -0.0142 -0.8330
vn 0.8191 -0.0432 -0.5720
vn 0.8561 0.0000 -0.5168
vn 0.8900 0.0000 -0.4560
vn 0.8787 -0.0379 -0.4758
vn 0.9086 0.0116 -0.4176
vn 0.9937 0.0016 0.1121
vn 0.9987 -0.0050 0.0501
vn 0.8198 0.0166 0.5724
vn 0.8397 -0.0199 0.5426
vn 0.5531 0.0065 0.8331
vn 0.5427 -0.0110 0.8399
vn 0.4069 0.0056 0.9135
vn 0.4560 -0.0143 0.8899
vn 0.4658 0.0000 0.8849
vn 0.5067 0.0000 0.8621
vn 0.0352 0.0000 0.9994
vn 0.0501 -0.0175 0.9986
vn 0.1004 0.0076 0.9949
vn 0.1470 0.0000 0.9891
vn -0.1237 -0.0044 0.9923
vn -0.0501 0.0167 0.9986
vn -0.0703 -0.0229 0.9973
vn -0.0117 0.0000 0.9999
vn -0.4308 0.0143 0.9023
vn -0.4559 -0.0179 0.8898
vn -0.4864 0.0000 0.8737
vn -0.5427 0.0000 0.8399
vn -0.5266 -0.0314 0.8496
vn -0.5813 0.0096 0.8137
vn -0.9182 -0.0004 0.3962
vn -0.8900 0.0012 0.4560
vn -0.8920 -0.0066 0.4519
vn -0.9948 -0.0511 0.0887
vn -0.9960 0.0136 -0.0888
vn -0.9985 -0.0208 -0.0501
vn -0.9997 0.0000 -0.0234
vn -0.9997 0.0000 0.0234
vn -0.1237 -0.0044 -0.9923
vn -0.1701 0.0000 -0.9854
vn -0.1951 -0.0036 -0.9808
vn -0.2342 0.0000 -0.9722
vn -0.2795 0.0000 -0.9601
vn -0.3214 -0.0034 -0.9469
vn -0.3417 0.0000 -0.9398
vn -0.7030 0.0000 -0.7112
vn -0.6645 -0.0011 -0.7473
vn -0.6593 -0.0024 -0.7518
vn -0.6188 0.0000 -0.7856
vn -0.5813 0.0096 -0.8137
vn -0.5426 -0.0196 -0.8397
vn -0.5268 0.0000 -0.8500
vn -0.4864 0.0000 -0.8737
vn -0.7355 0.0000 -0.6775
vn -0.7518 -0.0036 -0.6593
vn -0.7782 0.0000 -0.6280
vn -0.9469 -0.0038 -0.3214
vn -0.9357 0.0000 -0.3527
vn -0.9182 -0.0004 -0.3962
vn -0.8921 0.0011 -0.4519
vn -0.9908 0.0000 -0.1353
vn -0.9825 -0.0009 -0.1865
vn -0.9808 -0.0025 -0.1951
vn -0.9694 0.0000 -0.2456
vn -0.9568 0.0000 -0.2908
vn -0.9982 0.0335 0.0500
vn -0.9908 0.0000 0.1353
vn -0.9808 -0.0011 0.1951
vn -0.9825 -0.0030 0.1865
vn -0.9694 0.0000 0.2456
vn -0.9568 0.0000 0.2908
vn -0.9469 -0.0038 0.3214
vn -0.9357 0.0000 0.3527
vn -0.7518 -0.0036 0.6593
vn -0.7782 0.0000 0.6280
vn -0.8068 0.0036 0.5908
vn -0.8399 -0.0102 0.5427
vn -0.8437 0.0000 0.5368
vn -0.8680 0.0000 0.4966
vn -0.6188 0.0000 0.7856
vn -0.6645 -0.0027 0.7473
vn -0.6593 -0.0012 0.7518
vn -0.7030 0.0000 0.7112
vn -0.7355 0.0000 0.6775
vn -0.3854 -0.0064 0.9227
vn -0.3417 0.0000 0.9398
vn -0.3214 -0.0034 0.9469
vn -0.2795 0.0000 0.9601
vn -0.2342 0.0000 0.9722
vn -0.1951 -0.0036 0.9808
vn -0.1701 0.0000 0.9854
vn 0.2094 -0.0038 0.9778
vn 0.1951 -0.0004 0.9808
vn 0.2569 0.0000 0.9664
vn 0.3019 0.0000 0.9533
vn 0.3214 -0.0033 0.9469
vn 0.3637 0.0000 0.9315
vn 0.6002 -0.0024 0.7998
vn 0.6370 0.0000 0.7708
vn 0.6593 -0.0038 0.7518
vn 0.6861 0.0000 0.7275
vn 0.7194 0.0000 0.6946
vn 0.7518 -0.0030 0.6593
vn 0.7627 -0.0002 0.6468
vn 0.8026 0.0001 0.5965
vn 0.8020 0.0000 0.5973
vn 0.9633 0.0000 0.2682
vn 0.9466 -0.0020 0.3224
vn 0.9469 -0.0018 0.3214
vn 0.9272 0.0000 0.3746
vn 0.9086 0.0116 0.4176
vn 0.8898 -0.0207 0.4559
vn 0.8794 0.0000 0.4761
vn 0.8561 0.0000 0.5168
vn 0.9749 0.0000 0.2228
vn 0.9808 -0.0038 0.1951
vn 0.9874 0.0000 0.1585
vn 0.9633 0.0000 -0.2682
vn 0.9749 0.0000 -0.2228
vn 0.9808 -0.0038 -0.1951
vn 0.9874 0.0000 -0.1585
vn 0.9937 0.0016 -0.1121
vn 0.9987 -0.0050 -0.0501
vn 0.9989 0.0000 -0.0469
vn 0.9989 0.0000 0.0469
vn 0.9466 -0.0020 -0.3224
vn 0.9469 -0.0018 -0.3214
vn 0.9272 0.0000 -0.3746
vn 0.8394 0.0361 -0.5424
vn 0.8021 0.0001 -0.5972
vn 0.7627 -0.0002 -0.6468
vn 0.7518 -0.0030 -0.6593
vn 0.7194 0.0000 -0.6946
vn 0.6861 0.0000 -0.7275
vn 0.6593 -0.0038 -0.7518
vn 0.6370 0.0000 -0.7708
vn 0.2569 0.0000 -0.9664
vn 0.3019 0.0000 -0.9533
vn 0.3214 -0.0033 -0.9469
vn 0.3637 0.0000 -0.9315
vn 0.4069 0.0056 -0.9135
vn 0.4560 -0.0143 -0.8899
vn 0.4658 0.0000 -0.8849
vn 0.5067 0.0000 -0.8621
vn 0.2094 -0.0003 -0.9778
vn 0.1951 -0.0029 -0.9808
vn 0.1470 0.0000 -0.9891
vn -0.4418 -0.8966 -0.0302
vn -0.4451 -0.8943 -0.0458
vn -0.4409 -0.8943 -0.0760
vn -0.4335 -0.8966 -0.0901
vn -0.4347 -0.8943 -0.1059
vn -0.4265 -0.8943 -0.1354
vn -0.4172 -0.8966 -0.1483
vn -0.4162 -0.8943 -0.1641
vn -0.4041 -0.8943 -0.1922
vn -0.3932 -0.8966 -0.2037
vn -0.3900 -0.8943 -0.2193
vn -0.3741 -0.8943 -0.2454
vn -0.3618 -0.8966 -0.2554
vn -0.3565 -0.8943 -0.2704
vn -0.3372 -0.8943 -0.2941
vn -0.3236 -0.8966 -0.3022
vn -0.3164 -0.8943 -0.3164
vn -0.2940 -0.8943 -0.3372
vn -0.2795 -0.8966 -0.3435
vn -0.2704 -0.8943 -0.3565
vn -0.2454 -0.8943 -0.3741
vn -0.2301 -0.8966 -0.3783
vn -0.2193 -0.8943 -0.3900
vn -0.1922 -0.8943 -0.4041
vn -0.1764 -0.8966 -0.4061
vn -0.1641 -0.8943 -0.4162
vn -0.1354 -0.8943 -0.4265
vn -0.1195 -0.8966 -0.4264
vn -0.1059 -0.8943 -0.4347
vn -0.0760 -0.8943 -0.4409
vn -0.0603 -0.8966 -0.4387
vn -0.0458 -0.8943 -0.4451
vn -0.0153 -0.8943 -0.4472
vn 0.0000 -0.8966 -0.4428
vn 0.0153 -0.8943 -0.4472
vn 0.0458 -0.8943 -0.4451
vn 0.0603 -0.8966 -0.4387
vn 0.0760 -0.8943 -0.4409
vn 0.1059 -0.8943 -0.4347
vn 0.1195 -0.8966 -0.4264
vn 0.1354 -0.8943 -0.4265
vn 0.1641 -0.8943 -0.4162
vn 0.1764 -0.8966 -0.4061
vn 0.1922 -0.8943 -0.4041
vn 0.2193 -0.8943 -0.3900
vn 0.2301 -0.8966 -0.3783
vn 0.2454 -0.8943 -0.3741
vn 0.2704 -0.8943 -0.3565
vn 0.2795 -0.8966 -0.3435
vn 0.2940 -0.8943 -0.3372
vn 0.3164 -0.8943 -0.3164
vn 0.3236 -0.8966 -0.3022
vn 0.3372 -0.8943 -0.2941
vn 0.3565 -0.8943 -0.2704
vn 0.3618 -0.8966 -0.2554
vn 0.3741 -0.8943 -0.2454
vn 0.3900 -0.8943 -0.2193
vn 0.3932 -0.8966 -0.2037
vn 0.4041 -0.8943 -0.1922
vn 0.4162 -0.8943 -0.1641
vn 0.4172 -0.8966 -0.1483
vn 0.4265 -0.8943 -0.1354
vn 0.4347 -0.8943 -0.1059
vn 0.4335 -0.8966 -0.0901
vn 0.4409 -0.8943 -0.0760
vn 0.4451 -0.8943 -0.0458
vn 0.4418 -0.8966 -0.0302
vn 0.4472 -0.8943 -0.0153
vn 0.4472 -0.8943 0.0153
vn 0.4418 -0.8966 0.0302
vn 0.4451 -0.8943 0.0458
vn 0.4409 -0.8943 0.0760
vn 0.4335 -0.8966 0.0901
vn 0.4347 -0.8943 0.1059
vn 0.4265 -0.8943 0.1354
vn 0.4172 -0.8966 0.1483
vn 0.4162 -0.8943 0.1641
vn 0.4041 -0.8943 0.1922
vn 0.3932 -0.8966 0.2037
vn 0.3900 -0.8943 0.2193
vn 0.3741 -0.8943 0.2454
vn 0.3618 -0.8966 0.2554
vn 0.3565 -0.8943 0.2704
vn 0.3372 -0.8943 0.2941
vn 0.3236 -0.8966 0.3022
vn 0.3164 -0.8943 0.3164
vn 0.2940 -0.8943 0.3372
vn 0.2795 -0.8966 0.3435
vn 0.2704 -0.8943 0.3565
vn 0.2454 -0.8943 0.3741
vn 0.2301 -0.8966 0.3783
vn 0.2193 -0.8943 0.3900
vn 0.1922 -0.8943 0.4041
vn 0.1764 -0.8966 0.4061
vn 0.1641 -0.8943 0.4162
vn 0.1354 -0.8943 0.4265
vn 0.1195 -0.8966 0.4264
vn 0.1059 -0.8943 0.4347
vn 0.0760 -0.8943 0.4409
vn 0.0603 -0.8966 0.4387
vn 0.0458 -0.8943 0.4451
vn 0.0153 -0.8943 0.4472
vn 0.0000 -0.8966 0.4428
vn -0.0153 -0.8943 0.4472
vn -0.0458 -0.8943 0.4451
vn -0.0603 -0.8966 0.4387
vn -0.0760 -0.8943 0.4409
vn -0.1059 -0.8943 0.4347
vn -0.1195 -0.8966 0.4264
vn -0.1354 -0.8943 0.4265
vn -0.1641 -0.8943 0.4162
vn -0.1764 -0.8966 0.4061
vn -0.1922 -0.8943 0.4041
vn -0.2193 -0.8943 0.3900
vn -0.2301 -0.8966 0.3783
vn -0.2454 -0.8943 0.3741
vn -0.2704 -0.8943 0.3565
vn -0.2795 -0.8966 0.3435
vn -0.2940 -0.8943 0.3372
vn -0.3164 -0.8943 0.3164
vn -0.3236 -0.8966 0.3022
vn -0.3372 -0.8943 0.2941
vn -0.3565 -0.8943 0.2704
vn -0.3618 -0.8966 0.2554
vn -0.3741 -0.8943 0.2454
vn -0.3900 -0.8943 0.2193
vn -0.3932 -0.8966 0.2037
vn -0.4041 -0.8943 0.1922
vn -0.4162 -0.8943 0.1641
vn -0.4172 -0.8966 0.1483
vn -0.4265 -0.8943 0.1354
vn -0.4347 -0.8943 0.1059
vn -0.4335 -0.8966 0.0901
vn -0.4409 -0.8943 0.0760
vn -0.4451 -0.8943 0.0458
vn -0.4418 -0.8966 0.0302
vn -0.4472 -0.8943 0.0153
vn -0.4472 -0.8943 -0.0153
usemtl None
s off
f 1//1 2//1 3//1
f 3//2 4//2 1//2
f 1//3 4//3 5//3
f 1//4 5//4 6//4
f 6//5 5//5 7//5
f 6//6 7//6 8//6
f 9//7 10//7 11//7
f 11//8 10//8 12//8
f 9//9 13//9 10//9
f 10//10 13//10 14//10
f 10//11 14//11 15//11
f 15//12 16//12 10//12
f 10//13 16//13 17//13
f 10//14 17//14 1//14
f 1//15 17//15 18//15
f 1//16 18//16 2//16
f 19//17 20//17 21//17
f 21//18 20//18 22//18
f 21//19 22//19 23//19
f 23//20 24//20 21//20
f 21//21 24//21 25//21
f 21//22 25//22 26//22
f 26//23 27//23 21//23
f 21//24 27//24 28//24
f 21//25 28//25 29//25
f 30//26 31//26 32//26
f 32//27 31//27 33//27
f 32//28 33//28 34//28
f 34//29 35//29 32//29
f 32//30 35//30 36//30
f 32//31 36//31 37//31
f 37//32 38//32 32//32
f 32//33 38//33 39//33
f 32//34 39//34 10//34
f 10//35 39//35 40//35
f 10//36 40//36 12//36
f 41//37 42//37 43//37
f 43//38 44//38 41//38
f 41//39 44//39 45//39
f 41//40 45//40 46//40
f 46//41 47//41 41//41
f 41//42 47//42 48//42
f 41//43 48//43 49//43
f 49//44 50//44 41//44
f 41//45 50//45 51//45
f 41//46 51//46 21//46
f 21//47 51//47 52//47
f 21//48 52//48 19//48
f 53//49 54//49 55//49
f 54//50 56//50 55//50
f 55//51 56//51 57//51
f 55//52 57//52 42//52
f 42//53 57//53 58//53
f 42//54 58//54 59//54
f 59//55 60//55 42//55
f 42//56 60//56 61//56
f 42//57 61//57 43//57
f 62//58 63//58 64//58
f 63//59 65//59 64//59
f 64//60 65//60 66//60
f 64//61 66//61 67//61
f 67//62 68//62 64//62
f 64//63 68//63 69//63
f 64//64 69//64 55//64
f 55//65 69//65 70//65
f 55//66 70//66 53//66
f 71//67 72//67 73//67
f 73//68 72//68 74//68
f 73//69 74//69 75//69
f 75//70 76//70 73//70
f 73//71 76//71 77//71
f 73//72 77//72 78//72
f 78//73 79//73 73//73
f 73//74 79//74 80//74
f 73//75 80//75 81//75
f 81//76 82//76 83//76
f 83//77 82//77 84//77
f 83//78 84//78 85//78
f 85//79 86//79 83//79
f 83//80 86//80 87//80
f 83//81 87//81 88//81
f 88//82 89//82 83//82
f 83//83 89//83 90//83
f 83//84 90//84 91//84
f 91//85 92//85 83//85
f 83//86 92//86 93//86
f 83//87 93//87 64//87
f 64//88 93//88 94//88
f 64//89 94//89 62//89
f 95//90 96//90 97//90
f 8//91 98//91 6//91
f 6//92 98//92 99//92
f 6//93 99//93 97//93
f 97//94 99//94 100//94
f 97//95 100//95 95//95
f 96//96 101//96 97//96
f 97//97 101//97 102//97
f 97//98 102//98 103//98
f 103//99 104//99 97//99
f 97//100 104//100 105//100
f 97//101 105//101 73//101
f 73//102 105//102 106//102
f 73//103 106//103 71//103
f 81//104 83//104 73//104
f 73//105 83//105 107//105
f 73//105 107//105 108//105
f 108//106 107//106 109//106
f 108//106 109//106 110//106
f 110//107 109//107 111//107
f 110//107 111//107 112//107
f 112//108 111//108 113//108
f 112//108 113//108 114//108
f 114//109 113//109 115//109
f 114//109 115//109 116//109
f 116//110 115//110 117//110
f 116//110 117//110 118//110
f 118//111 117//111 119//111
f 118//111 119//111 120//111
f 121//112 122//112 123//112
f 123//113 122//113 124//113
f 123//113 124//113 125//113
f 125//114 124//114 126//114
f 125//114 126//114 127//114
f 127//115 126//115 128//115
f 127//115 128//115 129//115
f 129//116 128//116 130//116
f 129//116 130//116 131//116
f 131//117 130//117 132//117
f 131//117 132//117 133//117
f 133//118 132//118 21//118
f 133//118 21//118 32//118
f 32//119 21//119 29//119
f 32//120 29//120 30//120
f 120//121 119//121 134//121
f 134//122 119//122 135//122
f 134//123 135//123 136//123
f 136//124 135//124 137//124
f 136//124 137//124 138//124
f 138//125 137//125 139//125
f 138//125 139//125 140//125
f 140//126 139//126 141//126
f 140//126 141//126 142//126
f 142//127 141//127 143//127
f 142//127 143//127 144//127
f 144//128 143//128 145//128
f 144//128 145//128 146//128
f 146//129 145//129 147//129
f 146//129 147//129 148//129
f 148//130 147//130 149//130
f 148//130 149//130 150//130
f 150//131 149//131 151//131
f 150//131 151//131 152//131
f 152//132 151//132 153//132
f 152//132 153//132 154//132
f 154//133 153//133 155//133
f 154//133 155//133 156//133
f 156//134 155//134 157//134
f 156//134 157//134 158//134
f 158//135 157//135 159//135
f 158//135 159//135 160//135
f 160//136 159//136 161//136
f 160//136 161//136 162//136
f 162//137 161//137 163//137
f 162//137 163//137 164//137
f 164//138 163//138 165//138
f 164//138 165//138 166//138
f 166//139 165//139 167//139
f 166//139 167//139 168//139
f 168//140 167//140 169//140
f 168//140 169//140 170//140
f 170//141 169//141 171//141
f 170//141 171//141 172//141
f 172//142 171//142 173//142
f 172//142 173//142 174//142
f 174//143 173//143 175//143
f 174//143 175//143 176//143
f 176//144 175//144 177//144
f 176//145 177//145 121//145
f 121//146 177//146 178//146
f 121//112 178//112 122//112
f 179//147 180//147 181//147
f 181//147 180//147 182//147
f 181//147 182//147 183//147
f 184//148 185//148 186//148
f 186//148 185//148 187//148
f 186//148 187//148 188//148
f 189//149 190//149 191//149
f 191//149 190//149 192//149
f 193//150 194//150 195//150
f 195//150 194//150 196//150
f 197//150 198//150 199//150
f 199//150 198//150 200//150
f 198//150 201//150 200//150
f 200//150 201//150 202//150
f 200//150 202//150 193//150
f 193//150 202//150 203//150
f 193//150 203//150 194//150
f 194//150 203//150 204//150
f 194//150 204//150 205//150
f 206//150 197//150 207//150
f 208//150 209//150 210//150
f 210//150 209//150 211//150
f 212//150 206//150 213//150
f 213//150 206//150 207//150
f 213//150 207//150 214//150
f 214//150 207//150 211//150
f 214//150 211//150 215//150
f 215//150 211//150 209//150
f 215//150 209//150 216//150
f 217//150 218//150 219//150
f 220//150 221//150 222//150
f 208//150 223//150 222//150
f 222//150 223//150 224//150
f 222//150 224//150 220//150
f 219//150 225//150 217//150
f 217//150 225//150 226//150
f 217//150 226//150 224//150
f 224//150 226//150 227//150
f 224//150 227//150 220//150
f 228//150 229//150 230//150
f 230//150 229//150 218//150
f 231//150 232//150 233//150
f 233//150 232//150 234//150
f 235//150 229//150 236//150
f 236//150 229//150 228//150
f 236//150 228//150 237//150
f 237//150 228//150 234//150
f 237//150 234//150 238//150
f 238//150 234//150 232//150
f 238//150 232//150 239//150
f 240//150 241//150 242//150
f 242//150 241//150 243//150
f 244//150 189//150 245//150
f 245//150 189//150 246//150
f 189//150 191//150 246//150
f 246//150 191//150 247//150
f 246//150 247//150 240//150
f 240//150 247//150 248//150
f 240//150 248//150 241//150
f 241//150 248//150 249//150
f 241//150 249//150 250//150
f 251//151 252//151 253//151
f 253//151 252//151 254//151
f 253//151 254//151 255//151
f 256//152 257//152 258//152
f 258//152 257//152 259//152
f 258//152 259//152 260//152
f 261//152 262//152 263//152
f 263//152 262//152 264//152
f 263//152 264//152 265//152
f 221//153 266//153 222//153
f 222//153 266//153 267//153
f 222//154 267//154 208//154
f 208//154 267//154 268//154
f 208//154 268//154 209//154
f 198//147 269//147 201//147
f 201//147 269//147 270//147
f 271//150 268//150 272//150
f 272//150 268//150 267//150
f 272//150 267//150 266//150
f 273//155 274//155 275//155
f 275//155 274//155 276//155
f 275//155 276//155 277//155
f 235//156 278//156 229//156
f 229//156 278//156 279//156
f 209//157 268//157 216//157
f 216//157 268//157 271//157
f 229//155 279//155 218//155
f 218//155 279//155 280//155
f 218//155 280//155 219//155
f 281//149 282//149 283//149
f 283//149 282//149 284//149
f 283//149 284//149 285//149
f 286//150 287//150 288//150
f 288//150 287//150 289//150
f 290//150 291//150 292//150
f 292//150 291//150 289//150
f 292//150 289//150 293//150
f 293//158 289//158 294//158
f 294//150 289//150 287//150
f 294//159 287//159 295//159
f 296//150 290//150 297//150
f 298//150 299//150 300//150
f 300//150 299//150 301//150
f 299//150 302//150 301//150
f 301//150 302//150 303//150
f 301//150 303//150 297//150
f 297//150 303//150 304//150
f 297//150 304//150 296//150
f 305//150 298//150 306//150
f 307//150 308//150 309//150
f 309//150 308//150 310//150
f 308//150 311//150 310//150
f 310//150 311//150 312//150
f 310//150 312//150 306//150
f 306//150 312//150 313//150
f 306//150 313//150 305//150
f 314//150 315//150 316//150
f 316//150 315//150 317//150
f 316//150 317//150 318//150
f 319//150 320//150 321//150
f 314//150 319//150 315//150
f 315//150 319//150 321//150
f 315//150 321//150 322//150
f 322//150 321//150 307//150
f 323//150 324//150 325//150
f 325//150 326//150 327//150
f 328//150 323//150 329//150
f 329//150 323//150 325//150
f 329//150 325//150 330//150
f 330//150 325//150 327//150
f 330//150 327//150 331//150
f 331//150 327//150 318//150
f 332//150 333//150 334//150
f 334//150 335//150 336//150
f 337//150 332//150 338//150
f 338//150 332//150 334//150
f 338//150 334//150 339//150
f 339//150 334//150 336//150
f 339//150 336//150 340//150
f 340//150 336//150 341//150
f 342//150 343//150 344//150
f 344//150 343//150 345//150
f 346//150 347//150 348//150
f 348//150 347//150 342//150
f 347//150 349//150 342//150
f 342//150 349//150 350//150
f 342//150 350//150 343//150
f 343//150 350//150 351//150
f 352//150 353//150 354//150
f 345//150 355//150 356//150
f 356//150 355//150 357//150
f 355//150 358//150 357//150
f 357//150 358//150 359//150
f 357//150 359//150 354//150
f 354//150 359//150 360//150
f 354//150 360//150 352//150
f 361//150 362//150 363//150
f 363//150 362//150 364//150
f 365//150 366//150 367//150
f 367//150 366//150 368//150
f 328//150 369//150 366//150
f 366//150 369//150 364//150
f 366//150 364//150 368//150
f 368//150 364//150 362//150
f 370//150 371//150 372//150
f 372//150 371//150 373//150
f 353//150 374//150 375//150
f 375//150 374//150 373//150
f 375//150 373//150 376//150
f 376//160 373//160 377//160
f 377//150 373//150 371//150
f 377//161 371//161 361//161
f 343//155 378//155 345//155
f 345//155 378//155 379//155
f 345//155 379//155 355//155
f 380//162 381//162 382//162
f 382//162 381//162 383//162
f 384//163 365//163 367//163
f 384//163 367//163 385//163
f 385//164 367//164 368//164
f 385//164 368//164 386//164
f 387//165 326//165 325//165
f 387//165 325//165 388//165
f 388//166 325//166 324//166
f 388//166 324//166 389//166
f 390//167 320//167 319//167
f 390//167 319//167 391//167
f 391//168 319//168 314//168
f 391//168 314//168 392//168
f 393//169 313//169 312//169
f 393//169 312//169 394//169
f 394//170 312//170 311//170
f 394//170 311//170 395//170
f 396//171 304//171 303//171
f 396//171 303//171 397//171
f 397//172 303//172 302//172
f 397//172 302//172 398//172
f 399//173 286//173 288//173
f 399//173 288//173 400//173
f 400//174 288//174 289//174
f 400//174 289//174 401//174
f 402//150 403//150 404//150
f 405//150 406//150 261//150
f 263//150 407//150 261//150
f 261//150 407//150 408//150
f 261//150 408//150 405//150
f 404//150 409//150 402//150
f 402//150 409//150 410//150
f 402//150 410//150 408//150
f 408//150 410//150 411//150
f 408//150 411//150 405//150
f 184//150 186//150 412//150
f 413//150 263//150 265//150
f 414//150 184//150 415//150
f 415//150 184//150 412//150
f 415//150 412//150 416//150
f 416//150 412//150 417//150
f 416//150 417//150 418//150
f 418//150 417//150 413//150
f 418//150 413//150 419//150
f 419//150 413//150 265//150
f 420//175 421//175 422//175
f 422//175 421//175 423//175
f 424//175 425//175 426//175
f 426//175 425//175 427//175
f 425//175 428//175 427//175
f 427//175 428//175 429//175
f 427//175 429//175 420//175
f 420//175 429//175 430//175
f 420//175 430//175 421//175
f 421//175 430//175 431//175
f 421//175 431//175 432//175
f 433//175 434//175 435//175
f 435//175 434//175 436//175
f 437//175 438//175 439//175
f 439//175 438//175 440//175
f 441//175 434//175 442//175
f 442//175 434//175 433//175
f 442//175 433//175 443//175
f 443//175 433//175 440//175
f 443//175 440//175 444//175
f 444//175 440//175 438//175
f 444//175 438//175 445//175
f 446//175 436//175 447//175
f 448//175 449//175 450//175
f 451//175 452//175 450//175
f 450//175 452//175 453//175
f 450//175 453//175 448//175
f 447//175 454//175 446//175
f 446//175 454//175 455//175
f 446//175 455//175 453//175
f 453//175 455//175 456//175
f 453//175 456//175 448//175
f 273//175 275//175 457//175
f 451//175 458//175 459//175
f 459//175 458//175 460//175
f 461//175 273//175 462//175
f 462//175 273//175 457//175
f 462//175 457//175 463//175
f 463//175 457//175 460//175
f 463//175 460//175 464//175
f 464//175 460//175 458//175
f 464//175 458//175 465//175
f 466//175 179//175 467//175
f 467//175 179//175 181//175
f 275//175 277//175 468//175
f 468//175 277//175 469//175
f 277//175 470//175 469//175
f 469//175 470//175 471//175
f 469//175 471//175 466//175
f 466//175 471//175 472//175
f 466//175 472//175 179//175
f 179//175 472//175 473//175
f 179//175 473//175 474//175
f 475//175 476//175 477//175
f 477//175 476//175 478//175
f 181//175 183//175 479//175
f 479//175 183//175 480//175
f 183//175 481//175 480//175
f 480//175 481//175 482//175
f 480//175 482//175 475//175
f 475//175 482//175 483//175
f 475//175 483//175 476//175
f 476//175 483//175 484//175
f 476//175 484//175 485//175
f 251//175 486//175 487//175
f 487//175 488//175 251//175
f 251//175 488//175 489//175
f 251//175 489//175 490//175
f 253//175 491//175 251//175
f 251//175 491//175 492//175
f 251//175 492//175 486//175
f 486//175 492//175 493//175
f 486//175 493//175 494//175
f 494//175 493//175 495//175
f 494//175 495//175 478//175
f 496//175 497//175 498//175
f 498//175 497//175 499//175
f 253//175 255//175 500//175
f 500//175 255//175 501//175
f 502//175 497//175 503//175
f 503//175 497//175 496//175
f 503//175 496//175 504//175
f 504//175 496//175 501//175
f 504//175 501//175 505//175
f 505//175 501//175 255//175
f 505//175 255//175 506//175
f 507//175 499//175 508//175
f 509//175 510//175 256//175
f 258//175 511//175 256//175
f 256//175 511//175 512//175
f 256//175 512//175 509//175
f 508//175 513//175 507//175
f 507//175 513//175 514//175
f 507//175 514//175 512//175
f 512//175 514//175 515//175
f 512//175 515//175 509//175
f 516//176 517//176 518//176
f 518//176 517//176 519//176
f 518//177 519//177 520//177
f 520//177 519//177 521//177
f 520//178 521//178 522//178
f 522//178 521//178 523//178
f 522//179 523//179 524//179
f 524//179 523//179 525//179
f 524//180 525//180 526//180
f 526//180 525//180 527//180
f 526//181 527//181 528//181
f 528//181 527//181 529//181
f 528//182 529//182 530//182
f 530//182 529//182 531//182
f 530//183 531//183 532//183
f 532//183 531//183 533//183
f 532//184 533//184 534//184
f 534//184 533//184 535//184
f 534//185 535//185 536//185
f 536//185 535//185 537//185
f 536//186 537//186 538//186
f 538//186 537//186 539//186
f 538//187 539//187 540//187
f 540//187 539//187 541//187
f 540//188 541//188 542//188
f 542//188 541//188 543//188
f 542//189 543//189 544//189
f 544//189 543//189 545//189
f 544//190 545//190 546//190
f 546//190 545//190 547//190
f 546//191 547//191 548//191
f 548//191 547//191 549//191
f 548//192 549//192 550//192
f 550//192 549//192 551//192
f 550//193 551//193 552//193
f 552//193 551//193 553//193
f 552//194 553//194 554//194
f 554//194 553//194 555//194
f 554//195 555//195 556//195
f 556//195 555//195 557//195
f 556//196 557//196 558//196
f 558//196 557//196 559//196
f 558//197 559//197 560//197
f 560//197 559//197 561//197
f 560//198 561//198 562//198
f 562//198 561//198 563//198
f 562//199 563//199 564//199
f 564//199 563//199 565//199
f 564//200 565//200 566//200
f 566//200 565//200 567//200
f 566//201 567//201 568//201
f 568//201 567//201 569//201
f 568//202 569//202 570//202
f 570//202 569//202 571//202
f 570//203 571//203 572//203
f 572//203 571//203 573//203
f 572//204 573//204 574//204
f 574//204 573//204 575//204
f 574//205 575//205 576//205
f 576//205 575//205 577//205
f 576//206 577//206 578//206
f 578//206 577//206 579//206
f 578//207 579//207 580//207
f 580//207 579//207 581//207
f 580//208 581//208 582//208
f 582//208 581//208 583//208
f 582//209 583//209 584//209
f 584//209 583//209 585//209
f 584//210 585//210 586//210
f 586//210 585//210 587//210
f 586//211 587//211 516//211
f 516//211 587//211 517//211
f 588//148 589//148 590//148
f 590//148 589//148 591//148
f 590//148 591//148 592//148
f 592//147 591//147 593//147
f 593//147 591//147 594//147
f 595//175 596//175 597//175
f 597//175 596//175 598//175
f 599//175 600//175 601//175
f 601//175 600//175 598//175
f 601//175 598//175 602//175
f 602//175 598//175 603//175
f 603//175 598//175 596//175
f 603//212 596//212 604//212
f 605//175 599//175 606//175
f 590//212 592//212 607//212
f 607//175 592//175 608//175
f 592//175 593//175 608//175
f 608//175 593//175 609//175
f 608//175 609//175 606//175
f 606//175 609//175 610//175
f 606//175 610//175 605//175
f 611//175 612//175 613//175
f 613//175 614//175 615//175
f 616//175 611//175 617//175
f 617//175 611//175 613//175
f 617//175 613//175 618//175
f 618//175 613//175 615//175
f 618//175 615//175 619//175
f 619//175 615//175 620//175
f 588//175 590//175 621//175
f 622//213 623//213 624//213
f 624//175 623//175 625//175
f 623//175 626//175 625//175
f 625//175 626//175 627//175
f 625//175 627//175 621//175
f 621//175 627//175 628//175
f 621//175 628//175 588//175
f 629//175 630//175 631//175
f 631//175 630//175 632//175
f 631//175 632//175 620//175
f 633//175 634//175 635//175
f 629//175 633//175 630//175
f 630//175 633//175 635//175
f 630//175 635//175 636//175
f 636//175 635//175 622//175
f 634//149 637//149 635//149
f 635//149 637//149 638//149
f 639//214 640//214 641//214
f 641//214 640//214 642//214
f 332//149 643//149 333//149
f 333//149 643//149 644//149
f 645//151 646//151 337//151
f 337//151 646//151 643//151
f 337//151 643//151 332//151
f 250//154 647//154 241//154
f 241//154 647//154 648//154
f 648//150 647//150 649//150
f 649//150 647//150 650//150
f 649//150 650//150 651//150
f 652//152 649//152 653//152
f 653//152 649//152 651//152
f 654//215 655//215 656//215
f 657//216 414//216 415//216
f 658//217 406//217 405//217
f 659//218 660//218 661//218
f 662//219 663//219 664//219
f 665//220 205//220 204//220
f 666//221 212//221 213//221
f 266//222 221//222 220//222
f 278//223 235//223 236//223
f 667//224 668//224 669//224
f 670//225 671//225 672//225
f 672//226 671//226 673//226
f 672//227 673//227 674//227
f 225//228 675//228 676//228
f 676//229 675//229 677//229
f 677//230 675//230 678//230
f 677//231 678//231 679//231
f 680//232 272//232 266//232
f 215//233 216//233 681//233
f 681//233 216//233 271//233
f 681//234 271//234 682//234
f 682//235 271//235 272//235
f 682//236 272//236 683//236
f 683//237 272//237 680//237
f 201//238 270//238 684//238
f 684//239 270//239 685//239
f 685//240 270//240 686//240
f 685//241 686//241 687//241
f 688//242 689//242 690//242
f 690//242 689//242 691//242
f 692//243 693//243 694//243
f 694//244 693//244 695//244
f 694//245 695//245 691//245
f 691//246 695//246 696//246
f 691//247 696//247 690//247
f 697//248 698//248 699//248
f 699//249 698//249 700//249
f 699//250 700//250 701//250
f 702//251 703//251 704//251
f 705//252 706//252 703//252
f 703//252 706//252 707//252
f 703//253 707//253 704//253
f 704//254 708//254 702//254
f 702//255 708//255 709//255
f 702//256 709//256 710//256
f 710//257 709//257 711//257
f 710//258 711//258 712//258
f 713//259 714//259 715//259
f 715//260 714//260 716//260
f 715//261 716//261 717//261
f 419//262 718//262 719//262
f 719//263 718//263 720//263
f 720//264 718//264 721//264
f 720//265 721//265 722//265
f 723//266 724//266 725//266
f 725//267 724//267 726//267
f 725//268 726//268 727//268
f 191//269 192//269 728//269
f 728//270 192//270 729//270
f 729//271 192//271 730//271
f 729//272 730//272 731//272
f 250//273 249//273 647//273
f 647//273 249//273 732//273
f 647//274 732//274 650//274
f 650//275 732//275 733//275
f 734//276 653//276 735//276
f 735//276 653//276 651//276
f 735//277 651//277 736//277
f 736//278 651//278 650//278
f 736//279 650//279 737//279
f 737//280 650//280 733//280
f 681//281 738//281 215//281
f 215//282 738//282 739//282
f 215//283 739//283 214//283
f 739//284 740//284 214//284
f 214//285 740//285 741//285
f 214//286 741//286 213//286
f 213//287 741//287 742//287
f 213//221 742//221 666//221
f 666//288 742//288 743//288
f 666//289 743//289 686//289
f 686//290 743//290 744//290
f 686//291 744//291 687//291
f 201//238 684//238 202//238
f 202//292 684//292 745//292
f 202//293 745//293 203//293
f 694//294 665//294 692//294
f 692//295 665//295 204//295
f 692//296 204//296 746//296
f 746//297 204//297 203//297
f 746//298 203//298 747//298
f 747//299 203//299 745//299
f 690//300 748//300 688//300
f 688//301 748//301 749//301
f 688//302 749//302 750//302
f 749//303 751//303 750//303
f 750//304 751//304 752//304
f 750//305 752//305 664//305
f 664//306 752//306 753//306
f 664//219 753//219 662//219
f 662//307 753//307 754//307
f 662//308 754//308 697//308
f 697//309 754//309 755//309
f 697//310 755//310 698//310
f 701//250 700//250 756//250
f 756//311 700//311 757//311
f 756//312 757//312 758//312
f 757//313 759//313 758//313
f 758//314 759//314 760//314
f 758//315 760//315 706//315
f 706//316 760//316 761//316
f 706//317 761//317 707//317
f 712//318 711//318 762//318
f 762//319 711//319 763//319
f 762//320 763//320 764//320
f 763//321 765//321 764//321
f 764//322 765//322 766//322
f 764//323 766//323 661//323
f 661//324 766//324 767//324
f 661//218 767//218 659//218
f 659//325 767//325 768//325
f 659//326 768//326 716//326
f 716//327 768//327 769//327
f 716//328 769//328 717//328
f 770//329 411//329 771//329
f 771//330 411//330 410//330
f 771//331 410//331 713//331
f 713//332 410//332 409//332
f 713//332 409//332 714//332
f 770//333 772//333 411//333
f 411//334 772//334 773//334
f 411//335 773//335 405//335
f 405//336 773//336 774//336
f 405//217 774//217 658//217
f 658//337 774//337 775//337
f 658//338 775//338 721//338
f 721//339 775//339 776//339
f 721//340 776//340 722//340
f 419//262 719//262 418//262
f 418//341 719//341 777//341
f 418//342 777//342 416//342
f 777//343 778//343 416//343
f 416//344 778//344 779//344
f 416//345 779//345 415//345
f 415//346 779//346 780//346
f 415//216 780//216 657//216
f 657//347 780//347 781//347
f 657//348 781//348 723//348
f 723//349 781//349 782//349
f 723//350 782//350 724//350
f 783//351 784//351 785//351
f 785//352 784//352 786//352
f 785//353 786//353 727//353
f 727//354 786//354 787//354
f 727//354 787//354 725//354
f 783//355 788//355 784//355
f 784//356 788//356 789//356
f 784//357 789//357 656//357
f 656//358 789//358 790//358
f 656//215 790//215 654//215
f 654//359 790//359 791//359
f 654//360 791//360 730//360
f 730//361 791//361 792//361
f 730//362 792//362 731//362
f 191//269 728//269 247//269
f 247//363 728//363 793//363
f 247//364 793//364 248//364
f 793//365 794//365 248//365
f 248//366 794//366 795//366
f 248//367 795//367 249//367
f 249//368 795//368 796//368
f 249//369 796//369 732//369
f 735//370 797//370 734//370
f 734//371 797//371 798//371
f 734//372 798//372 799//372
f 798//373 800//373 799//373
f 799//374 800//374 801//374
f 799//375 801//375 669//375
f 669//376 801//376 802//376
f 669//224 802//224 667//224
f 667//377 802//377 803//377
f 667//378 803//378 673//378
f 673//379 803//379 804//379
f 673//380 804//380 674//380
f 805//381 237//381 806//381
f 806//382 237//382 238//382
f 806//383 238//383 670//383
f 670//384 238//384 239//384
f 670//384 239//384 671//384
f 805//385 807//385 237//385
f 237//386 807//386 808//386
f 237//387 808//387 236//387
f 236//388 808//388 809//388
f 236//223 809//223 278//223
f 278//389 809//389 810//389
f 278//390 810//390 678//390
f 678//391 810//391 811//391
f 678//392 811//392 679//392
f 225//228 676//228 226//228
f 226//393 676//393 812//393
f 226//394 812//394 227//394
f 812//395 813//395 227//395
f 227//396 813//396 814//396
f 227//397 814//397 220//397
f 220//398 814//398 815//398
f 220//222 815//222 266//222
f 266//399 815//399 816//399
f 266//400 816//400 680//400
f 817//401 818//401 819//401
f 820//402 821//402 822//402
f 817//403 819//403 823//403
f 823//404 819//404 824//404
f 823//405 824//405 822//405
f 822//406 824//406 825//406
f 822//407 825//407 820//407
f 820//408 826//408 821//408
f 821//409 826//409 827//409
f 821//409 827//409 828//409
f 828//410 827//410 829//410
f 828//411 829//411 830//411
f 830//412 829//412 831//412
f 830//413 831//413 832//413
f 832//414 831//414 833//414
f 832//415 833//415 834//415
f 834//416 833//416 835//416
f 836//417 837//417 838//417
f 835//418 839//418 834//418
f 834//419 839//419 840//419
f 834//420 840//420 841//420
f 841//421 840//421 842//421
f 841//422 842//422 838//422
f 838//423 842//423 843//423
f 838//424 843//424 836//424
f 836//425 844//425 837//425
f 837//426 844//426 845//426
f 837//427 845//427 846//427
f 847//428 848//428 849//428
f 845//429 850//429 846//429
f 846//430 850//430 851//430
f 846//431 851//431 852//431
f 852//432 851//432 853//432
f 852//433 853//433 849//433
f 849//434 853//434 854//434
f 849//435 854//435 847//435
f 847//436 855//436 848//436
f 848//437 855//437 856//437
f 848//438 856//438 857//438
f 857//439 856//439 858//439
f 857//440 858//440 859//440
f 858//441 860//441 859//441
f 859//442 860//442 861//442
f 859//443 861//443 862//443
f 862//444 861//444 863//444
f 862//445 863//445 864//445
f 864//446 863//446 865//446
f 866//447 867//447 868//447
f 865//448 869//448 864//448
f 864//449 869//449 870//449
f 864//450 870//450 871//450
f 871//451 870//451 872//451
f 871//452 872//452 868//452
f 868//453 872//453 873//453
f 868//454 873//454 866//454
f 866//455 874//455 867//455
f 867//456 874//456 875//456
f 867//457 875//457 876//457
f 876//458 875//458 877//458
f 876//459 877//459 878//459
f 877//460 879//460 878//460
f 878//461 879//461 880//461
f 878//462 880//462 881//462
f 881//463 880//463 882//463
f 881//464 882//464 883//464
f 883//465 882//465 884//465
f 885//466 886//466 887//466
f 884//467 888//467 883//467
f 883//468 888//468 889//468
f 883//469 889//469 890//469
f 890//470 889//470 891//470
f 890//471 891//471 887//471
f 887//472 891//472 892//472
f 887//473 892//473 885//473
f 885//474 893//474 886//474
f 886//475 893//475 894//475
f 886//475 894//475 895//475
f 895//476 894//476 896//476
f 895//477 896//477 897//477
f 896//478 898//478 897//478
f 897//479 898//479 899//479
f 897//480 899//480 900//480
f 900//481 899//481 901//481
f 900//482 901//482 902//482
f 902//483 901//483 903//483
f 904//484 905//484 906//484
f 903//485 907//485 902//485
f 902//486 907//486 908//486
f 902//487 908//487 909//487
f 909//488 908//488 910//488
f 909//489 910//489 906//489
f 906//490 910//490 911//490
f 906//491 911//491 904//491
f 904//492 912//492 905//492
f 905//493 912//493 913//493
f 905//493 913//493 914//493
f 914//494 913//494 915//494
f 914//495 915//495 916//495
f 915//496 917//496 916//496
f 916//497 917//497 918//497
f 916//498 918//498 919//498
f 919//499 918//499 920//499
f 919//500 920//500 921//500
f 921//501 920//501 922//501
f 923//502 924//502 925//502
f 922//503 926//503 921//503
f 921//504 926//504 927//504
f 921//505 927//505 928//505
f 928//506 927//506 929//506
f 928//507 929//507 925//507
f 925//508 929//508 930//508
f 925//509 930//509 923//509
f 923//510 931//510 924//510
f 924//511 931//511 932//511
f 924//512 932//512 933//512
f 933//513 932//513 934//513
f 933//514 934//514 935//514
f 934//515 936//515 935//515
f 935//516 936//516 937//516
f 935//517 937//517 938//517
f 938//518 937//518 939//518
f 938//519 939//519 940//519
f 940//520 939//520 941//520
f 942//521 943//521 944//521
f 941//522 945//522 940//522
f 940//523 945//523 946//523
f 940//524 946//524 947//524
f 947//525 946//525 948//525
f 947//526 948//526 944//526
f 944//527 948//527 949//527
f 944//528 949//528 942//528
f 942//529 950//529 943//529
f 943//530 950//530 951//530
f 943//531 951//531 952//531
f 952//532 951//532 953//532
f 952//533 953//533 954//533
f 953//534 955//534 954//534
f 954//535 955//535 956//535
f 954//536 956//536 957//536
f 957//537 956//537 958//537
f 957//538 958//538 959//538
f 959//539 958//539 960//539
f 961//540 962//540 963//540
f 960//541 964//541 959//541
f 959//542 964//542 965//542
f 959//542 965//542 966//542
f 966//543 965//543 967//543
f 966//544 967//544 963//544
f 963//545 967//545 968//545
f 963//546 968//546 961//546
f 961//547 969//547 962//547
f 962//548 969//548 970//548
f 962//549 970//549 971//549
f 971//550 970//550 972//550
f 971//551 972//551 973//551
f 973//552 972//552 974//552
f 973//553 974//553 975//553
f 975//554 974//554 976//554
f 975//555 976//555 977//555
f 977//556 976//556 978//556
f 979//557 980//557 981//557
f 978//558 982//558 977//558
f 977//559 982//559 983//559
f 977//560 983//560 984//560
f 984//561 983//561 985//561
f 984//562 985//562 981//562
f 981//563 985//563 986//563
f 981//564 986//564 979//564
f 979//565 987//565 980//565
f 980//566 987//566 988//566
f 980//567 988//567 989//567
f 989//568 988//568 990//568
f 989//569 990//569 991//569
f 991//570 990//570 992//570
f 991//571 992//571 993//571
f 993//572 992//572 994//572
f 993//573 994//573 817//573
f 817//574 994//574 995//574
f 817//575 995//575 818//575
f 989//576 996//576 980//576
f 980//577 996//577 997//577
f 980//578 997//578 981//578
f 981//579 997//579 998//579
f 981//579 998//579 984//579
f 984//580 998//580 999//580
f 984//581 999//581 977//581
f 977//582 999//582 1000//582
f 977//582 1000//582 975//582
f 975//583 1000//583 1001//583
f 975//583 1001//583 973//583
f 973//584 1001//584 1002//584
f 973//584 1002//584 971//584
f 971//585 1002//585 1003//585
f 971//586 1003//586 962//586
f 962//587 1003//587 1004//587
f 962//588 1004//588 963//588
f 963//589 1004//589 1005//589
f 963//589 1005//589 966//589
f 966//590 1005//590 1006//590
f 966//591 1006//591 959//591
f 959//592 1006//592 1007//592
f 959//593 1007//593 957//593
f 957//594 1007//594 1008//594
f 957//594 1008//594 954//594
f 954//595 1008//595 1009//595
f 954//595 1009//595 952//595
f 952//596 1009//596 1010//596
f 952//597 1010//597 943//597
f 943//598 1010//598 1011//598
f 943//599 1011//599 944//599
f 944//600 1011//600 1012//600
f 944//600 1012//600 947//600
f 947//601 1012//601 1013//601
f 947//602 1013//602 940//602
f 940//603 1013//603 1014//603
f 940//604 1014//604 938//604
f 938//605 1014//605 1015//605
f 938//605 1015//605 935//605
f 935//606 1015//606 1016//606
f 935//607 1016//607 933//607
f 933//608 1016//608 1017//608
f 933//608 1017//608 924//608
f 924//609 1017//609 1018//609
f 924//609 1018//609 925//609
f 925//610 1018//610 1019//610
f 925//611 1019//611 928//611
f 928//612 1019//612 1020//612
f 928//613 1020//613 921//613
f 921//614 1020//614 1021//614
f 921//614 1021//614 919//614
f 919//615 1021//615 1022//615
f 919//616 1022//616 916//616
f 916//617 1022//617 1023//617
f 916//618 1023//618 914//618
f 914//619 1023//619 1024//619
f 914//620 1024//620 905//620
f 905//621 1024//621 1025//621
f 905//621 1025//621 906//621
f 906//622 1025//622 1026//622
f 906//622 1026//622 909//622
f 909//623 1026//623 1027//623
f 909//623 1027//623 902//623
f 902//624 1027//624 1028//624
f 902//625 1028//625 900//625
f 900//626 1028//626 1029//626
f 900//626 1029//626 897//626
f 897//627 1029//627 1030//627
f 897//628 1030//628 895//628
f 895//629 1030//629 1031//629
f 895//629 1031//629 886//629
f 886//630 1031//630 1032//630
f 886//630 1032//630 887//630
f 887//631 1032//631 1033//631
f 887//631 1033//631 890//631
f 890//632 1033//632 1034//632
f 890//633 1034//633 883//633
f 883//634 1034//634 1035//634
f 883//635 1035//635 881//635
f 881//636 1035//636 1036//636
f 881//637 1036//637 878//637
f 878//638 1036//638 1037//638
f 878//638 1037//638 876//638
f 876//639 1037//639 1038//639
f 876//640 1038//640 867//640
f 867//641 1038//641 1039//641
f 867//642 1039//642 868//642
f 868//643 1039//643 1040//643
f 868//643 1040//643 871//643
f 871//644 1040//644 1041//644
f 871//644 1041//644 864//644
f 864//645 1041//645 1042//645
f 864//646 1042//646 862//646
f 862//647 1042//647 1043//647
f 862//647 1043//647 859//647
f 859//648 1043//648 1044//648
f 859//649 1044//649 857//649
f 857//650 1044//650 1045//650
f 857//651 1045//651 848//651
f 848//652 1045//652 1046//652
f 848//653 1046//653 849//653
f 849//654 1046//654 1047//654
f 849//655 1047//655 852//655
f 852//656 1047//656 1048//656
f 852//657 1048//657 846//657
f 846//658 1048//658 1049//658
f 846//658 1049//658 837//658
f 837//659 1049//659 1050//659
f 837//659 1050//659 838//659
f 838//660 1050//660 1051//660
f 838//661 1051//661 841//661
f 841//662 1051//662 1052//662
f 841//663 1052//663 834//663
f 834//664 1052//664 1053//664
f 834//664 1053//664 832//664
f 832//665 1053//665 1054//665
f 832//666 1054//666 830//666
f 830//667 1054//667 1055//667
f 830//668 1055//668 828//668
f 828//669 1055//669 1056//669
f 828//670 1056//670 821//670
f 821//671 1056//671 1057//671
f 821//671 1057//671 822//671
f 822//672 1057//672 1058//672
f 822//672 1058//672 823//672
f 823//673 1058//673 1059//673
f 823//674 1059//674 817//674
f 817//675 1059//675 1060//675
f 817//675 1060//675 993//675
f 993//676 1060//676 1061//676
f 993//677 1061//677 991//677
f 991//678 1061//678 1062//678
f 991//679 1062//679 989//679
f 989//680 1062//680 996//680
f 1062//681 1063//681 996//681
f 996//682 1063//682 1064//682
f 996//683 1064//683 997//683
f 997//684 1064//684 1065//684
f 997//684 1065//684 998//684
f 998//685 1065//685 1066//685
f 998//686 1066//686 999//686
f 999//687 1066//687 1067//687
f 999//688 1067//688 1000//688
f 1000//689 1067//689 1068//689
f 1000//690 1068//690 1001//690
f 1001//691 1068//691 1069//691
f 1001//691 1069//691 1002//691
f 1002//692 1069//692 1070//692
f 1002//693 1070//693 1003//693
f 1003//694 1070//694 1071//694
f 1003//695 1071//695 1004//695
f 1004//696 1071//696 1072//696
f 1004//696 1072//696 1005//696
f 1005//697 1072//697 1073//697
f 1005//697 1073//697 1006//697
f 1006//698 1073//698 1074//698
f 1006//698 1074//698 1007//698
f 1007//699 1074//699 1075//699
f 1007//699 1075//699 1008//699
f 1008//700 1075//700 1076//700
f 1008//700 1076//700 1009//700
f 1009//701 1076//701 1077//701
f 1009//701 1077//701 1010//701
f 1010//702 1077//702 1078//702
f 1010//702 1078//702 1011//702
f 1011//703 1078//703 1079//703
f 1011//703 1079//703 1012//703
f 1012//704 1079//704 1080//704
f 1012//704 1080//704 1013//704
f 1013//705 1080//705 1081//705
f 1013//705 1081//705 1014//705
f 1014//706 1081//706 1082//706
f 1014//706 1082//706 1015//706
f 1015//707 1082//707 1083//707
f 1015//707 1083//707 1016//707
f 1016//708 1083//708 1084//708
f 1016//708 1084//708 1017//708
f 1017//709 1084//709 1085//709
f 1017//709 1085//709 1018//709
f 1018//710 1085//710 1086//710
f 1018//710 1086//710 1019//710
f 1019//711 1086//711 1087//711
f 1019//712 1087//712 1020//712
f 1020//713 1087//713 1088//713
f 1020//714 1088//714 1021//714
f 1021//715 1088//715 1089//715
f 1021//716 1089//716 1022//716
f 1022//717 1089//717 1090//717
f 1022//718 1090//718 1023//718
f 1023//719 1090//719 1091//719
f 1023//720 1091//720 1024//720
f 1024//721 1091//721 1092//721
f 1024//721 1092//721 1025//721
f 1025//722 1092//722 1093//722
f 1025//722 1093//722 1026//722
f 1026//723 1093//723 1094//723
f 1026//723 1094//723 1027//723
f 1027//724 1094//724 1095//724
f 1027//725 1095//725 1028//725
f 1028//726 1095//726 1096//726
f 1028//726 1096//726 1029//726
f 1029//727 1096//727 1097//727
f 1029//727 1097//727 1030//727
f 1030//728 1097//728 1098//728
f 1030//728 1098//728 1031//728
f 1031//729 1098//729 1099//729
f 1031//729 1099//729 1032//729
f 1032//730 1099//730 1100//730
f 1032//730 1100//730 1033//730
f 1033//731 1100//731 1101//731
f 1033//732 1101//732 1034//732
f 1034//733 1101//733 1102//733
f 1034//734 1102//734 1035//734
f 1035//735 1102//735 1103//735
f 1035//736 1103//736 1036//736
f 1036//737 1103//737 1104//737
f 1036//738 1104//738 1037//738
f 1037//739 1104//739 1105//739
f 1037//740 1105//740 1038//740
f 1038//741 1105//741 1106//741
f 1038//741 1106//741 1039//741
f 1039//742 1106//742 1107//742
f 1039//742 1107//742 1040//742
f 1040//743 1107//743 1108//743
f 1040//743 1108//743 1041//743
f 1041//744 1108//744 1109//744
f 1041//745 1109//745 1042//745
f 1042//746 1109//746 1110//746
f 1042//746 1110//746 1043//746
f 1043//747 1110//747 1111//747
f 1043//747 1111//747 1044//747
f 1044//748 1111//748 1112//748
f 1044//748 1112//748 1045//748
f 1045//749 1112//749 1113//749
f 1045//750 1113//750 1046//750
f 1046//751 1113//751 1114//751
f 1046//751 1114//751 1047//751
f 1047//752 1114//752 1115//752
f 1047//752 1115//752 1048//752
f 1048//753 1115//753 1116//753
f 1048//753 1116//753 1049//753
f 1049//754 1116//754 1117//754
f 1049//754 1117//754 1050//754
f 1050//755 1117//755 1118//755
f 1050//755 1118//755 1051//755
f 1051//756 1118//756 1119//756
f 1051//756 1119//756 1052//756
f 1052//757 1119//757 1120//757
f 1052//757 1120//757 1053//757
f 1053//758 1120//758 1121//758
f 1053//759 1121//759 1054//759
f 1054//760 1121//760 1122//760
f 1054//761 1122//761 1055//761
f 1055//762 1122//762 1123//762
f 1055//763 1123//763 1056//763
f 1056//764 1123//764 1124//764
f 1056//765 1124//765 1057//765
f 1057//766 1124//766 1125//766
f 1057//766 1125//766 1058//766
f 1058//767 1125//767 1126//767
f 1058//768 1126//768 1059//768
f 1059//769 1126//769 1127//769
f 1059//769 1127//769 1060//769
f 1060//770 1127//770 1128//770
f 1060//771 1128//771 1061//771
f 1061//772 1128//772 1129//772
f 1061//773 1129//773 1062//773
f 1062//774 1129//774 1063//774
f 1129//775 1130//775 1063//775
f 1063//776 1130//776 1131//776
f 1063//776 1131//776 1064//776
f 1064//777 1131//777 1132//777
f 1064//778 1132//778 1065//778
f 1065//779 1132//779 1133//779
f 1065//779 1133//779 1066//779
f 1066//780 1133//780 1134//780
f 1066//781 1134//781 1067//781
f 1067//782 1134//782 1135//782
f 1067//783 1135//783 1068//783
f 1068//784 1135//784 1136//784
f 1068//785 1136//785 1069//785
f 1069//786 1136//786 1137//786
f 1069//786 1137//786 1070//786
f 1070//787 1137//787 1138//787
f 1070//788 1138//788 1071//788
f 1071//789 1138//789 1139//789
f 1071//789 1139//789 1072//789
f 1072//790 1139//790 1140//790
f 1072//791 1140//791 1073//791
f 1073//792 1140//792 1141//792
f 1073//793 1141//793 1074//793
f 1074//794 1141//794 1142//794
f 1074//794 1142//794 1075//794
f 1075//795 1142//795 1143//795
f 1075//796 1143//796 1076//796
f 1076//797 1143//797 1144//797
f 1076//798 1144//798 1077//798
f 1077//799 1144//799 1145//799
f 1077//799 1145//799 1078//799
f 1078//800 1145//800 1146//800
f 1078//800 1146//800 1079//800
f 1079//801 1146//801 1147//801
f 1079//802 1147//802 1080//802
f 1080//803 1147//803 1148//803
f 1080//804 1148//804 1081//804
f 1081//805 1148//805 1149//805
f 1081//805 1149//805 1082//805
f 1082//806 1149//806 1150//806
f 1082//806 1150//806 1083//806
f 1083//807 1150//807 1151//807
f 1083//808 1151//808 1084//808
f 1084//809 1151//809 1152//809
f 1084//810 1152//810 1085//810
f 1085//811 1152//811 1153//811
f 1085//812 1153//812 1086//812
f 1086//813 1153//813 1154//813
f 1086//814 1154//814 1087//814
f 1087//815 1154//815 1155//815
f 1087//816 1155//816 1088//816
f 1088//817 1155//817 1156//817
f 1088//818 1156//818 1089//818
f 1089//819 1156//819 1157//819
f 1089//820 1157//820 1090//820
f 1090//821 1157//821 1158//821
f 1090//822 1158//822 1091//822
f 1091//823 1158//823 1159//823
f 1091//823 1159//823 1092//823
f 1092//824 1159//824 1160//824
f 1092//825 1160//825 1093//825
f 1093//826 1160//826 1161//826
f 1093//827 1161//827 1094//827
f 1094//828 1161//828 1162//828
f 1094//829 1162//829 1095//829
f 1095//830 1162//830 1163//830
f 1095//830 1163//830 1096//830
f 1096//831 1163//831 1164//831
f 1096//832 1164//832 1097//832
f 1097//833 1164//833 1165//833
f 1097//834 1165//834 1098//834
f 1098//835 1165//835 1166//835
f 1098//836 1166//836 1099//836
f 1099//837 1166//837 1167//837
f 1099//837 1167//837 1100//837
f 1100//838 1167//838 1168//838
f 1100//838 1168//838 1101//838
f 1101//839 1168//839 1169//839
f 1101//839 1169//839 1102//839
f 1102//840 1169//840 1170//840
f 1102//841 1170//841 1103//841
f 1103//842 1170//842 1171//842
f 1103//843 1171//843 1104//843
f 1104//844 1171//844 1172//844
f 1104//845 1172//845 1105//845
f 1105//846 1172//846 1173//846
f 1105//847 1173//847 1106//847
f 1106//848 1173//848 1174//848
f 1106//849 1174//849 1107//849
f 1107//850 1174//850 1175//850
f 1107//851 1175//851 1108//851
f 1108//852 1175//852 1176//852
f 1108//853 1176//853 1109//853
f 1109//854 1176//854 1177//854
f 1109//855 1177//855 1110//855
f 1110//856 1177//856 1178//856
f 1110//857 1178//857 1111//857
f 1111//858 1178//858 1179//858
f 1111//859 1179//859 1112//859
f 1112//860 1179//860 1180//860
f 1112//861 1180//861 1113//861
f 1113//862 1180//862 1181//862
f 1113//862 1181//862 1114//862
f 1114//863 1181//863 1182//863
f 1114//863 1182//863 1115//863
f 1115//864 1182//864 1183//864
f 1115//865 1183//865 1116//865
f 1116//866 1183//866 1184//866
f 1116//867 1184//867 1117//867
f 1117//868 1184//868 1185//868
f 1117//869 1185//869 1118//869
f 1118//870 1185//870 1186//870
f 1118//871 1186//871 1119//871
f 1119//872 1186//872 1187//872
f 1119//872 1187//872 1120//872
f 1120//873 1187//873 1188//873
f 1120//874 1188//874 1121//874
f 1121//875 1188//875 1189//875
f 1121//875 1189//875 1122//875
f 1122//876 1189//876 1190//876
f 1122//877 1190//877 1123//877
f 1123//878 1190//878 1191//878
f 1123//878 1191//878 1124//878
f 1124//879 1191//879 1192//879
f 1124//880 1192//880 1125//880
f 1125//881 1192//881 1193//881
f 1125//881 1193//881 1126//881
f 1126//882 1193//882 1194//882
f 1126//882 1194//882 1127//882
f 1127//883 1194//883 1195//883
f 1127//883 1195//883 1128//883
f 1128//884 1195//884 1196//884
f 1128//884 1196//884 1129//884
f 1129//775 1196//775 1130//775
f 1196//885 1197//885 1130//885
f 1130//886 1197//886 1198//886
f 1130//887 1198//887 1131//887
f 1131//888 1198//888 1199//888
f 1131//888 1199//888 1132//888
f 1132//889 1199//889 1200//889
f 1132//890 1200//890 1133//890
f 1133//891 1200//891 1201//891
f 1133//892 1201//892 1134//892
f 1134//893 1201//893 1202//893
f 1134//893 1202//893 1135//893
f 1135//894 1202//894 1203//894
f 1135//895 1203//895 1136//895
f 1136//896 1203//896 1204//896
f 1136//897 1204//897 1137//897
f 1137//898 1204//898 1205//898
f 1137//899 1205//899 1138//899
f 1138//900 1205//900 1206//900
f 1138//901 1206//901 1139//901
f 1139//902 1206//902 1207//902
f 1139//902 1207//902 1140//902
f 1140//903 1207//903 1208//903
f 1140//903 1208//903 1141//903
f 1141//904 1208//904 1209//904
f 1141//904 1209//904 1142//904
f 1142//905 1209//905 1210//905
f 1142//906 1210//906 1143//906
f 1143//907 1210//907 1211//907
f 1143//908 1211//908 1144//908
f 1144//909 1211//909 1212//909
f 1144//909 1212//909 1145//909
f 1145//910 1212//910 1213//910
f 1145//910 1213//910 1146//910
f 1146//911 1213//911 1214//911
f 1146//912 1214//912 1147//912
f 1147//913 1214//913 1215//913
f 1147//913 1215//913 1148//913
f 1148//914 1215//914 1216//914
f 1148//914 1216//914 1149//914
f 1149//915 1216//915 1217//915
f 1149//915 1217//915 1150//915
f 1150//916 1217//916 1218//916
f 1150//916 1218//916 1151//916
f 1151//917 1218//917 1219//917
f 1151//917 1219//917 1152//917
f 1152//918 1219//918 1220//918
f 1152//919 1220//919 1153//919
f 1153//920 1220//920 1221//920
f 1153//921 1221//921 1154//921
f 1154//922 1221//922 1222//922
f 1154//923 1222//923 1155//923
f 1155//924 1222//924 1223//924
f 1155//924 1223//924 1156//924
f 1156//925 1223//925 1224//925
f 1156//925 1224//925 1157//925
f 1157//926 1224//926 1225//926
f 1157//927 1225//927 1158//927
f 1158//928 1225//928 1226//928
f 1158//929 1226//929 1159//929
f 1159//930 1226//930 1227//930
f 1159//931 1227//931 1160//931
f 1160//932 1227//932 1228//932
f 1160//932 1228//932 1161//932
f 1161//933 1228//933 1229//933
f 1161//934 1229//934 1162//934
f 1162//935 1229//935 1230//935
f 1162//935 1230//935 1163//935
f 1163//936 1230//936 1231//936
f 1163//937 1231//937 1164//937
f 1164//938 1231//938 1232//938
f 1164//938 1232//938 1165//938
f 1165//939 1232//939 1233//939
f 1165//940 1233//940 1166//940
f 1166//941 1233//941 1234//941
f 1166//942 1234//942 1167//942
f 1167//943 1234//943 1235//943
f 1167//943 1235//943 1168//943
f 1168//944 1235//944 1236//944
f 1168//945 1236//945 1169//945
f 1169//946 1236//946 1237//946
f 1169//946 1237//946 1170//946
f 1170//947 1237//947 1238//947
f 1170//948 1238//948 1171//948
f 1171//949 1238//949 1239//949
f 1171//950 1239//950 1172//950
f 1172//951 1239//951 1240//951
f 1172//952 1240//952 1173//952
f 1173//953 1240//953 1241//953
f 1173//953 1241//953 1174//953
f 1174//954 1241//954 1242//954
f 1174//954 1242//954 1175//954
f 1175//955 1242//955 1243//955
f 1175//955 1243//955 1176//955
f 1176//956 1243//956 1244//956
f 1176//956 1244//956 1177//956
f 1177//957 1244//957 1245//957
f 1177//957 1245//957 1178//957
f 1178//958 1245//958 1246//958
f 1178//959 1246//959 1179//959
f 1179//960 1246//960 1247//960
f 1179//960 1247//960 1180//960
f 1180//961 1247//961 1248//961
f 1180//961 1248//961 1181//961
f 1181//962 1248//962 1249//962
f 1181//963 1249//963 1182//963
f 1182//964 1249//964 1250//964
f 1182//965 1250//965 1183//965
f 1183//966 1250//966 1251//966
f 1183//967 1251//967 1184//967
f 1184//968 1251//968 1252//968
f 1184//968 1252//968 1185//968
f 1185//969 1252//969 1253//969
f 1185//969 1253//969 1186//969
f 1186//970 1253//970 1254//970
f 1186//971 1254//971 1187//971
f 1187//972 1254//972 1255//972
f 1187//973 1255//973 1188//973
f 1188//974 1255//974 1256//974
f 1188//975 1256//975 1189//975
f 1189//976 1256//976 1257//976
f 1189//977 1257//977 1190//977
f 1190//978 1257//978 1258//978
f 1190//978 1258//978 1191//978
f 1191//979 1258//979 1259//979
f 1191//979 1259//979 1192//979
f 1192//980 1259//980 1260//980
f 1192//981 1260//981 1193//981
f 1193//982 1260//982 1261//982
f 1193//983 1261//983 1194//983
f 1194//984 1261//984 1262//984
f 1194//984 1262//984 1195//984
f 1195//985 1262//985 1263//985
f 1195//986 1263//986 1196//986
f 1196//987 1263//987 1197//987
f 1263//988 1264//988 1197//988
f 1197//989 1264//989 1265//989
f 1197//989 1265//989 1198//989
f 1198//990 1265//990 1266//990
f 1198//991 1266//991 1199//991
f 1199//992 1266//992 1267//992
f 1199//993 1267//993 1200//993
f 1200//994 1267//994 1268//994
f 1200//994 1268//994 1201//994
f 1201//995 1268//995 1269//995
f 1201//995 1269//995 1202//995
f 1202//996 1269//996 1270//996
f 1202//996 1270//996 1203//996
f 1203//997 1270//997 1271//997
f 1203//997 1271//997 1204//997
f 1204//998 1271//998 1272//998
f 1204//999 1272//999 1205//999
f 1205//1000 1272//1000 1273//1000
f 1205//1001 1273//1001 1206//1001
f 1206//1002 1273//1002 1274//1002
f 1206//1003 1274//1003 1207//1003
f 1207//1004 1274//1004 1275//1004
f 1207//1004 1275//1004 1208//1004
f 1208//1005 1275//1005 1276//1005
f 1208//1005 1276//1005 1209//1005
f 1209//1006 1276//1006 1277//1006
f 1209//1006 1277//1006 1210//1006
f 1210//1007 1277//1007 1278//1007
f 1210//1007 1278//1007 1211//1007
f 1211//1008 1278//1008 1279//1008
f 1211//1009 1279//1009 1212//1009
f 1212//1010 1279//1010 1280//1010
f 1212//1010 1280//1010 1213//1010
f 1213//1011 1280//1011 1281//1011
f 1213//1011 1281//1011 1214//1011
f 1214//1012 1281//1012 1282//1012
f 1214//1012 1282//1012 1215//1012
f 1215//1013 1282//1013 1283//1013
f 1215//1013 1283//1013 1216//1013
f 1216//1014 1283//1014 1284//1014
f 1216//1014 1284//1014 1217//1014
f 1217//1015 1284//1015 1285//1015
f 1217//1016 1285//1016 1218//1016
f 1218//1017 1285//1017 1286//1017
f 1218//1017 1286//1017 1219//1017
f 1219//1018 1286//1018 1287//1018
f 1219//1018 1287//1018 1220//1018
f 1220//1019 1287//1019 1288//1019
f 1220//1020 1288//1020 1221//1020
f 1221//1021 1288//1021 1289//1021
f 1221//1021 1289//1021 1222//1021
f 1222//1022 1289//1022 1290//1022
f 1222//1022 1290//1022 1223//1022
f 1223//1023 1290//1023 1291//1023
f 1223//1023 1291//1023 1224//1023
f 1224//1024 1291//1024 1292//1024
f 1224//1024 1292//1024 1225//1024
f 1225//1025 1292//1025 1293//1025
f 1225//1025 1293//1025 1226//1025
f 1226//1026 1293//1026 1294//1026
f 1226//1026 1294//1026 1227//1026
f 1227//1027 1294//1027 1295//1027
f 1227//1028 1295//1028 1228//1028
f 1228//1029 1295//1029 1296//1029
f 1228//1030 1296//1030 1229//1030
f 1229//1031 1296//1031 1297//1031
f 1229//1032 1297//1032 1230//1032
f 1230//1033 1297//1033 1298//1033
f 1230//1034 1298//1034 1231//1034
f 1231//1035 1298//1035 1299//1035
f 1231//1035 1299//1035 1232//1035
f 1232//1036 1299//1036 1300//1036
f 1232//1036 1300//1036 1233//1036
f 1233//1037 1300//1037 1301//1037
f 1233//1037 1301//1037 1234//1037
f 1234//1038 1301//1038 1302//1038
f 1234//1038 1302//1038 1235//1038
f 1235//1039 1302//1039 1303//1039
f 1235//1039 1303//1039 1236//1039
f 1236//1040 1303//1040 1304//1040
f 1236//1040 1304//1040 1237//1040
f 1237//1041 1304//1041 1305//1041
f 1237//1041 1305//1041 1238//1041
f 1238//1042 1305//1042 1306//1042
f 1238//1043 1306//1043 1239//1043
f 1239//1044 1306//1044 1307//1044
f 1239//1044 1307//1044 1240//1044
f 1240//1045 1307//1045 1308//1045
f 1240//1045 1308//1045 1241//1045
f 1241//1046 1308//1046 1309//1046
f 1241//1046 1309//1046 1242//1046
f 1242//1047 1309//1047 1310//1047
f 1242//1047 1310//1047 1243//1047
f 1243//1048 1310//1048 1311//1048
f 1243//1048 1311//1048 1244//1048
f 1244//1049 1311//1049 1312//1049
f 1244//1049 1312//1049 1245//1049
f 1245//1050 1312//1050 1313//1050
f 1245//1050 1313//1050 1246//1050
f 1246//1051 1313//1051 1314//1051
f 1246//1051 1314//1051 1247//1051
f 1247//1052 1314//1052 1315//1052
f 1247//1053 1315//1053 1248//1053
f 1248//1054 1315//1054 1316//1054
f 1248//1054 1316//1054 1249//1054
f 1249//1055 1316//1055 1317//1055
f 1249//1055 1317//1055 1250//1055
f 1250//1056 1317//1056 1318//1056
f 1250//1056 1318//1056 1251//1056
f 1251//1057 1318//1057 1319//1057
f 1251//1057 1319//1057 1252//1057
f 1252//1058 1319//1058 1320//1058
f 1252//1059 1320//1059 1253//1059
f 1253//1060 1320//1060 1321//1060
f 1253//1061 1321//1061 1254//1061
f 1254//1062 1321//1062 1322//1062
f 1254//1063 1322//1063 1255//1063
f 1255//1064 1322//1064 1323//1064
f 1255//1064 1323//1064 1256//1064
f 1256//1065 1323//1065 1324//1065
f 1256//1065 1324//1065 1257//1065
f 1257//1066 1324//1066 1325//1066
f 1257//1067 1325//1067 1258//1067
f 1258//1068 1325//1068 1326//1068
f 1258//1068 1326//1068 1259//1068
f 1259//1069 1326//1069 1327//1069
f 1259//1070 1327//1070 1260//1070
f 1260//1071 1327//1071 1328//1071
f 1260//1072 1328//1072 1261//1072
f 1261//1073 1328//1073 1329//1073
f 1261//1073 1329//1073 1262//1073
f 1262//1074 1329//1074 1330//1074
f 1262//1075 1330//1075 1263//1075
f 1263//1076 1330//1076 1264//1076
f 1330//1077 1331//1077 1264//1077
f 1264//1078 1331//1078 1332//1078
f 1264//1079 1332//1079 1265//1079
f 1265//1080 1332//1080 1333//1080
f 1265//1081 1333//1081 1266//1081
f 1266//1082 1333//1082 1334//1082
f 1266//1083 1334//1083 1267//1083
f 1267//1084 1334//1084 1335//1084
f 1267//1085 1335//1085 1268//1085
f 1268//1086 1335//1086 1336//1086
f 1268//1086 1336//1086 1269//1086
f 1269//1087 1336//1087 1337//1087
f 1269//1088 1337//1088 1270//1088
f 1270//1089 1337//1089 1338//1089
f 1270//1090 1338//1090 1271//1090
f 1271//1091 1338//1091 1339//1091
f 1271//1092 1339//1092 1272//1092
f 1272//1093 1339//1093 1340//1093
f 1272//1093 1340//1093 1273//1093
f 1273//1094 1340//1094 1341//1094
f 1273//1095 1341//1095 1274//1095
f 1274//1096 1341//1096 1342//1096
f 1274//1097 1342//1097 1275//1097
f 1275//1098 1342//1098 1343//1098
f 1275//1099 1343//1099 1276//1099
f 1276//1100 1343//1100 1344//1100
f 1276//1101 1344//1101 1277//1101
f 1277//1102 1344//1102 1345//1102
f 1277//1103 1345//1103 1278//1103
f 1278//1104 1345//1104 1346//1104
f 1278//1104 1346//1104 1279//1104
f 1279//1105 1346//1105 1347//1105
f 1279//1105 1347//1105 1280//1105
f 1280//1106 1347//1106 1348//1106
f 1280//1106 1348//1106 1281//1106
f 1281//1107 1348//1107 1349//1107
f 1281//1107 1349//1107 1282//1107
f 1282//1108 1349//1108 1350//1108
f 1282//1109 1350//1109 1283//1109
f 1283//1110 1350//1110 1351//1110
f 1283//1110 1351//1110 1284//1110
f 1284//1111 1351//1111 1352//1111
f 1284//1111 1352//1111 1285//1111
f 1285//1112 1352//1112 1353//1112
f 1285//1112 1353//1112 1286//1112
f 1286//1113 1353//1113 1354//1113
f 1286//1114 1354//1114 1287//1114
f 1287//1115 1354//1115 1355//1115
f 1287//1116 1355//1116 1288//1116
f 1288//1117 1355//1117 1356//1117
f 1288//1117 1356//1117 1289//1117
f 1289//1118 1356//1118 1357//1118
f 1289//1118 1357//1118 1290//1118
f 1290//1119 1357//1119 1358//1119
f 1290//1119 1358//1119 1291//1119
f 1291//1120 1358//1120 1359//1120
f 1291//1121 1359//1121 1292//1121
f 1292//1122 1359//1122 1360//1122
f 1292//1123 1360//1123 1293//1123
f 1293//1124 1360//1124 1361//1124
f 1293//1125 1361//1125 1294//1125
f 1294//1126 1361//1126 1362//1126
f 1294//1127 1362//1127 1295//1127
f 1295//1128 1362//1128 1363//1128
f 1295//1129 1363//1129 1296//1129
f 1296//1130 1363//1130 1364//1130
f 1296//1130 1364//1130 1297//1130
f 1297//1131 1364//1131 1365//1131
f 1297//1132 1365//1132 1298//1132
f 1298//1133 1365//1133 1366//1133
f 1298//1134 1366//1134 1299//1134
f 1299//1135 1366//1135 1367//1135
f 1299//1136 1367//1136 1300//1136
f 1300//1137 1367//1137 1368//1137
f 1300//1138 1368//1138 1301//1138
f 1301//1139 1368//1139 1369//1139
f 1301//1139 1369//1139 1302//1139
f 1302//1140 1369//1140 1370//1140
f 1302//1140 1370//1140 1303//1140
f 1303//1141 1370//1141 1371//1141
f 1303//1141 1371//1141 1304//1141
f 1304//1142 1371//1142 1372//1142
f 1304//1142 1372//1142 1305//1142
f 1305//1143 1372//1143 1373//1143
f 1305//1144 1373//1144 1306//1144
f 1306//1145 1373//1145 1374//1145
f 1306//1146 1374//1146 1307//1146
f 1307//1147 1374//1147 1375//1147
f 1307//1147 1375//1147 1308//1147
f 1308//1148 1375//1148 1376//1148
f 1308//1148 1376//1148 1309//1148
f 1309//1149 1376//1149 1377//1149
f 1309//1149 1377//1149 1310//1149
f 1310//1150 1377//1150 1378//1150
f 1310//1151 1378//1151 1311//1151
f 1311//1152 1378//1152 1379//1152
f 1311//1152 1379//1152 1312//1152
f 1312//1153 1379//1153 1380//1153
f 1312//1153 1380//1153 1313//1153
f 1313//1154 1380//1154 1381//1154
f 1313//1154 1381//1154 1314//1154
f 1314//1155 1381//1155 1382//1155
f 1314//1155 1382//1155 1315//1155
f 1315//1156 1382//1156 1383//1156
f 1315//1157 1383//1157 1316//1157
f 1316//1158 1383//1158 1384//1158
f 1316//1159 1384//1159 1317//1159
f 1317//1160 1384//1160 1385//1160
f 1317//1161 1385//1161 1318//1161
f 1318//1162 1385//1162 1386//1162
f 1318//1163 1386//1163 1319//1163
f 1319//1164 1386//1164 1387//1164
f 1319//1165 1387//1165 1320//1165
f 1320//1166 1387//1166 1388//1166
f 1320//1166 1388//1166 1321//1166
f 1321//1167 1388//1167 1389//1167
f 1321//1168 1389//1168 1322//1168
f 1322//1169 1389//1169 1390//1169
f 1322//1170 1390//1170 1323//1170
f 1323//1171 1390//1171 1391//1171
f 1323//1172 1391//1172 1324//1172
f 1324//1173 1391//1173 1392//1173
f 1324//1174 1392//1174 1325//1174
f 1325//1175 1392//1175 1393//1175
f 1325//1175 1393//1175 1326//1175
f 1326//1176 1393//1176 1394//1176
f 1326//1177 1394//1177 1327//1177
f 1327//1178 1394//1178 1395//1178
f 1327//1179 1395//1179 1328//1179
f 1328//1180 1395//1180 1396//1180
f 1328//1180 1396//1180 1329//1180
f 1329//1181 1396//1181 1397//1181
f 1329//1182 1397//1182 1330//1182
f 1330//1077 1397//1077 1331//1077
f 1397//1183 1398//1183 1331//1183
f 1331//1184 1398//1184 1399//1184
f 1331//1184 1399//1184 1332//1184
f 1332//1185 1399//1185 1400//1185
f 1332//1186 1400//1186 1333//1186
f 1333//1187 1400//1187 1401//1187
f 1333//1187 1401//1187 1334//1187
f 1334//1188 1401//1188 1402//1188
f 1334//1189 1402//1189 1335//1189
f 1335//1190 1402//1190 1403//1190
f 1335//1190 1403//1190 1336//1190
f 1336//1191 1403//1191 1404//1191
f 1336//1191 1404//1191 1337//1191
f 1337//1192 1404//1192 1405//1192
f 1337//1192 1405//1192 1338//1192
f 1338//1193 1405//1193 1406//1193
f 1338//1193 1406//1193 1339//1193
f 1339//1194 1406//1194 1407//1194
f 1339//1194 1407//1194 1340//1194
f 1340//1195 1407//1195 1408//1195
f 1340//1196 1408//1196 1341//1196
f 1341//1197 1408//1197 1409//1197
f 1341//1197 1409//1197 1342//1197
f 1342//1198 1409//1198 1410//1198
f 1342//1199 1410//1199 1343//1199
f 1343//1200 1410//1200 1411//1200
f 1343//1200 1411//1200 1344//1200
f 1344//1201 1411//1201 1412//1201
f 1344//1201 1412//1201 1345//1201
f 1345//1202 1412//1202 1413//1202
f 1345//1202 1413//1202 1346//1202
f 1346//1203 1413//1203 1414//1203
f 1346//1203 1414//1203 1347//1203
f 1347//1204 1414//1204 1415//1204
f 1347//1204 1415//1204 1348//1204
f 1348//1205 1415//1205 1416//1205
f 1348//1205 1416//1205 1349//1205
f 1349//1206 1416//1206 1417//1206
f 1349//1206 1417//1206 1350//1206
f 1350//1207 1417//1207 1418//1207
f 1350//1207 1418//1207 1351//1207
f 1351//1208 1418//1208 1419//1208
f 1351//1208 1419//1208 1352//1208
f 1352//1209 1419//1209 1420//1209
f 1352//1209 1420//1209 1353//1209
f 1353//1210 1420//1210 1421//1210
f 1353//1210 1421//1210 1354//1210
f 1354//1211 1421//1211 1422//1211
f 1354//1211 1422//1211 1355//1211
f 1355//1212 1422//1212 1423//1212
f 1355//1212 1423//1212 1356//1212
f 1356//1213 1423//1213 1424//1213
f 1356//1213 1424//1213 1357//1213
f 1357//1214 1424//1214 1425//1214
f 1357//1215 1425//1215 1358//1215
f 1358//1216 1425//1216 1426//1216
f 1358//1216 1426//1216 1359//1216
f 1359//1217 1426//1217 1427//1217
f 1359//1218 1427//1218 1360//1218
f 1360//1219 1427//1219 1428//1219
f 1360//1219 1428//1219 1361//1219
f 1361//1220 1428//1220 1429//1220
f 1361//1220 1429//1220 1362//1220
f 1362//1221 1429//1221 1430//1221
f 1362//1221 1430//1221 1363//1221
f 1363//1222 1430//1222 1431//1222
f 1363//1222 1431//1222 1364//1222
f 1364//1223 1431//1223 1432//1223
f 1364//1223 1432//1223 1365//1223
f 1365//1224 1432//1224 1433//1224
f 1365//1224 1433//1224 1366//1224
f 1366//1225 1433//1225 1434//1225
f 1366//1225 1434//1225 1367//1225
f 1367//1226 1434//1226 1435//1226
f 1367//1227 1435//1227 1368//1227
f 1368//1228 1435//1228 1436//1228
f 1368//1228 1436//1228 1369//1228
f 1369//1229 1436//1229 1437//1229
f 1369//1230 1437//1230 1370//1230
f 1370//1231 1437//1231 1438//1231
f 1370//1231 1438//1231 1371//1231
f 1371//1232 1438//1232 1439//1232
f 1371//1232 1439//1232 1372//1232
f 1372//1233 1439//1233 1440//1233
f 1372//1233 1440//1233 1373//1233
f 1373//1234 1440//1234 1441//1234
f 1373//1234 1441//1234 1374//1234
f 1374//1235 1441//1235 1442//1235
f 1374//1235 1442//1235 1375//1235
f 1375//1236 1442//1236 1443//1236
f 1375//1236 1443//1236 1376//1236
f 1376//1237 1443//1237 1444//1237
f 1376//1237 1444//1237 1377//1237
f 1377//1238 1444//1238 1445//1238
f 1377//1238 1445//1238 1378//1238
f 1378//1239 1445//1239 1446//1239
f 1378//1239 1446//1239 1379//1239
f 1379//1240 1446//1240 1447//1240
f 1379//1240 1447//1240 1380//1240
f 1380//1241 1447//1241 1448//1241
f 1380//1241 1448//1241 1381//1241
f 1381//1242 1448//1242 1449//1242
f 1381//1242 1449//1242 1382//1242
f 1382//1243 1449//1243 1450//1243
f 1382//1243 1450//1243 1383//1243
f 1383//1244 1450//1244 1451//1244
f 1383//1244 1451//1244 1384//1244
f 1384//1245 1451//1245 1452//1245
f 1384//1246 1452//1246 1385//1246
f 1385//1247 1452//1247 1453//1247
f 1385//1247 1453//1247 1386//1247
f 1386//1248 1453//1248 1454//1248
f 1386//1249 1454//1249 1387//1249
f 1387//1250 1454//1250 1455//1250
f 1387//1250 1455//1250 1388//1250
f 1388//1251 1455//1251 1456//1251
f 1388//1251 1456//1251 1389//1251
f 1389//1252 1456//1252 1457//1252
f 1389//1252 1457//1252 1390//1252
f 1390//1253 1457//1253 1458//1253
f 1390//1253 1458//1253 1391//1253
f 1391//1254 1458//1254 1459//1254
f 1391//1254 1459//1254 1392//1254
f 1392//1255 1459//1255 1460//1255
f 1392//1256 1460//1256 1393//1256
f 1393//1257 1460//1257 1461//1257
f 1393//1257 1461//1257 1394//1257
f 1394//1258 1461//1258 1462//1258
f 1394//1259 1462//1259 1395//1259
f 1395//1260 1462//1260 1463//1260
f 1395//1260 1463//1260 1396//1260
f 1396//1261 1463//1261 1464//1261
f 1396//1261 1464//1261 1397//1261
f 1397//1183 1464//1183 1398//1183
f 1464//1262 1465//1262 1398//1262
f 1398//1263 1465//1263 1466//1263
f 1398//1263 1466//1263 1399//1263
f 1399//1264 1466//1264 1467//1264
f 1399//1265 1467//1265 1400//1265
f 1400//1266 1467//1266 1468//1266
f 1400//1266 1468//1266 1401//1266
f 1401//1267 1468//1267 1469//1267
f 1401//1267 1469//1267 1402//1267
f 1402//1268 1469//1268 1470//1268
f 1402//1268 1470//1268 1403//1268
f 1403//1269 1470//1269 1471//1269
f 1403//1269 1471//1269 1404//1269
f 1404//1270 1471//1270 1472//1270
f 1404//1271 1472//1271 1405//1271
f 1405//1272 1472//1272 1473//1272
f 1405//1272 1473//1272 1406//1272
f 1406//1273 1473//1273 1474//1273
f 1406//1273 1474//1273 1407//1273
f 1407//1274 1474//1274 1475//1274
f 1407//1274 1475//1274 1408//1274
f 1408//1275 1475//1275 1476//1275
f 1408//1275 1476//1275 1409//1275
f 1409//1276 1476//1276 1477//1276
f 1409//1276 1477//1276 1410//1276
f 1410//1277 1477//1277 1478//1277
f 1410//1277 1478//1277 1411//1277
f 1411//1278 1478//1278 1479//1278
f 1411//1278 1479//1278 1412//1278
f 1412//1279 1479//1279 1480//1279
f 1412//1279 1480//1279 1413//1279
f 1413//1280 1480//1280 1481//1280
f 1413//1280 1481//1280 1414//1280
f 1414//1281 1481//1281 1482//1281
f 1414//1281 1482//1281 1415//1281
f 1415//1282 1482//1282 1483//1282
f 1415//1282 1483//1282 1416//1282
f 1416//1283 1483//1283 1484//1283
f 1416//1283 1484//1283 1417//1283
f 1417//1284 1484//1284 1485//1284
f 1417//1284 1485//1284 1418//1284
f 1418//1285 1485//1285 1486//1285
f 1418//1285 1486//1285 1419//1285
f 1419//1286 1486//1286 1487//1286
f 1419//1286 1487//1286 1420//1286
f 1420//1287 1487//1287 1488//1287
f 1420//1287 1488//1287 1421//1287
f 1421//1288 1488//1288 1489//1288
f 1421//1288 1489//1288 1422//1288
f 1422//1289 1489//1289 1490//1289
f 1422//1289 1490//1289 1423//1289
f 1423//1290 1490//1290 1491//1290
f 1423//1290 1491//1290 1424//1290
f 1424//1291 1491//1291 1492//1291
f 1424//1291 1492//1291 1425//1291
f 1425//1292 1492//1292 1493//1292
f 1425//1292 1493//1292 1426//1292
f 1426//1293 1493//1293 1494//1293
f 1426//1293 1494//1293 1427//1293
f 1427//1294 1494//1294 1495//1294
f 1427//1294 1495//1294 1428//1294
f 1428//1295 1495//1295 1496//1295
f 1428//1295 1496//1295 1429//1295
f 1429//1296 1496//1296 1497//1296
f 1429//1296 1497//1296 1430//1296
f 1430//1297 1497//1297 1498//1297
f 1430//1297 1498//1297 1431//1297
f 1431//1298 1498//1298 1499//1298
f 1431//1298 1499//1298 1432//1298
f 1432//1299 1499//1299 1500//1299
f 1432//1299 1500//1299 1433//1299
f 1433//1300 1500//1300 1501//1300
f 1433//1300 1501//1300 1434//1300
f 1434//1301 1501//1301 1502//1301
f 1434//1301 1502//1301 1435//1301
f 1435//1302 1502//1302 1503//1302
f 1435//1302 1503//1302 1436//1302
f 1436//1303 1503//1303 1504//1303
f 1436//1303 1504//1303 1437//1303
f 1437//1304 1504//1304 1505//1304
f 1437//1304 1505//1304 1438//1304
f 1438//1305 1505//1305 1506//1305
f 1438//1305 1506//1305 1439//1305
f 1439//1306 1506//1306 1507//1306
f 1439//1306 1507//1306 1440//1306
f 1440//1307 1507//1307 1508//1307
f 1440//1308 1508//1308 1441//1308
f 1441//1309 1508//1309 1509//1309
f 1441//1309 1509//1309 1442//1309
f 1442//1310 1509//1310 1510//1310
f 1442//1310 1510//1310 1443//1310
f 1443//1311 1510//1311 1511//1311
f 1443//1311 1511//1311 1444//1311
f 1444//1312 1511//1312 1512//1312
f 1444//1313 1512//1313 1445//1313
f 1445//1314 1512//1314 1513//1314
f 1445//1314 1513//1314 1446//1314
f 1446//1315 1513//1315 1514//1315
f 1446//1315 1514//1315 1447//1315
f 1447//1316 1514//1316 1515//1316
f 1447//1316 1515//1316 1448//1316
f 1448//1317 1515//1317 1516//1317
f 1448//1317 1516//1317 1449//1317
f 1449//1318 1516//1318 1517//1318
f 1449//1318 1517//1318 1450//1318
f 1450//1319 1517//1319 1518//1319
f 1450//1319 1518//1319 1451//1319
f 1451//1320 1518//1320 1519//1320
f 1451//1320 1519//1320 1452//1320
f 1452//1321 1519//1321 1520//1321
f 1452//1321 1520//1321 1453//1321
f 1453//1322 1520//1322 1521//1322
f 1453//1322 1521//1322 1454//1322
f 1454//1323 1521//1323 1522//1323
f 1454//1324 1522//1324 1455//1324
f 1455//1325 1522//1325 1523//1325
f 1455//1325 1523//1325 1456//1325
f 1456//1326 1523//1326 1524//1326
f 1456//1327 1524//1327 1457//1327
f 1457//1328 1524//1328 1525//1328
f 1457//1328 1525//1328 1458//1328
f 1458//1329 1525//1329 1526//1329
f 1458//1329 1526//1329 1459//1329
f 1459//1330 1526//1330 1527//1330
f 1459//1330 1527//1330 1460//1330
f 1460//1331 1527//1331 1528//1331
f 1460//1331 1528//1331 1461//1331
f 1461//1332 1528//1332 1529//1332
f 1461//1333 1529//1333 1462//1333
f 1462//1334 1529//1334 1530//1334
f 1462//1334 1530//1334 1463//1334
f 1463//1335 1530//1335 1531//1335
f 1463//1335 1531//1335 1464//1335
f 1464//1262 1531//1262 1465//1262
f 1532//1336 749//1336 748//1336
f 695//1337 1533//1337 1534//1337
f 1532//1338 748//1338 1535//1338
f 1535//1339 748//1339 690//1339
f 1535//1340 690//1340 1534//1340
f 1534//1341 690//1341 696//1341
f 1534//1342 696//1342 695//1342
f 695//1343 693//1343 1533//1343
f 1533//1344 693//1344 692//1344
f 1533//1344 692//1344 1536//1344
f 1536//1345 692//1345 746//1345
f 1536//1346 746//1346 1537//1346
f 1537//1347 746//1347 747//1347
f 1537//1348 747//1348 1538//1348
f 1538//1349 747//1349 745//1349
f 1538//1350 745//1350 1539//1350
f 1539//1351 745//1351 684//1351
f 742//1352 1540//1352 1541//1352
f 684//1353 685//1353 1539//1353
f 1539//1354 685//1354 687//1354
f 1539//1354 687//1354 1542//1354
f 1542//1355 687//1355 744//1355
f 1542//1356 744//1356 1541//1356
f 1541//1357 744//1357 743//1357
f 1541//1358 743//1358 742//1358
f 742//1359 741//1359 1540//1359
f 1540//1360 741//1360 740//1360
f 1540//1361 740//1361 1543//1361
f 683//1362 1544//1362 1545//1362
f 740//1363 739//1363 1543//1363
f 1543//1364 739//1364 738//1364
f 1543//1365 738//1365 1546//1365
f 1546//1366 738//1366 681//1366
f 1546//1367 681//1367 1545//1367
f 1545//1368 681//1368 682//1368
f 1545//1369 682//1369 683//1369
f 683//1370 680//1370 1544//1370
f 1544//1371 680//1371 816//1371
f 1544//1372 816//1372 1547//1372
f 1547//1373 816//1373 815//1373
f 1547//1374 815//1374 1548//1374
f 815//1375 814//1375 1548//1375
f 1548//1376 814//1376 813//1376
f 1548//1377 813//1377 1549//1377
f 1549//1378 813//1378 812//1378
f 1549//1379 812//1379 1550//1379
f 1550//1380 812//1380 676//1380
f 809//1381 1551//1381 1552//1381
f 676//1382 677//1382 1550//1382
f 1550//1383 677//1383 679//1383
f 1550//1384 679//1384 1553//1384
f 1553//1385 679//1385 811//1385
f 1553//1386 811//1386 1552//1386
f 1552//1387 811//1387 810//1387
f 1552//1388 810//1388 809//1388
f 809//1389 808//1389 1551//1389
f 1551//1390 808//1390 807//1390
f 1551//1391 807//1391 1554//1391
f 1554//1392 807//1392 805//1392
f 1554//1393 805//1393 1555//1393
f 805//1394 806//1394 1555//1394
f 1555//1395 806//1395 670//1395
f 1555//1396 670//1396 1556//1396
f 1556//1397 670//1397 672//1397
f 1556//1398 672//1398 1557//1398
f 1557//1399 672//1399 674//1399
f 800//1400 1558//1400 1559//1400
f 674//1401 804//1401 1557//1401
f 1557//1402 804//1402 803//1402
f 1557//1402 803//1402 1560//1402
f 1560//1403 803//1403 802//1403
f 1560//1404 802//1404 1559//1404
f 1559//1405 802//1405 801//1405
f 1559//1406 801//1406 800//1406
f 800//1407 798//1407 1558//1407
f 1558//1408 798//1408 797//1408
f 1558//1409 797//1409 1561//1409
f 1561//1410 797//1410 735//1410
f 1561//1411 735//1411 1562//1411
f 735//1412 736//1412 1562//1412
f 1562//1413 736//1413 737//1413
f 1562//1414 737//1414 1563//1414
f 1563//1415 737//1415 733//1415
f 1563//1416 733//1416 1564//1416
f 1564//1417 733//1417 732//1417
f 728//1418 1565//1418 1566//1418
f 732//1419 796//1419 1564//1419
f 1564//1420 796//1420 795//1420
f 1564//1421 795//1421 1567//1421
f 1567//1422 795//1422 794//1422
f 1567//1423 794//1423 1566//1423
f 1566//1424 794//1424 793//1424
f 1566//1425 793//1425 728//1425
f 728//1426 729//1426 1565//1426
f 1565//1427 729//1427 731//1427
f 1565//1427 731//1427 1568//1427
f 1568//1428 731//1428 792//1428
f 1568//1429 792//1429 1569//1429
f 792//1430 791//1430 1569//1430
f 1569//1431 791//1431 790//1431
f 1569//1432 790//1432 1570//1432
f 1570//1433 790//1433 789//1433
f 1570//1434 789//1434 1571//1434
f 1571//1435 789//1435 788//1435
f 724//1436 1572//1436 1573//1436
f 788//1437 783//1437 1571//1437
f 1571//1438 783//1438 785//1438
f 1571//1439 785//1439 1574//1439
f 1574//1440 785//1440 727//1440
f 1574//1441 727//1441 1573//1441
f 1573//1442 727//1442 726//1442
f 1573//1443 726//1443 724//1443
f 724//1444 782//1444 1572//1444
f 1572//1445 782//1445 781//1445
f 1572//1446 781//1446 1575//1446
f 1575//1447 781//1447 780//1447
f 1575//1448 780//1448 1576//1448
f 780//1449 779//1449 1576//1449
f 1576//1450 779//1450 778//1450
f 1576//1451 778//1451 1577//1451
f 1577//1452 778//1452 777//1452
f 1577//1453 777//1453 1578//1453
f 1578//1454 777//1454 719//1454
f 774//1455 1579//1455 1580//1455
f 719//1456 720//1456 1578//1456
f 1578//1457 720//1457 722//1457
f 1578//1458 722//1458 1581//1458
f 1581//1459 722//1459 776//1459
f 1581//1460 776//1460 1580//1460
f 1580//1461 776//1461 775//1461
f 1580//1462 775//1462 774//1462
f 774//1463 773//1463 1579//1463
f 1579//1464 773//1464 772//1464
f 1579//1465 772//1465 1582//1465
f 1582//1466 772//1466 770//1466
f 1582//1467 770//1467 1583//1467
f 770//1468 771//1468 1583//1468
f 1583//1469 771//1469 713//1469
f 1583//1470 713//1470 1584//1470
f 1584//1471 713//1471 715//1471
f 1584//1472 715//1472 1585//1472
f 1585//1473 715//1473 717//1473
f 765//1474 1586//1474 1587//1474
f 717//1475 769//1475 1585//1475
f 1585//1476 769//1476 768//1476
f 1585//1476 768//1476 1588//1476
f 1588//1477 768//1477 767//1477
f 1588//1478 767//1478 1587//1478
f 1587//1479 767//1479 766//1479
f 1587//1480 766//1480 765//1480
f 765//1481 763//1481 1586//1481
f 1586//1482 763//1482 711//1482
f 1586//1483 711//1483 1589//1483
f 1589//1484 711//1484 709//1484
f 1589//1485 709//1485 1590//1485
f 1590//1486 709//1486 708//1486
f 1590//1487 708//1487 1591//1487
f 1591//1488 708//1488 704//1488
f 1591//1489 704//1489 1592//1489
f 1592//1490 704//1490 707//1490
f 700//1491 1593//1491 1594//1491
f 707//1492 761//1492 1592//1492
f 1592//1493 761//1493 760//1493
f 1592//1494 760//1494 1595//1494
f 1595//1495 760//1495 759//1495
f 1595//1496 759//1496 1594//1496
f 1594//1497 759//1497 757//1497
f 1594//1498 757//1498 700//1498
f 700//1499 698//1499 1593//1499
f 1593//1500 698//1500 755//1500
f 1593//1501 755//1501 1596//1501
f 1596//1502 755//1502 754//1502
f 1596//1503 754//1503 1597//1503
f 1597//1504 754//1504 753//1504
f 1597//1505 753//1505 1598//1505
f 1598//1506 753//1506 752//1506
f 1598//1507 752//1507 1532//1507
f 1532//1508 752//1508 751//1508
f 1532//1509 751//1509 749//1509
f 1596//1510 1599//1510 1593//1510
f 1593//1511 1599//1511 1600//1511
f 1593//1512 1600//1512 1594//1512
f 1594//1513 1600//1513 1601//1513
f 1594//1514 1601//1514 1595//1514
f 1595//1515 1601//1515 1602//1515
f 1595//1515 1602//1515 1592//1515
f 1592//1516 1602//1516 1603//1516
f 1592//1516 1603//1516 1591//1516
f 1591//1517 1603//1517 1604//1517
f 1591//1517 1604//1517 1590//1517
f 1590//1518 1604//1518 1605//1518
f 1590//1519 1605//1519 1589//1519
f 1589//1520 1605//1520 1606//1520
f 1589//1521 1606//1521 1586//1521
f 1586//1522 1606//1522 1607//1522
f 1586//1523 1607//1523 1587//1523
f 1587//1524 1607//1524 1608//1524
f 1587//1524 1608//1524 1588//1524
f 1588//1525 1608//1525 1609//1525
f 1588//1526 1609//1526 1585//1526
f 1585//1527 1609//1527 1610//1527
f 1585//1528 1610//1528 1584//1528
f 1584//1529 1610//1529 1611//1529
f 1584//1529 1611//1529 1583//1529
f 1583//1530 1611//1530 1612//1530
f 1583//1530 1612//1530 1582//1530
f 1582//1531 1612//1531 1613//1531
f 1582//1532 1613//1532 1579//1532
f 1579//1533 1613//1533 1614//1533
f 1579//1534 1614//1534 1580//1534
f 1580//1535 1614//1535 1615//1535
f 1580//1535 1615//1535 1581//1535
f 1581//1536 1615//1536 1616//1536
f 1581//1537 1616//1537 1578//1537
f 1578//1538 1616//1538 1617//1538
f 1578//1539 1617//1539 1577//1539
f 1577//1540 1617//1540 1618//1540
f 1577//1540 1618//1540 1576//1540
f 1576//1541 1618//1541 1619//1541
f 1576//1542 1619//1542 1575//1542
f 1575//1543 1619//1543 1620//1543
f 1575//1543 1620//1543 1572//1543
f 1572//1544 1620//1544 1621//1544
f 1572//1544 1621//1544 1573//1544
f 1573//1545 1621//1545 1622//1545
f 1573//1545 1622//1545 1574//1545
f 1574//1546 1622//1546 1623//1546
f 1574//1547 1623//1547 1571//1547
f 1571//1548 1623//1548 1624//1548
f 1571//1548 1624//1548 1570//1548
f 1570//1549 1624//1549 1625//1549
f 1570//1550 1625//1550 1569//1550
f 1569//1551 1625//1551 1626//1551
f 1569//1552 1626//1552 1568//1552
f 1568//1553 1626//1553 1627//1553
f 1568//1554 1627//1554 1565//1554
f 1565//1555 1627//1555 1628//1555
f 1565//1555 1628//1555 1566//1555
f 1566//1556 1628//1556 1629//1556
f 1566//1556 1629//1556 1567//1556
f 1567//1557 1629//1557 1630//1557
f 1567//1557 1630//1557 1564//1557
f 1564//1558 1630//1558 1631//1558
f 1564//1559 1631//1559 1563//1559
f 1563//1560 1631//1560 1632//1560
f 1563//1560 1632//1560 1562//1560
f 1562//1561 1632//1561 1633//1561
f 1562//1562 1633//1562 1561//1562
f 1561//1563 1633//1563 1634//1563
f 1561//1563 1634//1563 1558//1563
f 1558//1564 1634//1564 1635//1564
f 1558//1564 1635//1564 1559//1564
f 1559//1565 1635//1565 1636//1565
f 1559//1565 1636//1565 1560//1565
f 1560//1566 1636//1566 1637//1566
f 1560//1567 1637//1567 1557//1567
f 1557//1568 1637//1568 1638//1568
f 1557//1569 1638//1569 1556//1569
f 1556//1570 1638//1570 1639//1570
f 1556//1571 1639//1571 1555//1571
f 1555//1572 1639//1572 1640//1572
f 1555//1572 1640//1572 1554//1572
f 1554//1573 1640//1573 1641//1573
f 1554//1574 1641//1574 1551//1574
f 1551//1575 1641//1575 1642//1575
f 1551//1576 1642//1576 1552//1576
f 1552//1577 1642//1577 1643//1577
f 1552//1577 1643//1577 1553//1577
f 1553//1578 1643//1578 1644//1578
f 1553//1578 1644//1578 1550//1578
f 1550//1579 1644//1579 1645//1579
f 1550//1580 1645//1580 1549//1580
f 1549//1581 1645//1581 1646//1581
f 1549//1581 1646//1581 1548//1581
f 1548//1582 1646//1582 1647//1582
f 1548//1583 1647//1583 1547//1583
f 1547//1584 1647//1584 1648//1584
f 1547//1585 1648//1585 1544//1585
f 1544//1586 1648//1586 1649//1586
f 1544//1587 1649//1587 1545//1587
f 1545//1588 1649//1588 1650//1588
f 1545//1589 1650//1589 1546//1589
f 1546//1590 1650//1590 1651//1590
f 1546//1591 1651//1591 1543//1591
f 1543//1592 1651//1592 1652//1592
f 1543//1592 1652//1592 1540//1592
f 1540//1593 1652//1593 1653//1593
f 1540//1593 1653//1593 1541//1593
f 1541//1594 1653//1594 1654//1594
f 1541//1595 1654//1595 1542//1595
f 1542//1596 1654//1596 1655//1596
f 1542//1597 1655//1597 1539//1597
f 1539//1598 1655//1598 1656//1598
f 1539//1598 1656//1598 1538//1598
f 1538//1599 1656//1599 1657//1599
f 1538//1600 1657//1600 1537//1600
f 1537//1601 1657//1601 1658//1601
f 1537//1602 1658//1602 1536//1602
f 1536//1603 1658//1603 1659//1603
f 1536//1604 1659//1604 1533//1604
f 1533//1605 1659//1605 1660//1605
f 1533//1605 1660//1605 1534//1605
f 1534//1606 1660//1606 1661//1606
f 1534//1606 1661//1606 1535//1606
f 1535//1607 1661//1607 1662//1607
f 1535//1607 1662//1607 1532//1607
f 1532//1608 1662//1608 1663//1608
f 1532//1608 1663//1608 1598//1608
f 1598//1609 1663//1609 1664//1609
f 1598//1610 1664//1610 1597//1610
f 1597//1611 1664//1611 1665//1611
f 1597//1612 1665//1612 1596//1612
f 1596//1613 1665//1613 1599//1613
f 1665//1614 1666//1614 1599//1614
f 1599//1615 1666//1615 1667//1615
f 1599//1616 1667//1616 1600//1616
f 1600//1617 1667//1617 1668//1617
f 1600//1617 1668//1617 1601//1617
f 1601//1618 1668//1618 1669//1618
f 1601//1619 1669//1619 1602//1619
f 1602//1620 1669//1620 1670//1620
f 1602//1621 1670//1621 1603//1621
f 1603//1622 1670//1622 1671//1622
f 1603//1623 1671//1623 1604//1623
f 1604//1624 1671//1624 1672//1624
f 1604//1625 1672//1625 1605//1625
f 1605//1626 1672//1626 1673//1626
f 1605//1627 1673//1627 1606//1627
f 1606//1628 1673//1628 1674//1628
f 1606//1629 1674//1629 1607//1629
f 1607//1630 1674//1630 1675//1630
f 1607//1630 1675//1630 1608//1630
f 1608//1631 1675//1631 1676//1631
f 1608//1631 1676//1631 1609//1631
f 1609//1632 1676//1632 1677//1632
f 1609//1632 1677//1632 1610//1632
f 1610//1633 1677//1633 1678//1633
f 1610//1633 1678//1633 1611//1633
f 1611//1634 1678//1634 1679//1634
f 1611//1634 1679//1634 1612//1634
f 1612//1635 1679//1635 1680//1635
f 1612//1635 1680//1635 1613//1635
f 1613//1636 1680//1636 1681//1636
f 1613//1636 1681//1636 1614//1636
f 1614//1637 1681//1637 1682//1637
f 1614//1637 1682//1637 1615//1637
f 1615//1638 1682//1638 1683//1638
f 1615//1638 1683//1638 1616//1638
f 1616//1639 1683//1639 1684//1639
f 1616//1639 1684//1639 1617//1639
f 1617//1640 1684//1640 1685//1640
f 1617//1640 1685//1640 1618//1640
f 1618//1641 1685//1641 1686//1641
f 1618//1641 1686//1641 1619//1641
f 1619//1642 1686//1642 1687//1642
f 1619//1642 1687//1642 1620//1642
f 1620//1643 1687//1643 1688//1643
f 1620//1643 1688//1643 1621//1643
f 1621//1644 1688//1644 1689//1644
f 1621//1644 1689//1644 1622//1644
f 1622//1645 1689//1645 1690//1645
f 1622//1646 1690//1646 1623//1646
f 1623//1647 1690//1647 1691//1647
f 1623//1648 1691//1648 1624//1648
f 1624//1649 1691//1649 1692//1649
f 1624//1650 1692//1650 1625//1650
f 1625//1651 1692//1651 1693//1651
f 1625//1652 1693//1652 1626//1652
f 1626//1653 1693//1653 1694//1653
f 1626//1654 1694//1654 1627//1654
f 1627//1655 1694//1655 1695//1655
f 1627//1655 1695//1655 1628//1655
f 1628//1656 1695//1656 1696//1656
f 1628//1657 1696//1657 1629//1657
f 1629//1658 1696//1658 1697//1658
f 1629//1658 1697//1658 1630//1658
f 1630//1659 1697//1659 1698//1659
f 1630//1660 1698//1660 1631//1660
f 1631//1661 1698//1661 1699//1661
f 1631//1661 1699//1661 1632//1661
f 1632//1662 1699//1662 1700//1662
f 1632//1663 1700//1663 1633//1663
f 1633//1664 1700//1664 1701//1664
f 1633//1664 1701//1664 1634//1664
f 1634//1665 1701//1665 1702//1665
f 1634//1665 1702//1665 1635//1665
f 1635//1666 1702//1666 1703//1666
f 1635//1666 1703//1666 1636//1666
f 1636//1667 1703//1667 1704//1667
f 1636//1668 1704//1668 1637//1668
f 1637//1669 1704//1669 1705//1669
f 1637//1670 1705//1670 1638//1670
f 1638//1671 1705//1671 1706//1671
f 1638//1672 1706//1672 1639//1672
f 1639//1673 1706//1673 1707//1673
f 1639//1674 1707//1674 1640//1674
f 1640//1675 1707//1675 1708//1675
f 1640//1676 1708//1676 1641//1676
f 1641//1677 1708//1677 1709//1677
f 1641//1677 1709//1677 1642//1677
f 1642//1678 1709//1678 1710//1678
f 1642//1678 1710//1678 1643//1678
f 1643//1679 1710//1679 1711//1679
f 1643//1679 1711//1679 1644//1679
f 1644//1680 1711//1680 1712//1680
f 1644//1680 1712//1680 1645//1680
f 1645//1681 1712//1681 1713//1681
f 1645//1681 1713//1681 1646//1681
f 1646//1682 1713//1682 1714//1682
f 1646//1682 1714//1682 1647//1682
f 1647//1683 1714//1683 1715//1683
f 1647//1683 1715//1683 1648//1683
f 1648//1684 1715//1684 1716//1684
f 1648//1685 1716//1685 1649//1685
f 1649//1686 1716//1686 1717//1686
f 1649//1686 1717//1686 1650//1686
f 1650//1687 1717//1687 1718//1687
f 1650//1687 1718//1687 1651//1687
f 1651//1688 1718//1688 1719//1688
f 1651//1688 1719//1688 1652//1688
f 1652//1689 1719//1689 1720//1689
f 1652//1689 1720//1689 1653//1689
f 1653//1690 1720//1690 1721//1690
f 1653//1690 1721//1690 1654//1690
f 1654//1691 1721//1691 1722//1691
f 1654//1691 1722//1691 1655//1691
f 1655//1692 1722//1692 1723//1692
f 1655//1692 1723//1692 1656//1692
f 1656//1693 1723//1693 1724//1693
f 1656//1694 1724//1694 1657//1694
f 1657//1695 1724//1695 1725//1695
f 1657//1696 1725//1696 1658//1696
f 1658//1697 1725//1697 1726//1697
f 1658//1698 1726//1698 1659//1698
f 1659//1699 1726//1699 1727//1699
f 1659//1700 1727//1700 1660//1700
f 1660//1701 1727//1701 1728//1701
f 1660//1702 1728//1702 1661//1702
f 1661//1703 1728//1703 1729//1703
f 1661//1703 1729//1703 1662//1703
f 1662//1704 1729//1704 1730//1704
f 1662//1704 1730//1704 1663//1704
f 1663//1705 1730//1705 1731//1705
f 1663//1706 1731//1706 1664//1706
f 1664//1707 1731//1707 1732//1707
f 1664//1708 1732//1708 1665//1708
f 1665//1709 1732//1709 1666//1709
f 1732//1710 1733//1710 1666//1710
f 1666//1711 1733//1711 1734//1711
f 1666//1712 1734//1712 1667//1712
f 1667//1713 1734//1713 1735//1713
f 1667//1714 1735//1714 1668//1714
f 1668//1715 1735//1715 1736//1715
f 1668//1715 1736//1715 1669//1715
f 1669//1716 1736//1716 1737//1716
f 1669//1717 1737//1717 1670//1717
f 1670//1718 1737//1718 1738//1718
f 1670//1719 1738//1719 1671//1719
f 1671//1720 1738//1720 1739//1720
f 1671//1721 1739//1721 1672//1721
f 1672//1722 1739//1722 1740//1722
f 1672//1722 1740//1722 1673//1722
f 1673//1723 1740//1723 1741//1723
f 1673//1724 1741//1724 1674//1724
f 1674//1725 1741//1725 1742//1725
f 1674//1725 1742//1725 1675//1725
f 1675//1726 1742//1726 1743//1726
f 1675//1727 1743//1727 1676//1727
f 1676//1728 1743//1728 1744//1728
f 1676//1729 1744//1729 1677//1729
f 1677//1730 1744//1730 1745//1730
f 1677//1730 1745//1730 1678//1730
f 1678//1731 1745//1731 1746//1731
f 1678//1732 1746//1732 1679//1732
f 1679//1733 1746//1733 1747//1733
f 1679//1734 1747//1734 1680//1734
f 1680//1735 1747//1735 1748//1735
f 1680//1735 1748//1735 1681//1735
f 1681//1736 1748//1736 1749//1736
f 1681//1736 1749//1736 1682//1736
f 1682//1737 1749//1737 1750//1737
f 1682//1738 1750//1738 1683//1738
f 1683//1739 1750//1739 1751//1739
f 1683//1739 1751//1739 1684//1739
f 1684//1740 1751//1740 1752//1740
f 1684//1740 1752//1740 1685//1740
f 1685//1741 1752//1741 1753//1741
f 1685//1742 1753//1742 1686//1742
f 1686//1743 1753//1743 1754//1743
f 1686//1743 1754//1743 1687//1743
f 1687//1744 1754//1744 1755//1744
f 1687//1745 1755//1745 1688//1745
f 1688//1746 1755//1746 1756//1746
f 1688//1747 1756//1747 1689//1747
f 1689//1748 1756//1748 1757//1748
f 1689//1749 1757//1749 1690//1749
f 1690//1750 1757//1750 1758//1750
f 1690//1751 1758//1751 1691//1751
f 1691//1752 1758//1752 1759//1752
f 1691//1753 1759//1753 1692//1753
f 1692//1754 1759//1754 1760//1754
f 1692//1755 1760//1755 1693//1755
f 1693//1756 1760//1756 1761//1756
f 1693//1757 1761//1757 1694//1757
f 1694//1758 1761//1758 1762//1758
f 1694//1758 1762//1758 1695//1758
f 1695//1759 1762//1759 1763//1759
f 1695//1760 1763//1760 1696//1760
f 1696//1761 1763//1761 1764//1761
f 1696//1762 1764//1762 1697//1762
f 1697//1763 1764//1763 1765//1763
f 1697//1764 1765//1764 1698//1764
f 1698//1765 1765//1765 1766//1765
f 1698//1765 1766//1765 1699//1765
f 1699//1766 1766//1766 1767//1766
f 1699//1767 1767//1767 1700//1767
f 1700//1768 1767//1768 1768//1768
f 1700//1769 1768//1769 1701//1769
f 1701//1770 1768//1770 1769//1770
f 1701//1771 1769//1771 1702//1771
f 1702//1772 1769//1772 1770//1772
f 1702//1772 1770//1772 1703//1772
f 1703//1773 1770//1773 1771//1773
f 1703//1773 1771//1773 1704//1773
f 1704//1774 1771//1774 1772//1774
f 1704//1774 1772//1774 1705//1774
f 1705//1775 1772//1775 1773//1775
f 1705//1776 1773//1776 1706//1776
f 1706//1777 1773//1777 1774//1777
f 1706//1778 1774//1778 1707//1778
f 1707//1779 1774//1779 1775//1779
f 1707//1780 1775//1780 1708//1780
f 1708//1781 1775//1781 1776//1781
f 1708//1782 1776//1782 1709//1782
f 1709//1783 1776//1783 1777//1783
f 1709//1784 1777//1784 1710//1784
f 1710//1785 1777//1785 1778//1785
f 1710//1786 1778//1786 1711//1786
f 1711//1787 1778//1787 1779//1787
f 1711//1788 1779//1788 1712//1788
f 1712//1789 1779//1789 1780//1789
f 1712//1789 1780//1789 1713//1789
f 1713//1790 1780//1790 1781//1790
f 1713//1791 1781//1791 1714//1791
f 1714//1792 1781//1792 1782//1792
f 1714//1793 1782//1793 1715//1793
f 1715//1794 1782//1794 1783//1794
f 1715//1795 1783//1795 1716//1795
f 1716//1796 1783//1796 1784//1796
f 1716//1796 1784//1796 1717//1796
f 1717//1797 1784//1797 1785//1797
f 1717//1798 1785//1798 1718//1798
f 1718//1799 1785//1799 1786//1799
f 1718//1800 1786//1800 1719//1800
f 1719//1801 1786//1801 1787//1801
f 1719//1802 1787//1802 1720//1802
f 1720//1803 1787//1803 1788//1803
f 1720//1804 1788//1804 1721//1804
f 1721//1805 1788//1805 1789//1805
f 1721//1806 1789//1806 1722//1806
f 1722//1807 1789//1807 1790//1807
f 1722//1807 1790//1807 1723//1807
f 1723//1808 1790//1808 1791//1808
f 1723//1809 1791//1809 1724//1809
f 1724//1810 1791//1810 1792//1810
f 1724//1810 1792//1810 1725//1810
f 1725//1811 1792//1811 1793//1811
f 1725//1812 1793//1812 1726//1812
f 1726//1813 1793//1813 1794//1813
f 1726//1813 1794//1813 1727//1813
f 1727//1814 1794//1814 1795//1814
f 1727//1815 1795//1815 1728//1815
f 1728//1816 1795//1816 1796//1816
f 1728//1816 1796//1816 1729//1816
f 1729//1817 1796//1817 1797//1817
f 1729//1818 1797//1818 1730//1818
f 1730//1819 1797//1819 1798//1819
f 1730//1819 1798//1819 1731//1819
f 1731//1820 1798//1820 1799//1820
f 1731//1820 1799//1820 1732//1820
f 1732//1710 1799//1710 1733//1710
f 1799//1821 1800//1821 1733//1821
f 1733//1822 1800//1822 1801//1822
f 1733//1822 1801//1822 1734//1822
f 1734//1823 1801//1823 1802//1823
f 1734//1823 1802//1823 1735//1823
f 1735//1824 1802//1824 1803//1824
f 1735//1825 1803//1825 1736//1825
f 1736//1826 1803//1826 1804//1826
f 1736//1827 1804//1827 1737//1827
f 1737//1828 1804//1828 1805//1828
f 1737//1828 1805//1828 1738//1828
f 1738//1829 1805//1829 1806//1829
f 1738//1830 1806//1830 1739//1830
f 1739//1831 1806//1831 1807//1831
f 1739//1832 1807//1832 1740//1832
f 1740//1833 1807//1833 1808//1833
f 1740//1834 1808//1834 1741//1834
f 1741//1835 1808//1835 1809//1835
f 1741//1836 1809//1836 1742//1836
f 1742//1837 1809//1837 1810//1837
f 1742//1837 1810//1837 1743//1837
f 1743//1838 1810//1838 1811//1838
f 1743//1838 1811//1838 1744//1838
f 1744//1839 1811//1839 1812//1839
f 1744//1839 1812//1839 1745//1839
f 1745//1840 1812//1840 1813//1840
f 1745//1840 1813//1840 1746//1840
f 1746//1841 1813//1841 1814//1841
f 1746//1842 1814//1842 1747//1842
f 1747//1843 1814//1843 1815//1843
f 1747//1843 1815//1843 1748//1843
f 1748//1844 1815//1844 1816//1844
f 1748//1845 1816//1845 1749//1845
f 1749//1846 1816//1846 1817//1846
f 1749//1847 1817//1847 1750//1847
f 1750//1848 1817//1848 1818//1848
f 1750//1848 1818//1848 1751//1848
f 1751//1849 1818//1849 1819//1849
f 1751//1849 1819//1849 1752//1849
f 1752//1850 1819//1850 1820//1850
f 1752//1851 1820//1851 1753//1851
f 1753//1852 1820//1852 1821//1852
f 1753//1852 1821//1852 1754//1852
f 1754//1853 1821//1853 1822//1853
f 1754//1853 1822//1853 1755//1853
f 1755//1854 1822//1854 1823//1854
f 1755//1855 1823//1855 1756//1855
f 1756//1856 1823//1856 1824//1856
f 1756//1857 1824//1857 1757//1857
f 1757//1858 1824//1858 1825//1858
f 1757//1859 1825//1859 1758//1859
f 1758//1860 1825//1860 1826//1860
f 1758//1860 1826//1860 1759//1860
f 1759//1861 1826//1861 1827//1861
f 1759//1862 1827//1862 1760//1862
f 1760//1863 1827//1863 1828//1863
f 1760//1863 1828//1863 1761//1863
f 1761//1864 1828//1864 1829//1864
f 1761//1865 1829//1865 1762//1865
f 1762//1866 1829//1866 1830//1866
f 1762//1866 1830//1866 1763//1866
f 1763//1867 1830//1867 1831//1867
f 1763//1867 1831//1867 1764//1867
f 1764//1868 1831//1868 1832//1868
f 1764//1869 1832//1869 1765//1869
f 1765//1870 1832//1870 1833//1870
f 1765//1870 1833//1870 1766//1870
f 1766//1871 1833//1871 1834//1871
f 1766//1872 1834//1872 1767//1872
f 1767//1873 1834//1873 1835//1873
f 1767//1873 1835//1873 1768//1873
f 1768//1874 1835//1874 1836//1874
f 1768//1875 1836//1875 1769//1875
f 1769//1876 1836//1876 1837//1876
f 1769//1877 1837//1877 1770//1877
f 1770//1878 1837//1878 1838//1878
f 1770//1878 1838//1878 1771//1878
f 1771//1879 1838//1879 1839//1879
f 1771//1879 1839//1879 1772//1879
f 1772//1880 1839//1880 1840//1880
f 1772//1880 1840//1880 1773//1880
f 1773//1881 1840//1881 1841//1881
f 1773//1882 1841//1882 1774//1882
f 1774//1883 1841//1883 1842//1883
f 1774//1884 1842//1884 1775//1884
f 1775//1885 1842//1885 1843//1885
f 1775//1886 1843//1886 1776//1886
f 1776//1887 1843//1887 1844//1887
f 1776//1887 1844//1887 1777//1887
f 1777//1888 1844//1888 1845//1888
f 1777//1888 1845//1888 1778//1888
f 1778//1889 1845//1889 1846//1889
f 1778//1889 1846//1889 1779//1889
f 1779//1890 1846//1890 1847//1890
f 1779//1890 1847//1890 1780//1890
f 1780//1891 1847//1891 1848//1891
f 1780//1891 1848//1891 1781//1891
f 1781//1892 1848//1892 1849//1892
f 1781//1893 1849//1893 1782//1893
f 1782//1894 1849//1894 1850//1894
f 1782//1895 1850//1895 1783//1895
f 1783//1896 1850//1896 1851//1896
f 1783//1896 1851//1896 1784//1896
f 1784//1897 1851//1897 1852//1897
f 1784//1898 1852//1898 1785//1898
f 1785//1899 1852//1899 1853//1899
f 1785//1900 1853//1900 1786//1900
f 1786//1901 1853//1901 1854//1901
f 1786//1902 1854//1902 1787//1902
f 1787//1903 1854//1903 1855//1903
f 1787//1903 1855//1903 1788//1903
f 1788//1904 1855//1904 1856//1904
f 1788//1904 1856//1904 1789//1904
f 1789//1905 1856//1905 1857//1905
f 1789//1905 1857//1905 1790//1905
f 1790//1906 1857//1906 1858//1906
f 1790//1907 1858//1907 1791//1907
f 1791//1908 1858//1908 1859//1908
f 1791//1909 1859//1909 1792//1909
f 1792//1910 1859//1910 1860//1910
f 1792//1911 1860//1911 1793//1911
f 1793//1912 1860//1912 1861//1912
f 1793//1913 1861//1913 1794//1913
f 1794//1914 1861//1914 1862//1914
f 1794//1914 1862//1914 1795//1914
f 1795//1915 1862//1915 1863//1915
f 1795//1916 1863//1916 1796//1916
f 1796//1917 1863//1917 1864//1917
f 1796//1918 1864//1918 1797//1918
f 1797//1919 1864//1919 1865//1919
f 1797//1919 1865//1919 1798//1919
f 1798//1920 1865//1920 1866//1920
f 1798//1921 1866//1921 1799//1921
f 1799//1922 1866//1922 1800//1922
f 1866//1923 1867//1923 1800//1923
f 1800//1924 1867//1924 1868//1924
f 1800//1924 1868//1924 1801//1924
f 1801//1925 1868//1925 1869//1925
f 1801//1926 1869//1926 1802//1926
f 1802//1927 1869//1927 1870//1927
f 1802//1928 1870//1928 1803//1928
f 1803//1929 1870//1929 1871//1929
f 1803//1929 1871//1929 1804//1929
f 1804//1930 1871//1930 1872//1930
f 1804//1930 1872//1930 1805//1930
f 1805//1931 1872//1931 1873//1931
f 1805//1931 1873//1931 1806//1931
f 1806//1932 1873//1932 1874//1932
f 1806//1932 1874//1932 1807//1932
f 1807//1933 1874//1933 1875//1933
f 1807//1934 1875//1934 1808//1934
f 1808//1935 1875//1935 1876//1935
f 1808//1936 1876//1936 1809//1936
f 1809//1937 1876//1937 1877//1937
f 1809//1938 1877//1938 1810//1938
f 1810//1939 1877//1939 1878//1939
f 1810//1939 1878//1939 1811//1939
f 1811//1940 1878//1940 1879//1940
f 1811//1940 1879//1940 1812//1940
f 1812//1941 1879//1941 1880//1941
f 1812//1941 1880//1941 1813//1941
f 1813//1942 1880//1942 1881//1942
f 1813//1942 1881//1942 1814//1942
f 1814//1943 1881//1943 1882//1943
f 1814//1944 1882//1944 1815//1944
f 1815//1945 1882//1945 1883//1945
f 1815//1945 1883//1945 1816//1945
f 1816//1946 1883//1946 1884//1946
f 1816//1946 1884//1946 1817//1946
f 1817//1947 1884//1947 1885//1947
f 1817//1947 1885//1947 1818//1947
f 1818//1948 1885//1948 1886//1948
f 1818//1948 1886//1948 1819//1948
f 1819//1949 1886//1949 1887//1949
f 1819//1949 1887//1949 1820//1949
f 1820//1950 1887//1950 1888//1950
f 1820//1951 1888//1951 1821//1951
f 1821//1952 1888//1952 1889//1952
f 1821//1952 1889//1952 1822//1952
f 1822//1953 1889//1953 1890//1953
f 1822//1953 1890//1953 1823//1953
f 1823//1954 1890//1954 1891//1954
f 1823//1955 1891//1955 1824//1955
f 1824//1956 1891//1956 1892//1956
f 1824//1956 1892//1956 1825//1956
f 1825//1957 1892//1957 1893//1957
f 1825//1957 1893//1957 1826//1957
f 1826//1958 1893//1958 1894//1958
f 1826//1959 1894//1959 1827//1959
f 1827//1960 1894//1960 1895//1960
f 1827//1960 1895//1960 1828//1960
f 1828//1961 1895//1961 1896//1961
f 1828//1961 1896//1961 1829//1961
f 1829//1962 1896//1962 1897//1962
f 1829//1962 1897//1962 1830//1962
f 1830//1963 1897//1963 1898//1963
f 1830//1963 1898//1963 1831//1963
f 1831//1964 1898//1964 1899//1964
f 1831//1965 1899//1965 1832//1965
f 1832//1966 1899//1966 1900//1966
f 1832//1967 1900//1967 1833//1967
f 1833//1968 1900//1968 1901//1968
f 1833//1969 1901//1969 1834//1969
f 1834//1970 1901//1970 1902//1970
f 1834//1970 1902//1970 1835//1970
f 1835//1971 1902//1971 1903//1971
f 1835//1971 1903//1971 1836//1971
f 1836//1972 1903//1972 1904//1972
f 1836//1972 1904//1972 1837//1972
f 1837//1973 1904//1973 1905//1973
f 1837//1973 1905//1973 1838//1973
f 1838//1974 1905//1974 1906//1974
f 1838//1975 1906//1975 1839//1975
f 1839//1976 1906//1976 1907//1976
f 1839//1976 1907//1976 1840//1976
f 1840//1977 1907//1977 1908//1977
f 1840//1977 1908//1977 1841//1977
f 1841//1978 1908//1978 1909//1978
f 1841//1979 1909//1979 1842//1979
f 1842//1980 1909//1980 1910//1980
f 1842//1980 1910//1980 1843//1980
f 1843//1981 1910//1981 1911//1981
f 1843//1981 1911//1981 1844//1981
f 1844//1982 1911//1982 1912//1982
f 1844//1983 1912//1983 1845//1983
f 1845//1984 1912//1984 1913//1984
f 1845//1984 1913//1984 1846//1984
f 1846//1985 1913//1985 1914//1985
f 1846//1985 1914//1985 1847//1985
f 1847//1986 1914//1986 1915//1986
f 1847//1986 1915//1986 1848//1986
f 1848//1987 1915//1987 1916//1987
f 1848//1987 1916//1987 1849//1987
f 1849//1988 1916//1988 1917//1988
f 1849//1988 1917//1988 1850//1988
f 1850//1989 1917//1989 1918//1989
f 1850//1990 1918//1990 1851//1990
f 1851//1991 1918//1991 1919//1991
f 1851//1991 1919//1991 1852//1991
f 1852//1992 1919//1992 1920//1992
f 1852//1992 1920//1992 1853//1992
f 1853//1993 1920//1993 1921//1993
f 1853//1993 1921//1993 1854//1993
f 1854//1994 1921//1994 1922//1994
f 1854//1994 1922//1994 1855//1994
f 1855//1995 1922//1995 1923//1995
f 1855//1996 1923//1996 1856//1996
f 1856//1997 1923//1997 1924//1997
f 1856//1998 1924//1998 1857//1998
f 1857//1999 1924//1999 1925//1999
f 1857//2000 1925//2000 1858//2000
f 1858//2001 1925//2001 1926//2001
f 1858//2001 1926//2001 1859//2001
f 1859//2002 1926//2002 1927//2002
f 1859//2002 1927//2002 1860//2002
f 1860//2003 1927//2003 1928//2003
f 1860//2003 1928//2003 1861//2003
f 1861//2004 1928//2004 1929//2004
f 1861//2004 1929//2004 1862//2004
f 1862//2005 1929//2005 1930//2005
f 1862//2006 1930//2006 1863//2006
f 1863//2007 1930//2007 1931//2007
f 1863//2008 1931//2008 1864//2008
f 1864//2009 1931//2009 1932//2009
f 1864//2009 1932//2009 1865//2009
f 1865//2010 1932//2010 1933//2010
f 1865//2010 1933//2010 1866//2010
f 1866//2011 1933//2011 1867//2011
f 1933//2012 1934//2012 1867//2012
f 1867//2013 1934//2013 1935//2013
f 1867//2014 1935//2014 1868//2014
f 1868//2015 1935//2015 1936//2015
f 1868//2016 1936//2016 1869//2016
f 1869//2017 1936//2017 1937//2017
f 1869//2018 1937//2018 1870//2018
f 1870//2019 1937//2019 1938//2019
f 1870//2020 1938//2020 1871//2020
f 1871//2021 1938//2021 1939//2021
f 1871//2022 1939//2022 1872//2022
f 1872//2023 1939//2023 1940//2023
f 1872//2024 1940//2024 1873//2024
f 1873//2025 1940//2025 1941//2025
f 1873//2026 1941//2026 1874//2026
f 1874//2027 1941//2027 1942//2027
f 1874//2028 1942//2028 1875//2028
f 1875//2029 1942//2029 1943//2029
f 1875//2029 1943//2029 1876//2029
f 1876//2030 1943//2030 1944//2030
f 1876//2031 1944//2031 1877//2031
f 1877//2032 1944//2032 1945//2032
f 1877//2033 1945//2033 1878//2033
f 1878//2034 1945//2034 1946//2034
f 1878//2035 1946//2035 1879//2035
f 1879//2036 1946//2036 1947//2036
f 1879//2037 1947//2037 1880//2037
f 1880//2038 1947//2038 1948//2038
f 1880//2039 1948//2039 1881//2039
f 1881//2040 1948//2040 1949//2040
f 1881//2040 1949//2040 1882//2040
f 1882//2041 1949//2041 1950//2041
f 1882//2041 1950//2041 1883//2041
f 1883//2042 1950//2042 1951//2042
f 1883//2042 1951//2042 1884//2042
f 1884//2043 1951//2043 1952//2043
f 1884//2043 1952//2043 1885//2043
f 1885//2044 1952//2044 1953//2044
f 1885//2045 1953//2045 1886//2045
f 1886//2046 1953//2046 1954//2046
f 1886//2046 1954//2046 1887//2046
f 1887//2047 1954//2047 1955//2047
f 1887//2047 1955//2047 1888//2047
f 1888//2048 1955//2048 1956//2048
f 1888//2048 1956//2048 1889//2048
f 1889//2049 1956//2049 1957//2049
f 1889//2050 1957//2050 1890//2050
f 1890//2051 1957//2051 1958//2051
f 1890//2052 1958//2052 1891//2052
f 1891//2053 1958//2053 1959//2053
f 1891//2053 1959//2053 1892//2053
f 1892//2054 1959//2054 1960//2054
f 1892//2054 1960//2054 1893//2054
f 1893//2055 1960//2055 1961//2055
f 1893//2055 1961//2055 1894//2055
f 1894//2056 1961//2056 1962//2056
f 1894//2057 1962//2057 1895//2057
f 1895//2058 1962//2058 1963//2058
f 1895//2059 1963//2059 1896//2059
f 1896//2060 1963//2060 1964//2060
f 1896//2061 1964//2061 1897//2061
f 1897//2062 1964//2062 1965//2062
f 1897//2063 1965//2063 1898//2063
f 1898//2064 1965//2064 1966//2064
f 1898//2064 1966//2064 1899//2064
f 1899//2065 1966//2065 1967//2065
f 1899//2065 1967//2065 1900//2065
f 1900//2066 1967//2066 1968//2066
f 1900//2067 1968//2067 1901//2067
f 1901//2068 1968//2068 1969//2068
f 1901//2069 1969//2069 1902//2069
f 1902//2070 1969//2070 1970//2070
f 1902//2071 1970//2071 1903//2071
f 1903//2072 1970//2072 1971//2072
f 1903//2073 1971//2073 1904//2073
f 1904//2074 1971//2074 1972//2074
f 1904//2074 1972//2074 1905//2074
f 1905//2075 1972//2075 1973//2075
f 1905//2075 1973//2075 1906//2075
f 1906//2076 1973//2076 1974//2076
f 1906//2076 1974//2076 1907//2076
f 1907//2077 1974//2077 1975//2077
f 1907//2077 1975//2077 1908//2077
f 1908//2078 1975//2078 1976//2078
f 1908//2079 1976//2079 1909//2079
f 1909//2080 1976//2080 1977//2080
f 1909//2081 1977//2081 1910//2081
f 1910//2082 1977//2082 1978//2082
f 1910//2082 1978//2082 1911//2082
f 1911//2083 1978//2083 1979//2083
f 1911//2083 1979//2083 1912//2083
f 1912//2084 1979//2084 1980//2084
f 1912//2084 1980//2084 1913//2084
f 1913//2085 1980//2085 1981//2085
f 1913//2086 1981//2086 1914//2086
f 1914//2087 1981//2087 1982//2087
f 1914//2087 1982//2087 1915//2087
f 1915//2088 1982//2088 1983//2088
f 1915//2088 1983//2088 1916//2088
f 1916//2089 1983//2089 1984//2089
f 1916//2089 1984//2089 1917//2089
f 1917//2090 1984//2090 1985//2090
f 1917//2090 1985//2090 1918//2090
f 1918//2091 1985//2091 1986//2091
f 1918//2092 1986//2092 1919//2092
f 1919//2093 1986//2093 1987//2093
f 1919//2094 1987//2094 1920//2094
f 1920//2095 1987//2095 1988//2095
f 1920//2095 1988//2095 1921//2095
f 1921//2096 1988//2096 1989//2096
f 1921//2097 1989//2097 1922//2097
f 1922//2098 1989//2098 1990//2098
f 1922//2099 1990//2099 1923//2099
f 1923//2100 1990//2100 1991//2100
f 1923//2100 1991//2100 1924//2100
f 1924//2101 1991//2101 1992//2101
f 1924//2102 1992//2102 1925//2102
f 1925//2103 1992//2103 1993//2103
f 1925//2104 1993//2104 1926//2104
f 1926//2105 1993//2105 1994//2105
f 1926//2106 1994//2106 1927//2106
f 1927//2107 1994//2107 1995//2107
f 1927//2108 1995//2108 1928//2108
f 1928//2109 1995//2109 1996//2109
f 1928//2109 1996//2109 1929//2109
f 1929//2110 1996//2110 1997//2110
f 1929//2111 1997//2111 1930//2111
f 1930//2112 1997//2112 1998//2112
f 1930//2113 1998//2113 1931//2113
f 1931//2114 1998//2114 1999//2114
f 1931//2114 1999//2114 1932//2114
f 1932//2115 1999//2115 2000//2115
f 1932//2115 2000//2115 1933//2115
f 1933//2012 2000//2012 1934//2012
f 2000//2116 2001//2116 1934//2116
f 1934//2117 2001//2117 2002//2117
f 1934//2117 2002//2117 1935//2117
f 1935//2118 2002//2118 2003//2118
f 1935//2119 2003//2119 1936//2119
f 1936//2120 2003//2120 2004//2120
f 1936//2120 2004//2120 1937//2120
f 1937//2121 2004//2121 2005//2121
f 1937//2122 2005//2122 1938//2122
f 1938//2123 2005//2123 2006//2123
f 1938//2123 2006//2123 1939//2123
f 1939//2124 2006//2124 2007//2124
f 1939//2124 2007//2124 1940//2124
f 1940//2125 2007//2125 2008//2125
f 1940//2125 2008//2125 1941//2125
f 1941//2126 2008//2126 2009//2126
f 1941//2126 2009//2126 1942//2126
f 1942//2127 2009//2127 2010//2127
f 1942//2127 2010//2127 1943//2127
f 1943//2128 2010//2128 2011//2128
f 1943//2129 2011//2129 1944//2129
f 1944//2130 2011//2130 2012//2130
f 1944//2130 2012//2130 1945//2130
f 1945//2131 2012//2131 2013//2131
f 1945//2132 2013//2132 1946//2132
f 1946//2133 2013//2133 2014//2133
f 1946//2133 2014//2133 1947//2133
f 1947//2134 2014//2134 2015//2134
f 1947//2134 2015//2134 1948//2134
f 1948//2135 2015//2135 2016//2135
f 1948//2135 2016//2135 1949//2135
f 1949//2136 2016//2136 2017//2136
f 1949//2136 2017//2136 1950//2136
f 1950//2137 2017//2137 2018//2137
f 1950//2137 2018//2137 1951//2137
f 1951//2138 2018//2138 2019//2138
f 1951//2138 2019//2138 1952//2138
f 1952//2139 2019//2139 2020//2139
f 1952//2139 2020//2139 1953//2139
f 1953//2140 2020//2140 2021//2140
f 1953//2140 2021//2140 1954//2140
f 1954//2141 2021//2141 2022//2141
f 1954//2141 2022//2141 1955//2141
f 1955//2142 2022//2142 2023//2142
f 1955//2142 2023//2142 1956//2142
f 1956//2143 2023//2143 2024//2143
f 1956//2143 2024//2143 1957//2143
f 1957//2144 2024//2144 2025//2144
f 1957//2144 2025//2144 1958//2144
f 1958//2145 2025//2145 2026//2145
f 1958//2145 2026//2145 1959//2145
f 1959//2146 2026//2146 2027//2146
f 1959//2146 2027//2146 1960//2146
f 1960//2147 2027//2147 2028//2147
f 1960//2148 2028//2148 1961//2148
f 1961//2149 2028//2149 2029//2149
f 1961//2149 2029//2149 1962//2149
f 1962//2150 2029//2150 2030//2150
f 1962//2151 2030//2151 1963//2151
f 1963//2152 2030//2152 2031//2152
f 1963//2152 2031//2152 1964//2152
f 1964//2153 2031//2153 2032//2153
f 1964//2153 2032//2153 1965//2153
f 1965//2154 2032//2154 2033//2154
f 1965//2154 2033//2154 1966//2154
f 1966//2155 2033//2155 2034//2155
f 1966//2155 2034//2155 1967//2155
f 1967//2156 2034//2156 2035//2156
f 1967//2156 2035//2156 1968//2156
f 1968//2157 2035//2157 2036//2157
f 1968//2157 2036//2157 1969//2157
f 1969//2158 2036//2158 2037//2158
f 1969//2158 2037//2158 1970//2158
f 1970//2159 2037//2159 2038//2159
f 1970//2160 2038//2160 1971//2160
f 1971//2161 2038//2161 2039//2161
f 1971//2161 2039//2161 1972//2161
f 1972//2162 2039//2162 2040//2162
f 1972//2163 2040//2163 1973//2163
f 1973//2164 2040//2164 2041//2164
f 1973//2164 2041//2164 1974//2164
f 1974//2165 2041//2165 2042//2165
f 1974//2165 2042//2165 1975//2165
f 1975//2166 2042//2166 2043//2166
f 1975//2166 2043//2166 1976//2166
f 1976//2167 2043//2167 2044//2167
f 1976//2167 2044//2167 1977//2167
f 1977//2168 2044//2168 2045//2168
f 1977//2168 2045//2168 1978//2168
f 1978//2169 2045//2169 2046//2169
f 1978//2169 2046//2169 1979//2169
f 1979//2170 2046//2170 2047//2170
f 1979//2170 2047//2170 1980//2170
f 1980//2171 2047//2171 2048//2171
f 1980//2171 2048//2171 1981//2171
f 1981//2172 2048//2172 2049//2172
f 1981//2172 2049//2172 1982//2172
f 1982//2173 2049//2173 2050//2173
f 1982//2173 2050//2173 1983//2173
f 1983//2174 2050//2174 2051//2174
f 1983//2174 2051//2174 1984//2174
f 1984//2175 2051//2175 2052//2175
f 1984//2175 2052//2175 1985//2175
f 1985//2176 2052//2176 2053//2176
f 1985//2176 2053//2176 1986//2176
f 1986//2177 2053//2177 2054//2177
f 1986//2177 2054//2177 1987//2177
f 1987//2178 2054//2178 2055//2178
f 1987//2179 2055//2179 1988//2179
f 1988//2180 2055//2180 2056//2180
f 1988//2180 2056//2180 1989//2180
f 1989//2181 2056//2181 2057//2181
f 1989//2182 2057//2182 1990//2182
f 1990//2183 2057//2183 2058//2183
f 1990//2183 2058//2183 1991//2183
f 1991//2184 2058//2184 2059//2184
f 1991//2184 2059//2184 1992//2184
f 1992//2185 2059//2185 2060//2185
f 1992//2185 2060//2185 1993//2185
f 1993//2186 2060//2186 2061//2186
f 1993//2186 2061//2186 1994//2186
f 1994//2187 2061//2187 2062//2187
f 1994//2187 2062//2187 1995//2187
f 1995//2188 2062//2188 2063//2188
f 1995//2189 2063//2189 1996//2189
f 1996//2190 2063//2190 2064//2190
f 1996//2191 2064//2191 1997//2191
f 1997//2192 2064//2192 2065//2192
f 1997//2192 2065//2192 1998//2192
f 1998//2193 2065//2193 2066//2193
f 1998//2193 2066//2193 1999//2193
f 1999//2194 2066//2194 2067//2194
f 1999//2194 2067//2194 2000//2194
f 2000//2116 2067//2116 2001//2116
f 2067//2195 2068//2195 2001//2195
f 2001//2196 2068//2196 2069//2196
f 2001//2196 2069//2196 2002//2196
f 2002//2197 2069//2197 2070//2197
f 2002//2198 2070//2198 2003//2198
f 2003//2199 2070//2199 2071//2199
f 2003//2199 2071//2199 2004//2199
f 2004//2200 2071//2200 2072//2200
f 2004//2200 2072//2200 2005//2200
f 2005//2201 2072//2201 2073//2201
f 2005//2201 2073//2201 2006//2201
f 2006//2202 2073//2202 2074//2202
f 2006//2202 2074//2202 2007//2202
f 2007//2203 2074//2203 2075//2203
f 2007//2204 2075//2204 2008//2204
f 2008//2205 2075//2205 2076//2205
f 2008//2205 2076//2205 2009//2205
f 2009//2206 2076//2206 2077//2206
f 2009//2206 2077//2206 2010//2206
f 2010//2207 2077//2207 2078//2207
f 2010//2207 2078//2207 2011//2207
f 2011//2208 2078//2208 2079//2208
f 2011//2208 2079//2208 2012//2208
f 2012//2209 2079//2209 2080//2209
f 2012//2209 2080//2209 2013//2209
f 2013//2210 2080//2210 2081//2210
f 2013//2210 2081//2210 2014//2210
f 2014//2211 2081//2211 2082//2211
f 2014//2211 2082//2211 2015//2211
f 2015//2212 2082//2212 2083//2212
f 2015//2212 2083//2212 2016//2212
f 2016//2213 2083//2213 2084//2213
f 2016//2213 2084//2213 2017//2213
f 2017//2214 2084//2214 2085//2214
f 2017//2214 2085//2214 2018//2214
f 2018//2215 2085//2215 2086//2215
f 2018//2215 2086//2215 2019//2215
f 2019//2216 2086//2216 2087//2216
f 2019//2216 2087//2216 2020//2216
f 2020//2217 2087//2217 2088//2217
f 2020//2217 2088//2217 2021//2217
f 2021//2218 2088//2218 2089//2218
f 2021//2218 2089//2218 2022//2218
f 2022//2219 2089//2219 2090//2219
f 2022//2219 2090//2219 2023//2219
f 2023//2220 2090//2220 2091//2220
f 2023//2220 2091//2220 2024//2220
f 2024//2221 2091//2221 2092//2221
f 2024//2221 2092//2221 2025//2221
f 2025//2222 2092//2222 2093//2222
f 2025//2222 2093//2222 2026//2222
f 2026//2223 2093//2223 2094//2223
f 2026//2223 2094//2223 2027//2223
f 2027//2224 2094//2224 2095//2224
f 2027//2224 2095//2224 2028//2224
f 2028//2225 2095//2225 2096//2225
f 2028//2225 2096//2225 2029//2225
f 2029//2226 2096//2226 2097//2226
f 2029//2226 2097//2226 2030//2226
f 2030//2227 2097//2227 2098//2227
f 2030//2227 2098//2227 2031//2227
f 2031//2228 2098//2228 2099//2228
f 2031//2228 2099//2228 2032//2228
f 2032//2229 2099//2229 2100//2229
f 2032//2229 2100//2229 2033//2229
f 2033//2230 2100//2230 2101//2230
f 2033//2230 2101//2230 2034//2230
f 2034//2231 2101//2231 2102//2231
f 2034//2231 2102//2231 2035//2231
f 2035//2232 2102//2232 2103//2232
f 2035//2232 2103//2232 2036//2232
f 2036//2233 2103//2233 2104//2233
f 2036//2233 2104//2233 2037//2233
f 2037//2234 2104//2234 2105//2234
f 2037//2234 2105//2234 2038//2234
f 2038//2235 2105//2235 2106//2235
f 2038//2235 2106//2235 2039//2235
f 2039//2236 2106//2236 2107//2236
f 2039//2236 2107//2236 2040//2236
f 2040//2237 2107//2237 2108//2237
f 2040//2237 2108//2237 2041//2237
f 2041//2238 2108//2238 2109//2238
f 2041//2238 2109//2238 2042//2238
f 2042//2239 2109//2239 2110//2239
f 2042//2239 2110//2239 2043//2239
f 2043//2240 2110//2240 2111//2240
f 2043//2241 2111//2241 2044//2241
f 2044//2242 2111//2242 2112//2242
f 2044//2242 2112//2242 2045//2242
f 2045//2243 2112//2243 2113//2243
f 2045//2243 2113//2243 2046//2243
f 2046//2244 2113//2244 2114//2244
f 2046//2244 2114//2244 2047//2244
f 2047//2245 2114//2245 2115//2245
f 2047//2246 2115//2246 2048//2246
f 2048//2247 2115//2247 2116//2247
f 2048//2247 2116//2247 2049//2247
f 2049//2248 2116//2248 2117//2248
f 2049//2248 2117//2248 2050//2248
f 2050//2249 2117//2249 2118//2249
f 2050//2249 2118//2249 2051//2249
f 2051//2250 2118//2250 2119//2250
f 2051//2250 2119//2250 2052//2250
f 2052//2251 2119//2251 2120//2251
f 2052//2251 2120//2251 2053//2251
f 2053//2252 2120//2252 2121//2252
f 2053//2252 2121//2252 2054//2252
f 2054//2253 2121//2253 2122//2253
f 2054//2253 2122//2253 2055//2253
f 2055//2254 2122//2254 2123//2254
f 2055//2254 2123//2254 2056//2254
f 2056//2255 2123//2255 2124//2255
f 2056//2255 2124//2255 2057//2255
f 2057//2256 2124//2256 2125//2256
f 2057//2257 2125//2257 2058//2257
f 2058//2258 2125//2258 2126//2258
f 2058//2258 2126//2258 2059//2258
f 2059//2259 2126//2259 2127//2259
f 2059//2260 2127//2260 2060//2260
f 2060//2261 2127//2261 2128//2261
f 2060//2261 2128//2261 2061//2261
f 2061//2262 2128//2262 2129//2262
f 2061//2262 2129//2262 2062//2262
f 2062//2263 2129//2263 2130//2263
f 2062//2263 2130//2263 2063//2263
f 2063//2264 2130//2264 2131//2264
f 2063//2264 2131//2264 2064//2264
f 2064//2265 2131//2265 2132//2265
f 2064//2266 2132//2266 2065//2266
f 2065//2267 2132//2267 2133//2267
f 2065//2267 2133//2267 2066//2267
f 2066//2268 2133//2268 2134//2268
f 2066//2268 2134//2268 2067//2268
f 2067//2195 2134//2195 2068//2195
f 2135//2269 2136//2269 2137//2269
f 2138//2270 2139//2270 2140//2270
f 2135//2271 2137//2271 2141//2271
f 2141//2272 2137//2272 2142//2272
f 2141//2273 2142//2273 2140//2273
f 2140//2274 2142//2274 2143//2274
f 2140//2275 2143//2275 2138//2275
f 2138//2276 2144//2276 2139//2276
f 2139//2277 2144//2277 2145//2277
f 2139//2278 2145//2278 2146//2278
f 2145//2279 2147//2279 2146//2279
f 2146//2280 2147//2280 2148//2280
f 2146//2280 2148//2280 2149//2280
f 2149//2281 2148//2281 2150//2281
f 2149//2282 2150//2282 2151//2282
f 2151//2283 2150//2283 2152//2283
f 2151//2284 2152//2284 2153//2284
f 2153//2285 2152//2285 2154//2285
f 2154//2286 2155//2286 2153//2286
f 2153//2287 2155//2287 2156//2287
f 2153//2287 2156//2287 2157//2287
f 2157//2288 2156//2288 2158//2288
f 2157//2289 2158//2289 2159//2289
f 2159//2290 2158//2290 2160//2290
f 2159//2291 2160//2291 2161//2291
f 2161//2292 2160//2292 2162//2292
f 2162//2293 2163//2293 2161//2293
f 2161//2294 2163//2294 2164//2294
f 2161//2294 2164//2294 2165//2294
f 2165//2295 2164//2295 2166//2295
f 2165//2296 2166//2296 2167//2296
f 2166//2297 2168//2297 2167//2297
f 2167//2298 2168//2298 2169//2298
f 2167//2299 2169//2299 2170//2299
f 2170//2300 2169//2300 2171//2300
f 2170//2301 2171//2301 2172//2301
f 2172//2302 2171//2302 2173//2302
f 2173//2303 2174//2303 2172//2303
f 2172//2304 2174//2304 2175//2304
f 2172//2304 2175//2304 2176//2304
f 2176//2305 2175//2305 2177//2305
f 2176//2306 2177//2306 2178//2306
f 2178//2307 2177//2307 2179//2307
f 2178//2308 2179//2308 2180//2308
f 2180//2309 2179//2309 2181//2309
f 2181//2310 2182//2310 2180//2310
f 2180//2311 2182//2311 2183//2311
f 2180//2311 2183//2311 2184//2311
f 2184//2312 2183//2312 2185//2312
f 2184//2313 2185//2313 2186//2313
f 2186//2314 2185//2314 2187//2314
f 2186//2315 2187//2315 2188//2315
f 2188//2316 2187//2316 2189//2316
f 2189//2317 2190//2317 2188//2317
f 2188//2318 2190//2318 2191//2318
f 2188//2318 2191//2318 2192//2318
f 2192//2319 2191//2319 2193//2319
f 2192//2320 2193//2320 2194//2320
f 2193//2321 2195//2321 2194//2321
f 2194//2322 2195//2322 2196//2322
f 2194//2323 2196//2323 2197//2323
f 2197//2324 2196//2324 2198//2324
f 2197//2325 2198//2325 2199//2325
f 2199//2326 2198//2326 2200//2326
f 2200//2327 2201//2327 2199//2327
f 2199//2328 2201//2328 2202//2328
f 2199//2329 2202//2329 2203//2329
f 2203//2330 2202//2330 2204//2330
f 2203//2331 2204//2331 2205//2331
f 2205//2332 2204//2332 2206//2332
f 2205//2333 2206//2333 2207//2333
f 2207//2334 2206//2334 2208//2334
f 2209//2335 2210//2335 2211//2335
f 2208//2336 2212//2336 2207//2336
f 2207//2337 2212//2337 2213//2337
f 2207//2338 2213//2338 2214//2338
f 2214//2339 2213//2339 2215//2339
f 2214//2340 2215//2340 2211//2340
f 2211//2341 2215//2341 2216//2341
f 2211//2342 2216//2342 2209//2342
f 2209//2343 2217//2343 2210//2343
f 2210//2344 2217//2344 2218//2344
f 2210//2345 2218//2345 2219//2345
f 2218//2346 2220//2346 2219//2346
f 2219//2347 2220//2347 2221//2347
f 2219//2347 2221//2347 2222//2347
f 2222//2348 2221//2348 2223//2348
f 2222//2349 2223//2349 2224//2349
f 2224//2350 2223//2350 2225//2350
f 2224//2351 2225//2351 2226//2351
f 2226//2352 2225//2352 2227//2352
f 2227//2353 2228//2353 2226//2353
f 2226//2354 2228//2354 2229//2354
f 2226//2355 2229//2355 2230//2355
f 2230//2356 2229//2356 2231//2356
f 2230//2357 2231//2357 2232//2357
f 2232//2358 2231//2358 2233//2358
f 2232//2359 2233//2359 2234//2359
f 2234//2360 2233//2360 2235//2360
f 2235//2361 2236//2361 2234//2361
f 2234//2362 2236//2362 2237//2362
f 2234//2362 2237//2362 2238//2362
f 2238//2363 2237//2363 2239//2363
f 2238//2364 2239//2364 2240//2364
f 2239//2365 2241//2365 2240//2365
f 2240//2366 2241//2366 2242//2366
f 2240//2367 2242//2367 2243//2367
f 2243//2368 2242//2368 2244//2368
f 2243//2369 2244//2369 2245//2369
f 2245//2370 2244//2370 2246//2370
f 2246//2371 2247//2371 2245//2371
f 2245//2372 2247//2372 2248//2372
f 2245//2372 2248//2372 2249//2372
f 2249//2373 2248//2373 2250//2373
f 2249//2374 2250//2374 2251//2374
f 2251//2375 2250//2375 2252//2375
f 2251//2376 2252//2376 2253//2376
f 2253//2377 2252//2377 2254//2377
f 2254//2378 2255//2378 2253//2378
f 2253//2379 2255//2379 2256//2379
f 2253//2379 2256//2379 2257//2379
f 2257//2380 2256//2380 2258//2380
f 2257//2381 2258//2381 2259//2381
f 2259//2382 2258//2382 2260//2382
f 2259//2383 2260//2383 2261//2383
f 2261//2384 2260//2384 2262//2384
f 2262//2385 2263//2385 2261//2385
f 2261//2386 2263//2386 2264//2386
f 2261//2386 2264//2386 2265//2386
f 2265//2387 2264//2387 2266//2387
f 2265//2388 2266//2388 2267//2388
f 2266//2389 2268//2389 2267//2389
f 2267//2390 2268//2390 2269//2390
f 2267//2391 2269//2391 2270//2391
f 2270//2392 2269//2392 2271//2392
f 2270//2393 2271//2393 2272//2393
f 2272//2394 2271//2394 2273//2394
f 2273//2395 2274//2395 2272//2395
f 2272//2396 2274//2396 2275//2396
f 2272//2397 2275//2397 2276//2397
f 2276//2398 2275//2398 2277//2398
f 2276//2399 2277//2399 2278//2399
f 2278//2400 2277//2400 2279//2400
f 2278//2401 2279//2401 2135//2401
f 2135//2402 2279//2402 2280//2402
f 2135//2403 2280//2403 2136//2403
f 2278//2404 2281//2404 2276//2404
f 2276//2405 2281//2405 2282//2405
f 2276//2405 2282//2405 2272//2405
f 2272//2406 2282//2406 2283//2406
f 2272//2407 2283//2407 2270//2407
f 2270//2408 2283//2408 2284//2408
f 2270//2409 2284//2409 2267//2409
f 2267//2410 2284//2410 2285//2410
f 2267//2410 2285//2410 2265//2410
f 2265//2411 2285//2411 2286//2411
f 2265//2411 2286//2411 2261//2411
f 2261//2412 2286//2412 2287//2412
f 2261//2412 2287//2412 2259//2412
f 2259//2413 2287//2413 2288//2413
f 2259//2413 2288//2413 2257//2413
f 2257//2414 2288//2414 2289//2414
f 2257//2415 2289//2415 2253//2415
f 2253//2416 2289//2416 2290//2416
f 2253//2416 2290//2416 2251//2416
f 2251//2417 2290//2417 2291//2417
f 2251//2417 2291//2417 2249//2417
f 2249//2418 2291//2418 2292//2418
f 2249//2418 2292//2418 2245//2418
f 2245//2419 2292//2419 2293//2419
f 2245//2420 2293//2420 2243//2420
f 2243//2421 2293//2421 2294//2421
f 2243//2421 2294//2421 2240//2421
f 2240//2422 2294//2422 2295//2422
f 2240//2422 2295//2422 2238//2422
f 2238//2423 2295//2423 2296//2423
f 2238//2423 2296//2423 2234//2423
f 2234//2424 2296//2424 2297//2424
f 2234//2424 2297//2424 2232//2424
f 2232//2425 2297//2425 2298//2425
f 2232//2425 2298//2425 2230//2425
f 2230//2426 2298//2426 2299//2426
f 2230//2427 2299//2427 2226//2427
f 2226//2428 2299//2428 2300//2428
f 2226//2428 2300//2428 2224//2428
f 2224//2429 2300//2429 2301//2429
f 2224//2429 2301//2429 2222//2429
f 2222//2430 2301//2430 2302//2430
f 2222//2430 2302//2430 2219//2430
f 2219//2431 2302//2431 2303//2431
f 2219//2432 2303//2432 2210//2432
f 2210//2433 2303//2433 2304//2433
f 2210//2434 2304//2434 2211//2434
f 2211//2435 2304//2435 2305//2435
f 2211//2436 2305//2436 2214//2436
f 2214//2437 2305//2437 2306//2437
f 2214//2437 2306//2437 2207//2437
f 2207//2438 2306//2438 2307//2438
f 2207//2438 2307//2438 2205//2438
f 2205//2439 2307//2439 2308//2439
f 2205//2439 2308//2439 2203//2439
f 2203//2440 2308//2440 2309//2440
f 2203//2440 2309//2440 2199//2440
f 2199//2441 2309//2441 2310//2441
f 2199//2442 2310//2442 2197//2442
f 2197//2443 2310//2443 2311//2443
f 2197//2444 2311//2444 2194//2444
f 2194//2445 2311//2445 2312//2445
f 2194//2445 2312//2445 2192//2445
f 2192//2446 2312//2446 2313//2446
f 2192//2446 2313//2446 2188//2446
f 2188//2447 2313//2447 2314//2447
f 2188//2447 2314//2447 2186//2447
f 2186//2448 2314//2448 2315//2448
f 2186//2448 2315//2448 2184//2448
f 2184//2449 2315//2449 2316//2449
f 2184//2450 2316//2450 2180//2450
f 2180//2451 2316//2451 2317//2451
f 2180//2451 2317//2451 2178//2451
f 2178//2452 2317//2452 2318//2452
f 2178//2452 2318//2452 2176//2452
f 2176//2453 2318//2453 2319//2453
f 2176//2453 2319//2453 2172//2453
f 2172//2454 2319//2454 2320//2454
f 2172//2455 2320//2455 2170//2455
f 2170//2456 2320//2456 2321//2456
f 2170//2456 2321//2456 2167//2456
f 2167//2457 2321//2457 2322//2457
f 2167//2457 2322//2457 2165//2457
f 2165//2458 2322//2458 2323//2458
f 2165//2458 2323//2458 2161//2458
f 2161//2459 2323//2459 2324//2459
f 2161//2459 2324//2459 2159//2459
f 2159//2460 2324//2460 2325//2460
f 2159//2460 2325//2460 2157//2460
f 2157//2461 2325//2461 2326//2461
f 2157//2462 2326//2462 2153//2462
f 2153//2463 2326//2463 2327//2463
f 2153//2463 2327//2463 2151//2463
f 2151//2464 2327//2464 2328//2464
f 2151//2464 2328//2464 2149//2464
f 2149//2465 2328//2465 2329//2465
f 2149//2465 2329//2465 2146//2465
f 2146//2466 2329//2466 2330//2466
f 2146//2466 2330//2466 2139//2466
f 2139//2467 2330//2467 2331//2467
f 2139//2468 2331//2468 2140//2468
f 2140//2469 2331//2469 2332//2469
f 2140//2470 2332//2470 2141//2470
f 2141//2471 2332//2471 2333//2471
f 2141//2471 2333//2471 2135//2471
f 2135//2472 2333//2472 2334//2472
f 2135//2472 2334//2472 2278//2472
f 2278//2404 2334//2404 2281//2404
f 2334//2473 2335//2473 2281//2473
f 2281//2474 2335//2474 2336//2474
f 2281//2475 2336//2475 2282//2475
f 2282//2476 2336//2476 2337//2476
f 2282//2476 2337//2476 2283//2476
f 2283//2477 2337//2477 2338//2477
f 2283//2478 2338//2478 2284//2478
f 2284//2479 2338//2479 2339//2479
f 2284//2479 2339//2479 2285//2479
f 2285//2480 2339//2480 2340//2480
f 2285//2480 2340//2480 2286//2480
f 2286//2481 2340//2481 2341//2481
f 2286//2481 2341//2481 2287//2481
f 2287//2482 2341//2482 2342//2482
f 2287//2483 2342//2483 2288//2483
f 2288//2484 2342//2484 2343//2484
f 2288//2484 2343//2484 2289//2484
f 2289//2485 2343//2485 2344//2485
f 2289//2486 2344//2486 2290//2486
f 2290//2487 2344//2487 2345//2487
f 2290//2488 2345//2488 2291//2488
f 2291//2489 2345//2489 2346//2489
f 2291//2489 2346//2489 2292//2489
f 2292//2490 2346//2490 2347//2490
f 2292//2491 2347//2491 2293//2491
f 2293//2492 2347//2492 2348//2492
f 2293//2492 2348//2492 2294//2492
f 2294//2493 2348//2493 2349//2493
f 2294//2494 2349//2494 2295//2494
f 2295//2495 2349//2495 2350//2495
f 2295//2496 2350//2496 2296//2496
f 2296//2497 2350//2497 2351//2497
f 2296//2498 2351//2498 2297//2498
f 2297//2499 2351//2499 2352//2499
f 2297//2500 2352//2500 2298//2500
f 2298//2501 2352//2501 2353//2501
f 2298//2501 2353//2501 2299//2501
f 2299//2502 2353//2502 2354//2502
f 2299//2503 2354//2503 2300//2503
f 2300//2504 2354//2504 2355//2504
f 2300//2504 2355//2504 2301//2504
f 2301//2505 2355//2505 2356//2505
f 2301//2505 2356//2505 2302//2505
f 2302//2506 2356//2506 2357//2506
f 2302//2506 2357//2506 2303//2506
f 2303//2507 2357//2507 2358//2507
f 2303//2508 2358//2508 2304//2508
f 2304//2509 2358//2509 2359//2509
f 2304//2509 2359//2509 2305//2509
f 2305//2510 2359//2510 2360//2510
f 2305//2511 2360//2511 2306//2511
f 2306//2512 2360//2512 2361//2512
f 2306//2513 2361//2513 2307//2513
f 2307//2514 2361//2514 2362//2514
f 2307//2515 2362//2515 2308//2515
f 2308//2516 2362//2516 2363//2516
f 2308//2517 2363//2517 2309//2517
f 2309//2518 2363//2518 2364//2518
f 2309//2518 2364//2518 2310//2518
f 2310//2519 2364//2519 2365//2519
f 2310//2520 2365//2520 2311//2520
f 2311//2521 2365//2521 2366//2521
f 2311//2521 2366//2521 2312//2521
f 2312//2522 2366//2522 2367//2522
f 2312//2522 2367//2522 2313//2522
f 2313//2523 2367//2523 2368//2523
f 2313//2523 2368//2523 2314//2523
f 2314//2524 2368//2524 2369//2524
f 2314//2525 2369//2525 2315//2525
f 2315//2526 2369//2526 2370//2526
f 2315//2526 2370//2526 2316//2526
f 2316//2527 2370//2527 2371//2527
f 2316//2528 2371//2528 2317//2528
f 2317//2529 2371//2529 2372//2529
f 2317//2530 2372//2530 2318//2530
f 2318//2531 2372//2531 2373//2531
f 2318//2531 2373//2531 2319//2531
f 2319//2532 2373//2532 2374//2532
f 2319//2533 2374//2533 2320//2533
f 2320//2534 2374//2534 2375//2534
f 2320//2534 2375//2534 2321//2534
f 2321//2535 2375//2535 2376//2535
f 2321//2536 2376//2536 2322//2536
f 2322//2537 2376//2537 2377//2537
f 2322//2537 2377//2537 2323//2537
f 2323//2538 2377//2538 2378//2538
f 2323//2539 2378//2539 2324//2539
f 2324//2540 2378//2540 2379//2540
f 2324//2541 2379//2541 2325//2541
f 2325//2542 2379//2542 2380//2542
f 2325//2542 2380//2542 2326//2542
f 2326//2543 2380//2543 2381//2543
f 2326//2544 2381//2544 2327//2544
f 2327//2545 2381//2545 2382//2545
f 2327//2545 2382//2545 2328//2545
f 2328//2546 2382//2546 2383//2546
f 2328//2546 2383//2546 2329//2546
f 2329//2547 2383//2547 2384//2547
f 2329//2547 2384//2547 2330//2547
f 2330//2548 2384//2548 2385//2548
f 2330//2549 2385//2549 2331//2549
f 2331//2550 2385//2550 2386//2550
f 2331//2550 2386//2550 2332//2550
f 2332//2551 2386//2551 2387//2551
f 2332//2552 2387//2552 2333//2552
f 2333//2553 2387//2553 2388//2553
f 2333//2554 2388//2554 2334//2554
f 2334//2555 2388//2555 2335//2555
f 2388//2556 2389//2556 2335//2556
f 2335//2557 2389//2557 2390//2557
f 2335//2557 2390//2557 2336//2557
f 2336//2558 2390//2558 2391//2558
f 2336//2558 2391//2558 2337//2558
f 2337//2559 2391//2559 2392//2559
f 2337//2560 2392//2560 2338//2560
f 2338//2561 2392//2561 2393//2561
f 2338//2561 2393//2561 2339//2561
f 2339//2562 2393//2562 2394//2562
f 2339//2563 2394//2563 2340//2563
f 2340//2564 2394//2564 2395//2564
f 2340//2565 2395//2565 2341//2565
f 2341//2566 2395//2566 2396//2566
f 2341//2567 2396//2567 2342//2567
f 2342//2568 2396//2568 2397//2568
f 2342//2568 2397//2568 2343//2568
f 2343//2569 2397//2569 2398//2569
f 2343//2569 2398//2569 2344//2569
f 2344//2570 2398//2570 2399//2570
f 2344//2570 2399//2570 2345//2570
f 2345//2571 2399//2571 2400//2571
f 2345//2571 2400//2571 2346//2571
f 2346//2572 2400//2572 2401//2572
f 2346//2572 2401//2572 2347//2572
f 2347//2573 2401//2573 2402//2573
f 2347//2573 2402//2573 2348//2573
f 2348//2574 2402//2574 2403//2574
f 2348//2574 2403//2574 2349//2574
f 2349//2575 2403//2575 2404//2575
f 2349//2575 2404//2575 2350//2575
f 2350//2576 2404//2576 2405//2576
f 2350//2576 2405//2576 2351//2576
f 2351//2577 2405//2577 2406//2577
f 2351//2577 2406//2577 2352//2577
f 2352//2578 2406//2578 2407//2578
f 2352//2578 2407//2578 2353//2578
f 2353//2579 2407//2579 2408//2579
f 2353//2580 2408//2580 2354//2580
f 2354//2581 2408//2581 2409//2581
f 2354//2582 2409//2582 2355//2582
f 2355//2583 2409//2583 2410//2583
f 2355//2584 2410//2584 2356//2584
f 2356//2585 2410//2585 2411//2585
f 2356//2585 2411//2585 2357//2585
f 2357//2586 2411//2586 2412//2586
f 2357//2587 2412//2587 2358//2587
f 2358//2588 2412//2588 2413//2588
f 2358//2589 2413//2589 2359//2589
f 2359//2590 2413//2590 2414//2590
f 2359//2590 2414//2590 2360//2590
f 2360//2591 2414//2591 2415//2591
f 2360//2591 2415//2591 2361//2591
f 2361//2592 2415//2592 2416//2592
f 2361//2592 2416//2592 2362//2592
f 2362//2593 2416//2593 2417//2593
f 2362//2593 2417//2593 2363//2593
f 2363//2594 2417//2594 2418//2594
f 2363//2594 2418//2594 2364//2594
f 2364//2595 2418//2595 2419//2595
f 2364//2596 2419//2596 2365//2596
f 2365//2597 2419//2597 2420//2597
f 2365//2597 2420//2597 2366//2597
f 2366//2598 2420//2598 2421//2598
f 2366//2599 2421//2599 2367//2599
f 2367//2600 2421//2600 2422//2600
f 2367//2601 2422//2601 2368//2601
f 2368//2602 2422//2602 2423//2602
f 2368//2603 2423//2603 2369//2603
f 2369//2604 2423//2604 2424//2604
f 2369//2604 2424//2604 2370//2604
f 2370//2605 2424//2605 2425//2605
f 2370//2606 2425//2606 2371//2606
f 2371//2607 2425//2607 2426//2607
f 2371//2607 2426//2607 2372//2607
f 2372//2608 2426//2608 2427//2608
f 2372//2608 2427//2608 2373//2608
f 2373//2609 2427//2609 2428//2609
f 2373//2609 2428//2609 2374//2609
f 2374//2610 2428//2610 2429//2610
f 2374//2610 2429//2610 2375//2610
f 2375//2611 2429//2611 2430//2611
f 2375//2611 2430//2611 2376//2611
f 2376//2612 2430//2612 2431//2612
f 2376//2612 2431//2612 2377//2612
f 2377//2613 2431//2613 2432//2613
f 2377//2613 2432//2613 2378//2613
f 2378//2614 2432//2614 2433//2614
f 2378//2614 2433//2614 2379//2614
f 2379//2615 2433//2615 2434//2615
f 2379//2615 2434//2615 2380//2615
f 2380//2616 2434//2616 2435//2616
f 2380//2617 2435//2617 2381//2617
f 2381//2618 2435//2618 2436//2618
f 2381//2619 2436//2619 2382//2619
f 2382//2620 2436//2620 2437//2620
f 2382//2621 2437//2621 2383//2621
f 2383//2622 2437//2622 2438//2622
f 2383//2622 2438//2622 2384//2622
f 2384//2623 2438//2623 2439//2623
f 2384//2624 2439//2624 2385//2624
f 2385//2625 2439//2625 2440//2625
f 2385//2626 2440//2626 2386//2626
f 2386//2627 2440//2627 2441//2627
f 2386//2627 2441//2627 2387//2627
f 2387//2628 2441//2628 2442//2628
f 2387//2628 2442//2628 2388//2628
f 2388//2556 2442//2556 2389//2556
f 2442//2629 2443//2629 2389//2629
f 2389//2630 2443//2630 2444//2630
f 2389//2630 2444//2630 2390//2630
f 2390//2631 2444//2631 2445//2631
f 2390//2632 2445//2632 2391//2632
f 2391//2633 2445//2633 2446//2633
f 2391//2634 2446//2634 2392//2634
f 2392//2635 2446//2635 2447//2635
f 2392//2635 2447//2635 2393//2635
f 2393//2636 2447//2636 2448//2636
f 2393//2637 2448//2637 2394//2637
f 2394//2638 2448//2638 2449//2638
f 2394//2639 2449//2639 2395//2639
f 2395//2640 2449//2640 2450//2640
f 2395//2640 2450//2640 2396//2640
f 2396//2641 2450//2641 2451//2641
f 2396//2641 2451//2641 2397//2641
f 2397//2642 2451//2642 2452//2642
f 2397//2643 2452//2643 2398//2643
f 2398//2644 2452//2644 2453//2644
f 2398//2645 2453//2645 2399//2645
f 2399//2646 2453//2646 2454//2646
f 2399//2646 2454//2646 2400//2646
f 2400//2647 2454//2647 2455//2647
f 2400//2648 2455//2648 2401//2648
f 2401//2649 2455//2649 2456//2649
f 2401//2649 2456//2649 2402//2649
f 2402//2650 2456//2650 2457//2650
f 2402//2650 2457//2650 2403//2650
f 2403//2651 2457//2651 2458//2651
f 2403//2652 2458//2652 2404//2652
f 2404//2653 2458//2653 2459//2653
f 2404//2654 2459//2654 2405//2654
f 2405//2655 2459//2655 2460//2655
f 2405//2655 2460//2655 2406//2655
f 2406//2656 2460//2656 2461//2656
f 2406//2656 2461//2656 2407//2656
f 2407//2657 2461//2657 2462//2657
f 2407//2657 2462//2657 2408//2657
f 2408//2658 2462//2658 2463//2658
f 2408//2659 2463//2659 2409//2659
f 2409//2660 2463//2660 2464//2660
f 2409//2661 2464//2661 2410//2661
f 2410//2662 2464//2662 2465//2662
f 2410//2662 2465//2662 2411//2662
f 2411//2663 2465//2663 2466//2663
f 2411//2664 2466//2664 2412//2664
f 2412//2665 2466//2665 2467//2665
f 2412//2666 2467//2666 2413//2666
f 2413//2667 2467//2667 2468//2667
f 2413//2667 2468//2667 2414//2667
f 2414//2668 2468//2668 2469//2668
f 2414//2669 2469//2669 2415//2669
f 2415//2670 2469//2670 2470//2670
f 2415//2671 2470//2671 2416//2671
f 2416//2672 2470//2672 2471//2672
f 2416//2672 2471//2672 2417//2672
f 2417//2673 2471//2673 2472//2673
f 2417//2674 2472//2674 2418//2674
f 2418//2675 2472//2675 2473//2675
f 2418//2676 2473//2676 2419//2676
f 2419//2677 2473//2677 2474//2677
f 2419//2677 2474//2677 2420//2677
f 2420//2678 2474//2678 2475//2678
f 2420//2679 2475//2679 2421//2679
f 2421//2680 2475//2680 2476//2680
f 2421//2681 2476//2681 2422//2681
f 2422//2682 2476//2682 2477//2682
f 2422//2683 2477//2683 2423//2683
f 2423//2684 2477//2684 2478//2684
f 2423//2684 2478//2684 2424//2684
f 2424//2685 2478//2685 2479//2685
f 2424//2686 2479//2686 2425//2686
f 2425//2687 2479//2687 2480//2687
f 2425//2688 2480//2688 2426//2688
f 2426//2689 2480//2689 2481//2689
f 2426//2689 2481//2689 2427//2689
f 2427//2690 2481//2690 2482//2690
f 2427//2691 2482//2691 2428//2691
f 2428//2692 2482//2692 2483//2692
f 2428//2692 2483//2692 2429//2692
f 2429//2693 2483//2693 2484//2693
f 2429//2693 2484//2693 2430//2693
f 2430//2694 2484//2694 2485//2694
f 2430//2695 2485//2695 2431//2695
f 2431//2696 2485//2696 2486//2696
f 2431//2697 2486//2697 2432//2697
f 2432//2698 2486//2698 2487//2698
f 2432//2698 2487//2698 2433//2698
f 2433//2699 2487//2699 2488//2699
f 2433//2699 2488//2699 2434//2699
f 2434//2700 2488//2700 2489//2700
f 2434//2700 2489//2700 2435//2700
f 2435//2701 2489//2701 2490//2701
f 2435//2702 2490//2702 2436//2702
f 2436//2703 2490//2703 2491//2703
f 2436//2704 2491//2704 2437//2704
f 2437//2705 2491//2705 2492//2705
f 2437//2705 2492//2705 2438//2705
f 2438//2706 2492//2706 2493//2706
f 2438//2707 2493//2707 2439//2707
f 2439//2708 2493//2708 2494//2708
f 2439//2709 2494//2709 2440//2709
f 2440//2710 2494//2710 2495//2710
f 2440//2710 2495//2710 2441//2710
f 2441//2711 2495//2711 2496//2711
f 2441//2712 2496//2712 2442//2712
f 2442//2713 2496//2713 2443//2713
f 2496//2714 2497//2714 2443//2714
f 2443//2715 2497//2715 2498//2715
f 2443//2715 2498//2715 2444//2715
f 2444//2716 2498//2716 2499//2716
f 2444//2717 2499//2717 2445//2717
f 2445//2718 2499//2718 2500//2718
f 2445//2719 2500//2719 2446//2719
f 2446//2720 2500//2720 2501//2720
f 2446//2720 2501//2720 2447//2720
f 2447//2721 2501//2721 2502//2721
f 2447//2721 2502//2721 2448//2721
f 2448//2722 2502//2722 2503//2722
f 2448//2722 2503//2722 2449//2722
f 2449//2723 2503//2723 2504//2723
f 2449//2723 2504//2723 2450//2723
f 2450//2724 2504//2724 2505//2724
f 2450//2725 2505//2725 2451//2725
f 2451//2726 2505//2726 2506//2726
f 2451//2726 2506//2726 2452//2726
f 2452//2727 2506//2727 2507//2727
f 2452//2727 2507//2727 2453//2727
f 2453//2728 2507//2728 2508//2728
f 2453//2729 2508//2729 2454//2729
f 2454//2730 2508//2730 2509//2730
f 2454//2731 2509//2731 2455//2731
f 2455//2732 2509//2732 2510//2732
f 2455//2732 2510//2732 2456//2732
f 2456//2733 2510//2733 2511//2733
f 2456//2734 2511//2734 2457//2734
f 2457//2735 2511//2735 2512//2735
f 2457//2735 2512//2735 2458//2735
f 2458//2736 2512//2736 2513//2736
f 2458//2736 2513//2736 2459//2736
f 2459//2737 2513//2737 2514//2737
f 2459//2738 2514//2738 2460//2738
f 2460//2739 2514//2739 2515//2739
f 2460//2740 2515//2740 2461//2740
f 2461//2741 2515//2741 2516//2741
f 2461//2741 2516//2741 2462//2741
f 2462//2742 2516//2742 2517//2742
f 2462//2742 2517//2742 2463//2742
f 2463//2743 2517//2743 2518//2743
f 2463//2743 2518//2743 2464//2743
f 2464//2744 2518//2744 2519//2744
f 2464//2744 2519//2744 2465//2744
f 2465//2745 2519//2745 2520//2745
f 2465//2746 2520//2746 2466//2746
f 2466//2747 2520//2747 2521//2747
f 2466//2748 2521//2748 2467//2748
f 2467//2749 2521//2749 2522//2749
f 2467//2749 2522//2749 2468//2749
f 2468//2750 2522//2750 2523//2750
f 2468//2751 2523//2751 2469//2751
f 2469//2752 2523//2752 2524//2752
f 2469//2753 2524//2753 2470//2753
f 2470//2754 2524//2754 2525//2754
f 2470//2754 2525//2754 2471//2754
f 2471//2755 2525//2755 2526//2755
f 2471//2756 2526//2756 2472//2756
f 2472//2757 2526//2757 2527//2757
f 2472//2758 2527//2758 2473//2758
f 2473//2759 2527//2759 2528//2759
f 2473//2759 2528//2759 2474//2759
f 2474//2760 2528//2760 2529//2760
f 2474//2760 2529//2760 2475//2760
f 2475//2761 2529//2761 2530//2761
f 2475//2761 2530//2761 2476//2761
f 2476//2762 2530//2762 2531//2762
f 2476//2762 2531//2762 2477//2762
f 2477//2763 2531//2763 2532//2763
f 2477//2764 2532//2764 2478//2764
f 2478//2765 2532//2765 2533//2765
f 2478//2765 2533//2765 2479//2765
f 2479//2766 2533//2766 2534//2766
f 2479//2766 2534//2766 2480//2766
f 2480//2767 2534//2767 2535//2767
f 2480//2767 2535//2767 2481//2767
f 2481//2768 2535//2768 2536//2768
f 2481//2769 2536//2769 2482//2769
f 2482//2770 2536//2770 2537//2770
f 2482//2770 2537//2770 2483//2770
f 2483//2771 2537//2771 2538//2771
f 2483//2772 2538//2772 2484//2772
f 2484//2773 2538//2773 2539//2773
f 2484//2773 2539//2773 2485//2773
f 2485//2774 2539//2774 2540//2774
f 2485//2774 2540//2774 2486//2774
f 2486//2775 2540//2775 2541//2775
f 2486//2776 2541//2776 2487//2776
f 2487//2777 2541//2777 2542//2777
f 2487//2778 2542//2778 2488//2778
f 2488//2779 2542//2779 2543//2779
f 2488//2779 2543//2779 2489//2779
f 2489//2780 2543//2780 2544//2780
f 2489//2780 2544//2780 2490//2780
f 2490//2781 2544//2781 2545//2781
f 2490//2781 2545//2781 2491//2781
f 2491//2782 2545//2782 2546//2782
f 2491//2782 2546//2782 2492//2782
f 2492//2783 2546//2783 2547//2783
f 2492//2784 2547//2784 2493//2784
f 2493//2785 2547//2785 2548//2785
f 2493//2786 2548//2786 2494//2786
f 2494//2787 2548//2787 2549//2787
f 2494//2787 2549//2787 2495//2787
f 2495//2788 2549//2788 2550//2788
f 2495//2789 2550//2789 2496//2789
f 2496//2790 2550//2790 2497//2790
f 2550//2791 2551//2791 2497//2791
f 2497//2792 2551//2792 2552//2792
f 2497//2792 2552//2792 2498//2792
f 2498//2793 2552//2793 2553//2793
f 2498//2794 2553//2794 2499//2794
f 2499//2795 2553//2795 2554//2795
f 2499//2795 2554//2795 2500//2795
f 2500//2796 2554//2796 2555//2796
f 2500//2796 2555//2796 2501//2796
f 2501//2797 2555//2797 2556//2797
f 2501//2797 2556//2797 2502//2797
f 2502//2798 2556//2798 2557//2798
f 2502//2798 2557//2798 2503//2798
f 2503//2799 2557//2799 2558//2799
f 2503//2799 2558//2799 2504//2799
f 2504//2800 2558//2800 2559//2800
f 2504//2801 2559//2801 2505//2801
f 2505//2802 2559//2802 2560//2802
f 2505//2803 2560//2803 2506//2803
f 2506//2804 2560//2804 2561//2804
f 2506//2805 2561//2805 2507//2805
f 2507//2806 2561//2806 2562//2806
f 2507//2807 2562//2807 2508//2807
f 2508//2808 2562//2808 2563//2808
f 2508//2809 2563//2809 2509//2809
f 2509//2810 2563//2810 2564//2810
f 2509//2811 2564//2811 2510//2811
f 2510//2812 2564//2812 2565//2812
f 2510//2813 2565//2813 2511//2813
f 2511//2814 2565//2814 2566//2814
f 2511//2815 2566//2815 2512//2815
f 2512//2816 2566//2816 2567//2816
f 2512//2817 2567//2817 2513//2817
f 2513//2818 2567//2818 2568//2818
f 2513//2819 2568//2819 2514//2819
f 2514//2820 2568//2820 2569//2820
f 2514//2821 2569//2821 2515//2821
f 2515//2822 2569//2822 2570//2822
f 2515//2822 2570//2822 2516//2822
f 2516//2823 2570//2823 2571//2823
f 2516//2824 2571//2824 2517//2824
f 2517//2825 2571//2825 2572//2825
f 2517//2826 2572//2826 2518//2826
f 2518//2827 2572//2827 2573//2827
f 2518//2827 2573//2827 2519//2827
f 2519//2828 2573//2828 2574//2828
f 2519//2828 2574//2828 2520//2828
f 2520//2829 2574//2829 2575//2829
f 2520//2830 2575//2830 2521//2830
f 2521//2831 2575//2831 2576//2831
f 2521//2831 2576//2831 2522//2831
f 2522//2832 2576//2832 2577//2832
f 2522//2832 2577//2832 2523//2832
f 2523//2833 2577//2833 2578//2833
f 2523//2833 2578//2833 2524//2833
f 2524//2834 2578//2834 2579//2834
f 2524//2834 2579//2834 2525//2834
f 2525//2835 2579//2835 2580//2835
f 2525//2836 2580//2836 2526//2836
f 2526//2837 2580//2837 2581//2837
f 2526//2838 2581//2838 2527//2838
f 2527//2839 2581//2839 2582//2839
f 2527//2839 2582//2839 2528//2839
f 2528//2840 2582//2840 2583//2840
f 2528//2840 2583//2840 2529//2840
f 2529//2841 2583//2841 2584//2841
f 2529//2841 2584//2841 2530//2841
f 2530//2842 2584//2842 2585//2842
f 2530//2842 2585//2842 2531//2842
f 2531//2843 2585//2843 2586//2843
f 2531//2844 2586//2844 2532//2844
f 2532//2845 2586//2845 2587//2845
f 2532//2846 2587//2846 2533//2846
f 2533//2847 2587//2847 2588//2847
f 2533//2848 2588//2848 2534//2848
f 2534//2849 2588//2849 2589//2849
f 2534//2850 2589//2850 2535//2850
f 2535//2851 2589//2851 2590//2851
f 2535//2852 2590//2852 2536//2852
f 2536//2853 2590//2853 2591//2853
f 2536//2854 2591//2854 2537//2854
f 2537//2855 2591//2855 2592//2855
f 2537//2856 2592//2856 2538//2856
f 2538//2857 2592//2857 2593//2857
f 2538//2858 2593//2858 2539//2858
f 2539//2859 2593//2859 2594//2859
f 2539//2860 2594//2860 2540//2860
f 2540//2861 2594//2861 2595//2861
f 2540//2861 2595//2861 2541//2861
f 2541//2862 2595//2862 2596//2862
f 2541//2863 2596//2863 2542//2863
f 2542//2864 2596//2864 2597//2864
f 2542//2864 2597//2864 2543//2864
f 2543//2865 2597//2865 2598//2865
f 2543//2866 2598//2866 2544//2866
f 2544//2867 2598//2867 2599//2867
f 2544//2868 2599//2868 2545//2868
f 2545//2869 2599//2869 2600//2869
f 2545//2869 2600//2869 2546//2869
f 2546//2870 2600//2870 2601//2870
f 2546//2871 2601//2871 2547//2871
f 2547//2872 2601//2872 2602//2872
f 2547//2873 2602//2873 2548//2873
f 2548//2874 2602//2874 2603//2874
f 2548//2875 2603//2875 2549//2875
f 2549//2876 2603//2876 2604//2876
f 2549//2876 2604//2876 2550//2876
f 2550//2791 2604//2791 2551//2791
f 2604//2877 2605//2877 2551//2877
f 2551//2878 2605//2878 2606//2878
f 2551//2878 2606//2878 2552//2878
f 2552//2879 2606//2879 2607//2879
f 2552//2880 2607//2880 2553//2880
f 2553//2881 2607//2881 2608//2881
f 2553//2882 2608//2882 2554//2882
f 2554//2883 2608//2883 2609//2883
f 2554//2883 2609//2883 2555//2883
f 2555//2884 2609//2884 2610//2884
f 2555//2884 2610//2884 2556//2884
f 2556//2885 2610//2885 2611//2885
f 2556//2885 2611//2885 2557//2885
f 2557//2886 2611//2886 2612//2886
f 2557//2887 2612//2887 2558//2887
f 2558//2888 2612//2888 2613//2888
f 2558//2888 2613//2888 2559//2888
f 2559//2889 2613//2889 2614//2889
f 2559//2890 2614//2890 2560//2890
f 2560//2891 2614//2891 2615//2891
f 2560//2891 2615//2891 2561//2891
f 2561//2892 2615//2892 2616//2892
f 2561//2892 2616//2892 2562//2892
f 2562//2893 2616//2893 2617//2893
f 2562//2893 2617//2893 2563//2893
f 2563//2894 2617//2894 2618//2894
f 2563//2895 2618//2895 2564//2895
f 2564//2896 2618//2896 2619//2896
f 2564//2896 2619//2896 2565//2896
f 2565//2897 2619//2897 2620//2897
f 2565//2898 2620//2898 2566//2898
f 2566//2899 2620//2899 2621//2899
f 2566//2899 2621//2899 2567//2899
f 2567//2900 2621//2900 2622//2900
f 2567//2901 2622//2901 2568//2901
f 2568//2902 2622//2902 2623//2902
f 2568//2902 2623//2902 2569//2902
f 2569//2903 2623//2903 2624//2903
f 2569//2904 2624//2904 2570//2904
f 2570//2905 2624//2905 2625//2905
f 2570//2905 2625//2905 2571//2905
f 2571//2906 2625//2906 2626//2906
f 2571//2906 2626//2906 2572//2906
f 2572//2907 2626//2907 2627//2907
f 2572//2907 2627//2907 2573//2907
f 2573//2908 2627//2908 2628//2908
f 2573//2909 2628//2909 2574//2909
f 2574//2910 2628//2910 2629//2910
f 2574//2911 2629//2911 2575//2911
f 2575//2912 2629//2912 2630//2912
f 2575//2912 2630//2912 2576//2912
f 2576//2913 2630//2913 2631//2913
f 2576//2913 2631//2913 2577//2913
f 2577//2914 2631//2914 2632//2914
f 2577//2914 2632//2914 2578//2914
f 2578//2915 2632//2915 2633//2915
f 2578//2915 2633//2915 2579//2915
f 2579//2916 2633//2916 2634//2916
f 2579//2917 2634//2917 2580//2917
f 2580//2918 2634//2918 2635//2918
f 2580//2919 2635//2919 2581//2919
f 2581//2920 2635//2920 2636//2920
f 2581//2920 2636//2920 2582//2920
f 2582//2921 2636//2921 2637//2921
f 2582//2921 2637//2921 2583//2921
f 2583//2922 2637//2922 2638//2922
f 2583//2922 2638//2922 2584//2922
f 2584//2923 2638//2923 2639//2923
f 2584//2924 2639//2924 2585//2924
f 2585//2925 2639//2925 2640//2925
f 2585//2925 2640//2925 2586//2925
f 2586//2926 2640//2926 2641//2926
f 2586//2926 2641//2926 2587//2926
f 2587//2927 2641//2927 2642//2927
f 2587//2927 2642//2927 2588//2927
f 2588//2928 2642//2928 2643//2928
f 2588//2928 2643//2928 2589//2928
f 2589//2929 2643//2929 2644//2929
f 2589//2929 2644//2929 2590//2929
f 2590//2930 2644//2930 2645//2930
f 2590//2931 2645//2931 2591//2931
f 2591//2932 2645//2932 2646//2932
f 2591//2932 2646//2932 2592//2932
f 2592//2933 2646//2933 2647//2933
f 2592//2934 2647//2934 2593//2934
f 2593//2935 2647//2935 2648//2935
f 2593//2935 2648//2935 2594//2935
f 2594//2936 2648//2936 2649//2936
f 2594//2937 2649//2937 2595//2937
f 2595//2938 2649//2938 2650//2938
f 2595//2938 2650//2938 2596//2938
f 2596//2939 2650//2939 2651//2939
f 2596//2940 2651//2940 2597//2940
f 2597//2941 2651//2941 2652//2941
f 2597//2941 2652//2941 2598//2941
f 2598//2942 2652//2942 2653//2942
f 2598//2942 2653//2942 2599//2942
f 2599//2943 2653//2943 2654//2943
f 2599//2943 2654//2943 2600//2943
f 2600//2944 2654//2944 2655//2944
f 2600//2945 2655//2945 2601//2945
f 2601//2946 2655//2946 2656//2946
f 2601//2947 2656//2947 2602//2947
f 2602//2948 2656//2948 2657//2948
f 2602//2948 2657//2948 2603//2948
f 2603//2949 2657//2949 2658//2949
f 2603//2949 2658//2949 2604//2949
f 2604//2877 2658//2877 2605//2877
f 2658//2950 2659//2950 2605//2950
f 2605//2951 2659//2951 2660//2951
f 2605//2951 2660//2951 2606//2951
f 2606//2952 2660//2952 2661//2952
f 2606//2953 2661//2953 2607//2953
f 2607//2954 2661//2954 2662//2954
f 2607//2954 2662//2954 2608//2954
f 2608//2955 2662//2955 2663//2955
f 2608//2955 2663//2955 2609//2955
f 2609//2956 2663//2956 2664//2956
f 2609//2957 2664//2957 2610//2957
f 2610//2958 2664//2958 2665//2958
f 2610//2958 2665//2958 2611//2958
f 2611//2959 2665//2959 2666//2959
f 2611//2959 2666//2959 2612//2959
f 2612//2960 2666//2960 2667//2960
f 2612//2960 2667//2960 2613//2960
f 2613//2961 2667//2961 2668//2961
f 2613//2961 2668//2961 2614//2961
f 2614//2962 2668//2962 2669//2962
f 2614//2962 2669//2962 2615//2962
f 2615//2963 2669//2963 2670//2963
f 2615//2963 2670//2963 2616//2963
f 2616//2964 2670//2964 2671//2964
f 2616//2964 2671//2964 2617//2964
f 2617//2965 2671//2965 2672//2965
f 2617//2965 2672//2965 2618//2965
f 2618//2966 2672//2966 2673//2966
f 2618//2967 2673//2967 2619//2967
f 2619//2968 2673//2968 2674//2968
f 2619//2968 2674//2968 2620//2968
f 2620//2969 2674//2969 2675//2969
f 2620//2970 2675//2970 2621//2970
f 2621//2971 2675//2971 2676//2971
f 2621//2971 2676//2971 2622//2971
f 2622//2972 2676//2972 2677//2972
f 2622//2972 2677//2972 2623//2972
f 2623//2973 2677//2973 2678//2973
f 2623//2973 2678//2973 2624//2973
f 2624//2974 2678//2974 2679//2974
f 2624//2974 2679//2974 2625//2974
f 2625//2975 2679//2975 2680//2975
f 2625//2976 2680//2976 2626//2976
f 2626//2977 2680//2977 2681//2977
f 2626//2977 2681//2977 2627//2977
f 2627//2978 2681//2978 2682//2978
f 2627//2978 2682//2978 2628//2978
f 2628//2979 2682//2979 2683//2979
f 2628//2979 2683//2979 2629//2979
f 2629//2980 2683//2980 2684//2980
f 2629//2980 2684//2980 2630//2980
f 2630//2981 2684//2981 2685//2981
f 2630//2981 2685//2981 2631//2981
f 2631//2982 2685//2982 2686//2982
f 2631//2982 2686//2982 2632//2982
f 2632//2983 2686//2983 2687//2983
f 2632//2983 2687//2983 2633//2983
f 2633//2984 2687//2984 2688//2984
f 2633//2985 2688//2985 2634//2985
f 2634//2986 2688//2986 2689//2986
f 2634//2986 2689//2986 2635//2986
f 2635//2987 2689//2987 2690//2987
f 2635//2987 2690//2987 2636//2987
f 2636//2988 2690//2988 2691//2988
f 2636//2989 2691//2989 2637//2989
f 2637//2990 2691//2990 2692//2990
f 2637//2990 2692//2990 2638//2990
f 2638//2991 2692//2991 2693//2991
f 2638//2991 2693//2991 2639//2991
f 2639//2992 2693//2992 2694//2992
f 2639//2992 2694//2992 2640//2992
f 2640//2993 2694//2993 2695//2993
f 2640//2993 2695//2993 2641//2993
f 2641//2994 2695//2994 2696//2994
f 2641//2994 2696//2994 2642//2994
f 2642//2995 2696//2995 2697//2995
f 2642//2995 2697//2995 2643//2995
f 2643//2996 2697//2996 2698//2996
f 2643//2996 2698//2996 2644//2996
f 2644//2997 2698//2997 2699//2997
f 2644//2997 2699//2997 2645//2997
f 2645//2998 2699//2998 2700//2998
f 2645//2999 2700//2999 2646//2999
f 2646//3000 2700//3000 2701//3000
f 2646//3000 2701//3000 2647//3000
f 2647//3001 2701//3001 2702//3001
f 2647//3002 2702//3002 2648//3002
f 2648//3003 2702//3003 2703//3003
f 2648//3003 2703//3003 2649//3003
f 2649//3004 2703//3004 2704//3004
f 2649//3004 2704//3004 2650//3004
f 2650//3005 2704//3005 2705//3005
f 2650//3005 2705//3005 2651//3005
f 2651//3006 2705//3006 2706//3006
f 2651//3006 2706//3006 2652//3006
f 2652//3007 2706//3007 2707//3007
f 2652//3008 2707//3008 2653//3008
f 2653//3009 2707//3009 2708//3009
f 2653//3009 2708//3009 2654//3009
f 2654//3010 2708//3010 2709//3010
f 2654//3010 2709//3010 2655//3010
f 2655//3011 2709//3011 2710//3011
f 2655//3011 2710//3011 2656//3011
f 2656//3012 2710//3012 2711//3012
f 2656//3012 2711//3012 2657//3012
f 2657//3013 2711//3013 2712//3013
f 2657//3013 2712//3013 2658//3013
f 2658//2950 2712//2950 2659//2950
f 612//3014 2713//3014 2714//3014
f 612//3014 2714//3014 613//3014
f 613//3015 2714//3015 2715//3015
f 613//3015 2715//3015 614//3015
f 2716//152 2717//152 2718//152
f 2718//152 2717//152 2719//152
f 2720//3016 335//3016 334//3016
f 2720//3016 334//3016 2721//3016
f 2721//3017 334//3017 333//3017
f 2721//3017 333//3017 644//3017
f 2722//3018 2723//3018 2724//3018
f 2724//3018 2723//3018 2725//3018
f 2724//3019 2725//3019 2726//3019
f 2726//3019 2725//3019 2727//3019
f 2726//3020 2727//3020 2728//3020
f 2728//3020 2727//3020 2729//3020
f 2728//3021 2729//3021 2730//3021
f 2730//3021 2729//3021 2731//3021
f 2730//3022 2731//3022 2732//3022
f 2732//3022 2731//3022 2733//3022
f 2732//3023 2733//3023 2734//3023
f 2734//3023 2733//3023 2735//3023
f 2734//3024 2735//3024 2736//3024
f 2736//3025 2735//3025 2737//3025
f 2736//3026 2737//3026 2738//3026
f 2738//3026 2737//3026 2739//3026
f 2738//3027 2739//3027 2740//3027
f 2740//3027 2739//3027 2741//3027
f 2740//3028 2741//3028 2742//3028
f 2742//3028 2741//3028 2743//3028
f 2742//3029 2743//3029 2744//3029
f 2744//3029 2743//3029 2745//3029
f 2744//3030 2745//3030 2746//3030
f 2746//3030 2745//3030 2747//3030
f 2746//3031 2747//3031 2748//3031
f 2748//3031 2747//3031 2749//3031
f 2748//3032 2749//3032 2750//3032
f 2750//3032 2749//3032 2751//3032
f 2750//3033 2751//3033 2752//3033
f 2752//3034 2751//3034 2753//3034
f 2752//3035 2753//3035 2754//3035
f 2754//3036 2753//3036 2755//3036
f 2754//3037 2755//3037 2756//3037
f 2756//3037 2755//3037 2757//3037
f 2756//3038 2757//3038 2758//3038
f 2758//3038 2757//3038 2759//3038
f 2758//3039 2759//3039 2760//3039
f 2760//3039 2759//3039 2761//3039
f 2760//3040 2761//3040 2762//3040
f 2762//3040 2761//3040 2763//3040
f 2762//3041 2763//3041 2764//3041
f 2764//3041 2763//3041 2765//3041
f 2764//3042 2765//3042 2766//3042
f 2766//3042 2765//3042 2767//3042
f 2766//3043 2767//3043 2768//3043
f 2768//3043 2767//3043 2769//3043
f 2768//3044 2769//3044 2770//3044
f 2770//3044 2769//3044 2771//3044
f 2770//3045 2771//3045 2772//3045
f 2772//3046 2771//3046 2773//3046
f 2772//3047 2773//3047 2774//3047
f 2774//3047 2773//3047 2775//3047
f 2774//3048 2775//3048 2776//3048
f 2776//3048 2775//3048 2777//3048
f 2776//3049 2777//3049 2778//3049
f 2778//3049 2777//3049 2779//3049
f 2778//3050 2779//3050 2780//3050
f 2780//3050 2779//3050 2781//3050
f 2780//3051 2781//3051 2782//3051
f 2782//3051 2781//3051 2783//3051
f 2782//3052 2783//3052 2784//3052
f 2784//3052 2783//3052 2785//3052
f 2784//3053 2785//3053 2786//3053
f 2786//3053 2785//3053 2787//3053
f 2786//3054 2787//3054 2788//3054
f 2788//3055 2787//3055 2789//3055
f 2788//3056 2789//3056 2790//3056
f 2790//3057 2789//3057 2791//3057
f 2790//3058 2791//3058 2792//3058
f 2792//3058 2791//3058 2793//3058
f 2792//3059 2793//3059 2722//3059
f 2722//3059 2793//3059 2723//3059
f 568//3060 2794//3060 566//3060
f 566//3060 2794//3060 2795//3060
f 566//3061 2795//3061 564//3061
f 564//3062 2795//3062 2796//3062
f 564//3063 2796//3063 562//3063
f 562//3063 2796//3063 2797//3063
f 562//3064 2797//3064 560//3064
f 560//3064 2797//3064 2798//3064
f 560//3065 2798//3065 558//3065
f 558//3065 2798//3065 2799//3065
f 558//3066 2799//3066 556//3066
f 556//3066 2799//3066 2800//3066
f 556//3067 2800//3067 554//3067
f 554//3068 2800//3068 2801//3068
f 554//3069 2801//3069 552//3069
f 552//3069 2801//3069 2802//3069
f 552//3070 2802//3070 550//3070
f 550//3070 2802//3070 2803//3070
f 550//3071 2803//3071 548//3071
f 548//3071 2803//3071 2804//3071
f 548//3072 2804//3072 546//3072
f 546//3072 2804//3072 2805//3072
f 546//3073 2805//3073 544//3073
f 544//3073 2805//3073 2806//3073
f 544//3074 2806//3074 542//3074
f 542//3074 2806//3074 2807//3074
f 542//3075 2807//3075 540//3075
f 540//3075 2807//3075 2808//3075
f 540//3076 2808//3076 538//3076
f 538//3077 2808//3077 2809//3077
f 538//3078 2809//3078 536//3078
f 536//3079 2809//3079 2810//3079
f 536//3080 2810//3080 534//3080
f 534//3080 2810//3080 2811//3080
f 534//3081 2811//3081 532//3081
f 532//3081 2811//3081 2812//3081
f 532//3082 2812//3082 530//3082
f 530//3082 2812//3082 2813//3082
f 530//3083 2813//3083 528//3083
f 528//3084 2813//3084 2814//3084
f 528//3085 2814//3085 526//3085
f 526//3085 2814//3085 2815//3085
f 526//3086 2815//3086 524//3086
f 524//3086 2815//3086 2816//3086
f 524//3087 2816//3087 522//3087
f 522//3087 2816//3087 2817//3087
f 522//3088 2817//3088 520//3088
f 520//3088 2817//3088 2818//3088
f 520//3089 2818//3089 518//3089
f 518//3090 2818//3090 2819//3090
f 518//3091 2819//3091 516//3091
f 516//3091 2819//3091 2820//3091
f 516//3092 2820//3092 586//3092
f 586//3092 2820//3092 2821//3092
f 586//3093 2821//3093 584//3093
f 584//3093 2821//3093 2822//3093
f 584//3094 2822//3094 582//3094
f 582//3094 2822//3094 2823//3094
f 582//3095 2823//3095 580//3095
f 580//3095 2823//3095 2824//3095
f 580//3096 2824//3096 578//3096
f 578//3096 2824//3096 2825//3096
f 578//3097 2825//3097 576//3097
f 576//3097 2825//3097 2826//3097
f 576//3098 2826//3098 574//3098
f 574//3099 2826//3099 2827//3099
f 574//3100 2827//3100 572//3100
f 572//3101 2827//3101 2828//3101
f 572//3102 2828//3102 570//3102
f 570//3102 2828//3102 2829//3102
f 570//3103 2829//3103 568//3103
f 568//3103 2829//3103 2794//3103
f 281//175 283//175 2830//175
f 2831//175 258//175 260//175
f 2832//175 281//175 2833//175
f 2833//175 281//175 2830//175
f 2833//175 2830//175 2834//175
f 2834//175 2830//175 2835//175
f 2834//175 2835//175 2836//175
f 2836//175 2835//175 2831//175
f 2836//175 2831//175 2837//175
f 2837//175 2831//175 260//175
f 2838//175 2839//175 2840//175
f 2840//175 2839//175 424//175
f 283//175 285//175 2841//175
f 2841//175 285//175 2842//175
f 285//175 2843//175 2842//175
f 2842//175 2843//175 2844//175
f 2842//175 2844//175 2838//175
f 2838//175 2844//175 2845//175
f 2838//175 2845//175 2839//175
f 2839//175 2845//175 2846//175
f 2839//175 2846//175 2847//175
f 2848//3104 2849//3104 2850//3104
f 2851//3105 2852//3105 2853//3105
f 2848//3106 2850//3106 2854//3106
f 2854//3107 2850//3107 2855//3107
f 2854//3108 2855//3108 2853//3108
f 2853//3109 2855//3109 2856//3109
f 2853//3110 2856//3110 2851//3110
f 2851//3111 2857//3111 2852//3111
f 2852//3112 2857//3112 2858//3112
f 2852//3113 2858//3113 2859//3113
f 2858//3114 2860//3114 2859//3114
f 2859//3115 2860//3115 2861//3115
f 2859//3115 2861//3115 2862//3115
f 2862//3116 2861//3116 2863//3116
f 2862//3117 2863//3117 2864//3117
f 2864//3118 2863//3118 2865//3118
f 2864//3119 2865//3119 2866//3119
f 2866//3120 2865//3120 2867//3120
f 2867//3121 2868//3121 2866//3121
f 2866//3122 2868//3122 2869//3122
f 2866//3122 2869//3122 2870//3122
f 2870//3123 2869//3123 2871//3123
f 2870//3124 2871//3124 2872//3124
f 2872//3125 2871//3125 2873//3125
f 2872//3126 2873//3126 2874//3126
f 2874//3127 2873//3127 2875//3127
f 2875//3128 2876//3128 2874//3128
f 2874//3129 2876//3129 2877//3129
f 2874//3129 2877//3129 2878//3129
f 2878//3130 2877//3130 2879//3130
f 2878//3131 2879//3131 2880//3131
f 2879//3132 2881//3132 2880//3132
f 2880//3133 2881//3133 2882//3133
f 2880//3134 2882//3134 2883//3134
f 2883//3135 2882//3135 2884//3135
f 2883//3136 2884//3136 2885//3136
f 2885//3137 2884//3137 2886//3137
f 2886//3138 2887//3138 2885//3138
f 2885//3139 2887//3139 2888//3139
f 2885//3139 2888//3139 2889//3139
f 2889//3140 2888//3140 2890//3140
f 2889//3141 2890//3141 2891//3141
f 2891//3142 2890//3142 2892//3142
f 2891//3143 2892//3143 2893//3143
f 2893//3144 2892//3144 2894//3144
f 2894//3145 2895//3145 2893//3145
f 2893//3146 2895//3146 2896//3146
f 2893//3146 2896//3146 2897//3146
f 2897//3147 2896//3147 2898//3147
f 2897//3148 2898//3148 2899//3148
f 2899//3149 2898//3149 2900//3149
f 2899//3150 2900//3150 2901//3150
f 2901//3151 2900//3151 2902//3151
f 2902//3152 2903//3152 2901//3152
f 2901//3153 2903//3153 2904//3153
f 2901//3153 2904//3153 2905//3153
f 2905//3154 2904//3154 2906//3154
f 2905//3155 2906//3155 2907//3155
f 2906//3156 2908//3156 2907//3156
f 2907//3157 2908//3157 2909//3157
f 2907//3158 2909//3158 2910//3158
f 2910//3159 2909//3159 2911//3159
f 2910//3160 2911//3160 2912//3160
f 2912//3161 2911//3161 2913//3161
f 2913//3162 2914//3162 2912//3162
f 2912//3163 2914//3163 2915//3163
f 2912//3164 2915//3164 2916//3164
f 2916//3165 2915//3165 2917//3165
f 2916//3166 2917//3166 2918//3166
f 2918//3167 2917//3167 2919//3167
f 2918//3168 2919//3168 2920//3168
f 2920//3169 2919//3169 2921//3169
f 2922//3170 2923//3170 2924//3170
f 2921//3171 2925//3171 2920//3171
f 2920//3172 2925//3172 2926//3172
f 2920//3173 2926//3173 2927//3173
f 2927//3174 2926//3174 2928//3174
f 2927//3175 2928//3175 2924//3175
f 2924//3176 2928//3176 2929//3176
f 2924//3177 2929//3177 2922//3177
f 2922//3178 2930//3178 2923//3178
f 2923//3179 2930//3179 2931//3179
f 2923//3180 2931//3180 2932//3180
f 2931//3181 2933//3181 2932//3181
f 2932//3182 2933//3182 2934//3182
f 2932//3182 2934//3182 2935//3182
f 2935//3183 2934//3183 2936//3183
f 2935//3184 2936//3184 2937//3184
f 2937//3185 2936//3185 2938//3185
f 2937//3186 2938//3186 2939//3186
f 2939//3187 2938//3187 2940//3187
f 2940//3188 2941//3188 2939//3188
f 2939//3189 2941//3189 2942//3189
f 2939//3189 2942//3189 2943//3189
f 2943//3190 2942//3190 2944//3190
f 2943//3191 2944//3191 2945//3191
f 2945//3192 2944//3192 2946//3192
f 2945//3193 2946//3193 2947//3193
f 2947//3194 2946//3194 2948//3194
f 2948//3195 2949//3195 2947//3195
f 2947//3196 2949//3196 2950//3196
f 2947//3196 2950//3196 2951//3196
f 2951//3197 2950//3197 2952//3197
f 2951//3198 2952//3198 2953//3198
f 2952//3199 2954//3199 2953//3199
f 2953//3200 2954//3200 2955//3200
f 2953//3201 2955//3201 2956//3201
f 2956//3202 2955//3202 2957//3202
f 2956//3203 2957//3203 2958//3203
f 2958//3204 2957//3204 2959//3204
f 2959//3205 2960//3205 2958//3205
f 2958//3206 2960//3206 2961//3206
f 2958//3206 2961//3206 2962//3206
f 2962//3207 2961//3207 2963//3207
f 2962//3208 2963//3208 2964//3208
f 2964//3209 2963//3209 2965//3209
f 2964//3210 2965//3210 2966//3210
f 2966//3211 2965//3211 2967//3211
f 2967//3212 2968//3212 2966//3212
f 2966//3213 2968//3213 2969//3213
f 2966//3213 2969//3213 2970//3213
f 2970//3214 2969//3214 2971//3214
f 2970//3215 2971//3215 2972//3215
f 2972//3216 2971//3216 2973//3216
f 2972//3217 2973//3217 2974//3217
f 2974//3218 2973//3218 2975//3218
f 2975//3219 2976//3219 2974//3219
f 2974//3220 2976//3220 2977//3220
f 2974//3220 2977//3220 2978//3220
f 2978//3221 2977//3221 2979//3221
f 2978//3222 2979//3222 2980//3222
f 2979//3223 2981//3223 2980//3223
f 2980//3224 2981//3224 2982//3224
f 2980//3225 2982//3225 2983//3225
f 2983//3226 2982//3226 2984//3226
f 2983//3227 2984//3227 2985//3227
f 2985//3228 2984//3228 2986//3228
f 2986//3229 2987//3229 2985//3229
f 2985//3230 2987//3230 2988//3230
f 2985//3231 2988//3231 2989//3231
f 2989//3232 2988//3232 2990//3232
f 2989//3233 2990//3233 2991//3233
f 2991//3234 2990//3234 2992//3234
f 2991//3235 2992//3235 2848//3235
f 2848//3236 2992//3236 2993//3236
f 2848//3237 2993//3237 2849//3237
f 2991//3238 2994//3238 2989//3238
f 2989//3239 2994//3239 2995//3239
f 2989//3239 2995//3239 2985//3239
f 2985//3240 2995//3240 2996//3240
f 2985//3241 2996//3241 2983//3241
f 2983//3242 2996//3242 2997//3242
f 2983//3243 2997//3243 2980//3243
f 2980//3244 2997//3244 2998//3244
f 2980//3245 2998//3245 2978//3245
f 2978//3246 2998//3246 2999//3246
f 2978//3247 2999//3247 2974//3247
f 2974//3248 2999//3248 3000//3248
f 2974//3249 3000//3249 2972//3249
f 2972//3250 3000//3250 3001//3250
f 2972//3250 3001//3250 2970//3250
f 2970//3251 3001//3251 3002//3251
f 2970//3252 3002//3252 2966//3252
f 2966//3253 3002//3253 3003//3253
f 2966//3253 3003//3253 2964//3253
f 2964//3254 3003//3254 3004//3254
f 2964//3254 3004//3254 2962//3254
f 2962//3255 3004//3255 3005//3255
f 2962//3255 3005//3255 2958//3255
f 2958//3256 3005//3256 3006//3256
f 2958//3257 3006//3257 2956//3257
f 2956//3258 3006//3258 3007//3258
f 2956//3258 3007//3258 2953//3258
f 2953//3259 3007//3259 3008//3259
f 2953//3260 3008//3260 2951//3260
f 2951//3261 3008//3261 3009//3261
f 2951//3261 3009//3261 2947//3261
f 2947//3262 3009//3262 3010//3262
f 2947//3262 3010//3262 2945//3262
f 2945//3263 3010//3263 3011//3263
f 2945//3264 3011//3264 2943//3264
f 2943//3265 3011//3265 3012//3265
f 2943//3266 3012//3266 2939//3266
f 2939//3267 3012//3267 3013//3267
f 2939//3267 3013//3267 2937//3267
f 2937//3268 3013//3268 3014//3268
f 2937//3269 3014//3269 2935//3269
f 2935//3270 3014//3270 3015//3270
f 2935//3271 3015//3271 2932//3271
f 2932//3272 3015//3272 3016//3272
f 2932//3273 3016//3273 2923//3273
f 2923//3274 3016//3274 3017//3274
f 2923//3275 3017//3275 2924//3275
f 2924//3276 3017//3276 3018//3276
f 2924//3277 3018//3277 2927//3277
f 2927//3278 3018//3278 3019//3278
f 2927//3278 3019//3278 2920//3278
f 2920//3279 3019//3279 3020//3279
f 2920//3279 3020//3279 2918//3279
f 2918//3280 3020//3280 3021//3280
f 2918//3280 3021//3280 2916//3280
f 2916//3281 3021//3281 3022//3281
f 2916//3281 3022//3281 2912//3281
f 2912//3282 3022//3282 3023//3282
f 2912//3283 3023//3283 2910//3283
f 2910//3284 3023//3284 3024//3284
f 2910//3285 3024//3285 2907//3285
f 2907//3286 3024//3286 3025//3286
f 2907//3287 3025//3287 2905//3287
f 2905//3288 3025//3288 3026//3288
f 2905//3289 3026//3289 2901//3289
f 2901//3290 3026//3290 3027//3290
f 2901//3291 3027//3291 2899//3291
f 2899//3292 3027//3292 3028//3292
f 2899//3292 3028//3292 2897//3292
f 2897//3293 3028//3293 3029//3293
f 2897//3294 3029//3294 2893//3294
f 2893//3295 3029//3295 3030//3295
f 2893//3295 3030//3295 2891//3295
f 2891//3296 3030//3296 3031//3296
f 2891//3296 3031//3296 2889//3296
f 2889//3297 3031//3297 3032//3297
f 2889//3297 3032//3297 2885//3297
f 2885//3298 3032//3298 3033//3298
f 2885//3299 3033//3299 2883//3299
f 2883//3300 3033//3300 3034//3300
f 2883//3300 3034//3300 2880//3300
f 2880//3301 3034//3301 3035//3301
f 2880//3302 3035//3302 2878//3302
f 2878//3303 3035//3303 3036//3303
f 2878//3303 3036//3303 2874//3303
f 2874//3304 3036//3304 3037//3304
f 2874//3304 3037//3304 2872//3304
f 2872//3305 3037//3305 3038//3305
f 2872//3306 3038//3306 2870//3306
f 2870//3307 3038//3307 3039//3307
f 2870//3308 3039//3308 2866//3308
f 2866//3309 3039//3309 3040//3309
f 2866//3309 3040//3309 2864//3309
f 2864//3310 3040//3310 3041//3310
f 2864//3311 3041//3311 2862//3311
f 2862//3312 3041//3312 3042//3312
f 2862//3313 3042//3313 2859//3313
f 2859//3314 3042//3314 3043//3314
f 2859//3315 3043//3315 2852//3315
f 2852//3316 3043//3316 3044//3316
f 2852//3317 3044//3317 2853//3317
f 2853//3318 3044//3318 3045//3318
f 2853//3319 3045//3319 2854//3319
f 2854//3320 3045//3320 3046//3320
f 2854//3320 3046//3320 2848//3320
f 2848//3321 3046//3321 3047//3321
f 2848//3321 3047//3321 2991//3321
f 2991//3238 3047//3238 2994//3238
f 3047//3322 3048//3322 2994//3322
f 2994//3323 3048//3323 3049//3323
f 2994//3324 3049//3324 2995//3324
f 2995//3325 3049//3325 3050//3325
f 2995//3325 3050//3325 2996//3325
f 2996//3326 3050//3326 3051//3326
f 2996//3327 3051//3327 2997//3327
f 2997//3328 3051//3328 3052//3328
f 2997//3328 3052//3328 2998//3328
f 2998//3329 3052//3329 3053//3329
f 2998//3329 3053//3329 2999//3329
f 2999//3330 3053//3330 3054//3330
f 2999//3330 3054//3330 3000//3330
f 3000//3331 3054//3331 3055//3331
f 3000//3332 3055//3332 3001//3332
f 3001//3333 3055//3333 3056//3333
f 3001//3333 3056//3333 3002//3333
f 3002//3334 3056//3334 3057//3334
f 3002//3335 3057//3335 3003//3335
f 3003//3336 3057//3336 3058//3336
f 3003//3337 3058//3337 3004//3337
f 3004//3338 3058//3338 3059//3338
f 3004//3338 3059//3338 3005//3338
f 3005//3339 3059//3339 3060//3339
f 3005//3340 3060//3340 3006//3340
f 3006//3341 3060//3341 3061//3341
f 3006//3341 3061//3341 3007//3341
f 3007//3342 3061//3342 3062//3342
f 3007//3343 3062//3343 3008//3343
f 3008//3344 3062//3344 3063//3344
f 3008//3344 3063//3344 3009//3344
f 3009//3345 3063//3345 3064//3345
f 3009//3346 3064//3346 3010//3346
f 3010//3347 3064//3347 3065//3347
f 3010//3348 3065//3348 3011//3348
f 3011//3349 3065//3349 3066//3349
f 3011//3349 3066//3349 3012//3349
f 3012//3350 3066//3350 3067//3350
f 3012//3351 3067//3351 3013//3351
f 3013//3352 3067//3352 3068//3352
f 3013//3352 3068//3352 3014//3352
f 3014//3353 3068//3353 3069//3353
f 3014//3353 3069//3353 3015//3353
f 3015//3354 3069//3354 3070//3354
f 3015//3355 3070//3355 3016//3355
f 3016//3356 3070//3356 3071//3356
f 3016//3357 3071//3357 3017//3357
f 3017//3358 3071//3358 3072//3358
f 3017//3358 3072//3358 3018//3358
f 3018//3359 3072//3359 3073//3359
f 3018//3360 3073//3360 3019//3360
f 3019//3361 3073//3361 3074//3361
f 3019//3362 3074//3362 3020//3362
f 3020//3363 3074//3363 3075//3363
f 3020//3364 3075//3364 3021//3364
f 3021//3365 3075//3365 3076//3365
f 3021//3366 3076//3366 3022//3366
f 3022//3367 3076//3367 3077//3367
f 3022//3367 3077//3367 3023//3367
f 3023//3368 3077//3368 3078//3368
f 3023//3369 3078//3369 3024//3369
f 3024//3370 3078//3370 3079//3370
f 3024//3370 3079//3370 3025//3370
f 3025//3371 3079//3371 3080//3371
f 3025//3371 3080//3371 3026//3371
f 3026//3372 3080//3372 3081//3372
f 3026//3372 3081//3372 3027//3372
f 3027//3373 3081//3373 3082//3373
f 3027//3374 3082//3374 3028//3374
f 3028//3375 3082//3375 3083//3375
f 3028//3375 3083//3375 3029//3375
f 3029//3376 3083//3376 3084//3376
f 3029//3377 3084//3377 3030//3377
f 3030//3378 3084//3378 3085//3378
f 3030//3379 3085//3379 3031//3379
f 3031//3380 3085//3380 3086//3380
f 3031//3380 3086//3380 3032//3380
f 3032//3381 3086//3381 3087//3381
f 3032//3382 3087//3382 3033//3382
f 3033//3383 3087//3383 3088//3383
f 3033//3383 3088//3383 3034//3383
f 3034//3384 3088//3384 3089//3384
f 3034//3385 3089//3385 3035//3385
f 3035//3386 3089//3386 3090//3386
f 3035//3387 3090//3387 3036//3387
f 3036//3388 3090//3388 3091//3388
f 3036//3389 3091//3389 3037//3389
f 3037//3390 3091//3390 3092//3390
f 3037//3391 3092//3391 3038//3391
f 3038//3392 3092//3392 3093//3392
f 3038//3392 3093//3392 3039//3392
f 3039//3393 3093//3393 3094//3393
f 3039//3394 3094//3394 3040//3394
f 3040//3395 3094//3395 3095//3395
f 3040//3395 3095//3395 3041//3395
f 3041//3396 3095//3396 3096//3396
f 3041//3396 3096//3396 3042//3396
f 3042//3397 3096//3397 3097//3397
f 3042//3397 3097//3397 3043//3397
f 3043//3398 3097//3398 3098//3398
f 3043//3399 3098//3399 3044//3399
f 3044//3400 3098//3400 3099//3400
f 3044//3400 3099//3400 3045//3400
f 3045//3401 3099//3401 3100//3401
f 3045//3402 3100//3402 3046//3402
f 3046//3403 3100//3403 3101//3403
f 3046//3404 3101//3404 3047//3404
f 3047//3405 3101//3405 3048//3405
f 3101//3406 3102//3406 3048//3406
f 3048//3407 3102//3407 3103//3407
f 3048//3408 3103//3408 3049//3408
f 3049//3409 3103//3409 3104//3409
f 3049//3409 3104//3409 3050//3409
f 3050//3410 3104//3410 3105//3410
f 3050//3411 3105//3411 3051//3411
f 3051//3412 3105//3412 3106//3412
f 3051//3412 3106//3412 3052//3412
f 3052//3413 3106//3413 3107//3413
f 3052//3413 3107//3413 3053//3413
f 3053//3414 3107//3414 3108//3414
f 3053//3415 3108//3415 3054//3415
f 3054//3416 3108//3416 3109//3416
f 3054//3417 3109//3417 3055//3417
f 3055//3418 3109//3418 3110//3418
f 3055//3418 3110//3418 3056//3418
f 3056//3419 3110//3419 3111//3419
f 3056//3419 3111//3419 3057//3419
f 3057//3420 3111//3420 3112//3420
f 3057//3420 3112//3420 3058//3420
f 3058//3421 3112//3421 3113//3421
f 3058//3421 3113//3421 3059//3421
f 3059//3422 3113//3422 3114//3422
f 3059//3422 3114//3422 3060//3422
f 3060//3423 3114//3423 3115//3423
f 3060//3423 3115//3423 3061//3423
f 3061//3424 3115//3424 3116//3424
f 3061//3425 3116//3425 3062//3425
f 3062//3426 3116//3426 3117//3426
f 3062//3426 3117//3426 3063//3426
f 3063//3427 3117//3427 3118//3427
f 3063//3427 3118//3427 3064//3427
f 3064//3428 3118//3428 3119//3428
f 3064//3428 3119//3428 3065//3428
f 3065//3429 3119//3429 3120//3429
f 3065//3429 3120//3429 3066//3429
f 3066//3430 3120//3430 3121//3430
f 3066//3431 3121//3431 3067//3431
f 3067//3432 3121//3432 3122//3432
f 3067//3433 3122//3433 3068//3433
f 3068//3434 3122//3434 3123//3434
f 3068//3434 3123//3434 3069//3434
f 3069//3435 3123//3435 3124//3435
f 3069//3435 3124//3435 3070//3435
f 3070//3436 3124//3436 3125//3436
f 3070//3436 3125//3436 3071//3436
f 3071//3437 3125//3437 3126//3437
f 3071//3437 3126//3437 3072//3437
f 3072//3438 3126//3438 3127//3438
f 3072//3439 3127//3439 3073//3439
f 3073//3440 3127//3440 3128//3440
f 3073//3440 3128//3440 3074//3440
f 3074//3441 3128//3441 3129//3441
f 3074//3441 3129//3441 3075//3441
f 3075//3442 3129//3442 3130//3442
f 3075//3443 3130//3443 3076//3443
f 3076//3444 3130//3444 3131//3444
f 3076//3444 3131//3444 3077//3444
f 3077//3445 3131//3445 3132//3445
f 3077//3446 3132//3446 3078//3446
f 3078//3447 3132//3447 3133//3447
f 3078//3447 3133//3447 3079//3447
f 3079//3448 3133//3448 3134//3448
f 3079//3448 3134//3448 3080//3448
f 3080//3449 3134//3449 3135//3449
f 3080//3450 3135//3450 3081//3450
f 3081//3451 3135//3451 3136//3451
f 3081//3452 3136//3452 3082//3452
f 3082//3453 3136//3453 3137//3453
f 3082//3453 3137//3453 3083//3453
f 3083//3454 3137//3454 3138//3454
f 3083//3454 3138//3454 3084//3454
f 3084//3455 3138//3455 3139//3455
f 3084//3455 3139//3455 3085//3455
f 3085//3456 3139//3456 3140//3456
f 3085//3456 3140//3456 3086//3456
f 3086//3457 3140//3457 3141//3457
f 3086//3457 3141//3457 3087//3457
f 3087//3458 3141//3458 3142//3458
f 3087//3458 3142//3458 3088//3458
f 3088//3459 3142//3459 3143//3459
f 3088//3460 3143//3460 3089//3460
f 3089//3461 3143//3461 3144//3461
f 3089//3461 3144//3461 3090//3461
f 3090//3462 3144//3462 3145//3462
f 3090//3462 3145//3462 3091//3462
f 3091//3463 3145//3463 3146//3463
f 3091//3463 3146//3463 3092//3463
f 3092//3464 3146//3464 3147//3464
f 3092//3464 3147//3464 3093//3464
f 3093//3465 3147//3465 3148//3465
f 3093//3466 3148//3466 3094//3466
f 3094//3467 3148//3467 3149//3467
f 3094//3468 3149//3468 3095//3468
f 3095//3469 3149//3469 3150//3469
f 3095//3469 3150//3469 3096//3469
f 3096//3470 3150//3470 3151//3470
f 3096//3471 3151//3471 3097//3471
f 3097//3472 3151//3472 3152//3472
f 3097//3472 3152//3472 3098//3472
f 3098//3473 3152//3473 3153//3473
f 3098//3473 3153//3473 3099//3473
f 3099//3474 3153//3474 3154//3474
f 3099//3475 3154//3475 3100//3475
f 3100//3476 3154//3476 3155//3476
f 3100//3476 3155//3476 3101//3476
f 3101//3406 3155//3406 3102//3406
f 3155//3477 3156//3477 3102//3477
f 3102//3478 3156//3478 3157//3478
f 3102//3478 3157//3478 3103//3478
f 3103//3479 3157//3479 3158//3479
f 3103//3479 3158//3479 3104//3479
f 3104//3480 3158//3480 3159//3480
f 3104//3481 3159//3481 3105//3481
f 3105//3482 3159//3482 3160//3482
f 3105//3482 3160//3482 3106//3482
f 3106//3483 3160//3483 3161//3483
f 3106//3484 3161//3484 3107//3484
f 3107//3485 3161//3485 3162//3485
f 3107//3485 3162//3485 3108//3485
f 3108//3486 3162//3486 3163//3486
f 3108//3487 3163//3487 3109//3487
f 3109//3488 3163//3488 3164//3488
f 3109//3488 3164//3488 3110//3488
f 3110//3489 3164//3489 3165//3489
f 3110//3490 3165//3490 3111//3490
f 3111//3491 3165//3491 3166//3491
f 3111//3491 3166//3491 3112//3491
f 3112//3492 3166//3492 3167//3492
f 3112//3493 3167//3493 3113//3493
f 3113//3494 3167//3494 3168//3494
f 3113//3495 3168//3495 3114//3495
f 3114//3496 3168//3496 3169//3496
f 3114//3496 3169//3496 3115//3496
f 3115//3497 3169//3497 3170//3497
f 3115//3497 3170//3497 3116//3497
f 3116//3498 3170//3498 3171//3498
f 3116//3499 3171//3499 3117//3499
f 3117//3500 3171//3500 3172//3500
f 3117//3500 3172//3500 3118//3500
f 3118//3501 3172//3501 3173//3501
f 3118//3501 3173//3501 3119//3501
f 3119//3502 3173//3502 3174//3502
f 3119//3502 3174//3502 3120//3502
f 3120//3503 3174//3503 3175//3503
f 3120//3504 3175//3504 3121//3504
f 3121//3505 3175//3505 3176//3505
f 3121//3506 3176//3506 3122//3506
f 3122//3507 3176//3507 3177//3507
f 3122//3508 3177//3508 3123//3508
f 3123//3509 3177//3509 3178//3509
f 3123//3510 3178//3510 3124//3510
f 3124//3511 3178//3511 3179//3511
f 3124//3512 3179//3512 3125//3512
f 3125//3513 3179//3513 3180//3513
f 3125//3514 3180//3514 3126//3514
f 3126//3515 3180//3515 3181//3515
f 3126//3515 3181//3515 3127//3515
f 3127//3516 3181//3516 3182//3516
f 3127//3517 3182//3517 3128//3517
f 3128//3518 3182//3518 3183//3518
f 3128//3519 3183//3519 3129//3519
f 3129//3520 3183//3520 3184//3520
f 3129//3520 3184//3520 3130//3520
f 3130//3521 3184//3521 3185//3521
f 3130//3521 3185//3521 3131//3521
f 3131//3522 3185//3522 3186//3522
f 3131//3523 3186//3523 3132//3523
f 3132//3524 3186//3524 3187//3524
f 3132//3524 3187//3524 3133//3524
f 3133//3525 3187//3525 3188//3525
f 3133//3526 3188//3526 3134//3526
f 3134//3527 3188//3527 3189//3527
f 3134//3527 3189//3527 3135//3527
f 3135//3528 3189//3528 3190//3528
f 3135//3529 3190//3529 3136//3529
f 3136//3530 3190//3530 3191//3530
f 3136//3530 3191//3530 3137//3530
f 3137//3531 3191//3531 3192//3531
f 3137//3532 3192//3532 3138//3532
f 3138//3533 3192//3533 3193//3533
f 3138//3533 3193//3533 3139//3533
f 3139//3534 3193//3534 3194//3534
f 3139//3535 3194//3535 3140//3535
f 3140//3536 3194//3536 3195//3536
f 3140//3537 3195//3537 3141//3537
f 3141//3538 3195//3538 3196//3538
f 3141//3538 3196//3538 3142//3538
f 3142//3539 3196//3539 3197//3539
f 3142//3540 3197//3540 3143//3540
f 3143//3541 3197//3541 3198//3541
f 3143//3542 3198//3542 3144//3542
f 3144//3543 3198//3543 3199//3543
f 3144//3543 3199//3543 3145//3543
f 3145//3544 3199//3544 3200//3544
f 3145//3544 3200//3544 3146//3544
f 3146//3545 3200//3545 3201//3545
f 3146//3545 3201//3545 3147//3545
f 3147//3546 3201//3546 3202//3546
f 3147//3547 3202//3547 3148//3547
f 3148//3548 3202//3548 3203//3548
f 3148//3549 3203//3549 3149//3549
f 3149//3550 3203//3550 3204//3550
f 3149//3551 3204//3551 3150//3551
f 3150//3552 3204//3552 3205//3552
f 3150//3552 3205//3552 3151//3552
f 3151//3553 3205//3553 3206//3553
f 3151//3554 3206//3554 3152//3554
f 3152//3555 3206//3555 3207//3555
f 3152//3556 3207//3556 3153//3556
f 3153//3557 3207//3557 3208//3557
f 3153//3557 3208//3557 3154//3557
f 3154//3558 3208//3558 3209//3558
f 3154//3559 3209//3559 3155//3559
f 3155//3560 3209//3560 3156//3560
f 3209//3561 3210//3561 3156//3561
f 3156//3562 3210//3562 3211//3562
f 3156//3562 3211//3562 3157//3562
f 3157//3563 3211//3563 3212//3563
f 3157//3563 3212//3563 3158//3563
f 3158//3564 3212//3564 3213//3564
f 3158//3565 3213//3565 3159//3565
f 3159//3566 3213//3566 3214//3566
f 3159//3567 3214//3567 3160//3567
f 3160//3568 3214//3568 3215//3568
f 3160//3569 3215//3569 3161//3569
f 3161//3570 3215//3570 3216//3570
f 3161//3570 3216//3570 3162//3570
f 3162//3571 3216//3571 3217//3571
f 3162//3571 3217//3571 3163//3571
f 3163//3572 3217//3572 3218//3572
f 3163//3573 3218//3573 3164//3573
f 3164//3574 3218//3574 3219//3574
f 3164//3574 3219//3574 3165//3574
f 3165//3575 3219//3575 3220//3575
f 3165//3575 3220//3575 3166//3575
f 3166//3576 3220//3576 3221//3576
f 3166//3576 3221//3576 3167//3576
f 3167//3577 3221//3577 3222//3577
f 3167//3577 3222//3577 3168//3577
f 3168//3578 3222//3578 3223//3578
f 3168//3578 3223//3578 3169//3578
f 3169//3579 3223//3579 3224//3579
f 3169//3579 3224//3579 3170//3579
f 3170//3580 3224//3580 3225//3580
f 3170//3580 3225//3580 3171//3580
f 3171//3581 3225//3581 3226//3581
f 3171//3581 3226//3581 3172//3581
f 3172//3582 3226//3582 3227//3582
f 3172//3582 3227//3582 3173//3582
f 3173//3583 3227//3583 3228//3583
f 3173//3583 3228//3583 3174//3583
f 3174//3584 3228//3584 3229//3584
f 3174//3584 3229//3584 3175//3584
f 3175//3585 3229//3585 3230//3585
f 3175//3585 3230//3585 3176//3585
f 3176//3586 3230//3586 3231//3586
f 3176//3587 3231//3587 3177//3587
f 3177//3588 3231//3588 3232//3588
f 3177//3589 3232//3589 3178//3589
f 3178//3590 3232//3590 3233//3590
f 3178//3591 3233//3591 3179//3591
f 3179//3592 3233//3592 3234//3592
f 3179//3592 3234//3592 3180//3592
f 3180//3593 3234//3593 3235//3593
f 3180//3594 3235//3594 3181//3594
f 3181//3595 3235//3595 3236//3595
f 3181//3595 3236//3595 3182//3595
f 3182//3596 3236//3596 3237//3596
f 3182//3597 3237//3597 3183//3597
f 3183//3598 3237//3598 3238//3598
f 3183//3598 3238//3598 3184//3598
f 3184//3599 3238//3599 3239//3599
f 3184//3599 3239//3599 3185//3599
f 3185//3600 3239//3600 3240//3600
f 3185//3601 3240//3601 3186//3601
f 3186//3602 3240//3602 3241//3602
f 3186//3603 3241//3603 3187//3603
f 3187//3604 3241//3604 3242//3604
f 3187//3605 3242//3605 3188//3605
f 3188//3606 3242//3606 3243//3606
f 3188//3606 3243//3606 3189//3606
f 3189//3607 3243//3607 3244//3607
f 3189//3607 3244//3607 3190//3607
f 3190//3608 3244//3608 3245//3608
f 3190//3609 3245//3609 3191//3609
f 3191//3610 3245//3610 3246//3610
f 3191//3610 3246//3610 3192//3610
f 3192//3611 3246//3611 3247//3611
f 3192//3611 3247//3611 3193//3611
f 3193//3612 3247//3612 3248//3612
f 3193//3612 3248//3612 3194//3612
f 3194//3613 3248//3613 3249//3613
f 3194//3613 3249//3613 3195//3613
f 3195//3614 3249//3614 3250//3614
f 3195//3614 3250//3614 3196//3614
f 3196//3615 3250//3615 3251//3615
f 3196//3615 3251//3615 3197//3615
f 3197//3616 3251//3616 3252//3616
f 3197//3616 3252//3616 3198//3616
f 3198//3617 3252//3617 3253//3617
f 3198//3617 3253//3617 3199//3617
f 3199//3618 3253//3618 3254//3618
f 3199//3618 3254//3618 3200//3618
f 3200//3619 3254//3619 3255//3619
f 3200//3619 3255//3619 3201//3619
f 3201//3620 3255//3620 3256//3620
f 3201//3620 3256//3620 3202//3620
f 3202//3621 3256//3621 3257//3621
f 3202//3621 3257//3621 3203//3621
f 3203//3622 3257//3622 3258//3622
f 3203//3623 3258//3623 3204//3623
f 3204//3624 3258//3624 3259//3624
f 3204//3625 3259//3625 3205//3625
f 3205//3626 3259//3626 3260//3626
f 3205//3627 3260//3627 3206//3627
f 3206//3628 3260//3628 3261//3628
f 3206//3628 3261//3628 3207//3628
f 3207//3629 3261//3629 3262//3629
f 3207//3630 3262//3630 3208//3630
f 3208//3631 3262//3631 3263//3631
f 3208//3632 3263//3632 3209//3632
f 3209//3633 3263//3633 3210//3633
f 3263//3634 3264//3634 3210//3634
f 3210//3635 3264//3635 3265//3635
f 3210//3635 3265//3635 3211//3635
f 3211//3636 3265//3636 3266//3636
f 3211//3636 3266//3636 3212//3636
f 3212//3637 3266//3637 3267//3637
f 3212//3637 3267//3637 3213//3637
f 3213//3638 3267//3638 3268//3638
f 3213//3638 3268//3638 3214//3638
f 3214//3639 3268//3639 3269//3639
f 3214//3639 3269//3639 3215//3639
f 3215//3640 3269//3640 3270//3640
f 3215//3640 3270//3640 3216//3640
f 3216//3641 3270//3641 3271//3641
f 3216//3641 3271//3641 3217//3641
f 3217//3642 3271//3642 3272//3642
f 3217//3642 3272//3642 3218//3642
f 3218//3643 3272//3643 3273//3643
f 3218//3643 3273//3643 3219//3643
f 3219//3644 3273//3644 3274//3644
f 3219//3644 3274//3644 3220//3644
f 3220//3645 3274//3645 3275//3645
f 3220//3645 3275//3645 3221//3645
f 3221//3646 3275//3646 3276//3646
f 3221//3647 3276//3647 3222//3647
f 3222//3648 3276//3648 3277//3648
f 3222//3648 3277//3648 3223//3648
f 3223//3649 3277//3649 3278//3649
f 3223//3649 3278//3649 3224//3649
f 3224//3650 3278//3650 3279//3650
f 3224//3650 3279//3650 3225//3650
f 3225//3651 3279//3651 3280//3651
f 3225//3651 3280//3651 3226//3651
f 3226//3652 3280//3652 3281//3652
f 3226//3652 3281//3652 3227//3652
f 3227//3653 3281//3653 3282//3653
f 3227//3653 3282//3653 3228//3653
f 3228//3654 3282//3654 3283//3654
f 3228//3654 3283//3654 3229//3654
f 3229//3655 3283//3655 3284//3655
f 3229//3655 3284//3655 3230//3655
f 3230//3656 3284//3656 3285//3656
f 3230//3656 3285//3656 3231//3656
f 3231//3657 3285//3657 3286//3657
f 3231//3657 3286//3657 3232//3657
f 3232//3658 3286//3658 3287//3658
f 3232//3658 3287//3658 3233//3658
f 3233//3659 3287//3659 3288//3659
f 3233//3659 3288//3659 3234//3659
f 3234//3660 3288//3660 3289//3660
f 3234//3660 3289//3660 3235//3660
f 3235//3661 3289//3661 3290//3661
f 3235//3661 3290//3661 3236//3661
f 3236//3662 3290//3662 3291//3662
f 3236//3662 3291//3662 3237//3662
f 3237//3663 3291//3663 3292//3663
f 3237//3663 3292//3663 3238//3663
f 3238//3664 3292//3664 3293//3664
f 3238//3664 3293//3664 3239//3664
f 3239//3665 3293//3665 3294//3665
f 3239//3665 3294//3665 3240//3665
f 3240//3666 3294//3666 3295//3666
f 3240//3666 3295//3666 3241//3666
f 3241//3667 3295//3667 3296//3667
f 3241//3667 3296//3667 3242//3667
f 3242//3668 3296//3668 3297//3668
f 3242//3668 3297//3668 3243//3668
f 3243//3669 3297//3669 3298//3669
f 3243//3669 3298//3669 3244//3669
f 3244//3670 3298//3670 3299//3670
f 3244//3670 3299//3670 3245//3670
f 3245//3671 3299//3671 3300//3671
f 3245//3671 3300//3671 3246//3671
f 3246//3672 3300//3672 3301//3672
f 3246//3672 3301//3672 3247//3672
f 3247//3673 3301//3673 3302//3673
f 3247//3673 3302//3673 3248//3673
f 3248//3674 3302//3674 3303//3674
f 3248//3675 3303//3675 3249//3675
f 3249//3676 3303//3676 3304//3676
f 3249//3676 3304//3676 3250//3676
f 3250//3677 3304//3677 3305//3677
f 3250//3677 3305//3677 3251//3677
f 3251//3678 3305//3678 3306//3678
f 3251//3678 3306//3678 3252//3678
f 3252//3679 3306//3679 3307//3679
f 3252//3679 3307//3679 3253//3679
f 3253//3680 3307//3680 3308//3680
f 3253//3680 3308//3680 3254//3680
f 3254//3681 3308//3681 3309//3681
f 3254//3681 3309//3681 3255//3681
f 3255//3682 3309//3682 3310//3682
f 3255//3682 3310//3682 3256//3682
f 3256//3683 3310//3683 3311//3683
f 3256//3683 3311//3683 3257//3683
f 3257//3684 3311//3684 3312//3684
f 3257//3684 3312//3684 3258//3684
f 3258//3685 3312//3685 3313//3685
f 3258//3685 3313//3685 3259//3685
f 3259//3686 3313//3686 3314//3686
f 3259//3686 3314//3686 3260//3686
f 3260//3687 3314//3687 3315//3687
f 3260//3687 3315//3687 3261//3687
f 3261//3688 3315//3688 3316//3688
f 3261//3688 3316//3688 3262//3688
f 3262//3689 3316//3689 3317//3689
f 3262//3689 3317//3689 3263//3689
f 3263//3634 3317//3634 3264//3634
f 3317//3690 3318//3690 3264//3690
f 3264//3691 3318//3691 3319//3691
f 3264//3691 3319//3691 3265//3691
f 3265//3692 3319//3692 3320//3692
f 3265//3692 3320//3692 3266//3692
f 3266//3693 3320//3693 3321//3693
f 3266//3693 3321//3693 3267//3693
f 3267//3694 3321//3694 3322//3694
f 3267//3694 3322//3694 3268//3694
f 3268//3695 3322//3695 3323//3695
f 3268//3695 3323//3695 3269//3695
f 3269//3696 3323//3696 3324//3696
f 3269//3696 3324//3696 3270//3696
f 3270//3697 3324//3697 3325//3697
f 3270//3697 3325//3697 3271//3697
f 3271//3698 3325//3698 3326//3698
f 3271//3698 3326//3698 3272//3698
f 3272//3699 3326//3699 3327//3699
f 3272//3699 3327//3699 3273//3699
f 3273//3700 3327//3700 3328//3700
f 3273//3700 3328//3700 3274//3700
f 3274//3701 3328//3701 3329//3701
f 3274//3701 3329//3701 3275//3701
f 3275//3702 3329//3702 3330//3702
f 3275//3702 3330//3702 3276//3702
f 3276//3703 3330//3703 3331//3703
f 3276//3703 3331//3703 3277//3703
f 3277//3704 3331//3704 3332//3704
f 3277//3704 3332//3704 3278//3704
f 3278//3705 3332//3705 3333//3705
f 3278//3705 3333//3705 3279//3705
f 3279//3706 3333//3706 3334//3706
f 3279//3707 3334//3707 3280//3707
f 3280//3708 3334//3708 3335//3708
f 3280//3708 3335//3708 3281//3708
f 3281//3709 3335//3709 3336//3709
f 3281//3709 3336//3709 3282//3709
f 3282//3710 3336//3710 3337//3710
f 3282//3710 3337//3710 3283//3710
f 3283//3711 3337//3711 3338//3711
f 3283//3711 3338//3711 3284//3711
f 3284//3712 3338//3712 3339//3712
f 3284//3712 3339//3712 3285//3712
f 3285//3713 3339//3713 3340//3713
f 3285//3713 3340//3713 3286//3713
f 3286//3714 3340//3714 3341//3714
f 3286//3714 3341//3714 3287//3714
f 3287//3715 3341//3715 3342//3715
f 3287//3715 3342//3715 3288//3715
f 3288//3716 3342//3716 3343//3716
f 3288//3716 3343//3716 3289//3716
f 3289//3717 3343//3717 3344//3717
f 3289//3718 3344//3718 3290//3718
f 3290//3719 3344//3719 3345//3719
f 3290//3720 3345//3720 3291//3720
f 3291//3721 3345//3721 3346//3721
f 3291//3721 3346//3721 3292//3721
f 3292//3722 3346//3722 3347//3722
f 3292//3722 3347//3722 3293//3722
f 3293//3723 3347//3723 3348//3723
f 3293//3723 3348//3723 3294//3723
f 3294//3724 3348//3724 3349//3724
f 3294//3724 3349//3724 3295//3724
f 3295//3725 3349//3725 3350//3725
f 3295//3725 3350//3725 3296//3725
f 3296//3726 3350//3726 3351//3726
f 3296//3726 3351//3726 3297//3726
f 3297//3727 3351//3727 3352//3727
f 3297//3727 3352//3727 3298//3727
f 3298//3728 3352//3728 3353//3728
f 3298//3728 3353//3728 3299//3728
f 3299//3729 3353//3729 3354//3729
f 3299//3729 3354//3729 3300//3729
f 3300//3730 3354//3730 3355//3730
f 3300//3730 3355//3730 3301//3730
f 3301//3731 3355//3731 3356//3731
f 3301//3731 3356//3731 3302//3731
f 3302//3732 3356//3732 3357//3732
f 3302//3732 3357//3732 3303//3732
f 3303//3733 3357//3733 3358//3733
f 3303//3733 3358//3733 3304//3733
f 3304//3734 3358//3734 3359//3734
f 3304//3734 3359//3734 3305//3734
f 3305//3735 3359//3735 3360//3735
f 3305//3735 3360//3735 3306//3735
f 3306//3736 3360//3736 3361//3736
f 3306//3736 3361//3736 3307//3736
f 3307//3737 3361//3737 3362//3737
f 3307//3737 3362//3737 3308//3737
f 3308//3738 3362//3738 3363//3738
f 3308//3738 3363//3738 3309//3738
f 3309//3739 3363//3739 3364//3739
f 3309//3739 3364//3739 3310//3739
f 3310//3740 3364//3740 3365//3740
f 3310//3740 3365//3740 3311//3740
f 3311//3741 3365//3741 3366//3741
f 3311//3741 3366//3741 3312//3741
f 3312//3742 3366//3742 3367//3742
f 3312//3742 3367//3742 3313//3742
f 3313//3743 3367//3743 3368//3743
f 3313//3743 3368//3743 3314//3743
f 3314//3744 3368//3744 3369//3744
f 3314//3744 3369//3744 3315//3744
f 3315//3745 3369//3745 3370//3745
f 3315//3745 3370//3745 3316//3745
f 3316//3746 3370//3746 3371//3746
f 3316//3747 3371//3747 3317//3747
f 3317//3748 3371//3748 3318//3748
f 3371//3749 3372//3749 3318//3749
f 3318//3750 3372//3750 3373//3750
f 3318//3750 3373//3750 3319//3750
f 3319//3751 3373//3751 3374//3751
f 3319//3751 3374//3751 3320//3751
f 3320//3752 3374//3752 3375//3752
f 3320//3752 3375//3752 3321//3752
f 3321//3753 3375//3753 3376//3753
f 3321//3753 3376//3753 3322//3753
f 3322//3754 3376//3754 3377//3754
f 3322//3755 3377//3755 3323//3755
f 3323//3756 3377//3756 3378//3756
f 3323//3756 3378//3756 3324//3756
f 3324//3757 3378//3757 3379//3757
f 3324//3757 3379//3757 3325//3757
f 3325//3758 3379//3758 3380//3758
f 3325//3758 3380//3758 3326//3758
f 3326//3759 3380//3759 3381//3759
f 3326//3759 3381//3759 3327//3759
f 3327//3760 3381//3760 3382//3760
f 3327//3760 3382//3760 3328//3760
f 3328//3761 3382//3761 3383//3761
f 3328//3761 3383//3761 3329//3761
f 3329//3762 3383//3762 3384//3762
f 3329//3762 3384//3762 3330//3762
f 3330//3763 3384//3763 3385//3763
f 3330//3763 3385//3763 3331//3763
f 3331//3764 3385//3764 3386//3764
f 3331//3764 3386//3764 3332//3764
f 3332//3765 3386//3765 3387//3765
f 3332//3765 3387//3765 3333//3765
f 3333//3766 3387//3766 3388//3766
f 3333//3766 3388//3766 3334//3766
f 3334//3767 3388//3767 3389//3767
f 3334//3767 3389//3767 3335//3767
f 3335//3768 3389//3768 3390//3768
f 3335//3768 3390//3768 3336//3768
f 3336//3769 3390//3769 3391//3769
f 3336//3769 3391//3769 3337//3769
f 3337//3770 3391//3770 3392//3770
f 3337//3770 3392//3770 3338//3770
f 3338//3771 3392//3771 3393//3771
f 3338//3772 3393//3772 3339//3772
f 3339//3773 3393//3773 3394//3773
f 3339//3773 3394//3773 3340//3773
f 3340//3774 3394//3774 3395//3774
f 3340//3774 3395//3774 3341//3774
f 3341//3775 3395//3775 3396//3775
f 3341//3776 3396//3776 3342//3776
f 3342//3777 3396//3777 3397//3777
f 3342//3777 3397//3777 3343//3777
f 3343//3778 3397//3778 3398//3778
f 3343//3778 3398//3778 3344//3778
f 3344//3779 3398//3779 3399//3779
f 3344//3779 3399//3779 3345//3779
f 3345//3780 3399//3780 3400//3780
f 3345//3780 3400//3780 3346//3780
f 3346//3781 3400//3781 3401//3781
f 3346//3781 3401//3781 3347//3781
f 3347//3782 3401//3782 3402//3782
f 3347//3782 3402//3782 3348//3782
f 3348//3783 3402//3783 3403//3783
f 3348//3783 3403//3783 3349//3783
f 3349//3784 3403//3784 3404//3784
f 3349//3785 3404//3785 3350//3785
f 3350//3786 3404//3786 3405//3786
f 3350//3786 3405//3786 3351//3786
f 3351//3787 3405//3787 3406//3787
f 3351//3787 3406//3787 3352//3787
f 3352//3788 3406//3788 3407//3788
f 3352//3788 3407//3788 3353//3788
f 3353//3789 3407//3789 3408//3789
f 3353//3789 3408//3789 3354//3789
f 3354//3790 3408//3790 3409//3790
f 3354//3790 3409//3790 3355//3790
f 3355//3791 3409//3791 3410//3791
f 3355//3791 3410//3791 3356//3791
f 3356//3792 3410//3792 3411//3792
f 3356//3792 3411//3792 3357//3792
f 3357//3793 3411//3793 3412//3793
f 3357//3793 3412//3793 3358//3793
f 3358//3794 3412//3794 3413//3794
f 3358//3794 3413//3794 3359//3794
f 3359//3795 3413//3795 3414//3795
f 3359//3795 3414//3795 3360//3795
f 3360//3796 3414//3796 3415//3796
f 3360//3796 3415//3796 3361//3796
f 3361//3797 3415//3797 3416//3797
f 3361//3797 3416//3797 3362//3797
f 3362//3798 3416//3798 3417//3798
f 3362//3798 3417//3798 3363//3798
f 3363//3799 3417//3799 3418//3799
f 3363//3799 3418//3799 3364//3799
f 3364//3800 3418//3800 3419//3800
f 3364//3800 3419//3800 3365//3800
f 3365//3801 3419//3801 3420//3801
f 3365//3802 3420//3802 3366//3802
f 3366//3803 3420//3803 3421//3803
f 3366//3803 3421//3803 3367//3803
f 3367//3804 3421//3804 3422//3804
f 3367//3804 3422//3804 3368//3804
f 3368//3805 3422//3805 3423//3805
f 3368//3806 3423//3806 3369//3806
f 3369//3807 3423//3807 3424//3807
f 3369//3807 3424//3807 3370//3807
f 3370//3808 3424//3808 3425//3808
f 3370//3808 3425//3808 3371//3808
f 3371//3749 3425//3749 3372//3749
f 460//3809 3426//3809 459//3809
f 459//3810 3426//3810 3427//3810
f 459//3811 3427//3811 451//3811
f 457//3812 3428//3812 460//3812
f 460//3813 3428//3813 3429//3813
f 460//3814 3429//3814 3426//3814
f 469//3815 3430//3815 468//3815
f 468//3816 3430//3816 3431//3816
f 468//3817 3431//3817 275//3817
f 275//3818 3431//3818 3432//3818
f 275//3819 3432//3819 457//3819
f 457//3820 3432//3820 3433//3820
f 457//3821 3433//3821 3428//3821
f 466//3822 3434//3822 469//3822
f 469//3823 3434//3823 3435//3823
f 469//3824 3435//3824 3430//3824
f 467//3825 3436//3825 466//3825
f 466//3826 3436//3826 3437//3826
f 466//198 3437//198 3434//198
f 480//3827 3438//3827 479//3827
f 479//3828 3438//3828 3439//3828
f 479//3829 3439//3829 181//3829
f 181//3830 3439//3830 3440//3830
f 181//3831 3440//3831 467//3831
f 467//3832 3440//3832 3441//3832
f 467//3833 3441//3833 3436//3833
f 475//3834 3442//3834 480//3834
f 480//3835 3442//3835 3443//3835
f 480//3836 3443//3836 3438//3836
f 477//3837 3444//3837 475//3837
f 475//3838 3444//3838 3445//3838
f 475//3839 3445//3839 3442//3839
f 493//3840 3446//3840 495//3840
f 495//3841 3446//3841 3447//3841
f 495//3842 3447//3842 478//3842
f 478//3842 3447//3842 3448//3842
f 478//3843 3448//3843 477//3843
f 477//3843 3448//3843 3449//3843
f 477//3844 3449//3844 3444//3844
f 492//3845 3450//3845 493//3845
f 493//3846 3450//3846 3451//3846
f 493//3847 3451//3847 3446//3847
f 491//3848 3452//3848 492//3848
f 492//3849 3452//3849 3453//3849
f 492//3850 3453//3850 3450//3850
f 501//3851 3454//3851 500//3851
f 500//3852 3454//3852 3455//3852
f 500//3853 3455//3853 253//3853
f 253//3854 3455//3854 3456//3854
f 253//3855 3456//3855 491//3855
f 491//3856 3456//3856 3457//3856
f 491//3857 3457//3857 3452//3857
f 496//3858 3458//3858 501//3858
f 501//207 3458//207 3459//207
f 501//3859 3459//3859 3454//3859
f 507//3860 3460//3860 499//3860
f 499//3861 3460//3861 3461//3861
f 499//3862 3461//3862 498//3862
f 498//3863 3461//3863 3462//3863
f 498//3864 3462//3864 496//3864
f 496//3865 3462//3865 3463//3865
f 496//3866 3463//3866 3458//3866
f 512//3867 3464//3867 507//3867
f 507//3868 3464//3868 3465//3868
f 507//3869 3465//3869 3460//3869
f 511//3870 3466//3870 512//3870
f 512//3871 3466//3871 3467//3871
f 512//3872 3467//3872 3464//3872
f 258//3873 3468//3873 511//3873
f 511//3874 3468//3874 3469//3874
f 511//3875 3469//3875 3466//3875
f 2831//3876 3470//3876 258//3876
f 258//3877 3470//3877 3471//3877
f 258//3878 3471//3878 3468//3878
f 2835//3879 3472//3879 2831//3879
f 2831//3880 3472//3880 3473//3880
f 2831//3881 3473//3881 3470//3881
f 2830//3882 3474//3882 2835//3882
f 2835//3883 3474//3883 3475//3883
f 2835//3884 3475//3884 3472//3884
f 2842//3885 3476//3885 2841//3885
f 2841//3886 3476//3886 3477//3886
f 2841//3887 3477//3887 283//3887
f 283//3888 3477//3888 3478//3888
f 283//3889 3478//3889 2830//3889
f 2830//3890 3478//3890 3479//3890
f 2830//3891 3479//3891 3474//3891
f 2838//3892 3480//3892 2842//3892
f 2842//3893 3480//3893 3481//3893
f 2842//3894 3481//3894 3476//3894
f 2840//3895 3482//3895 2838//3895
f 2838//3896 3482//3896 3483//3896
f 2838//180 3483//180 3480//180
f 426//3897 427//3897 3484//3897
f 3484//3898 3485//3898 426//3898
f 426//3899 3485//3899 3486//3899
f 426//3900 3486//3900 424//3900
f 424//3901 3486//3901 3487//3901
f 424//3902 3487//3902 2840//3902
f 2840//3903 3487//3903 3488//3903
f 2840//3904 3488//3904 3482//3904
f 422//3905 3489//3905 420//3905
f 420//3906 3489//3906 3490//3906
f 420//3907 3490//3907 427//3907
f 427//3908 3490//3908 3491//3908
f 427//3909 3491//3909 3484//3909
f 3492//3910 3493//3910 423//3910
f 423//3910 3493//3910 3494//3910
f 423//3911 3494//3911 422//3911
f 422//3911 3494//3911 3495//3911
f 422//3912 3495//3912 3489//3912
f 3496//3913 3497//3913 3498//3913
f 3498//3914 3499//3914 3496//3914
f 3496//3915 3499//3915 3500//3915
f 3496//3916 3500//3916 3492//3916
f 3492//3917 3500//3917 3501//3917
f 3492//3918 3501//3918 3493//3918
f 439//3919 440//3919 3502//3919
f 3502//3920 3503//3920 439//3920
f 439//3921 3503//3921 3504//3921
f 439//3922 3504//3922 437//3922
f 437//3923 3504//3923 3505//3923
f 437//3924 3505//3924 3506//3924
f 3506//3925 3505//3925 3507//3925
f 3506//3926 3507//3926 3497//3926
f 3497//3927 3507//3927 3508//3927
f 3497//3928 3508//3928 3498//3928
f 3509//3929 3510//3929 433//3929
f 433//3930 3510//3930 3511//3930
f 433//3931 3511//3931 440//3931
f 440//3932 3511//3932 3512//3932
f 440//189 3512//189 3502//189
f 433//3933 435//3933 3509//3933
f 3509//3934 435//3934 436//3934
f 3509//3935 436//3935 3513//3935
f 3513//3936 436//3936 446//3936
f 3513//3937 446//3937 3514//3937
f 453//3938 452//3938 3515//3938
f 3515//3939 3516//3939 453//3939
f 453//3940 3516//3940 3517//3940
f 453//3941 3517//3941 446//3941
f 446//3942 3517//3942 3518//3942
f 446//3943 3518//3943 3514//3943
f 3427//3944 3519//3944 451//3944
f 451//3945 3519//3945 3520//3945
f 451//3946 3520//3946 452//3946
f 452//3947 3520//3947 3521//3947
f 452//3948 3521//3948 3515//3948
f 3522//150 3523//150 3524//150
f 3524//150 3523//150 244//150
f 186//150 188//150 3525//150
f 3525//150 188//150 3526//150
f 188//150 787//150 3526//150
f 3526//150 787//150 786//150
f 3526//150 786//150 3522//150
f 3522//150 786//150 784//150
f 3522//150 784//150 3523//150
f 3523//150 784//150 656//150
f 3523//150 656//150 655//150
f 3527//175 3528//175 3529//175
f 3529//175 3530//175 3527//175
f 3527//175 3530//175 3531//175
f 3527//175 3531//175 3532//175
f 437//175 3506//175 3527//175
f 3527//175 3506//175 3497//175
f 3527//175 3497//175 3528//175
f 3528//175 3497//175 3496//175
f 3528//175 3496//175 3533//175
f 3533//175 3496//175 3492//175
f 3533//175 3492//175 423//175
f 223//3811 208//3811 3534//3811
f 3534//3949 3535//3949 223//3949
f 223//3950 3535//3950 3536//3950
f 223//3951 3536//3951 224//3951
f 3536//3952 3537//3952 224//3952
f 224//3814 3537//3814 3538//3814
f 224//3953 3538//3953 217//3953
f 3538//3954 3539//3954 217//3954
f 217//3821 3539//3821 3540//3821
f 217//3955 3540//3955 218//3955
f 218//3956 3540//3956 3541//3956
f 218//3957 3541//3957 230//3957
f 230//3958 3541//3958 3542//3958
f 230//3959 3542//3959 228//3959
f 3542//3960 3543//3960 228//3960
f 228//3824 3543//3824 3544//3824
f 228//3961 3544//3961 234//3961
f 3544//3962 3545//3962 234//3962
f 234//198 3545//198 3546//198
f 234//3963 3546//3963 233//3963
f 3546//3964 3547//3964 233//3964
f 233//3833 3547//3833 3548//3833
f 233//3965 3548//3965 231//3965
f 231//3966 3548//3966 3549//3966
f 231//3967 3549//3967 3550//3967
f 3550//3968 3549//3968 3551//3968
f 3550//3969 3551//3969 3552//3969
f 3551//3970 3553//3970 3552//3970
f 3552//3836 3553//3836 3554//3836
f 3552//3971 3554//3971 3555//3971
f 3554//3972 3556//3972 3555//3972
f 3555//3839 3556//3839 3557//3839
f 3555//3973 3557//3973 3558//3973
f 3557//3974 3559//3974 3558//3974
f 3558//3844 3559//3844 3560//3844
f 3558//3843 3560//3843 243//3843
f 243//3843 3560//3843 3561//3843
f 243//3842 3561//3842 242//3842
f 242//3842 3561//3842 3562//3842
f 242//3975 3562//3975 240//3975
f 3562//3976 3563//3976 240//3976
f 240//3847 3563//3847 3564//3847
f 240//3977 3564//3977 246//3977
f 246//3978 3564//3978 3565//3978
f 3565//3850 3566//3850 246//3850
f 246//3849 3566//3849 3567//3849
f 246//3979 3567//3979 245//3979
f 245//3857 3567//3857 3568//3857
f 245//3980 3568//3980 244//3980
f 244//3981 3568//3981 3569//3981
f 244//3982 3569//3982 3524//3982
f 3524//3983 3569//3983 3570//3983
f 3524//3984 3570//3984 3522//3984
f 3570//3985 3571//3985 3522//3985
f 3522//3859 3571//3859 3572//3859
f 3522//3986 3572//3986 3526//3986
f 3526//3987 3572//3987 3573//3987
f 3573//3866 3574//3866 3526//3866
f 3526//3865 3574//3865 3575//3865
f 3526//3988 3575//3988 3525//3988
f 3525//3863 3575//3863 3576//3863
f 3525//3862 3576//3862 186//3862
f 186//3989 3576//3989 3577//3989
f 186//3990 3577//3990 412//3990
f 3577//3869 3578//3869 412//3869
f 412//3868 3578//3868 3579//3868
f 412//3991 3579//3991 417//3991
f 3579//3872 3580//3872 417//3872
f 417//3871 3580//3871 3581//3871
f 417//3992 3581//3992 413//3992
f 3581//3875 3582//3875 413//3875
f 413//3874 3582//3874 3583//3874
f 413//3993 3583//3993 263//3993
f 3583//3878 3584//3878 263//3878
f 263//3877 3584//3877 3585//3877
f 263//3994 3585//3994 407//3994
f 3585//3881 3586//3881 407//3881
f 407//3880 3586//3880 3587//3880
f 407//3995 3587//3995 408//3995
f 3587//3884 3588//3884 408//3884
f 408//3883 3588//3883 3589//3883
f 408//3996 3589//3996 402//3996
f 402//3891 3589//3891 3590//3891
f 402//3997 3590//3997 403//3997
f 403//3998 3590//3998 3591//3998
f 403//3999 3591//3999 3592//3999
f 3591//4000 3593//4000 3592//4000
f 3592//3886 3593//3886 3594//3886
f 3592//4001 3594//4001 3595//4001
f 3594//3894 3596//3894 3595//3894
f 3595//3893 3596//3893 3597//3893
f 3595//4002 3597//4002 3598//4002
f 3597//180 3599//180 3598//180
f 3598//3896 3599//3896 3600//3896
f 3598//4003 3600//4003 3601//4003
f 3601//3904 3600//3904 3602//3904
f 3601//4004 3602//4004 3603//4004
f 3603//4005 3602//4005 3604//4005
f 3603//4006 3604//4006 3605//4006
f 3604//4007 3606//4007 3605//4007
f 3605//3899 3606//3899 3607//3899
f 3605//4008 3607//4008 3608//4008
f 3607//4009 3609//4009 3608//4009
f 3608//3909 3609//3909 3610//3909
f 3608//4010 3610//4010 3611//4010
f 3610//4011 3612//4011 3611//4011
f 3611//3906 3612//3906 3613//3906
f 3611//4012 3613//4012 3614//4012
f 3614//3912 3613//3912 3615//3912
f 3614//3911 3615//3911 3616//3911
f 3616//3911 3615//3911 3617//3911
f 3616//3910 3617//3910 3618//3910
f 3617//3910 3619//3910 3618//3910
f 3618//3918 3619//3918 3620//3918
f 3618//4013 3620//4013 3621//4013
f 3620//4014 3622//4014 3621//4014
f 3621//3915 3622//3915 3623//3915
f 3621//4015 3623//4015 3624//4015
f 3623//4016 3625//4016 3624//4016
f 3624//3928 3625//3928 3626//3928
f 3624//4017 3626//4017 3627//4017
f 3627//4018 3626//4018 3628//4018
f 3627//4019 3628//4019 196//4019
f 196//4020 3628//4020 3629//4020
f 196//4021 3629//4021 195//4021
f 3629//4022 3630//4022 195//4022
f 195//3921 3630//3921 3631//3921
f 195//4023 3631//4023 193//4023
f 3631//4024 3632//4024 193//4024
f 193//189 3632//189 3633//189
f 193//4025 3633//4025 200//4025
f 3633//4026 3634//4026 200//4026
f 200//3930 3634//3930 3635//3930
f 200//4027 3635//4027 199//4027
f 199//4028 3635//4028 3636//4028
f 199//3934 3636//3934 197//3934
f 197//4029 3636//4029 3637//4029
f 197//4030 3637//4030 207//4030
f 3637//3937 3638//3937 207//3937
f 207//3943 3638//3943 3639//3943
f 207//4031 3639//4031 211//4031
f 3639//4032 3640//4032 211//4032
f 211//3940 3640//3940 3641//3940
f 211//4033 3641//4033 210//4033
f 210//4034 3641//4034 3642//4034
f 210//3946 3642//3946 208//3946
f 208//4035 3642//4035 3643//4035
f 208//4036 3643//4036 3534//4036
f 381//3014 380//3014 3644//3014
f 381//3014 3644//3014 3645//3014
f 3645//3015 3644//3015 2718//3015
f 3645//3015 2718//3015 2719//3015
f 3560//4037 3646//4037 3647//4037
f 3560//4038 3559//4038 3646//4038
f 3646//4039 3559//4039 3557//4039
f 3646//4040 3557//4040 3648//4040
f 3557//4041 3556//4041 3648//4041
f 3648//4042 3556//4042 3554//4042
f 3648//4043 3554//4043 3649//4043
f 3554//4044 3553//4044 3649//4044
f 3649//4045 3553//4045 3551//4045
f 3649//4046 3551//4046 3650//4046
f 3551//4047 3549//4047 3650//4047
f 3650//4048 3549//4048 3548//4048
f 3650//4049 3548//4049 3651//4049
f 3548//4050 3547//4050 3651//4050
f 3651//4051 3547//4051 3546//4051
f 3651//4052 3546//4052 3652//4052
f 3546//4053 3545//4053 3652//4053
f 3652//4054 3545//4054 3544//4054
f 3652//4055 3544//4055 3653//4055
f 3544//4056 3543//4056 3653//4056
f 3653//4057 3543//4057 3542//4057
f 3653//4058 3542//4058 3654//4058
f 3542//4059 3541//4059 3654//4059
f 3654//4060 3541//4060 3540//4060
f 3654//4061 3540//4061 3655//4061
f 3540//4062 3539//4062 3655//4062
f 3655//4063 3539//4063 3538//4063
f 3655//4064 3538//4064 3656//4064
f 3538//4065 3537//4065 3656//4065
f 3656//4066 3537//4066 3536//4066
f 3656//4067 3536//4067 3657//4067
f 3536//4068 3535//4068 3657//4068
f 3657//4069 3535//4069 3534//4069
f 3657//4070 3534//4070 3658//4070
f 3534//4071 3643//4071 3658//4071
f 3658//4072 3643//4072 3642//4072
f 3658//4073 3642//4073 3659//4073
f 3642//4074 3641//4074 3659//4074
f 3659//4075 3641//4075 3640//4075
f 3659//4076 3640//4076 3660//4076
f 3640//4077 3639//4077 3660//4077
f 3660//4078 3639//4078 3638//4078
f 3660//4079 3638//4079 3661//4079
f 3638//4080 3637//4080 3661//4080
f 3661//4081 3637//4081 3636//4081
f 3661//4082 3636//4082 3662//4082
f 3636//4083 3635//4083 3662//4083
f 3662//4084 3635//4084 3634//4084
f 3662//4085 3634//4085 3663//4085
f 3634//4086 3633//4086 3663//4086
f 3663//4087 3633//4087 3632//4087
f 3663//4088 3632//4088 3664//4088
f 3632//4089 3631//4089 3664//4089
f 3664//4090 3631//4090 3630//4090
f 3664//4091 3630//4091 3665//4091
f 3630//4092 3629//4092 3665//4092
f 3665//4093 3629//4093 3628//4093
f 3665//4094 3628//4094 3666//4094
f 3628//4095 3626//4095 3666//4095
f 3666//4096 3626//4096 3625//4096
f 3666//4097 3625//4097 3667//4097
f 3625//4098 3623//4098 3667//4098
f 3667//4099 3623//4099 3622//4099
f 3667//4100 3622//4100 3668//4100
f 3622//4101 3620//4101 3668//4101
f 3668//4102 3620//4102 3619//4102
f 3668//4103 3619//4103 3669//4103
f 3619//4104 3617//4104 3669//4104
f 3669//4105 3617//4105 3615//4105
f 3669//4106 3615//4106 3670//4106
f 3615//4107 3613//4107 3670//4107
f 3670//4108 3613//4108 3612//4108
f 3670//4109 3612//4109 3671//4109
f 3612//4110 3610//4110 3671//4110
f 3671//4111 3610//4111 3609//4111
f 3671//4112 3609//4112 3672//4112
f 3609//4113 3607//4113 3672//4113
f 3672//4114 3607//4114 3606//4114
f 3672//4115 3606//4115 3673//4115
f 3606//4116 3604//4116 3673//4116
f 3673//4117 3604//4117 3602//4117
f 3673//4118 3602//4118 3674//4118
f 3602//4119 3600//4119 3674//4119
f 3674//4120 3600//4120 3599//4120
f 3674//4121 3599//4121 3675//4121
f 3599//4122 3597//4122 3675//4122
f 3675//4123 3597//4123 3596//4123
f 3675//4124 3596//4124 3676//4124
f 3596//4125 3594//4125 3676//4125
f 3676//4126 3594//4126 3593//4126
f 3676//4127 3593//4127 3677//4127
f 3593//4128 3591//4128 3677//4128
f 3677//4129 3591//4129 3590//4129
f 3677//4130 3590//4130 3678//4130
f 3590//4131 3589//4131 3678//4131
f 3678//4132 3589//4132 3588//4132
f 3678//4133 3588//4133 3679//4133
f 3588//4134 3587//4134 3679//4134
f 3679//4135 3587//4135 3586//4135
f 3679//4136 3586//4136 3680//4136
f 3586//4137 3585//4137 3680//4137
f 3680//4138 3585//4138 3584//4138
f 3680//4139 3584//4139 3681//4139
f 3584//4140 3583//4140 3681//4140
f 3681//4141 3583//4141 3582//4141
f 3681//4142 3582//4142 3682//4142
f 3582//4143 3581//4143 3682//4143
f 3682//4144 3581//4144 3580//4144
f 3682//4145 3580//4145 3683//4145
f 3580//4146 3579//4146 3683//4146
f 3683//4147 3579//4147 3578//4147
f 3683//4148 3578//4148 3684//4148
f 3578//4149 3577//4149 3684//4149
f 3684//4150 3577//4150 3576//4150
f 3684//4151 3576//4151 3685//4151
f 3576//4152 3575//4152 3685//4152
f 3685//4153 3575//4153 3574//4153
f 3685//4154 3574//4154 3686//4154
f 3574//4155 3573//4155 3686//4155
f 3686//4156 3573//4156 3572//4156
f 3686//4157 3572//4157 3687//4157
f 3572//4158 3571//4158 3687//4158
f 3687//4159 3571//4159 3570//4159
f 3687//4160 3570//4160 3688//4160
f 3570//4161 3569//4161 3688//4161
f 3688//4162 3569//4162 3568//4162
f 3688//4163 3568//4163 3689//4163
f 3568//4164 3567//4164 3689//4164
f 3689//4165 3567//4165 3566//4165
f 3689//4166 3566//4166 3690//4166
f 3566//4167 3565//4167 3690//4167
f 3690//4168 3565//4168 3564//4168
f 3690//4169 3564//4169 3691//4169
f 3564//4170 3563//4170 3691//4170
f 3691//4171 3563//4171 3562//4171
f 3691//4172 3562//4172 3647//4172
f 3647//4173 3562//4173 3561//4173
f 3647//4174 3561//4174 3560//4174
f 392//150 3692//150 3693//150
f 2719//150 2717//150 3694//150
f 3695//150 3696//150 395//150
f 395//150 3696//150 390//150
f 395//150 390//150 3672//150
f 3669//150 387//150 3668//150
f 3668//150 387//150 388//150
f 3697//150 3698//150 384//150
f 3699//150 3700//150 3701//150
f 3702//150 3703//150 3704//150
f 3704//150 3703//150 3705//150
f 3706//150 3704//150 3658//150
f 3658//150 3704//150 3705//150
f 3658//150 3705//150 3657//150
f 3657//150 3705//150 3707//150
f 3657//150 3707//150 3656//150
f 3697//150 384//150 389//150
f 385//150 3664//150 384//150
f 384//150 3664//150 3665//150
f 384//150 3665//150 389//150
f 389//150 3665//150 3666//150
f 389//150 3666//150 388//150
f 388//150 3666//150 3667//150
f 388//150 3667//150 3668//150
f 3699//150 3701//150 386//150
f 3656//150 3707//150 3655//150
f 3655//150 3707//150 3708//150
f 3655//150 3708//150 3654//150
f 379//150 378//150 3708//150
f 3708//150 378//150 3709//150
f 3710//150 383//150 3711//150
f 3711//150 383//150 381//150
f 3647//150 2720//150 3691//150
f 3691//150 2720//150 2721//150
f 643//150 646//150 3712//150
f 640//150 3713//150 399//150
f 3714//150 3715//150 401//150
f 401//150 3715//150 396//150
f 400//150 401//150 3681//150
f 3681//150 401//150 396//150
f 3681//150 396//150 3680//150
f 3680//150 396//150 397//150
f 3680//150 397//150 3679//150
f 3672//150 390//150 3671//150
f 3671//150 390//150 391//150
f 3671//150 391//150 3670//150
f 3670//150 391//150 392//150
f 3670//150 392//150 3669//150
f 3669//150 392//150 3693//150
f 3669//150 3693//150 387//150
f 3658//150 3659//150 3706//150
f 3706//150 3659//150 3660//150
f 3706//150 3660//150 3701//150
f 3701//150 3660//150 3661//150
f 3701//150 3661//150 386//150
f 386//150 3661//150 3662//150
f 386//150 3662//150 385//150
f 385//150 3662//150 3663//150
f 385//150 3663//150 3664//150
f 3654//150 3708//150 3653//150
f 3653//150 3708//150 3709//150
f 3653//150 3709//150 3652//150
f 3652//150 3709//150 3716//150
f 3652//150 3716//150 3651//150
f 3651//150 3716//150 3711//150
f 3651//150 3711//150 3650//150
f 643//150 3712//150 644//150
f 3717//150 3687//150 3712//150
f 3712//150 3687//150 3688//150
f 3712//150 3688//150 644//150
f 644//150 3688//150 3689//150
f 644//150 3689//150 2721//150
f 2721//150 3689//150 3690//150
f 2721//150 3690//150 3691//150
f 640//150 399//150 642//150
f 3718//150 3719//150 398//150
f 398//150 3719//150 393//150
f 3681//150 3682//150 400//150
f 400//150 3682//150 3683//150
f 400//150 3683//150 399//150
f 399//150 3683//150 3684//150
f 399//150 3684//150 642//150
f 642//150 3684//150 3685//150
f 642//150 3685//150 3717//150
f 3717//150 3685//150 3686//150
f 3717//150 3686//150 3687//150
f 3650//150 3711//150 3649//150
f 3649//150 3711//150 381//150
f 3649//150 381//150 3648//150
f 3648//150 381//150 3645//150
f 3648//150 3645//150 3646//150
f 3646//150 3645//150 2719//150
f 3646//150 2719//150 3647//150
f 3647//150 2719//150 3694//150
f 3647//150 3694//150 2720//150
f 3672//150 3673//150 395//150
f 395//150 3673//150 3674//150
f 395//150 3674//150 394//150
f 394//150 3674//150 3675//150
f 394//150 3675//150 393//150
f 393//150 3675//150 3676//150
f 393//150 3676//150 398//150
f 398//150 3676//150 3677//150
f 398//150 3677//150 397//150
f 397//150 3677//150 3678//150
f 397//150 3678//150 3679//150
f 174//175 176//175 2133//175
f 73//175 2087//175 97//175
f 97//175 2087//175 2086//175
f 97//175 2086//175 6//175
f 158//175 2118//175 156//175
f 156//175 2118//175 2117//175
f 156//175 2117//175 154//175
f 123//175 2069//175 121//175
f 121//175 2069//175 2068//175
f 121//175 2068//175 176//175
f 176//175 2068//175 2134//175
f 176//175 2134//175 2133//175
f 1//175 2082//175 10//175
f 10//175 2082//175 2081//175
f 10//175 2081//175 32//175
f 110//175 2090//175 108//175
f 108//175 2090//175 2089//175
f 108//175 2089//175 73//175
f 73//175 2089//175 2088//175
f 73//175 2088//175 2087//175
f 146//175 2108//175 144//175
f 144//175 2108//175 2107//175
f 144//175 2107//175 142//175
f 152//175 2113//175 150//175
f 150//175 2113//175 2112//175
f 150//175 2112//175 148//175
f 160//175 2120//175 158//175
f 158//175 2120//175 2119//175
f 158//175 2119//175 2118//175
f 2133//175 2132//175 174//175
f 174//175 2132//175 2131//175
f 174//175 2131//175 172//175
f 172//175 2131//175 2130//175
f 172//175 2130//175 170//175
f 127//175 2072//175 125//175
f 125//175 2072//175 2071//175
f 125//175 2071//175 123//175
f 123//175 2071//175 2070//175
f 123//175 2070//175 2069//175
f 133//175 2077//175 131//175
f 131//175 2077//175 2076//175
f 131//175 2076//175 129//175
f 2086//175 2085//175 6//175
f 6//175 2085//175 2084//175
f 6//175 2084//175 1//175
f 1//175 2084//175 2083//175
f 1//175 2083//175 2082//175
f 116//175 118//175 2097//175
f 138//175 2102//175 136//175
f 136//175 2102//175 2101//175
f 136//175 2101//175 134//175
f 134//175 2101//175 2100//175
f 134//175 2100//175 120//175
f 120//175 2100//175 2099//175
f 120//175 2099//175 118//175
f 118//175 2099//175 2098//175
f 118//175 2098//175 2097//175
f 164//175 2123//175 162//175
f 162//175 2123//175 2122//175
f 162//175 2122//175 160//175
f 160//175 2122//175 2121//175
f 160//175 2121//175 2120//175
f 2081//175 2080//175 32//175
f 32//175 2080//175 2079//175
f 32//175 2079//175 133//175
f 133//175 2079//175 2078//175
f 133//175 2078//175 2077//175
f 112//175 2092//175 110//175
f 110//175 2092//175 2091//175
f 110//175 2091//175 2090//175
f 2097//175 2096//175 116//175
f 116//175 2096//175 2095//175
f 116//175 2095//175 114//175
f 114//175 2095//175 2094//175
f 114//175 2094//175 112//175
f 112//175 2094//175 2093//175
f 112//175 2093//175 2092//175
f 2107//175 2106//175 142//175
f 142//175 2106//175 2105//175
f 142//175 2105//175 140//175
f 140//175 2105//175 2104//175
f 140//175 2104//175 138//175
f 138//175 2104//175 2103//175
f 138//175 2103//175 2102//175
f 2112//175 2111//175 148//175
f 148//175 2111//175 2110//175
f 148//175 2110//175 146//175
f 146//175 2110//175 2109//175
f 146//175 2109//175 2108//175
f 2117//175 2116//175 154//175
f 154//175 2116//175 2115//175
f 154//175 2115//175 152//175
f 152//175 2115//175 2114//175
f 152//175 2114//175 2113//175
f 168//175 2126//175 166//175
f 166//175 2126//175 2125//175
f 166//175 2125//175 164//175
f 164//175 2125//175 2124//175
f 164//175 2124//175 2123//175
f 2076//175 2075//175 129//175
f 129//175 2075//175 2074//175
f 129//175 2074//175 127//175
f 127//175 2074//175 2073//175
f 127//175 2073//175 2072//175
f 2130//175 2129//175 170//175
f 170//175 2129//175 2128//175
f 170//175 2128//175 168//175
f 168//175 2128//175 2127//175
f 168//175 2127//175 2126//175
f 3720//211 3721//211 3722//211
f 3722//211 3721//211 3723//211
f 3722//210 3723//210 3724//210
f 3724//210 3723//210 3725//210
f 3724//209 3725//209 3726//209
f 3726//209 3725//209 3727//209
f 3726//4175 3727//4175 3728//4175
f 3728//4175 3727//4175 3729//4175
f 3728//207 3729//207 3730//207
f 3730//207 3729//207 3731//207
f 3730//206 3731//206 3732//206
f 3732//206 3731//206 3733//206
f 3732//205 3733//205 3734//205
f 3734//205 3733//205 3735//205
f 3734//204 3735//204 3736//204
f 3736//204 3735//204 3737//204
f 3736//203 3737//203 3738//203
f 3738//203 3737//203 3739//203
f 3738//202 3739//202 3740//202
f 3740//202 3739//202 3741//202
f 3740//201 3741//201 3742//201
f 3742//201 3741//201 3743//201
f 3742//200 3743//200 3744//200
f 3744//200 3743//200 3745//200
f 3744//199 3745//199 3746//199
f 3746//199 3745//199 3747//199
f 3746//198 3747//198 3748//198
f 3748//198 3747//198 3749//198
f 3748//4176 3749//4176 3750//4176
f 3750//4176 3749//4176 3751//4176
f 3750//196 3751//196 3752//196
f 3752//196 3751//196 3753//196
f 3752//195 3753//195 3754//195
f 3754//195 3753//195 3755//195
f 3754//194 3755//194 3756//194
f 3756//194 3755//194 3757//194
f 3756//193 3757//193 3758//193
f 3758//193 3757//193 3759//193
f 3758//192 3759//192 3760//192
f 3760//192 3759//192 3761//192
f 3760//191 3761//191 3762//191
f 3762//191 3761//191 3763//191
f 3762//4177 3763//4177 3764//4177
f 3764//4177 3763//4177 3765//4177
f 3764//189 3765//189 3766//189
f 3766//189 3765//189 3767//189
f 3766//188 3767//188 3768//188
f 3768//188 3767//188 3769//188
f 3768//187 3769//187 3770//187
f 3770//187 3769//187 3771//187
f 3770//186 3771//186 3772//186
f 3772//186 3771//186 3773//186
f 3772//185 3773//185 3774//185
f 3774//185 3773//185 3775//185
f 3774//184 3775//184 3776//184
f 3776//184 3775//184 3777//184
f 3776//183 3777//183 3778//183
f 3778//183 3777//183 3779//183
f 3778//182 3779//182 3780//182
f 3780//182 3779//182 3781//182
f 3780//181 3781//181 3782//181
f 3782//181 3781//181 3783//181
f 3782//180 3783//180 3784//180
f 3784//180 3783//180 3785//180
f 3784//4178 3785//4178 3786//4178
f 3786//4178 3785//4178 3787//4178
f 3786//178 3787//178 3788//178
f 3788//178 3787//178 3789//178
f 3788//177 3789//177 3790//177
f 3790//177 3789//177 3791//177
f 3790//176 3791//176 3720//176
f 3720//176 3791//176 3721//176
f 3777//150 533//150 3779//150
f 3779//150 533//150 531//150
f 3779//150 531//150 3781//150
f 3781//150 531//150 529//150
f 3781//150 529//150 3783//150
f 3783//150 529//150 527//150
f 3783//150 527//150 3785//150
f 3785//150 527//150 525//150
f 3785//150 525//150 3787//150
f 3787//150 525//150 523//150
f 3787//150 523//150 3789//150
f 3789//150 523//150 521//150
f 3789//150 521//150 3791//150
f 3791//150 521//150 519//150
f 3791//150 519//150 3721//150
f 3721//150 519//150 517//150
f 3721//150 517//150 3723//150
f 3723//150 517//150 587//150
f 3723//150 587//150 3725//150
f 3725//150 587//150 585//150
f 3725//150 585//150 3727//150
f 3727//150 585//150 583//150
f 3727//150 583//150 3729//150
f 3729//150 583//150 581//150
f 3729//150 581//150 3731//150
f 3731//150 581//150 579//150
f 3731//150 579//150 3733//150
f 3733//150 579//150 577//150
f 3733//150 577//150 3735//150
f 3735//150 577//150 575//150
f 3735//150 575//150 3737//150
f 3737//150 575//150 573//150
f 3737//150 573//150 3739//150
f 3739//150 573//150 571//150
f 3739//150 571//150 3741//150
f 3741//150 571//150 569//150
f 3741//150 569//150 3743//150
f 3743//150 569//150 567//150
f 3743//150 567//150 3745//150
f 3745//150 567//150 565//150
f 3745//150 565//150 3747//150
f 3747//150 565//150 563//150
f 3747//150 563//150 3749//150
f 3749//150 563//150 561//150
f 3749//150 561//150 3751//150
f 3751//150 561//150 559//150
f 3751//150 559//150 3753//150
f 3753//150 559//150 557//150
f 3753//150 557//150 3755//150
f 3755//150 557//150 555//150
f 3755//150 555//150 3757//150
f 3757//150 555//150 553//150
f 3757//150 553//150 3759//150
f 3759//150 553//150 551//150
f 3759//150 551//150 3761//150
f 3761//150 551//150 549//150
f 3761//150 549//150 3763//150
f 3763//150 549//150 547//150
f 3763//150 547//150 3765//150
f 3765//150 547//150 545//150
f 3765//150 545//150 3767//150
f 3767//150 545//150 543//150
f 3767//150 543//150 3769//150
f 3769//150 543//150 541//150
f 3769//150 541//150 3771//150
f 3771//150 541//150 539//150
f 3771//150 539//150 3773//150
f 3773//150 539//150 537//150
f 3773//150 537//150 3775//150
f 3775//150 537//150 535//150
f 3775//150 535//150 3777//150
f 3777//150 535//150 533//150
f 2828//150 2686//150 2829//150
f 2829//150 2686//150 2685//150
f 2829//150 2685//150 2794//150
f 2806//150 2665//150 2807//150
f 2807//150 2665//150 2664//150
f 2807//150 2664//150 2808//150
f 2824//150 2692//150 2825//150
f 2825//150 2692//150 2691//150
f 2825//150 2691//150 2826//150
f 2804//150 2668//150 2805//150
f 2805//150 2668//150 2667//150
f 2805//150 2667//150 2806//150
f 2806//150 2667//150 2666//150
f 2806//150 2666//150 2665//150
f 2691//150 2690//150 2826//150
f 2826//150 2690//150 2689//150
f 2826//150 2689//150 2827//150
f 2827//150 2689//150 2688//150
f 2827//150 2688//150 2828//150
f 2828//150 2688//150 2687//150
f 2828//150 2687//150 2686//150
f 2822//150 2695//150 2823//150
f 2823//150 2695//150 2694//150
f 2823//150 2694//150 2824//150
f 2824//150 2694//150 2693//150
f 2824//150 2693//150 2692//150
f 2820//150 2698//150 2821//150
f 2821//150 2698//150 2697//150
f 2821//150 2697//150 2822//150
f 2822//150 2697//150 2696//150
f 2822//150 2696//150 2695//150
f 2814//150 2707//150 2815//150
f 2815//150 2707//150 2706//150
f 2815//150 2706//150 2816//150
f 2812//150 2710//150 2813//150
f 2813//150 2710//150 2709//150
f 2813//150 2709//150 2814//150
f 2814//150 2709//150 2708//150
f 2814//150 2708//150 2707//150
f 2810//150 2659//150 2811//150
f 2811//150 2659//150 2712//150
f 2811//150 2712//150 2812//150
f 2812//150 2712//150 2711//150
f 2812//150 2711//150 2710//150
f 2802//150 2671//150 2803//150
f 2803//150 2671//150 2670//150
f 2803//150 2670//150 2804//150
f 2804//150 2670//150 2669//150
f 2804//150 2669//150 2668//150
f 2800//150 2674//150 2801//150
f 2801//150 2674//150 2673//150
f 2801//150 2673//150 2802//150
f 2802//150 2673//150 2672//150
f 2802//150 2672//150 2671//150
f 2818//150 2701//150 2819//150
f 2819//150 2701//150 2700//150
f 2819//150 2700//150 2820//150
f 2820//150 2700//150 2699//150
f 2820//150 2699//150 2698//150
f 2706//150 2705//150 2816//150
f 2816//150 2705//150 2704//150
f 2816//150 2704//150 2817//150
f 2817//150 2704//150 2703//150
f 2817//150 2703//150 2818//150
f 2818//150 2703//150 2702//150
f 2818//150 2702//150 2701//150
f 2664//150 2663//150 2808//150
f 2808//150 2663//150 2662//150
f 2808//150 2662//150 2809//150
f 2809//150 2662//150 2661//150
f 2809//150 2661//150 2810//150
f 2810//150 2661//150 2660//150
f 2810//150 2660//150 2659//150
f 2798//150 2677//150 2799//150
f 2799//150 2677//150 2676//150
f 2799//150 2676//150 2800//150
f 2800//150 2676//150 2675//150
f 2800//150 2675//150 2674//150
f 2685//150 2684//150 2794//150
f 2794//150 2684//150 2683//150
f 2794//150 2683//150 2795//150
f 2795//150 2683//150 2682//150
f 2795//150 2682//150 2796//150
f 2682//150 2681//150 2796//150
f 2796//150 2681//150 2680//150
f 2796//150 2680//150 2797//150
f 2797//150 2680//150 2679//150
f 2797//150 2679//150 2798//150
f 2798//150 2679//150 2678//150
f 2798//150 2678//150 2677//150
f 3792//214 3793//214 3794//214
f 3794//214 3793//214 3795//214
f 3794//214 3795//214 3796//214
f 3797//167 3798//167 3799//167
f 3797//167 3799//167 3800//167
f 3800//168 3799//168 3801//168
f 3800//168 3801//168 3802//168
f 3712//4179 3803//4179 3804//4179
f 3712//4179 3804//4179 3717//4179
f 3717//4180 3804//4180 641//4180
f 3717//4180 641//4180 642//4180
f 3805//165 3806//165 3807//165
f 3805//165 3807//165 3808//165
f 3808//166 3807//166 3809//166
f 3808//166 3809//166 3810//166
f 626//4179 3811//4179 3812//4179
f 626//4179 3812//4179 627//4179
f 627//4180 3812//4180 3813//4180
f 627//4180 3813//4180 628//4180
f 593//173 594//173 3814//173
f 593//173 3814//173 609//173
f 609//174 3814//174 3815//174
f 609//174 3815//174 610//174
f 3816//4181 3817//4181 3818//4181
f 3816//4181 3818//4181 3819//4181
f 3819//4182 3818//4182 3820//4182
f 3819//4182 3820//4182 3821//4182
f 3822//4183 3823//4183 3824//4183
f 3822//4183 3824//4183 3825//4183
f 3825//4184 3824//4184 3826//4184
f 3825//4184 3826//4184 3827//4184
f 3828//4185 3829//4185 3830//4185
f 3828//4185 3830//4185 3831//4185
f 3831//4186 3830//4186 3832//4186
f 3831//4186 3832//4186 3833//4186
f 3834//163 3835//163 3836//163
f 3834//163 3836//163 3837//163
f 3837//164 3836//164 3838//164
f 3837//164 3838//164 3839//164
f 598//171 3840//171 3841//171
f 598//171 3841//171 597//171
f 597//172 3841//172 3842//172
f 597//172 3842//172 595//172
f 3843//169 3844//169 3845//169
f 3843//169 3845//169 3846//169
f 3846//170 3845//170 3847//170
f 3846//170 3847//170 3848//170
f 3805//175 3849//175 3850//175
f 3850//175 3849//175 3851//175
f 3850//175 3851//175 3852//175
f 3808//175 3810//175 3853//175
f 3805//175 3808//175 3849//175
f 3849//175 3808//175 3853//175
f 3849//175 3853//175 3854//175
f 3854//175 3853//175 3855//175
f 3796//175 3797//175 3800//175
f 3800//175 3802//175 3856//175
f 3794//175 3796//175 3857//175
f 3857//175 3796//175 3800//175
f 3857//175 3800//175 3858//175
f 3858//175 3800//175 3856//175
f 3858//175 3856//175 3859//175
f 3859//175 3856//175 3852//175
f 3860//175 3861//175 3862//175
f 3855//4187 3863//4187 3864//4187
f 3864//175 3863//175 3865//175
f 3863//175 3834//175 3865//175
f 3865//175 3834//175 3837//175
f 3865//175 3837//175 3862//175
f 3862//175 3837//175 3839//175
f 3862//175 3839//175 3860//175
f 3866//175 3867//175 3868//175
f 3861//4188 3869//4188 3870//4188
f 3870//175 3869//175 3871//175
f 3869//175 3828//175 3871//175
f 3871//175 3828//175 3831//175
f 3871//175 3831//175 3868//175
f 3868//175 3831//175 3833//175
f 3868//175 3833//175 3866//175
f 3872//175 3873//175 3874//175
f 3874//4189 3873//4189 3875//4189
f 3821//175 3876//175 3819//175
f 3819//175 3876//175 3816//175
f 616//4187 3877//4187 3876//4187
f 3876//175 3877//175 3875//175
f 3876//175 3875//175 3816//175
f 3816//175 3875//175 3873//175
f 3827//175 3878//175 3825//175
f 3825//175 3878//175 3822//175
f 3867//175 3879//175 3880//175
f 3880//175 3879//175 3822//175
f 3880//175 3822//175 3881//175
f 3881//175 3822//175 3882//175
f 3882//175 3822//175 3878//175
f 3882//4188 3878//4188 3872//4188
f 3848//162 3847//162 3792//162
f 3792//162 3847//162 3793//162
f 3796//148 3795//148 3797//148
f 3797//148 3795//148 3798//148
f 320//148 390//148 321//148
f 321//148 390//148 3696//148
f 308//162 3695//162 311//162
f 311//162 3695//162 395//162
f 327//153 3693//153 318//153
f 318//153 3693//153 3692//153
f 318//153 3692//153 316//153
f 326//152 387//152 327//152
f 327//152 387//152 3693//152
f 323//155 3697//155 324//155
f 324//155 3697//155 389//155
f 370//214 3701//214 371//214
f 371//214 3701//214 3700//214
f 362//147 3699//147 368//147
f 368//147 3699//147 386//147
f 360//153 3705//153 352//153
f 352//153 3705//153 3703//153
f 600//157 3883//157 598//157
f 598//157 3883//157 3840//157
f 610//153 3815//153 605//153
f 605//153 3815//153 3884//153
f 304//157 396//157 296//157
f 296//157 396//157 3715//157
f 291//153 3714//153 289//153
f 289//153 3714//153 401//153
f 296//152 3715//152 290//152
f 290//152 3715//152 3714//152
f 290//152 3714//152 291//152
f 287//148 3713//148 295//148
f 295//148 3713//148 640//148
f 295//148 640//148 639//148
f 286//147 399//147 287//147
f 287//147 399//147 3713//147
f 371//162 3700//162 361//162
f 361//162 3700//162 3699//162
f 361//162 3699//162 362//162
f 352//154 3703//154 353//154
f 353//154 3703//154 3702//154
f 353//154 3702//154 374//154
f 374//157 3702//157 373//157
f 373//157 3702//157 3704//157
f 366//156 3698//156 328//156
f 328//156 3698//156 3697//156
f 328//156 3697//156 323//156
f 365//149 384//149 366//149
f 366//149 384//149 3698//149
f 316//154 3692//154 314//154
f 314//154 3692//154 392//154
f 631//154 3885//154 629//154
f 629//154 3885//154 3886//154
f 3821//148 3820//148 3876//148
f 3876//148 3820//148 3887//148
f 611//162 3888//162 612//162
f 612//162 3888//162 2713//162
f 3873//156 3889//156 3816//156
f 3816//156 3889//156 3817//156
f 3866//154 3890//154 3867//154
f 3867//154 3890//154 3891//154
f 3867//154 3891//154 3879//154
f 3833//157 3832//157 3866//157
f 3866//157 3832//157 3890//157
f 3879//153 3891//153 3822//153
f 3822//153 3891//153 3823//153
f 3860//162 3892//162 3861//162
f 3861//162 3892//162 3893//162
f 3861//162 3893//162 3869//162
f 3839//147 3838//147 3860//147
f 3860//147 3838//147 3892//147
f 3869//214 3893//214 3828//214
f 3828//214 3893//214 3829//214
f 3853//156 3894//156 3855//156
f 3855//156 3894//156 3895//156
f 3855//156 3895//156 3863//156
f 3810//155 3809//155 3853//155
f 3853//155 3809//155 3894//155
f 3863//149 3895//149 3834//149
f 3834//149 3895//149 3835//149
f 3856//153 3896//153 3852//153
f 3852//153 3896//153 3897//153
f 3852//153 3897//153 3850//153
f 3802//154 3801//154 3856//154
f 3856//154 3801//154 3896//154
f 421//153 3898//153 423//153
f 423//153 3898//153 3899//153
f 423//153 3899//153 3533//153
f 3900//153 3901//153 3616//153
f 3616//153 3901//153 3902//153
f 3616//153 3902//153 3903//153
f 3904//162 3905//162 712//162
f 712//162 3905//162 710//162
f 705//148 703//148 3906//148
f 3906//148 703//148 3907//148
f 3906//214 3907//214 3603//214
f 3603//214 3907//214 3905//214
f 3603//214 3905//214 3904//214
f 2839//214 3908//214 424//214
f 424//214 3908//214 3909//214
f 424//214 3909//214 425//214
f 614//152 2715//152 615//152
f 615//152 2715//152 3910//152
f 623//155 3911//155 626//155
f 626//155 3911//155 3811//155
f 615//157 3910//157 620//157
f 620//157 3910//157 3885//157
f 620//157 3885//157 631//157
f 335//154 2720//154 336//154
f 336//154 2720//154 3694//154
f 347//148 3710//148 349//148
f 349//148 3710//148 3711//148
f 336//157 3694//157 341//157
f 341//157 3694//157 2717//157
f 341//157 2717//157 2716//157
f 3803//155 3712//155 645//155
f 645//155 3712//155 646//155
f 321//214 3696//214 307//214
f 307//214 3696//214 3695//214
f 307//214 3695//214 308//214
f 299//156 3718//156 302//156
f 302//156 3718//156 398//156
f 305//149 3719//149 298//149
f 298//149 3719//149 3718//149
f 298//149 3718//149 299//149
f 313//151 393//151 305//151
f 305//151 393//151 3719//151
f 382//147 383//147 346//147
f 346//147 383//147 3710//147
f 346//147 3710//147 347//147
f 351//156 3709//156 343//156
f 343//156 3709//156 378//156
f 355//151 379//151 358//151
f 358//151 379//151 3708//151
f 3827//151 3826//151 3878//151
f 3878//151 3826//151 3912//151
f 605//152 3884//152 599//152
f 599//152 3884//152 3883//152
f 599//152 3883//152 600//152
f 595//156 3842//156 596//156
f 596//156 3842//156 3913//156
f 3914//151 3915//151 3843//151
f 3843//151 3915//151 3844//151
f 628//214 3813//214 588//214
f 588//214 3813//214 589//214
f 241//157 648//157 243//157
f 243//157 648//157 649//157
f 243//157 649//157 652//157
f 629//3016 3886//3016 3916//3016
f 629//3016 3916//3016 633//3016
f 633//3017 3916//3017 637//3017
f 633//3017 637//3017 634//3017
f 3709//4181 351//4181 350//4181
f 3709//4181 350//4181 3716//4181
f 3716//4182 350//4182 349//4182
f 3716//4182 349//4182 3711//4182
f 3701//4185 370//4185 372//4185
f 3701//4185 372//4185 3706//4185
f 3706//4186 372//4186 373//4186
f 3706//4186 373//4186 3704//4186
f 3705//4183 360//4183 359//4183
f 3705//4183 359//4183 3707//4183
f 3707//4184 359//4184 358//4184
f 3707//4184 358//4184 3708//4184
f 295//150 639//150 3917//150
f 3917//150 639//150 3918//150
f 3803//150 645//150 3804//150
f 3804//150 645//150 641//150
f 337//150 3919//150 645//150
f 645//150 3919//150 3918//150
f 645//150 3918//150 641//150
f 641//150 3918//150 639//150
f 2166//4190 354//4190 2168//4190
f 2168//4191 354//4191 353//4191
f 2168//4192 353//4192 2169//4192
f 2166//4193 2164//4193 354//4193
f 354//4194 2164//4194 2163//4194
f 354//4195 2163//4195 357//4195
f 2163//4196 2162//4196 357//4196
f 357//4197 2162//4197 2160//4197
f 357//4198 2160//4198 356//4198
f 356//4199 2160//4199 2158//4199
f 356//4200 2158//4200 345//4200
f 2158//4200 2156//4200 345//4200
f 345//4201 2156//4201 2155//4201
f 345//4202 2155//4202 344//4202
f 344//4203 2155//4203 2154//4203
f 344//4204 2154//4204 342//4204
f 342//4205 2154//4205 2152//4205
f 342//4206 2152//4206 2150//4206
f 2145//4207 348//4207 2147//4207
f 2147//4208 348//4208 342//4208
f 2147//4209 342//4209 2148//4209
f 2148//4210 342//4210 2150//4210
f 2144//4211 3920//4211 2145//4211
f 2145//4212 3920//4212 346//4212
f 2145//4213 346//4213 348//4213
f 2142//4214 3921//4214 2143//4214
f 2143//4215 3921//4215 3920//4215
f 2143//4216 3920//4216 2138//4216
f 2138//4217 3920//4217 2144//4217
f 2142//4218 2137//4218 3921//4218
f 3921//4219 2137//4219 2136//4219
f 3921//4220 2136//4220 3922//4220
f 3922//4221 2136//4221 2280//4221
f 3922//4222 2280//4222 341//4222
f 341//4222 2280//4222 2279//4222
f 341//4223 2279//4223 340//4223
f 340//4223 2279//4223 2277//4223
f 2277//4224 2275//4224 340//4224
f 340//4225 2275//4225 2274//4225
f 340//4226 2274//4226 339//4226
f 339//4227 2274//4227 2273//4227
f 339//4228 2273//4228 338//4228
f 338//4229 2273//4229 2271//4229
f 2271//4230 2269//4230 338//4230
f 338//4231 2269//4231 2268//4231
f 338//4232 2268//4232 337//4232
f 337//4233 2268//4233 2266//4233
f 337//4234 2266//4234 3919//4234
f 2266//4235 2264//4235 3919//4235
f 3919//4236 2264//4236 2263//4236
f 3919//4237 2263//4237 3918//4237
f 2263//4238 2262//4238 3918//4238
f 3918//4239 2262//4239 2260//4239
f 3918//4240 2260//4240 3917//4240
f 2260//4241 2258//4241 3917//4241
f 3917//4242 2258//4242 2256//4242
f 3917//4243 2256//4243 295//4243
f 295//4244 2256//4244 2255//4244
f 295//4245 2255//4245 294//4245
f 294//4245 2255//4245 2254//4245
f 294//4246 2254//4246 293//4246
f 293//4247 2254//4247 2252//4247
f 293//4248 2252//4248 2250//4248
f 2250//4249 2248//4249 293//4249
f 293//4250 2248//4250 2247//4250
f 293//4251 2247//4251 292//4251
f 292//4252 2247//4252 2246//4252
f 292//4253 2246//4253 290//4253
f 290//4254 2246//4254 2244//4254
f 2239//4255 297//4255 2241//4255
f 2241//4256 297//4256 290//4256
f 2241//4257 290//4257 2242//4257
f 2242//4258 290//4258 2244//4258
f 2239//4259 2237//4259 297//4259
f 297//4260 2237//4260 2236//4260
f 297//4261 2236//4261 301//4261
f 2236//4262 2235//4262 301//4262
f 301//4263 2235//4263 2233//4263
f 301//4264 2233//4264 300//4264
f 300//4265 2233//4265 2231//4265
f 300//4266 2231//4266 298//4266
f 2231//4266 2229//4266 298//4266
f 298//4267 2229//4267 2228//4267
f 298//4268 2228//4268 306//4268
f 306//4269 2228//4269 2227//4269
f 306//4270 2227//4270 310//4270
f 310//4271 2227//4271 2225//4271
f 310//4272 2225//4272 2223//4272
f 2218//4273 309//4273 2220//4273
f 2220//4274 309//4274 310//4274
f 2220//4275 310//4275 2221//4275
f 2221//4276 310//4276 2223//4276
f 2217//4277 322//4277 2218//4277
f 2218//4278 322//4278 307//4278
f 2218//4279 307//4279 309//4279
f 2215//4280 315//4280 2216//4280
f 2216//4281 315//4281 322//4281
f 2216//4282 322//4282 2209//4282
f 2209//4283 322//4283 2217//4283
f 2215//4284 2213//4284 315//4284
f 315//4285 2213//4285 2212//4285
f 315//4286 2212//4286 317//4286
f 317//4287 2212//4287 2208//4287
f 317//4288 2208//4288 318//4288
f 318//4288 2208//4288 2206//4288
f 318//4289 2206//4289 331//4289
f 331//4289 2206//4289 2204//4289
f 2204//4290 2202//4290 331//4290
f 331//4291 2202//4291 2201//4291
f 331//4292 2201//4292 330//4292
f 330//4293 2201//4293 2200//4293
f 330//4294 2200//4294 329//4294
f 329//4295 2200//4295 2198//4295
f 2198//4296 2196//4296 329//4296
f 329//4297 2196//4297 2195//4297
f 329//4298 2195//4298 328//4298
f 328//4299 2195//4299 2193//4299
f 328//4300 2193//4300 369//4300
f 2193//4301 2191//4301 369//4301
f 369//4302 2191//4302 2190//4302
f 369//4303 2190//4303 364//4303
f 2190//4304 2189//4304 364//4304
f 364//4305 2189//4305 2187//4305
f 364//4306 2187//4306 363//4306
f 2187//4307 2185//4307 363//4307
f 363//4308 2185//4308 2183//4308
f 363//4309 2183//4309 361//4309
f 361//4310 2183//4310 2182//4310
f 361//4311 2182//4311 377//4311
f 377//4311 2182//4311 2181//4311
f 377//4312 2181//4312 376//4312
f 376//4313 2181//4313 2179//4313
f 376//4314 2179//4314 2177//4314
f 2177//4315 2175//4315 376//4315
f 376//4316 2175//4316 2174//4316
f 376//4317 2174//4317 375//4317
f 375//4318 2174//4318 2173//4318
f 375//4319 2173//4319 353//4319
f 353//4320 2173//4320 2171//4320
f 353//4321 2171//4321 2169//4321
f 604//175 3914//175 3923//175
f 3923//4322 3914//4322 3924//4322
f 3848//175 3792//175 3846//175
f 3846//175 3792//175 3843//175
f 3794//213 3925//213 3792//213
f 3792//175 3925//175 3924//175
f 3792//175 3924//175 3843//175
f 3843//175 3924//175 3914//175
f 2865//4305 2863//4305 3865//4305
f 2884//4323 3867//4323 2886//4323
f 2886//4324 3867//4324 3880//4324
f 2886//4193 3880//4193 2887//4193
f 2887//4325 3880//4325 3881//4325
f 2887//4326 3881//4326 2888//4326
f 2888//4196 3881//4196 2890//4196
f 3874//4327 2896//4327 3872//4327
f 3872//4201 2896//4201 2895//4201
f 3872//4200 2895//4200 3882//4200
f 3882//4200 2895//4200 2894//4200
f 3882//4328 2894//4328 3881//4328
f 3881//4329 2894//4329 2892//4329
f 3881//4197 2892//4197 2890//4197
f 3875//4330 2900//4330 3874//4330
f 3874//4331 2900//4331 2898//4331
f 3874//4203 2898//4203 2896//4203
f 3877//4332 2903//4332 3875//4332
f 3875//4210 2903//4210 2902//4210
f 3875//4206 2902//4206 2900//4206
f 617//4217 2909//4217 2908//4217
f 617//4333 2908//4333 616//4333
f 616//4334 2908//4334 2906//4334
f 616//4213 2906//4213 3877//4213
f 3877//4207 2906//4207 2904//4207
f 3877//4335 2904//4335 2903//4335
f 2917//4221 2915//4221 619//4221
f 619//4336 2915//4336 2914//4336
f 619//4337 2914//4337 618//4337
f 618//4218 2914//4218 2913//4218
f 618//4338 2913//4338 617//4338
f 617//4339 2913//4339 2911//4339
f 617//4216 2911//4216 2909//4216
f 2917//4222 619//4222 2919//4222
f 2919//4222 619//4222 620//4222
f 2919//4223 620//4223 2921//4223
f 2921//4223 620//4223 632//4223
f 2921//4224 632//4224 2925//4224
f 2925//4340 632//4340 630//4340
f 2925//4341 630//4341 2926//4341
f 636//4342 2929//4342 630//4342
f 630//4343 2929//4343 2928//4343
f 630//4227 2928//4227 2926//4227
f 2931//4344 2930//4344 636//4344
f 636//4231 2930//4231 2922//4231
f 636//4230 2922//4230 2929//4230
f 636//4345 622//4345 2931//4345
f 2931//4234 622//4234 624//4234
f 2931//4235 624//4235 2933//4235
f 2933//4346 624//4346 625//4346
f 2933//4347 625//4347 2934//4347
f 2934//4238 625//4238 2936//4238
f 590//4348 2941//4348 621//4348
f 621//4242 2941//4242 2940//4242
f 621//4349 2940//4349 625//4349
f 625//4350 2940//4350 2938//4350
f 625//4239 2938//4239 2936//4239
f 608//4351 2946//4351 607//4351
f 607//4352 2946//4352 2944//4352
f 607//4245 2944//4245 590//4245
f 590//4245 2944//4245 2942//4245
f 590//4244 2942//4244 2941//4244
f 2952//4252 2950//4252 606//4252
f 606//4353 2950//4353 2949//4353
f 606//4354 2949//4354 608//4354
f 608//4249 2949//4249 2948//4249
f 608//4248 2948//4248 2946//4248
f 2952//4355 606//4355 2954//4355
f 2954//4356 606//4356 599//4356
f 2954//4258 599//4258 2955//4258
f 2963//4262 2961//4262 602//4262
f 602//4357 2961//4357 2960//4357
f 602//4358 2960//4358 601//4358
f 601//4259 2960//4259 2959//4259
f 601//4359 2959//4359 599//4359
f 599//4360 2959//4360 2957//4360
f 599//4257 2957//4257 2955//4257
f 3923//4361 2969//4361 604//4361
f 604//4267 2969//4267 2968//4267
f 604//4266 2968//4266 603//4266
f 603//4266 2968//4266 2967//4266
f 603//4362 2967//4362 602//4362
f 602//4363 2967//4363 2965//4363
f 602//4263 2965//4263 2963//4263
f 3924//4364 2973//4364 3923//4364
f 3923//4365 2973//4365 2971//4365
f 3923//4269 2971//4269 2969//4269
f 3925//4366 2976//4366 3924//4366
f 3924//4276 2976//4276 2975//4276
f 3924//4272 2975//4272 2973//4272
f 3857//4283 2982//4283 2981//4283
f 3857//4367 2981//4367 3794//4367
f 3794//4368 2981//4368 2979//4368
f 3794//4279 2979//4279 3925//4279
f 3925//4273 2979//4273 2977//4273
f 3925//4369 2977//4369 2976//4369
f 2990//4287 2988//4287 3859//4287
f 3859//4370 2988//4370 2987//4370
f 3859//4371 2987//4371 3858//4371
f 3858//4284 2987//4284 2986//4284
f 3858//4372 2986//4372 3857//4372
f 3857//4373 2986//4373 2984//4373
f 3857//4282 2984//4282 2982//4282
f 2990//4288 3859//4288 2992//4288
f 2992//4288 3859//4288 3852//4288
f 2992//4289 3852//4289 2993//4289
f 2993//4289 3852//4289 3851//4289
f 2993//4290 3851//4290 2849//4290
f 2849//4374 3851//4374 3849//4374
f 2849//4375 3849//4375 2850//4375
f 3854//4376 2856//4376 3849//4376
f 3849//4377 2856//4377 2855//4377
f 3849//4293 2855//4293 2850//4293
f 2858//4378 2857//4378 3854//4378
f 3854//4297 2857//4297 2851//4297
f 3854//4296 2851//4296 2856//4296
f 3854//4379 3855//4379 2858//4379
f 2858//4300 3855//4300 3864//4300
f 2858//4301 3864//4301 2860//4301
f 2860//4380 3864//4380 3865//4380
f 2860//4381 3865//4381 2861//4381
f 2861//4304 3865//4304 2863//4304
f 2865//4382 3865//4382 2867//4382
f 2867//4383 3865//4383 3862//4383
f 2867//4308 3862//4308 2868//4308
f 2868//4384 3862//4384 3861//4384
f 2868//4310 3861//4310 2869//4310
f 2869//4311 3861//4311 2871//4311
f 2871//4311 3861//4311 3870//4311
f 2871//4385 3870//4385 2873//4385
f 2873//4386 3870//4386 3871//4386
f 2873//4314 3871//4314 2875//4314
f 2875//4315 3871//4315 2876//4315
f 2876//4387 3871//4387 3868//4387
f 2876//4388 3868//4388 2877//4388
f 2884//4192 2882//4192 3867//4192
f 3867//4321 2882//4321 2881//4321
f 3867//4389 2881//4389 3868//4389
f 3868//4390 2881//4390 2879//4390
f 3868//4318 2879//4318 2877//4318
f 2718//150 3921//150 2716//150
f 2716//150 3921//150 3922//150
f 2716//150 3922//150 341//150
f 3644//150 380//150 382//150
f 2718//150 3644//150 3921//150
f 3921//150 3644//150 382//150
f 3921//150 382//150 3920//150
f 3920//150 382//150 346//150
f 3926//150 653//150 734//150
f 734//150 799//150 3926//150
f 3926//150 799//150 669//150
f 3926//150 669//150 668//150
f 231//150 3550//150 3926//150
f 3926//150 3550//150 3552//150
f 3926//150 3552//150 653//150
f 653//150 3552//150 3555//150
f 653//150 3555//150 652//150
f 652//150 3555//150 3558//150
f 652//150 3558//150 243//150
f 3621//150 3900//150 3618//150
f 3618//150 3900//150 3616//150
f 196//150 3927//150 3627//150
f 3627//150 3927//150 3624//150
f 3927//150 689//150 3624//150
f 3624//150 689//150 688//150
f 3624//150 688//150 3621//150
f 3621//150 688//150 750//150
f 3621//150 750//150 3900//150
f 3900//150 750//150 664//150
f 3900//150 664//150 663//150
f 3595//150 3928//150 3592//150
f 3592//150 3928//150 403//150
f 3603//150 3904//150 3601//150
f 3601//150 3904//150 3598//150
f 660//150 3928//150 661//150
f 661//150 3928//150 3595//150
f 661//150 3595//150 764//150
f 764//150 3595//150 3598//150
f 764//150 3598//150 762//150
f 762//150 3598//150 3904//150
f 762//150 3904//150 712//150
f 3906//150 701//150 756//150
f 756//150 758//150 3906//150
f 3906//150 758//150 706//150
f 3906//150 706//150 705//150
f 3603//150 3605//150 3906//150
f 3906//150 3605//150 3608//150
f 3906//150 3608//150 701//150
f 701//150 3608//150 3611//150
f 701//150 3611//150 3903//150
f 3903//150 3611//150 3614//150
f 3903//150 3614//150 3616//150
f 3929//150 666//150 269//150
f 269//150 666//150 686//150
f 269//150 686//150 270//150
f 212//214 666//214 206//214
f 206//214 666//214 3929//214
f 447//214 3930//214 454//214
f 454//214 3930//214 3931//214
f 3527//156 3932//156 437//156
f 437//156 3932//156 3933//156
f 437//156 3933//156 438//156
f 205//149 665//149 194//149
f 194//149 665//149 3934//149
f 194//156 3934//156 196//156
f 196//156 3934//156 3935//156
f 196//156 3935//156 3927//156
f 3903//154 3902//154 701//154
f 701//154 3902//154 699//154
f 663//152 662//152 3900//152
f 3900//152 662//152 3901//152
f 3901//150 662//150 3902//150
f 3902//150 662//150 697//150
f 3902//150 697//150 699//150
f 232//148 3936//148 239//148
f 239//148 3936//148 671//148
f 668//162 667//162 3926//162
f 3926//162 667//162 3937//162
f 3937//150 667//150 3936//150
f 3936//150 667//150 673//150
f 3936//150 673//150 671//150
f 188//214 187//214 787//214
f 787//214 187//214 725//214
f 414//147 657//147 184//147
f 184//147 657//147 185//147
f 185//150 657//150 187//150
f 187//150 657//150 723//150
f 187//150 723//150 725//150
f 265//153 264//153 419//153
f 419//153 264//153 718//153
f 406//157 658//157 261//157
f 261//157 658//157 262//157
f 262//150 658//150 264//150
f 264//150 658//150 721//150
f 264//150 721//150 718//150
f 3907//150 703//150 3905//150
f 3905//150 703//150 702//150
f 3905//150 702//150 710//150
f 404//156 3938//156 409//156
f 409//156 3938//156 714//156
f 714//150 3938//150 716//150
f 716//150 3938//150 3939//150
f 716//150 3939//150 659//150
f 3928//149 3939//149 403//149
f 403//149 3939//149 3938//149
f 403//149 3938//149 404//149
f 660//151 659//151 3928//151
f 3928//151 659//151 3939//151
f 3926//147 3937//147 231//147
f 231//147 3937//147 3936//147
f 231//147 3936//147 232//147
f 675//150 280//150 678//150
f 678//150 280//150 279//150
f 678//150 279//150 278//150
f 219//151 280//151 225//151
f 225//151 280//151 675//151
f 206//162 3929//162 197//162
f 197//162 3929//162 269//162
f 197//162 269//162 198//162
f 691//150 3935//150 694//150
f 694//150 3935//150 3934//150
f 694//150 3934//150 665//150
f 3927//155 3935//155 689//155
f 689//155 3935//155 691//155
f 192//150 190//150 730//150
f 730//150 190//150 3940//150
f 730//150 3940//150 654//150
f 3523//151 3940//151 244//151
f 244//151 3940//151 190//151
f 244//151 190//151 189//151
f 655//155 654//155 3523//155
f 3523//155 654//155 3940//155
f 476//157 3941//157 478//157
f 478//157 3941//157 3942//157
f 478//157 3942//157 494//157
f 255//155 254//155 506//155
f 506//155 254//155 3943//155
f 490//149 3944//149 251//149
f 251//149 3944//149 252//149
f 252//175 3944//175 254//175
f 254//175 3944//175 3945//175
f 254//175 3945//175 3943//175
f 438//149 3933//149 445//149
f 445//149 3933//149 3946//149
f 3532//155 3947//155 3527//155
f 3527//155 3947//155 3932//155
f 3932//175 3947//175 3933//175
f 3933//175 3947//175 3948//175
f 3933//175 3948//175 3946//175
f 425//148 3909//148 428//148
f 428//148 3909//148 3949//148
f 2847//162 3950//162 2839//162
f 2839//162 3950//162 3908//162
f 3949//175 3909//175 3951//175
f 3951//175 3909//175 3908//175
f 3951//175 3908//175 3950//175
f 285//151 284//151 2843//151
f 2843//151 284//151 3952//151
f 2832//156 3953//156 281//156
f 281//156 3953//156 282//156
f 282//175 3953//175 284//175
f 284//175 3953//175 3954//175
f 284//175 3954//175 3952//175
f 260//157 259//157 2837//157
f 2837//157 259//157 3955//157
f 510//153 3956//153 256//153
f 256//153 3956//153 257//153
f 3955//175 259//175 3957//175
f 3957//175 259//175 257//175
f 3957//175 257//175 3956//175
f 508//147 3958//147 513//147
f 513//147 3958//147 3959//147
f 502//214 3960//214 497//214
f 497//214 3960//214 3961//214
f 3959//175 3958//175 3962//175
f 3962//175 3958//175 3961//175
f 3962//175 3961//175 3960//175
f 494//154 3942//154 486//154
f 486//154 3942//154 3963//154
f 485//152 3964//152 476//152
f 476//152 3964//152 3941//152
f 3963//175 3942//175 3965//175
f 3965//175 3942//175 3941//175
f 3965//175 3941//175 3964//175
f 183//162 182//162 481//162
f 481//162 182//162 3966//162
f 474//148 3967//148 179//148
f 179//148 3967//148 180//148
f 3966//175 182//175 3968//175
f 3968//175 182//175 180//175
f 3968//175 180//175 3967//175
f 461//151 3969//151 273//151
f 273//151 3969//151 274//151
f 274//175 3969//175 276//175
f 276//175 3969//175 3970//175
f 276//175 3970//175 3971//175
f 3931//175 3930//175 3972//175
f 3972//175 3930//175 3973//175
f 3972//175 3973//175 3974//175
f 3975//175 3976//175 3977//175
f 3977//175 3976//175 3978//175
f 3977//175 3978//175 3979//175
f 3980//250 432//250 431//250
f 3950//4391 2847//4391 2846//4391
f 3953//332 2832//332 2833//332
f 3956//262 510//262 509//262
f 3960//354 502//354 503//354
f 3944//269 490//269 489//269
f 3964//276 485//276 484//276
f 3967//384 474//384 473//384
f 3969//228 461//228 462//228
f 3979//233 449//233 448//233
f 3974//238 441//238 442//238
f 3947//242 3532//242 3531//242
f 888//4392 3948//4392 3947//4392
f 880//4393 3946//4393 882//4393
f 882//4394 3946//4394 3948//4394
f 882//4395 3948//4395 884//4395
f 884//4396 3948//4396 888//4396
f 865//4397 3931//4397 869//4397
f 869//4398 3931//4398 3972//4398
f 869//4399 3972//4399 870//4399
f 856//4400 855//4400 3979//4400
f 3979//4401 855//4401 3977//4401
f 853//4402 3975//4402 854//4402
f 854//4403 3975//4403 3977//4403
f 854//4404 3977//4404 847//4404
f 847//4405 3977//4405 855//4405
f 835//4406 3971//4406 839//4406
f 839//4407 3971//4407 3970//4407
f 839//4408 3970//4408 840//4408
f 827//4409 826//4409 3968//4409
f 3968//4410 826//4410 820//4410
f 3968//4411 820//4411 3966//4411
f 3966//4412 820//4412 825//4412
f 3966//4413 825//4413 824//4413
f 979//4414 3963//4414 987//4414
f 987//4415 3963//4415 3965//4415
f 970//4416 3943//4416 972//4416
f 972//4417 3943//4417 3945//4417
f 965//4418 964//4418 3960//4418
f 3960//4419 964//4419 3962//4419
f 956//4420 3959//4420 958//4420
f 958//4421 3959//4421 3962//4421
f 958//4422 3962//4422 960//4422
f 960//4423 3962//4423 964//4423
f 948//4424 3957//4424 949//4424
f 949//4425 3957//4425 3956//4425
f 949//4426 3956//4426 942//4426
f 942//262 3956//262 509//262
f 942//4427 509//4427 950//4427
f 941//4428 3955//4428 945//4428
f 945//4429 3955//4429 3957//4429
f 945//4430 3957//4430 946//4430
f 946//4431 3957//4431 948//4431
f 3953//4432 932//4432 931//4432
f 2844//218 2843//218 929//218
f 929//218 2843//218 3952//218
f 3953//4433 931//4433 3954//4433
f 3954//4434 931//4434 923//4434
f 3954//4435 923//4435 3952//4435
f 3952//4436 923//4436 930//4436
f 3952//4437 930//4437 929//4437
f 904//4438 3949//4438 912//4438
f 912//4439 3949//4439 3951//4439
f 912//4440 3951//4440 913//4440
f 903//4441 901//4441 3981//4441
f 3529//219 3528//219 896//219
f 896//219 3528//219 3982//219
f 896//4442 3982//4442 898//4442
f 898//4443 3982//4443 3981//4443
f 898//4444 3981//4444 899//4444
f 899//4445 3981//4445 901//4445
f 856//4446 3979//4446 858//4446
f 858//233 3979//233 448//233
f 858//4447 448//4447 860//4447
f 860//4448 448//4448 456//4448
f 860//4449 456//4449 861//4449
f 861//4450 456//4450 863//4450
f 863//4451 456//4451 455//4451
f 863//4452 455//4452 865//4452
f 865//221 455//221 454//221
f 865//221 454//221 3931//221
f 877//4453 875//4453 443//4453
f 443//4454 875//4454 874//4454
f 443//4455 874//4455 442//4455
f 442//4456 874//4456 866//4456
f 442//238 866//238 3974//238
f 3974//4457 866//4457 873//4457
f 3974//4458 873//4458 3972//4458
f 3972//4459 873//4459 872//4459
f 3972//4460 872//4460 870//4460
f 877//4461 443//4461 879//4461
f 879//4462 443//4462 444//4462
f 879//4463 444//4463 880//4463
f 880//220 444//220 445//220
f 880//220 445//220 3946//220
f 3530//4464 892//4464 3531//4464
f 3531//4465 892//4465 891//4465
f 3531//242 891//242 3947//242
f 3947//4466 891//4466 889//4466
f 3947//4467 889//4467 888//4467
f 896//4468 894//4468 3529//4468
f 3529//4469 894//4469 893//4469
f 3529//4470 893//4470 3530//4470
f 3530//4471 893//4471 885//4471
f 3530//4472 885//4472 892//4472
f 3981//4473 3980//4473 903//4473
f 903//250 3980//250 431//250
f 903//4474 431//4474 907//4474
f 907//4475 431//4475 430//4475
f 907//4476 430//4476 908//4476
f 908//4477 430//4477 910//4477
f 910//4478 430//4478 911//4478
f 911//4479 430//4479 429//4479
f 911//4480 429//4480 904//4480
f 904//252 429//252 428//252
f 904//252 428//252 3949//252
f 2845//4481 920//4481 2846//4481
f 2846//4482 920//4482 918//4482
f 2846//4391 918//4391 3950//4391
f 3950//4483 918//4483 917//4483
f 3950//4484 917//4484 3951//4484
f 3951//4485 917//4485 915//4485
f 3951//4486 915//4486 913//4486
f 929//4487 927//4487 2844//4487
f 2844//4488 927//4488 926//4488
f 2844//4489 926//4489 2845//4489
f 2845//4490 926//4490 922//4490
f 2845//4491 922//4491 920//4491
f 932//4492 3953//4492 934//4492
f 934//332 3953//332 2833//332
f 934//4493 2833//4493 936//4493
f 936//4494 2833//4494 2834//4494
f 936//4495 2834//4495 937//4495
f 937//4496 2834//4496 939//4496
f 939//4497 2834//4497 2836//4497
f 939//4498 2836//4498 941//4498
f 941//217 2836//217 2837//217
f 941//217 2837//217 3955//217
f 950//4499 509//4499 951//4499
f 951//4500 509//4500 515//4500
f 951//4501 515//4501 953//4501
f 953//4502 515//4502 955//4502
f 955//4503 515//4503 514//4503
f 955//4504 514//4504 956//4504
f 956//216 514//216 513//216
f 956//216 513//216 3959//216
f 965//4505 3960//4505 967//4505
f 967//354 3960//354 503//354
f 967//4506 503//4506 968//4506
f 968//4507 503//4507 504//4507
f 968//4508 504//4508 961//4508
f 961//4509 504//4509 969//4509
f 969//4510 504//4510 505//4510
f 969//4511 505//4511 970//4511
f 970//4512 505//4512 506//4512
f 970//4513 506//4513 3943//4513
f 985//4514 983//4514 488//4514
f 488//4515 983//4515 982//4515
f 488//4516 982//4516 489//4516
f 489//4517 982//4517 978//4517
f 489//269 978//269 3944//269
f 3944//4518 978//4518 976//4518
f 3944//4519 976//4519 3945//4519
f 3945//4520 976//4520 974//4520
f 3945//4521 974//4521 972//4521
f 985//4522 488//4522 986//4522
f 986//4523 488//4523 487//4523
f 986//4524 487//4524 979//4524
f 979//273 487//273 486//273
f 979//273 486//273 3963//273
f 818//4525 995//4525 483//4525
f 483//4526 995//4526 994//4526
f 483//4527 994//4527 484//4527
f 484//4528 994//4528 992//4528
f 484//276 992//276 3964//276
f 3964//4529 992//4529 990//4529
f 3964//4530 990//4530 3965//4530
f 3965//4531 990//4531 988//4531
f 3965//4532 988//4532 987//4532
f 818//4533 483//4533 819//4533
f 819//4534 483//4534 482//4534
f 819//4535 482//4535 824//4535
f 824//224 482//224 481//224
f 824//224 481//224 3966//224
f 3968//4536 3967//4536 827//4536
f 827//4537 3967//4537 473//4537
f 827//4538 473//4538 829//4538
f 829//4539 473//4539 472//4539
f 829//4540 472//4540 831//4540
f 831//4541 472//4541 833//4541
f 833//4542 472//4542 471//4542
f 833//4543 471//4543 835//4543
f 835//223 471//223 470//223
f 835//223 470//223 3971//223
f 850//4544 845//4544 463//4544
f 463//4545 845//4545 844//4545
f 463//4546 844//4546 462//4546
f 462//4547 844//4547 836//4547
f 462//228 836//228 3969//228
f 3969//4548 836//4548 843//4548
f 3969//4549 843//4549 3970//4549
f 3970//4550 843//4550 842//4550
f 3970//4551 842//4551 840//4551
f 850//4552 463//4552 851//4552
f 851//4553 463//4553 464//4553
f 851//4554 464//4554 853//4554
f 853//222 464//222 465//222
f 853//222 465//222 3975//222
f 55//150 1479//150 64//150
f 64//150 1479//150 1478//150
f 64//150 1478//150 83//150
f 42//150 1481//150 55//150
f 55//150 1481//150 1480//150
f 55//150 1480//150 1479//150
f 21//150 1484//150 41//150
f 41//150 1484//150 1483//150
f 41//150 1483//150 42//150
f 42//150 1483//150 1482//150
f 42//150 1482//150 1481//150
f 130//150 1487//150 132//150
f 132//150 1487//150 1486//150
f 132//150 1486//150 21//150
f 21//150 1486//150 1485//150
f 21//150 1485//150 1484//150
f 159//150 1510//150 161//150
f 161//150 1510//150 1509//150
f 161//150 1509//150 163//150
f 157//150 1512//150 159//150
f 159//150 1512//150 1511//150
f 159//150 1511//150 1510//150
f 165//150 1505//150 167//150
f 167//150 1505//150 1504//150
f 167//150 1504//150 169//150
f 153//150 1515//150 155//150
f 155//150 1515//150 1514//150
f 155//150 1514//150 157//150
f 157//150 1514//150 1513//150
f 157//150 1513//150 1512//150
f 117//150 1466//150 119//150
f 119//150 1466//150 1465//150
f 119//150 1465//150 135//150
f 124//150 1492//150 126//150
f 126//150 1492//150 1491//150
f 126//150 1491//150 128//150
f 1504//150 1503//150 169//150
f 169//150 1503//150 1502//150
f 169//150 1502//150 171//150
f 171//150 1502//150 1501//150
f 171//150 1501//150 173//150
f 1509//150 1508//150 163//150
f 163//150 1508//150 1507//150
f 163//150 1507//150 165//150
f 165//150 1507//150 1506//150
f 165//150 1506//150 1505//150
f 143//150 1523//150 145//150
f 145//150 1523//150 1522//150
f 145//150 1522//150 147//150
f 107//150 1474//150 109//150
f 109//150 1474//150 1473//150
f 109//150 1473//150 111//150
f 122//150 1494//150 124//150
f 124//150 1494//150 1493//150
f 124//150 1493//150 1492//150
f 1501//150 1500//150 173//150
f 173//150 1500//150 1499//150
f 173//150 1499//150 175//150
f 175//150 1499//150 1498//150
f 175//150 1498//150 177//150
f 177//150 1498//150 1497//150
f 177//150 1497//150 178//150
f 178//150 1497//150 1496//150
f 178//150 1496//150 122//150
f 122//150 1496//150 1495//150
f 122//150 1495//150 1494//150
f 151//150 1517//150 153//150
f 153//150 1517//150 1516//150
f 153//150 1516//150 1515//150
f 141//150 1525//150 143//150
f 143//150 1525//150 1524//150
f 143//150 1524//150 1523//150
f 1478//150 1477//150 83//150
f 83//150 1477//150 1476//150
f 83//150 1476//150 107//150
f 107//150 1476//150 1475//150
f 107//150 1475//150 1474//150
f 1491//150 1490//150 128//150
f 128//150 1490//150 1489//150
f 128//150 1489//150 130//150
f 130//150 1489//150 1488//150
f 130//150 1488//150 1487//150
f 1522//150 1521//150 147//150
f 147//150 1521//150 1520//150
f 147//150 1520//150 149//150
f 149//150 1520//150 1519//150
f 149//150 1519//150 151//150
f 151//150 1519//150 1518//150
f 151//150 1518//150 1517//150
f 137//150 1528//150 139//150
f 139//150 1528//150 1527//150
f 139//150 1527//150 141//150
f 141//150 1527//150 1526//150
f 141//150 1526//150 1525//150
f 113//150 1469//150 115//150
f 115//150 1469//150 1468//150
f 115//150 1468//150 117//150
f 117//150 1468//150 1467//150
f 117//150 1467//150 1466//150
f 1465//150 1531//150 135//150
f 135//150 1531//150 1530//150
f 135//150 1530//150 137//150
f 137//150 1530//150 1529//150
f 137//150 1529//150 1528//150
f 1473//150 1472//150 111//150
f 111//150 1472//150 1471//150
f 111//150 1471//150 113//150
f 113//150 1471//150 1470//150
f 113//150 1470//150 1469//150
f 3533//152 3899//152 3528//152
f 3528//152 3899//152 3982//152
f 3982//175 3899//175 3981//175
f 3981//175 3899//175 3898//175
f 3981//175 3898//175 3980//175
f 432//154 3980//154 421//154
f 421//154 3980//154 3898//154
f 441//147 3974//147 434//147
f 434//147 3974//147 3973//147
f 434//162 3973//162 436//162
f 436//162 3973//162 3930//162
f 436//162 3930//162 447//162
f 458//153 3976//153 465//153
f 465//153 3976//153 3975//153
f 449//157 3979//157 450//157
f 450//157 3979//157 3978//157
f 450//154 3978//154 451//154
f 451//154 3978//154 3976//154
f 451//154 3976//154 458//154
f 277//156 276//156 470//156
f 470//156 276//156 3971//156
f 497//148 3961//148 499//148
f 499//148 3961//148 3958//148
f 499//148 3958//148 508//148
f 3886//175 3885//175 3910//175
f 3888//175 3887//175 3820//175
f 3983//175 2715//175 3984//175
f 3984//175 2715//175 2714//175
f 3984//175 2714//175 3985//175
f 3888//175 3820//175 2713//175
f 3889//175 3912//175 3826//175
f 3806//175 3897//175 3896//175
f 3985//175 2714//175 3986//175
f 3986//175 2714//175 2713//175
f 3986//175 2713//175 3987//175
f 3987//175 2713//175 3820//175
f 3987//175 3820//175 3988//175
f 3988//175 3820//175 3818//175
f 3988//175 3818//175 3989//175
f 3889//175 3826//175 3817//175
f 3890//175 3832//175 3891//175
f 3891//175 3832//175 3823//175
f 3895//175 3894//175 3835//175
f 3835//175 3894//175 3809//175
f 3911//175 638//175 3811//175
f 3811//175 638//175 637//175
f 3811//175 637//175 3990//175
f 3989//175 3818//175 3991//175
f 3991//175 3818//175 3817//175
f 3991//175 3817//175 3992//175
f 3992//175 3817//175 3826//175
f 3992//175 3826//175 3993//175
f 3993//175 3826//175 3824//175
f 3993//175 3824//175 3994//175
f 3893//175 3892//175 3829//175
f 3829//175 3892//175 3838//175
f 3915//175 3913//175 3842//175
f 3884//175 3815//175 3883//175
f 3883//175 3815//175 3840//175
f 3994//175 3824//175 3995//175
f 3995//175 3824//175 3823//175
f 3995//175 3823//175 3996//175
f 3996//175 3823//175 3832//175
f 3996//175 3832//175 3997//175
f 3997//175 3832//175 3830//175
f 3997//175 3830//175 3998//175
f 3998//175 3830//175 3829//175
f 3998//175 3829//175 3999//175
f 4000//175 3801//175 4001//175
f 4001//175 3801//175 3799//175
f 3795//175 3793//175 3847//175
f 3915//175 3842//175 3844//175
f 3999//175 3829//175 4002//175
f 4002//175 3829//175 3838//175
f 4002//175 3838//175 4003//175
f 4003//175 3838//175 3836//175
f 4003//175 3836//175 4004//175
f 4004//175 3836//175 3835//175
f 4004//175 3835//175 4005//175
f 4005//175 3835//175 4006//175
f 4006//175 3835//175 3809//175
f 4006//175 3809//175 4007//175
f 4007//175 3809//175 3807//175
f 4007//175 3807//175 4008//175
f 4008//175 3807//175 3806//175
f 4008//175 3806//175 4000//175
f 4000//175 3806//175 3896//175
f 4000//175 3896//175 3801//175
f 3795//175 3847//175 3798//175
f 3845//175 4009//175 3847//175
f 3847//175 4009//175 4010//175
f 3847//175 4010//175 3798//175
f 3798//175 4010//175 4011//175
f 3798//175 4011//175 3799//175
f 3799//175 4011//175 4012//175
f 3799//175 4012//175 4001//175
f 3990//175 637//175 4013//175
f 4013//175 637//175 3916//175
f 4013//175 3916//175 4014//175
f 4014//175 3916//175 3886//175
f 4014//175 3886//175 3983//175
f 3983//175 3886//175 3910//175
f 3983//175 3910//175 2715//175
f 3841//175 4015//175 3842//175
f 3842//175 4015//175 4016//175
f 3842//175 4016//175 3844//175
f 3844//175 4016//175 4017//175
f 3844//175 4017//175 3845//175
f 3845//175 4017//175 4018//175
f 3845//175 4018//175 4009//175
f 594//175 4019//175 3814//175
f 3814//175 4019//175 4020//175
f 3814//175 4020//175 3815//175
f 3815//175 4020//175 4021//175
f 3815//175 4021//175 3840//175
f 3840//175 4021//175 4022//175
f 3840//175 4022//175 3841//175
f 3841//175 4022//175 4023//175
f 3841//175 4023//175 4015//175
f 591//175 589//175 594//175
f 594//175 589//175 3813//175
f 3990//175 4024//175 3811//175
f 3811//175 4024//175 4025//175
f 3811//175 4025//175 3812//175
f 3812//175 4025//175 4026//175
f 3812//175 4026//175 3813//175
f 3813//175 4026//175 4027//175
f 3813//175 4027//175 594//175
f 594//175 4027//175 4028//175
f 594//175 4028//175 4019//175
f 3493//4555 4008//4555 4000//4555
f 3493//4556 3501//4556 4008//4556
f 4008//4557 3501//4557 3500//4557
f 4008//4558 3500//4558 4007//4558
f 3500//4559 3499//4559 4007//4559
f 4007//4560 3499//4560 3498//4560
f 4007//4561 3498//4561 4006//4561
f 3498//4562 3508//4562 4006//4562
f 4006//4563 3508//4563 3507//4563
f 4006//4564 3507//4564 4005//4564
f 3507//4565 3505//4565 4005//4565
f 4005//4566 3505//4566 3504//4566
f 4005//4567 3504//4567 4004//4567
f 3504//4568 3503//4568 4004//4568
f 4004//4569 3503//4569 3502//4569
f 4004//4570 3502//4570 4003//4570
f 3502//4571 3512//4571 4003//4571
f 4003//4572 3512//4572 3511//4572
f 4003//4573 3511//4573 4002//4573
f 3511//4574 3510//4574 4002//4574
f 4002//4575 3510//4575 3509//4575
f 4002//4576 3509//4576 3999//4576
f 3509//4577 3513//4577 3999//4577
f 3999//4578 3513//4578 3514//4578
f 3999//4579 3514//4579 3998//4579
f 3514//4580 3518//4580 3998//4580
f 3998//4581 3518//4581 3517//4581
f 3998//4582 3517//4582 3997//4582
f 3517//4583 3516//4583 3997//4583
f 3997//4584 3516//4584 3515//4584
f 3997//4585 3515//4585 3996//4585
f 3515//4586 3521//4586 3996//4586
f 3996//4587 3521//4587 3520//4587
f 3996//4588 3520//4588 3995//4588
f 3520//4589 3519//4589 3995//4589
f 3995//4590 3519//4590 3427//4590
f 3995//4591 3427//4591 3994//4591
f 3427//4592 3426//4592 3994//4592
f 3994//4593 3426//4593 3429//4593
f 3994//4594 3429//4594 3993//4594
f 3429//4595 3428//4595 3993//4595
f 3993//4596 3428//4596 3433//4596
f 3993//4597 3433//4597 3992//4597
f 3433//4598 3432//4598 3992//4598
f 3992//4599 3432//4599 3431//4599
f 3992//4600 3431//4600 3991//4600
f 3431//4601 3430//4601 3991//4601
f 3991//4602 3430//4602 3435//4602
f 3991//4603 3435//4603 3989//4603
f 3435//4604 3434//4604 3989//4604
f 3989//4605 3434//4605 3437//4605
f 3989//4606 3437//4606 3988//4606
f 3437//4607 3436//4607 3988//4607
f 3988//4608 3436//4608 3441//4608
f 3988//4609 3441//4609 3987//4609
f 3441//4610 3440//4610 3987//4610
f 3987//4611 3440//4611 3439//4611
f 3987//4612 3439//4612 3986//4612
f 3439//4613 3438//4613 3986//4613
f 3986//4614 3438//4614 3443//4614
f 3986//4615 3443//4615 3985//4615
f 3443//4616 3442//4616 3985//4616
f 3985//4617 3442//4617 3445//4617
f 3985//4618 3445//4618 3984//4618
f 3445//4619 3444//4619 3984//4619
f 3984//4620 3444//4620 3449//4620
f 3984//4621 3449//4621 3983//4621
f 3449//4622 3448//4622 3983//4622
f 3983//4623 3448//4623 3447//4623
f 3983//4624 3447//4624 4014//4624
f 3447//4625 3446//4625 4014//4625
f 4014//4626 3446//4626 3451//4626
f 4014//4627 3451//4627 4013//4627
f 3451//4628 3450//4628 4013//4628
f 4013//4629 3450//4629 3453//4629
f 4013//4630 3453//4630 3990//4630
f 3453//4631 3452//4631 3990//4631
f 3990//4632 3452//4632 3457//4632
f 3990//4633 3457//4633 4024//4633
f 3457//4634 3456//4634 4024//4634
f 4024//4635 3456//4635 3455//4635
f 4024//4636 3455//4636 4025//4636
f 3455//4637 3454//4637 4025//4637
f 4025//4638 3454//4638 3459//4638
f 4025//4639 3459//4639 4026//4639
f 3459//4640 3458//4640 4026//4640
f 4026//4641 3458//4641 3463//4641
f 4026//4642 3463//4642 4027//4642
f 3463//4643 3462//4643 4027//4643
f 4027//4644 3462//4644 3461//4644
f 4027//4645 3461//4645 4028//4645
f 3461//4646 3460//4646 4028//4646
f 4028//4647 3460//4647 3465//4647
f 4028//4648 3465//4648 4019//4648
f 3465//4649 3464//4649 4019//4649
f 4019//4650 3464//4650 3467//4650
f 4019//4651 3467//4651 4020//4651
f 3467//4652 3466//4652 4020//4652
f 4020//4653 3466//4653 3469//4653
f 4020//4654 3469//4654 4021//4654
f 3469//4655 3468//4655 4021//4655
f 4021//4656 3468//4656 3471//4656
f 4021//4657 3471//4657 4022//4657
f 3471//4658 3470//4658 4022//4658
f 4022//4659 3470//4659 3473//4659
f 4022//4660 3473//4660 4023//4660
f 3473//4661 3472//4661 4023//4661
f 4023//4662 3472//4662 3475//4662
f 4023//4663 3475//4663 4015//4663
f 3475//4664 3474//4664 4015//4664
f 4015//4665 3474//4665 3479//4665
f 4015//4666 3479//4666 4016//4666
f 3479//4667 3478//4667 4016//4667
f 4016//4668 3478//4668 3477//4668
f 4016//4669 3477//4669 4017//4669
f 3477//4670 3476//4670 4017//4670
f 4017//4671 3476//4671 3481//4671
f 4017//4672 3481//4672 4018//4672
f 3481//4673 3480//4673 4018//4673
f 4018//4674 3480//4674 3483//4674
f 4018//4675 3483//4675 4009//4675
f 3483//4676 3482//4676 4009//4676
f 4009//4677 3482//4677 3488//4677
f 4009//4678 3488//4678 4010//4678
f 3488//4679 3487//4679 4010//4679
f 4010//4680 3487//4680 3486//4680
f 4010//4681 3486//4681 4011//4681
f 3486//4682 3485//4682 4011//4682
f 4011//4683 3485//4683 3484//4683
f 4011//4684 3484//4684 4012//4684
f 3484//4685 3491//4685 4012//4685
f 4012//4686 3491//4686 3490//4686
f 4012//4687 3490//4687 4001//4687
f 3490//4688 3489//4688 4001//4688
f 4001//4689 3489//4689 3495//4689
f 4001//4690 3495//4690 4000//4690
f 4000//4691 3495//4691 3494//4691
f 4000//4692 3494//4692 3493//4692
f 2791//175 3399//175 2793//175
f 2793//175 3399//175 3398//175
f 2793//175 3398//175 2723//175
f 2755//175 3372//175 2757//175
f 2757//175 3372//175 3425//175
f 2757//175 3425//175 2759//175
f 2751//175 3375//175 2753//175
f 2753//175 3375//175 3374//175
f 2753//175 3374//175 2755//175
f 2755//175 3374//175 3373//175
f 2755//175 3373//175 3372//175
f 2783//175 3405//175 2785//175
f 2785//175 3405//175 3404//175
f 2785//175 3404//175 2787//175
f 2763//175 3420//175 2765//175
f 2765//175 3420//175 3419//175
f 2765//175 3419//175 2767//175
f 2747//175 3378//175 2749//175
f 2749//175 3378//175 3377//175
f 2749//175 3377//175 2751//175
f 2751//175 3377//175 3376//175
f 2751//175 3376//175 3375//175
f 3404//175 3403//175 2787//175
f 2787//175 3403//175 3402//175
f 2787//175 3402//175 2789//175
f 2789//175 3402//175 3401//175
f 2789//175 3401//175 2791//175
f 2791//175 3401//175 3400//175
f 2791//175 3400//175 3399//175
f 2779//175 3408//175 2781//175
f 2781//175 3408//175 3407//175
f 2781//175 3407//175 2783//175
f 2783//175 3407//175 3406//175
f 2783//175 3406//175 3405//175
f 2775//175 3411//175 2777//175
f 2777//175 3411//175 3410//175
f 2777//175 3410//175 2779//175
f 2779//175 3410//175 3409//175
f 2779//175 3409//175 3408//175
f 3425//175 3424//175 2759//175
f 2759//175 3424//175 3423//175
f 2759//175 3423//175 2761//175
f 2761//175 3423//175 3422//175
f 2761//175 3422//175 2763//175
f 2763//175 3422//175 3421//175
f 2763//175 3421//175 3420//175
f 2741//175 3382//175 2743//175
f 2743//175 3382//175 3381//175
f 2743//175 3381//175 2745//175
f 2745//175 3381//175 3380//175
f 2745//175 3380//175 2747//175
f 2747//175 3380//175 3379//175
f 2747//175 3379//175 3378//175
f 2737//175 3385//175 2739//175
f 2739//175 3385//175 3384//175
f 2739//175 3384//175 2741//175
f 2741//175 3384//175 3383//175
f 2741//175 3383//175 3382//175
f 2733//175 3388//175 2735//175
f 2735//175 3388//175 3387//175
f 2735//175 3387//175 2737//175
f 2737//175 3387//175 3386//175
f 2737//175 3386//175 3385//175
f 2771//175 3414//175 2773//175
f 2773//175 3414//175 3413//175
f 2773//175 3413//175 2775//175
f 2775//175 3413//175 3412//175
f 2775//175 3412//175 3411//175
f 3419//175 3418//175 2767//175
f 2767//175 3418//175 3417//175
f 2767//175 3417//175 2769//175
f 2769//175 3417//175 3416//175
f 2769//175 3416//175 2771//175
f 2771//175 3416//175 3415//175
f 2771//175 3415//175 3414//175
f 2731//175 3390//175 2733//175
f 2733//175 3390//175 3389//175
f 2733//175 3389//175 3388//175
f 3398//175 3397//175 2723//175
f 2723//175 3397//175 3396//175
f 2723//175 3396//175 2725//175
f 3396//175 3395//175 2725//175
f 2725//175 3395//175 3394//175
f 2725//175 3394//175 2727//175
f 2727//175 3394//175 3393//175
f 2727//175 3393//175 2729//175
f 2729//175 3393//175 3392//175
f 2729//175 3392//175 2731//175
f 2731//175 3392//175 3391//175
f 2731//175 3391//175 3390//175
f 3850//152 3897//152 3805//152
f 3805//152 3897//152 3806//152
f 3878//155 3912//155 3872//155
f 3872//155 3912//155 3889//155
f 3872//155 3889//155 3873//155
f 3876//147 3887//147 616//147
f 616//147 3887//147 3888//147
f 616//147 3888//147 611//147
f 635//151 638//151 622//151
f 622//151 638//151 3911//151
f 622//151 3911//151 623//151
f 596//149 3913//149 604//149
f 604//149 3913//149 3915//149
f 604//149 3915//149 3914//149
f 4029//176 2774//176 4030//176
f 4030//176 2774//176 2776//176
f 4030//177 2776//177 4031//177
f 4031//177 2776//177 2778//177
f 4031//178 2778//178 4032//178
f 4032//178 2778//178 2780//178
f 4032//179 2780//179 4033//179
f 4033//179 2780//179 2782//179
f 4033//180 2782//180 4034//180
f 4034//180 2782//180 2784//180
f 4034//181 2784//181 4035//181
f 4035//181 2784//181 2786//181
f 4035//182 2786//182 4036//182
f 4036//182 2786//182 2788//182
f 4036//183 2788//183 4037//183
f 4037//183 2788//183 2790//183
f 4037//184 2790//184 4038//184
f 4038//184 2790//184 2792//184
f 4038//185 2792//185 4039//185
f 4039//185 2792//185 2722//185
f 4039//186 2722//186 4040//186
f 4040//186 2722//186 2724//186
f 4040//187 2724//187 4041//187
f 4041//187 2724//187 2726//187
f 4041//188 2726//188 4042//188
f 4042//188 2726//188 2728//188
f 4042//189 2728//189 4043//189
f 4043//189 2728//189 2730//189
f 4043//190 2730//190 4044//190
f 4044//190 2730//190 2732//190
f 4044//191 2732//191 4045//191
f 4045//191 2732//191 2734//191
f 4045//192 2734//192 4046//192
f 4046//192 2734//192 2736//192
f 4046//193 2736//193 4047//193
f 4047//193 2736//193 2738//193
f 4047//194 2738//194 4048//194
f 4048//194 2738//194 2740//194
f 4048//195 2740//195 4049//195
f 4049//195 2740//195 2742//195
f 4049//196 2742//196 4050//196
f 4050//196 2742//196 2744//196
f 4050//197 2744//197 4051//197
f 4051//197 2744//197 2746//197
f 4051//198 2746//198 4052//198
f 4052//198 2746//198 2748//198
f 4052//199 2748//199 4053//199
f 4053//199 2748//199 2750//199
f 4053//200 2750//200 4054//200
f 4054//200 2750//200 2752//200
f 4054//201 2752//201 4055//201
f 4055//201 2752//201 2754//201
f 4055//202 2754//202 4056//202
f 4056//202 2754//202 2756//202
f 4056//203 2756//203 4057//203
f 4057//203 2756//203 2758//203
f 4057//204 2758//204 4058//204
f 4058//204 2758//204 2760//204
f 4058//205 2760//205 4059//205
f 4059//205 2760//205 2762//205
f 4059//206 2762//206 4060//206
f 4060//206 2762//206 2764//206
f 4060//207 2764//207 4061//207
f 4061//207 2764//207 2766//207
f 4061//208 2766//208 4062//208
f 4062//208 2766//208 2768//208
f 4062//209 2768//209 4063//209
f 4063//209 2768//209 2770//209
f 4063//210 2770//210 4064//210
f 4064//210 2770//210 2772//210
f 4064//211 2772//211 4029//211
f 4029//211 2772//211 2774//211
f 3730//175 4060//175 3728//175
f 3728//175 4060//175 4061//175
f 3728//175 4061//175 3726//175
f 3726//175 4061//175 4062//175
f 3726//175 4062//175 3724//175
f 3724//175 4062//175 4063//175
f 3724//175 4063//175 3722//175
f 3722//175 4063//175 4064//175
f 3722//175 4064//175 3720//175
f 3720//175 4064//175 4029//175
f 3720//175 4029//175 3790//175
f 3790//175 4029//175 4030//175
f 3790//175 4030//175 3788//175
f 3788//175 4030//175 4031//175
f 3788//175 4031//175 3786//175
f 3786//175 4031//175 4032//175
f 3786//175 4032//175 3784//175
f 3784//175 4032//175 4033//175
f 3784//175 4033//175 3782//175
f 3782//175 4033//175 4034//175
f 3782//175 4034//175 3780//175
f 3780//175 4034//175 4035//175
f 3780//175 4035//175 3778//175
f 3778//175 4035//175 4036//175
f 3778//175 4036//175 3776//175
f 3776//175 4036//175 4037//175
f 3776//175 4037//175 3774//175
f 3774//175 4037//175 4038//175
f 3774//175 4038//175 3772//175
f 3772//175 4038//175 4039//175
f 3772//175 4039//175 3770//175
f 3770//175 4039//175 4040//175
f 3770//175 4040//175 3768//175
f 3768//175 4040//175 4041//175
f 3768//175 4041//175 3766//175
f 3766//175 4041//175 4042//175
f 3766//175 4042//175 3764//175
f 3764//175 4042//175 4043//175
f 3764//175 4043//175 3762//175
f 3762//175 4043//175 4044//175
f 3762//175 4044//175 3760//175
f 3760//175 4044//175 4045//175
f 3760//175 4045//175 3758//175
f 3758//175 4045//175 4046//175
f 3758//175 4046//175 3756//175
f 3756//175 4046//175 4047//175
f 3756//175 4047//175 3754//175
f 3754//175 4047//175 4048//175
f 3754//175 4048//175 3752//175
f 3752//175 4048//175 4049//175
f 3752//175 4049//175 3750//175
f 3750//175 4049//175 4050//175
f 3750//175 4050//175 3748//175
f 3748//175 4050//175 4051//175
f 3748//175 4051//175 3746//175
f 3746//175 4051//175 4052//175
f 3746//175 4052//175 3744//175
f 3744//175 4052//175 4053//175
f 3744//175 4053//175 3742//175
f 3742//175 4053//175 4054//175
f 3742//175 4054//175 3740//175
f 3740//175 4054//175 4055//175
f 3740//175 4055//175 3738//175
f 3738//175 4055//175 4056//175
f 3738//175 4056//175 3736//175
f 3736//175 4056//175 4057//175
f 3736//175 4057//175 3734//175
f 3734//175 4057//175 4058//175
f 3734//175 4058//175 3732//175
f 3732//175 4058//175 4059//175
f 3732//175 4059//175 3730//175
f 3730//175 4059//175 4060//175
