# Blender v2.93.6 OBJ File: ''
# www.blender.org
mtllib Valve_PressureIsolation_Element.mtl
o Vanne_d'isolement_air_3_2_NL1_G1_4F.stp-1_-_Part_Mesh.2211
v -1.336337 1.179736 0.079210
v -1.337752 1.177735 0.077119
v -1.337753 1.179735 0.077119
v -1.341580 1.170034 0.075798
v -1.341403 1.170034 0.075621
v -1.342475 1.170034 0.075058
v -1.342871 1.170033 0.074452
v -1.344668 1.170033 0.073605
v -1.345145 1.170033 0.073064
v -1.347050 1.170032 0.072486
v -1.347597 1.170032 0.072022
v -1.349570 1.170031 0.071727
v -1.350175 1.170031 0.071348
v -1.352174 1.170030 0.071343
v -1.352823 1.170030 0.071057
v -1.354805 1.170030 0.071343
v -1.355486 1.170029 0.071154
v -1.357409 1.170029 0.071727
v -1.358106 1.170028 0.071638
v -1.359929 1.170028 0.072486
v -1.360627 1.170028 0.072499
v -1.362311 1.170027 0.073605
v -1.362997 1.170027 0.073717
v -1.364504 1.170026 0.075059
v -1.365164 1.170026 0.075267
v -1.365399 1.170026 0.075798
v -1.365576 1.170026 0.075621
v -1.360673 1.180028 0.103593
v -1.359159 1.180028 0.104258
v -1.357268 1.180029 0.103616
v -1.366974 1.180026 0.097913
v -1.366869 1.180026 0.098075
v -1.363605 1.180027 0.094811
v -1.366974 1.180026 0.097913
v -1.363605 1.180027 0.094811
v -1.367791 1.180025 0.096475
v -1.369472 1.180025 0.088468
v -1.369472 1.180025 0.090122
v -1.363605 1.180027 0.094811
v -1.369301 1.180025 0.091767
v -1.369472 1.180025 0.088468
v -1.363605 1.180027 0.094811
v -1.369301 1.180025 0.086823
v -1.362932 1.180027 0.094294
v -1.368961 1.180025 0.085204
v -1.357268 1.180029 0.103616
v -1.359159 1.180028 0.104258
v -1.356831 1.180029 0.104498
v -1.357584 1.180029 0.104763
v -1.356416 1.180029 0.105026
v -1.359009 1.180028 0.099407
v -1.362273 1.180027 0.102671
v -1.362111 1.180027 0.102776
v -1.359009 1.180028 0.079183
v -1.357584 1.180029 0.073827
v -1.359159 1.180028 0.074332
v -1.359159 1.180028 0.074332
v -1.360673 1.180028 0.074996
v -1.359009 1.180028 0.079183
v -1.362111 1.180027 0.075814
v -1.362273 1.180027 0.075919
v -1.369301 1.180025 0.091767
v -1.368961 1.180025 0.093386
v -1.363605 1.180027 0.094811
v -1.368456 1.180025 0.094960
v -1.367791 1.180025 0.096475
v -1.359009 1.180028 0.079183
v -1.358492 1.180028 0.079856
v -1.357584 1.180029 0.073827
v -1.358168 1.180028 0.080640
v -1.358057 1.180028 0.081481
v -1.366869 1.180026 0.080515
v -1.366974 1.180026 0.080677
v -1.363605 1.180027 0.083779
v -1.367791 1.180025 0.082115
v -1.362932 1.180027 0.094294
v -1.368456 1.180025 0.083629
v -1.368961 1.180025 0.085204
v -1.362111 1.180027 0.102776
v -1.360673 1.180028 0.103593
v -1.359009 1.180028 0.099407
v -1.357268 1.180029 0.103616
v -1.358492 1.180028 0.098734
v -1.357477 1.180029 0.102653
v -1.358168 1.180028 0.097950
v -1.358057 1.180028 0.097109
v -1.360466 1.180028 0.093969
v -1.359682 1.180028 0.094294
v -1.360466 1.180028 0.084620
v -1.359009 1.180028 0.094811
v -1.357477 1.180029 0.075936
v -1.357268 1.180029 0.074974
v -1.357584 1.180029 0.073827
v -1.356831 1.180029 0.074091
v -1.356416 1.180029 0.073564
v -1.357493 1.180029 0.102295
v -1.358492 1.180028 0.083106
v -1.357477 1.180029 0.102653
v -1.359009 1.180028 0.083779
v -1.358057 1.180028 0.097109
v -1.359682 1.180028 0.084296
v -1.358168 1.180028 0.096268
v -1.360466 1.180028 0.084620
v -1.358492 1.180028 0.095484
v -1.359009 1.180028 0.094811
v -1.360466 1.180028 0.093969
v -1.360466 1.180028 0.084620
v -1.361307 1.180027 0.093859
v -1.361307 1.180027 0.084731
v -1.362148 1.180027 0.093969
v -1.362148 1.180027 0.084620
v -1.362932 1.180027 0.094294
v -1.362932 1.180027 0.084296
v -1.363605 1.180027 0.083779
v -1.357477 1.180029 0.075936
v -1.357584 1.180029 0.073827
v -1.357493 1.180029 0.076295
v -1.358057 1.180028 0.081481
v -1.357493 1.180029 0.102295
v -1.358168 1.180028 0.082322
v -1.358492 1.180028 0.083106
v -1.346313 1.180032 0.074996
v -1.347827 1.180032 0.074332
v -1.349717 1.180031 0.074974
v -1.338025 1.180035 0.085204
v -1.338530 1.180035 0.083629
v -1.344054 1.180033 0.094294
v -1.340012 1.180034 0.080677
v -1.340117 1.180034 0.080515
v -1.343381 1.180033 0.083779
v -1.340012 1.180034 0.080677
v -1.343381 1.180033 0.083779
v -1.339194 1.180035 0.082115
v -1.344875 1.180033 0.102776
v -1.344713 1.180033 0.102671
v -1.347977 1.180032 0.099407
v -1.337685 1.180035 0.091767
v -1.337514 1.180035 0.090122
v -1.343381 1.180033 0.094811
v -1.337514 1.180035 0.088468
v -1.344054 1.180033 0.094294
v -1.337685 1.180035 0.086823
v -1.338025 1.180035 0.085204
v -1.344875 1.180033 0.102776
v -1.347977 1.180032 0.099407
v -1.346313 1.180032 0.103593
v -1.349717 1.180031 0.074974
v -1.347827 1.180032 0.074332
v -1.350155 1.180031 0.074091
v -1.349402 1.180031 0.073827
v -1.350570 1.180031 0.073564
v -1.347977 1.180032 0.079183
v -1.344713 1.180033 0.075919
v -1.344875 1.180033 0.075814
v -1.340117 1.180034 0.098075
v -1.340012 1.180034 0.097913
v -1.343381 1.180033 0.094811
v -1.339194 1.180035 0.096475
v -1.349402 1.180031 0.104763
v -1.348494 1.180032 0.098734
v -1.348818 1.180032 0.097950
v -1.339194 1.180035 0.096475
v -1.338530 1.180035 0.094960
v -1.343381 1.180033 0.094811
v -1.338025 1.180035 0.093386
v -1.337685 1.180035 0.091767
v -1.348494 1.180032 0.098734
v -1.349402 1.180031 0.104763
v -1.347977 1.180032 0.099407
v -1.347827 1.180032 0.104258
v -1.346313 1.180032 0.103593
v -1.349493 1.180031 0.102295
v -1.349509 1.180031 0.102653
v -1.349402 1.180031 0.104763
v -1.349509 1.180031 0.102653
v -1.349717 1.180031 0.103616
v -1.349402 1.180031 0.104763
v -1.350155 1.180031 0.104498
v -1.350570 1.180031 0.105026
v -1.348929 1.180032 0.097109
v -1.348818 1.180032 0.096268
v -1.348818 1.180032 0.082322
v -1.348494 1.180032 0.095484
v -1.347977 1.180032 0.094811
v -1.346520 1.180032 0.084620
v -1.347304 1.180032 0.084296
v -1.346520 1.180032 0.093969
v -1.347977 1.180032 0.083779
v -1.347977 1.180032 0.094811
v -1.347304 1.180032 0.094294
v -1.348818 1.180032 0.082322
v -1.346520 1.180032 0.093969
v -1.348494 1.180032 0.083106
v -1.347977 1.180032 0.083779
v -1.348818 1.180032 0.097950
v -1.348929 1.180032 0.097109
v -1.349402 1.180031 0.104763
v -1.348818 1.180032 0.082322
v -1.349493 1.180031 0.102295
v -1.348929 1.180032 0.081481
v -1.349493 1.180031 0.076295
v -1.348818 1.180032 0.080640
v -1.349509 1.180031 0.075936
v -1.348494 1.180032 0.079856
v -1.349717 1.180031 0.074974
v -1.347977 1.180032 0.079183
v -1.346313 1.180032 0.074996
v -1.344875 1.180033 0.075814
v -1.346520 1.180032 0.084620
v -1.346520 1.180032 0.093969
v -1.345679 1.180033 0.084731
v -1.345679 1.180033 0.093859
v -1.344838 1.180033 0.084620
v -1.344838 1.180033 0.093969
v -1.344054 1.180033 0.084296
v -1.344054 1.180033 0.094294
v -1.343381 1.180033 0.083779
v -1.338530 1.180035 0.083629
v -1.339194 1.180035 0.082115
v -1.344713 1.180033 0.075919
v -1.347977 1.180032 0.079183
v -1.347975 1.173082 0.079183
v -1.343353 1.178690 0.074557
v -1.343402 1.178835 0.074606
v -1.347975 1.173082 0.079183
v -1.347975 1.173082 0.079183
v -1.343270 1.173083 0.074478
v -1.343272 1.178033 0.074478
v -1.343272 1.178033 0.074478
v -1.343283 1.178275 0.074488
v -1.347975 1.173082 0.079183
v -1.343299 1.178367 0.074503
v -1.343353 1.178690 0.074557
v -1.343402 1.178835 0.074606
v -1.343485 1.179079 0.074690
v -1.347975 1.173082 0.079183
v -1.343582 1.179257 0.074787
v -1.343660 1.179399 0.074865
v -1.343660 1.179399 0.074865
v -1.343830 1.179606 0.075036
v -1.347975 1.173082 0.079183
v -1.343877 1.179663 0.075083
v -1.344125 1.179859 0.075330
v -1.344125 1.179859 0.075330
v -1.344412 1.179989 0.075617
v -1.347975 1.173082 0.079183
v -1.344472 1.179998 0.075677
v -1.344713 1.180033 0.075919
v -1.347975 1.173082 0.079183
v -1.347977 1.180032 0.079183
v -1.348418 1.173082 0.079760
v -1.348494 1.180032 0.079856
v -1.348491 1.173082 0.079856
v -1.348491 1.173082 0.079856
v -1.348494 1.180032 0.079856
v -1.348723 1.173082 0.080416
v -1.348818 1.180032 0.080640
v -1.348816 1.173082 0.080640
v -1.348816 1.173082 0.080640
v -1.348818 1.180032 0.080640
v -1.348879 1.173082 0.081121
v -1.348929 1.180032 0.081481
v -1.348927 1.173082 0.081481
v -1.348927 1.173082 0.081481
v -1.348929 1.180032 0.081481
v -1.348879 1.173082 0.081841
v -1.348818 1.180032 0.082322
v -1.348816 1.173082 0.082322
v -1.348816 1.173082 0.082322
v -1.348818 1.180032 0.082322
v -1.348723 1.173082 0.082546
v -1.348494 1.180032 0.083106
v -1.348491 1.173082 0.083106
v -1.348491 1.173082 0.083106
v -1.348494 1.180032 0.083106
v -1.348418 1.173082 0.083202
v -1.347977 1.180032 0.083779
v -1.347975 1.173082 0.083779
v -1.347975 1.173082 0.083779
v -1.347977 1.180032 0.083779
v -1.347398 1.173082 0.084222
v -1.347304 1.180032 0.084296
v -1.347302 1.173082 0.084296
v -1.347302 1.173082 0.084296
v -1.347304 1.180032 0.084296
v -1.346741 1.173082 0.084528
v -1.346520 1.180032 0.084620
v -1.346518 1.173082 0.084620
v -1.346518 1.173082 0.084620
v -1.346520 1.180032 0.084620
v -1.346037 1.173082 0.084684
v -1.345679 1.180033 0.084731
v -1.345677 1.173083 0.084731
v -1.345677 1.173083 0.084731
v -1.345679 1.180033 0.084731
v -1.345316 1.173083 0.084684
v -1.344838 1.180033 0.084620
v -1.344836 1.173083 0.084620
v -1.344836 1.173083 0.084620
v -1.344838 1.180033 0.084620
v -1.344612 1.173083 0.084528
v -1.344054 1.180033 0.084296
v -1.344052 1.173083 0.084296
v -1.344052 1.173083 0.084296
v -1.344054 1.180033 0.084296
v -1.343956 1.173083 0.084222
v -1.343381 1.180033 0.083779
v -1.343379 1.173083 0.083779
v -1.363403 1.179250 0.103802
v -1.363326 1.179392 0.103724
v -1.363155 1.179599 0.103554
v -1.359009 1.180028 0.099407
v -1.359006 1.173078 0.099407
v -1.362273 1.180027 0.102671
v -1.363711 1.173077 0.104112
v -1.362514 1.179992 0.102912
v -1.363713 1.178027 0.104112
v -1.363155 1.179599 0.103554
v -1.363108 1.179657 0.103507
v -1.363686 1.178360 0.104087
v -1.362860 1.179853 0.103260
v -1.363686 1.178360 0.104087
v -1.363632 1.178683 0.104033
v -1.363155 1.179599 0.103554
v -1.363583 1.178829 0.103983
v -1.363403 1.179250 0.103802
v -1.363500 1.179073 0.103900
v -1.363713 1.178027 0.104112
v -1.363701 1.178269 0.104102
v -1.362514 1.179992 0.102912
v -1.363686 1.178360 0.104087
v -1.362574 1.179983 0.102972
v -1.362860 1.179853 0.103260
v -1.363603 1.173077 0.083779
v -1.363605 1.180027 0.083779
v -1.363025 1.173077 0.084222
v -1.362932 1.180027 0.084296
v -1.362929 1.173077 0.084296
v -1.362929 1.173077 0.084296
v -1.362932 1.180027 0.084296
v -1.362369 1.173077 0.084528
v -1.362148 1.180027 0.084620
v -1.362146 1.173077 0.084620
v -1.362146 1.173077 0.084620
v -1.362148 1.180027 0.084620
v -1.361665 1.173077 0.084684
v -1.361307 1.180027 0.084731
v -1.361305 1.173077 0.084731
v -1.361305 1.173077 0.084731
v -1.361307 1.180027 0.084731
v -1.360944 1.173078 0.084684
v -1.360466 1.180028 0.084620
v -1.360463 1.173078 0.084620
v -1.360463 1.173078 0.084620
v -1.360466 1.180028 0.084620
v -1.360240 1.173078 0.084528
v -1.359682 1.180028 0.084296
v -1.359679 1.173078 0.084296
v -1.359679 1.173078 0.084296
v -1.359682 1.180028 0.084296
v -1.359584 1.173078 0.084222
v -1.359009 1.180028 0.083779
v -1.359006 1.173078 0.083779
v -1.359006 1.173078 0.083779
v -1.359009 1.180028 0.083779
v -1.358563 1.173078 0.083202
v -1.358492 1.180028 0.083106
v -1.358490 1.173078 0.083106
v -1.358490 1.173078 0.083106
v -1.358492 1.180028 0.083106
v -1.358258 1.173078 0.082546
v -1.358168 1.180028 0.082322
v -1.358165 1.173078 0.082322
v -1.358165 1.173078 0.082322
v -1.358168 1.180028 0.082322
v -1.358102 1.173079 0.081841
v -1.358057 1.180028 0.081481
v -1.358055 1.173079 0.081481
v -1.358055 1.173079 0.081481
v -1.358057 1.180028 0.081481
v -1.358102 1.173079 0.081121
v -1.358168 1.180028 0.080640
v -1.358165 1.173078 0.080640
v -1.358165 1.173078 0.080640
v -1.358168 1.180028 0.080640
v -1.358258 1.173078 0.080416
v -1.358492 1.180028 0.079856
v -1.358490 1.173078 0.079856
v -1.358490 1.173078 0.079856
v -1.358492 1.180028 0.079856
v -1.358563 1.173078 0.079760
v -1.359009 1.180028 0.079183
v -1.359006 1.173078 0.079183
v -1.339993 1.170034 0.101204
v -1.339816 1.170035 0.101381
v -1.339253 1.170035 0.100310
v -1.339045 1.170035 0.100449
v -1.337799 1.170035 0.098116
v -1.337575 1.170035 0.098227
v -1.336681 1.170035 0.095734
v -1.336444 1.170036 0.095814
v -1.335922 1.170036 0.093214
v -1.335676 1.170036 0.093263
v -1.335538 1.170036 0.090611
v -1.335288 1.170036 0.090627
v -1.335538 1.170036 0.087979
v -1.335288 1.170036 0.087963
v -1.335922 1.170036 0.085375
v -1.335676 1.170036 0.085327
v -1.336681 1.170035 0.082856
v -1.336444 1.170036 0.082775
v -1.337799 1.170035 0.080474
v -1.337575 1.170035 0.080363
v -1.339253 1.170035 0.078280
v -1.339045 1.170035 0.078141
v -1.339993 1.170034 0.077385
v -1.339816 1.170035 0.077208
v -1.364504 1.170026 0.103531
v -1.365399 1.170026 0.102792
v -1.365576 1.170026 0.102969
v -1.365576 1.170026 0.102969
v -1.365164 1.170026 0.103323
v -1.364504 1.170026 0.103531
v -1.362997 1.170027 0.104873
v -1.362311 1.170027 0.104985
v -1.360627 1.170028 0.106091
v -1.359929 1.170028 0.106104
v -1.358106 1.170028 0.106951
v -1.357409 1.170029 0.106863
v -1.355486 1.170029 0.107435
v -1.354805 1.170030 0.107247
v -1.352823 1.170030 0.107533
v -1.352174 1.170030 0.107247
v -1.350175 1.170031 0.107241
v -1.349570 1.170031 0.106863
v -1.347597 1.170032 0.106567
v -1.347050 1.170032 0.106104
v -1.345145 1.170033 0.105525
v -1.344668 1.170033 0.104985
v -1.342871 1.170033 0.104137
v -1.342475 1.170034 0.103531
v -1.341403 1.170034 0.102969
v -1.341580 1.170034 0.102792
v -1.366987 1.170026 0.077385
v -1.367164 1.170025 0.077208
v -1.367726 1.170025 0.078280
v -1.368710 1.170025 0.079225
v -1.369180 1.170025 0.080474
v -1.370014 1.170025 0.081549
v -1.370298 1.170025 0.082856
v -1.370966 1.170024 0.084037
v -1.371058 1.170024 0.085375
v -1.371545 1.170024 0.086638
v -1.371441 1.170024 0.087979
v -1.371740 1.170024 0.089295
v -1.371441 1.170024 0.090611
v -1.371545 1.170024 0.091952
v -1.371058 1.170024 0.093214
v -1.370966 1.170024 0.094553
v -1.370298 1.170025 0.095734
v -1.370014 1.170025 0.097041
v -1.369180 1.170025 0.098116
v -1.368710 1.170025 0.099365
v -1.367726 1.170025 0.100310
v -1.367164 1.170025 0.101381
v -1.366987 1.170026 0.101204
v -1.347950 1.172793 0.099382
v -1.347908 1.172304 0.099340
v -1.348363 1.172323 0.098773
v -1.347831 1.172017 0.099263
v -1.347711 1.171571 0.099144
v -1.348171 1.171609 0.098581
v -1.347581 1.171305 0.099013
v -1.347396 1.170927 0.098829
v -1.347864 1.170981 0.098274
v -1.347215 1.170701 0.098648
v -1.346981 1.170407 0.098414
v -1.347460 1.170474 0.097870
v -1.346757 1.170241 0.098190
v -1.346491 1.170043 0.097924
v -1.346982 1.170120 0.097392
v -1.346233 1.169954 0.097666
v -1.345953 1.169856 0.097386
v -1.346457 1.169937 0.096867
v -1.345676 1.169856 0.097109
v -1.345399 1.169856 0.096832
v -1.345917 1.169937 0.096327
v -1.345118 1.169954 0.096551
v -1.344861 1.170044 0.096294
v -1.345393 1.170120 0.095803
v -1.344594 1.170242 0.096027
v -1.344370 1.170408 0.095803
v -1.344914 1.170475 0.095325
v -1.344136 1.170702 0.095569
v -1.343956 1.170928 0.095389
v -1.344510 1.170982 0.094920
v -1.343772 1.171306 0.095204
v -1.343641 1.171573 0.095074
v -1.344204 1.171611 0.094613
v -1.346518 1.173082 0.093969
v -1.346741 1.173082 0.094062
v -1.346779 1.172745 0.094070
v -1.348370 1.172746 0.095321
v -1.348414 1.172909 0.095365
v -1.348715 1.172744 0.096006
v -1.347302 1.173082 0.094294
v -1.347398 1.173082 0.094368
v -1.347421 1.172909 0.094372
v -1.348414 1.172909 0.095365
v -1.348370 1.172746 0.095321
v -1.347975 1.173082 0.094811
v -1.347421 1.172909 0.094372
v -1.347398 1.173082 0.094368
v -1.347975 1.173082 0.094811
v -1.348207 1.172487 0.095159
v -1.348300 1.172602 0.095251
v -1.348493 1.172147 0.095785
v -1.348630 1.172426 0.095921
v -1.348742 1.172140 0.096581
v -1.348864 1.172597 0.096703
v -1.348854 1.172473 0.097420
v -1.347975 1.173082 0.094811
v -1.348418 1.173082 0.095388
v -1.348414 1.172909 0.095365
v -1.348491 1.173082 0.095484
v -1.348715 1.172744 0.096006
v -1.348723 1.173082 0.096044
v -1.348816 1.173082 0.096268
v -1.348816 1.173082 0.096268
v -1.348864 1.172597 0.096703
v -1.348715 1.172744 0.096006
v -1.348630 1.172426 0.095921
v -1.348370 1.172746 0.095321
v -1.348300 1.172602 0.095251
v -1.347975 1.173082 0.094811
v -1.348207 1.172487 0.095159
v -1.347975 1.173082 0.094811
v -1.348300 1.172602 0.095251
v -1.345365 1.172475 0.093931
v -1.345316 1.173083 0.093906
v -1.345677 1.173083 0.093859
v -1.344663 1.172382 0.094101
v -1.344612 1.173083 0.094062
v -1.344836 1.173083 0.093969
v -1.347979 1.172364 0.094930
v -1.348098 1.172406 0.095050
v -1.348100 1.171763 0.095392
v -1.348313 1.171921 0.095605
v -1.348287 1.171414 0.096126
v -1.348545 1.171738 0.096384
v -1.348454 1.171397 0.097021
v -1.348700 1.171901 0.097267
v -1.348507 1.171721 0.097945
v -1.348684 1.172381 0.098122
v -1.348363 1.172323 0.098773
v -1.348816 1.173082 0.096268
v -1.348879 1.173082 0.096748
v -1.348864 1.172597 0.096703
v -1.348927 1.173082 0.097109
v -1.348854 1.172473 0.097420
v -1.348879 1.173082 0.097469
v -1.348816 1.173082 0.097950
v -1.348816 1.173082 0.097950
v -1.348684 1.172381 0.098122
v -1.348854 1.172473 0.097420
v -1.348700 1.171901 0.097267
v -1.348742 1.172140 0.096581
v -1.348545 1.171738 0.096384
v -1.348493 1.172147 0.095785
v -1.348313 1.171921 0.095605
v -1.348207 1.172487 0.095159
v -1.348098 1.172406 0.095050
v -1.347975 1.173082 0.094811
v -1.347979 1.172364 0.094930
v -1.347975 1.173082 0.094811
v -1.348098 1.172406 0.095050
v -1.344012 1.172325 0.094422
v -1.343956 1.173083 0.094368
v -1.344052 1.173083 0.094294
v -1.343379 1.173083 0.094811
v -1.343956 1.173083 0.094368
v -1.343403 1.172795 0.094835
v -1.344012 1.172325 0.094422
v -1.343445 1.172306 0.094877
v -1.343522 1.172018 0.094955
v -1.343641 1.171573 0.095074
v -1.343522 1.172018 0.094955
v -1.344204 1.171611 0.094613
v -1.344012 1.172325 0.094422
v -1.344663 1.172382 0.094101
v -1.344052 1.173083 0.094294
v -1.344612 1.173083 0.094062
v -1.343956 1.170928 0.095389
v -1.343772 1.171306 0.095204
v -1.344510 1.170982 0.094920
v -1.344204 1.171611 0.094613
v -1.344840 1.171722 0.094278
v -1.344663 1.172382 0.094101
v -1.345365 1.172475 0.093931
v -1.344836 1.173083 0.093969
v -1.345316 1.173083 0.093906
v -1.344370 1.170408 0.095803
v -1.344136 1.170702 0.095569
v -1.344914 1.170475 0.095325
v -1.344510 1.170982 0.094920
v -1.345123 1.171141 0.094562
v -1.344840 1.171722 0.094278
v -1.345518 1.171902 0.094085
v -1.345365 1.172475 0.093931
v -1.346082 1.172598 0.093921
v -1.345677 1.173083 0.093859
v -1.346037 1.173082 0.093906
v -1.344861 1.170044 0.096294
v -1.344594 1.170242 0.096027
v -1.345393 1.170120 0.095803
v -1.344914 1.170475 0.095325
v -1.345497 1.170673 0.094935
v -1.345123 1.171141 0.094562
v -1.345764 1.171398 0.094331
v -1.345518 1.171902 0.094085
v -1.346204 1.172141 0.094043
v -1.346082 1.172598 0.093921
v -1.346779 1.172745 0.094070
v -1.346037 1.173082 0.093906
v -1.346518 1.173082 0.093969
v -1.345399 1.169856 0.096832
v -1.345118 1.169954 0.096551
v -1.345917 1.169937 0.096327
v -1.345393 1.170120 0.095803
v -1.345939 1.170345 0.095377
v -1.345497 1.170673 0.094935
v -1.346088 1.170991 0.094655
v -1.345764 1.171398 0.094331
v -1.346400 1.171739 0.094239
v -1.346204 1.172141 0.094043
v -1.346864 1.172427 0.094155
v -1.346779 1.172745 0.094070
v -1.347421 1.172909 0.094372
v -1.346741 1.173082 0.094062
v -1.347302 1.173082 0.094294
v -1.345953 1.169856 0.097386
v -1.345676 1.169856 0.097109
v -1.346457 1.169937 0.096867
v -1.345917 1.169937 0.096327
v -1.346423 1.170176 0.095862
v -1.345939 1.170345 0.095377
v -1.346472 1.170707 0.095039
v -1.346088 1.170991 0.094655
v -1.346659 1.171415 0.094498
v -1.346400 1.171739 0.094239
v -1.347001 1.172147 0.094292
v -1.346864 1.172427 0.094155
v -1.347464 1.172746 0.094415
v -1.347421 1.172909 0.094372
v -1.347975 1.173082 0.094811
v -1.346491 1.170043 0.097924
v -1.346233 1.169954 0.097666
v -1.346982 1.170120 0.097392
v -1.346457 1.169937 0.096867
v -1.346922 1.170175 0.096361
v -1.346423 1.170176 0.095862
v -1.346892 1.170560 0.095459
v -1.346472 1.170707 0.095039
v -1.346965 1.171188 0.094804
v -1.346659 1.171415 0.094498
v -1.347180 1.171922 0.094472
v -1.347001 1.172147 0.094292
v -1.347534 1.172602 0.094485
v -1.347464 1.172746 0.094415
v -1.347975 1.173082 0.094811
v -1.346981 1.170407 0.098414
v -1.346757 1.170241 0.098190
v -1.347460 1.170474 0.097870
v -1.346982 1.170120 0.097392
v -1.347407 1.170344 0.096846
v -1.346922 1.170175 0.096361
v -1.347325 1.170560 0.095892
v -1.346892 1.170560 0.095459
v -1.347300 1.171070 0.095139
v -1.346965 1.171188 0.094804
v -1.347393 1.171764 0.094685
v -1.347180 1.171922 0.094472
v -1.347626 1.172487 0.094578
v -1.347534 1.172602 0.094485
v -1.347975 1.173082 0.094811
v -1.347396 1.170927 0.098829
v -1.347215 1.170701 0.098648
v -1.347864 1.170981 0.098274
v -1.347460 1.170474 0.097870
v -1.347849 1.170672 0.097288
v -1.347407 1.170344 0.096846
v -1.347746 1.170706 0.096313
v -1.347325 1.170560 0.095892
v -1.347646 1.171070 0.095485
v -1.347300 1.171070 0.095139
v -1.347627 1.171682 0.094918
v -1.347393 1.171764 0.094685
v -1.347736 1.172406 0.094687
v -1.347626 1.172487 0.094578
v -1.347975 1.173082 0.094811
v -1.347711 1.171571 0.099144
v -1.347581 1.171305 0.099013
v -1.348171 1.171609 0.098581
v -1.347864 1.170981 0.098274
v -1.348223 1.171140 0.097661
v -1.347849 1.170672 0.097288
v -1.348130 1.170991 0.096697
v -1.347746 1.170706 0.096313
v -1.347981 1.171187 0.095820
v -1.347646 1.171070 0.095485
v -1.347867 1.171682 0.095158
v -1.347627 1.171682 0.094918
v -1.347855 1.172364 0.094807
v -1.347736 1.172406 0.094687
v -1.347975 1.173082 0.094811
v -1.347908 1.172304 0.099340
v -1.347831 1.172017 0.099263
v -1.348363 1.172323 0.098773
v -1.348171 1.171609 0.098581
v -1.348507 1.171721 0.097945
v -1.348223 1.171140 0.097661
v -1.348454 1.171397 0.097021
v -1.348130 1.170991 0.096697
v -1.348287 1.171414 0.096126
v -1.347981 1.171187 0.095820
v -1.348100 1.171763 0.095392
v -1.347867 1.171682 0.095158
v -1.347979 1.172364 0.094930
v -1.347855 1.172364 0.094807
v -1.347975 1.173082 0.094811
v -1.347975 1.173082 0.099407
v -1.347950 1.172793 0.099382
v -1.348418 1.173082 0.098830
v -1.348363 1.172323 0.098773
v -1.348491 1.173082 0.098734
v -1.348684 1.172381 0.098122
v -1.348723 1.173082 0.098173
v -1.348816 1.173082 0.097950
v -1.343379 1.173083 0.094811
v -1.343381 1.180033 0.094811
v -1.343956 1.173083 0.094368
v -1.344054 1.180033 0.094294
v -1.344052 1.173083 0.094294
v -1.344052 1.173083 0.094294
v -1.344054 1.180033 0.094294
v -1.344612 1.173083 0.094062
v -1.344838 1.180033 0.093969
v -1.344836 1.173083 0.093969
v -1.344836 1.173083 0.093969
v -1.344838 1.180033 0.093969
v -1.345316 1.173083 0.093906
v -1.345679 1.180033 0.093859
v -1.345677 1.173083 0.093859
v -1.345677 1.173083 0.093859
v -1.345679 1.180033 0.093859
v -1.346037 1.173082 0.093906
v -1.346520 1.180032 0.093969
v -1.346518 1.173082 0.093969
v -1.346518 1.173082 0.093969
v -1.346520 1.180032 0.093969
v -1.346741 1.173082 0.094062
v -1.347304 1.180032 0.094294
v -1.347302 1.173082 0.094294
v -1.347302 1.173082 0.094294
v -1.347304 1.180032 0.094294
v -1.347398 1.173082 0.094368
v -1.347977 1.180032 0.094811
v -1.347975 1.173082 0.094811
v -1.347975 1.173082 0.094811
v -1.347977 1.180032 0.094811
v -1.348418 1.173082 0.095388
v -1.348494 1.180032 0.095484
v -1.348491 1.173082 0.095484
v -1.348491 1.173082 0.095484
v -1.348494 1.180032 0.095484
v -1.348723 1.173082 0.096044
v -1.348818 1.180032 0.096268
v -1.348816 1.173082 0.096268
v -1.348816 1.173082 0.096268
v -1.348818 1.180032 0.096268
v -1.348879 1.173082 0.096748
v -1.348929 1.180032 0.097109
v -1.348927 1.173082 0.097109
v -1.348927 1.173082 0.097109
v -1.348929 1.180032 0.097109
v -1.348879 1.173082 0.097469
v -1.348818 1.180032 0.097950
v -1.348816 1.173082 0.097950
v -1.348816 1.173082 0.097950
v -1.348818 1.180032 0.097950
v -1.348723 1.173082 0.098173
v -1.348494 1.180032 0.098734
v -1.348491 1.173082 0.098734
v -1.348491 1.173082 0.098734
v -1.348494 1.180032 0.098734
v -1.348418 1.173082 0.098830
v -1.347977 1.180032 0.099407
v -1.347975 1.173082 0.099407
v -1.363578 1.172788 0.094835
v -1.363536 1.172299 0.094877
v -1.362968 1.172319 0.094422
v -1.363458 1.172011 0.094955
v -1.363339 1.171566 0.095074
v -1.362777 1.171605 0.094613
v -1.363208 1.171299 0.095204
v -1.363024 1.170922 0.095389
v -1.362469 1.170976 0.094920
v -1.362843 1.170695 0.095569
v -1.362609 1.170402 0.095803
v -1.362065 1.170470 0.095325
v -1.362385 1.170236 0.096027
v -1.362118 1.170038 0.096294
v -1.361587 1.170115 0.095803
v -1.361861 1.169949 0.096551
v -1.361580 1.169851 0.096832
v -1.361062 1.169932 0.096327
v -1.361303 1.169851 0.097109
v -1.361026 1.169851 0.097386
v -1.360522 1.169932 0.096867
v -1.360746 1.169949 0.097666
v -1.360489 1.170039 0.097924
v -1.359998 1.170115 0.097392
v -1.360222 1.170237 0.098190
v -1.359998 1.170403 0.098414
v -1.359519 1.170470 0.097870
v -1.359764 1.170696 0.098648
v -1.359584 1.170923 0.098829
v -1.359115 1.170977 0.098274
v -1.359399 1.171301 0.099013
v -1.359269 1.171568 0.099144
v -1.358809 1.171606 0.098581
v -1.358165 1.173078 0.096268
v -1.358258 1.173078 0.096044
v -1.358266 1.172741 0.096006
v -1.359517 1.172742 0.094415
v -1.359560 1.172905 0.094372
v -1.360202 1.172740 0.094070
v -1.358490 1.173078 0.095484
v -1.358563 1.173078 0.095388
v -1.358567 1.172905 0.095365
v -1.359560 1.172905 0.094372
v -1.359517 1.172742 0.094415
v -1.359006 1.173078 0.094811
v -1.358567 1.172905 0.095365
v -1.358563 1.173078 0.095388
v -1.359006 1.173078 0.094811
v -1.359354 1.172483 0.094578
v -1.359447 1.172598 0.094485
v -1.359980 1.172143 0.094292
v -1.360117 1.172423 0.094155
v -1.360776 1.172136 0.094043
v -1.360899 1.172593 0.093921
v -1.361616 1.172469 0.093931
v -1.359006 1.173078 0.094811
v -1.359584 1.173078 0.094368
v -1.359560 1.172905 0.094372
v -1.359679 1.173078 0.094294
v -1.360202 1.172740 0.094070
v -1.360240 1.173078 0.094062
v -1.360463 1.173078 0.093969
v -1.360463 1.173078 0.093969
v -1.360899 1.172593 0.093921
v -1.360202 1.172740 0.094070
v -1.360117 1.172423 0.094155
v -1.359517 1.172742 0.094415
v -1.359447 1.172598 0.094485
v -1.359006 1.173078 0.094811
v -1.359354 1.172483 0.094578
v -1.359006 1.173078 0.094811
v -1.359447 1.172598 0.094485
v -1.358127 1.172470 0.097420
v -1.358102 1.173079 0.097469
v -1.358055 1.173079 0.097109
v -1.358297 1.172378 0.098122
v -1.358258 1.173078 0.098173
v -1.358165 1.173078 0.097950
v -1.359125 1.172360 0.094807
v -1.359245 1.172402 0.094687
v -1.359587 1.171759 0.094685
v -1.359800 1.171917 0.094472
v -1.360321 1.171410 0.094498
v -1.360580 1.171734 0.094240
v -1.361216 1.171392 0.094331
v -1.361462 1.171897 0.094085
v -1.362140 1.171716 0.094278
v -1.362317 1.172376 0.094101
v -1.362968 1.172319 0.094422
v -1.360463 1.173078 0.093969
v -1.360944 1.173078 0.093906
v -1.360899 1.172593 0.093921
v -1.361305 1.173077 0.093859
v -1.361616 1.172469 0.093931
v -1.361665 1.173077 0.093906
v -1.362146 1.173077 0.093969
v -1.362146 1.173077 0.093969
v -1.362317 1.172376 0.094101
v -1.361616 1.172469 0.093931
v -1.361462 1.171897 0.094085
v -1.360776 1.172136 0.094043
v -1.360580 1.171734 0.094240
v -1.359980 1.172143 0.094292
v -1.359800 1.171917 0.094472
v -1.359354 1.172483 0.094578
v -1.359245 1.172402 0.094687
v -1.359006 1.173078 0.094811
v -1.359125 1.172360 0.094807
v -1.359006 1.173078 0.094811
v -1.359245 1.172402 0.094687
v -1.358617 1.172320 0.098773
v -1.358563 1.173078 0.098830
v -1.358490 1.173078 0.098734
v -1.359006 1.173078 0.099407
v -1.358563 1.173078 0.098830
v -1.359031 1.172789 0.099382
v -1.358617 1.172320 0.098773
v -1.359073 1.172300 0.099340
v -1.359150 1.172013 0.099263
v -1.359269 1.171568 0.099144
v -1.359150 1.172013 0.099263
v -1.358809 1.171606 0.098581
v -1.358617 1.172320 0.098773
v -1.358297 1.172378 0.098122
v -1.358490 1.173078 0.098734
v -1.358258 1.173078 0.098173
v -1.359584 1.170923 0.098829
v -1.359399 1.171301 0.099013
v -1.359115 1.170977 0.098274
v -1.358809 1.171606 0.098581
v -1.358474 1.171718 0.097945
v -1.358297 1.172378 0.098122
v -1.358127 1.172470 0.097420
v -1.358165 1.173078 0.097950
v -1.358102 1.173079 0.097469
v -1.359998 1.170403 0.098414
v -1.359764 1.170696 0.098648
v -1.359519 1.170470 0.097870
v -1.359115 1.170977 0.098274
v -1.358757 1.171136 0.097661
v -1.358474 1.171718 0.097945
v -1.358280 1.171898 0.097267
v -1.358127 1.172470 0.097420
v -1.358116 1.172594 0.096703
v -1.358055 1.173079 0.097109
v -1.358102 1.173079 0.096748
v -1.360489 1.170039 0.097924
v -1.360222 1.170237 0.098190
v -1.359998 1.170115 0.097392
v -1.359519 1.170470 0.097870
v -1.359130 1.170668 0.097288
v -1.358757 1.171136 0.097661
v -1.358526 1.171393 0.097021
v -1.358280 1.171898 0.097267
v -1.358239 1.172137 0.096581
v -1.358116 1.172594 0.096703
v -1.358266 1.172741 0.096006
v -1.358102 1.173079 0.096748
v -1.358165 1.173078 0.096268
v -1.361026 1.169851 0.097386
v -1.360746 1.169949 0.097666
v -1.360522 1.169932 0.096867
v -1.359998 1.170115 0.097392
v -1.359572 1.170340 0.096846
v -1.359130 1.170668 0.097288
v -1.358850 1.170987 0.096697
v -1.358526 1.171393 0.097021
v -1.358435 1.171735 0.096384
v -1.358239 1.172137 0.096581
v -1.358351 1.172423 0.095921
v -1.358266 1.172741 0.096006
v -1.358567 1.172905 0.095365
v -1.358258 1.173078 0.096044
v -1.358490 1.173078 0.095484
v -1.361580 1.169851 0.096832
v -1.361303 1.169851 0.097109
v -1.361062 1.169932 0.096327
v -1.360522 1.169932 0.096867
v -1.360057 1.170171 0.096361
v -1.359572 1.170340 0.096846
v -1.359234 1.170702 0.096313
v -1.358850 1.170987 0.096697
v -1.358693 1.171411 0.096126
v -1.358435 1.171735 0.096384
v -1.358487 1.172143 0.095785
v -1.358351 1.172423 0.095921
v -1.358611 1.172742 0.095321
v -1.358567 1.172905 0.095365
v -1.359006 1.173078 0.094811
v -1.362118 1.170038 0.096294
v -1.361861 1.169949 0.096551
v -1.361587 1.170115 0.095803
v -1.361062 1.169932 0.096327
v -1.360556 1.170171 0.095862
v -1.360057 1.170171 0.096361
v -1.359654 1.170556 0.095892
v -1.359234 1.170702 0.096313
v -1.358999 1.171183 0.095820
v -1.358693 1.171411 0.096126
v -1.358667 1.171918 0.095605
v -1.358487 1.172143 0.095785
v -1.358681 1.172599 0.095251
v -1.358611 1.172742 0.095321
v -1.359006 1.173078 0.094811
v -1.362609 1.170402 0.095803
v -1.362385 1.170236 0.096027
v -1.362065 1.170470 0.095325
v -1.361587 1.170115 0.095803
v -1.361041 1.170340 0.095377
v -1.360556 1.170171 0.095862
v -1.360087 1.170555 0.095459
v -1.359654 1.170556 0.095892
v -1.359334 1.171067 0.095485
v -1.358999 1.171183 0.095820
v -1.358880 1.171760 0.095392
v -1.358667 1.171918 0.095605
v -1.358773 1.172483 0.095159
v -1.358681 1.172599 0.095251
v -1.359006 1.173078 0.094811
v -1.363024 1.170922 0.095389
v -1.362843 1.170695 0.095569
v -1.362469 1.170976 0.094920
v -1.362065 1.170470 0.095325
v -1.361483 1.170668 0.094935
v -1.361041 1.170340 0.095377
v -1.360508 1.170702 0.095039
v -1.360087 1.170555 0.095459
v -1.359680 1.171066 0.095139
v -1.359334 1.171067 0.095485
v -1.359113 1.171678 0.095158
v -1.358880 1.171760 0.095392
v -1.358882 1.172402 0.095050
v -1.358773 1.172483 0.095159
v -1.359006 1.173078 0.094811
v -1.363339 1.171566 0.095074
v -1.363208 1.171299 0.095204
v -1.362777 1.171605 0.094613
v -1.362469 1.170976 0.094920
v -1.361857 1.171136 0.094562
v -1.361483 1.170668 0.094935
v -1.360892 1.170986 0.094655
v -1.360508 1.170702 0.095039
v -1.360015 1.171183 0.094804
v -1.359680 1.171066 0.095139
v -1.359354 1.171678 0.094918
v -1.359113 1.171678 0.095158
v -1.359002 1.172360 0.094930
v -1.358882 1.172402 0.095050
v -1.359006 1.173078 0.094811
v -1.363536 1.172299 0.094877
v -1.363458 1.172011 0.094955
v -1.362968 1.172319 0.094422
v -1.362777 1.171605 0.094613
v -1.362140 1.171716 0.094278
v -1.361857 1.171136 0.094562
v -1.361216 1.171392 0.094331
v -1.360892 1.170986 0.094655
v -1.360321 1.171410 0.094498
v -1.360015 1.171183 0.094804
v -1.359587 1.171759 0.094685
v -1.359354 1.171678 0.094918
v -1.359125 1.172360 0.094807
v -1.359002 1.172360 0.094930
v -1.359006 1.173078 0.094811
v -1.363603 1.173077 0.094811
v -1.363578 1.172788 0.094835
v -1.363025 1.173077 0.094368
v -1.362968 1.172319 0.094422
v -1.362929 1.173077 0.094294
v -1.362317 1.172376 0.094101
v -1.362369 1.173077 0.094062
v -1.362146 1.173077 0.093969
v -1.359031 1.172789 0.079208
v -1.359073 1.172300 0.079250
v -1.358617 1.172320 0.079817
v -1.359150 1.172013 0.079327
v -1.359269 1.171568 0.079446
v -1.358809 1.171606 0.080008
v -1.359399 1.171301 0.079576
v -1.359584 1.170923 0.079761
v -1.359115 1.170977 0.080315
v -1.359764 1.170696 0.079941
v -1.359998 1.170403 0.080175
v -1.359519 1.170470 0.080720
v -1.360222 1.170237 0.080400
v -1.360489 1.170039 0.080666
v -1.359998 1.170115 0.081198
v -1.360746 1.169949 0.080923
v -1.361026 1.169851 0.081204
v -1.360522 1.169932 0.081722
v -1.361303 1.169851 0.081481
v -1.361580 1.169851 0.081758
v -1.361062 1.169932 0.082262
v -1.361861 1.169949 0.082038
v -1.362118 1.170038 0.082296
v -1.361587 1.170115 0.082787
v -1.362385 1.170236 0.082562
v -1.362609 1.170402 0.082786
v -1.362065 1.170470 0.083265
v -1.362843 1.170695 0.083020
v -1.363024 1.170922 0.083201
v -1.362469 1.170976 0.083669
v -1.363208 1.171299 0.083386
v -1.363339 1.171566 0.083516
v -1.362777 1.171605 0.083976
v -1.360463 1.173078 0.084620
v -1.360240 1.173078 0.084528
v -1.360202 1.172740 0.084520
v -1.358611 1.172742 0.083269
v -1.358567 1.172905 0.083225
v -1.358266 1.172741 0.082583
v -1.359679 1.173078 0.084296
v -1.359584 1.173078 0.084222
v -1.359560 1.172905 0.084218
v -1.358567 1.172905 0.083225
v -1.358611 1.172742 0.083269
v -1.359006 1.173078 0.083779
v -1.359560 1.172905 0.084218
v -1.359584 1.173078 0.084222
v -1.359006 1.173078 0.083779
v -1.358773 1.172483 0.083431
v -1.358681 1.172599 0.083339
v -1.358487 1.172143 0.082805
v -1.358351 1.172423 0.082669
v -1.358239 1.172137 0.082009
v -1.358116 1.172594 0.081886
v -1.358127 1.172470 0.081169
v -1.359006 1.173078 0.083779
v -1.358563 1.173078 0.083202
v -1.358567 1.172905 0.083225
v -1.358490 1.173078 0.083106
v -1.358266 1.172741 0.082583
v -1.358258 1.173078 0.082546
v -1.358165 1.173078 0.082322
v -1.358165 1.173078 0.082322
v -1.358116 1.172594 0.081886
v -1.358266 1.172741 0.082583
v -1.358351 1.172423 0.082669
v -1.358611 1.172742 0.083269
v -1.358681 1.172599 0.083339
v -1.359006 1.173078 0.083779
v -1.358773 1.172483 0.083431
v -1.359006 1.173078 0.083779
v -1.358681 1.172599 0.083339
v -1.361616 1.172469 0.084658
v -1.361665 1.173077 0.084684
v -1.361305 1.173077 0.084731
v -1.362317 1.172376 0.084488
v -1.362369 1.173077 0.084528
v -1.362146 1.173077 0.084620
v -1.359002 1.172360 0.083660
v -1.358882 1.172402 0.083540
v -1.358880 1.171760 0.083198
v -1.358667 1.171918 0.082985
v -1.358693 1.171411 0.082464
v -1.358435 1.171735 0.082205
v -1.358526 1.171393 0.081569
v -1.358280 1.171898 0.081323
v -1.358474 1.171718 0.080645
v -1.358297 1.172378 0.080468
v -1.358617 1.172320 0.079817
v -1.358165 1.173078 0.082322
v -1.358102 1.173079 0.081841
v -1.358116 1.172594 0.081886
v -1.358055 1.173079 0.081481
v -1.358127 1.172470 0.081169
v -1.358102 1.173079 0.081121
v -1.358165 1.173078 0.080640
v -1.358165 1.173078 0.080640
v -1.358297 1.172378 0.080468
v -1.358127 1.172470 0.081169
v -1.358280 1.171898 0.081323
v -1.358239 1.172137 0.082009
v -1.358435 1.171735 0.082205
v -1.358487 1.172143 0.082805
v -1.358667 1.171918 0.082985
v -1.358773 1.172483 0.083431
v -1.358882 1.172402 0.083540
v -1.359006 1.173078 0.083779
v -1.359002 1.172360 0.083660
v -1.359006 1.173078 0.083779
v -1.358882 1.172402 0.083540
v -1.362968 1.172319 0.084168
v -1.363025 1.173077 0.084222
v -1.362929 1.173077 0.084296
v -1.363603 1.173077 0.083779
v -1.363025 1.173077 0.084222
v -1.363578 1.172788 0.083754
v -1.362968 1.172319 0.084168
v -1.363536 1.172299 0.083712
v -1.363458 1.172011 0.083635
v -1.363339 1.171566 0.083516
v -1.363458 1.172011 0.083635
v -1.362777 1.171605 0.083976
v -1.362968 1.172319 0.084168
v -1.362317 1.172376 0.084488
v -1.362929 1.173077 0.084296
v -1.362369 1.173077 0.084528
v -1.363024 1.170922 0.083201
v -1.363208 1.171299 0.083386
v -1.362469 1.170976 0.083669
v -1.362777 1.171605 0.083976
v -1.362140 1.171716 0.084311
v -1.362317 1.172376 0.084488
v -1.361616 1.172469 0.084658
v -1.362146 1.173077 0.084620
v -1.361665 1.173077 0.084684
v -1.362609 1.170402 0.082786
v -1.362843 1.170695 0.083020
v -1.362065 1.170470 0.083265
v -1.362469 1.170976 0.083669
v -1.361857 1.171136 0.084028
v -1.362140 1.171716 0.084311
v -1.361462 1.171897 0.084505
v -1.361616 1.172469 0.084658
v -1.360899 1.172593 0.084669
v -1.361305 1.173077 0.084731
v -1.360944 1.173078 0.084684
v -1.362118 1.170038 0.082296
v -1.362385 1.170236 0.082562
v -1.361587 1.170115 0.082787
v -1.362065 1.170470 0.083265
v -1.361483 1.170668 0.083654
v -1.361857 1.171136 0.084028
v -1.361216 1.171392 0.084259
v -1.361462 1.171897 0.084505
v -1.360776 1.172136 0.084546
v -1.360899 1.172593 0.084669
v -1.360202 1.172740 0.084520
v -1.360944 1.173078 0.084684
v -1.360463 1.173078 0.084620
v -1.361580 1.169851 0.081758
v -1.361861 1.169949 0.082038
v -1.361062 1.169932 0.082262
v -1.361587 1.170115 0.082787
v -1.361041 1.170340 0.083212
v -1.361483 1.170668 0.083654
v -1.360892 1.170986 0.083934
v -1.361216 1.171392 0.084259
v -1.360580 1.171734 0.084350
v -1.360776 1.172136 0.084546
v -1.360117 1.172423 0.084434
v -1.360202 1.172740 0.084520
v -1.359560 1.172905 0.084218
v -1.360240 1.173078 0.084528
v -1.359679 1.173078 0.084296
v -1.361026 1.169851 0.081204
v -1.361303 1.169851 0.081481
v -1.360522 1.169932 0.081722
v -1.361062 1.169932 0.082262
v -1.360556 1.170171 0.082728
v -1.361041 1.170340 0.083212
v -1.360508 1.170702 0.083551
v -1.360892 1.170986 0.083934
v -1.360321 1.171410 0.084092
v -1.360580 1.171734 0.084350
v -1.359980 1.172143 0.084298
v -1.360117 1.172423 0.084434
v -1.359517 1.172742 0.084174
v -1.359560 1.172905 0.084218
v -1.359006 1.173078 0.083779
v -1.360489 1.170039 0.080666
v -1.360746 1.169949 0.080923
v -1.359998 1.170115 0.081198
v -1.360522 1.169932 0.081722
v -1.360057 1.170171 0.082228
v -1.360556 1.170171 0.082728
v -1.360087 1.170555 0.083130
v -1.360508 1.170702 0.083551
v -1.360015 1.171183 0.083786
v -1.360321 1.171410 0.084092
v -1.359800 1.171917 0.084118
v -1.359980 1.172143 0.084298
v -1.359447 1.172598 0.084104
v -1.359517 1.172742 0.084174
v -1.359006 1.173078 0.083779
v -1.359998 1.170403 0.080175
v -1.360222 1.170237 0.080400
v -1.359519 1.170470 0.080720
v -1.359998 1.170115 0.081198
v -1.359572 1.170340 0.081744
v -1.360057 1.170171 0.082228
v -1.359654 1.170556 0.082697
v -1.360087 1.170555 0.083130
v -1.359680 1.171066 0.083450
v -1.360015 1.171183 0.083786
v -1.359587 1.171759 0.083905
v -1.359800 1.171917 0.084118
v -1.359354 1.172483 0.084012
v -1.359447 1.172598 0.084104
v -1.359006 1.173078 0.083779
v -1.359584 1.170923 0.079761
v -1.359764 1.170696 0.079941
v -1.359115 1.170977 0.080315
v -1.359519 1.170470 0.080720
v -1.359130 1.170668 0.081302
v -1.359572 1.170340 0.081744
v -1.359234 1.170702 0.082277
v -1.359654 1.170556 0.082697
v -1.359334 1.171067 0.083105
v -1.359680 1.171066 0.083450
v -1.359354 1.171678 0.083672
v -1.359587 1.171759 0.083905
v -1.359245 1.172402 0.083903
v -1.359354 1.172483 0.084012
v -1.359006 1.173078 0.083779
v -1.359269 1.171568 0.079446
v -1.359399 1.171301 0.079576
v -1.358809 1.171606 0.080008
v -1.359115 1.170977 0.080315
v -1.358757 1.171136 0.080928
v -1.359130 1.170668 0.081302
v -1.358850 1.170987 0.081893
v -1.359234 1.170702 0.082277
v -1.358999 1.171183 0.082770
v -1.359334 1.171067 0.083105
v -1.359113 1.171678 0.083431
v -1.359354 1.171678 0.083672
v -1.359125 1.172360 0.083783
v -1.359245 1.172402 0.083903
v -1.359006 1.173078 0.083779
v -1.359073 1.172300 0.079250
v -1.359150 1.172013 0.079327
v -1.358617 1.172320 0.079817
v -1.358809 1.171606 0.080008
v -1.358474 1.171718 0.080645
v -1.358757 1.171136 0.080928
v -1.358526 1.171393 0.081569
v -1.358850 1.170987 0.081893
v -1.358693 1.171411 0.082464
v -1.358999 1.171183 0.082770
v -1.358880 1.171760 0.083198
v -1.359113 1.171678 0.083431
v -1.359002 1.172360 0.083660
v -1.359125 1.172360 0.083783
v -1.359006 1.173078 0.083779
v -1.359006 1.173078 0.079183
v -1.359031 1.172789 0.079208
v -1.358563 1.173078 0.079760
v -1.358617 1.172320 0.079817
v -1.358490 1.173078 0.079856
v -1.358297 1.172378 0.080468
v -1.358258 1.173078 0.080416
v -1.358165 1.173078 0.080640
v -1.363713 1.178027 0.074478
v -1.363711 1.173077 0.074478
v -1.359006 1.173078 0.079183
v -1.359009 1.180028 0.079183
v -1.362273 1.180027 0.075919
v -1.359006 1.173078 0.079183
v -1.362478 1.180007 0.075713
v -1.362513 1.179994 0.075678
v -1.362513 1.179994 0.075678
v -1.362779 1.179899 0.075412
v -1.359006 1.173078 0.079183
v -1.362851 1.179850 0.075339
v -1.363038 1.179721 0.075152
v -1.363038 1.179721 0.075152
v -1.363155 1.179597 0.075037
v -1.359006 1.173078 0.079183
v -1.363261 1.179483 0.074930
v -1.363405 1.179251 0.074786
v -1.363405 1.179251 0.074786
v -1.363455 1.179169 0.074736
v -1.359006 1.173078 0.079183
v -1.363588 1.178832 0.074602
v -1.363601 1.178799 0.074589
v -1.363601 1.178799 0.074589
v -1.363680 1.178447 0.074510
v -1.359006 1.173078 0.079183
v -1.363687 1.178361 0.074503
v -1.363713 1.178027 0.074478
v -1.366869 1.180026 0.080515
v -1.363605 1.180027 0.083779
v -1.363603 1.173077 0.083779
v -1.368231 1.178681 0.079155
v -1.368181 1.178827 0.079205
v -1.363603 1.173077 0.083779
v -1.368181 1.178827 0.079205
v -1.368098 1.179071 0.079287
v -1.363603 1.173077 0.083779
v -1.368000 1.179249 0.079384
v -1.367922 1.179391 0.079462
v -1.363603 1.173077 0.083779
v -1.368307 1.173075 0.079074
v -1.368309 1.178025 0.079074
v -1.368309 1.178025 0.079074
v -1.368299 1.178267 0.079086
v -1.363603 1.173077 0.083779
v -1.368284 1.178358 0.079101
v -1.368231 1.178681 0.079155
v -1.367922 1.179391 0.079462
v -1.367752 1.179598 0.079632
v -1.363603 1.173077 0.083779
v -1.367705 1.179655 0.079680
v -1.367458 1.179852 0.079927
v -1.367458 1.179852 0.079927
v -1.367170 1.179981 0.080214
v -1.363603 1.173077 0.083779
v -1.367110 1.179990 0.080274
v -1.366869 1.180026 0.080515
v -1.343403 1.172795 0.083754
v -1.343445 1.172306 0.083712
v -1.344012 1.172325 0.084168
v -1.343522 1.172018 0.083635
v -1.343641 1.171573 0.083516
v -1.344204 1.171611 0.083976
v -1.343772 1.171306 0.083385
v -1.343956 1.170928 0.083201
v -1.344510 1.170982 0.083669
v -1.344136 1.170702 0.083020
v -1.344370 1.170408 0.082786
v -1.344914 1.170475 0.083265
v -1.344594 1.170242 0.082562
v -1.344861 1.170044 0.082296
v -1.345393 1.170120 0.082787
v -1.345118 1.169954 0.082038
v -1.345399 1.169856 0.081758
v -1.345917 1.169937 0.082262
v -1.345676 1.169856 0.081481
v -1.345953 1.169856 0.081204
v -1.346457 1.169937 0.081722
v -1.346233 1.169954 0.080923
v -1.346491 1.170043 0.080666
v -1.346982 1.170120 0.081198
v -1.346757 1.170241 0.080400
v -1.346981 1.170407 0.080175
v -1.347460 1.170474 0.080720
v -1.347215 1.170701 0.079941
v -1.347396 1.170927 0.079761
v -1.347864 1.170981 0.080315
v -1.347581 1.171305 0.079576
v -1.347711 1.171571 0.079446
v -1.348171 1.171609 0.080008
v -1.348816 1.173082 0.082322
v -1.348723 1.173082 0.082546
v -1.348715 1.172744 0.082583
v -1.347464 1.172746 0.084174
v -1.347421 1.172909 0.084218
v -1.346779 1.172745 0.084520
v -1.348491 1.173082 0.083106
v -1.348418 1.173082 0.083202
v -1.348414 1.172909 0.083225
v -1.347421 1.172909 0.084218
v -1.347464 1.172746 0.084174
v -1.347975 1.173082 0.083779
v -1.348414 1.172909 0.083225
v -1.348418 1.173082 0.083202
v -1.347975 1.173082 0.083779
v -1.347626 1.172487 0.084012
v -1.347534 1.172602 0.084104
v -1.347001 1.172147 0.084298
v -1.346864 1.172427 0.084434
v -1.346204 1.172141 0.084546
v -1.346082 1.172598 0.084669
v -1.345365 1.172475 0.084658
v -1.347975 1.173082 0.083779
v -1.347398 1.173082 0.084222
v -1.347421 1.172909 0.084218
v -1.347302 1.173082 0.084296
v -1.346779 1.172745 0.084520
v -1.346741 1.173082 0.084528
v -1.346518 1.173082 0.084620
v -1.346518 1.173082 0.084620
v -1.346082 1.172598 0.084669
v -1.346779 1.172745 0.084520
v -1.346864 1.172427 0.084434
v -1.347464 1.172746 0.084174
v -1.347534 1.172602 0.084104
v -1.347975 1.173082 0.083779
v -1.347626 1.172487 0.084012
v -1.347975 1.173082 0.083779
v -1.347534 1.172602 0.084104
v -1.348854 1.172473 0.081169
v -1.348879 1.173082 0.081121
v -1.348927 1.173082 0.081481
v -1.348684 1.172381 0.080468
v -1.348723 1.173082 0.080416
v -1.348816 1.173082 0.080640
v -1.347855 1.172364 0.083783
v -1.347736 1.172406 0.083903
v -1.347393 1.171764 0.083905
v -1.347180 1.171922 0.084118
v -1.346659 1.171415 0.084092
v -1.346400 1.171739 0.084350
v -1.345764 1.171398 0.084259
v -1.345518 1.171902 0.084505
v -1.344840 1.171722 0.084311
v -1.344663 1.172382 0.084488
v -1.344012 1.172325 0.084168
v -1.346518 1.173082 0.084620
v -1.346037 1.173082 0.084684
v -1.346082 1.172598 0.084669
v -1.345677 1.173083 0.084731
v -1.345365 1.172475 0.084658
v -1.345316 1.173083 0.084684
v -1.344836 1.173083 0.084620
v -1.344836 1.173083 0.084620
v -1.344663 1.172382 0.084488
v -1.345365 1.172475 0.084658
v -1.345518 1.171902 0.084505
v -1.346204 1.172141 0.084546
v -1.346400 1.171739 0.084350
v -1.347001 1.172147 0.084298
v -1.347180 1.171922 0.084118
v -1.347626 1.172487 0.084012
v -1.347736 1.172406 0.083903
v -1.347975 1.173082 0.083779
v -1.347855 1.172364 0.083783
v -1.347975 1.173082 0.083779
v -1.347736 1.172406 0.083903
v -1.348363 1.172323 0.079817
v -1.348418 1.173082 0.079760
v -1.348491 1.173082 0.079856
v -1.347975 1.173082 0.079183
v -1.348418 1.173082 0.079760
v -1.347950 1.172793 0.079208
v -1.348363 1.172323 0.079817
v -1.347908 1.172304 0.079250
v -1.347831 1.172017 0.079327
v -1.347711 1.171571 0.079446
v -1.347831 1.172017 0.079327
v -1.348171 1.171609 0.080008
v -1.348363 1.172323 0.079817
v -1.348684 1.172381 0.080468
v -1.348491 1.173082 0.079856
v -1.348723 1.173082 0.080416
v -1.347396 1.170927 0.079761
v -1.347581 1.171305 0.079576
v -1.347864 1.170981 0.080315
v -1.348171 1.171609 0.080008
v -1.348507 1.171721 0.080645
v -1.348684 1.172381 0.080468
v -1.348854 1.172473 0.081169
v -1.348816 1.173082 0.080640
v -1.348879 1.173082 0.081121
v -1.346981 1.170407 0.080175
v -1.347215 1.170701 0.079941
v -1.347460 1.170474 0.080720
v -1.347864 1.170981 0.080315
v -1.348223 1.171140 0.080928
v -1.348507 1.171721 0.080645
v -1.348700 1.171901 0.081323
v -1.348854 1.172473 0.081169
v -1.348864 1.172597 0.081886
v -1.348927 1.173082 0.081481
v -1.348879 1.173082 0.081841
v -1.346491 1.170043 0.080666
v -1.346757 1.170241 0.080400
v -1.346982 1.170120 0.081198
v -1.347460 1.170474 0.080720
v -1.347849 1.170672 0.081302
v -1.348223 1.171140 0.080928
v -1.348454 1.171397 0.081569
v -1.348700 1.171901 0.081323
v -1.348742 1.172140 0.082009
v -1.348864 1.172597 0.081886
v -1.348715 1.172744 0.082583
v -1.348879 1.173082 0.081841
v -1.348816 1.173082 0.082322
v -1.345953 1.169856 0.081204
v -1.346233 1.169954 0.080923
v -1.346457 1.169937 0.081722
v -1.346982 1.170120 0.081198
v -1.347407 1.170344 0.081744
v -1.347849 1.170672 0.081302
v -1.348130 1.170991 0.081893
v -1.348454 1.171397 0.081569
v -1.348545 1.171738 0.082205
v -1.348742 1.172140 0.082009
v -1.348630 1.172426 0.082669
v -1.348715 1.172744 0.082583
v -1.348414 1.172909 0.083225
v -1.348723 1.173082 0.082546
v -1.348491 1.173082 0.083106
v -1.345399 1.169856 0.081758
v -1.345676 1.169856 0.081481
v -1.345917 1.169937 0.082262
v -1.346457 1.169937 0.081722
v -1.346922 1.170175 0.082228
v -1.347407 1.170344 0.081744
v -1.347746 1.170706 0.082277
v -1.348130 1.170991 0.081893
v -1.348287 1.171414 0.082464
v -1.348545 1.171738 0.082205
v -1.348493 1.172147 0.082805
v -1.348630 1.172426 0.082669
v -1.348370 1.172746 0.083269
v -1.348414 1.172909 0.083225
v -1.347975 1.173082 0.083779
v -1.344861 1.170044 0.082296
v -1.345118 1.169954 0.082038
v -1.345393 1.170120 0.082787
v -1.345917 1.169937 0.082262
v -1.346423 1.170176 0.082728
v -1.346922 1.170175 0.082228
v -1.347325 1.170560 0.082697
v -1.347746 1.170706 0.082277
v -1.347981 1.171187 0.082770
v -1.348287 1.171414 0.082464
v -1.348313 1.171921 0.082985
v -1.348493 1.172147 0.082805
v -1.348300 1.172602 0.083339
v -1.348370 1.172746 0.083269
v -1.347975 1.173082 0.083779
v -1.344370 1.170408 0.082786
v -1.344594 1.170242 0.082562
v -1.344914 1.170475 0.083265
v -1.345393 1.170120 0.082787
v -1.345939 1.170345 0.083212
v -1.346423 1.170176 0.082728
v -1.346892 1.170560 0.083130
v -1.347325 1.170560 0.082697
v -1.347646 1.171070 0.083105
v -1.347981 1.171187 0.082770
v -1.348100 1.171763 0.083198
v -1.348313 1.171921 0.082985
v -1.348207 1.172487 0.083431
v -1.348300 1.172602 0.083339
v -1.347975 1.173082 0.083779
v -1.343956 1.170928 0.083201
v -1.344136 1.170702 0.083020
v -1.344510 1.170982 0.083669
v -1.344914 1.170475 0.083265
v -1.345497 1.170673 0.083654
v -1.345939 1.170345 0.083212
v -1.346472 1.170707 0.083551
v -1.346892 1.170560 0.083130
v -1.347300 1.171070 0.083450
v -1.347646 1.171070 0.083105
v -1.347867 1.171682 0.083431
v -1.348100 1.171763 0.083198
v -1.348098 1.172406 0.083540
v -1.348207 1.172487 0.083431
v -1.347975 1.173082 0.083779
v -1.343641 1.171573 0.083516
v -1.343772 1.171306 0.083385
v -1.344204 1.171611 0.083976
v -1.344510 1.170982 0.083669
v -1.345123 1.171141 0.084028
v -1.345497 1.170673 0.083654
v -1.346088 1.170991 0.083934
v -1.346472 1.170707 0.083551
v -1.346965 1.171188 0.083786
v -1.347300 1.171070 0.083450
v -1.347627 1.171682 0.083672
v -1.347867 1.171682 0.083431
v -1.347979 1.172364 0.083660
v -1.348098 1.172406 0.083540
v -1.347975 1.173082 0.083779
v -1.343445 1.172306 0.083712
v -1.343522 1.172018 0.083635
v -1.344012 1.172325 0.084168
v -1.344204 1.171611 0.083976
v -1.344840 1.171722 0.084311
v -1.345123 1.171141 0.084028
v -1.345764 1.171398 0.084259
v -1.346088 1.170991 0.083934
v -1.346659 1.171415 0.084092
v -1.346965 1.171188 0.083786
v -1.347393 1.171764 0.083905
v -1.347627 1.171682 0.083672
v -1.347855 1.172364 0.083783
v -1.347979 1.172364 0.083660
v -1.347975 1.173082 0.083779
v -1.343379 1.173083 0.083779
v -1.343403 1.172795 0.083754
v -1.343956 1.173083 0.084222
v -1.344012 1.172325 0.084168
v -1.344052 1.173083 0.084296
v -1.344663 1.172382 0.084488
v -1.344612 1.173083 0.084528
v -1.344836 1.173083 0.084620
v -1.340117 1.180034 0.098075
v -1.343381 1.180033 0.094811
v -1.343379 1.173083 0.094811
v -1.338754 1.178691 0.099434
v -1.338804 1.178837 0.099385
v -1.343379 1.173083 0.094811
v -1.343379 1.173083 0.094811
v -1.338674 1.173085 0.099515
v -1.338675 1.178035 0.099515
v -1.338675 1.178035 0.099515
v -1.338685 1.178277 0.099504
v -1.343379 1.173083 0.094811
v -1.338701 1.178368 0.099489
v -1.338754 1.178691 0.099434
v -1.338804 1.178837 0.099385
v -1.338888 1.179081 0.099302
v -1.343379 1.173083 0.094811
v -1.338985 1.179258 0.099206
v -1.339063 1.179400 0.099128
v -1.339063 1.179400 0.099128
v -1.339234 1.179607 0.098958
v -1.343379 1.173083 0.094811
v -1.339281 1.179664 0.098910
v -1.339528 1.179861 0.098662
v -1.339528 1.179861 0.098662
v -1.339815 1.179990 0.098376
v -1.343379 1.173083 0.094811
v -1.339875 1.179999 0.098315
v -1.340117 1.180034 0.098075
v -1.338685 1.178277 0.099504
v -1.338675 1.178035 0.099515
v -1.338326 1.178035 0.098990
v -1.339911 1.180014 0.080310
v -1.340117 1.180034 0.080515
v -1.340012 1.180034 0.080677
v -1.339610 1.179907 0.080009
v -1.339876 1.180002 0.080274
v -1.339730 1.180006 0.080497
v -1.339911 1.180014 0.080310
v -1.339350 1.179729 0.079749
v -1.339537 1.179857 0.079936
v -1.339332 1.179865 0.080243
v -1.339610 1.179907 0.080009
v -1.339128 1.179491 0.079527
v -1.339234 1.179605 0.079633
v -1.338976 1.179612 0.080015
v -1.339350 1.179729 0.079749
v -1.338933 1.179177 0.079332
v -1.338984 1.179259 0.079383
v -1.338683 1.179264 0.079827
v -1.339128 1.179491 0.079527
v -1.338787 1.178807 0.079186
v -1.338800 1.178840 0.079199
v -1.338470 1.178842 0.079691
v -1.338933 1.179177 0.079332
v -1.338701 1.178369 0.079100
v -1.338707 1.178455 0.079107
v -1.338350 1.178370 0.079615
v -1.338787 1.178807 0.079186
v -1.338675 1.178035 0.079074
v -1.338701 1.178369 0.079100
v -1.338326 1.178035 0.079600
v -1.338350 1.178370 0.079615
v -1.337823 1.178035 0.080485
v -1.337432 1.178370 0.081230
v -1.337406 1.178035 0.081217
v -1.337406 1.178035 0.081217
v -1.337432 1.178370 0.081230
v -1.336687 1.178035 0.082857
v -1.336685 1.178371 0.082931
v -1.336658 1.178035 0.082921
v -1.336118 1.178371 0.084700
v -1.336090 1.178036 0.084693
v -1.335556 1.178036 0.090609
v -1.335516 1.178036 0.090225
v -1.335545 1.178371 0.090224
v -1.335516 1.178036 0.088365
v -1.335545 1.178371 0.088366
v -1.335556 1.178036 0.087981
v -1.335736 1.178371 0.086518
v -1.335708 1.178036 0.086514
v -1.336118 1.178371 0.084700
v -1.335946 1.178036 0.085380
v -1.336090 1.178036 0.084693
v -1.335556 1.178036 0.090609
v -1.335545 1.178371 0.090224
v -1.335708 1.178036 0.092076
v -1.335736 1.178371 0.092072
v -1.335946 1.178036 0.093210
v -1.336118 1.178371 0.093890
v -1.336090 1.178036 0.093897
v -1.336685 1.178371 0.095659
v -1.336658 1.178035 0.095669
v -1.336658 1.178035 0.095669
v -1.336685 1.178371 0.095659
v -1.336687 1.178035 0.095733
v -1.337432 1.178370 0.097360
v -1.337406 1.178035 0.097372
v -1.338701 1.178368 0.099489
v -1.338685 1.178277 0.099504
v -1.338350 1.178370 0.098975
v -1.338326 1.178035 0.098990
v -1.337432 1.178370 0.097360
v -1.337823 1.178035 0.098104
v -1.337406 1.178035 0.097372
v -1.338470 1.178842 0.098898
v -1.338804 1.178837 0.099385
v -1.338754 1.178691 0.099434
v -1.338683 1.179264 0.098762
v -1.338985 1.179258 0.099206
v -1.338888 1.179081 0.099302
v -1.338976 1.179612 0.098575
v -1.339234 1.179607 0.098958
v -1.339063 1.179400 0.099128
v -1.339332 1.179865 0.098347
v -1.339528 1.179861 0.098662
v -1.339281 1.179664 0.098910
v -1.340012 1.180034 0.097913
v -1.340117 1.180034 0.098075
v -1.339875 1.179999 0.098315
v -1.339911 1.180014 0.080310
v -1.340012 1.180034 0.080677
v -1.339730 1.180006 0.080497
v -1.339194 1.180035 0.082115
v -1.338895 1.180007 0.081964
v -1.338530 1.180035 0.083629
v -1.338216 1.180007 0.083511
v -1.338025 1.180035 0.085204
v -1.337701 1.180007 0.085118
v -1.337685 1.180035 0.086823
v -1.337354 1.180007 0.086771
v -1.337514 1.180035 0.088468
v -1.337180 1.180007 0.088451
v -1.337514 1.180035 0.090122
v -1.337180 1.180007 0.090139
v -1.337685 1.180035 0.091767
v -1.337354 1.180007 0.091819
v -1.338025 1.180035 0.093386
v -1.337701 1.180007 0.093471
v -1.338530 1.180035 0.094960
v -1.338216 1.180007 0.095079
v -1.339194 1.180035 0.096475
v -1.338895 1.180007 0.096625
v -1.340012 1.180034 0.097913
v -1.339730 1.180006 0.098093
v -1.339875 1.179999 0.098315
v -1.339815 1.179990 0.098376
v -1.338787 1.178807 0.079186
v -1.338470 1.178842 0.079691
v -1.338350 1.178370 0.079615
v -1.337559 1.178842 0.081293
v -1.337432 1.178370 0.081230
v -1.336818 1.178842 0.082981
v -1.336685 1.178371 0.082931
v -1.336255 1.178842 0.084736
v -1.336118 1.178371 0.084700
v -1.335876 1.178842 0.086540
v -1.335736 1.178371 0.086518
v -1.335686 1.178843 0.088373
v -1.335545 1.178371 0.088366
v -1.335686 1.178843 0.090216
v -1.335545 1.178371 0.090224
v -1.335876 1.178842 0.092050
v -1.335736 1.178371 0.092072
v -1.336255 1.178842 0.093853
v -1.336118 1.178371 0.093890
v -1.336818 1.178842 0.095609
v -1.336685 1.178371 0.095659
v -1.337559 1.178842 0.097296
v -1.337432 1.178370 0.097360
v -1.338470 1.178842 0.098898
v -1.338350 1.178370 0.098975
v -1.338754 1.178691 0.099434
v -1.338701 1.178368 0.099489
v -1.338933 1.179177 0.079332
v -1.338683 1.179264 0.079827
v -1.338470 1.178842 0.079691
v -1.337784 1.179265 0.081407
v -1.337559 1.178842 0.081293
v -1.337054 1.179265 0.083071
v -1.336818 1.178842 0.082981
v -1.336499 1.179265 0.084801
v -1.336255 1.178842 0.084736
v -1.336126 1.179265 0.086579
v -1.335876 1.178842 0.086540
v -1.335939 1.179265 0.088386
v -1.335686 1.178843 0.088373
v -1.335939 1.179265 0.090203
v -1.335686 1.178843 0.090216
v -1.336126 1.179265 0.092011
v -1.335876 1.178842 0.092050
v -1.336499 1.179265 0.093789
v -1.336255 1.178842 0.093853
v -1.337054 1.179265 0.095519
v -1.336818 1.178842 0.095609
v -1.337784 1.179265 0.097183
v -1.337559 1.178842 0.097296
v -1.338683 1.179264 0.098762
v -1.338470 1.178842 0.098898
v -1.338888 1.179081 0.099302
v -1.338804 1.178837 0.099385
v -1.339128 1.179491 0.079527
v -1.338976 1.179612 0.080015
v -1.338683 1.179264 0.079827
v -1.338096 1.179613 0.081563
v -1.337784 1.179265 0.081407
v -1.337380 1.179613 0.083194
v -1.337054 1.179265 0.083071
v -1.336836 1.179613 0.084890
v -1.336499 1.179265 0.084801
v -1.336470 1.179613 0.086633
v -1.336126 1.179265 0.086579
v -1.336286 1.179613 0.088404
v -1.335939 1.179265 0.088386
v -1.336286 1.179613 0.090185
v -1.335939 1.179265 0.090203
v -1.336470 1.179613 0.091957
v -1.336126 1.179265 0.092011
v -1.336836 1.179613 0.093700
v -1.336499 1.179265 0.093789
v -1.337380 1.179613 0.095396
v -1.337054 1.179265 0.095519
v -1.338096 1.179613 0.097027
v -1.337784 1.179265 0.097183
v -1.338976 1.179612 0.098575
v -1.338683 1.179264 0.098762
v -1.339063 1.179400 0.099128
v -1.338985 1.179258 0.099206
v -1.339350 1.179729 0.079749
v -1.339332 1.179865 0.080243
v -1.338976 1.179612 0.080015
v -1.338473 1.179865 0.081753
v -1.338096 1.179613 0.081563
v -1.337775 1.179865 0.083344
v -1.337380 1.179613 0.083194
v -1.337245 1.179865 0.084998
v -1.336836 1.179613 0.084890
v -1.336888 1.179866 0.086698
v -1.336470 1.179613 0.086633
v -1.336709 1.179866 0.088426
v -1.336286 1.179613 0.088404
v -1.336709 1.179866 0.090163
v -1.336286 1.179613 0.090185
v -1.336888 1.179866 0.091891
v -1.336470 1.179613 0.091957
v -1.337245 1.179865 0.093592
v -1.336836 1.179613 0.093700
v -1.337775 1.179865 0.095246
v -1.337380 1.179613 0.095396
v -1.338473 1.179865 0.096837
v -1.338096 1.179613 0.097027
v -1.339332 1.179865 0.098347
v -1.338976 1.179612 0.098575
v -1.339281 1.179664 0.098910
v -1.339234 1.179607 0.098958
v -1.339610 1.179907 0.080009
v -1.339730 1.180006 0.080497
v -1.339332 1.179865 0.080243
v -1.338895 1.180007 0.081964
v -1.338473 1.179865 0.081753
v -1.338216 1.180007 0.083511
v -1.337775 1.179865 0.083344
v -1.337701 1.180007 0.085118
v -1.337245 1.179865 0.084998
v -1.337354 1.180007 0.086771
v -1.336888 1.179866 0.086698
v -1.337180 1.180007 0.088451
v -1.336709 1.179866 0.088426
v -1.337180 1.180007 0.090139
v -1.336709 1.179866 0.090163
v -1.337354 1.180007 0.091819
v -1.336888 1.179866 0.091891
v -1.337701 1.180007 0.093471
v -1.337245 1.179865 0.093592
v -1.338216 1.180007 0.095079
v -1.337775 1.179865 0.095246
v -1.338895 1.180007 0.096625
v -1.338473 1.179865 0.096837
v -1.339730 1.180006 0.098093
v -1.339332 1.179865 0.098347
v -1.339815 1.179990 0.098376
v -1.339528 1.179861 0.098662
v -1.338684 1.172794 0.099533
v -1.338720 1.172362 0.099584
v -1.337799 1.170035 0.098116
v -1.338326 1.178035 0.098990
v -1.338675 1.178035 0.099515
v -1.338674 1.173085 0.099515
v -1.338326 1.178035 0.098990
v -1.338674 1.173085 0.099515
v -1.337799 1.170035 0.098116
v -1.338676 1.172892 0.099521
v -1.338684 1.172794 0.099533
v -1.338720 1.172362 0.099584
v -1.338785 1.172014 0.099675
v -1.337799 1.170035 0.098116
v -1.338815 1.171852 0.099718
v -1.338963 1.171364 0.099923
v -1.339253 1.170035 0.078280
v -1.339254 1.170772 0.078281
v -1.337799 1.170035 0.080474
v -1.339071 1.171104 0.078520
v -1.339071 1.171104 0.078520
v -1.338996 1.171301 0.078623
v -1.337799 1.170035 0.080474
v -1.338892 1.171571 0.078764
v -1.338780 1.172012 0.078919
v -1.338780 1.172012 0.078919
v -1.338772 1.172042 0.078930
v -1.337799 1.170035 0.080474
v -1.338699 1.172537 0.079034
v -1.338687 1.172794 0.079053
v -1.338687 1.172794 0.079053
v -1.338674 1.173085 0.079074
v -1.337799 1.170035 0.080474
v -1.338675 1.178035 0.079074
v -1.338326 1.178035 0.079600
v -1.339993 1.170034 0.077385
v -1.339814 1.170149 0.077591
v -1.339253 1.170035 0.078280
v -1.339723 1.170230 0.077700
v -1.339530 1.170403 0.077931
v -1.339530 1.170403 0.077931
v -1.339309 1.170689 0.078211
v -1.339253 1.170035 0.078280
v -1.339279 1.170728 0.078249
v -1.339254 1.170772 0.078281
v -1.339311 1.170693 0.100382
v -1.339394 1.170563 0.100490
v -1.339253 1.170035 0.100310
v -1.338963 1.171364 0.099923
v -1.338993 1.171298 0.099963
v -1.337799 1.170035 0.098116
v -1.339160 1.170925 0.100190
v -1.339253 1.170035 0.100310
v -1.339254 1.170781 0.100310
v -1.339311 1.170693 0.100382
v -1.339394 1.170563 0.100490
v -1.339665 1.170270 0.100822
v -1.339253 1.170035 0.100310
v -1.339722 1.170229 0.100888
v -1.339993 1.170034 0.101204
v -1.336687 1.178035 0.082857
v -1.336681 1.170035 0.082856
v -1.337406 1.178035 0.081217
v -1.337799 1.170035 0.080474
v -1.337823 1.178035 0.080485
v -1.338326 1.178035 0.079600
v -1.336687 1.178035 0.082857
v -1.336658 1.178035 0.082921
v -1.336681 1.170035 0.082856
v -1.336090 1.178036 0.084693
v -1.335922 1.170036 0.085375
v -1.335556 1.178036 0.087981
v -1.335538 1.170036 0.087979
v -1.335708 1.178036 0.086514
v -1.335922 1.170036 0.085375
v -1.335946 1.178036 0.085380
v -1.336090 1.178036 0.084693
v -1.335556 1.178036 0.087981
v -1.335516 1.178036 0.088365
v -1.335538 1.170036 0.087979
v -1.335516 1.178036 0.090225
v -1.335538 1.170036 0.090611
v -1.335946 1.178036 0.093210
v -1.335922 1.170036 0.093214
v -1.335708 1.178036 0.092076
v -1.335538 1.170036 0.090611
v -1.335556 1.178036 0.090609
v -1.335516 1.178036 0.090225
v -1.335946 1.178036 0.093210
v -1.336090 1.178036 0.093897
v -1.335922 1.170036 0.093214
v -1.336658 1.178035 0.095669
v -1.336681 1.170035 0.095734
v -1.336658 1.178035 0.095669
v -1.336687 1.178035 0.095733
v -1.336681 1.170035 0.095734
v -1.337406 1.178035 0.097372
v -1.337799 1.170035 0.098116
v -1.337823 1.178035 0.098104
v -1.338326 1.178035 0.098990
v -1.342444 1.170727 0.103506
v -1.342406 1.170688 0.103476
v -1.347215 1.170701 0.098648
v -1.341580 1.170034 0.102792
v -1.341403 1.170034 0.102969
v -1.341338 1.170005 0.102911
v -1.346757 1.170241 0.098190
v -1.341786 1.170148 0.102970
v -1.346491 1.170043 0.097924
v -1.341580 1.170034 0.102792
v -1.346233 1.169954 0.097666
v -1.341338 1.170005 0.102911
v -1.347215 1.170701 0.098648
v -1.342406 1.170688 0.103476
v -1.346981 1.170407 0.098414
v -1.342126 1.170402 0.103255
v -1.346757 1.170241 0.098190
v -1.341895 1.170229 0.103061
v -1.341786 1.170148 0.102970
v -1.343249 1.172793 0.104098
v -1.343230 1.172536 0.104086
v -1.347908 1.172304 0.099340
v -1.347908 1.172304 0.099340
v -1.343230 1.172536 0.104086
v -1.347831 1.172017 0.099263
v -1.343230 1.172536 0.104086
v -1.343125 1.172041 0.104013
v -1.347831 1.172017 0.099263
v -1.343115 1.172011 0.104005
v -1.347711 1.171571 0.099144
v -1.342959 1.171570 0.103893
v -1.347581 1.171305 0.099013
v -1.342818 1.171299 0.103789
v -1.347396 1.170927 0.098829
v -1.342715 1.171103 0.103714
v -1.347215 1.170701 0.098648
v -1.342476 1.170771 0.103530
v -1.342444 1.170727 0.103506
v -1.347908 1.172304 0.099340
v -1.347950 1.172793 0.099382
v -1.343249 1.172793 0.104098
v -1.347975 1.173082 0.099407
v -1.343270 1.173083 0.104112
v -1.343522 1.172018 0.094955
v -1.338720 1.172362 0.099584
v -1.343445 1.172306 0.094877
v -1.338684 1.172794 0.099533
v -1.343403 1.172795 0.094835
v -1.338676 1.172892 0.099521
v -1.343379 1.173083 0.094811
v -1.338674 1.173085 0.099515
v -1.343772 1.171306 0.095204
v -1.338963 1.171364 0.099923
v -1.343641 1.171573 0.095074
v -1.338815 1.171852 0.099718
v -1.343522 1.172018 0.094955
v -1.338785 1.172014 0.099675
v -1.338720 1.172362 0.099584
v -1.344136 1.170702 0.095569
v -1.339254 1.170781 0.100310
v -1.343956 1.170928 0.095389
v -1.339160 1.170925 0.100190
v -1.343772 1.171306 0.095204
v -1.338993 1.171298 0.099963
v -1.338963 1.171364 0.099923
v -1.345118 1.169954 0.096551
v -1.339993 1.170034 0.101204
v -1.344861 1.170044 0.096294
v -1.339722 1.170229 0.100888
v -1.344594 1.170242 0.096027
v -1.339665 1.170270 0.100822
v -1.344370 1.170408 0.095803
v -1.339394 1.170563 0.100490
v -1.344136 1.170702 0.095569
v -1.339311 1.170693 0.100382
v -1.339254 1.170781 0.100310
v -1.339816 1.170035 0.101381
v -1.339993 1.170034 0.101204
v -1.340039 1.169946 0.101627
v -1.345118 1.169954 0.096551
v -1.340189 1.169886 0.101791
v -1.345399 1.169856 0.096832
v -1.340567 1.169834 0.102181
v -1.345676 1.169856 0.097109
v -1.341338 1.170005 0.102911
v -1.341158 1.169944 0.102746
v -1.346233 1.169954 0.097666
v -1.340957 1.169876 0.102561
v -1.345953 1.169856 0.097386
v -1.340824 1.169861 0.102432
v -1.345676 1.169856 0.097109
v -1.340585 1.169836 0.102199
v -1.340567 1.169834 0.102181
v -1.340588 1.176376 0.102198
v -1.340825 1.176363 0.102433
v -1.340825 1.177734 0.102433
v -1.367488 1.170319 0.077588
v -1.367655 1.170474 0.077788
v -1.368710 1.170025 0.079225
v -1.367893 1.170790 0.078087
v -1.367915 1.170830 0.078116
v -1.367915 1.170830 0.078116
v -1.368100 1.171171 0.078358
v -1.368710 1.170025 0.079225
v -1.368227 1.171504 0.078530
v -1.368265 1.171604 0.078582
v -1.368265 1.171604 0.078582
v -1.368387 1.172085 0.078752
v -1.368710 1.170025 0.079225
v -1.368417 1.172286 0.078794
v -1.368461 1.172581 0.078856
v -1.368487 1.173125 0.078895
v -1.368482 1.173376 0.078886
v -1.368713 1.177725 0.079225
v -1.368435 1.173887 0.078819
v -1.368420 1.173965 0.078798
v -1.368420 1.173965 0.078798
v -1.368341 1.174376 0.078687
v -1.368713 1.177725 0.079225
v -1.368226 1.174746 0.078528
v -1.368185 1.174878 0.078471
v -1.368185 1.174878 0.078471
v -1.367987 1.175306 0.078207
v -1.368713 1.177725 0.079225
v -1.367914 1.175417 0.078114
v -1.367750 1.175665 0.077904
v -1.367173 1.176171 0.077217
v -1.367084 1.177726 0.077116
v -1.367480 1.175953 0.077574
v -1.368713 1.177725 0.079225
v -1.367493 1.175938 0.077590
v -1.367750 1.175665 0.077904
v -1.368461 1.172581 0.078856
v -1.368487 1.173125 0.078895
v -1.368710 1.170025 0.079225
v -1.368713 1.177725 0.079225
v -1.370014 1.170025 0.081549
v -1.370017 1.177725 0.081549
v -1.370966 1.170024 0.084037
v -1.370968 1.177724 0.084037
v -1.371545 1.170024 0.086638
v -1.371548 1.177724 0.086638
v -1.371740 1.170024 0.089295
v -1.371742 1.177724 0.089295
v -1.371545 1.170024 0.091952
v -1.371548 1.177724 0.091952
v -1.370966 1.170024 0.094553
v -1.370968 1.177724 0.094553
v -1.370014 1.170025 0.097041
v -1.370017 1.177725 0.097041
v -1.368710 1.170025 0.099365
v -1.368713 1.177725 0.099365
v -1.367164 1.170025 0.101381
v -1.367084 1.177726 0.101473
v -1.367106 1.169997 0.101446
v -1.367081 1.169988 0.101473
v -1.365822 1.169937 0.102745
v -1.365985 1.169878 0.102596
v -1.367084 1.177726 0.101473
v -1.366376 1.169826 0.102218
v -1.366394 1.169828 0.102199
v -1.366394 1.169828 0.102199
v -1.366756 1.169867 0.101827
v -1.367084 1.177726 0.101473
v -1.366940 1.169935 0.101627
v -1.367081 1.169988 0.101473
v -1.345147 1.177733 0.105525
v -1.345145 1.170033 0.105525
v -1.347600 1.177732 0.106567
v -1.347597 1.170032 0.106567
v -1.350177 1.177731 0.107241
v -1.350175 1.170031 0.107241
v -1.352826 1.177730 0.107533
v -1.352823 1.170030 0.107533
v -1.355488 1.177729 0.107435
v -1.355486 1.170029 0.107435
v -1.358108 1.177729 0.106951
v -1.358106 1.170028 0.106951
v -1.360630 1.177728 0.106091
v -1.360627 1.170028 0.106091
v -1.362999 1.177727 0.104873
v -1.362997 1.170027 0.104873
v -1.365166 1.177726 0.103323
v -1.365164 1.170026 0.103323
v -1.367084 1.177726 0.101473
v -1.365576 1.170026 0.102969
v -1.365822 1.169937 0.102745
v -1.342873 1.177734 0.104137
v -1.342872 1.174389 0.104137
v -1.345147 1.177733 0.105525
v -1.342948 1.174174 0.104192
v -1.343082 1.172882 0.104286
v -1.343014 1.172371 0.104239
v -1.345145 1.170033 0.105525
v -1.342948 1.174174 0.104192
v -1.342991 1.173972 0.104222
v -1.345147 1.177733 0.105525
v -1.343052 1.173678 0.104265
v -1.345145 1.170033 0.105525
v -1.343090 1.173133 0.104291
v -1.343082 1.172882 0.104286
v -1.342723 1.171513 0.104030
v -1.342666 1.171381 0.103989
v -1.342871 1.170033 0.104137
v -1.343014 1.172371 0.104239
v -1.342993 1.172294 0.104224
v -1.345145 1.170033 0.105525
v -1.342882 1.171883 0.104145
v -1.342871 1.170033 0.104137
v -1.342871 1.171858 0.104137
v -1.342723 1.171513 0.104030
v -1.342666 1.171381 0.103989
v -1.342402 1.170953 0.103791
v -1.342871 1.170033 0.104137
v -1.342309 1.170842 0.103717
v -1.342099 1.170594 0.103553
v -1.342099 1.170594 0.103553
v -1.341785 1.170321 0.103296
v -1.342871 1.170033 0.104137
v -1.341768 1.170307 0.103283
v -1.341403 1.170034 0.102969
v -1.341412 1.170088 0.102976
v -1.341338 1.170005 0.102911
v -1.340185 1.169934 0.101787
v -1.340257 1.169919 0.101862
v -1.340007 1.170005 0.101591
v -1.339816 1.170035 0.101381
v -1.339890 1.170046 0.101465
v -1.339579 1.170243 0.101108
v -1.339816 1.170035 0.101381
v -1.339579 1.170243 0.101108
v -1.339045 1.170035 0.100449
v -1.339491 1.170328 0.101002
v -1.339281 1.170534 0.100748
v -1.340567 1.169834 0.102181
v -1.340585 1.169836 0.102199
v -1.340585 1.169887 0.102199
v -1.341338 1.170005 0.102911
v -1.341412 1.170088 0.102976
v -1.341158 1.169944 0.102746
v -1.341192 1.170007 0.102777
v -1.340957 1.169876 0.102561
v -1.341006 1.169937 0.102607
v -1.340824 1.169861 0.102432
v -1.340824 1.169913 0.102432
v -1.340585 1.169836 0.102199
v -1.340615 1.169885 0.102230
v -1.340585 1.169887 0.102199
v -1.340039 1.169946 0.101627
v -1.340185 1.169934 0.101787
v -1.339816 1.170035 0.101381
v -1.340007 1.170005 0.101591
v -1.339890 1.170046 0.101465
v -1.340039 1.169946 0.101627
v -1.340189 1.169886 0.101791
v -1.340185 1.169934 0.101787
v -1.340567 1.169834 0.102181
v -1.340257 1.169919 0.101862
v -1.340585 1.169887 0.102199
v -1.339281 1.170534 0.100748
v -1.339065 1.170840 0.100474
v -1.339045 1.170035 0.100449
v -1.339045 1.170869 0.100449
v -1.337575 1.170035 0.098227
v -1.339034 1.170885 0.100434
v -1.338841 1.171269 0.100180
v -1.338841 1.171269 0.100180
v -1.338755 1.171515 0.100062
v -1.337575 1.170035 0.098227
v -1.338683 1.171722 0.099963
v -1.338569 1.172225 0.099803
v -1.338569 1.172225 0.099803
v -1.338561 1.172295 0.099792
v -1.337575 1.170035 0.098227
v -1.338505 1.172781 0.099711
v -1.338499 1.173135 0.099703
v -1.338497 1.173306 0.099699
v -1.338536 1.173817 0.099756
v -1.337577 1.177735 0.098227
v -1.338536 1.173817 0.099756
v -1.338564 1.173974 0.099794
v -1.337577 1.177735 0.098227
v -1.338623 1.174310 0.099878
v -1.338751 1.174760 0.100056
v -1.340603 1.169834 0.076372
v -1.340585 1.169836 0.076390
v -1.340825 1.177734 0.076157
v -1.340223 1.169876 0.076762
v -1.340039 1.169944 0.076963
v -1.338499 1.173135 0.099703
v -1.338497 1.173306 0.099699
v -1.337575 1.170035 0.098227
v -1.337577 1.177735 0.098227
v -1.336444 1.170036 0.095814
v -1.336446 1.177736 0.095814
v -1.335676 1.170036 0.093263
v -1.335679 1.177736 0.093263
v -1.335288 1.170036 0.090627
v -1.335291 1.177736 0.090627
v -1.335288 1.170036 0.087963
v -1.335291 1.177736 0.087963
v -1.335676 1.170036 0.085327
v -1.335679 1.177736 0.085327
v -1.336444 1.170036 0.082775
v -1.336446 1.177736 0.082775
v -1.337575 1.170035 0.080363
v -1.337577 1.177735 0.080363
v -1.339045 1.170035 0.078141
v -1.339047 1.177735 0.078141
v -1.339816 1.170035 0.077208
v -1.340825 1.177734 0.076157
v -1.339873 1.170006 0.077143
v -1.340039 1.169944 0.076963
v -1.341158 1.169945 0.075845
v -1.340994 1.169886 0.075994
v -1.340825 1.177734 0.076157
v -1.340824 1.169864 0.076158
v -1.340603 1.169834 0.076372
v -1.364671 1.175421 0.074870
v -1.364630 1.175376 0.074839
v -1.362999 1.177727 0.073717
v -1.364376 1.174992 0.074646
v -1.364258 1.174746 0.074560
v -1.364258 1.174746 0.074560
v -1.364159 1.174539 0.074488
v -1.362999 1.177727 0.073717
v -1.363999 1.174036 0.074374
v -1.363988 1.173967 0.074366
v -1.363899 1.173126 0.074304
v -1.363895 1.172956 0.074301
v -1.362997 1.170027 0.073717
v -1.363899 1.173126 0.074304
v -1.362997 1.170027 0.073717
v -1.363907 1.173481 0.074309
v -1.363988 1.173967 0.074366
v -1.363907 1.173481 0.074309
v -1.362999 1.177727 0.073717
v -1.362997 1.170027 0.073717
v -1.360630 1.177728 0.072499
v -1.360627 1.170028 0.072499
v -1.358108 1.177729 0.071638
v -1.358106 1.170028 0.071638
v -1.355488 1.177729 0.071154
v -1.355486 1.170029 0.071154
v -1.352826 1.177730 0.071057
v -1.352823 1.170030 0.071057
v -1.350177 1.177731 0.071348
v -1.350175 1.170031 0.071348
v -1.347600 1.177732 0.072022
v -1.347597 1.170032 0.072022
v -1.345147 1.177733 0.073064
v -1.345145 1.170033 0.073064
v -1.342873 1.177734 0.074452
v -1.342871 1.170033 0.074452
v -1.340825 1.177734 0.076157
v -1.341403 1.170034 0.075621
v -1.341158 1.169945 0.075845
v -1.363895 1.172956 0.074301
v -1.363951 1.172445 0.074340
v -1.362997 1.170027 0.073717
v -1.363990 1.172288 0.074368
v -1.364073 1.171952 0.074427
v -1.364073 1.171952 0.074427
v -1.364251 1.171502 0.074555
v -1.362997 1.170027 0.073717
v -1.364255 1.171492 0.074558
v -1.364522 1.171025 0.074757
v -1.364522 1.171025 0.074757
v -1.364672 1.170836 0.074873
v -1.362997 1.170027 0.073717
v -1.364823 1.170646 0.074991
v -1.365164 1.170026 0.075267
v -1.365152 1.170344 0.075257
v -1.365164 1.170336 0.075267
v -1.367488 1.170319 0.077588
v -1.368710 1.170025 0.079225
v -1.367374 1.170213 0.077450
v -1.367164 1.170025 0.077208
v -1.367081 1.170040 0.077117
v -1.367081 1.169993 0.077117
v -1.367028 1.170008 0.077057
v -1.366664 1.169899 0.076665
v -1.366412 1.169826 0.076408
v -1.366393 1.169883 0.076391
v -1.366394 1.169828 0.076391
v -1.366302 1.169878 0.076298
v -1.366022 1.169867 0.076029
v -1.365905 1.169948 0.075919
v -1.365821 1.169936 0.075844
v -1.365787 1.169997 0.075812
v -1.365641 1.169997 0.075678
v -1.365501 1.170115 0.075555
v -1.367028 1.170008 0.077057
v -1.367081 1.169993 0.077117
v -1.366974 1.169992 0.076999
v -1.366940 1.169937 0.076963
v -1.366664 1.169899 0.076665
v -1.366791 1.169878 0.076799
v -1.366412 1.169826 0.076408
v -1.365164 1.170336 0.075267
v -1.365195 1.170316 0.075294
v -1.365164 1.170026 0.075267
v -1.365501 1.170115 0.075555
v -1.365576 1.170026 0.075621
v -1.365641 1.169997 0.075678
v -1.341254 1.176251 0.102833
v -1.342873 1.177734 0.104137
v -1.341195 1.176268 0.102779
v -1.340825 1.177734 0.102433
v -1.340862 1.176361 0.102469
v -1.340825 1.176363 0.102433
v -1.341254 1.176251 0.102833
v -1.341647 1.176046 0.103179
v -1.342873 1.177734 0.104137
v -1.341784 1.175940 0.103293
v -1.341984 1.175785 0.103460
v -1.341984 1.175785 0.103460
v -1.342284 1.175469 0.103698
v -1.342873 1.177734 0.104137
v -1.342312 1.175429 0.103720
v -1.342554 1.175088 0.103904
v -1.342554 1.175088 0.103904
v -1.342726 1.174755 0.104031
v -1.342873 1.177734 0.104137
v -1.342778 1.174654 0.104070
v -1.342872 1.174389 0.104137
v -1.339070 1.175425 0.100477
v -1.339187 1.175615 0.100628
v -1.339047 1.177735 0.100449
v -1.338751 1.174760 0.100056
v -1.338754 1.174769 0.100059
v -1.337577 1.177735 0.098227
v -1.338953 1.175236 0.100327
v -1.339047 1.177735 0.100449
v -1.339047 1.175388 0.100448
v -1.339070 1.175425 0.100477
v -1.339187 1.175615 0.100628
v -1.339454 1.175917 0.100957
v -1.339047 1.177735 0.100449
v -1.339491 1.175945 0.101000
v -1.339752 1.176146 0.101306
v -1.339752 1.176146 0.101306
v -1.340009 1.176264 0.101592
v -1.339047 1.177735 0.100449
v -1.340116 1.176313 0.101710
v -1.340825 1.177734 0.102433
v -1.340495 1.176382 0.102107
v -1.340588 1.176376 0.102198
v -1.367173 1.176171 0.077217
v -1.367083 1.176208 0.077117
v -1.367084 1.177726 0.077116
v -1.366974 1.176253 0.076998
v -1.366804 1.176322 0.076811
v -1.366059 1.176342 0.076062
v -1.365166 1.177726 0.075267
v -1.366396 1.176373 0.076391
v -1.367084 1.177726 0.077116
v -1.366427 1.176376 0.076421
v -1.366804 1.176322 0.076811
v -1.366059 1.176342 0.076062
v -1.365788 1.176255 0.075812
v -1.365166 1.177726 0.075267
v -1.365662 1.176215 0.075695
v -1.365305 1.176018 0.075384
v -1.365305 1.176018 0.075384
v -1.365199 1.175933 0.075297
v -1.365166 1.177726 0.075267
v -1.365165 1.175905 0.075268
v -1.362999 1.177727 0.073717
v -1.364944 1.175727 0.075086
v -1.364671 1.175421 0.074870
v -1.364536 1.170720 0.075084
v -1.364574 1.170681 0.075114
v -1.359764 1.170696 0.079941
v -1.360222 1.170237 0.080400
v -1.365193 1.170140 0.075620
v -1.360489 1.170039 0.080666
v -1.365399 1.170026 0.075798
v -1.360746 1.169949 0.080923
v -1.365399 1.170026 0.075798
v -1.365576 1.170026 0.075621
v -1.365641 1.169997 0.075678
v -1.359764 1.170696 0.079941
v -1.364574 1.170681 0.075114
v -1.359998 1.170403 0.080175
v -1.364854 1.170394 0.075335
v -1.360222 1.170237 0.080400
v -1.365084 1.170222 0.075528
v -1.365193 1.170140 0.075620
v -1.363732 1.172786 0.074492
v -1.363751 1.172529 0.074504
v -1.359073 1.172300 0.079250
v -1.359073 1.172300 0.079250
v -1.363751 1.172529 0.074504
v -1.359150 1.172013 0.079327
v -1.363751 1.172529 0.074504
v -1.363855 1.172034 0.074577
v -1.359150 1.172013 0.079327
v -1.363866 1.172004 0.074584
v -1.359269 1.171568 0.079446
v -1.364021 1.171563 0.074696
v -1.359399 1.171301 0.079576
v -1.364162 1.171292 0.074800
v -1.359584 1.170923 0.079761
v -1.364264 1.171096 0.074876
v -1.359764 1.170696 0.079941
v -1.364504 1.170764 0.075059
v -1.364536 1.170720 0.075084
v -1.359073 1.172300 0.079250
v -1.359031 1.172789 0.079208
v -1.363732 1.172786 0.074492
v -1.359006 1.173078 0.079183
v -1.363711 1.173077 0.074478
v -1.363458 1.172011 0.083635
v -1.368261 1.172353 0.079005
v -1.363536 1.172299 0.083712
v -1.368297 1.172785 0.079057
v -1.363578 1.172788 0.083754
v -1.368305 1.172883 0.079069
v -1.363603 1.173077 0.083779
v -1.368307 1.173075 0.079074
v -1.363208 1.171299 0.083386
v -1.368017 1.171354 0.078667
v -1.363339 1.171566 0.083516
v -1.368165 1.171842 0.078872
v -1.363458 1.172011 0.083635
v -1.368196 1.172005 0.078915
v -1.368261 1.172353 0.079005
v -1.362843 1.170695 0.083020
v -1.367726 1.170771 0.078280
v -1.363024 1.170922 0.083201
v -1.367819 1.170916 0.078400
v -1.363208 1.171299 0.083386
v -1.367987 1.171288 0.078627
v -1.368017 1.171354 0.078667
v -1.361861 1.169949 0.082038
v -1.367081 1.169993 0.077117
v -1.366987 1.170026 0.077385
v -1.367164 1.170025 0.077208
v -1.361861 1.169949 0.082038
v -1.366987 1.170026 0.077385
v -1.362118 1.170038 0.082296
v -1.367257 1.170220 0.077701
v -1.362385 1.170236 0.082562
v -1.367314 1.170261 0.077768
v -1.362609 1.170402 0.082786
v -1.367585 1.170554 0.078100
v -1.362843 1.170695 0.083020
v -1.367669 1.170683 0.078207
v -1.367726 1.170771 0.078280
v -1.361303 1.169851 0.081481
v -1.366412 1.169826 0.076408
v -1.361580 1.169851 0.081758
v -1.366791 1.169878 0.076799
v -1.361861 1.169949 0.082038
v -1.366940 1.169937 0.076963
v -1.367081 1.169993 0.077117
v -1.365399 1.170026 0.075798
v -1.365641 1.169997 0.075678
v -1.360746 1.169949 0.080923
v -1.365821 1.169936 0.075844
v -1.361026 1.169851 0.081204
v -1.366022 1.169867 0.076029
v -1.361303 1.169851 0.081481
v -1.366394 1.169828 0.076391
v -1.366412 1.169826 0.076408
v -1.367669 1.170683 0.078207
v -1.367585 1.170554 0.078100
v -1.367726 1.170025 0.078280
v -1.367585 1.170554 0.078100
v -1.367314 1.170261 0.077768
v -1.367726 1.170025 0.078280
v -1.367257 1.170220 0.077701
v -1.366987 1.170026 0.077385
v -1.368297 1.172785 0.079057
v -1.368261 1.172353 0.079005
v -1.369180 1.170025 0.080474
v -1.368658 1.178025 0.079600
v -1.368309 1.178025 0.079074
v -1.368307 1.173075 0.079074
v -1.368658 1.178025 0.079600
v -1.368307 1.173075 0.079074
v -1.369180 1.170025 0.080474
v -1.368305 1.172883 0.079069
v -1.368297 1.172785 0.079057
v -1.368261 1.172353 0.079005
v -1.368196 1.172005 0.078915
v -1.369180 1.170025 0.080474
v -1.368165 1.171842 0.078872
v -1.368017 1.171354 0.078667
v -1.368017 1.171354 0.078667
v -1.367987 1.171288 0.078627
v -1.369180 1.170025 0.080474
v -1.367819 1.170916 0.078400
v -1.367726 1.170025 0.078280
v -1.367726 1.170771 0.078280
v -1.367669 1.170683 0.078207
v -1.367726 1.170025 0.100310
v -1.367725 1.170763 0.100309
v -1.369180 1.170025 0.098116
v -1.367909 1.171095 0.100069
v -1.367909 1.171095 0.100069
v -1.367984 1.171291 0.099967
v -1.369180 1.170025 0.098116
v -1.368089 1.171562 0.099826
v -1.368201 1.172003 0.099670
v -1.368201 1.172003 0.099670
v -1.368208 1.172032 0.099660
v -1.369180 1.170025 0.098116
v -1.368281 1.172528 0.099555
v -1.368294 1.172785 0.099537
v -1.368294 1.172785 0.099537
v -1.368307 1.173075 0.099515
v -1.369180 1.170025 0.098116
v -1.368309 1.178025 0.099515
v -1.368658 1.178025 0.098990
v -1.366987 1.170026 0.101204
v -1.367165 1.170140 0.100999
v -1.367726 1.170025 0.100310
v -1.367256 1.170221 0.100890
v -1.367450 1.170393 0.100659
v -1.367450 1.170393 0.100659
v -1.367671 1.170680 0.100379
v -1.367726 1.170025 0.100310
v -1.367701 1.170718 0.100341
v -1.367725 1.170763 0.100309
v -1.370298 1.178024 0.095733
v -1.370298 1.170025 0.095734
v -1.369578 1.178025 0.097372
v -1.369180 1.170025 0.098116
v -1.369162 1.178025 0.098104
v -1.368658 1.178025 0.098990
v -1.370298 1.178024 0.095733
v -1.370326 1.178024 0.095669
v -1.370298 1.170025 0.095734
v -1.370894 1.178024 0.093897
v -1.371058 1.170024 0.093214
v -1.371428 1.178024 0.090609
v -1.371441 1.170024 0.090611
v -1.371276 1.178024 0.092076
v -1.371058 1.170024 0.093214
v -1.371038 1.178024 0.093210
v -1.370894 1.178024 0.093897
v -1.371428 1.178024 0.090609
v -1.371468 1.178024 0.090225
v -1.371441 1.170024 0.090611
v -1.371468 1.178024 0.088365
v -1.371441 1.170024 0.087979
v -1.371038 1.178024 0.085380
v -1.371058 1.170024 0.085375
v -1.371276 1.178024 0.086514
v -1.371441 1.170024 0.087979
v -1.371428 1.178024 0.087981
v -1.371468 1.178024 0.088365
v -1.371038 1.178024 0.085380
v -1.370894 1.178024 0.084693
v -1.371058 1.170024 0.085375
v -1.370326 1.178024 0.082921
v -1.370298 1.170025 0.082856
v -1.370326 1.178024 0.082921
v -1.370298 1.178024 0.082857
v -1.370298 1.170025 0.082856
v -1.369578 1.178025 0.081217
v -1.369180 1.170025 0.080474
v -1.369162 1.178025 0.080485
v -1.368658 1.178025 0.079600
v -1.368299 1.178267 0.079086
v -1.368309 1.178025 0.079074
v -1.368658 1.178025 0.079600
v -1.368515 1.178832 0.079691
v -1.368181 1.178827 0.079205
v -1.368231 1.178681 0.079155
v -1.368303 1.179255 0.079827
v -1.368000 1.179249 0.079384
v -1.368098 1.179071 0.079287
v -1.368009 1.179603 0.080015
v -1.367752 1.179598 0.079632
v -1.367922 1.179391 0.079462
v -1.367653 1.179855 0.080243
v -1.367458 1.179852 0.079927
v -1.367705 1.179655 0.079680
v -1.367256 1.179997 0.080497
v -1.367110 1.179990 0.080274
v -1.367170 1.179981 0.080214
v -1.366974 1.180026 0.080677
v -1.366869 1.180026 0.080515
v -1.367110 1.179990 0.080274
v -1.367376 1.179898 0.098581
v -1.367110 1.179993 0.098315
v -1.367256 1.179997 0.098093
v -1.367075 1.180005 0.098280
v -1.367110 1.179990 0.080274
v -1.367256 1.179997 0.080497
v -1.366974 1.180026 0.080677
v -1.368091 1.179997 0.081964
v -1.367791 1.180025 0.082115
v -1.368770 1.179997 0.083511
v -1.368456 1.180025 0.083629
v -1.369285 1.179996 0.085118
v -1.368961 1.180025 0.085204
v -1.369632 1.179996 0.086771
v -1.369301 1.180025 0.086823
v -1.369806 1.179996 0.088451
v -1.369472 1.180025 0.088468
v -1.369806 1.179996 0.090139
v -1.369472 1.180025 0.090122
v -1.369632 1.179996 0.091819
v -1.369301 1.180025 0.091767
v -1.369285 1.179996 0.093471
v -1.368961 1.180025 0.093386
v -1.368770 1.179997 0.095079
v -1.368456 1.180025 0.094960
v -1.368091 1.179997 0.096625
v -1.367791 1.180025 0.096475
v -1.367256 1.179997 0.098093
v -1.366974 1.180026 0.097913
v -1.367075 1.180005 0.098280
v -1.366869 1.180026 0.098075
v -1.367635 1.179720 0.098840
v -1.367448 1.179848 0.098653
v -1.367653 1.179855 0.098347
v -1.367376 1.179898 0.098581
v -1.367857 1.179481 0.099063
v -1.367751 1.179595 0.098957
v -1.368009 1.179603 0.098575
v -1.367635 1.179720 0.098840
v -1.368052 1.179168 0.099257
v -1.368001 1.179249 0.099207
v -1.368303 1.179255 0.098762
v -1.367857 1.179481 0.099063
v -1.368198 1.178797 0.099403
v -1.368185 1.178830 0.099390
v -1.368515 1.178832 0.098898
v -1.368052 1.179168 0.099257
v -1.368284 1.178359 0.099489
v -1.368278 1.178446 0.099483
v -1.368634 1.178360 0.098975
v -1.368198 1.178797 0.099403
v -1.368309 1.178025 0.099515
v -1.368284 1.178359 0.099489
v -1.368658 1.178025 0.098990
v -1.368634 1.178360 0.098975
v -1.369162 1.178025 0.098104
v -1.369553 1.178360 0.097360
v -1.369578 1.178025 0.097372
v -1.369578 1.178025 0.097372
v -1.369553 1.178360 0.097360
v -1.370298 1.178024 0.095733
v -1.370300 1.178360 0.095659
v -1.370326 1.178024 0.095669
v -1.370867 1.178359 0.093890
v -1.370894 1.178024 0.093897
v -1.371428 1.178024 0.087981
v -1.371468 1.178024 0.088365
v -1.371440 1.178359 0.088366
v -1.371468 1.178024 0.090225
v -1.371440 1.178359 0.090224
v -1.371428 1.178024 0.090609
v -1.371248 1.178359 0.092072
v -1.371276 1.178024 0.092076
v -1.370867 1.178359 0.093890
v -1.371038 1.178024 0.093210
v -1.370894 1.178024 0.093897
v -1.371428 1.178024 0.087981
v -1.371440 1.178359 0.088366
v -1.371276 1.178024 0.086514
v -1.371248 1.178359 0.086518
v -1.371038 1.178024 0.085380
v -1.370867 1.178359 0.084700
v -1.370894 1.178024 0.084693
v -1.370300 1.178360 0.082931
v -1.370326 1.178024 0.082921
v -1.370326 1.178024 0.082921
v -1.370300 1.178360 0.082931
v -1.370298 1.178024 0.082857
v -1.369553 1.178360 0.081230
v -1.369578 1.178025 0.081217
v -1.368284 1.178358 0.079101
v -1.368299 1.178267 0.079086
v -1.368634 1.178360 0.079615
v -1.368658 1.178025 0.079600
v -1.369553 1.178360 0.081230
v -1.369162 1.178025 0.080485
v -1.369578 1.178025 0.081217
v -1.368198 1.178797 0.099403
v -1.368515 1.178832 0.098898
v -1.368634 1.178360 0.098975
v -1.369426 1.178831 0.097296
v -1.369553 1.178360 0.097360
v -1.370167 1.178831 0.095609
v -1.370300 1.178360 0.095659
v -1.370730 1.178831 0.093853
v -1.370867 1.178359 0.093890
v -1.371109 1.178831 0.092050
v -1.371248 1.178359 0.092072
v -1.371299 1.178831 0.090216
v -1.371440 1.178359 0.090224
v -1.371299 1.178831 0.088373
v -1.371440 1.178359 0.088366
v -1.371109 1.178831 0.086540
v -1.371248 1.178359 0.086518
v -1.370730 1.178831 0.084736
v -1.370867 1.178359 0.084700
v -1.370167 1.178831 0.082981
v -1.370300 1.178360 0.082931
v -1.369426 1.178831 0.081294
v -1.369553 1.178360 0.081230
v -1.368515 1.178832 0.079691
v -1.368634 1.178360 0.079615
v -1.368231 1.178681 0.079155
v -1.368284 1.178358 0.079101
v -1.368052 1.179168 0.099257
v -1.368303 1.179255 0.098762
v -1.368515 1.178832 0.098898
v -1.369201 1.179254 0.097183
v -1.369426 1.178831 0.097296
v -1.369931 1.179254 0.095519
v -1.370167 1.178831 0.095609
v -1.370486 1.179254 0.093789
v -1.370730 1.178831 0.093853
v -1.370859 1.179254 0.092011
v -1.371109 1.178831 0.092050
v -1.371047 1.179254 0.090203
v -1.371299 1.178831 0.090216
v -1.371047 1.179254 0.088386
v -1.371299 1.178831 0.088373
v -1.370859 1.179254 0.086579
v -1.371109 1.178831 0.086540
v -1.370486 1.179254 0.084801
v -1.370730 1.178831 0.084736
v -1.369931 1.179254 0.083071
v -1.370167 1.178831 0.082981
v -1.369201 1.179254 0.081407
v -1.369426 1.178831 0.081294
v -1.368303 1.179255 0.079827
v -1.368515 1.178832 0.079691
v -1.368098 1.179071 0.079287
v -1.368181 1.178827 0.079205
v -1.367857 1.179481 0.099063
v -1.368009 1.179603 0.098575
v -1.368303 1.179255 0.098762
v -1.368890 1.179603 0.097027
v -1.369201 1.179254 0.097183
v -1.369606 1.179602 0.095396
v -1.369931 1.179254 0.095519
v -1.370149 1.179602 0.093700
v -1.370486 1.179254 0.093789
v -1.370515 1.179602 0.091957
v -1.370859 1.179254 0.092011
v -1.370699 1.179602 0.090185
v -1.371047 1.179254 0.090203
v -1.370699 1.179602 0.088404
v -1.371047 1.179254 0.088386
v -1.370515 1.179602 0.086633
v -1.370859 1.179254 0.086579
v -1.370149 1.179602 0.084890
v -1.370486 1.179254 0.084801
v -1.369606 1.179602 0.083194
v -1.369931 1.179254 0.083071
v -1.368890 1.179603 0.081563
v -1.369201 1.179254 0.081407
v -1.368009 1.179603 0.080015
v -1.368303 1.179255 0.079827
v -1.367922 1.179391 0.079462
v -1.368000 1.179249 0.079384
v -1.367635 1.179720 0.098840
v -1.367653 1.179855 0.098347
v -1.368009 1.179603 0.098575
v -1.368512 1.179855 0.096837
v -1.368890 1.179603 0.097027
v -1.369210 1.179855 0.095246
v -1.369606 1.179602 0.095396
v -1.369741 1.179855 0.093592
v -1.370149 1.179602 0.093700
v -1.370098 1.179855 0.091892
v -1.370515 1.179602 0.091957
v -1.370277 1.179855 0.090163
v -1.370699 1.179602 0.090185
v -1.370277 1.179855 0.088426
v -1.370699 1.179602 0.088404
v -1.370098 1.179855 0.086698
v -1.370515 1.179602 0.086633
v -1.369741 1.179855 0.084998
v -1.370149 1.179602 0.084890
v -1.369210 1.179855 0.083344
v -1.369606 1.179602 0.083194
v -1.368512 1.179855 0.081753
v -1.368890 1.179603 0.081563
v -1.367653 1.179855 0.080243
v -1.368009 1.179603 0.080015
v -1.367705 1.179655 0.079680
v -1.367752 1.179598 0.079632
v -1.367376 1.179898 0.098581
v -1.367256 1.179997 0.098093
v -1.367653 1.179855 0.098347
v -1.368091 1.179997 0.096625
v -1.368512 1.179855 0.096837
v -1.368770 1.179997 0.095079
v -1.369210 1.179855 0.095246
v -1.369285 1.179996 0.093471
v -1.369741 1.179855 0.093592
v -1.369632 1.179996 0.091819
v -1.370098 1.179855 0.091892
v -1.369806 1.179996 0.090139
v -1.370277 1.179855 0.090163
v -1.369806 1.179996 0.088451
v -1.370277 1.179855 0.088426
v -1.369632 1.179996 0.086771
v -1.370098 1.179855 0.086698
v -1.369285 1.179996 0.085118
v -1.369741 1.179855 0.084998
v -1.368770 1.179997 0.083511
v -1.369210 1.179855 0.083344
v -1.368091 1.179997 0.081964
v -1.368512 1.179855 0.081753
v -1.367256 1.179997 0.080497
v -1.367653 1.179855 0.080243
v -1.367170 1.179981 0.080214
v -1.367458 1.179852 0.079927
v -1.368309 1.178025 0.099515
v -1.368307 1.173075 0.099515
v -1.363603 1.173077 0.094811
v -1.367857 1.179481 0.099063
v -1.368001 1.179249 0.099207
v -1.363603 1.173077 0.094811
v -1.363605 1.180027 0.094811
v -1.366869 1.180026 0.098075
v -1.363603 1.173077 0.094811
v -1.367075 1.180005 0.098280
v -1.367075 1.180005 0.098280
v -1.367110 1.179993 0.098315
v -1.363603 1.173077 0.094811
v -1.367376 1.179898 0.098581
v -1.367448 1.179848 0.098653
v -1.367448 1.179848 0.098653
v -1.367635 1.179720 0.098840
v -1.363603 1.173077 0.094811
v -1.367751 1.179595 0.098957
v -1.367857 1.179481 0.099063
v -1.368001 1.179249 0.099207
v -1.368052 1.179168 0.099257
v -1.363603 1.173077 0.094811
v -1.368185 1.178830 0.099390
v -1.368198 1.178797 0.099403
v -1.368198 1.178797 0.099403
v -1.368278 1.178446 0.099483
v -1.363603 1.173077 0.094811
v -1.368284 1.178359 0.099489
v -1.368309 1.178025 0.099515
v -1.343272 1.178033 0.104112
v -1.343270 1.173083 0.104112
v -1.347975 1.173082 0.099407
v -1.347975 1.173082 0.099407
v -1.347977 1.180032 0.099407
v -1.344713 1.180033 0.102671
v -1.344207 1.179906 0.103178
v -1.344134 1.179856 0.103250
v -1.347975 1.173082 0.099407
v -1.343947 1.179728 0.103437
v -1.343384 1.178806 0.104001
v -1.343305 1.178454 0.104080
v -1.347975 1.173082 0.099407
v -1.343298 1.178368 0.104087
v -1.343272 1.178033 0.104112
v -1.344713 1.180033 0.102671
v -1.344508 1.180013 0.102877
v -1.347975 1.173082 0.099407
v -1.344473 1.180000 0.102912
v -1.344207 1.179906 0.103178
v -1.343947 1.179728 0.103437
v -1.343831 1.179603 0.103553
v -1.347975 1.173082 0.099407
v -1.343724 1.179489 0.103659
v -1.343580 1.179257 0.103803
v -1.343580 1.179257 0.103803
v -1.343530 1.179176 0.103854
v -1.347975 1.173082 0.099407
v -1.343397 1.178838 0.103988
v -1.343384 1.178806 0.104001
v -1.350802 1.180017 0.105239
v -1.350975 1.180007 0.105398
v -1.350969 1.180003 0.105434
v -1.362302 1.178027 0.104964
v -1.361570 1.178027 0.105381
v -1.361557 1.178362 0.105355
v -1.359930 1.178028 0.106100
v -1.359866 1.178028 0.106129
v -1.359856 1.178363 0.106102
v -1.354806 1.178030 0.107231
v -1.354423 1.178030 0.107271
v -1.354421 1.178365 0.107243
v -1.349577 1.178031 0.106841
v -1.348890 1.178032 0.106697
v -1.348897 1.178367 0.106669
v -1.347054 1.178032 0.106100
v -1.345415 1.178033 0.105381
v -1.345427 1.178368 0.105355
v -1.344683 1.178033 0.104964
v -1.343797 1.178033 0.104461
v -1.343813 1.178368 0.104437
v -1.344713 1.180033 0.102671
v -1.344875 1.180033 0.102776
v -1.344508 1.180013 0.102877
v -1.344695 1.180005 0.103058
v -1.344473 1.180000 0.102912
v -1.344473 1.180000 0.102912
v -1.344695 1.180005 0.103058
v -1.344207 1.179906 0.103178
v -1.344441 1.179863 0.103455
v -1.344134 1.179856 0.103250
v -1.344134 1.179856 0.103250
v -1.344441 1.179863 0.103455
v -1.343947 1.179728 0.103437
v -1.344213 1.179611 0.103812
v -1.343831 1.179603 0.103553
v -1.343831 1.179603 0.103553
v -1.344213 1.179611 0.103812
v -1.343724 1.179489 0.103659
v -1.344025 1.179263 0.104105
v -1.343580 1.179257 0.103803
v -1.343580 1.179257 0.103803
v -1.344025 1.179263 0.104105
v -1.343530 1.179176 0.103854
v -1.343889 1.178840 0.104318
v -1.343397 1.178838 0.103988
v -1.343397 1.178838 0.103988
v -1.343889 1.178840 0.104318
v -1.343384 1.178806 0.104001
v -1.343813 1.178368 0.104437
v -1.343305 1.178454 0.104080
v -1.343305 1.178454 0.104080
v -1.343813 1.178368 0.104437
v -1.343298 1.178368 0.104087
v -1.343797 1.178033 0.104461
v -1.343272 1.178033 0.104112
v -1.349577 1.178031 0.106841
v -1.348897 1.178367 0.106669
v -1.350711 1.178031 0.107079
v -1.354806 1.178030 0.107231
v -1.354421 1.178365 0.107243
v -1.356273 1.178029 0.107079
v -1.362302 1.178027 0.104964
v -1.361557 1.178362 0.105355
v -1.363187 1.178027 0.104461
v -1.363172 1.178362 0.104437
v -1.363686 1.178360 0.104087
v -1.363701 1.178269 0.104102
v -1.363686 1.178360 0.104087
v -1.363172 1.178362 0.104437
v -1.363632 1.178683 0.104033
v -1.363096 1.178833 0.104318
v -1.363583 1.178829 0.103983
v -1.363583 1.178829 0.103983
v -1.363096 1.178833 0.104318
v -1.363500 1.179073 0.103900
v -1.362960 1.179256 0.104105
v -1.363403 1.179250 0.103802
v -1.363403 1.179250 0.103802
v -1.362960 1.179256 0.104105
v -1.363326 1.179392 0.103724
v -1.362773 1.179605 0.103812
v -1.363155 1.179599 0.103554
v -1.363155 1.179599 0.103554
v -1.362773 1.179605 0.103812
v -1.363108 1.179657 0.103507
v -1.362545 1.179857 0.103455
v -1.362860 1.179853 0.103260
v -1.362860 1.179853 0.103260
v -1.362545 1.179857 0.103455
v -1.362574 1.179983 0.102972
v -1.362291 1.179999 0.103058
v -1.362514 1.179992 0.102912
v -1.362111 1.180027 0.102776
v -1.362273 1.180027 0.102671
v -1.356416 1.180029 0.105026
v -1.357584 1.180029 0.104763
v -1.356232 1.180024 0.105208
v -1.357669 1.180000 0.105087
v -1.356188 1.180019 0.105244
v -1.356009 1.180002 0.105391
v -1.356089 1.179859 0.105900
v -1.354878 1.179859 0.106043
v -1.355356 1.179923 0.105834
v -1.355947 1.179996 0.105442
v -1.356017 1.180001 0.105434
v -1.355797 1.179982 0.105564
v -1.356089 1.179859 0.105900
v -1.355387 1.179927 0.105815
v -1.355356 1.179923 0.105834
v -1.354878 1.179859 0.106043
v -1.356089 1.179859 0.105900
v -1.354824 1.179852 0.106067
v -1.356155 1.179607 0.106317
v -1.354467 1.179815 0.106164
v -1.352595 1.179805 0.106193
v -1.352618 1.179804 0.106196
v -1.352602 1.179608 0.106501
v -1.353093 1.179771 0.106275
v -1.353493 1.179766 0.106286
v -1.353671 1.179764 0.106291
v -1.354383 1.179607 0.106501
v -1.354253 1.179793 0.106222
v -1.354367 1.179805 0.106191
v -1.351601 1.179928 0.105809
v -1.352005 1.179873 0.106008
v -1.350896 1.179861 0.105900
v -1.352117 1.179860 0.106043
v -1.352602 1.179608 0.106501
v -1.352517 1.179814 0.106168
v -1.352595 1.179805 0.106193
v -1.350975 1.180007 0.105398
v -1.350996 1.180006 0.105417
v -1.350969 1.180003 0.105434
v -1.351032 1.180001 0.105443
v -1.350896 1.179861 0.105900
v -1.351463 1.179947 0.105741
v -1.351601 1.179928 0.105809
v -1.349316 1.180003 0.105087
v -1.349402 1.180031 0.104763
v -1.350570 1.180031 0.105026
v -1.357407 1.178029 0.106841
v -1.356273 1.178029 0.107079
v -1.356269 1.178364 0.107051
v -1.354421 1.178365 0.107243
v -1.356247 1.178836 0.106911
v -1.354414 1.178836 0.107101
v -1.356208 1.179258 0.106661
v -1.354401 1.179259 0.106849
v -1.356155 1.179607 0.106317
v -1.354383 1.179607 0.106501
v -1.354467 1.179815 0.106164
v -1.354367 1.179805 0.106191
v -1.354423 1.178030 0.107271
v -1.352562 1.178030 0.107271
v -1.354421 1.178365 0.107243
v -1.352564 1.178365 0.107243
v -1.354414 1.178836 0.107101
v -1.352571 1.178837 0.107101
v -1.354401 1.179259 0.106849
v -1.352584 1.179260 0.106849
v -1.354383 1.179607 0.106501
v -1.352602 1.179608 0.106501
v -1.353493 1.179766 0.106286
v -1.353093 1.179771 0.106275
v -1.352562 1.178030 0.107271
v -1.352178 1.178030 0.107231
v -1.352564 1.178365 0.107243
v -1.350716 1.178366 0.107051
v -1.352571 1.178837 0.107101
v -1.350738 1.178838 0.106911
v -1.352584 1.179260 0.106849
v -1.350777 1.179260 0.106661
v -1.352602 1.179608 0.106501
v -1.350831 1.179608 0.106317
v -1.350896 1.179861 0.105900
v -1.360673 1.180028 0.103593
v -1.362111 1.180027 0.102776
v -1.360823 1.179999 0.103893
v -1.362291 1.179999 0.103058
v -1.361035 1.179858 0.104314
v -1.362545 1.179857 0.103455
v -1.361225 1.179605 0.104692
v -1.362773 1.179605 0.103812
v -1.361381 1.179257 0.105003
v -1.362960 1.179256 0.104105
v -1.361494 1.178834 0.105229
v -1.363096 1.178833 0.104318
v -1.361557 1.178362 0.105355
v -1.363172 1.178362 0.104437
v -1.363187 1.178027 0.104461
v -1.363701 1.178269 0.104102
v -1.363713 1.178027 0.104112
v -1.361570 1.178027 0.105381
v -1.359930 1.178028 0.106100
v -1.361557 1.178362 0.105355
v -1.359856 1.178363 0.106102
v -1.361494 1.178834 0.105229
v -1.359806 1.178835 0.105970
v -1.361381 1.179257 0.105003
v -1.359717 1.179257 0.105733
v -1.361225 1.179605 0.104692
v -1.359594 1.179605 0.105408
v -1.361035 1.179858 0.104314
v -1.359444 1.179858 0.105013
v -1.360823 1.179999 0.103893
v -1.359277 1.180000 0.104571
v -1.360673 1.180028 0.103593
v -1.359159 1.180028 0.104258
v -1.359866 1.178028 0.106129
v -1.358094 1.178028 0.106697
v -1.359856 1.178363 0.106102
v -1.358087 1.178363 0.106669
v -1.359806 1.178835 0.105970
v -1.358051 1.178835 0.106532
v -1.359717 1.179257 0.105733
v -1.357987 1.179258 0.106288
v -1.359594 1.179605 0.105408
v -1.357898 1.179606 0.105952
v -1.359444 1.179858 0.105013
v -1.357790 1.179859 0.105543
v -1.359277 1.180000 0.104571
v -1.357669 1.180000 0.105087
v -1.359159 1.180028 0.104258
v -1.357584 1.180029 0.104763
v -1.358094 1.178028 0.106697
v -1.357407 1.178029 0.106841
v -1.358087 1.178363 0.106669
v -1.356269 1.178364 0.107051
v -1.358051 1.178835 0.106532
v -1.356247 1.178836 0.106911
v -1.357987 1.179258 0.106288
v -1.356208 1.179258 0.106661
v -1.357898 1.179606 0.105952
v -1.356155 1.179607 0.106317
v -1.357790 1.179859 0.105543
v -1.356089 1.179859 0.105900
v -1.357669 1.180000 0.105087
v -1.356017 1.180001 0.105434
v -1.356009 1.180002 0.105391
v -1.355947 1.179996 0.105442
v -1.352178 1.178030 0.107231
v -1.350711 1.178031 0.107079
v -1.350716 1.178366 0.107051
v -1.348897 1.178367 0.106669
v -1.350738 1.178838 0.106911
v -1.348934 1.178838 0.106532
v -1.350777 1.179260 0.106661
v -1.348999 1.179261 0.106288
v -1.350831 1.179608 0.106317
v -1.349088 1.179609 0.105952
v -1.350896 1.179861 0.105900
v -1.349196 1.179862 0.105543
v -1.350969 1.180003 0.105434
v -1.349316 1.180003 0.105087
v -1.350802 1.180017 0.105239
v -1.350570 1.180031 0.105026
v -1.348890 1.178032 0.106697
v -1.347118 1.178032 0.106129
v -1.348897 1.178367 0.106669
v -1.347129 1.178367 0.106102
v -1.348934 1.178838 0.106532
v -1.347179 1.178839 0.105970
v -1.348999 1.179261 0.106288
v -1.347268 1.179261 0.105733
v -1.349088 1.179609 0.105952
v -1.347392 1.179610 0.105408
v -1.349196 1.179862 0.105543
v -1.347542 1.179862 0.105013
v -1.349316 1.180003 0.105087
v -1.347709 1.180004 0.104571
v -1.349402 1.180031 0.104763
v -1.347827 1.180032 0.104258
v -1.347118 1.178032 0.106129
v -1.347054 1.178032 0.106100
v -1.347129 1.178367 0.106102
v -1.345427 1.178368 0.105355
v -1.347179 1.178839 0.105970
v -1.345491 1.178839 0.105229
v -1.347268 1.179261 0.105733
v -1.345605 1.179262 0.105003
v -1.347392 1.179610 0.105408
v -1.345761 1.179610 0.104692
v -1.347542 1.179862 0.105013
v -1.345951 1.179863 0.104314
v -1.347709 1.180004 0.104571
v -1.346162 1.180004 0.103893
v -1.347827 1.180032 0.104258
v -1.346313 1.180032 0.103593
v -1.345415 1.178033 0.105381
v -1.344683 1.178033 0.104964
v -1.345427 1.178368 0.105355
v -1.343813 1.178368 0.104437
v -1.345491 1.178839 0.105229
v -1.343889 1.178840 0.104318
v -1.345605 1.179262 0.105003
v -1.344025 1.179263 0.104105
v -1.345761 1.179610 0.104692
v -1.344213 1.179611 0.103812
v -1.345951 1.179863 0.104314
v -1.344441 1.179863 0.103455
v -1.346162 1.180004 0.103893
v -1.344695 1.180005 0.103058
v -1.346313 1.180032 0.103593
v -1.344875 1.180033 0.102776
v -1.339279 1.170728 0.078249
v -1.339309 1.170689 0.078211
v -1.344136 1.170702 0.083020
v -1.344594 1.170242 0.082562
v -1.339814 1.170149 0.077591
v -1.344861 1.170044 0.082296
v -1.339993 1.170034 0.077385
v -1.345118 1.169954 0.082038
v -1.339993 1.170034 0.077385
v -1.339816 1.170035 0.077208
v -1.339873 1.170006 0.077143
v -1.344136 1.170702 0.083020
v -1.339309 1.170689 0.078211
v -1.344370 1.170408 0.082786
v -1.339530 1.170403 0.077931
v -1.344594 1.170242 0.082562
v -1.339723 1.170230 0.077700
v -1.339814 1.170149 0.077591
v -1.338687 1.172794 0.079053
v -1.338699 1.172537 0.079034
v -1.343445 1.172306 0.083712
v -1.343445 1.172306 0.083712
v -1.338699 1.172537 0.079034
v -1.343522 1.172018 0.083635
v -1.338699 1.172537 0.079034
v -1.338772 1.172042 0.078930
v -1.343522 1.172018 0.083635
v -1.338780 1.172012 0.078919
v -1.343641 1.171573 0.083516
v -1.338892 1.171571 0.078764
v -1.343772 1.171306 0.083385
v -1.338996 1.171301 0.078623
v -1.343956 1.170928 0.083201
v -1.339071 1.171104 0.078520
v -1.344136 1.170702 0.083020
v -1.339254 1.170772 0.078281
v -1.339279 1.170728 0.078249
v -1.343445 1.172306 0.083712
v -1.343403 1.172795 0.083754
v -1.338687 1.172794 0.079053
v -1.343379 1.173083 0.083779
v -1.338674 1.173085 0.079074
v -1.347831 1.172017 0.079327
v -1.343201 1.172361 0.074524
v -1.347908 1.172304 0.079250
v -1.343253 1.172793 0.074489
v -1.347950 1.172793 0.079208
v -1.343264 1.172891 0.074481
v -1.347975 1.173082 0.079183
v -1.343270 1.173083 0.074478
v -1.347581 1.171305 0.079576
v -1.342862 1.171362 0.074768
v -1.347711 1.171571 0.079446
v -1.343067 1.171850 0.074620
v -1.347831 1.172017 0.079327
v -1.343110 1.172013 0.074589
v -1.343201 1.172361 0.074524
v -1.347215 1.170701 0.079941
v -1.342475 1.170779 0.075059
v -1.347396 1.170927 0.079761
v -1.342595 1.170924 0.074965
v -1.347581 1.171305 0.079576
v -1.342822 1.171297 0.074798
v -1.342862 1.171362 0.074768
v -1.346233 1.169954 0.080923
v -1.341580 1.170034 0.075798
v -1.346491 1.170043 0.080666
v -1.341896 1.170228 0.075527
v -1.346757 1.170241 0.080400
v -1.341963 1.170269 0.075470
v -1.346981 1.170407 0.080175
v -1.342295 1.170563 0.075200
v -1.347215 1.170701 0.079941
v -1.342402 1.170692 0.075116
v -1.342475 1.170779 0.075059
v -1.341403 1.170034 0.075621
v -1.341580 1.170034 0.075798
v -1.341158 1.169945 0.075845
v -1.346233 1.169954 0.080923
v -1.340994 1.169886 0.075994
v -1.345953 1.169856 0.081204
v -1.345676 1.169856 0.081481
v -1.340603 1.169834 0.076372
v -1.345953 1.169856 0.081204
v -1.340824 1.169864 0.076158
v -1.340994 1.169886 0.075994
v -1.339993 1.170034 0.077385
v -1.339873 1.170006 0.077143
v -1.345118 1.169954 0.082038
v -1.340039 1.169944 0.076963
v -1.345399 1.169856 0.081758
v -1.340223 1.169876 0.076762
v -1.345676 1.169856 0.081481
v -1.340585 1.169836 0.076390
v -1.340603 1.169834 0.076372
v -1.343253 1.172793 0.074489
v -1.343201 1.172361 0.074524
v -1.344668 1.170033 0.073605
v -1.343797 1.178033 0.074129
v -1.343272 1.178033 0.074478
v -1.343270 1.173083 0.074478
v -1.343797 1.178033 0.074129
v -1.343270 1.173083 0.074478
v -1.344668 1.170033 0.073605
v -1.343264 1.172891 0.074481
v -1.343253 1.172793 0.074489
v -1.343201 1.172361 0.074524
v -1.343110 1.172013 0.074589
v -1.344668 1.170033 0.073605
v -1.343067 1.171850 0.074620
v -1.342862 1.171362 0.074768
v -1.364504 1.170026 0.075059
v -1.364504 1.170764 0.075059
v -1.362311 1.170027 0.073605
v -1.364264 1.171096 0.074876
v -1.364264 1.171096 0.074876
v -1.364162 1.171292 0.074800
v -1.362311 1.170027 0.073605
v -1.364021 1.171563 0.074696
v -1.363866 1.172004 0.074584
v -1.363866 1.172004 0.074584
v -1.363855 1.172034 0.074577
v -1.362311 1.170027 0.073605
v -1.363751 1.172529 0.074504
v -1.363732 1.172786 0.074492
v -1.363732 1.172786 0.074492
v -1.363711 1.173077 0.074478
v -1.362311 1.170027 0.073605
v -1.363713 1.178027 0.074478
v -1.363187 1.178027 0.074129
v -1.365399 1.170026 0.075798
v -1.365193 1.170140 0.075620
v -1.364504 1.170026 0.075059
v -1.365084 1.170222 0.075528
v -1.364854 1.170394 0.075335
v -1.364854 1.170394 0.075335
v -1.364574 1.170681 0.075114
v -1.364504 1.170026 0.075059
v -1.364536 1.170720 0.075084
v -1.364504 1.170764 0.075059
v -1.342402 1.170692 0.075116
v -1.342295 1.170563 0.075200
v -1.342475 1.170034 0.075058
v -1.342862 1.171362 0.074768
v -1.342822 1.171297 0.074798
v -1.344668 1.170033 0.073605
v -1.342595 1.170924 0.074965
v -1.342475 1.170034 0.075058
v -1.342475 1.170779 0.075059
v -1.342402 1.170692 0.075116
v -1.342295 1.170563 0.075200
v -1.341963 1.170269 0.075470
v -1.342475 1.170034 0.075058
v -1.341896 1.170228 0.075527
v -1.341580 1.170034 0.075798
v -1.359930 1.178028 0.072489
v -1.359929 1.170028 0.072486
v -1.361570 1.178027 0.073209
v -1.362311 1.170027 0.073605
v -1.362302 1.178027 0.073625
v -1.363187 1.178027 0.074129
v -1.359930 1.178028 0.072489
v -1.359866 1.178028 0.072461
v -1.359929 1.170028 0.072486
v -1.358094 1.178028 0.071893
v -1.357409 1.170029 0.071727
v -1.354806 1.178030 0.071359
v -1.354805 1.170030 0.071343
v -1.356273 1.178029 0.071511
v -1.357409 1.170029 0.071727
v -1.357407 1.178029 0.071749
v -1.358094 1.178028 0.071893
v -1.354806 1.178030 0.071359
v -1.354423 1.178030 0.071319
v -1.354805 1.170030 0.071343
v -1.352562 1.178030 0.071319
v -1.352174 1.170030 0.071343
v -1.349578 1.178031 0.071749
v -1.349570 1.170031 0.071727
v -1.350711 1.178031 0.071511
v -1.352174 1.170030 0.071343
v -1.352178 1.178030 0.071359
v -1.352562 1.178030 0.071319
v -1.349578 1.178031 0.071749
v -1.348890 1.178032 0.071893
v -1.349570 1.170031 0.071727
v -1.347118 1.178032 0.072461
v -1.347050 1.170032 0.072486
v -1.347118 1.178032 0.072461
v -1.347054 1.178032 0.072489
v -1.347050 1.170032 0.072486
v -1.345415 1.178033 0.073209
v -1.344668 1.170033 0.073605
v -1.344683 1.178033 0.073625
v -1.343797 1.178033 0.074129
v -1.359006 1.173078 0.099407
v -1.359009 1.180028 0.099407
v -1.358563 1.173078 0.098830
v -1.358492 1.180028 0.098734
v -1.358490 1.173078 0.098734
v -1.358490 1.173078 0.098734
v -1.358492 1.180028 0.098734
v -1.358258 1.173078 0.098173
v -1.358168 1.180028 0.097950
v -1.358165 1.173078 0.097950
v -1.358165 1.173078 0.097950
v -1.358168 1.180028 0.097950
v -1.358102 1.173079 0.097469
v -1.358057 1.180028 0.097109
v -1.358055 1.173079 0.097109
v -1.358055 1.173079 0.097109
v -1.358057 1.180028 0.097109
v -1.358102 1.173079 0.096748
v -1.358168 1.180028 0.096268
v -1.358165 1.173078 0.096268
v -1.358165 1.173078 0.096268
v -1.358168 1.180028 0.096268
v -1.358258 1.173078 0.096044
v -1.358492 1.180028 0.095484
v -1.358490 1.173078 0.095484
v -1.358490 1.173078 0.095484
v -1.358492 1.180028 0.095484
v -1.358563 1.173078 0.095388
v -1.359009 1.180028 0.094811
v -1.359006 1.173078 0.094811
v -1.359006 1.173078 0.094811
v -1.359009 1.180028 0.094811
v -1.359584 1.173078 0.094368
v -1.359682 1.180028 0.094294
v -1.359679 1.173078 0.094294
v -1.359679 1.173078 0.094294
v -1.359682 1.180028 0.094294
v -1.360240 1.173078 0.094062
v -1.360466 1.180028 0.093969
v -1.360463 1.173078 0.093969
v -1.360463 1.173078 0.093969
v -1.360466 1.180028 0.093969
v -1.360944 1.173078 0.093906
v -1.361307 1.180027 0.093859
v -1.361305 1.173077 0.093859
v -1.361305 1.173077 0.093859
v -1.361307 1.180027 0.093859
v -1.361665 1.173077 0.093906
v -1.362148 1.180027 0.093969
v -1.362146 1.173077 0.093969
v -1.362146 1.173077 0.093969
v -1.362148 1.180027 0.093969
v -1.362369 1.173077 0.094062
v -1.362932 1.180027 0.094294
v -1.362929 1.173077 0.094294
v -1.362929 1.173077 0.094294
v -1.362932 1.180027 0.094294
v -1.363025 1.173077 0.094368
v -1.363605 1.180027 0.094811
v -1.363603 1.173077 0.094811
v -1.344683 1.178033 0.073625
v -1.345415 1.178033 0.073209
v -1.345427 1.178368 0.073234
v -1.347054 1.178032 0.072489
v -1.347118 1.178032 0.072461
v -1.347129 1.178367 0.072488
v -1.352178 1.178030 0.071359
v -1.352562 1.178030 0.071319
v -1.352564 1.178365 0.071347
v -1.357407 1.178029 0.071749
v -1.358094 1.178028 0.071893
v -1.358087 1.178363 0.071920
v -1.359930 1.178028 0.072489
v -1.361570 1.178027 0.073209
v -1.361557 1.178362 0.073234
v -1.362302 1.178027 0.073625
v -1.363187 1.178027 0.074129
v -1.363172 1.178362 0.074153
v -1.356184 1.180016 0.073351
v -1.356011 1.180005 0.073192
v -1.356017 1.180001 0.073156
v -1.343813 1.178368 0.074153
v -1.343299 1.178367 0.074503
v -1.343283 1.178275 0.074488
v -1.343299 1.178367 0.074503
v -1.343813 1.178368 0.074153
v -1.343353 1.178690 0.074557
v -1.343889 1.178840 0.074272
v -1.343402 1.178835 0.074606
v -1.343402 1.178835 0.074606
v -1.343889 1.178840 0.074272
v -1.343485 1.179079 0.074690
v -1.344025 1.179263 0.074485
v -1.343582 1.179257 0.074787
v -1.343582 1.179257 0.074787
v -1.344025 1.179263 0.074485
v -1.343660 1.179399 0.074865
v -1.344213 1.179611 0.074778
v -1.343830 1.179606 0.075036
v -1.343830 1.179606 0.075036
v -1.344213 1.179611 0.074778
v -1.343877 1.179663 0.075083
v -1.344441 1.179863 0.075134
v -1.344125 1.179859 0.075330
v -1.344125 1.179859 0.075330
v -1.344441 1.179863 0.075134
v -1.344412 1.179989 0.075617
v -1.344695 1.180005 0.075532
v -1.344472 1.179998 0.075677
v -1.344875 1.180033 0.075814
v -1.344713 1.180033 0.075919
v -1.350570 1.180031 0.073564
v -1.349402 1.180031 0.073827
v -1.350754 1.180025 0.073382
v -1.349316 1.180003 0.073503
v -1.350797 1.180021 0.073346
v -1.350977 1.180004 0.073199
v -1.350896 1.179861 0.072690
v -1.352107 1.179860 0.072547
v -1.351629 1.179924 0.072755
v -1.351039 1.179998 0.073148
v -1.350969 1.180003 0.073156
v -1.351188 1.179984 0.073025
v -1.350896 1.179861 0.072690
v -1.351599 1.179928 0.072774
v -1.351629 1.179924 0.072755
v -1.352107 1.179860 0.072547
v -1.350896 1.179861 0.072690
v -1.352161 1.179852 0.072523
v -1.350831 1.179608 0.072272
v -1.352518 1.179816 0.072426
v -1.354391 1.179805 0.072397
v -1.354367 1.179803 0.072393
v -1.354383 1.179607 0.072089
v -1.353893 1.179771 0.072315
v -1.353492 1.179766 0.072304
v -1.353315 1.179764 0.072299
v -1.352602 1.179608 0.072089
v -1.352733 1.179793 0.072368
v -1.352619 1.179805 0.072399
v -1.355384 1.179927 0.072780
v -1.354980 1.179871 0.072582
v -1.356089 1.179859 0.072690
v -1.354869 1.179859 0.072547
v -1.354383 1.179607 0.072089
v -1.354468 1.179814 0.072421
v -1.354391 1.179805 0.072397
v -1.356011 1.180005 0.073192
v -1.355990 1.180004 0.073172
v -1.356017 1.180001 0.073156
v -1.355953 1.180000 0.073147
v -1.356089 1.179859 0.072690
v -1.355523 1.179946 0.072848
v -1.355384 1.179927 0.072780
v -1.357669 1.180000 0.073503
v -1.357584 1.180029 0.073827
v -1.356416 1.180029 0.073564
v -1.362273 1.180027 0.075919
v -1.362111 1.180027 0.075814
v -1.362478 1.180007 0.075713
v -1.362291 1.179999 0.075532
v -1.362513 1.179994 0.075678
v -1.362513 1.179994 0.075678
v -1.362291 1.179999 0.075532
v -1.362779 1.179899 0.075412
v -1.362545 1.179857 0.075134
v -1.362851 1.179850 0.075339
v -1.362851 1.179850 0.075339
v -1.362545 1.179857 0.075134
v -1.363038 1.179721 0.075152
v -1.362773 1.179605 0.074778
v -1.363155 1.179597 0.075037
v -1.363155 1.179597 0.075037
v -1.362773 1.179605 0.074778
v -1.363261 1.179483 0.074930
v -1.362960 1.179256 0.074485
v -1.363405 1.179251 0.074786
v -1.363405 1.179251 0.074786
v -1.362960 1.179256 0.074485
v -1.363455 1.179169 0.074736
v -1.363096 1.178833 0.074272
v -1.363588 1.178832 0.074602
v -1.363588 1.178832 0.074602
v -1.363096 1.178833 0.074272
v -1.363601 1.178799 0.074589
v -1.363172 1.178362 0.074153
v -1.363680 1.178447 0.074510
v -1.363680 1.178447 0.074510
v -1.363172 1.178362 0.074153
v -1.363687 1.178361 0.074503
v -1.363187 1.178027 0.074129
v -1.363713 1.178027 0.074478
v -1.357407 1.178029 0.071749
v -1.358087 1.178363 0.071920
v -1.356273 1.178029 0.071511
v -1.352178 1.178030 0.071359
v -1.352564 1.178365 0.071347
v -1.350711 1.178031 0.071511
v -1.344683 1.178033 0.073625
v -1.345427 1.178368 0.073234
v -1.343797 1.178033 0.074129
v -1.349578 1.178031 0.071749
v -1.350711 1.178031 0.071511
v -1.350716 1.178366 0.071539
v -1.352564 1.178365 0.071347
v -1.350738 1.178838 0.071679
v -1.352571 1.178837 0.071489
v -1.350777 1.179260 0.071928
v -1.352584 1.179260 0.071741
v -1.350831 1.179608 0.072272
v -1.352602 1.179608 0.072089
v -1.352518 1.179816 0.072426
v -1.352619 1.179805 0.072399
v -1.352562 1.178030 0.071319
v -1.354423 1.178030 0.071319
v -1.352564 1.178365 0.071347
v -1.354421 1.178365 0.071347
v -1.352571 1.178837 0.071489
v -1.354414 1.178836 0.071489
v -1.352584 1.179260 0.071741
v -1.354401 1.179259 0.071741
v -1.352602 1.179608 0.072089
v -1.354383 1.179607 0.072089
v -1.353492 1.179766 0.072304
v -1.353893 1.179771 0.072315
v -1.354423 1.178030 0.071319
v -1.354806 1.178030 0.071359
v -1.354421 1.178365 0.071347
v -1.356269 1.178364 0.071539
v -1.354414 1.178836 0.071489
v -1.356247 1.178836 0.071679
v -1.354401 1.179259 0.071741
v -1.356208 1.179258 0.071928
v -1.354383 1.179607 0.072089
v -1.356155 1.179607 0.072272
v -1.356089 1.179859 0.072690
v -1.346313 1.180032 0.074996
v -1.344875 1.180033 0.075814
v -1.346162 1.180004 0.074697
v -1.344695 1.180005 0.075532
v -1.345951 1.179863 0.074276
v -1.344441 1.179863 0.075134
v -1.345761 1.179610 0.073898
v -1.344213 1.179611 0.074778
v -1.345605 1.179262 0.073587
v -1.344025 1.179263 0.074485
v -1.345491 1.178839 0.073361
v -1.343889 1.178840 0.074272
v -1.345427 1.178368 0.073234
v -1.343813 1.178368 0.074153
v -1.343797 1.178033 0.074129
v -1.343283 1.178275 0.074488
v -1.343272 1.178033 0.074478
v -1.345415 1.178033 0.073209
v -1.347054 1.178032 0.072489
v -1.345427 1.178368 0.073234
v -1.347129 1.178367 0.072488
v -1.345491 1.178839 0.073361
v -1.347179 1.178839 0.072620
v -1.345605 1.179262 0.073587
v -1.347268 1.179261 0.072856
v -1.345761 1.179610 0.073898
v -1.347392 1.179610 0.073182
v -1.345951 1.179863 0.074276
v -1.347542 1.179862 0.073577
v -1.346162 1.180004 0.074697
v -1.347709 1.180004 0.074018
v -1.346313 1.180032 0.074996
v -1.347827 1.180032 0.074332
v -1.347118 1.178032 0.072461
v -1.348890 1.178032 0.071893
v -1.347129 1.178367 0.072488
v -1.348898 1.178367 0.071920
v -1.347179 1.178839 0.072620
v -1.348934 1.178838 0.072057
v -1.347268 1.179261 0.072856
v -1.348999 1.179261 0.072301
v -1.347392 1.179610 0.073182
v -1.349088 1.179609 0.072638
v -1.347542 1.179862 0.073577
v -1.349196 1.179862 0.073047
v -1.347709 1.180004 0.074018
v -1.349316 1.180003 0.073503
v -1.347827 1.180032 0.074332
v -1.349402 1.180031 0.073827
v -1.348890 1.178032 0.071893
v -1.349578 1.178031 0.071749
v -1.348898 1.178367 0.071920
v -1.350716 1.178366 0.071539
v -1.348934 1.178838 0.072057
v -1.350738 1.178838 0.071679
v -1.348999 1.179261 0.072301
v -1.350777 1.179260 0.071928
v -1.349088 1.179609 0.072638
v -1.350831 1.179608 0.072272
v -1.349196 1.179862 0.073047
v -1.350896 1.179861 0.072690
v -1.349316 1.180003 0.073503
v -1.350969 1.180003 0.073156
v -1.350977 1.180004 0.073199
v -1.351039 1.179998 0.073148
v -1.354806 1.178030 0.071359
v -1.356273 1.178029 0.071511
v -1.356269 1.178364 0.071539
v -1.358087 1.178363 0.071920
v -1.356247 1.178836 0.071679
v -1.358051 1.178835 0.072057
v -1.356208 1.179258 0.071928
v -1.357987 1.179258 0.072301
v -1.356155 1.179607 0.072272
v -1.357898 1.179606 0.072638
v -1.356089 1.179859 0.072690
v -1.357790 1.179859 0.073047
v -1.356017 1.180001 0.073156
v -1.357669 1.180000 0.073503
v -1.356184 1.180016 0.073351
v -1.356416 1.180029 0.073564
v -1.358094 1.178028 0.071893
v -1.359866 1.178028 0.072461
v -1.358087 1.178363 0.071920
v -1.359856 1.178363 0.072488
v -1.358051 1.178835 0.072057
v -1.359806 1.178835 0.072620
v -1.357987 1.179258 0.072301
v -1.359717 1.179257 0.072856
v -1.357898 1.179606 0.072638
v -1.359594 1.179605 0.073182
v -1.357790 1.179859 0.073047
v -1.359444 1.179858 0.073577
v -1.357669 1.180000 0.073503
v -1.359277 1.180000 0.074018
v -1.357584 1.180029 0.073827
v -1.359159 1.180028 0.074332
v -1.359866 1.178028 0.072461
v -1.359930 1.178028 0.072489
v -1.359856 1.178363 0.072488
v -1.361557 1.178362 0.073234
v -1.359806 1.178835 0.072620
v -1.361494 1.178834 0.073361
v -1.359717 1.179257 0.072856
v -1.361381 1.179257 0.073587
v -1.359594 1.179605 0.073182
v -1.361225 1.179605 0.073898
v -1.359444 1.179858 0.073577
v -1.361035 1.179858 0.074276
v -1.359277 1.180000 0.074018
v -1.360823 1.179999 0.074697
v -1.359159 1.180028 0.074332
v -1.360673 1.180028 0.074996
v -1.361570 1.178027 0.073209
v -1.362302 1.178027 0.073625
v -1.361557 1.178362 0.073234
v -1.363172 1.178362 0.074153
v -1.361494 1.178834 0.073361
v -1.363096 1.178833 0.074272
v -1.361381 1.179257 0.073587
v -1.362960 1.179256 0.074485
v -1.361225 1.179605 0.073898
v -1.362773 1.179605 0.074778
v -1.361035 1.179858 0.074276
v -1.362545 1.179857 0.075134
v -1.360823 1.179999 0.074697
v -1.362291 1.179999 0.075532
v -1.360673 1.180028 0.074996
v -1.362111 1.180027 0.075814
v -1.338675 1.178035 0.079074
v -1.338674 1.173085 0.079074
v -1.343379 1.173083 0.083779
v -1.343379 1.173083 0.083779
v -1.343381 1.180033 0.083779
v -1.340117 1.180034 0.080515
v -1.340117 1.180034 0.080515
v -1.339911 1.180014 0.080310
v -1.343379 1.173083 0.083779
v -1.339876 1.180002 0.080274
v -1.339610 1.179907 0.080009
v -1.338933 1.179177 0.079332
v -1.338800 1.178840 0.079199
v -1.343379 1.173083 0.083779
v -1.338787 1.178807 0.079186
v -1.338787 1.178807 0.079186
v -1.338707 1.178455 0.079107
v -1.343379 1.173083 0.083779
v -1.338701 1.178369 0.079100
v -1.338675 1.178035 0.079074
v -1.339610 1.179907 0.080009
v -1.339537 1.179857 0.079936
v -1.343379 1.173083 0.083779
v -1.339350 1.179729 0.079749
v -1.339234 1.179605 0.079633
v -1.339234 1.179605 0.079633
v -1.339128 1.179491 0.079527
v -1.343379 1.173083 0.083779
v -1.338984 1.179259 0.079383
v -1.338933 1.179177 0.079332
v -1.367701 1.170718 0.100341
v -1.367671 1.170680 0.100379
v -1.362843 1.170695 0.095569
v -1.366987 1.170026 0.101204
v -1.367164 1.170025 0.101381
v -1.367106 1.169997 0.101446
v -1.362385 1.170236 0.096027
v -1.367165 1.170140 0.100999
v -1.362118 1.170038 0.096294
v -1.366987 1.170026 0.101204
v -1.361861 1.169949 0.096551
v -1.367106 1.169997 0.101446
v -1.362843 1.170695 0.095569
v -1.367671 1.170680 0.100379
v -1.362609 1.170402 0.095803
v -1.367450 1.170393 0.100659
v -1.362385 1.170236 0.096027
v -1.367256 1.170221 0.100890
v -1.367165 1.170140 0.100999
v -1.368294 1.172785 0.099537
v -1.368281 1.172528 0.099555
v -1.363536 1.172299 0.094877
v -1.363536 1.172299 0.094877
v -1.368281 1.172528 0.099555
v -1.363458 1.172011 0.094955
v -1.368281 1.172528 0.099555
v -1.368208 1.172032 0.099660
v -1.363458 1.172011 0.094955
v -1.368201 1.172003 0.099670
v -1.363339 1.171566 0.095074
v -1.368089 1.171562 0.099826
v -1.363208 1.171299 0.095204
v -1.367984 1.171291 0.099967
v -1.363024 1.170922 0.095389
v -1.367909 1.171095 0.100069
v -1.362843 1.170695 0.095569
v -1.367725 1.170763 0.100309
v -1.367701 1.170718 0.100341
v -1.363536 1.172299 0.094877
v -1.363578 1.172788 0.094835
v -1.368294 1.172785 0.099537
v -1.363603 1.173077 0.094811
v -1.368307 1.173075 0.099515
v -1.359150 1.172013 0.099263
v -1.363780 1.172354 0.104065
v -1.359073 1.172300 0.099340
v -1.363728 1.172786 0.104101
v -1.359031 1.172789 0.099382
v -1.363717 1.172884 0.104109
v -1.359006 1.173078 0.099407
v -1.363711 1.173077 0.104112
v -1.359399 1.171301 0.099013
v -1.364118 1.171355 0.103822
v -1.359269 1.171568 0.099144
v -1.363913 1.171843 0.103970
v -1.359150 1.172013 0.099263
v -1.363871 1.172006 0.104000
v -1.363780 1.172354 0.104065
v -1.359764 1.170696 0.098648
v -1.364504 1.170772 0.103531
v -1.359584 1.170923 0.098829
v -1.364385 1.170917 0.103624
v -1.359399 1.171301 0.099013
v -1.364158 1.171290 0.103792
v -1.364118 1.171355 0.103822
v -1.360746 1.169949 0.097666
v -1.365399 1.170026 0.102792
v -1.360489 1.170039 0.097924
v -1.365083 1.170220 0.103062
v -1.360222 1.170237 0.098190
v -1.365016 1.170262 0.103120
v -1.359998 1.170403 0.098414
v -1.364685 1.170555 0.103390
v -1.359764 1.170696 0.098648
v -1.364577 1.170684 0.103474
v -1.364504 1.170772 0.103531
v -1.365576 1.170026 0.102969
v -1.365399 1.170026 0.102792
v -1.365822 1.169937 0.102745
v -1.360746 1.169949 0.097666
v -1.365985 1.169878 0.102596
v -1.361026 1.169851 0.097386
v -1.366376 1.169826 0.102218
v -1.361303 1.169851 0.097109
v -1.367106 1.169997 0.101446
v -1.367081 1.169988 0.101473
v -1.361861 1.169949 0.096551
v -1.366940 1.169935 0.101627
v -1.361580 1.169851 0.096832
v -1.366756 1.169867 0.101827
v -1.361303 1.169851 0.097109
v -1.366394 1.169828 0.102199
v -1.366376 1.169826 0.102218
v -1.364577 1.170684 0.103474
v -1.364685 1.170555 0.103390
v -1.364504 1.170026 0.103531
v -1.364685 1.170555 0.103390
v -1.365016 1.170262 0.103120
v -1.364504 1.170026 0.103531
v -1.365083 1.170220 0.103062
v -1.365399 1.170026 0.102792
v -1.363728 1.172786 0.104101
v -1.363780 1.172354 0.104065
v -1.362311 1.170027 0.104985
v -1.363187 1.178027 0.104461
v -1.363713 1.178027 0.104112
v -1.363711 1.173077 0.104112
v -1.363187 1.178027 0.104461
v -1.363711 1.173077 0.104112
v -1.362311 1.170027 0.104985
v -1.363717 1.172884 0.104109
v -1.363728 1.172786 0.104101
v -1.363780 1.172354 0.104065
v -1.363871 1.172006 0.104000
v -1.362311 1.170027 0.104985
v -1.363913 1.171843 0.103970
v -1.364118 1.171355 0.103822
v -1.364118 1.171355 0.103822
v -1.364158 1.171290 0.103792
v -1.362311 1.170027 0.104985
v -1.364385 1.170917 0.103624
v -1.364504 1.170026 0.103531
v -1.364504 1.170772 0.103531
v -1.364577 1.170684 0.103474
v -1.342475 1.170034 0.103531
v -1.342476 1.170771 0.103530
v -1.344668 1.170033 0.104985
v -1.342715 1.171103 0.103714
v -1.342715 1.171103 0.103714
v -1.342818 1.171299 0.103789
v -1.344668 1.170033 0.104985
v -1.342959 1.171570 0.103893
v -1.343115 1.172011 0.104005
v -1.343115 1.172011 0.104005
v -1.343125 1.172041 0.104013
v -1.344668 1.170033 0.104985
v -1.343230 1.172536 0.104086
v -1.343249 1.172793 0.104098
v -1.343249 1.172793 0.104098
v -1.343270 1.173083 0.104112
v -1.344668 1.170033 0.104985
v -1.343272 1.178033 0.104112
v -1.343797 1.178033 0.104461
v -1.341580 1.170034 0.102792
v -1.341786 1.170148 0.102970
v -1.342475 1.170034 0.103531
v -1.341895 1.170229 0.103061
v -1.342126 1.170402 0.103255
v -1.342126 1.170402 0.103255
v -1.342406 1.170688 0.103476
v -1.342475 1.170034 0.103531
v -1.342444 1.170727 0.103506
v -1.342476 1.170771 0.103530
v -1.347054 1.178032 0.106100
v -1.347050 1.170032 0.106104
v -1.345415 1.178033 0.105381
v -1.344668 1.170033 0.104985
v -1.344683 1.178033 0.104964
v -1.343797 1.178033 0.104461
v -1.347054 1.178032 0.106100
v -1.347118 1.178032 0.106129
v -1.347050 1.170032 0.106104
v -1.348890 1.178032 0.106697
v -1.349570 1.170031 0.106863
v -1.352178 1.178030 0.107231
v -1.352174 1.170030 0.107247
v -1.350711 1.178031 0.107079
v -1.349570 1.170031 0.106863
v -1.349577 1.178031 0.106841
v -1.348890 1.178032 0.106697
v -1.352178 1.178030 0.107231
v -1.352562 1.178030 0.107271
v -1.352174 1.170030 0.107247
v -1.354423 1.178030 0.107271
v -1.354805 1.170030 0.107247
v -1.357407 1.178029 0.106841
v -1.357409 1.170029 0.106863
v -1.356273 1.178029 0.107079
v -1.354805 1.170030 0.107247
v -1.354806 1.178030 0.107231
v -1.354423 1.178030 0.107271
v -1.357407 1.178029 0.106841
v -1.358094 1.178028 0.106697
v -1.357409 1.170029 0.106863
v -1.359866 1.178028 0.106129
v -1.359929 1.170028 0.106104
v -1.359866 1.178028 0.106129
v -1.359930 1.178028 0.106100
v -1.359929 1.170028 0.106104
v -1.361570 1.178027 0.105381
v -1.362311 1.170027 0.104985
v -1.362302 1.178027 0.104964
v -1.363187 1.178027 0.104461
v -1.350497 1.191831 0.076295
v -1.350238 1.191797 0.076295
v -1.350320 1.191797 0.075570
v -1.350238 1.191797 0.076295
v -1.349997 1.191697 0.076295
v -1.350084 1.191697 0.075516
v -1.349997 1.191697 0.076295
v -1.349790 1.191538 0.076295
v -1.349882 1.191538 0.075470
v -1.349790 1.191538 0.076295
v -1.349631 1.191331 0.076295
v -1.349728 1.191331 0.075435
v -1.349496 1.190831 0.076295
v -1.349537 1.190831 0.075939
v -1.349531 1.191090 0.076295
v -1.349630 1.191090 0.075412
v -1.349631 1.191331 0.076295
v -1.349537 1.190831 0.075939
v -1.349597 1.190831 0.075405
v -1.349630 1.191090 0.075412
v -1.349745 1.190831 0.074982
v -1.349923 1.191090 0.074574
v -1.349893 1.190831 0.074559
v -1.350396 1.191090 0.073822
v -1.349893 1.190831 0.074559
v -1.350179 1.190831 0.074104
v -1.350396 1.191090 0.073822
v -1.350369 1.190831 0.073801
v -1.351024 1.191090 0.073194
v -1.350369 1.190831 0.073801
v -1.350813 1.190831 0.073357
v -1.351024 1.191090 0.073194
v -1.351002 1.190831 0.073168
v -1.351776 1.191089 0.072722
v -1.351609 1.190831 0.072786
v -1.351609 1.190831 0.072786
v -1.351761 1.190831 0.072691
v -1.351776 1.191089 0.072722
v -1.352522 1.190830 0.072425
v -1.352614 1.191089 0.072428
v -1.352522 1.190830 0.072425
v -1.352606 1.190830 0.072395
v -1.352614 1.191089 0.072428
v -1.353496 1.190830 0.072295
v -1.353497 1.191089 0.072329
v -1.354387 1.190830 0.072395
v -1.354379 1.191089 0.072428
v -1.354471 1.190830 0.072425
v -1.355217 1.191088 0.072722
v -1.354471 1.190830 0.072425
v -1.355232 1.190829 0.072691
v -1.355217 1.191088 0.072722
v -1.355383 1.190829 0.072786
v -1.355969 1.191088 0.073194
v -1.355383 1.190829 0.072786
v -1.355990 1.190829 0.073168
v -1.355969 1.191088 0.073194
v -1.356180 1.190829 0.073357
v -1.356597 1.191088 0.073822
v -1.356180 1.190829 0.073357
v -1.356624 1.190829 0.073801
v -1.356597 1.191088 0.073822
v -1.356814 1.190829 0.074104
v -1.357070 1.191088 0.074574
v -1.356814 1.190829 0.074104
v -1.357100 1.190829 0.074559
v -1.357070 1.191088 0.074574
v -1.357248 1.190829 0.074982
v -1.357363 1.191088 0.075412
v -1.357396 1.190829 0.075405
v -1.357462 1.191087 0.076295
v -1.357456 1.190829 0.075939
v -1.357496 1.190829 0.076295
v -1.349631 1.191331 0.076295
v -1.349630 1.191090 0.075412
v -1.349728 1.191331 0.075435
v -1.349923 1.191090 0.074574
v -1.350013 1.191331 0.074617
v -1.350396 1.191090 0.073822
v -1.350474 1.191331 0.073884
v -1.351024 1.191090 0.073194
v -1.351086 1.191331 0.073272
v -1.351776 1.191089 0.072722
v -1.351819 1.191331 0.072812
v -1.352614 1.191089 0.072428
v -1.352636 1.191330 0.072526
v -1.353497 1.191089 0.072329
v -1.353497 1.191330 0.072429
v -1.354379 1.191089 0.072428
v -1.354357 1.191330 0.072526
v -1.355217 1.191088 0.072722
v -1.355174 1.191329 0.072812
v -1.355969 1.191088 0.073194
v -1.355907 1.191329 0.073272
v -1.356597 1.191088 0.073822
v -1.356519 1.191329 0.073884
v -1.357070 1.191088 0.074574
v -1.356980 1.191329 0.074617
v -1.357363 1.191088 0.075412
v -1.357266 1.191329 0.075435
v -1.357462 1.191087 0.076295
v -1.357363 1.191329 0.076295
v -1.349790 1.191538 0.076295
v -1.349728 1.191331 0.075435
v -1.349882 1.191538 0.075470
v -1.350013 1.191331 0.074617
v -1.350157 1.191538 0.074686
v -1.350474 1.191331 0.073884
v -1.350598 1.191538 0.073983
v -1.351086 1.191331 0.073272
v -1.351185 1.191538 0.073397
v -1.351819 1.191331 0.072812
v -1.351888 1.191538 0.072955
v -1.352636 1.191330 0.072526
v -1.352672 1.191537 0.072681
v -1.353497 1.191330 0.072429
v -1.353497 1.191537 0.072588
v -1.354357 1.191330 0.072526
v -1.354322 1.191537 0.072681
v -1.355174 1.191329 0.072812
v -1.355105 1.191537 0.072955
v -1.355907 1.191329 0.073272
v -1.355808 1.191536 0.073397
v -1.356519 1.191329 0.073884
v -1.356395 1.191536 0.073983
v -1.356980 1.191329 0.074617
v -1.356837 1.191536 0.074686
v -1.357266 1.191329 0.075435
v -1.357111 1.191536 0.075470
v -1.357363 1.191329 0.076295
v -1.357204 1.191536 0.076295
v -1.349997 1.191697 0.076295
v -1.349882 1.191538 0.075470
v -1.350084 1.191697 0.075516
v -1.350157 1.191538 0.074686
v -1.350343 1.191697 0.074776
v -1.350598 1.191538 0.073983
v -1.350760 1.191697 0.074113
v -1.351185 1.191538 0.073397
v -1.351315 1.191697 0.073558
v -1.351888 1.191538 0.072955
v -1.351978 1.191697 0.073141
v -1.352672 1.191537 0.072681
v -1.352718 1.191696 0.072883
v -1.353497 1.191537 0.072588
v -1.353497 1.191696 0.072795
v -1.354322 1.191537 0.072681
v -1.354276 1.191696 0.072883
v -1.355105 1.191537 0.072955
v -1.355015 1.191696 0.073141
v -1.355808 1.191536 0.073397
v -1.355679 1.191695 0.073558
v -1.356395 1.191536 0.073983
v -1.356233 1.191695 0.074113
v -1.356837 1.191536 0.074686
v -1.356650 1.191695 0.074776
v -1.357111 1.191536 0.075470
v -1.356909 1.191695 0.075516
v -1.357204 1.191536 0.076295
v -1.356997 1.191695 0.076295
v -1.350238 1.191797 0.076295
v -1.350084 1.191697 0.075516
v -1.350320 1.191797 0.075570
v -1.350343 1.191697 0.074776
v -1.350561 1.191797 0.074881
v -1.350760 1.191697 0.074113
v -1.350949 1.191797 0.074263
v -1.351315 1.191697 0.073558
v -1.351465 1.191797 0.073747
v -1.351978 1.191697 0.073141
v -1.352083 1.191796 0.073359
v -1.352718 1.191696 0.072883
v -1.352772 1.191796 0.073118
v -1.353497 1.191696 0.072795
v -1.353497 1.191796 0.073036
v -1.354276 1.191696 0.072883
v -1.354222 1.191796 0.073118
v -1.355015 1.191696 0.073141
v -1.354911 1.191795 0.073359
v -1.355679 1.191695 0.073558
v -1.355529 1.191795 0.073747
v -1.356233 1.191695 0.074113
v -1.356045 1.191795 0.074263
v -1.356650 1.191695 0.074776
v -1.356433 1.191795 0.074881
v -1.356909 1.191695 0.075516
v -1.356674 1.191795 0.075570
v -1.356997 1.191695 0.076295
v -1.356756 1.191795 0.076295
v -1.350497 1.191831 0.076295
v -1.350320 1.191797 0.075570
v -1.350572 1.191831 0.075627
v -1.350561 1.191797 0.074881
v -1.350794 1.191831 0.074993
v -1.350949 1.191797 0.074263
v -1.351151 1.191831 0.074424
v -1.351465 1.191797 0.073747
v -1.351626 1.191831 0.073949
v -1.352083 1.191796 0.073359
v -1.352195 1.191830 0.073592
v -1.352772 1.191796 0.073118
v -1.352829 1.191830 0.073370
v -1.353497 1.191796 0.073036
v -1.353497 1.191830 0.073295
v -1.354222 1.191796 0.073118
v -1.354164 1.191830 0.073370
v -1.354911 1.191795 0.073359
v -1.354798 1.191830 0.073592
v -1.355529 1.191795 0.073747
v -1.355367 1.191829 0.073949
v -1.356045 1.191795 0.074263
v -1.355842 1.191829 0.074424
v -1.356433 1.191795 0.074881
v -1.356200 1.191829 0.074993
v -1.356674 1.191795 0.075570
v -1.356422 1.191829 0.075627
v -1.356756 1.191795 0.076295
v -1.356497 1.191829 0.076295
v -1.349493 1.180031 0.076295
v -1.349496 1.190831 0.076295
v -1.349493 1.180031 0.102295
v -1.349496 1.190831 0.102295
v -1.356497 1.191829 0.102295
v -1.350497 1.191831 0.102295
v -1.356497 1.191829 0.076295
v -1.350497 1.191831 0.076295
v -1.356200 1.191829 0.103596
v -1.355842 1.191829 0.104165
v -1.353497 1.191830 0.105295
v -1.356200 1.191829 0.103596
v -1.353497 1.191830 0.105295
v -1.356422 1.191829 0.102962
v -1.352195 1.191830 0.104998
v -1.351626 1.191831 0.104640
v -1.356497 1.191829 0.102295
v -1.351151 1.191831 0.104165
v -1.351151 1.191831 0.074424
v -1.351626 1.191831 0.073949
v -1.356497 1.191829 0.076295
v -1.352195 1.191830 0.073592
v -1.352829 1.191830 0.073370
v -1.355842 1.191829 0.104165
v -1.355367 1.191829 0.104640
v -1.353497 1.191830 0.105295
v -1.354798 1.191830 0.104998
v -1.354164 1.191830 0.105220
v -1.356422 1.191829 0.102962
v -1.353497 1.191830 0.105295
v -1.356497 1.191829 0.102295
v -1.352829 1.191830 0.105220
v -1.352195 1.191830 0.104998
v -1.350497 1.191831 0.076295
v -1.350572 1.191831 0.075627
v -1.356497 1.191829 0.076295
v -1.350794 1.191831 0.074993
v -1.351151 1.191831 0.074424
v -1.352829 1.191830 0.073370
v -1.353497 1.191830 0.073295
v -1.356497 1.191829 0.076295
v -1.354164 1.191830 0.073370
v -1.354798 1.191830 0.073592
v -1.351151 1.191831 0.104165
v -1.350794 1.191831 0.103596
v -1.356497 1.191829 0.102295
v -1.350572 1.191831 0.102962
v -1.350497 1.191831 0.102295
v -1.354798 1.191830 0.073592
v -1.355367 1.191829 0.073949
v -1.356497 1.191829 0.076295
v -1.355842 1.191829 0.074424
v -1.356422 1.191829 0.075627
v -1.356200 1.191829 0.074993
v -1.349496 1.190831 0.102295
v -1.349496 1.190831 0.076295
v -1.349531 1.191090 0.076295
v -1.349496 1.190831 0.102295
v -1.349531 1.191090 0.076295
v -1.349531 1.191090 0.102295
v -1.349631 1.191331 0.076295
v -1.349631 1.191331 0.102295
v -1.349790 1.191538 0.076295
v -1.349790 1.191538 0.102295
v -1.349997 1.191697 0.076295
v -1.349997 1.191697 0.102295
v -1.350238 1.191797 0.076295
v -1.350238 1.191797 0.102295
v -1.350497 1.191831 0.076295
v -1.350497 1.191831 0.102295
v -1.356497 1.191829 0.102295
v -1.356756 1.191795 0.102295
v -1.356674 1.191795 0.103020
v -1.356756 1.191795 0.102295
v -1.356997 1.191695 0.102295
v -1.356909 1.191695 0.103074
v -1.356997 1.191695 0.102295
v -1.357204 1.191536 0.102295
v -1.357111 1.191536 0.103120
v -1.357204 1.191536 0.102295
v -1.357363 1.191329 0.102295
v -1.357266 1.191329 0.103155
v -1.357363 1.191329 0.102295
v -1.357462 1.191087 0.102295
v -1.357363 1.191088 0.103177
v -1.357462 1.191087 0.102295
v -1.357496 1.190829 0.102295
v -1.357456 1.190829 0.102651
v -1.357462 1.191087 0.102295
v -1.357456 1.190829 0.102651
v -1.357363 1.191088 0.103177
v -1.357396 1.190829 0.103185
v -1.357070 1.191088 0.104016
v -1.357396 1.190829 0.103185
v -1.357248 1.190829 0.103608
v -1.357070 1.191088 0.104016
v -1.357100 1.190829 0.104030
v -1.356597 1.191088 0.104768
v -1.357100 1.190829 0.104030
v -1.356814 1.190829 0.104486
v -1.356597 1.191088 0.104768
v -1.356624 1.190829 0.104789
v -1.355969 1.191088 0.105396
v -1.356624 1.190829 0.104789
v -1.356180 1.190829 0.105232
v -1.355969 1.191088 0.105396
v -1.355990 1.190829 0.105422
v -1.355217 1.191088 0.105868
v -1.355383 1.190829 0.105804
v -1.355383 1.190829 0.105804
v -1.355232 1.190829 0.105899
v -1.355217 1.191088 0.105868
v -1.354471 1.190830 0.106165
v -1.354379 1.191089 0.106161
v -1.354471 1.190830 0.106165
v -1.354387 1.190830 0.106195
v -1.354379 1.191089 0.106161
v -1.353496 1.190830 0.106295
v -1.353497 1.191089 0.106261
v -1.352606 1.190830 0.106195
v -1.352614 1.191089 0.106161
v -1.352522 1.190830 0.106165
v -1.351776 1.191089 0.105868
v -1.352522 1.190830 0.106165
v -1.351761 1.190831 0.105899
v -1.351776 1.191089 0.105868
v -1.351609 1.190831 0.105804
v -1.351024 1.191090 0.105396
v -1.351609 1.190831 0.105804
v -1.351002 1.190831 0.105422
v -1.351024 1.191090 0.105396
v -1.350813 1.190831 0.105232
v -1.350396 1.191090 0.104768
v -1.350813 1.190831 0.105232
v -1.350369 1.190831 0.104789
v -1.350396 1.191090 0.104768
v -1.350179 1.190831 0.104486
v -1.349923 1.191090 0.104016
v -1.350179 1.190831 0.104486
v -1.349892 1.190831 0.104030
v -1.349923 1.191090 0.104016
v -1.349745 1.190831 0.103608
v -1.349630 1.191090 0.103177
v -1.349597 1.190831 0.103185
v -1.349531 1.191090 0.102295
v -1.349537 1.190831 0.102651
v -1.349496 1.190831 0.102295
v -1.357363 1.191329 0.102295
v -1.357363 1.191088 0.103177
v -1.357266 1.191329 0.103155
v -1.357070 1.191088 0.104016
v -1.356980 1.191329 0.103972
v -1.356597 1.191088 0.104768
v -1.356519 1.191329 0.104705
v -1.355969 1.191088 0.105396
v -1.355907 1.191329 0.105317
v -1.355217 1.191088 0.105868
v -1.355174 1.191329 0.105778
v -1.354379 1.191089 0.106161
v -1.354357 1.191330 0.106064
v -1.353497 1.191089 0.106261
v -1.353497 1.191330 0.106161
v -1.352614 1.191089 0.106161
v -1.352636 1.191330 0.106064
v -1.351776 1.191089 0.105868
v -1.351819 1.191331 0.105778
v -1.351024 1.191090 0.105396
v -1.351086 1.191331 0.105317
v -1.350396 1.191090 0.104768
v -1.350474 1.191331 0.104705
v -1.349923 1.191090 0.104016
v -1.350013 1.191331 0.103972
v -1.349630 1.191090 0.103177
v -1.349728 1.191331 0.103155
v -1.349531 1.191090 0.102295
v -1.349631 1.191331 0.102295
v -1.357204 1.191536 0.102295
v -1.357266 1.191329 0.103155
v -1.357111 1.191536 0.103120
v -1.356980 1.191329 0.103972
v -1.356837 1.191536 0.103903
v -1.356519 1.191329 0.104705
v -1.356395 1.191536 0.104606
v -1.355907 1.191329 0.105317
v -1.355808 1.191536 0.105193
v -1.355174 1.191329 0.105778
v -1.355105 1.191537 0.105635
v -1.354357 1.191330 0.106064
v -1.354322 1.191537 0.105909
v -1.353497 1.191330 0.106161
v -1.353497 1.191537 0.106002
v -1.352636 1.191330 0.106064
v -1.352672 1.191537 0.105909
v -1.351819 1.191331 0.105778
v -1.351888 1.191538 0.105635
v -1.351086 1.191331 0.105317
v -1.351185 1.191538 0.105193
v -1.350474 1.191331 0.104705
v -1.350598 1.191538 0.104606
v -1.350013 1.191331 0.103972
v -1.350157 1.191538 0.103903
v -1.349728 1.191331 0.103155
v -1.349882 1.191538 0.103120
v -1.349631 1.191331 0.102295
v -1.349790 1.191538 0.102295
v -1.356997 1.191695 0.102295
v -1.357111 1.191536 0.103120
v -1.356909 1.191695 0.103074
v -1.356837 1.191536 0.103903
v -1.356650 1.191695 0.103813
v -1.356395 1.191536 0.104606
v -1.356233 1.191695 0.104477
v -1.355808 1.191536 0.105193
v -1.355679 1.191695 0.105031
v -1.355105 1.191537 0.105635
v -1.355015 1.191696 0.105448
v -1.354322 1.191537 0.105909
v -1.354276 1.191696 0.105707
v -1.353497 1.191537 0.106002
v -1.353497 1.191696 0.105795
v -1.352672 1.191537 0.105909
v -1.352718 1.191696 0.105707
v -1.351888 1.191538 0.105635
v -1.351978 1.191697 0.105448
v -1.351185 1.191538 0.105193
v -1.351315 1.191697 0.105031
v -1.350598 1.191538 0.104606
v -1.350760 1.191697 0.104477
v -1.350157 1.191538 0.103903
v -1.350343 1.191697 0.103813
v -1.349882 1.191538 0.103120
v -1.350084 1.191697 0.103074
v -1.349790 1.191538 0.102295
v -1.349997 1.191697 0.102295
v -1.356756 1.191795 0.102295
v -1.356909 1.191695 0.103074
v -1.356674 1.191795 0.103020
v -1.356650 1.191695 0.103813
v -1.356433 1.191795 0.103709
v -1.356233 1.191695 0.104477
v -1.356045 1.191795 0.104327
v -1.355679 1.191695 0.105031
v -1.355529 1.191795 0.104843
v -1.355015 1.191696 0.105448
v -1.354911 1.191795 0.105231
v -1.354276 1.191696 0.105707
v -1.354222 1.191796 0.105472
v -1.353497 1.191696 0.105795
v -1.353497 1.191796 0.105554
v -1.352718 1.191696 0.105707
v -1.352772 1.191796 0.105472
v -1.351978 1.191697 0.105448
v -1.352083 1.191796 0.105231
v -1.351315 1.191697 0.105031
v -1.351465 1.191797 0.104843
v -1.350760 1.191697 0.104477
v -1.350949 1.191797 0.104327
v -1.350343 1.191697 0.103813
v -1.350561 1.191797 0.103709
v -1.350084 1.191697 0.103074
v -1.350320 1.191797 0.103020
v -1.349997 1.191697 0.102295
v -1.350238 1.191797 0.102295
v -1.356497 1.191829 0.102295
v -1.356674 1.191795 0.103020
v -1.356422 1.191829 0.102962
v -1.356433 1.191795 0.103709
v -1.356200 1.191829 0.103596
v -1.356045 1.191795 0.104327
v -1.355842 1.191829 0.104165
v -1.355529 1.191795 0.104843
v -1.355367 1.191829 0.104640
v -1.354911 1.191795 0.105231
v -1.354798 1.191830 0.104998
v -1.354222 1.191796 0.105472
v -1.354164 1.191830 0.105220
v -1.353497 1.191796 0.105554
v -1.353497 1.191830 0.105295
v -1.352772 1.191796 0.105472
v -1.352829 1.191830 0.105220
v -1.352083 1.191796 0.105231
v -1.352195 1.191830 0.104998
v -1.351465 1.191797 0.104843
v -1.351626 1.191831 0.104640
v -1.350949 1.191797 0.104327
v -1.351151 1.191831 0.104165
v -1.350561 1.191797 0.103709
v -1.350794 1.191831 0.103596
v -1.350320 1.191797 0.103020
v -1.350572 1.191831 0.102962
v -1.350238 1.191797 0.102295
v -1.350497 1.191831 0.102295
v -1.356232 1.180024 0.105208
v -1.356188 1.180019 0.105244
v -1.356180 1.190829 0.105232
v -1.353671 1.179764 0.106291
v -1.353493 1.179766 0.106286
v -1.353496 1.190830 0.106295
v -1.349493 1.180031 0.102295
v -1.349496 1.190831 0.102295
v -1.349537 1.190831 0.102651
v -1.349493 1.180031 0.102295
v -1.349537 1.190831 0.102651
v -1.349509 1.180031 0.102653
v -1.349597 1.190831 0.103185
v -1.349717 1.180031 0.103616
v -1.349597 1.190831 0.103185
v -1.349745 1.190831 0.103608
v -1.349717 1.180031 0.103616
v -1.349892 1.190831 0.104030
v -1.350155 1.180031 0.104498
v -1.349892 1.190831 0.104030
v -1.350179 1.190831 0.104486
v -1.350155 1.180031 0.104498
v -1.350369 1.190831 0.104789
v -1.350570 1.180031 0.105026
v -1.350813 1.190831 0.105232
v -1.350802 1.180017 0.105239
v -1.351463 1.179947 0.105741
v -1.351032 1.180001 0.105443
v -1.351609 1.190831 0.105804
v -1.350996 1.180006 0.105417
v -1.351002 1.190831 0.105422
v -1.351002 1.190831 0.105422
v -1.350996 1.180006 0.105417
v -1.350813 1.190831 0.105232
v -1.350975 1.180007 0.105398
v -1.350802 1.180017 0.105239
v -1.351463 1.179947 0.105741
v -1.351609 1.190831 0.105804
v -1.351601 1.179928 0.105809
v -1.351761 1.190831 0.105899
v -1.352005 1.179873 0.106008
v -1.352522 1.190830 0.106165
v -1.352117 1.179860 0.106043
v -1.353493 1.179766 0.106286
v -1.353093 1.179771 0.106275
v -1.353496 1.190830 0.106295
v -1.352618 1.179804 0.106196
v -1.352606 1.190830 0.106195
v -1.352595 1.179805 0.106193
v -1.352522 1.190830 0.106165
v -1.352517 1.179814 0.106168
v -1.352117 1.179860 0.106043
v -1.354878 1.179859 0.106043
v -1.354471 1.190830 0.106165
v -1.355356 1.179923 0.105834
v -1.355232 1.190829 0.105899
v -1.355387 1.179927 0.105815
v -1.355383 1.190829 0.105804
v -1.355797 1.179982 0.105564
v -1.354878 1.179859 0.106043
v -1.354824 1.179852 0.106067
v -1.354471 1.190830 0.106165
v -1.354467 1.179815 0.106164
v -1.354387 1.190830 0.106195
v -1.354367 1.179805 0.106191
v -1.353496 1.190830 0.106295
v -1.354253 1.179793 0.106222
v -1.353671 1.179764 0.106291
v -1.356180 1.190829 0.105232
v -1.356188 1.180019 0.105244
v -1.355990 1.190829 0.105422
v -1.356009 1.180002 0.105391
v -1.355383 1.190829 0.105804
v -1.355947 1.179996 0.105442
v -1.355797 1.179982 0.105564
v -1.356232 1.180024 0.105208
v -1.356180 1.190829 0.105232
v -1.356416 1.180029 0.105026
v -1.356624 1.190829 0.104789
v -1.356831 1.180029 0.104498
v -1.356624 1.190829 0.104789
v -1.356814 1.190829 0.104486
v -1.356831 1.180029 0.104498
v -1.357100 1.190829 0.104030
v -1.357268 1.180029 0.103616
v -1.357100 1.190829 0.104030
v -1.357248 1.190829 0.103608
v -1.357268 1.180029 0.103616
v -1.357396 1.190829 0.103185
v -1.357477 1.180029 0.102653
v -1.357396 1.190829 0.103185
v -1.357456 1.190829 0.102651
v -1.357477 1.180029 0.102653
v -1.357496 1.190829 0.102295
v -1.357493 1.180029 0.102295
v -1.356497 1.191829 0.102295
v -1.356497 1.191829 0.076295
v -1.356756 1.191795 0.076295
v -1.356497 1.191829 0.102295
v -1.356756 1.191795 0.076295
v -1.356756 1.191795 0.102295
v -1.356997 1.191695 0.076295
v -1.356997 1.191695 0.102295
v -1.357204 1.191536 0.076295
v -1.357204 1.191536 0.102295
v -1.357363 1.191329 0.076295
v -1.357363 1.191329 0.102295
v -1.357462 1.191087 0.076295
v -1.357462 1.191087 0.102295
v -1.357496 1.190829 0.076295
v -1.357496 1.190829 0.102295
v -1.357493 1.180029 0.102295
v -1.357496 1.190829 0.102295
v -1.357493 1.180029 0.076295
v -1.357496 1.190829 0.076295
v -1.350754 1.180025 0.073382
v -1.350797 1.180021 0.073346
v -1.350813 1.190831 0.073357
v -1.357493 1.180029 0.076295
v -1.357496 1.190829 0.076295
v -1.357456 1.190829 0.075939
v -1.357493 1.180029 0.076295
v -1.357456 1.190829 0.075939
v -1.357477 1.180029 0.075936
v -1.357396 1.190829 0.075405
v -1.357268 1.180029 0.074974
v -1.357396 1.190829 0.075405
v -1.357248 1.190829 0.074982
v -1.357268 1.180029 0.074974
v -1.357100 1.190829 0.074559
v -1.356831 1.180029 0.074091
v -1.357100 1.190829 0.074559
v -1.356814 1.190829 0.074104
v -1.356831 1.180029 0.074091
v -1.356624 1.190829 0.073801
v -1.356416 1.180029 0.073564
v -1.356180 1.190829 0.073357
v -1.356184 1.180016 0.073351
v -1.355523 1.179946 0.072848
v -1.355953 1.180000 0.073147
v -1.355383 1.190829 0.072786
v -1.355990 1.180004 0.073172
v -1.355990 1.190829 0.073168
v -1.355990 1.190829 0.073168
v -1.355990 1.180004 0.073172
v -1.356180 1.190829 0.073357
v -1.356011 1.180006 0.073192
v -1.356184 1.180016 0.073351
v -1.355523 1.179946 0.072848
v -1.355383 1.190829 0.072786
v -1.355384 1.179927 0.072780
v -1.355232 1.190829 0.072691
v -1.354980 1.179871 0.072582
v -1.354471 1.190830 0.072425
v -1.354869 1.179859 0.072547
v -1.353496 1.190830 0.072295
v -1.354367 1.179803 0.072393
v -1.354387 1.190830 0.072395
v -1.354391 1.179805 0.072397
v -1.354471 1.190830 0.072425
v -1.354468 1.179814 0.072421
v -1.354869 1.179859 0.072547
v -1.353315 1.179764 0.072299
v -1.353492 1.179766 0.072304
v -1.353496 1.190830 0.072295
v -1.353893 1.179771 0.072315
v -1.354367 1.179803 0.072393
v -1.352107 1.179860 0.072547
v -1.352522 1.190830 0.072425
v -1.351629 1.179924 0.072755
v -1.351761 1.190831 0.072691
v -1.351599 1.179928 0.072774
v -1.351609 1.190831 0.072786
v -1.351188 1.179984 0.073025
v -1.352107 1.179860 0.072547
v -1.352161 1.179853 0.072523
v -1.352522 1.190830 0.072425
v -1.352518 1.179816 0.072426
v -1.352606 1.190830 0.072395
v -1.352619 1.179805 0.072399
v -1.353496 1.190830 0.072295
v -1.352733 1.179793 0.072368
v -1.353315 1.179764 0.072299
v -1.350813 1.190831 0.073357
v -1.350797 1.180021 0.073346
v -1.351002 1.190831 0.073168
v -1.350977 1.180004 0.073199
v -1.351609 1.190831 0.072786
v -1.351039 1.179998 0.073148
v -1.351188 1.179984 0.073025
v -1.350754 1.180025 0.073382
v -1.350813 1.190831 0.073357
v -1.350570 1.180031 0.073564
v -1.350369 1.190831 0.073801
v -1.350155 1.180031 0.074091
v -1.350369 1.190831 0.073801
v -1.350179 1.190831 0.074104
v -1.350155 1.180031 0.074091
v -1.349893 1.190831 0.074559
v -1.349717 1.180031 0.074974
v -1.349893 1.190831 0.074559
v -1.349745 1.190831 0.074982
v -1.349717 1.180031 0.074974
v -1.349597 1.190831 0.075405
v -1.349509 1.180031 0.075936
v -1.349597 1.190831 0.075405
v -1.349537 1.190831 0.075939
v -1.349509 1.180031 0.075936
v -1.349496 1.190831 0.076295
v -1.349493 1.180031 0.076295
vt 0.324922 0.789931
vt 0.288611 0.789931
vt 0.288611 0.755208
vt 0.734321 0.293239
vt 0.737396 0.290164
vt 0.747159 0.308770
vt 0.757683 0.315644
vt 0.772401 0.346853
vt 0.781779 0.355127
vt 0.791820 0.388209
vt 0.799870 0.397698
vt 0.805002 0.431955
vt 0.811570 0.442450
vt 0.811664 0.477156
vt 0.816629 0.488428
vt 0.811664 0.522844
vt 0.814939 0.534653
vt 0.805002 0.568045
vt 0.806538 0.580140
vt 0.791820 0.611791
vt 0.791603 0.623918
vt 0.772401 0.653147
vt 0.770453 0.665055
vt 0.747159 0.691230
vt 0.743538 0.702674
vt 0.734321 0.706761
vt 0.737396 0.709836
vt 0.251762 0.624654
vt 0.240220 0.598362
vt 0.251370 0.565547
vt 0.350386 0.734043
vt 0.347574 0.732221
vt 0.404240 0.675555
vt 0.350386 0.734043
vt 0.404240 0.675555
vt 0.375346 0.748238
vt 0.514357 0.777407
vt 0.485643 0.777407
vt 0.404240 0.675555
vt 0.457083 0.774442
vt 0.514357 0.777407
vt 0.404240 0.675555
vt 0.542917 0.774442
vt 0.413207 0.663870
vt 0.571019 0.768546
vt 0.251370 0.565547
vt 0.240220 0.598362
vt 0.236049 0.557956
vt 0.231454 0.571019
vt 0.226896 0.550743
vt 0.324445 0.595760
vt 0.267779 0.652426
vt 0.265957 0.649614
vt 0.675555 0.595760
vt 0.768546 0.571019
vt 0.759780 0.598362
vt 0.759780 0.598362
vt 0.748238 0.624654
vt 0.675555 0.595760
vt 0.734043 0.649614
vt 0.732221 0.652426
vt 0.457083 0.774442
vt 0.428981 0.768546
vt 0.404240 0.675555
vt 0.401638 0.759780
vt 0.375346 0.748238
vt 0.675555 0.595760
vt 0.663870 0.586793
vt 0.768546 0.571019
vt 0.650261 0.581157
vt 0.635658 0.579234
vt 0.652426 0.732221
vt 0.649614 0.734043
vt 0.595760 0.675555
vt 0.624654 0.748238
vt 0.413207 0.663870
vt 0.598362 0.759780
vt 0.571019 0.768546
vt 0.265957 0.649614
vt 0.251762 0.624654
vt 0.324445 0.595760
vt 0.251370 0.565547
vt 0.336130 0.586793
vt 0.268081 0.569165
vt 0.349739 0.581157
vt 0.364342 0.579234
vt 0.418843 0.621054
vt 0.413207 0.607446
vt 0.581157 0.621054
vt 0.404240 0.595760
vt 0.731919 0.569165
vt 0.748630 0.565547
vt 0.768546 0.571019
vt 0.763951 0.557956
vt 0.773104 0.550743
vt 0.274306 0.569444
vt 0.607446 0.586793
vt 0.268081 0.569165
vt 0.595760 0.595760
vt 0.364342 0.579234
vt 0.586793 0.607446
vt 0.378946 0.581157
vt 0.581157 0.621054
vt 0.392554 0.586793
vt 0.404240 0.595760
vt 0.418843 0.621054
vt 0.581157 0.621054
vt 0.420766 0.635658
vt 0.579234 0.635658
vt 0.418843 0.650261
vt 0.581157 0.650261
vt 0.413207 0.663870
vt 0.586793 0.663870
vt 0.595760 0.675555
vt 0.731919 0.569165
vt 0.768546 0.571019
vt 0.725694 0.569444
vt 0.635658 0.579234
vt 0.274306 0.569444
vt 0.621054 0.581157
vt 0.607446 0.586793
vt 0.748238 0.375346
vt 0.759780 0.401638
vt 0.748630 0.434453
vt 0.571019 0.231454
vt 0.598362 0.240220
vt 0.413207 0.336130
vt 0.649614 0.265957
vt 0.652426 0.267779
vt 0.595760 0.324445
vt 0.649614 0.265957
vt 0.595760 0.324445
vt 0.624654 0.251762
vt 0.265957 0.350386
vt 0.267779 0.347574
vt 0.324445 0.404240
vt 0.457083 0.225558
vt 0.485643 0.222593
vt 0.404240 0.324445
vt 0.514357 0.222593
vt 0.413207 0.336130
vt 0.542917 0.225558
vt 0.571019 0.231454
vt 0.265957 0.350386
vt 0.324445 0.404240
vt 0.251762 0.375346
vt 0.748630 0.434453
vt 0.759780 0.401638
vt 0.763951 0.442044
vt 0.768546 0.428981
vt 0.773104 0.449257
vt 0.675555 0.404240
vt 0.732221 0.347574
vt 0.734043 0.350386
vt 0.347574 0.267779
vt 0.350386 0.265957
vt 0.404240 0.324445
vt 0.375346 0.251762
vt 0.231454 0.428981
vt 0.336130 0.413207
vt 0.349739 0.418843
vt 0.375346 0.251762
vt 0.401638 0.240220
vt 0.404240 0.324445
vt 0.428981 0.231454
vt 0.457083 0.225558
vt 0.336130 0.413207
vt 0.231454 0.428981
vt 0.324445 0.404240
vt 0.240220 0.401638
vt 0.251762 0.375346
vt 0.274306 0.430556
vt 0.268081 0.430835
vt 0.231454 0.428981
vt 0.268081 0.430835
vt 0.251370 0.434453
vt 0.231454 0.428981
vt 0.236049 0.442044
vt 0.226896 0.449257
vt 0.364342 0.420766
vt 0.378946 0.418843
vt 0.621054 0.418843
vt 0.392554 0.413207
vt 0.404240 0.404240
vt 0.581157 0.378946
vt 0.586793 0.392554
vt 0.418843 0.378946
vt 0.595760 0.404240
vt 0.404240 0.404240
vt 0.413207 0.392554
vt 0.621054 0.418843
vt 0.418843 0.378946
vt 0.607446 0.413207
vt 0.595760 0.404240
vt 0.349739 0.418843
vt 0.364342 0.420766
vt 0.231454 0.428981
vt 0.621054 0.418843
vt 0.274306 0.430556
vt 0.635658 0.420766
vt 0.725694 0.430556
vt 0.650261 0.418843
vt 0.731919 0.430835
vt 0.663870 0.413207
vt 0.748630 0.434453
vt 0.675555 0.404240
vt 0.748238 0.375346
vt 0.734043 0.350386
vt 0.581157 0.378946
vt 0.418843 0.378946
vt 0.579234 0.364342
vt 0.420766 0.364342
vt 0.581157 0.349739
vt 0.418843 0.349739
vt 0.586793 0.336130
vt 0.413207 0.336130
vt 0.595760 0.324445
vt 0.598362 0.240220
vt 0.624654 0.251762
vt 0.732221 0.795139
vt 0.675555 0.795139
vt 0.675555 0.674479
vt 0.755872 0.771810
vt 0.755007 0.774340
vt 0.675555 0.674479
vt 0.675555 0.674479
vt 0.757237 0.674479
vt 0.757237 0.760417
vt 0.757237 0.760417
vt 0.757066 0.764621
vt 0.675555 0.674479
vt 0.756803 0.766202
vt 0.755872 0.771810
vt 0.755007 0.774340
vt 0.753558 0.778577
vt 0.675555 0.674479
vt 0.751866 0.781655
vt 0.750511 0.784121
vt 0.750511 0.784121
vt 0.747557 0.787715
vt 0.675555 0.674479
vt 0.746736 0.788713
vt 0.742442 0.792122
vt 0.742442 0.792122
vt 0.737458 0.794374
vt 0.675555 0.674479
vt 0.736413 0.794526
vt 0.732221 0.795139
vt 0.675555 0.674479
vt 0.675555 0.795139
vt 0.665533 0.674479
vt 0.663870 0.795139
vt 0.663870 0.674479
vt 0.663870 0.674479
vt 0.663870 0.795139
vt 0.654142 0.674479
vt 0.650261 0.795139
vt 0.650261 0.674479
vt 0.650261 0.674479
vt 0.650261 0.795139
vt 0.641913 0.674479
vt 0.635658 0.795139
vt 0.635658 0.674479
vt 0.635658 0.674479
vt 0.635658 0.795139
vt 0.629402 0.674479
vt 0.621054 0.795139
vt 0.621054 0.674479
vt 0.621054 0.674479
vt 0.621054 0.795139
vt 0.617173 0.674479
vt 0.607446 0.795139
vt 0.607446 0.674479
vt 0.607446 0.674479
vt 0.607446 0.795139
vt 0.605782 0.674479
vt 0.595760 0.795139
vt 0.595760 0.674479
vt 0.595760 0.674479
vt 0.595760 0.795139
vt 0.394218 0.674479
vt 0.392554 0.795139
vt 0.392554 0.674479
vt 0.392554 0.674479
vt 0.392554 0.795139
vt 0.382827 0.674479
vt 0.378946 0.795139
vt 0.378946 0.674479
vt 0.378946 0.674479
vt 0.378946 0.795139
vt 0.370598 0.674479
vt 0.364342 0.795139
vt 0.364342 0.674479
vt 0.364342 0.674479
vt 0.364342 0.795139
vt 0.358087 0.674479
vt 0.349739 0.795139
vt 0.349739 0.674479
vt 0.349739 0.674479
vt 0.349739 0.795139
vt 0.345858 0.674479
vt 0.336130 0.795139
vt 0.336130 0.674479
vt 0.336130 0.674479
vt 0.336130 0.795139
vt 0.334467 0.674479
vt 0.404240 0.795139
vt 0.404240 0.674479
vt 0.751866 0.781655
vt 0.750511 0.784121
vt 0.747557 0.787715
vt 0.675555 0.795139
vt 0.675555 0.674479
vt 0.732221 0.795139
vt 0.757237 0.674479
vt 0.736413 0.794526
vt 0.757237 0.760417
vt 0.747557 0.787715
vt 0.746736 0.788713
vt 0.756803 0.766202
vt 0.742442 0.792122
vt 0.756803 0.766202
vt 0.755872 0.771810
vt 0.747557 0.787715
vt 0.755007 0.774340
vt 0.751866 0.781655
vt 0.753558 0.778577
vt 0.757237 0.760417
vt 0.757066 0.764621
vt 0.736413 0.794526
vt 0.756803 0.766202
vt 0.737458 0.794374
vt 0.742442 0.792122
vt 0.595760 0.674479
vt 0.595760 0.795139
vt 0.665533 0.674479
vt 0.663870 0.795139
vt 0.663870 0.674479
vt 0.663870 0.674479
vt 0.663870 0.795139
vt 0.654142 0.674479
vt 0.650261 0.795139
vt 0.650261 0.674479
vt 0.650261 0.674479
vt 0.650261 0.795139
vt 0.641913 0.674479
vt 0.635658 0.795139
vt 0.635658 0.674479
vt 0.635658 0.674479
vt 0.635658 0.795139
vt 0.629402 0.674479
vt 0.621054 0.795139
vt 0.621054 0.674479
vt 0.621054 0.674479
vt 0.621054 0.795139
vt 0.617173 0.674479
vt 0.607446 0.795139
vt 0.607446 0.674479
vt 0.607446 0.674479
vt 0.607446 0.795139
vt 0.605782 0.674479
vt 0.404240 0.795139
vt 0.404240 0.674479
vt 0.404240 0.674479
vt 0.404240 0.795139
vt 0.394218 0.674479
vt 0.392554 0.795139
vt 0.392554 0.674479
vt 0.392554 0.674479
vt 0.392554 0.795139
vt 0.382827 0.674479
vt 0.378946 0.795139
vt 0.378946 0.674479
vt 0.378946 0.674479
vt 0.378946 0.795139
vt 0.370598 0.674479
vt 0.364342 0.795139
vt 0.364342 0.674479
vt 0.364342 0.674479
vt 0.364342 0.795139
vt 0.358087 0.674479
vt 0.349739 0.795139
vt 0.349739 0.674479
vt 0.349739 0.674479
vt 0.349739 0.795139
vt 0.345858 0.674479
vt 0.336130 0.795139
vt 0.336130 0.674479
vt 0.336130 0.674479
vt 0.336130 0.795139
vt 0.334467 0.674479
vt 0.324445 0.795139
vt 0.324445 0.674479
vt 0.293239 0.265679
vt 0.290164 0.262604
vt 0.308770 0.252841
vt 0.306356 0.249222
vt 0.346853 0.227599
vt 0.344933 0.223700
vt 0.388209 0.208180
vt 0.386815 0.204066
vt 0.431955 0.194998
vt 0.431109 0.190740
vt 0.477156 0.188336
vt 0.476872 0.184005
vt 0.522844 0.188336
vt 0.523128 0.184005
vt 0.568045 0.194998
vt 0.568891 0.190740
vt 0.611791 0.208180
vt 0.613185 0.204066
vt 0.653147 0.227599
vt 0.655067 0.223700
vt 0.691230 0.252841
vt 0.693644 0.249222
vt 0.706761 0.265679
vt 0.709836 0.262604
vt 0.252841 0.691230
vt 0.265679 0.706761
vt 0.262604 0.709836
vt 0.262604 0.709836
vt 0.256462 0.702674
vt 0.252841 0.691230
vt 0.229547 0.665055
vt 0.227599 0.653147
vt 0.208397 0.623918
vt 0.208180 0.611791
vt 0.193462 0.580140
vt 0.194998 0.568045
vt 0.185060 0.534653
vt 0.188336 0.522844
vt 0.183371 0.488428
vt 0.188336 0.477156
vt 0.188430 0.442450
vt 0.194998 0.431955
vt 0.200130 0.397698
vt 0.208180 0.388209
vt 0.218221 0.355127
vt 0.227599 0.346853
vt 0.242317 0.315644
vt 0.252841 0.308770
vt 0.262604 0.290164
vt 0.265679 0.293239
vt 0.706761 0.734321
vt 0.709836 0.737396
vt 0.691230 0.747159
vt 0.674822 0.764244
vt 0.653147 0.772401
vt 0.634485 0.786882
vt 0.611791 0.791820
vt 0.591281 0.803406
vt 0.568045 0.805002
vt 0.546132 0.813464
vt 0.522844 0.811664
vt 0.500000 0.816840
vt 0.477156 0.811664
vt 0.453868 0.813464
vt 0.431955 0.805002
vt 0.408719 0.803406
vt 0.388209 0.791820
vt 0.365515 0.786882
vt 0.346853 0.772401
vt 0.325178 0.764244
vt 0.308770 0.747159
vt 0.290164 0.737396
vt 0.293239 0.734321
vt 0.324875 0.669468
vt 0.325604 0.660976
vt 0.335453 0.661315
vt 0.326943 0.655983
vt 0.329015 0.648258
vt 0.338779 0.648915
vt 0.331277 0.643622
vt 0.334479 0.394206
vt 0.344105 0.638001
vt 0.337614 0.391070
vt 0.341678 0.387007
vt 0.351124 0.395316
vt 0.345570 0.383114
vt 0.350194 0.378490
vt 0.359427 0.387013
vt 0.354663 0.374021
vt 0.359533 0.369151
vt 0.368532 0.377909
vt 0.364342 0.364342
vt 0.369151 0.359533
vt 0.377909 0.368532
vt 0.374021 0.354663
vt 0.378490 0.350194
vt 0.387013 0.359427
vt 0.383114 0.345570
vt 0.387007 0.341678
vt 0.395316 0.351124
vt 0.391070 0.337614
vt 0.394206 0.334479
vt 0.655895 0.638001
vt 0.602593 0.643622
vt 0.600330 0.648258
vt 0.661221 0.648915
vt 0.621054 0.674479
vt 0.617173 0.674479
vt 0.616519 0.668620
vt 0.395378 0.668644
vt 0.394619 0.671474
vt 0.383481 0.668620
vt 0.607446 0.674479
vt 0.605782 0.674479
vt 0.605381 0.671474
vt 0.394619 0.671474
vt 0.395378 0.668644
vt 0.404240 0.674479
vt 0.605381 0.671474
vt 0.605782 0.674479
vt 0.404240 0.674479
vt 0.398196 0.664146
vt 0.396594 0.666153
vt 0.387331 0.658245
vt 0.384961 0.663102
vt 0.373509 0.658130
vt 0.371383 0.666060
vt 0.358931 0.663922
vt 0.404240 0.674479
vt 0.394218 0.674479
vt 0.394619 0.671474
vt 0.392554 0.674479
vt 0.383481 0.668620
vt 0.382827 0.674479
vt 0.378946 0.674479
vt 0.378946 0.674479
vt 0.371383 0.666060
vt 0.383481 0.668620
vt 0.384961 0.663102
vt 0.395378 0.668644
vt 0.396594 0.666153
vt 0.404240 0.674479
vt 0.398196 0.664146
vt 0.404240 0.674479
vt 0.396594 0.666153
vt 0.641069 0.663922
vt 0.641913 0.674479
vt 0.635658 0.674479
vt 0.653249 0.662313
vt 0.654142 0.674479
vt 0.650261 0.674479
vt 0.402169 0.662015
vt 0.400091 0.662740
vt 0.394150 0.651589
vt 0.390455 0.654331
vt 0.381404 0.645527
vt 0.376916 0.651151
vt 0.365870 0.645226
vt 0.361598 0.653978
vt 0.349824 0.650855
vt 0.346751 0.662313
vt 0.335453 0.661315
vt 0.378946 0.674479
vt 0.370598 0.674479
vt 0.371383 0.666060
vt 0.364342 0.674479
vt 0.358931 0.663922
vt 0.358087 0.674479
vt 0.349739 0.674479
vt 0.349739 0.674479
vt 0.346751 0.662313
vt 0.358931 0.663922
vt 0.361598 0.653978
vt 0.373509 0.658130
vt 0.376916 0.651151
vt 0.387331 0.658245
vt 0.390455 0.654331
vt 0.398196 0.664146
vt 0.400091 0.662740
vt 0.404240 0.674479
vt 0.402169 0.662015
vt 0.404240 0.674479
vt 0.400091 0.662740
vt 0.664547 0.661315
vt 0.665533 0.674479
vt 0.663870 0.674479
vt 0.595760 0.674479
vt 0.665533 0.674479
vt 0.596190 0.669468
vt 0.664547 0.661315
vt 0.596920 0.660976
vt 0.598259 0.655983
vt 0.600330 0.648258
vt 0.598259 0.655983
vt 0.661221 0.648915
vt 0.664547 0.661315
vt 0.653249 0.662313
vt 0.663870 0.674479
vt 0.654142 0.674479
vt 0.394206 0.334479
vt 0.602593 0.643622
vt 0.655895 0.638001
vt 0.661221 0.648915
vt 0.650176 0.650855
vt 0.653249 0.662313
vt 0.641069 0.663922
vt 0.650261 0.674479
vt 0.641913 0.674479
vt 0.387007 0.341678
vt 0.391070 0.337614
vt 0.395316 0.351124
vt 0.655895 0.638001
vt 0.645253 0.640769
vt 0.650176 0.650855
vt 0.638402 0.653978
vt 0.641069 0.663922
vt 0.628617 0.666060
vt 0.635658 0.674479
vt 0.629402 0.674479
vt 0.378490 0.350194
vt 0.383114 0.345570
vt 0.387013 0.359427
vt 0.395316 0.351124
vt 0.402073 0.361233
vt 0.645253 0.640769
vt 0.634130 0.645226
vt 0.638402 0.653978
vt 0.626491 0.658130
vt 0.628617 0.666060
vt 0.616519 0.668620
vt 0.629402 0.674479
vt 0.621054 0.674479
vt 0.369151 0.359533
vt 0.374021 0.354663
vt 0.377909 0.368532
vt 0.387013 0.359427
vt 0.394400 0.368906
vt 0.402073 0.361233
vt 0.628502 0.638174
vt 0.634130 0.645226
vt 0.623084 0.651151
vt 0.626491 0.658130
vt 0.615039 0.663102
vt 0.616519 0.668620
vt 0.605381 0.671474
vt 0.617173 0.674479
vt 0.607446 0.674479
vt 0.359533 0.369151
vt 0.364342 0.364342
vt 0.368532 0.377909
vt 0.377909 0.368532
vt 0.385986 0.377320
vt 0.394400 0.368906
vt 0.400279 0.378157
vt 0.628502 0.638174
vt 0.618596 0.645527
vt 0.623084 0.651151
vt 0.612669 0.658245
vt 0.615039 0.663102
vt 0.604622 0.668644
vt 0.605381 0.671474
vt 0.404240 0.674479
vt 0.350194 0.378490
vt 0.354663 0.374021
vt 0.359427 0.387013
vt 0.368532 0.377909
vt 0.377320 0.385986
vt 0.385986 0.377320
vt 0.392978 0.385458
vt 0.400279 0.378157
vt 0.613286 0.641586
vt 0.618596 0.645527
vt 0.609545 0.654331
vt 0.612669 0.658245
vt 0.603406 0.666153
vt 0.604622 0.668644
vt 0.404240 0.674479
vt 0.341678 0.387007
vt 0.345570 0.383114
vt 0.351124 0.395316
vt 0.359427 0.387013
vt 0.368906 0.394400
vt 0.377320 0.385986
vt 0.385458 0.392978
vt 0.392978 0.385458
vt 0.398534 0.392537
vt 0.613286 0.641586
vt 0.605850 0.651589
vt 0.609545 0.654331
vt 0.601804 0.664146
vt 0.603406 0.666153
vt 0.404240 0.674479
vt 0.334479 0.394206
vt 0.337614 0.391070
vt 0.344105 0.638001
vt 0.351124 0.395316
vt 0.361233 0.402073
vt 0.368906 0.394400
vt 0.378157 0.400279
vt 0.385458 0.392978
vt 0.392537 0.398534
vt 0.398534 0.392537
vt 0.601798 0.650176
vt 0.605850 0.651589
vt 0.599909 0.662740
vt 0.601804 0.664146
vt 0.404240 0.674479
vt 0.329015 0.648258
vt 0.331277 0.643622
vt 0.338779 0.648915
vt 0.344105 0.638001
vt 0.354747 0.640769
vt 0.361233 0.402073
vt 0.371498 0.638174
vt 0.378157 0.400279
vt 0.386714 0.641586
vt 0.392537 0.398534
vt 0.398202 0.650176
vt 0.601798 0.650176
vt 0.597831 0.662015
vt 0.599909 0.662740
vt 0.404240 0.674479
vt 0.325604 0.660976
vt 0.326943 0.655983
vt 0.335453 0.661315
vt 0.338779 0.648915
vt 0.349824 0.650855
vt 0.354747 0.640769
vt 0.365870 0.645226
vt 0.371498 0.638174
vt 0.381404 0.645527
vt 0.386714 0.641586
vt 0.394150 0.651589
vt 0.398202 0.650176
vt 0.402169 0.662015
vt 0.597831 0.662015
vt 0.404240 0.674479
vt 0.324445 0.674479
vt 0.324875 0.669468
vt 0.334467 0.674479
vt 0.335453 0.661315
vt 0.336130 0.674479
vt 0.346751 0.662313
vt 0.345858 0.674479
vt 0.349739 0.674479
vt 0.595760 0.674479
vt 0.595760 0.795139
vt 0.665533 0.674479
vt 0.663870 0.795139
vt 0.663870 0.674479
vt 0.663870 0.674479
vt 0.663870 0.795139
vt 0.654142 0.674479
vt 0.650261 0.795139
vt 0.650261 0.674479
vt 0.650261 0.674479
vt 0.650261 0.795139
vt 0.641913 0.674479
vt 0.635658 0.795139
vt 0.635658 0.674479
vt 0.635658 0.674479
vt 0.635658 0.795139
vt 0.629402 0.674479
vt 0.621054 0.795139
vt 0.621054 0.674479
vt 0.621054 0.674479
vt 0.621054 0.795139
vt 0.617173 0.674479
vt 0.607446 0.795139
vt 0.607446 0.674479
vt 0.607446 0.674479
vt 0.607446 0.795139
vt 0.605782 0.674479
vt 0.404240 0.795139
vt 0.404240 0.674479
vt 0.404240 0.674479
vt 0.404240 0.795139
vt 0.394218 0.674479
vt 0.392554 0.795139
vt 0.392554 0.674479
vt 0.392554 0.674479
vt 0.392554 0.795139
vt 0.382827 0.674479
vt 0.378946 0.795139
vt 0.378946 0.674479
vt 0.378946 0.674479
vt 0.378946 0.795139
vt 0.370598 0.674479
vt 0.364342 0.795139
vt 0.364342 0.674479
vt 0.364342 0.674479
vt 0.364342 0.795139
vt 0.358087 0.674479
vt 0.349739 0.795139
vt 0.349739 0.674479
vt 0.349739 0.674479
vt 0.349739 0.795139
vt 0.345858 0.674479
vt 0.336130 0.795139
vt 0.336130 0.674479
vt 0.336130 0.674479
vt 0.336130 0.795139
vt 0.334467 0.674479
vt 0.324445 0.795139
vt 0.324445 0.674479
vt 0.403810 0.669468
vt 0.403080 0.660976
vt 0.335453 0.661315
vt 0.401741 0.655983
vt 0.399670 0.648258
vt 0.338779 0.648915
vt 0.397407 0.643622
vt 0.394206 0.665521
vt 0.344105 0.638001
vt 0.391070 0.662386
vt 0.387007 0.658322
vt 0.395316 0.648876
vt 0.383114 0.654430
vt 0.378490 0.649806
vt 0.387013 0.640573
vt 0.374021 0.645337
vt 0.369151 0.640467
vt 0.377909 0.631468
vt 0.364342 0.635658
vt 0.359533 0.630849
vt 0.368532 0.622091
vt 0.354663 0.625979
vt 0.350194 0.621510
vt 0.359427 0.612987
vt 0.345570 0.616886
vt 0.341678 0.612993
vt 0.351124 0.604684
vt 0.337614 0.608930
vt 0.334479 0.605794
vt 0.655895 0.638001
vt 0.668723 0.643622
vt 0.670985 0.648258
vt 0.661221 0.648915
vt 0.621054 0.674479
vt 0.617173 0.674479
vt 0.616519 0.668620
vt 0.395378 0.668644
vt 0.394619 0.671474
vt 0.383481 0.668620
vt 0.607446 0.674479
vt 0.605782 0.674479
vt 0.605381 0.671474
vt 0.394619 0.671474
vt 0.395378 0.668644
vt 0.595760 0.674479
vt 0.605381 0.671474
vt 0.605782 0.674479
vt 0.595760 0.674479
vt 0.398196 0.664146
vt 0.396594 0.666153
vt 0.387331 0.658245
vt 0.384961 0.663102
vt 0.373509 0.658130
vt 0.371383 0.666060
vt 0.358931 0.663922
vt 0.595760 0.674479
vt 0.394218 0.674479
vt 0.394619 0.671474
vt 0.392554 0.674479
vt 0.383481 0.668620
vt 0.382827 0.674479
vt 0.378946 0.674479
vt 0.378946 0.674479
vt 0.371383 0.666060
vt 0.383481 0.668620
vt 0.384961 0.663102
vt 0.395378 0.668644
vt 0.396594 0.666153
vt 0.595760 0.674479
vt 0.398196 0.664146
vt 0.595760 0.674479
vt 0.396594 0.666153
vt 0.641069 0.663922
vt 0.641913 0.674479
vt 0.635658 0.674479
vt 0.653249 0.662313
vt 0.654142 0.674479
vt 0.650261 0.674479
vt 0.402169 0.662015
vt 0.400091 0.662740
vt 0.394150 0.651589
vt 0.390455 0.654331
vt 0.381404 0.645527
vt 0.376916 0.651151
vt 0.365870 0.645226
vt 0.361598 0.653978
vt 0.349824 0.650855
vt 0.346751 0.662313
vt 0.335453 0.661315
vt 0.378946 0.674479
vt 0.370598 0.674479
vt 0.371383 0.666060
vt 0.364342 0.674479
vt 0.358931 0.663922
vt 0.358087 0.674479
vt 0.349739 0.674479
vt 0.349739 0.674479
vt 0.346751 0.662313
vt 0.358931 0.663922
vt 0.361598 0.653978
vt 0.373509 0.658130
vt 0.376916 0.651151
vt 0.387331 0.658245
vt 0.390455 0.654331
vt 0.398196 0.664146
vt 0.400091 0.662740
vt 0.595760 0.674479
vt 0.402169 0.662015
vt 0.595760 0.674479
vt 0.400091 0.662740
vt 0.664547 0.661315
vt 0.665533 0.674479
vt 0.663870 0.674479
vt 0.675555 0.674479
vt 0.665533 0.674479
vt 0.675125 0.669468
vt 0.664547 0.661315
vt 0.674396 0.660976
vt 0.673057 0.655983
vt 0.670985 0.648258
vt 0.673057 0.655983
vt 0.661221 0.648915
vt 0.664547 0.661315
vt 0.653249 0.662313
vt 0.663870 0.674479
vt 0.654142 0.674479
vt 0.334479 0.605794
vt 0.668723 0.643622
vt 0.655895 0.638001
vt 0.661221 0.648915
vt 0.650176 0.650855
vt 0.653249 0.662313
vt 0.641069 0.663922
vt 0.650261 0.674479
vt 0.641913 0.674479
vt 0.341678 0.612993
vt 0.337614 0.608930
vt 0.351124 0.604684
vt 0.655895 0.638001
vt 0.645253 0.640769
vt 0.650176 0.650855
vt 0.638402 0.653978
vt 0.641069 0.663922
vt 0.628617 0.666060
vt 0.635658 0.674479
vt 0.629402 0.674479
vt 0.350194 0.621510
vt 0.345570 0.616886
vt 0.359427 0.612987
vt 0.351124 0.604684
vt 0.361233 0.597927
vt 0.645253 0.640769
vt 0.634130 0.645226
vt 0.638402 0.653978
vt 0.626491 0.658130
vt 0.628617 0.666060
vt 0.616519 0.668620
vt 0.629402 0.674479
vt 0.621054 0.674479
vt 0.359533 0.630849
vt 0.354663 0.625979
vt 0.368532 0.622091
vt 0.359427 0.612987
vt 0.368906 0.605600
vt 0.361233 0.597927
vt 0.628502 0.638174
vt 0.634130 0.645226
vt 0.623084 0.651151
vt 0.626491 0.658130
vt 0.615039 0.663102
vt 0.616519 0.668620
vt 0.605381 0.671474
vt 0.617173 0.674479
vt 0.607446 0.674479
vt 0.369151 0.640467
vt 0.364342 0.635658
vt 0.377909 0.631468
vt 0.368532 0.622091
vt 0.377320 0.614014
vt 0.368906 0.605600
vt 0.378157 0.599721
vt 0.628502 0.638174
vt 0.618596 0.645527
vt 0.623084 0.651151
vt 0.612669 0.658245
vt 0.615039 0.663102
vt 0.604622 0.668644
vt 0.605381 0.671474
vt 0.595760 0.674479
vt 0.378490 0.649806
vt 0.374021 0.645337
vt 0.387013 0.640573
vt 0.377909 0.631468
vt 0.385986 0.622680
vt 0.377320 0.614014
vt 0.385458 0.607022
vt 0.378157 0.599721
vt 0.613286 0.641586
vt 0.618596 0.645527
vt 0.609545 0.654331
vt 0.612669 0.658245
vt 0.603406 0.666153
vt 0.604622 0.668644
vt 0.595760 0.674479
vt 0.387007 0.658322
vt 0.383114 0.654430
vt 0.395316 0.648876
vt 0.387013 0.640573
vt 0.394400 0.631094
vt 0.385986 0.622680
vt 0.392978 0.614542
vt 0.385458 0.607022
vt 0.392537 0.601466
vt 0.613286 0.641586
vt 0.605850 0.651589
vt 0.609545 0.654331
vt 0.601804 0.664146
vt 0.603406 0.666153
vt 0.595760 0.674479
vt 0.394206 0.665521
vt 0.391070 0.662386
vt 0.344105 0.638001
vt 0.395316 0.648876
vt 0.402073 0.638767
vt 0.394400 0.631094
vt 0.400279 0.621843
vt 0.392978 0.614542
vt 0.398534 0.607463
vt 0.392537 0.601466
vt 0.601798 0.650176
vt 0.605850 0.651589
vt 0.599909 0.662740
vt 0.601804 0.664146
vt 0.595760 0.674479
vt 0.399670 0.648258
vt 0.397407 0.643622
vt 0.338779 0.648915
vt 0.344105 0.638001
vt 0.354747 0.640769
vt 0.402073 0.638767
vt 0.371498 0.638174
vt 0.400279 0.621843
vt 0.386714 0.641586
vt 0.398534 0.607463
vt 0.398202 0.650176
vt 0.601798 0.650176
vt 0.597831 0.662015
vt 0.599909 0.662740
vt 0.595760 0.674479
vt 0.403080 0.660976
vt 0.401741 0.655983
vt 0.335453 0.661315
vt 0.338779 0.648915
vt 0.349824 0.650855
vt 0.354747 0.640769
vt 0.365870 0.645226
vt 0.371498 0.638174
vt 0.381404 0.645527
vt 0.386714 0.641586
vt 0.394150 0.651589
vt 0.398202 0.650176
vt 0.402169 0.662015
vt 0.597831 0.662015
vt 0.595760 0.674479
vt 0.404240 0.674479
vt 0.403810 0.669468
vt 0.334467 0.674479
vt 0.335453 0.661315
vt 0.336130 0.674479
vt 0.346751 0.662313
vt 0.345858 0.674479
vt 0.349739 0.674479
vt 0.324875 0.669468
vt 0.325604 0.660976
vt 0.335453 0.661315
vt 0.326943 0.655983
vt 0.329015 0.648258
vt 0.338779 0.648915
vt 0.331277 0.643622
vt 0.665521 0.605794
vt 0.344105 0.638001
vt 0.662386 0.608930
vt 0.658322 0.612993
vt 0.648876 0.604684
vt 0.654430 0.616886
vt 0.649806 0.621510
vt 0.640573 0.612987
vt 0.645337 0.625979
vt 0.640467 0.630849
vt 0.631468 0.622091
vt 0.635658 0.635658
vt 0.630849 0.640467
vt 0.622091 0.631468
vt 0.625979 0.645337
vt 0.621510 0.649806
vt 0.612987 0.640573
vt 0.616886 0.654430
vt 0.612993 0.658322
vt 0.604684 0.648876
vt 0.608930 0.662386
vt 0.605794 0.665521
vt 0.655895 0.638001
vt 0.602593 0.643622
vt 0.600330 0.648258
vt 0.661221 0.648915
vt 0.621054 0.674479
vt 0.617173 0.674479
vt 0.616519 0.668620
vt 0.395378 0.668644
vt 0.394619 0.671474
vt 0.383481 0.668620
vt 0.607446 0.674479
vt 0.605782 0.674479
vt 0.605381 0.671474
vt 0.394619 0.671474
vt 0.395378 0.668644
vt 0.404240 0.674479
vt 0.605381 0.671474
vt 0.605782 0.674479
vt 0.404240 0.674479
vt 0.398196 0.664146
vt 0.396594 0.666153
vt 0.387331 0.658245
vt 0.384961 0.663102
vt 0.373509 0.658130
vt 0.371383 0.666060
vt 0.358931 0.663922
vt 0.404240 0.674479
vt 0.394218 0.674479
vt 0.394619 0.671474
vt 0.392554 0.674479
vt 0.383481 0.668620
vt 0.382827 0.674479
vt 0.378946 0.674479
vt 0.378946 0.674479
vt 0.371383 0.666060
vt 0.383481 0.668620
vt 0.384961 0.663102
vt 0.395378 0.668644
vt 0.396594 0.666153
vt 0.404240 0.674479
vt 0.398196 0.664146
vt 0.404240 0.674479
vt 0.396594 0.666153
vt 0.641069 0.663922
vt 0.641913 0.674479
vt 0.635658 0.674479
vt 0.653249 0.662313
vt 0.654142 0.674479
vt 0.650261 0.674479
vt 0.402169 0.662015
vt 0.400091 0.662740
vt 0.394150 0.651589
vt 0.390455 0.654331
vt 0.381404 0.645527
vt 0.376916 0.651151
vt 0.365870 0.645226
vt 0.361598 0.653978
vt 0.349824 0.650855
vt 0.346751 0.662313
vt 0.335453 0.661315
vt 0.378946 0.674479
vt 0.370598 0.674479
vt 0.371383 0.666060
vt 0.364342 0.674479
vt 0.358931 0.663922
vt 0.358087 0.674479
vt 0.349739 0.674479
vt 0.349739 0.674479
vt 0.346751 0.662313
vt 0.358931 0.663922
vt 0.361598 0.653978
vt 0.373509 0.658130
vt 0.376916 0.651151
vt 0.387331 0.658245
vt 0.390455 0.654331
vt 0.398196 0.664146
vt 0.400091 0.662740
vt 0.404240 0.674479
vt 0.402169 0.662015
vt 0.404240 0.674479
vt 0.400091 0.662740
vt 0.664547 0.661315
vt 0.665533 0.674479
vt 0.663870 0.674479
vt 0.595760 0.674479
vt 0.665533 0.674479
vt 0.596190 0.669468
vt 0.664547 0.661315
vt 0.596920 0.660976
vt 0.598259 0.655983
vt 0.600330 0.648258
vt 0.598259 0.655983
vt 0.661221 0.648915
vt 0.664547 0.661315
vt 0.653249 0.662313
vt 0.663870 0.674479
vt 0.654142 0.674479
vt 0.605794 0.665521
vt 0.602593 0.643622
vt 0.655895 0.638001
vt 0.661221 0.648915
vt 0.650176 0.650855
vt 0.653249 0.662313
vt 0.641069 0.663922
vt 0.650261 0.674479
vt 0.641913 0.674479
vt 0.612993 0.658322
vt 0.608930 0.662386
vt 0.604684 0.648876
vt 0.655895 0.638001
vt 0.645253 0.640769
vt 0.650176 0.650855
vt 0.638402 0.653978
vt 0.641069 0.663922
vt 0.628617 0.666060
vt 0.635658 0.674479
vt 0.629402 0.674479
vt 0.621510 0.649806
vt 0.616886 0.654430
vt 0.612987 0.640573
vt 0.604684 0.648876
vt 0.597927 0.638767
vt 0.645253 0.640769
vt 0.634130 0.645226
vt 0.638402 0.653978
vt 0.626491 0.658130
vt 0.628617 0.666060
vt 0.616519 0.668620
vt 0.629402 0.674479
vt 0.621054 0.674479
vt 0.630849 0.640467
vt 0.625979 0.645337
vt 0.622091 0.631468
vt 0.612987 0.640573
vt 0.605600 0.631094
vt 0.597927 0.638767
vt 0.628502 0.638174
vt 0.634130 0.645226
vt 0.623084 0.651151
vt 0.626491 0.658130
vt 0.615039 0.663102
vt 0.616519 0.668620
vt 0.605381 0.671474
vt 0.617173 0.674479
vt 0.607446 0.674479
vt 0.640467 0.630849
vt 0.635658 0.635658
vt 0.631468 0.622091
vt 0.622091 0.631468
vt 0.614014 0.622680
vt 0.605600 0.631094
vt 0.599721 0.621843
vt 0.628502 0.638174
vt 0.618596 0.645527
vt 0.623084 0.651151
vt 0.612669 0.658245
vt 0.615039 0.663102
vt 0.604622 0.668644
vt 0.605381 0.671474
vt 0.404240 0.674479
vt 0.649806 0.621510
vt 0.645337 0.625979
vt 0.640573 0.612987
vt 0.631468 0.622091
vt 0.622680 0.614014
vt 0.614014 0.622680
vt 0.607022 0.614542
vt 0.599721 0.621843
vt 0.613286 0.641586
vt 0.618596 0.645527
vt 0.609545 0.654331
vt 0.612669 0.658245
vt 0.603406 0.666153
vt 0.604622 0.668644
vt 0.404240 0.674479
vt 0.658322 0.612993
vt 0.654430 0.616886
vt 0.648876 0.604684
vt 0.640573 0.612987
vt 0.631094 0.605600
vt 0.622680 0.614014
vt 0.614542 0.607022
vt 0.607022 0.614542
vt 0.601466 0.607463
vt 0.613286 0.641586
vt 0.605850 0.651589
vt 0.609545 0.654331
vt 0.601804 0.664146
vt 0.603406 0.666153
vt 0.404240 0.674479
vt 0.665521 0.605794
vt 0.662386 0.608930
vt 0.344105 0.638001
vt 0.648876 0.604684
vt 0.638767 0.597927
vt 0.631094 0.605600
vt 0.621843 0.599721
vt 0.614542 0.607022
vt 0.607463 0.601466
vt 0.601466 0.607463
vt 0.601798 0.650176
vt 0.605850 0.651589
vt 0.599909 0.662740
vt 0.601804 0.664146
vt 0.404240 0.674479
vt 0.329015 0.648258
vt 0.331277 0.643622
vt 0.338779 0.648915
vt 0.344105 0.638001
vt 0.354747 0.640769
vt 0.638767 0.597927
vt 0.371498 0.638174
vt 0.621843 0.599721
vt 0.386714 0.641586
vt 0.607463 0.601466
vt 0.398202 0.650176
vt 0.601798 0.650176
vt 0.597831 0.662015
vt 0.599909 0.662740
vt 0.404240 0.674479
vt 0.325604 0.660976
vt 0.326943 0.655983
vt 0.335453 0.661315
vt 0.338779 0.648915
vt 0.349824 0.650855
vt 0.354747 0.640769
vt 0.365870 0.645226
vt 0.371498 0.638174
vt 0.381404 0.645527
vt 0.386714 0.641586
vt 0.394150 0.651589
vt 0.398202 0.650176
vt 0.402169 0.662015
vt 0.597831 0.662015
vt 0.404240 0.674479
vt 0.324445 0.674479
vt 0.324875 0.669468
vt 0.334467 0.674479
vt 0.335453 0.661315
vt 0.336130 0.674479
vt 0.346751 0.662313
vt 0.345858 0.674479
vt 0.349739 0.674479
vt 0.242763 0.760417
vt 0.242763 0.674479
vt 0.324445 0.674479
vt 0.324445 0.795139
vt 0.267779 0.795139
vt 0.324445 0.674479
vt 0.264203 0.794784
vt 0.263592 0.794567
vt 0.263592 0.794567
vt 0.258970 0.792926
vt 0.324445 0.674479
vt 0.257715 0.792063
vt 0.254471 0.789835
vt 0.254471 0.789835
vt 0.252460 0.787674
vt 0.324445 0.674479
vt 0.250616 0.785694
vt 0.248114 0.781666
vt 0.248114 0.781666
vt 0.247235 0.780250
vt 0.324445 0.674479
vt 0.244915 0.774391
vt 0.244691 0.773825
vt 0.244691 0.773825
vt 0.243312 0.767719
vt 0.324445 0.674479
vt 0.243199 0.766219
vt 0.242763 0.760417
vt 0.652426 0.795139
vt 0.595760 0.795139
vt 0.595760 0.674479
vt 0.676035 0.771810
vt 0.675178 0.774340
vt 0.595760 0.674479
vt 0.675178 0.774340
vt 0.673742 0.778577
vt 0.595760 0.674479
vt 0.672062 0.781655
vt 0.670715 0.784121
vt 0.595760 0.674479
vt 0.677442 0.674479
vt 0.677442 0.760417
vt 0.677442 0.760417
vt 0.677240 0.764621
vt 0.595760 0.674479
vt 0.676975 0.766202
vt 0.676035 0.771810
vt 0.670715 0.784121
vt 0.667755 0.787715
vt 0.595760 0.674479
vt 0.666933 0.788713
vt 0.662628 0.792122
vt 0.662628 0.792122
vt 0.657651 0.794374
vt 0.595760 0.674479
vt 0.656609 0.794526
vt 0.652426 0.795139
vt 0.403810 0.669468
vt 0.403080 0.660976
vt 0.335453 0.661315
vt 0.401741 0.655983
vt 0.399670 0.648258
vt 0.338779 0.648915
vt 0.397407 0.643622
vt 0.605794 0.334479
vt 0.344105 0.638001
vt 0.608930 0.337614
vt 0.612993 0.341678
vt 0.604684 0.351124
vt 0.616886 0.345570
vt 0.621510 0.350194
vt 0.612987 0.359427
vt 0.625979 0.354663
vt 0.630849 0.359533
vt 0.622091 0.368532
vt 0.635658 0.364342
vt 0.640467 0.369151
vt 0.631468 0.377909
vt 0.645337 0.374021
vt 0.649806 0.378490
vt 0.640573 0.387013
vt 0.654430 0.383114
vt 0.658322 0.387007
vt 0.648876 0.395316
vt 0.662386 0.391070
vt 0.665521 0.394206
vt 0.655895 0.638001
vt 0.668723 0.643622
vt 0.670985 0.648258
vt 0.661221 0.648915
vt 0.621054 0.674479
vt 0.617173 0.674479
vt 0.616519 0.668620
vt 0.395378 0.668644
vt 0.394619 0.671474
vt 0.383481 0.668620
vt 0.607446 0.674479
vt 0.605782 0.674479
vt 0.605381 0.671474
vt 0.394619 0.671474
vt 0.395378 0.668644
vt 0.595760 0.674479
vt 0.605381 0.671474
vt 0.605782 0.674479
vt 0.595760 0.674479
vt 0.398196 0.664146
vt 0.396594 0.666153
vt 0.387331 0.658245
vt 0.384961 0.663102
vt 0.373509 0.658130
vt 0.371383 0.666060
vt 0.358931 0.663922
vt 0.595760 0.674479
vt 0.394218 0.674479
vt 0.394619 0.671474
vt 0.392554 0.674479
vt 0.383481 0.668620
vt 0.382827 0.674479
vt 0.378946 0.674479
vt 0.378946 0.674479
vt 0.371383 0.666060
vt 0.383481 0.668620
vt 0.384961 0.663102
vt 0.395378 0.668644
vt 0.396594 0.666153
vt 0.595760 0.674479
vt 0.398196 0.664146
vt 0.595760 0.674479
vt 0.396594 0.666153
vt 0.641069 0.663922
vt 0.641913 0.674479
vt 0.635658 0.674479
vt 0.653249 0.662313
vt 0.654142 0.674479
vt 0.650261 0.674479
vt 0.402169 0.662015
vt 0.400091 0.662740
vt 0.394150 0.651589
vt 0.390455 0.654331
vt 0.381404 0.645527
vt 0.376916 0.651151
vt 0.365870 0.645226
vt 0.361598 0.653978
vt 0.349824 0.650855
vt 0.346751 0.662313
vt 0.335453 0.661315
vt 0.378946 0.674479
vt 0.370598 0.674479
vt 0.371383 0.666060
vt 0.364342 0.674479
vt 0.358931 0.663922
vt 0.358087 0.674479
vt 0.349739 0.674479
vt 0.349739 0.674479
vt 0.346751 0.662313
vt 0.358931 0.663922
vt 0.361598 0.653978
vt 0.373509 0.658130
vt 0.376916 0.651151
vt 0.387331 0.658245
vt 0.390455 0.654331
vt 0.398196 0.664146
vt 0.400091 0.662740
vt 0.595760 0.674479
vt 0.402169 0.662015
vt 0.595760 0.674479
vt 0.400091 0.662740
vt 0.664547 0.661315
vt 0.665533 0.674479
vt 0.663870 0.674479
vt 0.675555 0.674479
vt 0.665533 0.674479
vt 0.675125 0.669468
vt 0.664547 0.661315
vt 0.674396 0.660976
vt 0.673057 0.655983
vt 0.670985 0.648258
vt 0.673057 0.655983
vt 0.661221 0.648915
vt 0.664547 0.661315
vt 0.653249 0.662313
vt 0.663870 0.674479
vt 0.654142 0.674479
vt 0.665521 0.394206
vt 0.668723 0.643622
vt 0.655895 0.638001
vt 0.661221 0.648915
vt 0.650176 0.650855
vt 0.653249 0.662313
vt 0.641069 0.663922
vt 0.650261 0.674479
vt 0.641913 0.674479
vt 0.658322 0.387007
vt 0.662386 0.391070
vt 0.648876 0.395316
vt 0.655895 0.638001
vt 0.645253 0.640769
vt 0.650176 0.650855
vt 0.638402 0.653978
vt 0.641069 0.663922
vt 0.628617 0.666060
vt 0.635658 0.674479
vt 0.629402 0.674479
vt 0.649806 0.378490
vt 0.654430 0.383114
vt 0.640573 0.387013
vt 0.648876 0.395316
vt 0.638767 0.402073
vt 0.645253 0.640769
vt 0.634130 0.645226
vt 0.638402 0.653978
vt 0.626491 0.658130
vt 0.628617 0.666060
vt 0.616519 0.668620
vt 0.629402 0.674479
vt 0.621054 0.674479
vt 0.640467 0.369151
vt 0.645337 0.374021
vt 0.631468 0.377909
vt 0.640573 0.387013
vt 0.631094 0.394400
vt 0.638767 0.402073
vt 0.628502 0.638174
vt 0.634130 0.645226
vt 0.623084 0.651151
vt 0.626491 0.658130
vt 0.615039 0.663102
vt 0.616519 0.668620
vt 0.605381 0.671474
vt 0.617173 0.674479
vt 0.607446 0.674479
vt 0.630849 0.359533
vt 0.635658 0.364342
vt 0.622091 0.368532
vt 0.631468 0.377909
vt 0.622680 0.385986
vt 0.631094 0.394400
vt 0.621843 0.400279
vt 0.628502 0.638174
vt 0.618596 0.645527
vt 0.623084 0.651151
vt 0.612669 0.658245
vt 0.615039 0.663102
vt 0.604622 0.668644
vt 0.605381 0.671474
vt 0.595760 0.674479
vt 0.621510 0.350194
vt 0.625979 0.354663
vt 0.612987 0.359427
vt 0.622091 0.368532
vt 0.614014 0.377320
vt 0.622680 0.385986
vt 0.614542 0.392978
vt 0.621843 0.400279
vt 0.613286 0.641586
vt 0.618596 0.645527
vt 0.609545 0.654331
vt 0.612669 0.658245
vt 0.603406 0.666153
vt 0.604622 0.668644
vt 0.595760 0.674479
vt 0.612993 0.341678
vt 0.616886 0.345570
vt 0.604684 0.351124
vt 0.612987 0.359427
vt 0.605600 0.368906
vt 0.614014 0.377320
vt 0.607022 0.385458
vt 0.614542 0.392978
vt 0.607463 0.398534
vt 0.613286 0.641586
vt 0.605850 0.651589
vt 0.609545 0.654331
vt 0.601804 0.664146
vt 0.603406 0.666153
vt 0.595760 0.674479
vt 0.605794 0.334479
vt 0.608930 0.337614
vt 0.344105 0.638001
vt 0.604684 0.351124
vt 0.597927 0.361233
vt 0.605600 0.368906
vt 0.599721 0.378157
vt 0.607022 0.385458
vt 0.601466 0.392537
vt 0.607463 0.398534
vt 0.601798 0.650176
vt 0.605850 0.651589
vt 0.599909 0.662740
vt 0.601804 0.664146
vt 0.595760 0.674479
vt 0.399670 0.648258
vt 0.397407 0.643622
vt 0.338779 0.648915
vt 0.344105 0.638001
vt 0.354747 0.640769
vt 0.597927 0.361233
vt 0.371498 0.638174
vt 0.599721 0.378157
vt 0.386714 0.641586
vt 0.601466 0.392537
vt 0.398202 0.650176
vt 0.601798 0.650176
vt 0.597831 0.662015
vt 0.599909 0.662740
vt 0.595760 0.674479
vt 0.403080 0.660976
vt 0.401741 0.655983
vt 0.335453 0.661315
vt 0.338779 0.648915
vt 0.349824 0.650855
vt 0.354747 0.640769
vt 0.365870 0.645226
vt 0.371498 0.638174
vt 0.381404 0.645527
vt 0.386714 0.641586
vt 0.394150 0.651589
vt 0.398202 0.650176
vt 0.402169 0.662015
vt 0.597831 0.662015
vt 0.595760 0.674479
vt 0.404240 0.674479
vt 0.403810 0.669468
vt 0.334467 0.674479
vt 0.335453 0.661315
vt 0.336130 0.674479
vt 0.346751 0.662313
vt 0.345858 0.674479
vt 0.349739 0.674479
vt 0.652426 0.795139
vt 0.595760 0.795139
vt 0.595760 0.674479
vt 0.676035 0.771810
vt 0.675178 0.774340
vt 0.595760 0.674479
vt 0.595760 0.674479
vt 0.677442 0.674479
vt 0.677442 0.760417
vt 0.677442 0.760417
vt 0.677240 0.764621
vt 0.595760 0.674479
vt 0.676975 0.766202
vt 0.676035 0.771810
vt 0.675178 0.774340
vt 0.673742 0.778577
vt 0.595760 0.674479
vt 0.672062 0.781655
vt 0.670715 0.784121
vt 0.670715 0.784121
vt 0.667755 0.787715
vt 0.595760 0.674479
vt 0.666933 0.788713
vt 0.662628 0.792122
vt 0.662628 0.792122
vt 0.657651 0.794374
vt 0.595760 0.674479
vt 0.656609 0.794526
vt 0.652426 0.795139
vt 0.322760 0.764621
vt 0.322558 0.760417
vt 0.331684 0.760417
vt 0.655995 0.264203
vt 0.652426 0.267779
vt 0.649614 0.265957
vt 0.661215 0.258970
vt 0.656604 0.263592
vt 0.652747 0.261056
vt 0.655995 0.264203
vt 0.665720 0.254471
vt 0.662473 0.257715
vt 0.657157 0.254158
vt 0.661215 0.258970
vt 0.669588 0.250616
vt 0.667739 0.252460
vt 0.661109 0.247974
vt 0.665720 0.254471
vt 0.672962 0.780250
vt 0.672085 0.781666
vt 0.664365 0.781760
vt 0.669588 0.250616
vt 0.675492 0.773825
vt 0.675269 0.774391
vt 0.666727 0.774421
vt 0.672962 0.780250
vt 0.676987 0.766219
vt 0.676870 0.767719
vt 0.668051 0.766233
vt 0.675492 0.773825
vt 0.677442 0.760417
vt 0.676987 0.766219
vt 0.668316 0.760417
vt 0.668051 0.766233
vt 0.652942 0.760417
vt 0.640016 0.766233
vt 0.640236 0.760417
vt 0.640236 0.760417
vt 0.640016 0.766233
vt 0.611767 0.760417
vt 0.610484 0.766233
vt 0.610657 0.760417
vt 0.579771 0.766233
vt 0.579896 0.760417
vt 0.477184 0.760417
vt 0.483848 0.760417
vt 0.483874 0.766233
vt 0.516151 0.760417
vt 0.516126 0.766233
vt 0.522816 0.760417
vt 0.548206 0.766233
vt 0.548282 0.760417
vt 0.579771 0.766233
vt 0.567964 0.760417
vt 0.579896 0.760417
vt 0.477184 0.760417
vt 0.483874 0.766233
vt 0.451718 0.760417
vt 0.451794 0.766233
vt 0.432036 0.760417
vt 0.420229 0.766233
vt 0.420104 0.760417
vt 0.389516 0.766233
vt 0.389343 0.760417
vt 0.389343 0.760417
vt 0.389516 0.766233
vt 0.388233 0.760417
vt 0.359984 0.766233
vt 0.359764 0.760417
vt 0.323025 0.766202
vt 0.322760 0.764621
vt 0.331949 0.766233
vt 0.331684 0.760417
vt 0.359984 0.766233
vt 0.347058 0.760417
vt 0.359764 0.760417
vt 0.333273 0.774421
vt 0.324822 0.774340
vt 0.323965 0.771810
vt 0.335635 0.781760
vt 0.327938 0.781655
vt 0.326258 0.778577
vt 0.338891 0.247974
vt 0.332245 0.252443
vt 0.329285 0.249489
vt 0.342843 0.254158
vt 0.337372 0.257558
vt 0.333067 0.253264
vt 0.350386 0.265957
vt 0.347574 0.267779
vt 0.343391 0.263587
vt 0.655995 0.264203
vt 0.649614 0.265957
vt 0.652747 0.261056
vt 0.624654 0.251762
vt 0.627264 0.246565
vt 0.598362 0.240220
vt 0.600422 0.234781
vt 0.571019 0.231454
vt 0.572506 0.225831
vt 0.542917 0.225558
vt 0.543816 0.219811
vt 0.514357 0.222593
vt 0.514657 0.216785
vt 0.485643 0.222593
vt 0.485343 0.216785
vt 0.457083 0.225558
vt 0.456184 0.219811
vt 0.428981 0.231454
vt 0.427494 0.225831
vt 0.401638 0.240220
vt 0.399578 0.234781
vt 0.375346 0.251762
vt 0.372736 0.246565
vt 0.350386 0.265957
vt 0.347253 0.261056
vt 0.343391 0.263587
vt 0.342349 0.262542
vt 0.675492 0.773825
vt 0.666727 0.774421
vt 0.668051 0.766233
vt 0.638912 0.774421
vt 0.640016 0.766233
vt 0.609613 0.774421
vt 0.610484 0.766233
vt 0.579142 0.774421
vt 0.579771 0.766233
vt 0.547826 0.774421
vt 0.548206 0.766233
vt 0.515999 0.774421
vt 0.516126 0.766233
vt 0.484001 0.774421
vt 0.483874 0.766233
vt 0.452174 0.774421
vt 0.451794 0.766233
vt 0.420858 0.774421
vt 0.420229 0.766233
vt 0.390387 0.774421
vt 0.389516 0.766233
vt 0.361088 0.774421
vt 0.359984 0.766233
vt 0.333273 0.774421
vt 0.331949 0.766233
vt 0.323965 0.771810
vt 0.323025 0.766202
vt 0.672962 0.780250
vt 0.664365 0.781760
vt 0.666727 0.774421
vt 0.636945 0.781760
vt 0.638912 0.774421
vt 0.608060 0.781760
vt 0.609613 0.774421
vt 0.578021 0.781760
vt 0.579142 0.774421
vt 0.547149 0.781760
vt 0.547826 0.774421
vt 0.515772 0.781760
vt 0.515999 0.774421
vt 0.484228 0.781760
vt 0.484001 0.774421
vt 0.452851 0.781760
vt 0.452174 0.774421
vt 0.421979 0.781760
vt 0.420858 0.774421
vt 0.391940 0.781760
vt 0.390387 0.774421
vt 0.363055 0.781760
vt 0.361088 0.774421
vt 0.335635 0.781760
vt 0.333273 0.774421
vt 0.326258 0.778577
vt 0.324822 0.774340
vt 0.669588 0.250616
vt 0.661109 0.247974
vt 0.664365 0.781760
vt 0.634232 0.232689
vt 0.636945 0.781760
vt 0.605920 0.220260
vt 0.608060 0.781760
vt 0.576476 0.210821
vt 0.578021 0.781760
vt 0.546215 0.204471
vt 0.547149 0.781760
vt 0.515460 0.201279
vt 0.515772 0.781760
vt 0.484540 0.201279
vt 0.484228 0.781760
vt 0.453785 0.204471
vt 0.452851 0.781760
vt 0.423524 0.210821
vt 0.421979 0.781760
vt 0.394080 0.220260
vt 0.391940 0.781760
vt 0.365768 0.232689
vt 0.363055 0.781760
vt 0.338891 0.247974
vt 0.335635 0.781760
vt 0.329285 0.249489
vt 0.327938 0.781655
vt 0.665720 0.254471
vt 0.657157 0.254158
vt 0.661109 0.247974
vt 0.630938 0.239248
vt 0.634232 0.232689
vt 0.603321 0.227124
vt 0.605920 0.220260
vt 0.574600 0.217916
vt 0.576476 0.210821
vt 0.545081 0.211722
vt 0.546215 0.204471
vt 0.515081 0.208608
vt 0.515460 0.201279
vt 0.484919 0.208608
vt 0.484540 0.201279
vt 0.454919 0.211722
vt 0.453785 0.204471
vt 0.425400 0.217916
vt 0.423524 0.210821
vt 0.396679 0.227124
vt 0.394080 0.220260
vt 0.369062 0.239248
vt 0.365768 0.232689
vt 0.342843 0.254158
vt 0.338891 0.247974
vt 0.333067 0.253264
vt 0.332245 0.252443
vt 0.661215 0.258970
vt 0.652747 0.261056
vt 0.657157 0.254158
vt 0.627264 0.246565
vt 0.630938 0.239248
vt 0.600422 0.234781
vt 0.603321 0.227124
vt 0.572506 0.225831
vt 0.574600 0.217916
vt 0.543816 0.219811
vt 0.545081 0.211722
vt 0.514657 0.216785
vt 0.515081 0.208608
vt 0.485343 0.216785
vt 0.484919 0.208608
vt 0.456184 0.219811
vt 0.454919 0.211722
vt 0.427494 0.225831
vt 0.425400 0.217916
vt 0.399578 0.234781
vt 0.396679 0.227124
vt 0.372736 0.246565
vt 0.369062 0.239248
vt 0.347253 0.261056
vt 0.342843 0.254158
vt 0.342349 0.262542
vt 0.337372 0.257558
vt 0.322262 0.669438
vt 0.321363 0.661933
vt 0.346853 0.621528
vt 0.331684 0.760417
vt 0.322558 0.760417
vt 0.322558 0.674479
vt 0.331684 0.760417
vt 0.322558 0.674479
vt 0.346853 0.621528
vt 0.322465 0.671136
vt 0.322262 0.669438
vt 0.321363 0.661933
vt 0.319786 0.655894
vt 0.346853 0.621528
vt 0.319049 0.653067
vt 0.315487 0.644598
vt 0.691230 0.621528
vt 0.691220 0.634330
vt 0.653147 0.621528
vt 0.687059 0.640097
vt 0.687059 0.640097
vt 0.685283 0.643504
vt 0.653147 0.621528
vt 0.682832 0.648203
vt 0.680130 0.655860
vt 0.680130 0.655860
vt 0.679949 0.656374
vt 0.653147 0.621528
vt 0.678134 0.664975
vt 0.677809 0.669438
vt 0.677809 0.669438
vt 0.677442 0.674479
vt 0.653147 0.621528
vt 0.677442 0.760417
vt 0.668316 0.760417
vt 0.706761 0.621528
vt 0.703190 0.623509
vt 0.691230 0.621528
vt 0.701297 0.624924
vt 0.697290 0.627917
vt 0.697290 0.627917
vt 0.692431 0.632890
vt 0.691230 0.621528
vt 0.691775 0.633561
vt 0.691220 0.634330
vt 0.307508 0.632953
vt 0.305646 0.630710
vt 0.308770 0.621528
vt 0.315487 0.644598
vt 0.314793 0.643457
vt 0.346853 0.621528
vt 0.310854 0.636984
vt 0.308770 0.621528
vt 0.308773 0.634477
vt 0.307508 0.632953
vt 0.305646 0.630710
vt 0.299882 0.625613
vt 0.308770 0.621528
vt 0.298723 0.624900
vt 0.293239 0.621528
vt 0.611767 0.760417
vt 0.611791 0.621528
vt 0.640236 0.760417
vt 0.653147 0.621528
vt 0.652942 0.760417
vt 0.668316 0.760417
vt 0.611767 0.760417
vt 0.610657 0.760417
vt 0.611791 0.621528
vt 0.579896 0.760417
vt 0.568045 0.621528
vt 0.522816 0.760417
vt 0.522844 0.621528
vt 0.548282 0.760417
vt 0.568045 0.621528
vt 0.567964 0.760417
vt 0.579896 0.760417
vt 0.522816 0.760417
vt 0.516151 0.760417
vt 0.522844 0.621528
vt 0.483848 0.760417
vt 0.477156 0.621528
vt 0.432036 0.760417
vt 0.431955 0.621528
vt 0.451718 0.760417
vt 0.477156 0.621528
vt 0.477184 0.760417
vt 0.483848 0.760417
vt 0.432036 0.760417
vt 0.420104 0.760417
vt 0.431955 0.621528
vt 0.389343 0.760417
vt 0.388209 0.621528
vt 0.389343 0.760417
vt 0.388233 0.760417
vt 0.388209 0.621528
vt 0.359764 0.760417
vt 0.346853 0.621528
vt 0.347058 0.760417
vt 0.331684 0.760417
vt 0.253282 0.308225
vt 0.253800 0.307569
vt 0.337614 0.391070
vt 0.265679 0.293239
vt 0.262604 0.290164
vt 0.263604 0.289039
vt 0.345570 0.383114
vt 0.262584 0.296810
vt 0.350194 0.378490
vt 0.265679 0.293239
vt 0.354663 0.374021
vt 0.263604 0.289039
vt 0.337614 0.391070
vt 0.253800 0.307569
vt 0.341678 0.387007
vt 0.257640 0.302710
vt 0.345570 0.383114
vt 0.260998 0.298703
vt 0.262584 0.296810
vt 0.243001 0.669438
vt 0.243211 0.664975
vt 0.325604 0.660976
vt 0.325604 0.660976
vt 0.243211 0.664975
vt 0.326943 0.655983
vt 0.243211 0.664975
vt 0.244476 0.656374
vt 0.326943 0.655983
vt 0.244607 0.655860
vt 0.329015 0.648258
vt 0.246553 0.648203
vt 0.331277 0.643622
vt 0.248361 0.643504
vt 0.334479 0.394206
vt 0.249672 0.312941
vt 0.337614 0.391070
vt 0.252857 0.308780
vt 0.253282 0.308225
vt 0.325604 0.660976
vt 0.324875 0.669468
vt 0.243001 0.669438
vt 0.324445 0.674479
vt 0.242763 0.674479
vt 0.598259 0.655983
vt 0.678637 0.661933
vt 0.596920 0.660976
vt 0.677738 0.669438
vt 0.596190 0.669468
vt 0.677535 0.671136
vt 0.595760 0.674479
vt 0.677442 0.674479
vt 0.602593 0.643622
vt 0.684513 0.644598
vt 0.600330 0.648258
vt 0.680951 0.653067
vt 0.598259 0.655983
vt 0.680214 0.655894
vt 0.678637 0.661933
vt 0.391070 0.337614
vt 0.308773 0.252850
vt 0.394206 0.334479
vt 0.310854 0.251226
vt 0.602593 0.643622
vt 0.685207 0.643457
vt 0.684513 0.644598
vt 0.374021 0.354663
vt 0.293239 0.265679
vt 0.378490 0.350194
vt 0.298723 0.260981
vt 0.383114 0.345570
vt 0.299882 0.259988
vt 0.387007 0.341678
vt 0.305646 0.255290
vt 0.391070 0.337614
vt 0.307508 0.253837
vt 0.308773 0.252850
vt 0.290164 0.262604
vt 0.293239 0.265679
vt 0.285902 0.266488
vt 0.374021 0.354663
vt 0.283057 0.269081
vt 0.369151 0.359533
vt 0.276275 0.275646
vt 0.364342 0.364342
vt 0.263604 0.289039
vt 0.266479 0.285907
vt 0.354663 0.374021
vt 0.269682 0.282419
vt 0.359533 0.369151
vt 0.271928 0.280111
vt 0.364342 0.364342
vt 0.275966 0.275963
vt 0.276275 0.275646
vt 0.724019 0.731636
vt 0.280099 0.731409
vt 0.280089 0.755208
vt 0.703252 0.626627
vt 0.699778 0.629314
vt 0.674822 0.621528
vt 0.694573 0.634797
vt 0.694080 0.635493
vt 0.694080 0.635493
vt 0.689883 0.641419
vt 0.674822 0.621528
vt 0.686889 0.647203
vt 0.685988 0.648946
vt 0.685988 0.648946
vt 0.683031 0.657287
vt 0.674822 0.621528
vt 0.682299 0.660785
vt 0.681229 0.665897
vt 0.680561 0.675347
vt 0.680703 0.679712
vt 0.674822 0.755208
vt 0.681875 0.688580
vt 0.682238 0.689921
vt 0.682238 0.689921
vt 0.684170 0.697066
vt 0.674822 0.755208
vt 0.686924 0.703481
vt 0.687912 0.705782
vt 0.687912 0.705782
vt 0.692496 0.713207
vt 0.674822 0.755208
vt 0.694120 0.715130
vt 0.697757 0.719440
vt 0.709689 0.728226
vt 0.711433 0.755208
vt 0.703495 0.724430
vt 0.674822 0.755208
vt 0.703213 0.724184
vt 0.697757 0.719440
vt 0.681229 0.665897
vt 0.680561 0.675347
vt 0.674822 0.621528
vt 0.674822 0.755208
vt 0.634485 0.621528
vt 0.634485 0.755208
vt 0.591281 0.621528
vt 0.591281 0.755208
vt 0.546132 0.621528
vt 0.546132 0.755208
vt 0.500000 0.621528
vt 0.500000 0.755208
vt 0.453868 0.621528
vt 0.453868 0.755208
vt 0.408719 0.621528
vt 0.408719 0.755208
vt 0.365515 0.621528
vt 0.365515 0.755208
vt 0.325178 0.621528
vt 0.325178 0.755208
vt 0.290164 0.621528
vt 0.288567 0.755208
vt 0.289039 0.621029
vt 0.288572 0.620870
vt 0.714098 0.619988
vt 0.716943 0.618960
vt 0.288567 0.755208
vt 0.723725 0.618057
vt 0.724034 0.618091
vt 0.724034 0.618091
vt 0.282419 0.618774
vt 0.288567 0.755208
vt 0.285907 0.619962
vt 0.288572 0.620870
vt 0.355127 0.755208
vt 0.355127 0.621528
vt 0.397698 0.755208
vt 0.397698 0.621528
vt 0.442450 0.755208
vt 0.442450 0.621528
vt 0.488428 0.755208
vt 0.488428 0.621528
vt 0.534653 0.755208
vt 0.534653 0.621528
vt 0.580139 0.755208
vt 0.580139 0.621528
vt 0.623918 0.755208
vt 0.623918 0.621528
vt 0.665055 0.755208
vt 0.665055 0.621528
vt 0.702674 0.755208
vt 0.702674 0.621528
vt 0.288567 0.755208
vt 0.709836 0.621528
vt 0.714098 0.619988
vt 0.315644 0.755208
vt 0.315646 0.697139
vt 0.355127 0.755208
vt 0.316969 0.693407
vt 0.319297 0.670982
vt 0.318125 0.662115
vt 0.355127 0.621528
vt 0.316969 0.693407
vt 0.317701 0.689909
vt 0.355127 0.755208
vt 0.318771 0.684798
vt 0.355127 0.621528
vt 0.319439 0.675347
vt 0.319297 0.670982
vt 0.313076 0.647213
vt 0.312088 0.644913
vt 0.315644 0.621528
vt 0.318125 0.662115
vt 0.317762 0.660773
vt 0.355127 0.621528
vt 0.315830 0.653629
vt 0.315644 0.621528
vt 0.315645 0.653196
vt 0.313076 0.647213
vt 0.312088 0.644913
vt 0.307504 0.637487
vt 0.315644 0.621528
vt 0.305880 0.635564
vt 0.302243 0.631254
vt 0.302243 0.631254
vt 0.296787 0.626510
vt 0.315644 0.621528
vt 0.296505 0.626264
vt 0.290164 0.621528
vt 0.290311 0.622468
vt 0.289039 0.621029
vt 0.716879 0.619793
vt 0.718187 0.619518
vt 0.713483 0.621021
vt 0.709836 0.621528
vt 0.711283 0.621723
vt 0.705097 0.625138
vt 0.709836 0.621528
vt 0.705097 0.625138
vt 0.693644 0.621528
vt 0.703254 0.626625
vt 0.698836 0.630191
vt 0.723725 0.618057
vt 0.724034 0.618091
vt 0.275970 0.618978
vt 0.289039 0.621029
vt 0.290311 0.622468
vt 0.285907 0.619962
vt 0.286509 0.621053
vt 0.282419 0.618774
vt 0.283268 0.619847
vt 0.280111 0.618530
vt 0.280115 0.619420
vt 0.724034 0.618091
vt 0.276490 0.618929
vt 0.275970 0.618978
vt 0.714098 0.619988
vt 0.716879 0.619793
vt 0.709836 0.621528
vt 0.713483 0.621021
vt 0.711283 0.621723
vt 0.714098 0.619988
vt 0.716943 0.618960
vt 0.716879 0.619793
vt 0.723725 0.618057
vt 0.718187 0.619518
vt 0.275970 0.618978
vt 0.698836 0.630191
vt 0.694083 0.635512
vt 0.693644 0.621528
vt 0.693642 0.636006
vt 0.655067 0.621528
vt 0.693388 0.636291
vt 0.688974 0.642961
vt 0.688974 0.642961
vt 0.686930 0.647228
vt 0.655067 0.621528
vt 0.685211 0.650816
vt 0.682440 0.659555
vt 0.682440 0.659555
vt 0.682241 0.660762
vt 0.655067 0.621528
vt 0.680843 0.669201
vt 0.680697 0.675352
vt 0.680627 0.678314
vt 0.681611 0.687188
vt 0.655067 0.755208
vt 0.681611 0.687188
vt 0.682285 0.689907
vt 0.655067 0.755208
vt 0.683730 0.695742
vt 0.686817 0.703553
vt 0.723725 0.618057
vt 0.724034 0.618091
vt 0.719911 0.755208
vt 0.282419 0.618774
vt 0.285907 0.619962
vt 0.680697 0.675352
vt 0.680627 0.678314
vt 0.655067 0.621528
vt 0.655067 0.755208
vt 0.613185 0.621528
vt 0.613185 0.755208
vt 0.568891 0.621528
vt 0.568891 0.755208
vt 0.523128 0.621528
vt 0.523128 0.755208
vt 0.476872 0.621528
vt 0.476872 0.755208
vt 0.431109 0.621528
vt 0.431109 0.755208
vt 0.386815 0.621528
vt 0.386815 0.755208
vt 0.344933 0.621528
vt 0.344933 0.755208
vt 0.306356 0.621528
vt 0.306356 0.755208
vt 0.290164 0.621528
vt 0.719911 0.755208
vt 0.289039 0.621029
vt 0.285907 0.619962
vt 0.714098 0.619988
vt 0.716943 0.618960
vt 0.719911 0.755208
vt 0.719887 0.618568
vt 0.723725 0.618057
vt 0.305917 0.715182
vt 0.306612 0.714404
vt 0.334945 0.755208
vt 0.311026 0.707733
vt 0.313070 0.703467
vt 0.313070 0.703467
vt 0.314789 0.699878
vt 0.334945 0.755208
vt 0.317560 0.691139
vt 0.317759 0.689932
vt 0.319303 0.675343
vt 0.319373 0.672380
vt 0.334945 0.621528
vt 0.319303 0.675343
vt 0.334945 0.621528
vt 0.319157 0.681493
vt 0.317759 0.689932
vt 0.319157 0.681493
vt 0.334945 0.755208
vt 0.334945 0.621528
vt 0.376082 0.755208
vt 0.376082 0.621528
vt 0.419861 0.755208
vt 0.419861 0.621528
vt 0.465347 0.755208
vt 0.465347 0.621528
vt 0.511572 0.755208
vt 0.511572 0.621528
vt 0.557550 0.755208
vt 0.557550 0.621528
vt 0.602302 0.755208
vt 0.602302 0.621528
vt 0.644873 0.755208
vt 0.644873 0.621528
vt 0.684356 0.755208
vt 0.684356 0.621528
vt 0.719911 0.755208
vt 0.709836 0.621528
vt 0.714098 0.619988
vt 0.319373 0.672380
vt 0.318389 0.663507
vt 0.334945 0.621528
vt 0.317715 0.660788
vt 0.316270 0.654953
vt 0.316270 0.654953
vt 0.313183 0.647142
vt 0.334945 0.621528
vt 0.313117 0.646975
vt 0.308473 0.638866
vt 0.308473 0.638866
vt 0.305860 0.635585
vt 0.334945 0.621528
vt 0.303237 0.632293
vt 0.297326 0.621528
vt 0.297536 0.627047
vt 0.297328 0.626911
vt 0.703252 0.626627
vt 0.674822 0.621528
vt 0.705638 0.624781
vt 0.709836 0.621528
vt 0.711420 0.621773
vt 0.711416 0.620957
vt 0.712463 0.621230
vt 0.719261 0.619321
vt 0.723725 0.618057
vt 0.275981 0.619058
vt 0.724034 0.618091
vt 0.277569 0.618969
vt 0.282419 0.618774
vt 0.284453 0.620169
vt 0.285907 0.619962
vt 0.286508 0.621017
vt 0.289039 0.621029
vt 0.291468 0.623066
vt 0.712463 0.621230
vt 0.711416 0.620957
vt 0.713477 0.620945
vt 0.714098 0.619988
vt 0.719261 0.619321
vt 0.716943 0.618960
vt 0.723725 0.618057
vt 0.297328 0.626911
vt 0.296780 0.626551
vt 0.297326 0.621528
vt 0.291468 0.623066
vt 0.290164 0.621528
vt 0.289039 0.621029
vt 0.287537 0.729464
vt 0.315644 0.755208
vt 0.286523 0.729749
vt 0.280089 0.755208
vt 0.280739 0.731373
vt 0.280099 0.731409
vt 0.287537 0.729464
vt 0.294362 0.725913
vt 0.315644 0.755208
vt 0.296748 0.724068
vt 0.300222 0.721381
vt 0.300222 0.721381
vt 0.305427 0.715898
vt 0.315644 0.755208
vt 0.305920 0.715202
vt 0.310117 0.709275
vt 0.310117 0.709275
vt 0.313111 0.703492
vt 0.315644 0.755208
vt 0.314012 0.701749
vt 0.315646 0.697139
vt 0.694140 0.715109
vt 0.696763 0.718402
vt 0.693644 0.755208
vt 0.686817 0.703553
vt 0.686883 0.703719
vt 0.655067 0.755208
vt 0.691527 0.711828
vt 0.693644 0.755208
vt 0.693635 0.714474
vt 0.694140 0.715109
vt 0.696763 0.718402
vt 0.702464 0.723647
vt 0.693644 0.755208
vt 0.703220 0.724143
vt 0.708532 0.727628
vt 0.708532 0.727628
vt 0.713492 0.729677
vt 0.693644 0.755208
vt 0.715547 0.730526
vt 0.280089 0.755208
vt 0.722431 0.731725
vt 0.724019 0.731636
vt 0.709689 0.728226
vt 0.711414 0.728868
vt 0.711433 0.755208
vt 0.713491 0.729641
vt 0.716732 0.730847
vt 0.281813 0.731176
vt 0.297326 0.755208
vt 0.724030 0.731717
vt 0.711433 0.755208
vt 0.723510 0.731766
vt 0.716732 0.730847
vt 0.281813 0.731176
vt 0.286517 0.729674
vt 0.297326 0.755208
vt 0.288717 0.728971
vt 0.294903 0.725557
vt 0.294903 0.725557
vt 0.296746 0.724069
vt 0.297326 0.755208
vt 0.297341 0.723588
vt 0.334945 0.755208
vt 0.301164 0.720503
vt 0.305917 0.715182
vt 0.746718 0.691775
vt 0.746200 0.692431
vt 0.662386 0.608930
vt 0.654430 0.616886
vt 0.737416 0.703190
vt 0.649806 0.621510
vt 0.734321 0.706761
vt 0.645337 0.625979
vt 0.734321 0.706761
vt 0.737396 0.709836
vt 0.736396 0.710961
vt 0.662386 0.608930
vt 0.746200 0.692431
vt 0.658322 0.612993
vt 0.742360 0.697290
vt 0.654430 0.616886
vt 0.739002 0.701297
vt 0.737416 0.703190
vt 0.243001 0.669438
vt 0.243211 0.664975
vt 0.325604 0.660976
vt 0.325604 0.660976
vt 0.243211 0.664975
vt 0.326943 0.655983
vt 0.243211 0.664975
vt 0.244476 0.656374
vt 0.326943 0.655983
vt 0.244607 0.655860
vt 0.329015 0.648258
vt 0.246553 0.648203
vt 0.331277 0.643622
vt 0.248361 0.643504
vt 0.665521 0.605794
vt 0.750328 0.687059
vt 0.662386 0.608930
vt 0.747143 0.691220
vt 0.746718 0.691775
vt 0.325604 0.660976
vt 0.324875 0.669468
vt 0.243001 0.669438
vt 0.324445 0.674479
vt 0.242763 0.674479
vt 0.598259 0.655983
vt 0.678637 0.661933
vt 0.596920 0.660976
vt 0.677738 0.669438
vt 0.596190 0.669468
vt 0.677535 0.671136
vt 0.595760 0.674479
vt 0.677442 0.674479
vt 0.602593 0.643622
vt 0.684513 0.644598
vt 0.600330 0.648258
vt 0.680951 0.653067
vt 0.598259 0.655983
vt 0.680214 0.655894
vt 0.678637 0.661933
vt 0.608930 0.662386
vt 0.691227 0.747150
vt 0.605794 0.665521
vt 0.689146 0.748774
vt 0.602593 0.643622
vt 0.685207 0.643457
vt 0.684513 0.644598
vt 0.625979 0.645337
vt 0.711416 0.735955
vt 0.706761 0.734321
vt 0.709836 0.737396
vt 0.625979 0.645337
vt 0.706761 0.734321
vt 0.621510 0.649806
vt 0.701277 0.739019
vt 0.616886 0.654430
vt 0.700118 0.740012
vt 0.612993 0.658322
vt 0.694354 0.744710
vt 0.608930 0.662386
vt 0.692492 0.746163
vt 0.691227 0.747150
vt 0.635658 0.635658
vt 0.723725 0.724354
vt 0.630849 0.640467
vt 0.716943 0.730919
vt 0.625979 0.645337
vt 0.714098 0.733512
vt 0.711416 0.735955
vt 0.734321 0.706761
vt 0.736396 0.710961
vt 0.645337 0.625979
vt 0.733521 0.714093
vt 0.640467 0.630849
vt 0.730318 0.717581
vt 0.635658 0.635658
vt 0.724034 0.724037
vt 0.723725 0.724354
vt 0.307508 0.632953
vt 0.305646 0.630710
vt 0.308770 0.621528
vt 0.305646 0.630710
vt 0.299882 0.625613
vt 0.308770 0.621528
vt 0.298723 0.624900
vt 0.293239 0.621528
vt 0.322262 0.669438
vt 0.321363 0.661933
vt 0.346853 0.621528
vt 0.331684 0.760417
vt 0.322558 0.760417
vt 0.322558 0.674479
vt 0.331684 0.760417
vt 0.322558 0.674479
vt 0.346853 0.621528
vt 0.322465 0.671136
vt 0.322262 0.669438
vt 0.321363 0.661933
vt 0.319786 0.655894
vt 0.346853 0.621528
vt 0.319049 0.653067
vt 0.315487 0.644598
vt 0.315487 0.644598
vt 0.314793 0.643457
vt 0.346853 0.621528
vt 0.310854 0.636984
vt 0.308770 0.621528
vt 0.308773 0.634477
vt 0.307508 0.632953
vt 0.691230 0.621528
vt 0.691220 0.634330
vt 0.653147 0.621528
vt 0.687059 0.640097
vt 0.687059 0.640097
vt 0.685283 0.643504
vt 0.653147 0.621528
vt 0.682832 0.648203
vt 0.680130 0.655860
vt 0.680130 0.655860
vt 0.679949 0.656374
vt 0.653147 0.621528
vt 0.678134 0.664975
vt 0.677809 0.669438
vt 0.677809 0.669438
vt 0.677442 0.674479
vt 0.653147 0.621528
vt 0.677442 0.760417
vt 0.668316 0.760417
vt 0.706761 0.621528
vt 0.703190 0.623509
vt 0.691230 0.621528
vt 0.701297 0.624924
vt 0.697290 0.627917
vt 0.697290 0.627917
vt 0.692431 0.632890
vt 0.691230 0.621528
vt 0.691775 0.633561
vt 0.691220 0.634330
vt 0.611767 0.760417
vt 0.611791 0.621528
vt 0.640236 0.760417
vt 0.653147 0.621528
vt 0.652942 0.760417
vt 0.668316 0.760417
vt 0.611767 0.760417
vt 0.610657 0.760417
vt 0.611791 0.621528
vt 0.579896 0.760417
vt 0.568045 0.621528
vt 0.522816 0.760417
vt 0.522844 0.621528
vt 0.548282 0.760417
vt 0.568045 0.621528
vt 0.567964 0.760417
vt 0.579896 0.760417
vt 0.522816 0.760417
vt 0.516151 0.760417
vt 0.522844 0.621528
vt 0.483848 0.760417
vt 0.477156 0.621528
vt 0.432036 0.760417
vt 0.431955 0.621528
vt 0.451718 0.760417
vt 0.477156 0.621528
vt 0.477184 0.760417
vt 0.483848 0.760417
vt 0.432036 0.760417
vt 0.420104 0.760417
vt 0.431955 0.621528
vt 0.389343 0.760417
vt 0.388209 0.621528
vt 0.389343 0.760417
vt 0.388233 0.760417
vt 0.388209 0.621528
vt 0.359764 0.760417
vt 0.346853 0.621528
vt 0.347058 0.760417
vt 0.331684 0.760417
vt 0.322760 0.764621
vt 0.322558 0.760417
vt 0.331684 0.760417
vt 0.333273 0.774421
vt 0.324822 0.774340
vt 0.323965 0.771810
vt 0.335635 0.781760
vt 0.327938 0.781655
vt 0.326258 0.778577
vt 0.661109 0.752026
vt 0.667755 0.747557
vt 0.670715 0.750511
vt 0.657157 0.745842
vt 0.662628 0.742442
vt 0.666933 0.746736
vt 0.652747 0.738944
vt 0.656609 0.736413
vt 0.657651 0.737458
vt 0.649614 0.734043
vt 0.652426 0.732221
vt 0.656609 0.736413
vt 0.338785 0.741030
vt 0.343396 0.736408
vt 0.347253 0.738944
vt 0.344005 0.735797
vt 0.656609 0.736413
vt 0.652747 0.738944
vt 0.649614 0.734043
vt 0.627264 0.753435
vt 0.624654 0.748238
vt 0.600422 0.765219
vt 0.598362 0.759780
vt 0.572506 0.774169
vt 0.571019 0.768546
vt 0.543816 0.780189
vt 0.542917 0.774442
vt 0.514657 0.783215
vt 0.514357 0.777407
vt 0.485343 0.783215
vt 0.485643 0.777407
vt 0.456184 0.780189
vt 0.457083 0.774442
vt 0.427494 0.774169
vt 0.428981 0.768546
vt 0.399578 0.765219
vt 0.401638 0.759780
vt 0.372736 0.753435
vt 0.375346 0.748238
vt 0.347253 0.738944
vt 0.350386 0.734043
vt 0.344005 0.735797
vt 0.347574 0.732221
vt 0.334280 0.745529
vt 0.337527 0.742285
vt 0.342843 0.745842
vt 0.338785 0.741030
vt 0.330412 0.749384
vt 0.332261 0.747540
vt 0.338891 0.752026
vt 0.334280 0.745529
vt 0.672962 0.780250
vt 0.672085 0.781666
vt 0.664365 0.781760
vt 0.330412 0.749384
vt 0.675492 0.773825
vt 0.675269 0.774391
vt 0.666727 0.774421
vt 0.672962 0.780250
vt 0.676987 0.766219
vt 0.676870 0.767719
vt 0.668051 0.766233
vt 0.675492 0.773825
vt 0.677442 0.760417
vt 0.676987 0.766219
vt 0.668316 0.760417
vt 0.668051 0.766233
vt 0.652942 0.760417
vt 0.640016 0.766233
vt 0.640236 0.760417
vt 0.640236 0.760417
vt 0.640016 0.766233
vt 0.611767 0.760417
vt 0.610484 0.766233
vt 0.610657 0.760417
vt 0.579771 0.766233
vt 0.579896 0.760417
vt 0.477184 0.760417
vt 0.483848 0.760417
vt 0.483874 0.766233
vt 0.516151 0.760417
vt 0.516126 0.766233
vt 0.522816 0.760417
vt 0.548206 0.766233
vt 0.548282 0.760417
vt 0.579771 0.766233
vt 0.567964 0.760417
vt 0.579896 0.760417
vt 0.477184 0.760417
vt 0.483874 0.766233
vt 0.451718 0.760417
vt 0.451794 0.766233
vt 0.432036 0.760417
vt 0.420229 0.766233
vt 0.420104 0.760417
vt 0.389516 0.766233
vt 0.389343 0.760417
vt 0.389343 0.760417
vt 0.389516 0.766233
vt 0.388233 0.760417
vt 0.359984 0.766233
vt 0.359764 0.760417
vt 0.323025 0.766202
vt 0.322760 0.764621
vt 0.331949 0.766233
vt 0.331684 0.760417
vt 0.359984 0.766233
vt 0.347058 0.760417
vt 0.359764 0.760417
vt 0.675492 0.773825
vt 0.666727 0.774421
vt 0.668051 0.766233
vt 0.638912 0.774421
vt 0.640016 0.766233
vt 0.609613 0.774421
vt 0.610484 0.766233
vt 0.579142 0.774421
vt 0.579771 0.766233
vt 0.547826 0.774421
vt 0.548206 0.766233
vt 0.515999 0.774421
vt 0.516126 0.766233
vt 0.484001 0.774421
vt 0.483874 0.766233
vt 0.452174 0.774421
vt 0.451794 0.766233
vt 0.420858 0.774421
vt 0.420229 0.766233
vt 0.390387 0.774421
vt 0.389516 0.766233
vt 0.361088 0.774421
vt 0.359984 0.766233
vt 0.333273 0.774421
vt 0.331949 0.766233
vt 0.323965 0.771810
vt 0.323025 0.766202
vt 0.672962 0.780250
vt 0.664365 0.781760
vt 0.666727 0.774421
vt 0.636945 0.781760
vt 0.638912 0.774421
vt 0.608060 0.781760
vt 0.609613 0.774421
vt 0.578021 0.781760
vt 0.579142 0.774421
vt 0.547149 0.781760
vt 0.547826 0.774421
vt 0.515772 0.781760
vt 0.515999 0.774421
vt 0.484228 0.781760
vt 0.484001 0.774421
vt 0.452851 0.781760
vt 0.452174 0.774421
vt 0.421979 0.781760
vt 0.420858 0.774421
vt 0.391940 0.781760
vt 0.390387 0.774421
vt 0.363055 0.781760
vt 0.361088 0.774421
vt 0.335635 0.781760
vt 0.333273 0.774421
vt 0.326258 0.778577
vt 0.324822 0.774340
vt 0.330412 0.749384
vt 0.338891 0.752026
vt 0.664365 0.781760
vt 0.365768 0.767311
vt 0.636945 0.781760
vt 0.394080 0.779740
vt 0.608060 0.781760
vt 0.423524 0.789179
vt 0.578021 0.781760
vt 0.453785 0.795529
vt 0.547149 0.781760
vt 0.484540 0.798721
vt 0.515772 0.781760
vt 0.515460 0.798721
vt 0.484228 0.781760
vt 0.546215 0.795529
vt 0.452851 0.781760
vt 0.576476 0.789179
vt 0.421979 0.781760
vt 0.605920 0.779740
vt 0.391940 0.781760
vt 0.634232 0.767311
vt 0.363055 0.781760
vt 0.661109 0.752026
vt 0.335635 0.781760
vt 0.670715 0.750511
vt 0.327938 0.781655
vt 0.334280 0.745529
vt 0.342843 0.745842
vt 0.338891 0.752026
vt 0.369062 0.760752
vt 0.365768 0.767311
vt 0.396679 0.772876
vt 0.394080 0.779740
vt 0.425400 0.782084
vt 0.423524 0.789179
vt 0.454919 0.788278
vt 0.453785 0.795529
vt 0.484919 0.791392
vt 0.484540 0.798721
vt 0.515081 0.791392
vt 0.515460 0.798721
vt 0.545081 0.788278
vt 0.546215 0.795529
vt 0.574600 0.782084
vt 0.576476 0.789179
vt 0.603321 0.772876
vt 0.605920 0.779740
vt 0.630938 0.760752
vt 0.634232 0.767311
vt 0.657157 0.745842
vt 0.661109 0.752026
vt 0.666933 0.746736
vt 0.667755 0.747557
vt 0.338785 0.741030
vt 0.347253 0.738944
vt 0.342843 0.745842
vt 0.372736 0.753435
vt 0.369062 0.760752
vt 0.399578 0.765219
vt 0.396679 0.772876
vt 0.427494 0.774169
vt 0.425400 0.782084
vt 0.456184 0.780189
vt 0.454919 0.788278
vt 0.485343 0.783215
vt 0.484919 0.791392
vt 0.514657 0.783215
vt 0.515081 0.791392
vt 0.543816 0.780189
vt 0.545081 0.788278
vt 0.572506 0.774169
vt 0.574600 0.782084
vt 0.600422 0.765219
vt 0.603321 0.772876
vt 0.627264 0.753435
vt 0.630938 0.760752
vt 0.652747 0.738944
vt 0.657157 0.745842
vt 0.657651 0.737458
vt 0.662628 0.742442
vt 0.322558 0.760417
vt 0.322558 0.674479
vt 0.404240 0.674479
vt 0.330412 0.785694
vt 0.327915 0.781666
vt 0.404240 0.674479
vt 0.404240 0.795139
vt 0.347574 0.795139
vt 0.404240 0.674479
vt 0.344005 0.794784
vt 0.344005 0.794784
vt 0.343396 0.794567
vt 0.404240 0.674479
vt 0.338785 0.792926
vt 0.337527 0.792063
vt 0.337527 0.792063
vt 0.334280 0.789835
vt 0.404240 0.674479
vt 0.332261 0.787674
vt 0.330412 0.785694
vt 0.327915 0.781666
vt 0.327038 0.780250
vt 0.404240 0.674479
vt 0.324731 0.774391
vt 0.324508 0.773825
vt 0.324508 0.773825
vt 0.323130 0.767719
vt 0.404240 0.674479
vt 0.323013 0.766219
vt 0.322558 0.760417
vt 0.242763 0.760417
vt 0.242763 0.674479
vt 0.324445 0.674479
vt 0.324445 0.674479
vt 0.324445 0.795139
vt 0.267779 0.795139
vt 0.258970 0.792926
vt 0.257715 0.792063
vt 0.324445 0.674479
vt 0.254471 0.789835
vt 0.244691 0.773825
vt 0.243312 0.767719
vt 0.324445 0.674479
vt 0.243199 0.766219
vt 0.242763 0.760417
vt 0.267779 0.795139
vt 0.264203 0.794784
vt 0.324445 0.674479
vt 0.263592 0.794567
vt 0.258970 0.792926
vt 0.254471 0.789835
vt 0.252460 0.787674
vt 0.324445 0.674479
vt 0.250616 0.785694
vt 0.248114 0.781666
vt 0.248114 0.781666
vt 0.247235 0.780250
vt 0.324445 0.674479
vt 0.244915 0.774391
vt 0.244691 0.773825
vt 0.223193 0.453283
vt 0.220431 0.456286
vt 0.219811 0.456184
vt 0.347058 0.760417
vt 0.359764 0.760417
vt 0.359984 0.766233
vt 0.388233 0.760417
vt 0.389343 0.760417
vt 0.389516 0.766233
vt 0.477184 0.760417
vt 0.483848 0.760417
vt 0.483874 0.766233
vt 0.567964 0.760417
vt 0.579896 0.760417
vt 0.579771 0.766233
vt 0.611767 0.760417
vt 0.640236 0.760417
vt 0.640016 0.766233
vt 0.652942 0.760417
vt 0.668316 0.760417
vt 0.668051 0.766233
vt 0.267779 0.347574
vt 0.265957 0.350386
vt 0.264203 0.344005
vt 0.261056 0.347253
vt 0.263592 0.343396
vt 0.263592 0.343396
vt 0.261056 0.347253
vt 0.258970 0.338785
vt 0.254158 0.342843
vt 0.257715 0.337527
vt 0.257715 0.337527
vt 0.254158 0.342843
vt 0.254471 0.334280
vt 0.247974 0.338891
vt 0.252460 0.332261
vt 0.252460 0.332261
vt 0.247974 0.338891
vt 0.250616 0.330412
vt 0.664365 0.781760
vt 0.672085 0.781666
vt 0.672085 0.781666
vt 0.664365 0.781760
vt 0.672962 0.780250
vt 0.666727 0.774421
vt 0.675269 0.774391
vt 0.675269 0.774391
vt 0.666727 0.774421
vt 0.675492 0.773825
vt 0.668051 0.766233
vt 0.676870 0.767719
vt 0.676870 0.767719
vt 0.668051 0.766233
vt 0.676987 0.766219
vt 0.668316 0.760417
vt 0.677442 0.760417
vt 0.567964 0.760417
vt 0.579771 0.766233
vt 0.548282 0.760417
vt 0.477184 0.760417
vt 0.483874 0.766233
vt 0.451718 0.760417
vt 0.347058 0.760417
vt 0.359984 0.766233
vt 0.331684 0.760417
vt 0.331949 0.766233
vt 0.323025 0.766202
vt 0.322760 0.764621
vt 0.323025 0.766202
vt 0.331949 0.766233
vt 0.323965 0.771810
vt 0.333273 0.774421
vt 0.324822 0.774340
vt 0.324822 0.774340
vt 0.333273 0.774421
vt 0.326258 0.778577
vt 0.335635 0.781760
vt 0.327938 0.781655
vt 0.327938 0.781655
vt 0.335635 0.781760
vt 0.249489 0.670715
vt 0.247974 0.661109
vt 0.252443 0.667755
vt 0.252443 0.667755
vt 0.247974 0.661109
vt 0.253264 0.666933
vt 0.254158 0.657157
vt 0.257558 0.662628
vt 0.257558 0.662628
vt 0.254158 0.657157
vt 0.262542 0.657651
vt 0.261056 0.652747
vt 0.263587 0.656609
vt 0.265957 0.649614
vt 0.267779 0.652426
vt 0.226896 0.550743
vt 0.231454 0.571019
vt 0.223729 0.547552
vt 0.225831 0.572506
vt 0.223111 0.546798
vt 0.220552 0.543677
vt 0.211722 0.545081
vt 0.209233 0.524055
vt 0.212856 0.532353
vt 0.219673 0.542604
vt 0.219811 0.543816
vt 0.217545 0.540009
vt 0.211722 0.545081
vt 0.213183 0.532888
vt 0.212856 0.532353
vt 0.209233 0.524055
vt 0.211722 0.545081
vt 0.208823 0.523116
vt 0.204471 0.546215
vt 0.207141 0.516921
vt 0.206635 0.484412
vt 0.206569 0.484814
vt 0.201279 0.484540
vt 0.205211 0.493051
vt 0.205017 0.500004
vt 0.204930 0.503092
vt 0.201279 0.515460
vt 0.206128 0.513190
vt 0.206667 0.515175
vt 0.213293 0.467163
vt 0.209841 0.474177
vt 0.211722 0.454919
vt 0.209235 0.476113
vt 0.201279 0.484540
vt 0.207059 0.483061
vt 0.206635 0.484412
vt 0.220431 0.456286
vt 0.220098 0.456649
vt 0.219811 0.456184
vt 0.219658 0.457282
vt 0.211722 0.454919
vt 0.214473 0.464764
vt 0.213293 0.467163
vt 0.225831 0.427494
vt 0.231454 0.428981
vt 0.226896 0.449257
vt 0.432036 0.760417
vt 0.451718 0.760417
vt 0.451794 0.766233
vt 0.483874 0.766233
vt 0.452174 0.774421
vt 0.484001 0.774421
vt 0.452851 0.781760
vt 0.484228 0.781760
vt 0.204471 0.546215
vt 0.201279 0.515460
vt 0.207141 0.516921
vt 0.206667 0.515175
vt 0.483848 0.760417
vt 0.516151 0.760417
vt 0.483874 0.766233
vt 0.516126 0.766233
vt 0.484001 0.774421
vt 0.515999 0.774421
vt 0.484228 0.781760
vt 0.515772 0.781760
vt 0.201279 0.515460
vt 0.201279 0.484540
vt 0.205017 0.500004
vt 0.205211 0.493051
vt 0.516151 0.760417
vt 0.522816 0.760417
vt 0.516126 0.766233
vt 0.548206 0.766233
vt 0.515999 0.774421
vt 0.547826 0.774421
vt 0.515772 0.781760
vt 0.547149 0.781760
vt 0.201279 0.484540
vt 0.204471 0.453785
vt 0.211722 0.454919
vt 0.251762 0.624654
vt 0.265957 0.649614
vt 0.246565 0.627264
vt 0.261056 0.652747
vt 0.239248 0.630938
vt 0.254158 0.657157
vt 0.232689 0.634232
vt 0.247974 0.661109
vt 0.363055 0.781760
vt 0.335635 0.781760
vt 0.361088 0.774421
vt 0.333273 0.774421
vt 0.359984 0.766233
vt 0.331949 0.766233
vt 0.331684 0.760417
vt 0.322760 0.764621
vt 0.322558 0.760417
vt 0.359764 0.760417
vt 0.388233 0.760417
vt 0.359984 0.766233
vt 0.389516 0.766233
vt 0.361088 0.774421
vt 0.390387 0.774421
vt 0.363055 0.781760
vt 0.391940 0.781760
vt 0.232689 0.634232
vt 0.220260 0.605920
vt 0.239248 0.630938
vt 0.227124 0.603321
vt 0.246565 0.627264
vt 0.234781 0.600422
vt 0.251762 0.624654
vt 0.240220 0.598362
vt 0.389343 0.760417
vt 0.420104 0.760417
vt 0.389516 0.766233
vt 0.420229 0.766233
vt 0.390387 0.774421
vt 0.420858 0.774421
vt 0.391940 0.781760
vt 0.421979 0.781760
vt 0.220260 0.605920
vt 0.210821 0.576476
vt 0.227124 0.603321
vt 0.217916 0.574600
vt 0.234781 0.600422
vt 0.225831 0.572506
vt 0.240220 0.598362
vt 0.231454 0.571019
vt 0.420104 0.760417
vt 0.432036 0.760417
vt 0.420229 0.766233
vt 0.451794 0.766233
vt 0.420858 0.774421
vt 0.452174 0.774421
vt 0.421979 0.781760
vt 0.452851 0.781760
vt 0.210821 0.576476
vt 0.204471 0.546215
vt 0.217916 0.574600
vt 0.211722 0.545081
vt 0.225831 0.572506
vt 0.219811 0.543816
vt 0.220552 0.543677
vt 0.219673 0.542604
vt 0.522816 0.760417
vt 0.548282 0.760417
vt 0.548206 0.766233
vt 0.579771 0.766233
vt 0.547826 0.774421
vt 0.579142 0.774421
vt 0.547149 0.781760
vt 0.578021 0.781760
vt 0.204471 0.453785
vt 0.210821 0.423524
vt 0.211722 0.454919
vt 0.217916 0.425400
vt 0.219811 0.456184
vt 0.225831 0.427494
vt 0.223193 0.453283
vt 0.226896 0.449257
vt 0.579896 0.760417
vt 0.610657 0.760417
vt 0.579771 0.766233
vt 0.610484 0.766233
vt 0.579142 0.774421
vt 0.609613 0.774421
vt 0.578021 0.781760
vt 0.608060 0.781760
vt 0.210821 0.423524
vt 0.220260 0.394080
vt 0.217916 0.425400
vt 0.227124 0.396679
vt 0.225831 0.427494
vt 0.234781 0.399578
vt 0.231454 0.428981
vt 0.240220 0.401638
vt 0.610657 0.760417
vt 0.611767 0.760417
vt 0.610484 0.766233
vt 0.640016 0.766233
vt 0.609613 0.774421
vt 0.638912 0.774421
vt 0.608060 0.781760
vt 0.636945 0.781760
vt 0.220260 0.394080
vt 0.232689 0.365768
vt 0.227124 0.396679
vt 0.239248 0.369062
vt 0.234781 0.399578
vt 0.246565 0.372736
vt 0.240220 0.401638
vt 0.251762 0.375346
vt 0.640236 0.760417
vt 0.652942 0.760417
vt 0.640016 0.766233
vt 0.668051 0.766233
vt 0.638912 0.774421
vt 0.666727 0.774421
vt 0.636945 0.781760
vt 0.664365 0.781760
vt 0.232689 0.365768
vt 0.247974 0.338891
vt 0.239248 0.369062
vt 0.254158 0.342843
vt 0.246565 0.372736
vt 0.261056 0.347253
vt 0.251762 0.375346
vt 0.265957 0.350386
vt 0.691775 0.253282
vt 0.692431 0.253800
vt 0.608930 0.337614
vt 0.616886 0.345570
vt 0.703190 0.262584
vt 0.621510 0.350194
vt 0.706761 0.265679
vt 0.625979 0.354663
vt 0.706761 0.265679
vt 0.709836 0.262604
vt 0.710961 0.263604
vt 0.608930 0.337614
vt 0.692431 0.253800
vt 0.612993 0.341678
vt 0.697290 0.257640
vt 0.616886 0.345570
vt 0.701297 0.260998
vt 0.703190 0.262584
vt 0.322191 0.669438
vt 0.321866 0.664975
vt 0.403080 0.660976
vt 0.403080 0.660976
vt 0.321866 0.664975
vt 0.401741 0.655983
vt 0.321866 0.664975
vt 0.320051 0.656374
vt 0.401741 0.655983
vt 0.319870 0.655860
vt 0.399670 0.648258
vt 0.317168 0.648203
vt 0.397407 0.643622
vt 0.314717 0.643504
vt 0.605794 0.334479
vt 0.687059 0.249672
vt 0.608930 0.337614
vt 0.691220 0.252857
vt 0.691775 0.253282
vt 0.403080 0.660976
vt 0.403810 0.669468
vt 0.322191 0.669438
vt 0.404240 0.674479
vt 0.322558 0.674479
vt 0.673057 0.655983
vt 0.756435 0.661933
vt 0.674396 0.660976
vt 0.757051 0.669438
vt 0.675125 0.669468
vt 0.757190 0.671136
vt 0.675555 0.674479
vt 0.757237 0.674479
vt 0.668723 0.643622
vt 0.752199 0.644598
vt 0.670985 0.648258
vt 0.754777 0.653067
vt 0.673057 0.655983
vt 0.755306 0.655894
vt 0.756435 0.661933
vt 0.662386 0.391070
vt 0.747150 0.308773
vt 0.665521 0.394206
vt 0.748774 0.310854
vt 0.668723 0.643622
vt 0.751686 0.643457
vt 0.752199 0.644598
vt 0.645337 0.374021
vt 0.734321 0.293239
vt 0.649806 0.378490
vt 0.739019 0.298723
vt 0.654430 0.383114
vt 0.740012 0.299882
vt 0.658322 0.387007
vt 0.744710 0.305646
vt 0.662386 0.391070
vt 0.746163 0.307508
vt 0.747150 0.308773
vt 0.737396 0.290164
vt 0.734321 0.293239
vt 0.733512 0.285902
vt 0.645337 0.374021
vt 0.730919 0.283057
vt 0.640467 0.369151
vt 0.635658 0.364342
vt 0.724354 0.276275
vt 0.640467 0.369151
vt 0.728070 0.280113
vt 0.730919 0.283057
vt 0.706761 0.265679
vt 0.710961 0.263604
vt 0.625979 0.354663
vt 0.714093 0.266479
vt 0.630849 0.359533
vt 0.717581 0.269682
vt 0.635658 0.364342
vt 0.724037 0.275966
vt 0.724354 0.276275
vt 0.322262 0.669438
vt 0.321363 0.661933
vt 0.346853 0.621528
vt 0.331684 0.760417
vt 0.322558 0.760417
vt 0.322558 0.674479
vt 0.331684 0.760417
vt 0.322558 0.674479
vt 0.346853 0.621528
vt 0.322465 0.671136
vt 0.322262 0.669438
vt 0.321363 0.661933
vt 0.319786 0.655894
vt 0.346853 0.621528
vt 0.319049 0.653067
vt 0.315487 0.644598
vt 0.691230 0.621528
vt 0.691220 0.634330
vt 0.653147 0.621528
vt 0.687059 0.640097
vt 0.687059 0.640097
vt 0.685283 0.643504
vt 0.653147 0.621528
vt 0.682832 0.648203
vt 0.680130 0.655860
vt 0.680130 0.655860
vt 0.679949 0.656374
vt 0.653147 0.621528
vt 0.678134 0.664975
vt 0.677809 0.669438
vt 0.677809 0.669438
vt 0.677442 0.674479
vt 0.653147 0.621528
vt 0.677442 0.760417
vt 0.668316 0.760417
vt 0.706761 0.621528
vt 0.703190 0.623509
vt 0.691230 0.621528
vt 0.701297 0.624924
vt 0.697290 0.627917
vt 0.697290 0.627917
vt 0.692431 0.632890
vt 0.691230 0.621528
vt 0.691775 0.633561
vt 0.691220 0.634330
vt 0.307508 0.632953
vt 0.305646 0.630710
vt 0.308770 0.621528
vt 0.315487 0.644598
vt 0.314793 0.643457
vt 0.346853 0.621528
vt 0.310854 0.636984
vt 0.308770 0.621528
vt 0.308773 0.634477
vt 0.307508 0.632953
vt 0.305646 0.630710
vt 0.299882 0.625613
vt 0.308770 0.621528
vt 0.298723 0.624900
vt 0.293239 0.621528
vt 0.611767 0.760417
vt 0.611791 0.621528
vt 0.640236 0.760417
vt 0.653147 0.621528
vt 0.652942 0.760417
vt 0.668316 0.760417
vt 0.611767 0.760417
vt 0.610657 0.760417
vt 0.611791 0.621528
vt 0.579896 0.760417
vt 0.568045 0.621528
vt 0.522816 0.760417
vt 0.522844 0.621528
vt 0.548282 0.760417
vt 0.568045 0.621528
vt 0.567964 0.760417
vt 0.579896 0.760417
vt 0.522816 0.760417
vt 0.516151 0.760417
vt 0.522844 0.621528
vt 0.483848 0.760417
vt 0.477156 0.621528
vt 0.432036 0.760417
vt 0.431955 0.621528
vt 0.451718 0.760417
vt 0.477156 0.621528
vt 0.477184 0.760417
vt 0.483848 0.760417
vt 0.432036 0.760417
vt 0.420104 0.760417
vt 0.431955 0.621528
vt 0.389343 0.760417
vt 0.388209 0.621528
vt 0.389343 0.760417
vt 0.388233 0.760417
vt 0.388209 0.621528
vt 0.359764 0.760417
vt 0.346853 0.621528
vt 0.347058 0.760417
vt 0.331684 0.760417
vt 0.675555 0.674479
vt 0.675555 0.795139
vt 0.665533 0.674479
vt 0.663870 0.795139
vt 0.663870 0.674479
vt 0.663870 0.674479
vt 0.663870 0.795139
vt 0.654142 0.674479
vt 0.650261 0.795139
vt 0.650261 0.674479
vt 0.650261 0.674479
vt 0.650261 0.795139
vt 0.641913 0.674479
vt 0.635658 0.795139
vt 0.635658 0.674479
vt 0.635658 0.674479
vt 0.635658 0.795139
vt 0.629402 0.674479
vt 0.621054 0.795139
vt 0.621054 0.674479
vt 0.621054 0.674479
vt 0.621054 0.795139
vt 0.617173 0.674479
vt 0.607446 0.795139
vt 0.607446 0.674479
vt 0.607446 0.674479
vt 0.607446 0.795139
vt 0.605782 0.674479
vt 0.595760 0.795139
vt 0.595760 0.674479
vt 0.595760 0.674479
vt 0.595760 0.795139
vt 0.394218 0.674479
vt 0.392554 0.795139
vt 0.392554 0.674479
vt 0.392554 0.674479
vt 0.392554 0.795139
vt 0.382827 0.674479
vt 0.378946 0.795139
vt 0.378946 0.674479
vt 0.378946 0.674479
vt 0.378946 0.795139
vt 0.370598 0.674479
vt 0.364342 0.795139
vt 0.364342 0.674479
vt 0.364342 0.674479
vt 0.364342 0.795139
vt 0.358087 0.674479
vt 0.349739 0.795139
vt 0.349739 0.674479
vt 0.349739 0.674479
vt 0.349739 0.795139
vt 0.345858 0.674479
vt 0.336130 0.795139
vt 0.336130 0.674479
vt 0.336130 0.674479
vt 0.336130 0.795139
vt 0.334467 0.674479
vt 0.404240 0.795139
vt 0.404240 0.674479
vt 0.347058 0.760417
vt 0.359764 0.760417
vt 0.359984 0.766233
vt 0.388233 0.760417
vt 0.389343 0.760417
vt 0.389516 0.766233
vt 0.477184 0.760417
vt 0.483848 0.760417
vt 0.483874 0.766233
vt 0.567964 0.760417
vt 0.579896 0.760417
vt 0.579771 0.766233
vt 0.611767 0.760417
vt 0.640236 0.760417
vt 0.640016 0.766233
vt 0.652942 0.760417
vt 0.668316 0.760417
vt 0.668051 0.766233
vt 0.776807 0.546717
vt 0.779569 0.543714
vt 0.780189 0.543816
vt 0.331949 0.766233
vt 0.323025 0.766202
vt 0.322760 0.764621
vt 0.323025 0.766202
vt 0.331949 0.766233
vt 0.323965 0.771810
vt 0.333273 0.774421
vt 0.324822 0.774340
vt 0.324822 0.774340
vt 0.333273 0.774421
vt 0.326258 0.778577
vt 0.335635 0.781760
vt 0.327938 0.781655
vt 0.327938 0.781655
vt 0.335635 0.781760
vt 0.750511 0.329285
vt 0.752026 0.338891
vt 0.747557 0.332245
vt 0.747557 0.332245
vt 0.752026 0.338891
vt 0.746736 0.333067
vt 0.745842 0.342843
vt 0.742442 0.337372
vt 0.742442 0.337372
vt 0.745842 0.342843
vt 0.737458 0.342349
vt 0.738944 0.347253
vt 0.736413 0.343391
vt 0.734043 0.350386
vt 0.732221 0.347574
vt 0.773104 0.449257
vt 0.768546 0.428981
vt 0.776272 0.452449
vt 0.774169 0.427494
vt 0.776889 0.453202
vt 0.779448 0.456323
vt 0.788278 0.454919
vt 0.790767 0.475945
vt 0.787144 0.467647
vt 0.780327 0.457396
vt 0.780189 0.456184
vt 0.782455 0.459991
vt 0.788278 0.454919
vt 0.786817 0.467112
vt 0.787144 0.467647
vt 0.790767 0.475945
vt 0.788278 0.454919
vt 0.791177 0.476884
vt 0.795529 0.453785
vt 0.792859 0.483079
vt 0.793365 0.515588
vt 0.793431 0.515186
vt 0.798721 0.515460
vt 0.794789 0.506949
vt 0.794983 0.499996
vt 0.795070 0.496908
vt 0.798721 0.484540
vt 0.793872 0.486810
vt 0.793333 0.484825
vt 0.786707 0.532837
vt 0.790159 0.525823
vt 0.788278 0.545081
vt 0.790765 0.523887
vt 0.798721 0.515460
vt 0.792941 0.516939
vt 0.793365 0.515588
vt 0.779569 0.543714
vt 0.779902 0.543352
vt 0.780189 0.543816
vt 0.780342 0.542718
vt 0.788278 0.545081
vt 0.785527 0.535236
vt 0.786707 0.532837
vt 0.774169 0.572506
vt 0.768546 0.571019
vt 0.773104 0.550743
vt 0.732221 0.652426
vt 0.734043 0.649614
vt 0.735797 0.655995
vt 0.738944 0.652747
vt 0.736408 0.656604
vt 0.736408 0.656604
vt 0.738944 0.652747
vt 0.741030 0.661215
vt 0.745842 0.657157
vt 0.742285 0.662473
vt 0.742285 0.662473
vt 0.745842 0.657157
vt 0.745529 0.665720
vt 0.752026 0.661109
vt 0.747540 0.667739
vt 0.747540 0.667739
vt 0.752026 0.661109
vt 0.749384 0.669588
vt 0.664365 0.781760
vt 0.672085 0.781666
vt 0.672085 0.781666
vt 0.664365 0.781760
vt 0.672962 0.780250
vt 0.666727 0.774421
vt 0.675269 0.774391
vt 0.675269 0.774391
vt 0.666727 0.774421
vt 0.675492 0.773825
vt 0.668051 0.766233
vt 0.676870 0.767719
vt 0.676870 0.767719
vt 0.668051 0.766233
vt 0.676987 0.766219
vt 0.668316 0.760417
vt 0.677442 0.760417
vt 0.567964 0.760417
vt 0.579771 0.766233
vt 0.548282 0.760417
vt 0.477184 0.760417
vt 0.483874 0.766233
vt 0.451718 0.760417
vt 0.347058 0.760417
vt 0.359984 0.766233
vt 0.331684 0.760417
vt 0.432036 0.760417
vt 0.451718 0.760417
vt 0.451794 0.766233
vt 0.483874 0.766233
vt 0.452174 0.774421
vt 0.484001 0.774421
vt 0.452851 0.781760
vt 0.484228 0.781760
vt 0.795529 0.453785
vt 0.798721 0.484540
vt 0.792859 0.483079
vt 0.793333 0.484825
vt 0.483848 0.760417
vt 0.516151 0.760417
vt 0.483874 0.766233
vt 0.516126 0.766233
vt 0.484001 0.774421
vt 0.515999 0.774421
vt 0.484228 0.781760
vt 0.515772 0.781760
vt 0.798721 0.484540
vt 0.798721 0.515460
vt 0.794983 0.499996
vt 0.794789 0.506949
vt 0.516151 0.760417
vt 0.522816 0.760417
vt 0.516126 0.766233
vt 0.548206 0.766233
vt 0.515999 0.774421
vt 0.547826 0.774421
vt 0.515772 0.781760
vt 0.547149 0.781760
vt 0.798721 0.515460
vt 0.795529 0.546215
vt 0.788278 0.545081
vt 0.748238 0.375346
vt 0.734043 0.350386
vt 0.753435 0.372736
vt 0.738944 0.347253
vt 0.760752 0.369062
vt 0.745842 0.342843
vt 0.767311 0.365768
vt 0.752026 0.338891
vt 0.363055 0.781760
vt 0.335635 0.781760
vt 0.361088 0.774421
vt 0.333273 0.774421
vt 0.359984 0.766233
vt 0.331949 0.766233
vt 0.331684 0.760417
vt 0.322760 0.764621
vt 0.322558 0.760417
vt 0.359764 0.760417
vt 0.388233 0.760417
vt 0.359984 0.766233
vt 0.389516 0.766233
vt 0.361088 0.774421
vt 0.390387 0.774421
vt 0.363055 0.781760
vt 0.391940 0.781760
vt 0.767311 0.365768
vt 0.779740 0.394080
vt 0.760752 0.369062
vt 0.772876 0.396679
vt 0.753435 0.372736
vt 0.765219 0.399578
vt 0.748238 0.375346
vt 0.759780 0.401638
vt 0.389343 0.760417
vt 0.420104 0.760417
vt 0.389516 0.766233
vt 0.420229 0.766233
vt 0.390387 0.774421
vt 0.420858 0.774421
vt 0.391940 0.781760
vt 0.421979 0.781760
vt 0.779740 0.394080
vt 0.789179 0.423524
vt 0.772876 0.396679
vt 0.782084 0.425400
vt 0.765219 0.399578
vt 0.774169 0.427494
vt 0.759780 0.401638
vt 0.768546 0.428981
vt 0.420104 0.760417
vt 0.432036 0.760417
vt 0.420229 0.766233
vt 0.451794 0.766233
vt 0.420858 0.774421
vt 0.452174 0.774421
vt 0.421979 0.781760
vt 0.452851 0.781760
vt 0.789179 0.423524
vt 0.795529 0.453785
vt 0.782084 0.425400
vt 0.788278 0.454919
vt 0.774169 0.427494
vt 0.780189 0.456184
vt 0.779448 0.456323
vt 0.780327 0.457396
vt 0.522816 0.760417
vt 0.548282 0.760417
vt 0.548206 0.766233
vt 0.579771 0.766233
vt 0.547826 0.774421
vt 0.579142 0.774421
vt 0.547149 0.781760
vt 0.578021 0.781760
vt 0.795529 0.546215
vt 0.789179 0.576476
vt 0.788278 0.545081
vt 0.782084 0.574600
vt 0.780189 0.543816
vt 0.774169 0.572506
vt 0.776807 0.546717
vt 0.773104 0.550743
vt 0.579896 0.760417
vt 0.610657 0.760417
vt 0.579771 0.766233
vt 0.610484 0.766233
vt 0.579142 0.774421
vt 0.609613 0.774421
vt 0.578021 0.781760
vt 0.608060 0.781760
vt 0.789179 0.576476
vt 0.779740 0.605920
vt 0.782084 0.574600
vt 0.772876 0.603321
vt 0.774169 0.572506
vt 0.765219 0.600422
vt 0.768546 0.571019
vt 0.759780 0.598362
vt 0.610657 0.760417
vt 0.611767 0.760417
vt 0.610484 0.766233
vt 0.640016 0.766233
vt 0.609613 0.774421
vt 0.638912 0.774421
vt 0.608060 0.781760
vt 0.636945 0.781760
vt 0.779740 0.605920
vt 0.767311 0.634232
vt 0.772876 0.603321
vt 0.760752 0.630938
vt 0.765219 0.600422
vt 0.753435 0.627264
vt 0.759780 0.598362
vt 0.748238 0.624654
vt 0.640236 0.760417
vt 0.652942 0.760417
vt 0.640016 0.766233
vt 0.668051 0.766233
vt 0.638912 0.774421
vt 0.666727 0.774421
vt 0.636945 0.781760
vt 0.664365 0.781760
vt 0.767311 0.634232
vt 0.752026 0.661109
vt 0.760752 0.630938
vt 0.745842 0.657157
vt 0.753435 0.627264
vt 0.738944 0.652747
vt 0.748238 0.624654
vt 0.734043 0.649614
vt 0.322558 0.760417
vt 0.322558 0.674479
vt 0.404240 0.674479
vt 0.404240 0.674479
vt 0.404240 0.795139
vt 0.347574 0.795139
vt 0.347574 0.795139
vt 0.344005 0.794784
vt 0.404240 0.674479
vt 0.343396 0.794567
vt 0.338785 0.792926
vt 0.327038 0.780250
vt 0.324731 0.774391
vt 0.404240 0.674479
vt 0.324508 0.773825
vt 0.324508 0.773825
vt 0.323130 0.767719
vt 0.404240 0.674479
vt 0.323013 0.766219
vt 0.322558 0.760417
vt 0.338785 0.792926
vt 0.337527 0.792063
vt 0.404240 0.674479
vt 0.334280 0.789835
vt 0.332261 0.787674
vt 0.332261 0.787674
vt 0.330412 0.785694
vt 0.404240 0.674479
vt 0.327915 0.781666
vt 0.327038 0.780250
vt 0.308225 0.746718
vt 0.307569 0.746200
vt 0.391070 0.662386
vt 0.293239 0.734321
vt 0.290164 0.737396
vt 0.289039 0.736396
vt 0.383114 0.654430
vt 0.296810 0.737416
vt 0.378490 0.649806
vt 0.293239 0.734321
vt 0.374021 0.645337
vt 0.289039 0.736396
vt 0.391070 0.662386
vt 0.307569 0.746200
vt 0.387007 0.658322
vt 0.302710 0.742360
vt 0.383114 0.654430
vt 0.298703 0.739002
vt 0.296810 0.737416
vt 0.322191 0.669438
vt 0.321866 0.664975
vt 0.403080 0.660976
vt 0.403080 0.660976
vt 0.321866 0.664975
vt 0.401741 0.655983
vt 0.321866 0.664975
vt 0.320051 0.656374
vt 0.401741 0.655983
vt 0.319870 0.655860
vt 0.399670 0.648258
vt 0.317168 0.648203
vt 0.397407 0.643622
vt 0.314717 0.643504
vt 0.394206 0.665521
vt 0.312941 0.750328
vt 0.391070 0.662386
vt 0.308780 0.747143
vt 0.308225 0.746718
vt 0.403080 0.660976
vt 0.403810 0.669468
vt 0.322191 0.669438
vt 0.404240 0.674479
vt 0.322558 0.674479
vt 0.673057 0.655983
vt 0.756435 0.661933
vt 0.674396 0.660976
vt 0.757051 0.669438
vt 0.675125 0.669468
vt 0.757190 0.671136
vt 0.675555 0.674479
vt 0.757237 0.674479
vt 0.668723 0.643622
vt 0.752199 0.644598
vt 0.670985 0.648258
vt 0.754777 0.653067
vt 0.673057 0.655983
vt 0.755306 0.655894
vt 0.756435 0.661933
vt 0.337614 0.608930
vt 0.252850 0.691227
vt 0.334479 0.605794
vt 0.251226 0.689146
vt 0.668723 0.643622
vt 0.751686 0.643457
vt 0.752199 0.644598
vt 0.354663 0.625979
vt 0.265679 0.706761
vt 0.350194 0.621510
vt 0.260981 0.701277
vt 0.345570 0.616886
vt 0.259988 0.700118
vt 0.341678 0.612993
vt 0.255290 0.694354
vt 0.337614 0.608930
vt 0.253837 0.692492
vt 0.252850 0.691227
vt 0.262604 0.709836
vt 0.265679 0.706761
vt 0.266488 0.714098
vt 0.354663 0.625979
vt 0.269081 0.716943
vt 0.359533 0.630849
vt 0.275646 0.723725
vt 0.364342 0.635658
vt 0.289039 0.736396
vt 0.288572 0.735968
vt 0.374021 0.645337
vt 0.285907 0.733521
vt 0.369151 0.640467
vt 0.282419 0.730318
vt 0.364342 0.635658
vt 0.275963 0.724034
vt 0.275646 0.723725
vt 0.307508 0.632953
vt 0.305646 0.630710
vt 0.308770 0.621528
vt 0.305646 0.630710
vt 0.299882 0.625613
vt 0.308770 0.621528
vt 0.298723 0.624900
vt 0.293239 0.621528
vt 0.322262 0.669438
vt 0.321363 0.661933
vt 0.346853 0.621528
vt 0.331684 0.760417
vt 0.322558 0.760417
vt 0.322558 0.674479
vt 0.331684 0.760417
vt 0.322558 0.674479
vt 0.346853 0.621528
vt 0.322465 0.671136
vt 0.322262 0.669438
vt 0.321363 0.661933
vt 0.319786 0.655894
vt 0.346853 0.621528
vt 0.319049 0.653067
vt 0.315487 0.644598
vt 0.315487 0.644598
vt 0.314793 0.643457
vt 0.346853 0.621528
vt 0.310854 0.636984
vt 0.308770 0.621528
vt 0.308773 0.634477
vt 0.307508 0.632953
vt 0.691230 0.621528
vt 0.691220 0.634330
vt 0.653147 0.621528
vt 0.687059 0.640097
vt 0.687059 0.640097
vt 0.685283 0.643504
vt 0.653147 0.621528
vt 0.682832 0.648203
vt 0.680130 0.655860
vt 0.680130 0.655860
vt 0.679949 0.656374
vt 0.653147 0.621528
vt 0.678134 0.664975
vt 0.677809 0.669438
vt 0.677809 0.669438
vt 0.677442 0.674479
vt 0.653147 0.621528
vt 0.677442 0.760417
vt 0.668316 0.760417
vt 0.706761 0.621528
vt 0.703190 0.623509
vt 0.691230 0.621528
vt 0.701297 0.624924
vt 0.697290 0.627917
vt 0.697290 0.627917
vt 0.692431 0.632890
vt 0.691230 0.621528
vt 0.691775 0.633561
vt 0.691220 0.634330
vt 0.611767 0.760417
vt 0.611791 0.621528
vt 0.640236 0.760417
vt 0.653147 0.621528
vt 0.652942 0.760417
vt 0.668316 0.760417
vt 0.611767 0.760417
vt 0.610657 0.760417
vt 0.611791 0.621528
vt 0.579896 0.760417
vt 0.568045 0.621528
vt 0.522816 0.760417
vt 0.522844 0.621528
vt 0.548282 0.760417
vt 0.568045 0.621528
vt 0.567964 0.760417
vt 0.579896 0.760417
vt 0.522816 0.760417
vt 0.516151 0.760417
vt 0.522844 0.621528
vt 0.483848 0.760417
vt 0.477156 0.621528
vt 0.432036 0.760417
vt 0.431955 0.621528
vt 0.451718 0.760417
vt 0.477156 0.621528
vt 0.477184 0.760417
vt 0.483848 0.760417
vt 0.432036 0.760417
vt 0.420104 0.760417
vt 0.431955 0.621528
vt 0.389343 0.760417
vt 0.388209 0.621528
vt 0.389343 0.760417
vt 0.388233 0.760417
vt 0.388209 0.621528
vt 0.359764 0.760417
vt 0.346853 0.621528
vt 0.347058 0.760417
vt 0.331684 0.760417
vt 0.725694 0.447917
vt 0.725694 0.443423
vt 0.738284 0.444842
vt 0.725694 0.443423
vt 0.725694 0.439236
vt 0.739216 0.440760
vt 0.725694 0.439236
vt 0.725694 0.994915
vt 0.740016 0.437254
vt 0.725694 0.994915
vt 0.725694 0.991319
vt 0.740630 0.991319
vt 0.725694 0.982639
vt 0.731872 0.982639
vt 0.725694 0.987132
vt 0.741016 0.987132
vt 0.725694 0.991319
vt 0.731872 0.982639
vt 0.741147 0.982639
vt 0.741016 0.987132
vt 0.748486 0.982639
vt 0.755569 0.987132
vt 0.755825 0.982639
vt 0.768623 0.987132
vt 0.755825 0.982639
vt 0.763728 0.982639
vt 0.768623 0.987132
vt 0.768992 0.982639
vt 0.457071 0.987132
vt 0.768992 0.982639
vt 0.453407 0.982639
vt 0.457071 0.987132
vt 0.456702 0.982639
vt 0.470126 0.987132
vt 0.467241 0.982639
vt 0.467241 0.982639
vt 0.469869 0.982639
vt 0.470126 0.987132
vt 0.483084 0.982639
vt 0.484679 0.987132
vt 0.483084 0.982639
vt 0.484547 0.982639
vt 0.484679 0.987132
vt 0.500000 0.982639
vt 0.500000 0.987132
vt 0.515453 0.982639
vt 0.515321 0.987132
vt 0.516916 0.982639
vt 0.529874 0.987132
vt 0.516916 0.982639
vt 0.530131 0.982639
vt 0.529874 0.987132
vt 0.532759 0.982639
vt 0.542929 0.987132
vt 0.532759 0.982639
vt 0.543298 0.982639
vt 0.542929 0.987132
vt 0.546593 0.982639
vt 0.231376 0.987132
vt 0.546593 0.982639
vt 0.231008 0.982639
vt 0.231376 0.987132
vt 0.236272 0.982639
vt 0.244431 0.987132
vt 0.236272 0.982639
vt 0.244175 0.982639
vt 0.244431 0.987132
vt 0.251514 0.982639
vt 0.258984 0.987132
vt 0.258853 0.982639
vt 0.274306 0.987132
vt 0.268128 0.982639
vt 0.274306 0.982639
vt 0.725694 0.991319
vt 0.741016 0.987132
vt 0.740630 0.991319
vt 0.755569 0.987132
vt 0.754816 0.991319
vt 0.768623 0.987132
vt 0.767542 0.991319
vt 0.457071 0.987132
vt 0.458152 0.991319
vt 0.470126 0.987132
vt 0.470878 0.991319
vt 0.484679 0.987132
vt 0.485065 0.991319
vt 0.500000 0.987132
vt 0.500000 0.991319
vt 0.515321 0.987132
vt 0.514935 0.991319
vt 0.529874 0.987132
vt 0.529122 0.991319
vt 0.542929 0.987132
vt 0.541848 0.991319
vt 0.231376 0.987132
vt 0.232458 0.991319
vt 0.244431 0.987132
vt 0.245184 0.991319
vt 0.258984 0.987132
vt 0.259370 0.991319
vt 0.274306 0.987132
vt 0.274306 0.991319
vt 0.725694 0.994915
vt 0.740630 0.991319
vt 0.740016 0.437254
vt 0.754816 0.991319
vt 0.753619 0.442014
vt 0.767542 0.991319
vt 0.765822 0.449682
vt 0.458152 0.991319
vt 0.776013 0.459872
vt 0.470878 0.991319
vt 0.783680 0.472075
vt 0.485065 0.991319
vt 0.788440 0.485679
vt 0.500000 0.991319
vt 0.790054 0.500000
vt 0.514935 0.991319
vt 0.788440 0.514321
vt 0.529122 0.991319
vt 0.783680 0.527925
vt 0.541848 0.991319
vt 0.776013 0.540128
vt 0.232458 0.991319
vt 0.765822 0.550318
vt 0.245184 0.991319
vt 0.753619 0.557986
vt 0.259370 0.991319
vt 0.740016 0.562746
vt 0.274306 0.991319
vt 0.274306 0.994915
vt 0.725694 0.439236
vt 0.740016 0.437254
vt 0.739216 0.440760
vt 0.753619 0.442014
vt 0.752059 0.445254
vt 0.765822 0.449682
vt 0.763580 0.452493
vt 0.776013 0.459872
vt 0.773202 0.462114
vt 0.783680 0.472075
vt 0.780441 0.473636
vt 0.788440 0.485679
vt 0.784935 0.486479
vt 0.790054 0.500000
vt 0.786458 0.500000
vt 0.788440 0.514321
vt 0.784935 0.513521
vt 0.783680 0.527925
vt 0.780441 0.526364
vt 0.776013 0.540128
vt 0.773202 0.537886
vt 0.765822 0.550318
vt 0.763580 0.547507
vt 0.753619 0.557986
vt 0.752059 0.554746
vt 0.740016 0.562746
vt 0.739216 0.559240
vt 0.274306 0.994915
vt 0.725694 0.560764
vt 0.725694 0.443423
vt 0.739216 0.440760
vt 0.738284 0.444842
vt 0.752059 0.445254
vt 0.750242 0.449026
vt 0.763580 0.452493
vt 0.760969 0.455767
vt 0.773202 0.462114
vt 0.769928 0.464725
vt 0.780441 0.473636
vt 0.776668 0.475452
vt 0.784935 0.486479
vt 0.780853 0.487410
vt 0.786458 0.500000
vt 0.782271 0.500000
vt 0.784935 0.513521
vt 0.780853 0.512590
vt 0.780441 0.526364
vt 0.776668 0.524548
vt 0.773202 0.537886
vt 0.769928 0.535275
vt 0.763580 0.547507
vt 0.760969 0.544233
vt 0.752059 0.554746
vt 0.750242 0.550974
vt 0.739216 0.559240
vt 0.738284 0.555158
vt 0.725694 0.560764
vt 0.725694 0.556577
vt 0.725694 0.447917
vt 0.738284 0.444842
vt 0.737284 0.449223
vt 0.750242 0.449026
vt 0.748293 0.453075
vt 0.760969 0.455767
vt 0.758168 0.459280
vt 0.769928 0.464725
vt 0.766415 0.467527
vt 0.776668 0.475452
vt 0.772620 0.477402
vt 0.780853 0.487410
vt 0.776472 0.488410
vt 0.782271 0.500000
vt 0.777778 0.500000
vt 0.780853 0.512590
vt 0.776472 0.511590
vt 0.776668 0.524548
vt 0.772620 0.522598
vt 0.769928 0.535275
vt 0.766415 0.532473
vt 0.760969 0.544233
vt 0.758168 0.540720
vt 0.750242 0.550974
vt 0.748293 0.546925
vt 0.738284 0.555158
vt 0.737284 0.550777
vt 0.725694 0.556577
vt 0.725694 0.552083
vt 0.725694 0.795139
vt 0.725694 0.982639
vt 0.274306 0.795139
vt 0.274306 0.982639
vt 0.274306 0.552083
vt 0.274306 0.447917
vt 0.725694 0.552083
vt 0.725694 0.447917
vt 0.251707 0.546925
vt 0.241832 0.540720
vt 0.222222 0.500000
vt 0.251707 0.546925
vt 0.222222 0.500000
vt 0.262716 0.550777
vt 0.227380 0.477402
vt 0.233585 0.467527
vt 0.274306 0.552083
vt 0.241832 0.459280
vt 0.758168 0.459280
vt 0.766415 0.467527
vt 0.725694 0.552083
vt 0.772620 0.477402
vt 0.776472 0.488410
vt 0.241832 0.540720
vt 0.233585 0.532473
vt 0.222222 0.500000
vt 0.227380 0.522598
vt 0.223528 0.511590
vt 0.262716 0.550777
vt 0.222222 0.500000
vt 0.274306 0.552083
vt 0.223528 0.488410
vt 0.227380 0.477402
vt 0.725694 0.447917
vt 0.737284 0.449223
vt 0.725694 0.552083
vt 0.748293 0.453075
vt 0.758168 0.459280
vt 0.776472 0.488410
vt 0.777778 0.500000
vt 0.725694 0.552083
vt 0.776472 0.511590
vt 0.772620 0.522598
vt 0.241832 0.459280
vt 0.251707 0.453075
vt 0.274306 0.552083
vt 0.262716 0.449223
vt 0.274306 0.447917
vt 0.772620 0.522598
vt 0.766415 0.532473
vt 0.725694 0.552083
vt 0.758168 0.540720
vt 0.737284 0.550777
vt 0.748293 0.546925
vt 0.274306 0.982639
vt 0.725694 0.982639
vt 0.725694 0.987132
vt 0.274306 0.982639
vt 0.725694 0.987132
vt 0.274306 0.987132
vt 0.725694 0.991319
vt 0.274306 0.991319
vt 0.725694 0.994915
vt 0.274306 0.994915
vt 0.725694 0.439236
vt 0.274306 0.439236
vt 0.725694 0.443423
vt 0.274306 0.443423
vt 0.725694 0.447917
vt 0.274306 0.447917
vt 0.274306 0.552083
vt 0.274306 0.556577
vt 0.261716 0.555158
vt 0.274306 0.556577
vt 0.274306 0.560764
vt 0.260784 0.559240
vt 0.274306 0.560764
vt 0.725694 0.994915
vt 0.259984 0.562746
vt 0.725694 0.994915
vt 0.725694 0.991319
vt 0.740630 0.991319
vt 0.725694 0.991319
vt 0.725694 0.987132
vt 0.741016 0.987132
vt 0.725694 0.987132
vt 0.725694 0.982639
vt 0.731872 0.982639
vt 0.725694 0.987132
vt 0.731872 0.982639
vt 0.741016 0.987132
vt 0.741147 0.982639
vt 0.755569 0.987132
vt 0.741147 0.982639
vt 0.748486 0.982639
vt 0.755569 0.987132
vt 0.755825 0.982639
vt 0.768623 0.987132
vt 0.755825 0.982639
vt 0.763728 0.982639
vt 0.768623 0.987132
vt 0.768992 0.982639
vt 0.457071 0.987132
vt 0.768992 0.982639
vt 0.453407 0.982639
vt 0.457071 0.987132
vt 0.456702 0.982639
vt 0.470126 0.987132
vt 0.467241 0.982639
vt 0.467241 0.982639
vt 0.469869 0.982639
vt 0.470126 0.987132
vt 0.483084 0.982639
vt 0.484679 0.987132
vt 0.483084 0.982639
vt 0.484547 0.982639
vt 0.484679 0.987132
vt 0.500000 0.982639
vt 0.500000 0.987132
vt 0.515453 0.982639
vt 0.515321 0.987132
vt 0.516916 0.982639
vt 0.529874 0.987132
vt 0.516916 0.982639
vt 0.530131 0.982639
vt 0.529874 0.987132
vt 0.532759 0.982639
vt 0.542929 0.987132
vt 0.532759 0.982639
vt 0.543298 0.982639
vt 0.542929 0.987132
vt 0.546593 0.982639
vt 0.231376 0.987132
vt 0.546593 0.982639
vt 0.231008 0.982639
vt 0.231376 0.987132
vt 0.236272 0.982639
vt 0.244431 0.987132
vt 0.236272 0.982639
vt 0.244175 0.982639
vt 0.244431 0.987132
vt 0.251514 0.982639
vt 0.258984 0.987132
vt 0.258853 0.982639
vt 0.274306 0.987132
vt 0.268128 0.982639
vt 0.274306 0.982639
vt 0.725694 0.991319
vt 0.741016 0.987132
vt 0.740630 0.991319
vt 0.755569 0.987132
vt 0.754816 0.991319
vt 0.768623 0.987132
vt 0.767542 0.991319
vt 0.457071 0.987132
vt 0.458152 0.991319
vt 0.470126 0.987132
vt 0.470878 0.991319
vt 0.484679 0.987132
vt 0.485065 0.991319
vt 0.500000 0.987132
vt 0.500000 0.991319
vt 0.515321 0.987132
vt 0.514935 0.991319
vt 0.529874 0.987132
vt 0.529122 0.991319
vt 0.542929 0.987132
vt 0.541848 0.991319
vt 0.231376 0.987132
vt 0.232458 0.991319
vt 0.244431 0.987132
vt 0.245184 0.991319
vt 0.258984 0.987132
vt 0.259370 0.991319
vt 0.274306 0.987132
vt 0.274306 0.991319
vt 0.725694 0.994915
vt 0.740630 0.991319
vt 0.259984 0.562746
vt 0.754816 0.991319
vt 0.246381 0.557986
vt 0.767542 0.991319
vt 0.234178 0.550318
vt 0.458152 0.991319
vt 0.223987 0.540128
vt 0.470878 0.991319
vt 0.216320 0.527925
vt 0.485065 0.991319
vt 0.211560 0.514321
vt 0.500000 0.991319
vt 0.209946 0.500000
vt 0.514935 0.991319
vt 0.211560 0.485679
vt 0.529122 0.991319
vt 0.216320 0.472075
vt 0.541848 0.991319
vt 0.223987 0.459872
vt 0.232458 0.991319
vt 0.234178 0.449682
vt 0.245184 0.991319
vt 0.246381 0.442014
vt 0.259370 0.991319
vt 0.259984 0.437254
vt 0.274306 0.991319
vt 0.274306 0.994915
vt 0.274306 0.560764
vt 0.259984 0.562746
vt 0.260784 0.559240
vt 0.246381 0.557986
vt 0.247941 0.554746
vt 0.234178 0.550318
vt 0.236420 0.547507
vt 0.223987 0.540128
vt 0.226798 0.537886
vt 0.216320 0.527925
vt 0.219559 0.526364
vt 0.211560 0.514321
vt 0.215065 0.513521
vt 0.209946 0.500000
vt 0.213542 0.500000
vt 0.211560 0.485679
vt 0.215065 0.486479
vt 0.216320 0.472075
vt 0.219559 0.473636
vt 0.223987 0.459872
vt 0.226798 0.462114
vt 0.234178 0.449682
vt 0.236420 0.452493
vt 0.246381 0.442014
vt 0.247941 0.445254
vt 0.259984 0.437254
vt 0.260784 0.440760
vt 0.274306 0.994915
vt 0.274306 0.439236
vt 0.274306 0.556577
vt 0.260784 0.559240
vt 0.261716 0.555158
vt 0.247941 0.554746
vt 0.249758 0.550974
vt 0.236420 0.547507
vt 0.239031 0.544233
vt 0.226798 0.537886
vt 0.230072 0.535275
vt 0.219559 0.526364
vt 0.223332 0.524548
vt 0.215065 0.513521
vt 0.219147 0.512590
vt 0.213542 0.500000
vt 0.217729 0.500000
vt 0.215065 0.486479
vt 0.219147 0.487410
vt 0.219559 0.473636
vt 0.223332 0.475452
vt 0.226798 0.462114
vt 0.230072 0.464725
vt 0.236420 0.452493
vt 0.239031 0.455767
vt 0.247941 0.445254
vt 0.249758 0.449026
vt 0.260784 0.440760
vt 0.261716 0.444842
vt 0.274306 0.439236
vt 0.274306 0.443423
vt 0.274306 0.552083
vt 0.261716 0.555158
vt 0.262716 0.550777
vt 0.249758 0.550974
vt 0.251707 0.546925
vt 0.239031 0.544233
vt 0.241832 0.540720
vt 0.230072 0.535275
vt 0.233585 0.532473
vt 0.223332 0.524548
vt 0.227380 0.522598
vt 0.219147 0.512590
vt 0.223528 0.511590
vt 0.217729 0.500000
vt 0.222222 0.500000
vt 0.219147 0.487410
vt 0.223528 0.488410
vt 0.223332 0.475452
vt 0.227380 0.477402
vt 0.230072 0.464725
vt 0.233585 0.467527
vt 0.239031 0.455767
vt 0.241832 0.459280
vt 0.249758 0.449026
vt 0.251707 0.453075
vt 0.261716 0.444842
vt 0.262716 0.449223
vt 0.274306 0.443423
vt 0.274306 0.447917
vt 0.452448 0.795045
vt 0.453202 0.794972
vt 0.453407 0.982639
vt 0.496908 0.790518
vt 0.499996 0.790555
vt 0.500000 0.982639
vt 0.274306 0.795139
vt 0.274306 0.982639
vt 0.268128 0.982639
vt 0.274306 0.795139
vt 0.268128 0.982639
vt 0.268081 0.795139
vt 0.258853 0.982639
vt 0.251370 0.795139
vt 0.258853 0.982639
vt 0.251514 0.982639
vt 0.251370 0.795139
vt 0.244175 0.982639
vt 0.236049 0.795139
vt 0.244175 0.982639
vt 0.236272 0.982639
vt 0.236049 0.795139
vt 0.231008 0.982639
vt 0.226896 0.795139
vt 0.546593 0.982639
vt 0.546717 0.794903
vt 0.535236 0.793693
vt 0.542718 0.794627
vt 0.532759 0.982639
vt 0.543351 0.794707
vt 0.543298 0.982639
vt 0.543298 0.982639
vt 0.543351 0.794707
vt 0.546593 0.982639
vt 0.543714 0.794728
vt 0.546717 0.794903
vt 0.535236 0.793693
vt 0.532759 0.982639
vt 0.532837 0.793362
vt 0.530131 0.982639
vt 0.525823 0.792395
vt 0.516916 0.982639
vt 0.523887 0.792175
vt 0.499996 0.790555
vt 0.506949 0.790640
vt 0.500000 0.982639
vt 0.515186 0.791205
vt 0.515453 0.982639
vt 0.515588 0.791232
vt 0.516916 0.982639
vt 0.516939 0.791386
vt 0.523887 0.792175
vt 0.475945 0.792176
vt 0.483084 0.982639
vt 0.467647 0.793289
vt 0.469869 0.982639
vt 0.467112 0.793361
vt 0.467241 0.982639
vt 0.459991 0.794320
vt 0.475945 0.792176
vt 0.476884 0.792050
vt 0.483084 0.982639
vt 0.483079 0.791412
vt 0.484547 0.982639
vt 0.484825 0.791232
vt 0.500000 0.982639
vt 0.486810 0.791027
vt 0.496908 0.790518
vt 0.453407 0.982639
vt 0.453202 0.794972
vt 0.456702 0.982639
vt 0.456323 0.794672
vt 0.467241 0.982639
vt 0.457396 0.794569
vt 0.459991 0.794320
vt 0.452448 0.795045
vt 0.453407 0.982639
vt 0.773104 0.795139
vt 0.768992 0.982639
vt 0.763951 0.795139
vt 0.768992 0.982639
vt 0.763728 0.982639
vt 0.763951 0.795139
vt 0.755825 0.982639
vt 0.748630 0.795139
vt 0.755825 0.982639
vt 0.748486 0.982639
vt 0.748630 0.795139
vt 0.741147 0.982639
vt 0.731919 0.795139
vt 0.741147 0.982639
vt 0.731872 0.982639
vt 0.731919 0.795139
vt 0.725694 0.982639
vt 0.725694 0.795139
vt 0.274306 0.552083
vt 0.725694 0.552083
vt 0.725694 0.556577
vt 0.274306 0.552083
vt 0.725694 0.556577
vt 0.274306 0.556577
vt 0.725694 0.560764
vt 0.274306 0.560764
vt 0.274306 0.994915
vt 0.725694 0.994915
vt 0.274306 0.991319
vt 0.725694 0.991319
vt 0.274306 0.987132
vt 0.725694 0.987132
vt 0.274306 0.982639
vt 0.725694 0.982639
vt 0.725694 0.795139
vt 0.725694 0.982639
vt 0.274306 0.795139
vt 0.274306 0.982639
vt 0.452449 0.795045
vt 0.453202 0.794972
vt 0.453407 0.982639
vt 0.274306 0.795139
vt 0.274306 0.982639
vt 0.268128 0.982639
vt 0.274306 0.795139
vt 0.268128 0.982639
vt 0.268081 0.795139
vt 0.258853 0.982639
vt 0.251370 0.795139
vt 0.258853 0.982639
vt 0.251514 0.982639
vt 0.251370 0.795139
vt 0.244175 0.982639
vt 0.236049 0.795139
vt 0.244175 0.982639
vt 0.236272 0.982639
vt 0.236049 0.795139
vt 0.231008 0.982639
vt 0.226896 0.795139
vt 0.546593 0.982639
vt 0.546717 0.794903
vt 0.535236 0.793693
vt 0.542718 0.794627
vt 0.532759 0.982639
vt 0.543352 0.794707
vt 0.543298 0.982639
vt 0.543298 0.982639
vt 0.543352 0.794707
vt 0.546593 0.982639
vt 0.543714 0.794728
vt 0.546717 0.794903
vt 0.535236 0.793693
vt 0.532759 0.982639
vt 0.532837 0.793362
vt 0.530131 0.982639
vt 0.525823 0.792395
vt 0.516916 0.982639
vt 0.523887 0.792175
vt 0.500000 0.982639
vt 0.515186 0.791205
vt 0.515453 0.982639
vt 0.515588 0.791232
vt 0.516916 0.982639
vt 0.516939 0.791386
vt 0.523887 0.792175
vt 0.496908 0.790518
vt 0.499996 0.790555
vt 0.500000 0.982639
vt 0.506949 0.790640
vt 0.515186 0.791205
vt 0.475945 0.792176
vt 0.483084 0.982639
vt 0.467647 0.793289
vt 0.469869 0.982639
vt 0.467112 0.793361
vt 0.467241 0.982639
vt 0.459991 0.794320
vt 0.475945 0.792176
vt 0.476884 0.792050
vt 0.483084 0.982639
vt 0.483079 0.791412
vt 0.484547 0.982639
vt 0.484825 0.791232
vt 0.500000 0.982639
vt 0.486810 0.791027
vt 0.496908 0.790518
vt 0.453407 0.982639
vt 0.453202 0.794972
vt 0.456702 0.982639
vt 0.456323 0.794672
vt 0.467241 0.982639
vt 0.457396 0.794569
vt 0.459991 0.794320
vt 0.452449 0.795045
vt 0.453407 0.982639
vt 0.773104 0.795139
vt 0.768992 0.982639
vt 0.763951 0.795139
vt 0.768992 0.982639
vt 0.763728 0.982639
vt 0.763951 0.795139
vt 0.755825 0.982639
vt 0.748630 0.795139
vt 0.755825 0.982639
vt 0.748486 0.982639
vt 0.748630 0.795139
vt 0.741147 0.982639
vt 0.731919 0.795139
vt 0.741147 0.982639
vt 0.731872 0.982639
vt 0.731919 0.795139
vt 0.725694 0.982639
vt 0.725694 0.795139
vn -0.8621 -0.0005 0.5068
vn -0.8282 -0.0005 0.5605
vn -0.0002 1.0000 -0.0008
vn -0.0002 1.0000 -0.0006
vn -0.0003 1.0000 0.0007
vn -0.0003 1.0000 0.0006
vn -0.0004 1.0000 -0.0007
vn -0.0003 1.0000 -0.0001
vn -0.0003 1.0000 -0.0004
vn -0.0003 1.0000 -0.0005
vn -0.0003 1.0000 0.0010
vn -0.0003 1.0000 0.0011
vn -0.0003 1.0000 -0.0010
vn -0.0004 1.0000 -0.0001
vn -0.0004 1.0000 -0.0003
vn -0.0003 1.0000 0.0012
vn -0.0004 1.0000 -0.0005
vn -0.0004 1.0000 0.0002
vn -0.0004 1.0000 -0.0002
vn -0.0003 1.0000 0.0000
vn -0.0002 1.0000 0.0003
vn -0.0002 1.0000 0.0004
vn -0.0004 1.0000 0.0000
vn -0.0002 1.0000 0.0000
vn -0.0003 1.0000 0.0003
vn -0.0003 1.0000 -0.0003
vn -0.0003 1.0000 -0.0007
vn -0.0001 1.0000 -0.0002
vn -0.0002 1.0000 0.0001
vn -0.0001 1.0000 0.0002
vn -0.0003 1.0000 0.0001
vn -0.0002 1.0000 -0.0001
vn -0.0004 1.0000 0.0001
vn 0.0007 1.0000 -0.0014
vn -0.0005 1.0000 0.0000
vn -0.0003 1.0000 0.0002
vn -0.0001 1.0000 0.0000
vn -0.0007 1.0000 -0.0000
vn 0.0076 1.0000 0.0044
vn 0.0000 1.0000 -0.0002
vn -0.0003 1.0000 -0.0002
vn 0.0000 1.0000 0.0000
vn 0.0000 1.0000 0.0001
vn -0.0001 1.0000 0.0001
vn -0.0020 1.0000 0.0014
vn 0.7071 0.0002 0.7071
vn 0.7069 0.0008 0.7073
vn 0.7071 0.0003 0.7071
vn 0.7071 -0.0005 0.7072
vn 0.7070 0.0000 0.7072
vn 0.7071 0.0001 0.7071
vn 0.7071 0.0004 0.7071
vn 0.7072 0.0004 0.7070
vn 0.7074 -0.0001 0.7068
vn 0.7072 0.0001 0.7070
vn 0.7070 0.0001 0.7072
vn 0.7070 0.0009 0.7072
vn 0.7069 0.0002 0.7073
vn 0.7069 -0.0003 0.7073
vn 0.7071 0.0000 0.7071
vn 0.7071 0.0006 0.7071
vn 0.7074 -0.0005 0.7068
vn 0.7076 -0.0014 0.7066
vn 0.7071 0.0005 0.7072
vn 0.7071 0.0002 0.7072
vn 0.8469 0.0003 0.5318
vn 0.8660 0.0003 0.5000
vn 0.8659 0.0003 0.5002
vn 0.8660 0.0003 0.5001
vn 0.9441 0.0003 0.3298
vn 0.9659 0.0003 0.2588
vn 0.9660 0.0003 0.2584
vn 0.9937 0.0003 0.1118
vn 1.0000 0.0003 -0.0000
vn 0.9937 0.0003 -0.1118
vn 0.9659 0.0003 -0.2588
vn 0.9660 0.0003 -0.2585
vn 0.9441 0.0003 -0.3298
vn 0.8660 0.0003 -0.5001
vn 0.8660 0.0003 -0.5000
vn 0.8659 0.0003 -0.5002
vn 0.8469 0.0003 -0.5318
vn 0.7071 0.0003 -0.7072
vn 0.7071 0.0003 -0.7071
vn 0.7072 0.0002 -0.7070
vn 0.7071 0.0002 -0.7071
vn 0.5316 0.0002 -0.8470
vn 0.5000 0.0002 -0.8660
vn 0.4998 0.0002 -0.8661
vn 0.3300 0.0001 -0.9440
vn 0.2588 0.0001 -0.9659
vn 0.2589 0.0001 -0.9659
vn 0.1118 0.0000 -0.9937
vn -0.0000 -0.0000 -1.0000
vn -0.1119 -0.0000 -0.9937
vn -0.2588 -0.0001 -0.9659
vn -0.2589 -0.0001 -0.9659
vn -0.3300 -0.0001 -0.9440
vn -0.5000 -0.0002 -0.8660
vn -0.5000 -0.0001 -0.8660
vn -0.4998 -0.0001 -0.8661
vn -0.5316 -0.0002 -0.8470
vn -0.7071 -0.0002 -0.7071
vn -0.7072 -0.0002 -0.7070
vn -0.7082 -0.0002 -0.7061
vn -0.7082 -0.0003 -0.7061
vn -0.7074 -0.0001 -0.7068
vn -0.7071 -0.0002 -0.7072
vn -0.7069 -0.0002 -0.7073
vn -0.7050 0.0002 -0.7092
vn -0.7070 -0.0000 -0.7073
vn -0.7069 0.0000 -0.7074
vn -0.7072 -0.0001 -0.7070
vn -0.7072 -0.0000 -0.7070
vn -0.7071 0.0000 -0.7071
vn -0.7074 -0.0002 -0.7068
vn -0.7059 0.0001 -0.7083
vn -0.7078 -0.0005 -0.7064
vn -0.7062 -0.0005 -0.7080
vn -0.7070 -0.0007 -0.7072
vn -0.7070 -0.0009 -0.7072
vn -0.7082 -0.0006 -0.7060
vn -0.7070 -0.0016 -0.7072
vn -0.7082 -0.0004 -0.7060
vn -0.7069 -0.0000 -0.7073
vn 0.7072 0.0002 -0.7071
vn 0.4999 0.0002 -0.8661
vn -0.1118 -0.0000 -0.9937
vn -0.2590 -0.0001 -0.9659
vn -0.2587 -0.0001 -0.9659
vn -0.4998 -0.0002 -0.8661
vn -0.7071 -0.0003 -0.7071
vn -0.8469 -0.0003 -0.5318
vn -0.8660 -0.0002 -0.5000
vn -0.8659 -0.0002 -0.5002
vn -0.8660 -0.0002 -0.5001
vn -0.8660 -0.0003 -0.5000
vn -0.9441 -0.0003 -0.3298
vn -0.9659 -0.0003 -0.2587
vn -0.9660 -0.0003 -0.2585
vn -0.9659 -0.0003 -0.2588
vn -0.9937 -0.0004 -0.1118
vn -1.0000 -0.0003 0.0000
vn -1.0000 -0.0004 0.0000
vn -0.9937 -0.0003 0.1118
vn -0.9659 -0.0003 0.2588
vn -0.9660 -0.0003 0.2584
vn -0.9660 -0.0003 0.2587
vn -0.9441 -0.0003 0.3298
vn -0.8661 -0.0003 0.5000
vn -0.8660 -0.0002 0.5001
vn -0.8660 -0.0003 0.5000
vn -0.8469 -0.0003 0.5317
vn -0.7071 -0.0002 0.7072
vn -0.7071 -0.0003 0.7071
vn -0.0005 1.0000 -0.0004
vn -0.0005 1.0000 -0.0003
vn -0.0005 1.0000 -0.0001
vn -0.0005 1.0000 0.0001
vn -0.0005 1.0000 -0.0002
vn -0.0005 1.0000 0.0002
vn -0.0002 1.0000 -0.0004
vn -0.0004 1.0000 0.0016
vn -0.0004 1.0000 0.0014
vn -0.0004 1.0000 0.0007
vn -0.0003 1.0000 0.0005
vn -0.0003 1.0000 0.0014
vn -0.0003 1.0000 -0.0008
vn -0.0003 1.0000 -0.0014
vn -0.0003 1.0000 0.0013
vn -0.0003 1.0000 0.0008
vn -0.0006 1.0000 -0.0000
vn -0.0006 1.0000 -0.0004
vn -0.0000 1.0000 -0.0001
vn -0.0006 1.0000 0.0003
vn -0.0006 1.0000 -0.0001
vn -0.0004 1.0000 0.0003
vn 0.7042 0.0894 -0.7043
vn 0.6865 0.2393 -0.6867
vn 0.8266 0.2334 -0.5121
vn 0.6673 0.3302 -0.6676
vn 0.6259 0.4648 -0.6263
vn 0.7675 0.4532 -0.4533
vn 0.5902 0.5509 -0.5900
vn 0.5293 0.6633 -0.5291
vn 0.6733 0.6466 -0.3585
vn 0.4769 0.7385 -0.4767
vn 0.4014 0.8233 -0.4013
vn 0.5486 0.8027 -0.2339
vn 0.3348 0.8807 -0.3349
vn 0.2505 0.9351 -0.2505
vn 0.4015 0.9117 -0.0869
vn 0.1724 0.9698 -0.1725
vn 0.0848 0.9928 -0.0849
vn 0.2400 0.9679 0.0745
vn -0.0853 0.9927 0.0851
vn 0.0742 0.9679 0.2403
vn -0.1734 0.9695 0.1735
vn -0.2512 0.9347 0.2514
vn -0.0876 0.9113 0.4024
vn -0.3353 0.8807 0.3347
vn -0.4018 0.8231 0.4013
vn -0.2344 0.8026 0.5486
vn -0.4773 0.7379 0.4771
vn -0.5294 0.6630 0.5293
vn -0.3588 0.6464 0.6733
vn -0.5903 0.5508 0.5900
vn -0.6262 0.4647 0.6260
vn -0.4532 0.4531 0.7676
vn 0.2589 0.0001 0.9659
vn 0.3300 0.0000 0.9440
vn 0.3392 0.1039 0.9350
vn 0.8289 0.1038 0.5497
vn 0.8423 0.0536 0.5363
vn 0.9351 0.1042 0.3388
vn 0.4999 0.0008 0.8661
vn 0.5316 0.0008 0.8470
vn 0.5364 0.0540 0.8422
vn 0.8423 0.0530 0.5364
vn 0.8289 0.1032 0.5498
vn 0.7073 -0.0002 0.7069
vn 0.5367 0.0532 0.8421
vn 0.5318 -0.0001 0.8468
vn 0.7072 -0.0000 0.7070
vn 0.7787 0.1845 0.5997
vn 0.8071 0.1487 0.5714
vn 0.8665 0.2884 0.4075
vn 0.9086 0.2023 0.3655
vn 0.9431 0.2901 0.1624
vn 0.9809 0.1495 0.1247
vn 0.9776 0.1872 -0.0959
vn 0.7071 0.0009 0.7072
vn 0.8468 0.0005 0.5319
vn 0.8421 0.0542 0.5367
vn 0.8660 0.0008 0.5001
vn 0.9349 0.1043 0.3393
vn 0.9440 0.0005 0.3299
vn 0.9660 0.0008 0.2585
vn 0.9659 0.0007 0.2588
vn 0.9809 0.1493 0.1248
vn 0.9350 0.1035 0.3392
vn 0.9088 0.2011 0.3655
vn 0.8286 0.1038 0.5501
vn 0.8071 0.1480 0.5716
vn 0.7073 0.0006 0.7069
vn 0.7786 0.1828 0.6003
vn 0.8070 0.1473 0.5719
vn -0.0960 0.1871 0.9776
vn -0.1118 -0.0000 0.9937
vn -0.0000 0.0000 1.0000
vn -0.3121 0.2158 0.9252
vn -0.3302 0.0002 0.9439
vn -0.2590 0.0002 0.9659
vn 0.7084 0.2209 0.6703
vn 0.7452 0.2081 0.6335
vn 0.7458 0.4058 0.5283
vn 0.8113 0.3573 0.4627
vn 0.8031 0.5136 0.3023
vn 0.8826 0.4139 0.2228
vn 0.8545 0.5188 0.0271
vn 0.9303 0.3636 -0.0486
vn 0.8708 0.4189 -0.2573
vn 0.9253 0.2159 -0.3118
vn 0.8266 0.2337 -0.5120
vn 0.9659 0.0005 0.2588
vn 0.9808 0.1497 0.1248
vn 1.0000 0.0004 -0.0000
vn 0.9775 0.1876 -0.0959
vn 0.9937 0.0005 -0.1118
vn 0.9659 0.0006 -0.2589
vn 0.9660 -0.0000 -0.2587
vn 0.9253 0.2160 -0.3117
vn 0.9776 0.1876 -0.0959
vn 0.9302 0.3637 -0.0487
vn 0.9431 0.2900 0.1625
vn 0.8827 0.4138 0.2229
vn 0.8668 0.2876 0.4075
vn 0.8114 0.3569 0.4628
vn 0.7786 0.1839 0.5999
vn 0.7450 0.2089 0.6335
vn 0.7084 0.2209 0.6704
vn 0.7072 0.0000 0.7071
vn -0.5121 0.2331 0.8267
vn -0.5317 -0.0003 0.8469
vn -0.5000 -0.0002 0.8660
vn -0.7069 0.0003 0.7073
vn -0.5317 -0.0001 0.8470
vn -0.7042 0.0894 0.7043
vn -0.6866 0.2391 0.6866
vn -0.6673 0.3300 0.6676
vn -0.6264 0.4647 0.6259
vn -0.6677 0.3300 0.6674
vn -0.4533 0.4529 0.7677
vn -0.3119 0.2155 0.9254
vn -0.5000 -0.0001 0.8660
vn -0.3299 -0.0001 0.9440
vn -0.5296 0.6627 0.5294
vn -0.5904 0.5505 0.5902
vn -0.3589 0.6463 0.6734
vn -0.4532 0.4528 0.7678
vn -0.2575 0.4186 0.8709
vn -0.3118 0.2155 0.9254
vn -0.2588 -0.0001 0.9659
vn -0.1118 -0.0001 0.9937
vn -0.4020 0.8228 0.4018
vn -0.4774 0.7378 0.4772
vn -0.2346 0.8021 0.5491
vn -0.3589 0.6462 0.6734
vn -0.1703 0.5975 0.7836
vn -0.2574 0.4187 0.8709
vn -0.0487 0.3633 0.9304
vn -0.0960 0.1870 0.9777
vn 0.1247 0.1493 0.9809
vn 0.1118 0.0002 0.9937
vn -0.2512 0.9349 0.2507
vn -0.3355 0.8804 0.3351
vn -0.0875 0.9115 0.4019
vn -0.2345 0.8023 0.5490
vn -0.0553 0.7415 0.6686
vn -0.1703 0.5974 0.7837
vn 0.0269 0.5183 0.8548
vn -0.0488 0.3632 0.9304
vn 0.1624 0.2898 0.9432
vn 0.3391 0.1039 0.9350
vn 0.1117 0.0000 0.9937
vn 0.2587 0.0000 0.9660
vn -0.0855 0.9927 0.0856
vn -0.1730 0.9696 0.1729
vn 0.0741 0.9679 0.2404
vn -0.0873 0.9116 0.4016
vn 0.0807 0.8425 0.5326
vn -0.0553 0.7415 0.6687
vn 0.1267 0.6434 0.7549
vn 0.0269 0.5185 0.8547
vn 0.2227 0.4136 0.8828
vn 0.3654 0.2017 0.9087
vn 0.5366 0.0535 0.8421
vn 0.3299 0.0002 0.9440
vn 0.4999 0.0003 0.8661
vn 0.0848 0.9927 -0.0854
vn 0.2400 0.9679 0.0741
vn 0.0739 0.9678 0.2405
vn 0.2297 0.8944 0.3837
vn 0.0807 0.8424 0.5327
vn 0.2447 0.7311 0.6369
vn 0.1266 0.6434 0.7549
vn 0.3022 0.5131 0.8034
vn 0.2226 0.4135 0.8829
vn 0.4073 0.2879 0.8667
vn 0.3653 0.2018 0.9088
vn 0.5499 0.1038 0.8287
vn 0.5364 0.0538 0.8422
vn 0.7070 0.0007 0.7072
vn 0.2504 0.9351 -0.2507
vn 0.1725 0.9697 -0.1728
vn 0.4015 0.9117 -0.0871
vn 0.2401 0.9679 0.0743
vn 0.3832 0.8945 0.2301
vn 0.2296 0.8945 0.3836
vn 0.3739 0.7763 0.5075
vn 0.2446 0.7311 0.6369
vn 0.3964 0.5832 0.7091
vn 0.3023 0.5134 0.8031
vn 0.4628 0.3572 0.8113
vn 0.4074 0.2878 0.8667
vn 0.5716 0.1480 0.8071
vn 0.5501 0.1040 0.8286
vn 0.7073 0.0006 0.7070
vn 0.4013 0.8232 -0.4017
vn 0.3348 0.8806 -0.3352
vn 0.5487 0.8025 -0.2344
vn 0.4015 0.9117 -0.0872
vn 0.5324 0.8426 0.0809
vn 0.3833 0.8945 0.2301
vn 0.5073 0.7763 0.3743
vn 0.4994 0.6191 0.6061
vn 0.3963 0.5829 0.7094
vn 0.5281 0.4057 0.7460
vn 0.4627 0.3572 0.8114
vn 0.6003 0.1833 0.7784
vn 0.5721 0.1476 0.8068
vn 0.7076 -0.0002 0.7066
vn 0.5293 0.6634 -0.5290
vn 0.4770 0.7382 -0.4771
vn 0.6732 0.6466 -0.3587
vn 0.5488 0.8025 -0.2343
vn 0.6685 0.7416 -0.0551
vn 0.5324 0.8426 0.0808
vn 0.6367 0.7313 0.2448
vn 0.5072 0.7763 0.3742
vn 0.6058 0.6191 0.4997
vn 0.4995 0.6190 0.6060
vn 0.5999 0.4310 0.6741
vn 0.5281 0.4060 0.7459
vn 0.6334 0.2080 0.7454
vn 0.5998 0.1830 0.7789
vn 0.7071 -0.0000 0.7072
vn 0.6262 0.4651 -0.6257
vn 0.5901 0.5510 -0.5900
vn 0.7676 0.4534 -0.4530
vn 0.6730 0.6468 -0.3587
vn 0.7834 0.5979 -0.1700
vn 0.6684 0.7418 -0.0551
vn 0.7548 0.6436 0.1269
vn 0.6368 0.7311 0.2449
vn 0.7091 0.5832 0.3964
vn 0.6058 0.6191 0.4996
vn 0.6739 0.4309 0.6001
vn 0.6000 0.4309 0.6741
vn 0.6703 0.2212 0.7084
vn 0.6335 0.2083 0.7452
vn 0.7068 0.0002 0.7074
vn 0.6864 0.2400 -0.6865
vn 0.6673 0.3305 -0.6674
vn 0.8266 0.2336 -0.5120
vn 0.7676 0.4533 -0.4531
vn 0.7836 0.5976 -0.1701
vn 0.8547 0.5185 0.0270
vn 0.7548 0.6436 0.1268
vn 0.8030 0.5135 0.3024
vn 0.7088 0.5834 0.3965
vn 0.7456 0.4059 0.5284
vn 0.6738 0.4310 0.6002
vn 0.7084 0.2214 0.6702
vn 0.6705 0.2213 0.7081
vn 0.7072 -0.0001 -0.7071
vn 0.7043 0.0895 -0.7042
vn 0.8469 0.0002 -0.5317
vn 0.8266 0.2336 -0.5121
vn 0.8660 0.0002 -0.5001
vn 0.9440 0.0003 -0.3298
vn 0.9660 0.0005 -0.2585
vn -0.7072 -0.0002 0.7071
vn -0.5317 -0.0002 0.8469
vn -0.4999 -0.0000 0.8661
vn -0.3300 -0.0001 0.9440
vn -0.2590 -0.0001 0.9659
vn 0.1118 0.0000 0.9937
vn 0.2588 0.0001 0.9659
vn 0.3300 0.0001 0.9440
vn 0.5000 0.0002 0.8660
vn 0.4999 0.0002 0.8661
vn 0.5317 0.0002 0.8469
vn 0.7072 0.0002 0.7071
vn 0.9660 0.0003 0.2585
vn 0.9660 0.0003 -0.2584
vn 0.8469 0.0003 -0.5317
vn 0.7070 0.0003 -0.7072
vn 0.7042 0.0895 0.7043
vn 0.6865 0.2394 0.6866
vn 0.5119 0.2333 0.8268
vn 0.6673 0.3306 0.6674
vn 0.6258 0.4652 0.6261
vn 0.4528 0.4535 0.7677
vn 0.5900 0.5511 0.5901
vn 0.5290 0.6634 0.5292
vn 0.3584 0.6467 0.6732
vn 0.4767 0.7385 0.4768
vn 0.4012 0.8233 0.4014
vn 0.2339 0.8027 0.5487
vn 0.3349 0.8809 0.3345
vn 0.2504 0.9352 0.2502
vn 0.0868 0.9118 0.4012
vn 0.1724 0.9698 0.1727
vn 0.0848 0.9928 0.0851
vn -0.0747 0.9678 0.2403
vn -0.0856 0.9927 -0.0854
vn -0.2408 0.9677 0.0740
vn -0.1732 0.9696 -0.1728
vn -0.2512 0.9349 -0.2508
vn -0.4022 0.9114 -0.0871
vn -0.3353 0.8803 -0.3356
vn -0.4018 0.8227 -0.4021
vn -0.5492 0.8021 -0.2347
vn -0.4770 0.7381 -0.4771
vn -0.5292 0.6632 -0.5293
vn -0.6733 0.6466 -0.3587
vn -0.5905 0.5508 -0.5899
vn -0.6264 0.4647 -0.6258
vn -0.7680 0.4530 -0.4528
vn -0.9660 0.0003 0.2584
vn -0.9441 0.0003 0.3295
vn -0.9351 0.1041 0.3388
vn -0.5502 0.1037 0.8285
vn -0.5368 0.0535 0.8420
vn -0.3394 0.1042 0.9349
vn -0.8658 -0.0005 0.5004
vn -0.8467 -0.0006 0.5321
vn -0.8420 0.0527 0.5369
vn -0.5367 0.0530 0.8421
vn -0.5502 0.1032 0.8286
vn -0.7072 -0.0003 0.7070
vn -0.8420 0.0532 0.5368
vn -0.8468 -0.0001 0.5319
vn -0.7069 -0.0000 0.7073
vn -0.5998 0.1820 0.7792
vn -0.5714 0.1467 0.8074
vn -0.4076 0.2875 0.8667
vn -0.3656 0.2015 0.9087
vn -0.1626 0.2897 0.9432
vn -0.1249 0.1492 0.9809
vn 0.0958 0.1872 0.9776
vn -0.7069 0.0006 0.7073
vn -0.5317 -0.0001 0.8469
vn -0.5366 0.0532 0.8422
vn -0.5002 -0.0005 0.8659
vn -0.3393 0.1037 0.9350
vn -0.3298 -0.0001 0.9440
vn -0.2586 -0.0002 0.9660
vn -0.2589 -0.0001 0.9659
vn -0.1248 0.1492 0.9809
vn -0.3391 0.1037 0.9350
vn -0.3653 0.2015 0.9088
vn -0.5504 0.1032 0.8285
vn -0.5721 0.1473 0.8069
vn -0.7075 -0.0002 0.7067
vn -0.5999 0.1828 0.7789
vn -0.7070 -0.0004 0.7073
vn -0.5715 0.1472 0.8073
vn -0.9778 0.1862 -0.0959
vn -0.9937 -0.0010 -0.1118
vn -1.0000 -0.0010 -0.0000
vn -0.9255 0.2155 -0.3114
vn -0.9441 -0.0002 -0.3295
vn -0.9660 -0.0002 -0.2584
vn -0.6704 0.2204 0.7085
vn -0.6336 0.2076 0.7453
vn -0.5284 0.4054 0.7459
vn -0.4629 0.3569 0.8114
vn -0.3026 0.5131 0.8032
vn -0.2230 0.4134 0.8828
vn -0.0273 0.5184 0.8547
vn 0.0485 0.3632 0.9305
vn 0.2571 0.4186 0.8710
vn 0.3116 0.2155 0.9255
vn 0.5118 0.2332 0.8268
vn 0.0958 0.1871 0.9776
vn 0.2589 0.0002 0.9659
vn 0.3117 0.2158 0.9253
vn 0.0959 0.1872 0.9776
vn 0.0485 0.3634 0.9304
vn -0.1625 0.2897 0.9432
vn -0.2229 0.4134 0.8829
vn -0.4075 0.2876 0.8667
vn -0.4629 0.3570 0.8113
vn -0.5999 0.1832 0.7788
vn -0.6335 0.2080 0.7452
vn -0.7070 -0.0001 0.7072
vn -0.6707 0.2207 0.7082
vn -0.7073 -0.0002 0.7069
vn -0.6338 0.2079 0.7450
vn -0.8268 0.2329 -0.5120
vn -0.8469 -0.0004 -0.5317
vn -0.8660 -0.0004 -0.5000
vn -0.7067 -0.0002 -0.7075
vn -0.8469 -0.0004 -0.5318
vn -0.7041 0.0893 -0.7045
vn -0.8268 0.2329 -0.5121
vn -0.6866 0.2389 -0.6867
vn -0.6677 0.3292 -0.6677
vn -0.6261 0.4646 -0.6262
vn -0.6675 0.3300 -0.6675
vn -0.7679 0.4529 -0.4530
vn -0.8268 0.2330 -0.5119
vn -0.9255 0.2152 -0.3117
vn -0.9440 -0.0004 -0.3298
vn -0.5293 0.6631 -0.5293
vn -0.5903 0.5506 -0.5903
vn -0.6736 0.6462 -0.3587
vn -0.7679 0.4527 -0.4532
vn -0.8709 0.4185 -0.2575
vn -0.9254 0.2153 -0.3119
vn -0.9777 0.1868 -0.0960
vn -0.9659 -0.0004 -0.2588
vn -0.9937 -0.0002 -0.1119
vn -0.4017 0.8230 -0.4016
vn -0.4773 0.7379 -0.4771
vn -0.5492 0.8022 -0.2343
vn -0.6735 0.6463 -0.3587
vn -0.7839 0.5972 -0.1701
vn -0.8711 0.4183 -0.2573
vn -0.9305 0.3631 -0.0485
vn -0.9777 0.1869 -0.0958
vn -0.9809 0.1490 0.1248
vn -1.0000 -0.0002 0.0000
vn -0.9937 0.0001 0.1118
vn -0.2509 0.9349 -0.2509
vn -0.3354 0.8805 -0.3352
vn -0.4021 0.9115 -0.0871
vn -0.5492 0.8022 -0.2341
vn -0.6690 0.7413 -0.0549
vn -0.7838 0.5973 -0.1699
vn -0.8547 0.5184 0.0272
vn -0.9305 0.3631 -0.0486
vn -0.9434 0.2893 0.1625
vn -0.9810 0.1485 0.1248
vn -0.9350 0.1035 0.3392
vn -0.9937 -0.0008 0.1118
vn -0.9659 0.0003 0.2589
vn -0.0856 0.9927 -0.0853
vn -0.1731 0.9696 -0.1730
vn -0.2408 0.9677 0.0742
vn -0.4022 0.9114 -0.0870
vn -0.5330 0.8422 0.0810
vn -0.6689 0.7413 -0.0552
vn -0.7552 0.6432 0.1267
vn -0.8549 0.5181 0.0270
vn -0.8830 0.4132 0.2228
vn -0.9433 0.2894 0.1624
vn -0.9088 0.2013 0.3655
vn -0.8421 0.0531 0.5366
vn -0.9440 -0.0003 0.3298
vn -0.8660 -0.0002 0.5000
vn 0.0850 0.9927 0.0853
vn -0.0745 0.9678 0.2405
vn -0.2407 0.9677 0.0744
vn -0.3839 0.8943 0.2299
vn -0.5329 0.8423 0.0806
vn -0.6372 0.7308 0.2449
vn -0.7552 0.6431 0.1269
vn -0.8035 0.5128 0.3024
vn -0.8670 0.2872 0.4073
vn -0.9089 0.2009 0.3653
vn -0.8288 0.1025 0.5500
vn -0.8423 0.0525 0.5365
vn 0.2504 0.9351 0.2510
vn 0.1724 0.9697 0.1729
vn 0.0868 0.9116 0.4019
vn -0.0746 0.9678 0.2406
vn -0.2303 0.8943 0.3838
vn -0.3838 0.8943 0.2300
vn -0.5077 0.7760 0.3743
vn -0.6371 0.7308 0.2448
vn -0.7095 0.5826 0.3964
vn -0.8036 0.5128 0.3022
vn -0.8114 0.3570 0.4628
vn -0.8667 0.2877 0.4075
vn -0.8071 0.1476 0.5717
vn -0.8287 0.1034 0.5501
vn -0.7070 -0.0003 0.7072
vn 0.4014 0.8230 0.4020
vn 0.3348 0.8806 0.3353
vn 0.2340 0.8023 0.5491
vn 0.0868 0.9116 0.4018
vn -0.0812 0.8424 0.5327
vn -0.2303 0.8943 0.3836
vn -0.3744 0.7760 0.5075
vn -0.5078 0.7760 0.3742
vn -0.6062 0.6187 0.4998
vn -0.7093 0.5827 0.3966
vn -0.7461 0.4053 0.5284
vn -0.8115 0.3567 0.4629
vn -0.7787 0.1833 0.6001
vn -0.8071 0.1478 0.5716
vn 0.5292 0.6635 0.5289
vn 0.4769 0.7382 0.4770
vn 0.3585 0.6466 0.6733
vn 0.2340 0.8025 0.5488
vn 0.0548 0.7418 0.6684
vn -0.0812 0.8426 0.5324
vn -0.2451 0.7311 0.6368
vn -0.3745 0.7760 0.5075
vn -0.4998 0.6186 0.6062
vn -0.6061 0.6187 0.4999
vn -0.6742 0.4305 0.6001
vn -0.7460 0.4054 0.5283
vn -0.7453 0.2079 0.6334
vn -0.7789 0.1830 0.5999
vn -0.7072 -0.0000 0.7070
vn 0.6262 0.4648 0.6260
vn 0.5901 0.5509 0.5901
vn 0.4529 0.4531 0.7678
vn 0.3584 0.6465 0.6735
vn 0.1698 0.5972 0.7839
vn 0.0548 0.7414 0.6689
vn -0.1271 0.6433 0.7550
vn -0.2451 0.7309 0.6369
vn -0.3966 0.5828 0.7093
vn -0.4998 0.6188 0.6060
vn -0.6004 0.4307 0.6739
vn -0.6743 0.4306 0.5999
vn -0.7085 0.2207 0.6703
vn -0.7453 0.2079 0.6335
vn -0.7071 -0.0000 0.7071
vn 0.6865 0.2397 0.6865
vn 0.6674 0.3304 0.6674
vn 0.5120 0.2336 0.8266
vn 0.4530 0.4533 0.7677
vn 0.2572 0.4189 0.8709
vn 0.1699 0.5976 0.7836
vn -0.0272 0.5186 0.8546
vn -0.1271 0.6435 0.7548
vn -0.3026 0.5131 0.8033
vn -0.3967 0.5829 0.7092
vn -0.5284 0.4055 0.7459
vn -0.6002 0.4306 0.6741
vn -0.6705 0.2206 0.7083
vn -0.7085 0.2205 0.6704
vn -0.7071 -0.0005 0.7071
vn 0.7069 0.0004 0.7073
vn 0.7041 0.0898 0.7044
vn 0.5316 0.0002 0.8470
vn 0.5119 0.2336 0.8267
vn 0.3300 0.0002 0.9440
vn 0.2590 0.0003 0.9659
vn -0.7042 0.0895 0.7044
vn -0.6865 0.2393 0.6866
vn -0.8266 0.2333 0.5121
vn -0.6674 0.3300 0.6675
vn -0.6261 0.4646 0.6262
vn -0.7678 0.4530 0.4532
vn -0.5902 0.5508 0.5902
vn -0.5293 0.6631 0.5293
vn -0.6734 0.6465 0.3587
vn -0.4770 0.7381 0.4772
vn -0.4016 0.8230 0.4017
vn -0.5489 0.8024 0.2344
vn -0.3354 0.8803 0.3354
vn -0.2511 0.9349 0.2510
vn -0.4021 0.9114 0.0874
vn -0.1732 0.9696 0.1729
vn -0.0856 0.9927 0.0853
vn -0.2408 0.9677 -0.0741
vn 0.0850 0.9927 -0.0851
vn -0.0745 0.9678 -0.2403
vn 0.1725 0.9697 -0.1731
vn 0.2504 0.9350 -0.2511
vn 0.0868 0.9115 -0.4021
vn 0.3348 0.8807 -0.3351
vn 0.4013 0.8231 -0.4017
vn 0.2339 0.8025 -0.5490
vn 0.4769 0.7383 -0.4769
vn 0.5291 0.6634 -0.5291
vn 0.3586 0.6467 -0.6732
vn 0.5904 0.5505 -0.5902
vn 0.6263 0.4645 -0.6262
vn 0.4533 0.4527 -0.7678
vn -0.2588 -0.0000 -0.9659
vn -0.3299 -0.0001 -0.9440
vn -0.3392 0.1037 -0.9350
vn -0.8289 0.1038 -0.5497
vn -0.8423 0.0536 -0.5363
vn -0.9351 0.1042 -0.3389
vn -0.5002 -0.0006 -0.8659
vn -0.5319 -0.0006 -0.8468
vn -0.5368 0.0527 -0.8421
vn -0.8421 0.0530 -0.5367
vn -0.8287 0.1032 -0.5501
vn -0.7070 -0.0002 -0.7072
vn -0.5365 0.0540 -0.8422
vn -0.5316 0.0008 -0.8470
vn -0.7070 0.0008 -0.7072
vn -0.7787 0.1845 -0.5996
vn -0.8072 0.1485 -0.5713
vn -0.8668 0.2875 -0.4074
vn -0.9088 0.2011 -0.3655
vn -0.9434 0.2890 -0.1626
vn -0.9810 0.1486 -0.1248
vn -0.9777 0.1868 0.0958
vn -0.7068 0.0001 -0.7074
vn -0.8467 0.0001 -0.5320
vn -0.8420 0.0532 -0.5368
vn -0.9351 0.1036 -0.3390
vn -0.9441 -0.0001 -0.3296
vn -0.9660 0.0001 -0.2584
vn -0.9659 -0.0009 -0.2590
vn -0.9809 0.1490 -0.1249
vn -0.9349 0.1037 -0.3393
vn -0.9087 0.2016 -0.3656
vn -0.8286 0.1033 -0.5501
vn -0.8071 0.1475 -0.5717
vn -0.7070 -0.0003 -0.7072
vn -0.7788 0.1828 -0.6000
vn -0.8072 0.1472 -0.5716
vn 0.0958 0.1871 -0.9777
vn 0.0000 -0.0001 -1.0000
vn 0.3119 0.2158 -0.9253
vn 0.3301 0.0002 -0.9439
vn 0.2590 0.0002 -0.9659
vn -0.7083 0.2213 -0.6703
vn -0.7452 0.2084 -0.6335
vn -0.7460 0.4055 -0.5283
vn -0.8115 0.3568 -0.4628
vn -0.8035 0.5127 -0.3024
vn -0.8831 0.4129 -0.2229
vn -0.8549 0.5181 -0.0272
vn -0.9305 0.3631 0.0486
vn -0.8710 0.4185 0.2573
vn -0.9255 0.2153 0.3117
vn -0.8268 0.2330 0.5119
vn -0.9809 0.1489 -0.1248
vn -0.9777 0.1868 0.0959
vn -0.9937 -0.0005 0.1119
vn -0.9659 -0.0002 0.2589
vn -0.9659 -0.0005 0.2588
vn -0.9255 0.2152 0.3118
vn -0.9777 0.1867 0.0959
vn -0.9305 0.3630 0.0487
vn -0.9432 0.2896 -0.1625
vn -0.8829 0.4134 -0.2228
vn -0.8669 0.2873 -0.4074
vn -0.8116 0.3565 -0.4629
vn -0.7790 0.1824 -0.5999
vn -0.7455 0.2074 -0.6334
vn -0.7083 0.2209 -0.6704
vn -0.7071 -0.0000 -0.7072
vn -0.7452 0.2081 -0.6336
vn 0.5119 0.2335 -0.8267
vn 0.5317 0.0002 -0.8469
vn 0.7069 0.0004 -0.7073
vn 0.7042 0.0897 -0.7044
vn 0.5120 0.2334 -0.8267
vn 0.6865 0.2394 -0.6866
vn 0.6674 0.3303 -0.6675
vn 0.6258 0.4652 -0.6261
vn 0.6674 0.3305 -0.6674
vn 0.4529 0.4533 -0.7677
vn 0.3116 0.2157 -0.9254
vn 0.3298 0.0000 -0.9440
vn 0.5290 0.6634 -0.5292
vn 0.5900 0.5511 -0.5901
vn 0.3584 0.6466 -0.6734
vn 0.4530 0.4531 -0.7678
vn 0.2573 0.4186 -0.8710
vn 0.3117 0.2156 -0.9254
vn 0.0959 0.1871 -0.9776
vn 0.2588 0.0002 -0.9659
vn 0.1118 0.0001 -0.9937
vn 0.4012 0.8233 -0.4016
vn 0.4768 0.7383 -0.4771
vn 0.2339 0.8024 -0.5490
vn 0.1698 0.5976 -0.7836
vn 0.2571 0.4189 -0.8709
vn 0.0484 0.3634 -0.9304
vn 0.0958 0.1872 -0.9776
vn -0.1248 0.1492 -0.9809
vn 0.2505 0.9352 -0.2503
vn 0.3348 0.8808 -0.3349
vn 0.0868 0.9117 -0.4017
vn 0.2340 0.8024 -0.5490
vn 0.0549 0.7415 -0.6688
vn 0.1699 0.5974 -0.7837
vn -0.0272 0.5183 -0.8547
vn 0.0486 0.3633 -0.9304
vn -0.1626 0.2898 -0.9432
vn -0.3392 0.1038 -0.9350
vn -0.2589 0.0002 -0.9659
vn 0.0848 0.9927 -0.0855
vn 0.1724 0.9697 -0.1729
vn -0.0746 0.9678 -0.2405
vn 0.0868 0.9116 -0.4019
vn -0.0812 0.8424 -0.5327
vn 0.0548 0.7415 -0.6687
vn -0.1271 0.6434 -0.7549
vn -0.0273 0.5185 -0.8546
vn -0.2230 0.4134 -0.8828
vn -0.1626 0.2897 -0.9432
vn -0.3654 0.2015 -0.9088
vn -0.3391 0.1037 -0.9350
vn -0.5367 0.0530 -0.8421
vn -0.3300 -0.0002 -0.9440
vn -0.5002 -0.0001 -0.8659
vn -0.0856 0.9927 0.0854
vn -0.2407 0.9677 -0.0743
vn -0.0745 0.9678 -0.2406
vn -0.2303 0.8943 -0.3837
vn -0.0811 0.8424 -0.5327
vn -0.2450 0.7311 -0.6368
vn -0.1270 0.6435 -0.7548
vn -0.3025 0.5129 -0.8034
vn -0.2229 0.4132 -0.8829
vn -0.4075 0.2875 -0.8667
vn -0.3656 0.2015 -0.9087
vn -0.5502 0.1035 -0.8286
vn -0.5368 0.0533 -0.8420
vn -0.7072 -0.0003 -0.7070
vn -0.2511 0.9349 0.2508
vn -0.4021 0.9114 0.0872
vn -0.2408 0.9677 -0.0742
vn -0.3839 0.8942 -0.2301
vn -0.2302 0.8944 -0.3836
vn -0.3744 0.7761 -0.5074
vn -0.2451 0.7309 -0.6370
vn -0.3968 0.5827 -0.7093
vn -0.3026 0.5129 -0.8033
vn -0.4629 0.3569 -0.8114
vn -0.4075 0.2876 -0.8667
vn -0.5720 0.1474 -0.8069
vn -0.5506 0.1033 -0.8284
vn -0.7076 -0.0003 -0.7067
vn -0.4019 0.8229 0.4017
vn -0.3354 0.8805 0.3351
vn -0.5493 0.8022 0.2341
vn -0.4021 0.9114 0.0869
vn -0.5330 0.8422 -0.0810
vn -0.3839 0.8943 -0.2300
vn -0.5079 0.7759 -0.3743
vn -0.3746 0.7759 -0.5076
vn -0.4999 0.6188 -0.6060
vn -0.3966 0.5829 -0.7092
vn -0.5283 0.4056 -0.7459
vn -0.4628 0.3570 -0.8114
vn -0.6000 0.1828 -0.7789
vn -0.5716 0.1472 -0.8072
vn -0.7070 -0.0004 -0.7073
vn -0.5293 0.6630 0.5294
vn -0.4773 0.7378 0.4772
vn -0.6736 0.6462 0.3587
vn -0.5493 0.8022 0.2342
vn -0.6689 0.7413 0.0550
vn -0.5329 0.8423 -0.0808
vn -0.6371 0.7309 -0.2448
vn -0.5077 0.7760 -0.3742
vn -0.6061 0.6189 -0.4996
vn -0.4997 0.6190 -0.6059
vn -0.6002 0.4305 -0.6741
vn -0.5284 0.4054 -0.7460
vn -0.6337 0.2078 -0.7451
vn -0.6001 0.1830 -0.7787
vn -0.7071 -0.0001 -0.7072
vn -0.5905 0.5506 0.5901
vn -0.7680 0.4528 0.4530
vn -0.6736 0.6463 0.3586
vn -0.7838 0.5973 0.1700
vn -0.6687 0.7415 0.0551
vn -0.7550 0.6433 -0.1268
vn -0.7093 0.5828 -0.3965
vn -0.6061 0.6187 -0.4998
vn -0.6743 0.4303 -0.6001
vn -0.6004 0.4304 -0.6740
vn -0.6706 0.2208 -0.7082
vn -0.6338 0.2080 -0.7450
vn -0.7073 -0.0002 -0.7069
vn -0.6866 0.2385 0.6868
vn -0.6676 0.3296 0.6676
vn -0.8267 0.2330 0.5121
vn -0.7678 0.4529 0.4532
vn -0.8711 0.4183 0.2574
vn -0.7840 0.5970 0.1700
vn -0.8550 0.5180 -0.0271
vn -0.7551 0.6432 -0.1268
vn -0.8035 0.5128 -0.3023
vn -0.7094 0.5828 -0.3964
vn -0.7460 0.4054 -0.5283
vn -0.6742 0.4304 -0.6002
vn -0.7084 0.2209 -0.6703
vn -0.6705 0.2210 -0.7082
vn -0.7072 -0.0004 -0.7070
vn -0.7067 -0.0002 0.7075
vn -0.7041 0.0892 0.7045
vn -0.8470 -0.0004 0.5316
vn -0.8268 0.2329 0.5120
vn -0.8661 -0.0004 0.4999
vn -0.9255 0.2152 0.3117
vn -0.9441 -0.0003 0.3297
vn -0.9660 -0.0002 0.2584
vn -0.7071 -0.0002 0.7071
vn -0.7073 -0.0003 0.7069
vn -0.7064 -0.0010 0.7079
vn -0.7059 -0.0013 0.7083
vn -0.7074 -0.0003 0.7069
vn -0.7069 -0.0004 0.7073
vn -0.7068 -0.0002 0.7074
vn -0.7070 0.0001 0.7072
vn -0.7070 -0.0004 0.7072
vn -0.7070 -0.0000 0.7072
vn -0.7076 0.0005 0.7066
vn -0.7074 -0.0001 0.7068
vn -0.7074 -0.0006 0.7068
vn -0.7078 -0.0009 0.7064
vn -0.7088 -0.0013 0.7054
vn -0.7070 0.0001 0.7073
vn -0.7070 -0.0002 0.7072
vn -0.7071 0.0005 0.7071
vn 0.7071 0.0001 -0.7071
vn 0.7071 0.0004 -0.7071
vn 0.7070 0.0001 -0.7072
vn 0.7069 -0.0002 -0.7073
vn 0.7067 -0.0007 -0.7075
vn 0.7072 0.0001 -0.7070
vn 0.7067 0.0011 -0.7075
vn 0.7069 0.0007 -0.7073
vn 0.7072 0.0007 -0.7070
vn 0.7074 0.0008 -0.7068
vn 0.7073 0.0006 -0.7069
vn 0.7073 0.0003 -0.7069
vn 0.7069 -0.0000 -0.7073
vn 0.7069 0.0002 -0.7073
vn 0.7071 0.0005 -0.7071
vn -0.7044 0.0891 -0.7042
vn -0.6867 0.2390 -0.6865
vn -0.5122 0.2331 -0.8266
vn -0.6678 0.3301 -0.6672
vn -0.6264 0.4647 -0.6259
vn -0.4534 0.4531 -0.7675
vn -0.5905 0.5502 -0.5904
vn -0.5297 0.6626 -0.5295
vn -0.3591 0.6461 -0.6735
vn -0.4774 0.7378 -0.4773
vn -0.4020 0.8228 -0.4018
vn -0.2346 0.8022 -0.5491
vn -0.3355 0.8804 -0.3351
vn -0.2512 0.9349 -0.2507
vn -0.0876 0.9115 -0.4018
vn -0.1730 0.9695 -0.1736
vn -0.0855 0.9926 -0.0860
vn 0.0740 0.9677 -0.2412
vn 0.0848 0.9927 0.0854
vn 0.2401 0.9679 -0.0741
vn 0.1724 0.9697 0.1732
vn 0.2503 0.9350 0.2511
vn 0.4014 0.9117 0.0875
vn 0.3345 0.8807 0.3354
vn 0.4011 0.8231 0.4019
vn 0.5485 0.8026 0.2346
vn 0.4771 0.7383 0.4768
vn 0.5293 0.6634 0.5290
vn 0.6733 0.6468 0.3583
vn 0.5903 0.5511 0.5898
vn 0.6263 0.4651 0.6257
vn 0.7678 0.4535 0.4526
vn 0.9441 0.0004 -0.3297
vn 0.9350 0.1043 -0.3389
vn 0.5500 0.1029 -0.8288
vn 0.5365 0.0527 -0.8423
vn 0.3391 0.1032 -0.9351
vn 0.8659 -0.0016 -0.5003
vn 0.8468 -0.0016 -0.5320
vn 0.8421 0.0518 -0.5368
vn 0.5364 0.0530 -0.8423
vn 0.5499 0.1032 -0.8289
vn 0.7070 -0.0002 -0.7072
vn 0.8420 0.0532 -0.5368
vn 0.8468 -0.0000 -0.5319
vn 0.7069 -0.0001 -0.7073
vn 0.6000 0.1832 -0.7788
vn 0.5715 0.1476 -0.8072
vn 0.4073 0.2879 -0.8667
vn 0.3654 0.2019 -0.9087
vn 0.1624 0.2899 -0.9432
vn 0.1247 0.1493 -0.9809
vn -0.0960 0.1871 -0.9776
vn 0.5317 0.0009 -0.8470
vn 0.5366 0.0538 -0.8422
vn 0.4999 0.0007 -0.8661
vn 0.3392 0.1038 -0.9350
vn 0.3300 -0.0002 -0.9440
vn 0.2589 -0.0003 -0.9659
vn 0.2587 0.0001 -0.9660
vn 0.3392 0.1041 -0.9349
vn 0.3654 0.2020 -0.9087
vn 0.5501 0.1039 -0.8286
vn 0.5716 0.1480 -0.8071
vn 0.6006 0.1829 -0.7784
vn 0.7077 -0.0002 -0.7066
vn 0.5722 0.1473 -0.8068
vn 0.9776 0.1874 0.0959
vn 0.9254 0.2161 0.3114
vn 0.9441 0.0005 0.3296
vn 0.9660 0.0005 0.2585
vn 0.6704 0.2211 -0.7083
vn 0.6335 0.2083 -0.7452
vn 0.5281 0.4059 -0.7459
vn 0.4627 0.3572 -0.8114
vn 0.3022 0.5130 -0.8034
vn 0.2226 0.4133 -0.8829
vn 0.0269 0.5186 -0.8546
vn -0.0487 0.3634 -0.9304
vn -0.2575 0.4186 -0.8709
vn -0.3119 0.2155 -0.9254
vn -0.0960 0.1870 -0.9777
vn -0.3118 0.2156 -0.9254
vn -0.0488 0.3633 -0.9304
vn 0.1623 0.2896 -0.9433
vn 0.2227 0.4134 -0.8829
vn 0.4075 0.2880 -0.8666
vn 0.4628 0.3573 -0.8112
vn 0.5999 0.1831 -0.7789
vn 0.6334 0.2080 -0.7453
vn 0.7070 -0.0000 -0.7072
vn 0.6700 0.2213 -0.7086
vn 0.7068 0.0004 -0.7074
vn 0.6332 0.2085 -0.7454
vn 0.8265 0.2336 0.5122
vn 0.8468 0.0002 0.5318
vn 0.8659 0.0002 0.5002
vn 0.7071 -0.0001 0.7071
vn 0.8470 0.0003 0.5317
vn 0.7043 0.0896 0.7043
vn 0.8266 0.2338 0.5120
vn 0.6865 0.2398 0.6865
vn 0.6674 0.3308 0.6672
vn 0.6258 0.4650 0.6262
vn 0.6673 0.3303 0.6676
vn 0.7676 0.4533 0.4531
vn 0.8266 0.2336 0.5121
vn 0.9253 0.2159 0.3119
vn 0.8660 0.0002 0.5001
vn 0.9440 0.0002 0.3300
vn 0.5293 0.6632 0.5292
vn 0.5900 0.5509 0.5902
vn 0.6731 0.6467 0.3587
vn 0.8707 0.4191 0.2572
vn 0.9253 0.2160 0.3117
vn 0.9776 0.1875 0.0958
vn 0.9937 0.0006 0.1118
vn 0.4017 0.8230 0.4016
vn 0.4770 0.7381 0.4772
vn 0.5488 0.8024 0.2344
vn 0.6732 0.6466 0.3588
vn 0.7835 0.5977 0.1701
vn 0.8708 0.4190 0.2573
vn 0.9303 0.3635 0.0486
vn 0.9776 0.1873 0.0959
vn 0.9809 0.1495 -0.1248
vn 1.0000 0.0005 0.0000
vn 0.9937 0.0001 -0.1118
vn 0.2506 0.9351 0.2506
vn 0.3349 0.8806 0.3352
vn 0.4016 0.9117 0.0872
vn 0.5487 0.8025 0.2343
vn 0.6685 0.7417 0.0550
vn 0.8544 0.5188 -0.0271
vn 0.9302 0.3638 0.0487
vn 0.9432 0.2900 -0.1624
vn 0.9809 0.1493 -0.1246
vn 0.9350 0.1039 -0.3391
vn 0.9937 0.0002 -0.1117
vn 0.9659 0.0003 -0.2589
vn 0.0849 0.9928 0.0850
vn 0.1725 0.9698 0.1727
vn 0.2401 0.9679 -0.0743
vn 0.4016 0.9117 0.0871
vn 0.5325 0.8425 -0.0809
vn 0.7546 0.6438 -0.1270
vn 0.8544 0.5188 -0.0272
vn 0.8826 0.4139 -0.2230
vn 0.9431 0.2902 -0.1625
vn 0.9087 0.2019 -0.3653
vn 0.9350 0.1040 -0.3392
vn 0.8421 0.0532 -0.5367
vn 0.9439 0.0001 -0.3301
vn 0.8659 -0.0003 -0.5003
vn -0.0853 0.9927 -0.0852
vn 0.0739 0.9679 -0.2403
vn 0.2401 0.9679 -0.0742
vn 0.3833 0.8945 -0.2300
vn 0.5324 0.8426 -0.0808
vn 0.6367 0.7313 -0.2447
vn 0.7547 0.6437 -0.1267
vn 0.8032 0.5133 -0.3022
vn 0.8827 0.4137 -0.2227
vn 0.8665 0.2882 -0.4076
vn 0.9085 0.2022 -0.3656
vn 0.8286 0.1042 -0.5501
vn 0.8421 0.0541 -0.5366
vn 0.7073 0.0007 -0.7069
vn -0.2512 0.9348 -0.2511
vn -0.1731 0.9696 -0.1729
vn -0.0874 0.9116 -0.4017
vn 0.0740 0.9679 -0.2403
vn 0.2297 0.8944 -0.3837
vn 0.3833 0.8945 -0.2302
vn 0.5073 0.7763 -0.3743
vn 0.6367 0.7312 -0.2448
vn 0.7090 0.5831 -0.3966
vn 0.8031 0.5134 -0.3024
vn 0.8112 0.3575 -0.4626
vn 0.8666 0.2882 -0.4073
vn 0.8073 0.1479 -0.5713
vn 0.8289 0.1037 -0.5497
vn 0.7074 -0.0003 -0.7069
vn -0.4018 0.8231 -0.4013
vn -0.3354 0.8806 -0.3349
vn -0.2345 0.8023 -0.5489
vn -0.0874 0.9115 -0.4019
vn 0.0807 0.8425 -0.5327
vn 0.2297 0.8945 -0.3834
vn 0.3740 0.7763 -0.5074
vn 0.5073 0.7764 -0.3741
vn 0.6059 0.6191 -0.4996
vn 0.7091 0.5832 -0.3963
vn 0.7457 0.4062 -0.5281
vn 0.8112 0.3577 -0.4626
vn 0.7786 0.1833 -0.6002
vn 0.8070 0.1477 -0.5718
vn 0.7069 0.0006 -0.7073
vn -0.5294 0.6630 -0.5293
vn -0.4774 0.7378 -0.4772
vn -0.3589 0.6462 -0.6735
vn -0.0553 0.7415 -0.6686
vn 0.0806 0.8425 -0.5326
vn 0.2447 0.7311 -0.6369
vn 0.4994 0.6191 -0.6060
vn 0.6057 0.6191 -0.4998
vn 0.6739 0.4309 -0.6002
vn 0.7458 0.4058 -0.5283
vn 0.7450 0.2082 -0.6338
vn 0.7785 0.1834 -0.6002
vn -0.6263 0.4644 -0.6261
vn -0.5904 0.5505 -0.5902
vn -0.4533 0.4530 -0.7677
vn -0.3589 0.6465 -0.6732
vn -0.1703 0.5974 -0.7836
vn -0.0553 0.7414 -0.6688
vn 0.1266 0.6433 -0.7551
vn 0.2446 0.7311 -0.6370
vn 0.3961 0.5830 -0.7094
vn 0.4993 0.6190 -0.6063
vn 0.5999 0.4309 -0.6742
vn 0.6738 0.4309 -0.6002
vn 0.7083 0.2211 -0.6704
vn 0.7452 0.2082 -0.6335
vn 0.7071 0.0000 -0.7071
vn -0.6863 0.2392 -0.6868
vn -0.6674 0.3299 -0.6676
vn -0.5120 0.2331 -0.8267
vn -0.4532 0.4529 -0.7678
vn -0.2574 0.4186 -0.8709
vn -0.1702 0.5974 -0.7837
vn 0.1267 0.6436 -0.7548
vn 0.3023 0.5134 -0.8032
vn 0.3964 0.5832 -0.7090
vn 0.5282 0.4060 -0.7458
vn 0.6000 0.4310 -0.6739
vn 0.6705 0.2212 -0.7082
vn 0.7084 0.2211 -0.6703
vn 0.7072 -0.0000 -0.7070
vn -0.7069 0.0003 -0.7073
vn -0.7042 0.0895 -0.7044
vn -0.5316 -0.0001 -0.8470
vn -0.5121 0.2332 -0.8267
vn -0.4999 -0.0001 -0.8661
vn -0.3119 0.2156 -0.9253
vn -0.2590 0.0001 -0.9659
vn -0.7064 -0.0013 0.7078
vn -0.7072 -0.0005 0.7070
vn -0.7073 -0.0000 0.7069
vn -0.7072 0.0002 0.7070
vn -0.7074 0.0002 0.7068
vn -0.7070 0.0002 0.7072
vn -0.7071 0.0001 0.7071
vn -0.7072 0.0001 0.7070
vn -0.7073 -0.0001 0.7069
vn -0.7070 -0.0006 0.7072
vn -0.7068 0.0001 0.7075
vn -0.7072 -0.0002 0.7070
vn -0.7067 0.0001 0.7075
vn -0.7068 0.0000 0.7075
vn -0.7066 0.0004 0.7076
vn 0.8172 0.1216 0.5634
vn 0.8232 0.0005 0.5677
vn 0.8426 0.0005 0.5385
vn 0.1188 0.9898 -0.0789
vn 0.2919 0.9362 -0.1958
vn 0.1382 0.9862 -0.0916
vn 0.1407 0.9859 -0.0900
vn 0.1168 0.9903 -0.0754
vn 0.4403 0.8471 -0.2977
vn 0.3349 0.9152 -0.2243
vn 0.3399 0.9151 -0.2172
vn 0.2922 0.9364 -0.1942
vn 0.5668 0.7279 -0.3860
vn 0.5086 0.7889 -0.3448
vn 0.5177 0.7890 -0.3309
vn 0.4400 0.8476 -0.2965
vn 0.6768 0.5721 -0.4632
vn 0.6510 0.6149 -0.4450
vn 0.6644 0.6148 -0.4251
vn 0.5668 0.7278 -0.3860
vn 0.7621 0.3834 -0.5217
vn 0.7551 0.4019 -0.5179
vn 0.7710 0.4033 -0.4929
vn 0.6771 0.5714 -0.4637
vn 0.8122 0.1696 -0.5582
vn 0.8051 0.2112 -0.5543
vn 0.8305 0.1679 -0.5310
vn 0.7599 0.3862 -0.5229
vn 0.8232 0.0000 -0.5677
vn 0.8117 0.1680 -0.5594
vn 0.8425 0.0000 -0.5387
vn 0.8305 0.1677 -0.5311
vn 0.8718 0.0005 -0.4899
vn 0.8812 0.1675 -0.4422
vn 0.8938 -0.0004 -0.4484
vn 0.8936 0.0011 -0.4488
vn 0.8808 0.1685 -0.4425
vn 0.9336 0.0003 -0.3582
vn 0.9219 0.1679 -0.3493
vn 0.9350 0.0010 -0.3547
vn 0.9531 0.1674 -0.2520
vn 0.9668 -0.0003 -0.2555
vn 0.9973 -0.0003 0.0729
vn 0.9987 -0.0001 0.0516
vn 0.9846 0.1675 0.0509
vn 0.9987 -0.0003 -0.0516
vn 0.9846 0.1672 -0.0509
vn 0.9973 -0.0004 -0.0731
vn 0.9740 0.1677 -0.1523
vn 0.9880 0.0003 -0.1544
vn 0.9530 0.1681 -0.2521
vn 0.9760 0.0014 -0.2178
vn 0.9667 0.0004 -0.2558
vn 0.9973 -0.0004 0.0730
vn 0.9846 0.1672 0.0509
vn 0.9880 -0.0002 0.1545
vn 0.9740 0.1674 0.1524
vn 0.9760 0.0002 0.2177
vn 0.9530 0.1678 0.2522
vn 0.9667 0.0002 0.2558
vn 0.9220 0.1676 0.3490
vn 0.9353 -0.0000 0.3539
vn 0.9348 0.0010 0.3552
vn 0.9218 0.1679 0.3493
vn 0.9336 0.0006 0.3583
vn 0.8809 0.1680 0.4425
vn 0.8936 0.0005 0.4488
vn 0.8116 0.1677 0.5596
vn 0.8171 0.1214 0.5636
vn 0.8307 0.1677 0.5309
vn 0.8426 0.0002 0.5385
vn 0.8810 0.1681 0.4422
vn 0.8715 -0.0002 0.4903
vn 0.8938 0.0008 0.4485
vn 0.7704 0.4047 0.4927
vn 0.7537 0.4046 0.5180
vn 0.7777 0.3296 0.5352
vn 0.6647 0.6144 0.4251
vn 0.6514 0.6145 0.4451
vn 0.7032 0.5227 0.4820
vn 0.5173 0.7893 0.3308
vn 0.5081 0.7894 0.3444
vn 0.6033 0.6833 0.4112
vn 0.3399 0.9151 0.2172
vn 0.3387 0.9131 0.2271
vn 0.4801 0.8149 0.3247
vn 0.1394 0.9859 0.0929
vn 0.1184 0.9898 -0.0786
vn 0.1407 0.9859 -0.0903
vn -0.0001 1.0000 -0.0003
vn 0.1496 0.9859 -0.0755
vn 0.1563 0.9859 -0.0593
vn 0.1616 0.9859 -0.0428
vn 0.1651 0.9859 -0.0258
vn 0.1669 0.9859 -0.0086
vn 0.1669 0.9859 0.0086
vn 0.1651 0.9859 0.0259
vn 0.1615 0.9859 0.0429
vn 0.1563 0.9859 0.0594
vn 0.1496 0.9859 0.0754
vn 0.1408 0.9859 0.0903
vn 0.1399 0.9859 0.0922
vn 0.1741 0.9780 0.1147
vn 0.7601 0.3865 -0.5224
vn 0.7708 0.4040 -0.4927
vn 0.8306 0.1683 -0.5309
vn 0.8175 0.4037 -0.4107
vn 0.8809 0.1678 -0.4425
vn 0.8557 0.4035 -0.3240
vn 0.9220 0.1677 -0.3491
vn 0.8843 0.4041 -0.2338
vn 0.9530 0.1682 -0.2520
vn 0.9040 0.4036 -0.1414
vn 0.9740 0.1676 -0.1523
vn 0.9137 0.4036 -0.0473
vn 0.9845 0.1677 -0.0510
vn 0.9136 0.4038 0.0473
vn 0.9845 0.1680 0.0510
vn 0.9038 0.4039 0.1414
vn 0.9739 0.1681 0.1523
vn 0.8845 0.4035 0.2340
vn 0.9531 0.1677 0.2521
vn 0.8558 0.4033 0.3240
vn 0.9220 0.1675 0.3490
vn 0.8176 0.4037 0.4106
vn 0.8810 0.1679 0.4424
vn 0.7709 0.4032 0.4930
vn 0.8306 0.1676 0.5311
vn 0.7781 0.3285 0.5354
vn 0.8116 0.1682 0.5594
vn 0.6773 0.5714 -0.4634
vn 0.6644 0.6150 -0.4247
vn 0.7709 0.4037 -0.4928
vn 0.7046 0.6150 -0.3540
vn 0.8176 0.4035 -0.4108
vn 0.7377 0.6146 -0.2793
vn 0.8558 0.4032 -0.3240
vn 0.7622 0.6151 -0.2016
vn 0.8844 0.4039 -0.2340
vn 0.7791 0.6149 -0.1219
vn 0.9040 0.4035 -0.1414
vn 0.7874 0.6151 -0.0408
vn 0.9137 0.4037 -0.0473
vn 0.7875 0.6149 0.0408
vn 0.9138 0.4035 0.0473
vn 0.7791 0.6149 0.1219
vn 0.9040 0.4035 0.1414
vn 0.7623 0.6149 0.2017
vn 0.7373 0.6151 0.2793
vn 0.8556 0.4037 0.3240
vn 0.7046 0.6152 0.3538
vn 0.8176 0.4038 0.4105
vn 0.6645 0.6147 0.4250
vn 0.7709 0.4034 0.4930
vn 0.7029 0.5232 0.4819
vn 0.7540 0.4034 0.5184
vn 0.5666 0.7284 -0.3852
vn 0.5178 0.7889 -0.3310
vn 0.6645 0.6148 -0.4248
vn 0.5491 0.7889 -0.2759
vn 0.7047 0.6148 -0.3540
vn 0.5747 0.7889 -0.2177
vn 0.7375 0.6148 -0.2793
vn 0.5938 0.7891 -0.1571
vn 0.7622 0.6151 -0.2017
vn 0.6070 0.7890 -0.0949
vn 0.7791 0.6149 -0.1218
vn 0.6136 0.7890 -0.0318
vn 0.7876 0.6148 -0.0408
vn 0.6137 0.7889 0.0318
vn 0.7876 0.6148 0.0408
vn 0.6069 0.7890 0.0950
vn 0.7790 0.6150 0.1219
vn 0.5939 0.7890 0.1571
vn 0.7623 0.6150 0.2016
vn 0.5746 0.7889 0.2177
vn 0.7375 0.6149 0.2793
vn 0.5492 0.7888 0.2759
vn 0.7048 0.6148 0.3540
vn 0.5178 0.7888 0.3312
vn 0.6645 0.6148 0.4249
vn 0.6036 0.6831 0.4112
vn 0.6509 0.6155 0.4443
vn 0.4399 0.8474 -0.2973
vn 0.3394 0.9152 -0.2173
vn 0.5175 0.7890 -0.3311
vn 0.3601 0.9152 -0.1811
vn 0.5490 0.7889 -0.2759
vn 0.3766 0.9153 -0.1428
vn 0.5744 0.7891 -0.2176
vn 0.3897 0.9151 -0.1032
vn 0.5941 0.7888 -0.1572
vn 0.3983 0.9151 -0.0623
vn 0.6072 0.7889 -0.0949
vn 0.4022 0.9153 -0.0208
vn 0.6134 0.7891 -0.0318
vn 0.4023 0.9153 0.0208
vn 0.6135 0.7890 0.0318
vn 0.3984 0.9151 0.0625
vn 0.6073 0.7888 0.0951
vn 0.3897 0.9152 0.1031
vn 0.5940 0.7890 0.1571
vn 0.3768 0.9152 0.1426
vn 0.5746 0.7890 0.2175
vn 0.3600 0.9152 0.1808
vn 0.5490 0.7890 0.2758
vn 0.3394 0.9152 0.2173
vn 0.5175 0.7890 0.3312
vn 0.4795 0.8152 0.3250
vn 0.5081 0.7892 0.3451
vn 0.2917 0.9364 -0.1953
vn 0.1409 0.9859 -0.0902
vn 0.3396 0.9151 -0.2172
vn 0.1494 0.9859 -0.0752
vn 0.3601 0.9152 -0.1810
vn 0.3769 0.9152 -0.1428
vn 0.1617 0.9859 -0.0429
vn 0.3898 0.9151 -0.1032
vn 0.1652 0.9859 -0.0259
vn 0.3982 0.9152 -0.0624
vn 0.1671 0.9859 -0.0086
vn 0.4026 0.9151 -0.0208
vn 0.1671 0.9859 0.0087
vn 0.4027 0.9151 0.0208
vn 0.1652 0.9859 0.0258
vn 0.3983 0.9152 0.0622
vn 0.1617 0.9859 0.0428
vn 0.1563 0.9859 0.0592
vn 0.3769 0.9152 0.1428
vn 0.1494 0.9859 0.0751
vn 0.3602 0.9151 0.1810
vn 0.1408 0.9859 0.0902
vn 0.3395 0.9152 0.2172
vn 0.1736 0.9780 0.1153
vn 0.3383 0.9133 0.2269
vn 0.8225 0.0003 0.5687
vn 0.8205 0.0003 0.5716
vn 0.8717 0.0003 0.4901
vn 0.8426 0.0003 0.5386
vn 0.8231 0.0003 0.5678
vn 0.8232 0.0003 0.5677
vn 0.8230 0.0005 0.5681
vn 0.8215 0.0000 0.5701
vn 0.8208 0.0004 0.5713
vn 0.8171 0.0002 0.5765
vn 0.8717 0.0003 0.4900
vn 0.8152 0.0001 0.5792
vn 0.8071 0.0003 0.5905
vn 0.7908 0.0002 -0.6120
vn 0.7909 0.0003 -0.6119
vn 0.8717 0.0003 -0.4901
vn 0.8011 0.0005 -0.5985
vn 0.8007 0.0003 -0.5991
vn 0.8052 0.0002 -0.5930
vn 0.8716 0.0003 -0.4902
vn 0.8111 0.0002 -0.5850
vn 0.8171 0.0003 -0.5765
vn 0.8170 -0.0050 -0.5766
vn 0.8175 -0.0015 -0.5759
vn 0.8717 -0.0001 -0.4901
vn 0.8217 -0.0001 -0.5700
vn 0.8224 -0.0002 -0.5689
vn 0.8224 0.0008 -0.5688
vn 0.8232 0.0003 -0.5678
vn 0.8717 0.0003 -0.4900
vn 0.8231 0.0003 -0.5678
vn 0.8425 0.0003 -0.5386
vn 0.7498 0.0004 -0.6616
vn 0.7597 0.0006 -0.6503
vn 0.7908 -0.0001 -0.6121
vn 0.7646 0.0009 -0.6445
vn 0.7754 -0.0007 -0.6314
vn 0.7757 0.0006 -0.6311
vn 0.7875 -0.0001 -0.6164
vn 0.7910 0.0005 -0.6118
vn 0.7896 -0.0001 -0.6137
vn 0.7912 0.0000 -0.6115
vn 0.7877 0.0002 0.6161
vn 0.7830 0.0002 0.6220
vn 0.7908 0.0002 0.6120
vn 0.8065 -0.0005 0.5912
vn 0.8052 -0.0003 0.5930
vn 0.8717 0.0001 0.4901
vn 0.7960 0.0001 0.6053
vn 0.7909 0.0002 0.6119
vn 0.7908 0.0000 0.6121
vn 0.7882 0.0001 0.6155
vn 0.7831 0.0000 0.6219
vn 0.7686 -0.0010 0.6398
vn 0.7910 0.0002 0.6119
vn 0.7651 0.0006 0.6439
vn 0.7498 0.0011 0.6616
vn 0.9338 0.0003 -0.3577
vn 0.8937 0.0004 -0.4487
vn 0.8426 0.0003 -0.5386
vn 0.9334 0.0007 -0.3589
vn 0.9350 0.0003 -0.3547
vn 0.9668 0.0003 -0.2556
vn 0.9760 0.0003 -0.2178
vn 0.9973 0.0003 -0.0731
vn 0.9880 0.0003 -0.1545
vn 0.9760 0.0003 -0.2177
vn 0.9668 0.0003 -0.2557
vn 0.9973 0.0003 -0.0730
vn 0.9987 0.0003 -0.0516
vn 0.9987 0.0003 0.0517
vn 0.9973 0.0003 0.0731
vn 0.9760 0.0003 0.2177
vn 0.9880 0.0003 0.1545
vn 0.9973 0.0003 0.0730
vn 0.9987 0.0003 0.0516
vn 0.9760 0.0003 0.2178
vn 0.9668 0.0003 0.2557
vn 0.9352 0.0003 0.3541
vn 0.9338 0.0003 0.3577
vn 0.9348 0.0003 0.3551
vn 0.9336 0.0003 0.3582
vn 0.8937 0.0004 0.4487
vn 0.4870 0.7263 -0.4851
vn 0.4772 0.7391 -0.4753
vn 0.4772 0.7392 -0.4753
vn 0.2435 0.9385 -0.2446
vn 0.2435 0.9386 -0.2446
vn 0.2247 0.9479 -0.2259
vn 0.3350 0.8805 -0.3355
vn 0.3030 0.9035 -0.3031
vn 0.2505 0.9350 -0.2509
vn 0.2440 0.9387 -0.2436
vn 0.2254 0.9480 -0.2247
vn 0.4770 0.7380 -0.4774
vn 0.4770 0.7385 -0.4766
vn 0.4014 0.8230 -0.4020
vn 0.3992 0.8254 -0.3992
vn 0.3348 0.8805 -0.3355
vn 0.3348 0.8809 -0.3347
vn 0.3028 0.9038 -0.3025
vn 0.6970 0.1683 -0.6970
vn 0.6866 0.2391 -0.6866
vn 0.6864 0.2392 -0.6867
vn 0.6969 0.1683 -0.6972
vn 0.6673 0.3299 -0.6677
vn 0.6968 0.1692 -0.6971
vn 0.6705 0.3228 -0.6680
vn 0.6674 0.3299 -0.6676
vn 0.6682 0.3318 -0.6658
vn 0.6260 0.4647 -0.6262
vn 0.6256 0.4658 -0.6258
vn 0.5899 0.5509 -0.5903
vn 0.5903 0.5509 -0.5900
vn 0.5289 0.6633 -0.5295
vn 0.5609 0.6093 -0.5605
vn 0.4766 0.7382 -0.4773
vn 0.4952 0.7127 -0.4968
vn 0.4850 0.7256 -0.4881
vn 0.6874 0.2400 -0.6855
vn 0.7044 0.0899 -0.7041
vn 0.7042 0.0892 -0.7044
vn 0.7075 0.0003 -0.7067
vn 0.7070 -0.0004 -0.7072
vn -0.6675 0.3300 0.6675
vn -0.6895 0.2221 0.6894
vn -0.6866 0.2390 0.6866
vn -0.7046 0.0895 0.7039
vn -0.7043 0.0893 0.7043
vn -0.7062 0.0591 0.7056
vn -0.7072 0.0003 0.7071
vn -0.7070 -0.0006 0.7073
vn -0.5905 0.5505 0.5901
vn -0.6001 0.5295 0.5996
vn -0.6263 0.4644 0.6262
vn -0.6543 0.3800 0.6538
vn -0.6674 0.3297 0.6677
vn -0.6675 0.3308 0.6671
vn -0.6896 0.2219 0.6894
vn -0.4773 0.7378 0.4773
vn -0.4975 0.7109 0.4971
vn -0.5294 0.6631 0.5292
vn -0.5287 0.6642 0.5285
vn -0.5904 0.5510 0.5899
vn -0.5900 0.5502 0.5909
vn -0.5991 0.5290 0.6010
vn -0.1732 0.9697 0.1724
vn -0.2445 0.9383 0.2445
vn -0.2510 0.9350 0.2505
vn -0.3352 0.8804 0.3354
vn -0.3353 0.8805 0.3350
vn -0.3535 0.8660 0.3536
vn -0.4018 0.8229 0.4017
vn -0.4466 0.7755 0.4463
vn -0.4774 0.7378 0.4773
vn -0.4774 0.7380 0.4769
vn -0.4973 0.7114 0.4966
vn -0.2450 0.9382 0.2444
vn -0.2447 0.9383 0.2443
vn -0.1731 0.9697 0.1726
vn -0.1731 0.9696 0.1729
vn -0.1242 0.9845 0.1237
vn -0.0855 0.9927 0.0851
vn -0.0059 1.0000 0.0055
vn 0.2251 0.9478 -0.2256
vn 0.1724 0.9698 -0.1727
vn 0.1725 0.9697 -0.1729
vn 0.1128 0.9872 -0.1125
vn 0.0849 0.9927 -0.0851
vn 0.0725 0.9947 -0.0730
vn -0.0007 1.0000 -0.0001
vn -0.0065 1.0000 0.0058
vn -0.6941 -0.0002 -0.7199
vn 0.7667 0.0016 0.6420
vn 0.7759 0.0013 0.6308
vn 0.8340 0.0007 0.5517
vn 0.7895 0.0002 0.6137
vn 0.7909 -0.0000 0.6119
vn 0.7904 0.0001 0.6125
vn 0.8005 0.0001 0.5993
vn 0.8339 0.0003 0.5519
vn 0.8071 0.0009 0.5905
vn 0.8089 0.0013 0.5880
vn 0.8098 0.0000 0.5867
vn 0.8160 0.0007 0.5780
vn 0.8340 0.0002 0.5517
vn 0.8178 0.0005 0.5755
vn 0.8202 0.0004 0.5721
vn 0.8220 -0.0003 0.5695
vn 0.8217 -0.0003 0.5699
vn 0.8339 0.0002 0.5519
vn 0.8189 0.0003 0.5740
vn 0.8168 -0.0001 0.5769
vn 0.8180 0.0004 0.5752
vn 0.8137 0.0003 0.5813
vn 0.8340 0.0003 0.5517
vn 0.8075 0.0003 0.5899
vn 0.8054 0.0003 0.5928
vn 0.8052 0.0003 0.5931
vn 0.7943 0.0004 0.6076
vn 0.8340 0.0003 0.5518
vn 0.7903 0.0003 0.6128
vn 0.7813 0.0002 0.6242
vn 0.7497 0.0003 0.6618
vn 0.7448 0.0003 0.6673
vn 0.7668 0.0006 0.6418
vn 0.7677 0.0007 0.6408
vn 0.7813 0.0002 0.6241
vn 0.8205 -0.0001 0.5716
vn 0.8218 0.0003 0.5698
vn 0.9054 0.0003 0.4245
vn 0.9576 0.0003 0.2881
vn 0.9893 0.0003 0.1456
vn 0.9893 0.0003 -0.1456
vn 0.9576 0.0003 -0.2881
vn 0.9054 0.0003 -0.4245
vn 0.8340 0.0003 -0.5518
vn 0.8340 0.0002 -0.5517
vn 0.7493 0.0001 -0.6623
vn 0.7448 0.0003 -0.6673
vn 0.7461 0.0003 -0.6658
vn 0.6758 0.0002 -0.7370
vn 0.6847 0.0002 -0.7288
vn 0.7071 0.0008 -0.7071
vn 0.7094 0.0014 -0.7048
vn 0.7269 0.0002 -0.6868
vn 0.7448 0.0002 -0.6673
vn 0.7371 0.0002 -0.6758
vn 0.7449 0.0002 -0.6671
vn -0.4572 -0.0002 -0.8893
vn -0.4572 -0.0001 -0.8893
vn -0.3229 -0.0001 -0.9464
vn -0.1816 -0.0001 -0.9834
vn -0.0365 -0.0000 -0.9993
vn 0.1094 0.0000 -0.9940
vn 0.2529 0.0001 -0.9675
vn 0.3911 0.0001 -0.9203
vn 0.5209 0.0002 -0.8536
vn 0.6397 0.0002 -0.7687
vn 0.6396 0.0002 -0.7687
vn 0.6623 0.0002 -0.7493
vn 0.6758 0.0001 -0.7371
vn -0.5819 -0.0002 -0.8133
vn -0.5818 -0.0004 -0.8133
vn -0.4572 -0.0011 -0.8894
vn -0.5776 -0.0004 -0.8163
vn -0.5704 0.0000 -0.8214
vn -0.5741 0.0000 -0.8188
vn -0.4573 0.0001 -0.8893
vn -0.5774 0.0002 -0.8164
vn -0.5752 -0.0002 -0.8180
vn -0.4572 -0.0001 -0.8894
vn -0.5720 -0.0002 -0.8203
vn -0.5699 -0.0002 -0.8217
vn -0.5700 -0.0008 -0.8217
vn -0.5894 -0.0004 -0.8078
vn -0.5925 -0.0004 -0.8056
vn -0.5813 -0.0004 -0.8137
vn -0.5745 0.0007 -0.8185
vn -0.5755 0.0003 -0.8178
vn -0.4573 -0.0002 -0.8893
vn -0.5813 -0.0003 -0.8137
vn -0.5819 0.0003 -0.8133
vn -0.5817 -0.0001 -0.8134
vn -0.5900 -0.0001 -0.8074
vn -0.5931 -0.0001 -0.8051
vn -0.6075 -0.0001 -0.7943
vn -0.5818 -0.0001 -0.8133
vn -0.6126 -0.0001 -0.7904
vn -0.6241 -0.0002 -0.7813
vn -0.6241 -0.0004 -0.7813
vn -0.6390 0.0043 -0.7692
vn -0.5818 -0.0000 -0.8133
vn -0.6416 0.0014 -0.7670
vn -0.6622 -0.0017 -0.7494
vn -0.6615 -0.0026 -0.7500
vn -0.6658 -0.0018 -0.7461
vn -0.7227 0.0180 -0.6909
vn -0.7187 0.0168 -0.6952
vn -0.7329 0.0194 -0.6801
vn -0.7504 -0.0008 -0.6610
vn -0.7463 -0.0008 -0.6656
vn -0.7633 -0.0008 -0.6461
vn -0.7492 -0.0001 -0.6623
vn -0.7621 0.0001 -0.6475
vn -0.7914 -0.0000 -0.6113
vn -0.7667 0.0005 -0.6420
vn -0.7786 -0.0001 -0.6276
vn -0.7082 0.0026 -0.7060
vn -0.7073 0.0026 -0.7070
vn -0.7073 0.0027 -0.7069
vn -0.6669 0.0006 -0.7452
vn -0.6621 0.0003 -0.7494
vn -0.6757 -0.0029 -0.7372
vn -0.6728 -0.0009 -0.7398
vn -0.6875 0.0010 -0.7262
vn -0.6855 0.0007 -0.7281
vn -0.6950 0.0010 -0.7190
vn -0.6946 0.0006 -0.7194
vn -0.7063 0.0024 -0.7079
vn -0.7046 0.0013 -0.7096
vn -0.7055 0.0042 -0.7087
vn -0.7352 -0.0016 -0.6779
vn -0.7279 -0.0006 -0.6856
vn -0.7494 0.0018 -0.6621
vn -0.7392 0.0012 -0.6734
vn -0.7461 0.0035 -0.6658
vn -0.7378 -0.0010 -0.6750
vn -0.7286 0.0005 -0.6849
vn -0.7292 -0.0002 -0.6843
vn -0.7077 0.0000 -0.7065
vn -0.7373 -0.0276 -0.6750
vn -0.7067 0.0000 -0.7075
vn -0.7787 -0.0003 -0.6274
vn -0.7901 -0.0001 -0.6129
vn -0.7916 -0.0005 -0.6111
vn -0.7909 0.0025 -0.6119
vn -0.8720 -0.0004 -0.4894
vn -0.7912 0.0053 -0.6115
vn -0.8026 -0.0005 -0.5965
vn -0.8029 -0.0000 -0.5961
vn -0.8074 0.0001 -0.5901
vn -0.8721 -0.0002 -0.4893
vn -0.8113 -0.0002 -0.5846
vn -0.8177 -0.0005 -0.5756
vn -0.8171 0.0009 -0.5765
vn -0.8178 0.0000 -0.5755
vn -0.8720 -0.0002 -0.4895
vn -0.8212 -0.0002 -0.5706
vn -0.8216 -0.0001 -0.5700
vn -0.8217 0.0000 -0.5700
vn -0.8195 0.0000 -0.5731
vn -0.8721 0.0000 -0.4893
vn -0.8192 0.0011 -0.5735
vn -0.8178 0.0007 -0.5755
vn -0.8720 -0.0002 -0.4894
vn -0.8147 -0.0005 -0.5798
vn -0.8077 -0.0002 -0.5896
vn -0.7059 -0.0003 0.7084
vn -0.7069 -0.0001 0.7073
vn -0.6940 -0.0002 0.7199
vn -0.7269 -0.0003 0.6867
vn -0.7371 -0.0003 0.6757
vn -0.8212 -0.0011 -0.5707
vn -0.8216 -0.0005 -0.5701
vn -0.8720 -0.0003 -0.4894
vn -0.9340 -0.0003 -0.3572
vn -0.9761 -0.0003 -0.2174
vn -0.9973 -0.0003 -0.0730
vn -0.9973 -0.0003 0.0730
vn -0.9761 -0.0003 0.2174
vn -0.9340 -0.0003 0.3572
vn -0.8720 -0.0003 0.4894
vn -0.7915 -0.0003 0.6112
vn -0.7492 -0.0002 0.6624
vn -0.6941 -0.0002 0.7199
vn -0.7461 -0.0002 0.6658
vn -0.7372 -0.0001 0.6757
vn -0.6757 -0.0002 0.7372
vn -0.6847 -0.0002 0.7288
vn -0.6942 -0.0002 0.7198
vn -0.7061 -0.0003 0.7081
vn 0.6130 0.0004 0.7901
vn 0.6107 0.0002 0.7919
vn 0.5210 0.0001 0.8536
vn 0.5964 0.0002 0.8027
vn 0.5898 0.0002 0.8076
vn 0.5901 0.0001 0.8074
vn 0.5846 0.0002 0.8113
vn 0.5210 0.0002 0.8535
vn 0.5761 -0.0001 0.8174
vn 0.5756 -0.0002 0.8178
vn 0.5701 -0.0006 0.8216
vn 0.5699 -0.0006 0.8217
vn 0.5208 -0.0006 0.8537
vn 0.5703 0.0004 0.8214
vn 0.5209 0.0004 0.8536
vn 0.5707 0.0004 0.8211
vn 0.5753 0.0001 0.8180
vn 0.5708 0.0002 0.8211
vn 0.5210 0.0002 0.8536
vn 0.3911 0.0001 0.9203
vn 0.2529 0.0001 0.9675
vn 0.1094 0.0000 0.9940
vn -0.0365 -0.0000 0.9993
vn -0.1816 -0.0001 0.9834
vn -0.3229 -0.0001 0.9464
vn -0.4572 -0.0002 0.8893
vn -0.5819 -0.0002 0.8133
vn -0.5818 -0.0002 0.8133
vn -0.6623 -0.0002 0.7492
vn -0.6760 -0.0002 0.7369
vn 0.5702 0.0004 0.8215
vn 0.5733 0.0003 0.8194
vn 0.5752 -0.0000 0.8180
vn 0.5800 0.0000 0.8146
vn 0.5798 0.0001 0.8147
vn 0.5879 -0.0003 0.8089
vn 0.5874 -0.0003 0.8093
vn 0.6046 0.0004 0.7965
vn 0.6046 0.0001 0.7965
vn 0.6129 0.0006 0.7902
vn 0.5209 0.0002 0.8536
vn 0.6210 0.0003 0.7838
vn 0.6397 0.0001 0.7687
vn 0.6394 0.0001 0.7689
vn 0.6409 0.0002 0.7676
vn 0.7675 0.0007 0.6410
vn 0.8342 -0.0003 0.5515
vn 0.7609 -0.0005 0.6489
vn 0.7498 0.0033 0.6617
vn 0.7455 0.0007 0.6666
vn 0.7454 -0.0000 0.6666
vn 0.7412 0.0002 0.6713
vn 0.7218 -0.0006 0.6921
vn 0.7083 -0.0006 0.7059
vn 0.7072 0.0013 0.7070
vn 0.7076 0.0011 0.7067
vn 0.7023 0.0014 0.7119
vn 0.6859 -0.0019 0.7277
vn 0.6806 0.0028 0.7326
vn 0.6766 0.0027 0.7364
vn 0.6737 0.0020 0.7390
vn 0.6650 0.0004 0.7469
vn 0.6573 0.0002 0.7536
vn 0.7421 -0.0028 0.6703
vn 0.7450 0.0015 0.6671
vn 0.7390 0.0031 0.6737
vn 0.7372 0.0001 0.6757
vn 0.7205 -0.0039 0.6934
vn 0.7299 0.0004 0.6836
vn 0.7065 -0.0044 0.7077
vn 0.6386 -0.0005 0.7695
vn 0.6408 -0.0003 0.7677
vn 0.6396 0.0001 0.7687
vn 0.6580 0.0006 0.7530
vn 0.6635 0.0050 0.7481
vn 0.6675 0.0063 0.7446
vn -0.6708 -0.0030 -0.7416
vn -0.5818 -0.0003 -0.8133
vn -0.6739 -0.0010 -0.7388
vn -0.6916 -0.0003 -0.7223
vn -0.6931 -0.0004 -0.7208
vn -0.6705 -0.0001 -0.7419
vn -0.6488 -0.0002 -0.7609
vn -0.5818 -0.0002 -0.8133
vn -0.6415 -0.0003 -0.7671
vn -0.6307 -0.0004 -0.7760
vn -0.6305 0.0000 -0.7762
vn -0.6142 -0.0010 -0.7892
vn -0.6126 -0.0006 -0.7904
vn -0.5993 -0.0001 -0.8005
vn -0.5992 -0.0002 -0.8006
vn -0.5902 -0.0003 -0.8073
vn -0.5870 -0.0002 -0.8096
vn -0.5818 -0.0002 -0.8134
vn -0.7903 -0.0002 -0.6128
vn -0.7838 -0.0002 -0.6210
vn -0.7915 -0.0002 -0.6112
vn -0.8077 0.0024 -0.5896
vn -0.8075 0.0013 -0.5899
vn -0.8721 -0.0003 -0.4894
vn -0.7966 -0.0003 -0.6045
vn -0.7913 -0.0002 -0.6115
vn -0.7899 -0.0002 -0.6132
vn -0.7838 -0.0003 -0.6210
vn -0.7692 0.0001 -0.6390
vn -0.7915 -0.0002 -0.6111
vn -0.7672 0.0003 -0.6414
vn -0.7530 -0.0002 -0.6580
vn -0.7528 -0.0007 -0.6582
vn -0.7394 0.0006 -0.6733
vn -0.7332 0.0002 -0.6800
vn -0.7122 -0.0001 -0.7020
vn -0.7072 0.0001 -0.7070
vn 0.7497 0.0001 0.6618
vn 0.7447 0.0001 0.6674
vn 0.7447 0.0002 0.6674
vn 0.7387 0.0003 0.6740
vn 0.7294 0.0003 0.6841
vn 0.6888 -0.0003 0.7249
vn 0.6397 0.0002 0.7686
vn 0.7083 0.0019 0.7059
vn 0.7294 -0.0000 0.6841
vn 0.6885 0.0004 0.7252
vn 0.6739 0.0004 0.7388
vn 0.6397 0.0003 0.7686
vn 0.6670 0.0003 0.7451
vn 0.6473 0.0003 0.7622
vn 0.6473 0.0003 0.7623
vn 0.6413 0.0003 0.7673
vn 0.6396 0.0002 0.7687
vn 0.5209 0.0003 0.8536
vn 0.6275 0.0003 0.7786
vn 0.6123 0.0005 0.7906
vn -0.4868 0.7237 0.4892
vn -0.4772 0.7365 0.4795
vn -0.4772 0.7364 0.4796
vn -0.3356 0.8805 0.3349
vn -0.3035 0.9034 0.3030
vn -0.2512 0.9349 0.2508
vn -0.2444 0.9385 0.2440
vn -0.1733 0.9695 0.1732
vn -0.2444 0.9386 0.2433
vn -0.2444 0.9386 0.2434
vn -0.2257 0.9479 0.2246
vn -0.4774 0.7380 0.4768
vn -0.4775 0.7378 0.4771
vn -0.4020 0.8229 0.4016
vn -0.3997 0.8251 0.3994
vn -0.3354 0.8804 0.3353
vn -0.3353 0.8805 0.3351
vn -0.3035 0.9032 0.3035
vn -0.7044 0.0895 0.7041
vn -0.6972 0.1683 0.6968
vn -0.6868 0.2392 0.6864
vn -0.6677 0.3300 0.6673
vn -0.6970 0.1681 0.6971
vn -0.6697 0.3217 0.6693
vn -0.6675 0.3299 0.6675
vn -0.6676 0.3309 0.6670
vn -0.6260 0.4657 0.6255
vn -0.5904 0.5504 0.5904
vn -0.5904 0.5509 0.5899
vn -0.5295 0.6629 0.5293
vn -0.5608 0.6091 0.5608
vn -0.4774 0.7379 0.4770
vn -0.4969 0.7121 0.4960
vn -0.4882 0.7247 0.4862
vn -0.6876 0.2389 0.6856
vn -0.7044 0.0893 0.7042
vn -0.7043 0.0892 0.7043
vn 0.6675 0.3301 -0.6674
vn 0.6893 0.2224 -0.6895
vn 0.6866 0.2396 -0.6864
vn 0.7039 0.0896 -0.7047
vn 0.7044 0.0897 -0.7041
vn 0.7053 0.0593 -0.7065
vn 0.7074 -0.0001 -0.7068
vn 0.7066 0.0001 -0.7076
vn 0.5898 0.5515 -0.5899
vn 0.5998 0.5298 -0.5997
vn 0.6258 0.4651 -0.6261
vn 0.6541 0.3797 -0.6542
vn 0.6672 0.3302 -0.6677
vn 0.6672 0.3307 -0.6674
vn 0.6894 0.2228 -0.6893
vn 0.4970 0.7112 -0.4972
vn 0.5291 0.6634 -0.5292
vn 0.5282 0.6645 -0.5285
vn 0.5900 0.5510 -0.5901
vn 0.5899 0.5513 -0.5900
vn 0.5994 0.5307 -0.5992
vn 0.1722 0.9698 -0.1728
vn 0.2174 0.9514 -0.2181
vn 0.2437 0.9386 -0.2442
vn 0.2435 0.9387 -0.2443
vn 0.2440 0.9385 -0.2441
vn 0.2503 0.9351 -0.2508
vn 0.3348 0.8806 -0.3353
vn 0.3349 0.8807 -0.3350
vn 0.3530 0.8661 -0.3538
vn 0.4014 0.8232 -0.4015
vn 0.4458 0.7761 -0.4459
vn 0.4768 0.7382 -0.4772
vn 0.4970 0.7103 -0.4985
vn -0.0002 1.0000 -0.0003
vn 0.0052 1.0000 -0.0055
vn 0.0849 0.9927 -0.0854
vn 0.1236 0.9846 -0.1240
vn 0.2179 0.9513 -0.2179
vn -0.2438 0.9386 0.2441
vn -0.2259 0.9477 0.2256
vn -0.1732 0.9696 0.1727
vn -0.1731 0.9696 0.1730
vn -0.0856 0.9927 0.0850
vn -0.1131 0.9871 0.1132
vn -0.0004 1.0000 -0.0004
vn 0.0001 1.0000 0.0017
vn 0.0061 1.0000 -0.0024
vn -0.7876 -0.0006 -0.6162
vn -0.7829 -0.0006 -0.6222
vn -0.7907 -0.0006 -0.6122
vn -0.7831 -0.0008 -0.6219
vn -0.7678 -0.0011 -0.6407
vn -0.7909 -0.0003 -0.6120
vn -0.7647 0.0008 -0.6443
vn -0.7497 0.0014 -0.6618
vn -0.8224 -0.0002 -0.5689
vn -0.8205 -0.0002 -0.5717
vn -0.8716 -0.0002 -0.4902
vn -0.8426 -0.0002 -0.5386
vn -0.8231 -0.0002 -0.5678
vn -0.8426 -0.0003 -0.5386
vn -0.8232 -0.0003 -0.5678
vn -0.8717 -0.0003 -0.4900
vn -0.8229 -0.0007 -0.5682
vn -0.8226 -0.0007 -0.5686
vn -0.8205 -0.0002 -0.5716
vn -0.8169 -0.0001 -0.5767
vn -0.8717 -0.0003 -0.4901
vn -0.8152 -0.0002 -0.5791
vn -0.8071 -0.0005 -0.5904
vn -0.8077 -0.0006 -0.5896
vn -0.8057 -0.0005 -0.5924
vn -0.8717 -0.0002 -0.4901
vn -0.7960 -0.0003 -0.6053
vn -0.7909 -0.0001 -0.6119
vn -0.7910 -0.0003 -0.6119
vn -0.7879 0.0001 -0.6158
vn -0.7909 -0.0002 0.6120
vn -0.7909 -0.0003 0.6120
vn -0.8717 -0.0003 0.4901
vn -0.8010 -0.0003 0.5986
vn -0.8012 0.0002 0.5984
vn -0.8054 -0.0000 0.5927
vn -0.8717 -0.0002 0.4900
vn -0.8110 -0.0003 0.5850
vn -0.8171 -0.0002 0.5765
vn -0.8186 0.0008 0.5744
vn -0.8180 -0.0002 0.5752
vn -0.8717 -0.0005 0.4900
vn -0.8218 -0.0003 0.5698
vn -0.8225 -0.0002 0.5687
vn -0.8222 -0.0005 0.5692
vn -0.8231 -0.0003 0.5678
vn -0.8425 -0.0003 0.5386
vn -0.7498 0.0013 0.6616
vn -0.7598 0.0013 0.6502
vn -0.7909 -0.0001 0.6119
vn -0.7650 0.0008 0.6441
vn -0.7755 -0.0010 0.6314
vn -0.7755 -0.0003 0.6313
vn -0.7874 -0.0002 0.6164
vn -0.7908 -0.0003 0.6121
vn -0.7895 -0.0000 0.6137
vn -0.7912 0.0000 0.6116
vn -0.9338 -0.0003 0.3577
vn -0.8937 -0.0002 0.4487
vn -0.8426 -0.0003 0.5386
vn -0.9340 0.0001 0.3574
vn -0.9353 -0.0003 0.3540
vn -0.9338 -0.0003 0.3578
vn -0.9668 -0.0003 0.2556
vn -0.9760 -0.0003 0.2178
vn -0.9973 -0.0003 0.0731
vn -0.9880 -0.0003 0.1545
vn -0.9668 -0.0003 0.2557
vn -0.9973 -0.0004 0.0730
vn -0.9987 -0.0004 0.0516
vn -0.9987 -0.0003 -0.0517
vn -0.9973 -0.0003 -0.0731
vn -0.9760 -0.0003 -0.2178
vn -0.9880 -0.0003 -0.1545
vn -0.9987 -0.0004 -0.0516
vn -0.9668 -0.0003 -0.2557
vn -0.9352 -0.0003 -0.3541
vn -0.9338 -0.0003 -0.3578
vn -0.9354 -0.0003 -0.3537
vn -0.9339 -0.0003 -0.3575
vn -0.8937 -0.0002 -0.4486
vn -0.8425 -0.0003 -0.5387
vn -0.8172 0.1200 -0.5637
vn -0.8230 -0.0011 -0.5680
vn -0.8424 -0.0011 -0.5388
vn -0.7708 0.4032 -0.4933
vn -0.7541 0.4031 -0.5185
vn -0.7780 0.3280 -0.5358
vn -0.6651 0.6138 -0.4253
vn -0.6518 0.6139 -0.4453
vn -0.7036 0.5221 -0.4821
vn -0.5183 0.7885 -0.3312
vn -0.5091 0.7886 -0.3449
vn -0.6042 0.6823 -0.4117
vn -0.3400 0.9151 -0.2169
vn -0.3388 0.9131 -0.2268
vn -0.4801 0.8150 -0.3245
vn -0.1417 0.9859 -0.0895
vn -0.1403 0.9858 -0.0919
vn -0.1744 0.9780 -0.1147
vn -0.0001 1.0000 -0.0004
vn -0.1398 0.9858 -0.0930
vn -0.2920 0.9361 0.1959
vn -0.1396 0.9859 0.0928
vn -0.1413 0.9858 0.0906
vn -0.1196 0.9897 0.0781
vn -0.1403 0.9858 -0.0927
vn -0.1415 0.9858 -0.0902
vn -0.1500 0.9858 -0.0750
vn -0.1570 0.9858 -0.0595
vn -0.1623 0.9858 -0.0428
vn -0.1655 0.9859 -0.0258
vn -0.1676 0.9858 -0.0087
vn -0.1677 0.9858 0.0086
vn -0.1655 0.9859 0.0258
vn -0.1623 0.9858 0.0429
vn -0.1570 0.9858 0.0594
vn -0.1501 0.9858 0.0751
vn -0.1415 0.9858 0.0904
vn -0.1192 0.9897 0.0789
vn -0.4403 0.8475 0.2965
vn -0.3350 0.9149 0.2252
vn -0.3400 0.9149 0.2176
vn -0.2924 0.9356 0.1977
vn -0.5675 0.7274 0.3857
vn -0.5094 0.7883 0.3450
vn -0.5185 0.7883 0.3312
vn -0.4410 0.8469 0.2973
vn -0.6776 0.5708 0.4637
vn -0.6515 0.6142 0.4452
vn -0.6647 0.6145 0.4250
vn -0.5670 0.7279 0.3857
vn -0.7597 0.3870 0.5226
vn -0.7540 0.4035 0.5183
vn -0.7710 0.4031 0.4930
vn -0.6775 0.5709 0.4636
vn -0.8121 0.1677 0.5589
vn -0.8053 0.2101 0.5544
vn -0.8308 0.1672 0.5308
vn -0.7604 0.3858 0.5225
vn -0.8232 -0.0011 0.5678
vn -0.8118 0.1671 0.5595
vn -0.8426 -0.0002 0.5386
vn -0.8307 0.1675 0.5310
vn -0.8811 0.1669 0.4425
vn -0.8936 -0.0009 0.4488
vn -0.8937 -0.0004 0.4487
vn -0.8811 0.1672 0.4424
vn -0.9339 -0.0001 0.3574
vn -0.9221 0.1674 0.3490
vn -0.9353 -0.0003 0.3538
vn -0.9531 0.1671 0.2522
vn -0.9667 -0.0005 0.2558
vn -0.9973 0.0004 -0.0730
vn -0.9987 0.0003 -0.0517
vn -0.9845 0.1677 -0.0509
vn -0.9987 0.0001 0.0517
vn -0.9846 0.1674 0.0509
vn -0.9741 0.1672 0.1524
vn -0.9880 -0.0003 0.1546
vn -0.9533 0.1667 0.2520
vn -0.9760 -0.0001 0.2178
vn -0.9668 -0.0011 0.2556
vn -0.9973 -0.0004 -0.0731
vn -0.9846 0.1673 -0.0510
vn -0.9880 0.0001 -0.1545
vn -0.9740 0.1676 -0.1523
vn -0.9532 0.1670 -0.2520
vn -0.9668 -0.0007 -0.2556
vn -0.9220 0.1673 -0.3492
vn -0.9351 -0.0003 -0.3543
vn -0.9354 0.0004 -0.3535
vn -0.9220 0.1678 -0.3489
vn -0.9339 0.0003 -0.3574
vn -0.8811 0.1672 -0.4424
vn -0.8936 -0.0005 -0.4488
vn -0.8115 0.1674 -0.5599
vn -0.8170 0.1211 -0.5638
vn -0.8307 0.1672 -0.5310
vn -0.8426 -0.0004 -0.5386
vn -0.8810 0.1680 -0.4423
vn -0.8717 -0.0002 -0.4900
vn -0.8937 0.0008 -0.4487
vn -0.7602 0.3857 0.5227
vn -0.7711 0.4028 0.4931
vn -0.8306 0.1671 0.5312
vn -0.8178 0.4031 0.4107
vn -0.8811 0.1672 0.4425
vn -0.8559 0.4030 0.3241
vn -0.9221 0.1670 0.3491
vn -0.8849 0.4028 0.2340
vn -0.9532 0.1669 0.2521
vn -0.9043 0.4028 0.1413
vn -0.9741 0.1670 0.1523
vn -0.9140 0.4030 0.0473
vn -0.9846 0.1672 0.0510
vn -0.9140 0.4029 -0.0473
vn -0.9846 0.1671 -0.0510
vn -0.9043 0.4029 -0.1414
vn -0.9741 0.1670 -0.1524
vn -0.8847 0.4031 -0.2340
vn -0.9531 0.1673 -0.2521
vn -0.8560 0.4028 -0.3240
vn -0.9221 0.1670 -0.3491
vn -0.8180 0.4029 -0.4107
vn -0.8811 0.1671 -0.4425
vn -0.7712 0.4029 -0.4929
vn -0.8307 0.1671 -0.5310
vn -0.7785 0.3278 -0.5352
vn -0.8120 0.1672 -0.5593
vn -0.6775 0.5710 0.4637
vn -0.6648 0.6145 0.4248
vn -0.7711 0.4031 0.4928
vn -0.7052 0.6144 0.3539
vn -0.8179 0.4030 0.4106
vn -0.7377 0.6147 0.2792
vn -0.8558 0.4034 0.3239
vn -0.7628 0.6143 0.2017
vn -0.8848 0.4029 0.2339
vn -0.7795 0.6145 0.1218
vn -0.9042 0.4031 0.1413
vn -0.7879 0.6144 0.0407
vn -0.7878 0.6146 -0.0407
vn -0.9139 0.4032 -0.0472
vn -0.7794 0.6145 -0.1218
vn -0.9042 0.4031 -0.1414
vn -0.7629 0.6142 -0.2017
vn -0.8849 0.4028 -0.2340
vn -0.7378 0.6146 -0.2793
vn -0.8558 0.4032 -0.3240
vn -0.7051 0.6146 -0.3538
vn -0.8179 0.4031 -0.4105
vn -0.6648 0.6145 -0.4246
vn -0.7711 0.4031 -0.4928
vn -0.7032 0.5229 -0.4818
vn -0.7542 0.4030 -0.5185
vn -0.5670 0.7280 0.3854
vn -0.5180 0.7888 0.3309
vn -0.6647 0.6146 0.4248
vn -0.5496 0.7885 0.2760
vn -0.7052 0.6143 0.3541
vn -0.5753 0.7885 0.2177
vn -0.7380 0.6143 0.2793
vn -0.5944 0.7886 0.1572
vn -0.7627 0.6145 0.2017
vn -0.6075 0.7886 0.0950
vn -0.7795 0.6145 0.1219
vn -0.6143 0.7885 0.0318
vn -0.7880 0.6143 0.0407
vn -0.6140 0.7887 -0.0318
vn -0.7878 0.6145 -0.0408
vn -0.6076 0.7885 -0.0949
vn -0.7796 0.6144 -0.1218
vn -0.5944 0.7887 -0.1570
vn -0.7627 0.6146 -0.2016
vn -0.5750 0.7886 -0.2177
vn -0.7378 0.6144 -0.2794
vn -0.5496 0.7886 -0.2758
vn -0.7052 0.6144 -0.3540
vn -0.5181 0.7887 -0.3311
vn -0.6647 0.6146 -0.4249
vn -0.6038 0.6828 -0.4114
vn -0.6511 0.6148 -0.4450
vn -0.4405 0.8472 0.2970
vn -0.3400 0.9150 0.2172
vn -0.5181 0.7887 0.3310
vn -0.3609 0.9149 0.1811
vn -0.5497 0.7885 0.2759
vn -0.3774 0.9150 0.1428
vn -0.5751 0.7886 0.2176
vn -0.3903 0.9149 0.1031
vn -0.5946 0.7885 0.1571
vn -0.3986 0.9150 0.0624
vn -0.4032 0.9149 0.0209
vn -0.4030 0.9149 -0.0209
vn -0.6141 0.7886 -0.0318
vn -0.3988 0.9149 -0.0623
vn -0.6076 0.7885 -0.0950
vn -0.3902 0.9149 -0.1030
vn -0.5945 0.7886 -0.1571
vn -0.3774 0.9150 -0.1428
vn -0.5751 0.7886 -0.2177
vn -0.3608 0.9149 -0.1809
vn -0.5497 0.7886 -0.2758
vn -0.3402 0.9149 -0.2173
vn -0.5182 0.7885 -0.3311
vn -0.4806 0.8146 -0.3247
vn -0.5094 0.7885 -0.3446
vn -0.2922 0.9363 0.1949
vn -0.1415 0.9858 0.0903
vn -0.3401 0.9150 0.2172
vn -0.1499 0.9858 0.0751
vn -0.3606 0.9150 0.1809
vn -0.1570 0.9858 0.0592
vn -0.3776 0.9149 0.1428
vn -0.1622 0.9858 0.0428
vn -0.3902 0.9150 0.1031
vn -0.1660 0.9858 0.0259
vn -0.3990 0.9148 0.0623
vn -0.1675 0.9858 0.0086
vn -0.4030 0.9150 0.0208
vn -0.1676 0.9858 -0.0086
vn -0.4031 0.9149 -0.0208
vn -0.1660 0.9858 -0.0259
vn -0.3989 0.9149 -0.0624
vn -0.1622 0.9858 -0.0430
vn -0.3902 0.9149 -0.1032
vn -0.1570 0.9858 -0.0592
vn -0.3775 0.9150 -0.1427
vn -0.1499 0.9858 -0.0752
vn -0.3607 0.9150 -0.1810
vn -0.1414 0.9859 -0.0898
vn -0.3402 0.9150 -0.2170
vn -0.1743 0.9780 -0.1150
vn -0.3391 0.9129 -0.2273
vn 0.7074 0.0005 0.7068
vn 0.7097 0.0006 0.7045
vn 0.7080 0.0004 0.7062
vn 0.7072 0.0003 0.7071
vn 0.7070 0.0004 0.7072
vn 0.7068 0.0006 0.7074
vn 0.7066 0.0006 0.7076
vn 0.7070 -0.0005 0.7072
vn 0.7070 -0.0003 0.7072
vn 0.7069 -0.0001 0.7073
vn 0.7069 -0.0004 0.7073
vn 0.7070 -0.0011 0.7073
vn 0.7074 0.0006 0.7069
vn 0.7070 -0.0001 0.7072
vn 0.7077 -0.0003 -0.7065
vn 0.7073 -0.0003 -0.7069
vn 0.7072 -0.0002 -0.7070
vn 0.7068 0.0000 -0.7074
vn 0.7074 0.0003 -0.7068
vn 0.7071 -0.0004 -0.7071
vn 0.7068 0.0005 -0.7074
vn 0.7069 0.0005 -0.7074
vn 0.7068 0.0006 -0.7074
vn 0.7071 0.0007 -0.7071
vn 0.7070 0.0004 -0.7072
vn 0.7070 0.0006 -0.7072
vn 0.7070 -0.0001 -0.7072
vn 0.7072 0.0005 -0.7070
vn 0.7072 0.0003 -0.7070
vn 0.7065 -0.0007 -0.7077
vn 0.7055 -0.0019 -0.7087
vn 0.0125 0.9966 0.0814
vn 0.0214 0.9892 0.1453
vn 0.0242 0.9863 0.1630
vn -0.4901 -0.0002 0.8717
vn -0.4487 -0.0002 0.8937
vn -0.4425 0.1674 0.8810
vn -0.3576 -0.0003 0.9339
vn -0.3540 -0.0003 0.9353
vn -0.3490 0.1673 0.9221
vn -0.0730 -0.0000 0.9973
vn -0.0517 -0.0000 0.9987
vn -0.0510 0.1675 0.9846
vn 0.2177 -0.0000 0.9760
vn 0.2556 0.0000 0.9668
vn 0.2520 0.1675 0.9531
vn 0.3578 0.0004 0.9338
vn 0.4488 0.0004 0.8936
vn 0.4424 0.1679 0.8810
vn 0.4902 -0.0001 0.8716
vn 0.5387 -0.0001 0.8425
vn 0.5311 0.1674 0.8306
vn 0.0781 0.9896 0.1211
vn 0.0897 0.9858 0.1419
vn 0.0921 0.9854 0.1433
vn 0.0920 0.9859 0.1396
vn 0.0899 0.9859 0.1411
vn 0.1949 0.9362 0.2924
vn 0.2169 0.9151 0.3398
vn 0.2239 0.9149 0.3358
vn 0.2241 0.9152 0.3349
vn 0.2168 0.9152 0.3398
vn 0.2968 0.8473 0.4404
vn 0.3307 0.7889 0.5180
vn 0.3446 0.7887 0.5091
vn 0.3448 0.7890 0.5086
vn 0.3307 0.7892 0.5174
vn 0.3854 0.7282 0.5668
vn 0.4246 0.6151 0.6643
vn 0.4449 0.6144 0.6515
vn 0.4443 0.6140 0.6524
vn 0.4246 0.6149 0.6645
vn 0.4631 0.5711 0.6778
vn 0.4927 0.4036 0.7709
vn 0.5180 0.4034 0.7543
vn 0.5206 0.4023 0.7531
vn 0.4928 0.4035 0.7709
vn 0.5234 0.3859 0.7597
vn 0.5309 0.1678 0.8306
vn 0.5546 0.2107 0.8050
vn 0.5542 0.2101 0.8054
vn 0.5312 0.1675 0.8306
vn 0.5593 0.1677 0.8119
vn 0.5388 -0.0000 0.8424
vn 0.5679 0.0000 0.8231
vn 0.2519 0.1675 0.9531
vn 0.1544 -0.0000 0.9880
vn -0.0731 -0.0000 0.9973
vn -0.1545 -0.0001 0.9880
vn -0.4900 0.0004 0.8717
vn -0.4424 0.1679 0.8810
vn -0.5386 0.0003 0.8426
vn -0.5309 0.1673 0.8308
vn -0.5593 0.1671 0.8119
vn -0.5633 0.1210 0.8173
vn -0.5594 0.1667 0.8119
vn -0.5311 0.1672 0.8307
vn -0.5354 0.3275 0.7785
vn -0.4930 0.4030 0.7710
vn -0.5180 0.4023 0.7549
vn -0.5183 0.4035 0.7540
vn -0.4932 0.4034 0.7707
vn -0.4820 0.5231 0.7029
vn -0.4252 0.6147 0.6644
vn -0.4450 0.6148 0.6512
vn -0.4450 0.6148 0.6511
vn -0.4252 0.6145 0.6646
vn -0.4117 0.6826 0.6038
vn -0.3315 0.7886 0.5179
vn -0.3450 0.7889 0.5085
vn -0.3459 0.7879 0.5095
vn -0.3314 0.7888 0.5176
vn -0.3254 0.8144 0.4804
vn -0.2174 0.9151 0.3397
vn -0.2272 0.9129 0.3391
vn -0.2275 0.9129 0.3388
vn -0.2177 0.9150 0.3397
vn -0.1160 0.9778 0.1743
vn -0.0907 0.9859 0.1406
vn -0.0931 0.9857 0.1405
vn -0.0004 1.0000 0.0005
vn -0.0129 0.9970 0.0763
vn -0.0432 0.9858 0.1624
vn -0.0150 0.9961 0.0864
vn -0.0229 0.9894 0.1434
vn -0.0626 0.9151 0.3983
vn -0.0335 0.9153 0.4013
vn -0.0364 0.9468 0.3198
vn -0.0252 0.9867 0.1608
vn -0.0261 0.9861 0.1644
vn -0.0306 0.9765 0.2135
vn -0.0361 0.9509 0.3075
vn -0.0363 0.9489 0.3136
vn -0.0336 0.9093 0.4148
vn -0.0626 0.9152 0.3981
vn -0.0329 0.9103 0.4126
vn -0.0952 0.7890 0.6070
vn -0.0261 0.8933 0.4487
vn 0.0265 0.8855 0.4639
vn 0.0249 0.8857 0.4636
vn 0.0317 0.7885 0.6142
vn 0.0113 0.8703 0.4923
vn 0.0002 0.8669 0.4985
vn -0.0052 0.8656 0.5007
vn -0.0320 0.7888 0.6138
vn -0.0213 0.8817 0.4714
vn -0.0237 0.8881 0.4591
vn 0.0352 0.9506 0.3085
vn 0.0342 0.9192 0.3924
vn 0.0621 0.9152 0.3982
vn 0.0326 0.9152 0.4016
vn 0.0315 0.7888 0.6138
vn 0.0257 0.8926 0.4502
vn 0.0244 0.8879 0.4593
vn 0.0230 0.9889 0.1466
vn 0.0241 0.9885 0.1496
vn 0.0260 0.9863 0.1627
vn 0.0252 0.9862 0.1635
vn 0.0621 0.9151 0.3985
vn 0.0347 0.9585 0.2830
vn 0.0352 0.9504 0.3090
vn 0.0425 0.9859 0.1621
vn -0.2175 -0.0001 0.9761
vn -0.1544 -0.0001 0.9880
vn -0.1523 0.1673 0.9741
vn -0.0510 0.1675 0.9845
vn -0.1415 0.4034 0.9040
vn -0.0475 0.4033 0.9138
vn -0.1221 0.6148 0.7792
vn -0.0410 0.6146 0.7878
vn -0.0952 0.7888 0.6072
vn -0.0321 0.7886 0.6140
vn -0.0265 0.8934 0.4485
vn -0.0249 0.8878 0.4596
vn -0.0517 0.0001 0.9987
vn 0.0517 0.0001 0.9987
vn 0.0509 0.1675 0.9846
vn -0.0474 0.4030 0.9140
vn 0.0471 0.4034 0.9138
vn -0.0410 0.6145 0.7879
vn 0.0406 0.6148 0.7876
vn -0.0320 0.7888 0.6139
vn 0.0315 0.7887 0.6139
vn -0.0003 0.8687 0.4953
vn 0.0111 0.8699 0.4931
vn 0.0517 -0.0001 0.9987
vn 0.0730 -0.0001 0.9973
vn 0.1523 0.1676 0.9740
vn 0.0472 0.4035 0.9138
vn 0.1412 0.4033 0.9041
vn 0.1217 0.6147 0.7794
vn 0.0947 0.7888 0.6073
vn 0.0620 0.9150 0.3987
vn -0.0755 0.9858 0.1498
vn -0.0905 0.9859 0.1409
vn -0.1813 0.9151 0.3603
vn -0.2176 0.9149 0.3400
vn -0.2761 0.7888 0.5492
vn -0.3313 0.7885 0.5182
vn -0.3542 0.6146 0.7048
vn -0.4250 0.6144 0.6648
vn -0.4108 0.4033 0.8177
vn -0.4931 0.4031 0.7710
vn -0.4425 0.1675 0.8810
vn -0.5311 0.1673 0.8306
vn -0.5386 -0.0002 0.8426
vn -0.5633 0.1209 0.8173
vn -0.5675 -0.0002 0.8234
vn -0.4487 -0.0001 0.8937
vn -0.3580 -0.0004 0.9337
vn -0.4424 0.1674 0.8811
vn -0.3493 0.1673 0.9220
vn -0.4107 0.4032 0.8178
vn -0.3242 0.4032 0.8558
vn -0.3541 0.6144 0.7050
vn -0.2795 0.6146 0.7376
vn -0.2761 0.7885 0.5496
vn -0.2179 0.7888 0.5748
vn -0.1813 0.9150 0.3605
vn -0.1431 0.9150 0.3773
vn -0.0755 0.9859 0.1495
vn -0.0596 0.9859 0.1566
vn -0.3539 -0.0001 0.9353
vn -0.2555 0.0001 0.9668
vn -0.3491 0.1674 0.9220
vn -0.2520 0.1675 0.9531
vn -0.3243 0.4034 0.8556
vn -0.2341 0.4030 0.8848
vn -0.2796 0.6149 0.7374
vn -0.2018 0.6144 0.7628
vn -0.2180 0.7888 0.5747
vn -0.1574 0.7887 0.5943
vn -0.1034 0.9151 0.3899
vn -0.0432 0.9858 0.1621
vn -0.2558 -0.0001 0.9667
vn -0.2177 -0.0001 0.9760
vn -0.2522 0.1675 0.9531
vn -0.1524 0.1676 0.9740
vn -0.2341 0.4032 0.8846
vn -0.1415 0.4033 0.9041
vn -0.2019 0.6147 0.7625
vn -0.1221 0.6145 0.7794
vn -0.1574 0.7888 0.5941
vn -0.0952 0.7887 0.6074
vn -0.1034 0.9151 0.3897
vn -0.0626 0.9151 0.3984
vn -0.0432 0.9859 0.1617
vn -0.0262 0.9855 0.1675
vn -0.0230 0.9888 0.1473
vn -0.0253 0.9853 0.1690
vn 0.0732 0.0001 0.9973
vn 0.1546 0.0001 0.9880
vn 0.2520 0.1677 0.9531
vn 0.2338 0.4034 0.8846
vn 0.1217 0.6146 0.7794
vn 0.2015 0.6146 0.7626
vn 0.1569 0.7888 0.5943
vn 0.0620 0.9151 0.3984
vn 0.1028 0.9151 0.3900
vn 0.0256 0.9859 0.1654
vn 0.0425 0.9859 0.1620
vn 0.0138 0.9964 0.0833
vn -0.0004 1.0000 -0.0014
vn 0.2558 0.0000 0.9667
vn 0.3539 -0.0001 0.9353
vn 0.2521 0.1677 0.9531
vn 0.3489 0.1675 0.9221
vn 0.2339 0.4037 0.8845
vn 0.3238 0.4033 0.8559
vn 0.2015 0.6148 0.7625
vn 0.2791 0.6148 0.7377
vn 0.2175 0.7889 0.5748
vn 0.1028 0.9151 0.3899
vn 0.1426 0.9150 0.3774
vn 0.0425 0.9859 0.1617
vn 0.0590 0.9859 0.1567
vn 0.3540 -0.0000 0.9352
vn 0.3577 -0.0001 0.9338
vn 0.3491 0.1675 0.9220
vn 0.4423 0.1676 0.8811
vn 0.3239 0.4035 0.8557
vn 0.4105 0.4034 0.8178
vn 0.2791 0.6147 0.7378
vn 0.3539 0.6149 0.7048
vn 0.2173 0.7887 0.5750
vn 0.2757 0.7890 0.5491
vn 0.1425 0.9151 0.3773
vn 0.1807 0.9152 0.3603
vn 0.0590 0.9859 0.1568
vn 0.0748 0.9859 0.1498
vn 0.4487 0.0004 0.8937
vn 0.4901 0.0003 0.8716
vn 0.5309 0.1677 0.8307
vn 0.4105 0.4035 0.8178
vn 0.4927 0.4034 0.7711
vn 0.3538 0.6147 0.7050
vn 0.4247 0.6148 0.6646
vn 0.2756 0.7888 0.5494
vn 0.3308 0.7889 0.5178
vn 0.1806 0.9151 0.3604
vn 0.2170 0.9152 0.3397
vn 0.0749 0.9859 0.1496
vn 0.0899 0.9859 0.1413
vn -0.4879 0.7229 -0.4893
vn -0.4782 0.7357 -0.4796
vn -0.4781 0.7358 -0.4796
vn -0.3036 0.9031 -0.3038
vn -0.2510 0.9350 -0.2504
vn -0.2445 0.9383 -0.2447
vn -0.1732 0.9697 -0.1724
vn -0.2451 0.9382 -0.2443
vn -0.2264 0.9475 -0.2256
vn -0.4774 0.7379 -0.4771
vn -0.4773 0.7378 -0.4773
vn -0.4018 0.8230 -0.4016
vn -0.3996 0.8251 -0.3993
vn -0.3353 0.8806 -0.3349
vn -0.3037 0.9032 -0.3033
vn -0.7042 0.0900 -0.7043
vn -0.6969 0.1688 -0.6970
vn -0.6865 0.2397 -0.6865
vn -0.6870 0.2388 -0.6862
vn -0.6974 0.1680 -0.6967
vn -0.6680 0.3297 -0.6672
vn -0.6970 0.1684 -0.6970
vn -0.6702 0.3199 -0.6697
vn -0.6674 0.3298 -0.6677
vn -0.6679 0.3293 -0.6674
vn -0.6263 0.4643 -0.6263
vn -0.6259 0.4657 -0.6256
vn -0.5904 0.5505 -0.5903
vn -0.5610 0.6090 -0.5607
vn -0.4962 0.7133 -0.4950
vn -0.4867 0.7271 -0.4842
vn -0.6854 0.2389 -0.6879
vn -0.7043 0.0893 -0.7043
vn -0.7043 0.0892 -0.7043
vn -0.7072 0.0002 -0.7070
vn -0.7071 -0.0005 -0.7071
vn 0.6673 0.3305 0.6674
vn 0.6893 0.2227 0.6894
vn 0.6864 0.2394 0.6867
vn 0.7045 0.0899 0.7039
vn 0.7062 0.0588 0.7056
vn 0.7072 0.0003 0.7070
vn 0.7070 -0.0013 0.7072
vn 0.5996 0.5298 0.5998
vn 0.6260 0.4649 0.6261
vn 0.6542 0.3795 0.6543
vn 0.6673 0.3302 0.6675
vn 0.6674 0.3305 0.6674
vn 0.6893 0.2229 0.6894
vn 0.4769 0.7383 0.4770
vn 0.4967 0.7114 0.4971
vn 0.5290 0.6634 0.5293
vn 0.5281 0.6647 0.5284
vn 0.5900 0.5510 0.5902
vn 0.5902 0.5515 0.5895
vn 0.6002 0.5309 0.5983
vn 0.1725 0.9697 0.1728
vn 0.2439 0.9386 0.2440
vn 0.2505 0.9350 0.2509
vn 0.3348 0.8808 0.3349
vn 0.3531 0.8663 0.3533
vn 0.4014 0.8231 0.4017
vn 0.4461 0.7759 0.4460
vn 0.4769 0.7381 0.4773
vn 0.4769 0.7385 0.4767
vn 0.4967 0.7118 0.4966
vn 0.2440 0.9389 0.2430
vn 0.2440 0.9385 0.2442
vn 0.1723 0.9698 0.1723
vn 0.1725 0.9698 0.1725
vn 0.1234 0.9847 0.1233
vn 0.0849 0.9928 0.0849
vn 0.0052 1.0000 0.0050
vn 0.0849 0.9927 0.0852
vn 0.0725 0.9947 0.0726
vn 0.1236 0.9845 0.1242
vn -0.2441 0.9385 -0.2441
vn -0.2258 0.9477 -0.2254
vn -0.1731 0.9696 -0.1728
vn -0.0854 0.9927 -0.0851
vn -0.1132 0.9871 -0.1130
vn -0.0002 1.0000 0.0002
vn 0.0002 1.0000 0.0005
vn 0.0062 1.0000 0.0066
vn 0.5688 0.0003 -0.8225
vn 0.5716 0.0003 -0.8205
vn 0.4901 0.0003 -0.8716
vn 0.5387 0.0002 -0.8425
vn 0.5679 0.0002 -0.8231
vn 0.5386 0.0002 -0.8425
vn 0.5678 0.0003 -0.8232
vn 0.4901 0.0002 -0.8717
vn 0.5681 0.0004 -0.8230
vn 0.5689 -0.0006 -0.8224
vn 0.5715 0.0001 -0.8206
vn 0.5766 0.0003 -0.8170
vn 0.4900 0.0001 -0.8717
vn 0.5790 0.0003 -0.8153
vn 0.5904 -0.0001 -0.8071
vn -0.6119 -0.0003 -0.7909
vn -0.6120 -0.0002 -0.7909
vn -0.4901 -0.0002 -0.8717
vn -0.5988 -0.0002 -0.8009
vn -0.5982 -0.0009 -0.8013
vn -0.5928 -0.0005 -0.8054
vn -0.4900 -0.0003 -0.8717
vn -0.5851 -0.0001 -0.8110
vn -0.5764 -0.0002 -0.8172
vn -0.5750 0.0009 -0.8182
vn -0.5753 0.0003 -0.8179
vn -0.4901 -0.0001 -0.8717
vn -0.5701 -0.0003 -0.8216
vn -0.5691 -0.0004 -0.8223
vn -0.5690 -0.0005 -0.8223
vn -0.5678 -0.0002 -0.8231
vn -0.5678 -0.0002 -0.8232
vn -0.5386 -0.0002 -0.8426
vn -0.6620 0.0003 -0.7495
vn -0.6504 0.0000 -0.7596
vn -0.6118 -0.0004 -0.7910
vn -0.6437 -0.0010 -0.7652
vn -0.6312 -0.0003 -0.7757
vn -0.6314 0.0000 -0.7755
vn -0.6156 0.0000 -0.7880
vn -0.6120 0.0000 -0.7909
vn -0.6136 0.0000 -0.7896
vn 0.6160 0.0002 -0.7877
vn 0.6220 0.0002 -0.7830
vn 0.6120 0.0002 -0.7909
vn 0.5915 0.0005 -0.8063
vn 0.5932 0.0003 -0.8051
vn 0.4901 0.0003 -0.8717
vn 0.6052 0.0003 -0.7960
vn 0.6119 0.0004 -0.7909
vn 0.6118 0.0003 -0.7910
vn 0.6158 0.0002 -0.7879
vn 0.6219 0.0005 -0.7831
vn 0.6399 -0.0008 -0.7685
vn 0.6438 0.0002 -0.7652
vn 0.6614 0.0006 -0.7500
vn -0.3577 -0.0001 -0.9338
vn -0.4487 -0.0001 -0.8937
vn -0.5386 -0.0001 -0.8426
vn -0.3583 0.0003 -0.9336
vn -0.3541 -0.0001 -0.9352
vn -0.2556 -0.0001 -0.9668
vn -0.2178 -0.0001 -0.9760
vn -0.0731 -0.0000 -0.9973
vn -0.1545 -0.0000 -0.9880
vn -0.2177 -0.0001 -0.9760
vn -0.2557 -0.0001 -0.9668
vn -0.0730 -0.0000 -0.9973
vn -0.0516 -0.0000 -0.9987
vn 0.0517 0.0000 -0.9987
vn 0.0731 0.0000 -0.9973
vn 0.2178 0.0001 -0.9760
vn 0.2177 0.0001 -0.9760
vn 0.1545 0.0001 -0.9880
vn 0.0730 0.0000 -0.9973
vn 0.0516 0.0000 -0.9987
vn 0.2557 0.0001 -0.9668
vn 0.3541 0.0001 -0.9352
vn 0.3577 0.0001 -0.9338
vn 0.3542 0.0001 -0.9352
vn 0.3578 0.0000 -0.9338
vn 0.4487 0.0002 -0.8937
vn 0.5386 0.0002 -0.8426
vn -0.9660 -0.0003 -0.2584
vn -0.9937 -0.0003 -0.1118
vn -0.9937 -0.0004 0.1118
vn -0.9660 -0.0003 0.2585
vn -0.8659 -0.0002 0.5002
vn -0.8469 -0.0003 0.5318
vn 0.3299 0.0001 0.9440
vn 0.4488 0.0003 -0.8937
vn 0.4423 0.1678 -0.8810
vn 0.3579 0.0000 -0.9338
vn 0.3542 0.0000 -0.9352
vn 0.3491 0.1676 -0.9220
vn 0.0730 -0.0001 -0.9973
vn 0.0516 -0.0001 -0.9987
vn 0.0509 0.1674 -0.9846
vn -0.2179 -0.0000 -0.9760
vn -0.2558 -0.0001 -0.9667
vn -0.2522 0.1675 -0.9531
vn -0.3577 0.0002 -0.9338
vn -0.4487 0.0002 -0.8937
vn -0.4424 0.1677 -0.8810
vn -0.4898 -0.0004 -0.8718
vn -0.5384 -0.0004 -0.8427
vn -0.5308 0.1671 -0.8308
vn -0.0128 0.9961 -0.0874
vn -0.0216 0.9883 -0.1512
vn -0.0243 0.9853 -0.1691
vn 0.5315 0.1677 -0.8303
vn 0.5599 0.1674 -0.8115
vn 0.5639 0.1212 -0.8169
vn 0.5592 0.1668 -0.8121
vn 0.5309 0.1677 -0.8307
vn 0.5351 0.3279 -0.7785
vn 0.4926 0.4037 -0.7709
vn 0.5177 0.4028 -0.7548
vn 0.5180 0.4036 -0.7542
vn 0.4929 0.4035 -0.7709
vn 0.4817 0.5233 -0.7030
vn 0.4249 0.6148 -0.6645
vn 0.4447 0.6151 -0.6511
vn 0.4452 0.6141 -0.6517
vn 0.4246 0.6147 -0.6648
vn 0.4114 0.6825 -0.6041
vn 0.3306 0.7889 -0.5179
vn 0.3444 0.7891 -0.5087
vn 0.3445 0.7887 -0.5091
vn 0.3308 0.7889 -0.5180
vn 0.3245 0.8149 -0.4803
vn 0.2169 0.9151 -0.3400
vn 0.2268 0.9131 -0.3389
vn 0.2268 0.9133 -0.3383
vn 0.2169 0.9151 -0.3398
vn 0.1153 0.9780 -0.1737
vn 0.0900 0.9858 -0.1421
vn 0.0924 0.9859 -0.1398
vn -0.0002 1.0000 0.0006
vn -0.0003 1.0000 0.0017
vn 0.0121 0.9973 -0.0723
vn 0.0424 0.9859 -0.1618
vn 0.0142 0.9963 -0.0853
vn 0.0222 0.9895 -0.1431
vn 0.0620 0.9147 -0.3994
vn 0.0329 0.9149 -0.4024
vn 0.0357 0.9464 -0.3210
vn 0.0253 0.9867 -0.1608
vn 0.0258 0.9861 -0.1640
vn 0.0301 0.9765 -0.2136
vn 0.0621 0.9151 -0.3984
vn 0.0356 0.9504 -0.3089
vn 0.0359 0.9484 -0.3151
vn 0.0331 0.9213 -0.3874
vn 0.0620 0.9150 -0.3988
vn 0.0323 0.9119 -0.4090
vn 0.0947 0.7886 -0.6076
vn 0.0257 0.8940 -0.4473
vn -0.0261 0.8882 -0.4588
vn -0.0249 0.8871 -0.4609
vn -0.0320 0.7887 -0.6140
vn -0.0118 0.8703 -0.4923
vn -0.0008 0.8675 -0.4974
vn 0.0046 0.8662 -0.4997
vn 0.0314 0.7890 -0.6136
vn 0.0206 0.8818 -0.4713
vn 0.0228 0.8882 -0.4589
vn -0.0357 0.9506 -0.3084
vn -0.0349 0.9209 -0.3882
vn -0.0626 0.9152 -0.3981
vn -0.0333 0.9153 -0.4015
vn -0.0320 0.7886 -0.6140
vn -0.0263 0.8924 -0.4504
vn -0.0245 0.8876 -0.4599
vn -0.0227 0.9902 -0.1380
vn -0.0240 0.9879 -0.1531
vn -0.0259 0.9864 -0.1623
vn -0.0253 0.9860 -0.1646
vn -0.0626 0.9151 -0.3983
vn -0.0352 0.9581 -0.2843
vn -0.0356 0.9498 -0.3109
vn -0.0432 0.9857 -0.1627
vn -0.0002 1.0000 -0.0002
vn -0.0790 0.9897 -0.1192
vn -0.0905 0.9858 -0.1414
vn -0.0931 0.9858 -0.1396
vn -0.0929 0.9858 -0.1397
vn -0.0907 0.9858 -0.1411
vn -0.1956 0.9363 -0.2916
vn -0.2176 0.9151 -0.3395
vn -0.2246 0.9154 -0.3341
vn -0.2247 0.9155 -0.3337
vn -0.2174 0.9151 -0.3395
vn -0.2973 0.8474 -0.4399
vn -0.3312 0.7888 -0.5179
vn -0.3448 0.7891 -0.5084
vn -0.3455 0.7892 -0.5078
vn -0.3313 0.7887 -0.5179
vn -0.3859 0.7279 -0.5668
vn -0.4250 0.6143 -0.6649
vn -0.4452 0.6140 -0.6518
vn -0.4458 0.6150 -0.6504
vn -0.4251 0.6144 -0.6647
vn -0.4640 0.5714 -0.6769
vn -0.4930 0.4032 -0.7710
vn -0.5184 0.4035 -0.7539
vn -0.5182 0.4025 -0.7546
vn -0.4931 0.4028 -0.7711
vn -0.5226 0.3856 -0.7604
vn -0.5312 0.1671 -0.8306
vn -0.5549 0.2100 -0.8050
vn -0.5551 0.2114 -0.8045
vn -0.5308 0.1675 -0.8308
vn -0.5596 0.1683 -0.8115
vn -0.5384 -0.0001 -0.8427
vn -0.5679 0.0000 -0.8231
vn -0.2176 -0.0003 -0.9760
vn -0.2520 0.1672 -0.9532
vn -0.1544 -0.0003 -0.9880
vn 0.0731 0.0001 -0.9973
vn 0.0509 0.1676 -0.9845
vn 0.1546 0.0001 -0.9880
vn 0.4898 0.0010 -0.8718
vn 0.4420 0.1685 -0.8810
vn 0.5384 0.0010 -0.8427
vn 0.2180 0.0001 -0.9760
vn 0.1545 -0.0000 -0.9880
vn 0.1523 0.1675 -0.9740
vn 0.1413 0.4035 -0.9040
vn 0.0472 0.4034 -0.9138
vn 0.1217 0.6149 -0.7791
vn 0.0405 0.6147 -0.7877
vn 0.0947 0.7890 -0.6071
vn 0.0315 0.7886 -0.6141
vn 0.0257 0.8934 -0.4486
vn 0.0238 0.8877 -0.4598
vn 0.0517 0.0001 -0.9987
vn -0.0517 -0.0000 -0.9987
vn 0.0509 0.1675 -0.9846
vn -0.0510 0.1675 -0.9846
vn 0.0472 0.4031 -0.9139
vn -0.0474 0.4035 -0.9138
vn 0.0406 0.6145 -0.7879
vn -0.0410 0.6148 -0.7876
vn 0.0315 0.7888 -0.6139
vn -0.0320 0.7888 -0.6138
vn -0.0003 0.8688 -0.4951
vn -0.0119 0.8708 -0.4915
vn -0.0510 0.1675 -0.9845
vn -0.1523 0.1673 -0.9741
vn -0.1415 0.4032 -0.9041
vn -0.0410 0.6147 -0.7877
vn -0.1221 0.6147 -0.7793
vn -0.0320 0.7887 -0.6139
vn -0.0952 0.7888 -0.6072
vn -0.0626 0.9150 -0.3985
vn -0.0003 1.0000 -0.0006
vn -0.0003 1.0000 0.0004
vn 0.0748 0.9859 -0.1499
vn 0.0899 0.9860 -0.1407
vn 0.1806 0.9151 -0.3604
vn 0.2169 0.9152 -0.3397
vn 0.2756 0.7888 -0.5494
vn 0.3538 0.6148 -0.7049
vn 0.4246 0.6147 -0.6647
vn 0.4105 0.4035 -0.8177
vn 0.4927 0.4033 -0.7711
vn 0.5310 0.1677 -0.8306
vn 0.5388 0.0001 -0.8425
vn 0.5637 0.1211 -0.8171
vn 0.5682 -0.0002 -0.8229
vn 0.4488 0.0004 -0.8936
vn 0.3576 -0.0004 -0.9339
vn 0.4424 0.1679 -0.8810
vn 0.3490 0.1672 -0.9221
vn 0.4106 0.4036 -0.8176
vn 0.3239 0.4034 -0.8558
vn 0.3539 0.6148 -0.7049
vn 0.2791 0.6149 -0.7376
vn 0.2756 0.7887 -0.5495
vn 0.2174 0.7889 -0.5747
vn 0.1806 0.9151 -0.3606
vn 0.1425 0.9151 -0.3771
vn 0.0748 0.9859 -0.1496
vn 0.0591 0.9858 -0.1570
vn 0.3541 -0.0000 -0.9352
vn 0.2556 -0.0001 -0.9668
vn 0.3490 0.1676 -0.9220
vn 0.2520 0.1675 -0.9531
vn 0.3239 0.4035 -0.8557
vn 0.2339 0.4033 -0.8847
vn 0.2791 0.6148 -0.7377
vn 0.2015 0.6147 -0.7626
vn 0.2174 0.7888 -0.5749
vn 0.1569 0.7889 -0.5942
vn 0.1028 0.9150 -0.3901
vn 0.0590 0.9859 -0.1566
vn 0.0425 0.9859 -0.1621
vn 0.2556 0.0001 -0.9668
vn 0.2179 0.0000 -0.9760
vn 0.1523 0.1676 -0.9740
vn 0.2338 0.4031 -0.8848
vn 0.1412 0.4035 -0.9040
vn 0.2014 0.6145 -0.7627
vn 0.1216 0.6148 -0.7793
vn 0.1569 0.7890 -0.5941
vn 0.0947 0.7887 -0.6075
vn 0.1028 0.9151 -0.3898
vn 0.0619 0.9150 -0.3988
vn 0.0425 0.9858 -0.1622
vn 0.0258 0.9856 -0.1674
vn 0.0226 0.9889 -0.1471
vn 0.0253 0.9853 -0.1690
vn -0.0730 -0.0001 -0.9973
vn -0.1545 -0.0001 -0.9880
vn -0.1524 0.1675 -0.9740
vn -0.2521 0.1676 -0.9531
vn -0.2341 0.4033 -0.8846
vn -0.1220 0.6145 -0.7794
vn -0.2019 0.6147 -0.7625
vn -0.1574 0.7888 -0.5941
vn -0.0626 0.9151 -0.3984
vn -0.1034 0.9151 -0.3898
vn -0.0262 0.9858 -0.1656
vn -0.0432 0.9859 -0.1616
vn -0.0146 0.9963 -0.0841
vn -0.0004 1.0000 0.0010
vn -0.2553 -0.0001 -0.9669
vn -0.3541 -0.0003 -0.9352
vn -0.2519 0.1673 -0.9532
vn -0.3492 0.1674 -0.9220
vn -0.3241 0.4032 -0.8558
vn -0.2019 0.6148 -0.7624
vn -0.2794 0.6145 -0.7378
vn -0.2179 0.7886 -0.5750
vn -0.1034 0.9150 -0.3899
vn -0.1431 0.9150 -0.3772
vn -0.0431 0.9858 -0.1620
vn -0.0596 0.9859 -0.1563
vn -0.3547 0.0001 -0.9350
vn -0.3580 -0.0004 -0.9337
vn -0.3492 0.1672 -0.9220
vn -0.4425 0.1673 -0.8810
vn -0.4108 0.4032 -0.8177
vn -0.3542 0.6146 -0.7048
vn -0.2761 0.7887 -0.5494
vn -0.1431 0.9149 -0.3774
vn -0.1813 0.9150 -0.3604
vn -0.0755 0.9859 -0.1495
vn -0.4487 -0.0000 -0.8937
vn -0.4899 -0.0001 -0.8718
vn -0.4425 0.1675 -0.8810
vn -0.5310 0.1673 -0.8307
vn -0.4108 0.4031 -0.8178
vn -0.4930 0.4033 -0.7709
vn -0.3542 0.6146 -0.7049
vn -0.4251 0.6147 -0.6644
vn -0.1813 0.9149 -0.3606
vn -0.2176 0.9150 -0.3397
vn -0.0754 0.9859 -0.1496
vn -0.0905 0.9858 -0.1411
vn -0.7073 -0.0007 -0.7069
vn -0.7077 0.0002 -0.7065
vn -0.7073 0.0002 -0.7069
vn -0.7069 -0.0005 -0.7073
vn -0.7082 0.0002 -0.7060
vn -0.7099 0.0010 -0.7043
vn -0.7068 -0.0002 -0.7074
vn -0.7074 -0.0003 -0.7068
vn -0.7081 -0.0005 -0.7061
vn -0.7070 -0.0003 -0.7073
vn -0.7069 -0.0004 -0.7073
vn -0.7071 -0.0001 -0.7071
vn -0.7074 -0.0005 -0.7068
vn -0.7070 0.0002 -0.7072
vn -0.7073 -0.0001 -0.7070
vn -0.7071 -0.0004 -0.7071
vn -0.7070 -0.0000 -0.7072
vn 0.4857 0.7262 0.4865
vn 0.4759 0.7391 0.4767
vn 0.4759 0.7391 0.4768
vn 0.2442 0.9380 0.2460
vn 0.2255 0.9473 0.2273
vn 0.3032 0.9034 0.3031
vn 0.2504 0.9351 0.2507
vn 0.2441 0.9382 0.2455
vn 0.2255 0.9473 0.2276
vn 0.4013 0.8231 0.4017
vn 0.3990 0.8253 0.3996
vn 0.3348 0.8807 0.3350
vn 0.3346 0.8808 0.3349
vn 0.3029 0.9037 0.3027
vn 0.7043 0.0900 0.7042
vn 0.6970 0.1688 0.6969
vn 0.6865 0.2397 0.6864
vn 0.6866 0.2393 0.6865
vn 0.6970 0.1684 0.6970
vn 0.6675 0.3300 0.6675
vn 0.6968 0.1692 0.6970
vn 0.6700 0.3203 0.6697
vn 0.6673 0.3301 0.6676
vn 0.6679 0.3296 0.6673
vn 0.6259 0.4650 0.6261
vn 0.6257 0.4658 0.6258
vn 0.5900 0.5512 0.5900
vn 0.5290 0.6632 0.5295
vn 0.5606 0.6097 0.5604
vn 0.4768 0.7378 0.4778
vn 0.4964 0.7123 0.4962
vn 0.4874 0.7246 0.4872
vn 0.6852 0.2394 0.6879
vn 0.7043 0.0896 0.7042
vn 0.7039 0.0901 0.7046
vn 0.7074 0.0003 0.7068
vn 0.7067 0.0005 0.7075
vn -0.6673 0.3303 -0.6675
vn -0.6896 0.2218 -0.6894
vn -0.6864 0.2393 -0.6867
vn -0.7046 0.0880 -0.7041
vn -0.7042 0.0892 -0.7044
vn -0.7063 0.0577 -0.7056
vn -0.7073 -0.0005 -0.7069
vn -0.5907 0.5504 -0.5900
vn -0.5998 0.5294 -0.5999
vn -0.6264 0.4645 -0.6259
vn -0.6541 0.3790 -0.6546
vn -0.6676 0.3301 -0.6673
vn -0.6897 0.2221 -0.6892
vn -0.4773 0.7377 -0.4775
vn -0.4971 0.7116 -0.4966
vn -0.5294 0.6629 -0.5294
vn -0.5284 0.6647 -0.5281
vn -0.5904 0.5506 -0.5901
vn -0.5906 0.5501 -0.5904
vn -0.6006 0.5281 -0.6003
vn -0.1733 0.9695 -0.1732
vn -0.2446 0.9384 -0.2443
vn -0.3351 0.8804 -0.3356
vn -0.3355 0.8805 -0.3348
vn -0.3535 0.8659 -0.3540
vn -0.4019 0.8228 -0.4017
vn -0.4464 0.7758 -0.4460
vn -0.4775 0.7379 -0.4769
vn -0.4981 0.7103 -0.4973
vn -0.2444 0.9381 -0.2456
vn -0.2444 0.9382 -0.2449
vn -0.1730 0.9696 -0.1729
vn -0.1242 0.9845 -0.1237
vn -0.0058 1.0000 -0.0056
vn 0.2242 0.9481 0.2254
vn 0.2171 0.9516 0.2177
vn 0.0850 0.9927 0.0852
vn 0.1124 0.9872 0.1128
vn -0.0004 1.0000 0.0017
vn -0.0059 1.0000 -0.0022
vn -0.6159 -0.0001 0.7879
vn -0.6218 -0.0001 0.7832
vn -0.6118 -0.0001 0.7910
vn -0.6220 0.0001 0.7830
vn -0.6397 -0.0009 0.7686
vn -0.6119 -0.0000 0.7909
vn -0.6439 -0.0002 0.7651
vn -0.6617 0.0001 0.7498
vn -0.5685 0.0001 0.8227
vn -0.5714 0.0001 0.8207
vn -0.4899 0.0001 0.8718
vn -0.5678 -0.0002 0.8232
vn -0.5386 -0.0001 0.8425
vn -0.5677 -0.0003 0.8232
vn -0.4900 -0.0001 0.8717
vn -0.5678 -0.0005 0.8232
vn -0.5692 0.0005 0.8222
vn -0.5720 -0.0005 0.8203
vn -0.5769 -0.0005 0.8168
vn -0.5789 -0.0004 0.8154
vn -0.5904 -0.0001 0.8071
vn -0.5908 -0.0017 0.8068
vn -0.5929 -0.0008 0.8052
vn -0.6053 -0.0001 0.7960
vn -0.6119 -0.0001 0.7909
vn -0.6120 0.0000 0.7909
vn -0.6160 -0.0000 0.7878
vn 0.6119 0.0002 0.7909
vn 0.6119 0.0003 0.7909
vn 0.4901 0.0002 0.8717
vn 0.5986 0.0003 0.8011
vn 0.5983 0.0003 0.8013
vn 0.5928 0.0001 0.8053
vn 0.4900 0.0001 0.8717
vn 0.5850 0.0001 0.8110
vn 0.5763 0.0002 0.8173
vn 0.5765 -0.0020 0.8171
vn 0.5758 -0.0005 0.8176
vn 0.5700 0.0002 0.8216
vn 0.5690 0.0002 0.8223
vn 0.5689 -0.0000 0.8224
vn 0.5678 0.0001 0.8232
vn 0.4901 0.0001 0.8717
vn 0.5678 0.0002 0.8231
vn 0.5387 0.0002 0.8425
vn 0.6609 0.0004 0.7505
vn 0.6498 0.0004 0.7601
vn 0.6118 0.0003 0.7910
vn 0.6446 0.0001 0.7645
vn 0.6311 0.0003 0.7757
vn 0.6314 0.0005 0.7755
vn 0.6160 0.0005 0.7877
vn 0.6121 0.0005 0.7908
vn 0.6139 0.0003 0.7894
vn 0.6121 0.0003 0.7908
vn 0.3577 0.0001 0.9338
vn 0.4487 0.0002 0.8937
vn 0.5386 0.0002 0.8426
vn 0.3576 0.0005 0.9339
vn 0.3538 0.0001 0.9353
vn 0.2557 0.0001 0.9668
vn 0.2178 0.0001 0.9760
vn 0.0731 0.0000 0.9973
vn 0.1545 0.0001 0.9880
vn 0.2177 0.0001 0.9760
vn 0.0730 0.0000 0.9973
vn 0.0516 0.0000 0.9987
vn -0.2178 -0.0001 0.9760
vn -0.1545 -0.0000 0.9880
vn -0.2557 -0.0001 0.9668
vn -0.3541 -0.0001 0.9352
vn -0.3577 -0.0001 0.9338
vn -0.3540 -0.0001 0.9352
vn 0.2586 0.9660 0.0002
vn 0.2521 0.9660 -0.0574
vn 0.2583 0.9661 -0.0001
vn 0.4995 0.8663 -0.0001
vn 0.4870 0.8663 -0.1113
vn 0.5004 0.8658 0.0000
vn 0.7075 0.7068 0.0000
vn 0.6897 0.7068 -0.1573
vn 0.7059 0.7083 0.0001
vn 0.8652 0.5014 -0.0000
vn 0.8435 0.5013 -0.1927
vn 1.0000 -0.0002 0.0002
vn 0.9960 0.0006 -0.0895
vn 0.9659 0.2591 0.0000
vn 0.9415 0.2595 -0.2150
vn 0.8659 0.5003 -0.0001
vn 0.9960 -0.0003 -0.0894
vn 0.9750 0.0003 -0.2223
vn 0.9416 0.2592 -0.2148
vn 0.9438 0.0006 -0.3304
vn 0.8702 0.2593 -0.4191
vn 0.9010 0.0002 -0.4338
vn 0.7551 0.2596 -0.6020
vn 0.9010 -0.0003 -0.4338
vn 0.8345 -0.0003 -0.5509
vn 0.7553 0.2590 -0.6021
vn 0.7820 0.0002 -0.6233
vn 0.6024 0.2591 -0.7549
vn 0.7816 0.0001 -0.6237
vn 0.6744 0.0002 -0.7384
vn 0.6023 0.2590 -0.7550
vn 0.6237 0.0004 -0.7817
vn 0.4189 0.2588 -0.8704
vn 0.4733 0.0001 -0.8809
vn 0.4737 0.0003 -0.8807
vn 0.4339 0.0002 -0.9010
vn 0.4189 0.2590 -0.8703
vn 0.2441 0.0002 -0.9698
vn 0.2148 0.2590 -0.9417
vn 0.2443 0.0002 -0.9697
vn 0.2227 0.0002 -0.9749
vn 0.2150 0.2590 -0.9416
vn 0.0000 0.0001 -1.0000
vn -0.0001 0.2588 -0.9659
vn -0.2225 0.0000 -0.9749
vn -0.2149 0.2589 -0.9417
vn -0.2442 0.0003 -0.9697
vn -0.4190 0.2591 -0.8702
vn -0.2440 -0.0003 -0.9698
vn -0.4338 -0.0003 -0.9010
vn -0.4191 0.2587 -0.8703
vn -0.4736 0.0001 -0.8807
vn -0.6023 0.2591 -0.7551
vn -0.4735 -0.0004 -0.8808
vn -0.6237 0.0000 -0.7817
vn -0.6023 0.2587 -0.7552
vn -0.6744 -0.0000 -0.7384
vn -0.7550 0.2586 -0.6026
vn -0.6743 -0.0005 -0.7384
vn -0.7819 -0.0003 -0.6234
vn -0.7554 0.2584 -0.6022
vn -0.8346 -0.0005 -0.5509
vn -0.8704 0.2582 -0.4192
vn -0.8342 -0.0000 -0.5515
vn -0.9009 0.0004 -0.4341
vn -0.8702 0.2588 -0.4192
vn -0.9439 -0.0008 -0.3301
vn -0.9417 0.2588 -0.2149
vn -0.9749 0.0004 -0.2225
vn -0.9660 0.2587 0.0001
vn -0.9960 0.0001 -0.0895
vn -1.0000 -0.0002 0.0002
vn 0.8664 0.4993 0.0000
vn 0.9419 0.2581 -0.2150
vn 0.8446 0.4995 -0.1928
vn 0.8703 0.2586 -0.4192
vn 0.7802 0.5000 -0.3758
vn 0.7550 0.2591 -0.6024
vn 0.6768 0.5003 -0.5401
vn 0.6022 0.2588 -0.7552
vn 0.5399 0.4999 -0.6772
vn 0.4191 0.2591 -0.8702
vn 0.3756 0.5002 -0.7802
vn 0.2147 0.2585 -0.9418
vn 0.1924 0.4997 -0.8446
vn -0.0001 0.2589 -0.9659
vn -0.0002 0.5001 -0.8660
vn -0.2149 0.2586 -0.9418
vn -0.1928 0.4999 -0.8443
vn -0.4193 0.2588 -0.8702
vn -0.3760 0.5001 -0.7801
vn -0.6023 0.2584 -0.7553
vn -0.5401 0.4997 -0.6772
vn -0.7553 0.2588 -0.6021
vn -0.6772 0.5000 -0.5397
vn -0.8703 0.2585 -0.4192
vn -0.7804 0.4996 -0.3759
vn -0.9419 0.2583 -0.2149
vn -0.8446 0.4995 -0.1927
vn -0.9660 0.2585 -0.0000
vn -0.8661 0.4998 0.0000
vn 0.7070 0.7073 0.0002
vn 0.8440 0.5004 -0.1927
vn 0.6891 0.7074 -0.1574
vn 0.7800 0.5005 -0.3756
vn 0.6367 0.7075 -0.3066
vn 0.6770 0.5005 -0.5396
vn 0.5526 0.7075 -0.4405
vn 0.5398 0.5004 -0.6769
vn 0.4405 0.7074 -0.5527
vn 0.3756 0.5005 -0.7800
vn 0.3065 0.7074 -0.6369
vn 0.1925 0.5002 -0.8442
vn 0.1571 0.7071 -0.6895
vn -0.0001 0.4998 -0.8661
vn -0.0002 0.7069 -0.7073
vn -0.1929 0.4997 -0.8444
vn -0.1576 0.7069 -0.6895
vn -0.3760 0.4996 -0.7804
vn -0.3071 0.7069 -0.6372
vn -0.5402 0.4998 -0.6770
vn -0.4412 0.7071 -0.5527
vn -0.6772 0.5005 -0.5393
vn -0.5529 0.7074 -0.4403
vn -0.7804 0.4996 -0.3761
vn -0.6374 0.7066 -0.3073
vn -0.8445 0.4997 -0.1927
vn -0.6896 0.7069 -0.1573
vn -0.8662 0.4998 0.0001
vn -0.7073 0.7070 0.0001
vn 0.4995 0.8663 -0.0000
vn 0.6892 0.7072 -0.1574
vn 0.4872 0.8662 -0.1113
vn 0.6370 0.7071 -0.3071
vn 0.4501 0.8662 -0.2171
vn 0.5523 0.7076 -0.4408
vn 0.3902 0.8664 -0.3116
vn 0.4407 0.7072 -0.5528
vn 0.3115 0.8661 -0.3910
vn 0.3065 0.7073 -0.6370
vn 0.2166 0.8661 -0.4505
vn 0.1571 0.7070 -0.6896
vn 0.1110 0.8660 -0.4876
vn -0.0002 0.7073 -0.7069
vn -0.0002 0.8662 -0.4996
vn -0.1576 0.7072 -0.6892
vn -0.1115 0.8661 -0.4872
vn -0.2173 0.8658 -0.4506
vn -0.4410 0.7069 -0.5530
vn -0.3120 0.8659 -0.3910
vn -0.5530 0.7070 -0.4408
vn -0.3913 0.8659 -0.3115
vn -0.6371 0.7072 -0.3065
vn -0.4506 0.8661 -0.2166
vn -0.6899 0.7066 -0.1574
vn -0.4881 0.8656 -0.1113
vn -0.7075 0.7067 0.0001
vn -0.5004 0.8658 0.0001
vn 0.2582 0.9661 0.0001
vn 0.4872 0.8662 -0.1111
vn 0.2520 0.9660 -0.0575
vn 0.4501 0.8662 -0.2170
vn 0.2328 0.9660 -0.1123
vn 0.3910 0.8660 -0.3116
vn 0.2024 0.9659 -0.1614
vn 0.3116 0.8660 -0.3911
vn 0.1611 0.9659 -0.2027
vn 0.2167 0.8659 -0.4508
vn 0.1120 0.9659 -0.2335
vn 0.0572 0.9659 -0.2525
vn -0.0003 0.8659 -0.5002
vn -0.0003 0.9659 -0.2590
vn -0.1115 0.8660 -0.4875
vn -0.0579 0.9659 -0.2522
vn -0.2172 0.8660 -0.4505
vn -0.1126 0.9659 -0.2330
vn -0.3119 0.8660 -0.3909
vn -0.1616 0.9659 -0.2022
vn -0.3912 0.8658 -0.3120
vn -0.2027 0.9658 -0.1616
vn -0.4508 0.8657 -0.2174
vn -0.2336 0.9658 -0.1127
vn -0.4875 0.8660 -0.1110
vn -0.2524 0.9659 -0.0573
vn -0.5003 0.8658 0.0002
vn -0.2593 0.9658 0.0001
vn 0.2518 0.9661 -0.0574
vn 0.2328 0.9660 -0.1124
vn 0.2019 0.9661 -0.1610
vn -0.0005 1.0000 0.0003
vn 0.1610 0.9661 -0.2019
vn -0.0004 1.0000 0.0004
vn 0.1118 0.9660 -0.2329
vn 0.0573 0.9659 -0.2527
vn -0.0002 1.0000 -0.0005
vn -0.0003 0.9658 -0.2592
vn -0.0579 0.9659 -0.2524
vn -0.1126 0.9659 -0.2333
vn -0.1618 0.9658 -0.2025
vn -0.2026 0.9659 -0.1611
vn -0.2333 0.9659 -0.1126
vn -0.2528 0.9658 -0.0577
vn -0.2590 0.9659 0.0003
vn -0.0000 1.0000 0.0003
vn -0.0001 1.0000 0.0005
vn -0.0001 1.0000 0.0003
vn 0.0002 1.0000 0.0004
vn -0.0008 1.0000 -0.0006
vn 1.0000 0.0001 0.0000
vn 0.9659 0.2589 -0.0000
vn 0.9661 0.2582 0.0000
vn 0.9657 0.2596 0.0000
vn 0.8661 0.4999 0.0000
vn 0.8656 0.5008 -0.0000
vn 0.7071 0.7071 0.0000
vn 0.7069 0.7073 -0.0000
vn 0.4999 0.8661 0.0000
vn 0.4997 0.8662 0.0000
vn 0.2584 0.9660 0.0000
vn -0.0001 1.0000 -0.0001
vn -0.2589 0.9659 -0.0001
vn -0.2524 0.9659 0.0575
vn -0.2595 0.9657 -0.0003
vn -0.5007 0.8656 -0.0003
vn -0.4881 0.8657 0.1110
vn -0.7075 0.7068 0.0000
vn -0.6897 0.7068 0.1574
vn -0.7073 0.7069 0.0000
vn -0.8662 0.4997 0.0000
vn -0.8445 0.4997 0.1927
vn -0.8659 0.5002 -0.0000
vn -0.9659 0.2590 0.0001
vn -0.9417 0.2590 0.2150
vn -0.9660 0.2586 -0.0002
vn -1.0000 -0.0002 -0.0002
vn -0.9960 -0.0002 0.0893
vn -0.9661 0.2582 -0.0001
vn -0.9960 -0.0008 0.0894
vn -0.9419 0.2582 0.2149
vn -0.9749 -0.0007 0.2224
vn -0.8704 0.2586 0.4189
vn -0.9749 -0.0012 0.2226
vn -0.9439 -0.0011 0.3304
vn -0.8703 0.2584 0.4193
vn -0.9008 -0.0005 0.4341
vn -0.7551 0.2587 0.6024
vn -0.9011 -0.0011 0.4336
vn -0.8347 -0.0008 0.5507
vn -0.7552 0.2589 0.6022
vn -0.7819 0.0003 0.6234
vn -0.6019 0.2591 0.7553
vn -0.7815 -0.0014 0.6239
vn -0.6742 -0.0010 0.7385
vn -0.6023 0.2585 0.7553
vn -0.6235 -0.0000 0.7818
vn -0.4190 0.2588 0.8703
vn -0.4735 0.0000 0.8808
vn -0.4737 -0.0003 0.8807
vn -0.4339 -0.0002 0.9010
vn -0.4191 0.2587 0.8703
vn -0.2440 0.0002 0.9698
vn -0.2148 0.2591 0.9417
vn -0.2442 0.0001 0.9697
vn -0.2225 0.0001 0.9749
vn -0.2150 0.2589 0.9417
vn 0.0001 0.0000 1.0000
vn -0.0000 0.2588 0.9659
vn 0.2226 0.0002 0.9749
vn 0.2148 0.2590 0.9417
vn 0.2442 0.0003 0.9697
vn 0.4190 0.2592 0.8702
vn 0.2440 0.0004 0.9698
vn 0.4339 0.0004 0.9010
vn 0.4191 0.2590 0.8702
vn 0.4738 0.0000 0.8806
vn 0.6024 0.2588 0.7551
vn 0.4734 0.0004 0.8809
vn 0.6234 0.0004 0.7819
vn 0.6021 0.2592 0.7552
vn 0.6747 0.0004 0.7381
vn 0.7553 0.2593 0.6020
vn 0.6744 0.0002 0.7384
vn 0.7818 0.0000 0.6235
vn 0.7551 0.2592 0.6022
vn 0.8346 0.0010 0.5508
vn 0.8701 0.2602 0.4187
vn 0.8346 -0.0001 0.5508
vn 0.9010 0.0003 0.4339
vn 0.8701 0.2592 0.4191
vn 0.9438 0.0008 0.3304
vn 0.9415 0.2596 0.2149
vn 0.9749 0.0007 0.2224
vn 0.9659 0.2588 -0.0001
vn 0.9960 -0.0003 0.0894
vn 1.0000 -0.0002 -0.0002
vn -0.8663 0.4995 0.0001
vn -0.9419 0.2583 0.2150
vn -0.8446 0.4995 0.1928
vn -0.8703 0.2588 0.4191
vn -0.7803 0.4999 0.3758
vn -0.7553 0.2584 0.6022
vn -0.6774 0.4995 0.5400
vn -0.6022 0.2585 0.7553
vn -0.5400 0.4997 0.6772
vn -0.4193 0.2587 0.8702
vn -0.3760 0.4999 0.7802
vn -0.2151 0.2589 0.9417
vn -0.1929 0.5000 0.8442
vn -0.0002 0.2589 0.9659
vn -0.0002 0.5001 0.8660
vn 0.2149 0.2588 0.9417
vn 0.1926 0.4999 0.8444
vn 0.4191 0.2588 0.8703
vn 0.3756 0.4999 0.7804
vn 0.6022 0.2587 0.7553
vn 0.5398 0.4999 0.6773
vn 0.7551 0.2588 0.6024
vn 0.6769 0.5000 0.5402
vn 0.8704 0.2578 0.4194
vn 0.7806 0.4992 0.3762
vn 0.9418 0.2586 0.2149
vn 0.8443 0.5001 0.1926
vn 0.9660 0.2586 -0.0000
vn -0.7071 0.7071 -0.0002
vn -0.8444 0.4998 0.1927
vn -0.6895 0.7070 0.1573
vn -0.7807 0.4995 0.3756
vn -0.6375 0.7068 0.3067
vn -0.6771 0.4999 0.5400
vn -0.5528 0.7072 0.4409
vn -0.5401 0.5001 0.6769
vn -0.4411 0.7072 0.5526
vn -0.3759 0.4996 0.7804
vn -0.3071 0.7068 0.6372
vn -0.1929 0.4997 0.8444
vn -0.1576 0.7070 0.6895
vn -0.0001 0.4999 0.8661
vn -0.0002 0.7071 0.7071
vn 0.1925 0.5002 0.8443
vn 0.1571 0.7072 0.6893
vn 0.3756 0.5003 0.7801
vn 0.3066 0.7073 0.6370
vn 0.5397 0.5003 0.6770
vn 0.4405 0.7073 0.5528
vn 0.6770 0.5002 0.5399
vn 0.5526 0.7073 0.4408
vn 0.7801 0.5003 0.3756
vn 0.6367 0.7075 0.3066
vn 0.8439 0.5006 0.1928
vn 0.6889 0.7076 0.1574
vn 0.8659 0.5002 -0.0002
vn 0.7071 0.7072 -0.0002
vn -0.5000 0.8660 -0.0001
vn -0.6894 0.7071 0.1573
vn -0.4876 0.8660 0.1112
vn -0.6374 0.7069 0.3067
vn -0.4508 0.8659 0.2168
vn -0.5529 0.7070 0.4409
vn -0.3910 0.8660 0.3116
vn -0.4412 0.7069 0.5528
vn -0.3122 0.8659 0.3909
vn -0.3071 0.7069 0.6372
vn -0.2174 0.8658 0.4506
vn -0.1576 0.7071 0.6893
vn -0.1116 0.8660 0.4874
vn -0.0002 0.7070 0.7072
vn -0.0003 0.8660 0.5000
vn 0.1110 0.8662 0.4872
vn 0.3066 0.7071 0.6372
vn 0.2167 0.8660 0.4505
vn 0.4406 0.7072 0.5530
vn 0.3115 0.8661 0.3909
vn 0.5524 0.7075 0.4408
vn 0.3904 0.8663 0.3116
vn 0.6368 0.7073 0.3069
vn 0.4502 0.8661 0.2171
vn 0.6890 0.7075 0.1573
vn 0.4870 0.8663 0.1113
vn 0.7069 0.7073 -0.0002
vn 0.4998 0.8661 -0.0002
vn -0.2588 0.9659 -0.0001
vn -0.4874 0.8660 0.1113
vn -0.2523 0.9659 0.0576
vn -0.4510 0.8657 0.2173
vn -0.2337 0.9658 0.1126
vn -0.3913 0.8658 0.3120
vn -0.2027 0.9658 0.1615
vn -0.3120 0.8660 0.3908
vn -0.1616 0.9659 0.2021
vn -0.2172 0.8662 0.4501
vn -0.1126 0.9660 0.2328
vn -0.1115 0.8659 0.4876
vn -0.0579 0.9659 0.2525
vn -0.0003 0.8661 0.4999
vn -0.0003 0.9660 0.2586
vn 0.1110 0.8661 0.4874
vn 0.0573 0.9659 0.2523
vn 0.2167 0.8660 0.4507
vn 0.1120 0.9659 0.2334
vn 0.3116 0.8660 0.3910
vn 0.1612 0.9659 0.2026
vn 0.3908 0.8658 0.3124
vn 0.2022 0.9658 0.1621
vn 0.4504 0.8661 0.2168
vn 0.2330 0.9660 0.1120
vn 0.4873 0.8661 0.1115
vn 0.2521 0.9660 0.0578
vn 0.4994 0.8664 0.0000
vn 0.2580 0.9661 -0.0001
vn -0.2529 0.9658 0.0576
vn -0.2334 0.9659 0.1121
vn -0.2025 0.9659 0.1616
vn -0.1619 0.9658 0.2027
vn -0.1126 0.9659 0.2330
vn -0.0579 0.9659 0.2523
vn -0.0003 0.9658 0.2591
vn 0.0573 0.9660 0.2522
vn 0.1119 0.9661 0.2326
vn 0.1610 0.9661 0.2017
vn 0.2020 0.9660 0.1613
vn 0.2328 0.9660 0.1122
vn 0.2520 0.9660 0.0574
vn 0.2584 0.9660 -0.0001
vn -0.6848 -0.0002 0.7288
vn -0.6745 -0.0002 0.7383
vn -0.6743 -0.0002 0.7385
vn -0.0445 -0.0000 0.9990
vn 1.0000 0.0003 -0.0001
vn 0.9960 0.0003 0.0894
vn 0.9960 0.0003 0.0895
vn 0.9960 0.0001 0.0896
vn 0.9749 0.0003 0.2225
vn 0.9439 0.0003 0.3303
vn 0.9749 0.0003 0.2226
vn 0.9439 0.0003 0.3302
vn 0.9011 0.0003 0.4337
vn 0.8346 0.0003 0.5509
vn 0.9009 0.0003 0.4340
vn 0.8345 0.0003 0.5510
vn 0.7818 0.0003 0.6235
vn 0.7308 0.0002 0.6826
vn 0.6745 0.0002 0.7383
vn 0.6747 0.0002 0.7381
vn 0.5076 0.0002 0.8616
vn 0.6155 0.0000 0.7882
vn 0.4737 0.0002 0.8807
vn 0.6237 -0.0001 0.7817
vn 0.6235 0.0002 0.7818
vn 0.6234 0.0002 0.7819
vn 0.6250 0.0002 0.7806
vn 0.6745 0.0001 0.7383
vn 0.6303 0.0000 0.7764
vn 0.5074 0.0002 0.8617
vn 0.4736 0.0008 0.8807
vn 0.4739 0.0002 0.8806
vn 0.4339 0.0003 0.9010
vn 0.3719 0.0001 0.9283
vn 0.2441 0.0001 0.9697
vn 0.3448 0.0001 0.9387
vn -0.0001 -0.0000 1.0000
vn 0.1001 0.0000 0.9950
vn 0.2190 -0.0000 0.9757
vn 0.2224 0.0001 0.9749
vn 0.2246 0.0001 0.9744
vn 0.2440 0.0002 0.9698
vn 0.2442 0.0000 0.9697
vn 0.3446 0.0001 0.9388
vn -0.3468 -0.0001 0.9379
vn -0.2441 -0.0001 0.9697
vn -0.4655 -0.0002 0.8851
vn -0.4337 -0.0002 0.9011
vn -0.4734 -0.0002 0.8809
vn -0.4736 -0.0002 0.8807
vn -0.5761 -0.0002 0.8173
vn -0.3463 -0.0001 0.9381
vn -0.3327 -0.0001 0.9430
vn -0.2443 -0.0001 0.9697
vn -0.2444 -0.0001 0.9697
vn -0.2225 -0.0004 0.9749
vn -0.2191 -0.0001 0.9757
vn -0.1900 -0.0001 0.9818
vn -0.6745 -0.0003 0.7383
vn -0.6747 -0.0002 0.7381
vn -0.6236 -0.0002 0.7818
vn -0.6307 -0.0001 0.7760
vn -0.6150 -0.0002 0.7885
vn -0.5761 -0.0002 0.8174
vn -0.6850 -0.0002 0.7286
vn -0.7307 -0.0003 0.6827
vn -0.7818 -0.0002 0.6235
vn -0.8346 -0.0003 0.5509
vn -0.7819 -0.0003 0.6234
vn -0.8345 -0.0003 0.5509
vn -0.9010 -0.0003 0.4338
vn -0.9439 -0.0003 0.3303
vn -0.9010 -0.0003 0.4339
vn -0.9749 -0.0003 0.2226
vn -0.9960 -0.0003 0.0897
vn -0.9749 -0.0003 0.2225
vn -0.9960 -0.0003 0.0895
vn -0.9960 -0.0003 0.0896
vn -1.0000 -0.0003 -0.0001
vn 0.0001 1.0000 0.0000
vn -0.2588 0.9659 -0.0000
vn -0.2595 0.9658 0.0000
vn -0.2591 0.9659 -0.0000
vn -0.5002 0.8659 -0.0000
vn -0.5003 0.8658 -0.0000
vn -0.7072 0.7070 0.0000
vn -0.8664 0.4994 0.0000
vn -0.9662 0.2580 0.0000
vn -1.0000 0.0001 -0.0000
vn 0.6851 0.0002 -0.7285
vn 0.6748 0.0002 -0.7380
vn 0.6746 0.0002 -0.7382
vn -1.0000 -0.0003 0.0001
vn -0.9960 -0.0003 -0.0894
vn -0.9960 -0.0003 -0.0895
vn -0.9960 -0.0005 -0.0896
vn -0.9749 -0.0003 -0.2225
vn -0.9439 -0.0003 -0.3303
vn -0.9749 -0.0004 -0.2226
vn -0.9439 -0.0003 -0.3302
vn -0.9011 -0.0003 -0.4337
vn -0.8346 -0.0003 -0.5509
vn -0.9009 -0.0003 -0.4340
vn -0.8345 -0.0003 -0.5510
vn -0.7819 -0.0002 -0.6235
vn -0.7307 -0.0002 -0.6828
vn -0.6745 -0.0002 -0.7383
vn -0.6745 -0.0002 -0.7382
vn -0.5075 -0.0002 -0.8616
vn -0.6160 -0.0002 -0.7877
vn -0.4737 -0.0002 -0.8807
vn -0.6249 -0.0001 -0.7807
vn -0.6235 -0.0002 -0.7818
vn -0.6246 -0.0002 -0.7810
vn -0.6745 -0.0003 -0.7383
vn -0.6301 -0.0004 -0.7765
vn -0.6747 -0.0002 -0.7381
vn -0.5071 -0.0002 -0.8619
vn -0.4737 0.0005 -0.8807
vn -0.4738 -0.0002 -0.8806
vn -0.4339 -0.0000 -0.9009
vn -0.3718 -0.0001 -0.9283
vn -0.2442 -0.0001 -0.9697
vn -0.3444 -0.0002 -0.9388
vn -0.2184 -0.0002 -0.9759
vn -0.2244 -0.0001 -0.9745
vn -0.2441 -0.0000 -0.9697
vn -0.2444 -0.0001 -0.9697
vn -0.3446 -0.0001 -0.9387
vn 0.0445 0.0000 -0.9990
vn 0.0001 -0.0000 -1.0000
vn -0.1001 -0.0000 -0.9950
vn -0.2188 -0.0001 -0.9758
vn 0.3467 0.0001 -0.9380
vn 0.2441 0.0001 -0.9697
vn 0.4663 0.0002 -0.8846
vn 0.4337 0.0001 -0.9011
vn 0.4743 0.0001 -0.8803
vn 0.4735 0.0002 -0.8808
vn 0.5761 0.0002 -0.8174
vn 0.3472 0.0002 -0.9378
vn 0.3331 0.0001 -0.9429
vn 0.2443 0.0001 -0.9697
vn 0.2225 -0.0002 -0.9749
vn 0.2189 0.0000 -0.9758
vn 0.1899 0.0001 -0.9818
vn 0.6745 0.0002 -0.7383
vn 0.6747 0.0002 -0.7381
vn 0.6236 0.0002 -0.7818
vn 0.6307 0.0003 -0.7760
vn 0.4736 0.0002 -0.8807
vn 0.6150 0.0002 -0.7885
vn 0.7308 0.0002 -0.6826
vn 0.7818 0.0003 -0.6235
vn 0.8346 0.0003 -0.5509
vn 0.7819 0.0003 -0.6234
vn 0.8345 0.0003 -0.5509
vn 0.9010 0.0003 -0.4338
vn 0.9439 0.0003 -0.3303
vn 0.9010 0.0003 -0.4339
vn 0.9439 0.0004 -0.3303
vn 0.9749 0.0003 -0.2226
vn 0.9960 0.0003 -0.0897
vn 0.9749 0.0003 -0.2225
vn 0.9960 0.0003 -0.0895
vn 0.9960 0.0004 -0.0896
vn 1.0000 0.0003 0.0001
usemtl standardSurface1
s 1
f 1/1/1 3/2/2 2/3/2
f 4/4/3 5/5/4 6/6/5
f 5/5/4 7/7/6 6/6/5
f 6/6/5 7/7/6 8/8/7
f 7/7/6 9/9/8 8/8/7
f 8/8/7 9/9/8 10/10/9
f 9/9/8 11/11/10 10/10/9
f 10/10/9 11/11/10 12/12/11
f 11/11/10 13/13/12 12/12/11
f 12/12/11 13/13/12 14/14/13
f 13/13/12 15/15/14 14/14/13
f 14/14/13 15/15/14 16/16/15
f 15/15/14 17/17/13 16/16/15
f 16/16/15 17/17/13 18/18/16
f 17/17/13 19/19/6 18/18/16
f 18/18/16 19/19/6 20/20/13
f 19/19/6 21/21/8 20/20/13
f 20/20/13 21/21/8 22/22/17
f 21/21/8 23/23/18 22/22/17
f 22/22/17 23/23/18 24/24/19
f 23/23/18 25/25/20 24/24/19
f 24/24/19 25/25/20 26/26/21
f 25/25/20 27/27/22 26/26/21
f 28/28/23 29/29/23 30/30/23
f 31/31/24 32/32/24 33/33/24
f 34/34/25 35/35/25 36/36/25
f 37/37/20 38/38/20 39/39/20
f 38/38/20 40/40/23 39/39/20
f 41/41/20 42/42/8 43/43/20
f 42/42/8 44/44/8 43/43/20
f 43/43/20 44/44/8 45/45/20
f 46/46/18 47/47/14 48/48/26
f 47/47/14 49/49/27 48/48/26
f 48/48/26 49/49/27 50/50/10
f 51/51/28 52/52/28 53/53/28
f 54/54/23 55/55/23 56/56/23
f 57/57/8 58/58/8 59/59/8
f 58/58/8 60/60/29 59/59/8
f 59/59/8 60/60/29 61/61/30
f 62/62/20 63/63/20 64/64/8
f 63/63/20 65/65/8 64/64/8
f 64/64/8 65/65/8 66/66/8
f 67/67/31 68/68/20 69/69/20
f 68/68/20 70/70/24 69/69/20
f 69/69/20 70/70/24 71/71/24
f 72/72/24 73/73/32 74/74/20
f 73/73/32 75/75/8 74/74/20
f 74/74/20 75/75/8 76/76/20
f 75/75/8 77/77/23 76/76/20
f 76/76/20 77/77/23 78/78/33
f 79/79/20 80/80/20 81/81/20
f 80/80/20 82/82/20 81/81/20
f 81/81/20 82/82/20 83/83/31
f 82/82/20 84/84/34 83/83/31
f 83/83/31 84/84/34 85/85/24
f 84/84/34 86/86/24 85/85/24
f 87/87/20 88/88/20 89/89/20
f 88/88/20 90/90/23 89/89/20
f 91/91/35 92/92/23 93/93/31
f 92/92/23 94/94/31 93/93/31
f 93/93/31 94/94/31 95/95/36
f 96/96/37 97/97/24 98/98/38
f 97/97/24 99/99/20 98/98/38
f 98/98/38 99/99/20 100/100/38
f 99/99/20 101/101/20 100/100/38
f 100/100/38 101/101/20 102/102/39
f 101/101/20 103/103/20 102/102/39
f 102/102/39 103/103/20 104/104/18
f 103/103/20 105/105/24 104/104/18
f 106/106/20 107/107/20 108/108/23
f 107/107/20 109/109/23 108/108/23
f 108/108/23 109/109/23 110/110/23
f 109/109/23 111/111/23 110/110/23
f 110/110/23 111/111/23 112/112/20
f 111/111/23 113/113/20 112/112/20
f 112/112/20 113/113/20 114/114/23
f 115/115/40 116/116/20 117/117/20
f 116/116/20 118/118/23 117/117/20
f 117/117/20 118/118/23 119/119/23
f 118/118/23 120/120/37 119/119/23
f 119/119/23 120/120/37 121/121/23
f 122/122/36 123/123/36 124/124/36
f 125/125/14 126/126/14 127/127/14
f 128/128/24 129/129/24 130/130/24
f 131/131/23 132/132/23 133/133/23
f 134/134/37 135/135/37 136/136/37
f 137/137/23 138/138/20 139/139/8
f 138/138/20 140/140/20 139/139/8
f 139/139/8 140/140/20 141/141/8
f 140/140/20 142/142/31 141/141/8
f 141/141/8 142/142/31 143/143/31
f 144/144/8 145/145/8 146/146/8
f 147/147/36 148/148/20 149/149/41
f 148/148/20 150/150/9 149/149/41
f 149/149/41 150/150/9 151/151/10
f 152/152/30 153/153/30 154/154/30
f 155/155/24 156/156/20 157/157/20
f 156/156/20 158/158/23 157/157/20
f 159/159/23 160/160/23 161/161/23
f 162/162/20 163/163/8 164/164/20
f 163/163/8 165/165/20 164/164/20
f 164/164/20 165/165/20 166/166/36
f 167/167/20 168/168/23 169/169/20
f 168/168/23 170/170/23 169/169/20
f 169/169/20 170/170/23 171/171/20
f 172/172/42 173/173/42 174/174/42
f 175/175/43 176/176/44 177/177/36
f 176/176/44 178/178/36 177/177/36
f 177/177/36 178/178/36 179/179/36
f 180/180/42 181/181/42 182/182/20
f 181/181/42 183/183/20 182/182/20
f 182/182/20 183/183/20 184/184/24
f 185/185/20 186/186/20 187/187/20
f 186/186/20 188/188/23 187/187/20
f 189/189/23 190/190/20 191/191/33
f 190/190/20 192/192/20 191/191/33
f 191/191/33 192/192/20 193/193/18
f 192/192/20 194/194/32 193/193/18
f 195/195/24 196/196/35 197/197/20
f 196/196/35 198/198/37 197/197/20
f 197/197/20 198/198/37 199/199/24
f 198/198/37 200/200/23 199/199/24
f 199/199/24 200/200/23 201/201/35
f 200/200/23 202/202/24 201/201/35
f 201/201/35 202/202/24 203/203/45
f 202/202/24 204/204/31 203/203/45
f 203/203/45 204/204/31 205/205/23
f 204/204/31 206/206/20 205/205/23
f 205/205/23 206/206/20 207/207/20
f 206/206/20 208/208/31 207/207/20
f 209/209/23 210/210/23 211/211/23
f 210/210/23 212/212/23 211/211/23
f 211/211/23 212/212/23 213/213/20
f 212/212/23 214/214/20 213/213/20
f 213/213/20 214/214/20 215/215/20
f 214/214/20 216/216/20 215/215/20
f 215/215/20 216/216/20 217/217/20
f 216/216/20 218/218/20 217/217/20
f 217/217/20 218/218/20 219/219/20
f 220/220/46 221/221/46 222/222/46
f 223/223/47 224/224/47 225/225/47
f 226/226/48 227/227/48 228/228/48
f 229/229/49 230/230/50 231/231/51
f 230/230/50 232/232/52 231/231/51
f 231/231/51 232/232/52 233/233/53
f 234/234/54 235/235/52 236/236/55
f 235/235/52 237/237/56 236/236/55
f 236/236/55 237/237/56 238/238/49
f 239/239/57 240/240/58 241/241/48
f 240/240/58 242/242/59 241/241/48
f 241/241/48 242/242/59 243/243/60
f 244/244/61 245/245/62 246/246/48
f 245/245/62 247/247/63 246/246/48
f 246/246/48 247/247/63 248/248/64
f 249/249/48 250/250/65 251/251/66
f 250/250/65 252/252/67 251/251/66
f 251/251/66 252/252/67 253/253/68
f 254/254/67 255/255/69 256/256/70
f 255/255/69 257/257/71 256/256/70
f 256/256/70 257/257/71 258/258/72
f 259/259/71 260/260/71 261/261/73
f 260/260/71 262/262/74 261/261/73
f 261/261/73 262/262/74 263/263/74
f 264/264/74 265/265/74 266/266/75
f 265/265/74 267/267/76 266/266/75
f 266/266/75 267/267/76 268/268/76
f 269/269/77 270/270/76 271/271/78
f 270/270/76 272/272/79 271/271/78
f 271/271/78 272/272/79 273/273/80
f 274/274/81 275/275/80 276/276/82
f 275/275/80 277/277/83 276/276/82
f 276/276/82 277/277/83 278/278/84
f 279/279/85 280/280/86 281/281/87
f 280/280/86 282/282/88 281/281/87
f 281/281/87 282/282/88 283/283/89
f 284/284/88 285/285/88 286/286/90
f 285/285/88 287/287/91 286/286/90
f 286/286/90 287/287/91 288/288/91
f 289/289/91 290/290/92 291/291/93
f 290/290/92 292/292/94 291/291/93
f 291/291/93 292/292/94 293/293/94
f 294/294/94 295/295/94 296/296/95
f 295/295/94 297/297/96 296/296/95
f 296/296/95 297/297/96 298/298/96
f 299/299/97 300/300/96 301/301/98
f 300/300/96 302/302/99 301/301/98
f 301/301/98 302/302/99 303/303/100
f 304/304/101 305/305/99 306/306/102
f 305/305/99 307/307/103 306/306/102
f 306/306/102 307/307/103 308/308/104
f 309/309/105 310/310/105 311/311/106
f 312/312/103 313/313/103 314/314/107
f 313/313/103 315/315/103 314/314/107
f 314/314/107 315/315/103 316/316/108
f 315/315/103 317/317/109 316/316/108
f 318/318/110 319/319/111 320/320/112
f 319/319/111 321/321/113 320/320/112
f 322/322/114 323/323/115 324/324/116
f 323/323/115 325/325/117 324/324/116
f 324/324/116 325/325/117 326/326/118
f 325/325/117 327/327/119 326/326/118
f 328/328/120 329/329/121 330/330/122
f 329/329/121 331/331/123 330/330/122
f 330/330/122 331/331/123 332/332/124
f 331/331/123 333/333/125 332/332/124
f 334/334/126 335/335/84 336/336/87
f 335/335/84 337/337/127 336/336/87
f 336/336/87 337/337/127 338/338/89
f 339/339/88 340/340/88 341/341/90
f 340/340/88 342/342/91 341/341/90
f 341/341/90 342/342/91 343/343/92
f 344/344/91 345/345/91 346/346/93
f 345/345/91 347/347/94 346/346/93
f 346/346/93 347/347/94 348/348/94
f 349/349/94 350/350/94 351/351/128
f 350/350/94 352/352/96 351/351/128
f 351/351/128 352/352/96 353/353/96
f 354/354/129 355/355/130 356/356/98
f 355/355/130 357/357/99 356/356/98
f 356/356/98 357/357/99 358/358/100
f 359/359/131 360/360/99 361/361/102
f 360/360/99 362/362/103 361/361/102
f 361/361/102 362/362/103 363/363/104
f 364/364/132 365/365/103 366/366/133
f 365/365/103 367/367/134 366/366/133
f 366/366/133 367/367/134 368/368/135
f 369/369/136 370/370/137 371/371/138
f 370/370/137 372/372/139 371/371/138
f 371/371/138 372/372/139 373/373/140
f 374/374/141 375/375/141 376/376/142
f 375/375/141 377/377/143 376/376/142
f 376/376/142 377/377/143 378/378/144
f 379/379/143 380/380/143 381/381/145
f 380/380/143 382/382/146 381/381/145
f 381/381/145 382/382/146 383/383/146
f 384/384/147 385/385/148 386/386/149
f 385/385/148 387/387/150 386/386/149
f 386/386/149 387/387/150 388/388/151
f 389/389/151 390/390/152 391/391/153
f 390/390/152 392/392/154 391/391/153
f 391/391/153 392/392/154 393/393/155
f 394/394/156 395/395/157 396/396/35
f 395/395/157 397/397/35 396/396/35
f 396/396/35 397/397/35 398/398/158
f 397/397/35 399/399/158 398/398/158
f 398/398/158 399/399/158 400/400/159
f 399/399/158 401/401/159 400/400/159
f 400/400/159 401/401/159 402/402/35
f 401/401/159 403/403/35 402/402/35
f 402/402/35 403/403/35 404/404/42
f 403/403/35 405/405/42 404/404/42
f 404/404/42 405/405/42 406/406/42
f 405/405/42 407/407/42 406/406/42
f 406/406/42 407/407/42 408/408/160
f 407/407/42 409/409/160 408/408/160
f 408/408/160 409/409/160 410/410/35
f 409/409/160 411/411/35 410/410/35
f 410/410/35 411/411/35 412/412/158
f 411/411/35 413/413/158 412/412/158
f 412/412/158 413/413/158 414/414/161
f 413/413/158 415/415/161 414/414/161
f 414/414/161 415/415/161 416/416/160
f 415/415/161 417/417/160 416/416/160
f 418/418/162 419/419/162 420/420/162
f 421/421/163 422/422/164 423/423/33
f 422/422/164 424/424/23 423/423/33
f 423/423/33 424/424/23 425/425/165
f 424/424/23 426/426/166 425/425/165
f 425/425/165 426/426/166 427/427/167
f 426/426/166 428/428/168 427/427/167
f 427/427/167 428/428/168 429/429/169
f 428/428/168 430/430/11 429/429/169
f 429/429/169 430/430/11 431/431/33
f 430/430/11 432/432/14 431/431/33
f 431/431/33 432/432/14 433/433/170
f 432/432/14 434/434/13 433/433/170
f 433/433/170 434/434/13 435/435/168
f 434/434/13 436/436/171 435/435/168
f 435/435/168 436/436/171 437/437/31
f 436/436/171 438/438/31 437/437/31
f 437/437/31 438/438/31 439/439/165
f 438/438/31 440/440/9 439/439/165
f 439/439/165 440/440/9 441/441/10
f 440/440/9 442/442/21 441/441/10
f 441/441/10 442/442/21 443/443/22
f 444/444/35 445/445/35 446/446/35
f 445/445/35 447/447/14 446/446/35
f 446/446/35 447/447/14 448/448/172
f 447/447/14 449/449/172 448/448/172
f 448/448/172 449/449/172 450/450/173
f 449/449/172 451/451/24 450/450/173
f 450/450/173 451/451/24 452/452/42
f 451/451/24 453/453/32 452/452/42
f 452/452/42 453/453/32 454/454/42
f 453/453/32 455/455/42 454/454/42
f 454/454/42 455/455/42 456/456/42
f 455/455/42 457/457/24 456/456/42
f 456/456/42 457/457/24 458/458/174
f 457/457/24 459/459/24 458/458/174
f 458/458/174 459/459/24 460/460/175
f 459/459/24 461/461/176 460/460/175
f 460/460/175 461/461/176 462/462/172
f 461/461/176 463/463/177 462/462/172
f 462/462/172 463/463/177 464/464/35
f 463/463/177 465/465/161 464/464/35
f 464/464/35 465/465/161 466/466/161
f 467/467/178 468/468/179 469/469/180
f 470/470/181 471/471/182 472/472/183
f 473/473/184 474/474/185 475/475/186
f 476/476/187 477/477/188 478/478/189
f 479/479/190 480/480/191 481/481/192
f 482/482/193 483/483/194 484/484/195
f 485/485/28 486/486/196 487/487/197
f 488/488/198 489/489/199 490/490/200
f 491/491/201 492/492/202 493/493/203
f 494/494/204 495/495/205 496/496/206
f 497/497/207 498/498/208 499/499/209
f 500/500/210 501/501/211 502/502/212
f 503/503/213 504/504/214 505/505/215
f 506/506/216 507/507/217 508/508/218
f 509/509/219 510/510/220 511/511/221
f 512/512/222 513/513/223 514/514/224
f 515/515/225 516/516/226 517/517/227
f 516/516/226 518/518/228 517/517/227
f 517/517/227 518/518/228 519/519/229
f 518/518/228 520/520/230 519/519/229
f 519/519/229 520/520/230 521/521/231
f 522/522/232 523/523/233 524/524/234
f 523/523/233 525/525/235 524/524/234
f 524/524/234 525/525/235 526/526/236
f 525/525/235 527/527/237 526/526/236
f 526/526/236 527/527/237 528/528/238
f 529/529/239 530/530/240 531/531/241
f 530/530/240 532/532/242 531/531/241
f 531/531/241 532/532/242 533/533/243
f 532/532/242 534/534/244 533/533/243
f 533/533/243 534/534/244 535/535/245
f 536/536/246 537/537/59 538/538/247
f 539/539/248 540/540/249 541/541/250
f 542/542/251 543/543/252 544/544/253
f 545/545/254 546/546/255 547/547/256
f 546/546/255 548/548/257 547/547/256
f 547/547/256 548/548/257 549/549/258
f 548/548/257 550/550/259 549/549/258
f 549/549/258 550/550/259 551/551/260
f 550/550/259 552/552/261 551/551/260
f 551/551/260 552/552/261 553/553/262
f 552/552/261 554/554/263 553/553/262
f 553/553/262 554/554/263 555/555/264
f 556/556/265 557/557/73 558/558/266
f 557/557/73 559/559/267 558/558/266
f 558/558/266 559/559/267 560/560/268
f 559/559/267 561/561/269 560/560/268
f 560/560/268 561/561/269 562/562/270
f 563/563/271 564/564/272 565/565/273
f 564/564/272 566/566/274 565/565/273
f 565/565/273 566/566/274 567/567/275
f 566/566/274 568/568/276 567/567/275
f 567/567/275 568/568/276 569/569/277
f 568/568/276 570/570/278 569/569/277
f 569/569/277 570/570/278 571/571/279
f 570/570/278 572/572/280 571/571/279
f 571/571/279 572/572/280 573/573/57
f 574/574/281 575/575/282 576/576/255
f 577/577/283 578/578/284 579/579/285
f 580/580/286 581/581/287 582/582/288
f 581/581/287 583/583/283 582/582/288
f 582/582/288 583/583/283 584/584/289
f 583/583/283 585/585/290 584/584/289
f 586/586/291 587/587/292 588/588/293
f 587/587/292 589/589/283 588/588/293
f 588/588/293 589/589/283 590/590/294
f 589/589/283 591/591/295 590/590/294
f 590/590/294 591/591/295 592/592/296
f 593/593/297 594/594/298 595/595/299
f 594/594/298 596/596/300 595/595/299
f 595/595/299 596/596/300 597/597/301
f 596/596/300 598/598/302 597/597/301
f 597/597/301 598/598/302 599/599/248
f 598/598/302 600/600/303 599/599/248
f 599/599/248 600/600/303 601/601/304
f 602/602/305 603/603/306 604/604/307
f 603/603/306 605/605/308 604/604/307
f 604/604/307 605/605/308 606/606/309
f 605/605/308 607/607/310 606/606/309
f 606/606/309 607/607/310 608/608/311
f 607/607/310 609/609/312 608/608/311
f 608/608/311 609/609/312 610/610/313
f 609/609/312 611/611/250 610/610/313
f 610/610/313 611/611/250 612/612/314
f 613/613/315 614/614/316 615/615/317
f 614/614/316 616/616/318 615/615/317
f 615/615/317 616/616/318 617/617/319
f 616/616/318 618/618/320 617/617/319
f 617/617/319 618/618/320 619/619/321
f 618/618/320 620/620/322 619/619/321
f 619/619/321 620/620/322 621/621/323
f 620/620/322 622/622/313 621/621/323
f 621/621/323 622/622/313 623/623/324
f 622/622/313 624/624/325 623/623/324
f 623/623/324 624/624/325 625/625/326
f 626/626/327 627/627/328 628/628/329
f 627/627/328 629/629/330 628/628/329
f 628/628/329 629/629/330 630/630/331
f 629/629/330 631/631/332 630/630/331
f 630/630/331 631/631/332 632/632/333
f 631/631/332 633/633/334 632/632/333
f 632/632/333 633/633/334 634/634/335
f 633/633/334 635/635/323 634/634/335
f 634/634/335 635/635/323 636/636/336
f 635/635/323 637/637/212 636/636/336
f 636/636/336 637/637/212 638/638/337
f 637/637/212 639/639/338 638/638/337
f 638/638/337 639/639/338 640/640/339
f 641/641/340 642/642/15 643/643/341
f 642/642/15 644/644/342 643/643/341
f 643/643/341 644/644/342 645/645/343
f 644/644/342 646/646/344 645/645/343
f 645/645/343 646/646/344 647/647/345
f 646/646/344 648/648/346 647/647/345
f 647/647/345 648/648/346 649/649/347
f 648/648/346 650/650/348 649/649/347
f 649/649/347 650/650/348 651/651/349
f 650/650/348 652/652/350 651/651/349
f 651/651/349 652/652/350 653/653/351
f 652/652/350 654/654/352 653/653/351
f 653/653/351 654/654/352 655/655/353
f 656/656/354 657/657/355 658/658/356
f 657/657/355 659/659/357 658/658/356
f 658/658/356 659/659/357 660/660/358
f 659/659/357 661/661/359 660/660/358
f 660/660/358 661/661/359 662/662/360
f 661/661/359 663/663/361 662/662/360
f 662/662/360 663/663/361 664/664/362
f 663/663/361 665/665/363 664/664/362
f 664/664/362 665/665/363 666/666/364
f 665/665/363 667/667/365 666/666/364
f 666/666/364 667/667/365 668/668/366
f 667/667/365 669/669/367 668/668/366
f 668/668/366 669/669/367 670/670/368
f 671/671/369 672/672/370 673/673/371
f 672/672/370 674/674/372 673/673/371
f 673/673/371 674/674/372 675/675/373
f 674/674/372 676/676/374 675/675/373
f 675/675/373 676/676/374 677/677/375
f 676/676/374 678/678/360 677/677/375
f 677/677/375 678/678/360 679/679/376
f 678/678/360 680/680/377 679/679/376
f 679/679/376 680/680/377 681/681/378
f 680/680/377 682/682/379 681/681/378
f 681/681/378 682/682/379 683/683/380
f 682/682/379 684/684/381 683/683/380
f 683/683/380 684/684/381 685/685/382
f 686/686/383 687/687/384 688/688/385
f 687/687/384 689/689/386 688/688/385
f 688/688/385 689/689/386 690/690/387
f 689/689/386 691/691/388 690/690/387
f 690/690/387 691/691/388 692/692/389
f 691/691/388 693/693/390 692/692/389
f 692/692/389 693/693/390 694/694/391
f 693/693/390 695/695/392 694/694/391
f 694/694/391 695/695/392 696/696/393
f 695/695/392 697/697/394 696/696/393
f 696/696/393 697/697/394 698/698/395
f 697/697/394 699/699/396 698/698/395
f 698/698/395 699/699/396 700/700/397
f 701/701/398 702/702/399 703/703/400
f 702/702/399 704/704/401 703/703/400
f 703/703/400 704/704/401 705/705/402
f 704/704/401 706/706/403 705/705/402
f 705/705/402 706/706/403 707/707/404
f 706/706/403 708/708/405 707/707/404
f 707/707/404 708/708/405 709/709/406
f 708/708/405 710/710/407 709/709/406
f 709/709/406 710/710/407 711/711/408
f 710/710/407 712/712/409 711/711/408
f 711/711/408 712/712/409 713/713/410
f 712/712/409 714/714/411 713/713/410
f 713/713/410 714/714/411 715/715/412
f 716/716/413 717/717/414 718/718/415
f 717/717/414 719/719/416 718/718/415
f 718/718/415 719/719/416 720/720/262
f 719/719/416 721/721/417 720/720/262
f 720/720/262 721/721/417 722/722/418
f 721/721/417 723/723/419 722/722/418
f 722/722/418 723/723/419 724/724/420
f 723/723/419 725/725/421 724/724/420
f 724/724/420 725/725/421 726/726/422
f 725/725/421 727/727/423 726/726/422
f 726/726/422 727/727/423 728/728/424
f 727/727/423 729/729/425 728/728/424
f 728/728/424 729/729/425 730/730/55
f 731/731/426 732/732/427 733/733/428
f 732/732/427 734/734/429 733/733/428
f 733/733/428 734/734/429 735/735/430
f 734/734/429 736/736/263 735/735/430
f 735/735/430 736/736/263 737/737/431
f 736/736/263 738/738/432 737/737/431
f 739/739/433 740/740/433 741/741/434
f 740/740/433 742/742/285 741/741/434
f 741/741/434 742/742/285 743/743/435
f 744/744/295 745/745/285 746/746/436
f 745/745/285 747/747/303 746/746/436
f 746/746/436 747/747/303 748/748/437
f 749/749/303 750/750/303 751/751/249
f 750/750/303 752/752/250 751/751/249
f 751/751/249 752/752/250 753/753/250
f 754/754/250 755/755/250 756/756/438
f 755/755/250 757/757/439 756/756/438
f 756/756/438 757/757/439 758/758/439
f 759/759/210 760/760/439 761/761/440
f 760/760/439 762/762/441 761/761/440
f 761/761/440 762/762/441 763/763/441
f 764/764/442 765/765/441 766/766/443
f 765/765/441 767/767/46 766/766/443
f 766/766/443 767/767/46 768/768/444
f 769/769/48 770/770/46 771/771/66
f 770/770/46 772/772/67 771/771/66
f 771/771/66 772/772/67 773/773/68
f 774/774/67 775/775/69 776/776/70
f 775/775/69 777/777/71 776/776/70
f 776/776/70 777/777/71 778/778/445
f 779/779/71 780/780/71 781/781/73
f 780/780/71 782/782/74 781/781/73
f 781/781/73 782/782/74 783/783/74
f 784/784/74 785/785/74 786/786/75
f 785/785/74 787/787/76 786/786/75
f 786/786/75 787/787/76 788/788/76
f 789/789/446 790/790/76 791/791/78
f 790/790/76 792/792/79 791/791/78
f 791/791/78 792/792/79 793/793/80
f 794/794/79 795/795/80 796/796/447
f 795/795/80 797/797/448 796/796/447
f 796/796/447 797/797/448 798/798/84
f 799/799/449 800/800/450 801/801/451
f 802/802/452 803/803/453 804/804/454
f 805/805/455 806/806/456 807/807/457
f 808/808/458 809/809/459 810/810/460
f 811/811/461 812/812/462 813/813/463
f 814/814/464 815/815/465 816/816/466
f 817/817/19 818/818/467 819/819/468
f 820/820/469 821/821/470 822/822/471
f 823/823/472 824/824/473 825/825/474
f 826/826/475 827/827/476 828/828/477
f 829/829/478 830/830/479 831/831/480
f 832/832/481 833/833/482 834/834/483
f 835/835/484 836/836/485 837/837/486
f 838/838/487 839/839/488 840/840/489
f 841/841/490 842/842/491 843/843/492
f 844/844/493 845/845/494 846/846/495
f 847/847/496 848/848/497 849/849/498
f 848/848/497 850/850/499 849/849/498
f 849/849/498 850/850/499 851/851/500
f 850/850/499 852/852/501 851/851/500
f 851/851/500 852/852/501 853/853/502
f 854/854/503 855/855/504 856/856/505
f 855/855/504 857/857/506 856/856/505
f 856/856/505 857/857/506 858/858/507
f 857/857/506 859/859/508 858/858/507
f 858/858/507 859/859/508 860/860/509
f 861/861/510 862/862/511 863/863/512
f 862/862/511 864/864/513 863/863/512
f 863/863/512 864/864/513 865/865/514
f 864/864/513 866/866/515 865/865/514
f 865/865/514 866/866/515 867/867/516
f 868/868/517 869/869/518 870/870/519
f 871/871/520 872/872/521 873/873/522
f 874/874/523 875/875/524 876/876/525
f 877/877/526 878/878/527 879/879/528
f 878/878/527 880/880/529 879/879/528
f 879/879/528 880/880/529 881/881/530
f 880/880/529 882/882/531 881/881/530
f 881/881/530 882/882/531 883/883/532
f 882/882/531 884/884/533 883/883/532
f 883/883/532 884/884/533 885/885/534
f 884/884/533 886/886/535 885/885/534
f 885/885/534 886/886/535 887/887/536
f 888/888/303 889/889/304 890/890/511
f 889/889/304 891/891/250 890/890/511
f 890/890/511 891/891/250 892/892/537
f 891/891/250 893/893/438 892/892/537
f 892/892/537 893/893/438 894/894/439
f 895/895/538 896/896/539 897/897/540
f 896/896/539 898/898/541 897/897/540
f 897/897/540 898/898/541 899/899/542
f 898/898/541 900/900/543 899/899/542
f 899/899/542 900/900/543 901/901/544
f 900/900/543 902/902/545 901/901/544
f 901/901/544 902/902/545 903/903/546
f 902/902/545 904/904/547 903/903/546
f 903/903/546 904/904/547 905/905/548
f 906/906/549 907/907/550 908/908/551
f 909/909/552 910/910/553 911/911/554
f 912/912/555 913/913/556 914/914/557
f 913/913/556 915/915/558 914/914/557
f 914/914/557 915/915/558 916/916/559
f 915/915/558 917/917/560 916/916/559
f 918/918/561 919/919/562 920/920/563
f 919/919/562 921/921/564 920/920/563
f 920/920/563 921/921/564 922/922/565
f 921/921/564 923/923/554 922/922/565
f 922/922/565 923/923/554 924/924/566
f 925/925/567 926/926/568 927/927/569
f 926/926/568 928/928/570 927/927/569
f 927/927/569 928/928/570 929/929/571
f 928/928/570 930/930/572 929/929/571
f 929/929/571 930/930/572 931/931/573
f 930/930/572 932/932/574 931/931/573
f 931/931/573 932/932/574 933/933/575
f 934/934/576 935/935/577 936/936/578
f 935/935/577 937/937/579 936/936/578
f 936/936/578 937/937/579 938/938/580
f 937/937/579 939/939/581 938/938/580
f 938/938/580 939/939/581 940/940/582
f 939/939/581 941/941/583 940/940/582
f 940/940/582 941/941/583 942/942/584
f 941/941/583 943/943/585 942/942/584
f 942/942/584 943/943/585 944/944/586
f 945/945/587 946/946/588 947/947/589
f 946/946/588 948/948/590 947/947/589
f 947/947/589 948/948/590 949/949/591
f 948/948/590 950/950/592 949/949/591
f 949/949/591 950/950/592 951/951/593
f 950/950/592 952/952/594 951/951/593
f 951/951/593 952/952/594 953/953/595
f 952/952/594 954/954/596 953/953/595
f 953/953/595 954/954/596 955/955/597
f 954/954/596 956/956/598 955/955/597
f 955/955/597 956/956/598 957/957/599
f 958/958/600 959/959/601 960/960/602
f 959/959/601 961/961/603 960/960/602
f 960/960/602 961/961/603 962/962/604
f 961/961/603 963/963/605 962/962/604
f 962/962/604 963/963/605 964/964/606
f 963/963/605 965/965/607 964/964/606
f 964/964/606 965/965/607 966/966/608
f 965/965/607 967/967/609 966/966/608
f 966/966/608 967/967/609 968/968/610
f 967/967/609 969/969/597 968/968/610
f 968/968/610 969/969/597 970/970/611
f 969/969/597 971/971/612 970/970/611
f 970/970/611 971/971/612 972/972/613
f 973/973/614 974/974/20 975/975/615
f 974/974/20 976/976/616 975/975/615
f 975/975/615 976/976/616 977/977/617
f 976/976/616 978/978/618 977/977/617
f 977/977/617 978/978/618 979/979/619
f 978/978/618 980/980/620 979/979/619
f 979/979/619 980/980/620 981/981/621
f 980/980/620 982/982/608 981/981/621
f 981/981/621 982/982/608 983/983/622
f 982/982/608 984/984/623 983/983/622
f 983/983/622 984/984/623 985/985/624
f 984/984/623 986/986/625 985/985/624
f 985/985/624 986/986/625 987/987/550
f 988/988/626 989/989/627 990/990/628
f 989/989/627 991/991/629 990/990/628
f 990/990/628 991/991/629 992/992/630
f 991/991/629 993/993/631 992/992/630
f 992/992/630 993/993/631 994/994/632
f 993/993/631 995/995/633 994/994/632
f 994/994/632 995/995/633 996/996/634
f 995/995/633 997/997/635 996/996/634
f 996/996/634 997/997/635 998/998/636
f 997/997/635 999/999/637 998/998/636
f 998/998/636 999/999/637 1000/1000/638
f 999/999/637 1001/1001/639 1000/1000/638
f 1000/1000/638 1001/1001/639 1002/1002/640
f 1003/1003/641 1004/1004/642 1005/1005/643
f 1004/1004/642 1006/1006/644 1005/1005/643
f 1005/1005/643 1006/1006/644 1007/1007/645
f 1006/1006/644 1008/1008/646 1007/1007/645
f 1007/1007/645 1008/1008/646 1009/1009/647
f 1008/1008/646 1010/1010/648 1009/1009/647
f 1009/1009/647 1010/1010/648 1011/1011/649
f 1010/1010/648 1012/1012/650 1011/1011/649
f 1011/1011/649 1012/1012/650 1013/1013/651
f 1012/1012/650 1014/1014/652 1013/1013/651
f 1013/1013/651 1014/1014/652 1015/1015/653
f 1014/1014/652 1016/1016/654 1015/1015/653
f 1015/1015/653 1016/1016/654 1017/1017/155
f 1018/1018/655 1019/1019/656 1020/1020/657
f 1019/1019/656 1021/1021/658 1020/1020/657
f 1020/1020/657 1021/1021/658 1022/1022/659
f 1021/1021/658 1023/1023/660 1022/1022/659
f 1022/1022/659 1023/1023/660 1024/1024/661
f 1023/1023/660 1025/1025/662 1024/1024/661
f 1024/1024/661 1025/1025/662 1026/1026/663
f 1025/1025/662 1027/1027/664 1026/1026/663
f 1026/1026/663 1027/1027/664 1028/1028/665
f 1027/1027/664 1029/1029/666 1028/1028/665
f 1028/1028/665 1029/1029/666 1030/1030/667
f 1029/1029/666 1031/1031/668 1030/1030/667
f 1030/1030/667 1031/1031/668 1032/1032/669
f 1033/1033/670 1034/1034/671 1035/1035/672
f 1034/1034/671 1036/1036/673 1035/1035/672
f 1035/1035/672 1036/1036/673 1037/1037/674
f 1036/1036/673 1038/1038/675 1037/1037/674
f 1037/1037/674 1038/1038/675 1039/1039/676
f 1038/1038/675 1040/1040/677 1039/1039/676
f 1039/1039/676 1040/1040/677 1041/1041/678
f 1040/1040/677 1042/1042/679 1041/1041/678
f 1041/1041/678 1042/1042/679 1043/1043/680
f 1042/1042/679 1044/1044/681 1043/1043/680
f 1043/1043/680 1044/1044/681 1045/1045/682
f 1044/1044/681 1046/1046/683 1045/1045/682
f 1045/1045/682 1046/1046/683 1047/1047/684
f 1048/1048/685 1049/1049/686 1050/1050/687
f 1049/1049/686 1051/1051/688 1050/1050/687
f 1050/1050/687 1051/1051/688 1052/1052/689
f 1051/1051/688 1053/1053/690 1052/1052/689
f 1052/1052/689 1053/1053/690 1054/1054/691
f 1053/1053/690 1055/1055/692 1054/1054/691
f 1054/1054/691 1055/1055/692 1056/1056/693
f 1055/1055/692 1057/1057/694 1056/1056/693
f 1056/1056/693 1057/1057/694 1058/1058/695
f 1057/1057/694 1059/1059/696 1058/1058/695
f 1058/1058/695 1059/1059/696 1060/1060/697
f 1059/1059/696 1061/1061/698 1060/1060/697
f 1060/1060/697 1061/1061/698 1062/1062/699
f 1063/1063/700 1064/1064/701 1065/1065/702
f 1064/1064/701 1066/1066/703 1065/1065/702
f 1065/1065/702 1066/1066/703 1067/1067/442
f 1066/1066/703 1068/1068/539 1067/1067/442
f 1067/1067/442 1068/1068/539 1069/1069/704
f 1068/1068/539 1070/1070/705 1069/1069/704
f 1071/1071/706 1072/1072/707 1073/1073/708
f 1074/1074/709 1075/1075/710 1076/1076/711
f 1077/1077/712 1078/1078/713 1079/1079/714
f 1080/1080/715 1081/1081/716 1082/1082/717
f 1083/1083/718 1084/1084/719 1085/1085/720
f 1086/1086/721 1087/1087/722 1088/1088/723
f 1089/1089/29 1090/1090/724 1091/1091/725
f 1092/1092/726 1093/1093/727 1094/1094/728
f 1095/1095/729 1096/1096/730 1097/1097/731
f 1098/1098/732 1099/1099/733 1100/1100/734
f 1101/1101/735 1102/1102/736 1103/1103/737
f 1104/1104/738 1105/1105/739 1106/1106/740
f 1107/1107/741 1108/1108/742 1109/1109/743
f 1110/1110/744 1111/1111/745 1112/1112/746
f 1113/1113/747 1114/1114/748 1115/1115/749
f 1116/1116/750 1117/1117/751 1118/1118/752
f 1119/1119/753 1120/1120/754 1121/1121/755
f 1120/1120/754 1122/1122/756 1121/1121/755
f 1121/1121/755 1122/1122/756 1123/1123/757
f 1122/1122/756 1124/1124/758 1123/1123/757
f 1123/1123/757 1124/1124/758 1125/1125/759
f 1126/1126/760 1127/1127/761 1128/1128/762
f 1127/1127/761 1129/1129/136 1128/1128/762
f 1128/1128/762 1129/1129/136 1130/1130/763
f 1129/1129/136 1131/1131/764 1130/1130/763
f 1130/1130/763 1131/1131/764 1132/1132/765
f 1133/1133/766 1134/1134/767 1135/1135/768
f 1134/1134/767 1136/1136/769 1135/1135/768
f 1135/1135/768 1136/1136/769 1137/1137/770
f 1136/1136/769 1138/1138/771 1137/1137/770
f 1137/1137/770 1138/1138/771 1139/1139/772
f 1140/1140/773 1141/1141/132 1142/1142/774
f 1143/1143/775 1144/1144/93 1145/1145/776
f 1146/1146/777 1147/1147/778 1148/1148/779
f 1149/1149/780 1150/1150/781 1151/1151/782
f 1150/1150/781 1152/1152/783 1151/1151/782
f 1151/1151/782 1152/1152/783 1153/1153/784
f 1152/1152/783 1154/1154/785 1153/1153/784
f 1153/1153/784 1154/1154/785 1155/1155/786
f 1154/1154/785 1156/1156/787 1155/1155/786
f 1155/1155/786 1156/1156/787 1157/1157/788
f 1156/1156/787 1158/1158/789 1157/1157/788
f 1157/1157/788 1158/1158/789 1159/1159/790
f 1160/1160/141 1161/1161/142 1162/1162/791
f 1161/1161/142 1163/1163/144 1162/1162/791
f 1162/1162/791 1163/1163/144 1164/1164/792
f 1163/1163/144 1165/1165/793 1164/1164/792
f 1164/1164/792 1165/1165/793 1166/1166/794
f 1167/1167/795 1168/1168/796 1169/1169/797
f 1168/1168/796 1170/1170/798 1169/1169/797
f 1169/1169/797 1170/1170/798 1171/1171/799
f 1170/1170/798 1172/1172/800 1171/1171/799
f 1171/1171/799 1172/1172/800 1173/1173/801
f 1172/1172/800 1174/1174/802 1173/1173/801
f 1173/1173/801 1174/1174/802 1175/1175/803
f 1174/1174/802 1176/1176/804 1175/1175/803
f 1175/1175/803 1176/1176/804 1177/1177/114
f 1178/1178/805 1179/1179/806 1180/1180/807
f 1181/1181/808 1182/1182/809 1183/1183/88
f 1184/1184/810 1185/1185/809 1186/1186/811
f 1185/1185/809 1187/1187/812 1186/1186/811
f 1186/1186/811 1187/1187/812 1188/1188/813
f 1187/1187/812 1189/1189/814 1188/1188/813
f 1190/1190/815 1191/1191/816 1192/1192/817
f 1191/1191/816 1193/1193/808 1192/1192/817
f 1192/1192/817 1193/1193/808 1194/1194/818
f 1193/1193/808 1195/1195/88 1194/1194/818
f 1194/1194/818 1195/1195/88 1196/1196/819
f 1197/1197/820 1198/1198/821 1199/1199/822
f 1198/1198/821 1200/1200/823 1199/1199/822
f 1199/1199/822 1200/1200/823 1201/1201/824
f 1200/1200/823 1202/1202/825 1201/1201/824
f 1201/1201/824 1202/1202/825 1203/1203/826
f 1202/1202/825 1204/1204/827 1203/1203/826
f 1203/1203/826 1204/1204/827 1205/1205/828
f 1206/1206/829 1207/1207/830 1208/1208/831
f 1207/1207/830 1209/1209/822 1208/1208/831
f 1208/1208/831 1209/1209/822 1210/1210/832
f 1209/1209/822 1211/1211/833 1210/1210/832
f 1210/1210/832 1211/1211/833 1212/1212/834
f 1211/1211/833 1213/1213/835 1212/1212/834
f 1212/1212/834 1213/1213/835 1214/1214/836
f 1213/1213/835 1215/1215/94 1214/1214/836
f 1214/1214/836 1215/1215/94 1216/1216/128
f 1217/1217/837 1218/1218/838 1219/1219/839
f 1218/1218/838 1220/1220/840 1219/1219/839
f 1219/1219/839 1220/1220/840 1221/1221/841
f 1220/1220/840 1222/1222/842 1221/1221/841
f 1221/1221/841 1222/1222/842 1223/1223/843
f 1222/1222/842 1224/1224/844 1223/1223/843
f 1223/1223/843 1224/1224/844 1225/1225/845
f 1224/1224/844 1226/1226/836 1225/1225/845
f 1225/1225/845 1226/1226/836 1227/1227/846
f 1226/1226/836 1228/1228/128 1227/1227/846
f 1227/1227/846 1228/1228/128 1229/1229/847
f 1230/1230/848 1231/1231/849 1232/1232/850
f 1231/1231/849 1233/1233/851 1232/1232/850
f 1232/1232/850 1233/1233/851 1234/1234/852
f 1233/1233/851 1235/1235/853 1234/1234/852
f 1234/1234/852 1235/1235/853 1236/1236/854
f 1235/1235/853 1237/1237/855 1236/1236/854
f 1236/1236/854 1237/1237/855 1238/1238/856
f 1237/1237/855 1239/1239/857 1238/1238/856
f 1238/1238/856 1239/1239/857 1240/1240/858
f 1239/1239/857 1241/1241/859 1240/1240/858
f 1240/1240/858 1241/1241/859 1242/1242/860
f 1241/1241/859 1243/1243/861 1242/1242/860
f 1242/1242/860 1243/1243/861 1244/1244/862
f 1245/1245/863 1246/1246/33 1247/1247/864
f 1246/1246/33 1248/1248/865 1247/1247/864
f 1247/1247/864 1248/1248/865 1249/1249/866
f 1248/1248/865 1250/1250/867 1249/1249/866
f 1249/1249/866 1250/1250/867 1251/1251/868
f 1250/1250/867 1252/1252/869 1251/1251/868
f 1251/1251/868 1252/1252/869 1253/1253/870
f 1252/1252/869 1254/1254/871 1253/1253/870
f 1253/1253/870 1254/1254/871 1255/1255/872
f 1254/1254/871 1256/1256/873 1255/1255/872
f 1255/1255/872 1256/1256/873 1257/1257/874
f 1256/1256/873 1258/1258/875 1257/1257/874
f 1257/1257/874 1258/1258/875 1259/1259/876
f 1260/1260/877 1261/1261/721 1262/1262/878
f 1261/1261/721 1263/1263/879 1262/1262/878
f 1262/1262/878 1263/1263/879 1264/1264/880
f 1263/1263/879 1265/1265/881 1264/1264/880
f 1264/1264/880 1265/1265/881 1266/1266/882
f 1265/1265/881 1267/1267/883 1266/1266/882
f 1266/1266/882 1267/1267/883 1268/1268/884
f 1267/1267/883 1269/1269/885 1268/1268/884
f 1268/1268/884 1269/1269/885 1270/1270/886
f 1269/1269/885 1271/1271/887 1270/1270/886
f 1270/1270/886 1271/1271/887 1272/1272/888
f 1271/1271/887 1273/1273/889 1272/1272/888
f 1272/1272/888 1273/1273/889 1274/1274/890
f 1275/1275/891 1276/1276/892 1277/1277/893
f 1276/1276/892 1278/1278/894 1277/1277/893
f 1277/1277/893 1278/1278/894 1279/1279/895
f 1278/1278/894 1280/1280/896 1279/1279/895
f 1279/1279/895 1280/1280/896 1281/1281/897
f 1280/1280/896 1282/1282/898 1281/1281/897
f 1281/1281/897 1282/1282/898 1283/1283/899
f 1282/1282/898 1284/1284/900 1283/1283/899
f 1283/1283/899 1284/1284/900 1285/1285/901
f 1284/1284/900 1286/1286/902 1285/1285/901
f 1285/1285/901 1286/1286/902 1287/1287/903
f 1286/1286/902 1288/1288/904 1287/1287/903
f 1287/1287/903 1288/1288/904 1289/1289/905
f 1290/1290/906 1291/1291/907 1292/1292/908
f 1291/1291/907 1293/1293/909 1292/1292/908
f 1292/1292/908 1293/1293/909 1294/1294/910
f 1293/1293/909 1295/1295/911 1294/1294/910
f 1294/1294/910 1295/1295/911 1296/1296/912
f 1295/1295/911 1297/1297/913 1296/1296/912
f 1296/1296/912 1297/1297/913 1298/1298/914
f 1297/1297/913 1299/1299/915 1298/1298/914
f 1298/1298/914 1299/1299/915 1300/1300/916
f 1299/1299/915 1301/1301/917 1300/1300/916
f 1300/1300/916 1301/1301/917 1302/1302/918
f 1301/1301/917 1303/1303/919 1302/1302/918
f 1302/1302/918 1303/1303/919 1304/1304/920
f 1305/1305/291 1306/1306/921 1307/1307/922
f 1306/1306/921 1308/1308/923 1307/1307/922
f 1307/1307/922 1308/1308/923 1309/1309/924
f 1308/1308/923 1310/1310/925 1309/1309/924
f 1309/1309/924 1310/1310/925 1311/1311/926
f 1310/1310/925 1312/1312/912 1311/1311/926
f 1311/1311/926 1312/1312/912 1313/1313/927
f 1312/1312/912 1314/1314/928 1313/1313/927
f 1313/1313/927 1314/1314/928 1315/1315/929
f 1314/1314/928 1316/1316/930 1315/1315/929
f 1315/1315/929 1316/1316/930 1317/1317/931
f 1316/1316/930 1318/1318/932 1317/1317/931
f 1317/1317/931 1318/1318/932 1319/1319/933
f 1320/1320/934 1321/1321/935 1322/1322/936
f 1321/1321/935 1323/1323/937 1322/1322/936
f 1322/1322/936 1323/1323/937 1324/1324/938
f 1323/1323/937 1325/1325/939 1324/1324/938
f 1324/1324/938 1325/1325/939 1326/1326/940
f 1325/1325/939 1327/1327/941 1326/1326/940
f 1326/1326/940 1327/1327/941 1328/1328/942
f 1327/1327/941 1329/1329/943 1328/1328/942
f 1328/1328/942 1329/1329/943 1330/1330/944
f 1329/1329/943 1331/1331/945 1330/1330/944
f 1330/1330/944 1331/1331/945 1332/1332/946
f 1331/1331/945 1333/1333/947 1332/1332/946
f 1332/1332/946 1333/1333/947 1334/1334/948
f 1335/1335/949 1336/1336/950 1337/1337/951
f 1336/1336/950 1338/1338/952 1337/1337/951
f 1337/1337/951 1338/1338/952 1339/1339/953
f 1338/1338/952 1340/1340/954 1339/1339/953
f 1339/1339/953 1340/1340/954 1341/1341/955
f 1340/1340/954 1342/1342/956 1341/1341/955
f 1343/1343/957 1344/1344/957 1345/1345/957
f 1346/1346/957 1347/1347/958 1348/1348/155
f 1347/1347/958 1349/1349/959 1348/1348/155
f 1348/1348/155 1349/1349/959 1350/1350/960
f 1351/1351/961 1352/1352/962 1353/1353/550
f 1352/1352/962 1354/1354/963 1353/1353/550
f 1353/1353/550 1354/1354/963 1355/1355/964
f 1356/1356/965 1357/1357/155 1358/1358/154
f 1357/1357/155 1359/1359/966 1358/1358/154
f 1358/1358/154 1359/1359/966 1360/1360/957
f 1361/1361/967 1362/1362/968 1363/1363/969
f 1362/1362/968 1364/1364/970 1363/1363/969
f 1363/1363/969 1364/1364/970 1365/1365/971
f 1366/1366/640 1367/1367/972 1368/1368/973
f 1367/1367/972 1369/1369/974 1368/1368/973
f 1368/1368/973 1369/1369/974 1370/1370/492
f 1371/1371/86 1372/1372/86 1373/1373/86
f 1374/1374/975 1375/1375/975 1376/1376/975
f 1377/1377/86 1378/1378/976 1379/1379/977
f 1378/1378/976 1380/1380/978 1379/1379/977
f 1379/1379/977 1380/1380/978 1381/1381/979
f 1382/1382/86 1383/1383/86 1384/1384/86
f 1385/1385/980 1386/1386/981 1387/1387/84
f 1386/1386/981 1388/1388/982 1387/1387/84
f 1387/1387/84 1388/1388/982 1389/1389/85
f 1390/1390/983 1391/1391/984 1392/1392/985
f 1391/1391/984 1393/1393/986 1392/1392/985
f 1392/1392/985 1393/1393/986 1394/1394/980
f 1395/1395/987 1396/1396/988 1397/1397/977
f 1396/1396/988 1398/1398/989 1397/1397/977
f 1397/1397/977 1398/1398/989 1399/1399/86
f 1400/1400/990 1401/1401/991 1402/1402/992
f 1403/1403/993 1404/1404/994 1405/1405/995
f 1406/1406/996 1407/1407/997 1408/1408/998
f 1409/1409/999 1410/1410/1000 1411/1411/1001
f 1412/1412/1002 1413/1413/1003 1414/1414/1004
f 1415/1415/1005 1416/1416/1006 1417/1417/1007
f 1418/1418/18 1419/1419/1008 1420/1420/1009
f 1421/1421/1010 1422/1422/1011 1423/1423/1012
f 1424/1424/1013 1425/1425/1014 1426/1426/1015
f 1427/1427/1016 1428/1428/1017 1429/1429/1018
f 1430/1430/1019 1431/1431/1020 1432/1432/1021
f 1433/1433/432 1434/1434/1022 1435/1435/1023
f 1436/1436/1024 1437/1437/1025 1438/1438/1026
f 1439/1439/1027 1440/1440/1028 1441/1441/1029
f 1442/1442/1030 1443/1443/1031 1444/1444/1032
f 1445/1445/1033 1446/1446/1034 1447/1447/1035
f 1448/1448/1036 1449/1449/1037 1450/1450/1038
f 1449/1449/1037 1451/1451/1039 1450/1450/1038
f 1450/1450/1038 1451/1451/1039 1452/1452/1040
f 1451/1451/1039 1453/1453/1041 1452/1452/1040
f 1452/1452/1040 1453/1453/1041 1454/1454/1042
f 1455/1455/126 1456/1456/1043 1457/1457/1044
f 1456/1456/1043 1458/1458/1045 1457/1457/1044
f 1457/1457/1044 1458/1458/1045 1459/1459/1046
f 1458/1458/1045 1460/1460/1047 1459/1459/1046
f 1459/1459/1046 1460/1460/1047 1461/1461/1048
f 1462/1462/1049 1463/1463/1041 1464/1464/1050
f 1463/1463/1041 1465/1465/1051 1464/1464/1050
f 1464/1464/1050 1465/1465/1051 1466/1466/1052
f 1465/1465/1051 1467/1467/1053 1466/1466/1052
f 1466/1466/1052 1467/1467/1053 1468/1468/983
f 1469/1469/1054 1470/1470/1055 1471/1471/1056
f 1472/1472/1057 1473/1473/73 1474/1474/74
f 1475/1475/1058 1476/1476/1059 1477/1477/1060
f 1478/1478/1061 1479/1479/1062 1480/1480/1063
f 1479/1479/1062 1481/1481/1064 1480/1480/1063
f 1480/1480/1063 1481/1481/1064 1482/1482/1065
f 1481/1481/1064 1483/1483/1066 1482/1482/1065
f 1482/1482/1065 1483/1483/1066 1484/1484/1067
f 1483/1483/1066 1485/1485/1068 1484/1484/1067
f 1484/1484/1067 1485/1485/1068 1486/1486/1069
f 1485/1485/1068 1487/1487/1070 1486/1486/1069
f 1486/1486/1069 1487/1487/1070 1488/1488/992
f 1489/1489/91 1490/1490/828 1491/1491/1041
f 1490/1490/828 1492/1492/94 1491/1491/1041
f 1491/1491/1041 1492/1492/94 1493/1493/1071
f 1492/1492/94 1494/1494/128 1493/1493/1071
f 1493/1493/1071 1494/1494/128 1495/1495/96
f 1496/1496/96 1497/1497/1072 1498/1498/1042
f 1497/1497/1072 1499/1499/1073 1498/1498/1042
f 1498/1498/1042 1499/1499/1073 1500/1500/1074
f 1499/1499/1073 1501/1501/1075 1500/1500/1074
f 1500/1500/1074 1501/1501/1075 1502/1502/1076
f 1501/1501/1075 1503/1503/1077 1502/1502/1076
f 1502/1502/1076 1503/1503/1077 1504/1504/1078
f 1503/1503/1077 1505/1505/1079 1504/1504/1078
f 1504/1504/1078 1505/1505/1079 1506/1506/1080
f 1507/1507/1081 1508/1508/1082 1509/1509/1083
f 1510/1510/1084 1511/1511/1085 1512/1512/1086
f 1513/1513/1087 1514/1514/1088 1515/1515/1089
f 1514/1514/1088 1516/1516/1090 1515/1515/1089
f 1515/1515/1089 1516/1516/1090 1517/1517/1091
f 1516/1516/1090 1518/1518/1092 1517/1517/1091
f 1519/1519/1093 1520/1520/1094 1521/1521/1095
f 1520/1520/1094 1522/1522/1096 1521/1521/1095
f 1521/1521/1095 1522/1522/1096 1523/1523/1097
f 1522/1522/1096 1524/1524/1098 1523/1523/1097
f 1523/1523/1097 1524/1524/1098 1525/1525/1099
f 1526/1526/1100 1527/1527/1101 1528/1528/1102
f 1527/1527/1101 1529/1529/1095 1528/1528/1102
f 1528/1528/1102 1529/1529/1095 1530/1530/1103
f 1529/1529/1095 1531/1531/1104 1530/1530/1103
f 1530/1530/1103 1531/1531/1104 1532/1532/1105
f 1531/1531/1104 1533/1533/71 1532/1532/1105
f 1532/1532/1105 1533/1533/71 1534/1534/1106
f 1535/1535/1107 1536/1536/1108 1537/1537/1109
f 1536/1536/1108 1538/1538/1110 1537/1537/1109
f 1537/1537/1109 1538/1538/1110 1539/1539/1111
f 1538/1538/1110 1540/1540/1112 1539/1539/1111
f 1539/1539/1111 1540/1540/1112 1541/1541/1113
f 1540/1540/1112 1542/1542/1114 1541/1541/1113
f 1541/1541/1113 1542/1542/1114 1543/1543/1115
f 1542/1542/1114 1544/1544/1116 1543/1543/1115
f 1543/1543/1115 1544/1544/1116 1545/1545/1117
f 1546/1546/1118 1547/1547/1119 1548/1548/1120
f 1547/1547/1119 1549/1549/1121 1548/1548/1120
f 1548/1548/1120 1549/1549/1121 1550/1550/1122
f 1549/1549/1121 1551/1551/1111 1550/1550/1122
f 1550/1550/1122 1551/1551/1111 1552/1552/1123
f 1551/1551/1111 1553/1553/1124 1552/1552/1123
f 1552/1552/1123 1553/1553/1124 1554/1554/1125
f 1553/1553/1124 1555/1555/1126 1554/1554/1125
f 1554/1554/1125 1555/1555/1126 1556/1556/1127
f 1555/1555/1126 1557/1557/1128 1556/1556/1127
f 1556/1556/1127 1557/1557/1128 1558/1558/1129
f 1559/1559/1130 1560/1560/1131 1561/1561/1132
f 1560/1560/1131 1562/1562/1133 1561/1561/1132
f 1561/1561/1132 1562/1562/1133 1563/1563/1134
f 1562/1562/1133 1564/1564/1122 1563/1563/1134
f 1563/1563/1134 1564/1564/1122 1565/1565/1135
f 1564/1564/1122 1566/1566/1136 1565/1565/1135
f 1565/1565/1135 1566/1566/1136 1567/1567/1137
f 1566/1566/1136 1568/1568/1138 1567/1567/1137
f 1567/1567/1137 1568/1568/1138 1569/1569/1139
f 1568/1568/1138 1570/1570/1140 1569/1569/1139
f 1569/1569/1139 1570/1570/1140 1571/1571/1141
f 1570/1570/1140 1572/1572/1142 1571/1571/1141
f 1571/1571/1141 1572/1572/1142 1573/1573/1143
f 1574/1574/1144 1575/1575/36 1576/1576/1145
f 1575/1575/36 1577/1577/1146 1576/1576/1145
f 1576/1576/1145 1577/1577/1146 1578/1578/1147
f 1577/1577/1146 1579/1579/1148 1578/1578/1147
f 1578/1578/1147 1579/1579/1148 1580/1580/1149
f 1579/1579/1148 1581/1581/1150 1580/1580/1149
f 1580/1580/1149 1581/1581/1150 1582/1582/1151
f 1581/1581/1150 1583/1583/1152 1582/1582/1151
f 1582/1582/1151 1583/1583/1152 1584/1584/1153
f 1583/1583/1152 1585/1585/1154 1584/1584/1153
f 1584/1584/1153 1585/1585/1154 1586/1586/1155
f 1585/1585/1154 1587/1587/1156 1586/1586/1155
f 1586/1586/1155 1587/1587/1156 1588/1588/1157
f 1589/1589/1158 1590/1590/1159 1591/1591/1160
f 1590/1590/1159 1592/1592/1161 1591/1591/1160
f 1591/1591/1160 1592/1592/1161 1593/1593/1162
f 1592/1592/1161 1594/1594/1163 1593/1593/1162
f 1593/1593/1162 1594/1594/1163 1595/1595/1164
f 1594/1594/1163 1596/1596/1165 1595/1595/1164
f 1595/1595/1164 1596/1596/1165 1597/1597/1166
f 1596/1596/1165 1598/1598/1167 1597/1597/1166
f 1597/1597/1166 1598/1598/1167 1599/1599/1168
f 1598/1598/1167 1600/1600/1169 1599/1599/1168
f 1599/1599/1168 1600/1600/1169 1601/1601/1170
f 1600/1600/1169 1602/1602/1171 1601/1601/1170
f 1601/1601/1170 1602/1602/1171 1603/1603/1172
f 1604/1604/1173 1605/1605/1174 1606/1606/1175
f 1605/1605/1174 1607/1607/1176 1606/1606/1175
f 1606/1606/1175 1607/1607/1176 1608/1608/1177
f 1607/1607/1176 1609/1609/1178 1608/1608/1177
f 1608/1608/1177 1609/1609/1178 1610/1610/1179
f 1609/1609/1178 1611/1611/1180 1610/1610/1179
f 1610/1610/1179 1611/1611/1180 1612/1612/1181
f 1611/1611/1180 1613/1613/1182 1612/1612/1181
f 1612/1612/1181 1613/1613/1182 1614/1614/1183
f 1613/1613/1182 1615/1615/1184 1614/1614/1183
f 1614/1614/1183 1615/1615/1184 1616/1616/1185
f 1615/1615/1184 1617/1617/1186 1616/1616/1185
f 1616/1616/1185 1617/1617/1186 1618/1618/1187
f 1619/1619/1188 1620/1620/1189 1621/1621/1190
f 1620/1620/1189 1622/1622/1001 1621/1621/1190
f 1621/1621/1190 1622/1622/1001 1623/1623/1191
f 1622/1622/1001 1624/1624/1192 1623/1623/1191
f 1623/1623/1191 1624/1624/1192 1625/1625/1193
f 1624/1624/1192 1626/1626/1179 1625/1625/1193
f 1625/1625/1193 1626/1626/1179 1627/1627/1194
f 1626/1626/1179 1628/1628/1195 1627/1627/1194
f 1627/1627/1194 1628/1628/1195 1629/1629/1196
f 1628/1628/1195 1630/1630/1197 1629/1629/1196
f 1629/1629/1196 1630/1630/1197 1631/1631/1198
f 1630/1630/1197 1632/1632/1199 1631/1631/1198
f 1631/1631/1198 1632/1632/1199 1633/1633/810
f 1634/1634/1200 1635/1635/1201 1636/1636/1202
f 1635/1635/1201 1637/1637/1203 1636/1636/1202
f 1636/1636/1202 1637/1637/1203 1638/1638/1204
f 1637/1637/1203 1639/1639/1205 1638/1638/1204
f 1638/1638/1204 1639/1639/1205 1640/1640/1206
f 1639/1639/1205 1641/1641/1207 1640/1640/1206
f 1640/1640/1206 1641/1641/1207 1642/1642/1208
f 1641/1641/1207 1643/1643/1209 1642/1642/1208
f 1642/1642/1208 1643/1643/1209 1644/1644/1210
f 1643/1643/1209 1645/1645/1211 1644/1644/1210
f 1644/1644/1210 1645/1645/1211 1646/1646/1212
f 1645/1645/1211 1647/1647/1213 1646/1646/1212
f 1646/1646/1212 1647/1647/1213 1648/1648/1214
f 1649/1649/1215 1650/1650/1216 1651/1651/1217
f 1650/1650/1216 1652/1652/1218 1651/1651/1217
f 1651/1651/1217 1652/1652/1218 1653/1653/1219
f 1652/1652/1218 1654/1654/1220 1653/1653/1219
f 1653/1653/1219 1654/1654/1220 1655/1655/1067
f 1654/1654/1220 1656/1656/1221 1655/1655/1067
f 1655/1655/1067 1656/1656/1221 1657/1657/1222
f 1656/1656/1221 1658/1658/1223 1657/1657/1222
f 1657/1657/1222 1658/1658/1223 1659/1659/1224
f 1658/1658/1223 1660/1660/1225 1659/1659/1224
f 1659/1659/1224 1660/1660/1225 1661/1661/1226
f 1660/1660/1225 1662/1662/1227 1661/1661/1226
f 1661/1661/1226 1662/1662/1227 1663/1663/1228
f 1664/1664/1229 1665/1665/1230 1666/1666/1231
f 1665/1665/1230 1667/1667/1232 1666/1666/1231
f 1666/1666/1231 1667/1667/1232 1668/1668/1233
f 1667/1667/1232 1669/1669/1234 1668/1668/1233
f 1668/1668/1233 1669/1669/1234 1670/1670/98
f 1669/1669/1234 1671/1671/1235 1670/1670/98
f 1672/1672/957 1673/1673/957 1674/1674/957
f 1675/1675/1236 1676/1676/1236 1677/1677/1236
f 1678/1678/957 1679/1679/957 1680/1680/957
f 1681/1681/1237 1682/1682/495 1683/1683/1238
f 1682/1682/495 1684/1684/1239 1683/1683/1238
f 1683/1683/1238 1684/1684/1239 1685/1685/1240
f 1686/1686/1241 1687/1687/1242 1688/1688/1243
f 1687/1687/1242 1689/1689/1244 1688/1688/1243
f 1688/1688/1243 1689/1689/1244 1690/1690/1244
f 1691/1691/1245 1692/1692/1246 1693/1693/1247
f 1692/1692/1246 1694/1694/1248 1693/1693/1247
f 1693/1693/1247 1694/1694/1248 1695/1695/492
f 1696/1696/640 1697/1697/1249 1698/1698/973
f 1697/1697/1249 1699/1699/1250 1698/1698/973
f 1698/1698/973 1699/1699/1250 1700/1700/957
f 1701/1701/1251 1702/1702/1252 1703/1703/1253
f 1704/1704/1254 1705/1705/40 1706/1706/40
f 1707/1707/1255 1708/1708/1256 1709/1709/1257
f 1708/1708/1256 1710/1710/1258 1709/1709/1257
f 1711/1711/1259 1712/1712/1260 1713/1713/1261
f 1712/1712/1260 1714/1714/1262 1713/1713/1261
f 1715/1715/1263 1716/1716/1264 1717/1717/1265
f 1716/1716/1264 1718/1718/1266 1717/1717/1265
f 1719/1719/1267 1720/1720/1268 1721/1721/1269
f 1720/1720/1268 1722/1722/1270 1721/1721/1269
f 1723/1723/1271 1724/1724/1272 1725/1725/1273
f 1724/1724/1272 1726/1726/1274 1725/1725/1273
f 1727/1727/1275 1728/1728/1276 1729/1729/1277
f 1728/1728/1276 1730/1730/1278 1729/1729/1277
f 1731/1731/1279 1732/1732/1280 1733/1733/1281
f 1732/1732/1280 1734/1734/1282 1733/1733/1281
f 1733/1733/1281 1734/1734/1282 1735/1735/1283
f 1734/1734/1282 1736/1736/1284 1735/1735/1283
f 1735/1735/1283 1736/1736/1284 1737/1737/1285
f 1738/1738/1286 1739/1739/1287 1740/1740/1288
f 1739/1739/1287 1741/1741/1289 1740/1740/1288
f 1740/1740/1288 1741/1741/1289 1742/1742/1290
f 1741/1741/1289 1743/1743/1291 1742/1742/1290
f 1742/1742/1290 1743/1743/1291 1744/1744/1292
f 1745/1745/1293 1746/1746/1294 1747/1747/1295
f 1746/1746/1294 1748/1748/1296 1747/1747/1295
f 1747/1747/1295 1748/1748/1296 1749/1749/1297
f 1748/1748/1296 1750/1750/1298 1749/1749/1297
f 1749/1749/1297 1750/1750/1298 1751/1751/1299
f 1750/1750/1298 1752/1752/1300 1751/1751/1299
f 1751/1751/1299 1752/1752/1300 1753/1753/1301
f 1752/1752/1300 1754/1754/1302 1753/1753/1301
f 1753/1753/1301 1754/1754/1302 1755/1755/1303
f 1756/1756/1304 1757/1757/1305 1758/1758/1306
f 1757/1757/1305 1759/1759/1307 1758/1758/1306
f 1758/1758/1306 1759/1759/1307 1760/1760/1308
f 1759/1759/1307 1761/1761/1309 1760/1760/1308
f 1760/1760/1308 1761/1761/1309 1762/1762/1310
f 1761/1761/1309 1763/1763/1311 1762/1762/1310
f 1762/1762/1310 1763/1763/1311 1764/1764/1312
f 1765/1765/1313 1766/1766/1314 1767/1767/1315
f 1766/1766/1314 1768/1768/1316 1767/1767/1315
f 1767/1767/1315 1768/1768/1316 1769/1769/1317
f 1770/1770/1318 1771/1771/1319 1772/1772/1320
f 1771/1771/1319 1773/1773/1321 1772/1772/1320
f 1772/1772/1320 1773/1773/1321 1774/1774/1322
f 1773/1773/1321 1775/1775/1323 1774/1774/1322
f 1774/1774/1322 1775/1775/1323 1776/1776/1324
f 1777/1777/1325 1778/1778/1326 1779/1779/1327
f 1780/1780/1328 1781/1781/1329 1782/1782/1330
f 1783/1783/1331 1784/1784/1332 1785/1785/1333
f 1786/1786/1334 1787/1787/1335 1788/1788/1336
f 1789/1789/25 1790/1790/177 1791/1791/1337
f 1792/1792/1338 1793/1793/158 1794/1794/1339
f 1793/1793/158 1795/1795/1340 1794/1794/1339
f 1794/1794/1339 1795/1795/1340 1796/1796/1341
f 1795/1795/1340 1797/1797/23 1796/1796/1341
f 1796/1796/1341 1797/1797/23 1798/1798/1342
f 1797/1797/23 1799/1799/33 1798/1798/1342
f 1798/1798/1342 1799/1799/33 1800/1800/1343
f 1799/1799/33 1801/1801/23 1800/1800/1343
f 1800/1800/1343 1801/1801/23 1802/1802/1344
f 1801/1801/23 1803/1803/23 1802/1802/1344
f 1802/1802/1344 1803/1803/23 1804/1804/1345
f 1803/1803/23 1805/1805/23 1804/1804/1345
f 1804/1804/1345 1805/1805/23 1806/1806/1346
f 1805/1805/23 1807/1807/33 1806/1806/1346
f 1806/1806/1346 1807/1807/33 1808/1808/1347
f 1807/1807/33 1809/1809/33 1808/1808/1347
f 1808/1808/1347 1809/1809/33 1810/1810/1348
f 1809/1809/33 1811/1811/33 1810/1810/1348
f 1810/1810/1348 1811/1811/33 1812/1812/1349
f 1811/1811/33 1813/1813/30 1812/1812/1349
f 1812/1812/1349 1813/1813/30 1814/1814/1350
f 1813/1813/30 1815/1815/36 1814/1814/1350
f 1814/1814/1350 1815/1815/36 1816/1816/1351
f 1815/1815/36 1817/1817/1352 1816/1816/1351
f 1816/1816/1351 1817/1817/1352 1818/1818/1353
f 1819/1819/1354 1820/1820/1355 1821/1821/1356
f 1820/1820/1355 1822/1822/1357 1821/1821/1356
f 1821/1821/1356 1822/1822/1357 1823/1823/1358
f 1822/1822/1357 1824/1824/1359 1823/1823/1358
f 1823/1823/1358 1824/1824/1359 1825/1825/1360
f 1824/1824/1359 1826/1826/1361 1825/1825/1360
f 1825/1825/1360 1826/1826/1361 1827/1827/1362
f 1826/1826/1361 1828/1828/1363 1827/1827/1362
f 1827/1827/1362 1828/1828/1363 1829/1829/1364
f 1828/1828/1363 1830/1830/1365 1829/1829/1364
f 1829/1829/1364 1830/1830/1365 1831/1831/1366
f 1830/1830/1365 1832/1832/1367 1831/1831/1366
f 1831/1831/1366 1832/1832/1367 1833/1833/1368
f 1832/1832/1367 1834/1834/1369 1833/1833/1368
f 1833/1833/1368 1834/1834/1369 1835/1835/1370
f 1834/1834/1369 1836/1836/1371 1835/1835/1370
f 1835/1835/1370 1836/1836/1371 1837/1837/1372
f 1836/1836/1371 1838/1838/1373 1837/1837/1372
f 1837/1837/1372 1838/1838/1373 1839/1839/1374
f 1838/1838/1373 1840/1840/1375 1839/1839/1374
f 1839/1839/1374 1840/1840/1375 1841/1841/1376
f 1840/1840/1375 1842/1842/1377 1841/1841/1376
f 1841/1841/1376 1842/1842/1377 1843/1843/1378
f 1842/1842/1377 1844/1844/1379 1843/1843/1378
f 1843/1843/1378 1844/1844/1379 1845/1845/1380
f 1846/1846/1381 1847/1847/1382 1848/1848/1383
f 1847/1847/1382 1849/1849/1384 1848/1848/1383
f 1848/1848/1383 1849/1849/1384 1850/1850/1385
f 1849/1849/1384 1851/1851/1386 1850/1850/1385
f 1850/1850/1385 1851/1851/1386 1852/1852/1387
f 1851/1851/1386 1853/1853/1388 1852/1852/1387
f 1852/1852/1387 1853/1853/1388 1854/1854/1389
f 1853/1853/1388 1855/1855/1390 1854/1854/1389
f 1854/1854/1389 1855/1855/1390 1856/1856/1391
f 1855/1855/1390 1857/1857/1392 1856/1856/1391
f 1856/1856/1391 1857/1857/1392 1858/1858/1393
f 1857/1857/1392 1859/1859/1394 1858/1858/1393
f 1858/1858/1393 1859/1859/1394 1860/1860/1395
f 1859/1859/1394 1861/1861/1396 1860/1860/1395
f 1860/1860/1395 1861/1861/1396 1862/1862/1397
f 1861/1861/1396 1863/1863/1398 1862/1862/1397
f 1862/1862/1397 1863/1863/1398 1864/1864/1371
f 1863/1863/1398 1865/1865/1399 1864/1864/1371
f 1864/1864/1371 1865/1865/1399 1866/1866/1400
f 1865/1865/1399 1867/1867/1401 1866/1866/1400
f 1866/1866/1400 1867/1867/1401 1868/1868/1402
f 1867/1867/1401 1869/1869/1403 1868/1868/1402
f 1868/1868/1402 1869/1869/1403 1870/1870/1404
f 1869/1869/1403 1871/1871/1405 1870/1870/1404
f 1870/1870/1404 1871/1871/1405 1872/1872/1406
f 1873/1873/1407 1874/1874/1408 1875/1875/1409
f 1874/1874/1408 1876/1876/1410 1875/1875/1409
f 1875/1875/1409 1876/1876/1410 1877/1877/1411
f 1876/1876/1410 1878/1878/1412 1877/1877/1411
f 1877/1877/1411 1878/1878/1412 1879/1879/1413
f 1878/1878/1412 1880/1880/1414 1879/1879/1413
f 1879/1879/1413 1880/1880/1414 1881/1881/1415
f 1880/1880/1414 1882/1882/1416 1881/1881/1415
f 1881/1881/1415 1882/1882/1416 1883/1883/1417
f 1882/1882/1416 1884/1884/1418 1883/1883/1417
f 1883/1883/1417 1884/1884/1418 1885/1885/1419
f 1884/1884/1418 1886/1886/1420 1885/1885/1419
f 1885/1885/1419 1886/1886/1420 1887/1887/1421
f 1886/1886/1420 1888/1888/1422 1887/1887/1421
f 1887/1887/1421 1888/1888/1422 1889/1889/1423
f 1888/1888/1422 1890/1890/1424 1889/1889/1423
f 1889/1889/1423 1890/1890/1424 1891/1891/1425
f 1890/1890/1424 1892/1892/1426 1891/1891/1425
f 1891/1891/1425 1892/1892/1426 1893/1893/1427
f 1892/1892/1426 1894/1894/1428 1893/1893/1427
f 1893/1893/1427 1894/1894/1428 1895/1895/1429
f 1894/1894/1428 1896/1896/1430 1895/1895/1429
f 1895/1895/1429 1896/1896/1430 1897/1897/1431
f 1896/1896/1430 1898/1898/1432 1897/1897/1431
f 1897/1897/1431 1898/1898/1432 1899/1899/1433
f 1900/1900/1434 1901/1901/1435 1902/1902/1436
f 1901/1901/1435 1903/1903/1437 1902/1902/1436
f 1902/1902/1436 1903/1903/1437 1904/1904/1438
f 1903/1903/1437 1905/1905/1439 1904/1904/1438
f 1904/1904/1438 1905/1905/1439 1906/1906/1440
f 1905/1905/1439 1907/1907/1441 1906/1906/1440
f 1906/1906/1440 1907/1907/1441 1908/1908/1442
f 1907/1907/1441 1909/1909/1443 1908/1908/1442
f 1908/1908/1442 1909/1909/1443 1910/1910/1444
f 1909/1909/1443 1911/1911/1445 1910/1910/1444
f 1910/1910/1444 1911/1911/1445 1912/1912/1446
f 1911/1911/1445 1913/1913/1447 1912/1912/1446
f 1912/1912/1446 1913/1913/1447 1914/1914/1448
f 1913/1913/1447 1915/1915/1449 1914/1914/1448
f 1914/1914/1448 1915/1915/1449 1916/1916/1450
f 1915/1915/1449 1917/1917/1451 1916/1916/1450
f 1916/1916/1450 1917/1917/1451 1918/1918/1452
f 1917/1917/1451 1919/1919/1453 1918/1918/1452
f 1918/1918/1452 1919/1919/1453 1920/1920/1454
f 1919/1919/1453 1921/1921/1455 1920/1920/1454
f 1920/1920/1454 1921/1921/1455 1922/1922/1456
f 1921/1921/1455 1923/1923/1457 1922/1922/1456
f 1922/1922/1456 1923/1923/1457 1924/1924/1458
f 1923/1923/1457 1925/1925/1459 1924/1924/1458
f 1924/1924/1458 1925/1925/1459 1926/1926/1460
f 1927/1927/1461 1928/1928/1462 1929/1929/1463
f 1928/1928/1462 1930/1930/1464 1929/1929/1463
f 1929/1929/1463 1930/1930/1464 1931/1931/1465
f 1930/1930/1464 1932/1932/1342 1931/1931/1465
f 1931/1931/1465 1932/1932/1342 1933/1933/1466
f 1932/1932/1342 1934/1934/1467 1933/1933/1466
f 1933/1933/1466 1934/1934/1467 1935/1935/1468
f 1934/1934/1467 1936/1936/1469 1935/1935/1468
f 1935/1935/1468 1936/1936/1469 1937/1937/1470
f 1936/1936/1469 1938/1938/1471 1937/1937/1470
f 1937/1937/1470 1938/1938/1471 1939/1939/1472
f 1938/1938/1471 1940/1940/1473 1939/1939/1472
f 1939/1939/1472 1940/1940/1473 1941/1941/1474
f 1940/1940/1473 1942/1942/1475 1941/1941/1474
f 1941/1941/1474 1942/1942/1475 1943/1943/1476
f 1942/1942/1475 1944/1944/1477 1943/1943/1476
f 1943/1943/1476 1944/1944/1477 1945/1945/1451
f 1944/1944/1477 1946/1946/1478 1945/1945/1451
f 1945/1945/1451 1946/1946/1478 1947/1947/1479
f 1946/1946/1478 1948/1948/1480 1947/1947/1479
f 1947/1947/1479 1948/1948/1480 1949/1949/1481
f 1948/1948/1480 1950/1950/1482 1949/1949/1481
f 1949/1949/1481 1950/1950/1482 1951/1951/1483
f 1950/1950/1482 1952/1952/1484 1951/1951/1483
f 1951/1951/1483 1952/1952/1484 1953/1953/1485
f 1954/1954/1486 1955/1955/1487 1956/1956/1488
f 1957/1957/1489 1958/1958/1490 1959/1959/1490
f 1960/1960/1489 1961/1961/1491 1962/1962/1488
f 1961/1961/1491 1963/1963/1492 1962/1962/1488
f 1962/1962/1488 1963/1963/1492 1964/1964/1493
f 1965/1965/1494 1966/1966/1495 1967/1967/1496
f 1966/1966/1495 1968/1968/1497 1967/1967/1496
f 1967/1967/1496 1968/1968/1497 1969/1969/1498
f 1970/1970/1499 1971/1971/1500 1972/1972/1501
f 1971/1971/1500 1973/1973/1502 1972/1972/1501
f 1974/1974/1503 1975/1975/1504 1976/1976/1505
f 1975/1975/1504 1977/1977/1506 1976/1976/1505
f 1976/1976/1505 1977/1977/1506 1978/1978/1507
f 1979/1979/1508 1980/1980/1509 1981/1981/1510
f 1980/1980/1509 1982/1982/1511 1981/1981/1510
f 1981/1981/1510 1982/1982/1511 1983/1983/1512
f 1984/1984/1513 1985/1985/1514 1986/1986/1515
f 1985/1985/1514 1987/1987/1516 1986/1986/1515
f 1986/1986/1515 1987/1987/1516 1988/1988/1517
f 1989/1989/1518 1990/1990/1519 1991/1991/1520
f 1990/1990/1519 1992/1992/1521 1991/1991/1520
f 1991/1991/1520 1992/1992/1521 1993/1993/1522
f 1994/1994/1523 1995/1995/1524 1996/1996/1525
f 1995/1995/1524 1997/1997/1526 1996/1996/1525
f 1996/1996/1525 1997/1997/1526 1998/1998/1527
f 1999/1999/1528 2000/2000/1529 2001/2001/1530
f 2002/2002/1531 2003/2003/1532 2004/2004/1533
f 2003/2003/1532 2005/2005/1534 2004/2004/1533
f 2004/2004/1533 2005/2005/1534 2006/2006/1535
f 2005/2005/1534 2007/2007/1536 2006/2006/1535
f 2006/2006/1535 2007/2007/1536 2008/2008/1537
f 2009/2009/1538 2010/2010/1539 2011/2011/1540
f 2010/2010/1539 2012/2012/1541 2011/2011/1540
f 2011/2011/1540 2012/2012/1541 2013/2013/1542
f 2014/2014/1543 2015/2015/1543 2016/2016/1544
f 2015/2015/1543 2017/2017/1501 2016/2016/1544
f 2016/2016/1544 2017/2017/1501 2018/2018/1501
f 2017/2017/1501 2019/2019/1545 2018/2018/1501
f 2020/2020/1546 2021/2021/1547 2022/2022/1543
f 2021/2021/1547 2023/2023/1548 2022/2022/1543
f 2022/2022/1543 2023/2023/1548 2024/2024/1549
f 2025/2025/1550 2026/2026/1550 2027/2027/1551
f 2026/2026/1550 2028/2028/1552 2027/2027/1551
f 2027/2027/1551 2028/2028/1552 2029/2029/1552
f 2028/2028/1552 2030/2030/1553 2029/2029/1552
f 2031/2031/1554 2032/2032/1555 2033/2033/1550
f 2032/2032/1555 2034/2034/1556 2033/2033/1550
f 2033/2033/1550 2034/2034/1556 2035/2035/1557
f 2036/2036/1558 2037/2037/1558 2038/2038/1559
f 2037/2037/1558 2039/2039/1557 2038/2038/1559
f 2038/2038/1559 2039/2039/1557 2040/2040/1560
f 2039/2039/1557 2041/2041/1561 2040/2040/1560
f 2042/2042/1562 2043/2043/1563 2044/2044/1558
f 2043/2043/1563 2045/2045/1564 2044/2044/1558
f 2044/2044/1558 2045/2045/1564 2046/2046/1565
f 2047/2047/1566 2048/2048/1567 2049/2049/1565
f 2048/2048/1567 2050/2050/1568 2049/2049/1565
f 2049/2049/1565 2050/2050/1568 2051/2051/1488
f 2050/2050/1568 2052/2052/1488 2051/2051/1488
f 2051/2051/1488 2052/2052/1488 2053/2053/1489
f 2054/2054/1569 2055/2055/1570 2056/2056/1571
f 2057/2057/1572 2058/2058/1573 2059/2059/1574
f 2060/2060/1575 2061/2061/1576 2062/2062/1577
f 2061/2061/1576 2063/2063/1578 2062/2062/1577
f 2062/2062/1577 2063/2063/1578 2064/2064/355
f 2063/2063/1578 2065/2065/1579 2064/2064/355
f 2066/2066/1580 2067/2067/1581 2068/2068/1582
f 2067/2067/1581 2069/2069/1583 2068/2068/1582
f 2068/2068/1582 2069/2069/1583 2070/2070/1584
f 2069/2069/1583 2071/2071/1585 2070/2070/1584
f 2070/2070/1584 2071/2071/1585 2072/2072/1586
f 2073/2073/427 2074/2074/1587 2075/2075/1588
f 2076/2076/1589 2077/2077/1590 2078/2078/1591
f 2079/2079/1592 2080/2080/1593 2081/2081/1594
f 2080/2080/1593 2082/2082/1595 2081/2081/1594
f 2081/2081/1594 2082/2082/1595 2083/2083/1596
f 2082/2082/1595 2084/2084/1597 2083/2083/1596
f 2083/2083/1596 2084/2084/1597 2085/2085/1598
f 2084/2084/1597 2086/2086/1599 2085/2085/1598
f 2085/2085/1598 2086/2086/1599 2087/2087/1600
f 2086/2086/1599 2088/2088/1601 2087/2087/1600
f 2087/2087/1600 2088/2088/1601 2089/2089/1602
f 2088/2088/1601 2090/2090/1603 2089/2089/1602
f 2089/2089/1602 2090/2090/1603 2091/2091/1604
f 2092/2092/1605 2093/2093/1606 2094/2094/1607
f 2093/2093/1606 2095/2095/1608 2094/2094/1607
f 2094/2094/1607 2095/2095/1608 2096/2096/1609
f 2097/2097/1610 2098/2098/1611 2099/2099/1612
f 2098/2098/1611 2100/2100/1613 2099/2099/1612
f 2099/2099/1612 2100/2100/1613 2101/2101/1614
f 2100/2100/1613 2102/2102/1615 2101/2101/1614
f 2101/2101/1614 2102/2102/1615 2103/2103/1616
f 2102/2102/1615 2104/2104/1617 2103/2103/1616
f 2105/2105/1618 2106/2106/1619 2107/2107/1620
f 2106/2106/1619 2108/2108/1621 2107/2107/1620
f 2107/2107/1620 2108/2108/1621 2109/2109/1622
f 2108/2108/1621 2110/2110/1623 2109/2109/1622
f 2109/2109/1622 2110/2110/1623 2111/2111/1624
f 2112/2112/1625 2113/2113/1626 2114/2114/1627
f 2113/2113/1626 2115/2115/1628 2114/2114/1627
f 2114/2114/1627 2115/2115/1628 2116/2116/1629
f 2115/2115/1628 2117/2117/1630 2116/2116/1629
f 2116/2116/1629 2117/2117/1630 2118/2118/1631
f 2119/2119/1632 2120/2120/1633 2121/2121/1634
f 2120/2120/1633 2122/2122/1635 2121/2121/1634
f 2121/2121/1634 2122/2122/1635 2123/2123/1636
f 2122/2122/1635 2124/2124/1637 2123/2123/1636
f 2123/2123/1636 2124/2124/1637 2125/2125/1638
f 2124/2124/1637 2126/2126/1639 2125/2125/1638
f 2125/2125/1638 2126/2126/1639 2127/2127/1640
f 2126/2126/1639 2128/2128/1641 2127/2127/1640
f 2127/2127/1640 2128/2128/1641 2129/2129/1642
f 2130/2130/1643 2131/2131/1644 2132/2132/1645
f 2131/2131/1644 2133/2133/1646 2132/2132/1645
f 2132/2132/1645 2133/2133/1646 2134/2134/1647
f 2133/2133/1646 2135/2135/1648 2134/2134/1647
f 2134/2134/1647 2135/2135/1648 2136/2136/1649
f 2135/2135/1648 2137/2137/1340 2136/2136/1649
f 2138/2138/1650 2139/2139/1651 2140/2140/1652
f 2139/2139/1651 2141/2141/1653 2140/2140/1652
f 2140/2140/1652 2141/2141/1653 2142/2142/1654
f 2141/2141/1653 2143/2143/1655 2142/2142/1654
f 2142/2142/1654 2143/2143/1655 2144/2144/177
f 2143/2143/1655 2145/2145/1656 2144/2144/177
f 2144/2144/177 2145/2145/1656 2146/2146/1657
f 2147/2147/103 2148/2148/1658 2149/2149/1658
f 2150/2150/1659 2151/2151/1660 2152/2152/1661
f 2151/2151/1660 2153/2153/1662 2152/2152/1661
f 2152/2152/1661 2153/2153/1662 2154/2154/1663
f 2155/2155/1664 2156/2156/1665 2157/2157/1666
f 2156/2156/1665 2158/2158/1667 2157/2157/1666
f 2157/2157/1666 2158/2158/1667 2159/2159/1668
f 2160/2160/1669 2161/2161/1670 2162/2162/1671
f 2161/2161/1670 2163/2163/1672 2162/2162/1671
f 2162/2162/1671 2163/2163/1672 2164/2164/1673
f 2165/2165/1674 2166/2166/1675 2167/2167/1676
f 2166/2166/1675 2168/2168/1677 2167/2167/1676
f 2167/2167/1676 2168/2168/1677 2169/2169/1678
f 2170/2170/1679 2171/2171/1680 2172/2172/1681
f 2171/2171/1680 2173/2173/1682 2172/2172/1681
f 2172/2172/1681 2173/2173/1682 2174/2174/1683
f 2175/2175/1684 2176/2176/1685 2177/2177/1686
f 2176/2176/1685 2178/2178/1687 2177/2177/1686
f 2177/2177/1686 2178/2178/1687 2179/2179/1688
f 2180/2180/1689 2181/2181/1690 2182/2182/1691
f 2181/2181/1690 2183/2183/1686 2182/2182/1691
f 2182/2182/1691 2183/2183/1686 2184/2184/1692
f 2183/2183/1686 2185/2185/1693 2184/2184/1692
f 2186/2186/1694 2187/2187/1695 2188/2188/1686
f 2187/2187/1695 2189/2189/1686 2188/2188/1686
f 2188/2188/1686 2189/2189/1686 2190/2190/1696
f 2189/2189/1686 2191/2191/1696 2190/2190/1696
f 2190/2190/1696 2191/2191/1696 2192/2192/1697
f 2191/2191/1696 2193/2193/1697 2192/2192/1697
f 2192/2192/1697 2193/2193/1697 2194/2194/1698
f 2193/2193/1697 2195/2195/1698 2194/2194/1698
f 2194/2194/1698 2195/2195/1698 2196/2196/74
f 2195/2195/1698 2197/2197/74 2196/2196/74
f 2196/2196/74 2197/2197/74 2198/2198/1699
f 2197/2197/74 2199/2199/1699 2198/2198/1699
f 2198/2198/1699 2199/2199/1699 2200/2200/1700
f 2199/2199/1699 2201/2201/1700 2200/2200/1700
f 2200/2200/1700 2201/2201/1700 2202/2202/1701
f 2201/2201/1700 2203/2203/1701 2202/2202/1701
f 2202/2202/1701 2203/2203/1701 2204/2204/1702
f 2203/2203/1701 2205/2205/1703 2204/2204/1702
f 2204/2204/1702 2205/2205/1703 2206/2206/1704
f 2205/2205/1703 2207/2207/1705 2206/2206/1704
f 2206/2206/1704 2207/2207/1705 2208/2208/1706
f 2207/2207/1705 2209/2209/1705 2208/2208/1706
f 2210/2210/1707 2211/2211/1708 2212/2212/1705
f 2211/2211/1708 2213/2213/1709 2212/2212/1705
f 2212/2212/1705 2213/2213/1709 2214/2214/1710
f 2215/2215/83 2216/2216/1711 2217/2217/1712
f 2216/2216/1711 2218/2218/1713 2217/2217/1712
f 2217/2217/1712 2218/2218/1713 2219/2219/1714
f 2220/2220/1715 2221/2221/1716 2222/2222/1717
f 2221/2221/1716 2223/2223/1717 2222/2222/1717
f 2222/2222/1717 2223/2223/1717 2224/2224/1718
f 2223/2223/1717 2225/2225/1718 2224/2224/1718
f 2224/2224/1718 2225/2225/1718 2226/2226/1719
f 2225/2225/1718 2227/2227/1719 2226/2226/1719
f 2226/2226/1719 2227/2227/1719 2228/2228/1720
f 2227/2227/1719 2229/2229/1720 2228/2228/1720
f 2228/2228/1720 2229/2229/1720 2230/2230/1721
f 2229/2229/1720 2231/2231/1721 2230/2230/1721
f 2230/2230/1721 2231/2231/1721 2232/2232/1722
f 2231/2231/1721 2233/2233/1722 2232/2232/1722
f 2232/2232/1722 2233/2233/1722 2234/2234/1723
f 2233/2233/1722 2235/2235/1723 2234/2234/1723
f 2234/2234/1723 2235/2235/1723 2236/2236/1724
f 2235/2235/1723 2237/2237/1725 2236/2236/1724
f 2236/2236/1724 2237/2237/1725 2238/2238/1712
f 2237/2237/1725 2239/2239/1726 2238/2238/1712
f 2238/2238/1712 2239/2239/1726 2240/2240/1727
f 2241/2241/1728 2242/2242/1729 2243/2243/1730
f 2242/2242/1729 2244/2244/1731 2243/2243/1730
f 2245/2245/1732 2246/2246/1733 2247/2247/1734
f 2248/2248/1735 2249/2249/1736 2250/2250/1737
f 2249/2249/1736 2251/2251/1738 2250/2250/1737
f 2250/2250/1737 2251/2251/1738 2252/2252/1715
f 2251/2251/1738 2253/2253/1739 2252/2252/1715
f 2252/2252/1715 2253/2253/1739 2254/2254/1740
f 2255/2255/1741 2256/2256/1742 2257/2257/1743
f 2258/2258/1744 2259/2259/1745 2260/2260/1746
f 2259/2259/1745 2261/2261/1747 2260/2260/1746
f 2260/2260/1746 2261/2261/1747 2262/2262/1748
f 2261/2261/1747 2263/2263/1749 2262/2262/1748
f 2262/2262/1748 2263/2263/1749 2264/2264/1750
f 2265/2265/1751 2266/2266/1752 2267/2267/1753
f 2266/2266/1752 2268/2268/1754 2267/2267/1753
f 2267/2267/1753 2268/2268/1754 2269/2269/1755
f 2270/2270/1756 2271/2271/1757 2272/2272/1758
f 2271/2271/1757 2273/2273/1759 2272/2272/1758
f 2272/2272/1758 2273/2273/1759 2274/2274/1760
f 2273/2273/1759 2275/2275/1761 2274/2274/1760
f 2274/2274/1760 2275/2275/1761 2276/2276/1762
f 2277/2277/1763 2278/2278/1764 2279/2279/1765
f 2280/2280/1766 2281/2281/1767 2282/2282/1768
f 2283/2283/1769 2284/2284/1770 2285/2285/1771
f 2284/2284/1770 2286/2286/1772 2285/2285/1771
f 2285/2285/1771 2286/2286/1772 2287/2287/1773
f 2288/2288/1774 2289/2289/1775 2290/2290/1776
f 2291/2291/1777 2292/2292/1778 2293/2293/1779
f 2292/2292/1778 2294/2294/1780 2293/2293/1779
f 2293/2293/1779 2294/2294/1780 2295/2295/1781
f 2294/2294/1780 2296/2296/1782 2295/2295/1781
f 2295/2295/1781 2296/2296/1782 2297/2297/1783
f 2296/2296/1782 2298/2298/1784 2297/2297/1783
f 2297/2297/1783 2298/2298/1784 2299/2299/1785
f 2298/2298/1784 2300/2300/1786 2299/2299/1785
f 2299/2299/1785 2300/2300/1786 2301/2301/1787
f 2302/2302/1788 2303/2303/1789 2304/2304/1790
f 2303/2303/1789 2305/2305/1791 2304/2304/1790
f 2304/2304/1790 2305/2305/1791 2306/2306/1792
f 2307/2307/1793 2308/2308/1794 2309/2309/1795
f 2308/2308/1794 2310/2310/1796 2309/2309/1795
f 2309/2309/1795 2310/2310/1796 2311/2311/1797
f 2310/2310/1796 2312/2312/1798 2311/2311/1797
f 2313/2313/1799 2314/2314/1800 2315/2315/1801
f 2314/2314/1800 2316/2316/1802 2315/2315/1801
f 2315/2315/1801 2316/2316/1802 2317/2317/1803
f 2316/2316/1802 2318/2318/1804 2317/2317/1803
f 2317/2317/1803 2318/2318/1804 2319/2319/1805
f 2320/2320/1806 2321/2321/1807 2322/2322/1808
f 2321/2321/1807 2323/2323/1809 2322/2322/1808
f 2322/2322/1808 2323/2323/1809 2324/2324/1810
f 2325/2325/1811 2326/2326/1812 2327/2327/1813
f 2326/2326/1812 2328/2328/1814 2327/2327/1813
f 2327/2327/1813 2328/2328/1814 2329/2329/1815
f 2330/2330/1816 2331/2331/1817 2332/2332/1818
f 2333/2333/1819 2334/2334/1820 2335/2335/1821
f 2334/2334/1820 2336/2336/1822 2335/2335/1821
f 2335/2335/1821 2336/2336/1822 2337/2337/1823
f 2338/2338/1824 2339/2339/1825 2340/2340/1826
f 2339/2339/1825 2341/2341/1827 2340/2340/1826
f 2340/2340/1826 2341/2341/1827 2342/2342/1828
f 2343/2343/1829 2344/2344/1830 2345/2345/1831
f 2344/2344/1830 2346/2346/1831 2345/2345/1831
f 2345/2345/1831 2346/2346/1831 2347/2347/1832
f 2346/2346/1831 2348/2348/1832 2347/2347/1832
f 2347/2347/1832 2348/2348/1832 2349/2349/1833
f 2348/2348/1832 2350/2350/1833 2349/2349/1833
f 2349/2349/1833 2350/2350/1833 2351/2351/1834
f 2350/2350/1833 2352/2352/1834 2351/2351/1834
f 2351/2351/1834 2352/2352/1834 2353/2353/1835
f 2352/2352/1834 2354/2354/1835 2353/2353/1835
f 2353/2353/1835 2354/2354/1835 2355/2355/1836
f 2354/2354/1835 2356/2356/1836 2355/2355/1836
f 2355/2355/1836 2356/2356/1836 2357/2357/1837
f 2356/2356/1836 2358/2358/1837 2357/2357/1837
f 2357/2357/1837 2358/2358/1837 2359/2359/1838
f 2358/2358/1837 2360/2360/1838 2359/2359/1838
f 2359/2359/1838 2360/2360/1838 2361/2361/1839
f 2360/2360/1838 2362/2362/1839 2361/2361/1839
f 2361/2361/1839 2362/2362/1839 2363/2363/1840
f 2362/2362/1839 2364/2364/1841 2363/2363/1840
f 2363/2363/1840 2364/2364/1841 2365/2365/1842
f 2364/2364/1841 2366/2366/1843 2365/2365/1842
f 2367/2367/1844 2368/2368/1845 2369/2369/1841
f 2368/2368/1845 2370/2370/1846 2369/2369/1841
f 2369/2369/1841 2370/2370/1846 2371/2371/1847
f 2372/2372/1848 2373/2373/1849 2374/2374/1850
f 2373/2373/1849 2375/2375/1851 2374/2374/1850
f 2374/2374/1850 2375/2375/1851 2376/2376/1852
f 2377/2377/1853 2378/2378/1854 2379/2379/1855
f 2378/2378/1854 2380/2380/1856 2379/2379/1855
f 2379/2379/1855 2380/2380/1856 2381/2381/1857
f 2382/2382/1858 2383/2383/1859 2384/2384/1860
f 2385/2385/1861 2386/2386/1862 2387/2387/1863
f 2388/2388/1864 2389/2389/1865 2390/2390/1866
f 2389/2389/1865 2391/2391/1866 2390/2390/1866
f 2390/2390/1866 2391/2391/1866 2392/2392/1867
f 2391/2391/1866 2393/2393/1867 2392/2392/1867
f 2392/2392/1867 2393/2393/1867 2394/2394/1868
f 2393/2393/1867 2395/2395/1868 2394/2394/1868
f 2394/2394/1868 2395/2395/1868 2396/2396/1869
f 2395/2395/1868 2397/2397/1869 2396/2396/1869
f 2396/2396/1869 2397/2397/1869 2398/2398/1870
f 2397/2397/1869 2399/2399/1870 2398/2398/1870
f 2398/2398/1870 2399/2399/1870 2400/2400/1871
f 2399/2399/1870 2401/2401/1871 2400/2400/1871
f 2400/2400/1871 2401/2401/1871 2402/2402/1872
f 2401/2401/1871 2403/2403/1872 2402/2402/1872
f 2402/2402/1872 2403/2403/1872 2404/2404/1873
f 2403/2403/1872 2405/2405/1873 2404/2404/1873
f 2404/2404/1873 2405/2405/1873 2406/2406/1874
f 2405/2405/1873 2407/2407/1875 2406/2406/1874
f 2406/2406/1874 2407/2407/1875 2408/2408/1841
f 2407/2407/1875 2409/2409/1876 2408/2408/1841
f 2408/2408/1841 2409/2409/1876 2410/2410/1877
f 2411/2411/1878 2412/2412/1879 2413/2413/1855
f 2412/2412/1879 2414/2414/1880 2413/2413/1855
f 2413/2413/1855 2414/2414/1880 2415/2415/1881
f 2416/2416/1882 2417/2417/1883 2418/2418/1866
f 2417/2417/1883 2419/2419/1884 2418/2418/1866
f 2418/2418/1866 2419/2419/1884 2420/2420/1885
f 2421/2421/1886 2422/2422/1887 2423/2423/1888
f 2422/2422/1887 2424/2424/1889 2423/2423/1888
f 2423/2423/1888 2424/2424/1889 2425/2425/1890
f 2424/2424/1889 2426/2426/1891 2425/2425/1890
f 2425/2425/1890 2426/2426/1891 2427/2427/1892
f 2428/2428/1893 2429/2429/1894 2430/2430/1895
f 2429/2429/1894 2431/2431/1896 2430/2430/1895
f 2430/2430/1895 2431/2431/1896 2432/2432/1897
f 2431/2431/1896 2433/2433/1898 2432/2432/1897
f 2432/2432/1897 2433/2433/1898 2434/2434/1899
f 2435/2435/1900 2436/2436/1901 2437/2437/1902
f 2436/2436/1901 2438/2438/1903 2437/2437/1902
f 2437/2437/1902 2438/2438/1903 2439/2439/1904
f 2438/2438/1903 2440/2440/1905 2439/2439/1904
f 2439/2439/1904 2440/2440/1905 2441/2441/1906
f 2440/2440/1905 2442/2442/1907 2441/2441/1906
f 2441/2441/1906 2442/2442/1907 2443/2443/1908
f 2442/2442/1907 2444/2444/1909 2443/2443/1908
f 2443/2443/1908 2444/2444/1909 2445/2445/1910
f 2446/2446/1911 2447/2447/1912 2448/2448/1913
f 2447/2447/1912 2449/2449/1914 2448/2448/1913
f 2448/2448/1913 2449/2449/1914 2450/2450/1915
f 2449/2449/1914 2451/2451/1916 2450/2450/1915
f 2450/2450/1915 2451/2451/1916 2452/2452/1917
f 2453/2453/1918 2454/2454/1919 2455/2455/1920
f 2454/2454/1919 2456/2456/1921 2455/2455/1920
f 2455/2455/1920 2456/2456/1921 2457/2457/1922
f 2456/2456/1921 2458/2458/1923 2457/2457/1922
f 2459/2459/1924 2460/2460/1925 2461/2461/1926
f 2460/2460/1925 2462/2462/1658 2461/2461/1926
f 2461/2461/1926 2462/2462/1658 2463/2463/1927
f 2462/2462/1658 2464/2464/1928 2463/2463/1927
f 2465/2465/1929 2466/2466/1930 2467/2467/1931
f 2466/2466/1930 2468/2468/1932 2467/2467/1931
f 2467/2467/1931 2468/2468/1932 2469/2469/1933
f 2470/2470/1934 2471/2471/1935 2472/2472/1753
f 2471/2471/1935 2473/2473/1936 2472/2472/1753
f 2472/2472/1753 2473/2473/1936 2474/2474/1937
f 2475/2475/1938 2476/2476/1939 2477/2477/1931
f 2476/2476/1939 2478/2478/1940 2477/2477/1931
f 2477/2477/1931 2478/2478/1940 2479/2479/1941
f 2480/2480/1942 2481/2481/1943 2482/2482/1944
f 2483/2483/1945 2484/2484/1946 2485/2485/1947
f 2484/2484/1946 2486/2486/1948 2485/2485/1947
f 2485/2485/1947 2486/2486/1948 2487/2487/1944
f 2486/2486/1948 2488/2488/1949 2487/2487/1944
f 2487/2487/1944 2488/2488/1949 2489/2489/1950
f 2490/2490/1951 2491/2491/1952 2492/2492/1953
f 2491/2491/1952 2493/2493/1954 2492/2492/1953
f 2492/2492/1953 2493/2493/1954 2494/2494/1955
f 2495/2495/1956 2496/2496/1957 2497/2497/1953
f 2496/2496/1957 2498/2498/1958 2497/2497/1953
f 2497/2497/1953 2498/2498/1958 2499/2499/1658
f 2498/2498/1958 2500/2500/1959 2499/2499/1658
f 2499/2499/1658 2500/2500/1959 2501/2501/1960
f 2502/2502/1961 2503/2503/1962 2504/2504/1963
f 2503/2503/1962 2505/2505/1964 2504/2504/1963
f 2504/2504/1963 2505/2505/1964 2506/2506/1965
f 2507/2507/1966 2508/2508/1967 2509/2509/57
f 2508/2508/1967 2510/2510/1690 2509/2509/57
f 2509/2509/57 2510/2510/1690 2511/2511/1968
f 2510/2510/1690 2512/2512/1969 2511/2511/1968
f 2513/2513/1970 2514/2514/1971 2515/2515/1972
f 2514/2514/1971 2516/2516/1973 2515/2515/1972
f 2515/2515/1972 2516/2516/1973 2517/2517/1974
f 2518/2518/1975 2519/2519/1976 2520/2520/1972
f 2519/2519/1976 2521/2521/1977 2520/2520/1972
f 2520/2520/1972 2521/2521/1977 2522/2522/1978
f 2521/2521/1977 2523/2523/1979 2522/2522/1978
f 2522/2522/1978 2523/2523/1979 2524/2524/1980
f 2525/2525/1981 2526/2526/1982 2527/2527/1983
f 2528/2528/1984 2529/2529/1985 2530/2530/1986
f 2529/2529/1985 2531/2531/1987 2530/2530/1986
f 2530/2530/1986 2531/2531/1987 2532/2532/1988
f 2533/2533/1989 2534/2534/1990 2535/2535/1991
f 2536/2536/1992 2537/2537/1993 2538/2538/1994
f 2537/2537/1993 2539/2539/1995 2538/2538/1994
f 2538/2538/1994 2539/2539/1995 2540/2540/1996
f 2539/2539/1995 2541/2541/1997 2540/2540/1996
f 2540/2540/1996 2541/2541/1997 2542/2542/1998
f 2543/2543/1999 2544/2544/2000 2545/2545/2001
f 2546/2546/2001 2547/2547/2000 2548/2548/2002
f 2549/2549/2003 2550/2550/2004 2551/2551/2005
f 2550/2550/2004 2552/2552/2006 2551/2551/2005
f 2551/2551/2005 2552/2552/2006 2553/2553/1620
f 2552/2552/2006 2554/2554/2007 2553/2553/1620
f 2553/2553/1620 2554/2554/2007 2555/2555/2008
f 2554/2554/2007 2556/2556/2009 2555/2555/2008
f 2555/2555/2008 2556/2556/2009 2557/2557/2010
f 2556/2556/2009 2558/2558/2011 2557/2557/2010
f 2557/2557/2010 2558/2558/2011 2559/2559/2012
f 2558/2558/2011 2560/2560/2013 2559/2559/2012
f 2559/2559/2012 2560/2560/2013 2561/2561/2014
f 2562/2562/2015 2563/2563/2016 2564/2564/2017
f 2563/2563/2016 2565/2565/1240 2564/2564/2017
f 2564/2564/2017 2565/2565/1240 2566/2566/699
f 2567/2567/2018 2568/2568/2019 2569/2569/2020
f 2568/2568/2019 2570/2570/2021 2569/2569/2020
f 2569/2569/2020 2570/2570/2021 2571/2571/2022
f 2570/2570/2021 2572/2572/2023 2571/2571/2022
f 2571/2571/2022 2572/2572/2023 2573/2573/2024
f 2572/2572/2023 2574/2574/2025 2573/2573/2024
f 2575/2575/2026 2576/2576/2027 2577/2577/2028
f 2576/2576/2027 2578/2578/2029 2577/2577/2028
f 2577/2577/2028 2578/2578/2029 2579/2579/2030
f 2578/2578/2029 2580/2580/2031 2579/2579/2030
f 2579/2579/2030 2580/2580/2031 2581/2581/2032
f 2582/2582/732 2583/2583/2033 2584/2584/2034
f 2583/2583/2033 2585/2585/2035 2584/2584/2034
f 2584/2584/2034 2585/2585/2035 2586/2586/2036
f 2585/2585/2035 2587/2587/2037 2586/2586/2036
f 2586/2586/2036 2587/2587/2037 2588/2588/2038
f 2589/2589/2039 2590/2590/2040 2591/2591/2041
f 2590/2590/2040 2592/2592/2042 2591/2591/2041
f 2593/2593/1651 2594/2594/2043 2595/2595/2044
f 2594/2594/2043 2596/2596/2045 2595/2595/2044
f 2595/2595/2044 2596/2596/2045 2597/2597/2046
f 2596/2596/2045 2598/2598/2047 2597/2597/2046
f 2597/2597/2046 2598/2598/2047 2599/2599/2048
f 2598/2598/2047 2600/2600/2049 2599/2599/2048
f 2599/2599/2048 2600/2600/2049 2601/2601/830
f 2600/2600/2049 2602/2602/2050 2601/2601/830
f 2601/2601/830 2602/2602/2050 2603/2603/2051
f 2604/2604/2052 2605/2605/2053 2606/2606/2054
f 2605/2605/2053 2607/2607/2055 2606/2606/2054
f 2606/2606/2054 2607/2607/2055 2608/2608/849
f 2607/2607/2055 2609/2609/355 2608/2608/849
f 2608/2608/849 2609/2609/355 2610/2610/2056
f 2611/2611/2057 2612/2612/2058 2613/2613/2059
f 2612/2612/2058 2614/2614/2060 2613/2613/2059
f 2613/2613/2059 2614/2614/2060 2615/2615/2061
f 2614/2614/2060 2616/2616/2062 2615/2615/2061
f 2615/2615/2061 2616/2616/2062 2617/2617/2063
f 2616/2616/2062 2618/2618/2064 2617/2617/2063
f 2617/2617/2063 2618/2618/2064 2619/2619/2065
f 2620/2620/2066 2621/2621/2067 2622/2622/2068
f 2623/2623/2069 2624/2624/2070 2625/2625/2071
f 2624/2624/2070 2626/2626/2072 2625/2625/2071
f 2625/2625/2071 2626/2626/2072 2627/2627/2073
f 2628/2628/2074 2629/2629/2075 2630/2630/2076
f 2631/2631/2077 2632/2632/2078 2633/2633/2078
f 2634/2634/2079 2635/2635/2080 2636/2636/2081
f 2635/2635/2080 2637/2637/2082 2636/2636/2081
f 2636/2636/2081 2637/2637/2082 2638/2638/2083
f 2639/2639/2084 2640/2640/2085 2641/2641/2086
f 2640/2640/2085 2642/2642/2087 2641/2641/2086
f 2641/2641/2086 2642/2642/2087 2643/2643/2088
f 2644/2644/2089 2645/2645/2090 2646/2646/2091
f 2645/2645/2090 2647/2647/2092 2646/2646/2091
f 2646/2646/2091 2647/2647/2092 2648/2648/2093
f 2647/2647/2092 2649/2649/2094 2648/2648/2093
f 2648/2648/2093 2649/2649/2094 2650/2650/2095
f 2651/2651/2096 2652/2652/2097 2653/2653/2098
f 2652/2652/2097 2654/2654/2099 2653/2653/2098
f 2655/2655/2100 2656/2656/2101 2657/2657/2102
f 2656/2656/2101 2658/2658/2103 2657/2657/2102
f 2657/2657/2102 2658/2658/2103 2659/2659/2104
f 2660/2660/2105 2661/2661/2106 2662/2662/2107
f 2661/2661/2106 2663/2663/2108 2662/2662/2107
f 2662/2662/2107 2663/2663/2108 2664/2664/2109
f 2665/2665/2110 2666/2666/2111 2667/2667/2098
f 2666/2666/2111 2668/2668/2111 2667/2667/2098
f 2667/2667/2098 2668/2668/2111 2669/2669/2112
f 2670/2670/2113 2671/2671/2114 2672/2672/2115
f 2671/2671/2114 2673/2673/2116 2672/2672/2115
f 2672/2672/2115 2673/2673/2116 2674/2674/2117
f 2675/2675/2118 2676/2676/2119 2677/2677/2120
f 2676/2676/2119 2678/2678/2121 2677/2677/2120
f 2677/2677/2120 2678/2678/2121 2679/2679/2122
f 2680/2680/2123 2681/2681/2123 2682/2682/2124
f 2681/2681/2123 2683/2683/2098 2682/2682/2124
f 2682/2682/2124 2683/2683/2098 2684/2684/2098
f 2683/2683/2098 2685/2685/2125 2684/2684/2098
f 2686/2686/2126 2687/2687/2127 2688/2688/2128
f 2687/2687/2127 2689/2689/2129 2688/2688/2128
f 2688/2688/2128 2689/2689/2129 2690/2690/2130
f 2691/2691/2131 2692/2692/2131 2693/2693/2132
f 2692/2692/2131 2694/2694/2130 2693/2693/2132
f 2693/2693/2132 2694/2694/2130 2695/2695/2130
f 2694/2694/2130 2696/2696/2133 2695/2695/2130
f 2697/2697/2134 2698/2698/2135 2699/2699/2131
f 2698/2698/2135 2700/2700/2136 2699/2699/2131
f 2699/2699/2131 2700/2700/2136 2701/2701/2137
f 2702/2702/2138 2703/2703/2138 2704/2704/2139
f 2703/2703/2138 2705/2705/2137 2704/2704/2139
f 2704/2704/2139 2705/2705/2137 2706/2706/1834
f 2705/2705/2137 2707/2707/2140 2706/2706/1834
f 2708/2708/2138 2709/2709/2141 2710/2710/2138
f 2709/2709/2141 2711/2711/2142 2710/2710/2138
f 2710/2710/2138 2711/2711/2142 2712/2712/2143
f 2713/2713/2144 2714/2714/2145 2715/2715/2143
f 2714/2714/2145 2716/2716/2146 2715/2715/2143
f 2715/2715/2143 2716/2716/2146 2717/2717/2086
f 2716/2716/2146 2718/2718/2086 2717/2717/2086
f 2717/2717/2086 2718/2718/2086 2719/2719/2147
f 2720/2720/2148 2721/2721/2149 2722/2722/2150
f 2723/2723/2151 2724/2724/2152 2725/2725/2153
f 2726/2726/2154 2727/2727/2155 2728/2728/2156
f 2729/2729/2157 2730/2730/2158 2731/2731/2159
f 2732/2732/2160 2733/2733/2161 2734/2734/2162
f 2735/2735/2163 2736/2736/2164 2737/2737/2165
f 2738/2738/2166 2739/2739/2166 2740/2740/2167
f 2741/2741/2168 2742/2742/2169 2743/2743/2170
f 2742/2742/2169 2744/2744/2171 2743/2743/2170
f 2745/2745/2172 2746/2746/2173 2747/2747/33
f 2746/2746/2173 2748/2748/2174 2747/2747/33
f 2747/2747/33 2748/2748/2174 2749/2749/36
f 2748/2748/2174 2750/2750/2175 2749/2749/36
f 2749/2749/36 2750/2750/2175 2751/2751/19
f 2750/2750/2175 2752/2752/2176 2751/2751/19
f 2751/2751/19 2752/2752/2176 2753/2753/20
f 2752/2752/2176 2754/2754/2177 2753/2753/20
f 2753/2753/20 2754/2754/2177 2755/2755/43
f 2754/2754/2177 2756/2756/2178 2755/2755/43
f 2755/2755/43 2756/2756/2178 2757/2757/23
f 2756/2756/2178 2758/2758/2179 2757/2757/23
f 2757/2757/23 2758/2758/2179 2759/2759/20
f 2758/2758/2179 2760/2760/2180 2759/2759/20
f 2759/2759/20 2760/2760/2180 2761/2761/42
f 2760/2760/2180 2762/2762/2181 2761/2761/42
f 2761/2761/42 2762/2762/2181 2763/2763/20
f 2762/2762/2181 2764/2764/2182 2763/2763/20
f 2763/2763/20 2764/2764/2182 2765/2765/31
f 2764/2764/2182 2766/2766/2183 2765/2765/31
f 2765/2765/31 2766/2766/2183 2767/2767/14
f 2766/2766/2183 2768/2768/2184 2767/2767/14
f 2767/2767/14 2768/2768/2184 2769/2769/20
f 2768/2768/2184 2770/2770/2185 2769/2769/20
f 2769/2769/20 2770/2770/2185 2771/2771/162
f 2772/2772/2186 2773/2773/2187 2774/2774/2188
f 2773/2773/2187 2775/2775/2189 2774/2774/2188
f 2776/2776/2190 2777/2777/2191 2778/2778/2192
f 2777/2777/2191 2779/2779/2193 2778/2778/2192
f 2780/2780/2194 2781/2781/2195 2782/2782/2196
f 2781/2781/2195 2783/2783/2197 2782/2782/2196
f 2784/2784/2198 2785/2785/2199 2786/2786/2200
f 2785/2785/2199 2787/2787/2201 2786/2786/2200
f 2788/2788/2202 2789/2789/2203 2790/2790/2204
f 2789/2789/2203 2791/2791/2205 2790/2790/2204
f 2792/2792/2206 2793/2793/2207 2794/2794/2208
f 2793/2793/2207 2795/2795/2209 2794/2794/2208
f 2794/2794/2208 2795/2795/2209 2796/2796/2102
f 2795/2795/2209 2797/2797/2210 2796/2796/2102
f 2796/2796/2102 2797/2797/2210 2798/2798/2211
f 2799/2799/2212 2800/2800/2213 2801/2801/2214
f 2800/2800/2213 2802/2802/2215 2801/2801/2214
f 2801/2801/2214 2802/2802/2215 2803/2803/2216
f 2802/2802/2215 2804/2804/2217 2803/2803/2216
f 2803/2803/2216 2804/2804/2217 2805/2805/2218
f 2806/2806/2219 2807/2807/2220 2808/2808/2221
f 2807/2807/2220 2809/2809/2222 2808/2808/2221
f 2808/2808/2221 2809/2809/2222 2810/2810/2223
f 2809/2809/2222 2811/2811/2131 2810/2810/2223
f 2810/2810/2223 2811/2811/2131 2812/2812/2224
f 2811/2811/2131 2813/2813/2225 2812/2812/2224
f 2812/2812/2224 2813/2813/2225 2814/2814/2226
f 2813/2813/2225 2815/2815/2227 2814/2814/2226
f 2814/2814/2226 2815/2815/2227 2816/2816/2228
f 2817/2817/2229 2818/2818/2230 2819/2819/2231
f 2818/2818/2230 2820/2820/2232 2819/2819/2231
f 2819/2819/2231 2820/2820/2232 2821/2821/2138
f 2820/2820/2232 2822/2822/2233 2821/2821/2138
f 2821/2821/2138 2822/2822/2233 2823/2823/2234
f 2822/2822/2233 2824/2824/2235 2823/2823/2234
f 2823/2823/2234 2824/2824/2235 2825/2825/2236
f 2826/2826/2237 2827/2827/2238 2828/2828/2239
f 2827/2827/2238 2829/2829/2240 2828/2828/2239
f 2828/2828/2239 2829/2829/2240 2830/2830/2241
f 2831/2831/2242 2832/2832/2243 2833/2833/2244
f 2832/2832/2243 2834/2834/2245 2833/2833/2244
f 2833/2833/2244 2834/2834/2245 2835/2835/2246
f 2834/2834/2245 2836/2836/2247 2835/2835/2246
f 2835/2835/2246 2836/2836/2247 2837/2837/2248
f 2838/2838/2249 2839/2839/2250 2840/2840/2251
f 2839/2839/2250 2841/2841/2252 2840/2840/2251
f 2840/2840/2251 2841/2841/2252 2842/2842/2253
f 2841/2841/2252 2843/2843/2254 2842/2842/2253
f 2842/2842/2253 2843/2843/2254 2844/2844/2255
f 2843/2843/2254 2845/2845/2256 2844/2844/2255
f 2844/2844/2255 2845/2845/2256 2846/2846/2257
f 2845/2845/2256 2847/2847/2258 2846/2846/2257
f 2846/2846/2257 2847/2847/2258 2848/2848/2259
f 2847/2847/2258 2849/2849/2260 2848/2848/2259
f 2848/2848/2259 2849/2849/2260 2850/2850/2261
f 2849/2849/2260 2851/2851/2262 2850/2850/2261
f 2850/2850/2261 2851/2851/2262 2852/2852/2263
f 2851/2851/2262 2853/2853/2264 2852/2852/2263
f 2852/2852/2263 2853/2853/2264 2854/2854/2265
f 2853/2853/2264 2855/2855/2266 2854/2854/2265
f 2854/2854/2265 2855/2855/2266 2856/2856/2267
f 2855/2855/2266 2857/2857/2268 2856/2856/2267
f 2856/2856/2267 2857/2857/2268 2858/2858/2269
f 2857/2857/2268 2859/2859/2270 2858/2858/2269
f 2858/2858/2269 2859/2859/2270 2860/2860/2271
f 2859/2859/2270 2861/2861/2272 2860/2860/2271
f 2860/2860/2271 2861/2861/2272 2862/2862/2273
f 2861/2861/2272 2863/2863/2274 2862/2862/2273
f 2862/2862/2273 2863/2863/2274 2864/2864/2275
f 2865/2865/2276 2866/2866/2277 2867/2867/2278
f 2866/2866/2277 2868/2868/2279 2867/2867/2278
f 2867/2867/2278 2868/2868/2279 2869/2869/2280
f 2868/2868/2279 2870/2870/2281 2869/2869/2280
f 2869/2869/2280 2870/2870/2281 2871/2871/2282
f 2870/2870/2281 2872/2872/2283 2871/2871/2282
f 2871/2871/2282 2872/2872/2283 2873/2873/2284
f 2872/2872/2283 2874/2874/2285 2873/2873/2284
f 2873/2873/2284 2874/2874/2285 2875/2875/2286
f 2874/2874/2285 2876/2876/2287 2875/2875/2286
f 2875/2875/2286 2876/2876/2287 2877/2877/2260
f 2876/2876/2287 2878/2878/2288 2877/2877/2260
f 2877/2877/2260 2878/2878/2288 2879/2879/2289
f 2878/2878/2288 2880/2880/2290 2879/2879/2289
f 2879/2879/2289 2880/2880/2290 2881/2881/2291
f 2880/2880/2290 2882/2882/2292 2881/2881/2291
f 2881/2881/2291 2882/2882/2292 2883/2883/2293
f 2882/2882/2292 2884/2884/2294 2883/2883/2293
f 2883/2883/2293 2884/2884/2294 2885/2885/2295
f 2884/2884/2294 2886/2886/2296 2885/2885/2295
f 2885/2885/2295 2886/2886/2296 2887/2887/2297
f 2886/2886/2296 2888/2888/2298 2887/2887/2297
f 2887/2887/2297 2888/2888/2298 2889/2889/2299
f 2888/2888/2298 2890/2890/2300 2889/2889/2299
f 2889/2889/2299 2890/2890/2300 2891/2891/2301
f 2892/2892/2302 2893/2893/2303 2894/2894/2304
f 2893/2893/2303 2895/2895/2305 2894/2894/2304
f 2894/2894/2304 2895/2895/2305 2896/2896/2306
f 2895/2895/2305 2897/2897/2307 2896/2896/2306
f 2896/2896/2306 2897/2897/2307 2898/2898/2308
f 2897/2897/2307 2899/2899/2309 2898/2898/2308
f 2898/2898/2308 2899/2899/2309 2900/2900/2310
f 2899/2899/2309 2901/2901/2311 2900/2900/2310
f 2900/2900/2310 2901/2901/2311 2902/2902/2312
f 2901/2901/2311 2903/2903/2313 2902/2902/2312
f 2902/2902/2312 2903/2903/2313 2904/2904/2314
f 2903/2903/2313 2905/2905/2315 2904/2904/2314
f 2904/2904/2314 2905/2905/2315 2906/2906/2316
f 2905/2905/2315 2907/2907/2317 2906/2906/2316
f 2906/2906/2316 2907/2907/2317 2908/2908/2318
f 2907/2907/2317 2909/2909/2319 2908/2908/2318
f 2908/2908/2318 2909/2909/2319 2910/2910/2320
f 2909/2909/2319 2911/2911/2321 2910/2910/2320
f 2910/2910/2320 2911/2911/2321 2912/2912/2322
f 2911/2911/2321 2913/2913/2323 2912/2912/2322
f 2912/2912/2322 2913/2913/2323 2914/2914/2324
f 2913/2913/2323 2915/2915/2325 2914/2914/2324
f 2914/2914/2324 2915/2915/2325 2916/2916/2326
f 2915/2915/2325 2917/2917/2327 2916/2916/2326
f 2916/2916/2326 2917/2917/2327 2918/2918/2328
f 2919/2919/2329 2920/2920/2330 2921/2921/2331
f 2920/2920/2330 2922/2922/2332 2921/2921/2331
f 2921/2921/2331 2922/2922/2332 2923/2923/2333
f 2922/2922/2332 2924/2924/2334 2923/2923/2333
f 2923/2923/2333 2924/2924/2334 2925/2925/2335
f 2924/2924/2334 2926/2926/2336 2925/2925/2335
f 2925/2925/2335 2926/2926/2336 2927/2927/2337
f 2926/2926/2336 2928/2928/2338 2927/2927/2337
f 2927/2927/2337 2928/2928/2338 2929/2929/2311
f 2928/2928/2338 2930/2930/2339 2929/2929/2311
f 2929/2929/2311 2930/2930/2339 2931/2931/2313
f 2930/2930/2339 2932/2932/2340 2931/2931/2313
f 2931/2931/2313 2932/2932/2340 2933/2933/2341
f 2932/2932/2340 2934/2934/2342 2933/2933/2341
f 2933/2933/2341 2934/2934/2342 2935/2935/2343
f 2934/2934/2342 2936/2936/2344 2935/2935/2343
f 2935/2935/2343 2936/2936/2344 2937/2937/2345
f 2936/2936/2344 2938/2938/2346 2937/2937/2345
f 2937/2937/2345 2938/2938/2346 2939/2939/2347
f 2938/2938/2346 2940/2940/2348 2939/2939/2347
f 2939/2939/2347 2940/2940/2348 2941/2941/2349
f 2940/2940/2348 2942/2942/2350 2941/2941/2349
f 2941/2941/2349 2942/2942/2350 2943/2943/2351
f 2942/2942/2350 2944/2944/2352 2943/2943/2351
f 2943/2943/2351 2944/2944/2352 2945/2945/2353
f 2946/2946/2354 2947/2947/2355 2948/2948/2356
f 2947/2947/2355 2949/2949/2357 2948/2948/2356
f 2948/2948/2356 2949/2949/2357 2950/2950/2358
f 2949/2949/2357 2951/2951/2359 2950/2950/2358
f 2950/2950/2358 2951/2951/2359 2952/2952/2360
f 2951/2951/2359 2953/2953/2361 2952/2952/2360
f 2952/2952/2360 2953/2953/2361 2954/2954/2362
f 2953/2953/2361 2955/2955/2363 2954/2954/2362
f 2954/2954/2362 2955/2955/2363 2956/2956/2364
f 2955/2955/2363 2957/2957/2365 2956/2956/2364
f 2956/2956/2364 2957/2957/2365 2958/2958/2366
f 2957/2957/2365 2959/2959/2367 2958/2958/2366
f 2958/2958/2366 2959/2959/2367 2960/2960/2368
f 2959/2959/2367 2961/2961/2369 2960/2960/2368
f 2960/2960/2368 2961/2961/2369 2962/2962/2370
f 2961/2961/2369 2963/2963/2371 2962/2962/2370
f 2962/2962/2370 2963/2963/2371 2964/2964/2372
f 2963/2963/2371 2965/2965/2373 2964/2964/2372
f 2964/2964/2372 2965/2965/2373 2966/2966/2374
f 2965/2965/2373 2967/2967/2375 2966/2966/2374
f 2966/2966/2374 2967/2967/2375 2968/2968/2376
f 2967/2967/2375 2969/2969/2377 2968/2968/2376
f 2968/2968/2376 2969/2969/2377 2970/2970/2378
f 2969/2969/2377 2971/2971/2379 2970/2970/2378
f 2970/2970/2378 2971/2971/2379 2972/2972/2380
f 2973/2973/46 2974/2974/46 2975/2975/46
f 2976/2976/2381 2977/2977/2381 2978/2978/2381
f 2979/2979/46 2980/2980/56 2981/2981/46
f 2980/2980/56 2982/2982/46 2981/2981/46
f 2983/2983/2382 2984/2984/2383 2985/2985/2384
f 2984/2984/2383 2986/2986/700 2985/2985/2384
f 2985/2985/2384 2986/2986/700 2987/2987/61
f 2988/2988/224 2989/2989/48 2990/2990/2385
f 2989/2989/48 2991/2991/2386 2990/2990/2385
f 2990/2990/2385 2991/2991/2386 2992/2992/2387
f 2993/2993/2388 2994/2994/2389 2995/2995/2390
f 2994/2994/2389 2996/2996/2391 2995/2995/2390
f 2995/2995/2390 2996/2996/2391 2997/2997/2392
f 2998/2998/53 2999/2999/245 3000/3000/46
f 2999/2999/245 3001/3001/2393 3000/3000/46
f 3000/3000/46 3001/3001/2393 3002/3002/2394
f 3003/3003/84 3004/3004/84 3005/3005/84
f 3006/3006/86 3007/3007/86 3008/3008/86
f 3009/3009/2395 3010/3010/2396 3011/3011/2397
f 3010/3010/2396 3012/3012/2398 3011/3011/2397
f 3013/3013/2399 3014/3014/1228 3015/3015/980
f 3014/3014/1228 3016/3016/2400 3015/3015/980
f 3015/3015/980 3016/3016/2400 3017/3017/980
f 3018/3018/85 3019/3019/2401 3020/3020/448
f 3019/3019/2401 3021/3021/2402 3020/3020/448
f 3020/3020/448 3021/3021/2402 3022/3022/84
f 3023/3023/2403 3024/3024/2404 3025/3025/2405
f 3024/3024/2404 3026/3026/2406 3025/3025/2405
f 3025/3025/2405 3026/3026/2406 3027/3027/2407
f 3028/3028/2408 3029/3029/2409 3030/3030/1228
f 3029/3029/2409 3031/3031/2410 3030/3030/1228
f 3030/3030/1228 3031/3031/2410 3032/3032/2411
f 3033/3033/2412 3034/3034/2413 3035/3035/2414
f 3036/3036/2415 3037/3037/2416 3038/3038/2417
f 3039/3039/2418 3040/3040/2419 3041/3041/2420
f 3042/3042/2421 3043/3043/2422 3044/3044/2423
f 3045/3045/2424 3046/3046/2425 3047/3047/2426
f 3048/3048/2427 3049/3049/2428 3050/3050/2429
f 3051/3051/2430 3052/3052/2431 3053/3053/2432
f 3054/3054/36 3055/3055/18 3056/3056/2433
f 3055/3055/18 3057/3057/2434 3056/3056/2433
f 3056/3056/2433 3057/3057/2434 3058/3058/2435
f 3059/3059/2436 3060/3060/2437 3061/3061/2438
f 3060/3060/2437 3062/3062/2439 3061/3061/2438
f 3061/3061/2438 3062/3062/2439 3063/3063/2440
f 3064/3064/2441 3065/3065/2442 3066/3066/2443
f 3065/3065/2442 3067/3067/2444 3066/3066/2443
f 3066/3066/2443 3067/3067/2444 3068/3068/2445
f 3069/3069/2446 3070/3070/2447 3071/3071/2448
f 3070/3070/2447 3072/3072/2449 3071/3071/2448
f 3071/3071/2448 3072/3072/2449 3073/3073/2450
f 3074/3074/2451 3075/3075/2452 3076/3076/2453
f 3075/3075/2452 3077/3077/2454 3076/3076/2453
f 3076/3076/2453 3077/3077/2454 3078/3078/2455
f 3079/3079/2456 3080/3080/2457 3081/3081/2458
f 3080/3080/2457 3082/3082/2459 3081/3081/2458
f 3081/3081/2458 3082/3082/2459 3083/3083/2460
f 3084/3084/2461 3085/3085/2462 3086/3086/2463
f 3085/3085/2462 3087/3087/2464 3086/3086/2463
f 3086/3086/2463 3087/3087/2464 3088/3088/2465
f 3089/3089/2424 3090/3090/2466 3091/3091/2467
f 3092/3092/2468 3093/3093/2423 3094/3094/2469
f 3095/3095/2470 3096/3096/2471 3097/3097/2472
f 3098/3098/2473 3099/3099/2474 3100/3100/2475
f 3101/3101/2476 3102/3102/2477 3103/3103/2478
f 3102/3102/2477 3104/3104/2479 3103/3103/2478
f 3103/3103/2478 3104/3104/2479 3105/3105/2480
f 3106/3106/2481 3107/3107/2482 3108/3108/2483
f 3107/3107/2482 3109/3109/2484 3108/3108/2483
f 3108/3108/2483 3109/3109/2484 3110/3110/2485
f 3111/3111/2486 3112/3112/2487 3113/3113/2488
f 3112/3112/2487 3114/3114/2489 3113/3113/2488
f 3113/3113/2488 3114/3114/2489 3115/3115/2490
f 3116/3116/2491 3117/3117/2492 3118/3118/2493
f 3117/3117/2492 3119/3119/2494 3118/3118/2493
f 3118/3118/2493 3119/3119/2494 3120/3120/2495
f 3121/3121/2496 3122/3122/2497 3123/3123/2498
f 3122/3122/2497 3124/3124/2499 3123/3123/2498
f 3123/3123/2498 3124/3124/2499 3125/3125/2500
f 3124/3124/2499 3126/3126/41 3125/3125/2500
f 3125/3125/2500 3126/3126/41 3127/3127/21
f 3128/3128/16 3129/3129/2501 3130/3130/2502
f 3129/3129/2501 3131/3131/2503 3130/3130/2502
f 3130/3130/2502 3131/3131/2503 3132/3132/2504
f 3131/3131/2503 3133/3133/2505 3132/3132/2504
f 3134/3134/2506 3135/3135/2507 3136/3136/2508
f 3137/3137/2509 3138/3138/2510 3139/3139/2511
f 3138/3138/2510 3140/3140/2506 3139/3139/2511
f 3139/3139/2511 3140/3140/2506 3141/3141/2512
f 3140/3140/2506 3142/3142/2513 3141/3141/2512
f 3143/3143/2514 3144/3144/2515 3145/3145/2516
f 3144/3144/2515 3146/3146/2517 3145/3145/2516
f 3145/3145/2516 3146/3146/2517 3147/3147/2518
f 3148/3148/2519 3149/3149/2520 3150/3150/2521
f 3149/3149/2520 3151/3151/2522 3150/3150/2521
f 3152/3152/2523 3153/3153/2524 3154/3154/2525
f 3153/3153/2524 3155/3155/2526 3154/3154/2525
f 3154/3154/2525 3155/3155/2526 3156/3156/2527
f 3157/3157/2528 3158/3158/2529 3159/3159/2530
f 3158/3158/2529 3160/3160/2531 3159/3159/2530
f 3159/3159/2530 3160/3160/2531 3161/3161/2532
f 3160/3160/2531 3162/3162/2533 3161/3161/2532
f 3161/3161/2532 3162/3162/2533 3163/3163/2534
f 3164/3164/2535 3165/3165/2536 3166/3166/2537
f 3165/3165/2536 3167/3167/2538 3166/3166/2537
f 3166/3166/2537 3167/3167/2538 3168/3168/2539
f 3167/3167/2538 3169/3169/2540 3168/3168/2539
f 3168/3168/2539 3169/3169/2540 3170/3170/2541
f 3171/3171/2542 3172/3172/33 3173/3173/33
f 3174/3174/2543 3175/3175/2544 3176/3176/2545
f 3175/3175/2544 3177/3177/2546 3176/3176/2545
f 3176/3176/2545 3177/3177/2546 3178/3178/2547
f 3177/3177/2546 3179/3179/2548 3178/3178/2547
f 3178/3178/2547 3179/3179/2548 3180/3180/2549
f 3179/3179/2548 3181/3181/2550 3180/3180/2549
f 3180/3180/2549 3181/3181/2550 3182/3182/2551
f 3181/3181/2550 3183/3183/2552 3182/3182/2551
f 3182/3182/2551 3183/3183/2552 3184/3184/2553
f 3183/3183/2552 3185/3185/2554 3184/3184/2553
f 3186/3186/2555 3187/3187/2556 3188/3188/2423
f 3187/3187/2556 3189/3189/2557 3188/3188/2423
f 3188/3188/2423 3189/3189/2557 3190/3190/2558
f 3189/3189/2557 3191/3191/2559 3190/3190/2558
f 3190/3190/2558 3191/3191/2559 3192/3192/2560
f 3191/3191/2559 3193/3193/2561 3192/3192/2560
f 3192/3192/2560 3193/3193/2561 3194/3194/2562
f 3193/3193/2561 3195/3195/2563 3194/3194/2562
f 3194/3194/2562 3195/3195/2563 3196/3196/2564
f 3195/3195/2563 3197/3197/2565 3196/3196/2564
f 3198/3198/2566 3199/3199/2567 3200/3200/2557
f 3199/3199/2567 3201/3201/2568 3200/3200/2557
f 3200/3200/2557 3201/3201/2568 3202/3202/2569
f 3201/3201/2568 3203/3203/2570 3202/3202/2569
f 3202/3202/2569 3203/3203/2570 3204/3204/2561
f 3203/3203/2570 3205/3205/2571 3204/3204/2561
f 3204/3204/2561 3205/3205/2571 3206/3206/2532
f 3205/3205/2571 3207/3207/2572 3206/3206/2532
f 3206/3206/2532 3207/3207/2572 3208/3208/2573
f 3209/3209/36 3210/3210/162 3211/3211/2574
f 3210/3210/162 3212/3212/2575 3211/3211/2574
f 3211/3211/2574 3212/3212/2575 3213/3213/2576
f 3212/3212/2575 3214/3214/2577 3213/3213/2576
f 3213/3213/2576 3214/3214/2577 3215/3215/2578
f 3214/3214/2577 3216/3216/2579 3215/3215/2578
f 3215/3215/2578 3216/3216/2579 3217/3217/2580
f 3216/3216/2579 3218/3218/2581 3217/3217/2580
f 3217/3217/2580 3218/3218/2581 3219/3219/2582
f 3218/3218/2581 3220/3220/2583 3219/3219/2582
f 3219/3219/2582 3220/3220/2583 3221/3221/2584
f 3220/3220/2583 3222/3222/2585 3221/3221/2584
f 3221/3221/2584 3222/3222/2585 3223/3223/2586
f 3222/3222/2585 3224/3224/2587 3223/3223/2586
f 3223/3223/2586 3224/3224/2587 3225/3225/2588
f 3226/3226/2589 3227/3227/2590 3228/3228/2591
f 3227/3227/2590 3229/3229/2592 3228/3228/2591
f 3228/3228/2591 3229/3229/2592 3230/3230/2593
f 3229/3229/2592 3231/3231/2594 3230/3230/2593
f 3230/3230/2593 3231/3231/2594 3232/3232/2595
f 3231/3231/2594 3233/3233/2596 3232/3232/2595
f 3232/3232/2595 3233/3233/2596 3234/3234/2597
f 3233/3233/2596 3235/3235/2598 3234/3234/2597
f 3234/3234/2597 3235/3235/2598 3236/3236/2599
f 3235/3235/2598 3237/3237/2600 3236/3236/2599
f 3236/3236/2599 3237/3237/2600 3238/3238/2601
f 3237/3237/2600 3239/3239/2602 3238/3238/2601
f 3238/3238/2601 3239/3239/2602 3240/3240/2052
f 3239/3239/2602 3241/3241/162 3240/3240/2052
f 3242/3242/2603 3243/3243/2604 3244/3244/2605
f 3243/3243/2604 3245/3245/2606 3244/3244/2605
f 3244/3244/2605 3245/3245/2606 3246/3246/2607
f 3245/3245/2606 3247/3247/2608 3246/3246/2607
f 3246/3246/2607 3247/3247/2608 3248/3248/2609
f 3247/3247/2608 3249/3249/2610 3248/3248/2609
f 3248/3248/2609 3249/3249/2610 3250/3250/2611
f 3249/3249/2610 3251/3251/2612 3250/3250/2611
f 3250/3250/2611 3251/3251/2612 3252/3252/2600
f 3251/3251/2612 3253/3253/2613 3252/3252/2600
f 3252/3252/2600 3253/3253/2613 3254/3254/2602
f 3253/3253/2613 3255/3255/2614 3254/3254/2602
f 3254/3254/2602 3255/3255/2614 3256/3256/20
f 3255/3255/2614 3257/3257/165 3256/3256/20
f 3258/3258/2615 3259/3259/2616 3260/3260/2617
f 3259/3259/2616 3261/3261/2618 3260/3260/2617
f 3260/3260/2617 3261/3261/2618 3262/3262/2619
f 3261/3261/2618 3263/3263/2620 3262/3262/2619
f 3262/3262/2619 3263/3263/2620 3264/3264/2621
f 3263/3263/2620 3265/3265/2622 3264/3264/2621
f 3264/3264/2621 3265/3265/2622 3266/3266/2623
f 3265/3265/2622 3267/3267/2624 3266/3266/2623
f 3266/3266/2623 3267/3267/2624 3268/3268/2625
f 3267/3267/2624 3269/3269/2626 3268/3268/2625
f 3268/3268/2625 3269/3269/2626 3270/3270/2627
f 3269/3269/2626 3271/3271/2628 3270/3270/2627
f 3270/3270/2627 3271/3271/2628 3272/3272/2629
f 3271/3271/2628 3273/3273/2630 3272/3272/2629
f 3274/3274/2631 3275/3275/2632 3276/3276/2568
f 3275/3275/2632 3277/3277/2633 3276/3276/2568
f 3276/3276/2568 3277/3277/2633 3278/3278/2570
f 3277/3277/2633 3279/3279/2634 3278/3278/2570
f 3278/3278/2570 3279/3279/2634 3280/3280/2635
f 3279/3279/2634 3281/3281/2636 3280/3280/2635
f 3280/3280/2635 3281/3281/2636 3282/3282/2572
f 3281/3281/2636 3283/3283/2637 3282/3282/2572
f 3282/3282/2572 3283/3283/2637 3284/3284/2638
f 3283/3283/2637 3285/3285/2639 3284/3284/2638
f 3284/3284/2638 3285/3285/2639 3286/3286/2640
f 3285/3285/2639 3287/3287/2641 3286/3286/2640
f 3286/3286/2640 3287/3287/2641 3288/3288/2642
f 3287/3287/2641 3289/3289/2643 3288/3288/2642
f 3290/3290/2644 3291/3291/2645 3292/3292/2646
f 3291/3291/2645 3293/3293/2647 3292/3292/2646
f 3292/3292/2646 3293/3293/2647 3294/3294/2648
f 3293/3293/2647 3295/3295/2649 3294/3294/2648
f 3294/3294/2648 3295/3295/2649 3296/3296/2650
f 3295/3295/2649 3297/3297/2651 3296/3296/2650
f 3296/3296/2650 3297/3297/2651 3298/3298/2637
f 3297/3297/2651 3299/3299/2652 3298/3298/2637
f 3298/3298/2637 3299/3299/2652 3300/3300/2653
f 3299/3299/2652 3301/3301/2654 3300/3300/2653
f 3300/3300/2653 3301/3301/2654 3302/3302/2655
f 3301/3301/2654 3303/3303/2656 3302/3302/2655
f 3302/3302/2655 3303/3303/2656 3304/3304/2063
f 3303/3303/2656 3305/3305/14 3304/3304/2063
f 3306/3306/2657 3307/3307/2658 3308/3308/2659
f 3307/3307/2658 3309/3309/2660 3308/3308/2659
f 3308/3308/2659 3309/3309/2660 3310/3310/2661
f 3309/3309/2660 3311/3311/2662 3310/3310/2661
f 3310/3310/2661 3311/3311/2662 3312/3312/2663
f 3311/3311/2662 3313/3313/2664 3312/3312/2663
f 3312/3312/2663 3313/3313/2664 3314/3314/2665
f 3313/3313/2664 3315/3315/2666 3314/3314/2665
f 3314/3314/2665 3315/3315/2666 3316/3316/2667
f 3315/3315/2666 3317/3317/2668 3316/3316/2667
f 3316/3316/2667 3317/3317/2668 3318/3318/2669
f 3317/3317/2668 3319/3319/2670 3318/3318/2669
f 3318/3318/2669 3319/3319/2670 3320/3320/31
f 3319/3319/2670 3321/3321/31 3320/3320/31
f 3322/3322/2671 3323/3323/2672 3324/3324/2429
f 3323/3323/2672 3325/3325/2673 3324/3324/2429
f 3324/3324/2429 3325/3325/2673 3326/3326/2674
f 3325/3325/2673 3327/3327/2675 3326/3326/2674
f 3326/3326/2674 3327/3327/2675 3328/3328/2676
f 3327/3327/2675 3329/3329/2677 3328/3328/2676
f 3328/3328/2676 3329/3329/2677 3330/3330/2678
f 3329/3329/2677 3331/3331/2679 3330/3330/2678
f 3330/3330/2678 3331/3331/2679 3332/3332/2680
f 3331/3331/2679 3333/3333/2681 3332/3332/2680
f 3332/3332/2680 3333/3333/2681 3334/3334/2682
f 3333/3333/2681 3335/3335/2683 3334/3334/2682
f 3334/3334/2682 3335/3335/2683 3336/3336/8
f 3335/3335/2683 3337/3337/36 3336/3336/8
f 3338/3338/2684 3339/3339/2685 3340/3340/2686
f 3341/3341/1174 3342/3342/2687 3343/3343/2688
f 3342/3342/2687 3344/3344/2689 3343/3343/2688
f 3343/3343/2688 3344/3344/2689 3345/3345/2690
f 3346/3346/2691 3347/3347/2691 3348/3348/2692
f 3349/3349/2693 3350/3350/2694 3351/3351/2695
f 3350/3350/2694 3352/3352/2696 3351/3351/2695
f 3351/3351/2695 3352/3352/2696 3353/3353/2697
f 3352/3352/2696 3354/3354/1174 3353/3353/2697
f 3353/3353/2697 3354/3354/1174 3355/3355/2698
f 3356/3356/2699 3357/3357/2700 3358/3358/2701
f 3359/3359/2702 3360/3360/2703 3361/3361/2704
f 3362/3362/2705 3363/3363/2706 3364/3364/2707
f 3363/3363/2706 3365/3365/2708 3364/3364/2707
f 3364/3364/2707 3365/3365/2708 3366/3366/2709
f 3365/3365/2708 3367/3367/2710 3366/3366/2709
f 3366/3366/2709 3367/3367/2710 3368/3368/2711
f 3367/3367/2710 3369/3369/478 3368/3368/2711
f 3368/3368/2711 3369/3369/478 3370/3370/1188
f 3369/3369/478 3371/3371/2712 3370/3370/1188
f 3370/3370/1188 3371/3371/2712 3372/3372/2693
f 3371/3371/2712 3373/3373/2713 3372/3372/2693
f 3372/3372/2693 3373/3373/2713 3374/3374/2714
f 3375/3375/2715 3376/3376/2716 3377/3377/2717
f 3376/3376/2716 3378/3378/2718 3377/3377/2717
f 3377/3377/2717 3378/3378/2718 3379/3379/2719
f 3380/3380/2720 3381/3381/2721 3382/3382/2722
f 3381/3381/2721 3383/3383/2723 3382/3382/2722
f 3382/3382/2722 3383/3383/2723 3384/3384/449
f 3383/3383/2723 3385/3385/2724 3384/3384/449
f 3384/3384/449 3385/3385/2724 3386/3386/2725
f 3385/3385/2724 3387/3387/2726 3386/3386/2725
f 3388/3388/671 3389/3389/2727 3390/3390/2728
f 3389/3389/2727 3391/3391/2729 3390/3390/2728
f 3390/3390/2728 3391/3391/2729 3392/3392/2730
f 3391/3391/2729 3393/3393/2731 3392/3392/2730
f 3392/3392/2730 3393/3393/2731 3394/3394/2732
f 3395/3395/2733 3396/3396/2734 3397/3397/2735
f 3396/3396/2734 3398/3398/2736 3397/3397/2735
f 3397/3397/2735 3398/3398/2736 3399/3399/2737
f 3398/3398/2736 3400/3400/2738 3399/3399/2737
f 3399/3399/2737 3400/3400/2738 3401/3401/2739
f 3402/3402/2740 3403/3403/2741 3404/3404/2742
f 3403/3403/2741 3405/3405/2743 3404/3404/2742
f 3404/3404/2742 3405/3405/2743 3406/3406/642
f 3405/3405/2743 3407/3407/2744 3406/3406/642
f 3406/3406/642 3407/3407/2744 3408/3408/2745
f 3407/3407/2744 3409/3409/2746 3408/3408/2745
f 3408/3408/2745 3409/3409/2746 3410/3410/2747
f 3409/3409/2746 3411/3411/2748 3410/3410/2747
f 3410/3410/2747 3411/3411/2748 3412/3412/2749
f 3413/3413/2750 3414/3414/2751 3415/3415/2752
f 3414/3414/2751 3416/3416/2753 3415/3415/2752
f 3415/3415/2752 3416/3416/2753 3417/3417/2754
f 3416/3416/2753 3418/3418/2755 3417/3417/2754
f 3419/3419/23 3420/3420/2756 3421/3421/2757
f 3420/3420/2756 3422/3422/2758 3421/3421/2757
f 3421/3421/2757 3422/3422/2758 3423/3423/2759
f 3424/3424/2760 3425/3425/2761 3426/3426/2762
f 3425/3425/2761 3427/3427/469 3426/3426/2762
f 3426/3426/2762 3427/3427/469 3428/3428/2763
f 3427/3427/469 3429/3429/2764 3428/3428/2763
f 3428/3428/2763 3429/3429/2764 3430/3430/2765
f 3429/3429/2764 3431/3431/2766 3430/3430/2765
f 3430/3430/2765 3431/3431/2766 3432/3432/2767
f 3433/3433/2768 3434/3434/2769 3435/3435/2770
f 3436/3436/2771 3437/3437/2772 3438/3438/2772
f 3439/3439/2773 3440/3440/2774 3441/3441/2775
f 3440/3440/2774 3442/3442/2776 3441/3441/2775
f 3441/3441/2775 3442/3442/2776 3443/3443/2777
f 3444/3444/2778 3445/3445/2779 3446/3446/2780
f 3445/3445/2779 3447/3447/2781 3446/3446/2780
f 3446/3446/2780 3447/3447/2781 3448/3448/2782
f 3449/3449/2783 3450/3450/2784 3451/3451/2785
f 3450/3450/2784 3452/3452/2786 3451/3451/2785
f 3453/3453/2787 3454/3454/2788 3455/3455/2789
f 3454/3454/2788 3456/3456/2790 3455/3455/2789
f 3455/3455/2789 3456/3456/2790 3457/3457/2791
f 3458/3458/2792 3459/3459/2793 3460/3460/2794
f 3459/3459/2793 3461/3461/2795 3460/3460/2794
f 3460/3460/2794 3461/3461/2795 3462/3462/2796
f 3463/3463/2797 3464/3464/2798 3465/3465/2785
f 3464/3464/2798 3466/3466/2799 3465/3465/2785
f 3465/3465/2785 3466/3466/2799 3467/3467/2800
f 3468/3468/2801 3469/3469/2802 3470/3470/2803
f 3469/3469/2802 3471/3471/2804 3470/3470/2803
f 3470/3470/2803 3471/3471/2804 3472/3472/2805
f 3473/3473/2806 3474/3474/2807 3475/3475/2808
f 3474/3474/2807 3476/3476/2809 3475/3475/2808
f 3475/3475/2808 3476/3476/2809 3477/3477/2808
f 3478/3478/2810 3479/3479/2811 3480/3480/2812
f 3481/3481/2813 3482/3482/2814 3483/3483/2815
f 3482/3482/2814 3484/3484/2816 3483/3483/2815
f 3483/3483/2815 3484/3484/2816 3485/3485/2817
f 3484/3484/2816 3486/3486/2818 3485/3485/2817
f 3485/3485/2817 3486/3486/2818 3487/3487/2819
f 3488/3488/2820 3489/3489/2821 3490/3490/2818
f 3489/3489/2821 3491/3491/2822 3490/3490/2818
f 3490/3490/2818 3491/3491/2822 3492/3492/2823
f 3493/3493/2824 3494/3494/2824 3495/3495/2825
f 3494/3494/2824 3496/3496/2785 3495/3495/2825
f 3495/3495/2825 3496/3496/2785 3497/3497/2794
f 3496/3496/2785 3498/3498/2826 3497/3497/2794
f 3499/3499/2827 3500/3500/2828 3501/3501/2824
f 3500/3500/2828 3502/3502/2829 3501/3501/2824
f 3501/3501/2824 3502/3502/2829 3503/3503/2830
f 3504/3504/2831 3505/3505/2831 3506/3506/2832
f 3505/3505/2831 3507/3507/2833 3506/3506/2832
f 3506/3506/2832 3507/3507/2833 3508/3508/2830
f 3507/3507/2833 3509/3509/2834 3508/3508/2830
f 3510/3510/2835 3511/3511/2836 3512/3512/2831
f 3511/3511/2836 3513/3513/2837 3512/3512/2831
f 3512/3512/2831 3513/3513/2837 3514/3514/2838
f 3515/3515/2839 3516/3516/2840 3517/3517/2841
f 3516/3516/2840 3518/3518/2838 3517/3517/2841
f 3517/3517/2841 3518/3518/2838 3519/3519/2842
f 3518/3518/2838 3520/3520/2843 3519/3519/2842
f 3521/3521/2840 3522/3522/2844 3523/3523/2840
f 3522/3522/2844 3524/3524/2845 3523/3523/2840
f 3523/3523/2840 3524/3524/2845 3525/3525/2846
f 3526/3526/2847 3527/3527/2848 3528/3528/2846
f 3527/3527/2848 3529/3529/2849 3528/3528/2846
f 3528/3528/2846 3529/3529/2849 3530/3530/2775
f 3529/3529/2849 3531/3531/2780 3530/3530/2775
f 3530/3530/2775 3531/3531/2780 3532/3532/2850
f 3533/3533/132 3534/3534/103 3535/3535/133
f 3534/3534/103 3536/3536/134 3535/3535/133
f 3535/3535/133 3536/3536/134 3537/3537/135
f 3538/3538/136 3539/3539/137 3540/3540/138
f 3539/3539/137 3541/3541/139 3540/3540/138
f 3540/3540/138 3541/3541/139 3542/3542/2851
f 3543/3543/141 3544/3544/141 3545/3545/2852
f 3544/3544/141 3546/3546/143 3545/3545/2852
f 3545/3545/2852 3546/3546/143 3547/3547/143
f 3548/3548/144 3549/3549/143 3550/3550/2853
f 3549/3549/143 3551/3551/146 3550/3550/2853
f 3550/3550/2853 3551/3551/146 3552/3552/146
f 3553/3553/2854 3554/3554/148 3555/3555/149
f 3554/3554/148 3556/3556/152 3555/3555/149
f 3555/3555/149 3556/3556/152 3557/3557/151
f 3558/3558/2855 3559/3559/152 3560/3560/2856
f 3559/3559/152 3561/3561/957 3560/3560/2856
f 3560/3560/2856 3561/3561/957 3562/3562/155
f 3563/3563/433 3564/3564/155 3565/3565/434
f 3564/3564/155 3566/3566/285 3565/3565/434
f 3565/3565/434 3566/3566/285 3567/3567/285
f 3568/3568/295 3569/3569/285 3570/3570/436
f 3569/3569/285 3571/3571/303 3570/3570/436
f 3570/3570/436 3571/3571/303 3572/3572/510
f 3573/3573/303 3574/3574/303 3575/3575/249
f 3574/3574/303 3576/3576/250 3575/3575/249
f 3575/3575/249 3576/3576/250 3577/3577/250
f 3578/3578/250 3579/3579/250 3580/3580/438
f 3579/3579/250 3581/3581/439 3580/3580/438
f 3580/3580/438 3581/3581/439 3582/3582/439
f 3583/3583/439 3584/3584/439 3585/3585/2857
f 3584/3584/439 3586/3586/441 3585/3585/2857
f 3585/3585/2857 3586/3586/441 3587/3587/441
f 3588/3588/441 3589/3589/442 3590/3590/443
f 3589/3589/442 3591/3591/48 3590/3590/443
f 3590/3590/443 3591/3591/48 3592/3592/444
f 3593/3593/2815 3594/3594/2858 3595/3595/2859
f 3596/3596/2860 3597/3597/2861 3598/3598/2862
f 3599/3599/2863 3600/3600/2864 3601/3601/2865
f 3602/3602/2866 3603/3603/2867 3604/3604/2868
f 3605/3605/2869 3606/3606/2870 3607/3607/2871
f 3608/3608/2872 3609/3609/2873 3610/3610/2874
f 3611/3611/2875 3612/3612/2876 3613/3613/2877
f 3614/3614/2878 3615/3615/2879 3616/3616/2880
f 3617/3617/2881 3618/3618/2882 3619/3619/2883
f 3618/3618/2882 3620/3620/2884 3619/3619/2883
f 3619/3619/2883 3620/3620/2884 3621/3621/2885
f 3622/3622/2886 3623/3623/2887 3624/3624/2888
f 3623/3623/2887 3625/3625/2889 3624/3624/2888
f 3624/3624/2888 3625/3625/2889 3626/3626/2890
f 3627/3627/2891 3628/3628/2892 3629/3629/2893
f 3628/3628/2892 3630/3630/2894 3629/3629/2893
f 3629/3629/2893 3630/3630/2894 3631/3631/2895
f 3632/3632/2896 3633/3633/2897 3634/3634/2898
f 3633/3633/2897 3635/3635/2899 3634/3634/2898
f 3634/3634/2898 3635/3635/2899 3636/3636/2900
f 3637/3637/2901 3638/3638/2902 3639/3639/2903
f 3638/3638/2902 3640/3640/2904 3639/3639/2903
f 3639/3639/2903 3640/3640/2904 3641/3641/2905
f 3640/3640/2904 3642/3642/9 3641/3641/2905
f 3641/3641/2905 3642/3642/9 3643/3643/2906
f 3644/3644/2907 3645/3645/18 3646/3646/2908
f 3645/3645/18 3647/3647/2909 3646/3646/2908
f 3646/3646/2908 3647/3647/2909 3648/3648/2910
f 3647/3647/2909 3649/3649/2911 3648/3648/2910
f 3650/3650/2912 3651/3651/2913 3652/3652/2914
f 3653/3653/2915 3654/3654/2916 3655/3655/2917
f 3654/3654/2916 3656/3656/2918 3655/3655/2917
f 3655/3655/2917 3656/3656/2918 3657/3657/2919
f 3656/3656/2918 3658/3658/2920 3657/3657/2919
f 3659/3659/2921 3660/3660/2922 3661/3661/2923
f 3660/3660/2922 3662/3662/2924 3661/3661/2923
f 3661/3661/2923 3662/3662/2924 3663/3663/2925
f 3664/3664/2926 3665/3665/2927 3666/3666/2928
f 3665/3665/2927 3667/3667/2929 3666/3666/2928
f 3668/3668/2930 3669/3669/2931 3670/3670/2932
f 3669/3669/2931 3671/3671/2933 3670/3670/2932
f 3670/3670/2932 3671/3671/2933 3672/3672/2934
f 3673/3673/2935 3674/3674/2936 3675/3675/2937
f 3674/3674/2936 3676/3676/2938 3675/3675/2937
f 3675/3675/2937 3676/3676/2938 3677/3677/2939
f 3676/3676/2938 3678/3678/2940 3677/3677/2939
f 3677/3677/2939 3678/3678/2940 3679/3679/2941
f 3680/3680/2942 3681/3681/2943 3682/3682/2944
f 3681/3681/2943 3683/3683/2945 3682/3682/2944
f 3682/3682/2944 3683/3683/2945 3684/3684/2946
f 3683/3683/2945 3685/3685/2947 3684/3684/2946
f 3684/3684/2946 3685/3685/2947 3686/3686/2948
f 3687/3687/2949 3688/3688/7 3689/3689/7
f 3690/3690/2950 3691/3691/2950 3692/3692/2951
f 3691/3691/2950 3693/3693/2952 3692/3692/2951
f 3692/3692/2951 3693/3693/2952 3694/3694/2953
f 3695/3695/2954 3696/3696/2955 3697/3697/2956
f 3696/3696/2955 3698/3698/2957 3697/3697/2956
f 3697/3697/2956 3698/3698/2957 3699/3699/2958
f 3700/3700/2959 3701/3701/2960 3702/3702/2961
f 3701/3701/2960 3703/3703/2962 3702/3702/2961
f 3702/3702/2961 3703/3703/2962 3704/3704/2963
f 3705/3705/2964 3706/3706/2965 3707/3707/2966
f 3706/3706/2965 3708/3708/2967 3707/3707/2966
f 3707/3707/2966 3708/3708/2967 3709/3709/2968
f 3710/3710/2969 3711/3711/2970 3712/3712/2971
f 3711/3711/2970 3713/3713/2972 3712/3712/2971
f 3712/3712/2971 3713/3713/2972 3714/3714/2973
f 3715/3715/2974 3716/3716/2975 3717/3717/2976
f 3716/3716/2975 3718/3718/2977 3717/3717/2976
f 3717/3717/2976 3718/3718/2977 3719/3719/2978
f 3720/3720/2979 3721/3721/2980 3722/3722/2981
f 3721/3721/2980 3723/3723/2982 3722/3722/2981
f 3722/3722/2981 3723/3723/2982 3724/3724/2983
f 3725/3725/2984 3726/3726/2985 3727/3727/2986
f 3728/3728/2987 3729/3729/2988 3730/3730/2989
f 3731/3731/2990 3732/3732/2991 3733/3733/2992
f 3734/3734/2993 3735/3735/2994 3736/3736/2995
f 3735/3735/2994 3737/3737/2988 3736/3736/2995
f 3736/3736/2995 3737/3737/2988 3738/3738/2996
f 3737/3737/2988 3739/3739/2997 3738/3738/2996
f 3738/3738/2996 3739/3739/2997 3740/3740/2998
f 3739/3739/2997 3741/3741/2999 3740/3740/2998
f 3740/3740/2998 3741/3741/2999 3742/3742/3000
f 3741/3741/2999 3743/3743/3001 3742/3742/3000
f 3742/3742/3000 3743/3743/3001 3744/3744/3002
f 3743/3743/3001 3745/3745/3003 3744/3744/3002
f 3746/3746/3004 3747/3747/3005 3748/3748/3006
f 3747/3747/3005 3749/3749/3007 3748/3748/3006
f 3748/3748/3006 3749/3749/3007 3750/3750/3008
f 3749/3749/3007 3751/3751/3009 3750/3750/3008
f 3750/3750/3008 3751/3751/3009 3752/3752/3010
f 3751/3751/3009 3753/3753/3011 3752/3752/3010
f 3752/3752/3010 3753/3753/3011 3754/3754/3012
f 3753/3753/3011 3755/3755/3013 3754/3754/3012
f 3754/3754/3012 3755/3755/3013 3756/3756/3014
f 3755/3755/3013 3757/3757/3015 3756/3756/3014
f 3758/3758/3005 3759/3759/2831 3760/3760/3016
f 3759/3759/2831 3761/3761/3017 3760/3760/3016
f 3760/3760/3016 3761/3761/3017 3762/3762/3009
f 3761/3761/3017 3763/3763/3018 3762/3762/3009
f 3762/3762/3009 3763/3763/3018 3764/3764/3019
f 3763/3763/3018 3765/3765/3020 3764/3764/3019
f 3764/3764/3019 3765/3765/3020 3766/3766/3021
f 3765/3765/3020 3767/3767/3022 3766/3766/3021
f 3766/3766/3021 3767/3767/3022 3768/3768/3023
f 3769/3769/3024 3770/3770/3025 3771/3771/3026
f 3770/3770/3025 3772/3772/3027 3771/3771/3026
f 3771/3771/3026 3772/3772/3027 3773/3773/3028
f 3772/3772/3027 3774/3774/3029 3773/3773/3028
f 3773/3773/3028 3774/3774/3029 3775/3775/3030
f 3774/3774/3029 3776/3776/2897 3775/3775/3030
f 3775/3775/3030 3776/3776/2897 3777/3777/3031
f 3776/3776/2897 3778/3778/3032 3777/3777/3031
f 3777/3777/3031 3778/3778/3032 3779/3779/3033
f 3778/3778/3032 3780/3780/3034 3779/3779/3033
f 3779/3779/3033 3780/3780/3034 3781/3781/2859
f 3780/3780/3034 3782/3782/3035 3781/3781/2859
f 3781/3781/2859 3782/3782/3035 3783/3783/3036
f 3782/3782/3035 3784/3784/3037 3783/3783/3036
f 3783/3783/3036 3784/3784/3037 3785/3785/3038
f 3786/3786/3039 3787/3787/3040 3788/3788/3041
f 3787/3787/3040 3789/3789/3042 3788/3788/3041
f 3788/3788/3041 3789/3789/3042 3790/3790/3043
f 3789/3789/3042 3791/3791/3044 3790/3790/3043
f 3790/3790/3043 3791/3791/3044 3792/3792/3045
f 3791/3791/3044 3793/3793/3046 3792/3792/3045
f 3792/3792/3045 3793/3793/3046 3794/3794/3047
f 3793/3793/3046 3795/3795/3048 3794/3794/3047
f 3794/3794/3047 3795/3795/3048 3796/3796/3049
f 3795/3795/3048 3797/3797/3050 3796/3796/3049
f 3796/3796/3049 3797/3797/3050 3798/3798/3051
f 3797/3797/3050 3799/3799/3052 3798/3798/3051
f 3798/3798/3051 3799/3799/3052 3800/3800/36
f 3799/3799/3052 3801/3801/10 3800/3800/36
f 3802/3802/3053 3803/3803/3054 3804/3804/3055
f 3803/3803/3054 3805/3805/3056 3804/3804/3055
f 3804/3804/3055 3805/3805/3056 3806/3806/3057
f 3805/3805/3056 3807/3807/3058 3806/3806/3057
f 3806/3806/3057 3807/3807/3058 3808/3808/3059
f 3807/3807/3058 3809/3809/3060 3808/3808/3059
f 3808/3808/3059 3809/3809/3060 3810/3810/3061
f 3809/3809/3060 3811/3811/3062 3810/3810/3061
f 3810/3810/3061 3811/3811/3062 3812/3812/3050
f 3811/3811/3062 3813/3813/3063 3812/3812/3050
f 3812/3812/3050 3813/3813/3063 3814/3814/3064
f 3813/3813/3063 3815/3815/3065 3814/3814/3064
f 3814/3814/3064 3815/3815/3065 3816/3816/31
f 3815/3815/3065 3817/3817/159 3816/3816/31
f 3818/3818/3066 3819/3819/3067 3820/3820/3056
f 3819/3819/3067 3821/3821/3068 3820/3820/3056
f 3820/3820/3056 3821/3821/3068 3822/3822/3069
f 3821/3821/3068 3823/3823/3070 3822/3822/3069
f 3822/3822/3069 3823/3823/3070 3824/3824/3071
f 3823/3823/3070 3825/3825/3072 3824/3824/3071
f 3824/3824/3071 3825/3825/3072 3826/3826/3073
f 3825/3825/3072 3827/3827/3074 3826/3826/3073
f 3826/3826/3073 3827/3827/3074 3828/3828/3075
f 3827/3827/3074 3829/3829/3076 3828/3828/3075
f 3828/3828/3075 3829/3829/3076 3830/3830/3077
f 3829/3829/3076 3831/3831/3078 3830/3830/3077
f 3830/3830/3077 3831/3831/3078 3832/3832/3079
f 3831/3831/3078 3833/3833/3080 3832/3832/3079
f 3834/3834/3081 3835/3835/3082 3836/3836/3083
f 3835/3835/3082 3837/3837/3084 3836/3836/3083
f 3836/3836/3083 3837/3837/3084 3838/3838/3018
f 3837/3837/3084 3839/3839/3085 3838/3838/3018
f 3838/3838/3018 3839/3839/3085 3840/3840/3086
f 3839/3839/3085 3841/3841/3087 3840/3840/3086
f 3840/3840/3086 3841/3841/3087 3842/3842/3022
f 3841/3841/3087 3843/3843/3088 3842/3842/3022
f 3842/3842/3022 3843/3843/3088 3844/3844/3089
f 3843/3843/3088 3845/3845/3090 3844/3844/3089
f 3844/3844/3089 3845/3845/3090 3846/3846/3091
f 3845/3845/3090 3847/3847/3092 3846/3846/3091
f 3846/3846/3091 3847/3847/3092 3848/3848/3093
f 3847/3847/3092 3849/3849/3094 3848/3848/3093
f 3850/3850/3095 3851/3851/3096 3852/3852/3097
f 3851/3851/3096 3853/3853/3098 3852/3852/3097
f 3852/3852/3097 3853/3853/3098 3854/3854/3085
f 3853/3853/3098 3855/3855/3099 3854/3854/3085
f 3854/3854/3085 3855/3855/3099 3856/3856/3100
f 3855/3855/3099 3857/3857/3101 3856/3856/3100
f 3856/3856/3100 3857/3857/3101 3858/3858/3088
f 3857/3857/3101 3859/3859/3102 3858/3858/3088
f 3858/3858/3088 3859/3859/3102 3860/3860/3103
f 3859/3859/3102 3861/3861/3104 3860/3860/3103
f 3860/3860/3103 3861/3861/3104 3862/3862/3105
f 3861/3861/3104 3863/3863/3106 3862/3862/3105
f 3862/3862/3105 3863/3863/3106 3864/3864/19
f 3863/3863/3106 3865/3865/166 3864/3864/19
f 3866/3866/3107 3867/3867/3108 3868/3868/3109
f 3867/3867/3108 3869/3869/3110 3868/3868/3109
f 3868/3868/3109 3869/3869/3110 3870/3870/3099
f 3869/3869/3110 3871/3871/3111 3870/3870/3099
f 3870/3870/3099 3871/3871/3111 3872/3872/3101
f 3871/3871/3111 3873/3873/3112 3872/3872/3101
f 3872/3872/3101 3873/3873/3112 3874/3874/3102
f 3873/3873/3112 3875/3875/3113 3874/3874/3102
f 3874/3874/3102 3875/3875/3113 3876/3876/3114
f 3875/3875/3113 3877/3877/3115 3876/3876/3114
f 3876/3876/3114 3877/3877/3115 3878/3878/3106
f 3877/3877/3115 3879/3879/3116 3878/3878/3106
f 3878/3878/3106 3879/3879/3116 3880/3880/6
f 3879/3879/3116 3881/3881/8 3880/3880/6
f 3882/3882/3117 3883/3883/3118 3884/3884/3119
f 3883/3883/3118 3885/3885/3120 3884/3884/3119
f 3884/3884/3119 3885/3885/3120 3886/3886/3121
f 3885/3885/3120 3887/3887/3122 3886/3886/3121
f 3886/3886/3121 3887/3887/3122 3888/3888/3123
f 3887/3887/3122 3889/3889/3124 3888/3888/3123
f 3888/3888/3123 3889/3889/3124 3890/3890/3113
f 3889/3889/3124 3891/3891/2965 3890/3890/3113
f 3890/3890/3113 3891/3891/2965 3892/3892/3125
f 3891/3891/2965 3893/3893/3126 3892/3892/3125
f 3892/3892/3125 3893/3893/3126 3894/3894/3127
f 3893/3893/3126 3895/3895/3128 3894/3894/3127
f 3894/3894/3127 3895/3895/3128 3896/3896/22
f 3895/3895/3128 3897/3897/2950 3896/3896/22
f 3898/3898/103 3899/3899/103 3900/3900/103
f 3901/3901/103 3902/3902/103 3903/3903/103
f 3904/3904/3129 3905/3905/3130 3906/3906/132
f 3905/3905/3130 3907/3907/3131 3906/3906/132
f 3906/3906/132 3907/3907/3131 3908/3908/125
f 3909/3909/3132 3910/3910/3133 3911/3911/876
f 3910/3910/3133 3912/3912/3134 3911/3911/876
f 3913/3913/3135 3914/3914/3136 3915/3915/772
f 3914/3914/3136 3916/3916/3137 3915/3915/772
f 3915/3915/772 3916/3916/3137 3917/3917/3138
f 3918/3918/3139 3919/3919/3140 3920/3920/113
f 3919/3919/3140 3921/3921/933 3920/3920/113
f 3920/3920/113 3921/3921/933 3922/3922/3141
f 3923/3923/3142 3924/3924/3143 3925/3925/3144
f 3924/3924/3143 3926/3926/2719 3925/3925/3144
f 3925/3925/3144 3926/3926/2719 3927/3927/3145
f 3928/3928/3146 3929/3929/3147 3930/3930/3148
f 3931/3931/3149 3932/3932/3149 3933/3933/3150
f 3934/3934/1119 3935/3935/3151 3936/3936/3152
f 3935/3935/3151 3937/3937/3153 3936/3936/3152
f 3936/3936/3152 3937/3937/3153 3938/3938/464
f 3937/3937/3153 3939/3939/3154 3938/3938/464
f 3940/3940/2747 3941/3941/2747 3942/3942/3155
f 3941/3941/2747 3943/3943/3156 3942/3942/3155
f 3942/3942/3155 3943/3943/3156 3944/3944/3157
f 3943/3943/3156 3945/3945/3158 3944/3944/3157
f 3944/3944/3157 3945/3945/3158 3946/3946/3159
f 3947/3947/3160 3948/3948/3161 3949/3949/3162
f 3950/3950/3163 3951/3951/3164 3952/3952/3165
f 3953/3953/3166 3954/3954/3167 3955/3955/3168
f 3954/3954/3167 3956/3956/3169 3955/3955/3168
f 3955/3955/3168 3956/3956/3169 3957/3957/3170
f 3956/3956/3169 3958/3958/3171 3957/3957/3170
f 3957/3957/3170 3958/3958/3171 3959/3959/3172
f 3958/3958/3171 3960/3960/2737 3959/3959/3172
f 3959/3959/3172 3960/3960/2737 3961/3961/3173
f 3960/3960/2737 3962/3962/3174 3961/3961/3173
f 3961/3961/3173 3962/3962/3174 3963/3963/3175
f 3962/3962/3174 3964/3964/3176 3963/3963/3175
f 3963/3963/3175 3964/3964/3176 3965/3965/3177
f 3966/3966/3178 3967/3967/3179 3968/3968/3180
f 3967/3967/3179 3969/3969/3181 3968/3968/3180
f 3968/3968/3180 3969/3969/3181 3970/3970/3182
f 3971/3971/3183 3972/3972/3184 3973/3973/3185
f 3972/3972/3184 3974/3974/3186 3973/3973/3185
f 3973/3973/3185 3974/3974/3186 3975/3975/3187
f 3974/3974/3186 3976/3976/3188 3975/3975/3187
f 3975/3975/3187 3976/3976/3188 3977/3977/103
f 3976/3976/3188 3978/3978/3189 3977/3977/103
f 3979/3979/3190 3980/3980/3191 3981/3981/3192
f 3980/3980/3191 3982/3982/3193 3981/3981/3192
f 3981/3981/3192 3982/3982/3193 3983/3983/3194
f 3982/3982/3193 3984/3984/1216 3983/3983/3194
f 3983/3983/3194 3984/3984/1216 3985/3985/3195
f 3986/3986/3196 3987/3987/3197 3988/3988/3198
f 3987/3987/3197 3989/3989/3199 3988/3988/3198
f 3988/3988/3198 3989/3989/3199 3990/3990/3200
f 3989/3989/3199 3991/3991/3201 3990/3990/3200
f 3990/3990/3200 3991/3991/3201 3992/3992/3202
f 3993/3993/3203 3994/3994/3204 3995/3995/470
f 3994/3994/3204 3996/3996/3205 3995/3995/470
f 3995/3995/470 3996/3996/3205 3997/3997/3206
f 3996/3996/3205 3998/3998/3207 3997/3997/3206
f 3997/3997/3206 3998/3998/3207 3999/3999/3208
f 3998/3998/3207 4000/4000/3209 3999/3999/3208
f 3999/3999/3208 4000/4000/3209 4001/4001/3196
f 4000/4000/3209 4002/4002/3210 4001/4001/3196
f 4001/4001/3196 4002/4002/3210 4003/4003/3211
f 4004/4004/3212 4005/4005/3213 4006/4006/3214
f 4005/4005/3213 4007/4007/2762 4006/4006/3214
f 4006/4006/3214 4007/4007/2762 4008/4008/3215
f 4007/4007/2762 4009/4009/467 4008/4008/3215
f 4008/4008/3215 4009/4009/467 4010/4010/3216
f 4009/4009/467 4011/4011/15 4010/4010/3216
f 4012/4012/3217 4013/4013/3218 4014/4014/1131
f 4013/4013/3218 4015/4015/1131 4014/4014/1131
f 4014/4014/1131 4015/4015/1131 4016/4016/3219
f 4015/4015/1131 4017/4017/3220 4016/4016/3219
f 4016/4016/3219 4017/4017/3220 4018/4018/29
f 4017/4017/3220 4019/4019/3221 4018/4018/29
f 4018/4018/29 4019/4019/3221 4020/4020/3222
f 4021/4021/3223 4022/4022/3224 4023/4023/3225
f 4024/4024/3226 4025/4025/3227 4026/4026/3228
f 4025/4025/3227 4027/4027/3229 4026/4026/3228
f 4026/4026/3228 4027/4027/3229 4028/4028/3230
f 4029/4029/3231 4030/4030/3232 4031/4031/3233
f 4032/4032/2586 4033/4033/3234 4034/4034/3234
f 4035/4035/3235 4036/4036/3236 4037/4037/3237
f 4036/4036/3236 4038/4038/3238 4037/4037/3237
f 4037/4037/3237 4038/4038/3238 4039/4039/3239
f 4040/4040/3240 4041/4041/3241 4042/4042/2415
f 4041/4041/3241 4043/4043/3242 4042/4042/2415
f 4042/4042/2415 4043/4043/3242 4044/4044/3243
f 4045/4045/3244 4046/4046/3245 4047/4047/2415
f 4046/4046/3245 4048/4048/3246 4047/4047/2415
f 4047/4047/2415 4048/4048/3246 4049/4049/3247
f 4048/4048/3246 4050/4050/3248 4049/4049/3247
f 4049/4049/3247 4050/4050/3248 4051/4051/3249
f 4052/4052/3250 4053/4053/3251 4054/4054/3252
f 4053/4053/3251 4055/4055/3253 4054/4054/3252
f 4056/4056/3254 4057/4057/3255 4058/4058/3256
f 4057/4057/3255 4059/4059/3257 4058/4058/3256
f 4058/4058/3256 4059/4059/3257 4060/4060/3258
f 4061/4061/3259 4062/4062/3260 4063/4063/3252
f 4062/4062/3260 4064/4064/3261 4063/4063/3252
f 4063/4063/3252 4064/4064/3261 4065/4065/3262
f 4066/4066/3263 4067/4067/3264 4068/4068/3265
f 4067/4067/3264 4069/4069/3266 4068/4068/3265
f 4068/4068/3265 4069/4069/3266 4070/4070/3267
f 4071/4071/3268 4072/4072/3269 4073/4073/3270
f 4072/4072/3269 4074/4074/3271 4073/4073/3270
f 4073/4073/3270 4074/4074/3271 4075/4075/3272
f 4076/4076/3273 4077/4077/3274 4078/4078/3275
f 4077/4077/3274 4079/4079/3276 4078/4078/3275
f 4078/4078/3275 4079/4079/3276 4080/4080/3277
f 4081/4081/3278 4082/4082/3278 4083/4083/3279
f 4082/4082/3278 4084/4084/3252 4083/4083/3279
f 4083/4083/3279 4084/4084/3252 4085/4085/3256
f 4084/4084/3252 4086/4086/3280 4085/4085/3256
f 4087/4087/3281 4088/4088/3282 4089/4089/3278
f 4088/4088/3282 4090/4090/3283 4089/4089/3278
f 4089/4089/3278 4090/4090/3283 4091/4091/3284
f 4092/4092/3285 4093/4093/3285 4094/4094/3286
f 4093/4093/3285 4095/4095/3287 4094/4094/3286
f 4094/4094/3286 4095/4095/3287 4096/4096/3284
f 4095/4095/3287 4097/4097/3283 4096/4096/3284
f 4098/4098/3288 4099/4099/3289 4100/4100/3285
f 4099/4099/3289 4101/4101/2422 4100/4100/3285
f 4100/4100/3285 4101/4101/2422 4102/4102/2468
f 4103/4103/3290 4104/4104/3290 4105/4105/3291
f 4104/4104/3290 4106/4106/2468 4105/4105/3291
f 4105/4105/3291 4106/4106/2468 4107/4107/2468
f 4106/4106/2468 4108/4108/2422 4107/4107/2468
f 4109/4109/3290 4110/4110/3292 4111/4111/2616
f 4110/4110/3292 4112/4112/3293 4111/4111/2616
f 4111/4111/2616 4112/4112/3293 4113/4113/3294
f 4114/4114/3295 4115/4115/3294 4116/4116/3294
f 4115/4115/3294 4117/4117/2589 4116/4116/3294
f 4116/4116/3294 4117/4117/2589 4118/4118/2415
f 4117/4117/2589 4119/4119/2415 4118/4118/2415
f 4118/4118/2415 4119/4119/2415 4120/4120/2586
f 4121/4121/2765 4122/4122/3296 4123/4123/3297
f 4124/4124/3298 4125/4125/3299 4126/4126/3300
f 4127/4127/3301 4128/4128/3302 4129/4129/3303
f 4130/4130/3304 4131/4131/3305 4132/4132/3306
f 4133/4133/3307 4134/4134/3308 4135/4135/3309
f 4134/4134/3308 4136/4136/3310 4135/4135/3309
f 4135/4135/3309 4136/4136/3310 4137/4137/3311
f 4138/4138/3312 4139/4139/3313 4140/4140/3314
f 4139/4139/3313 4141/4141/3315 4140/4140/3314
f 4140/4140/3314 4141/4141/3315 4142/4142/3316
f 4141/4141/3315 4143/4143/3317 4142/4142/3316
f 4142/4142/3316 4143/4143/3317 4144/4144/3318
f 4145/4145/3319 4146/4146/3320 4147/4147/3321
f 4146/4146/3320 4148/4148/3322 4147/4147/3321
f 4147/4147/3321 4148/4148/3322 4149/4149/3323
f 4150/4150/3324 4151/4151/3325 4152/4152/3326
f 4151/4151/3325 4153/4153/3327 4152/4152/3326
f 4152/4152/3326 4153/4153/3327 4154/4154/3328
f 4153/4153/3327 4155/4155/3329 4154/4154/3328
f 4156/4156/3330 4157/4157/3331 4158/4158/3332
f 4157/4157/3331 4159/4159/3333 4158/4158/3332
f 4158/4158/3332 4159/4159/3333 4160/4160/3334
f 4161/4161/3335 4162/4162/3336 4163/4163/3337
f 4162/4162/3336 4164/4164/3338 4163/4163/3337
f 4163/4163/3337 4164/4164/3338 4165/4165/3339
f 4164/4164/3338 4166/4166/3340 4165/4165/3339
f 4165/4165/3339 4166/4166/3340 4167/4167/3341
f 4166/4166/3340 4168/4168/3342 4167/4167/3341
f 4167/4167/3341 4168/4168/3342 4169/4169/3343
f 4170/4170/3344 4171/4171/3345 4172/4172/3346
f 4171/4171/3345 4173/4173/3347 4172/4172/3346
f 4172/4172/3346 4173/4173/3347 4174/4174/3348
f 4175/4175/3349 4176/4176/3350 4177/4177/3351
f 4176/4176/3350 4178/4178/3352 4177/4177/3351
f 4177/4177/3351 4178/4178/3352 4179/4179/3353
f 4180/4180/3354 4181/4181/3355 4182/4182/3356
f 4181/4181/3355 4183/4183/3357 4182/4182/3356
f 4182/4182/3356 4183/4183/3357 4184/4184/3358
f 4185/4185/3359 4186/4186/3360 4187/4187/3361
f 4186/4186/3360 4188/4188/3362 4187/4187/3361
f 4187/4187/3361 4188/4188/3362 4189/4189/3363
f 4188/4188/3362 4190/4190/3364 4189/4189/3363
f 4189/4189/3363 4190/4190/3364 4191/4191/3365
f 4190/4190/3364 4192/4192/3366 4191/4191/3365
f 4191/4191/3365 4192/4192/3366 4193/4193/3367
f 4194/4194/3368 4195/4195/3369 4196/4196/3370
f 4195/4195/3369 4197/4197/3371 4196/4196/3370
f 4196/4196/3370 4197/4197/3371 4198/4198/3372
f 4197/4197/3371 4199/4199/3373 4198/4198/3372
f 4198/4198/3372 4199/4199/3373 4200/4200/3374
f 4199/4199/3373 4201/4201/3375 4200/4200/3374
f 4200/4200/3374 4201/4201/3375 4202/4202/3376
f 4201/4201/3375 4203/4203/3377 4202/4202/3376
f 4202/4202/3376 4203/4203/3377 4204/4204/3378
f 4203/4203/3377 4205/4205/3379 4204/4204/3378
f 4204/4204/3378 4205/4205/3379 4206/4206/3380
f 4205/4205/3379 4207/4207/3381 4206/4206/3380
f 4206/4206/3380 4207/4207/3381 4208/4208/3382
f 4207/4207/3381 4209/4209/3383 4208/4208/3382
f 4208/4208/3382 4209/4209/3383 4210/4210/3384
f 4209/4209/3383 4211/4211/3385 4210/4210/3384
f 4210/4210/3384 4211/4211/3385 4212/4212/3386
f 4211/4211/3385 4213/4213/3387 4212/4212/3386
f 4212/4212/3386 4213/4213/3387 4214/4214/3388
f 4213/4213/3387 4215/4215/3389 4214/4214/3388
f 4214/4214/3388 4215/4215/3389 4216/4216/3390
f 4215/4215/3389 4217/4217/3391 4216/4216/3390
f 4216/4216/3390 4217/4217/3391 4218/4218/3392
f 4217/4217/3391 4219/4219/3393 4218/4218/3392
f 4218/4218/3392 4219/4219/3393 4220/4220/3394
f 4219/4219/3393 4221/4221/3395 4220/4220/3394
f 4220/4220/3394 4221/4221/3395 4222/4222/3396
f 4223/4223/3397 4224/4224/3398 4225/4225/3399
f 4224/4224/3398 4226/4226/3400 4225/4225/3399
f 4225/4225/3399 4226/4226/3400 4227/4227/3401
f 4226/4226/3400 4228/4228/3402 4227/4227/3401
f 4227/4227/3401 4228/4228/3402 4229/4229/3403
f 4228/4228/3402 4230/4230/3404 4229/4229/3403
f 4229/4229/3403 4230/4230/3404 4231/4231/3405
f 4230/4230/3404 4232/4232/3406 4231/4231/3405
f 4231/4231/3405 4232/4232/3406 4233/4233/3407
f 4232/4232/3406 4234/4234/3408 4233/4233/3407
f 4233/4233/3407 4234/4234/3408 4235/4235/3409
f 4234/4234/3408 4236/4236/3410 4235/4235/3409
f 4235/4235/3409 4236/4236/3410 4237/4237/3411
f 4236/4236/3410 4238/4238/3412 4237/4237/3411
f 4237/4237/3411 4238/4238/3412 4239/4239/3413
f 4238/4238/3412 4240/4240/3414 4239/4239/3413
f 4239/4239/3413 4240/4240/3414 4241/4241/3415
f 4240/4240/3414 4242/4242/3416 4241/4241/3415
f 4241/4241/3415 4242/4242/3416 4243/4243/3417
f 4242/4242/3416 4244/4244/3418 4243/4243/3417
f 4243/4243/3417 4244/4244/3418 4245/4245/3419
f 4244/4244/3418 4246/4246/3420 4245/4245/3419
f 4245/4245/3419 4246/4246/3420 4247/4247/3421
f 4246/4246/3420 4248/4248/3422 4247/4247/3421
f 4247/4247/3421 4248/4248/3422 4249/4249/3423
f 4248/4248/3422 4250/4250/3424 4249/4249/3423
f 4249/4249/3423 4250/4250/3424 4251/4251/3425
f 4252/4252/3426 4253/4253/3427 4254/4254/3428
f 4253/4253/3427 4255/4255/3429 4254/4254/3428
f 4254/4254/3428 4255/4255/3429 4256/4256/3430
f 4255/4255/3429 4257/4257/3431 4256/4256/3430
f 4256/4256/3430 4257/4257/3431 4258/4258/3432
f 4257/4257/3431 4259/4259/3433 4258/4258/3432
f 4258/4258/3432 4259/4259/3433 4260/4260/3434
f 4259/4259/3433 4261/4261/3435 4260/4260/3434
f 4260/4260/3434 4261/4261/3435 4262/4262/3436
f 4261/4261/3435 4263/4263/3437 4262/4262/3436
f 4262/4262/3436 4263/4263/3437 4264/4264/3438
f 4263/4263/3437 4265/4265/3439 4264/4264/3438
f 4264/4264/3438 4265/4265/3439 4266/4266/3440
f 4265/4265/3439 4267/4267/3441 4266/4266/3440
f 4266/4266/3440 4267/4267/3441 4268/4268/3442
f 4267/4267/3441 4269/4269/3415 4268/4268/3442
f 4268/4268/3442 4269/4269/3415 4270/4270/3443
f 4269/4269/3415 4271/4271/3444 4270/4270/3443
f 4270/4270/3443 4271/4271/3444 4272/4272/3445
f 4271/4271/3444 4273/4273/3446 4272/4272/3445
f 4272/4272/3445 4273/4273/3446 4274/4274/3447
f 4273/4273/3446 4275/4275/3448 4274/4274/3447
f 4274/4274/3447 4275/4275/3448 4276/4276/3449
f 4275/4275/3448 4277/4277/3450 4276/4276/3449
f 4276/4276/3449 4277/4277/3450 4278/4278/3451
f 4277/4277/3450 4279/4279/3452 4278/4278/3451
f 4278/4278/3451 4279/4279/3452 4280/4280/3453
f 4281/4281/3454 4282/4282/3455 4283/4283/3456
f 4282/4282/3455 4284/4284/3457 4283/4283/3456
f 4283/4283/3456 4284/4284/3457 4285/4285/3458
f 4284/4284/3457 4286/4286/3459 4285/4285/3458
f 4285/4285/3458 4286/4286/3459 4287/4287/3460
f 4286/4286/3459 4288/4288/3461 4287/4287/3460
f 4287/4287/3460 4288/4288/3461 4289/4289/3462
f 4288/4288/3461 4290/4290/3463 4289/4289/3462
f 4289/4289/3462 4290/4290/3463 4291/4291/3464
f 4290/4290/3463 4292/4292/3438 4291/4291/3464
f 4291/4291/3464 4292/4292/3438 4293/4293/3465
f 4292/4292/3438 4294/4294/3466 4293/4293/3465
f 4293/4293/3465 4294/4294/3466 4295/4295/3467
f 4294/4294/3466 4296/4296/3468 4295/4295/3467
f 4295/4295/3467 4296/4296/3468 4297/4297/3469
f 4296/4296/3468 4298/4298/3470 4297/4297/3469
f 4297/4297/3469 4298/4298/3470 4299/4299/3471
f 4298/4298/3470 4300/4300/3472 4299/4299/3471
f 4299/4299/3471 4300/4300/3472 4301/4301/3473
f 4300/4300/3472 4302/4302/3474 4301/4301/3473
f 4301/4301/3473 4302/4302/3474 4303/4303/3475
f 4302/4302/3474 4304/4304/3476 4303/4303/3475
f 4303/4303/3475 4304/4304/3476 4305/4305/3477
f 4304/4304/3476 4306/4306/3478 4305/4305/3477
f 4305/4305/3477 4306/4306/3478 4307/4307/3479
f 4306/4306/3478 4308/4308/3480 4307/4307/3479
f 4307/4307/3479 4308/4308/3480 4309/4309/3481
f 4310/4310/35 4311/4311/3482 4312/4312/159
f 4311/4311/3482 4313/4313/3483 4312/4312/159
f 4312/4312/159 4313/4313/3483 4314/4314/19
f 4313/4313/3483 4315/4315/3484 4314/4314/19
f 4314/4314/19 4315/4315/3484 4316/4316/3485
f 4315/4315/3484 4317/4317/3486 4316/4316/3485
f 4316/4316/3485 4317/4317/3486 4318/4318/3487
f 4317/4317/3486 4319/4319/3488 4318/4318/3487
f 4318/4318/3487 4319/4319/3488 4320/4320/33
f 4319/4319/3488 4321/4321/3489 4320/4320/33
f 4320/4320/33 4321/4321/3489 4322/4322/3490
f 4321/4321/3489 4323/4323/3491 4322/4322/3490
f 4322/4322/3490 4323/4323/3491 4324/4324/9
f 4323/4323/3491 4325/4325/3492 4324/4324/9
f 4324/4324/9 4325/4325/3492 4326/4326/20
f 4325/4325/3492 4327/4327/3493 4326/4326/20
f 4326/4326/20 4327/4327/3493 4328/4328/14
f 4327/4327/3493 4329/4329/3494 4328/4328/14
f 4328/4328/14 4329/4329/3494 4330/4330/23
f 4329/4329/3494 4331/4331/3495 4330/4330/23
f 4330/4330/23 4331/4331/3495 4332/4332/21
f 4331/4331/3495 4333/4333/3496 4332/4332/21
f 4332/4332/21 4333/4333/3496 4334/4334/162
f 4333/4333/3496 4335/4335/3497 4334/4334/162
f 4334/4334/162 4335/4335/3497 4336/4336/35
f 4335/4335/3497 4337/4337/3498 4336/4336/35
f 4336/4336/35 4337/4337/3498 4338/4338/3499
f 4339/4339/74 4340/4340/74 4341/4341/74
f 4340/4340/74 4342/4342/74 4341/4341/74
f 4343/4343/20 4344/4344/20 4345/4345/20
f 4344/4344/20 4346/4346/20 4345/4345/20
f 4347/4347/23 4348/4348/23 4349/4349/23
f 4350/4350/3485 4351/4351/3485 4352/4352/3485
f 4353/4353/23 4354/4354/36 4355/4355/31
f 4354/4354/36 4356/4356/25 4355/4355/31
f 4357/4357/26 4358/4358/41 4359/4359/20
f 4358/4358/41 4360/4360/31 4359/4359/20
f 4359/4359/20 4360/4360/31 4361/4361/2765
f 4362/4362/24 4363/4363/24 4364/4364/20
f 4363/4363/24 4365/4365/35 4364/4364/20
f 4364/4364/20 4365/4365/35 4366/4366/20
f 4367/4367/3490 4368/4368/3025 4369/4369/162
f 4368/4368/3025 4370/4370/20 4369/4369/162
f 4369/4369/162 4370/4370/20 4371/4371/2950
f 4372/4372/36 4373/4373/31 4374/4374/36
f 4373/4373/31 4375/4375/31 4374/4374/36
f 4374/4374/36 4375/4375/31 4376/4376/36
f 4377/4377/19 4378/4378/14 4379/4379/14
f 4378/4378/14 4380/4380/18 4379/4379/14
f 4379/4379/14 4380/4380/18 4381/4381/15
f 4382/4382/26 4383/4383/8 4384/4384/8
f 4383/4383/8 4385/4385/8 4384/4384/8
f 4384/4384/8 4385/4385/8 4386/4386/8
f 4387/4387/3500 4388/4388/22 4389/4389/3501
f 4388/4388/22 4390/4390/172 4389/4389/3501
f 4389/4389/3501 4390/4390/172 4391/4391/3502
f 4390/4390/172 4392/4392/3503 4391/4391/3502
f 4393/4393/3504 4394/4394/3504 4395/4395/3505
f 4396/4396/3504 4397/4397/3506 4398/4398/3507
f 4397/4397/3506 4399/4399/3508 4398/4398/3507
f 4398/4398/3507 4399/4399/3508 4400/4400/3509
f 4399/4399/3508 4401/4401/3510 4400/4400/3509
f 4400/4400/3509 4401/4401/3510 4402/4402/3511
f 4401/4401/3510 4403/4403/3512 4402/4402/3511
f 4402/4402/3511 4403/4403/3512 4404/4404/3513
f 4403/4403/3512 4405/4405/3514 4404/4404/3513
f 4404/4404/3513 4405/4405/3514 4406/4406/3514
f 4405/4405/3514 4407/4407/23 4406/4406/3514
f 4406/4406/3514 4407/4407/23 4408/4408/23
f 4409/4409/3515 4410/4410/3516 4411/4411/3517
f 4412/4412/3518 4413/4413/3519 4414/4414/3520
f 4415/4415/3453 4416/4416/3521 4417/4417/3522
f 4418/4418/3523 4419/4419/3524 4420/4420/3525
f 4421/4421/3526 4422/4422/3527 4423/4423/3528
f 4424/4424/3529 4425/4425/3530 4426/4426/3531
f 4427/4427/3532 4428/4428/3533 4429/4429/3534
f 4428/4428/3533 4430/4430/3535 4429/4429/3534
f 4429/4429/3534 4430/4430/3535 4431/4431/3536
f 4432/4432/3537 4433/4433/3538 4434/4434/3539
f 4433/4433/3538 4435/4435/3540 4434/4434/3539
f 4434/4434/3539 4435/4435/3540 4436/4436/3541
f 4437/4437/3542 4438/4438/3543 4439/4439/3544
f 4438/4438/3543 4440/4440/3545 4439/4439/3544
f 4439/4439/3544 4440/4440/3545 4441/4441/3546
f 4442/4442/3547 4443/4443/3548 4444/4444/3549
f 4443/4443/3548 4445/4445/3550 4444/4444/3549
f 4444/4444/3549 4445/4445/3550 4446/4446/3551
f 4445/4445/3550 4447/4447/3552 4446/4446/3551
f 4448/4448/3553 4449/4449/3554 4450/4450/3555
f 4449/4449/3554 4451/4451/3556 4450/4450/3555
f 4450/4450/3555 4451/4451/3556 4452/4452/3557
f 4453/4453/3558 4454/4454/3559 4455/4455/3560
f 4454/4454/3559 4456/4456/3561 4455/4455/3560
f 4455/4455/3560 4456/4456/3561 4457/4457/3562
f 4456/4456/3561 4458/4458/3563 4457/4457/3562
f 4457/4457/3562 4458/4458/3563 4459/4459/3564
f 4458/4458/3563 4460/4460/3565 4459/4459/3564
f 4459/4459/3564 4460/4460/3565 4461/4461/3566
f 4462/4462/3567 4463/4463/3568 4464/4464/3569
f 4463/4463/3568 4465/4465/3570 4464/4464/3569
f 4464/4464/3569 4465/4465/3570 4466/4466/3571
f 4467/4467/3572 4468/4468/3573 4469/4469/3574
f 4468/4468/3573 4470/4470/3575 4469/4469/3574
f 4469/4469/3574 4470/4470/3575 4471/4471/3576
f 4472/4472/3577 4473/4473/3578 4474/4474/3579
f 4473/4473/3578 4475/4475/3580 4474/4474/3579
f 4474/4474/3579 4475/4475/3580 4476/4476/3581
f 4477/4477/3582 4478/4478/3583 4479/4479/3584
f 4478/4478/3583 4480/4480/3585 4479/4479/3584
f 4479/4479/3584 4480/4480/3585 4481/4481/3586
f 4480/4480/3585 4482/4482/3587 4481/4481/3586
f 4481/4481/3586 4482/4482/3587 4483/4483/3588
f 4482/4482/3587 4484/4484/3589 4483/4483/3588
f 4483/4483/3588 4484/4484/3589 4485/4485/3590
f 4486/4486/3591 4487/4487/3592 4488/4488/3593
f 4487/4487/3592 4489/4489/3594 4488/4488/3593
f 4488/4488/3593 4489/4489/3594 4490/4490/3595
f 4489/4489/3594 4491/4491/3596 4490/4490/3595
f 4490/4490/3595 4491/4491/3596 4492/4492/3597
f 4491/4491/3596 4493/4493/3598 4492/4492/3597
f 4492/4492/3597 4493/4493/3598 4494/4494/3599
f 4493/4493/3598 4495/4495/3600 4494/4494/3599
f 4494/4494/3599 4495/4495/3600 4496/4496/3601
f 4495/4495/3600 4497/4497/3602 4496/4496/3601
f 4496/4496/3601 4497/4497/3602 4498/4498/3603
f 4497/4497/3602 4499/4499/3604 4498/4498/3603
f 4498/4498/3603 4499/4499/3604 4500/4500/3605
f 4499/4499/3604 4501/4501/3606 4500/4500/3605
f 4500/4500/3605 4501/4501/3606 4502/4502/3607
f 4501/4501/3606 4503/4503/3608 4502/4502/3607
f 4502/4502/3607 4503/4503/3608 4504/4504/3609
f 4503/4503/3608 4505/4505/3610 4504/4504/3609
f 4504/4504/3609 4505/4505/3610 4506/4506/3611
f 4505/4505/3610 4507/4507/3612 4506/4506/3611
f 4506/4506/3611 4507/4507/3612 4508/4508/3613
f 4507/4507/3612 4509/4509/3614 4508/4508/3613
f 4508/4508/3613 4509/4509/3614 4510/4510/3615
f 4509/4509/3614 4511/4511/3616 4510/4510/3615
f 4510/4510/3615 4511/4511/3616 4512/4512/3617
f 4511/4511/3616 4513/4513/3618 4512/4512/3617
f 4512/4512/3617 4513/4513/3618 4514/4514/3508
f 4515/4515/3619 4516/4516/3620 4517/4517/3621
f 4516/4516/3620 4518/4518/3622 4517/4517/3621
f 4517/4517/3621 4518/4518/3622 4519/4519/3623
f 4518/4518/3622 4520/4520/3624 4519/4519/3623
f 4519/4519/3623 4520/4520/3624 4521/4521/3625
f 4520/4520/3624 4522/4522/3626 4521/4521/3625
f 4521/4521/3625 4522/4522/3626 4523/4523/3627
f 4522/4522/3626 4524/4524/3628 4523/4523/3627
f 4523/4523/3627 4524/4524/3628 4525/4525/3629
f 4524/4524/3628 4526/4526/3630 4525/4525/3629
f 4525/4525/3629 4526/4526/3630 4527/4527/3631
f 4526/4526/3630 4528/4528/3632 4527/4527/3631
f 4527/4527/3631 4528/4528/3632 4529/4529/3633
f 4528/4528/3632 4530/4530/3634 4529/4529/3633
f 4529/4529/3633 4530/4530/3634 4531/4531/3635
f 4530/4530/3634 4532/4532/3636 4531/4531/3635
f 4531/4531/3635 4532/4532/3636 4533/4533/3637
f 4532/4532/3636 4534/4534/3638 4533/4533/3637
f 4533/4533/3637 4534/4534/3638 4535/4535/3639
f 4534/4534/3638 4536/4536/3640 4535/4535/3639
f 4535/4535/3639 4536/4536/3640 4537/4537/3641
f 4536/4536/3640 4538/4538/3642 4537/4537/3641
f 4537/4537/3641 4538/4538/3642 4539/4539/3643
f 4538/4538/3642 4540/4540/3644 4539/4539/3643
f 4539/4539/3643 4540/4540/3644 4541/4541/3645
f 4540/4540/3644 4542/4542/3646 4541/4541/3645
f 4541/4541/3645 4542/4542/3646 4543/4543/3647
f 4544/4544/3648 4545/4545/3649 4546/4546/3650
f 4545/4545/3649 4547/4547/3651 4546/4546/3650
f 4546/4546/3650 4547/4547/3651 4548/4548/3652
f 4547/4547/3651 4549/4549/3653 4548/4548/3652
f 4548/4548/3652 4549/4549/3653 4550/4550/3654
f 4549/4549/3653 4551/4551/3655 4550/4550/3654
f 4550/4550/3654 4551/4551/3655 4552/4552/3656
f 4551/4551/3655 4553/4553/3657 4552/4552/3656
f 4552/4552/3656 4553/4553/3657 4554/4554/3658
f 4553/4553/3657 4555/4555/3659 4554/4554/3658
f 4554/4554/3658 4555/4555/3659 4556/4556/3660
f 4555/4555/3659 4557/4557/3661 4556/4556/3660
f 4556/4556/3660 4557/4557/3661 4558/4558/3662
f 4557/4557/3661 4559/4559/3635 4558/4558/3662
f 4558/4558/3662 4559/4559/3635 4560/4560/3663
f 4559/4559/3635 4561/4561/3664 4560/4560/3663
f 4560/4560/3663 4561/4561/3664 4562/4562/3665
f 4561/4561/3664 4563/4563/3666 4562/4562/3665
f 4562/4562/3665 4563/4563/3666 4564/4564/3667
f 4563/4563/3666 4565/4565/3668 4564/4564/3667
f 4564/4564/3667 4565/4565/3668 4566/4566/3669
f 4565/4565/3668 4567/4567/3670 4566/4566/3669
f 4566/4566/3669 4567/4567/3670 4568/4568/3671
f 4567/4567/3670 4569/4569/3672 4568/4568/3671
f 4568/4568/3671 4569/4569/3672 4570/4570/3673
f 4569/4569/3672 4571/4571/3674 4570/4570/3673
f 4570/4570/3673 4571/4571/3674 4572/4572/3675
f 4573/4573/3676 4574/4574/3677 4575/4575/3678
f 4574/4574/3677 4576/4576/3679 4575/4575/3678
f 4575/4575/3678 4576/4576/3679 4577/4577/3680
f 4576/4576/3679 4578/4578/3681 4577/4577/3680
f 4577/4577/3680 4578/4578/3681 4579/4579/3682
f 4578/4578/3681 4580/4580/3683 4579/4579/3682
f 4579/4579/3682 4580/4580/3683 4581/4581/3684
f 4580/4580/3683 4582/4582/3685 4581/4581/3684
f 4581/4581/3684 4582/4582/3685 4583/4583/3686
f 4582/4582/3685 4584/4584/3687 4583/4583/3686
f 4583/4583/3686 4584/4584/3687 4585/4585/3688
f 4584/4584/3687 4586/4586/3689 4585/4585/3688
f 4585/4585/3688 4586/4586/3689 4587/4587/3690
f 4586/4586/3689 4588/4588/3691 4587/4587/3690
f 4587/4587/3690 4588/4588/3691 4589/4589/3692
f 4588/4588/3691 4590/4590/3693 4589/4589/3692
f 4589/4589/3692 4590/4590/3693 4591/4591/3694
f 4590/4590/3693 4592/4592/3695 4591/4591/3694
f 4591/4591/3694 4592/4592/3695 4593/4593/3696
f 4592/4592/3695 4594/4594/3697 4593/4593/3696
f 4593/4593/3696 4594/4594/3697 4595/4595/3698
f 4594/4594/3697 4596/4596/3699 4595/4595/3698
f 4595/4595/3698 4596/4596/3699 4597/4597/3700
f 4596/4596/3699 4598/4598/3701 4597/4597/3700
f 4597/4597/3700 4598/4598/3701 4599/4599/3702
f 4598/4598/3701 4600/4600/3703 4599/4599/3702
f 4599/4599/3702 4600/4600/3703 4601/4601/3704
f 4602/4602/173 4603/4603/3705 4604/4604/158
f 4603/4603/3705 4605/4605/3706 4604/4604/158
f 4604/4604/158 4605/4605/3706 4606/4606/3515
f 4605/4605/3706 4607/4607/3707 4606/4606/3515
f 4606/4606/3515 4607/4607/3707 4608/4608/21
f 4607/4607/3707 4609/4609/3708 4608/4608/21
f 4608/4608/21 4609/4609/3708 4610/4610/161
f 4609/4609/3708 4611/4611/3709 4610/4610/161
f 4610/4610/161 4611/4611/3709 4612/4612/162
f 4611/4611/3709 4613/4613/3710 4612/4612/162
f 4612/4612/162 4613/4613/3710 4614/4614/33
f 4613/4613/3710 4615/4615/3711 4614/4614/33
f 4614/4614/33 4615/4615/3711 4616/4616/3487
f 4615/4615/3711 4617/4617/3712 4616/4616/3487
f 4616/4616/3487 4617/4617/3712 4618/4618/8
f 4617/4617/3712 4619/4619/3713 4618/4618/8
f 4618/4618/8 4619/4619/3713 4620/4620/2063
f 4619/4619/3713 4621/4621/3714 4620/4620/2063
f 4620/4620/2063 4621/4621/3714 4622/4622/15
f 4621/4621/3714 4623/4623/3715 4622/4622/15
f 4622/4622/15 4623/4623/3715 4624/4624/33
f 4623/4623/3715 4625/4625/3716 4624/4624/33
f 4624/4624/33 4625/4625/3716 4626/4626/23
f 4625/4625/3716 4627/4627/3717 4626/4626/23
f 4626/4626/23 4627/4627/3717 4628/4628/14
f 4627/4627/3717 4629/4629/3718 4628/4628/14
f 4628/4628/14 4629/4629/3718 4630/4630/23
f 4631/4631/3719 4632/4632/3720 4633/4633/3721
f 4634/4634/3722 4635/4635/250 4636/4636/3561
f 4637/4637/3723 4638/4638/3723 4639/4639/3724
f 4640/4640/74 4641/4641/3725 4642/4642/3726
f 4641/4641/3725 4643/4643/3727 4642/4642/3726
f 4642/4642/3726 4643/4643/3727 4644/4644/3728
f 4645/4645/3729 4646/4646/3730 4647/4647/3728
f 4646/4646/3730 4648/4648/3731 4647/4647/3728
f 4647/4647/3728 4648/4648/3731 4649/4649/3732
f 4650/4650/3733 4651/4651/3734 4652/4652/3732
f 4651/4651/3734 4653/4653/3735 4652/4652/3732
f 4652/4652/3732 4653/4653/3735 4654/4654/3736
f 4653/4653/3735 4655/4655/3737 4654/4654/3736
f 4654/4654/3736 4655/4655/3737 4656/4656/3738
f 4657/4657/3739 4658/4658/3740 4659/4659/3741
f 4658/4658/3740 4660/4660/3742 4659/4659/3741
f 4659/4659/3741 4660/4660/3742 4661/4661/3743
f 4662/4662/3744 4663/4663/3745 4664/4664/3746
f 4663/4663/3745 4665/4665/3747 4664/4664/3746
f 4664/4664/3746 4665/4665/3747 4666/4666/3738
f 4667/4667/3748 4668/4668/3749 4669/4669/3750
f 4668/4668/3749 4670/4670/3751 4669/4669/3750
f 4669/4669/3750 4670/4670/3751 4671/4671/3752
f 4670/4670/3751 4672/4672/3753 4671/4671/3752
f 4671/4671/3752 4672/4672/3753 4673/4673/3754
f 4674/4674/3755 4675/4675/3756 4676/4676/250
f 4675/4675/3756 4677/4677/3757 4676/4676/250
f 4676/4676/250 4677/4677/3757 4678/4678/3758
f 4677/4677/3757 4679/4679/3759 4678/4678/3758
f 4678/4678/3758 4679/4679/3759 4680/4680/3760
f 4679/4679/3759 4681/4681/3761 4680/4680/3760
f 4680/4680/3760 4681/4681/3761 4682/4682/3762
f 4683/4683/3763 4684/4684/3764 4685/4685/3765
f 4684/4684/3764 4686/4686/3766 4685/4685/3765
f 4685/4685/3765 4686/4686/3766 4687/4687/3767
f 4686/4686/3766 4688/4688/3768 4687/4687/3767
f 4687/4687/3767 4688/4688/3768 4689/4689/3769
f 4690/4690/3770 4691/4691/3771 4692/4692/3772
f 4691/4691/3771 4693/4693/3773 4692/4692/3772
f 4692/4692/3772 4693/4693/3773 4694/4694/3774
f 4693/4693/3773 4695/4695/3775 4694/4694/3774
f 4694/4694/3774 4695/4695/3775 4696/4696/250
f 4695/4695/3775 4697/4697/3776 4696/4696/250
f 4696/4696/250 4697/4697/3776 4698/4698/3722
f 4699/4699/3777 4700/4700/3778 4701/4701/3779
f 4700/4700/3778 4702/4702/3780 4701/4701/3779
f 4701/4701/3779 4702/4702/3780 4703/4703/3768
f 4702/4702/3780 4704/4704/3781 4703/4703/3768
f 4703/4703/3768 4704/4704/3781 4705/4705/3782
f 4706/4706/3783 4707/4707/3720 4708/4708/3784
f 4707/4707/3720 4709/4709/3785 4708/4708/3784
f 4708/4708/3784 4709/4709/3785 4710/4710/3786
f 4711/4711/3787 4712/4712/3788 4713/4713/3786
f 4712/4712/3788 4714/4714/3789 4713/4713/3786
f 4713/4713/3786 4714/4714/3789 4715/4715/3790
f 4716/4716/3791 4717/4717/3790 4718/4718/3790
f 4717/4717/3790 4719/4719/3792 4718/4718/3790
f 4718/4718/3790 4719/4719/3792 4720/4720/3793
f 4721/4721/3794 4722/4722/3795 4723/4723/3796
f 4722/4722/3795 4724/4724/3797 4723/4723/3796
f 4723/4723/3796 4724/4724/3797 4725/4725/143
f 4726/4726/3798 4727/4727/3798 4728/4728/3799
f 4729/4729/24 4730/4730/3800 4731/4731/3801
f 4730/4730/3800 4732/4732/3802 4731/4731/3801
f 4731/4731/3801 4732/4732/3802 4733/4733/3803
f 4732/4732/3802 4734/4734/3523 4733/4733/3803
f 4733/4733/3803 4734/4734/3523 4735/4735/3804
f 4734/4734/3523 4736/4736/3805 4735/4735/3804
f 4735/4735/3804 4736/4736/3805 4737/4737/3524
f 4736/4736/3805 4738/4738/3806 4737/4737/3524
f 4737/4737/3524 4738/4738/3806 4739/4739/3395
f 4738/4738/3806 4740/4740/522 4739/4739/3395
f 4739/4739/3395 4740/4740/522 4741/4741/3807
f 4742/4742/143 4743/4743/143 4744/4744/143
f 4743/4743/143 4745/4745/143 4744/4744/143
f 4746/4746/3808 4747/4747/3809 4748/4748/3810
f 4749/4749/3811 4750/4750/3811 4751/4751/3812
f 4752/4752/143 4753/4753/3813 4754/4754/3814
f 4753/4753/3813 4755/4755/3815 4754/4754/3814
f 4754/4754/3814 4755/4755/3815 4756/4756/3816
f 4757/4757/3817 4758/4758/3818 4759/4759/3816
f 4758/4758/3818 4760/4760/3819 4759/4759/3816
f 4759/4759/3816 4760/4760/3819 4761/4761/3820
f 4762/4762/3821 4763/4763/3822 4764/4764/3820
f 4763/4763/3822 4765/4765/3823 4764/4764/3820
f 4764/4764/3820 4765/4765/3823 4766/4766/3824
f 4765/4765/3823 4767/4767/3825 4766/4766/3824
f 4766/4766/3824 4767/4767/3825 4768/4768/3826
f 4769/4769/3827 4770/4770/3828 4771/4771/3829
f 4770/4770/3828 4772/4772/3830 4771/4771/3829
f 4771/4771/3829 4772/4772/3830 4773/4773/3831
f 4774/4774/3831 4775/4775/3832 4776/4776/3833
f 4775/4775/3832 4777/4777/3834 4776/4776/3833
f 4776/4776/3833 4777/4777/3834 4778/4778/3835
f 4779/4779/3836 4780/4780/3837 4781/4781/3838
f 4780/4780/3837 4782/4782/3839 4781/4781/3838
f 4781/4781/3838 4782/4782/3839 4783/4783/3840
f 4782/4782/3839 4784/4784/3841 4783/4783/3840
f 4783/4783/3840 4784/4784/3841 4785/4785/3842
f 4786/4786/94 4787/4787/3843 4788/4788/3340
f 4787/4787/3843 4789/4789/3844 4788/4788/3340
f 4788/4788/3340 4789/4789/3844 4790/4790/3845
f 4789/4789/3844 4791/4791/3846 4790/4790/3845
f 4790/4790/3845 4791/4791/3846 4792/4792/3847
f 4793/4793/3848 4794/4794/3849 4795/4795/94
f 4794/4794/3849 4796/4796/3850 4795/4795/94
f 4795/4795/94 4796/4796/3850 4797/4797/3851
f 4798/4798/3852 4799/4799/3853 4800/4800/3854
f 4799/4799/3853 4801/4801/3855 4800/4800/3854
f 4800/4800/3854 4801/4801/3855 4802/4802/3856
f 4801/4801/3855 4803/4803/3857 4802/4802/3856
f 4802/4802/3856 4803/4803/3857 4804/4804/3858
f 4805/4805/3859 4806/4806/3860 4807/4807/3861
f 4806/4806/3860 4808/4808/3861 4807/4807/3861
f 4807/4807/3861 4808/4808/3861 4809/4809/3862
f 4808/4808/3861 4810/4810/3863 4809/4809/3862
f 4809/4809/3862 4810/4810/3863 4811/4811/94
f 4810/4810/3863 4812/4812/3864 4811/4811/94
f 4811/4811/94 4812/4812/3864 4813/4813/3848
f 4814/4814/3865 4815/4815/3866 4816/4816/3867
f 4815/4815/3866 4817/4817/3868 4816/4816/3867
f 4816/4816/3867 4817/4817/3868 4818/4818/3869
f 4817/4817/3868 4819/4819/3870 4818/4818/3869
f 4818/4818/3869 4819/4819/3870 4820/4820/3858
f 4821/4821/3808 4822/4822/3865 4823/4823/3871
f 4822/4822/3865 4824/4824/3872 4823/4823/3871
f 4823/4823/3871 4824/4824/3872 4825/4825/3873
f 4826/4826/3874 4827/4827/3875 4828/4828/3873
f 4827/4827/3875 4829/4829/3876 4828/4828/3873
f 4828/4828/3873 4829/4829/3876 4830/4830/3877
f 4831/4831/3878 4832/4832/3879 4833/4833/3877
f 4832/4832/3879 4834/4834/3880 4833/4833/3877
f 4833/4833/3877 4834/4834/3880 4835/4835/3881
f 4836/4836/3882 4837/4837/3883 4838/4838/3884
f 4837/4837/3883 4839/4839/3885 4838/4838/3884
f 4838/4838/3884 4839/4839/3885 4840/4840/267
