# Blender v3.6.0 OBJ File: 'Valves.blend'
# www.blender.org
mtllib ValvePneumatic3_Decimated.mtl
o 13_ValvePneumatic3_Decimated_ValvePneumatic3.002
v -0.590000 0.206767 0.248369
v -0.590000 0.229612 0.290617
v -0.510000 0.274076 0.293745
v -0.590000 0.293745 0.274076
v -0.510000 0.290617 0.229612
v -0.590000 0.278252 0.216770
v -0.510000 0.240426 0.206485
v -0.590000 0.234454 0.209172
v -0.510000 0.204746 0.262012
v -0.590000 0.346928 0.267545
v -0.510000 0.325888 0.305950
v -0.510000 0.349867 0.248363
v -0.510000 0.346928 -0.267545
v -0.510000 0.257131 -0.360424
v -0.590000 0.188337 -0.399245
v -0.510000 0.070220 -0.439142
v -0.590000 0.037356 -0.441042
v -0.510000 -0.127134 -0.424098
v -0.590000 -0.139273 -0.420268
v -0.510000 -0.266160 -0.352173
v -0.590000 -0.275019 -0.345300
v -0.510000 -0.372495 -0.239310
v -0.590000 -0.379220 -0.228504
v -0.510000 -0.431262 -0.094237
v -0.590000 -0.438568 -0.060663
v -0.510000 -0.438568 0.060663
v -0.590000 -0.431262 0.094237
v -0.510000 -0.379220 0.228504
v -0.590000 -0.372495 0.239310
v -0.510000 -0.275019 0.345300
v -0.590000 -0.266160 0.352173
v -0.510000 -0.139273 0.420268
v -0.590000 -0.127134 0.424098
v -0.510000 0.080384 0.439380
v -0.590000 0.070220 0.439142
v -0.590000 0.257134 0.360422
v -0.510000 -0.299054 -0.243972
v -0.590000 -0.293517 -0.238380
v -0.590000 -0.245522 -0.203779
v -0.510000 -0.244446 -0.206494
v -0.510000 -0.204406 -0.249695
v -0.590000 -0.205547 -0.256299
v -0.510000 -0.249695 -0.297640
v -0.590000 -0.237151 -0.292523
v -0.590000 -0.280906 -0.284684
v -0.510000 0.234454 -0.209172
v -0.590000 0.240426 -0.206485
v -0.510000 0.278252 -0.216771
v -0.590000 0.290617 -0.229612
v -0.510000 0.295551 -0.257601
v -0.590000 0.274076 -0.293746
v -0.510000 0.243972 -0.299054
v -0.590000 0.204746 -0.262012
v -0.510000 0.206767 -0.248369
v -0.510000 -0.280906 0.284684
v -0.590000 -0.249695 0.297640
v -0.510000 -0.237151 0.292523
v -0.510000 -0.205546 0.256299
v -0.590000 -0.204406 0.249695
v -0.510000 -0.245522 0.203779
v -0.590000 -0.244446 0.206494
v -0.590000 -0.299054 0.243972
v -0.510000 -0.293517 0.238380
v -0.510000 -0.029093 -0.260705
v -0.590000 0.029093 -0.260705
v -0.590000 -0.103204 -0.237992
v -0.510000 -0.168196 -0.199162
v -0.590000 -0.199161 -0.168198
v -0.510000 -0.237992 -0.103206
v -0.590000 -0.260705 -0.029093
v -0.510000 -0.260705 0.029093
v -0.590000 -0.237992 0.103206
v -0.510000 -0.199161 0.168197
v -0.590000 -0.168196 0.199163
v -0.510000 -0.103204 0.237992
v -0.590000 -0.029093 0.260705
v -0.510000 0.029093 0.260705
v -0.590000 0.103206 0.237992
v -0.510000 0.181787 0.189121
v -0.590000 0.211229 0.155549
v -0.510000 0.263351 0.022665
v -0.590000 0.263351 -0.022665
v -0.510000 0.211229 -0.155549
v -0.590000 0.181788 -0.189121
v -0.510000 0.103205 -0.237992
v -0.590000 0.349867 -0.248363
v -0.590000 0.333188 -0.293443
v 0.140139 0.460080 -0.087390
v 0.121146 0.476093 -0.093269
v 0.152041 0.464912 -0.088962
v 0.091801 0.460000 -0.125746
v 0.087933 0.476000 -0.145325
v 0.099229 0.460000 -0.186331
v 0.121407 0.476000 -0.207290
v 0.159052 0.460000 -0.209157
v 0.187723 0.476000 -0.194220
v 0.200841 0.460000 -0.178321
v 0.210058 0.476000 -0.147341
v 0.203490 0.460000 -0.117071
v 0.183681 0.476000 -0.099104
v 0.126136 0.476104 -0.124430
v 0.128952 0.460060 -0.122563
v 0.119341 0.460000 -0.162032
v 0.129114 0.476000 -0.176599
v 0.149244 0.460000 -0.180627
v 0.170690 0.476000 -0.171198
v 0.176934 0.460000 -0.162613
v 0.175131 0.475936 -0.127655
v 0.168269 0.459903 -0.122653
v 0.254939 1.019410 -0.342466
v -0.252131 0.982002 -0.397499
v 0.252084 0.981374 -0.397628
v -0.254961 1.019667 -0.341177
v 0.213054 0.460556 -0.336844
v 0.214802 0.483833 -0.362973
v -0.213009 0.460046 -0.331130
v -0.214285 0.477008 -0.360756
v -0.250513 0.960331 -0.361610
v 0.250726 0.963129 -0.360621
v -0.151805 0.980000 0.203221
v -0.161092 1.020000 0.208076
v -0.199628 0.980000 0.202518
v -0.200085 1.020000 0.201396
v -0.205889 1.020000 0.153742
v -0.205961 0.980000 0.155070
v -0.153083 0.980000 0.150121
v -0.145175 1.020000 0.157297
v -0.176706 1.020000 0.017904
v -0.140601 1.020000 0.106476
v 0.254963 1.019667 0.341177
v -0.051308 1.020000 0.171703
v -0.254965 1.019717 0.341640
v 0.071633 1.020000 0.162525
v 0.144709 1.020000 0.100823
v 0.171748 1.020000 0.210828
v 0.196777 1.020000 0.146397
v 0.255000 1.020000 -0.000000
v 0.139902 1.020000 0.168030
v 0.179155 1.020000 -0.004261
v 0.207055 1.020000 0.193149
v 0.156777 1.020000 -0.146397
v 0.172743 1.020000 -0.211554
v 0.207100 1.020000 -0.191940
v 0.203751 1.020000 -0.155395
v 0.114227 1.020000 -0.140593
v 0.145042 1.020000 -0.187386
v -0.017904 1.020000 -0.176706
v -0.140591 1.020000 -0.114228
v -0.149801 1.020000 -0.155396
v -0.190670 1.020000 -0.144642
v -0.209448 1.020000 -0.194404
v -0.151805 1.020000 -0.203221
v 0.207100 0.980000 0.191940
v 0.172743 0.980000 0.211553
v 0.145042 0.980000 0.187386
v 0.156777 0.980000 0.146397
v 0.203751 0.980000 0.155395
v 0.179155 0.980000 0.004261
v 0.114227 0.980000 0.140592
v -0.017904 0.980000 0.176706
v -0.140592 0.980000 0.114227
v -0.176706 0.980000 -0.017904
v -0.140601 0.980000 -0.106476
v -0.051308 0.980000 -0.171703
v 0.071633 0.980000 -0.162525
v 0.144709 0.980000 -0.100823
v -0.143327 0.980000 -0.175889
v -0.162883 0.980000 -0.144642
v -0.208157 0.980000 -0.159832
v -0.200085 0.980000 -0.201396
v -0.161092 0.980000 -0.208076
v -0.123685 0.460000 0.133232
v -0.135220 0.420000 0.122009
v -0.154346 0.460000 0.119961
v -0.177689 0.420000 0.136904
v -0.178906 0.460000 0.160571
v -0.152052 0.420000 0.179062
v -0.128445 0.460000 0.171048
v -0.119962 0.420000 0.154348
v 0.196777 0.980000 -0.146397
v 0.149802 0.980000 -0.155396
v 0.155946 0.980000 -0.208436
v 0.207055 0.980000 -0.193149
v 0.146669 0.420000 -0.047611
v 0.137496 0.460000 -0.066217
v 0.048508 0.420000 -0.148718
v 0.065379 0.460000 -0.137897
v -0.046160 0.460000 -0.147730
v -0.076836 0.420000 -0.131856
v -0.134998 0.460000 -0.071171
v -0.148993 0.420000 -0.040981
v -0.148993 0.460000 0.040980
v -0.134998 0.420000 0.071171
v -0.076836 0.460000 0.131856
v -0.046160 0.420000 0.147730
v 0.048508 0.460000 0.148718
v 0.065379 0.420000 0.137896
v 0.137496 0.420000 0.066217
v 0.146669 0.460000 0.047611
v -0.117430 0.460000 -0.138196
v -0.128445 0.420000 -0.171048
v -0.160571 0.460000 -0.178906
v -0.175233 0.420000 -0.164975
v -0.169623 0.460000 -0.126116
v -0.159616 0.420000 -0.120441
v -0.123685 0.420000 -0.133232
v -0.213054 0.460557 0.336844
v 0.213000 0.460000 -0.000000
v 0.168540 0.460000 0.171047
v 0.167983 0.460000 0.123858
v 0.132687 0.460000 0.172433
v 0.120239 0.460000 0.136290
v 0.161764 0.460000 -0.122008
v 0.126711 0.460000 -0.129158
v 0.126116 0.460000 -0.169623
v 0.175232 0.460000 -0.164975
v 0.251987 0.979916 -0.331172
v -0.251982 0.979870 -0.333393
v 0.252000 0.980000 -0.000000
v -0.251987 0.979916 0.331171
v 0.251585 0.974660 0.354165
v 0.168540 0.420000 -0.171047
v 0.132687 0.420000 -0.172433
v 0.120239 0.420000 -0.136290
v 0.167983 0.420000 -0.123858
v 0.161764 0.420000 0.122008
v 0.126711 0.420000 0.129158
v 0.126116 0.420000 0.169622
v 0.175232 0.420000 0.164975
v -0.210000 0.420000 -0.000000
v -0.210124 0.421362 -0.349223
v 0.210037 0.420300 -0.341752
v 0.210000 0.420000 -0.000000
v -0.210037 0.420300 0.341752
v 0.210125 0.421362 0.349223
v 0.212965 0.459266 -0.398110
v -0.213621 0.467910 -0.400836
v -0.250725 0.963128 0.360623
v -0.212964 0.459265 0.398109
v 0.213621 0.467909 0.400835
v -0.214802 0.483839 0.362977
v 0.214286 0.477009 0.360757
v 0.213014 0.460074 0.331231
v -0.252083 0.981375 0.397627
v 0.252131 0.982002 0.397498
v 0.031212 0.470165 -0.103652
v 0.025069 0.467769 -0.105839
v 0.020202 0.476873 -0.097423
v 0.024429 0.470828 -0.104736
v 0.023401 0.473543 -0.102959
v 0.022029 0.475658 -0.100581
v 0.031215 0.480985 -0.080015
v 0.054526 0.476952 -0.093148
v 0.037390 0.477001 -0.050803
v -0.034356 0.477000 -0.052602
v 0.034356 0.477000 0.052603
v -0.037390 0.477001 0.050803
v -0.027465 0.474260 0.102321
v -0.059581 0.418999 -0.100605
v -0.058590 0.473734 -0.101533
v -0.027880 0.474296 -0.102258
v -0.295000 -0.071131 0.138173
v 0.295010 -0.072139 -0.138723
v 0.294999 0.072598 0.138177
v 0.294999 0.072807 -0.138007
v 0.294999 -0.072817 0.138046
v 0.280787 0.072760 -0.137712
v -0.098427 0.467923 -0.063670
v -0.075287 0.474251 -0.074642
v -0.095199 0.476281 -0.058122
v -0.234998 -0.129964 0.012311
v -0.235012 -0.152061 0.034974
v -0.234994 -0.060085 0.113594
v -0.234993 -0.085250 0.129363
v -0.235006 0.017271 0.153567
v -0.234998 0.034103 0.122115
v -0.234977 0.108377 0.110784
v -0.235000 0.102300 0.075842
v -0.235023 0.156372 0.002058
v -0.235000 0.129269 -0.015476
v -0.234999 0.120459 -0.094849
v -0.234994 0.060084 -0.113594
v -0.235001 0.047568 -0.147313
v -0.234998 -0.034103 -0.122115
v -0.234990 -0.046325 -0.146602
v -0.235000 -0.102341 -0.075799
v -0.235003 -0.129112 -0.087109
v 0.141903 0.311145 0.062501
v -0.105156 0.311400 0.112085
v -0.147653 0.311460 -0.045274
v -0.070910 0.311729 -0.136333
v -0.015728 0.312148 -0.153617
v 0.032854 0.311547 -0.150245
v 0.090210 0.311505 -0.125340
v 0.137628 0.311526 -0.070110
v 0.014034 0.310929 0.154294
v -0.062106 0.312233 0.141325
v -0.136942 0.311518 0.069983
v -0.152689 0.311426 0.018090
v 0.090055 0.311505 0.125468
v 0.153483 0.311371 -0.008530
v -0.111766 0.310912 -0.105967
v 0.057782 0.418999 -0.101824
v 0.063642 0.467966 -0.098418
v 0.000208 0.419000 0.119447
v -0.000028 0.473759 0.117210
v -0.206068 0.366941 0.167569
v -0.166245 0.366205 0.205798
v -0.185147 0.371217 0.199489
v -0.207457 0.366512 -0.082500
v -0.164253 0.366469 -0.206297
v -0.192238 0.370803 -0.193367
v -0.206146 0.366530 -0.165671
v 0.204307 0.367381 -0.176180
v 0.168913 0.366547 -0.205598
v -0.082500 0.366615 -0.207679
v -0.149567 0.418098 0.124239
v -0.135000 0.365000 0.130335
v -0.125640 0.417713 0.138078
v -0.134495 0.365000 0.169771
v -0.131348 0.413863 0.162595
v -0.155272 0.417215 0.173104
v -0.172892 0.365000 0.141189
v -0.172412 0.417634 0.142709
v -0.077736 0.414043 -0.055182
v -0.116917 0.418999 0.001297
v -0.103340 0.419000 0.059904
v -0.101537 0.473747 0.058561
v -0.075131 0.474269 0.074771
v -0.057781 0.418999 0.101824
v 0.074754 0.474252 0.075171
v 0.058657 0.473645 0.101699
v -0.110084 0.419865 0.005413
v -0.050351 0.419844 0.098040
v 0.027876 0.474295 0.102260
v 0.059752 0.418998 0.100706
v 0.059733 0.419865 0.092627
v 0.101480 0.473749 0.058669
v -0.161165 0.362748 0.054436
v -0.119121 0.363150 0.122360
v -0.060565 0.363163 0.158152
v -0.008240 0.363174 0.169892
v 0.053229 0.362955 0.160807
v 0.108139 0.363188 0.132183
v 0.155723 0.363139 0.068384
v 0.166908 0.361033 0.028166
v 0.164321 0.362865 -0.042886
v 0.143433 0.363147 -0.090231
v 0.111688 0.363259 -0.128334
v 0.053675 0.362976 -0.160890
v -0.019249 0.362921 -0.169781
v -0.098290 0.362958 -0.138877
v -0.149721 0.363052 -0.081128
v -0.169628 0.362819 -0.010968
v -0.103507 0.419000 -0.059526
v -0.099477 0.472627 -0.064002
v 0.146000 0.435000 0.003212
v 0.127372 0.435000 -0.069480
v 0.083263 0.435000 -0.121764
v 0.012485 0.435004 -0.147321
v -0.061992 0.435000 -0.134194
v -0.129660 0.435000 -0.073619
v -0.127826 0.435000 0.063916
v -0.145502 0.428571 0.043384
v -0.087594 0.435000 0.124657
v -0.008558 0.435000 0.142659
v 0.023712 0.434987 0.151979
v 0.115593 0.435000 0.089622
v 0.106056 0.420000 -0.114237
v 0.000000 0.420000 -0.182000
v 0.123591 0.417128 -0.149649
v 0.082500 0.420000 -0.200667
v 0.186667 0.420000 -0.082500
v 0.172887 0.417643 -0.150150
v 0.198304 0.420000 -0.196307
v 0.149031 0.417597 -0.173624
v 0.150686 0.420000 -0.009422
v 0.149595 0.417117 -0.122999
v 0.082500 0.420000 0.191333
v 0.129529 0.417646 0.133838
v 0.149307 0.417668 0.124492
v 0.200667 0.420000 0.082500
v 0.118631 0.420000 0.101117
v 0.133007 0.416965 0.169198
v 0.002928 0.419995 0.152037
v -0.082500 0.420000 0.191333
v 0.172491 0.417924 0.142183
v 0.196309 0.420000 0.198303
v 0.164754 0.417862 0.166872
v -0.191333 0.420000 0.082500
v -0.191333 0.420000 -0.082500
v -0.198303 0.420000 0.196307
v -0.093541 0.420000 0.120259
v -0.015781 0.419998 -0.151362
v -0.082500 0.420000 -0.191333
v -0.146280 0.417999 -0.172906
v -0.127614 0.416795 -0.160536
v -0.164738 0.417782 -0.129608
v -0.196307 0.420000 -0.198303
v -0.097379 0.420000 -0.115557
v -0.131181 0.417829 -0.130634
v -0.171378 0.417701 -0.157888
v -0.146463 0.420000 -0.041960
v 0.082500 0.367158 -0.207842
v 0.082500 0.365000 -0.182000
v -0.182000 0.365000 -0.082500
v -0.207679 0.366615 0.082500
v -0.182000 0.365000 0.082500
v -0.082500 0.365000 0.182000
v -0.082500 0.366511 0.207457
v 0.082500 0.365000 0.182000
v 0.082500 0.367068 0.207931
v 0.207843 0.367158 0.082500
v 0.077734 0.414043 0.055184
v 0.110085 0.419865 -0.005417
v 0.075128 0.474269 -0.074775
v -0.040018 0.592555 -0.045381
v -0.039933 0.602409 -0.030931
v 0.040302 0.602221 -0.032231
v 0.040003 0.590488 -0.048432
v -0.013845 0.599725 -0.056179
v -0.292181 0.070167 0.138404
v -0.281743 0.070472 0.138176
v 0.172320 0.365000 0.142840
v 0.139269 0.365000 0.171717
v 0.133609 0.365000 0.129681
v -0.062731 0.327076 -0.156101
v 0.094880 0.326786 -0.138044
v 0.141768 0.327474 -0.090743
v 0.167183 0.327039 -0.018855
v 0.126740 0.327564 0.111614
v -0.124067 0.326701 0.112818
v -0.161413 0.327007 -0.047396
v -0.124008 0.326462 -0.113151
v 0.023236 0.327582 -0.167664
v 0.160618 0.327026 0.047604
v 0.074917 0.326489 0.149463
v 0.009552 0.327659 0.168522
v -0.069114 0.327122 0.153552
v -0.163066 0.325579 0.043263
v 0.116918 0.418999 -0.001295
v -0.128216 0.365000 -0.159441
v -0.140941 0.365000 -0.125725
v -0.169596 0.365000 -0.141471
v -0.159442 0.365000 -0.168768
v 0.103565 0.419000 0.059526
v -0.102302 0.474247 -0.027903
v 0.102272 0.474274 -0.027879
v 0.057785 0.471913 -0.102835
v 0.056764 0.476362 -0.094440
v 0.059261 0.474951 -0.095878
v 0.061454 0.472649 -0.097147
v 0.062809 0.470433 -0.097922
v 0.031216 0.474854 -0.099423
v 0.050351 0.419844 -0.098040
v 0.102385 0.474222 0.027366
v -0.000211 0.419000 -0.119381
v 0.000027 0.473650 -0.117386
v 0.120243 0.414000 0.073736
v 0.136716 0.414000 -0.021006
v 0.101087 0.414000 -0.096157
v -0.008558 0.414000 -0.142659
v -0.103971 0.414000 -0.091227
v -0.142659 0.414000 0.008559
v -0.091226 0.414000 0.103971
v 0.008560 0.414000 0.142659
v -0.102235 0.474293 0.028063
v -0.295000 0.071153 -0.138485
v -0.288829 0.048108 -0.206974
v -0.042637 -0.123111 -0.207005
v -0.119733 -0.268853 -0.207000
v 0.080086 -0.100742 -0.207000
v 0.157976 -0.248317 -0.207000
v 0.262379 -0.129612 -0.207016
v -0.117326 -0.048554 -0.206995
v -0.277360 -0.087664 -0.206991
v 0.130967 0.019345 -0.207000
v 0.273521 0.103601 -0.206982
v 0.296167 0.000654 -0.207000
v 0.053976 0.115749 -0.207000
v 0.090895 0.276481 -0.206994
v -0.233146 -0.175025 -0.207003
v 0.022388 -0.290540 -0.207000
v 0.184973 0.226309 -0.207007
v -0.116251 0.057593 -0.206997
v -0.035393 0.122025 -0.207000
v -0.066971 0.287559 -0.206974
v -0.218387 0.199199 -0.207019
v -0.080468 -0.097781 0.080433
v -0.011141 -0.127343 -0.000076
v -0.080469 0.097780 -0.080434
v -0.011233 0.127353 0.000075
v -0.124833 0.020545 0.124792
v -0.088906 0.091674 0.088932
v -0.118058 0.044554 -0.118049
v -0.124833 -0.020545 -0.124792
v -0.088898 -0.091686 -0.088923
v -0.118058 -0.044554 0.118049
v 0.101699 0.473645 -0.058653
v 0.103282 0.419000 -0.059873
v 0.205443 0.365315 -0.082500
v 0.182000 0.365000 0.082500
v 0.170742 0.366535 0.205090
v 0.204390 0.367450 0.176386
v 0.170379 0.365000 -0.137508
v 0.126498 0.365000 -0.136631
v 0.149183 0.365000 -0.172470
v -0.280202 0.074827 -0.133355
v -0.281953 0.067870 -0.139767
v -0.117327 0.048552 0.206995
v -0.042630 0.123112 0.207004
v -0.116251 -0.057594 0.206997
v -0.035402 -0.122020 0.207000
v 0.064613 -0.111910 0.207000
v 0.130163 -0.007809 0.207000
v 0.080085 0.100743 0.207000
v -0.280408 -0.074766 0.133578
v -0.282541 -0.065482 0.139795
v -0.287513 -0.041519 -0.147006
v -0.040000 0.598425 -0.037126
v -0.040302 0.602221 0.032231
v -0.040000 0.598438 0.037107
v -0.040003 0.590488 0.048432
v 0.040018 0.592556 0.045380
v 0.039933 0.602409 0.030930
v 0.013846 0.599725 0.056179
v -0.281212 -0.071796 -0.137710
v -0.295000 -0.071526 -0.137895
v -0.082500 0.365000 -0.182000
v 0.086657 0.414043 -0.039729
v 0.281678 -0.071961 0.138573
v 0.040000 0.598425 0.037126
v 0.040000 0.598438 -0.037107
v -0.057698 0.470093 0.103423
v -0.056843 0.476753 0.094516
v -0.061759 0.472983 0.097322
v -0.063572 0.468467 0.098373
v -0.059733 0.419844 -0.092623
v -0.008921 0.414043 0.094912
v -0.086657 0.414043 0.039730
v 0.117226 0.473733 0.000027
v 0.291915 -0.024134 0.206999
v -0.288481 0.051359 0.206983
v 0.132109 0.263105 0.207002
v 0.267231 0.120501 0.206988
v 0.263301 -0.126403 0.207012
v 0.180441 -0.230432 0.207000
v 0.066744 -0.283655 0.207000
v -0.075267 -0.284522 0.207000
v -0.216237 0.201718 0.207019
v -0.060794 0.289149 0.206963
v -0.278464 -0.083263 0.206987
v -0.223448 -0.191287 0.207010
v 0.060753 0.473485 -0.096743
v -0.117154 0.473805 -0.000055
v -0.061812 0.472053 0.097354
v -0.058123 0.475692 0.095224
v 0.008921 0.414043 -0.094912
v 0.281075 -0.072540 -0.138080
v 0.281075 0.072538 0.138081
v -0.290587 -0.014688 0.153245
v -0.252351 -0.144296 0.062205
v -0.253264 -0.142485 -0.062777
v -0.288542 0.036221 -0.148872
v -0.266767 0.115140 -0.102258
v -0.244401 0.156525 -0.002041
v -0.266526 0.116293 0.101288
v 0.126589 0.262399 0.088100
v 0.131394 0.260632 -0.079930
v 0.067970 0.284338 -0.139671
v -0.017111 0.291448 -0.153685
v -0.113685 0.268969 -0.104795
v -0.143441 0.253371 -0.056201
v -0.103547 0.272420 0.114530
v -0.040299 0.289632 0.150311
v 0.016559 0.290450 0.158257
v 0.089202 0.278163 0.126484
v 0.149263 0.249929 -0.036935
v 0.151887 0.248364 0.030333
v -0.137202 0.257081 0.070782
v -0.063495 0.285050 -0.141609
v 0.021168 0.291450 -0.153462
v -0.154158 0.246929 0.003564
v 0.095701 0.278020 -0.120551
v 0.032768 0.294150 0.150551
v -0.068930 0.286632 0.137324
v -0.652994 0.038196 -0.121481
v -0.650000 0.105276 -0.277166
v -0.653509 -0.028389 0.122923
v -0.650000 -0.119878 0.271170
v -0.653524 0.124756 0.011447
v -0.650000 0.266331 0.126211
v -0.653668 0.115624 -0.050684
v -0.650000 0.290783 -0.026641
v -0.652471 -0.040694 -0.122427
v -0.650000 -0.110653 -0.275063
v -0.653243 -0.089643 0.089997
v -0.650000 -0.245743 0.157718
v -0.649840 -0.128226 0.013360
v -0.653753 0.100568 0.076200
v -0.650000 0.164200 0.241460
v -0.652152 0.096651 -0.084696
v -0.650000 0.246918 -0.158155
v -0.653464 -0.119475 -0.037837
v -0.650000 -0.250210 -0.152894
v -0.650000 -0.293811 0.020472
v -0.653358 0.040740 0.119039
v -0.650000 0.049757 0.287730
v -0.657454 -0.086050 -0.092316
v -0.700051 -0.118071 0.046601
v -0.699989 -0.001591 -0.126948
v -0.710000 -0.280518 0.081079
v -0.710000 -0.202083 0.214531
v -0.710000 -0.065000 0.284674
v -0.710000 0.105276 0.277166
v -0.710000 0.246919 0.158154
v -0.710000 0.290783 0.026641
v -0.710000 0.266331 -0.126211
v -0.710000 0.164200 -0.241460
v -0.710000 0.049756 -0.287731
v -0.710000 -0.119878 -0.271170
v -0.710000 -0.245745 -0.157716
v -0.710000 -0.288953 -0.042078
v -0.838560 0.169859 -0.018176
v -0.837704 -0.137493 0.101773
v -0.838326 -0.162646 0.051830
v -0.837339 -0.077979 0.153992
v -0.838377 -0.004445 0.170796
v -0.837828 0.059124 0.160834
v -0.838335 0.107476 0.133709
v -0.842675 0.157688 -0.063534
v -0.837035 0.112860 -0.129405
v -0.837993 0.065079 -0.157989
v -0.838364 -0.008379 -0.171558
v -0.838123 -0.087738 -0.147511
v -0.838169 -0.136315 -0.102841
v -0.837899 -0.164850 -0.047580
v -0.837661 0.139301 -0.099955
v -0.837906 0.169511 0.024489
v -0.837773 0.150630 0.080960
v -0.841088 -0.170223 -0.007318
v -0.711862 -0.247556 -0.049428
v -0.712038 -0.218813 -0.125725
v -0.711822 -0.166576 -0.189893
v -0.712743 -0.100539 -0.231138
v -0.711942 -0.016375 -0.252154
v -0.711828 0.081332 -0.240214
v -0.712845 0.154192 -0.198550
v -0.711619 0.196782 -0.158019
v -0.713460 0.234741 -0.091028
v -0.712095 0.251908 -0.017504
v -0.711858 0.246674 0.049854
v -0.711726 0.225773 0.114179
v -0.711913 0.182204 0.174279
v -0.712119 0.132774 0.214320
v -0.711611 0.064129 0.244138
v -0.711925 -0.011332 0.252334
v -0.712108 -0.092893 0.234920
v -0.712034 -0.166010 0.189988
v -0.712189 -0.201376 0.151009
v -0.711750 -0.234155 0.093963
v -0.712072 -0.250488 0.029442
v -0.790148 0.192378 -0.164537
v -0.790080 0.065597 -0.245355
v -0.790067 -0.083635 -0.239092
v -0.790138 -0.242090 -0.071897
v -0.789968 -0.185025 -0.170694
v -0.789927 -0.248943 0.034099
v -0.790020 -0.137903 0.211130
v -0.790099 -0.216416 0.129132
v -0.790079 -0.015581 0.252818
v -0.789999 0.096239 0.231974
v -0.790015 0.179373 0.177253
v -0.789913 0.243412 -0.062377
v -0.790033 0.247218 0.058577
v -0.942815 -0.139017 -0.057251
v -0.942663 -0.103320 -0.111029
v -0.942819 -0.043261 -0.144004
v -0.942401 0.021192 -0.150334
v -0.942841 0.078818 -0.128125
v -0.942795 0.133430 -0.073347
v -0.942672 0.151171 0.011525
v -0.942707 0.119986 0.093147
v -0.942724 0.045301 0.144893
v -0.942816 -0.025289 0.148193
v -0.942640 -0.105828 0.112069
v -0.942709 -0.151332 0.012972
v -0.943000 -0.160210 -0.057922
v -0.943000 -0.097573 -0.141455
v -0.943000 0.005584 -0.170268
v -0.943000 0.104386 -0.136504
v -0.943000 0.163660 -0.047304
v -0.943000 0.162081 0.057090
v -0.943000 0.095569 0.141027
v -0.943000 -0.004210 0.171791
v -0.943000 -0.104601 0.134467
v -0.943000 -0.164685 0.049079
v -0.390000 -0.251023 -0.284257
v -0.770000 -0.255346 -0.290391
v -0.390000 -0.256794 -0.283752
v -0.390000 -0.262390 -0.282253
v -0.390000 -0.267640 -0.279805
v -0.390000 -0.272386 -0.276482
v -0.390000 -0.276482 -0.272385
v -0.770000 -0.289707 -0.255611
v -0.390000 -0.279805 -0.267640
v -0.390000 -0.282253 -0.262390
v -0.390000 -0.283753 -0.256794
v -0.390000 -0.284257 -0.251023
v -0.390000 -0.283753 -0.245252
v -0.390000 -0.282253 -0.239656
v -0.390000 -0.279805 -0.234406
v -0.390000 -0.276482 -0.229660
v -0.770000 -0.269517 -0.216855
v -0.390000 -0.272386 -0.225564
v -0.390000 -0.267640 -0.222241
v -0.390000 -0.262390 -0.219793
v -0.390000 -0.256794 -0.218293
v -0.390000 -0.251023 -0.217789
v -0.770000 -0.231647 -0.218655
v -0.390000 -0.245252 -0.218293
v -0.390000 -0.239656 -0.219793
v -0.390000 -0.234406 -0.222241
v -0.390000 -0.229660 -0.225564
v -0.390000 -0.225564 -0.229660
v -0.390000 -0.222241 -0.234406
v -0.770000 -0.214775 -0.242273
v -0.390000 -0.219793 -0.239656
v -0.390000 -0.218294 -0.245252
v -0.390000 -0.217789 -0.251023
v -0.390000 -0.218294 -0.256794
v -0.770000 -0.220053 -0.272890
v -0.390000 -0.219793 -0.262390
v -0.390000 -0.222241 -0.267640
v -0.390000 -0.225564 -0.272385
v -0.390000 -0.229660 -0.276482
v -0.390000 -0.234406 -0.279805
v -0.390000 -0.239656 -0.282253
v -0.390000 -0.245252 -0.283752
v -0.396766 -0.257969 -0.290415
v -0.396766 -0.264704 -0.288611
v -0.396766 -0.271023 -0.285664
v -0.396766 -0.276735 -0.281665
v -0.396766 -0.281665 -0.276734
v -0.396766 -0.285664 -0.271023
v -0.396766 -0.288611 -0.264704
v -0.396766 -0.290415 -0.257969
v -0.396766 -0.291023 -0.251023
v -0.396766 -0.290415 -0.244077
v -0.396766 -0.288611 -0.237342
v -0.396766 -0.285664 -0.231023
v -0.396766 -0.281665 -0.225311
v -0.396766 -0.276735 -0.220381
v -0.396766 -0.271023 -0.216382
v -0.396766 -0.264704 -0.213435
v -0.396766 -0.257969 -0.211631
v -0.396766 -0.251023 -0.211023
v -0.396766 -0.244077 -0.211631
v -0.396766 -0.237342 -0.213435
v -0.396766 -0.231023 -0.216382
v -0.396766 -0.225311 -0.220381
v -0.396766 -0.220381 -0.225311
v -0.396766 -0.216382 -0.231023
v -0.396766 -0.213435 -0.237342
v -0.396766 -0.211631 -0.244077
v -0.396766 -0.211023 -0.251023
v -0.396766 -0.211631 -0.257969
v -0.396766 -0.213435 -0.264704
v -0.396766 -0.216382 -0.271023
v -0.396766 -0.220381 -0.276734
v -0.396766 -0.225311 -0.281665
v -0.396766 -0.231023 -0.285664
v -0.396766 -0.237342 -0.288611
v -0.396766 -0.244077 -0.290415
v -0.396766 -0.251023 -0.291023
v -0.508730 0.285182 0.185789
v -0.508729 0.324598 0.247987
v -0.508730 0.216863 0.316256
v -0.446270 0.216862 0.185790
v -0.446270 0.177449 0.247989
v -0.508729 0.290439 0.313224
v -0.446271 0.324598 0.254057
v -0.507721 0.218147 0.230530
v -0.507393 0.255764 0.210461
v -0.507846 0.285017 0.231035
v -0.507980 0.288115 0.262227
v -0.508012 0.267106 0.287922
v -0.506074 0.246919 0.289216
v -0.507616 0.214862 0.268164
v -0.508730 0.177449 0.254058
v -0.508730 0.211609 0.188823
v -0.447309 0.261304 0.212323
v -0.447277 0.221387 0.225201
v -0.446876 0.290824 0.244616
v -0.446895 0.213073 0.264859
v -0.446270 0.211610 0.313224
v -0.447835 0.286364 0.269793
v -0.447116 0.252826 0.289868
v -0.446271 0.290438 0.188822
v -0.446269 0.285183 0.316256
v -0.448926 0.226405 0.280511
v -0.710000 0.234454 -0.209172
v -0.790000 0.240426 -0.206485
v -0.710000 0.278252 -0.216771
v -0.790000 0.290617 -0.229612
v -0.710000 0.295551 -0.257601
v -0.790000 0.274076 -0.293746
v -0.710000 0.243972 -0.299054
v -0.790000 0.204746 -0.262012
v -0.710000 0.206767 -0.248369
v -0.790000 0.346928 0.267545
v -0.710000 0.325888 0.305950
v -0.710000 0.349867 0.248363
v -0.790000 0.349867 -0.248363
v -0.710000 0.346928 -0.267545
v -0.710000 -0.299054 -0.243972
v -0.790000 -0.293517 -0.238380
v -0.790000 -0.245522 -0.203779
v -0.710000 -0.244446 -0.206494
v -0.710000 -0.204406 -0.249695
v -0.790000 -0.205547 -0.256299
v -0.710000 -0.249695 -0.297640
v -0.790000 -0.237151 -0.292523
v -0.790000 -0.280906 -0.284684
v -0.790000 -0.249695 0.297640
v -0.790000 -0.266160 0.352173
v -0.790000 0.206767 0.248369
v -0.790000 0.103206 0.237992
v -0.790000 0.211229 0.155549
v -0.790000 0.257134 0.360422
v -0.790000 0.234454 0.209172
v -0.790000 0.278252 0.216770
v -0.790000 0.293745 0.274076
v -0.790000 0.229612 0.290617
v -0.790000 0.070220 0.439142
v -0.790000 -0.029093 0.260705
v -0.790000 -0.372495 0.239310
v -0.790000 -0.299054 0.243972
v -0.790000 -0.438568 -0.060663
v -0.790000 -0.431262 0.094237
v -0.790000 -0.237992 0.103206
v -0.790000 -0.244446 0.206494
v -0.790000 -0.127134 0.424098
v -0.790000 -0.168196 0.199163
v -0.790000 -0.204406 0.249695
v -0.790000 -0.260705 -0.029093
v -0.790000 -0.275019 -0.345300
v -0.790000 -0.379220 -0.228504
v -0.790000 -0.199161 -0.168197
v -0.790000 0.029093 -0.260705
v -0.790000 0.037356 -0.441042
v -0.790000 -0.139273 -0.420268
v -0.790000 -0.103204 -0.237992
v -0.790000 0.263351 -0.022665
v -0.790000 0.181788 -0.189121
v -0.790000 0.188337 -0.399245
v -0.790000 0.333188 -0.293443
v -0.710000 0.257131 -0.360424
v -0.710000 0.070220 -0.439142
v -0.710000 -0.127134 -0.424098
v -0.710000 -0.266160 -0.352173
v -0.710000 -0.372495 -0.239310
v -0.710000 -0.431262 -0.094237
v -0.710000 -0.438568 0.060663
v -0.710000 -0.379220 0.228504
v -0.710000 -0.275019 0.345300
v -0.710000 -0.139273 0.420268
v -0.710000 0.080384 0.439380
v -0.710000 0.274076 0.293745
v -0.710000 0.290617 0.229612
v -0.710000 0.240426 0.206485
v -0.710000 0.204746 0.262012
v -0.710000 -0.280906 0.284684
v -0.710000 -0.237151 0.292523
v -0.710000 -0.205546 0.256299
v -0.710000 -0.245522 0.203779
v -0.710000 -0.293517 0.238380
v -0.710000 -0.029093 -0.260705
v -0.710000 -0.168196 -0.199162
v -0.710000 -0.237992 -0.103206
v -0.710000 -0.260705 0.029093
v -0.710000 -0.199161 0.168197
v -0.710000 -0.103204 0.237992
v -0.710000 0.029093 0.260705
v -0.710000 0.181787 0.189121
v -0.710000 0.263351 0.022665
v -0.710000 0.211229 -0.155549
v -0.710000 0.103205 -0.237992
v 0.160210 0.057923 -0.500000
v 0.171375 0.003472 -0.395016
v 0.156326 0.068978 -0.394981
v 0.097571 0.141456 -0.500000
v -0.005587 0.170268 -0.500000
v 0.048498 0.164251 -0.395028
v -0.000242 0.170444 -0.394840
v -0.104384 0.136505 -0.500000
v -0.163658 0.047311 -0.500000
v -0.162081 -0.057093 -0.500000
v -0.095560 -0.141034 -0.500000
v -0.021310 -0.171052 -0.394149
v 0.004211 -0.171790 -0.500000
v 0.104598 -0.134468 -0.500000
v 0.164684 -0.049085 -0.500000
v -0.226337 0.109793 -0.347077
v -0.143790 0.092924 -0.394675
v -0.036290 0.248909 -0.347008
v -0.149991 0.204547 -0.346878
v 0.083643 0.239090 -0.347069
v 0.185017 0.170701 -0.346968
v 0.137906 -0.211128 -0.347020
v 0.113905 -0.127363 -0.394983
v 0.235728 -0.098445 -0.347162
v 0.015580 -0.252818 -0.347079
v -0.096242 -0.231972 -0.346999
v -0.085926 -0.147690 -0.394982
v -0.205497 -0.152218 -0.347009
v -0.252604 -0.007061 -0.347047
v -0.167015 0.036084 -0.394981
v 0.251944 0.021640 -0.268820
v 0.228967 0.106559 -0.268701
v 0.135217 0.213146 -0.268986
v 0.189051 0.166537 -0.269005
v 0.078632 0.238975 -0.270569
v -0.009994 0.253012 -0.269344
v -0.192782 0.164351 -0.269123
v -0.109077 0.228317 -0.268711
v -0.237136 0.088967 -0.268437
v -0.252055 0.010437 -0.268937
v -0.246017 -0.054182 -0.268620
v -0.224403 -0.115388 -0.270694
v -0.168112 -0.188895 -0.269127
v -0.088624 -0.236728 -0.268981
v -0.012925 -0.250784 -0.270809
v 0.050785 -0.247598 -0.269110
v 0.226238 -0.111489 -0.269226
v 0.179934 -0.175795 -0.271172
v 0.247313 -0.050322 -0.268677
v 0.115696 0.095994 -0.499816
v 0.148132 0.033217 -0.499724
v 0.140661 -0.057337 -0.499707
v 0.079934 -0.129582 -0.499853
v -0.140983 0.052197 -0.499816
v -0.102830 0.111679 -0.499724
v -0.020671 0.150485 -0.499708
v 0.065603 0.136682 -0.499672
v 0.000153 -0.151825 -0.499394
v -0.083626 -0.127258 -0.499794
v -0.149968 -0.035614 -0.499640
v -0.040740 -0.119039 -0.210358
v 0.007457 -0.124885 -0.210284
v 0.065955 -0.107444 -0.210618
v 0.118587 -0.043989 -0.210776
v 0.118700 0.042693 -0.210556
v 0.073623 0.102953 -0.210490
v 0.004263 0.125432 -0.210138
v -0.061372 0.111149 -0.210775
v -0.115913 0.050660 -0.210566
v -0.124266 -0.018150 -0.210378
v -0.098793 -0.077938 -0.211290
v -0.266329 -0.126213 -0.207000
v 0.049702 0.288983 -0.207000
v 0.221215 -0.197403 -0.207000
v 0.087748 -0.277506 -0.207000
v -0.287316 0.073164 -0.207000
v -0.184751 0.227703 -0.207000
v -0.164201 -0.241459 -0.207000
v -0.072848 0.281784 -0.207000
v 0.214423 0.204760 -0.207000
v -0.034249 -0.291219 -0.207000
v 0.117122 0.126532 -0.394264
v -0.051409 0.163154 -0.394703
v -0.103993 0.135561 -0.395376
v -0.169266 -0.032588 -0.394147
v -0.136603 -0.103542 -0.395016
v 0.056261 -0.161913 -0.395017
v 0.156093 -0.073128 -0.394148
v 0.296444 -0.005008 -0.267000
v 0.214425 -0.204759 -0.267000
v 0.034272 -0.292722 -0.267000
v -0.132443 -0.261611 -0.267000
v -0.265357 -0.132248 -0.267000
v -0.288708 0.051277 -0.267000
v -0.213213 0.203473 -0.267000
v -0.065012 0.285928 -0.267000
v 0.104561 0.275550 -0.267000
v 0.238150 0.171074 -0.267000
v 0.139590 -0.210870 -0.268944
v -0.590000 -0.176949 -0.186265
v -0.590000 -0.143124 -0.258019
v -0.590000 -0.026624 -0.250725
v -0.590000 0.012625 -0.291870
v -0.590000 0.118985 -0.225579
v -0.590000 0.165596 -0.244206
v -0.590000 -0.279099 0.090662
v -0.590000 -0.256870 0.004835
v -0.590000 -0.279127 -0.101315
v -0.590000 0.230072 -0.106299
v -0.590000 0.287985 -0.073847
v -0.590000 0.247964 0.068593
v -0.590000 0.258645 0.145873
v -0.590000 0.114835 0.229823
v -0.590000 0.113398 0.270660
v -0.590000 -0.028684 0.290731
v -0.590000 -0.047766 0.247569
v -0.590000 -0.178794 0.234715
v -0.590000 -0.179679 0.180994
v -0.650000 -0.244258 0.046357
v -0.650000 -0.233045 -0.082124
v -0.635500 -0.220211 -0.118215
v -0.650000 -0.169837 -0.179472
v -0.635500 -0.089643 -0.233307
v -0.650000 -0.055498 -0.242093
v -0.641024 0.056677 -0.240076
v -0.650000 0.164344 -0.186225
v -0.635500 0.170895 -0.180233
v -0.650000 0.235067 -0.076142
v -0.635500 0.242428 -0.054012
v -0.650000 0.242428 0.054012
v -0.635500 0.235067 0.076142
v -0.650000 0.170895 0.180233
v -0.635500 0.164344 0.186225
v -0.650000 0.054967 0.240901
v -0.635500 0.002725 0.251762
v -0.650000 -0.061101 0.239418
v -0.635500 -0.172078 0.181265
v -0.650000 -0.175089 0.176162
v -0.635500 -0.245313 0.039002
v -0.510048 0.250740 -0.025593
v -0.509812 0.218213 -0.124259
v -0.510000 0.149186 -0.203252
v -0.510068 0.040508 -0.248850
v -0.509799 -0.091511 -0.236303
v -0.510122 -0.197907 -0.156197
v -0.509812 -0.243109 -0.062886
v -0.509977 -0.248638 0.041791
v -0.510074 -0.202428 0.150299
v -0.509801 -0.098984 0.233272
v -0.510122 0.033163 0.249929
v -0.509756 0.155596 0.200007
v -0.509817 0.234940 0.091471
v -0.409976 0.029461 0.151536
v -0.411393 -0.112570 -0.106520
v -0.410450 -0.056951 -0.142806
v -0.410589 0.104286 -0.114763
v -0.409410 0.144644 -0.051274
v -0.410476 0.153134 -0.012605
v -0.410209 0.081668 0.130017
v -0.410790 0.127767 0.086264
v -0.409586 -0.047471 0.146721
v -0.409378 -0.104150 0.112346
v -0.411285 -0.145103 0.055100
v -0.410100 0.149071 0.035742
v -0.410475 0.019553 -0.153976
v -0.408662 -0.150902 -0.031387
v -0.237202 -0.148175 -0.033105
v -0.236038 -0.102363 -0.112386
v -0.237065 -0.011062 -0.152648
v -0.237325 0.104121 -0.114300
v -0.236038 0.146699 -0.031095
v -0.237981 0.146492 0.045129
v -0.236146 0.109131 0.103285
v -0.236262 0.030374 0.150116
v -0.237295 -0.065629 0.137167
v -0.236765 -0.137613 0.066734
v -0.235000 -0.091261 -0.088167
v -0.235000 -0.019682 -0.125551
v -0.235000 0.061170 -0.111400
v -0.235000 0.116507 -0.050779
v -0.235000 0.093868 0.085679
v -0.235000 -0.115552 0.052856
v -0.235000 0.021922 0.125182
v -0.235000 -0.059164 0.112468
v -0.647722 -0.038507 0.122913
v -0.647843 0.044009 0.121117
v -0.647698 -0.105139 0.074362
v -0.647606 0.069487 -0.109142
v -0.648478 -0.066487 -0.110279
v -0.647712 -0.010857 -0.128995
v -0.648285 0.128919 -0.009428
v -0.648007 -0.116072 -0.054082
v -0.647763 0.108401 0.069601
v -0.644961 0.114406 -0.055526
v -0.635500 0.120568 0.238690
v -0.635500 0.236524 0.121393
v -0.635500 0.263313 -0.056220
v -0.641714 0.171486 -0.201331
v -0.635500 0.057272 -0.259615
v -0.643786 -0.079592 -0.252204
v -0.635500 -0.170615 -0.203889
v -0.635500 -0.247718 -0.092949
v -0.635495 -0.261808 0.055078
v -0.635500 -0.177535 0.197893
v -0.635500 -0.042359 0.262461
v -0.649986 -0.264903 0.020098
v -0.650000 -0.220660 -0.154285
v -0.650000 0.048300 -0.261433
v -0.650000 0.236524 -0.121393
v -0.650000 0.263313 0.056220
v -0.650000 0.176489 0.197118
v -0.650000 0.057272 0.259615
v -0.650000 -0.106745 0.245184
v -0.650000 -0.220227 0.146643
v -0.650000 0.258645 -0.145873
v -0.650000 0.113397 -0.270660
v -0.650000 -0.028685 -0.290731
v -0.650000 -0.178794 -0.234715
v -0.650000 -0.279099 -0.090662
v -0.650000 -0.228552 0.184065
v -0.650000 -0.113147 0.269343
v -0.650000 0.012625 0.291870
v -0.650000 0.165596 0.244206
v -0.650000 0.287985 0.073847
v 0.095602 1.116295 0.756717
v 0.113460 1.119299 0.766890
v -0.046093 1.111751 0.773351
v -0.022919 1.106719 0.753502
v 0.030969 1.109693 0.772279
v -0.134492 1.112725 0.754561
v -0.115054 1.113336 0.753956
v 0.312292 1.024860 0.726903
v -0.114889 1.119017 0.760496
v 0.334610 1.046824 0.733246
v -0.307708 1.023830 0.726365
v -0.336061 1.054632 0.735494
v -0.328152 1.036652 0.730153
v -0.337584 1.103660 0.750510
v 0.345534 1.118317 0.756293
v 0.337189 1.101436 0.749805
v -0.343513 1.117872 0.756651
v -0.369116 1.135405 0.764856
v -0.346406 1.127655 0.771461
v -0.121030 1.122046 0.770156
v -0.134487 1.117896 0.760460
v 0.352778 1.126739 0.770245
v 0.334351 1.046186 0.698449
v 0.336211 1.099843 0.698318
v 0.315693 1.026372 0.698455
v -0.337492 1.108081 0.698427
v -0.388000 1.173404 0.769858
v -0.268163 1.150581 0.771994
v -0.360027 1.230962 0.771051
v -0.321642 1.130974 0.775999
v -0.371394 1.167475 0.771999
v -0.308359 1.249026 0.775703
v -0.261242 1.216689 0.771994
v 0.262823 1.158980 0.772001
v 0.297920 1.249141 0.772002
v 0.307734 1.130603 0.776166
v 0.368184 1.160973 0.772000
v 0.360183 1.229630 0.770034
v 0.261638 1.218949 0.778791
v 0.241777 1.227354 0.773251
v 0.383840 1.174147 0.771346
v 0.388657 1.161358 0.762664
v 0.376095 1.142579 0.698741
v -0.316051 1.026309 0.698592
v -0.334437 1.048323 0.698003
v -0.346337 1.117080 0.701625
v -0.385613 1.353468 0.770957
v -0.321388 1.278574 0.773071
v -0.307288 1.283084 0.786644
v -0.346799 1.293760 0.773853
v -0.269795 1.268875 0.778600
v -0.242430 1.240603 0.774446
v -0.216132 1.172064 0.773727
v -0.283721 1.239203 0.782000
v -0.346920 1.239226 0.782000
v -0.375081 1.177766 0.782001
v -0.343887 1.140131 0.782000
v -0.286171 1.140070 0.782000
v -0.254761 1.178226 0.782005
v 0.225271 1.206564 0.781716
v 0.211760 1.168435 0.773569
v 0.243830 1.247051 0.779475
v 0.276678 1.268467 0.773914
v 0.315065 1.282383 0.778847
v 0.342519 1.290856 0.774726
v 0.270592 1.152028 0.782000
v 0.331266 1.133824 0.782000
v 0.375991 1.183713 0.782001
v 0.357444 1.229026 0.782000
v 0.312141 1.250468 0.782000
v 0.346700 1.118388 0.698648
v -0.209898 2.032855 0.698288
v 0.392922 1.920793 0.697000
v 0.393372 1.250000 0.697000
v 0.415448 1.604191 0.698215
v 0.416869 1.460138 0.698624
v -0.357520 1.940267 0.698648
v -0.392873 1.917915 0.697000
v -0.211561 2.038829 0.697000
v -0.346770 1.116238 0.697000
v 0.212105 2.038668 0.697000
v 0.209782 2.032927 0.698296
v 0.388640 1.161572 0.698598
v -0.425000 1.120000 0.697000
v -0.262343 1.951450 0.698323
v 0.260866 1.952302 0.698404
v 0.392017 1.374306 0.698609
v -0.420254 1.602976 0.697128
v -0.374172 1.141724 0.698408
v -0.389818 1.171839 0.698629
v -0.391808 1.375254 0.698350
v -0.391162 1.356839 0.764237
v -0.313053 1.294351 0.802008
v -0.221844 1.203955 0.788940
v -0.203261 1.195042 0.803593
v 0.211650 1.199723 0.801426
v 0.306816 1.286397 0.800295
v 0.385671 1.354310 0.771257
v 0.390463 1.363478 0.767021
v 0.392680 1.683390 -0.698369
v 0.421595 1.518130 -0.698455
v 0.392422 1.375280 -0.698389
v 0.000927 2.040013 0.260497
v -0.180322 2.041543 0.118615
v 0.207302 2.040949 0.052107
v 0.169772 2.042004 0.130097
v -0.453075 1.570609 0.668925
v -0.503537 1.564225 0.618461
v -0.503066 1.125356 0.618933
v 0.276615 1.942652 0.698455
v 0.362156 1.939153 0.698511
v 0.389629 1.908734 0.698723
v 0.392460 1.684017 0.698733
v 0.421534 1.506242 0.701502
v -0.414648 1.606523 0.698548
v -0.419068 1.471415 0.699199
v -0.392075 1.685325 0.698670
v -0.389315 1.908894 0.698578
v -0.373513 1.929900 0.698229
v -0.278359 1.942296 0.698796
v -0.248432 1.261439 0.910058
v -0.369465 1.194083 0.821144
v -0.343797 1.140571 0.822046
v -0.282369 1.145815 0.821715
v -0.259728 1.192272 0.820227
v -0.287037 1.239439 0.821614
v -0.344199 1.237181 0.820594
v 0.128515 1.126377 0.772146
v 0.244141 1.257955 0.912692
v 0.365756 1.169825 0.821144
v 0.358803 1.224931 0.821652
v 0.306582 1.244766 0.821253
v 0.263178 1.210738 0.821533
v 0.271843 1.155322 0.821362
v 0.323925 1.134456 0.821467
v 0.317304 1.025790 -0.698445
v -0.332983 1.042828 -0.698110
v -0.346460 1.116228 -0.697000
v -0.425000 1.120000 -0.697000
v -0.420020 1.603166 -0.697151
v -0.212105 2.038668 -0.697000
v -0.309019 1.024713 -0.698668
v -0.391917 1.922356 -0.697000
v 0.357652 1.940149 -0.698412
v 0.390383 1.908603 -0.698857
v 0.211561 2.038830 -0.697000
v 0.262340 1.951453 -0.698323
v -0.265209 1.940039 -0.697031
v -0.271812 1.947434 -0.697000
v -0.392011 1.686097 -0.698661
v 0.344521 1.109992 -0.697000
v 0.393308 1.250000 -0.697000
v 0.390356 1.174464 -0.698433
v 0.180390 2.041542 -0.118530
v -0.200831 2.040891 -0.074321
v -0.128559 2.056027 0.165517
v -0.505001 1.385683 0.096387
v -0.505000 1.436080 0.009832
v -0.505000 1.303110 0.100580
v -0.505000 1.341107 0.076536
v -0.505001 1.321572 0.160790
v -0.505000 1.376682 0.151542
v -0.505001 1.385683 -0.143613
v -0.504056 1.563556 -0.617942
v -0.503553 1.125780 -0.618447
v -0.505000 1.341107 -0.163464
v -0.505000 1.303110 -0.139420
v -0.505000 1.321572 -0.079210
v -0.505000 1.376682 -0.088457
v -0.505000 1.202423 0.134552
v -0.505001 1.163696 0.132364
v -0.505112 1.163684 0.012359
v -0.505000 1.175838 0.100466
v -0.505000 1.200720 0.104208
v -0.505000 1.202423 0.014552
v -0.505000 1.175838 -0.019534
v -0.505000 1.200720 -0.015792
v -0.505001 1.520876 0.018832
v -0.505000 1.526906 -0.120048
v -0.505001 1.480963 0.002159
v -0.505000 1.513034 -0.022229
v -0.505000 1.483463 -0.125719
v -0.505001 1.502952 -0.095954
v -0.505000 1.508890 -0.142365
v 0.201803 2.036501 0.725044
v 0.261083 1.953049 0.751256
v -0.390604 1.903194 0.765084
v -0.000909 2.040012 -0.260498
v -0.170179 2.042836 -0.130221
v -0.453230 1.570517 -0.668769
v 0.415857 1.606531 -0.701838
v 0.409890 1.430180 -0.701316
v 0.339555 1.112640 -0.698445
v 0.375611 1.141681 -0.698707
v 0.337513 1.099535 -0.701201
v 0.335007 1.051123 -0.698093
v 0.322795 1.031886 -0.700050
v -0.336040 1.053016 -0.700545
v -0.337404 1.099280 -0.701128
v -0.340237 1.112920 -0.698619
v -0.369341 1.136552 -0.698086
v -0.389184 1.166624 -0.698944
v -0.391850 1.374806 -0.698770
v -0.408357 1.428116 -0.698640
v -0.414216 1.609567 -0.698621
v -0.420653 1.512066 -0.698583
v -0.390169 1.904546 -0.698485
v -0.355945 1.940224 -0.698207
v -0.378091 1.927578 -0.700848
v -0.277546 1.942840 -0.699736
v -0.258531 1.955958 -0.699368
v -0.209781 2.032927 -0.698296
v 0.209899 2.032855 -0.698289
v 0.278359 1.942296 -0.698796
v 0.376573 1.928043 -0.698851
v 0.393218 1.906834 -0.098328
v 0.392781 1.860205 -0.214143
v 0.393277 1.903312 -0.176589
v 0.393129 1.763554 -0.081268
v 0.393187 1.891015 0.196776
v 0.393241 1.896405 0.083249
v 0.392707 1.808309 -0.215672
v 0.392826 1.861470 -0.057623
v 0.393090 1.745394 0.143970
v 0.392813 1.745604 -0.129416
v 0.392838 1.767108 0.189512
v 0.392734 1.809718 0.217839
v 0.392626 1.763453 -0.186755
v 0.392644 1.838811 0.048739
v 0.393024 1.812121 -0.052366
v 0.392749 1.766841 0.078316
v 0.023279 2.058787 0.248927
v -0.016284 2.058875 0.252910
v 0.079709 2.061057 0.192412
v 0.213457 2.041868 -0.011317
v -0.212880 2.041906 0.015837
v -0.094462 2.060329 0.186953
v -0.414941 1.343188 -0.164700
v -0.414698 1.299148 -0.130327
v -0.414941 1.324217 -0.080384
v -0.414814 1.376078 -0.085859
v -0.414892 1.385346 -0.140837
v -0.414814 1.313921 0.085859
v -0.414892 1.304654 0.140837
v -0.414814 1.354844 0.165106
v -0.414814 1.391130 0.118138
v -0.414971 1.362021 0.079255
v -0.424948 1.178477 0.099078
v -0.424774 1.162419 0.124925
v -0.424774 1.193771 0.141382
v -0.424854 1.205155 0.109594
v -0.424854 1.189984 -0.022128
v -0.424511 1.161017 0.000965
v -0.424854 1.191748 0.021655
v -0.424972 1.206572 -0.000873
v -0.424854 1.494595 -0.020155
v -0.424948 1.484079 0.006523
v -0.424972 1.502114 0.021396
v -0.424854 1.525926 0.008750
v -0.424986 1.519445 -0.015668
v -0.424854 1.494595 -0.140155
v -0.424948 1.484079 -0.113477
v -0.424662 1.512007 -0.097510
v -0.424854 1.525155 -0.130406
v 0.387951 1.907583 0.769398
v -0.389987 1.699283 0.767515
v -0.276747 1.942725 0.755794
v 0.327031 1.035646 -0.729895
v -0.215125 2.028638 -0.729056
v 0.216832 2.027818 -0.726832
v 0.204825 2.035082 -0.727268
v 0.392484 1.912851 0.131898
v 0.000077 2.061339 0.208563
v -0.025678 2.085124 -0.194966
v -0.047411 2.060769 -0.202983
v -0.194992 2.085123 0.025677
v 0.025678 2.085124 0.194967
v 0.194993 2.085123 -0.025677
v 0.099978 2.077001 -0.173159
v 0.112969 2.085000 -0.161314
v 0.132870 2.085126 -0.144991
v 0.117935 2.115000 -0.140560
v 0.135071 2.115074 -0.123785
v 0.156024 2.085125 -0.119714
v 0.150433 2.115000 -0.105334
v 0.162355 2.115085 -0.084517
v 0.173101 2.077001 -0.099941
v 0.181712 2.085119 -0.075265
v 0.172570 2.115000 -0.062810
v 0.193088 2.076983 -0.051746
v 0.178710 2.115057 -0.039619
v 0.182946 2.115000 -0.016006
v 0.182878 2.115052 0.007985
v 0.205032 2.064994 0.000005
v 0.194956 2.085118 0.025675
v 0.180855 2.115000 0.031890
v 0.193091 2.076988 0.051736
v 0.174567 2.115081 0.055041
v 0.181712 2.085125 0.075264
v 0.166439 2.115000 0.077611
v 0.173135 2.077000 0.099961
v 0.154373 2.115081 0.098346
v 0.156021 2.085125 0.119727
v 0.135086 2.115074 0.123768
v 0.132859 2.085126 0.145001
v 0.120947 2.059117 0.170053
v 0.112956 2.084996 0.161303
v 0.111617 2.115089 0.145461
v 0.084517 2.115081 0.162356
v 0.099943 2.076999 0.173109
v 0.075258 2.085121 0.181701
v 0.051745 2.076982 0.193088
v 0.062811 2.115000 0.172569
v 0.039616 2.115094 0.178694
v 0.016006 2.115000 0.182947
v -0.007984 2.115034 0.182774
v -0.025677 2.085119 0.194967
v -0.051735 2.076990 0.193090
v -0.031890 2.115000 0.180854
v -0.055040 2.115089 0.174563
v -0.075279 2.085127 0.181739
v -0.099923 2.076999 0.173073
v -0.077611 2.115000 0.166438
v -0.098344 2.115089 0.154369
v -0.112988 2.084999 0.161347
v -0.132869 2.085126 0.144991
v -0.123766 2.115085 0.135084
v -0.156023 2.085125 0.119713
v -0.145464 2.115081 0.111619
v -0.173100 2.077001 0.099941
v -0.162357 2.115081 0.084517
v -0.181711 2.085119 0.075265
v -0.193087 2.076986 0.051746
v -0.172569 2.115000 0.062810
v -0.178700 2.115081 0.039616
v -0.205033 2.064993 -0.000006
v -0.182946 2.115000 0.016006
v -0.182883 2.115040 -0.007986
v -0.180854 2.115000 -0.031890
v -0.194955 2.085118 -0.025676
v -0.193090 2.076989 -0.051736
v -0.174565 2.115085 -0.055040
v -0.181711 2.085125 -0.075265
v -0.166439 2.115000 -0.077612
v -0.154368 2.115094 -0.098344
v -0.173135 2.076999 -0.099962
v -0.156020 2.085125 -0.119727
v -0.140560 2.115000 -0.117935
v -0.132859 2.085126 -0.145001
v -0.123782 2.115089 -0.135067
v -0.112956 2.084996 -0.161304
v -0.105334 2.115000 -0.150433
v -0.084516 2.115085 -0.162354
v -0.099943 2.076999 -0.173109
v -0.075258 2.085121 -0.181702
v -0.062811 2.115000 -0.172570
v -0.051745 2.076982 -0.193088
v -0.039616 2.115085 -0.178698
v -0.000010 2.064476 -0.205192
v -0.016006 2.115000 -0.182947
v 0.007984 2.115054 -0.182765
v 0.025677 2.085119 -0.194969
v 0.031890 2.115000 -0.180855
v 0.051736 2.076990 -0.193091
v 0.055040 2.115085 -0.174565
v 0.075278 2.085127 -0.181737
v 0.077612 2.115000 -0.166439
v 0.098346 2.115085 -0.154372
v -0.389265 1.345000 -0.120000
v -0.389265 1.345000 0.120000
v -0.412580 1.185000 0.120000
v -0.412580 1.185000 -0.000000
v -0.412580 1.505000 -0.000000
v -0.412580 1.505000 -0.120000
v -0.218330 2.025625 0.728226
v -0.203581 2.035607 0.726771
v 0.215179 2.028575 0.729041
v 0.365343 1.928947 0.771576
v 0.361195 1.939545 0.764852
v 0.115785 1.940218 0.766737
v 0.113417 1.942068 0.758039
v 0.390312 1.695125 0.768309
v 0.385986 1.705616 0.771051
v -0.378249 1.922718 0.770782
v -0.354848 1.938125 0.769623
v -0.117020 1.939779 0.767361
v -0.262451 1.951430 0.751707
v 0.110879 2.059433 -0.177795
v 0.019956 2.058699 -0.251026
v -0.019820 2.059005 -0.250889
v -0.110389 2.059154 -0.178404
v 0.390417 1.693831 -0.768948
v 0.388214 1.904012 -0.769448
v 0.336496 1.097983 -0.749027
v -0.390045 1.362204 -0.767922
v -0.262024 1.952026 -0.751328
v 0.277675 1.942572 -0.755891
v 0.131036 2.116845 0.011465
v 0.000002 2.116500 -0.129749
v -0.006711 2.117399 0.130847
v -0.126120 2.117352 0.033794
v -0.123752 2.117398 -0.045040
v 0.114724 2.117000 -0.061243
v 0.065843 2.116998 -0.114044
v -0.065837 2.116411 -0.114035
v -0.084647 2.117284 0.100883
v 0.085484 2.117305 0.101876
v 0.043815 2.060794 -0.203994
v 0.009007 1.954955 0.753059
v -0.096386 1.942797 0.756745
v 0.275892 1.942935 0.755541
v 0.355426 1.821827 0.771997
v 0.256596 1.878169 0.772000
v 0.287624 1.923730 0.771994
v 0.340663 1.923026 0.776545
v 0.365998 1.898618 0.777556
v 0.340629 1.771394 0.774100
v 0.277296 1.821758 0.771999
v 0.315121 1.763015 0.802996
v 0.366181 1.386798 0.804319
v 0.392554 1.527247 0.803419
v 0.373504 1.651699 0.803160
v -0.382512 1.711168 0.772034
v -0.331312 1.811262 0.771997
v -0.370082 1.844824 0.778790
v -0.266699 1.903278 0.775849
v -0.315796 1.929288 0.778830
v -0.262236 1.838233 0.772002
v -0.366213 1.900804 0.772001
v 0.386387 1.706490 -0.770636
v 0.390269 1.362380 -0.767049
v 0.384297 1.352339 -0.771568
v 0.387779 1.172955 -0.770140
v 0.369591 1.138160 -0.768336
v 0.357122 1.125427 -0.755746
v 0.307711 1.023845 -0.726376
v 0.335847 1.052627 -0.734909
v -0.335123 1.048938 -0.733821
v -0.314401 1.025467 -0.727064
v -0.338267 1.106689 -0.751207
v -0.374148 1.171345 -0.773061
v -0.389918 1.172972 -0.765215
v -0.368314 1.133919 -0.763449
v -0.357926 1.138023 -0.772464
v -0.390080 1.698841 -0.767426
v -0.373087 1.922371 -0.772231
v -0.361229 1.939355 -0.765215
v -0.389928 1.907417 -0.764919
v -0.277484 1.942688 -0.755703
v -0.201746 2.036500 -0.725004
v 0.262555 1.951216 -0.751985
v 0.119344 1.938133 -0.770104
v 0.353358 1.937839 -0.770354
v 0.374504 1.929635 -0.766116
v 0.408000 1.856927 -0.057161
v 0.408000 1.794502 -0.061671
v 0.408000 1.749036 -0.114763
v 0.408000 1.763947 -0.182690
v 0.408000 1.824129 -0.218248
v 0.408000 1.888437 -0.191765
v 0.408000 1.913173 -0.118839
v 0.408000 1.748663 0.139647
v 0.408000 1.768613 0.080084
v 0.408000 1.825353 0.053663
v 0.408000 1.884915 0.073612
v 0.408000 1.911336 0.130351
v 0.408000 1.887062 0.195898
v 0.408000 1.790990 0.211843
v 0.309573 1.777509 0.782642
v 0.279517 1.787693 0.778799
v 0.242889 1.814726 0.778034
v 0.254360 1.812995 0.772226
v 0.226173 1.850764 0.782157
v 0.213968 1.889422 0.774051
v 0.267463 1.831185 0.782001
v 0.320100 1.811553 0.782000
v 0.373800 1.852634 0.782001
v 0.312891 1.927591 0.782000
v 0.267334 1.908657 0.782005
v 0.418845 1.589166 0.772634
v 0.414223 1.449941 0.772483
v -0.223427 1.860694 0.779934
v -0.214644 1.888323 0.773957
v -0.284426 1.786155 0.779178
v -0.253686 1.808330 0.772557
v -0.241516 1.815173 0.780160
v -0.343573 1.773090 0.772828
v -0.328909 1.774624 0.776513
v -0.301211 1.810197 0.782000
v -0.260322 1.848729 0.782000
v -0.365110 1.903967 0.782000
v -0.138642 1.929940 0.772383
v 0.333757 1.925662 -0.771998
v 0.298700 1.925431 -0.778667
v 0.260148 1.842624 -0.771999
v 0.324021 1.811961 -0.777385
v 0.339011 1.775571 -0.773114
v 0.360922 1.831674 -0.775998
v 0.267762 1.906011 -0.775846
v 0.371435 1.890503 -0.771994
v 0.324399 1.126291 -0.772478
v 0.260236 1.216587 -0.772000
v 0.369371 1.161866 -0.771996
v 0.263029 1.161241 -0.775845
v 0.295519 1.245082 -0.777501
v 0.354982 1.236836 -0.771258
v 0.344576 1.117637 -0.756039
v -0.343149 1.118008 -0.756572
v -0.339686 1.120711 -0.767241
v -0.273251 1.143858 -0.771997
v -0.360562 1.228752 -0.775691
v -0.313310 1.249730 -0.772878
v -0.263342 1.222061 -0.775333
v -0.380156 1.345377 -0.772547
v -0.382782 1.710538 -0.772041
v -0.344106 1.768729 -0.773830
v -0.325769 1.812565 -0.775603
v -0.290723 1.926492 -0.772000
v -0.367105 1.843085 -0.779028
v -0.363442 1.907984 -0.772002
v -0.259970 1.890819 -0.777001
v -0.281008 1.819807 -0.775122
v -0.105410 1.942893 -0.756970
v -0.001878 1.954531 -0.753332
v 0.096478 1.942771 -0.756768
v 0.411459 1.839242 -0.064179
v 0.411459 1.773289 -0.091586
v 0.411459 1.764046 -0.162407
v 0.411459 1.820757 -0.205821
v 0.411459 1.886712 -0.178414
v 0.411459 1.895954 -0.107593
v 0.411459 1.779358 0.185363
v 0.411459 1.761064 0.116323
v 0.411459 1.811706 0.065961
v 0.411459 1.880643 0.084637
v 0.411459 1.898936 0.153677
v 0.411459 1.848294 0.204039
v -0.160403 2.119001 0.095918
v -0.187560 2.119006 -0.011444
v -0.146033 2.118996 -0.117000
v -0.052914 2.119003 -0.180458
v 0.075126 2.119009 -0.172625
v 0.169341 2.118996 -0.083344
v 0.182736 2.119003 0.044407
v 0.111936 2.119009 0.151373
v 0.018614 2.119000 0.184774
v -0.078343 2.119002 0.171283
v 0.119052 1.933009 0.772516
v 0.120517 1.938136 0.769839
v 0.118748 1.926815 0.784576
v 0.118009 1.928433 0.794771
v 0.117180 1.932755 0.794489
v 0.115731 1.939155 0.782590
v 0.002009 1.952913 0.771676
v 0.215829 1.856076 0.802480
v 0.259860 1.790115 0.901256
v -0.064858 1.918108 0.803954
v -0.208309 1.865021 0.799994
v -0.222432 1.849933 0.805368
v -0.309675 1.769892 0.801414
v 0.347880 1.708486 -0.804434
v 0.347916 1.351748 -0.804601
v 0.383576 1.610251 -0.804397
v 0.388072 1.467787 -0.804257
v 0.418580 1.590918 -0.772370
v 0.414421 1.451028 -0.772572
v 0.220789 1.879929 -0.773573
v 0.211855 1.891461 -0.773932
v 0.271288 1.793078 -0.774650
v 0.241289 1.819777 -0.775162
v 0.321775 1.775169 -0.779251
v 0.372222 1.858189 -0.782000
v 0.275586 1.827073 -0.782003
v 0.256712 1.879392 -0.782001
v 0.348118 1.921656 -0.782005
v 0.319540 1.281585 -0.775269
v 0.346800 1.293761 -0.773854
v 0.266740 1.265839 -0.774856
v 0.240280 1.235362 -0.774226
v 0.217263 1.172609 -0.773296
v 0.144120 1.132232 -0.772624
v 0.116207 1.120190 -0.768267
v 0.281176 1.142358 -0.782000
v 0.258094 1.205136 -0.782001
v 0.348882 1.237621 -0.782000
v 0.375482 1.192585 -0.782001
v 0.348976 1.138892 -0.782005
v 0.092561 1.116360 -0.756654
v -0.093964 1.116493 -0.756756
v -0.000212 1.105266 -0.753318
v -0.215917 1.172301 -0.773690
v -0.221746 1.194938 -0.779681
v -0.239277 1.233829 -0.774210
v -0.257886 1.260247 -0.779484
v -0.286550 1.272839 -0.774885
v -0.337954 1.287607 -0.774281
v -0.372111 1.202333 -0.782000
v -0.327356 1.247164 -0.782001
v -0.256798 1.180080 -0.782000
v -0.288793 1.135428 -0.782000
v -0.348602 1.138644 -0.782005
v -0.314547 1.778293 -0.777883
v -0.279562 1.789817 -0.774331
v -0.244765 1.814735 -0.774888
v -0.213963 1.889423 -0.774042
v -0.369266 1.899035 -0.782001
v -0.297982 1.928904 -0.782001
v -0.259994 1.844717 -0.782001
v -0.154130 2.169099 0.105708
v -0.014482 2.169101 -0.186334
v 0.184046 2.169781 -0.008625
v 0.167271 2.169879 -0.078813
v 0.124683 2.169480 -0.135794
v 0.073587 2.169580 -0.168968
v -0.099489 2.169783 -0.155078
v -0.151890 2.169878 -0.105453
v -0.179942 2.169479 -0.040083
v -0.183174 2.169537 0.020539
v -0.084552 2.169782 0.163701
v -0.015381 2.169879 0.184267
v 0.109537 2.169580 0.148211
v 0.055259 2.169480 0.175875
v 0.168613 2.169101 0.080621
v 0.361234 1.840854 0.821106
v 0.364430 1.896275 0.821723
v 0.316767 1.925429 0.821188
v 0.267788 1.899949 0.821403
v 0.266207 1.843845 0.821361
v 0.313569 1.813771 0.821483
v -0.084051 1.146793 0.803535
v 0.131905 1.160402 0.803597
v 0.026254 1.139687 0.804538
v -0.347726 1.708762 0.804464
v -0.383575 1.610246 0.804401
v -0.388067 1.467868 0.804306
v -0.347904 1.351726 0.804601
v -0.250814 1.795822 0.911136
v 0.149413 1.891992 0.803767
v 0.063121 1.915840 0.804474
v -0.342517 1.541040 1.001808
v -0.334214 1.451854 1.001210
v -0.306190 1.375167 1.000927
v -0.260394 1.305419 1.000439
v -0.202470 1.252518 1.000482
v -0.130515 1.212042 1.000509
v -0.012741 1.183884 0.999547
v 0.120369 1.207118 1.001110
v 0.224790 1.270327 1.001146
v 0.286898 1.338342 0.999548
v 0.327638 1.427414 1.000543
v 0.345381 1.527756 0.999403
v 0.330339 1.623613 1.001219
v 0.292717 1.712081 1.000760
v 0.222946 1.791382 1.001195
v 0.119102 1.853244 1.001199
v 0.012194 1.874455 1.000253
v -0.088548 1.862350 1.000022
v -0.184490 1.821297 1.000227
v -0.264175 1.749843 1.001076
v -0.325409 1.649533 0.998843
v -0.268415 1.898582 0.821106
v -0.320542 1.926941 0.822040
v -0.367274 1.886739 0.821773
v -0.358510 1.835838 0.820227
v -0.313107 1.814671 0.821362
v -0.265199 1.843855 0.821483
v 0.204512 1.864735 -0.802794
v 0.221719 1.854398 -0.793468
v 0.308146 1.773306 -0.799176
v 0.307043 1.286281 -0.799946
v 0.222561 1.200562 -0.782117
v 0.212347 1.201005 -0.802373
v -0.120144 1.121415 -0.770041
v -0.218476 1.203771 -0.799363
v -0.238811 1.250310 -0.901674
v -0.307665 1.288949 -0.802441
v -0.309640 1.771727 -0.800030
v -0.245133 1.801165 -0.911951
v -0.226134 1.850872 -0.782153
v -0.215470 1.857636 -0.800958
v -0.123642 1.936512 -0.770610
v -0.002009 1.952914 -0.771675
v 0.473071 1.815385 -0.205077
v 0.473071 1.762004 -0.157381
v 0.473071 1.883381 -0.182695
v 0.473071 1.897995 -0.112619
v 0.473071 1.844614 -0.064923
v 0.473071 1.776619 -0.087305
v 0.473071 1.876787 0.080822
v 0.473071 1.806474 0.067391
v 0.473071 1.900313 0.148430
v 0.473071 1.853526 0.202608
v 0.473071 1.783212 0.189178
v 0.473071 1.759686 0.121570
v -0.264066 1.667990 1.016473
v 0.242629 1.353162 1.014033
v -0.128256 1.794259 1.016854
v 0.254994 1.396954 1.016521
v 0.261202 1.666839 1.016238
v 0.120372 1.798532 1.017308
v 0.241980 1.706597 1.014404
v -0.242643 1.706836 1.014017
v -0.303792 1.529741 1.013947
v -0.257569 1.395248 1.016226
v -0.241865 1.353573 1.014236
v -0.164276 1.289900 1.016733
v 0.245280 1.258977 -0.911601
v 0.064927 1.918057 -0.804052
v -0.344306 1.523255 -1.001370
v -0.364929 1.671827 -0.803529
v 0.251043 1.795473 -0.912413
v 0.280293 1.827827 -0.821144
v 0.259379 1.883368 -0.822047
v 0.305640 1.924126 -0.821715
v 0.354856 1.908363 -0.820227
v 0.369388 1.860552 -0.821580
v 0.334002 1.817049 -0.821468
v 0.290358 1.238783 -0.821106
v 0.349610 1.235554 -0.822040
v 0.368323 1.176810 -0.821715
v 0.334096 1.138081 -0.820227
v 0.284417 1.143960 -0.821486
v 0.258888 1.193893 -0.821483
v -0.002912 1.107123 -0.772361
v -0.279911 1.231856 -0.821144
v -0.260678 1.182906 -0.821904
v -0.293983 1.139435 -0.821930
v -0.350796 1.147104 -0.821460
v -0.369362 1.199982 -0.821486
v -0.333521 1.243120 -0.821468
v -0.314667 1.924653 -0.821106
v -0.263413 1.894746 -0.822034
v -0.273561 1.833911 -0.821680
v -0.321699 1.815088 -0.820227
v -0.366576 1.846058 -0.821514
v -0.359853 1.902909 -0.820426
v 0.136411 2.237241 -0.011844
v 0.104101 2.238520 -0.083724
v 0.071305 2.231948 -0.122477
v -0.056561 2.238387 -0.120797
v -0.112966 2.237979 -0.075999
v -0.137081 2.236653 0.011179
v -0.057936 2.237293 0.123988
v 0.030976 2.238780 0.130687
v 0.070419 2.231948 0.122989
v -0.418634 1.469363 0.772572
v -0.416651 1.590052 0.772998
v 0.304964 1.529643 1.014823
v 0.190573 1.622385 1.014946
v -0.079994 1.604532 1.014846
v -0.190549 1.622549 1.014714
v 0.074797 1.241019 1.017338
v 0.131015 1.160082 -0.803599
v -0.131905 1.160402 -0.803597
v 0.000477 1.138067 -0.806047
v -0.149416 1.891992 -0.803766
v -0.063121 1.915840 -0.804474
v -0.347870 1.351458 -0.804438
v -0.383473 1.449307 -0.804414
v -0.389570 1.572444 -0.804379
v -0.325186 1.421001 -1.001394
v -0.288090 1.342383 -1.000895
v -0.115013 1.206589 -1.001058
v -0.029364 1.187430 -1.000190
v 0.053166 1.190759 -1.000479
v 0.130817 1.211802 -0.999893
v 0.202905 1.252892 -1.000566
v 0.260432 1.305034 -0.999882
v 0.305989 1.373854 -1.000219
v 0.334275 1.449474 -1.000129
v 0.343429 1.530957 -1.000400
v -0.329843 1.624024 -1.001857
v -0.296256 1.704791 -1.001589
v -0.252722 1.762429 -1.001401
v 0.333903 1.611790 -1.000273
v 0.305387 1.687419 -1.000132
v 0.253427 1.762038 -1.001085
v 0.134365 1.846296 -1.000785
v -0.066193 1.867158 -1.000879
v -0.178800 1.824665 -1.001149
v 0.031152 1.873335 -0.999954
v 0.200048 1.812199 -0.995518
v -0.213434 1.257259 -0.999201
v 0.476000 1.787429 -0.141665
v 0.476000 1.818646 -0.174587
v 0.476000 1.865457 -0.160872
v 0.476000 1.864144 -0.111974
v 0.476000 1.819467 -0.092390
v 0.476000 1.852927 0.169210
v 0.476000 1.807765 0.171909
v 0.476000 1.789055 0.126956
v 0.476000 1.830815 0.090242
v 0.476000 1.872265 0.132112
v -0.109191 2.238451 0.076189
v 0.117418 2.238133 0.065694
v 0.002257 2.237982 -0.134803
v 0.201744 1.497878 1.015602
v 0.201532 1.561938 1.015097
v 0.251742 1.477796 1.015051
v 0.190047 1.497416 1.014452
v 0.251841 1.581925 1.014744
v 0.190316 1.562778 1.015066
v 0.213878 1.498598 1.015447
v 0.190580 1.437468 1.014799
v 0.250610 1.497528 1.014762
v 0.213929 1.561351 1.015306
v 0.250670 1.562413 1.014600
v 0.145099 1.466372 1.015185
v 0.122745 1.479147 1.014487
v 0.080024 1.604465 1.014831
v 0.079987 1.455462 1.014877
v 0.122908 1.580687 1.014999
v 0.145105 1.593746 1.015053
v -0.001918 1.598815 1.017000
v 0.067094 1.550025 1.017000
v 0.054259 1.492727 1.016839
v 0.007755 1.462638 1.017000
v -0.045613 1.482030 1.016994
v -0.079987 1.455501 1.014910
v -0.065777 1.522586 1.017000
v -0.055754 1.565734 1.016951
v -0.122909 1.479314 1.014999
v -0.122743 1.580853 1.014488
v -0.145226 1.466031 1.014715
v -0.190010 1.562550 1.014360
v -0.144996 1.593441 1.015470
v -0.190290 1.497247 1.014997
v -0.190683 1.437674 1.015251
v -0.201678 1.561962 1.015782
v -0.201379 1.498265 1.015087
v -0.251723 1.582182 1.015047
v -0.251841 1.478076 1.014743
v -0.213877 1.561402 1.015447
v -0.213929 1.498649 1.015306
v -0.250605 1.562467 1.014761
v -0.250668 1.497589 1.014600
v -0.303570 1.529555 -1.014339
v 0.242950 1.707129 -1.014195
v -0.257570 1.664752 -1.016226
v 0.258692 1.394630 -1.016284
v 0.157589 1.280838 -1.016670
v 0.304299 1.530095 -1.014414
v 0.255722 1.663506 -1.016501
v -0.112009 1.805762 -1.016791
v 0.104420 1.802703 -1.017016
v -0.060553 1.240477 -1.016768
v -0.241616 1.353273 -1.014934
v 0.510000 1.786161 -0.132816
v 0.510000 1.821264 -0.094198
v 0.510000 1.871459 -0.118116
v 0.510000 1.835698 -0.180334
v 0.510000 1.797208 0.108178
v 0.510000 1.795007 0.160143
v 0.510000 1.859775 0.169655
v 0.510000 1.855243 0.098031
v -0.062213 1.503034 0.999000
v 0.004131 1.460103 0.999000
v 0.062257 1.505452 0.999000
v 0.050888 1.578095 0.999000
v -0.044273 1.585922 0.999000
v -0.418711 1.590438 -0.772302
v -0.414750 1.452230 -0.772428
v -0.256321 1.396105 -1.016453
v -0.190573 1.622386 -1.014946
v -0.242354 1.706685 -1.014125
v 0.079998 1.604532 -1.014845
v 0.190549 1.622549 -1.014714
v 0.241753 1.353637 -1.014248
v 0.512870 1.860868 -0.186293
v 0.511800 1.812994 -0.193257
v 0.512295 1.769331 -0.146697
v 0.513121 1.784149 -0.095557
v 0.512870 1.832420 -0.075467
v 0.512728 1.882345 -0.102894
v 0.513231 1.892558 -0.143082
v 0.512294 1.798511 0.082422
v 0.512870 1.770677 0.128056
v 0.513000 1.790148 0.181112
v 0.511334 1.844676 0.193894
v 0.513819 1.885497 0.164021
v 0.512539 1.885406 0.112259
v 0.512572 1.852848 0.080342
v -0.201693 1.497934 -1.015452
v -0.251774 1.477805 -1.015015
v -0.251842 1.581924 -1.014743
v -0.190093 1.497368 -1.014578
v -0.190285 1.562741 -1.014976
v -0.201557 1.561974 -1.015188
v -0.213878 1.498597 -1.015447
v -0.190776 1.437197 -1.014762
v -0.250613 1.497536 -1.014746
v -0.213929 1.561351 -1.015306
v -0.250669 1.562411 -1.014600
v -0.145086 1.466388 -1.015213
v -0.122744 1.479145 -1.014487
v -0.079994 1.604444 -1.014848
v -0.080042 1.455431 -1.014884
v -0.122907 1.580684 -1.014999
v -0.145104 1.593748 -1.015052
v -0.062213 1.503034 -1.017000
v -0.018724 1.466509 -1.017000
v -0.044273 1.585922 -1.017000
v 0.043778 1.582010 -1.016651
v 0.037367 1.473419 -1.017010
v 0.079986 1.455499 -1.014911
v 0.066898 1.528228 -1.017000
v 0.190005 1.562544 -1.014346
v 0.122745 1.580855 -1.014487
v 0.122907 1.479315 -1.014999
v 0.190624 1.437642 -1.015088
v 0.144998 1.593442 -1.015470
v 0.145200 1.466080 -1.014791
v 0.190289 1.497245 -1.014998
v 0.201679 1.561961 -1.015783
v 0.201380 1.498264 -1.015087
v 0.251841 1.478075 -1.014744
v 0.251763 1.582185 -1.015017
v 0.213877 1.561401 -1.015447
v 0.213929 1.498649 -1.015306
v 0.250670 1.497587 -1.014600
v 0.250614 1.562463 -1.014746
v 0.085439 2.240000 0.006313
v -0.085439 2.240000 -0.006313
v 0.000050 2.240000 0.032063
v -0.000048 2.240000 -0.032064
v 0.067361 1.537755 -0.999000
v 0.044361 1.479893 -0.999000
v -0.027789 1.465731 -0.999000
v -0.068102 1.540059 -0.999000
v -0.024547 1.592257 -0.999000
v 0.031915 1.588821 -0.999000
v 0.516001 1.777407 -0.188547
v 0.516001 1.882593 -0.081453
v 0.516001 1.757330 -0.116227
v 0.516001 1.809923 -0.062679
v 0.516001 1.850076 -0.207321
v 0.516001 1.846009 0.208328
v 0.516001 1.813991 0.061672
v 0.516001 1.774500 0.185528
v 0.516001 1.758491 0.112200
v 0.516001 1.885500 0.084472
v -0.085439 2.200000 0.006313
v -0.028912 2.200000 -0.013570
v -0.021704 2.119834 -0.023886
v 0.024307 2.200001 -0.018431
v 0.031547 2.119924 -0.004049
v 0.028912 2.200000 0.013570
v 0.009886 2.119808 0.031439
v -0.024307 2.200001 0.018430
v -0.028255 2.119908 0.014544
v 0.012318 2.120015 -0.028444
v 0.085439 2.200000 -0.006313
v 0.562933 1.860620 -0.197213
v 0.562863 1.899282 -0.140000
v 0.562917 1.868155 -0.077301
v 0.562934 1.799369 -0.072796
v 0.562864 1.760716 -0.129984
v 0.562919 1.791848 -0.192698
v 0.562937 1.889041 0.098644
v 0.562867 1.891304 0.167654
v 0.562934 1.831564 0.204140
v 0.562925 1.770950 0.171353
v 0.562881 1.768700 0.102355
v 0.562880 1.828397 0.065815
v 0.000000 2.101974 -0.000000
v 0.028794 0.251451 0.269113
v -0.034104 0.248941 0.346926
v 0.071900 0.242089 0.347138
v 0.119983 0.222489 0.268944
v 0.196004 0.160137 0.268988
v 0.170701 0.185018 0.346968
v 0.239092 0.083637 0.347068
v 0.238090 0.081176 0.271068
v 0.252618 0.017408 0.268859
v 0.164531 -0.192384 0.347147
v 0.176778 -0.181709 0.269281
v 0.245354 -0.065598 0.347080
v 0.238837 -0.083949 0.269184
v 0.062369 -0.243416 0.346913
v 0.092861 -0.234858 0.268859
v 0.011447 -0.252126 0.268878
v -0.058586 -0.247216 0.347033
v -0.150576 -0.202737 0.269029
v -0.077727 -0.240561 0.269153
v -0.177242 -0.179383 0.347013
v -0.188847 -0.167208 0.268662
v -0.231973 -0.096241 0.346999
v -0.232405 -0.100931 0.268956
v -0.251668 -0.017660 0.268805
v -0.252819 0.015581 0.347078
v -0.211128 0.137906 0.347021
v -0.245483 0.058549 0.269019
v -0.209259 0.142258 0.268894
v -0.145764 0.206187 0.268909
v -0.064710 0.244383 0.268782
v -0.129131 0.216416 0.347098
v 0.268785 -0.125135 0.267000
v 0.152033 -0.249300 0.267000
v -0.261745 0.139261 0.267000
v 0.026531 0.295297 0.267000
v 0.004883 -0.294682 0.267000
v -0.244645 -0.157665 0.267000
v -0.289970 -0.043576 0.267000
v -0.138549 0.257039 0.267000
v 0.219797 0.198980 0.267000
v 0.288798 0.043137 0.267000
v -0.158157 -0.246917 0.267000
v -0.130708 0.261113 0.207000
v -0.256894 0.148019 0.207000
v -0.291389 -0.018890 0.207000
v -0.251041 -0.151525 0.207000
v -0.152032 -0.249301 0.207000
v -0.035430 -0.289844 0.207000
v 0.132246 -0.265358 0.207000
v 0.269596 -0.119077 0.207000
v 0.289971 0.034373 0.207000
v 0.249852 0.151123 0.207000
v 0.152896 0.250209 0.207000
v 0.004704 0.293188 0.207000
v -0.122112 -0.030588 0.210986
v -0.039228 0.119740 0.210337
v 0.031483 0.121118 0.210149
v -0.093906 0.088290 0.209497
v -0.081550 -0.096381 0.211027
v 0.050631 -0.115954 0.210439
v -0.018060 -0.124252 0.210519
v 0.111149 -0.061373 0.210775
v 0.125740 0.016242 0.210526
v 0.088786 0.092779 0.209347
v -0.122251 0.026860 0.214358
v -0.103573 0.072626 0.256256
v 0.099662 0.079511 0.255540
v 0.052270 0.141332 0.499890
v 0.110741 0.103638 0.499448
v 0.149164 0.030806 0.499784
v 0.138813 -0.063874 0.499887
v 0.075779 -0.131561 0.499394
v -0.003646 -0.152150 0.499810
v -0.092981 -0.121245 0.499889
v -0.152796 -0.020876 0.499590
v -0.126249 0.084152 0.499694
v -0.081816 0.126279 0.499834
v -0.013352 0.151301 0.499614
v 0.047301 -0.163661 0.500000
v 0.136508 -0.104382 0.500000
v 0.170268 -0.005579 0.500000
v 0.141457 0.097568 0.500000
v -0.171791 0.004211 0.500000
v -0.141036 -0.095558 0.500000
v -0.057089 -0.162083 0.500000
v 0.057926 0.160209 0.500000
v -0.049080 0.164684 0.500000
v -0.134468 0.104596 0.500000
v 0.039432 0.167793 0.394544
v 0.101399 0.137490 0.394804
v 0.138667 0.099559 0.395325
v 0.165049 0.045559 0.394908
v 0.168846 -0.031312 0.395268
v 0.036086 -0.167014 0.394982
v -0.096687 -0.140928 0.395067
v -0.162140 -0.053197 0.395025
v -0.159243 0.059540 0.400231
v -0.146078 0.091721 0.394305
v -0.097955 0.139976 0.394978
v -0.041173 0.166093 0.394871
v -0.138010 -0.101090 0.395097
v 0.092924 -0.143791 0.394674
v 0.137780 -0.101559 0.395230
v -0.032588 -0.169265 0.394149
v -0.171150 0.002438 0.395074
v -0.508729 0.324598 -0.254059
v -0.507721 0.218146 -0.271516
v -0.507393 0.255765 -0.291586
v -0.507846 0.285017 -0.271012
v -0.507980 0.288115 -0.239820
v -0.508012 0.267109 -0.214127
v -0.506074 0.246912 -0.212830
v -0.507616 0.214863 -0.233882
v -0.446271 0.290438 -0.313224
v -0.446270 0.216862 -0.316256
v -0.508730 0.285182 -0.316256
v -0.508730 0.211609 -0.313223
v -0.508729 0.290439 -0.188822
v -0.508730 0.177448 -0.247988
v -0.508729 0.216865 -0.185787
v -0.446270 0.177449 -0.254057
v -0.447206 0.253033 -0.290168
v -0.446882 0.211436 -0.260212
v -0.447116 0.252825 -0.212178
v -0.446271 0.285182 -0.185788
v -0.447548 0.281676 -0.227036
v -0.447448 0.288232 -0.266208
v -0.446271 0.324598 -0.247989
v -0.447394 0.224926 -0.221821
v -0.446270 0.211610 -0.188822
v -0.448948 0.223986 -0.278918
v -0.840712 0.212845 -0.187968
v -0.840661 0.215485 -0.315641
v -0.841159 0.177643 -0.252582
v -0.841090 0.289085 -0.313836
v -0.841280 0.286313 -0.186765
v -0.840809 0.324649 -0.249482
v -0.390000 0.262390 -0.219793
v -0.390000 0.256794 -0.218293
v -0.390000 0.251023 -0.251023
v -0.390000 0.251023 -0.217789
v -0.390000 0.245252 -0.218293
v -0.390000 0.276482 -0.229660
v -0.390000 0.272385 -0.225564
v -0.390000 0.267640 -0.222241
v -0.390000 0.283752 -0.245252
v -0.390000 0.282253 -0.239656
v -0.390000 0.279805 -0.234406
v -0.390000 0.282253 -0.262390
v -0.390000 0.283752 -0.256794
v -0.390000 0.284257 -0.251023
v -0.390000 0.272385 -0.276482
v -0.390000 0.276482 -0.272385
v -0.390000 0.279805 -0.267640
v -0.390000 0.256794 -0.283752
v -0.390000 0.262390 -0.282253
v -0.390000 0.267640 -0.279805
v -0.390000 0.239656 -0.282253
v -0.390000 0.245252 -0.283752
v -0.390000 0.251023 -0.284257
v -0.390000 0.225564 -0.272385
v -0.390000 0.229660 -0.276482
v -0.390000 0.234406 -0.279805
v -0.390000 0.218293 -0.256794
v -0.390000 0.219793 -0.262390
v -0.390000 0.222241 -0.267640
v -0.390000 0.219793 -0.239656
v -0.390000 0.218293 -0.245252
v -0.390000 0.217788 -0.251023
v -0.390000 0.229660 -0.225564
v -0.390000 0.225564 -0.229660
v -0.390000 0.222241 -0.234406
v -0.390000 0.239656 -0.219793
v -0.390000 0.234406 -0.222241
v -0.396766 0.251023 -0.291023
v -0.396766 0.244077 -0.290415
v -0.396766 0.237342 -0.288611
v -0.396766 0.231023 -0.285664
v -0.396766 0.225311 -0.281665
v -0.396766 0.220381 -0.276734
v -0.396766 0.216382 -0.271023
v -0.396766 0.211630 -0.257969
v -0.396766 0.211023 -0.251023
v -0.396766 0.211630 -0.244077
v -0.396766 0.213435 -0.237342
v -0.396766 0.220381 -0.225311
v -0.396766 0.225311 -0.220381
v -0.396766 0.231023 -0.216382
v -0.396766 0.237342 -0.213435
v -0.396766 0.244077 -0.211631
v -0.396766 0.251023 -0.211023
v -0.396766 0.257969 -0.211631
v -0.396766 0.264704 -0.213435
v -0.396766 0.271023 -0.216382
v -0.396766 0.276734 -0.220381
v -0.396766 0.281665 -0.225311
v -0.396766 0.285664 -0.231023
v -0.396766 0.288611 -0.237342
v -0.396766 0.290415 -0.244077
v -0.396766 0.291023 -0.251023
v -0.396766 0.290415 -0.257969
v -0.396766 0.288611 -0.264704
v -0.396766 0.281665 -0.276734
v -0.396766 0.276734 -0.281665
v -0.396766 0.271023 -0.285664
v -0.396766 0.264704 -0.288611
v -0.396766 0.257969 -0.290415
v -0.789283 0.271559 -0.214567
v -0.788747 0.292017 -0.241947
v -0.789011 0.281544 -0.280462
v -0.396766 0.285664 -0.271023
v -0.788887 0.246383 -0.292395
v -0.788972 0.220933 -0.279561
v -0.396766 0.213435 -0.264704
v -0.789045 0.210053 -0.255665
v -0.788997 0.213985 -0.232802
v -0.396766 0.216382 -0.231023
v -0.788829 0.237301 -0.211311
v -0.790676 0.192269 -0.245884
v -0.790729 0.217936 -0.200052
v -0.790710 0.303389 -0.283691
v -0.790659 0.249667 -0.310432
v -0.790688 0.205343 -0.289352
v -0.790695 0.269764 -0.195000
v -0.790659 0.303150 -0.222493
v -0.791500 0.326078 -0.251023
v -0.791500 0.175967 -0.251023
v -0.791500 0.213495 -0.316023
v -0.791500 0.288551 -0.186023
v -0.791500 0.213495 -0.186023
v -0.791500 0.288551 -0.316023
v 0.146354 0.460008 0.208144
v 0.125154 0.476083 0.205195
v 0.150631 0.475992 0.208144
v 0.103195 0.460000 0.190203
v 0.089535 0.476000 0.160909
v 0.089163 0.460000 0.133957
v 0.101985 0.476000 0.107314
v 0.124831 0.460000 0.092177
v 0.173012 0.476000 0.090090
v 0.173661 0.460000 0.093751
v 0.206660 0.460000 0.129841
v 0.209543 0.476000 0.146476
v 0.200827 0.460000 0.178346
v 0.188600 0.476000 0.193977
v 0.159983 0.459949 0.208123
v 0.144347 0.476009 0.179220
v 0.128952 0.460060 0.174423
v 0.118604 0.476000 0.161457
v 0.119341 0.460000 0.134952
v 0.126630 0.476000 0.124930
v 0.151616 0.460000 0.116062
v 0.159058 0.476000 0.118548
v 0.182969 0.460000 0.152642
v 0.181553 0.476000 0.148480
v 0.156584 0.475962 0.179044
v 0.152638 0.459991 0.179220
v -0.446270 -0.285184 0.185790
v -0.447216 -0.240670 0.213067
v -0.447116 -0.249221 0.289867
v -0.447324 -0.279260 0.223171
v -0.446270 -0.324598 0.247991
v -0.447548 -0.220367 0.275006
v -0.446269 -0.216862 0.316256
v -0.447585 -0.213694 0.236901
v -0.446270 -0.177449 0.254055
v -0.446270 -0.211610 0.188822
v -0.446895 -0.288971 0.264868
v -0.446270 -0.290436 0.313224
v -0.508731 -0.285183 0.316256
v -0.508730 -0.177448 0.247989
v -0.508730 -0.211609 0.313224
v -0.508730 -0.290437 0.188822
v -0.508730 -0.216863 0.185789
v -0.507721 -0.283902 0.230533
v -0.507683 -0.253425 0.211415
v -0.507886 -0.221163 0.226173
v -0.507725 -0.212004 0.255770
v -0.508012 -0.234940 0.287922
v -0.506074 -0.255129 0.289216
v -0.507617 -0.287180 0.268173
v -0.508730 -0.324598 0.254056
v -0.448926 -0.275641 0.280510
v -0.185396 0.281492 0.411571
v -0.201004 0.297928 0.346400
v -0.258702 0.321554 0.347812
v -0.249001 0.325203 0.411631
v -0.208661 0.261179 0.414252
v -0.314289 0.287860 0.409622
v -0.292932 0.244831 0.412000
v -0.313512 0.211169 0.412099
v -0.246046 0.295269 0.415836
v -0.233562 0.185124 0.412684
v -0.220328 0.218769 0.415836
v -0.264206 0.210496 0.414497
v -0.288842 0.274144 0.415140
v -0.314848 0.286680 0.349564
v -0.254977 0.284909 0.433743
v -0.218919 0.249125 0.433145
v -0.244654 0.219988 0.433086
v -0.283734 0.233951 0.431766
v -0.244469 0.178704 0.346894
v -0.185350 0.231144 0.346481
v -0.185989 0.213649 0.406319
v -0.313506 0.211359 0.347429
v -0.235479 -0.222240 0.433189
v -0.223188 -0.269348 0.433222
v -0.264033 -0.287660 0.429758
v -0.289258 -0.246255 0.431192
v -0.281101 -0.219724 0.414301
v -0.242985 -0.209031 0.415475
v -0.216201 -0.228032 0.412000
v -0.209653 -0.239489 0.423419
v -0.217801 -0.280256 0.415361
v -0.237647 -0.291220 0.412000
v -0.287003 -0.274732 0.412000
v -0.316663 -0.231156 0.346418
v -0.301041 -0.297927 0.346400
v -0.235405 -0.317829 0.346466
v -0.251675 -0.324041 0.409685
v -0.185358 -0.270899 0.346466
v -0.189412 -0.290423 0.410533
v -0.316208 -0.286341 0.411617
v -0.310223 -0.209422 0.411571
v -0.244597 -0.178955 0.411571
v -0.266645 -0.184201 0.346494
v -0.185396 -0.220554 0.411571
v -0.290859 0.261699 0.265889
v -0.258514 0.293502 0.265956
v -0.208587 0.262394 0.265961
v -0.230132 0.214838 0.266027
v -0.278749 0.217980 0.265956
v 0.235412 0.317793 0.346400
v 0.295488 0.245845 0.412000
v 0.316650 0.281492 0.411571
v 0.248462 0.208007 0.413874
v 0.250371 0.178005 0.409685
v 0.312633 0.211623 0.410534
v 0.191823 0.292623 0.411571
v 0.213331 0.273023 0.415938
v 0.257449 0.323090 0.411571
v 0.254646 0.294672 0.413970
v 0.213850 0.228206 0.414980
v 0.185838 0.215705 0.411617
v 0.185383 0.270892 0.346419
v 0.200983 0.204100 0.346451
v 0.266642 0.184217 0.346466
v 0.316672 0.231152 0.346436
v 0.301063 0.297946 0.346451
v 0.244219 0.284027 0.433498
v 0.286508 0.267916 0.430353
v 0.271915 0.218267 0.430698
v 0.220138 0.241804 0.433077
v 0.316650 -0.220554 0.411571
v 0.312634 -0.290423 0.410533
v 0.266636 -0.317803 0.346418
v 0.214326 -0.238585 0.430457
v 0.246854 -0.212251 0.430576
v 0.291820 -0.234321 0.415420
v 0.284318 -0.252977 0.433197
v 0.284268 -0.279956 0.413384
v 0.251809 -0.289072 0.430749
v 0.209772 -0.269469 0.414993
v 0.185593 -0.254857 0.412607
v 0.250371 -0.324041 0.409685
v 0.228826 -0.287107 0.412000
v 0.191029 -0.291313 0.410988
v 0.237190 -0.209367 0.412000
v 0.191823 -0.209422 0.411571
v 0.257448 -0.178955 0.411571
v 0.185358 -0.231146 0.346467
v 0.200984 -0.297946 0.346451
v 0.366343 0.249547 0.347000
v 0.358562 0.257953 0.267000
v 0.443578 0.056540 0.267000
v 0.438911 0.064895 0.347000
v 0.429880 -0.101537 0.347000
v 0.403437 -0.183632 0.267000
v 0.348774 -0.276790 0.347000
v 0.303995 -0.320461 0.267000
v 0.173491 -0.407900 0.347000
v 0.137782 -0.423406 0.267000
v -0.017509 -0.442917 0.347000
v -0.079932 -0.435996 0.267000
v -0.183248 -0.401905 0.347000
v -0.236854 -0.372837 0.267000
v -0.303991 -0.320463 0.347000
v -0.345233 -0.275539 0.267000
v -0.403437 -0.183630 0.347000
v -0.425342 -0.124763 0.267000
v -0.443579 0.056541 0.347000
v -0.438914 0.064887 0.267000
v -0.366342 0.249549 0.267000
v -0.358561 0.257955 0.347000
v -0.268095 0.347113 0.347000
v -0.267612 0.346909 0.267000
v 0.266523 0.348037 0.267000
v 0.267611 0.346910 0.347000
v 0.000000 0.350000 0.347000
v 0.223661 0.284466 0.265744
v 0.265043 0.289539 0.266040
v 0.293480 0.259053 0.266023
v 0.271915 0.214838 0.266027
v 0.230131 0.214838 0.265941
v 0.210847 0.243938 0.266040
v 0.207655 0.295112 0.262762
v 0.194944 0.224771 0.263088
v 0.238261 0.188613 0.263127
v 0.313386 0.240332 0.262690
v 0.300962 0.290293 0.262375
v 0.250423 0.314351 0.262193
v 0.185043 0.262037 0.255145
v 0.290402 0.195906 0.255251
v 0.198823 0.295704 -0.255420
v 0.257703 0.313239 -0.262215
v 0.308144 0.282507 -0.261851
v 0.299873 0.201178 -0.255680
v 0.221244 0.193931 -0.261944
v 0.186948 0.234436 -0.255082
v 0.293480 0.259053 -0.265773
v 0.288292 0.203949 -0.265282
v 0.271915 0.214838 -0.265972
v 0.230131 0.214838 -0.266027
v 0.210847 0.243938 -0.266040
v 0.195211 0.273157 -0.265282
v 0.223661 0.284466 -0.266023
v 0.265043 0.289539 -0.266000
v 0.366343 0.249547 -0.267000
v -0.258514 0.293502 -0.265957
v -0.266523 0.348037 -0.267000
v -0.208587 0.262394 -0.265962
v -0.048212 0.249010 -0.267000
v -0.164537 0.190466 -0.267000
v -0.358561 0.257955 -0.267000
v -0.290859 0.261698 -0.265889
v -0.230132 0.214838 -0.265941
v -0.278749 0.217980 -0.266000
v -0.245952 0.068108 -0.267000
v 0.267611 0.346910 -0.267000
v 0.219740 0.129790 -0.267000
v 0.438911 0.064895 -0.267000
v 0.094162 0.235075 -0.267000
v 0.312760 -0.311912 -0.267000
v 0.278386 -0.284465 -0.266000
v 0.103878 -0.230947 -0.267000
v 0.214424 -0.230679 -0.265765
v 0.214060 -0.135296 -0.267000
v 0.173491 -0.407900 -0.267000
v 0.219869 -0.282177 -0.266018
v -0.017509 -0.442917 -0.267000
v -0.039888 -0.250156 -0.267000
v 0.289464 -0.233096 -0.266000
v 0.419829 -0.148322 -0.267000
v 0.251023 -0.209241 -0.266000
v 0.251162 -0.013527 -0.267000
v -0.403437 -0.183630 -0.267000
v -0.234526 -0.211587 -0.265909
v -0.157418 -0.196391 -0.267000
v -0.209240 -0.251023 -0.266000
v -0.249119 -0.371985 -0.267000
v -0.287787 -0.274291 -0.265826
v -0.282154 -0.222728 -0.266077
v -0.443579 0.056541 -0.267000
v -0.234526 -0.290459 -0.266023
v -0.234587 -0.095371 -0.267000
v -0.267612 0.346909 -0.347000
v -0.319734 0.294345 -0.347000
v -0.412108 0.163244 -0.347000
v -0.440916 -0.077162 -0.347000
v -0.321752 -0.296890 -0.347000
v -0.236854 -0.372837 -0.347000
v -0.079932 -0.435996 -0.347000
v 0.137782 -0.423406 -0.347000
v 0.318929 -0.297979 -0.347001
v 0.403437 -0.183632 -0.347000
v 0.443578 0.056540 -0.347000
v 0.324515 0.294044 -0.347000
v 0.266523 0.348037 -0.347000
v -0.251023 0.326078 -0.347000
v -0.316023 0.213495 -0.347000
v -0.186023 0.288551 -0.347000
v -0.039888 0.250156 -0.347000
v -0.239646 0.076939 -0.347000
v -0.251023 0.175967 -0.347000
v -0.171927 0.185924 -0.347000
v -0.186023 0.213495 -0.347000
v -0.251023 -0.326079 -0.347000
v -0.186023 -0.288551 -0.347000
v -0.316023 -0.213495 -0.347000
v -0.251023 -0.175967 -0.347000
v -0.220113 -0.119801 -0.347000
v -0.048212 -0.249010 -0.347000
v -0.164537 -0.190466 -0.347000
v -0.186023 -0.213495 -0.347000
v 0.076873 -0.239668 -0.347000
v 0.186023 -0.288551 -0.347000
v 0.186023 -0.213495 -0.347000
v 0.251023 -0.326079 -0.347000
v 0.316023 -0.213495 -0.347000
v 0.243694 -0.062261 -0.347000
v 0.251023 -0.175967 -0.347000
v 0.185037 -0.172882 -0.347000
v 0.186023 0.288551 -0.347000
v 0.186023 0.213495 -0.347000
v 0.103873 0.230948 -0.347000
v 0.246008 0.060392 -0.347033
v 0.251023 0.175967 -0.347000
v 0.251023 0.326078 -0.347000
v 0.316023 0.213495 -0.347000
v 0.202009 0.150141 -0.347000
v 0.316757 0.229015 -0.400031
v 0.254315 0.176989 -0.400025
v 0.188196 0.214751 -0.397570
v 0.185975 0.283806 -0.398382
v 0.243374 0.322592 -0.399699
v 0.308559 0.293884 -0.399734
v 0.316757 -0.273031 -0.400031
v 0.254313 -0.325057 -0.400025
v 0.188196 -0.287294 -0.397570
v 0.185974 -0.218240 -0.398382
v 0.243374 -0.179454 -0.399699
v 0.308559 -0.208162 -0.399734
v -0.185293 -0.273027 -0.400038
v -0.247731 -0.325059 -0.400022
v -0.313850 -0.287294 -0.397570
v -0.316072 -0.218240 -0.398382
v -0.193487 -0.208161 -0.399734
v -0.258671 -0.179454 -0.399699
v -0.185306 0.229028 -0.400058
v -0.247730 0.176990 -0.400026
v -0.313850 0.214751 -0.397570
v -0.315528 0.283343 -0.399354
v -0.258683 0.322639 -0.399628
v -0.193478 0.293894 -0.399716
v 0.187843 -0.245609 -0.262689
v 0.219326 -0.193515 -0.261142
v 0.279791 -0.195440 -0.262222
v 0.312502 -0.261907 -0.263325
v 0.284779 -0.303726 -0.262222
v 0.210931 -0.299277 -0.263011
v 0.244696 -0.316908 -0.255082
v 0.314087 -0.228715 -0.255144
v 0.195194 -0.224419 0.262762
v 0.232872 -0.185762 0.255251
v 0.295900 -0.203523 0.260539
v 0.313454 -0.255249 0.262215
v 0.295460 -0.294557 0.262919
v 0.245644 -0.320606 0.255681
v 0.185762 -0.269178 0.255251
v 0.238461 -0.209333 0.266087
v 0.287443 -0.227159 0.265875
v 0.278386 -0.284465 0.265744
v 0.230679 -0.287622 0.266143
v 0.209241 -0.251023 0.266000
v -0.312061 -0.259620 -0.263395
v -0.298220 -0.297426 -0.255082
v -0.261402 -0.313021 -0.262454
v -0.211696 -0.300574 -0.262584
v -0.186804 -0.239230 -0.261949
v -0.238428 -0.183476 -0.255420
v -0.265132 -0.191609 -0.265432
v -0.306137 -0.211641 -0.255250
v -0.282154 -0.222728 0.265923
v -0.234526 -0.211587 0.266067
v -0.208587 -0.262395 0.266000
v -0.258513 -0.293502 0.265909
v -0.290859 -0.261698 0.265889
v -0.302655 0.293552 0.255145
v -0.260913 0.312723 0.262999
v -0.203583 0.299376 0.255251
v -0.188194 0.265226 0.263711
v -0.205913 0.207657 0.262215
v -0.253041 0.187525 0.262374
v -0.297424 0.203825 0.255083
v -0.313614 0.247411 0.263717
v 0.249315 -0.191007 0.265282
v 0.213754 -0.298097 0.265282
v -0.308787 -0.226933 0.262222
v -0.272192 -0.191967 0.263011
v -0.218156 -0.193920 0.261511
v -0.187282 -0.249291 0.261284
v -0.207175 -0.294742 0.263088
v -0.244479 -0.318445 0.255251
v -0.289073 -0.301757 0.262792
v -0.311474 -0.265815 0.262523
v -0.303994 0.289030 -0.260239
v -0.254534 0.313352 -0.262597
v -0.200101 0.292296 -0.260957
v -0.192190 0.227771 -0.262584
v -0.240741 0.186286 -0.260957
v -0.296131 0.207655 -0.262215
v -0.312585 0.245125 -0.262762
v 0.039889 0.250156 0.347000
v -0.121678 0.224334 0.347000
v -0.231481 0.102679 0.347000
v -0.250119 -0.040512 0.347000
v 0.252887 -0.013216 0.347000
v 0.200260 0.162054 0.347000
v 0.120453 -0.222751 0.347000
v 0.235408 -0.184233 0.346435
v 0.212435 -0.134988 0.347000
v -0.196348 -0.157472 0.347000
v -0.059216 -0.250679 0.347000
v 0.252887 0.013216 0.267000
v 0.212435 0.134988 0.267000
v 0.120453 0.222751 0.267000
v -0.059214 0.250679 0.267000
v -0.219740 0.129790 0.267000
v -0.251161 -0.013528 0.267000
v -0.214059 -0.135297 0.267000
v -0.103875 -0.230948 0.267000
v 0.039889 -0.250156 0.267000
v 0.200260 -0.162054 0.267000
v 0.316654 -0.270888 0.346400
v 0.301081 -0.204084 0.346494
v -0.200990 -0.204105 0.346435
v -0.841157 0.212981 0.313792
v -0.841018 0.215627 0.186612
v -0.841054 0.289097 0.188187
v -0.840855 0.324617 0.252564
v -0.840713 0.177329 0.249488
v -0.841018 0.286417 0.315434
v -0.396766 0.251023 0.291023
v -0.396766 0.257969 0.290415
v -0.789339 0.277105 0.285042
v -0.396766 0.264704 0.288611
v -0.396766 0.271023 0.285664
v -0.396766 0.276734 0.281665
v -0.396766 0.281665 0.276734
v -0.396766 0.288611 0.264704
v -0.396766 0.285664 0.271023
v -0.396766 0.290415 0.257969
v -0.789024 0.292133 0.255818
v -0.396766 0.291023 0.251023
v -0.396766 0.290415 0.244077
v -0.396766 0.288611 0.237342
v -0.396766 0.281665 0.225311
v -0.788809 0.287200 0.231146
v -0.396766 0.285664 0.231023
v -0.396766 0.276734 0.220381
v -0.396766 0.271023 0.216382
v -0.396766 0.264704 0.213435
v -0.396766 0.251023 0.211023
v -0.788923 0.262834 0.210785
v -0.396766 0.257969 0.211631
v -0.396766 0.244077 0.211631
v -0.396766 0.237342 0.213435
v -0.789026 0.225228 0.217400
v -0.396766 0.231023 0.216382
v -0.396766 0.220381 0.225311
v -0.396766 0.225311 0.220381
v -0.396766 0.216382 0.231023
v -0.396766 0.213435 0.237342
v -0.396766 0.211630 0.244077
v -0.788893 0.209134 0.252157
v -0.396766 0.211630 0.257969
v -0.396766 0.211023 0.251023
v -0.396766 0.213435 0.264704
v -0.396766 0.216382 0.271023
v -0.396766 0.220381 0.276734
v -0.789115 0.221103 0.279453
v -0.396766 0.231023 0.285664
v -0.396766 0.225311 0.281665
v -0.396766 0.237342 0.288611
v -0.788893 0.242577 0.291479
v -0.396766 0.244077 0.290415
v -0.790739 0.234583 0.194513
v -0.790662 0.196275 0.225492
v -0.790703 0.197563 0.275955
v -0.790714 0.284104 0.200055
v -0.790633 0.310423 0.249665
v -0.790676 0.226101 0.304477
v -0.790724 0.283693 0.303394
v -0.791500 0.175967 0.251023
v -0.791500 0.213495 0.186023
v -0.791500 0.326078 0.251023
v -0.791500 0.288551 0.186023
v -0.791500 0.288551 0.316023
v -0.791500 0.213495 0.316023
v -0.390000 0.239656 0.219793
v -0.390000 0.234406 0.222241
v -0.390000 0.229660 0.225564
v -0.390000 0.225564 0.229660
v -0.390000 0.222241 0.234406
v -0.390000 0.219793 0.239656
v -0.390000 0.218293 0.245252
v -0.390000 0.217788 0.251023
v -0.390000 0.219793 0.262390
v -0.390000 0.222241 0.267640
v -0.390000 0.225564 0.272386
v -0.390000 0.229660 0.276482
v -0.390000 0.234406 0.279805
v -0.390000 0.245252 0.283752
v -0.390000 0.251023 0.284257
v -0.390000 0.256794 0.283752
v -0.390000 0.262390 0.282253
v -0.390000 0.267640 0.279805
v -0.390000 0.272385 0.276482
v -0.390000 0.276482 0.272386
v -0.390000 0.279805 0.267640
v -0.390000 0.282253 0.262390
v -0.390000 0.283752 0.256794
v -0.390000 0.284257 0.251023
v -0.390000 0.283752 0.245252
v -0.390000 0.282253 0.239656
v -0.390000 0.279805 0.234406
v -0.390000 0.276482 0.229660
v -0.390000 0.262390 0.219793
v -0.390000 0.256794 0.218293
v -0.390000 0.251023 0.217789
v -0.390000 0.245252 0.218293
v -0.390000 0.251023 0.251023
v -0.390000 0.272385 0.225564
v -0.390000 0.267640 0.222241
v -0.390000 0.218293 0.256794
v -0.390000 0.239656 0.282253
v -0.063837 1.174132 0.063833
v 0.026384 1.027008 -0.088230
v -0.055330 1.027005 -0.072527
v -0.048517 0.477734 -0.111746
v -0.040266 0.479964 0.113108
v -0.090872 0.479508 0.079611
v -0.117073 0.478507 0.022117
v -0.112228 0.480029 -0.044850
v -0.039966 0.627000 -0.113207
v 0.039977 0.627000 0.113203
v 0.050451 0.477826 0.110435
v 0.082036 0.974763 0.089601
v -0.000821 0.975288 0.121140
v -0.035866 0.627000 0.118039
v -0.045897 0.975407 -0.110712
v 0.034272 0.627000 -0.118282
v 0.014491 0.975771 -0.118558
v 0.114795 0.480636 -0.040184
v 0.118082 0.974879 -0.026300
v 0.077144 0.975315 -0.092403
v 0.048541 0.477870 -0.111816
v -0.106055 0.975475 -0.058887
v -0.118732 0.975692 0.009777
v -0.090129 0.975671 0.083524
v 0.114815 0.478689 0.037727
v 0.113942 0.976355 0.033575
v 0.018750 0.978973 -0.091874
v 0.064169 0.980509 -0.065811
v 0.085711 0.978821 -0.035210
v 0.092669 0.979224 0.010899
v 0.071216 0.979627 0.059327
v 0.038287 0.980709 0.083363
v -0.001499 0.979197 0.093135
v -0.052988 0.979162 0.076706
v -0.084423 0.979331 0.038150
v -0.092205 0.979637 0.000157
v -0.064486 0.980935 -0.064452
v -0.033886 0.979339 -0.086636
v -0.086938 0.979364 -0.033281
v -0.088230 1.027007 -0.026381
v -0.064817 1.173849 -0.063191
v 0.087124 1.027013 0.028080
v -0.028072 1.027012 0.087125
v -0.072527 1.027006 0.055329
v 0.053921 1.027004 0.073366
v 0.073368 1.027004 -0.053918
v 0.063842 1.174842 -0.063839
v 0.063126 1.174041 0.064773
v -0.841054 -0.212949 0.188187
v -0.840661 -0.286563 0.186405
v -0.841158 -0.324403 0.249462
v -0.840854 -0.177429 0.252566
v -0.841280 -0.215734 0.315281
v -0.840712 -0.289199 0.314078
v -0.791500 -0.213495 0.186023
v -0.791500 -0.288551 0.186023
v -0.791500 -0.326079 0.251023
v -0.791500 -0.288551 0.316023
v -0.790729 -0.202500 0.214440
v -0.790695 -0.249474 0.191969
v -0.790659 -0.290248 0.206383
v -0.790666 -0.310645 0.251023
v -0.790574 -0.281676 0.304099
v -0.790676 -0.226100 0.304476
v -0.790688 -0.194989 0.271420
v -0.788840 -0.231048 0.287875
v -0.789035 -0.210831 0.261569
v -0.789093 -0.216183 0.227000
v -0.789024 -0.243201 0.210368
v -0.788973 -0.276813 0.217399
v -0.788879 -0.292123 0.247399
v -0.789161 -0.284885 0.275736
v -0.788756 -0.260730 0.290988
v -0.396766 -0.251023 0.291023
v -0.396766 -0.244077 0.290415
v -0.396766 -0.237342 0.288611
v -0.396766 -0.231023 0.285664
v -0.396766 -0.225311 0.281665
v -0.396766 -0.220381 0.276734
v -0.396766 -0.213435 0.264704
v -0.396766 -0.216382 0.271023
v -0.396766 -0.211631 0.257969
v -0.396766 -0.211023 0.251023
v -0.396766 -0.211631 0.244077
v -0.396766 -0.213435 0.237342
v -0.396766 -0.220381 0.225311
v -0.396766 -0.216382 0.231023
v -0.396766 -0.225311 0.220381
v -0.396766 -0.231023 0.216382
v -0.396766 -0.237342 0.213435
v -0.396766 -0.251023 0.211023
v -0.396766 -0.244077 0.211631
v -0.396766 -0.257969 0.211631
v -0.396766 -0.264704 0.213435
v -0.396766 -0.271023 0.216382
v -0.396766 -0.281665 0.225311
v -0.396766 -0.276735 0.220381
v -0.396766 -0.285664 0.231023
v -0.396766 -0.288611 0.237342
v -0.396766 -0.290415 0.244077
v -0.396766 -0.290415 0.257969
v -0.396766 -0.291023 0.251023
v -0.396766 -0.288611 0.264704
v -0.396766 -0.285664 0.271023
v -0.396766 -0.281665 0.276734
v -0.396766 -0.271023 0.285664
v -0.396766 -0.276735 0.281665
v -0.396766 -0.264704 0.288611
v -0.396766 -0.257969 0.290415
v -0.390000 -0.239656 0.282253
v -0.390000 -0.245252 0.283752
v -0.390000 -0.251023 0.251023
v -0.390000 -0.251023 0.284257
v -0.390000 -0.256794 0.283752
v -0.390000 -0.225564 0.272386
v -0.390000 -0.229660 0.276482
v -0.390000 -0.234406 0.279805
v -0.390000 -0.218294 0.256794
v -0.390000 -0.219793 0.262390
v -0.390000 -0.222241 0.267640
v -0.390000 -0.219793 0.239656
v -0.390000 -0.218294 0.245252
v -0.390000 -0.217789 0.251023
v -0.390000 -0.229660 0.225564
v -0.390000 -0.225564 0.229660
v -0.390000 -0.222241 0.234406
v -0.390000 -0.245252 0.218293
v -0.390000 -0.239656 0.219793
v -0.390000 -0.234406 0.222241
v -0.390000 -0.262390 0.219793
v -0.390000 -0.256794 0.218293
v -0.390000 -0.251023 0.217789
v -0.390000 -0.276482 0.229660
v -0.390000 -0.272386 0.225564
v -0.390000 -0.267640 0.222241
v -0.390000 -0.283753 0.245252
v -0.390000 -0.282253 0.239656
v -0.390000 -0.279805 0.234406
v -0.390000 -0.282253 0.262390
v -0.390000 -0.283753 0.256794
v -0.390000 -0.284257 0.251023
v -0.390000 -0.272386 0.276482
v -0.390000 -0.276482 0.272386
v -0.390000 -0.279805 0.267640
v -0.390000 -0.262390 0.282253
v -0.390000 -0.267640 0.279805
v -0.791500 -0.213495 0.316023
v -0.791500 -0.175967 0.251023
v -0.840661 -0.177292 -0.249489
v -0.841018 -0.286418 -0.315434
v -0.841157 -0.289066 -0.188254
v -0.841190 -0.212991 -0.313772
v -0.840713 -0.324717 -0.252555
v -0.841018 -0.215627 -0.186612
v -0.791500 -0.288551 -0.186023
v -0.791500 -0.213495 -0.186023
v -0.390000 -0.251023 -0.251023
v -0.788955 -0.248127 -0.209761
v -0.788881 -0.219867 -0.222942
v -0.789063 -0.209526 -0.259145
v -0.789039 -0.232865 -0.288845
v -0.788810 -0.265792 -0.289769
v -0.788978 -0.291220 -0.264468
v -0.789115 -0.287638 -0.231968
v -0.788874 -0.271347 -0.215262
v -0.790486 -0.297462 -0.286803
v -0.790729 -0.284109 -0.200052
v -0.790642 -0.217232 -0.199770
v -0.790680 -0.207667 -0.292083
v -0.790602 -0.257689 -0.310797
v -0.790667 -0.191978 -0.249484
v -0.790633 -0.310422 -0.249665
v -0.791500 -0.175967 -0.251023
v -0.791500 -0.213495 -0.316023
v -0.791500 -0.288551 -0.316023
v -0.791500 -0.326079 -0.251023
v -0.770000 -0.263846 0.214302
v -0.770000 -0.287620 0.241815
v -0.770000 -0.283391 0.270398
v -0.770000 -0.245157 0.290264
v -0.770000 -0.211486 0.250329
v -0.770000 -0.230871 0.213759
v -0.508730 -0.324598 -0.247990
v -0.446270 -0.324598 -0.254055
v -0.508730 -0.290437 -0.313224
v -0.446270 -0.285184 -0.316256
v -0.447216 -0.240671 -0.288980
v -0.447116 -0.249221 -0.212179
v -0.446895 -0.288971 -0.237182
v -0.446270 -0.290437 -0.188822
v -0.446270 -0.211610 -0.313224
v -0.446271 -0.216864 -0.185788
v -0.447548 -0.220370 -0.227036
v -0.447585 -0.213691 -0.265142
v -0.446270 -0.177448 -0.247990
v -0.447324 -0.279262 -0.278872
v -0.508730 -0.211609 -0.188822
v -0.508729 -0.285181 -0.185787
v -0.508730 -0.216863 -0.316256
v -0.508012 -0.234937 -0.214126
v -0.507683 -0.253419 -0.290632
v -0.507725 -0.212004 -0.246276
v -0.507616 -0.287179 -0.233873
v -0.507721 -0.283903 -0.271513
v -0.507886 -0.221163 -0.275873
v -0.508730 -0.177448 -0.254057
v -0.506074 -0.255137 -0.212831
v -0.448926 -0.275641 -0.221535
v -0.770000 0.236795 0.214905
v -0.770000 0.212710 0.249325
v -0.770000 0.231537 0.284752
v -0.770000 0.271940 0.282244
v -0.770000 0.290809 0.254720
v -0.770000 0.277093 0.222227
v -0.770000 0.288893 -0.243358
v -0.770000 0.283776 -0.270205
v -0.770000 0.257214 -0.292932
v -0.770000 0.228601 -0.282268
v -0.770000 0.212223 -0.246516
v -0.770000 0.234428 -0.212738
v -0.770000 0.263846 -0.214302
v -0.670581 1.300102 0.226000
v -0.665397 1.326362 0.225776
v -0.746002 1.369381 0.157003
v -0.745229 1.429035 0.156263
v -0.732703 1.385001 0.156876
v -0.734997 1.364178 0.226927
v -0.729140 1.362589 0.377370
v -0.747256 1.369457 0.376996
v -0.764716 1.379131 0.290000
v -0.785214 1.390100 0.288798
v -0.785505 1.392264 0.156052
v -0.793676 1.391517 0.291044
v -0.751622 1.372115 0.399140
v -0.748414 1.319945 0.376985
v -0.736192 1.325856 0.225607
v -0.733017 1.305420 0.156846
v -0.745794 1.320748 0.157398
v -0.751863 1.317753 0.399424
v -0.770331 1.309422 0.290003
v -0.730137 1.327802 0.377564
v -0.785633 1.299407 0.288939
v -0.785695 1.297891 0.156078
v -0.795141 1.520009 0.377271
v -0.780500 1.505820 0.378000
v -0.813405 1.500956 0.377010
v -0.745781 1.482564 0.377063
v -0.751853 1.508433 0.376941
v -0.770538 1.521851 0.377308
v -0.811787 1.472130 0.377279
v -0.798500 1.488500 0.374363
v -0.787249 1.454145 0.377619
v -0.761147 1.460616 0.377737
v -0.777458 1.524870 0.338621
v -0.751518 1.509363 0.339149
v -0.743992 1.485676 0.338664
v -0.756671 1.463174 0.338672
v -0.787258 1.453021 0.338849
v -0.813738 1.473280 0.338931
v -0.800331 1.517546 0.339603
v -0.682114 1.310260 0.227011
v -0.714806 1.309202 0.227011
v -0.779739 1.507837 0.220431
v -0.800945 1.487508 0.218982
v -0.775839 1.469424 0.220455
v -0.760671 1.491461 0.220591
v -0.636085 1.229547 0.278580
v -0.647845 1.205270 0.277481
v -0.638555 1.180006 0.277425
v -0.613941 1.170513 0.278536
v -0.588912 1.195272 0.278265
v -0.603626 1.224612 0.277528
v -0.597007 1.196656 0.278000
v -0.630891 1.219912 0.223870
v -0.639294 1.205256 0.218337
v -0.619124 1.181230 0.220308
v -0.601303 1.210029 0.220031
v -0.784206 1.283309 0.291229
v -0.746839 1.259550 0.288645
v -0.744515 1.260918 0.156049
v -0.655765 1.260956 0.156267
v -0.615483 1.297765 0.156045
v -0.675449 1.295770 0.290000
v -0.727678 1.295976 0.226000
v -0.724900 1.299038 0.290000
v -0.620542 1.236702 0.338931
v -0.612243 1.238262 0.338371
v -0.587272 1.213078 0.338954
v -0.589162 1.186549 0.338703
v -0.593447 1.175845 0.338591
v -0.650910 1.180628 0.338502
v -0.656771 1.202661 0.338537
v -0.653805 1.219408 0.338815
v -0.624917 1.166937 0.338721
v -0.564000 1.308989 0.330782
v -0.647080 1.382146 0.430365
v -0.624852 1.481759 0.403164
v -0.569061 1.566400 0.332919
v -0.718623 1.567888 0.361311
v -0.827358 1.566536 0.335807
v -0.837000 1.381008 0.330779
v -0.833271 1.563699 0.291969
v -0.835000 1.413965 0.399675
v -0.629500 1.217088 0.374842
v -0.750934 1.515050 0.390896
v -0.742456 1.479664 0.407812
v -0.769765 1.449039 0.413867
v -0.813072 1.465311 0.398570
v -0.821709 1.497612 0.382491
v -0.797876 1.525823 0.374334
v -0.613000 1.188510 0.358000
v -0.629875 1.185262 0.378000
v -0.587505 1.193275 0.377709
v -0.730122 1.390701 0.226000
v -0.725551 1.394230 0.290000
v -0.748569 1.434750 0.291975
v -0.654016 1.259565 0.288827
v -0.655175 1.250469 0.291830
v -0.616794 1.283951 0.291122
v -0.599176 1.323289 0.291704
v -0.798954 1.313115 0.292165
v -0.635254 1.310392 0.290000
v -0.632975 1.380306 0.290000
v -0.604271 1.385070 0.292038
v -0.636721 1.426233 0.291748
v -0.676100 1.390962 0.290000
v -0.696985 1.449454 0.292934
v -0.750582 1.254381 0.292043
v -0.804751 1.347798 0.291587
v -0.777547 1.414275 0.291962
v -0.591474 1.290752 0.291795
v -0.789442 1.262058 0.291676
v -0.694355 1.466562 0.291356
v -0.603211 1.419727 0.291174
v -0.831368 1.125157 0.291890
v -0.567572 1.126668 0.291969
v -0.569457 1.564541 0.291890
v -0.631090 1.122471 0.353871
v -0.739055 1.122585 0.360727
v -0.567508 1.275225 0.403341
v -0.566864 1.194401 0.376313
v -0.567264 1.124539 0.330925
v -0.614872 1.393564 0.289321
v -0.615305 1.392110 0.156078
v -0.656484 1.429083 0.156053
v -0.672829 1.392310 0.225999
v -0.662717 1.365272 0.224621
v -0.668001 1.384408 0.156975
v -0.655001 1.369379 0.157005
v -0.648605 1.372393 0.399319
v -0.653820 1.369717 0.376996
v -0.669621 1.357213 0.377608
v -0.642682 1.338409 0.399130
v -0.650799 1.318651 0.398299
v -0.629319 1.324400 0.382814
v -0.638182 1.235511 0.338316
v -0.623907 1.162446 0.338367
v -0.581789 1.200835 0.338530
v -0.592308 1.227520 0.338258
v -0.652581 1.319971 0.376985
v -0.780500 1.471180 0.358000
v -0.769591 1.502671 0.358000
v -0.751859 1.505349 0.278268
v -0.744594 1.492690 0.290000
v -0.762230 1.461493 0.278526
v -0.785454 1.454845 0.290000
v -0.799072 1.462904 0.278615
v -0.812627 1.484803 0.290000
v -0.811872 1.495487 0.278404
v -0.793039 1.520121 0.290000
v -0.783424 1.518163 0.277809
v -0.758713 1.484028 0.278000
v -0.785344 1.465007 0.278000
v -0.800920 1.501086 0.278000
v -0.758456 1.487197 0.338000
v -0.785163 1.465276 0.338000
v -0.801112 1.497629 0.338000
v -0.774582 1.509575 0.338000
v -0.720592 1.456854 0.288417
v -0.707135 1.240940 0.291312
v -0.655060 1.431236 0.289690
v -0.773319 1.350792 0.383115
v -0.758475 1.340850 0.399365
v -0.632930 1.168605 0.377287
v -0.591322 1.222040 0.377076
v -0.602840 1.171023 0.377058
v -0.647497 1.224204 0.376982
v -0.655282 1.194130 0.377650
v -0.620560 1.236604 0.377291
v -0.615408 1.299493 0.288715
v -0.673951 1.323330 0.377615
v -0.654991 1.320622 0.156954
v -0.702750 1.311066 0.376934
v -0.707654 1.377687 0.377349
v -0.684274 1.374481 0.377052
v -0.677223 1.375555 0.226835
v -0.705557 1.383853 0.226820
v -0.668300 1.305014 0.156944
v -0.764926 1.416252 0.288523
v -0.598518 1.208071 0.338000
v -0.621895 1.177636 0.338000
v -0.641670 1.209857 0.338000
v -0.620115 1.222463 0.338000
v -0.676877 1.363190 0.396839
v -0.690684 1.316579 0.396694
v -0.725984 1.341973 0.133076
v -0.720497 1.343271 0.135362
v -0.722333 1.365873 0.396810
v -0.723990 1.358287 0.135499
v -0.726735 1.353492 0.135546
v -0.730023 1.339571 0.396655
v -0.713598 1.323726 0.135500
v -0.715256 1.318783 0.396703
v -0.680119 1.325192 0.133543
v -0.679308 1.335368 0.135362
v -0.677374 1.356442 0.135209
v -0.670835 1.337934 0.396730
v -0.692232 1.371146 0.134699
v -0.696370 1.374754 0.396809
v -0.717924 1.367368 0.135716
v -0.691195 1.363119 0.133032
v -0.712492 1.361343 0.135046
v -0.684687 1.328909 0.128356
v -0.685607 1.330088 0.135141
v -0.715982 1.367127 0.131322
v -0.719914 1.348383 0.135476
v -0.719340 1.351670 0.135501
v -0.717824 1.354990 0.135500
v -0.694604 1.368459 0.128990
v -0.675148 1.353532 0.128241
v -0.680575 1.342770 0.131426
v -0.674353 1.341953 0.134222
v -0.597562 1.225769 0.290000
v -0.590828 1.188639 0.290000
v -0.625449 1.167845 0.290000
v -0.652626 1.197799 0.290000
v -0.637701 1.229465 0.290000
v -0.622664 1.249808 0.291687
v -0.741410 1.229257 0.291668
v -0.677713 1.225217 0.292008
v -0.818008 1.309520 0.292072
v -0.822367 1.349672 0.291112
v -0.783941 1.433982 0.291629
v -0.810674 1.397846 0.292653
v -0.745080 1.459486 0.292870
v -0.653057 1.458977 0.292656
v -0.577602 1.347417 0.291802
v -0.763670 1.388728 0.428153
v -0.836857 1.549372 0.336549
v -0.719481 1.351308 0.135506
v -0.718123 1.354473 0.135506
v -0.716716 1.356755 0.135504
v -0.698948 1.368250 0.397000
v -0.681834 1.330235 0.397000
v -0.722626 1.337823 0.397000
v -0.720279 1.347962 0.135505
v -0.805306 1.518159 0.338376
v -0.793417 1.451996 0.338002
v -0.757554 1.456720 0.338533
v -0.750875 1.513465 0.338418
v -0.832014 1.124386 0.333460
v -0.638789 1.239724 0.415276
v -0.662160 1.558145 0.369340
v -0.616274 1.161048 0.376276
v -0.658359 1.187031 0.397898
v -0.681831 1.463939 0.416790
v -0.772688 1.215956 0.407235
v -0.707951 1.174193 0.396209
v -0.754691 1.268801 0.427385
v -0.704517 1.371007 0.436393
v -0.637546 1.301362 0.428278
v -0.585289 1.185094 0.379136
v -0.586025 1.222479 0.395763
v -0.816054 1.495378 0.338122
v -0.631500 1.216570 -0.185837
v -0.637061 1.191064 -0.185917
v -0.611765 1.218011 -0.187275
v -0.601387 1.200267 -0.186779
v -0.647508 1.202971 -0.259290
v -0.644137 1.176445 -0.266871
v -0.617782 1.178156 -0.260000
v -0.610972 1.170699 -0.260255
v -0.593022 1.201914 -0.259321
v -0.598434 1.225582 -0.260336
v -0.635498 1.225663 -0.259249
v -0.608304 1.181232 -0.484690
v -0.639012 1.190491 -0.484690
v -0.636129 1.217746 -0.484690
v -0.604077 1.217012 -0.484690
v -0.616486 1.180041 -0.190673
v -0.724164 1.118724 -0.395837
v -0.786291 1.508279 -0.187800
v -0.763306 1.496856 -0.186577
v -0.773007 1.468878 -0.187965
v -0.798192 1.481611 -0.185836
v -0.797223 1.435738 -0.524437
v -0.818628 1.443426 -0.524437
v -0.817327 1.418402 -0.524437
v -0.819069 1.443426 -0.460000
v -0.817333 1.469399 -0.460000
v -0.787634 1.445747 -0.460000
v -0.823875 1.122818 -0.271881
v -0.568092 1.563460 -0.271848
v -0.724068 1.118724 -0.413899
v -0.700666 1.548961 -0.275000
v -0.693846 1.552344 -0.485656
v -0.583494 1.418427 -0.270000
v -0.606328 1.190591 -0.525000
v -0.637820 1.201500 -0.525000
v -0.637644 1.230846 -0.524193
v -0.584977 1.206229 -0.523663
v -0.598326 1.174818 -0.523823
v -0.621292 1.167531 -0.523952
v -0.645483 1.176608 -0.523483
v -0.654945 1.206774 -0.523725
v -0.610197 1.235193 -0.523914
v -0.797820 1.488500 -0.505000
v -0.797820 1.488500 -0.525000
v -0.784556 1.405566 -0.454022
v -0.774004 1.400261 -0.454448
v -0.763742 1.413546 -0.454563
v -0.782667 1.420316 -0.454554
v -0.760940 1.402849 -0.537000
v -0.786997 1.401125 -0.537000
v -0.786806 1.421747 -0.537000
v -0.767793 1.424498 -0.537000
v -0.582122 1.156627 -0.460000
v -0.611517 1.165107 -0.460000
v -0.637147 1.146283 -0.459994
v -0.658964 1.186578 -0.460003
v -0.583478 1.182269 -0.460000
v -0.733203 1.136000 -0.456286
v -0.746857 1.195901 -0.479850
v -0.748114 1.135996 -0.485606
v -0.700279 1.141060 -0.275000
v -0.709069 1.161393 -0.274021
v -0.693039 1.161508 -0.272711
v -0.692831 1.136921 -0.405683
v -0.694079 1.161848 -0.405558
v -0.674607 1.170854 -0.419363
v -0.673314 1.136000 -0.424021
v -0.578460 1.139241 -0.485656
v -0.652222 1.155240 -0.485889
v -0.653205 1.135999 -0.479169
v -0.584931 1.155093 -0.485656
v -0.580753 1.136870 -0.270000
v -0.820111 1.136870 -0.270000
v -0.820197 1.137418 -0.485656
v -0.817781 1.199245 -0.485656
v -0.817538 1.199285 -0.270000
v -0.656408 1.196777 -0.485513
v -0.653629 1.217574 -0.486195
v -0.633963 1.235816 -0.485582
v -0.603943 1.236615 -0.485928
v -0.584381 1.207873 -0.485850
v -0.584405 1.188642 -0.485925
v -0.601390 1.170157 -0.485629
v -0.629349 1.166113 -0.485961
v -0.650617 1.180696 -0.485739
v -0.737079 1.118905 -0.414982
v -0.820483 1.552623 -0.270000
v -0.820440 1.552174 -0.485656
v -0.817416 1.507715 -0.460000
v -0.730405 1.516913 -0.460000
v -0.743089 1.502502 -0.460000
v -0.770176 1.525754 -0.460000
v -0.762215 1.542645 -0.460000
v -0.819068 1.533653 -0.460000
v -0.731111 1.517265 -0.485656
v -0.813701 1.506220 -0.270000
v -0.770287 1.523368 -0.270000
v -0.707721 1.528021 -0.272913
v -0.706623 1.528440 -0.485656
v -0.758152 1.119316 -0.450257
v -0.735415 1.119717 -0.429018
v -0.737584 1.119059 -0.395834
v -0.636346 1.277806 -0.454433
v -0.625437 1.267343 -0.454208
v -0.614628 1.279837 -0.454638
v -0.625869 1.290238 -0.454163
v -0.611569 1.287939 -0.537000
v -0.628414 1.262385 -0.537000
v -0.638861 1.287627 -0.537000
v -0.786580 1.449474 -0.270000
v -0.820231 1.466297 -0.270000
v -0.565577 1.134041 -0.272017
v -0.566000 1.300944 -0.270000
v -0.753958 1.510776 -0.523920
v -0.780984 1.522739 -0.524146
v -0.804873 1.512607 -0.523927
v -0.815481 1.481709 -0.524054
v -0.792308 1.455773 -0.523624
v -0.757898 1.460649 -0.523333
v -0.747423 1.485191 -0.524435
v -0.587408 1.218950 -0.270000
v -0.583895 1.220598 -0.460000
v -0.613365 1.244253 -0.460000
v -0.581930 1.246574 -0.460000
v -0.582370 1.246574 -0.524437
v -0.580203 1.122233 -0.271698
v -0.832479 1.563519 -0.271816
v -0.835000 1.300944 -0.270000
v -0.745057 1.501480 -0.270000
v -0.665679 1.516172 -0.269991
v -0.694223 1.528131 -0.275001
v -0.694310 1.528480 -0.485656
v -0.662054 1.509641 -0.485656
v -0.778716 1.181893 -0.485656
v -0.776450 1.181965 -0.270000
v -0.744685 1.195637 -0.270000
v -0.771334 1.124234 -0.405000
v -0.748934 1.121954 -0.405681
v -0.708957 1.136544 -0.405641
v -0.818815 1.534509 -0.485656
v -0.698459 1.120098 -0.430998
v -0.700848 1.122862 -0.441588
v -0.712428 1.125631 -0.429746
v -0.689440 1.124990 -0.438691
v -0.704010 1.127416 -0.420738
v -0.706243 1.122791 -0.444825
v -0.693471 1.123409 -0.422433
v -0.763179 1.488500 -0.505000
v -0.645615 1.410817 -0.558935
v -0.669460 1.173802 -0.459102
v -0.835803 1.137070 -0.272000
v -0.771699 1.522452 -0.486142
v -0.817359 1.418009 -0.270000
v -0.657294 1.475194 -0.270000
v -0.583669 1.418305 -0.485656
v -0.657525 1.474735 -0.485656
v -0.654442 1.189564 -0.270000
v -0.615792 1.167535 -0.270000
v -0.587077 1.183536 -0.270000
v -0.755445 1.539108 -0.485656
v -0.717773 1.259330 -0.565442
v -0.637820 1.201500 -0.505000
v -0.778766 1.119400 -0.468954
v -0.782933 1.121821 -0.439164
v -0.599887 1.229769 -0.485800
v -0.613597 1.240585 -0.270000
v -0.775179 1.298100 -0.558053
v -0.779722 1.263162 -0.537000
v -0.790125 1.275874 -0.537000
v -0.777590 1.294437 -0.537000
v -0.758890 1.277305 -0.537000
v -0.764839 1.276986 -0.454407
v -0.776323 1.267070 -0.454873
v -0.786380 1.280006 -0.454361
v -0.772660 1.289896 -0.454076
v -0.580581 1.552579 -0.270000
v -0.580654 1.552344 -0.485656
v -0.811670 1.123333 -0.405000
v -0.763780 1.473987 -0.484690
v -0.790855 1.469141 -0.484690
v -0.801757 1.491965 -0.484690
v -0.783734 1.510456 -0.484690
v -0.761705 1.498672 -0.484690
v -0.782895 1.359380 -0.567000
v -0.774442 1.392621 -0.557277
v -0.781445 1.244563 -0.599000
v -0.769277 1.246484 -0.567000
v -0.809709 1.269711 -0.567000
v -0.812669 1.270536 -0.599001
v -0.806870 1.403377 -0.567000
v -0.803180 1.395698 -0.599000
v -0.800778 1.433702 -0.599000
v -0.785978 1.445556 -0.567000
v -0.787850 1.449841 -0.599001
v -0.739305 1.432721 -0.567000
v -0.736518 1.429644 -0.599000
v -0.717922 1.430582 -0.565350
v -0.683359 1.431229 -0.599000
v -0.683125 1.430491 -0.565135
v -0.664068 1.430621 -0.599000
v -0.662172 1.433173 -0.567000
v -0.616359 1.445532 -0.599000
v -0.626957 1.444768 -0.567000
v -0.591756 1.413886 -0.567000
v -0.594129 1.403376 -0.599000
v -0.593175 1.282690 -0.599000
v -0.591458 1.277219 -0.567000
v -0.609791 1.249968 -0.599000
v -0.625980 1.245460 -0.567000
v -0.660793 1.256763 -0.599000
v -0.662136 1.256863 -0.567000
v -0.670258 1.267608 -0.562396
v -0.644175 1.277263 -0.557800
v -0.608806 1.282721 -0.567000
v -0.630093 1.298134 -0.557832
v -0.623362 1.260428 -0.567000
v -0.755931 1.278758 -0.558945
v -0.756585 1.411133 -0.557000
v -0.629268 1.391764 -0.557769
v -0.616834 1.344999 -0.562294
v -0.772079 1.261912 -0.567000
v -0.792193 1.407277 -0.567000
v -0.744467 1.413617 -0.566966
v -0.793810 1.276895 -0.567000
v -0.777646 1.429570 -0.567000
v -0.739034 1.257061 -0.567000
v -0.717725 1.258936 -0.599000
v -0.736931 1.259379 -0.599000
v -0.682082 1.259729 -0.599000
v -0.801390 1.241811 -0.599000
v -0.717477 1.431691 -0.599000
v -0.592048 1.445248 -0.598999
v -0.812123 1.437474 -0.599000
v -0.591751 1.245048 -0.598999
v -0.812647 1.434190 -0.547131
v -0.797270 1.450881 -0.547052
v -0.770152 1.449360 -0.553924
v -0.592759 1.445359 -0.546649
v -0.727937 1.203462 -0.482741
v -0.693296 1.206940 -0.462382
v -0.667415 1.207886 -0.494402
v -0.681798 1.207018 -0.523032
v -0.721356 1.206999 -0.521157
v -0.716049 1.207252 -0.466120
v -0.678069 1.209976 -0.470593
v -0.733633 1.210620 -0.489511
v -0.729052 1.121000 -0.474925
v -0.678636 1.121001 -0.464290
v -0.837535 1.227204 -0.431268
v -0.831859 1.237053 -0.426507
v -0.833047 1.223950 -0.444455
v -0.831132 1.214185 -0.429349
v -0.830171 1.237518 -0.440500
v -0.830563 1.224617 -0.420212
v -0.834805 1.218055 -0.441566
v -0.570242 1.567260 -0.495188
v -0.743492 1.566037 -0.514820
v -0.667371 1.125344 -0.517197
v -0.717175 1.336630 -0.270000
v -0.806198 1.465087 -0.270000
v -0.628514 1.235255 -0.270000
v -0.584225 1.271990 -0.270000
v -0.837000 1.218873 -0.418861
v -0.837000 1.242186 -0.437695
v -0.603776 1.254262 -0.524437
v -0.614801 1.401282 -0.537000
v -0.627420 1.400315 -0.454765
v -0.633566 1.398012 -0.537000
v -0.636309 1.410601 -0.454223
v -0.639572 1.417259 -0.537000
v -0.627740 1.422552 -0.454737
v -0.616104 1.424841 -0.537000
v -0.614271 1.410490 -0.454135
v -0.766723 1.122655 -0.432973
v -0.793630 1.123095 -0.376842
v -0.757333 1.123303 -0.381407
v -0.603179 1.201500 -0.505000
v -0.624661 1.429497 -0.567000
v -0.608414 1.408543 -0.567000
v -0.816258 1.496738 -0.485743
v -0.807387 1.514933 -0.485776
v -0.783974 1.527126 -0.485827
v -0.754072 1.513727 -0.485669
v -0.747935 1.471750 -0.485502
v -0.758657 1.456869 -0.487134
v -0.778065 1.452197 -0.485686
v -0.815148 1.475440 -0.485653
v -0.684322 1.256969 -0.567833
v -0.707164 1.161979 -0.405580
v -0.564097 1.490321 -0.528137
v -0.564002 1.196001 -0.526333
v -0.563996 1.347796 -0.551204
v -0.585525 1.178976 -0.525693
v -0.590219 1.226786 -0.541187
v -0.629182 1.240880 -0.552103
v -0.642244 1.165876 -0.531626
v -0.768779 1.529221 -0.528364
v -0.740879 1.480791 -0.547708
v -0.821515 1.497139 -0.529101
v -0.588006 1.342775 -0.556379
v -0.796638 1.510844 -0.259386
v -0.770021 1.518827 -0.260580
v -0.747746 1.483260 -0.260448
v -0.779993 1.460225 -0.259266
v -0.811855 1.479558 -0.260527
v -0.802287 1.484027 -0.260000
v -0.757007 1.493345 -0.260000
v -0.583672 1.271598 -0.524437
v -0.569732 1.123097 -0.496017
v -0.707325 1.552439 -0.485656
v -0.801211 1.458511 -0.485834
v -0.743616 1.488174 -0.486010
v -0.833038 1.565940 -0.496626
v -0.837004 1.435277 -0.542841
v -0.837006 1.261061 -0.544339
v -0.664628 1.557922 -0.522315
v -0.833805 1.124522 -0.497127
v -0.733492 1.209006 -0.548196
v -0.659607 1.209240 -0.547834
v -0.806606 1.243261 -0.547361
v -0.592466 1.245445 -0.546060
v -0.812995 1.344532 -0.556387
v -0.782171 1.130729 -0.513384
v -0.733510 1.123107 -0.514559
v -0.726846 1.171322 -0.420981
v 0.148470 0.499114 -0.119948
v 0.146650 0.535234 -0.119594
v 0.173131 0.499480 -0.134098
v 0.172453 0.535212 -0.132364
v 0.180664 0.474995 -0.153052
v 0.161945 0.474966 -0.178364
v 0.136283 0.475100 -0.177822
v 0.121404 0.475064 -0.165899
v 0.117750 0.475034 -0.137170
v 0.129329 0.475033 -0.123002
v 0.151857 0.475092 -0.116090
v 0.173282 0.474719 -0.128632
v 0.137516 0.378369 -0.177775
v 0.118002 0.379873 -0.138297
v 0.146608 0.378175 -0.118792
v 0.175136 0.377086 -0.134578
v 0.172317 0.378829 -0.166602
v 0.173117 0.499635 -0.162664
v 0.174584 0.535036 -0.160547
v 0.148493 0.485253 -0.148492
v 0.148534 0.499504 -0.176873
v 0.123908 0.499635 -0.162733
v 0.123821 0.499483 -0.134145
v 0.122403 0.535064 -0.136183
v 0.137357 0.534636 -0.197446
v 0.181838 0.534859 -0.111336
v 0.197346 0.534704 -0.139934
v 0.149993 0.534540 -0.098616
v 0.120353 0.535029 -0.107777
v 0.101835 0.534982 -0.131586
v 0.099666 0.532877 -0.159704
v 0.193314 0.535057 -0.169045
v 0.173535 0.534296 -0.191944
v 0.111323 0.535184 -0.180629
v 0.105456 0.476000 -0.179767
v 0.105451 0.476000 -0.117226
v 0.164929 0.476000 -0.097896
v 0.201680 0.476155 -0.148535
v 0.164936 0.476000 -0.199086
v 0.151097 0.535015 -0.177106
v 0.125010 0.535037 -0.165066
v 0.148452 0.499504 0.176873
v 0.146501 0.535212 0.177309
v 0.173077 0.499635 0.162733
v 0.171976 0.535037 0.165063
v 0.179108 0.474990 0.139668
v 0.166790 0.475027 0.122191
v 0.141730 0.475129 0.116764
v 0.123953 0.475288 0.126872
v 0.116497 0.474822 0.154019
v 0.129166 0.475002 0.173890
v 0.152596 0.475084 0.180925
v 0.177496 0.475107 0.163205
v 0.154286 0.377527 0.119084
v 0.121239 0.379094 0.134252
v 0.123861 0.378450 0.165415
v 0.148731 0.378510 0.178093
v 0.175372 0.377222 0.161862
v 0.173259 0.382032 0.129625
v 0.173164 0.499483 0.134144
v 0.174584 0.535036 0.136437
v 0.148493 0.485253 0.148492
v 0.148516 0.499114 0.119948
v 0.123854 0.499480 0.134097
v 0.123867 0.499635 0.162663
v 0.122403 0.535064 0.160801
v 0.187188 0.535291 0.118331
v 0.161809 0.534472 0.099791
v 0.125853 0.535111 0.104492
v 0.131543 0.533220 0.195902
v 0.192759 0.535358 0.170779
v 0.197969 0.532712 0.139056
v 0.167318 0.534719 0.195075
v 0.112753 0.535385 0.182141
v 0.098340 0.534475 0.152566
v 0.106339 0.534788 0.123151
v 0.105456 0.476000 0.117219
v 0.105452 0.476000 0.179761
v 0.164929 0.476000 0.199088
v 0.201692 0.476000 0.148492
v 0.164936 0.476000 0.097899
v 0.150876 0.535044 0.119753
v 0.124533 0.535212 0.132361
v -0.764609 1.092197 -0.140976
v -0.700444 1.092182 -0.103993
v -0.636391 1.092196 -0.215024
v -0.764570 1.092173 -0.214988
v -0.747167 1.090000 -0.157881
v -0.703036 1.090000 -0.126756
v -0.654994 1.090000 -0.154729
v -0.636431 1.092173 -0.141011
v -0.664390 1.090001 -0.216832
v -0.700556 1.092133 -0.251982
v -0.735736 1.090001 -0.217347
v -0.764570 1.117827 -0.141012
v -0.699827 1.120373 -0.129380
v -0.689235 1.152261 -0.127547
v -0.665020 1.120000 -0.143791
v -0.654054 1.155683 -0.163886
v -0.649708 1.119998 -0.195327
v -0.659987 1.156779 -0.200455
v -0.689869 1.121040 -0.226331
v -0.746778 1.119999 -0.201794
v -0.722368 1.152266 -0.224890
v -0.751381 1.152478 -0.176141
v -0.741278 1.120000 -0.148823
v -0.726777 1.158112 -0.140982
v -0.692138 1.204943 -0.213831
v -0.680143 1.157618 -0.218197
v -0.667029 1.204931 -0.195636
v -0.672444 1.204937 -0.154275
v -0.677732 1.158600 -0.144273
v -0.702411 1.204919 -0.139763
v -0.738383 1.204934 -0.175174
v -0.738510 1.159098 -0.161803
v -0.727138 1.158601 -0.212174
v -0.720788 1.204935 -0.208491
v -0.651499 1.045000 -0.179820
v -0.653854 1.031415 -0.190278
v -0.750855 1.037576 -0.176914
v -0.684697 1.032369 -0.224385
v -0.732910 1.032658 -0.215863
v -0.725458 1.032362 -0.135126
v -0.687084 1.030844 -0.132626
v -0.652681 1.032646 -0.165788
v -0.680021 1.045000 -0.176971
v -0.681978 1.030000 -0.169147
v -0.700441 1.117914 -0.251958
v -0.710699 1.030000 -0.197628
v -0.636392 1.117803 -0.140975
v -0.700555 1.117818 -0.103993
v -0.636430 1.117827 -0.214988
v -0.680490 1.110000 -0.171266
v -0.722990 1.110000 -0.185419
v -0.720979 1.045000 -0.179029
v -0.688214 1.110000 -0.195828
v -0.682607 1.030000 -0.188197
v -0.701771 1.110000 -0.156493
v -0.709527 1.030000 -0.157491
v -0.718576 1.230007 -0.150565
v -0.731558 1.230004 -0.182631
v -0.707248 1.230037 -0.210778
v -0.672042 1.230008 -0.192228
v -0.676623 1.230023 -0.155434
v -0.764609 1.117803 -0.215024
v -0.526915 1.129700 0.002890
v -0.550379 1.129484 -0.160524
v -0.522222 1.129472 -0.171667
v -0.536277 1.129577 0.194630
v -0.549583 1.410478 0.316569
v -0.539652 1.379245 0.325761
v -0.540404 1.402793 0.326645
v -0.550155 1.129441 0.172230
v -0.526915 1.129700 -0.017110
v -0.533877 1.129393 -0.005029
v -0.536834 1.129531 -0.180830
v -0.509496 1.339181 0.349867
v -0.566086 1.447615 -0.141294
v -0.566600 1.448908 -0.051787
v -0.566600 1.435182 -0.024015
v -0.566938 1.482667 0.231015
v -0.566907 1.442599 0.267338
v -0.521286 1.129356 -0.008776
v -0.534571 1.129463 0.111939
v -0.505000 1.537322 0.311222
v -0.531105 1.540487 0.307082
v -0.505000 1.527920 0.195379
v -0.535000 1.525203 0.193584
v -0.505000 1.537245 0.168735
v -0.535000 1.536555 0.169414
v -0.507240 1.361851 0.324631
v -0.506230 1.523311 0.327284
v -0.505000 1.465305 -0.089514
v -0.535000 1.463578 -0.090572
v -0.505000 1.377185 -0.000029
v -0.535000 1.377056 0.000212
v -0.557600 1.372593 0.220871
v -0.563000 1.445807 0.208968
v -0.563000 1.420647 0.210809
v -0.535000 1.429383 0.204914
v -0.535000 1.421854 0.224151
v -0.563000 1.441539 0.230027
v -0.535000 1.450766 0.217459
v -0.563000 1.358829 -0.185014
v -0.553000 1.375283 -0.184412
v -0.556810 1.311014 -0.176481
v -0.563000 1.345000 -0.045000
v -0.530000 1.345433 -0.054303
v -0.504989 1.352861 -0.046344
v -0.505000 1.345000 -0.180000
v -0.505000 1.291750 -0.173768
v -0.504996 1.302933 -0.059209
v -0.504999 1.271578 -0.106305
v -0.504997 1.371084 -0.192271
v -0.505004 1.386971 -0.167464
v -0.504999 1.418677 -0.132247
v -0.504979 1.404007 -0.081956
v -0.505000 1.374460 -0.065703
v -0.519503 1.247965 -0.132010
v -0.519421 1.403875 -0.041894
v -0.519602 1.436468 -0.084162
v -0.519330 1.441134 -0.137777
v -0.519596 1.425575 -0.174693
v -0.519214 1.388797 -0.208217
v -0.519558 1.335630 -0.217200
v -0.518972 1.296207 -0.204567
v -0.519547 1.265471 -0.176668
v -0.519242 1.253688 -0.084756
v -0.519194 1.285715 -0.041329
v -0.519493 1.348254 -0.021117
v -0.563000 1.374874 0.148295
v -0.553000 1.371366 0.139734
v -0.563000 1.459347 0.064821
v -0.553000 1.464290 0.065373
v -0.562998 1.373161 0.055827
v -0.569000 1.457364 0.246673
v -0.553000 1.437409 0.246402
v -0.553000 1.363370 0.227089
v -0.553000 1.465101 0.179064
v -0.529145 1.357300 0.336564
v -0.550288 1.357978 0.315975
v -0.530351 1.419875 0.335629
v -0.531919 1.408177 0.334460
v -0.553000 1.462023 0.227228
v -0.520105 1.129470 0.010729
v -0.536242 1.129533 0.097733
v -0.569000 1.364898 0.179064
v -0.547782 1.129515 0.044894
v -0.551426 1.129571 0.024152
v -0.547780 1.129483 -0.095883
v -0.534898 1.129527 0.035898
v -0.522276 1.129467 0.115190
v -0.569000 1.366763 -0.194636
v -0.553000 1.431805 -0.123630
v -0.553000 1.327274 -0.194760
v -0.569000 1.314957 -0.187548
v -0.555500 1.265006 -0.131485
v -0.569000 1.261737 -0.132769
v -0.553000 1.420476 -0.040693
v -0.569000 1.428439 -0.041486
v -0.569000 1.166636 -0.172050
v -0.553000 1.170148 -0.177567
v -0.553000 1.238279 -0.244836
v -0.505000 1.158415 -0.257277
v -0.535000 1.160654 -0.259346
v -0.505000 1.537712 -0.072592
v -0.535000 1.536981 -0.072716
v -0.505000 1.155559 -0.191324
v -0.535000 1.155506 -0.191187
v -0.535000 1.224187 -0.264547
v -0.505000 1.224641 -0.264467
v -0.505000 1.462142 -0.153613
v -0.535000 1.461974 -0.153424
v -0.535000 1.336950 -0.267718
v -0.505000 1.337282 -0.268051
v -0.505000 1.530557 -0.259357
v -0.535000 1.528837 -0.260258
v -0.553000 1.431047 -0.061871
v -0.553000 1.268329 -0.043683
v -0.544826 1.457250 0.319881
v -0.549514 1.481071 0.316909
v -0.526288 1.540667 0.338137
v -0.526640 1.474814 0.339020
v -0.547201 1.537535 0.319031
v -0.552334 1.546062 0.313874
v -0.574592 1.495265 -0.155041
v -0.575331 1.527420 -0.144824
v -0.574651 1.540109 -0.128729
v -0.574536 1.534754 -0.100842
v -0.574683 1.504753 -0.082383
v -0.574521 1.471861 -0.105462
v -0.567775 1.152570 0.139726
v -0.575000 1.186465 0.148450
v -0.575000 1.208908 0.104508
v -0.575000 1.159630 0.107042
v -0.564999 1.185017 0.093158
v -0.551243 1.129368 -0.175829
v -0.558647 1.129766 0.115120
v -0.547943 1.129509 0.098703
v -0.515000 1.129714 -0.213115
v -0.544149 1.129481 -0.201255
v -0.565483 1.149682 -0.047566
v -0.563000 1.269822 -0.014833
v -0.530000 1.245721 -0.022553
v -0.530000 1.237754 -0.141668
v -0.563000 1.239539 -0.139200
v -0.530000 1.180048 -0.166693
v -0.530000 1.179369 -0.053325
v -0.559757 1.174778 -0.052349
v -0.530000 1.281959 0.179796
v -0.558294 1.278484 0.181180
v -0.563000 1.318276 0.205105
v -0.530000 1.328538 0.199963
v -0.564821 1.342917 0.190059
v -0.530000 1.340117 0.181356
v -0.504983 1.352104 0.049050
v -0.530000 1.339916 0.059574
v -0.530000 1.302142 0.075762
v -0.505000 1.290231 0.088484
v -0.530000 1.283859 0.142836
v -0.505000 1.291947 0.152714
v -0.504978 1.348657 0.190829
v -0.530000 1.335436 -0.006101
v -0.567909 1.342707 -0.009585
v -0.553000 1.339784 -0.011857
v -0.563000 1.336086 -0.008426
v -0.553000 1.263807 -0.021928
v -0.563000 1.240293 -0.043644
v -0.553000 1.242631 -0.056479
v -0.553000 1.244618 -0.139670
v -0.563000 1.178131 -0.168729
v -0.553000 1.170796 -0.162329
v -0.535494 1.129500 -0.107638
v -0.515028 1.129900 -0.109403
v -0.535425 1.129273 -0.125680
v -0.513480 1.129674 -0.142848
v -0.563000 1.454295 0.149126
v -0.553000 1.455126 0.148294
v -0.569000 1.467859 0.061351
v -0.553000 1.463295 0.153626
v -0.509666 1.129823 0.125777
v -0.553979 1.129750 0.140241
v -0.565930 1.264497 0.207852
v -0.566000 1.483609 0.057221
v -0.553000 1.269850 0.187965
v -0.569000 1.272511 0.190973
v -0.553000 1.326339 0.215809
v -0.550151 1.129441 -0.136937
v -0.564999 1.481742 -0.106599
v -0.517552 1.129870 0.201982
v -0.520380 1.129506 0.164346
v -0.552447 1.129800 0.188018
v -0.519248 1.129560 0.033297
v -0.569000 1.254485 -0.028080
v -0.535000 1.495877 -0.171146
v -0.505000 1.536318 -0.166391
v -0.535000 1.536489 -0.164680
v -0.574698 1.416934 0.088460
v -0.574726 1.384378 0.054516
v -0.574209 1.398874 0.117519
v -0.573631 1.362393 0.112687
v -0.563000 1.207698 -0.214729
v -0.563000 1.194296 0.015810
v -0.563000 1.289988 -0.200670
v -0.560059 1.281284 -0.229407
v -0.563000 1.250003 -0.238038
v -0.569000 1.300092 -0.198983
v -0.553000 1.295238 -0.196579
v -0.569000 1.246960 -0.140176
v -0.505000 1.131755 0.284177
v -0.561023 1.131095 0.281546
v -0.553000 1.211087 -0.216748
v -0.563000 1.456062 0.183552
v -0.563000 1.449807 0.239275
v -0.563000 1.374564 0.182899
v -0.553000 1.455448 0.182938
v -0.574690 1.220792 0.112364
v -0.574586 1.212476 0.142674
v -0.574732 1.182575 0.156898
v -0.574707 1.149144 0.112637
v -0.574585 1.168818 0.088541
v -0.570544 1.196546 0.084413
v -0.552447 1.129727 0.214685
v -0.519154 1.419953 -0.125361
v -0.518949 1.397970 -0.171419
v -0.519159 1.363375 -0.191598
v -0.519176 1.311983 -0.187370
v -0.519398 1.274870 -0.145449
v -0.519280 1.275070 -0.094595
v -0.519106 1.309113 -0.054480
v -0.519401 1.358951 -0.046974
v -0.519267 1.401846 -0.071850
v -0.553000 1.340334 0.201213
v -0.535000 1.426231 -0.032262
v -0.571714 1.353279 0.082464
v -0.553000 1.366019 0.150531
v -0.553000 1.366704 -0.014626
v -0.553000 1.409393 -0.016893
v -0.559857 1.367370 0.115355
v -0.553000 1.366738 0.063203
v -0.557884 1.373412 -0.006035
v -0.567003 1.223066 0.114878
v -0.563000 1.156487 0.094687
v -0.563000 1.197037 0.156177
v -0.563000 1.477672 -0.089273
v -0.563000 1.478359 -0.017538
v -0.563000 1.488108 0.025635
v -0.563000 1.531641 0.017538
v -0.562222 1.560000 0.268000
v -0.563000 1.533513 -0.094687
v -0.570826 1.471911 -0.135428
v -0.565250 1.383567 -0.203711
v -0.563000 1.538538 -0.138137
v -0.559829 1.129750 -0.111078
v -0.563000 1.521892 -0.025636
v -0.563000 1.499428 -0.157718
v -0.565154 1.291006 -0.259006
v -0.566882 1.320698 -0.211410
v -0.566375 1.151623 -0.178938
v -0.561125 1.130928 -0.282517
v -0.567345 1.240195 -0.265030
v -0.510000 1.531641 -0.017538
v -0.510000 1.488108 -0.025636
v -0.510000 1.478359 0.017538
v -0.510000 1.521892 0.025635
v -0.510000 1.536908 0.044804
v -0.535000 1.536389 0.044557
v -0.564999 1.528237 -0.106566
v -0.522129 1.129471 -0.145880
v -0.520539 1.129580 0.087848
v -0.563000 1.414671 0.076140
v -0.563000 1.403524 0.117482
v -0.535000 1.499026 -0.069231
v -0.505000 1.496415 -0.069867
v -0.553000 1.370013 0.180733
v -0.505000 1.190306 0.066505
v -0.505000 1.153795 0.075420
v -0.535000 1.153713 0.075555
v -0.535000 1.157173 -0.000568
v -0.505000 1.156905 -0.000672
v -0.535000 1.162281 0.260843
v -0.535000 1.464393 0.128427
v -0.535000 1.194122 0.171146
v -0.534884 1.308436 0.300717
v -0.535000 1.277265 0.271956
v -0.535000 1.277933 0.223649
v -0.535000 1.228024 0.153424
v -0.535000 1.153511 0.164680
v -0.535000 1.454242 -0.007893
v -0.535000 1.443027 0.049540
v -0.535000 1.476543 0.046496
v -0.535000 1.536079 -0.044426
v -0.535000 1.483903 -0.048332
v -0.575000 1.506465 -0.091549
v -0.575000 1.479629 -0.132958
v -0.569000 1.165578 -0.050355
v -0.553000 1.165405 -0.051205
v -0.563000 1.412167 -0.044312
v -0.530000 1.416100 -0.049564
v -0.553000 1.194024 0.011696
v -0.569000 1.366704 0.153626
v -0.569000 1.464126 0.152794
v -0.569000 1.325420 0.215556
v -0.569000 1.365873 -0.013794
v -0.569000 1.363829 0.227720
v -0.569000 1.464436 0.178399
v -0.569000 1.414900 -0.017751
v -0.569000 1.285102 -0.243091
v -0.569000 1.432297 -0.133392
v -0.569000 1.267232 -0.041251
v -0.569000 1.239712 -0.245989
v -0.553000 1.201607 0.019992
v -0.505000 1.280554 0.272641
v -0.505000 1.162271 0.262248
v -0.564999 1.505017 -0.146842
v -0.553000 1.207224 -0.204884
v -0.551807 1.129676 -0.065272
v -0.530000 1.399297 -0.090540
v -0.563000 1.269874 -0.045705
v -0.563000 1.406739 -0.013712
v -0.505000 1.132177 -0.284427
v -0.505001 1.333852 0.314008
v -0.524631 1.337277 0.311087
v -0.505000 1.268685 0.290677
v -0.562417 1.276497 0.295632
v -0.505000 1.427635 0.033414
v -0.505000 1.464924 0.106143
v -0.505000 1.430182 0.209359
v -0.505000 1.306685 0.237359
v -0.505000 1.227414 0.153488
v -0.510000 1.536871 -0.044755
v -0.510000 1.481970 0.049409
v -0.510000 1.453669 -0.001924
v -0.510000 1.484583 -0.050185
v -0.553000 1.284476 -0.244558
v -0.553000 1.249536 -0.240958
v -0.505000 1.153634 0.164763
v -0.505000 1.191457 0.171550
v -0.535000 1.190562 0.066149
v -0.505002 1.257589 -0.070658
v -0.505000 1.441019 -0.136932
v -0.505000 1.130000 0.093587
v -0.505000 1.156020 0.110874
v -0.505000 1.190391 0.093774
v -0.505000 1.259130 0.071649
v -0.505000 1.182226 0.148071
v -0.505001 1.558100 0.343369
v -0.505000 1.214533 0.120722
v -0.505004 1.246232 0.129385
v -0.505001 1.431437 0.171027
v -0.505006 1.291997 0.208545
v -0.504991 1.376758 0.213323
v -0.505007 1.441104 0.095652
v -0.504993 1.310680 0.025611
v -0.504985 1.397131 0.033865
v -0.504987 1.345101 -0.016930
v -0.504998 1.436816 -0.076271
v -0.504995 1.255689 -0.171448
v -0.505001 1.345976 -0.220371
v -0.504995 1.422213 -0.184106
v -0.505000 1.417776 -0.219546
v -0.505000 1.336999 -0.240198
v -0.505000 1.555469 -0.287619
v -0.506579 1.129912 -0.087010
v -0.505000 1.498224 -0.149482
v -0.505000 1.484310 -0.097104
v -0.505000 1.533990 -0.113610
v -0.561125 1.558658 -0.281935
v -0.530000 1.410740 -0.136533
v -0.519330 1.441134 0.102223
v -0.519596 1.425575 0.065307
v -0.519333 1.341019 0.022673
v -0.535000 1.431917 -0.202221
v -0.563000 1.427969 -0.062684
v -0.564999 1.208237 0.133435
v -0.520381 1.556628 0.343636
v -0.564999 1.161744 0.133404
v -0.535000 1.336990 -0.242104
v -0.563000 1.427559 -0.122400
v -0.530000 1.289680 -0.213489
v -0.530000 1.250818 -0.235813
v -0.547120 1.129560 0.119128
v -0.519421 1.403875 0.198106
v -0.519602 1.436468 0.155838
v -0.519214 1.388797 0.031783
v -0.519352 1.300731 0.032759
v -0.519258 1.257533 0.073557
v -0.519658 1.247911 0.131202
v -0.519546 1.265042 0.176060
v -0.519553 1.307032 0.210747
v -0.519025 1.360097 0.216814
v -0.519388 1.407322 0.079370
v -0.519300 1.367608 0.049046
v -0.519176 1.311983 0.052630
v -0.519398 1.274870 0.094551
v -0.519348 1.274040 0.140865
v -0.519062 1.304933 0.183720
v -0.519401 1.358950 0.193027
v -0.519267 1.401846 0.168150
v -0.519162 1.419076 0.122895
v -0.504993 1.415911 0.152968
v -0.505001 1.291750 0.173768
v -0.504999 1.271578 0.106305
v -0.504998 1.302933 0.059209
v -0.504993 1.402249 0.071960
v -0.835886 1.336623 -0.212181
v -0.835928 1.346469 -0.227740
v -0.835909 1.368108 -0.216634
v -0.835905 1.373244 -0.195658
v -0.835902 1.349929 -0.175593
v -0.835890 1.338505 -0.189687
v -0.835686 1.237500 -0.270000
v -0.835829 1.237500 -0.170000
v -0.835333 1.237500 0.290000
v -0.835667 1.452500 0.290000
v -0.835840 1.452500 -0.170000
v -0.835835 1.292808 -0.253262
v -0.835900 1.254681 -0.190140
v -0.835880 1.339759 -0.253262
v -0.835928 1.270169 -0.227740
v -0.835824 1.440828 -0.180000
v -0.835835 1.369108 -0.253262
v -0.835917 1.299331 -0.214688
v -0.835875 1.420968 -0.232235
v -0.835913 1.441751 -0.256602
v -0.835896 1.258684 -0.209552
v -0.835897 1.271470 -0.186104
v -0.835893 1.284974 -0.218979
v -0.835571 1.452500 -0.270000
v -0.835892 1.263458 -0.253262
v -0.835907 1.289842 -0.178240
v -0.835917 1.292209 -0.195599
v -0.800737 1.820210 -0.607276
v -0.681559 1.824160 -1.036001
v -0.678987 1.822261 -1.081000
v -0.719326 1.825649 -1.081000
v -0.593004 1.595000 -0.838500
v -0.668000 1.455528 -0.897660
v -0.616500 1.455321 -0.897523
v -0.668000 1.389797 -0.911274
v -0.616500 1.388469 -0.912677
v -0.656403 1.366633 -0.913374
v -0.691004 1.392908 -0.914070
v -0.734161 1.382763 -0.912998
v -0.742698 1.369027 -0.913316
v -0.748901 1.331886 -0.912765
v -0.721335 1.300726 -0.912748
v -0.689050 1.297179 -0.912988
v -0.654960 1.323947 -0.912330
v -0.738992 1.315172 -0.927854
v -0.716357 1.298792 -0.922464
v -0.656084 1.321951 -0.921232
v -0.657695 1.368520 -0.922570
v -0.703640 1.395975 -0.922569
v -0.748086 1.358698 -0.922536
v -0.673290 1.302923 -0.924892
v -0.736817 1.375611 -0.929279
v -0.713040 1.391140 -0.929488
v -0.676447 1.386787 -0.929714
v -0.655735 1.360376 -0.929658
v -0.654496 1.332088 -0.929561
v -0.706413 1.297300 -0.930257
v -0.748214 1.346952 -0.929945
v -0.686684 1.327569 -0.930500
v -0.715808 1.327775 -0.930500
v -0.717724 1.360308 -0.930500
v -0.681688 1.359883 -0.930500
v -0.703261 1.323668 -0.857867
v -0.678588 1.339532 -0.860388
v -0.688808 1.361187 -0.856321
v -0.721751 1.354344 -0.858762
v -0.749323 1.328681 -0.566000
v -0.753032 1.322917 -0.519000
v -0.706706 1.291497 -0.566000
v -0.703838 1.289044 -0.519000
v -0.668434 1.300643 -0.519000
v -0.644918 1.338530 -0.566000
v -0.645102 1.352911 -0.519000
v -0.677507 1.394065 -0.519000
v -0.685626 1.394993 -0.566000
v -0.713369 1.398111 -0.519000
v -0.740102 1.380156 -0.566000
v -0.747364 1.373309 -0.519000
v -0.735661 1.344570 -0.500593
v -0.725962 1.369072 -0.500829
v -0.700101 1.378880 -0.502059
v -0.679114 1.370420 -0.501970
v -0.666759 1.352468 -0.501514
v -0.675930 1.321068 -0.502104
v -0.706314 1.311612 -0.501954
v -0.727935 1.325721 -0.501937
v -0.640070 1.801628 -1.081000
v -0.807355 1.692986 -0.698402
v -0.808441 1.695076 -0.653500
v -0.593356 1.635000 -0.838500
v -0.593230 1.635000 -0.653502
v -0.719441 1.665840 -1.036001
v -0.756780 1.687230 -1.036001
v -0.681930 1.504894 -0.742916
v -0.704629 1.504100 -0.760038
v -0.718228 1.504880 -0.752351
v -0.692752 1.504630 -0.730840
v -0.717220 1.508415 -0.732318
v -0.685318 1.515000 -0.728929
v -0.689463 1.509130 -0.765115
v -0.717707 1.515000 -0.759623
v -0.751500 1.513523 -0.803731
v -0.759500 1.517379 -0.807173
v -0.751500 1.522441 -0.811160
v -0.759500 1.523633 -0.823948
v -0.751500 1.516293 -0.825352
v -0.759500 1.516009 -0.824636
v -0.751500 1.524226 -0.789232
v -0.759500 1.521407 -0.784798
v -0.759500 1.516008 -0.799636
v -0.755690 1.525000 -0.773740
v -0.645192 1.522692 -0.837240
v -0.641500 1.515000 -0.773740
v -0.641500 1.521914 -0.784275
v -0.641500 1.521458 -0.821845
v -0.641500 1.517379 -0.799307
v -0.641500 1.520012 -0.808495
v -0.641500 1.515000 -0.823990
v -0.649500 1.525000 -0.773740
v -0.649500 1.515074 -0.780724
v -0.649500 1.522429 -0.820755
v -0.649500 1.523734 -0.790984
v -0.649500 1.513406 -0.803185
v -0.669502 1.659553 -0.891000
v -0.732022 1.657925 -0.890999
v -0.617472 1.698559 -0.891094
v -0.735000 1.389433 -0.911007
v -0.785500 1.388050 -0.912413
v -0.643833 1.267667 -0.925000
v -0.757833 1.266333 -0.925000
v -0.780256 1.288372 -0.909110
v -0.761896 1.270397 -0.897272
v -0.768042 1.276576 -0.894338
v -0.640550 1.270964 -0.893428
v -0.667519 1.377914 -0.906986
v -0.622526 1.288564 -0.906720
v -0.759584 1.800984 -1.036001
v -0.756653 1.802261 -1.081000
v -0.779757 1.769020 -1.081000
v -0.778670 1.764855 -1.036001
v -0.778167 1.725000 -1.081000
v -0.784459 1.792219 -0.891506
v -0.780930 1.790898 -0.996002
v -0.784647 1.701709 -0.996009
v -0.616363 1.788294 -0.996008
v -0.618510 1.791827 -0.891825
v -0.620071 1.699100 -0.996002
v -0.694828 1.654996 -1.008412
v -0.766212 1.683539 -1.010149
v -0.672058 1.661762 -1.011096
v -0.729521 1.661034 -1.010415
v -0.614018 1.723393 -1.010430
v -0.634576 1.683702 -1.010026
v -0.639051 1.811710 -1.010026
v -0.677899 1.830743 -1.010666
v -0.726046 1.831458 -1.009757
v -0.764200 1.807311 -1.010623
v -0.786620 1.725111 -1.010740
v -0.788591 1.763617 -1.009797
v -0.613445 1.762604 -1.010805
v -0.722389 1.822625 -1.036001
v -0.644219 1.802770 -1.036001
v -0.622330 1.725145 -1.036001
v -0.622474 1.768176 -1.036001
v -0.678610 1.667375 -1.036001
v -0.644346 1.687739 -1.081000
v -0.622833 1.765000 -1.081000
v -0.621243 1.720979 -1.081000
v -0.758860 1.751795 -1.081000
v -0.760930 1.688372 -1.081000
v -0.722012 1.667739 -1.081000
v -0.681674 1.664351 -1.081000
v -0.707016 1.688822 -1.081000
v -0.654421 1.716743 -1.081000
v -0.703780 1.799668 -1.081000
v -0.651590 1.771449 -1.081000
v -0.641416 1.689016 -1.036001
v -0.588297 1.525000 -0.595129
v -0.589628 1.565000 -0.593798
v -0.811373 1.565000 -0.898201
v -0.812703 1.525000 -0.896871
v -0.588298 1.565000 -0.896872
v -0.589628 1.525000 -0.898202
v -0.778525 1.721824 -1.036001
v -0.730673 1.699295 -0.881000
v -0.662228 1.701940 -0.881000
v -0.653140 1.774133 -0.881000
v -0.711677 1.799467 -0.881000
v -0.755506 1.753125 -0.881000
v -0.810785 1.514210 -0.599995
v -0.590309 1.514189 -0.599945
v -0.591311 1.247800 -0.599035
v -0.731164 1.282344 -0.597759
v -0.791965 1.234193 -0.599829
v -0.767284 1.368080 -0.597031
v -0.727194 1.408074 -0.597412
v -0.810421 1.250897 -0.599595
v -0.611108 1.233737 -0.600727
v -0.687643 1.364583 -0.499173
v -0.708128 1.367902 -0.497703
v -0.712318 1.323931 -0.496895
v -0.694600 1.321643 -0.498884
v -0.677239 1.344110 -0.498815
v -0.724025 1.340204 -0.498634
v -0.732000 1.516026 -0.660833
v -0.669000 1.525000 -0.660300
v -0.669000 1.515000 -0.663500
v -0.732000 1.525000 -0.655500
v -0.669000 1.515000 -0.655500
v -0.807492 1.635000 -0.653504
v -0.806460 1.653539 -0.838513
v -0.808860 1.635000 -0.838500
v -0.808206 1.714999 -0.653500
v -0.807644 1.714999 -0.838500
v -0.808206 1.734999 -0.653500
v -0.807644 1.735000 -0.838500
v -0.807884 1.755000 -0.653503
v -0.807996 1.754999 -0.838500
v -0.808206 1.595001 -0.653500
v -0.808423 1.674994 -0.653500
v -0.808593 1.674919 -0.695992
v -0.807924 1.654871 -0.653503
v -0.808226 1.654816 -0.700229
v -0.807770 1.654775 -0.791748
v -0.808858 1.675080 -0.838500
v -0.807553 1.674940 -0.796007
v -0.593356 1.615000 -0.838500
v -0.783221 1.698836 -0.891165
v -0.638769 1.365887 -0.527000
v -0.649720 1.309523 -0.527000
v -0.694670 1.282570 -0.527000
v -0.750657 1.304707 -0.527000
v -0.759971 1.364733 -0.527000
v -0.731608 1.399340 -0.527000
v -0.676007 1.402222 -0.527000
v -0.762339 1.361888 -0.541989
v -0.755870 1.321059 -0.542000
v -0.753029 1.300733 -0.542005
v -0.689207 1.282425 -0.541982
v -0.648363 1.310637 -0.541980
v -0.634364 1.356246 -0.541996
v -0.660208 1.394660 -0.541985
v -0.730320 1.402505 -0.541981
v -0.754586 1.384015 -0.552664
v -0.716223 1.409223 -0.552710
v -0.634478 1.339863 -0.552800
v -0.766485 1.334555 -0.552775
v -0.739517 1.290915 -0.552664
v -0.695364 1.278980 -0.552796
v -0.653343 1.297844 -0.552662
v -0.646416 1.384017 -0.552661
v -0.680164 1.407474 -0.552736
v -0.734937 1.269212 -0.558000
v -0.781101 1.317382 -0.558000
v -0.773862 1.384622 -0.558000
v -0.734933 1.420788 -0.558000
v -0.621780 1.374792 -0.558556
v -0.621459 1.316639 -0.558000
v -0.658929 1.272110 -0.557483
v -0.664059 1.419860 -0.558000
v -0.758178 1.322453 -0.564280
v -0.732567 1.292463 -0.564591
v -0.699920 1.283342 -0.564193
v -0.672178 1.290059 -0.565161
v -0.646261 1.316330 -0.564126
v -0.638720 1.350093 -0.564506
v -0.660126 1.393203 -0.564234
v -0.705246 1.406672 -0.564209
v -0.737240 1.394118 -0.564297
v -0.759545 1.364824 -0.564094
v -0.757257 1.371345 -0.596000
v -0.696888 1.410725 -0.596566
v -0.654953 1.393029 -0.596743
v -0.633656 1.344475 -0.596802
v -0.650172 1.302594 -0.596962
v -0.691063 1.278455 -0.596545
v -0.759141 1.316701 -0.596594
v -0.667317 1.383837 -0.892282
v -0.669602 1.398519 -0.893912
v -0.636094 1.339365 -0.893896
v -0.651052 1.353704 -0.892100
v -0.654493 1.323980 -0.892113
v -0.686248 1.295017 -0.892034
v -0.674669 1.289600 -0.893880
v -0.726961 1.288253 -0.893884
v -0.729088 1.303242 -0.892249
v -0.749359 1.332282 -0.892641
v -0.762874 1.339543 -0.893894
v -0.743350 1.374440 -0.892007
v -0.732283 1.400051 -0.893909
v -0.703766 1.395667 -0.892063
v -0.605527 1.345001 -0.896655
v -0.790388 1.472888 -0.897128
v -0.795156 1.345000 -0.896625
v -0.792681 1.235001 -0.895975
v -0.751500 1.525000 -0.837240
v -0.754700 1.515841 -0.837554
v -0.735437 1.795000 -0.746975
v -0.707800 1.795000 -0.710532
v -0.705770 1.825000 -0.710174
v -0.662821 1.795000 -0.744915
v -0.670636 1.825000 -0.729797
v -0.671967 1.825000 -0.767204
v -0.705770 1.795000 -0.781826
v -0.713364 1.825000 -0.778497
v -0.735437 1.825000 -0.745026
v -0.710371 1.795000 -0.733552
v -0.688294 1.795000 -0.734475
v -0.690282 1.795000 -0.758905
v -0.714521 1.795000 -0.755231
v -0.811373 1.525000 -0.593799
v -0.812703 1.565000 -0.595129
v -0.714521 1.525000 -0.736770
v -0.690282 1.525000 -0.733096
v -0.688294 1.525000 -0.757525
v -0.710371 1.525000 -0.758448
v -0.697322 1.457000 -0.732613
v -0.688141 1.457000 -0.752671
v -0.714594 1.457000 -0.751599
v -0.671252 1.367799 -0.905334
v -0.729091 1.372319 -0.905179
v -0.735000 1.455321 -0.897523
v -0.696559 1.393478 -0.906387
v -0.785500 1.455528 -0.897660
v -0.668000 1.389165 -0.917227
v -0.782231 1.290305 -0.905313
v -0.683554 1.313620 -0.905000
v -0.727593 1.323530 -0.897216
v -0.593428 1.714999 -0.653498
v -0.594163 1.718503 -0.838500
v -0.593140 1.735000 -0.653500
v -0.593223 1.735417 -0.838500
v -0.593162 1.695163 -0.791777
v -0.594114 1.697788 -0.838502
v -0.593079 1.674957 -0.838495
v -0.593350 1.674906 -0.796015
v -0.592973 1.654946 -0.838497
v -0.593133 1.654914 -0.791812
v -0.593654 1.656200 -0.699574
v -0.592998 1.654902 -0.653501
v -0.593022 1.675041 -0.653501
v -0.592621 1.675193 -0.695982
v -0.592521 1.695041 -0.653500
v -0.592708 1.695069 -0.700176
v -0.808860 1.615000 -0.838500
v -0.804499 1.624999 -0.838500
v -0.806756 1.597538 -0.838500
v -0.807813 1.615000 -0.653503
v -0.807463 1.694326 -0.838503
v -0.748402 1.821770 -0.883888
v -0.679599 1.827829 -0.866751
v -0.641961 1.813506 -0.888059
v -0.612612 1.472888 -0.897209
v -0.668956 1.359709 -0.893000
v -0.681796 1.314635 -0.893000
v -0.718576 1.377774 -0.892999
v -0.599726 1.565000 -0.607000
v -0.598173 1.565000 -0.885715
v -0.802736 1.565000 -0.607601
v -0.801431 1.565000 -0.886512
v -0.805500 1.715000 -0.626000
v -0.805500 1.685000 -0.626000
v -0.807776 1.695230 -0.791746
v -0.593130 1.595001 -0.653503
v -0.610178 1.234708 -0.895839
v -0.761689 1.332001 -0.503661
v -0.745052 1.301566 -0.503421
v -0.707449 1.281971 -0.503390
v -0.662764 1.294520 -0.503428
v -0.637802 1.335156 -0.503559
v -0.673651 1.401006 -0.503606
v -0.722763 1.404379 -0.503492
v -0.757107 1.379115 -0.504327
v -0.647271 1.382635 -0.504734
v -0.593187 1.615000 -0.653503
v -0.695977 1.384363 -0.499833
v -0.716498 1.307275 -0.498559
v -0.667803 1.322105 -0.499000
v -0.669081 1.368306 -0.496500
v -0.735735 1.333311 -0.566000
v -0.683554 1.313620 -0.566000
v -0.670120 1.365000 -0.566000
v -0.713982 1.376107 -0.566000
v -0.751500 1.515000 -0.773740
v -0.807000 1.515000 -0.803240
v -0.810008 1.513114 -0.897355
v -0.591078 1.513779 -0.897231
v -0.592944 1.755000 -0.838500
v -0.598712 1.820352 -0.881913
v -0.592794 1.755000 -0.653500
v -0.600291 1.820069 -0.606934
v -0.801715 1.820219 -0.882362
v -0.593120 1.244545 -0.899563
v -0.807843 1.245155 -0.899402
v -0.640884 1.270617 -0.899885
v -0.836091 1.413615 -0.094135
v -0.835927 1.399998 -0.127820
v -0.836058 1.370462 -0.123191
v -0.836111 1.360697 -0.104697
v -0.836000 1.366597 -0.086588
v -0.835848 1.378555 -0.077659
v -0.836000 1.401503 -0.080739
v -0.754297 1.494243 -0.255000
v -0.754771 1.468105 -0.255000
v -0.781146 1.465827 -0.255000
v -0.793755 1.457849 -0.255000
v -0.802978 1.490091 -0.255000
v -0.812350 1.502254 -0.255000
v -0.773377 1.515144 -0.255000
v -0.585866 1.203532 0.275000
v -0.585827 1.200996 0.288832
v -0.617767 1.167672 0.289259
v -0.618097 1.172064 0.275000
v -0.639859 1.183512 0.275000
v -0.649158 1.185552 0.289467
v -0.651363 1.214293 0.289074
v -0.651028 1.213584 0.275000
v -0.617322 1.235276 0.289236
v -0.619584 1.234319 0.275000
v -0.620500 1.201500 0.168066
v -0.613980 1.223629 0.179769
v -0.644008 1.202086 0.179663
v -0.619101 1.179303 0.179901
v -0.599053 1.197184 0.179937
v -0.487410 1.173574 0.143787
v -0.486986 1.203040 0.136316
v -0.485826 1.207928 0.110411
v -0.486674 1.184917 0.095409
v -0.486326 1.161553 0.111753
v -0.833910 1.188852 0.162064
v -0.834440 1.164241 0.155781
v -0.833752 1.143125 0.131038
v -0.833945 1.152201 0.092684
v -0.833984 1.181167 0.077976
v -0.834436 1.212156 0.087606
v -0.833377 1.228276 0.123433
v -0.834233 1.213366 0.150719
v -0.836091 1.276120 -0.196582
v -0.836107 1.243899 -0.196581
v -0.835923 1.447520 0.190865
v -0.563000 1.218873 0.000861
v -0.565071 1.123087 -0.270000
v -0.563000 1.297500 -0.270000
v -0.563983 1.534933 -0.144493
v -0.563000 1.353239 -0.089886
v -0.564146 1.487763 -0.155502
v -0.563000 1.380209 -0.121569
v -0.563000 1.550000 -0.028750
v -0.563000 1.375758 -0.058034
v -0.563715 1.466992 -0.111800
v -0.564007 1.535682 -0.094524
v -0.563000 1.419747 -0.084947
v -0.563850 1.493682 -0.083993
v -0.563000 1.297500 0.290000
v -0.563794 1.222659 0.133466
v -0.563859 1.206328 0.088121
v -0.566573 1.217929 0.024030
v -0.563916 1.162330 0.088003
v -0.564152 1.150114 0.139522
v -0.565904 1.123323 0.290000
v -0.563000 1.242186 0.019695
v -0.563816 1.189455 0.157185
v -0.563000 1.380209 0.057431
v -0.563000 1.352880 0.103862
v -0.563000 1.415148 0.079970
v -0.836556 1.456185 0.290000
v -0.835735 1.455912 -0.270000
v -0.835933 1.234022 0.290000
v -0.838354 1.226337 0.095799
v -0.836037 1.233988 -0.270000
v -0.733630 1.122614 -0.210165
v -0.834892 1.123107 0.290000
v -0.654588 1.122277 -0.183538
v -0.742906 1.122975 -0.154788
v -0.663664 1.122946 -0.150493
v -0.613876 1.223664 -0.255000
v -0.596396 1.195691 -0.159087
v -0.599055 1.197098 -0.255000
v -0.619186 1.179272 -0.255000
v -0.634624 1.183804 -0.159847
v -0.644100 1.202179 -0.255000
v -0.633228 1.222316 -0.159330
v -0.769452 1.520029 0.289072
v -0.773899 1.520662 0.275000
v -0.747164 1.490469 0.275000
v -0.749313 1.497023 0.289470
v -0.754651 1.467334 0.289072
v -0.771509 1.462665 0.275000
v -0.788692 1.456561 0.289196
v -0.807169 1.467384 0.275000
v -0.813348 1.482304 0.289107
v -0.801378 1.506657 0.275000
v -0.801700 1.513338 0.289413
v -0.567352 1.236085 0.007488
v -0.569670 1.237431 0.024073
v -0.731026 1.301405 -0.275807
v -0.687053 1.294813 -0.275000
v -0.702004 1.398993 -0.270000
v -0.653796 1.193161 -0.268988
v -0.753828 1.356228 -0.273871
v -0.587669 1.190101 -0.268968
v -0.834819 1.567460 -0.270000
v -0.635434 1.231661 -0.269380
v -0.789823 1.520364 -0.269295
v -0.815354 1.485832 -0.269035
v -0.565925 1.567075 -0.270000
v -0.782086 1.454988 -0.268971
v -0.834790 1.122828 -0.270000
v -0.623093 1.168738 -0.269202
v -0.601549 1.228208 -0.269150
v -0.754650 1.509665 -0.269072
v -0.649247 1.327949 -0.270000
v -0.750769 1.474244 -0.269197
v -0.665870 1.385422 -0.276000
v -0.836263 1.433884 0.191692
v -0.835902 1.440571 0.207157
v -0.836045 1.427918 0.213531
v -0.836048 1.407993 0.200437
v -0.836124 1.402496 -0.112694
v -0.835542 1.394291 -0.113389
v -0.836168 1.393720 -0.090402
v -0.836032 1.403837 -0.091181
v -0.835692 1.382292 0.106276
v -0.836063 1.244263 -0.173615
v -0.838058 1.460367 -0.130562
v -0.838021 1.548944 -0.105318
v -0.837994 1.485595 -0.162345
v -0.838008 1.536972 -0.157106
v -0.835800 1.379406 0.127937
v -0.836154 1.402132 0.144274
v -0.836048 1.377906 0.147924
v -0.836179 1.385825 0.095918
v -0.836229 1.361491 0.112530
v -0.833611 1.520652 -0.137070
v -0.810000 1.490455 -0.138895
v -0.835000 1.235000 0.048392
v -0.835889 1.361709 0.136468
v -0.836054 1.414808 0.127059
v -0.836161 1.405464 0.100895
v -0.717808 1.337568 -0.348831
v -0.732482 1.326263 -0.349289
v -0.725025 1.374348 -0.349063
v -0.704277 1.363518 -0.348624
v -0.674044 1.371822 -0.349365
v -0.681057 1.344844 -0.348535
v -0.668540 1.326292 -0.348932
v -0.696103 1.327411 -0.349157
v -0.700181 1.308925 -0.349084
v -0.485548 1.528171 -0.121162
v -0.486908 1.482122 -0.109056
v -0.487214 1.515754 -0.095985
v -0.487214 1.512200 -0.145309
v -0.486600 1.485963 -0.134277
v -0.835941 1.275046 -0.172127
v -0.710942 1.567908 0.152918
v -0.748521 1.567321 0.203227
v -0.708221 1.567466 0.246474
v -0.660198 1.567376 0.223910
v -0.660712 1.568083 0.175315
v -0.835896 1.260066 -0.178444
v -0.599164 1.207868 0.275000
v -0.633410 1.222436 0.275000
v -0.835231 1.410000 -0.001117
v -0.835461 1.448461 -0.005220
v -0.835857 1.414338 0.195521
v -0.836176 1.272614 -0.191579
v -0.836137 1.247405 -0.191579
v -0.836157 1.259646 -0.169687
v -0.671486 1.321936 -0.280000
v -0.709475 1.307273 -0.280000
v -0.737808 1.340704 -0.280000
v -0.730728 1.390874 -0.280000
v -0.717873 1.379670 -0.280000
v -0.666865 1.365717 -0.280000
v -0.647856 1.329290 -0.280000
v -0.592663 1.222205 -0.255000
v -0.602659 1.172537 -0.255000
v -0.651510 1.185943 -0.255000
v -0.637701 1.229465 -0.255000
v -0.580999 1.213582 0.105139
v -0.580999 1.177413 0.088314
v -0.580999 1.149847 0.108249
v -0.580999 1.156487 0.145313
v -0.580999 1.212328 0.150727
v -0.834790 1.567171 0.290000
v -0.593000 1.415148 -0.078970
v -0.593000 1.380209 -0.056431
v -0.593000 1.402782 -0.115985
v -0.593000 1.352880 -0.102863
v -0.785000 1.227042 0.102534
v -0.785000 1.186332 0.072915
v -0.838000 1.183773 0.073686
v -0.838007 1.140505 0.100763
v -0.785000 1.142826 0.102168
v -0.785000 1.143966 0.137573
v -0.838000 1.150311 0.150711
v -0.785000 1.171986 0.163744
v -0.838000 1.190369 0.166635
v -0.785000 1.219651 0.150762
v -0.838000 1.225722 0.142095
v -0.836059 1.405545 0.126775
v -0.718851 1.319098 0.290247
v -0.730241 1.353103 0.290750
v -0.703089 1.376712 0.290685
v -0.671043 1.355552 0.290725
v -0.680509 1.320928 0.290725
v -0.784671 1.475543 -0.151717
v -0.834109 1.481701 -0.155250
v -0.785000 1.460891 -0.130940
v -0.785000 1.469161 -0.089783
v -0.834041 1.464233 -0.109156
v -0.833904 1.478191 -0.087823
v -0.785000 1.514494 -0.075276
v -0.833984 1.501474 -0.077949
v -0.834058 1.532586 -0.087504
v -0.785000 1.544896 -0.100169
v -0.785000 1.543918 -0.146726
v -0.833846 1.512652 -0.162002
v -0.786962 1.510318 -0.164302
v -0.675455 1.566732 -0.056646
v -0.752065 1.566683 0.034756
v -0.649850 1.566683 0.035435
v -0.566367 1.567601 0.290000
v -0.759207 1.566316 -0.015765
v -0.639586 1.565785 -0.016634
v -0.729426 1.566581 -0.054813
v -0.695216 1.567108 0.063017
v -0.835000 1.194091 0.142044
v -0.810000 1.189444 0.143094
v -0.593000 1.415148 0.100030
v -0.593000 1.402782 0.063015
v -0.593000 1.352880 0.076137
v -0.593000 1.380209 0.122569
v -0.810000 1.180555 0.096906
v -0.833611 1.489348 -0.102931
v -0.810000 1.519545 -0.101105
v -0.835000 1.175909 0.097956
v -0.580999 1.192701 0.145805
v -0.580999 1.156044 0.123379
v -0.801945 1.484102 0.275000
v -0.761188 1.500396 0.275000
v -0.688836 1.331877 -0.270000
v -0.694291 1.363734 -0.270000
v -0.833864 1.547518 -0.120141
v -0.580999 1.526338 -0.138978
v -0.580999 1.476089 -0.132484
v -0.580999 1.515083 -0.085557
v -0.580999 1.522579 -0.100200
v -0.682000 1.376307 0.297946
v -0.664498 1.352057 0.295408
v -0.675170 1.319307 0.298181
v -0.684179 1.308649 0.291019
v -0.728228 1.320064 0.298051
v -0.732882 1.323662 0.290000
v -0.731641 1.363949 0.296785
v -0.699738 1.383731 0.294254
v -0.701667 1.485000 0.244081
v -0.723732 1.485000 0.156946
v -0.740401 1.485000 0.221577
v -0.665981 1.485000 0.172559
v -0.659253 1.485000 0.220672
v -0.838000 1.469359 -0.088359
v -0.838000 1.518384 -0.075006
v -0.723732 1.184000 -0.134946
v -0.665981 1.184000 -0.150559
v -0.659253 1.184000 -0.198672
v -0.701667 1.184000 -0.222081
v -0.740401 1.184000 -0.199577
v -0.834350 1.465328 -0.131578
v -0.780500 1.488500 0.168066
v -0.803485 1.495281 0.179519
v -0.781057 1.465865 0.179846
v -0.759052 1.484188 0.179937
v -0.770613 1.508423 0.179901
v -0.562151 1.229320 0.013729
v -0.568375 1.217282 0.004977
v -0.698940 1.485000 -0.058897
v -0.650682 1.485000 -0.032891
v -0.653565 1.485000 0.041717
v -0.727198 1.485000 0.053392
v -0.757150 1.485000 0.013668
v -0.748444 1.485000 -0.035565
v -0.784973 1.490421 -0.150629
v -0.784995 1.486391 -0.150806
v -0.580999 1.473874 -0.096869
v -0.580999 1.500531 -0.158522
v -0.580999 1.543692 -0.127965
v -0.757515 1.495281 -0.159520
v -0.776265 1.467038 -0.159860
v -0.801689 1.481259 -0.159603
v -0.780500 1.488500 -0.148066
v -0.620500 1.201500 -0.148066
v -0.834184 1.537498 -0.146255
v -0.148551 0.499366 -0.119927
v -0.150880 0.535064 -0.119744
v -0.124068 0.499279 -0.133783
v -0.124532 0.535212 -0.132361
v -0.116600 0.475004 -0.154751
v -0.133043 0.475031 -0.176667
v -0.150904 0.474008 -0.179793
v -0.166948 0.475160 -0.174766
v -0.179047 0.474937 -0.159275
v -0.178843 0.475131 -0.139068
v -0.169839 0.475086 -0.124977
v -0.145791 0.474917 -0.115770
v -0.122414 0.475019 -0.130138
v -0.150279 0.377964 -0.177976
v -0.176674 0.378172 -0.160589
v -0.173257 0.382032 -0.129623
v -0.150206 0.378221 -0.118646
v -0.122174 0.377041 -0.133688
v -0.123862 0.378450 -0.165416
v -0.123787 0.499418 -0.162510
v -0.122400 0.535037 -0.160546
v -0.148492 0.485253 -0.148492
v -0.148452 0.499635 -0.176904
v -0.173053 0.499561 -0.162741
v -0.173126 0.499548 -0.134261
v -0.174584 0.535036 -0.136439
v -0.141144 0.531348 -0.198635
v -0.191742 0.534983 -0.125536
v -0.107682 0.535341 -0.121422
v -0.098330 0.534348 -0.157119
v -0.131756 0.534538 -0.100748
v -0.172706 0.534423 -0.104387
v -0.184338 0.534891 -0.181943
v -0.164888 0.535005 -0.194902
v -0.121129 0.535181 -0.189573
v -0.198480 0.534393 -0.155684
v -0.178327 0.476000 -0.189583
v -0.201689 0.476000 -0.148493
v -0.178350 0.476000 -0.107419
v -0.132055 0.476000 -0.097896
v -0.095293 0.476000 -0.148486
v -0.132048 0.476000 -0.199086
v -0.146105 0.535044 -0.177231
v -0.172452 0.535212 -0.164624
v -0.148532 0.499635 0.176904
v -0.150879 0.535064 0.177241
v -0.123816 0.499418 0.162579
v -0.124532 0.535212 0.164624
v -0.116857 0.475016 0.141427
v -0.133121 0.474975 0.120320
v -0.153524 0.474993 0.116868
v -0.171099 0.474998 0.126188
v -0.180946 0.475073 0.147794
v -0.169998 0.474808 0.172348
v -0.149535 0.474821 0.180368
v -0.124288 0.474948 0.170532
v -0.149474 0.377711 0.118999
v -0.176674 0.378172 0.136396
v -0.172188 0.378682 0.167129
v -0.140807 0.377495 0.177656
v -0.120098 0.381785 0.162984
v -0.124675 0.376959 0.131246
v -0.124014 0.499280 0.133819
v -0.122400 0.535037 0.136438
v -0.148492 0.485253 0.148492
v -0.148499 0.499364 0.119923
v -0.173088 0.499546 0.134198
v -0.173095 0.499560 0.162672
v -0.174584 0.535036 0.160546
v -0.175426 0.534858 0.107331
v -0.196674 0.534562 0.161943
v -0.158105 0.535384 0.196644
v -0.134670 0.531970 0.196957
v -0.110430 0.534916 0.180705
v -0.181034 0.533158 0.186430
v -0.193790 0.534891 0.128212
v -0.146312 0.534386 0.098290
v -0.115114 0.534894 0.111892
v -0.098529 0.535085 0.143911
v -0.164934 0.476000 0.097897
v -0.201689 0.476000 0.148485
v -0.178350 0.476000 0.189566
v -0.132055 0.476000 0.199088
v -0.095293 0.476000 0.148492
v -0.118633 0.476000 0.107421
v -0.146105 0.535044 0.119753
v -0.172452 0.535212 0.132362
v -0.176769 0.940636 0.148207
v -0.179158 0.904936 0.148029
v -0.152068 0.940565 0.162611
v -0.152667 0.904766 0.160739
v -0.144868 0.964999 0.182143
v -0.157513 0.965805 0.201664
v -0.176958 0.965082 0.209384
v -0.199410 0.964850 0.199139
v -0.209110 0.964909 0.178137
v -0.199969 0.965094 0.154246
v -0.177747 0.964933 0.144795
v -0.153620 0.964956 0.153866
v -0.177281 1.057710 0.207760
v -0.203232 1.062123 0.191908
v -0.199227 1.061829 0.157080
v -0.176271 1.057710 0.145794
v -0.150210 1.061654 0.161360
v -0.153833 1.063236 0.195063
v -0.152154 0.940565 0.191091
v -0.150832 0.904765 0.189635
v -0.176776 0.954746 0.176777
v -0.176682 0.940371 0.205239
v -0.201419 0.940452 0.190993
v -0.201275 0.940775 0.162212
v -0.202724 0.904788 0.164087
v -0.139299 0.905280 0.208774
v -0.161716 0.905259 0.224140
v -0.145515 0.904841 0.137968
v -0.130692 0.904883 0.160146
v -0.127658 0.905368 0.184772
v -0.175275 0.906827 0.126535
v -0.207760 0.904973 0.137571
v -0.224972 0.905512 0.165420
v -0.221566 0.905509 0.200311
v -0.191827 0.904952 0.223967
v -0.193215 0.964000 0.227372
v -0.229976 0.964000 0.176782
v -0.193217 0.964000 0.126182
v -0.146945 0.964000 0.135685
v -0.123579 0.964000 0.176775
v -0.146919 0.964000 0.217849
v -0.174938 0.904783 0.205666
v -0.200884 0.904766 0.192819
v -0.176858 0.940454 -0.205225
v -0.179164 0.904936 -0.205526
v -0.152113 0.940370 -0.190991
v -0.152670 0.904766 -0.192822
v -0.145127 0.964891 -0.182888
v -0.146544 0.964766 -0.165907
v -0.159631 0.964960 -0.149860
v -0.182860 0.964967 -0.145006
v -0.199841 0.964936 -0.154987
v -0.209131 0.964869 -0.175579
v -0.201768 0.964971 -0.196839
v -0.172838 0.965416 -0.208902
v -0.156752 0.964831 -0.201508
v -0.177528 1.061753 -0.147239
v -0.204487 1.061503 -0.163782
v -0.201542 1.057968 -0.195645
v -0.180343 1.062360 -0.206268
v -0.149897 1.062778 -0.190147
v -0.152665 1.060511 -0.158679
v -0.152042 0.940563 -0.162673
v -0.150832 0.904765 -0.163917
v -0.176776 0.954746 -0.176777
v -0.176564 0.940582 -0.148373
v -0.201362 0.940365 -0.162536
v -0.201315 0.940582 -0.191104
v -0.202724 0.904788 -0.189467
v -0.203818 0.906972 -0.134729
v -0.224555 0.905461 -0.193263
v -0.145161 0.906321 -0.215368
v -0.130049 0.904871 -0.193288
v -0.172290 0.905219 -0.226583
v -0.202946 0.904845 -0.218494
v -0.222019 0.905230 -0.156215
v -0.137606 0.904801 -0.146400
v -0.160566 0.908149 -0.128929
v -0.180770 0.904518 -0.127864
v -0.127866 0.906166 -0.169828
v -0.206608 0.964000 -0.135685
v -0.229976 0.964000 -0.176775
v -0.206633 0.964000 -0.217850
v -0.160340 0.964000 -0.227373
v -0.123579 0.964000 -0.176782
v -0.160334 0.964000 -0.126182
v -0.174938 0.904783 -0.147887
v -0.186873 0.964401 -0.208128
v -0.200887 0.904766 -0.160742
v 0.176736 0.940496 -0.205158
v 0.174936 0.904766 -0.205676
v 0.201717 0.940685 -0.190544
v 0.200886 0.904766 -0.192815
v 0.207346 0.965764 -0.169031
v 0.173571 0.964947 -0.144945
v 0.153126 0.965060 -0.155124
v 0.144320 0.965110 -0.179147
v 0.156636 0.964975 -0.201539
v 0.175783 0.964861 -0.208796
v 0.196281 0.964965 -0.202092
v 0.206768 0.965076 -0.186982
v 0.174990 1.062036 -0.147293
v 0.149028 1.061423 -0.163621
v 0.152012 1.057968 -0.195646
v 0.173075 1.062133 -0.206388
v 0.196909 1.061967 -0.197355
v 0.206456 1.062478 -0.167056
v 0.201563 0.940520 -0.162637
v 0.202721 0.904766 -0.163917
v 0.176777 0.954746 -0.176777
v 0.176230 0.940685 -0.148295
v 0.152032 0.940636 -0.162499
v 0.152080 0.940371 -0.190927
v 0.150833 0.904766 -0.189637
v 0.209119 0.905004 -0.213876
v 0.224624 0.904927 -0.165589
v 0.224899 0.906761 -0.191498
v 0.178116 0.906338 -0.227770
v 0.154514 0.904087 -0.219150
v 0.138497 0.906668 -0.210309
v 0.127879 0.905064 -0.181219
v 0.131607 0.904651 -0.157935
v 0.146565 0.907074 -0.135649
v 0.179123 0.904699 -0.127781
v 0.208969 0.905614 -0.138069
v 0.133745 0.964000 -0.145499
v 0.133740 0.964000 -0.208049
v 0.193215 0.964000 -0.227372
v 0.229976 0.964000 -0.176782
v 0.193221 0.964000 -0.126183
v 0.178613 0.904783 -0.147888
v 0.197687 0.964984 -0.151993
v 0.152667 0.904766 -0.160741
v 0.176718 0.940439 0.148381
v 0.174943 0.904766 0.147879
v 0.201539 0.940517 0.162584
v 0.200888 0.904766 0.160746
v 0.199558 0.965049 0.199526
v 0.176901 0.965136 0.209401
v 0.151711 0.964885 0.196993
v 0.144603 0.964805 0.176704
v 0.151565 0.964907 0.156898
v 0.171963 0.965054 0.144736
v 0.195949 0.964902 0.151216
v 0.209037 0.965176 0.173079
v 0.166856 1.060171 0.206822
v 0.146097 1.061689 0.168253
v 0.174766 1.061917 0.147183
v 0.203604 1.062827 0.163300
v 0.200071 1.061508 0.195477
v 0.201707 0.940713 0.190476
v 0.202721 0.904766 0.189636
v 0.176777 0.954746 0.176777
v 0.176622 0.940542 0.205205
v 0.152181 0.940454 0.191071
v 0.152152 0.940365 0.162605
v 0.150833 0.904766 0.163917
v 0.224110 0.907355 0.194171
v 0.205753 0.904773 0.216823
v 0.169063 0.905770 0.226908
v 0.161635 0.905082 0.129483
v 0.224914 0.904927 0.164534
v 0.207775 0.905349 0.137943
v 0.184713 0.904877 0.128376
v 0.131575 0.905146 0.154413
v 0.129058 0.905451 0.190719
v 0.142305 0.905001 0.211582
v 0.160334 0.964000 0.227371
v 0.123574 0.964000 0.176782
v 0.160331 0.964000 0.126183
v 0.219812 0.964000 0.145501
v 0.219817 0.964000 0.208044
v 0.178613 0.904783 0.205666
v 0.152670 0.904766 0.192820
v -0.178916 0.979992 0.117125
v -0.188267 0.963949 0.117146
v -0.174638 0.964008 0.117124
v -0.216885 0.980000 0.131293
v -0.230930 0.964000 0.149486
v -0.238370 0.980000 0.188537
v -0.228293 0.964000 0.213628
v -0.175667 0.980000 0.241504
v -0.162007 0.964000 0.236556
v -0.122452 0.964000 0.202833
v -0.118610 0.980000 0.195430
v -0.124094 0.964000 0.141611
v -0.124442 0.980000 0.146923
v -0.165287 0.980051 0.117146
v -0.185548 0.963949 0.146118
v -0.187806 0.979954 0.147038
v -0.209487 0.964000 0.190123
v -0.209566 0.980000 0.184034
v -0.171229 0.980000 0.209369
v -0.161628 0.964000 0.205620
v -0.143265 0.980000 0.170258
v -0.144963 0.964000 0.169756
v -0.171315 0.964026 0.145769
v -0.172631 0.980009 0.146049
v -0.187073 0.966571 -0.237179
v -0.165044 0.964104 -0.237528
v -0.172224 0.980011 -0.236347
v -0.214758 0.980000 -0.224617
v -0.238719 0.964000 -0.186536
v -0.237716 0.980000 -0.154930
v -0.213188 0.964000 -0.127731
v -0.169302 0.980000 -0.115111
v -0.165348 0.964000 -0.117620
v -0.124739 0.964000 -0.144787
v -0.117623 0.980000 -0.157818
v -0.119404 0.964000 -0.196420
v -0.131097 0.980000 -0.217331
v -0.183359 0.963966 -0.207771
v -0.203414 0.979936 -0.197616
v -0.207433 0.964000 -0.185054
v -0.195537 0.964000 -0.149555
v -0.186058 0.980000 -0.142689
v -0.154014 0.964000 -0.153468
v -0.143205 0.980000 -0.175925
v -0.152349 0.964063 -0.199440
v -0.170194 0.980034 -0.207772
v 0.173228 0.968912 -0.236308
v 0.180326 0.975088 -0.236308
v 0.138797 0.980000 -0.224618
v 0.117548 0.964000 -0.202907
v 0.115240 0.980000 -0.168305
v 0.149691 0.964000 -0.117979
v 0.155903 0.980000 -0.118846
v 0.207475 0.980000 -0.124934
v 0.216007 0.964000 -0.131048
v 0.236560 0.980000 -0.164240
v 0.238342 0.964000 -0.177931
v 0.222455 0.980000 -0.217332
v 0.211967 0.964000 -0.226164
v 0.159735 0.963912 -0.204221
v 0.168686 0.979962 -0.207329
v 0.142998 0.980000 -0.171828
v 0.147024 0.964000 -0.164615
v 0.178370 0.964000 -0.144236
v 0.182325 0.980000 -0.144185
v 0.210916 0.964000 -0.176758
v 0.208067 0.980000 -0.171374
v 0.190987 0.980080 -0.205603
v 0.182235 0.964026 -0.207785
v -0.154169 0.460056 -0.087438
v -0.171832 0.476083 -0.091791
v -0.144944 0.464912 -0.088962
v -0.196497 0.460000 -0.112648
v -0.211748 0.476000 -0.158348
v -0.208978 0.460000 -0.160034
v -0.174852 0.460000 -0.203106
v -0.155966 0.476000 -0.210159
v -0.126034 0.460000 -0.204823
v -0.097778 0.476000 -0.183417
v -0.088961 0.460000 -0.164228
v -0.097157 0.476000 -0.110242
v -0.102814 0.460000 -0.107937
v -0.168268 0.476097 -0.122653
v -0.153953 0.460026 -0.117485
v -0.180307 0.460000 -0.141474
v -0.176935 0.476000 -0.162611
v -0.167175 0.460000 -0.174168
v -0.136967 0.476000 -0.181249
v -0.123079 0.460000 -0.172155
v -0.121854 0.475936 -0.127655
v -0.131449 0.459912 -0.121051
v 0.174638 0.979992 0.117124
v 0.153439 0.963917 0.120074
v 0.179798 0.972006 0.117339
v 0.134050 0.980000 0.133122
v 0.116024 0.964000 0.170420
v 0.116558 0.980000 0.178745
v 0.144469 0.964000 0.231258
v 0.137021 0.980000 0.223153
v 0.187164 0.980000 0.236522
v 0.211521 0.964000 0.227017
v 0.227847 0.980000 0.209478
v 0.237201 0.964000 0.181903
v 0.230642 0.980000 0.142180
v 0.219502 0.964000 0.133121
v 0.170194 0.963966 0.145782
v 0.154714 0.979937 0.152415
v 0.143753 0.964000 0.175221
v 0.149885 0.980000 0.194383
v 0.175962 0.964000 0.210907
v 0.184551 0.980000 0.208415
v 0.207785 0.964000 0.183617
v 0.210288 0.980000 0.170256
v 0.193624 0.964056 0.149407
v 0.180923 0.980009 0.146049
v -0.164119 0.460132 0.208467
v -0.171831 0.476083 0.205195
v -0.145471 0.467994 0.207929
v -0.208651 0.460000 0.159085
v -0.208399 0.476000 0.157908
v -0.188441 0.476000 0.100158
v -0.184506 0.460000 0.096386
v -0.127921 0.476000 0.091446
v -0.100017 0.460000 0.105586
v -0.088162 0.476000 0.133699
v -0.099517 0.460000 0.187652
v -0.105768 0.476000 0.192149
v -0.152637 0.476009 0.179220
v -0.153953 0.460026 0.179499
v -0.182968 0.476000 0.152641
v -0.180307 0.460000 0.155511
v -0.168777 0.460000 0.124506
v -0.149276 0.476000 0.115440
v -0.124447 0.460000 0.122610
v -0.117690 0.476000 0.139305
v -0.131449 0.459912 0.175935
v -0.131644 0.475944 0.175860
v -0.717284 1.703267 -0.046083
v -0.745567 1.694855 0.043537
v -0.686636 1.694690 -0.061842
v -0.695196 1.625485 -0.065427
v -0.643816 1.625770 -0.030104
v -0.641425 1.626069 0.026594
v -0.640634 1.694888 0.021235
v -0.671145 1.625817 0.056207
v -0.666219 1.695123 0.052275
v -0.795366 1.769958 0.015974
v -0.795139 1.757992 -0.039326
v -0.795520 1.736421 0.055440
v -0.795520 1.689477 0.057883
v -0.774724 1.619980 0.000762
v -0.772212 1.586360 0.003099
v -0.664141 1.619891 0.064583
v -0.670025 1.585859 0.064088
v -0.626276 1.619980 -0.000763
v -0.627317 1.586994 -0.001251
v -0.663595 1.619702 -0.064365
v -0.664008 1.586589 -0.061003
v -0.733251 1.586156 -0.064214
v -0.736860 1.619890 -0.064583
v -0.894792 1.748812 0.050648
v -0.897536 1.749239 -0.002382
v -0.894748 1.767891 -0.024939
v -0.894928 1.721213 -0.059170
v -0.897650 1.703884 -0.041210
v -0.748927 1.585190 -0.046267
v -0.635762 1.585034 0.018007
v -0.737221 1.586646 0.060819
v -0.745631 1.524651 -0.053065
v -0.665813 1.524651 -0.060411
v -0.633292 1.524941 -0.003612
v -0.646801 1.524972 0.039634
v -0.689017 1.524890 0.066968
v -0.738045 1.524972 0.055180
v -0.767035 1.524885 0.013967
v -0.676532 1.509925 -0.047295
v -0.646506 1.509798 0.006751
v -0.701033 1.509696 0.054924
v -0.751755 1.509925 0.013573
v -0.734268 1.509874 -0.041739
v -0.720025 1.512520 0.026607
v -0.677046 1.512749 0.023763
v -0.673548 1.512972 -0.017097
v -0.697936 1.512388 -0.033426
v -0.731523 1.512720 -0.011949
v -0.716272 1.709994 -0.025723
v -0.686777 1.709782 -0.027444
v -0.712216 1.710006 0.027793
v -0.673533 1.713251 0.023873
v -0.707201 1.626034 0.064127
v -0.756703 1.625932 -0.032032
v -0.757625 1.625349 0.030620
v -0.701758 1.694845 0.063336
v -0.693923 1.705686 0.045536
v -0.688423 1.705497 -0.045031
v -0.662239 1.705438 0.027724
v -0.656790 1.705470 -0.017747
v -0.780672 1.724726 0.044112
v -0.780099 1.686541 0.040262
v -0.780391 1.666743 0.014647
v -0.780270 1.666332 -0.015171
v -0.780125 1.695174 -0.044676
v -0.760240 1.737759 0.001483
v -0.760371 1.725883 0.025142
v -0.760502 1.700603 0.027481
v -0.759839 1.681615 -0.000653
v -0.921249 1.733987 0.053668
v -0.910500 1.756172 0.037898
v -0.922284 1.768002 0.010999
v -0.910500 1.767568 -0.013050
v -0.921409 1.748774 -0.044056
v -0.910500 1.726685 -0.059195
v -0.921792 1.697888 -0.056781
v -0.909572 1.713378 0.041120
v -0.909811 1.673530 0.012200
v -0.909753 1.681998 -0.028338
v -0.909577 1.733547 -0.032495
v -0.916717 1.662732 -0.036685
v -0.916064 1.650226 0.004583
v -0.910500 1.688102 0.058593
v -0.921799 1.677475 0.048922
v -0.921186 1.714830 0.035007
v -0.921337 1.742931 0.007913
v -0.920980 1.732792 -0.025362
v -0.921131 1.698910 -0.033362
v -0.760724 1.729349 -0.022159
v -0.760442 1.698803 -0.026465
v -0.921048 1.674242 0.004319
v -0.673931 1.690768 0.017080
v -0.795519 1.654559 0.026419
v -0.795498 1.654792 -0.029925
v -0.795329 1.706189 -0.061940
v -0.670494 1.712703 -0.027750
v -0.670500 1.736467 0.000736
v -0.780116 1.741380 -0.035095
v -0.780322 1.755622 -0.002640
v -0.780319 1.749742 0.022921
v -0.894772 1.672337 -0.049405
v -0.894942 1.649446 -0.000459
v -0.894991 1.674111 0.051169
v -0.897507 1.671998 0.002339
v -0.897650 1.708866 0.041645
v -0.909803 1.747412 0.008385
v -0.724322 1.692428 0.019553
v -0.729922 1.685514 -0.012406
v -0.670019 1.683948 -0.006708
v -0.742223 1.697212 0.045802
v -0.763891 1.664022 0.006531
v -0.752645 1.681079 -0.035652
v -0.762381 1.666542 -0.016722
v -0.759312 1.670622 0.024332
v -0.727639 1.694511 -0.057135
v -0.737407 1.619703 0.064364
v -0.743979 1.696104 -0.043857
v -0.674740 1.736224 -0.035142
v -0.675231 1.734724 0.036280
v -0.670346 1.749949 0.018157
v -0.673528 1.754221 -0.010331
v -0.689595 1.722754 -0.043455
v -0.658354 1.741651 -0.012518
v -0.656911 1.736609 0.011544
v -0.656477 1.695199 -0.044201
v -0.640811 1.694615 -0.019577
vn -0.1103 0.9650 -0.2381
vn 0.0052 0.9932 0.1167
vn 0.0535 0.4175 -0.9071
vn -0.1329 -0.4260 -0.8949
vn 0.0861 -0.8743 -0.4777
vn -0.0887 -0.8891 0.4491
vn 0.0535 -0.6564 0.7526
vn -0.0547 0.2883 0.9560
vn -0.0132 0.4165 0.9090
vn -0.0541 0.9357 0.3487
vn 0.0051 0.7569 0.6535
vn 0.0082 0.9855 0.1694
vn -0.0039 0.7999 -0.6001
vn 0.0485 0.9322 -0.3586
vn -0.0108 0.5718 -0.8203
vn 0.0188 0.4204 -0.9072
vn 0.0034 0.1623 -0.9867
vn -0.0109 0.0483 -0.9988
vn 0.0082 -0.2700 -0.9628
vn -0.0065 -0.3142 -0.9493
vn 0.0061 -0.5986 -0.8010
vn -0.0061 -0.6272 -0.7788
vn 0.0053 -0.8374 -0.5465
vn -0.0106 -0.8616 -0.5074
vn 0.0060 -0.9717 -0.2362
vn -0.0018 -0.9904 -0.1379
vn 0.0018 -0.9904 0.1379
vn -0.0060 -0.9717 0.2362
vn 0.0106 -0.8616 0.5074
vn -0.0053 -0.8374 0.5465
vn 0.0061 -0.6272 0.7788
vn -0.0061 -0.5986 0.8010
vn 0.0087 -0.3012 0.9535
vn 0.0035 -0.2584 0.9660
vn -0.0178 0.1458 0.9892
vn -0.0210 0.1421 0.9896
vn -0.0520 0.3876 0.9204
vn 0.0968 0.5464 0.8319
vn 0.1846 0.4693 0.8635
vn -0.0840 0.9847 -0.1527
vn 0.0389 0.9305 -0.3641
vn 0.0041 -0.1252 -0.9921
vn -0.0321 -0.1179 -0.9925
vn -0.0163 -0.9998 -0.0093
vn -0.0044 -0.9971 0.0757
vn -0.1060 -0.0315 0.9939
vn -0.0006 -0.3809 0.9246
vn 0.0185 0.6782 0.7347
vn -0.0160 0.9984 -0.0543
vn 0.0941 0.9665 0.2386
vn 0.0132 0.4165 -0.9090
vn 0.0547 0.2883 -0.9560
vn -0.0381 -0.6110 -0.7907
vn 0.0985 -0.8902 -0.4447
vn -0.0716 -0.9739 0.2154
vn 0.1293 -0.4507 0.8833
vn -0.0703 0.1573 0.9851
vn -0.0389 0.9305 0.3641
vn 0.0840 0.9847 0.1527
vn -0.0185 0.6782 -0.7347
vn 0.1060 -0.0315 -0.9939
vn 0.0006 -0.3809 -0.9246
vn 0.0044 -0.9971 -0.0756
vn 0.0163 -0.9998 0.0093
vn -0.0041 -0.1252 0.9921
vn 0.0321 -0.1179 0.9925
vn -0.0132 0.1304 0.9914
vn 0.0188 -0.1359 0.9905
vn -0.0016 0.3973 0.9177
vn -0.0258 0.6291 0.7769
vn 0.0259 0.7769 0.6291
vn 0.0016 0.9177 0.3973
vn 0.0132 0.9914 0.1304
vn -0.0132 0.9914 -0.1304
vn -0.0016 0.9177 -0.3973
vn -0.0259 0.7769 -0.6291
vn 0.0258 0.6291 -0.7769
vn 0.0016 0.3973 -0.9177
vn 0.0132 0.1304 -0.9914
vn -0.0188 -0.1359 -0.9905
vn -0.0129 -0.4062 -0.9137
vn -0.0348 -0.6888 -0.7241
vn -0.0079 -0.8335 -0.5524
vn -0.0004 -0.9928 -0.1195
vn 0.0004 -0.9928 0.1195
vn 0.0079 -0.8335 0.5524
vn 0.0348 -0.6888 0.7241
vn 0.0129 -0.4062 0.9137
vn -0.0041 0.9883 -0.1526
vn 1.0000 0.0000 0.0000
vn -1.0000 -0.0000 0.0000
vn 0.6334 -0.2984 0.7139
vn -0.1677 0.6014 0.7812
vn -0.8916 0.1464 0.4286
vn -0.9973 -0.0726 -0.0108
vn -0.8198 0.2278 -0.5254
vn -0.3827 -0.2737 -0.8824
vn 0.1812 0.2289 -0.9564
vn 0.6249 -0.0388 -0.7797
vn 0.8810 0.0514 -0.4704
vn 0.9824 -0.1857 -0.0173
vn 0.8579 0.1941 0.4757
vn 0.3046 0.5835 0.7528
vn -0.7367 -0.0964 0.6693
vn 0.6359 0.7636 -0.1119
vn 0.7185 -0.6650 -0.2036
vn 0.9470 -0.1918 0.2577
vn 0.5982 -0.0256 0.8009
vn -0.0669 -0.0824 0.9943
vn -0.6966 -0.0904 0.7118
vn -0.9393 -0.0464 0.3400
vn -0.5439 0.8318 -0.1110
vn -0.7203 -0.6593 -0.2159
vn -0.0049 -0.9990 0.0443
vn 0.0012 -1.0000 0.0006
vn 0.0005 -1.0000 -0.0003
vn -0.0000 -1.0000 -0.0000
vn 0.0003 -1.0000 0.0002
vn -0.0002 1.0000 0.0003
vn -0.0011 1.0000 0.0004
vn -0.0000 1.0000 0.0000
vn -0.0003 1.0000 -0.0004
vn -0.0015 1.0000 -0.0012
vn 0.0004 0.4825 -0.8759
vn 0.0009 0.4925 -0.8703
vn 0.0014 0.9549 -0.2969
vn -0.0042 0.9585 -0.2849
vn 0.0021 -0.3817 0.9243
vn -0.0011 0.4926 0.8702
vn -0.0052 -0.4452 0.8954
vn -0.0004 0.4839 0.8751
vn -0.0002 0.3889 -0.9213
vn 0.0000 -0.5181 -0.8553
vn -0.0108 0.4787 -0.8779
vn -0.0218 -0.7187 -0.6949
vn 0.0064 0.4823 0.8760
vn -0.0048 0.9330 0.3599
vn -0.0010 0.3872 0.9220
vn 0.0042 0.9657 0.2598
vn 0.0010 -0.4769 0.8790
vn 0.0015 -0.5227 0.8525
vn -0.8334 -0.0776 0.5472
vn -0.7139 0.0509 -0.6983
vn -0.6787 -0.0689 -0.7311
vn 0.0146 0.1238 -0.9922
vn 0.1688 -0.0257 -0.9853
vn 0.8636 -0.0092 -0.5041
vn 0.7314 -0.0108 -0.6819
vn 0.9113 0.0173 0.4114
vn 0.7900 0.0189 0.6128
vn 0.0934 0.0330 0.9951
vn -0.0576 -0.1652 0.9846
vn -0.7837 0.0437 0.6196
vn 0.0002 1.0000 0.0002
vn 0.0039 0.9584 0.2853
vn -0.0003 1.0000 0.0022
vn 0.0002 1.0000 0.0014
vn -0.0208 0.9998 -0.0044
vn -0.0022 1.0000 0.0001
vn -0.0010 0.9560 0.2933
vn -0.0025 1.0000 0.0010
vn -0.0002 1.0000 0.0010
vn 0.0026 1.0000 0.0012
vn -0.0160 0.9998 0.0128
vn 0.0008 1.0000 -0.0001
vn 0.0007 1.0000 -0.0031
vn 0.0048 1.0000 -0.0021
vn -0.0003 1.0000 -0.0005
vn -0.0000 1.0000 -0.0015
vn 0.0002 1.0000 -0.0019
vn -0.0008 1.0000 0.0003
vn -0.0042 1.0000 -0.0008
vn -0.9734 -0.0417 -0.2254
vn -0.8911 0.0127 -0.4536
vn -0.4956 0.0257 -0.8682
vn -0.4476 -0.0273 -0.8938
vn 0.4169 -0.1004 -0.9034
vn 0.2427 -0.0115 -0.9700
vn 0.9722 -0.1208 0.2005
vn 0.9003 -0.0903 -0.4257
vn 0.4947 -0.0038 0.8690
vn -0.5094 -0.1143 0.8529
vn -0.7839 0.0493 0.6190
vn -0.9979 -0.0321 0.0567
vn -0.9979 0.0321 -0.0567
vn -0.8619 0.1039 -0.4962
vn -0.6409 -0.0321 -0.7670
vn -0.3696 0.1122 -0.9224
vn -0.2559 0.2409 -0.9362
vn -0.0732 -0.1837 -0.9803
vn 0.1026 -0.0386 -0.9940
vn 0.3274 0.0885 -0.9407
vn 0.7688 -0.0323 -0.6387
vn 0.7989 -0.1142 -0.5905
vn 0.9884 0.0695 -0.1350
vn 0.9884 -0.0695 0.1350
vn 0.7688 0.0323 0.6387
vn 0.7989 0.1142 0.5905
vn 0.3274 -0.0885 0.9407
vn 0.1026 0.0386 0.9940
vn -0.0732 0.1837 0.9803
vn -0.2559 -0.2409 0.9362
vn -0.3696 -0.1122 0.9224
vn -0.6409 0.0321 0.7670
vn -0.8619 -0.1039 0.4962
vn -0.6337 -0.1158 0.7648
vn -0.9991 0.0333 -0.0252
vn -0.8001 -0.1122 -0.5892
vn -0.3528 0.0798 -0.9323
vn 0.4257 -0.0941 -0.8999
vn 0.8727 0.0421 -0.4863
vn 0.9619 -0.0806 0.2614
vn 0.6218 0.0087 0.7831
vn 0.1674 -0.1316 0.9771
vn 0.1494 -0.1533 0.9768
vn -0.5077 0.0133 0.8614
vn -0.9723 0.0948 -0.2135
vn -0.8646 -0.0857 0.4951
vn -0.4007 0.1164 0.9088
vn 0.2721 -0.0898 0.9581
vn 0.9182 0.1219 0.3769
vn 0.9095 -0.1180 -0.3987
vn 0.1543 0.0764 -0.9851
vn -0.6109 -0.1374 -0.7797
vn -0.8911 -0.0127 0.4536
vn -0.9734 0.0417 0.2254
vn -0.7839 -0.0493 -0.6190
vn -0.5483 0.0536 -0.8346
vn 0.5267 -0.0435 -0.8489
vn 0.8035 0.1356 -0.5797
vn 0.9688 -0.0315 0.2457
vn 0.5470 0.1212 0.8283
vn 0.2373 -0.0240 0.9711
vn -0.2813 0.1914 0.9403
vn -0.4959 -0.0258 0.8680
vn -0.9543 -0.0172 0.2983
vn -0.9543 0.0172 -0.2983
vn -0.8624 0.0305 0.5053
vn -0.3056 -0.0366 0.9514
vn -0.5107 -0.0171 0.8596
vn 0.2632 0.0835 0.9611
vn 0.4993 -0.0394 0.8655
vn 0.6401 -0.1961 0.7428
vn 0.7686 0.1917 0.6103
vn 0.8817 0.0460 0.4696
vn 0.9693 -0.0492 0.2408
vn 0.9693 0.0492 -0.2408
vn 0.8817 -0.0460 -0.4696
vn 0.7686 -0.1917 -0.6103
vn 0.6401 0.1961 -0.7428
vn 0.4993 0.0394 -0.8655
vn 0.2632 -0.0835 -0.9611
vn -0.3056 0.0366 -0.9514
vn -0.5107 0.0171 -0.8596
vn -0.8624 -0.0305 -0.5053
vn -0.8079 0.0535 -0.5869
vn -0.9275 -0.2144 -0.3064
vn -0.6398 -0.0174 0.7683
vn 0.3209 -0.2187 0.9215
vn 0.8762 0.0791 0.4754
vn 0.6746 -0.1577 -0.7212
vn 0.3501 0.0034 -0.9367
vn 0.0073 1.0000 -0.0014
vn 0.0051 0.9330 -0.3599
vn 0.0001 1.0000 0.0000
vn -0.0056 0.9665 -0.2566
vn 0.0005 1.0000 -0.0018
vn 0.0004 1.0000 0.0000
vn -0.0000 1.0000 -0.0003
vn -0.0006 1.0000 0.0001
vn -0.0004 1.0000 -0.0001
vn -0.0011 1.0000 -0.0002
vn 0.0001 1.0000 -0.0004
vn -0.0041 1.0000 0.0020
vn -0.0005 1.0000 0.0017
vn 0.0001 1.0000 0.0002
vn -0.0000 1.0000 0.0001
vn 0.0016 1.0000 -0.0002
vn 0.0001 1.0000 0.0003
vn 0.0022 -0.9561 0.2932
vn 0.0004 -0.9667 0.2559
vn 0.0011 -1.0000 0.0006
vn 0.0166 -0.9999 -0.0036
vn 0.0008 -1.0000 0.0001
vn -0.0001 -1.0000 0.0001
vn -0.0000 -1.0000 0.0004
vn 0.0000 -1.0000 0.0007
vn 0.0000 -1.0000 0.0005
vn -0.0048 -1.0000 -0.0011
vn -0.0007 -1.0000 0.0003
vn 0.0001 -1.0000 -0.0001
vn 0.0032 -0.9677 -0.2519
vn 0.0000 -1.0000 -0.0004
vn -0.0095 -0.9997 -0.0237
vn -0.0449 -0.9988 -0.0181
vn 0.0014 -1.0000 0.0000
vn 0.0007 -1.0000 -0.0004
vn -0.0001 -1.0000 -0.0005
vn -0.6091 0.0774 -0.7893
vn -0.8426 -0.0628 0.5349
vn -0.8417 0.0592 0.5368
vn -0.0933 -0.1341 0.9866
vn -0.0382 -0.0762 0.9964
vn 0.8718 -0.0447 0.4878
vn 0.5083 0.0230 0.8609
vn 0.8857 0.0698 -0.4590
vn 0.7178 -0.0124 -0.6962
vn -0.4482 -0.0284 -0.8935
vn -0.8426 0.0628 -0.5349
vn -0.6091 -0.0774 0.7893
vn -0.4482 0.0284 0.8935
vn 0.7178 0.0124 0.6962
vn 0.8857 -0.0698 0.4590
vn 0.8718 0.0447 -0.4878
vn 0.5083 -0.0230 -0.8609
vn -0.0382 0.0762 -0.9964
vn -0.0938 0.1344 -0.9865
vn -0.8417 -0.0593 -0.5367
vn -0.0015 -1.0000 -0.0002
vn -0.0106 -0.9999 -0.0046
vn -0.0097 -0.9303 -0.3667
vn 0.0000 -1.0000 -0.0010
vn -0.0010 -1.0000 -0.0042
vn -0.0026 -0.9542 -0.2992
vn 0.0016 -1.0000 -0.0005
vn 0.0015 -1.0000 0.0002
vn -0.0003 -1.0000 -0.0015
vn 0.0047 -1.0000 -0.0006
vn 0.0026 -0.9541 0.2994
vn 0.0009 -1.0000 0.0041
vn 0.0096 -0.9303 0.3667
vn 0.0105 -0.9999 0.0046
vn -0.0001 -1.0000 0.0011
vn -0.0023 -1.0000 0.0007
vn 0.0001 -1.0000 0.0019
vn 0.0003 -1.0000 0.0010
vn -0.0021 -0.3817 -0.9243
vn 0.0052 -0.4452 -0.8954
vn -0.9972 -0.0748 -0.0003
vn -0.9972 -0.0744 0.0000
vn -0.9972 -0.0746 -0.0001
vn -0.9972 -0.0747 -0.0001
vn -0.9972 -0.0743 -0.0002
vn -0.9972 -0.0752 -0.0000
vn -0.9972 -0.0747 -0.0003
vn -0.9972 -0.0746 -0.0000
vn -0.9972 -0.0748 0.0004
vn -0.9972 -0.0745 0.0001
vn -0.9972 -0.0744 0.0003
vn -0.9972 -0.0751 0.0001
vn -0.9972 -0.0747 -0.0004
vn -0.9972 -0.0748 0.0001
vn -0.9972 -0.0749 0.0001
vn -0.9972 -0.0746 0.0001
vn 0.9972 -0.0748 -0.0000
vn 0.9972 -0.0743 0.0001
vn 0.9972 -0.0747 -0.0004
vn 0.9972 -0.0746 -0.0001
vn 0.9972 -0.0748 0.0002
vn 0.9972 -0.0746 0.0001
vn 0.9972 -0.0747 0.0001
vn 0.9972 -0.0743 -0.0004
vn 0.9972 -0.0749 -0.0003
vn 0.9972 -0.0748 0.0001
vn 0.9972 -0.0750 -0.0000
vn 0.9972 -0.0747 -0.0002
vn 0.9972 -0.0743 -0.0002
vn 0.9972 -0.0747 -0.0001
vn -0.0446 0.9894 -0.1382
vn -0.2551 0.9584 0.1280
vn 0.3788 0.8407 -0.3870
vn 0.3396 0.7822 -0.5224
vn 0.1835 0.5861 -0.7892
vn 0.3081 0.8133 -0.4935
vn 0.1818 0.3662 -0.9126
vn 0.2979 0.1015 -0.9492
vn 0.2623 0.1899 -0.9461
vn 0.3458 0.8537 -0.3895
vn 0.1645 0.9864 -0.0009
vn 0.0268 0.9996 0.0122
vn 0.0273 0.9990 0.0348
vn 0.1731 0.7622 0.6238
vn 0.3981 0.5872 0.7048
vn 0.4385 0.7670 0.4685
vn -0.0202 0.9992 -0.0343
vn -0.3973 0.7641 -0.5083
vn -0.1961 0.9475 -0.2525
vn -0.2877 0.9498 -0.1226
vn 0.6892 0.6192 0.3764
vn 0.6236 0.7660 0.1561
vn -0.6684 0.6233 0.4059
vn -0.3469 0.8548 0.3859
vn -0.6176 0.7747 0.1355
vn -0.0245 0.9995 0.0207
vn -0.1728 0.7621 -0.6239
vn -0.3961 0.5895 -0.7039
vn 0.6165 0.7757 -0.1347
vn 0.6706 0.6191 -0.4087
vn -0.1585 0.7681 0.6204
vn 0.0156 0.6190 0.7852
vn -0.8013 0.5982 -0.0064
vn -0.0265 0.6133 -0.7894
vn 0.8029 0.5961 0.0078
vn -0.1719 0.9381 0.3008
vn -0.5390 -0.8125 -0.2220
vn 0.5701 -0.5992 0.5621
vn 0.4748 -0.7903 -0.3871
vn 0.5747 0.5789 0.5785
vn 0.5713 0.5789 -0.5819
vn -0.0079 0.7098 0.7044
vn -0.0165 0.7348 -0.6781
vn -0.3149 0.1313 -0.9400
vn -1.0000 0.0005 -0.0000
vn -1.0000 0.0001 0.0000
vn -1.0000 0.0004 -0.0001
vn -1.0000 -0.0000 -0.0001
vn -1.0000 0.0000 0.0001
vn -1.0000 0.0000 -0.0002
vn -1.0000 0.0002 -0.0001
vn -1.0000 0.0004 0.0005
vn -1.0000 0.0003 0.0005
vn -1.0000 -0.0006 -0.0001
vn -1.0000 -0.0007 -0.0000
vn -1.0000 -0.0002 0.0000
vn -1.0000 -0.0001 0.0002
vn -1.0000 -0.0000 0.0002
vn -1.0000 -0.0001 -0.0002
vn 0.1732 -0.6552 -0.7353
vn 0.7775 0.1369 -0.6139
vn 0.8930 0.0594 -0.4461
vn 0.3516 0.1465 -0.9246
vn -0.0162 -0.6177 0.7863
vn -0.4056 -0.3002 0.8634
vn -0.7630 -0.6215 0.1775
vn -0.1052 -0.6164 0.7803
vn -0.5280 -0.4703 0.7072
vn -0.1353 -0.6327 -0.7625
vn -0.7878 -0.6029 -0.1260
vn -0.5910 -0.5307 -0.6075
vn 0.0163 0.8351 0.5499
vn -0.5848 0.2139 0.7825
vn -0.4658 0.8612 0.2031
vn -0.4741 0.2757 -0.8362
vn -0.6840 -0.5043 -0.5272
vn 0.1481 0.8713 -0.4678
vn 0.9436 0.2621 0.2024
vn 0.5110 0.8546 0.0924
vn -0.7782 -0.4677 -0.4192
vn -0.2950 -0.9555 -0.0019
vn -0.1455 -0.9557 -0.2557
vn -0.6891 -0.6178 0.3789
vn -0.9935 0.0670 0.0918
vn -0.1706 -0.6538 0.7372
vn -0.7841 0.1700 0.5969
vn -0.8958 0.0142 0.4443
vn 0.2971 0.1447 0.9438
vn 0.6736 -0.7347 -0.0804
vn 0.5448 -0.8111 0.2127
vn 0.8269 0.5534 0.1001
vn 0.4441 -0.8931 -0.0721
vn 0.4312 -0.8833 0.1842
vn -0.9665 0.1431 -0.2131
vn -0.9745 0.1705 -0.1459
vn -0.6750 -0.6230 -0.3952
vn -0.9162 0.3340 -0.2213
vn -0.0354 0.9978 0.0552
vn 0.7619 0.5937 0.2589
vn -0.3856 0.9216 0.0434
vn -0.0221 0.9996 0.0147
vn -0.0011 1.0000 0.0051
vn 0.2370 0.5021 0.8317
vn 0.2509 0.9666 -0.0525
vn -0.0030 1.0000 0.0044
vn 0.4517 0.8915 0.0358
vn 0.0106 0.9986 0.0524
vn -0.0111 0.9998 -0.0192
vn -0.0109 0.8797 0.4753
vn -0.0457 0.9981 0.0410
vn -0.5050 0.8622 0.0384
vn 0.0064 0.8674 -0.4976
vn 0.4783 0.8389 0.2599
vn -0.0381 0.8141 0.5795
vn -0.0115 0.9998 0.0143
vn 0.3072 0.8813 -0.3592
vn 0.0201 0.9997 -0.0122
vn -0.0413 0.9983 -0.0415
vn 0.0227 0.9993 0.0313
vn -0.0034 1.0000 -0.0001
vn -0.0157 0.9993 -0.0327
vn -0.5185 0.8414 0.1526
vn -0.3476 0.8483 -0.3994
vn -0.6429 0.7565 -0.1196
vn 0.0238 0.9993 -0.0286
vn -0.5574 0.6157 0.5571
vn -0.3460 0.9321 0.1071
vn -0.3956 0.7737 0.4948
vn -0.0177 0.9997 -0.0142
vn 0.1401 0.9345 -0.3273
vn -0.0417 0.8441 0.5346
vn -0.4519 0.8491 0.2735
vn -0.3399 0.8679 -0.3621
vn 0.3390 0.8554 -0.3916
vn -0.5576 0.6138 -0.5589
vn 0.0553 0.9957 -0.0738
vn -0.0384 0.9976 -0.0575
vn 0.5431 0.8195 0.1830
vn -0.2317 -0.9168 -0.3253
vn -0.4679 -0.2840 -0.8369
vn -0.5687 -0.5084 -0.6466
vn -0.6802 -0.4735 0.5595
vn -0.9661 0.2581 0.0061
vn -0.3343 -0.9141 0.2296
vn -0.9460 -0.1605 0.2815
vn -0.7501 -0.1273 -0.6490
vn -0.6648 -0.4803 -0.5722
vn 0.2304 -0.9146 0.3324
vn 0.2815 -0.1605 0.9460
vn 0.5585 -0.4730 0.6814
vn -0.5716 -0.4731 0.6704
vn -0.1823 0.0651 0.9811
vn -0.2318 -0.9092 0.3460
vn 0.6871 0.0872 0.7213
vn 0.2155 -0.6320 0.7444
vn 0.7509 -0.6028 0.2698
vn 0.6492 -0.5111 -0.5633
vn 0.9596 0.1310 -0.2489
vn 0.7780 -0.4677 0.4194
vn 0.2951 -0.9555 0.0021
vn 0.1460 -0.9555 0.2564
vn -0.5237 -0.3167 -0.7909
vn -0.3153 0.1957 -0.9286
vn -0.4425 0.4320 -0.7858
vn -0.4167 0.7522 -0.5105
vn 0.0717 0.9695 -0.2345
vn 0.2180 0.7885 -0.5751
vn 0.0386 0.9930 -0.1115
vn 0.2009 0.1745 0.9639
vn -0.9446 0.2535 0.2085
vn 0.3791 0.2316 -0.8959
vn 0.9848 0.1123 -0.1326
vn -0.2984 0.1429 -0.9437
vn 0.0147 -0.6190 -0.7853
vn 0.6876 -0.6192 -0.3791
vn 0.4158 0.1018 0.9038
vn -0.8769 0.0854 0.4730
vn -0.3426 0.1411 -0.9288
vn 0.9293 0.1437 -0.3402
vn 0.3784 -0.7195 0.5824
vn -0.3108 0.3652 0.8775
vn 0.2821 -0.7311 -0.6212
vn 0.4618 -0.8127 -0.3553
vn 0.6888 0.4488 -0.5693
vn 0.5893 0.6604 -0.4653
vn -0.6437 -0.6420 0.4166
vn -0.1108 0.8725 -0.4758
vn -0.0212 0.6696 -0.7424
vn -0.0224 0.3686 -0.9293
vn 0.0667 0.9514 -0.3006
vn -0.3744 -0.7293 -0.5727
vn -0.1599 -0.1304 -0.9785
vn 0.1241 0.1011 -0.9871
vn -0.3741 -0.3050 -0.8758
vn -0.4645 0.4666 -0.7527
vn -0.8393 0.2446 -0.4856
vn 0.2588 0.9589 0.1164
vn -0.9377 0.3020 0.1719
vn 0.3480 0.9359 -0.0548
vn -0.7768 0.2253 0.5881
vn 0.0731 0.9427 -0.3255
vn -0.3062 0.6205 0.7220
vn 0.0218 0.2105 0.9773
vn 0.1692 0.9025 -0.3960
vn -0.1156 0.8947 -0.4314
vn 0.3611 0.6488 0.6699
vn 0.6185 0.2719 0.7372
vn -0.8850 0.0232 -0.4650
vn 0.7148 0.6420 0.2771
vn 0.9406 -0.3374 -0.0387
vn 0.5583 -0.4065 -0.7232
vn 0.4659 -0.5340 -0.7056
vn 0.3467 0.2826 -0.8944
vn 0.5716 -0.4835 -0.6630
vn 0.8279 -0.0038 -0.5609
vn 0.9714 -0.0278 -0.2359
vn 0.1453 0.0173 -0.9892
vn 0.0251 -0.0333 -0.9991
vn -0.0370 -0.0208 -0.9991
vn -0.0000 0.0000 -1.0000
vn -0.0001 0.0000 -1.0000
vn 0.0000 0.0001 -1.0000
vn -0.0001 0.0001 -1.0000
vn -0.0000 -0.0001 -1.0000
vn 0.0001 0.0000 -1.0000
vn 0.0001 0.0001 -1.0000
vn 0.0174 -0.0558 -0.9983
vn -0.0319 -0.4370 -0.8989
vn -0.0130 -0.2946 -0.9555
vn 0.0333 -0.5612 -0.8270
vn 0.0115 -0.9590 -0.2832
vn -0.0313 -0.9178 -0.3959
vn -0.0337 -0.9284 0.3700
vn 0.0755 -0.8149 0.5746
vn -0.0423 -0.5565 0.8298
vn 0.0174 0.0558 0.9983
vn -0.0130 0.2946 0.9555
vn 0.0353 -0.0900 0.9953
vn 0.0239 -0.1055 0.9941
vn -0.0319 0.4371 0.8989
vn 0.0333 0.5613 0.8270
vn 0.0054 0.9542 0.2991
vn -0.0314 0.9178 0.3958
vn -0.0313 0.9293 -0.3681
vn 0.0787 0.8205 -0.5661
vn -0.0423 0.5565 -0.8298
vn 0.0353 0.0900 -0.9953
vn 0.0239 0.1055 -0.9941
vn 0.9665 0.1442 0.2122
vn 0.6734 -0.6177 0.4063
vn -0.6786 -0.7316 0.0645
vn 0.3647 0.7241 -0.5854
vn 0.4527 0.2427 -0.8580
vn 0.8232 -0.5635 0.0696
vn 0.9613 0.2590 0.0945
vn 0.9808 -0.1917 -0.0362
vn 0.9439 -0.3204 -0.0801
vn -0.0137 0.1897 0.9817
vn -0.8648 0.2375 -0.4424
vn 0.8551 0.2463 -0.4562
vn -0.2810 -0.7321 0.6205
vn -0.4643 -0.8117 0.3544
vn -0.8859 0.4631 0.0288
vn -0.0699 -0.0972 0.9928
vn 0.0935 0.6619 -0.7437
vn 0.3673 -0.9294 0.0367
vn 0.4659 -0.8833 0.0526
vn -0.2631 -0.9633 -0.0524
vn 0.7037 -0.7050 -0.0881
vn 0.9031 -0.4248 0.0623
vn 0.9480 0.3172 0.0272
vn 0.9338 0.3563 0.0333
vn 0.9946 0.1040 -0.0050
vn 0.9955 0.0101 -0.0943
vn 0.8357 0.5456 0.0630
vn 0.6216 0.7800 -0.0719
vn 0.4170 0.9085 0.0255
vn -0.1256 0.9917 -0.0280
vn -0.2476 0.9676 0.0485
vn -0.1005 0.9942 -0.0373
vn 0.3431 0.9387 -0.0330
vn 0.4654 0.8835 -0.0528
vn 0.7037 0.7050 0.0881
vn 0.9031 0.4248 -0.0623
vn 0.9480 -0.3172 -0.0272
vn 0.9338 -0.3563 -0.0333
vn 0.9946 -0.1040 0.0050
vn 0.9955 -0.0101 0.0943
vn 0.8357 -0.5456 -0.0630
vn 0.6216 -0.7800 0.0720
vn 0.4174 -0.9084 -0.0253
vn -0.0924 -0.9954 0.0267
vn -0.0700 -0.9970 0.0338
vn -0.1793 0.9836 0.0198
vn -0.7729 0.6345 -0.0118
vn -0.2995 0.9540 0.0145
vn -0.8461 0.5328 -0.0173
vn -0.9205 0.3900 0.0238
vn -0.9552 -0.2953 -0.0212
vn -0.9905 -0.1355 0.0233
vn -0.6115 -0.7909 -0.0242
vn -0.7063 -0.7077 0.0189
vn -0.1793 -0.9835 -0.0243
vn 0.9941 -0.0090 -0.1085
vn 0.3067 0.9193 0.2466
vn -0.0544 0.2063 -0.9770
vn -0.0048 0.3897 0.9209
vn 0.8323 0.5297 -0.1636
vn 0.0089 0.1381 0.9904
vn -0.9979 -0.0513 0.0387
vn -0.9987 -0.0431 -0.0264
vn -0.9996 -0.0275 0.0013
vn -0.9714 -0.0278 0.2359
vn -0.9997 0.0257 -0.0058
vn -0.9997 -0.0202 0.0131
vn -0.9993 -0.0179 0.0320
vn -0.8279 -0.0038 0.5609
vn 0.3161 0.1943 0.9286
vn 0.4426 0.4320 0.7858
vn 0.4167 0.7522 0.5105
vn -0.0717 0.9695 0.2344
vn -0.2180 0.7885 0.5751
vn -0.0386 0.9930 0.1115
vn 0.0000 -0.1673 -0.9859
vn 0.0232 -0.0991 -0.9948
vn 0.0491 0.0736 -0.9961
vn 0.7520 -0.4680 -0.4641
vn 0.1490 -0.9557 -0.2539
vn 0.7297 0.0955 -0.6771
vn 0.7449 -0.6107 -0.2687
vn 0.2078 -0.6192 -0.7572
vn -0.0169 -0.6821 0.7311
vn 0.9979 -0.0513 -0.0387
vn 0.9987 -0.0431 0.0264
vn 0.9996 -0.0275 -0.0013
vn 0.9997 0.0257 0.0058
vn 0.9997 -0.0202 -0.0131
vn 0.9993 -0.0179 -0.0320
vn 0.0391 -0.9983 -0.0433
vn 0.0258 -0.9996 -0.0114
vn 0.0178 -0.9995 -0.0257
vn 0.5777 -0.7278 -0.3697
vn 0.3088 -0.8597 -0.4070
vn 0.1300 -0.8923 -0.4323
vn 0.0568 -0.9982 0.0166
vn -0.0289 -0.9996 -0.0050
vn -0.0753 -0.7351 -0.6738
vn 0.2481 -0.9669 -0.0592
vn -0.3902 -0.7436 -0.5430
vn -0.5738 -0.7533 -0.3214
vn -0.0003 -0.9998 -0.0195
vn -0.0145 -0.9994 -0.0317
vn -0.6851 -0.7277 -0.0333
vn -0.0590 -0.9980 0.0211
vn -0.6202 -0.7468 0.2401
vn -0.4728 -0.7470 0.4673
vn -0.0043 -0.9998 0.0212
vn -0.0317 -0.9995 0.0096
vn -0.2366 -0.7348 0.6357
vn -0.0471 -0.7199 0.6924
vn 0.0126 -0.9994 0.0334
vn 0.1538 -0.8710 0.4665
vn 0.0446 -0.9984 0.0340
vn 0.3369 -0.8453 0.4148
vn 0.0386 -0.9992 0.0123
vn 0.3282 0.0195 -0.9444
vn -0.4558 0.6480 0.6101
vn 0.0281 -0.9993 -0.0242
vn 0.5455 -0.3001 0.7825
vn -0.0281 -0.9993 0.0242
vn 0.3828 -0.3498 -0.8551
vn 0.0029 0.2554 0.9668
vn -0.1080 0.1215 0.9867
vn 0.6245 0.5064 0.5946
vn 0.9584 0.0653 0.2779
vn 0.9336 0.3513 -0.0707
vn 0.9114 -0.1372 -0.3881
vn 0.6297 0.5019 -0.5929
vn 0.2798 -0.2798 -0.9184
vn -0.1106 0.3343 -0.9359
vn -0.5982 0.4064 -0.6907
vn -0.7920 0.5946 -0.1386
vn -0.7259 0.6852 -0.0606
vn -0.5101 -0.0214 0.8599
vn 0.0260 -0.4677 0.8835
vn -0.1488 -0.9556 0.2543
vn -0.7522 -0.4677 0.4642
vn 0.9248 -0.3666 -0.1013
vn 0.9323 -0.1472 -0.3305
vn 0.6997 -0.5927 -0.3989
vn 0.9142 -0.0369 -0.4036
vn 0.7680 -0.0267 -0.6399
vn 0.4894 0.0067 -0.8721
vn 0.4972 -0.4803 -0.7225
vn 0.7043 -0.1392 -0.6961
vn 0.6787 -0.3046 -0.6683
vn 0.3764 -0.1487 -0.9144
vn 0.3650 -0.2729 -0.8901
vn 0.0202 -0.0835 -0.9963
vn -0.3392 -0.3633 -0.8677
vn -0.6943 -0.3666 -0.6194
vn -0.8955 -0.3673 -0.2515
vn -0.8875 -0.3963 0.2353
vn -0.7108 -0.3695 0.5985
vn -0.4059 -0.1595 0.8999
vn -0.0602 -0.3084 0.9494
vn 0.2753 -0.1325 0.9522
vn 0.2443 -0.4388 0.8647
vn 0.2662 -0.2579 0.9288
vn 0.4622 -0.0009 0.8868
vn 0.5848 -0.1544 0.7963
vn 0.5585 -0.3438 0.7549
vn 0.5679 -0.2930 0.7692
vn 0.7995 0.0732 0.5962
vn 0.8736 -0.1483 0.4636
vn 0.6304 -0.6398 0.4397
vn 0.8483 -0.4821 0.2190
vn 0.9628 -0.0243 0.2691
vn -0.0236 0.2809 -0.9594
vn -0.0302 -0.1525 0.9878
vn 0.1058 0.9944 0.0036
vn -0.1058 0.9944 -0.0036
vn 0.0304 0.1405 -0.9896
vn 0.0001 -0.0000 1.0000
vn 0.0000 0.0000 1.0000
vn -0.0000 0.0001 1.0000
vn -0.0000 -0.0001 1.0000
vn -0.0001 -0.0001 1.0000
vn 0.0000 0.0003 1.0000
vn -0.0001 0.0001 1.0000
vn 0.6699 0.5882 -0.4531
vn 0.5904 0.6943 -0.4115
vn 0.5304 0.7607 -0.3742
vn 0.5303 0.7607 -0.3742
vn -0.5941 -0.6835 0.4241
vn 0.4806 0.7978 -0.3642
vn 0.4806 0.7978 -0.3641
vn 0.2060 0.9745 -0.0887
vn 0.7038 -0.6816 -0.2001
vn -0.5799 0.8106 -0.0818
vn -0.8096 0.2981 0.5057
vn -0.8567 0.0667 0.5114
vn -0.4459 0.8390 0.3120
vn -0.4459 0.8390 0.3119
vn -0.4799 0.8075 0.3429
vn 0.9937 0.0649 -0.0910
vn -0.0008 1.0000 0.0004
vn -0.0006 1.0000 0.0007
vn -0.0001 1.0000 0.0009
vn 0.0001 1.0000 0.0009
vn 0.0007 1.0000 0.0005
vn 0.0008 1.0000 0.0005
vn 0.0008 1.0000 -0.0003
vn 0.0009 1.0000 -0.0001
vn 0.0006 1.0000 -0.0007
vn 0.0001 1.0000 -0.0009
vn -0.0001 1.0000 -0.0009
vn -0.0007 1.0000 -0.0005
vn -0.0007 1.0000 -0.0007
vn -0.0009 1.0000 0.0000
vn -0.1453 0.0173 0.9892
vn -0.0251 -0.0333 0.9991
vn 0.0370 -0.0208 0.9991
vn -0.0952 -0.5828 0.8070
vn -0.1047 -0.5853 0.8040
vn -0.0992 -0.5841 0.8056
vn -0.0862 -0.3460 -0.9343
vn -0.1826 -0.4179 -0.8900
vn -0.0365 -0.1026 -0.9940
vn -0.0313 0.0645 -0.9974
vn -0.1255 0.2279 -0.9656
vn -0.1129 0.2376 -0.9648
vn -0.1004 0.2729 -0.9568
vn 0.2172 0.9729 -0.0800
vn 0.1068 0.7329 -0.6719
vn -0.4763 0.7177 -0.5079
vn 0.4218 0.9066 0.0101
vn 0.0969 0.8397 0.5343
vn -0.2542 0.9153 0.3123
vn -0.4280 0.8882 0.1669
vn 0.2625 0.7489 0.6086
vn -0.0060 0.3393 0.9406
vn -0.1631 0.5758 0.8012
vn -0.0051 0.0859 0.9963
vn -0.0009 -0.1359 0.9907
vn -0.0911 -0.5817 0.8082
vn 0.0696 -0.9274 0.3675
vn 0.0567 -0.9296 0.3643
vn -0.0323 -0.9959 0.0848
vn 0.0087 -0.9983 -0.0572
vn -0.0275 -0.8109 -0.5845
vn -0.8742 -0.2063 -0.4395
vn -0.1074 -0.9096 -0.4015
vn 0.1312 -0.9330 -0.3352
vn -0.9710 0.1758 -0.1620
vn 0.8095 0.4650 -0.3584
vn -0.0006 -0.5852 -0.8109
vn -0.9818 0.1878 0.0267
vn -0.7373 0.6741 -0.0438
vn -0.8926 0.4497 -0.0315
vn -0.8582 0.5132 0.0019
vn -0.7265 0.6855 0.0476
vn -0.9842 0.1729 -0.0389
vn -0.9778 0.2051 0.0439
vn -0.9961 0.0852 0.0224
vn -0.9529 0.3031 0.0022
vn -0.9919 -0.1154 -0.0522
vn -0.9542 -0.2969 -0.0360
vn -0.9579 -0.2869 0.0096
vn -0.8711 -0.4911 -0.0034
vn -0.8889 -0.4577 -0.0207
vn -0.9491 -0.3147 -0.0113
vn -0.9331 -0.3592 -0.0169
vn -0.9686 -0.2488 0.0021
vn -0.8907 -0.4536 0.0306
vn -0.8608 -0.5090 0.0060
vn -0.7371 -0.6755 0.0208
vn -0.9807 -0.1952 0.0078
vn -0.9977 -0.0205 0.0643
vn -0.9889 -0.0736 0.1292
vn -0.9868 -0.1609 0.0173
vn 0.8886 0.4571 0.0390
vn 0.9978 -0.0479 -0.0461
vn 0.9790 0.2038 0.0073
vn 0.9699 -0.2427 -0.0195
vn 0.8853 -0.4647 0.0138
vn 0.9163 -0.3580 -0.1795
vn 0.8784 -0.4775 -0.0201
vn 0.9850 0.1707 -0.0245
vn 0.9830 0.1572 0.0953
vn 0.9244 0.3813 0.0079
vn 0.9485 0.2086 0.2385
vn 0.8480 0.5188 -0.1084
vn 0.7685 0.6370 0.0614
vn 0.7532 0.6578 -0.0009
vn 0.4882 0.8705 0.0625
vn 0.7247 0.6390 0.2579
vn 0.4702 0.8817 -0.0399
vn 0.8348 0.4197 -0.3564
vn 0.3439 0.9390 0.0075
vn 0.4500 0.6819 -0.5767
vn 0.4313 0.8963 -0.1032
vn 0.3102 0.5778 -0.7549
vn 0.1667 0.9843 -0.0581
vn 0.0697 0.7240 -0.6862
vn 0.0688 0.9804 -0.1846
vn -0.2486 0.9675 -0.0455
vn -0.1182 0.7112 -0.6930
vn -0.3330 0.9228 -0.1938
vn -0.7306 0.5580 -0.3935
vn -0.7252 0.6716 0.1517
vn -0.8880 0.4599 0.0016
vn -0.8358 0.5123 -0.1973
vn -0.6800 0.6186 0.3937
vn -0.2149 0.9752 0.0524
vn -0.1634 0.8706 0.4640
vn 0.0711 0.9589 0.2748
vn 0.2887 0.9571 0.0251
vn 0.6228 -0.7824 0.0077
vn 0.5452 -0.8382 -0.0115
vn 0.2202 -0.9754 0.0129
vn 0.0766 -0.9969 -0.0151
vn -0.2712 -0.9624 0.0168
vn -0.4109 -0.9116 -0.0132
vn -0.6631 -0.7484 -0.0139
vn -0.8532 -0.5216 -0.0013
vn 0.8620 -0.3236 0.3902
vn 0.7239 -0.3441 0.5980
vn 0.4959 -0.5608 0.6630
vn 0.2958 -0.5669 0.7689
vn 0.2403 -0.7480 0.6187
vn 0.0760 -0.1781 0.9811
vn 0.2143 -0.5989 0.7717
vn -0.1356 -0.6627 0.7365
vn -0.2742 -0.6841 0.6759
vn -0.3153 -0.4833 0.8167
vn -0.6403 -0.0782 0.7641
vn -0.5966 -0.5351 0.5982
vn -0.8326 -0.3374 0.4393
vn -0.9477 -0.3140 0.0574
vn -0.8888 -0.3621 -0.2809
vn -0.6930 -0.4418 -0.5697
vn -0.4628 -0.3430 -0.8174
vn -0.2790 -0.3376 -0.8990
vn -0.1127 -0.4980 -0.8598
vn -0.0621 -0.1033 -0.9927
vn 0.0388 -0.7244 -0.6883
vn 0.0604 -0.3551 -0.9329
vn 0.3370 -0.3093 -0.8892
vn 0.3170 -0.6041 -0.7311
vn 0.6144 -0.0769 -0.7852
vn 0.4380 -0.6479 -0.6232
vn 0.8399 -0.3451 -0.4188
vn 0.9356 -0.3522 -0.0225
vn -0.0260 -0.4677 -0.8835
vn 0.5357 0.0120 0.8443
vn 0.5913 0.0094 0.8064
vn 0.7169 0.0029 0.6971
vn 0.3965 0.0178 0.9179
vn 0.3201 0.1567 0.9343
vn -0.4639 -0.0158 0.8857
vn -0.4324 -0.2547 0.8650
vn -0.4007 -0.1143 0.9091
vn -0.5550 0.0180 0.8317
vn -0.8914 0.0109 0.4531
vn -0.8604 0.0251 -0.5090
vn -0.4167 0.0635 -0.9068
vn -0.5924 0.0046 -0.8056
vn 0.5132 -0.4658 -0.7209
vn -0.3041 -0.5298 0.7917
vn 0.4116 0.0879 0.9071
vn 0.9999 -0.0083 0.0138
vn 0.9999 0.0063 0.0144
vn 0.9999 -0.0064 0.0147
vn 0.7642 -0.6428 -0.0525
vn 0.9998 -0.0219 0.0016
vn 0.9998 -0.0201 -0.0091
vn 0.7427 -0.5312 -0.4077
vn 0.9341 -0.3496 0.0721
vn 0.9998 -0.0137 0.0119
vn 0.9999 0.0080 0.0144
vn 0.9022 0.3860 -0.1923
vn 0.9999 0.0116 -0.0016
vn 0.8343 0.5496 -0.0429
vn 0.9998 -0.0119 -0.0180
vn 0.9998 -0.0058 -0.0197
vn 0.9984 -0.0310 0.0474
vn 0.9882 0.1529 0.0117
vn 1.0000 0.0076 -0.0055
vn 0.9998 0.0148 0.0108
vn 0.9998 0.0086 -0.0186
vn 0.9998 0.0048 -0.0188
vn 0.9998 -0.0033 -0.0206
vn -0.9416 0.2518 0.2235
vn -0.7234 0.5636 0.3988
vn -0.2249 0.8231 0.5215
vn -0.0533 0.9127 -0.4052
vn 0.3319 0.4961 0.8023
vn -0.1050 -0.0126 0.9944
vn 0.9946 -0.0650 0.0806
vn 0.0806 -0.9848 -0.1538
vn -0.0026 -0.9983 0.0575
vn 0.0022 -0.9525 0.3045
vn -0.0115 -0.8466 0.5321
vn 0.0577 -0.6856 0.7257
vn -0.0471 -0.4068 0.9123
vn 0.0008 -0.1727 0.9850
vn -0.0096 0.1108 0.9938
vn 0.0159 0.3592 0.9331
vn -0.0780 0.5735 0.8155
vn -0.1735 0.6335 0.7540
vn 0.0154 0.8414 0.5402
vn 0.1103 0.7439 0.6592
vn -0.0096 0.9109 0.4124
vn 0.0166 0.9948 0.1003
vn -0.0166 0.9948 -0.1003
vn 0.0096 0.9109 -0.4124
vn -0.0154 0.8414 -0.5402
vn -0.1103 0.7439 -0.6592
vn 0.0780 0.5735 -0.8155
vn 0.1735 0.6335 -0.7540
vn -0.0022 0.3461 -0.9382
vn 0.0610 0.0834 -0.9946
vn 0.0242 -0.3578 -0.9335
vn 0.0022 -0.4276 -0.9039
vn -0.0083 -0.8118 -0.5839
vn -0.0146 -0.8174 -0.5759
vn -0.0416 -0.9359 -0.3497
vn 0.1731 -0.9552 -0.2402
vn -0.9987 0.0514 0.0064
vn -0.7394 0.5966 0.3122
vn -0.9989 0.0402 0.0253
vn -0.7284 0.6834 -0.0499
vn -0.7057 0.6952 0.1364
vn -0.9990 0.0149 0.0432
vn -0.7362 0.1645 0.6565
vn -0.7196 -0.0288 0.6938
vn -0.9985 -0.0108 0.0528
vn -0.9981 -0.0254 -0.0560
vn -0.7400 -0.0381 -0.6715
vn -0.9988 0.0078 -0.0485
vn -0.9992 0.0239 -0.0324
vn -0.7373 0.2310 -0.6349
vn -0.7217 0.5477 -0.4233
vn -0.9992 0.0357 -0.0179
vn -0.7185 0.3679 0.5903
vn -0.7154 0.5072 0.4806
vn -0.7321 -0.2470 0.6348
vn -0.9986 -0.0364 0.0387
vn -0.7263 -0.6385 0.2544
vn -0.9988 -0.0473 0.0162
vn -0.9988 -0.0491 -0.0082
vn -0.7297 -0.6720 -0.1261
vn -0.9986 -0.0434 -0.0288
vn -0.7238 -0.6865 0.0688
vn -0.7293 -0.5935 -0.3404
vn -0.7330 -0.4395 -0.5192
vn -0.7306 -0.4487 0.5147
vn -0.7096 -0.5637 0.4227
vn -0.7162 -0.2875 -0.6359
vn -0.3634 0.8361 -0.4109
vn 0.3261 0.8749 -0.3579
vn -0.5178 0.8492 -0.1034
vn 0.5883 -0.8086 0.0045
vn -0.4419 -0.8571 -0.2646
vn -0.5116 -0.8253 0.2391
vn 0.6133 0.7329 -0.2946
vn 0.6090 0.4639 -0.6433
vn -0.8516 0.1383 -0.5055
vn -0.6965 0.2131 -0.6852
vn -0.8393 0.2919 -0.4586
vn -0.8571 0.4185 -0.3005
vn -0.2417 0.4331 -0.8683
vn -0.5125 0.5406 -0.6672
vn -0.6711 0.5794 -0.4625
vn -0.8492 -0.1720 -0.4992
vn -0.5351 -0.0539 -0.8430
vn -0.8516 -0.3855 -0.3551
vn -0.5311 -0.4166 -0.7378
vn -0.8577 -0.4936 -0.1439
vn -0.5256 -0.6809 -0.5101
vn -0.8534 -0.4436 0.2737
vn -0.8566 -0.5059 0.1017
vn -0.8715 -0.4903 0.0071
vn -0.8545 -0.5184 -0.0318
vn -0.8540 -0.2346 0.4645
vn -0.5588 -0.4360 0.7055
vn -0.4285 -0.5944 0.6805
vn -0.8471 -0.3834 0.3679
vn -0.5712 -0.6918 0.4417
vn -0.8590 0.0238 0.5114
vn -0.5165 -0.0273 0.8559
vn -0.4723 -0.2027 0.8578
vn -0.8406 -0.1751 0.5125
vn -0.8489 0.4095 0.3342
vn -0.5239 0.5461 0.6537
vn -0.3566 0.4543 0.8164
vn -0.8578 0.2825 0.4294
vn -0.5854 0.2089 0.7833
vn -0.8564 0.1996 0.4762
vn -0.8535 0.5061 0.1242
vn -0.5343 0.8364 0.1226
vn -0.5299 0.7350 0.4232
vn -0.8487 0.4740 -0.2348
vn -0.8547 0.5115 -0.0887
vn -0.0367 -0.9582 -0.2836
vn -0.0270 -0.9987 0.0422
vn -0.0507 -0.7294 -0.6822
vn -0.0373 -0.2531 -0.9667
vn -0.0714 -0.5579 -0.8268
vn -0.0557 0.2629 -0.9632
vn -0.0479 0.7509 -0.6587
vn -0.0503 0.9673 -0.2488
vn -0.0457 0.9708 0.2355
vn -0.0498 0.7198 0.6924
vn -0.0501 0.3762 0.9252
vn -0.0423 -0.0693 0.9967
vn -0.0476 -0.5435 0.8380
vn -0.0343 -0.8912 0.4524
vn -0.0726 -0.7204 0.6898
vn -0.0687 -0.9439 0.3230
vn -0.7800 0.5800 0.2349
vn -0.7957 0.6012 -0.0737
vn -0.1151 0.9913 0.0645
vn -0.0930 0.8297 0.5505
vn -0.0857 0.8464 0.5256
vn -0.9168 0.2020 0.3444
vn -0.0863 0.4793 0.8734
vn -0.9338 0.1696 0.3151
vn -0.1214 0.3236 0.9384
vn -0.0864 0.0979 0.9914
vn -0.0953 -0.0100 0.9954
vn -0.0895 0.0869 0.9922
vn -0.0980 -0.0210 0.9950
vn -0.9177 -0.1386 0.3723
vn -0.0985 -0.6407 0.7614
vn -0.7865 -0.3474 0.5106
vn -0.8001 -0.5232 0.2933
vn -0.0978 -0.7386 0.6670
vn -0.0761 -0.9760 0.2041
vn -0.0900 -0.9853 0.1450
vn -0.9218 -0.3645 -0.1319
vn -0.0851 -0.9307 -0.3556
vn -0.7978 -0.4743 -0.3723
vn -0.7943 -0.1937 -0.5759
vn -0.0841 -0.5208 -0.8495
vn -0.9381 -0.0124 -0.3460
vn -0.0875 -0.0557 -0.9946
vn -0.0751 0.4080 -0.9099
vn -0.0932 0.4711 -0.8771
vn -0.0854 0.8732 -0.4799
vn -0.9426 0.3007 -0.1452
vn -0.1107 0.9830 -0.1466
vn -0.0772 -0.9961 -0.0417
vn -0.0086 -0.9420 -0.3355
vn -0.0390 -0.6522 -0.7570
vn -0.0745 -0.7978 -0.5983
vn -0.0297 -0.1310 -0.9909
vn -0.0477 -0.2687 -0.9620
vn -0.0724 0.3225 -0.9438
vn -0.0411 0.4501 -0.8920
vn -0.1309 0.8776 -0.4611
vn -0.0399 0.8322 -0.5530
vn -0.0268 0.8729 -0.4871
vn -0.0341 0.9936 0.1080
vn -0.0634 0.9979 0.0151
vn -0.0329 0.7172 0.6961
vn -0.0457 0.7829 0.6204
vn -0.0592 0.7729 0.6317
vn -0.0776 0.2937 0.9527
vn -0.0322 0.1164 0.9927
vn -0.0851 -0.3472 0.9339
vn -0.0455 -0.4669 0.8831
vn -0.0345 -0.8978 0.4391
vn -0.0766 -0.8154 0.5738
vn -0.9999 -0.0119 0.0040
vn -1.0000 -0.0063 0.0066
vn -0.9996 0.0032 0.0265
vn -0.9999 0.0070 0.0122
vn -0.9998 0.0094 -0.0163
vn -0.9999 0.0009 -0.0104
vn -0.9999 -0.0075 -0.0112
vn -0.9999 -0.0135 -0.0051
vn -0.9999 0.0096 0.0042
vn -0.9999 0.0131 -0.0042
vn -0.0161 -0.0006 0.9999
vn -0.4938 0.1387 -0.8584
vn -0.0165 0.1740 0.9846
vn -0.0137 0.3432 0.9391
vn -0.0079 0.5020 0.8648
vn 0.0010 0.6453 0.7639
vn 0.0059 0.7075 0.7067
vn -1.0000 -0.0013 -0.0012
vn -0.0032 0.8191 0.5736
vn -0.8273 -0.5485 -0.1212
vn -0.0066 0.8649 0.5020
vn -0.0123 0.9392 0.3433
vn -0.0150 0.9846 0.1739
vn -0.0140 0.9999 -0.0007
vn -0.0106 0.9844 -0.1754
vn -0.0040 0.9388 -0.3445
vn 0.0055 0.8643 -0.5029
vn 0.0100 0.8244 -0.5659
vn -0.8908 0.4031 -0.2100
vn -0.0109 0.7071 -0.7071
vn -0.6448 -0.4936 0.5836
vn -0.0127 0.6436 -0.7653
vn -0.0147 0.5001 -0.8659
vn -0.0137 0.3412 -0.9399
vn -0.0095 0.1717 -0.9851
vn -0.0063 0.0788 -0.9969
vn -0.8486 0.0251 0.5284
vn -0.0022 -0.0870 -0.9962
vn -0.9737 0.2017 -0.1059
vn -0.0052 -0.1717 -0.9851
vn -0.0099 -0.3411 -0.9400
vn -0.0118 -0.4999 -0.8660
vn -0.0106 -0.6434 -0.7654
vn -0.0063 -0.7672 -0.6414
vn -0.0035 -0.8189 -0.5739
vn -0.9992 0.0323 0.0230
vn -0.0091 -0.9063 -0.4226
vn -0.9171 0.3907 0.0791
vn -0.0100 -0.9395 -0.3425
vn -0.0105 -0.9848 -0.1733
vn -0.0079 -1.0000 0.0013
vn -0.0057 -0.9958 0.0914
vn -0.9995 -0.0311 0.0052
vn -0.0065 -0.9659 0.2587
vn -0.8773 0.4310 -0.2111
vn -0.0088 -0.9402 0.3406
vn -0.0119 -0.8662 0.4996
vn -0.0120 -0.7657 0.6431
vn -0.0090 -0.6417 0.7669
vn -0.0030 -0.4980 0.8672
vn 0.0057 -0.3390 0.9408
vn 0.0095 -0.2710 0.9625
vn -0.7056 -0.3148 0.6348
vn -0.0151 -0.0872 0.9961
vn -0.0013 -0.1740 -0.9847
vn -0.0041 -0.3433 -0.9392
vn -0.0101 -0.5020 -0.8648
vn -0.0191 -0.6452 -0.7638
vn -0.0240 -0.7073 -0.7065
vn -0.0148 -0.8191 -0.5735
vn -0.0114 -0.8648 -0.5020
vn -0.0056 -0.9392 -0.3433
vn -0.0030 -0.9848 -0.1739
vn -0.0035 -1.0000 0.0007
vn -0.0073 -0.9845 0.1753
vn -0.0141 -0.9387 0.3444
vn -0.0182 -0.9048 0.4255
vn -0.0137 -0.8191 0.5735
vn -0.0105 -0.7674 0.6411
vn -0.0052 -0.6436 0.7653
vn -0.0031 -0.5001 0.8659
vn -0.0042 -0.3412 0.9400
vn -0.0085 -0.1718 0.9851
vn -0.0158 0.0027 0.9999
vn -0.0197 0.0847 0.9962
vn -0.0096 0.2587 0.9659
vn -0.0079 0.3410 0.9400
vn -0.0061 0.4999 0.8661
vn -0.0074 0.6434 0.7655
vn -0.0117 0.7672 0.6413
vn -0.0145 0.8188 0.5738
vn -0.0088 0.9062 0.4227
vn -0.0079 0.9395 0.3426
vn -0.0075 0.9848 0.1733
vn -0.0101 0.9999 -0.0013
vn -0.0122 0.9957 -0.0915
vn -0.0115 0.9659 -0.2587
vn -0.0092 0.9402 -0.3406
vn -0.0060 0.8663 -0.4996
vn -0.0059 0.7658 -0.6431
vn -0.0090 0.6417 -0.7669
vn -0.0116 0.5655 -0.8247
vn -0.0161 0.4226 -0.9062
vn -0.0121 0.3444 -0.9387
vn -0.0054 0.1752 -0.9845
vn -0.0017 0.0006 -1.0000
vn 0.7057 -0.0618 -0.7058
vn 0.7058 -0.0618 -0.7058
vn 0.7058 -0.1833 -0.6843
vn 0.7057 -0.4063 -0.5804
vn 0.7057 -0.4064 -0.5804
vn 0.7058 -0.4063 -0.5804
vn 0.7057 -0.5803 -0.4064
vn 0.7058 -0.5803 -0.4064
vn 0.7057 -0.6421 -0.2994
vn 0.7057 -0.6844 -0.1834
vn 0.7058 -0.6843 -0.1834
vn 0.7057 -0.6843 -0.1834
vn 0.7057 -0.6844 -0.1833
vn 0.7057 -0.7058 -0.0617
vn 0.7057 -0.7058 -0.0616
vn 0.7057 -0.7058 0.0617
vn 0.7058 -0.7058 0.0616
vn 0.7057 -0.7058 0.0618
vn 0.7057 -0.6421 0.2994
vn 0.7057 -0.5804 0.4063
vn 0.7058 -0.5010 0.5010
vn 0.7057 -0.5010 0.5010
vn 0.7057 -0.1833 0.6844
vn 0.7058 -0.1834 0.6843
vn 0.7057 -0.1834 0.6843
vn 0.7057 -0.0617 0.7058
vn 0.7057 -0.0616 0.7058
vn 0.7057 0.0617 0.7058
vn 0.7058 0.0616 0.7058
vn 0.7057 0.0618 0.7058
vn 0.7057 0.4063 0.5804
vn 0.7057 0.4064 0.5804
vn 0.7057 0.5804 0.4063
vn 0.7057 0.5803 0.4063
vn 0.7057 0.6421 0.2994
vn 0.7058 0.6421 0.2994
vn 0.7058 0.6843 0.1833
vn 0.7058 0.7058 -0.0618
vn 0.7058 0.6843 -0.1833
vn 0.7057 0.6421 -0.2994
vn 0.7057 0.5803 -0.4064
vn 0.7057 0.4063 -0.5804
vn 0.7057 0.4063 -0.5803
vn 0.7057 0.2994 -0.6421
vn 0.7058 0.0618 -0.7058
vn 0.7057 0.0618 -0.7058
vn -0.6227 0.4235 0.6579
vn 0.6256 0.7791 0.0412
vn -0.6235 0.7809 -0.0383
vn 0.6266 0.3588 0.6918
vn 0.3185 -0.0302 -0.9474
vn 0.6236 0.1918 -0.7579
vn 0.2280 0.5280 -0.8181
vn -0.6263 -0.4210 -0.6561
vn 0.6232 -0.7811 -0.0387
vn -0.6258 -0.7791 0.0382
vn 0.6252 -0.3572 -0.6939
vn 0.9656 0.0951 0.2421
vn 0.8383 -0.1583 0.5217
vn 0.9611 -0.2702 -0.0574
vn 0.8682 -0.4903 0.0764
vn 0.6240 0.4215 -0.6580
vn 0.9997 0.0200 -0.0102
vn 0.6225 -0.4230 0.6584
vn 0.9996 0.0044 -0.0283
vn 0.0570 -0.7729 -0.6319
vn -0.0930 -0.5128 -0.8534
vn 0.0173 -0.0623 -0.9979
vn -0.0232 0.3352 -0.9419
vn -0.1680 0.3400 -0.9253
vn -0.6019 0.4511 -0.6589
vn 0.0685 0.5453 -0.8354
vn -0.0129 0.7604 -0.6494
vn -0.2088 0.7309 -0.6497
vn -0.0414 -0.9943 0.0986
vn -0.9142 -0.4043 0.0292
vn -0.8501 -0.4219 0.3152
vn 0.1305 -0.9771 -0.1681
vn -0.1261 -0.5720 0.8105
vn -0.9723 -0.1200 0.2007
vn 0.0471 -0.7376 0.6736
vn -0.0577 0.3065 0.9501
vn 0.0525 0.4697 0.8813
vn -0.9372 0.3486 0.0135
vn 0.0341 0.9956 0.0868
vn -0.9611 0.2736 0.0371
vn -0.0343 0.9781 0.2054
vn -0.6238 -0.3590 0.6943
vn -0.9998 -0.0063 -0.0213
vn -0.6268 0.3550 -0.6937
vn 0.9956 0.0416 -0.0843
vn 0.8026 0.0034 -0.5965
vn 0.9196 0.3927 -0.0073
vn 0.7737 0.3524 -0.5265
vn 0.7051 0.7085 -0.0304
vn 0.5737 0.6155 -0.5405
vn 0.7985 0.5987 -0.0631
vn 0.2432 0.7604 -0.6022
vn 0.2681 0.9598 -0.0831
vn -0.0132 0.9999 -0.0010
vn 0.0016 0.8590 -0.5120
vn -0.2604 0.8080 -0.5285
vn -0.3224 0.9435 -0.0766
vn -0.4662 0.8840 -0.0353
vn -0.5274 0.6783 -0.5116
vn -0.6717 0.4416 -0.5948
vn -0.8300 0.5516 -0.0823
vn -0.9775 0.2105 -0.0087
vn -0.8334 0.1737 -0.5247
vn -0.9872 -0.1565 -0.0308
vn -0.8278 -0.1608 -0.5375
vn -0.9978 -0.0151 -0.0642
vn -0.6368 -0.4731 -0.6088
vn -0.7809 -0.6189 -0.0843
vn -0.5151 -0.8571 -0.0071
vn -0.4284 -0.7363 -0.5238
vn -0.2772 -0.7845 -0.5547
vn -0.0397 -0.8464 -0.5310
vn -0.2940 -0.9537 -0.0642
vn -0.1562 -0.9872 -0.0308
vn 0.2563 -0.7563 -0.6019
vn 0.3472 -0.9340 -0.0843
vn 0.6560 -0.7547 -0.0071
vn 0.5762 -0.6287 -0.5222
vn 0.8906 -0.4537 -0.0308
vn 0.7544 -0.3633 -0.5468
vn 0.8161 -0.5743 -0.0642
vn -0.3052 0.4131 -0.8580
vn -0.4650 0.2321 -0.8543
vn 0.1749 0.4897 -0.8542
vn -0.0743 0.5182 -0.8520
vn 0.3873 0.3532 -0.8516
vn 0.5107 0.1178 -0.8517
vn 0.4772 -0.2002 -0.8557
vn 0.2916 -0.4376 -0.8506
vn 0.0331 -0.5185 -0.8545
vn -0.4173 -0.3013 -0.8574
vn -0.2634 -0.4565 -0.8498
vn -0.0994 -0.5297 -0.8423
vn -0.5264 -0.0191 -0.8500
vn 0.8712 0.4818 -0.0944
vn 0.6146 0.2909 -0.7332
vn 0.9733 0.2235 -0.0518
vn 0.6663 0.0392 -0.7447
vn 0.3219 0.9460 -0.0387
vn 0.3789 0.5738 -0.7261
vn 0.6792 0.7328 -0.0417
vn 0.5217 0.4580 -0.7197
vn 0.2171 0.7448 0.6310
vn -0.1475 0.9880 -0.0459
vn -0.0173 0.6797 -0.7332
vn -0.5921 0.8052 -0.0335
vn -0.2850 0.6133 -0.7367
vn -0.5157 0.4371 -0.7369
vn -0.9369 0.3471 -0.0402
vn -0.6294 0.2241 -0.7441
vn -0.7744 0.6242 -0.1035
vn -0.9978 -0.0411 -0.0512
vn -0.6913 0.0423 -0.7213
vn -0.6474 -0.1700 -0.7430
vn -0.8091 -0.5870 -0.0286
vn -0.7209 -0.3445 0.6014
vn -0.4430 -0.5212 -0.7295
vn -0.3172 -0.9479 -0.0303
vn -0.2273 -0.6367 -0.7369
vn -0.5868 -0.8039 -0.0969
vn 0.1224 -0.9918 -0.0372
vn -0.0736 -0.7993 0.5965
vn -0.1831 -0.9822 -0.0420
vn 0.1648 -0.6613 -0.7318
vn 0.6067 -0.7932 -0.0518
vn 0.3614 -0.5909 -0.7212
vn 0.3215 -0.9433 -0.0820
vn 0.6205 -0.5602 0.5488
vn 0.9233 -0.3812 -0.0478
vn 0.6544 -0.3351 -0.6778
vn 0.6676 -0.1093 -0.7364
vn -0.0599 -0.3529 -0.9337
vn -0.0090 -0.0105 -0.9999
vn -0.3258 -0.1707 -0.9299
vn -0.0120 -0.0055 -0.9999
vn -0.5980 -0.1177 -0.7928
vn -0.0134 0.0038 -0.9999
vn -0.5527 0.2331 -0.8001
vn -0.3197 0.4747 -0.8201
vn -0.0049 0.0051 -1.0000
vn 0.2815 0.1914 -0.9403
vn 0.0104 -0.0035 -0.9999
vn 0.3255 -0.2070 -0.9226
vn 0.4061 -0.4570 -0.7913
vn 0.0080 -0.0112 -0.9999
vn 0.0852 -0.6014 -0.7944
vn -0.0001 -0.0157 -0.9999
vn -0.0016 0.0275 -0.9996
vn -0.0967 0.3801 -0.9199
vn 0.3425 0.4872 -0.8033
vn 0.0065 0.0098 -0.9999
vn 0.0159 0.0078 -0.9998
vn 0.6756 0.0872 0.7321
vn 0.0205 -0.0048 0.9998
vn 0.0220 0.0084 0.9997
vn -0.0169 0.0146 0.9998
vn -0.0224 -0.0005 0.9997
vn -0.6182 0.2262 0.7528
vn -0.4491 -0.0341 0.8928
vn -0.0087 0.0184 0.9998
vn -0.0061 0.0202 0.9998
vn 0.3427 -0.0465 0.9383
vn 0.0080 -0.0183 0.9998
vn 0.0149 -0.0168 0.9997
vn -0.0097 -0.0167 0.9998
vn -0.0034 -0.0196 0.9998
vn -0.0020 -0.0203 0.9998
vn -0.0004 0.0203 0.9998
vn 0.0024 0.0200 0.9998
vn 0.3459 0.1530 0.9257
vn 0.0120 0.0199 0.9997
vn 0.0028 0.0219 0.9998
vn 0.0043 -0.0207 0.9998
vn -0.0156 -0.0146 0.9998
vn -0.7967 -0.5958 -0.1015
vn -0.6289 -0.7740 -0.0728
vn -0.3072 -0.9462 -0.1018
vn 0.1525 -0.9836 -0.0964
vn 0.2125 -0.9718 -0.1024
vn 0.6905 -0.7163 -0.1005
vn 0.7545 -0.6482 -0.1026
vn 0.9911 -0.1016 -0.0864
vn 0.9895 -0.1203 -0.0807
vn 0.9143 0.3912 -0.1049
vn 0.6307 0.7702 -0.0948
vn 0.3549 0.9294 -0.1015
vn 0.2626 0.9622 -0.0718
vn 0.1200 0.9882 -0.0951
vn -0.2681 0.9598 -0.0827
vn -0.2851 0.9546 -0.0868
vn -0.7626 0.6412 -0.0859
vn -0.7668 0.6358 -0.0880
vn 0.9991 -0.0435 -0.0007
vn 0.9997 0.0053 0.0247
vn 0.7811 -0.6244 -0.0023
vn 0.7288 -0.6842 -0.0279
vn 0.3653 -0.9294 -0.0532
vn 0.1336 -0.9910 -0.0102
vn -0.1460 -0.9878 -0.0536
vn -0.4496 -0.8932 -0.0108
vn -0.5820 -0.8124 -0.0352
vn -0.6918 -0.7108 -0.1274
vn -0.9229 -0.3837 0.0315
vn -0.7473 -0.6622 0.0545
vn -0.9224 -0.3854 0.0238
vn -0.9691 0.2451 -0.0277
vn -0.9947 0.1021 -0.0142
vn -0.7472 0.6635 0.0375
vn -0.6345 0.7728 -0.0111
vn -0.4826 0.8674 -0.1214
vn -0.1807 0.9835 -0.0003
vn -0.4351 0.9004 0.0054
vn -0.2687 0.9627 0.0314
vn 0.1498 0.9882 -0.0307
vn 0.3802 0.9232 0.0570
vn 0.7182 0.6952 -0.0283
vn 0.8582 0.5125 0.0277
vn -0.0448 0.0096 -0.9990
vn -0.0360 -0.0169 -0.9992
vn -0.0236 -0.0477 -0.9986
vn 0.0048 -0.0501 -0.9987
vn 0.0347 -0.0333 -0.9988
vn 0.0451 -0.0017 -0.9990
vn 0.0412 0.0280 -0.9988
vn 0.0172 0.0445 -0.9989
vn -0.0364 0.0365 -0.9987
vn -0.0148 0.0509 -0.9986
vn 0.0072 -0.9942 0.1076
vn 0.0637 -0.9599 0.2731
vn 0.3036 -0.9322 -0.1969
vn -0.3459 -0.8055 -0.4812
vn 0.5557 -0.5540 -0.6199
vn -0.3462 -0.4092 -0.8442
vn 0.3571 -0.0877 -0.9300
vn 0.4788 -0.0225 -0.8777
vn -0.9951 0.0261 -0.0957
vn -0.6401 0.4513 -0.6217
vn -0.0375 0.7407 -0.6708
vn 0.1561 0.8964 -0.4148
vn -0.2375 0.9621 -0.1341
vn 0.2375 0.9621 0.1341
vn -0.1561 0.8964 0.4148
vn 0.0361 0.7388 0.6729
vn -0.0224 0.6037 0.7969
vn 0.4315 0.3092 0.8475
vn -0.4444 -0.0028 0.8958
vn 0.5737 -0.2793 0.7700
vn 0.6507 -0.2840 0.7042
vn -0.1153 -0.6679 0.7353
vn -0.2027 -0.4752 0.8562
vn -0.0708 -0.7580 0.6484
vn 0.0009 0.9763 0.2162
vn -0.0362 0.9942 -0.1016
vn -0.0396 0.9048 -0.4240
vn 0.0086 0.8517 -0.5239
vn -0.0055 0.6239 -0.7815
vn -0.0186 0.4746 -0.8800
vn 0.0000 0.1522 -0.9884
vn -0.0326 -0.1075 -0.9937
vn -0.0162 -0.3616 -0.9322
vn -0.0185 -0.7001 -0.7138
vn 0.0069 -0.8117 -0.5840
vn -0.0703 -0.9499 -0.3046
vn -0.0373 -0.9991 0.0190
vn -0.0090 -0.9717 0.2360
vn -0.0214 -0.8337 0.5519
vn -0.0178 -0.7194 0.6944
vn -0.0013 -0.3949 0.9187
vn -0.0340 -0.1737 0.9842
vn -0.0085 0.1178 0.9930
vn -0.0206 0.4606 0.8874
vn -0.0380 0.6376 0.7694
vn -0.1533 0.7620 0.6292
vn -0.0372 0.8067 0.5898
vn 0.0279 0.9076 0.4189
vn 0.6910 -0.6497 -0.3170
vn 0.4118 -0.8921 -0.1861
vn 0.6929 -0.6971 -0.1845
vn 0.6912 -0.5001 -0.5217
vn 0.5272 -0.7082 -0.4696
vn 0.6781 -0.4434 -0.5861
vn 0.2636 -0.5959 -0.7586
vn 0.6925 -0.1519 -0.7053
vn 0.4375 -0.3204 -0.8402
vn 0.4842 -0.0411 -0.8740
vn 0.6977 0.1129 -0.7075
vn 0.6925 0.2787 -0.6654
vn 0.3626 0.3918 -0.8456
vn 0.6930 0.4794 -0.5385
vn 0.4162 0.5969 -0.6859
vn 0.6796 0.5516 -0.4836
vn 0.6972 0.6446 -0.3136
vn 0.3866 0.8598 -0.3337
vn 0.6983 0.7124 -0.0703
vn 0.4988 0.8666 0.0135
vn 0.6971 0.6814 -0.2230
vn 0.2872 0.9372 -0.1979
vn 0.3936 0.8942 0.2132
vn 0.6909 0.6712 0.2688
vn 0.4061 0.7503 0.5216
vn 0.6913 0.5200 0.5017
vn 0.4017 0.4929 0.7718
vn 0.2780 0.3671 0.8876
vn 0.6918 0.0925 0.7161
vn 0.4656 0.0196 0.8848
vn 0.6789 0.2755 0.6806
vn 0.4409 -0.2751 0.8544
vn 0.6928 -0.2813 0.6640
vn 0.4017 -0.6251 0.6692
vn 0.6871 -0.5006 0.5266
vn 0.3115 -0.8255 0.4707
vn 0.6738 -0.6796 0.2900
vn 0.4535 -0.8882 0.0733
vn 0.6901 -0.7237 0.0003
vn 0.0282 -0.8165 -0.5766
vn 0.0337 -0.8656 -0.4997
vn 0.0136 -0.9799 -0.1992
vn 0.0546 -0.4024 -0.9138
vn 0.6832 -0.0226 -0.7299
vn 0.8830 -0.2024 -0.4235
vn -0.0179 -0.1444 -0.9893
vn 0.0629 0.3154 -0.9469
vn 0.8881 0.1697 -0.4272
vn 0.0291 0.7963 -0.6042
vn 0.0425 0.8891 -0.4557
vn 0.0133 0.9767 -0.2141
vn 0.8614 0.5078 -0.0064
vn 0.0373 0.9993 0.0037
vn 0.6598 0.7164 0.2268
vn 0.0104 0.9964 0.0837
vn 0.6604 0.5288 0.5331
vn 0.6897 0.1694 0.7040
vn 0.0408 -0.1340 0.9901
vn 0.6263 -0.3397 0.7017
vn 0.0085 -0.0624 0.9980
vn 0.6295 -0.6996 0.3381
vn 0.8935 -0.4485 0.0239
vn 0.9988 -0.0414 -0.0249
vn 0.9971 -0.0107 -0.0753
vn 0.9936 0.0434 -0.1038
vn 0.9973 0.0601 -0.0429
vn 0.9975 0.0699 0.0129
vn 0.9985 0.0477 0.0278
vn 0.9961 -0.0448 0.0760
vn 0.9977 -0.0577 0.0352
vn 0.9927 -0.1208 0.0060
vn 0.9988 0.0062 0.0484
vn -0.9998 0.0050 -0.0175
vn -0.9998 0.0048 -0.0186
vn -0.9998 -0.0043 -0.0181
vn -0.9998 -0.0063 -0.0166
vn -0.9013 0.4001 -0.1663
vn -0.9998 0.0137 -0.0138
vn -0.9999 -0.0156 0.0018
vn -0.9999 -0.0157 0.0042
vn -0.9998 -0.0096 0.0169
vn -0.9998 0.0188 -0.0100
vn -0.9991 0.0416 0.0017
vn -0.9999 0.0099 0.0129
vn -0.9999 -0.0166 -0.0028
vn -0.7760 0.6280 -0.0584
vn -0.9999 0.0126 -0.0014
vn -0.9999 0.0094 0.0115
vn -0.9290 0.3642 0.0655
vn -0.9999 -0.0146 -0.0078
vn -0.9998 -0.0129 -0.0137
vn -0.9999 0.0158 0.0052
vn 0.0038 0.9570 -0.2900
vn 0.0031 0.9422 -0.3349
vn -0.0152 0.7542 -0.6564
vn -0.0175 0.7264 -0.6871
vn -0.0113 0.2047 -0.9788
vn 0.0090 0.5889 -0.8082
vn 0.0029 0.5474 -0.8369
vn -0.0172 0.1549 -0.9878
vn 0.0087 -0.0217 -0.9997
vn -0.0171 -0.4812 -0.8764
vn 0.0084 -0.6247 -0.7808
vn -0.0204 -0.9437 -0.3303
vn -0.0029 -0.9679 -0.2513
vn 0.0058 -0.9404 0.3400
vn 0.0014 -0.9538 0.3004
vn -0.0040 -0.7386 0.6742
vn -0.0119 -0.7662 0.6425
vn 0.0019 -0.1724 0.9850
vn -0.0132 -0.2398 0.9707
vn 0.0025 0.4629 0.8864
vn -0.0315 0.3191 0.9472
vn -0.0124 0.5402 0.8415
vn -0.0262 0.8935 0.4484
vn 0.0042 0.7835 0.6214
vn -0.0264 0.9328 0.3593
vn 0.9645 -0.2240 0.1401
vn -0.9999 -0.0120 0.0089
vn -0.9309 -0.2600 0.2568
vn -0.9449 -0.1677 0.2811
vn -0.9685 0.0169 -0.2482
vn -0.7143 -0.2462 0.6551
vn -0.9093 0.1255 0.3969
vn -0.8628 0.1260 0.4895
vn -0.3789 0.5207 0.7650
vn -1.0000 -0.0003 0.0000
vn -1.0000 -0.0002 0.0001
vn -0.2827 0.9587 0.0323
vn 0.3576 0.8956 -0.2647
vn -0.4038 0.9107 0.0867
vn 0.6095 0.7684 0.1949
vn 0.5285 0.8158 0.2350
vn -0.5136 0.7068 0.4864
vn -0.7872 -0.0626 0.6135
vn -0.9599 0.0846 0.2674
vn -0.9295 -0.3225 0.1790
vn -0.9087 -0.2766 0.3126
vn 0.6418 -0.7562 0.1278
vn -0.6375 -0.7593 -0.1306
vn 0.4733 -0.7586 -0.4478
vn -0.4623 -0.6234 -0.6306
vn 0.4471 -0.4125 -0.7937
vn -0.4965 -0.1387 -0.8569
vn 0.4913 0.0913 -0.8662
vn -0.5058 0.3619 -0.7831
vn 0.4546 0.5901 -0.6671
vn -0.4754 0.7504 -0.4593
vn 0.1042 0.9737 0.2028
vn -0.1042 0.9737 -0.2028
vn 0.0922 0.8490 -0.5203
vn -0.0570 0.5934 -0.8029
vn 0.0130 0.3700 -0.9289
vn 0.0075 0.0580 -0.9983
vn 0.0096 -0.1253 -0.9921
vn -0.0050 -0.4691 -0.8831
vn 0.0536 -0.6543 -0.7544
vn -0.0365 -0.8981 -0.4382
vn -0.0604 -0.9394 -0.3376
vn -0.0238 -0.9911 -0.1312
vn 0.1243 -0.9871 0.1007
vn 0.2380 -0.9713 0.0001
vn -0.0361 -0.9447 0.3259
vn 0.0435 -0.7989 0.5999
vn -0.0229 -0.6042 0.7965
vn 0.0321 -0.3737 0.9270
vn 0.0156 -0.1135 0.9934
vn 0.0005 0.0693 0.9976
vn -0.0130 0.3700 0.9289
vn 0.0570 0.5934 0.8029
vn -0.0922 0.8490 0.5203
vn -1.0000 0.0002 0.0001
vn -1.0000 0.0005 -0.0001
vn -1.0000 0.0087 0.0045
vn -0.9962 0.0688 0.0542
vn -0.9925 -0.0196 0.1206
vn -0.9933 -0.0108 0.1147
vn -0.9984 -0.0567 -0.0064
vn -0.1044 -0.8880 0.4478
vn -0.0719 -0.9226 0.3789
vn -0.0189 -0.7379 0.6746
vn -0.0179 -0.8991 0.4374
vn 0.0742 -0.9334 0.3510
vn 0.0616 -0.8010 0.5955
vn 0.0406 -0.9523 0.3024
vn 0.6036 -0.4239 0.6752
vn 0.4974 -0.7782 0.3834
vn 0.0214 -0.9136 0.4060
vn -0.4224 -0.7923 0.4402
vn -0.6131 -0.4206 0.6688
vn -0.0251 -0.4022 0.9152
vn 0.7001 -0.4252 0.5736
vn -0.1648 -0.8356 0.5241
vn 0.2645 -0.8140 0.5171
vn -0.7204 -0.3167 0.6170
vn -0.5579 -0.6072 0.5657
vn -0.1224 -0.8017 0.5851
vn -0.0022 -0.8746 0.4849
vn -0.6893 -0.7203 0.0780
vn -0.6058 -0.5655 0.5597
vn -0.2311 -0.5699 0.7886
vn 0.4049 -0.6283 0.6643
vn 0.0955 -0.7183 0.6892
vn 0.1068 -0.6227 0.7751
vn 0.7660 -0.6375 0.0827
vn 0.9077 -0.4190 0.0217
vn 0.7162 -0.2015 0.6682
vn 0.4062 -0.9138 -0.0055
vn -0.4246 -0.9050 -0.0248
vn -0.9214 -0.3887 0.0003
vn -0.7659 -0.3223 0.5563
vn -0.6614 -0.7498 -0.0210
vn -0.5265 -0.4256 0.7360
vn -0.7517 -0.1764 0.6355
vn -0.6357 -0.1548 0.7562
vn -0.8871 -0.4610 0.0237
vn -0.1511 -0.0680 0.9862
vn -0.0415 -0.6545 0.7549
vn 0.3378 -0.2313 0.9124
vn -0.2335 -0.2833 0.9302
vn -0.0458 -0.0290 0.9985
vn -0.3587 0.2127 0.9089
vn -0.7416 -0.0943 0.6642
vn -0.5983 -0.4349 0.6730
vn -0.1860 -0.3707 0.9099
vn 0.0697 0.3729 0.9252
vn 0.1059 -0.0783 0.9913
vn -0.0447 -0.6641 0.7463
vn 0.2760 -0.4916 0.8259
vn -0.1507 0.3541 0.9230
vn 0.3782 0.3242 0.8671
vn 0.6425 -0.1519 0.7511
vn 0.4984 -0.0716 0.8640
vn -0.3758 -0.1031 0.9209
vn 0.3216 -0.1538 0.9343
vn 0.2354 -0.2921 0.9270
vn -0.5792 0.3131 0.7527
vn 0.8551 -0.3628 0.3703
vn 0.5581 -0.5098 -0.6547
vn 0.9378 -0.3465 -0.0236
vn -0.7196 -0.1136 0.6850
vn -0.6248 0.6672 0.4056
vn -0.3037 -0.2559 0.9178
vn -0.3965 -0.8401 0.3701
vn -0.4297 -0.7212 0.5433
vn -0.8000 -0.4956 0.3381
vn 0.7678 0.3643 0.5270
vn 0.5315 0.8355 -0.1396
vn -0.4888 0.8723 0.0103
vn -0.8811 -0.4696 0.0561
vn -0.9939 -0.0989 -0.0481
vn -0.4649 -0.8646 -0.1905
vn 0.3979 -0.9166 -0.0393
vn 0.9711 -0.1388 -0.1940
vn 0.8042 -0.4522 0.3858
vn 0.6820 -0.5623 0.4676
vn 0.2955 -0.2654 0.9177
vn 0.3129 -0.9191 0.2395
vn 0.9262 -0.1526 0.3446
vn -0.7255 -0.6827 0.0870
vn 0.7433 -0.5223 0.4179
vn 0.9802 -0.0868 -0.1779
vn 0.3079 -0.9227 -0.2319
vn 0.6928 0.7080 0.1369
vn 0.0337 0.9990 -0.0293
vn 0.9893 -0.1458 0.0056
vn 0.8518 -0.0166 0.5236
vn 0.7367 0.2122 0.6421
vn 0.7248 0.4188 0.5471
vn 0.3575 0.9325 0.0506
vn -0.5828 0.7318 0.3532
vn -0.3205 0.9466 0.0332
vn -0.7358 0.4073 0.5411
vn -0.7394 0.2070 0.6406
vn 0.9887 0.1500 0.0047
vn -0.4109 0.7299 0.5463
vn -0.6266 0.7762 0.0698
vn -0.3534 0.6082 0.7108
vn 0.0883 0.1783 0.9800
vn 0.3544 0.6039 0.7139
vn -0.0249 -0.0228 0.9994
vn -0.6409 -0.6960 0.3240
vn -0.2006 0.7476 0.6331
vn 0.5390 0.5400 0.6464
vn 0.5031 0.8223 0.2659
vn -0.2670 0.0301 0.9632
vn -0.5321 0.1037 0.8403
vn -0.9850 0.1723 0.0124
vn -0.9887 0.1500 0.0023
vn -0.8356 -0.0157 0.5491
vn -0.6754 -0.6302 0.3830
vn -0.6617 -0.7215 0.2037
vn -0.4922 -0.7599 0.4246
vn 0.5793 -0.7134 0.3942
vn 0.6382 -0.7498 0.1745
vn 0.5842 -0.7541 0.3000
vn 0.4805 -0.8758 0.0463
vn 0.6252 -0.7477 0.2236
vn -0.2983 -0.9544 0.0137
vn 0.4654 -0.8849 -0.0208
vn 0.9924 0.1226 0.0081
vn 0.9625 0.2713 -0.0044
vn 0.9892 0.1378 0.0505
vn 0.9850 -0.1695 0.0330
vn 0.9989 0.0335 -0.0314
vn 0.9872 -0.1589 -0.0121
vn 0.9907 -0.1356 0.0136
vn 0.4747 0.8802 -0.0006
vn -0.0008 1.0000 0.0051
vn 0.6717 0.7312 0.1190
vn 0.1783 0.9808 0.0785
vn -0.1560 0.9870 0.0400
vn -0.7527 0.4273 0.5008
vn -0.4199 -0.8304 0.3663
vn -0.6553 0.0062 0.7554
vn -0.7580 0.5824 0.2937
vn -0.7363 -0.6086 0.2958
vn 0.7812 -0.0111 -0.6241
vn -0.9843 0.1208 0.1286
vn -0.3566 -0.6839 0.6365
vn 0.4153 -0.6257 0.6603
vn 0.7688 0.0841 0.6340
vn 0.3686 0.6877 0.6255
vn -0.3929 0.6682 0.6318
vn 0.6797 -0.3222 0.6589
vn 0.5754 0.4953 0.6508
vn -0.1386 0.7531 0.6431
vn -0.7200 0.2691 0.6397
vn -0.6085 -0.4711 0.6387
vn 0.1032 -0.7660 0.6345
vn 0.9414 -0.3373 0.0030
vn -0.0261 -0.0255 -0.9993
vn -0.6224 -0.1907 -0.7591
vn -0.4967 -0.4804 -0.7229
vn -0.7397 -0.4043 -0.5379
vn -0.3841 -0.4057 -0.8294
vn -0.9637 -0.2535 0.0833
vn -0.6827 -0.1639 -0.7121
vn -0.9901 -0.0142 -0.1396
vn -0.2811 0.0298 -0.9592
vn -0.8469 0.1452 -0.5116
vn -0.6986 0.4413 -0.5632
vn -0.2707 0.9626 -0.0146
vn -0.6957 0.1246 -0.7075
vn -0.7322 -0.1198 -0.6705
vn 0.3589 0.9333 0.0103
vn 0.9372 0.3486 0.0142
vn 0.5332 0.5465 0.6458
vn 0.4108 0.7299 -0.5463
vn 0.3496 0.6098 -0.7113
vn -0.0958 0.1735 -0.9802
vn -0.3657 0.6012 -0.7105
vn -0.5141 0.8477 -0.1310
vn 0.0059 0.0094 -0.9999
vn 0.9755 -0.2189 -0.0206
vn 0.8825 -0.0123 -0.4702
vn -0.9870 0.1606 -0.0117
vn 0.6274 0.7756 -0.0698
vn 0.2024 0.7486 -0.6314
vn 0.7373 -0.4092 -0.5376
vn 0.6599 -0.3403 -0.6699
vn 0.7122 -0.6992 -0.0624
vn -0.6414 -0.7672 0.0035
vn -0.9824 -0.1869 -0.0003
vn 0.0197 0.1282 0.9916
vn 0.4202 0.5826 0.6958
vn -0.3565 0.5902 0.7243
vn 0.5973 0.1879 0.7797
vn 0.6620 0.2070 0.7203
vn 0.1470 0.9883 -0.0397
vn -0.3496 0.9365 -0.0276
vn -0.4779 0.8784 -0.0001
vn -0.6852 0.1576 0.7111
vn -0.6299 0.0203 0.7764
vn -0.9014 0.3946 0.1783
vn -0.9539 0.1604 0.2535
vn -0.9604 0.2669 -0.0803
vn -1.0000 0.0023 0.0021
vn -1.0000 0.0018 -0.0011
vn -0.7615 0.5780 -0.2933
vn -1.0000 -0.0006 -0.0022
vn -0.9560 0.2801 -0.0868
vn -0.7375 -0.6074 -0.2954
vn -0.9755 0.2099 -0.0653
vn -1.0000 0.0005 0.0030
vn -0.9997 -0.0235 0.0019
vn -0.9702 -0.0146 -0.2417
vn -1.0000 0.0015 0.0010
vn -0.9553 0.0181 -0.2950
vn -1.0000 0.0011 -0.0022
vn -0.9999 0.0120 0.0013
vn -0.9674 -0.1689 -0.1887
vn -0.9563 -0.2073 -0.2061
vn -1.0000 -0.0067 -0.0026
vn -1.0000 0.0004 -0.0019
vn -0.6023 0.6440 0.4716
vn -0.1964 0.8356 0.5130
vn 0.1569 0.8898 0.4286
vn 0.5158 0.6563 0.5507
vn 0.4219 0.6633 0.6181
vn -0.8606 0.1938 0.4710
vn 0.8910 -0.4541 0.0016
vn -0.0459 0.9989 -0.0040
vn 0.0022 1.0000 -0.0058
vn -0.4191 -0.8325 -0.3623
vn -0.7528 0.4265 -0.5014
vn -0.6534 0.0065 -0.7570
vn 0.7628 -0.1542 0.6279
vn 0.8239 0.1583 0.5442
vn 0.9837 -0.0863 -0.1579
vn 0.7547 -0.6211 0.2113
vn -0.9427 -0.1321 0.3063
vn -0.9391 -0.0795 -0.3343
vn -0.6218 0.5919 0.5129
vn -0.1893 0.8538 0.4850
vn -0.6872 0.5498 0.4748
vn -0.6645 -0.7473 0.0044
vn 0.8590 0.4759 -0.1888
vn 0.8850 0.1720 -0.4325
vn 0.8551 -0.3806 -0.3520
vn 0.8618 -0.5036 0.0606
vn 0.8931 -0.3456 0.2878
vn 0.8854 -0.0052 0.4648
vn 0.8772 0.3488 0.3300
vn 0.8284 0.5079 0.2360
vn 0.8443 0.4534 -0.2856
vn 0.8920 0.0568 -0.4485
vn 0.8393 -0.2092 -0.5019
vn 0.8154 0.2597 0.5174
vn 0.8537 -0.5195 -0.0373
vn 0.8788 -0.3936 0.2699
vn 0.8448 -0.4117 -0.3419
vn 0.8668 -0.0770 0.4927
vn 0.3324 0.9431 -0.0033
vn 0.8487 -0.5235 -0.0744
vn -0.8441 -0.5312 0.0730
vn -0.5097 0.8603 0.0021
vn -0.3655 0.7725 0.5194
vn -0.4147 0.7555 0.5072
vn -0.0008 0.5347 0.8450
vn -0.0523 0.6142 0.7874
vn 0.0713 0.9536 -0.2924
vn -0.0321 0.8932 -0.4485
vn -0.0099 -0.1050 -0.9944
vn 0.0273 -0.1654 -0.9858
vn -0.0020 -0.9869 -0.1611
vn 0.0014 -0.9861 -0.1662
vn -0.0286 -0.4924 0.8699
vn 0.0219 -0.4067 0.9133
vn 0.0736 0.5333 0.8427
vn -0.0907 0.9820 0.1654
vn 0.1138 0.9498 -0.2913
vn -0.1168 0.4325 -0.8940
vn 0.1076 -0.1645 -0.9805
vn -0.0992 -0.7874 -0.6083
vn 0.0980 -0.9822 -0.1603
vn -0.0958 -0.7966 0.5968
vn 0.0668 -0.4059 0.9115
vn -0.0614 0.1356 0.9889
vn 0.0478 0.9335 0.3554
vn -0.0188 0.8492 0.5277
vn -0.0745 0.4635 -0.8830
vn 0.0907 0.0562 -0.9943
vn -0.0727 -0.9390 -0.3361
vn 0.0514 -0.9971 0.0559
vn -0.0422 -0.3663 0.9296
vn 0.0220 -0.1487 0.9886
vn -0.0843 0.6208 0.7794
vn 0.0810 0.9313 0.3552
vn -0.0984 0.5550 -0.8260
vn 0.0955 0.0560 -0.9939
vn -0.0625 -0.8341 -0.5481
vn 0.0624 -0.9965 0.0559
vn -0.0569 -0.7872 0.6141
vn 0.0582 -0.1485 0.9872
vn 0.1178 0.6011 0.7904
vn -0.0561 0.9288 0.3664
vn 0.0174 0.6358 -0.7717
vn 0.0173 0.6358 -0.7717
vn 0.1191 0.3827 -0.9162
vn -0.0813 -0.4672 -0.8804
vn 0.0852 -0.9787 0.1869
vn 0.0562 -0.9650 0.2562
vn 0.0563 -0.9650 0.2562
vn -0.0663 -0.1776 0.9819
vn 0.0744 0.5462 0.8343
vn -0.0631 0.9284 0.3662
vn 0.0771 0.8341 -0.5461
vn -0.0727 0.4952 -0.8658
vn -0.0726 0.4951 -0.8658
vn 0.0661 -0.7076 -0.7035
vn -0.0681 -0.9267 -0.3696
vn 0.0641 -0.7767 0.6266
vn -0.0802 -0.3029 0.9496
vn -0.3915 0.6793 0.6207
vn 0.5225 0.8526 0.0024
vn 0.1128 0.9557 0.2717
vn 0.3482 0.8433 0.4095
vn 0.7907 0.2719 0.5485
vn 0.9230 0.1560 0.3517
vn -0.8959 0.1552 0.4163
vn -0.5449 0.5078 0.6673
vn -0.2790 0.7568 0.5912
vn -0.1271 0.9634 0.2360
vn -0.0136 0.0143 0.9998
vn -0.0106 0.1355 -0.9907
vn 0.3959 0.5758 -0.7153
vn 0.6658 0.1664 -0.7273
vn 0.6012 0.1730 -0.7802
vn -0.3840 0.6044 -0.6980
vn -0.5632 0.2150 -0.7979
vn -0.6479 0.2238 -0.7281
vn 0.4466 -0.7558 -0.4790
vn 0.7192 -0.3398 -0.6060
vn 0.1729 -0.8323 -0.5267
vn 0.5381 -0.6260 -0.5644
vn -0.3083 -0.8021 -0.5114
vn -0.6967 -0.4064 -0.5911
vn -0.6335 -0.4252 -0.6464
vn -0.3920 0.6836 -0.6156
vn -0.5152 0.6554 -0.5523
vn -0.1553 0.8919 -0.4247
vn 0.1917 0.8299 -0.5239
vn 0.6337 0.6668 -0.3923
vn 0.7574 0.6528 0.0158
vn -0.0038 0.9800 0.1989
vn 0.1421 0.9473 0.2871
vn 0.4309 0.4446 -0.7853
vn 0.2984 0.8305 -0.4704
vn 0.5217 0.4185 -0.7434
vn 0.6413 0.3695 -0.6725
vn 0.3646 0.8231 -0.4353
vn 0.4178 0.8233 -0.3841
vn 0.7217 0.3895 -0.5722
vn 0.7576 0.3935 -0.5209
vn 0.4698 0.8211 -0.3241
vn 0.4813 0.8391 -0.2535
vn 0.7982 0.3992 -0.4511
vn 0.8603 0.3672 -0.3536
vn 0.5445 0.8154 -0.1965
vn 0.8953 0.2999 -0.3294
vn 0.8997 0.3650 -0.2394
vn 0.5525 0.8241 -0.1246
vn 0.9159 0.3794 -0.1311
vn 0.9342 0.2094 -0.2888
vn 0.5776 0.8149 -0.0487
vn 0.9352 0.3533 0.0227
vn 0.5664 0.8237 0.0259
vn 0.9186 0.3773 0.1176
vn 0.5694 0.8158 0.1012
vn 0.8954 0.3731 0.2432
vn 0.5278 0.8331 0.1652
vn 0.9147 0.3625 0.1785
vn 0.8612 0.3576 0.3612
vn 0.5257 0.8142 0.2464
vn 0.8306 0.3337 0.4458
vn 0.7565 0.3545 0.5495
vn 0.4645 0.8317 0.3043
vn 0.7276 0.3894 0.5647
vn 0.4143 0.8284 0.3770
vn 0.6377 0.3855 0.6669
vn 0.3384 0.8284 0.4465
vn 0.5102 0.4183 0.7514
vn 0.4486 0.4087 0.7948
vn 0.2649 0.8313 0.4886
vn 0.3495 0.4148 0.8401
vn 0.3752 0.4234 0.8246
vn 0.1935 0.8204 0.5381
vn 0.2333 0.3971 0.8876
vn 0.1120 0.8583 0.5007
vn 0.1549 0.3826 0.9108
vn -0.0011 0.3928 0.9196
vn 0.1909 0.2955 0.9361
vn 0.0523 0.8279 0.5585
vn -0.0280 0.8291 0.5584
vn -0.1401 0.3852 0.9121
vn -0.0996 0.8165 0.5686
vn -0.2362 0.3893 0.8903
vn -0.1633 0.8403 0.5170
vn -0.3384 0.4112 0.8464
vn -0.2199 0.2132 0.9519
vn -0.4229 0.4450 0.7894
vn -0.2412 0.8232 0.5140
vn -0.4122 0.4697 0.7807
vn -0.2944 0.8411 0.4538
vn -0.5209 0.4144 0.7463
vn -0.6378 0.3922 0.6628
vn -0.3797 0.8283 0.4120
vn -0.4487 0.8249 0.3437
vn -0.7211 0.3959 0.5685
vn -0.7575 0.3933 0.5210
vn -0.4880 0.8322 0.2634
vn -0.7964 0.4020 0.4519
vn -0.8603 0.3670 0.3538
vn -0.5334 0.8234 0.1938
vn -0.8954 0.2993 0.3296
vn -0.9109 0.3222 0.2577
vn -0.5401 0.8329 0.1207
vn -0.9156 0.3810 0.1287
vn -0.5752 0.8166 0.0479
vn -0.9444 0.3261 -0.0419
vn -0.5676 0.8230 -0.0235
vn -0.5686 0.8164 -0.1009
vn -0.9246 0.3605 -0.1226
vn -0.9072 0.3569 -0.2229
vn -0.5260 0.8344 -0.1648
vn -0.8608 0.3512 -0.3683
vn -0.8541 0.3779 -0.3574
vn -0.5174 0.8203 -0.2438
vn -0.8271 0.3481 -0.4414
vn -0.8260 0.3454 -0.4455
vn -0.7522 0.3697 -0.5455
vn -0.4354 0.8563 -0.2778
vn -0.7254 0.3946 -0.5640
vn -0.4355 0.8203 -0.3707
vn -0.3788 0.8318 -0.4058
vn -0.6364 0.3833 -0.6694
vn -0.3243 0.8237 -0.4651
vn -0.5245 0.4153 -0.7433
vn -0.4289 0.4478 -0.7845
vn -0.2566 0.8327 -0.4907
vn -0.3517 0.3984 -0.8471
vn -0.1360 0.8444 -0.5181
vn -0.1933 0.8206 -0.5378
vn -0.2363 0.4352 -0.8688
vn -0.1199 0.8390 -0.5307
vn -0.1173 0.3972 -0.9102
vn -0.0471 0.8150 -0.5775
vn -0.0075 0.0067 -0.9999
vn 0.0222 0.8289 -0.5590
vn 0.1055 0.4035 -0.9089
vn 0.0990 0.8190 -0.5652
vn 0.0806 0.9048 -0.4182
vn 0.2393 0.4351 -0.8680
vn 0.1678 0.8300 -0.5320
vn 0.3470 0.3887 -0.8535
vn 0.3106 0.3877 -0.8679
vn 0.2421 0.8207 -0.5176
vn 0.3473 0.3476 -0.8710
vn -0.8179 0.5125 -0.2613
vn -0.8237 -0.0575 -0.5641
vn -0.8174 -0.5683 -0.0942
vn -0.8175 -0.5682 -0.0941
vn -0.8289 -0.2748 0.4873
vn -0.8180 0.3511 0.4556
vn -0.8174 0.5683 0.0942
vn -0.8175 0.5682 0.0941
vn -0.8173 0.2520 -0.5182
vn -0.8173 0.2517 -0.5183
vn -0.8173 0.2518 -0.5183
vn -0.8106 -0.4634 -0.3580
vn -0.8293 -0.4457 0.3370
vn -0.8294 0.0733 0.5539
vn -0.8035 0.5033 0.3181
vn -0.7730 0.2949 -0.5618
vn -0.7843 -0.5847 -0.2074
vn -0.8108 -0.2122 0.5455
vn -0.7607 0.3566 -0.5423
vn -0.8180 -0.4825 -0.3132
vn -0.8180 -0.4557 0.3511
vn -0.7608 0.3991 0.5119
vn -0.8108 0.5455 0.2122
vn -0.8289 0.3553 -0.4321
vn -0.8180 -0.2666 -0.5097
vn -0.8244 -0.5460 0.1494
vn -0.8244 -0.1048 0.5562
vn -0.7953 0.3067 -0.5228
vn -0.7954 0.3068 -0.5227
vn -0.7953 0.3067 -0.5229
vn -0.7732 -0.5904 -0.2315
vn -0.7941 -0.1847 0.5790
vn 0.3318 0.9345 0.1290
vn 0.3285 0.4684 0.8202
vn 0.0275 0.8494 0.5271
vn 0.2899 0.7347 0.6133
vn -0.1155 0.7288 0.6749
vn 0.0570 0.7698 0.6358
vn 0.5713 0.1415 0.8085
vn -0.5693 0.1267 0.8123
vn -0.0639 0.7853 0.6158
vn -0.0797 0.8702 0.4862
vn -0.1147 0.5183 0.8475
vn 0.7441 0.2040 -0.6361
vn 0.8930 0.1635 -0.4193
vn 0.6885 -0.0688 -0.7220
vn 0.8992 -0.1551 -0.4090
vn 0.5918 -0.7952 -0.1319
vn 0.8519 -0.5237 -0.0064
vn 0.8028 -0.4419 -0.4004
vn 0.5827 -0.5156 -0.6282
vn 0.9239 -0.3825 -0.0073
vn 0.6202 -0.3791 -0.6868
vn -0.4385 -0.8345 -0.3337
vn -0.6415 -0.6322 -0.4344
vn -0.8488 -0.2052 -0.4873
vn -0.8348 -0.5505 0.0091
vn -0.9831 -0.1432 -0.1140
vn -0.8381 0.2661 -0.4763
vn -0.9072 0.1573 -0.3903
vn -0.3220 0.8139 -0.4836
vn -0.1244 0.9639 -0.2355
vn 0.3832 0.6776 -0.6278
vn 0.1204 0.9661 -0.2284
vn 0.1977 0.7212 -0.6639
vn 0.5893 0.6467 -0.4842
vn -0.5133 0.6464 -0.5646
vn -0.1700 0.6708 -0.7219
vn 0.2035 -0.9530 0.2243
vn -0.0272 -0.0123 0.9996
vn 0.9918 0.0042 0.1278
vn 0.8239 -0.0108 -0.5666
vn 0.0188 0.9971 -0.0740
vn -0.0666 0.9972 0.0353
vn -0.0862 0.9935 -0.0743
vn -0.7073 -0.2743 0.6516
vn 0.0166 0.7464 0.6653
vn 0.3071 0.0507 0.9503
vn 0.0644 0.0113 0.9979
vn 0.2741 0.2788 0.9204
vn -0.0062 0.1096 0.9940
vn 0.1713 0.7351 0.6560
vn 0.0226 0.0191 0.9996
vn 0.1604 0.3313 0.9298
vn 0.1019 0.5405 0.8351
vn 0.0012 0.0252 0.9997
vn 0.2694 0.3095 0.9119
vn 0.7056 0.5876 0.3961
vn 0.8164 -0.3105 0.4869
vn 0.8083 0.2664 0.5251
vn 0.8776 -0.0148 0.4792
vn 0.8735 0.1336 0.4681
vn 0.8496 -0.1383 0.5090
vn -0.0623 -0.2568 0.9645
vn -0.7171 -0.2272 0.6588
vn 0.4646 0.2586 0.8469
vn -0.0207 -0.0027 0.9998
vn -0.2318 0.2441 0.9417
vn 0.0012 0.8512 0.5249
vn -0.2730 0.2702 0.9233
vn -0.4129 0.5089 0.7553
vn -0.4538 0.3368 0.8250
vn 0.4951 0.1030 -0.8627
vn 0.5964 -0.0928 -0.7973
vn -0.5255 -0.1598 -0.8357
vn -0.4294 -0.5211 -0.7376
vn -0.6362 -0.1860 -0.7488
vn -0.5222 -0.1551 -0.8386
vn -0.4150 0.3920 -0.8210
vn -0.4826 0.2661 -0.8344
vn -0.6181 0.0770 -0.7823
vn -0.1105 0.7901 -0.6029
vn 0.0012 0.9052 -0.4250
vn -0.0570 0.7187 -0.6930
vn 0.0603 0.7576 -0.6500
vn 0.0381 0.8869 -0.4604
vn 0.1300 0.3066 0.9429
vn 0.1588 -0.4569 0.8752
vn 0.1277 -0.9596 0.2508
vn 0.3932 -0.8981 -0.1971
vn 0.1932 -0.7873 -0.5854
vn 0.0595 -0.0624 -0.9963
vn 0.5469 0.3188 -0.7741
vn 0.0573 0.7402 -0.6699
vn -0.1573 0.9832 0.0928
vn 0.5258 0.6285 0.5732
vn 0.2002 -0.9785 -0.0494
vn 0.1150 -0.9419 -0.3155
vn 0.1619 -0.7193 -0.6755
vn 0.1524 -0.4172 -0.8960
vn 0.1522 -0.1818 -0.9715
vn 0.5033 0.2744 -0.8194
vn 0.0074 0.6482 -0.7615
vn 0.3951 0.8328 -0.3878
vn 0.0998 0.9947 0.0265
vn 0.1252 0.9304 0.3445
vn 0.2361 0.5897 0.7723
vn 0.0056 -0.4692 0.8831
vn 0.5232 -0.7352 0.4310
vn -0.8736 0.4867 -0.0001
vn -0.7205 0.6934 -0.0000
vn 0.3763 0.7738 0.5096
vn 0.3648 0.8805 0.3028
vn 0.6901 0.5499 0.4705
vn 0.5556 0.5559 0.6183
vn 0.8613 0.3520 0.3664
vn 0.5083 -0.6602 0.5530
vn 0.1009 -0.9670 -0.2338
vn -0.4913 -0.8573 0.1538
vn -0.8376 -0.5432 -0.0589
vn 0.9101 -0.2544 -0.3272
vn 0.8334 0.5488 -0.0655
vn -0.3987 0.8762 0.2707
vn 0.0183 0.9973 -0.0711
vn -0.8026 0.5866 -0.1086
vn -0.8316 0.0392 0.5540
vn -0.7871 0.4116 0.4595
vn -0.7483 0.5429 0.3812
vn -0.3802 0.7771 0.5016
vn -0.2259 0.8151 0.5335
vn 0.7931 -0.5555 0.2499
vn 0.2129 -0.9506 -0.2261
vn 0.9743 -0.2252 0.0103
vn -0.7997 0.6004 0.0034
vn 0.1410 -0.0939 -0.9855
vn 0.1287 0.0307 -0.9912
vn -0.0211 0.4181 -0.9082
vn 0.0292 -0.0893 -0.9956
vn 0.3650 0.6124 -0.7013
vn 0.0357 0.0323 -0.9988
vn 0.6094 0.4535 -0.6504
vn 0.0580 0.0105 -0.9983
vn 0.2202 0.2061 -0.9534
vn 0.2489 -0.1316 -0.9595
vn -0.1861 0.1056 -0.9768
vn 0.2077 0.2685 -0.9406
vn 0.3117 -0.2422 -0.9188
vn 0.0364 -0.0203 -0.9991
vn 0.2219 -0.2140 -0.9513
vn -0.3290 0.2017 -0.9225
vn -0.0693 -0.0343 -0.9970
vn 0.6158 -0.4031 -0.6769
vn 0.0821 -0.4467 -0.8909
vn 0.0744 -0.7246 -0.6851
vn 0.4090 -0.6047 -0.6834
vn -0.1324 0.6526 -0.7461
vn 0.6561 0.7133 -0.2463
vn 0.5298 -0.3565 -0.7696
vn 0.0351 -0.7451 -0.6661
vn 0.0644 -0.7826 -0.6192
vn -0.0598 -0.7619 -0.6449
vn 0.0043 -0.7557 -0.6549
vn -0.1441 -0.7355 -0.6620
vn 0.0055 -0.0675 -0.9977
vn -0.0995 -0.8143 -0.5719
vn -0.2681 0.1902 -0.9444
vn 0.4395 0.3031 -0.8455
vn -0.2226 -0.2859 -0.9321
vn 0.0761 0.3255 -0.9425
vn -0.2712 -0.5937 -0.7576
vn -0.4318 -0.2862 -0.8554
vn -0.5194 -0.4596 -0.7204
vn 0.0967 0.0490 -0.9941
vn -0.7356 -0.2434 -0.6322
vn -0.0485 -0.5559 -0.8299
vn -0.2289 0.2030 -0.9521
vn 0.1876 0.6695 -0.7187
vn 0.5666 0.2542 -0.7838
vn -0.1895 0.2406 -0.9520
vn 0.0042 -0.0293 -0.9996
vn -0.2445 0.3361 -0.9095
vn -0.5626 0.4615 -0.6859
vn 0.0037 0.7584 -0.6518
vn 0.9183 0.0005 0.3958
vn 0.9662 0.1145 0.2310
vn 0.9748 -0.0927 0.2031
vn 0.8212 -0.4360 0.3681
vn 0.9766 -0.2107 0.0423
vn 0.8790 -0.4597 -0.1269
vn 0.9665 -0.1888 -0.1741
vn 0.9593 -0.0640 -0.2751
vn 0.9634 -0.0011 -0.2681
vn 0.9222 0.3423 -0.1799
vn 0.9570 0.1842 -0.2241
vn 0.9721 0.2333 0.0266
vn 0.9039 0.3396 0.2599
vn -0.1167 0.1723 0.9781
vn 0.9762 -0.0852 0.1993
vn 0.8227 -0.4800 0.3046
vn 0.9701 -0.2397 0.0388
vn 0.8748 -0.4620 -0.1457
vn 0.9766 -0.1564 -0.1476
vn 0.9098 -0.1490 -0.3874
vn 0.9658 0.0188 -0.2585
vn 0.9549 0.2266 -0.1918
vn 0.9563 0.1804 -0.2302
vn 0.9716 0.2341 -0.0340
vn 0.8330 0.5229 0.1807
vn 0.9752 0.1501 0.1627
vn -0.9999 0.0128 -0.0000
vn -0.0265 -0.9995 0.0154
vn -0.0295 -0.9996 -0.0018
vn -0.0285 -0.9996 0.0073
vn -0.0301 -0.9995 -0.0093
vn -0.0314 -0.9993 -0.0205
vn -0.0241 -0.9991 -0.0358
vn -0.0120 -0.9989 -0.0454
vn 0.0025 -0.9990 -0.0450
vn 0.0175 -0.9992 -0.0360
vn 0.0227 -0.9993 -0.0299
vn 0.0325 -0.9993 -0.0166
vn 0.0347 -0.9993 0.0107
vn 0.0173 -0.9996 0.0243
vn 0.0041 -0.9996 0.0277
vn -0.0119 -0.9996 0.0273
vn -0.0194 -0.9995 0.0229
vn 0.9821 0.1885 0.0008
vn 0.9775 0.2108 0.0077
vn 0.9562 0.2909 0.0321
vn 0.9566 0.2860 0.0561
vn 0.6004 0.6500 0.4659
vn 0.9676 0.2517 0.0221
vn -0.0070 0.9071 0.4209
vn 0.6888 0.6943 0.2085
vn 0.6935 0.6398 0.3313
vn -0.6080 -0.6334 0.4787
vn -0.4334 -0.5996 0.6728
vn -0.6150 0.6534 0.4415
vn -0.6658 0.7169 0.2069
vn -0.5788 0.7397 0.3432
vn -0.3977 0.6356 0.6617
vn 0.4748 0.5696 0.6709
vn 0.4502 0.8068 0.3825
vn 0.2588 0.6729 0.6930
vn 0.8102 0.5389 0.2306
vn 0.5642 0.3456 0.7498
vn 0.6420 -0.5200 0.5634
vn 0.4631 -0.5667 0.6814
vn 0.2642 -0.7960 0.5446
vn 0.2613 0.9388 0.2244
vn 0.2835 0.7950 0.5363
vn 0.1229 0.8540 0.5055
vn 0.1863 0.9503 0.2494
vn 0.1688 0.8711 0.4612
vn -0.0428 0.6381 0.7688
vn -0.1487 0.8626 0.4836
vn -0.1897 0.7182 0.6695
vn -0.5447 0.7224 0.4260
vn -0.7810 0.5955 0.1880
vn -0.8491 0.1747 0.4986
vn -0.7169 0.2610 0.6465
vn -0.7750 0.3958 0.4927
vn -0.7564 0.4512 0.4736
vn -0.9624 -0.0913 0.2558
vn -0.7033 -0.1777 0.6883
vn -0.6899 0.0320 0.7232
vn -0.8504 -0.1461 0.5055
vn -0.9764 0.0307 0.2138
vn -0.9544 0.1574 0.2537
vn -0.7094 -0.3450 0.6146
vn -0.7817 -0.3797 0.4948
vn -0.6738 -0.4416 0.5924
vn -0.2562 -0.6797 0.6873
vn -0.1982 -0.8439 0.4986
vn -0.1181 -0.6380 0.7609
vn -0.0630 -0.9254 0.3737
vn 0.1494 -0.8857 0.4396
vn 0.1637 -0.9546 0.2491
vn 0.2820 -0.6732 0.6836
vn 0.1890 -0.9531 0.2365
vn 0.1808 -0.9047 0.3858
vn 0.5041 -0.8334 0.2266
vn 0.5976 -0.2805 0.7511
vn 0.7058 -0.2176 0.6742
vn 0.7762 -0.0085 0.6304
vn 0.9312 0.2698 0.2450
vn 0.7123 0.1951 0.6743
vn 0.9605 -0.2781 -0.0040
vn 0.9946 -0.1020 0.0215
vn 0.9965 -0.0332 0.0763
vn 0.9976 0.0609 -0.0332
vn 0.9655 0.2603 0.0085
vn 0.7780 0.3975 -0.4865
vn 0.5774 0.7075 -0.4074
vn 0.7810 -0.3836 -0.4929
vn 0.5596 -0.7676 -0.3125
vn 0.8719 0.3167 -0.3735
vn 0.8174 0.1087 -0.5657
vn 0.8511 0.0957 -0.5162
vn 0.8569 -0.1332 -0.4980
vn 0.8275 -0.1145 -0.5496
vn 0.9392 -0.2692 -0.2134
vn 0.1498 0.9163 -0.3713
vn 0.7821 0.2877 -0.5527
vn 0.9642 -0.2136 0.1572
vn -0.8227 -0.3762 -0.4263
vn -0.6028 -0.7760 0.1859
vn 0.1572 -0.9874 0.0153
vn -0.9642 0.1643 0.2082
vn 0.1977 0.9745 -0.1064
vn 0.5810 0.8079 0.0988
vn -0.3376 0.9382 -0.0767
vn 0.2282 -0.5459 -0.8062
vn 0.8382 -0.4033 -0.3672
vn 0.0794 -0.8424 -0.5330
vn -0.5606 -0.2853 -0.7774
vn -0.5612 -0.8006 0.2100
vn -0.9812 0.1924 0.0149
vn 0.4847 0.8679 -0.1089
vn 0.9701 0.0856 0.2270
vn 0.5593 -0.8283 0.0335
vn -0.8806 -0.3245 -0.3454
vn -0.5668 -0.6816 -0.4628
vn -0.9699 0.2211 0.1025
vn -0.2432 0.9698 0.0175
vn 0.7111 -0.6392 -0.2927
vn 0.9351 -0.1869 0.3010
vn 0.3090 -0.9363 0.1666
vn -0.3850 -0.8948 -0.2263
vn -0.3091 0.9317 -0.1907
vn -0.8558 0.4290 -0.2891
vn -0.6153 0.7307 -0.2956
vn -0.9065 0.4135 0.0852
vn 0.1497 0.9886 0.0184
vn -0.2280 0.8958 0.3815
vn 0.1607 -0.3864 -0.9082
vn 0.8408 -0.4052 0.3591
vn 0.9857 -0.1334 -0.1033
vn 0.8810 0.4240 -0.2100
vn 0.9709 0.0601 -0.2320
vn 0.9414 0.2517 -0.2246
vn 0.7978 0.0856 -0.5969
vn 0.7270 0.4159 -0.5463
vn 0.7631 0.2998 -0.5725
vn 0.5211 0.2925 -0.8018
vn 0.5056 0.3738 -0.7776
vn 0.5430 0.0770 -0.8362
vn 0.6807 -0.1442 -0.7183
vn -0.0533 0.2788 -0.9589
vn 0.1851 0.2660 -0.9460
vn 0.1483 -0.0023 -0.9889
vn -0.1892 0.0300 -0.9815
vn -0.3108 0.4167 -0.8543
vn -0.5601 -0.1029 -0.8220
vn -0.6368 0.3759 -0.6732
vn -0.6850 0.0853 -0.7235
vn -0.6422 0.3560 -0.6788
vn -0.9285 -0.0671 -0.3653
vn -0.9188 -0.0163 -0.3944
vn -0.8536 0.3726 -0.3640
vn -0.8891 0.2552 -0.3800
vn -0.9958 0.0323 0.0855
vn -0.9476 0.2699 0.1709
vn -0.9363 0.3475 -0.0502
vn -0.8791 0.0170 0.4762
vn -0.8336 -0.0036 0.5524
vn -0.9669 0.0733 0.2446
vn -0.8840 0.3558 0.3033
vn -0.6752 -0.0591 0.7352
vn -0.5932 0.3849 0.7071
vn -0.6401 0.0363 0.7675
vn -0.6127 0.2990 0.7316
vn -0.2682 0.3426 0.9004
vn -0.2835 0.1076 0.9529
vn -0.2636 0.3840 0.8849
vn -0.1374 -0.0819 0.9871
vn 0.1180 0.0887 0.9890
vn 0.1111 0.3831 0.9170
vn 0.1127 0.3438 0.9322
vn 0.4338 0.2925 0.8522
vn 0.4206 0.3738 0.8267
vn 0.4526 0.0770 0.8884
vn 0.3359 -0.0784 0.9386
vn 0.8564 0.2830 0.4319
vn 0.7268 0.2658 0.6333
vn 0.7823 -0.0023 0.6229
vn 0.9446 0.0300 0.3269
vn 0.8825 0.4436 0.1560
vn -0.9461 0.3238 0.0001
vn -0.9474 0.3200 -0.0001
vn 0.6097 -0.4426 0.6576
vn 0.6509 0.3866 0.6534
vn 0.0381 0.7762 0.6293
vn -0.6703 0.3753 0.6402
vn -0.7060 -0.2934 0.6446
vn -0.0053 -0.7578 0.6524
vn 0.6454 0.4051 0.6475
vn -0.0539 0.7620 0.6453
vn -0.7009 0.2159 0.6798
vn -0.5751 -0.5234 0.6287
vn -0.0303 -0.7561 0.6538
vn 0.6774 -0.3398 0.6524
vn 0.7972 0.5387 -0.2725
vn 0.5543 0.6757 -0.4860
vn 0.6670 0.7171 -0.2023
vn 0.4922 0.8666 -0.0819
vn 0.6575 -0.7242 -0.2078
vn 0.5715 -0.7121 -0.4077
vn -0.4741 -0.1743 -0.8630
vn -0.7017 -0.6273 -0.3377
vn -0.8471 -0.5267 -0.0712
vn -0.6154 -0.7566 -0.2209
vn -0.6298 -0.7536 -0.1881
vn -0.5336 -0.8448 -0.0413
vn -0.5817 -0.7056 -0.4046
vn -0.5903 0.7393 -0.3240
vn -0.4172 0.8980 -0.1397
vn -0.7025 0.6733 -0.2308
vn -0.6545 0.7373 -0.1671
vn -0.6295 0.6876 -0.3619
vn 0.0608 -0.3130 -0.9478
vn 0.2031 0.6904 -0.6943
vn -0.0016 0.9100 -0.4145
vn -0.0226 -0.1232 -0.9921
vn 0.0173 -0.2102 -0.9775
vn -0.0226 -0.9208 -0.3894
vn 0.0173 -0.9516 -0.3067
vn -0.0226 0.7976 -0.6027
vn 0.0173 0.7415 -0.6708
vn -0.0226 0.9208 0.3894
vn 0.0173 0.9516 0.3067
vn -0.0226 0.1232 0.9921
vn 0.0173 0.2102 0.9775
vn -0.0226 -0.7976 0.6028
vn 0.0173 -0.7415 0.6708
vn -0.0226 0.7133 -0.7005
vn 0.0173 0.6488 -0.7608
vn -0.0226 -0.2501 -0.9680
vn 0.0173 -0.3344 -0.9423
vn -0.0226 0.9633 0.2674
vn 0.0173 0.9832 0.1815
vn -0.0226 0.2501 0.9680
vn 0.0173 0.3344 0.9423
vn -0.0226 -0.7133 0.7005
vn 0.0173 -0.6488 0.7608
vn -0.0226 -0.9633 -0.2674
vn 0.0173 -0.9832 -0.1815
vn 0.0551 -0.7272 0.6842
vn 0.1144 -0.7380 0.6650
vn -0.7980 -0.0744 0.5980
vn -0.9519 -0.2732 0.1386
vn -0.9235 0.1058 0.3688
vn -0.1742 -0.0011 0.9847
vn -0.1470 0.0866 0.9853
vn 0.1105 -0.0687 0.9915
vn 0.0690 0.1536 0.9857
vn -0.0755 0.1532 0.9853
vn 0.1260 0.1093 0.9860
vn 0.1283 0.0726 0.9891
vn 0.1953 -0.0009 0.9807
vn 0.1082 -0.0795 0.9909
vn 0.2436 -0.2001 0.9490
vn -0.0472 -0.2304 0.9720
vn 0.0491 -0.1827 0.9819
vn -0.0875 -0.1289 0.9878
vn -0.1872 0.1959 0.9626
vn -0.1101 0.1121 0.9876
vn -0.1951 -0.2001 0.9602
vn -0.0957 -0.0826 0.9920
vn -0.1210 -0.0614 0.9907
vn -0.2449 -0.1381 0.9597
vn -0.2553 -0.1743 0.9510
vn 0.9567 0.2897 -0.0272
vn 0.9976 0.0657 0.0240
vn 0.9971 -0.0295 -0.0698
vn 0.9909 -0.1327 0.0242
vn 0.9645 -0.2638 -0.0158
vn 0.6141 -0.6424 -0.4584
vn 0.4378 -0.6008 -0.6689
vn 0.4661 0.6626 -0.5863
vn 0.6024 0.6584 -0.4511
vn -0.4181 0.7619 -0.4947
vn -0.6486 0.5840 -0.4881
vn -0.6136 0.7590 -0.2178
vn -0.3876 0.6360 -0.6673
vn -0.4462 0.8661 -0.2253
vn -0.7337 0.6287 -0.2575
vn -0.4428 0.3189 -0.8380
vn -0.5751 -0.7897 -0.2136
vn -0.3928 -0.3984 -0.8288
vn -0.7266 -0.6421 -0.2446
vn -0.6025 -0.3970 -0.6924
vn -0.2652 -0.7965 -0.5433
vn -0.1245 0.6972 -0.7060
vn -0.2611 0.9379 -0.2284
vn -0.2834 0.7788 -0.5596
vn -0.1327 0.8538 -0.5035
vn -0.0592 0.9691 -0.2393
vn -0.0514 0.8804 -0.4715
vn 0.1008 0.6660 -0.7391
vn 0.1461 0.8626 -0.4844
vn 0.2826 0.6836 -0.6729
vn 0.3586 0.8681 -0.3433
vn 0.7185 0.1827 -0.6711
vn 0.6586 0.3404 -0.6710
vn 0.6844 0.4603 -0.5654
vn 0.9611 -0.1088 -0.2538
vn 0.8784 -0.1002 -0.4674
vn 0.7103 -0.0003 -0.7039
vn 0.9767 0.0306 -0.2124
vn 0.9632 0.1139 -0.2434
vn 0.6237 -0.2198 -0.7502
vn 0.6676 -0.3352 -0.6647
vn 0.6777 -0.4486 -0.5826
vn 0.4786 -0.8436 -0.2436
vn 0.2772 -0.6881 -0.6706
vn 0.4227 -0.8291 -0.3659
vn 0.2814 -0.8188 -0.5004
vn 0.1159 -0.7147 -0.6897
vn 0.0452 -0.8577 -0.5122
vn -0.0688 -0.7486 -0.6594
vn -0.1662 -0.7708 -0.6150
vn -0.1659 -0.9570 -0.2380
vn -0.1602 -0.9067 -0.3902
vn -0.3123 -0.5812 -0.7515
vn -0.4479 -0.8613 -0.2398
vn -0.4062 -0.7768 -0.4813
vn -0.5206 -0.8313 -0.1947
vn -0.8164 -0.5323 -0.2238
vn -0.7668 -0.3967 -0.5046
vn -0.8757 -0.4148 -0.2473
vn -0.7280 -0.3478 -0.5908
vn -0.6693 -0.1629 -0.7249
vn -0.8560 -0.1780 -0.4854
vn -0.7482 -0.0225 -0.6631
vn -0.8690 0.0791 -0.4884
vn -0.6884 0.2012 -0.6969
vn -0.8235 0.2250 -0.5207
vn -0.8942 0.3727 -0.2480
vn -0.6795 0.2718 -0.6815
vn -0.8512 0.4786 -0.2155
vn -0.7627 0.4388 -0.4751
vn -0.4909 -0.5772 -0.6526
vn -0.7531 0.1918 -0.6294
vn -0.1666 0.7332 -0.6593
vn 0.5918 0.4997 -0.6326
vn 0.7513 -0.1345 -0.6461
vn 0.2886 -0.7216 -0.6293
vn -0.3379 0.6790 -0.6517
vn 0.4488 0.6197 -0.6438
vn 0.7101 -0.1785 -0.6811
vn 0.2167 -0.7339 -0.6438
vn -0.4232 -0.6345 -0.6468
vn -0.7743 0.0200 -0.6325
vn -0.0068 -0.9153 -0.4028
vn 0.4569 0.6113 -0.6462
vn 0.9715 -0.1710 -0.1642
vn 0.2729 -0.6991 -0.6608
vn -0.5036 -0.5777 -0.6424
vn -0.7582 0.1258 -0.6398
vn -0.2729 0.7239 -0.6337
vn -0.0588 0.9931 -0.1016
vn 0.6822 0.3250 -0.6550
vn 0.5375 -0.5398 -0.6478
vn -0.0733 -0.7772 -0.6250
vn -0.6885 -0.3392 -0.6410
vn -0.5880 0.4872 -0.6456
vn 0.8060 0.5600 -0.1918
vn 0.3854 0.9215 -0.0478
vn 0.7109 0.6322 -0.3083
vn 0.3392 0.9067 -0.2505
vn 0.6568 0.5690 -0.4949
vn 0.5581 0.5993 -0.5739
vn 0.2746 0.8025 -0.5298
vn 0.4584 0.5419 -0.7044
vn 0.1915 0.5911 -0.7835
vn 0.0158 0.8649 -0.5017
vn -0.1950 0.9107 -0.3642
vn -0.2810 0.5639 -0.7766
vn -0.4928 0.6156 -0.6149
vn -0.3224 0.9241 -0.2050
vn -0.5609 0.5773 -0.5934
vn -0.7558 0.5708 -0.3209
vn -0.7507 0.6302 -0.1981
vn -0.4084 0.9128 0.0042
vn -0.8264 0.5613 -0.0446
vn -0.7764 0.5705 0.2677
vn -0.6499 0.6115 0.4514
vn -0.4022 0.8706 0.2834
vn -0.1364 0.9270 0.3493
vn -0.5269 0.5756 0.6254
vn -0.2368 0.5603 0.7937
vn -0.0683 0.6407 0.7648
vn 0.0711 0.9066 0.4159
vn 0.1003 0.5679 0.8170
vn 0.2519 0.5890 0.7679
vn 0.3525 0.7845 0.5102
vn 0.3809 0.5419 0.7492
vn 0.5905 0.5921 0.5483
vn 0.4415 0.8628 0.2463
vn 0.8052 0.5754 0.1436
vn 0.9942 -0.0303 0.1035
vn 0.9954 -0.0736 0.0616
vn 0.9953 -0.0961 -0.0120
vn 0.9951 -0.0925 -0.0358
vn 0.9956 -0.0194 -0.0921
vn 0.9952 -0.0352 -0.0918
vn 0.9951 0.0808 -0.0569
vn 0.9946 0.0751 -0.0718
vn 0.9951 0.0948 0.0295
vn 0.9952 0.0775 0.0599
vn 0.9948 0.0246 0.0992
vn 0.9951 0.0973 -0.0165
vn 0.9947 0.1009 0.0215
vn 0.9950 0.0613 0.0789
vn 0.9949 0.0321 0.0953
vn 0.9950 -0.0505 0.0861
vn 0.9951 -0.0685 0.0713
vn 0.9954 -0.0942 -0.0166
vn 0.9956 -0.0928 -0.0149
vn 0.9949 -0.0397 -0.0930
vn 0.9943 0.0071 -0.1067
vn 0.9954 0.0643 -0.0710
vn -0.9617 -0.2740 -0.0020
vn -0.9708 0.2383 0.0266
vn -0.9994 0.0327 0.0068
vn -0.9996 0.0165 -0.0232
vn -0.0444 0.0067 0.9990
vn -0.0127 -0.0070 0.9999
vn -0.0093 0.0056 0.9999
vn -0.0122 -0.0011 0.9999
vn 0.0041 0.0172 0.9998
vn -0.0365 0.0000 0.9993
vn 0.0146 0.0101 0.9998
vn -0.0005 -0.0019 1.0000
vn 0.0046 -0.0150 0.9999
vn 0.0004 -0.0018 1.0000
vn 0.0055 0.0098 0.9999
vn 0.0066 -0.0038 1.0000
vn -0.0016 0.0008 1.0000
vn -0.0015 0.0038 1.0000
vn 0.0461 0.0050 0.9989
vn -0.0114 0.0106 0.9999
vn 0.4967 -0.1069 0.8613
vn -0.0043 -0.0019 1.0000
vn 0.0447 -0.0070 0.9990
vn 0.0002 0.0009 1.0000
vn -0.0011 -0.0005 1.0000
vn 0.1190 -0.0033 0.9929
vn -0.0603 0.0283 0.9978
vn -0.0326 -0.0039 0.9995
vn -0.1204 -0.0019 0.9927
vn -0.0871 -0.0256 0.9959
vn -0.0485 0.0058 0.9988
vn 0.0521 -0.0011 0.9986
vn 0.0130 0.0034 0.9999
vn -0.0004 -0.0031 1.0000
vn 0.0190 -0.0124 0.9997
vn -0.0024 -0.0034 1.0000
vn 0.0056 0.0039 1.0000
vn 0.0046 -0.0002 1.0000
vn 0.0211 -0.0135 0.9997
vn 0.0463 -0.0046 0.9989
vn 0.0108 -0.0021 0.9999
vn -0.0128 -0.0175 0.9998
vn -0.0224 -0.0130 0.9997
vn 0.0007 0.0019 1.0000
vn -0.0119 0.0154 0.9998
vn -0.0139 -0.0100 0.9999
vn -0.0145 0.0037 0.9999
vn 0.3274 -0.6296 -0.7046
vn -0.9081 -0.1381 -0.3954
vn -0.8829 0.1330 -0.4503
vn -0.1734 0.0007 -0.9849
vn -0.1135 0.2966 -0.9482
vn -0.1359 -0.2286 -0.9640
vn -0.0113 -0.0998 -0.9949
vn 0.0916 -0.1426 -0.9855
vn 0.1370 -0.1080 -0.9847
vn 0.2044 -0.2044 -0.9573
vn 0.1252 -0.0700 -0.9897
vn 0.1870 -0.0009 -0.9824
vn 0.1136 0.0693 -0.9911
vn 0.1775 0.1070 -0.9783
vn 0.1581 0.2007 -0.9668
vn 0.0623 0.1526 -0.9863
vn -0.0251 0.0506 -0.9984
vn -0.0648 -0.3322 -0.9410
vn -0.1327 -0.1125 -0.9847
vn -0.1135 -0.0593 -0.9918
vn -0.1210 0.1026 -0.9873
vn -0.1194 0.0584 -0.9911
vn -0.1645 0.1903 -0.9678
vn -0.0024 0.0090 -1.0000
vn -0.0146 0.0148 -0.9998
vn -0.0165 -0.9967 -0.0793
vn 0.0262 -0.9995 0.0191
vn 0.0168 -0.2421 0.9701
vn 0.0616 -0.1766 0.9824
vn 0.0757 0.9248 0.3727
vn -0.0523 0.7734 0.6317
vn 0.1088 0.8229 -0.5576
vn 0.0954 0.2820 -0.9547
vn 0.0522 -0.4108 -0.9102
vn 0.2404 -0.7044 -0.6679
vn 0.1599 -0.6833 -0.7124
vn -0.0304 -0.0114 -0.9995
vn 0.0611 -0.7576 -0.6499
vn -0.0637 -0.9783 -0.1974
vn 0.0988 -0.7928 0.6014
vn 0.0464 -0.4597 0.8869
vn 0.1277 0.6454 0.7531
vn -0.1111 0.4957 0.8614
vn 0.0870 0.9903 -0.1080
vn 0.0882 0.6174 -0.7817
vn 0.7426 0.3162 0.5903
vn 0.9750 -0.0257 0.2209
vn 0.5949 0.7682 0.2365
vn 0.0298 0.9982 -0.0529
vn -0.1734 0.9794 -0.1031
vn -0.5432 0.8395 -0.0089
vn -0.5913 0.7579 0.2755
vn -0.7670 0.6326 0.1073
vn -0.7505 0.2908 0.5934
vn -0.9391 -0.2406 0.2455
vn -0.5809 -0.6792 0.4487
vn -0.0446 -0.9105 0.4110
vn 0.5314 -0.8191 -0.2159
vn 0.9103 -0.3871 0.1468
vn 0.9139 -0.2119 0.3462
vn 0.1405 -0.0304 0.9896
vn -0.9892 0.0388 -0.1415
vn -0.9174 0.3067 -0.2535
vn -0.9172 -0.1084 -0.3834
vn -0.9909 -0.1322 0.0244
vn -0.9008 -0.4200 -0.1105
vn -0.9458 -0.2338 0.2253
vn -0.9875 -0.0400 0.1523
vn -0.9645 0.0477 0.2598
vn -0.9916 0.1209 0.0470
vn -0.9457 0.3022 0.1198
vn -0.9889 0.1433 -0.0387
vn -0.9892 0.0884 -0.1171
vn -0.9375 -0.2158 -0.2729
vn -0.9903 -0.1163 -0.0763
vn -0.9746 -0.2235 0.0145
vn -0.9862 -0.1452 0.0801
vn -0.9759 -0.1185 0.1835
vn -0.9735 0.0619 0.2202
vn -0.9880 0.1218 0.0949
vn -0.6273 0.7315 0.2674
vn -0.6949 0.7183 -0.0334
vn -0.9497 0.0979 -0.2975
vn -0.9552 -0.2957 -0.0139
vn -0.9969 0.0658 0.0437
vn -0.9667 0.2557 -0.0074
vn 0.0370 0.0012 -0.9993
vn 0.0025 0.0029 -1.0000
vn 0.0119 0.0084 -0.9999
vn 0.0145 0.0012 -0.9999
vn -0.0088 0.0169 -0.9998
vn 0.0085 0.0009 -1.0000
vn -0.0085 0.0074 -0.9999
vn -0.0037 -0.0029 -1.0000
vn -0.0084 -0.0150 -0.9999
vn 0.0292 -0.0025 -0.9996
vn -0.0107 0.0093 -0.9999
vn -0.0107 -0.0035 -0.9999
vn 0.0019 0.0040 -1.0000
vn 0.0009 0.0045 -1.0000
vn -0.0570 0.0021 -0.9984
vn 0.0145 0.0100 -0.9998
vn -0.5114 -0.0842 -0.8552
vn 0.0062 -0.0005 -1.0000
vn -0.0881 -0.0009 -0.9961
vn -0.0004 -0.0009 -1.0000
vn -0.0004 -0.0003 -1.0000
vn 0.0269 0.0045 -0.9996
vn 0.0260 -0.0020 -0.9997
vn 0.0376 0.0128 -0.9992
vn 0.1225 -0.0001 -0.9925
vn 0.0326 -0.0061 -0.9995
vn -0.0059 0.0023 -1.0000
vn -0.0050 -0.0006 -1.0000
vn -0.0198 -0.0151 -0.9997
vn -0.0009 -0.0023 -1.0000
vn -0.0516 -0.0008 -0.9987
vn -0.0119 0.0021 -0.9999
vn 0.0009 -0.0027 -1.0000
vn -0.0176 -0.0111 -0.9998
vn -0.0468 -0.0046 -0.9989
vn -0.0113 -0.0028 -0.9999
vn -0.0007 0.0021 -1.0000
vn 0.0079 0.0154 -0.9998
vn 0.0080 -0.0172 -0.9998
vn 0.0226 -0.0126 -0.9997
vn 0.0099 0.0038 -0.9999
vn 0.0093 -0.0093 -0.9999
vn 0.0278 0.9996 0.0044
vn -0.0334 0.9994 -0.0042
vn -0.0014 0.9998 0.0181
vn -0.0005 0.9998 -0.0179
vn -0.7944 -0.1223 -0.5949
vn -0.9931 0.1172 0.0088
vn -0.7032 0.7104 -0.0282
vn -0.4786 0.8724 -0.0994
vn 0.4140 0.9075 0.0718
vn 0.1690 0.9773 0.1274
vn 0.8689 0.3947 -0.2987
vn 0.8837 -0.1368 -0.4477
vn 0.6294 -0.7558 -0.1808
vn 0.1381 -0.8245 -0.5487
vn -0.2657 -0.7856 -0.5587
vn -0.6508 -0.7572 -0.0564
vn -0.9716 -0.1702 -0.1647
vn -0.9748 -0.2131 0.0663
vn -0.9776 0.1273 0.1678
vn -0.9804 -0.0585 0.1882
vn -0.9705 0.0677 -0.2313
vn -0.4733 0.2118 0.8551
vn -0.9758 -0.2081 -0.0678
vn -0.9718 -0.0356 -0.2329
vn -0.9774 -0.1627 0.1347
vn -0.9716 0.1732 -0.1611
vn 0.3246 0.3501 -0.8787
vn 0.8226 0.5498 -0.1452
vn 0.3357 0.0033 -0.9420
vn 0.9736 0.0335 0.2258
vn 0.9835 0.0669 0.1679
vn -0.9878 -0.0638 0.1422
vn -0.8505 0.0862 -0.5189
vn 0.9889 -0.0418 -0.1423
vn 0.4629 0.0202 -0.8862
vn 0.4048 0.0379 -0.9136
vn -0.4081 0.3960 -0.8226
vn -0.5809 -0.0433 -0.8128
vn -0.4150 0.1177 -0.9022
vn -0.3725 -0.0115 0.9279
vn -0.5231 -0.0282 0.8518
vn -0.3505 0.3475 0.8697
vn -0.7846 0.0402 0.6186
vn 0.1324 0.0435 0.9902
vn 0.4199 0.3795 0.8244
vn 0.5880 -0.0510 0.8073
vn 0.4033 0.1279 0.9061
vn -0.9736 0.0335 -0.2258
vn -0.8226 0.5498 0.1452
vn 0.6335 0.4064 -0.6584
vn 0.0579 0.3318 -0.9416
vn -0.1142 0.9660 -0.2320
vn -0.0331 0.9908 -0.1312
vn 0.0527 0.7342 0.6769
vn 0.6637 0.3995 0.6324
vn 0.0843 -0.2495 0.9647
vn 0.6629 -0.3456 0.6642
vn 0.0819 -0.9605 0.2660
vn 0.1536 -0.9870 0.0466
vn 0.0881 -0.7108 -0.6979
vn 0.6638 -0.3995 -0.6323
vn 0.6297 0.7003 -0.3362
vn 0.0550 0.7871 -0.6144
vn 0.5833 0.7424 0.3297
vn 0.6639 0.0013 0.7479
vn 0.0842 -0.7248 0.6838
vn 0.6626 -0.6464 0.3784
vn 0.0821 -0.9546 -0.2863
vn 0.1536 -0.8603 -0.4861
vn 0.0877 -0.2302 -0.9692
vn 0.1561 -0.0020 -0.9877
vn 0.2391 0.8104 -0.5349
vn -0.5004 0.8111 -0.3028
vn -0.4309 0.8349 0.3425
vn -0.4310 0.8348 0.3425
vn 0.0700 0.8284 0.5558
vn 0.5679 0.8175 0.0952
vn 1.0000 -0.0005 0.0000
vn 1.0000 0.0005 -0.0000
vn 1.0000 -0.0001 -0.0004
vn 1.0000 -0.0005 -0.0004
vn 0.2892 0.9565 0.0390
vn 0.0722 0.6743 0.7349
vn -0.1299 0.9906 0.0422
vn 0.6785 0.7329 0.0490
vn 0.3297 0.6038 0.7257
vn 0.9446 0.3244 0.0497
vn 0.5265 0.4177 0.7405
vn 0.7447 0.2794 -0.6062
vn 0.9615 -0.2708 0.0459
vn 0.6654 0.0342 0.7457
vn 0.6267 -0.2445 0.7399
vn 0.6673 -0.7440 0.0348
vn 0.4892 -0.4621 0.7397
vn 0.2450 -0.9682 0.0516
vn 0.2573 -0.6306 0.7322
vn 0.0295 -0.6784 0.7341
vn -0.2399 -0.9701 0.0374
vn -0.2161 -0.6813 0.6994
vn -0.6954 -0.7170 0.0478
vn -0.3857 -0.5611 0.7324
vn -0.6360 -0.2833 0.7178
vn -0.5342 -0.4373 0.7234
vn -0.9298 -0.3670 0.0283
vn -0.9927 0.1128 0.0422
vn -0.6733 -0.0704 0.7360
vn -0.9829 -0.1832 0.0165
vn -0.6732 0.1709 0.7195
vn -0.7940 0.6073 0.0270
vn -0.5556 0.3848 0.7371
vn -0.9428 0.3214 0.0883
vn -0.5196 0.8537 0.0340
vn -0.4052 0.5478 0.7319
vn -0.1766 0.6589 0.7312
vn 0.0484 -0.0220 0.9986
vn 0.0262 -0.0467 0.9986
vn -0.0467 -0.0061 0.9989
vn -0.0424 0.0223 0.9989
vn 0.0043 0.0517 0.9987
vn -0.0017 -0.0450 0.9990
vn -0.0328 -0.0177 0.9993
vn -0.0229 0.0439 0.9988
vn 0.0367 0.0330 0.9988
vn 0.0463 0.0088 0.9989
vn -0.0283 -0.0442 0.9986
vn 0.1052 0.9944 -0.0095
vn -0.0319 0.9992 -0.0235
vn -0.4409 0.8975 0.0049
vn -0.4847 0.8746 0.0067
vn -0.8573 0.5148 -0.0051
vn -0.8921 0.4518 0.0110
vn -0.9999 -0.0100 0.0013
vn -0.9903 -0.1386 -0.0033
vn -0.8738 -0.4862 0.0126
vn -0.8296 -0.5575 0.0314
vn -0.7181 -0.6959 0.0053
vn -0.5063 -0.8623 -0.0007
vn -0.7020 -0.7109 -0.0434
vn -0.5156 -0.8566 -0.0186
vn -0.1570 -0.9876 0.0060
vn 0.0313 -0.9987 -0.0396
vn 0.4212 -0.9061 0.0407
vn 0.5834 -0.8118 0.0249
vn 0.7273 -0.6839 -0.0568
vn 0.9095 -0.4149 -0.0249
vn 0.7277 -0.6833 -0.0592
vn 0.9111 -0.4112 -0.0292
vn 0.9965 0.0839 0.0027
vn 0.9898 0.1397 0.0268
vn 0.8788 0.4766 0.0219
vn 0.7336 0.6794 -0.0171
vn 0.4806 0.8692 0.1163
vn 0.0193 0.0012 -0.9998
vn 0.0236 0.0007 -0.9997
vn 0.0161 -0.0102 -0.9998
vn 0.2083 -0.3464 -0.9147
vn 0.0953 -0.5280 -0.8439
vn 0.0094 -0.0175 -0.9998
vn -0.0007 -0.0196 -0.9998
vn -0.0938 -0.5557 -0.8261
vn 0.4406 0.5035 -0.7432
vn 0.0208 0.0125 -0.9997
vn 0.0114 0.0200 -0.9997
vn -0.0485 0.3670 -0.9289
vn -0.0093 0.0191 -0.9998
vn 0.0020 0.0209 -0.9998
vn 0.0794 0.6354 -0.7681
vn -0.0185 0.0098 -0.9998
vn -0.0202 0.0090 -0.9998
vn -0.1936 -0.3794 -0.9047
vn -0.0142 -0.0107 -0.9998
vn -0.0175 -0.0064 -0.9998
vn -0.0212 -0.0021 -0.9998
vn -0.0096 -0.0137 -0.9999
vn 0.2844 -0.0555 0.9571
vn 0.9084 -0.4153 0.0487
vn 0.4923 -0.8509 -0.1833
vn -0.4399 -0.8853 -0.1507
vn -0.8976 -0.4321 0.0873
vn -0.2237 -0.5795 0.7837
vn 0.0590 -0.6220 0.7808
vn -0.5387 -0.8369 0.0970
vn -0.5687 -0.8156 0.1065
vn -0.3457 -0.2090 0.9148
vn -0.8814 -0.4646 0.0860
vn -0.5627 -0.0948 0.8212
vn -0.8949 -0.4361 0.0944
vn -0.9803 0.1750 0.0916
vn -0.5408 0.2440 0.8050
vn -0.8692 0.4845 0.0992
vn -0.3188 0.5352 0.7823
vn -0.6117 0.7852 0.0957
vn 0.0312 0.5759 0.8170
vn -0.1192 0.9877 0.1012
vn 0.3261 0.9424 0.0746
vn 0.1096 0.3075 0.9452
vn 0.8129 0.5766 0.0818
vn 0.8847 0.4590 0.0816
vn 0.9540 0.2855 0.0918
vn 0.9944 -0.0038 0.1059
vn 0.3397 -0.0728 0.9377
vn 0.9676 -0.2446 0.0627
vn 0.5023 -0.3040 0.8095
vn 0.8839 -0.4559 0.1039
vn 0.6846 -0.7224 0.0980
vn 0.3086 -0.5041 0.8066
vn 0.6375 -0.7624 0.1110
vn -0.0027 0.0212 0.9998
vn -0.0126 0.0063 0.9999
vn -0.0085 0.0012 1.0000
vn -0.0190 -0.0108 0.9998
vn 0.0113 -0.0104 0.9999
vn 0.0184 -0.0027 0.9998
vn 0.0076 0.0068 0.9999
vn 0.0028 0.0063 1.0000
vn -0.0040 -0.0064 1.0000
vn 0.0060 -0.0131 0.9999
vn 0.1676 0.9850 0.0414
vn 0.2434 0.8024 0.5448
vn 0.0417 0.9971 0.0644
vn 0.7144 0.6989 0.0347
vn 0.4922 0.6916 0.5286
vn 0.5983 0.7978 0.0749
vn 0.6989 0.5001 0.5113
vn 0.7764 0.1867 0.6020
vn 0.9598 0.2681 0.0828
vn 0.9793 -0.1990 0.0356
vn 0.8341 -0.1472 0.5316
vn 0.8870 -0.4611 0.0272
vn 0.7009 -0.4911 0.5173
vn 0.4579 -0.5741 0.6788
vn 0.5516 -0.8300 0.0823
vn 0.3400 -0.8262 0.4492
vn 0.2105 -0.9776 0.0087
vn 0.1690 -0.8361 0.5218
vn -0.1431 -0.9891 0.0340
vn -0.1432 -0.8282 0.5419
vn -0.0151 -0.9978 0.0642
vn -0.4384 -0.6722 0.5966
vn -0.6193 -0.7815 0.0762
vn -0.8046 -0.5937 0.0081
vn -0.6841 -0.5077 0.5238
vn -0.8117 -0.2589 0.5235
vn -0.9531 -0.2938 0.0730
vn -0.9897 -0.1386 0.0350
vn -0.8562 0.0274 0.5159
vn -0.9096 0.2692 -0.3164
vn -0.9347 0.3475 0.0752
vn -0.7945 0.6071 0.0133
vn -0.7227 0.4440 0.5298
vn -0.3966 0.9173 0.0359
vn -0.4234 0.7061 0.5676
vn -0.5739 0.8155 0.0752
vn -0.6471 0.6395 0.4151
vn -0.1874 0.8285 0.5276
vn -0.0159 0.8537 0.5206
vn 0.5054 -0.1280 0.8533
vn 0.3457 -0.3916 0.8527
vn 0.4960 0.1662 0.8523
vn 0.3546 0.3866 0.8513
vn 0.1478 0.4948 0.8564
vn -0.2714 0.4417 0.8551
vn -0.1113 0.5087 0.8537
vn 0.0324 0.5275 0.8489
vn -0.4630 0.2288 0.8563
vn -0.3665 0.3819 0.8484
vn -0.5101 -0.0094 0.8601
vn -0.4976 0.1700 0.8506
vn -0.3611 -0.3805 0.8513
vn -0.4873 -0.1964 0.8509
vn -0.1187 -0.5015 0.8570
vn 0.2369 -0.4781 0.8457
vn 0.0742 -0.5118 0.8559
vn 0.3185 -0.0303 -0.9474
vn 0.6263 0.1902 -0.7560
vn 0.2318 0.5274 -0.8173
vn 0.6229 -0.3570 -0.6961
vn -0.6263 -0.4209 -0.6561
vn 0.6254 0.4230 -0.6557
vn -0.9672 -0.1312 0.2176
vn -0.9367 0.3475 0.0435
vn -0.8015 -0.5107 0.3112
vn -0.9523 -0.3047 0.0187
vn -0.9591 0.2831 0.0071
vn 0.6213 -0.7826 -0.0383
vn 0.9614 0.2628 -0.0808
vn 0.9996 0.0015 0.0272
vn 0.9560 -0.2919 -0.0284
vn 0.6271 0.7780 0.0377
vn 0.9373 -0.3407 -0.0742
vn 0.6258 0.3583 0.6929
vn 0.9268 0.1139 -0.3579
vn 0.8461 0.3937 -0.3594
vn 0.6243 -0.4221 0.6573
vn -0.0700 -0.9838 -0.1648
vn 0.0513 -0.7732 -0.6321
vn -0.0789 -0.4573 -0.8858
vn 0.0173 -0.0624 -0.9979
vn -0.0223 0.3268 -0.9448
vn 0.0762 0.5448 -0.8351
vn -0.0906 0.9392 -0.3312
vn 0.0451 -0.9941 0.0989
vn -0.0344 -0.5753 0.8172
vn -0.0450 -0.5623 0.8257
vn -0.1596 0.3648 0.9173
vn -0.0056 0.3615 0.9324
vn -0.6249 0.5023 0.5976
vn 0.0643 0.4693 0.8807
vn 0.0934 0.9919 0.0863
vn -0.0122 0.8297 0.5580
vn -0.2642 0.7870 0.5575
vn -1.0000 0.0000 0.0008
vn -1.0000 -0.0015 -0.0040
vn -0.6246 -0.7806 -0.0218
vn -0.6189 0.7852 0.0206
vn -0.6263 0.4050 -0.6661
vn -0.6174 -0.4078 0.6727
vn 0.7058 -0.5010 -0.5009
vn 0.7057 -0.5010 -0.5009
vn 0.7057 -0.7058 -0.0618
vn 0.7058 -0.6843 0.1834
vn 0.7057 -0.6843 0.1834
vn 0.7057 -0.4063 0.5804
vn 0.7057 -0.4063 0.5803
vn 0.7057 -0.2994 0.6421
vn 0.7058 -0.2994 0.6421
vn 0.7058 -0.0618 0.7058
vn 0.7057 0.1834 0.6843
vn 0.7057 0.1834 0.6844
vn 0.7057 0.2994 0.6421
vn 0.7058 0.2994 0.6421
vn 0.7057 0.2995 0.6421
vn 0.7057 0.4064 0.5803
vn 0.7058 0.5009 0.5010
vn 0.7057 0.6843 0.1833
vn 0.7058 0.7058 0.0618
vn 0.7057 0.7058 0.0618
vn 0.7057 0.7058 -0.0618
vn 0.7057 0.6843 -0.1833
vn 0.7058 0.5010 -0.5010
vn 0.7057 0.4064 -0.5803
vn 0.7058 0.4064 -0.5803
vn 0.7058 0.2994 -0.6421
vn 0.7058 0.1833 -0.6843
vn -0.0044 0.0872 0.9962
vn 0.0017 0.2587 0.9659
vn 0.0048 0.4227 0.9063
vn 0.0046 0.5736 0.8191
vn 0.0012 0.7070 0.7072
vn 0.0029 0.9063 0.4227
vn -0.0027 0.8192 0.5735
vn -0.0042 0.8011 0.5985
vn 0.7728 0.6247 0.1118
vn 0.7853 0.3077 0.5373
vn 0.0054 0.9659 0.2587
vn 0.0046 0.9962 0.0869
vn 0.0005 0.9962 -0.0872
vn -0.0070 0.9659 -0.2587
vn 0.7893 0.4261 -0.4422
vn -0.0067 0.9650 -0.2620
vn 0.0052 0.8191 -0.5736
vn 0.0007 0.9063 -0.4227
vn 0.0065 0.7071 -0.7071
vn 0.0045 0.5736 -0.8191
vn -0.0007 0.4227 -0.9063
vn 0.0025 0.0872 -0.9962
vn -0.0028 0.2587 -0.9659
vn -0.0059 0.3213 -0.9469
vn 0.7694 -0.0476 -0.6371
vn 0.0045 -0.0872 -0.9962
vn 0.0034 -0.2587 -0.9659
vn -0.0032 -0.4227 -0.9063
vn 0.7599 -0.4677 -0.4515
vn -0.0018 -0.4503 -0.8929
vn 0.0041 -0.7072 -0.7070
vn 0.0020 -0.5735 -0.8192
vn 0.0030 -0.8191 -0.5736
vn -0.0013 -0.9063 -0.4227
vn 0.0024 -0.9659 -0.2589
vn -0.0017 -0.9101 -0.4144
vn 0.7458 -0.6601 -0.0900
vn 0.0014 -0.9962 0.0871
vn 0.0035 -0.9962 -0.0871
vn 0.0016 -0.9659 0.2589
vn -0.0010 -0.9855 0.1695
vn 0.7471 -0.5843 0.3169
vn 0.0036 -0.9063 0.4227
vn 0.0024 -0.8190 0.5738
vn 0.0014 -0.5735 0.8192
vn -0.0053 -0.7071 0.7071
vn -0.0030 -0.6777 0.7353
vn 0.7724 -0.1930 0.6051
vn 0.0050 -0.4227 0.9063
vn 0.0053 -0.2587 0.9659
vn -0.0040 0.0946 0.9955
vn 0.0023 -0.0872 0.9962
vn 0.9973 -0.0721 0.0135
vn 0.9973 -0.0447 0.0577
vn 0.9892 0.1260 -0.0751
vn 0.9941 0.0015 -0.1085
vn 0.9950 -0.0819 -0.0571
vn 0.9969 0.0155 0.0765
vn 0.9939 0.0953 0.0550
vn 0.9984 0.0280 0.0484
vn 0.9984 -0.0274 0.0488
vn 0.9985 -0.0266 -0.0473
vn 0.9985 -0.0557 0.0004
vn 0.9988 0.0495 0.0001
vn 0.9987 0.0243 -0.0441
vn -0.0202 -0.4953 0.8685
vn -0.0237 -0.9997 0.0027
vn -0.0193 -0.5043 -0.8633
vn -0.0316 -0.4788 -0.8773
vn -0.0208 0.9998 -0.0046
vn -0.0252 0.5023 0.8643
vn -0.0391 0.4751 0.8790
vn -0.0228 0.4974 -0.8672
vn 0.6601 -0.3629 0.6577
vn -0.1589 0.6019 0.7826
vn -0.7504 0.1848 0.6346
vn -0.9690 -0.1056 0.2232
vn -0.9693 0.1107 -0.2196
vn -0.7338 -0.1241 -0.6679
vn -0.3071 0.2784 -0.9100
vn 0.3787 -0.0404 -0.9246
vn 0.4413 -0.1831 -0.8785
vn 0.9017 0.1746 -0.3954
vn 0.9995 -0.0289 -0.0092
vn 0.8809 0.0687 0.4683
vn 0.6450 -0.1086 0.7564
vn -0.1439 -0.6250 0.7673
vn -0.6078 0.4614 0.6462
vn 0.8116 0.4564 -0.3647
vn 0.4664 -0.8115 -0.3519
vn 0.9363 0.1034 -0.3357
vn 0.9277 0.0208 0.3728
vn 0.6566 0.0190 0.7540
vn -0.1287 0.0497 0.9904
vn -0.4055 0.0468 0.9129
vn -0.7362 0.2444 0.6310
vn -0.7965 0.0852 0.5986
vn -0.9634 -0.0727 -0.2580
vn -0.9943 -0.0664 0.0832
vn -0.6030 0.7139 -0.3559
vn -0.7490 -0.5677 -0.3415
vn 0.0001 -1.0000 -0.0002
vn 0.0016 -1.0000 -0.0012
vn 0.0006 -1.0000 -0.0004
vn 0.0005 -1.0000 0.0004
vn -0.0000 -1.0000 0.0006
vn 0.0002 1.0000 -0.0012
vn -0.0008 1.0000 -0.0003
vn -0.0002 1.0000 0.0000
vn 0.0000 1.0000 -0.0007
vn 0.6260 0.4231 -0.6551
vn 0.8499 -0.4929 0.1863
vn 0.9522 -0.1886 0.2403
vn 0.9996 0.0217 0.0187
vn 0.6252 -0.3577 -0.6937
vn 0.6233 -0.7810 -0.0388
vn 0.9448 -0.3193 -0.0739
vn 0.6278 0.7775 0.0372
vn 0.6258 0.3583 0.6928
vn 0.9996 0.0038 -0.0275
vn 0.6225 -0.4230 0.6585
vn -0.6233 0.4237 0.6573
vn -0.6247 0.7800 -0.0372
vn -0.6246 0.3567 -0.6947
vn -0.6254 -0.4221 -0.6563
vn 0.3184 -0.0301 -0.9475
vn 0.6236 0.1919 -0.7578
vn 0.2270 0.5264 -0.8194
vn -0.9372 0.3486 0.0134
vn -0.9997 -0.0050 -0.0226
vn -0.9451 -0.3156 0.0849
vn -0.9603 0.2764 0.0376
vn -0.9381 -0.1315 0.3203
vn -0.8413 -0.4169 0.3440
vn -0.0815 -0.9817 -0.1719
vn 0.0721 -0.8123 -0.5788
vn -0.0790 -0.4574 -0.8857
vn -0.1687 0.3380 -0.9259
vn -0.6025 0.4505 -0.6588
vn 0.0684 0.5452 -0.8355
vn -0.0129 0.7602 -0.6495
vn -0.2088 0.7308 -0.6499
vn 0.0657 -0.9533 0.2946
vn 0.0627 -0.4148 0.9077
vn -0.0511 -0.6616 0.7481
vn -0.0797 0.2527 0.9643
vn 0.0623 0.5303 0.8455
vn 0.0341 0.9957 0.0866
vn -0.0471 0.9727 0.2271
vn -0.1115 0.9924 -0.0511
vn 0.0408 0.9992 0.0036
vn 0.7405 0.6668 -0.0840
vn 0.8927 0.4500 -0.0235
vn 0.5341 -0.3915 0.7493
vn 0.0297 -0.1175 0.9926
vn 0.0870 0.0452 0.9952
vn 0.3507 0.1357 0.9266
vn -0.3649 0.1768 0.9141
vn -0.1453 0.0664 0.9872
vn -0.4821 -0.0660 0.8736
vn -0.0482 0.0060 0.9988
vn -0.0018 0.1321 0.9912
vn 0.1204 0.3964 0.9101
vn -0.1495 -0.4089 0.9002
vn -0.6303 -0.3385 0.6986
vn -0.1393 0.5789 0.8034
vn 0.5461 0.5396 0.6408
vn 0.7859 0.0202 0.6180
vn 0.1027 -0.5747 0.8119
vn 0.9481 -0.2793 -0.1523
vn 0.8546 -0.5145 -0.0708
vn 0.1777 -0.0775 0.9810
vn -0.8367 -0.5477 -0.0017
vn -0.8195 -0.5716 0.0412
vn -0.8806 0.4738 -0.0037
vn -0.8694 0.4941 0.0095
vn -0.7876 0.1252 0.6033
vn 0.4494 -0.3331 0.8289
vn 0.2307 0.5422 0.8080
vn 0.0222 -0.2334 0.9721
vn -0.8076 -0.5275 0.2637
vn -0.2352 0.2603 0.9364
vn 0.7669 0.6164 0.1786
vn 0.5641 0.7219 0.4008
vn 0.9427 0.1968 0.2696
vn 0.6988 -0.5693 0.4332
vn 0.0954 -0.4531 0.8863
vn 0.1053 -0.2677 0.9577
vn -0.3887 -0.9190 0.0658
vn 0.9529 -0.2774 -0.1222
vn 0.8395 -0.5428 -0.0266
vn 0.2330 -0.9648 -0.1217
vn -0.0281 -0.9993 -0.0263
vn -0.7124 -0.6909 -0.1232
vn -0.8879 -0.4595 -0.0209
vn -0.9541 0.2794 -0.1081
vn -0.8162 0.5778 -0.0024
vn -0.2355 0.9656 -0.1098
vn 0.0971 0.9953 -0.0039
vn 0.1096 -0.0958 0.9893
vn 0.0368 0.0262 0.9990
vn 0.0278 0.0500 0.9984
vn -0.0787 0.0472 0.9958
vn -0.0204 -0.0325 0.9993
vn -0.0016 -0.0290 0.9996
vn 0.0205 0.1062 0.9941
vn 0.0762 0.4073 0.9101
vn 0.0039 -0.0720 0.9974
vn 0.0458 -0.0073 0.9989
vn 0.0535 -0.0413 0.9977
vn 0.0159 0.0026 0.9999
vn -0.0392 -0.3596 0.9323
vn 0.0073 -0.1378 0.9904
vn 0.0490 0.0878 0.9949
vn -0.1057 0.0875 0.9905
vn -0.3342 0.2064 0.9196
vn 0.0165 0.0646 0.9978
vn -0.2843 -0.2488 0.9259
vn -0.0974 -0.0729 0.9926
vn -0.9539 0.2800 -0.1081
vn -0.8161 0.5779 -0.0026
vn -0.2356 0.9656 -0.1103
vn 0.0968 0.9953 -0.0043
vn -0.7124 -0.6909 -0.1229
vn -0.8880 -0.4593 -0.0206
vn 0.2333 -0.9648 -0.1216
vn -0.0279 -0.9993 -0.0264
vn 0.9529 -0.2775 -0.1224
vn 0.8395 -0.5427 -0.0267
vn -0.5356 -0.1996 0.8205
vn -0.1557 0.5859 0.7953
vn 0.1515 0.9180 0.3664
vn 0.7231 0.4272 0.5428
vn 0.5105 -0.6699 0.5392
vn -0.2944 -0.7121 0.6374
vn 0.3360 0.1050 0.9360
vn 0.0501 0.7624 0.6451
vn 0.5977 -0.0356 0.8009
vn 0.2871 -0.2871 0.9139
vn 0.0190 -0.7934 0.6085
vn -0.4597 -0.3688 0.8079
vn -0.8124 0.2638 0.5200
vn -0.0235 0.0325 0.9992
vn -0.0095 0.0234 0.9997
vn -0.0517 -0.0012 0.9987
vn -0.2005 -0.4212 0.8845
vn -0.0027 -0.0825 0.9966
vn 0.0771 -0.0620 0.9951
vn -0.0206 -0.0547 0.9983
vn -0.0093 0.0523 0.9986
vn 0.1166 0.0397 0.9924
vn -0.7268 -0.6782 -0.1088
vn -0.8398 -0.5409 -0.0465
vn -0.9570 0.2688 -0.1087
vn -0.9994 -0.0348 -0.0089
vn -0.8044 0.5940 -0.0109
vn 0.0827 -0.9966 -0.0063
vn 0.1442 -0.9869 0.0724
vn 0.3787 0.9255 0.0045
vn 0.3887 0.9213 0.0077
vn 0.8229 0.5677 -0.0215
vn 0.8164 0.5772 -0.0187
vn 0.9202 0.3884 -0.0487
vn 0.9954 0.0950 0.0078
vn 0.9306 0.3657 0.0161
vn 0.9839 0.1744 0.0392
vn 0.9759 -0.2113 -0.0545
vn 0.9174 -0.3978 0.0079
vn 0.7802 -0.6255 -0.0099
vn 0.6563 -0.7544 0.0079
vn 0.4210 -0.9068 0.0206
vn 0.2917 -0.9565 0.0089
vn -0.0106 -0.9996 -0.0266
vn -0.1831 -0.9831 -0.0035
vn -0.4042 -0.9147 -0.0011
vn -0.5353 -0.8446 -0.0091
vn -0.6890 -0.7247 0.0091
vn -0.7888 -0.6147 0.0011
vn -0.9116 -0.4109 0.0086
vn -0.9686 -0.2441 0.0470
vn -0.9959 0.0893 -0.0142
vn -0.9852 0.1664 -0.0401
vn -0.9306 0.3657 -0.0161
vn -0.8236 0.5668 0.0206
vn -0.9202 0.3884 0.0487
vn -0.8174 0.5757 0.0190
vn -0.3818 0.9242 -0.0077
vn -0.3794 0.9252 -0.0046
vn -0.0087 0.9985 -0.0534
vn -0.6522 0.7501 -0.1094
vn -0.5288 0.5836 0.6163
vn -0.6842 -0.3932 0.6142
vn -0.2369 0.0471 0.9704
vn -0.0802 -0.1193 0.9896
vn -0.1909 -0.7807 0.5950
vn 0.3504 -0.5076 0.7871
vn 0.7904 -0.1226 0.6001
vn 0.9641 0.2392 -0.1154
vn 0.6322 0.5215 0.5730
vn 0.3764 0.9198 -0.1111
vn 0.0076 0.8198 0.5726
vn -0.8860 0.1533 0.4376
vn 0.5022 -0.7178 0.4823
vn -0.8611 -0.2460 -0.4449
vn -0.7248 0.6889 -0.0102
vn 0.1207 0.8326 -0.5405
vn 0.7433 0.3734 -0.5551
vn 0.6798 -0.6440 -0.3510
vn -0.4099 -0.9005 -0.1454
vn 0.9864 0.0577 0.1542
vn 0.2631 -0.4894 -0.8314
vn 0.0144 -0.0416 -0.9990
vn -0.1010 -0.1433 -0.9845
vn -0.0822 -0.2209 -0.9718
vn -0.2434 -0.1100 -0.9637
vn -0.0708 0.0259 -0.9972
vn -0.4096 0.8984 0.1588
vn 0.4104 0.9047 0.1144
vn -0.0025 0.0148 0.9999
vn 0.0092 0.0070 0.9999
vn -0.0006 -0.0053 1.0000
vn 0.0098 -0.0092 0.9999
vn 0.0024 -0.0027 1.0000
vn -0.0064 -0.0037 1.0000
vn -0.0027 0.0000 1.0000
vn -0.0014 0.0192 0.9998
vn 0.0082 -0.0071 0.9999
vn -0.0131 0.0058 0.9999
vn -0.0169 0.0085 0.9998
vn 0.0052 0.0165 0.9999
vn 0.0125 0.0049 0.9999
vn 0.0051 -0.0037 1.0000
vn 0.0032 -0.0002 1.0000
vn -0.0031 0.0013 1.0000
vn -0.0072 -0.0069 1.0000
vn -0.0270 -0.0081 0.9996
vn -0.0054 -0.0393 0.9992
vn -0.0059 -0.0032 1.0000
vn 0.0090 -0.0020 1.0000
vn 0.0100 -0.0036 0.9999
vn 0.0159 -0.0130 0.9998
vn 0.5272 -0.8403 0.1261
vn -0.0048 0.0120 0.9999
vn -0.8193 0.5604 0.1210
vn -0.0136 0.0079 0.9999
vn 0.0024 -0.0094 1.0000
vn -0.6420 -0.7546 0.1358
vn -0.0001 -0.0028 1.0000
vn 0.0018 0.0027 1.0000
vn -0.0020 0.0072 1.0000
vn -0.0057 -0.0129 0.9999
vn -0.7255 -0.6683 0.1643
vn -0.0094 -0.0023 1.0000
vn 0.0071 0.0036 1.0000
vn 0.0090 0.0106 0.9999
vn 0.4824 0.7336 0.4787
vn 0.1135 0.0094 0.9935
vn -0.8430 0.5018 0.1938
vn 0.3173 -0.9406 0.1210
vn -0.3778 0.9258 -0.0103
vn -0.3897 0.9209 -0.0077
vn -0.7409 0.6698 -0.0487
vn -0.8087 0.5870 -0.0375
vn -0.9259 0.3774 0.0187
vn -0.9896 0.1255 -0.0696
vn -0.9814 -0.1807 0.0653
vn -0.8924 -0.4452 -0.0734
vn -0.7730 -0.6343 0.0102
vn -0.5579 -0.8299 -0.0046
vn -0.5140 -0.8550 -0.0697
vn -0.2040 -0.9782 0.0394
vn -0.0264 -0.9996 -0.0141
vn 0.3091 -0.9510 -0.0001
vn 0.4383 -0.8986 -0.0223
vn 0.6819 -0.6788 -0.2723
vn 0.6873 -0.7240 -0.0576
vn 0.6766 -0.3189 -0.6638
vn 0.9533 -0.2999 -0.0347
vn 0.9964 0.0824 0.0213
vn 0.9866 0.1582 0.0410
vn 0.8284 0.5432 -0.1365
vn 0.8734 0.4379 -0.2131
vn 0.7470 0.6507 -0.1367
vn 0.2895 0.7226 -0.6278
vn 0.3844 0.9231 0.0078
vn 0.0286 0.5505 -0.8343
vn -0.7602 0.4566 -0.4623
vn 0.0017 0.0002 -1.0000
vn -0.0002 -0.0001 -1.0000
vn -0.4559 -0.2743 -0.8467
vn -0.7455 -0.4767 -0.4658
vn 0.0274 -0.5638 -0.8254
vn -0.4667 0.2921 -0.8348
vn 0.0001 -0.0002 -1.0000
vn 0.0003 -0.0002 -1.0000
vn -0.0465 -0.5593 -0.8277
vn 0.8056 -0.5360 -0.2524
vn 0.0002 0.0000 -1.0000
vn -0.0027 -0.0002 -1.0000
vn 0.7907 0.4744 -0.3869
vn 0.4466 -0.2961 -0.8444
vn -0.0001 0.0002 -1.0000
vn 0.9748 -0.2220 -0.0237
vn 0.9975 0.0604 -0.0380
vn 0.9314 -0.3625 0.0334
vn 0.8494 -0.5278 0.0087
vn 0.8317 -0.5534 -0.0454
vn 0.6365 -0.7712 -0.0104
vn 0.6499 -0.7598 -0.0169
vn 0.1966 -0.9805 0.0021
vn 0.1529 -0.9882 0.0129
vn -0.3765 -0.9264 -0.0093
vn -0.4234 -0.9059 -0.0075
vn -0.8465 -0.5318 -0.0268
vn -0.7566 -0.6539 0.0014
vn -0.9763 -0.2154 -0.0189
vn -0.9984 0.0471 -0.0313
vn -0.9677 0.2515 0.0153
vn -0.8467 0.5317 -0.0202
vn -0.7186 0.6954 -0.0009
vn -0.4104 0.9117 -0.0178
vn -0.2826 0.9592 0.0115
vn 0.1489 0.9887 -0.0194
vn 0.1994 0.9799 0.0048
vn 0.6202 0.7844 -0.0087
vn 0.6489 0.7609 -0.0058
vn 0.9283 0.3714 -0.0160
vn 0.8702 0.4927 0.0070
vn 0.0359 -0.7744 -0.6317
vn 0.6833 -0.2719 -0.6776
vn -0.0195 -0.9996 -0.0202
vn -0.8600 -0.5086 -0.0404
vn -0.8539 -0.5181 -0.0496
vn -0.0172 -0.0110 -0.9998
vn -0.0917 0.7614 -0.6417
vn -0.0190 -0.0008 -0.9998
vn 0.5491 0.4664 -0.6935
vn -0.0139 0.9978 -0.0652
vn -0.8641 0.5028 -0.0223
vn -0.8942 0.4447 -0.0508
vn 0.0030 -0.7643 -0.6448
vn 0.6948 -0.2029 -0.6900
vn -0.0190 -0.0009 -0.9998
vn 0.6084 0.4702 -0.6393
vn 0.8667 0.4970 -0.0422
vn 0.0107 0.9995 -0.0312
vn 0.0661 -0.7639 -0.6419
vn 0.7074 -0.2475 -0.6620
vn 0.8540 -0.5146 -0.0769
vn -0.8481 -0.4803 -0.2237
vn -0.0191 -0.0009 -0.9998
vn -0.0173 -0.0110 -0.9998
vn 0.8710 0.4902 -0.0321
vn 0.0614 -0.9955 -0.0724
vn 0.9365 -0.3266 -0.1275
vn 0.8540 -0.5145 -0.0770
vn -0.6837 -0.4068 -0.6059
vn -0.6814 0.2963 -0.6693
vn -0.0032 0.0030 -1.0000
vn -0.0036 0.0044 -1.0000
vn -0.0161 -0.0039 -0.9999
vn -0.0647 0.7571 -0.6501
vn -0.8110 0.0612 -0.5819
vn -0.4006 0.7320 -0.5510
vn -0.0069 0.2076 -0.9782
vn 0.0784 0.6566 -0.7502
vn 0.2382 0.1282 -0.9627
vn 0.7521 -0.2043 -0.6266
vn 0.4588 -0.6622 -0.5924
vn -0.5517 -0.5702 -0.6087
vn -0.0678 -0.8966 -0.4376
vn 0.8332 0.3428 -0.4338
vn 0.6778 0.7048 -0.2091
vn -0.8628 -0.2696 0.4278
vn -0.8892 0.4286 0.1600
vn -0.6803 0.7329 0.0068
vn 0.2707 0.9626 0.0065
vn 0.5860 0.6121 0.5310
vn 0.8052 -0.0437 0.5915
vn 0.7023 -0.6959 0.1501
vn -0.0764 -0.8899 0.4498
vn -0.6510 -0.6249 -0.4309
vn -0.9533 -0.1069 -0.2825
vn -0.0948 -0.7895 -0.6064
vn 0.1718 0.4889 -0.8553
vn 0.2415 0.3304 -0.9124
vn -0.3147 0.9238 -0.2178
vn -0.7242 0.5314 -0.4395
vn -0.6870 0.5677 0.4535
vn -0.9185 0.2715 0.2874
vn -0.1422 0.9771 0.1585
vn 0.5550 0.6969 0.4541
vn 0.1996 0.3194 0.9264
vn 0.7784 0.0876 0.6216
vn -0.6248 -0.6346 0.4548
vn -0.0015 -0.9890 0.1478
vn -0.8983 -0.3585 0.2541
vn -0.8629 0.2292 -0.4504
vn -0.3981 0.4204 -0.8153
vn -0.2266 0.4205 -0.8785
vn -0.1603 0.1196 0.9798
vn 0.0862 0.6826 0.7257
vn -0.2445 0.6350 0.7328
vn -0.6398 -0.7643 0.0812
vn 0.8856 0.4385 -0.1529
vn -0.6703 0.7380 -0.0777
vn -0.2246 -0.0123 0.9744
vn -0.0448 -0.0565 0.9974
vn -0.0370 -0.9979 -0.0537
vn 0.5334 -0.8395 -0.1033
vn 0.1091 -0.0925 0.9897
vn -0.1315 -0.0258 -0.9910
vn -0.0070 0.0597 -0.9982
vn 0.1762 0.0348 -0.9837
vn 0.1723 -0.0133 -0.9850
vn 0.5424 -0.6139 -0.5735
vn -0.7397 0.3354 0.5834
vn -0.2823 0.7510 0.5969
vn 0.2294 0.9732 -0.0139
vn 0.4436 0.7010 0.5583
vn 0.9875 0.1574 -0.0099
vn 0.8306 0.0509 0.5546
vn 0.5798 -0.5333 0.6159
vn 0.0881 -0.8811 0.4646
vn -0.4856 -0.6204 0.6158
vn -0.7770 -0.1937 0.5989
vn 0.0067 -0.3338 0.9426
vn 0.1829 -0.0253 0.9828
vn 0.5192 0.8434 -0.1382
vn -0.7767 0.6199 -0.1121
vn -0.1451 -0.0594 0.9876
vn -0.1648 0.0732 -0.9836
vn -0.6391 0.2035 -0.7417
vn -0.0419 0.1653 -0.9854
vn -0.0335 0.8102 -0.5852
vn 0.6519 0.5214 -0.5506
vn 0.2195 0.0650 -0.9735
vn 0.7605 -0.2993 -0.5763
vn 0.1010 -0.1771 -0.9790
vn 0.1358 -0.8263 -0.5466
vn -0.0944 -0.1565 -0.9832
vn -0.5672 -0.5937 -0.5707
vn -0.7930 -0.0832 -0.6035
vn -0.4773 0.8787 -0.0042
vn 0.6100 -0.5456 0.5746
vn -0.0282 0.1503 0.9882
vn -0.0221 0.1493 0.9885
vn -0.1269 -0.0070 0.9919
vn -0.1967 0.1664 0.9662
vn -0.3221 -0.3514 0.8791
vn -0.0103 -0.1662 0.9860
vn 0.0853 -0.1414 0.9863
vn 0.1051 0.0477 0.9933
vn 0.7184 0.6868 -0.1100
vn 0.9055 0.4241 -0.0122
vn 0.9502 -0.1384 0.2792
vn -0.3340 0.9356 0.1147
vn 0.4183 0.9051 -0.0770
vn -0.8819 0.4654 -0.0754
vn 0.8711 0.4901 -0.0320
vn 0.7898 0.6072 -0.0868
vn -0.1244 0.1132 0.9857
vn -0.0353 -0.0006 0.9994
vn -0.0084 -0.0042 1.0000
vn -0.0009 -0.0012 1.0000
vn -0.0050 0.0098 0.9999
vn -0.0046 0.0250 0.9997
vn 0.0015 0.0020 1.0000
vn 0.0049 0.0337 0.9994
vn 0.0290 0.0424 0.9987
vn 0.0015 -0.0036 1.0000
vn -0.0002 -0.0019 1.0000
vn 0.0037 0.0003 1.0000
vn 0.0035 0.0033 1.0000
vn -0.0015 -0.0030 1.0000
vn 0.0039 0.0017 1.0000
vn -0.0009 -0.0151 0.9999
vn -0.0253 -0.0258 0.9993
vn -0.0072 -0.0013 1.0000
vn -0.0113 -0.0050 0.9999
vn -0.0060 -0.0181 0.9998
vn -0.0019 0.0004 1.0000
vn 0.0018 0.0040 1.0000
vn 0.0015 -0.0006 1.0000
vn 0.0069 0.0068 1.0000
vn 0.0358 0.0124 0.9993
vn 0.0052 -0.0238 0.9997
vn 0.0051 -0.0051 1.0000
vn 0.0045 -0.0054 1.0000
vn 0.0120 -0.0059 0.9999
vn -0.0137 0.0053 0.9999
vn -0.0150 0.0216 0.9997
vn -0.0013 0.0062 1.0000
vn -0.0048 -0.0005 1.0000
vn -0.0175 0.0061 0.9998
vn -0.0045 0.0007 1.0000
vn 0.0016 0.0027 1.0000
vn -0.0019 -0.0016 1.0000
vn 0.0000 0.0017 1.0000
vn -0.0031 0.0002 1.0000
vn 0.0511 0.0199 0.9985
vn 0.0091 0.0021 1.0000
vn 0.0142 0.0184 0.9997
vn 0.0049 0.0007 1.0000
vn 0.0011 -0.0029 1.0000
vn -0.0064 -0.0067 1.0000
vn -0.0176 -0.0104 0.9998
vn 0.0040 0.0089 1.0000
vn 0.0027 0.0080 1.0000
vn -0.9999 -0.0156 -0.0052
vn -0.9999 0.0156 0.0052
vn -0.9535 -0.2863 -0.0946
vn -0.9483 -0.3150 -0.0377
vn -0.7394 -0.6733 0.0061
vn -0.8722 -0.4881 0.0324
vn -0.4564 -0.8894 -0.0239
vn -0.1696 -0.9855 0.0086
vn 0.2243 -0.9745 -0.0006
vn 0.5154 -0.8562 0.0354
vn 0.8447 -0.5351 0.0119
vn 0.9204 -0.3900 -0.0282
vn 0.9994 0.0230 0.0251
vn 0.9879 0.1549 -0.0078
vn 0.8424 0.5387 0.0105
vn 0.7570 0.6528 -0.0285
vn 0.4508 0.8925 0.0163
vn 0.2210 0.9753 -0.0007
vn -0.1751 0.9844 -0.0157
vn -0.4564 0.8894 0.0239
vn -0.7394 0.6733 -0.0061
vn -0.8722 0.4881 -0.0324
vn -0.9483 0.3150 0.0377
vn -0.9535 0.2863 0.0946
vn -0.0126 0.0055 -0.9999
vn -0.0163 0.0101 -0.9998
vn -0.0057 -0.0025 -1.0000
vn 0.0048 0.0166 -0.9999
vn 0.0043 0.0044 -1.0000
vn -0.0042 0.0159 -0.9999
vn -0.0011 0.0197 -0.9998
vn 0.0030 0.0012 -1.0000
vn 0.0065 -0.0068 -1.0000
vn 0.0265 -0.0082 -0.9996
vn 0.0046 -0.0145 -0.9999
vn -0.0033 -0.0002 -1.0000
vn 0.0054 0.0015 -1.0000
vn 0.0044 0.0182 -0.9998
vn -0.0150 -0.0083 -0.9999
vn -0.0189 -0.0058 -0.9998
vn -0.0094 -0.0135 -0.9999
vn 0.0175 0.0075 -0.9998
vn -0.0083 -0.0160 -0.9998
vn -0.0029 0.0040 -1.0000
vn 0.0006 -0.0037 -1.0000
vn -0.0086 -0.0016 -1.0000
vn -0.0049 0.0043 -1.0000
vn 0.0014 -0.0073 -1.0000
vn 0.0121 -0.0149 -0.9998
vn 0.0110 -0.0035 -0.9999
vn 0.0031 -0.0002 -1.0000
vn -0.0131 0.0076 -0.9999
vn -0.0024 0.0000 -1.0000
vn 0.0026 -0.0037 -1.0000
vn -0.0067 -0.0060 -1.0000
vn -0.0058 -0.0223 -0.9997
vn -0.0070 -0.0069 -1.0000
vn -0.0201 -0.0088 -0.9998
vn 0.0152 0.0089 -0.9998
vn 0.2335 -0.9647 -0.1220
vn -0.0201 -0.9992 -0.0334
vn 0.9528 -0.2778 -0.1225
vn 0.8395 -0.5427 -0.0270
vn -0.2356 0.9656 -0.1099
vn 0.0968 0.9953 -0.0040
vn 0.7187 0.6866 -0.1098
vn 0.9056 0.4240 -0.0121
vn 0.7186 0.6867 -0.1099
vn 0.9055 0.4242 -0.0122
vn -0.0187 -0.0112 0.9998
vn -1.0000 -0.0023 -0.0005
vn -0.6184 -0.7856 -0.0209
vn -0.6266 -0.4053 0.6657
vn -1.0000 0.0021 -0.0004
vn -0.6253 0.4057 -0.6667
vn -0.6213 0.7833 0.0211
vn -0.0094 0.0872 0.9961
vn -0.0006 0.2587 0.9659
vn 0.0051 0.4227 0.9063
vn 0.0076 0.5736 0.8191
vn 0.0068 0.7071 0.7071
vn -0.0047 0.9063 0.4227
vn 0.0026 0.8191 0.5736
vn 0.0028 0.9659 0.2587
vn -0.0024 0.8893 0.4573
vn 0.7505 0.6531 0.1006
vn 0.8005 0.3692 0.4721
vn 0.0039 0.9962 0.0872
vn 0.0019 0.9962 -0.0869
vn 0.0006 0.9659 -0.2587
vn 0.5708 0.7527 -0.3279
vn -0.0016 0.9806 -0.1961
vn 0.0030 0.8192 -0.5735
vn 0.0034 0.9063 -0.4227
vn -0.0005 0.7070 -0.7072
vn -0.0003 0.5736 -0.8191
vn -0.0040 0.6412 -0.7673
vn 0.7784 0.1554 -0.6083
vn 0.0041 0.4227 -0.9063
vn 0.0032 0.0872 -0.9962
vn 0.0053 0.2587 -0.9659
vn -0.0020 -0.0872 -0.9962
vn -0.0018 -0.2587 -0.9659
vn -0.0062 -0.1732 -0.9849
vn 0.7918 -0.3709 -0.4853
vn 0.0039 -0.4227 -0.9063
vn 0.0055 -0.7071 -0.7071
vn 0.0063 -0.5735 -0.8192
vn 0.0014 -0.8192 -0.5735
vn -0.0058 -0.9063 -0.4227
vn 0.0008 -0.9659 -0.2589
vn -0.0059 -0.9074 -0.4202
vn 0.7726 -0.6349 -0.0034
vn 0.0051 -0.9962 0.0871
vn 0.0045 -0.9962 -0.0871
vn 0.0023 -0.9659 0.2589
vn -0.0036 -0.9063 0.4227
vn 0.0025 -0.8191 0.5736
vn -0.0024 -0.9158 0.4016
vn 0.7539 -0.4861 0.4420
vn 0.0015 -0.5735 0.8192
vn 0.0036 -0.7072 0.7070
vn 0.0010 -0.4227 0.9063
vn -0.0015 -0.4886 0.8725
vn 0.7501 -0.1008 0.6536
vn 0.0036 -0.2587 0.9659
vn -0.0028 0.1832 0.9831
vn 0.0030 -0.0872 0.9962
vn 0.9974 0.0447 -0.0570
vn 0.9966 -0.0136 -0.0810
vn 0.9930 -0.1043 -0.0559
vn 0.9949 -0.0894 0.0470
vn 0.9978 0.0381 0.0547
vn 0.9978 0.0654 -0.0042
vn 0.9972 -0.0235 0.0710
vn 0.9986 -0.0533 0.0012
vn 0.9987 -0.0259 -0.0450
vn 0.9983 0.0271 0.0509
vn 0.9984 0.0564 0.0006
vn 0.9984 0.0277 -0.0496
vn 0.9984 -0.0270 0.0488
vn -0.0199 -0.9998 0.0049
vn -0.0221 -0.5027 -0.8642
vn -0.0372 -0.4741 -0.8797
vn -0.0244 -0.4968 0.8675
vn -0.0232 0.4966 -0.8677
vn 0.7057 -0.2994 -0.6421
vn 0.7058 -0.2994 -0.6421
vn 0.7058 -0.5010 -0.5010
vn 0.7057 -0.5010 -0.5010
vn 0.7057 -0.5804 -0.4063
vn 0.7057 -0.5803 -0.4063
vn 0.7058 -0.6421 -0.2994
vn 0.7058 -0.6421 0.2994
vn 0.7057 -0.5804 0.4064
vn 0.7057 -0.5010 0.5009
vn 0.7058 -0.1833 0.6843
vn 0.7057 -0.1833 0.6843
vn 0.7057 -0.0618 0.7058
vn 0.7058 0.0618 0.7058
vn 0.7058 0.4064 0.5803
vn 0.7057 0.5010 0.5010
vn 0.7059 0.5010 0.5007
vn 0.7057 0.5009 0.5010
vn 0.7057 0.5804 0.4064
vn 0.7058 0.6421 -0.2994
vn 0.7057 0.5804 -0.4063
vn 0.7057 0.5804 -0.4064
vn 0.7057 0.1833 -0.6844
vn 0.7058 0.1834 -0.6843
vn 0.7057 0.1834 -0.6843
vn 0.7057 0.0617 -0.7058
vn 0.7057 0.0616 -0.7058
vn 0.7057 -0.0617 -0.7058
vn 0.7058 -0.0616 -0.7058
vn -0.0226 0.5029 0.8640
vn -0.0375 0.4745 0.8794
vn -0.0212 0.9998 -0.0044
vn 0.5377 0.6295 -0.5609
vn 0.1485 0.1236 -0.9812
vn -0.4474 0.0750 -0.8912
vn -0.5597 0.6127 -0.5579
vn 0.5076 0.6224 0.5958
vn -0.0088 0.5978 0.8016
vn 0.1076 -0.0100 0.9941
vn -0.0366 -0.3729 0.9272
vn -0.5816 0.6004 0.5488
vn 0.1551 -0.3409 -0.9272
vn -0.0834 0.0057 -0.9965
vn -0.0682 0.0060 -0.9977
vn -0.0304 -0.4962 -0.8676
vn -0.3362 0.6259 -0.7037
vn 0.0982 0.6143 -0.7829
vn 0.5175 0.6106 -0.5995
vn 0.7782 0.5981 -0.1915
vn 0.7324 -0.6207 -0.2799
vn -0.2757 -0.5994 -0.7515
vn 0.3612 -0.6008 -0.7131
vn -0.6527 0.0050 -0.7576
vn -0.6819 0.6229 -0.3836
vn -0.7243 -0.0105 -0.6894
vn -0.7075 -0.6301 -0.3201
vn -0.9834 0.0071 -0.1816
vn -0.7809 0.6209 0.0685
vn -0.5327 -0.8462 -0.0120
vn -0.9099 -0.0019 0.4147
vn -0.7621 -0.0043 0.6475
vn 0.3985 -0.5617 0.7250
vn 0.4119 0.0120 0.9111
vn -0.1064 -0.5300 0.8413
vn -0.2686 -0.5902 0.7613
vn 0.7487 -0.0198 0.6626
vn 0.6871 -0.6817 0.2515
vn 0.8689 0.0057 0.4950
vn 0.7375 0.6354 0.2289
vn 0.9976 0.0023 0.0689
vn -0.6774 0.6570 0.3309
vn -0.3140 0.8089 0.4971
vn 0.2732 0.9585 -0.0812
vn 0.6655 0.7454 0.0392
vn 0.4738 0.7923 0.3843
vn -0.6389 0.7165 -0.2800
vn -0.2269 0.7451 -0.6272
vn -0.9465 0.2950 0.1306
vn -0.0059 0.8841 -0.4672
vn 0.0276 0.7618 0.6472
vn -0.5024 -0.6837 -0.5293
vn 0.3011 -0.5594 0.7723
vn 0.4805 -0.7236 -0.4954
vn 0.9275 -0.0126 -0.3737
vn 0.4983 -0.1395 -0.8557
vn -0.8903 0.0685 0.4503
vn -0.3036 -0.0491 0.9515
vn 0.4313 0.0428 0.9012
vn -0.1704 0.0760 0.9824
vn 0.2227 0.2425 0.9442
vn 0.9774 0.0429 0.2069
vn 0.9015 0.0514 -0.4297
vn 0.9806 0.0793 0.1795
vn -0.0980 0.0908 -0.9910
vn -0.9267 0.0291 -0.3748
vn -0.9811 0.1130 -0.1568
vn -0.9612 0.1918 0.1984
vn 0.5997 0.0092 -0.8002
vn 0.4980 -0.0134 -0.8671
vn -0.8083 0.0025 -0.5888
vn -0.5714 0.6217 0.5357
vn -0.5784 0.0214 0.8155
vn 0.5419 0.6301 0.5561
vn 0.8031 0.0165 0.5957
vn 0.0049 -0.9999 0.0104
vn -1.0000 -0.0013 -0.0041
vn -1.0000 -0.0004 0.0004
vn -0.6259 0.4052 -0.6664
vn -0.6199 0.7844 0.0208
vn -0.0333 -0.4776 -0.8780
vn -0.0224 0.4973 -0.8673
vn -0.0237 -0.9997 0.0028
vn 0.9949 0.0003 -0.1008
vn 0.7659 0.1151 -0.6325
vn 0.9966 -0.0617 -0.0541
vn 0.7848 -0.3693 -0.4977
vn 0.9936 0.0952 -0.0605
vn 0.7859 0.5178 -0.3379
vn 0.9976 -0.0697 0.0016
vn 0.7581 -0.6475 -0.0781
vn 0.7648 -0.5265 0.3713
vn 0.9972 -0.0381 0.0637
vn 0.9952 0.0894 0.0402
vn 0.7761 0.6134 0.1464
vn 0.7380 -0.1318 0.6618
vn 0.9972 0.0243 0.0710
vn 0.7720 0.3096 0.5550
vn -0.0036 0.0872 0.9962
vn 0.0023 0.2587 0.9659
vn 0.0046 0.5735 0.8192
vn 0.0009 0.7072 0.7070
vn 0.0026 0.9063 0.4227
vn -0.0022 0.8191 0.5736
vn -0.0043 0.7929 0.6094
vn 0.0043 0.9659 0.2587
vn 0.0028 0.9962 0.0872
vn -0.0019 0.9962 -0.0872
vn 0.0001 0.9659 -0.2587
vn -0.0048 0.9882 -0.1530
vn 0.0063 0.8192 -0.5735
vn 0.0048 0.9063 -0.4227
vn 0.0045 0.7071 -0.7071
vn -0.0005 0.5735 -0.8192
vn 0.0008 0.4227 -0.9063
vn -0.0032 0.5242 -0.8516
vn 0.0034 0.0872 -0.9962
vn 0.0037 0.2587 -0.9659
vn -0.0001 -0.0872 -0.9962
vn -0.0046 -0.2048 -0.9788
vn 0.0020 -0.9659 -0.2587
vn -0.0037 -0.8907 -0.4546
vn 0.0020 -0.9962 0.0872
vn 0.0036 -0.9962 -0.0872
vn -0.0019 -0.9659 0.2587
vn -0.0025 -0.9689 0.2475
vn 0.0033 -0.9063 0.4227
vn 0.0053 -0.8191 0.5736
vn -0.0005 -0.5735 0.8192
vn 0.0040 -0.7072 0.7070
vn 0.0012 -0.4227 0.9063
vn -0.0025 -0.5339 0.8456
vn 0.0032 -0.2587 0.9659
vn -0.0027 0.1043 0.9945
vn 0.0021 -0.0872 0.9962
vn 0.7057 -0.1833 -0.6843
vn 0.7057 -0.1834 -0.6844
vn 0.7057 -0.1834 -0.6843
vn 0.7058 -0.6843 0.1833
vn 0.7057 0.5010 0.5009
vn 0.7057 0.5803 0.4064
vn 0.7058 0.5804 -0.4063
vn -0.0254 0.5023 0.8643
vn -0.0392 0.4754 0.8789
vn 0.9987 0.0501 -0.0017
vn 0.9984 0.0279 0.0485
vn 0.9987 0.0247 -0.0451
vn 0.9983 -0.0277 -0.0503
vn 0.9984 -0.0572 0.0008
vn 0.9977 -0.0335 0.0581
vn -0.6269 0.4053 -0.6654
vn -1.0000 -0.0032 0.0001
vn -1.0000 0.0034 0.0002
vn -0.6173 0.7865 0.0208
vn -0.6183 -0.7856 -0.0208
vn -0.0220 0.5025 0.8643
vn -0.0375 0.4735 0.8800
vn 0.7058 -0.7058 -0.0618
vn 0.7057 -0.6844 0.1834
vn 0.7057 0.1833 0.6843
vn 0.7058 0.1833 0.6843
vn 0.7058 0.5010 -0.5009
vn 0.7057 0.5010 -0.5009
vn 0.7057 0.1833 -0.6843
vn -0.4361 -0.2319 -0.8695
vn 0.7905 -0.5790 -0.1997
vn 0.9946 -0.0847 -0.0605
vn -0.0410 0.0252 -0.9988
vn 0.7775 0.4853 0.3999
vn 0.9972 0.0436 0.0608
vn 0.7366 0.0593 0.6737
vn 0.9974 -0.0420 0.0582
vn 0.7434 -0.3288 0.5825
vn 0.9958 0.0733 -0.0549
vn 0.9062 0.3039 -0.2940
vn 0.9944 -0.0056 -0.1052
vn 0.9976 0.0691 0.0060
vn 0.9975 -0.0697 0.0105
vn 0.7493 -0.5974 0.2857
vn 0.7946 0.5949 -0.1212
vn -0.0247 0.4968 -0.8675
vn -0.0195 0.9998 -0.0052
vn 0.9980 -0.0317 -0.0553
vn 0.9986 -0.0251 0.0476
vn 0.9981 0.0276 0.0548
vn 0.9985 0.0267 -0.0484
vn 0.9981 -0.0614 0.0030
vn 0.9984 0.0569 0.0007
vn 0.0038 0.0872 0.9962
vn 0.0019 0.2587 0.9659
vn -0.0031 0.4227 0.9063
vn 0.0026 0.5735 0.8192
vn 0.0052 0.7071 0.7071
vn 0.0007 0.9063 0.4227
vn 0.0045 0.8192 0.5735
vn -0.0048 0.9659 0.2587
vn -0.0057 0.9615 0.2747
vn 0.0020 0.9962 0.0872
vn 0.0057 0.9962 -0.0869
vn 0.0060 0.9659 -0.2587
vn -0.0031 0.8191 -0.5736
vn 0.0030 0.9063 -0.4227
vn -0.0007 0.7072 -0.7070
vn -0.0059 0.7863 -0.6179
vn 0.0039 0.5735 -0.8192
vn 0.0054 0.4227 -0.9063
vn -0.0015 0.0872 -0.9962
vn 0.0035 0.2587 -0.9659
vn 0.0001 -0.0872 -0.9962
vn -0.0043 0.0280 -0.9996
vn 0.0036 -0.2587 -0.9659
vn 0.0038 -0.4227 -0.9063
vn -0.0049 -0.7072 -0.7070
vn -0.0054 -0.7053 -0.7089
vn 0.0009 -0.5735 -0.8192
vn 0.0020 -0.8191 -0.5736
vn 0.0058 -0.9063 -0.4227
vn 0.0063 -0.9659 -0.2587
vn -0.0025 -0.9962 0.0872
vn 0.0035 -0.9962 -0.0872
vn 0.0011 -0.9659 0.2587
vn -0.0037 -0.9940 0.1095
vn 0.0035 -0.9063 0.4227
vn 0.0027 -0.8192 0.5735
vn 0.0028 -0.5735 0.8192
vn -0.0005 -0.7071 0.7071
vn -0.0009 -0.7159 0.6982
vn 0.0029 -0.4227 0.9063
vn -0.0001 -0.2587 0.9659
vn 0.0026 -0.0872 0.9962
vn -0.0011 -0.2305 0.9731
vn -0.0222 -0.5026 -0.8642
vn -0.0376 -0.4736 -0.8799
vn -0.0091 -0.0019 1.0000
vn -0.4731 -0.2839 0.8340
vn -0.0135 0.1727 0.9849
vn -0.0149 0.3421 0.9396
vn -0.0131 0.5009 0.8654
vn -0.0109 0.5852 0.8108
vn -0.6282 -0.5887 -0.5087
vn 0.0019 0.7071 0.7071
vn -0.8394 0.3106 0.4461
vn -0.0018 0.7645 0.6446
vn -0.0080 0.8653 0.5013
vn -0.0113 0.9394 0.3426
vn -0.0117 0.9848 0.1732
vn -0.0107 0.9970 0.0765
vn -0.8892 -0.4527 0.0667
vn -0.0022 0.9962 -0.0873
vn -0.9640 0.0571 0.2598
vn -0.0052 0.9851 -0.1718
vn -0.0100 0.9400 -0.3411
vn -0.0118 0.8660 -0.4999
vn -0.0106 0.7655 -0.6434
vn -0.0063 0.6414 -0.7672
vn -0.0031 0.5661 -0.8243
vn -0.9965 0.0386 -0.0742
vn 0.0001 0.4226 -0.9063
vn -0.7877 0.0531 0.6137
vn -0.0042 0.3446 -0.9388
vn -0.0115 0.1754 -0.9844
vn -0.0158 0.0009 -0.9999
vn -0.0169 -0.1737 -0.9846
vn -0.0148 -0.3430 -0.9392
vn -0.0096 -0.5018 -0.8649
vn -0.0014 -0.6451 -0.7641
vn 0.0095 -0.7685 -0.6398
vn 0.0146 -0.8147 -0.5797
vn -0.8679 -0.3797 -0.3202
vn -0.0064 -0.9063 -0.4226
vn 0.0247 -0.6079 0.7937
vn -0.0096 -0.9390 -0.3439
vn -0.0147 -0.9845 -0.1747
vn -0.0166 -0.9999 -0.0001
vn -0.0153 -0.9845 0.1745
vn -0.0109 -0.9390 0.3437
vn -0.0034 -0.8646 0.5024
vn 0.0068 -0.7637 0.6455
vn 0.0195 -0.6393 0.7687
vn 0.0260 -0.5727 0.8194
vn 0.0267 -0.5666 0.8235
vn 0.0138 -0.4226 0.9062
vn 0.0084 -0.3454 0.9384
vn -0.0017 -0.1764 0.9843
vn -0.2949 0.8619 -0.4124
vn -0.6103 0.4016 -0.6828
vn -0.3754 -0.0153 -0.9267
vn -0.0117 -0.0833 -0.9965
vn -0.0028 -0.2587 -0.9659
vn -0.0030 -0.3421 -0.9397
vn -0.0048 -0.5009 -0.8655
vn -0.0098 -0.6443 -0.7647
vn -0.0178 -0.7678 -0.6404
vn -0.0218 -0.8154 -0.5784
vn -0.0075 -0.9063 -0.4227
vn -0.0066 -0.9395 -0.3425
vn -0.0063 -0.9849 -0.1732
vn -0.0092 -1.0000 0.0014
vn -0.0114 -0.9959 0.0900
vn -0.0096 -0.9659 0.2587
vn -0.0079 -0.9400 0.3410
vn -0.0061 -0.8660 0.4999
vn -0.0074 -0.7655 0.6434
vn -0.0117 -0.6413 0.7672
vn -0.0150 -0.5658 0.8244
vn -0.0181 -0.4226 0.9061
vn -0.0139 -0.3446 0.9386
vn -0.0064 -0.1755 0.9845
vn -0.0020 -0.0009 1.0000
vn -0.0009 0.1738 0.9848
vn -0.0030 0.3431 0.9393
vn -0.0083 0.5018 0.8649
vn -0.0167 0.6451 0.7639
vn -0.0218 0.7121 0.7017
vn -0.0211 0.8190 0.5735
vn -0.0165 0.8644 0.5026
vn -0.0083 0.9389 0.3440
vn -0.0032 0.9846 0.1747
vn -0.0012 1.0000 0.0001
vn -0.0025 0.9846 -0.1745
vn -0.0071 0.9390 -0.3438
vn -0.0102 0.9048 -0.4258
vn -0.0053 0.8192 -0.5735
vn -0.0017 0.7676 -0.6410
vn 0.0040 0.6437 -0.7652
vn 0.0063 0.5001 -0.8659
vn 0.0051 0.3411 -0.9400
vn 0.0005 0.1717 -0.9852
vn -0.0075 -0.0030 -1.0000
vn 0.7057 0.6843 -0.1836
vn 0.7058 0.4063 -0.5803
vn 0.9996 0.0039 -0.0275
vn 0.9448 -0.3192 -0.0739
vn 0.8499 -0.4929 0.1862
vn -0.9997 -0.0050 -0.0225
vn -0.6233 0.4237 0.6572
vn -0.9381 -0.1316 0.3203
vn 0.3184 -0.0302 -0.9475
vn 0.6237 0.1919 -0.7578
vn 0.2271 0.5265 -0.8193
vn 0.0657 -0.9533 0.2947
vn -0.0815 -0.9817 -0.1720
vn -0.0232 0.3351 -0.9419
vn -0.1688 0.3380 -0.9259
vn -0.6026 0.4505 -0.6588
vn 0.0684 0.5453 -0.8354
vn -0.0129 0.7603 -0.6494
vn -0.2089 0.7309 -0.6498
vn 0.0627 -0.4149 0.9077
vn -0.0796 0.2528 0.9642
vn 0.0623 0.5302 0.8456
vn -0.0471 0.9727 0.2270
vn -0.0108 0.0870 0.9961
vn -0.6484 -0.1271 -0.7506
vn -0.0128 0.1725 0.9849
vn -0.0147 0.3419 0.9396
vn -0.0136 0.5007 0.8655
vn -0.0094 0.6441 0.7649
vn -0.0022 0.7678 0.6407
vn 0.0019 0.8192 0.5735
vn -0.9999 -0.0129 -0.0090
vn -0.0061 0.9063 0.4226
vn -0.8552 -0.5164 -0.0443
vn -0.0088 0.9391 0.3436
vn -0.0126 0.9846 0.1744
vn -0.0134 0.9999 -0.0002
vn -0.0110 0.9845 -0.1749
vn -0.0086 0.9620 -0.2729
vn -0.8912 -0.4007 0.2128
vn 0.0031 0.9063 -0.4226
vn -0.9327 0.1286 0.3369
vn -0.0012 0.8675 -0.4975
vn -0.0088 0.7673 -0.6413
vn -0.0135 0.6435 -0.7653
vn -0.0150 0.4999 -0.8659
vn -0.0135 0.3410 -0.9400
vn -0.0088 0.1717 -0.9851
vn -0.0012 -0.0028 -1.0000
vn 0.0031 -0.0855 -0.9963
vn -0.9993 0.0023 0.0370
vn -0.0065 -0.2587 -0.9659
vn -0.9038 0.0809 0.4203
vn -0.0085 -0.3407 -0.9401
vn -0.0112 -0.4997 -0.8661
vn -0.0109 -0.6432 -0.7656
vn -0.0075 -0.7670 -0.6416
vn -0.0012 -0.8672 -0.4979
vn 0.0078 -0.9408 -0.3389
vn 0.0114 -0.9609 -0.2765
vn -0.6337 -0.6381 -0.4374
vn -0.0180 -0.9960 -0.0872
vn -0.5028 0.7799 0.3728
vn -0.0172 -0.9999 0.0005
vn -0.0139 -0.9844 0.1751
vn -0.0075 -0.9388 0.3443
vn 0.0019 -0.8643 0.5029
vn 0.0138 -0.7633 0.6459
vn 0.0180 -0.7224 0.6912
vn -0.8367 -0.5045 0.2131
vn -0.0143 -0.5736 0.8190
vn -0.5504 0.6112 -0.5688
vn -0.0124 -0.4990 0.8665
vn -0.0071 -0.3400 0.9404
vn 0.0011 -0.1706 0.9853
vn 0.0052 -0.0932 0.9956
vn -0.8766 -0.0860 0.4734
vn -0.0053 -0.1725 -0.9850
vn -0.0032 -0.3419 -0.9397
vn -0.0043 -0.5007 -0.8656
vn -0.0086 -0.6441 -0.7649
vn -0.0159 -0.7677 -0.6406
vn -0.0200 -0.8190 -0.5734
vn -0.0118 -0.9062 -0.4226
vn -0.0092 -0.9390 -0.3437
vn -0.0053 -0.9847 -0.1744
vn -0.0045 -1.0000 0.0003
vn -0.0069 -0.9846 0.1748
vn -0.0124 -0.9389 0.3441
vn -0.0158 -0.9047 0.4257
vn -0.0122 -0.8191 0.5735
vn -0.0092 -0.7673 0.6412
vn -0.0044 -0.6436 0.7654
vn -0.0028 -0.5000 0.8660
vn -0.0044 -0.3411 0.9400
vn -0.0092 -0.1717 0.9851
vn -0.0170 0.0029 0.9999
vn -0.0212 0.0855 0.9961
vn -0.0115 0.2587 0.9659
vn -0.0094 0.3407 0.9401
vn -0.0067 0.4997 0.8662
vn -0.0071 0.6432 0.7656
vn -0.0083 0.7141 0.6999
vn -0.0138 0.8191 0.5735
vn -0.0100 0.8647 0.5021
vn -0.0037 0.9392 0.3434
vn -0.0005 0.9847 0.1741
vn -0.0006 1.0000 -0.0006
vn -0.0040 0.9845 -0.1752
vn -0.0105 0.9388 -0.3444
vn -0.0142 0.9071 -0.4206
vn -0.0041 0.7665 -0.6422
vn -0.0032 0.6426 -0.7662
vn -0.0055 0.4990 -0.8666
vn -0.0109 0.3399 -0.9404
vn -0.0145 0.2534 -0.9673
vn -0.0137 0.0872 -0.9961
vn -0.0105 0.0021 -0.9999
vn 0.7057 -0.6421 0.2995
vn 0.7058 0.5009 -0.5010
vn 0.7057 0.5009 -0.5010
vn -0.3027 0.6306 -0.7147
vn -0.6123 0.1369 -0.7787
vn -0.3491 -0.3273 -0.8781
vn -0.2701 -0.8182 0.5075
vn -0.6143 -0.3545 0.7049
vn -0.3709 0.0493 0.9274
vn 0.0005 -0.1756 -0.9845
vn -0.0075 -0.3448 -0.9386
vn -0.0117 -0.4189 -0.9080
vn -0.5592 0.0632 0.8266
vn -0.0037 -0.5735 -0.8192
vn -0.0044 -0.6431 -0.7657
vn -0.0074 -0.7670 -0.6416
vn -0.0134 -0.8671 -0.4979
vn -0.0170 -0.9063 -0.4222
vn -0.7211 -0.6298 -0.2887
vn -0.0095 -0.9659 -0.2589
vn -0.0069 -0.9845 -0.1753
vn -0.0032 -1.0000 -0.0007
vn -0.0027 -0.9847 0.1740
vn -0.0054 -0.9392 0.3433
vn -0.0112 -0.8648 0.5020
vn -0.0146 -0.8202 0.5719
vn -0.0028 -0.7071 0.7071
vn -0.0001 -0.6441 0.7649
vn 0.0039 -0.5006 0.8657
vn 0.0044 -0.3417 0.9398
vn 0.0015 -0.1722 0.9851
vn -0.0047 0.0025 1.0000
vn -0.0083 0.0855 0.9963
vn -0.4745 0.2838 -0.8333
vn -0.0028 0.2587 0.9659
vn -0.0030 0.3421 0.9397
vn -0.0048 0.5010 0.8655
vn -0.0098 0.6443 0.7647
vn -0.0178 0.7678 0.6404
vn -0.0217 0.8153 0.5786
vn -0.6293 0.5886 0.5074
vn -0.9306 -0.2302 -0.2846
vn -0.0061 0.9063 0.4227
vn -0.0048 0.9394 0.3428
vn -0.0037 0.9848 0.1735
vn -0.0057 1.0000 -0.0011
vn -0.0077 0.9958 -0.0918
vn -0.7800 0.6148 -0.1172
vn -0.0087 0.9659 -0.2587
vn -0.0072 0.9400 -0.3410
vn -0.0055 0.8660 -0.5000
vn -0.0069 0.7654 -0.6435
vn -0.0085 0.7039 -0.7102
vn -0.0053 0.5736 -0.8191
vn -0.0017 0.5020 -0.8648
vn 0.0040 0.3432 -0.9393
vn 0.0063 0.1738 -0.9848
vn 0.0051 -0.0009 -1.0000
vn 0.0054 -0.0033 1.0000
vn -0.0037 0.1712 0.9852
vn -0.0099 0.3405 0.9402
vn -0.0132 0.4995 0.8662
vn -0.0135 0.6431 0.7657
vn -0.0122 0.7224 0.6913
vn 0.0103 0.8191 0.5736
vn 0.0216 0.5816 -0.8132
vn 0.0052 0.8643 0.5030
vn -0.0043 0.9388 0.3444
vn -0.0110 0.9845 0.1753
vn -0.0146 0.9999 0.0007
vn -0.0152 0.9846 -0.1740
vn -0.0125 0.9392 -0.3433
vn -0.0068 0.8649 -0.5019
vn 0.0018 0.7640 -0.6452
vn 0.0130 0.6397 -0.7685
vn 0.0193 0.5692 -0.8219
vn 0.0233 0.5293 -0.8481
vn 0.0138 0.4226 -0.9062
vn 0.0084 0.3454 -0.9384
vn -0.0017 0.1764 -0.9843
vn -0.0091 0.0019 -1.0000
vn -0.0135 -0.1727 -0.9849
vn -0.0149 -0.3421 -0.9396
vn -0.0131 -0.5009 -0.8654
vn -0.0108 -0.5860 -0.8103
vn 0.0024 -0.7070 -0.7072
vn -0.0017 -0.7643 -0.6449
vn -0.0089 -0.8651 -0.5015
vn -0.0131 -0.9393 -0.3427
vn -0.0143 -0.9706 -0.2402
vn 0.0057 -0.9962 -0.0872
vn 0.0183 -0.2648 0.9641
vn 0.0014 -1.0000 -0.0028
vn -0.0061 -0.9851 0.1717
vn -0.0108 -0.9400 0.3410
vn -0.0124 -0.8660 0.5000
vn -0.0110 -0.7654 0.6435
vn -0.0066 -0.6414 0.7672
vn 0.0008 -0.4977 0.8674
vn 0.0108 -0.3386 0.9409
vn 0.0164 -0.2547 0.9669
vn 0.0197 -0.2135 0.9767
vn 0.0104 -0.0872 0.9961
vn 0.7057 -0.1834 0.6844
vn -0.7668 0.1889 -0.6135
vn -0.7724 -0.6338 -0.0402
vn -0.1459 0.7940 -0.5902
vn -0.5315 0.1302 -0.8370
vn -0.2696 0.9404 -0.2075
vn 0.2193 0.7868 -0.5769
vn 0.7647 -0.1918 -0.6152
vn -0.8097 -0.0927 -0.5795
vn 0.1467 -0.7961 -0.5872
vn 0.1172 -0.6363 -0.7625
vn -0.5806 -0.7582 -0.2966
vn -0.3709 -0.8401 -0.3958
vn -0.0769 0.0095 -0.9970
vn -0.6026 -0.3427 -0.7207
vn 0.2120 -0.9478 -0.2382
vn -0.2534 -0.6110 -0.7500
vn -0.5645 0.7838 -0.2587
vn -0.2381 0.5823 -0.7774
vn 0.5600 0.1582 -0.8132
vn -0.9043 0.0212 -0.4264
vn 0.2452 -0.0607 -0.9676
vn 0.8186 -0.4545 -0.3512
vn 0.7324 0.1646 -0.6607
vn 0.2217 0.9589 -0.1771
vn 0.0992 0.7920 -0.6024
vn -0.8133 0.0962 -0.5738
vn -0.1557 0.8696 -0.4686
vn 0.4870 0.7436 -0.4582
vn -0.5662 0.0184 -0.8241
vn 0.2280 0.7295 0.6448
vn -0.3366 0.6861 0.6450
vn -0.0054 -0.2960 0.9552
vn 0.6492 0.4269 0.6295
vn 0.6120 -0.6437 0.4595
vn 0.7665 -0.1332 0.6282
vn -0.7104 0.2377 0.6625
vn 0.2864 -0.0493 0.9568
vn -0.6501 -0.3475 0.6757
vn -0.1553 -0.7333 0.6619
vn 0.1640 -0.6745 0.7198
vn 0.2798 0.9354 0.2162
vn 0.6293 0.4059 0.6627
vn -0.3507 0.0179 0.9363
vn 0.4071 -0.4762 0.7794
vn 0.0075 -0.9622 -0.2721
vn -0.5820 -0.3048 0.7539
vn -0.6247 0.6104 0.4870
vn -0.4766 0.6569 -0.5842
vn -0.3086 -0.9414 0.1361
vn -0.7838 -0.0522 -0.6188
vn 0.8027 0.1031 -0.5874
vn 0.1570 -0.7939 -0.5874
vn -0.0070 0.8069 -0.5906
vn -0.4562 -0.0972 -0.8845
vn -0.3561 0.7201 -0.5955
vn 0.4378 0.7734 -0.4584
vn -0.4205 0.1893 -0.8873
vn -0.8029 -0.5762 -0.1528
vn 0.8102 -0.1024 -0.5771
vn 0.2806 -0.7753 -0.5658
vn -0.6694 -0.1225 -0.7327
vn 0.7685 0.2749 -0.5778
vn -0.7491 -0.0147 -0.6623
vn -0.2955 0.8398 -0.4554
vn 0.0777 -0.8297 -0.5528
vn -0.1705 -0.9785 0.1158
vn -0.0985 -0.0827 -0.9917
vn -0.3752 -0.6808 -0.6291
vn 0.3755 -0.7133 -0.5918
vn -0.1322 0.8346 0.5347
vn -0.0167 0.7652 0.6436
vn 0.6331 0.4708 0.6144
vn 0.0345 0.2041 0.9783
vn 0.7974 0.2974 0.5251
vn 0.6829 -0.1843 0.7069
vn 0.6856 -0.2224 0.6931
vn 0.3843 -0.6823 0.6219
vn -0.1946 0.3418 0.9194
vn -0.0767 -0.6519 0.7545
vn -0.2721 -0.7286 0.6286
vn 0.2848 0.0878 0.9546
vn -0.7314 -0.1454 0.6663
vn 0.1635 0.1317 0.9777
vn -0.5457 0.5165 0.6599
vn 0.6183 0.3119 0.7215
vn 0.7781 0.0297 0.6274
vn 0.3556 0.0133 0.9346
vn 0.9802 0.1014 0.1701
vn 0.7745 0.0078 0.6325
vn 0.6717 0.6623 0.3319
vn 0.1110 0.6854 0.7197
vn -0.0461 0.8764 0.4794
vn -0.5708 -0.5740 -0.5871
vn -0.6752 -0.6506 0.3477
vn -0.9807 -0.1072 0.1638
vn -0.5683 0.5756 -0.5880
vn -0.7606 -0.2451 0.6012
vn -0.9179 0.2762 0.2849
vn -0.3732 -0.0038 0.9277
vn -0.7576 -0.6525 0.0188
vn -0.5695 -0.4515 0.6869
vn -0.5146 0.4291 0.7424
vn -0.9231 -0.0382 0.3828
vn -0.4676 0.6156 0.6343
vn -0.2380 0.5843 0.7758
vn 0.1655 0.5588 0.8126
vn 0.3756 0.9232 -0.0811
vn -0.0590 0.6096 0.7905
vn 0.7226 0.6862 0.0836
vn -0.0803 0.2829 0.9558
vn 0.9625 0.2700 0.0253
vn 0.9869 0.1078 0.1204
vn 0.5366 -0.5676 0.6244
vn 0.0205 -0.1476 0.9888
vn 0.7756 -0.6177 0.1299
vn -0.1422 0.3359 0.9311
vn -0.0835 0.3827 0.9201
vn 0.1485 0.1502 0.9774
vn 0.7754 0.6303 -0.0369
vn 0.6405 0.3556 -0.6807
vn 0.3880 0.6830 -0.6188
vn -0.1289 -0.5785 -0.8054
vn -0.0070 -0.0396 -0.9992
vn 0.1041 -0.0864 -0.9908
vn 0.0181 0.0194 -0.9996
vn 0.5605 -0.0031 -0.8282
vn 0.6018 0.7953 -0.0729
vn 0.0053 -0.0340 -0.9994
vn 0.1009 0.9124 -0.3967
vn 0.2173 -0.8490 -0.4816
vn 0.0350 -0.0152 -0.9993
vn 0.6599 0.1222 -0.7414
vn 0.0669 0.0977 -0.9930
vn 0.0777 0.7261 -0.6832
vn -0.0194 0.0430 -0.9989
vn -0.3823 0.7102 -0.5911
vn -0.0144 -0.0260 -0.9996
vn 0.0170 -0.0155 -0.9997
vn -0.0084 0.0238 -0.9997
vn 0.1729 -0.5003 -0.8484
vn -0.2626 -0.9433 -0.2031
vn -0.0762 0.0192 -0.9969
vn -0.0121 0.0306 -0.9995
vn -0.0042 0.0282 -0.9996
vn -0.0064 0.0087 -0.9999
vn -0.0064 -0.0053 -1.0000
vn -0.0184 0.1358 -0.9906
vn 0.1469 0.9888 -0.0257
vn -0.0019 -0.0058 -1.0000
vn 0.0069 0.0014 -1.0000
vn 0.0547 -0.0072 -0.9985
vn -0.0276 -0.0080 -0.9996
vn 0.0208 -0.0350 -0.9992
vn -0.0830 -0.8597 0.5040
vn 0.5819 -0.5656 -0.5844
vn 0.6689 -0.6945 0.2651
vn 0.1217 -0.8752 0.4683
vn 0.7398 0.2285 0.6328
vn 0.8148 -0.0920 -0.5724
vn -0.2177 0.7833 -0.5822
vn -0.8799 0.4742 -0.0289
vn -0.7414 -0.1722 -0.6486
vn -0.9368 -0.3490 -0.0256
vn -0.1030 -0.7869 -0.6085
vn 0.4038 -0.9145 -0.0239
vn 0.1198 -0.6013 -0.7900
vn 0.6591 -0.7207 -0.2150
vn -0.5960 -0.5998 -0.5338
vn -0.8598 0.4923 -0.1360
vn -0.6685 -0.1124 -0.7351
vn 0.9056 0.0226 -0.4236
vn 0.4980 0.8035 -0.3263
vn -0.0299 0.0540 -0.9981
vn 0.4555 0.5060 -0.7325
vn 0.2638 0.6049 0.7513
vn -0.6448 0.6803 0.3486
vn -0.4280 -0.6660 0.6110
vn 0.1172 0.5926 -0.7969
vn -0.4353 0.8551 -0.2817
vn 0.6470 0.5962 -0.4753
vn 0.4162 0.7350 0.5354
vn 0.9773 0.0363 -0.2086
vn 0.5774 -0.7206 -0.3837
vn -0.0937 -0.9865 -0.1340
vn -0.5554 -0.6321 -0.5403
vn -0.9815 -0.1816 -0.0600
vn -0.7998 0.2475 -0.5469
vn 0.1414 -0.0386 -0.9892
vn -0.0145 -0.1340 -0.9909
vn 0.2572 -0.1840 -0.9487
vn -0.7575 0.1679 -0.6309
vn 0.2401 -0.7942 0.5581
vn 0.4849 -0.6005 0.6358
vn 0.1775 0.9729 0.1482
vn -0.9849 0.1723 0.0137
vn 0.2690 0.9631 -0.0051
vn 0.9181 0.3964 -0.0046
vn 0.0557 -0.1149 0.9918
vn 0.6806 -0.1543 -0.7162
vn 0.7838 0.2229 -0.5796
vn -0.4377 0.8121 -0.3860
vn 0.8126 0.0914 -0.5756
vn -0.2601 0.5802 -0.7718
vn 0.0729 0.9929 -0.0942
vn 0.2107 0.5992 -0.7724
vn 0.0883 -0.6063 -0.7903
vn 0.7143 -0.6897 -0.1188
vn 0.2400 -0.9653 -0.1027
vn -0.4809 -0.8713 -0.0978
vn -0.3604 -0.5906 -0.7220
vn -0.5669 -0.7095 -0.4187
vn -0.0581 -0.0414 -0.9975
vn 0.5331 -0.1364 -0.8350
vn 0.9434 0.3133 -0.1089
vn 0.9945 -0.0801 0.0675
vn 0.7425 -0.6568 -0.1313
vn -0.6916 0.6529 -0.3088
vn 0.9968 -0.0184 -0.0774
vn -0.4302 -0.0434 -0.9017
vn -0.0789 0.5649 -0.8214
vn -0.1028 -0.8855 -0.4531
vn 0.1231 0.2231 -0.9670
vn 0.8819 -0.3051 -0.3595
vn -0.9315 0.2738 -0.2393
vn 0.1921 -0.1813 -0.9645
vn -0.0534 -0.1965 -0.9790
vn -0.1331 -0.1156 -0.9843
vn -0.3725 -0.0872 -0.9239
vn -0.0843 0.2411 -0.9668
vn -0.6097 0.2811 -0.7411
vn -0.8216 -0.1401 -0.5526
vn -0.2176 -0.7899 -0.5733
vn -0.5637 0.8122 -0.1501
vn -0.8314 0.5556 -0.0109
vn -0.8679 0.4964 -0.0155
vn -0.8712 0.4909 -0.0091
vn -0.8712 0.4909 -0.0087
vn -0.9599 0.2803 0.0029
vn -0.8311 0.0981 -0.5474
vn -0.5955 -0.2784 -0.7536
vn -0.1809 -0.6425 -0.7447
vn 0.5266 -0.7335 -0.4297
vn 0.2325 0.2168 0.9481
vn 0.9106 0.4117 0.0364
vn 0.3057 0.9247 -0.2268
vn -0.3123 0.5250 -0.7917
vn 0.8175 -0.1465 0.5571
vn -0.9199 0.2599 0.2935
vn -0.4588 -0.3910 -0.7979
vn -0.7280 0.5887 -0.3513
vn 0.9253 -0.1418 0.3516
vn 0.9248 -0.1136 0.3631
vn 0.4205 -0.2281 -0.8782
vn 0.8110 0.0416 -0.5835
vn 0.3659 -0.7562 -0.5424
vn 0.1055 -0.0296 0.9940
vn 0.1798 -0.0829 0.9802
vn 0.0457 0.3140 -0.9483
vn -0.4701 -0.7684 -0.4343
vn 0.6401 0.2441 -0.7284
vn 0.6535 0.7140 -0.2513
vn 0.9149 -0.3967 -0.0748
vn 0.4908 -0.8171 0.3025
vn -0.2060 -0.9637 -0.1700
vn -0.9509 -0.1359 -0.2780
vn -0.5282 0.8468 -0.0627
vn -0.0115 0.0285 -0.9995
vn -0.0704 0.0009 -0.9975
vn -0.0443 0.0924 -0.9947
vn 0.0025 -0.0324 -0.9995
vn -0.0192 0.0149 -0.9997
vn 0.0182 -0.0338 -0.9993
vn 0.5718 0.5678 -0.5921
vn 0.0397 0.0211 -0.9990
vn 0.0470 -0.0493 -0.9977
vn 0.9347 -0.2433 -0.2590
vn -0.0341 0.0828 -0.9960
vn 0.0217 0.0387 -0.9990
vn 0.1153 0.0117 -0.9933
vn -0.4623 0.8158 0.3475
vn 0.7964 -0.2840 0.5340
vn 0.9892 -0.1464 0.0043
vn 0.9311 -0.3647 -0.0076
vn 0.9173 -0.3981 -0.0096
vn 0.8658 -0.5002 -0.0169
vn 0.8658 -0.5002 -0.0170
vn 0.8469 -0.5314 -0.0193
vn 0.8446 -0.5350 -0.0202
vn 0.7568 0.2910 -0.5854
vn 0.6306 -0.4907 -0.6012
vn -0.8839 -0.4673 -0.0180
vn 0.7338 -0.6790 -0.0200
vn -0.6487 0.4999 -0.5738
vn 0.9989 -0.0466 0.0072
vn 0.7542 -0.6564 -0.0187
vn 0.7542 -0.6564 -0.0186
vn 0.2160 -0.7818 -0.5849
vn -0.0177 -0.1057 0.9942
vn 0.1789 -0.2130 0.9605
vn -0.2523 -0.5027 0.8268
vn -0.0148 -0.4584 0.8886
vn -0.0189 0.0645 0.9977
vn 0.1590 0.3959 0.9044
vn 0.0363 0.3125 0.9492
vn 0.1005 0.1103 0.9888
vn 0.3716 -0.2753 0.8866
vn 0.3874 -0.5480 0.7414
vn 0.3151 0.1813 0.9316
vn 0.4600 -0.4030 0.7912
vn 0.5389 -0.5815 0.6095
vn -0.5314 -0.1435 0.8349
vn -0.4900 -0.1989 0.8487
vn -0.9967 0.0159 -0.0798
vn -0.9028 0.4214 0.0855
vn -0.6339 0.0134 0.7733
vn -0.6087 0.7913 -0.0580
vn 0.1058 0.7549 0.6473
vn 0.7925 0.6090 0.0337
vn 0.3188 -0.6524 0.6875
vn -0.3425 -0.9341 -0.1004
vn -0.4743 -0.8800 -0.0253
vn -0.5445 -0.5026 0.6715
vn -0.9283 -0.3652 0.0694
vn 0.4006 -0.9158 0.0286
vn -0.5083 0.6059 0.6120
vn 0.7887 -0.0656 0.6112
vn 0.3865 0.7235 0.5720
vn -0.6962 -0.3613 0.6203
vn -0.2298 0.6970 0.6793
vn -0.5131 -0.6953 0.5033
vn -0.1500 -0.1805 0.9721
vn 0.1903 -0.6835 0.7047
vn 0.6354 -0.0242 0.7718
vn 0.4106 0.6792 0.6084
vn -0.8196 -0.0611 0.5697
vn -0.9907 -0.1307 -0.0371
vn -0.3019 -0.3430 0.8895
vn -0.0668 0.4837 0.8727
vn -0.0346 0.9992 -0.0224
vn 0.1580 0.4350 0.8865
vn 0.1847 -0.3494 0.9186
vn 0.1935 -0.8605 0.4712
vn 0.4918 -0.6660 0.5608
vn 0.3260 0.7670 0.5527
vn -0.8034 -0.1464 0.5772
vn 0.3447 -0.7573 0.5547
vn 0.9079 -0.2855 0.3069
vn -0.8592 0.2565 0.4428
vn 0.0008 -0.8863 0.4631
vn 0.7318 0.6813 0.0183
vn 0.5716 -0.5828 0.5776
vn 0.6919 0.3932 0.6055
vn -0.7075 -0.7067 0.0074
vn -0.7152 -0.6989 0.0010
vn -0.3609 0.7526 0.5508
vn -0.1109 0.2312 0.9666
vn 0.3659 0.2823 -0.8868
vn -0.0186 -0.7522 -0.6586
vn -0.5660 -0.5340 -0.6281
vn 0.7900 0.0995 -0.6050
vn 0.5516 -0.5641 -0.6144
vn 0.0360 -0.0171 -0.9992
vn 0.2656 0.7292 -0.6307
vn -0.4237 0.5517 -0.7184
vn -0.7663 0.1350 -0.6282
vn -0.3054 -0.6351 -0.7095
vn 0.7077 -0.3989 -0.5831
vn 0.1414 -0.9858 0.0900
vn -0.5836 0.2561 -0.7706
vn -0.8772 -0.3895 -0.2807
vn 0.9408 0.3388 -0.0011
vn 0.1539 0.0834 -0.9846
vn 0.3184 0.0539 -0.9464
vn 0.4123 -0.2339 -0.8805
vn 0.2491 0.4458 -0.8598
vn 0.6821 0.3595 -0.6368
vn -0.7607 -0.2232 -0.6096
vn -0.1719 0.7727 -0.6111
vn 0.4275 -0.6783 -0.5976
vn -0.5170 -0.8502 -0.0994
vn -0.8234 0.5473 -0.1500
vn 0.7143 0.6853 -0.1420
vn 0.7558 -0.6485 -0.0906
vn -0.8362 -0.4235 0.3485
vn 0.0000 0.0002 1.0000
vn -0.1640 -0.8127 0.5592
vn 0.1911 -0.7793 0.5968
vn 0.3104 -0.6418 0.7012
vn -0.3891 -0.7314 0.5601
vn -0.9169 -0.1180 0.3813
vn -0.6541 -0.0960 0.7503
vn -0.4187 0.5994 0.6822
vn -0.4228 -0.2126 0.8809
vn 0.0146 0.8409 0.5410
vn 0.1484 -0.3384 0.9292
vn 0.6121 0.7720 0.1712
vn 0.5706 0.0245 0.8208
vn 0.8191 -0.4352 0.3737
vn 0.9411 -0.0103 0.3380
vn 0.6812 -0.0721 0.7286
vn 0.8772 0.0329 0.4790
vn -0.6511 0.4609 0.6030
vn -0.3470 -0.6750 0.6511
vn 0.4299 0.7082 0.5600
vn 0.5285 0.2559 0.8095
vn 0.7151 0.6990 0.0025
vn -0.5664 0.8128 0.1362
vn 0.0103 0.9999 -0.0035
vn 0.0064 0.9999 -0.0095
vn -0.7431 0.6691 -0.0071
vn 0.5940 0.5610 0.5766
vn -0.8438 -0.4170 0.3377
vn 0.4381 -0.7032 0.5600
vn 0.1776 -0.2809 0.9432
vn -0.9152 -0.1904 0.3552
vn -0.0610 0.8126 0.5796
vn -0.5193 0.4571 0.7221
vn 0.8667 0.3673 0.3374
vn 0.4482 0.6921 0.5658
vn 0.5100 0.6327 0.5827
vn 0.6035 -0.5524 0.5750
vn -0.1260 0.4974 0.8583
vn 0.7457 -0.6663 -0.0045
vn 0.6850 0.5878 0.4304
vn 0.1712 0.9851 0.0129
vn 0.2073 0.9501 0.2330
vn 0.0452 -0.7823 -0.6213
vn -0.8179 -0.0091 -0.5752
vn -0.0654 0.8043 -0.5906
vn 0.7940 0.0513 -0.6057
vn -0.8866 -0.4351 -0.1567
vn 0.0652 0.9853 -0.1576
vn 0.8220 -0.5274 -0.2150
vn 0.9869 0.1606 0.0127
vn 0.2271 -0.2760 0.9339
vn 0.5884 0.5913 0.5515
vn 0.7979 0.0043 0.6028
vn 0.7366 -0.3355 0.5873
vn -0.9089 0.2850 0.3045
vn 0.8602 -0.2513 0.4438
vn -0.3403 0.7616 0.5515
vn -0.3263 -0.7667 0.5529
vn -0.4919 0.6660 0.5608
vn -0.3784 0.9008 0.2129
vn -0.9983 -0.0540 -0.0206
vn -0.7561 -0.2644 0.5986
vn -0.7869 0.0061 0.6170
vn -0.5889 0.5896 0.5528
vn -0.2562 0.9661 0.0310
vn -0.2098 0.3656 0.9068
vn -0.4384 0.4397 0.7839
vn -0.0613 0.0285 0.9977
vn 0.1337 0.4415 0.8872
vn 0.7883 0.6153 0.0056
vn 0.4805 0.3151 0.8184
vn 0.4954 0.3277 0.8045
vn 0.6730 0.3889 0.6292
vn 0.1534 0.9882 -0.0037
vn -0.6701 0.4265 0.6075
vn -0.0276 -0.9996 -0.0014
vn 0.0053 -0.7778 0.6285
vn 0.2918 -0.9565 -0.0030
vn -0.1659 -0.9861 0.0005
vn -0.0494 -0.0322 0.9983
vn 0.0899 -0.9636 -0.2518
vn 0.1303 -0.9914 0.0088
vn 0.0112 -0.9971 0.0752
vn -0.2765 0.4989 0.8214
vn 0.0855 -0.9784 -0.1885
vn 0.0485 -0.9943 0.0947
vn 0.1179 -0.9929 -0.0186
vn -0.2137 0.8954 -0.3906
vn 0.1134 0.8162 -0.5665
vn 0.0791 0.5929 -0.8014
vn 0.9425 0.1421 0.3024
vn 0.5220 -0.5473 -0.6541
vn 0.1123 -0.7748 -0.6221
vn 0.2152 0.8757 0.4322
vn -0.6173 0.7794 0.1071
vn -0.1735 0.1697 0.9701
vn -0.4310 -0.2802 0.8577
vn -0.7304 -0.6827 0.0174
vn -0.8366 -0.3875 0.3872
vn 0.0721 -0.9974 0.0015
vn 0.0598 -0.9874 0.1467
vn 0.1700 -0.4575 0.8728
vn 0.3726 0.9268 -0.0477
vn 0.2248 0.9734 -0.0441
vn 0.0003 0.6976 -0.7164
vn -0.0175 0.6946 -0.7192
vn -0.3492 -0.7001 -0.6228
vn -0.7276 0.2376 -0.6435
vn 0.4084 0.0303 0.9123
vn 0.7308 0.6824 0.0145
vn -0.7760 0.1376 -0.6156
vn -0.9889 0.0795 -0.1256
vn 0.0737 0.8074 -0.5853
vn 0.1707 0.9825 -0.0738
vn 0.9946 0.0619 -0.0839
vn 0.7835 -0.1015 -0.6130
vn 0.1371 -0.9843 -0.1108
vn -0.1619 -0.7682 -0.6194
vn -0.4369 0.2895 -0.8517
vn 0.6675 0.3189 -0.6729
vn 0.0246 0.6693 -0.7426
vn 0.2500 0.1546 -0.9558
vn -0.2599 -0.7192 -0.6444
vn -0.7519 -0.1596 -0.6397
vn -0.5443 0.5281 -0.6518
vn 0.8286 -0.0887 -0.5528
vn 0.4871 -0.6243 -0.6107
vn 0.5819 0.5009 -0.6407
vn -0.7355 0.3134 -0.6006
vn -0.0295 -0.5562 0.8305
vn 0.3392 0.5891 0.7334
vn -0.3245 0.1976 0.9250
vn 0.9442 -0.3285 0.0237
vn 0.3180 -0.7742 0.5473
vn 0.3579 0.1988 0.9123
vn -0.7428 -0.2661 0.6144
vn 0.3620 0.1997 0.9106
vn -0.2759 0.7896 0.5481
vn -0.4156 -0.3887 0.8223
vn 0.1732 -0.4097 -0.8956
vn 0.4155 0.0019 -0.9096
vn 0.2583 0.5210 -0.8135
vn -0.1198 0.6982 -0.7058
vn 0.1178 0.5116 -0.8511
vn -0.7886 0.3194 -0.5255
vn -0.0045 0.9983 -0.0582
vn 0.8906 0.4421 -0.1068
vn 0.8912 0.3599 -0.2761
vn 0.9888 -0.1466 0.0277
vn 0.7445 -0.0324 -0.6668
vn 0.5316 -0.2438 -0.8112
vn 0.3623 -0.9108 -0.1980
vn 0.2707 -0.8791 -0.3923
vn -0.6884 -0.4120 -0.5970
vn -0.1208 -0.7084 -0.6954
vn -0.0137 -0.6962 -0.7177
vn 0.1148 -0.6982 -0.7067
vn -0.1181 -0.8153 -0.5669
vn -0.4197 -0.8755 -0.2395
vn 0.8057 -0.3376 -0.4868
vn 0.8160 0.5704 -0.0938
vn -0.1774 -0.4449 -0.8778
vn -0.1126 -0.7975 -0.5928
vn -0.9313 -0.3593 0.0595
vn -0.6812 -0.1394 -0.7187
vn -0.6628 0.1416 -0.7352
vn -0.9413 0.3375 0.0009
vn -0.5007 0.8654 0.0176
vn -0.1345 0.9909 -0.0003
vn 0.1794 0.6629 -0.7269
vn 0.4847 0.7707 -0.4136
vn 0.4488 0.2393 -0.8610
vn -0.0321 -0.4503 -0.8923
vn -0.3038 0.4278 -0.8513
vn -0.8252 0.5388 -0.1697
vn -0.1433 0.2784 -0.9497
vn -0.5437 0.0842 -0.8350
vn 0.0138 -0.7857 -0.6184
vn -0.5553 -0.4285 -0.7128
vn 0.3974 -0.1587 -0.9038
vn -0.0493 0.4175 -0.9073
vn -0.1343 0.0058 -0.9909
vn -0.0117 0.4905 -0.8714
vn 0.0000 -0.0002 -1.0000
vn 0.4919 0.0370 -0.8699
vn -0.1997 -0.3426 -0.9180
vn 0.2590 0.3867 -0.8851
vn 0.0573 0.0591 -0.9966
vn 0.4096 0.8822 -0.2325
vn 0.0315 -0.6806 -0.7320
vn -0.0000 -0.0003 -1.0000
vn -0.4517 0.8866 -0.0997
vn -0.9874 0.1580 -0.0008
vn -0.6342 0.3327 -0.6979
vn -0.5340 0.4952 -0.6852
vn -0.1245 0.9786 -0.1636
vn 0.0329 0.9995 -0.0023
vn 0.0356 0.9962 -0.0800
vn 0.7065 0.7077 -0.0097
vn 0.4566 0.4505 -0.7672
vn -0.5758 -0.7628 0.2942
vn -0.0551 -0.6528 -0.7555
vn -0.0814 -0.9845 -0.1555
vn -0.6956 -0.6926 -0.1909
vn 0.0397 -0.9980 -0.0498
vn -0.1131 -0.9924 -0.0494
vn -0.4362 -0.7893 -0.4322
vn 0.4197 -0.8256 -0.3771
vn -0.9686 0.0401 -0.2453
vn -0.4646 -0.0596 -0.8835
vn 0.2059 0.0686 -0.9762
vn 0.1626 0.0496 -0.9854
vn 0.3717 -0.9238 -0.0920
vn 0.7940 -0.0579 -0.6052
vn -0.9964 0.0206 0.0823
vn -0.7746 -0.3312 0.5388
vn -0.3003 0.0579 0.9521
vn -0.5262 0.8488 0.0520
vn -0.7616 -0.2050 -0.6147
vn -0.4547 -0.5065 -0.7326
vn -0.4255 0.6651 0.6137
vn 0.6096 0.7020 -0.3683
vn -0.0551 0.8279 -0.5582
vn -0.6382 0.6749 -0.3705
vn -0.5328 -0.7295 -0.4289
vn -0.5269 -0.6264 -0.5745
vn -0.0749 -0.0818 0.9938
vn -0.3396 -0.7322 0.5905
vn 0.2608 -0.7509 0.6067
vn -0.0874 0.0694 0.9938
vn 0.0003 -0.0007 1.0000
vn -0.4578 -0.7408 0.4915
vn 0.0661 0.0900 0.9937
vn 0.3857 0.1892 0.9030
vn 0.0837 -0.0620 0.9946
vn 0.2366 -0.3828 0.8930
vn 0.0471 -0.0092 0.9988
vn -0.2373 0.8673 0.4376
vn -0.0471 0.4299 -0.9016
vn -0.0204 -0.9774 0.2106
vn 0.8029 0.1467 0.5778
vn -0.7814 0.0363 -0.6230
vn -0.7808 0.6152 -0.1094
vn 0.0825 0.8013 -0.5925
vn 0.5816 0.8111 -0.0621
vn 0.7752 0.0368 -0.6307
vn 0.8962 -0.4327 -0.0976
vn 0.0971 -0.7974 -0.5956
vn -0.5694 -0.8158 -0.1017
vn -0.5585 -0.5879 0.5852
vn -0.1934 -0.9755 -0.1046
vn 0.0040 -0.9999 -0.0114
vn -0.0291 -0.9994 0.0185
vn -0.1701 -0.9854 0.0070
vn -0.0141 -0.9999 0.0018
vn -0.0374 -0.9974 0.0618
vn -0.0440 -0.9938 0.1020
vn -0.3444 -0.3808 -0.8581
vn -0.1899 -0.4066 -0.8936
vn -0.0776 -0.0797 -0.9938
vn -0.0966 0.1519 -0.9837
vn -0.0777 0.0780 -0.9939
vn -0.4117 0.6591 -0.6294
vn 0.6749 0.2701 -0.6866
vn -0.3834 -0.1216 -0.9155
vn 0.1497 -0.9861 -0.0726
vn 0.3059 -0.9422 0.1371
vn -0.3903 -0.9163 -0.0898
vn 0.1490 -0.9774 -0.1499
vn -0.1181 -0.9929 -0.0125
vn -0.1596 -0.9861 -0.0470
vn -0.0016 -1.0000 0.0095
vn -0.8002 0.0206 -0.5993
vn 0.6068 0.3016 -0.7354
vn -0.6934 0.7205 0.0104
vn 0.7592 0.2162 -0.6139
vn 0.6083 -0.6984 -0.3770
vn 0.7741 -0.2007 -0.6004
vn 0.9999 0.0025 0.0107
vn -0.8972 0.4344 -0.0803
vn -0.9614 -0.2750 0.0074
vn -0.9942 -0.0715 0.0804
vn -0.0490 -0.9985 0.0239
vn -0.3581 -0.9305 0.0766
vn 0.5331 -0.5939 -0.6026
vn 0.4828 -0.4662 -0.7413
vn 0.9250 0.3783 0.0340
vn 0.9242 0.3808 0.0287
vn 0.5570 0.8147 -0.1615
vn -0.1438 0.9890 0.0355
vn -0.2353 0.9646 0.1192
vn 0.0247 0.9922 -0.1221
vn 0.0248 0.9989 -0.0387
vn -0.2057 -0.7031 -0.6807
vn -0.7358 0.6753 0.0507
vn 0.1168 -0.4855 -0.8664
vn -0.9034 0.4270 -0.0404
vn 0.9317 0.1879 -0.3110
vn -0.9100 -0.3747 0.1775
vn -0.8624 -0.5057 0.0223
vn -0.2645 -0.0924 -0.9600
vn 0.4521 -0.8672 0.2088
vn -0.3294 0.1978 -0.9232
vn 0.1431 0.0919 -0.9854
vn 0.8931 -0.4356 -0.1123
vn 0.2605 0.0699 -0.9629
vn 0.9359 0.3502 0.0378
vn 0.8958 0.4360 0.0865
vn 0.7715 0.6355 -0.0295
vn 0.7725 -0.0118 -0.6349
vn 0.9989 -0.0443 0.0138
vn 0.9994 -0.0323 -0.0138
vn -0.9623 -0.2700 -0.0323
vn -0.0695 0.9974 -0.0212
vn 0.5213 0.1453 0.8409
vn -0.2916 0.3371 0.8952
vn 0.7303 -0.6830 -0.0123
vn -0.7876 -0.2110 0.5789
vn 0.1682 -0.6773 0.7162
vn 0.8540 -0.3551 0.3802
vn 0.1109 0.0653 0.9917
vn 0.3069 0.6202 0.7219
vn -0.0647 0.3552 0.9326
vn 0.0119 -0.9998 -0.0183
vn 0.0385 -0.9940 0.1028
vn -0.0521 -0.9985 -0.0149
vn -0.0206 -0.9987 0.0461
vn 0.5537 -0.6347 -0.5391
vn -0.6479 -0.6455 -0.4044
vn 0.9186 -0.3951 -0.0081
vn -0.9990 -0.0086 -0.0431
vn -0.9999 0.0026 -0.0118
vn -0.9998 -0.0200 0.0016
vn -0.9995 0.0151 0.0277
vn -0.7535 -0.1180 -0.6467
vn 0.0671 0.6087 -0.7906
vn -0.7666 -0.6414 0.0289
vn 0.1548 -0.4247 -0.8920
vn 0.1042 -0.3854 -0.9168
vn 0.2266 0.0236 -0.9737
vn 0.2319 -0.1131 -0.9661
vn 0.3021 -0.4578 -0.8362
vn 0.3738 -0.1500 -0.9153
vn 0.2430 -0.2271 -0.9431
vn -0.2216 0.1776 -0.9588
vn -0.8539 -0.0034 -0.5204
vn -0.2049 -0.2606 -0.9435
vn 0.2298 -0.3753 -0.8979
vn 0.0690 -0.9834 -0.1677
vn -0.2492 0.2340 -0.9397
vn -0.0280 -0.1072 -0.9938
vn -0.1452 -0.5080 -0.8490
vn 0.0608 -0.9973 -0.0401
vn -0.5363 -0.8430 -0.0412
vn -0.3072 -0.9516 -0.0043
vn -0.9973 -0.0402 0.0622
vn -0.9946 -0.0549 0.0878
vn -0.9276 -0.3642 -0.0835
vn 0.5301 -0.8036 -0.2705
vn 0.4797 -0.7874 0.3871
vn -0.8693 -0.2623 0.4190
vn -0.6037 0.0407 0.7962
vn 0.5869 -0.8094 0.0209
vn 0.8676 -0.4911 0.0777
vn 0.9341 -0.3440 0.0954
vn -0.7719 -0.6337 0.0506
vn -0.6927 -0.7212 0.0063
vn -0.8458 -0.5293 0.0666
vn -0.0009 0.4795 -0.8775
vn 0.0685 -0.0072 -0.9976
vn -0.8266 -0.0049 -0.5628
vn -0.7640 0.4730 -0.4388
vn 0.2534 -0.8375 -0.4842
vn -0.0214 -0.0007 -0.9998
vn -0.2214 -0.7630 -0.6073
vn -0.6253 -0.0083 -0.7803
vn -0.5348 -0.7899 -0.3001
vn -0.7799 -0.5890 0.2118
vn -0.5414 -0.7985 -0.2633
vn -0.5972 -0.7852 0.1636
vn -0.3318 -0.7932 0.5107
vn -0.2933 -0.0108 0.9560
vn -0.0979 -0.9223 0.3738
vn -0.0314 -0.6682 0.7433
vn -0.5648 -0.0650 0.8227
vn 0.6731 -0.6433 0.3649
vn 0.6467 0.3575 0.6738
vn 0.5067 -0.0066 0.8621
vn 0.4821 -0.0505 0.8747
vn 0.5907 -0.7993 -0.1106
vn 0.6461 -0.7462 -0.1604
vn 0.3056 -0.0831 -0.9485
vn -0.9075 -0.0088 0.4200
vn -0.7628 0.4715 0.4426
vn 0.0007 0.4748 0.8801
vn 0.7639 0.4710 0.4412
vn 0.2540 0.8642 0.4343
vn 0.7637 0.4722 -0.4402
vn 0.5023 0.8647 0.0061
vn 0.2561 0.8696 -0.4221
vn -0.2553 0.8696 -0.4225
vn -0.5022 0.8647 0.0049
vn -0.2552 0.8642 0.4336
vn -0.5301 0.6843 -0.5006
vn -0.8389 0.5236 -0.1489
vn -0.7179 0.6545 0.2373
vn -0.1724 0.6318 -0.7557
vn 0.0277 -0.0474 -0.9985
vn -0.8092 -0.0738 -0.5829
vn -0.9949 -0.1013 -0.0001
vn -0.6061 -0.0317 0.7948
vn -0.4012 0.6444 0.6510
vn -0.3082 -0.0740 0.9484
vn 0.3916 -0.6959 0.6020
vn -0.0079 0.6290 0.7774
vn 0.5319 0.6358 0.5593
vn 0.9803 -0.1977 0.0001
vn 0.7413 0.6518 0.1601
vn 0.6793 0.6500 -0.3407
vn 0.8058 -0.0894 -0.5854
vn 0.3996 0.6324 -0.6636
vn -0.0936 -0.0112 0.9955
vn 0.0658 -0.9978 -0.0036
vn 0.0179 -0.9985 -0.0515
vn -0.0417 -0.9987 -0.0300
vn -0.0438 -0.9985 0.0323
vn 0.8154 -0.0110 0.5788
vn 0.9055 -0.0119 -0.4241
vn 0.0048 1.0000 0.0023
vn 0.0042 0.9997 -0.0226
vn 0.0160 0.9999 0.0059
vn 0.0023 0.9998 0.0215
vn -0.0049 1.0000 -0.0001
vn 0.0050 1.0000 -0.0022
vn 0.0004 0.4754 -0.8798
vn 0.0769 -0.0039 -0.9970
vn -0.8169 -0.0074 -0.5767
vn -0.7637 0.4716 -0.4410
vn -0.4189 -0.0754 -0.9049
vn 0.0432 -0.6915 -0.7211
vn -0.6888 -0.6083 -0.3943
vn -0.4637 -0.8000 -0.3806
vn -0.0855 -0.8130 -0.5759
vn -0.6210 -0.7790 0.0869
vn -0.6466 -0.6298 0.4305
vn -0.3575 -0.8006 0.4808
vn -0.2875 -0.0166 0.9576
vn 0.0625 -0.8337 0.5487
vn 0.0449 -0.6449 0.7629
vn -0.4534 -0.0532 0.8897
vn 0.8426 -0.0257 0.5379
vn 0.5222 -0.7991 0.2978
vn 0.2951 -0.8613 0.4137
vn 0.5181 -0.0458 0.8541
vn 0.6142 -0.7697 -0.1742
vn 0.9894 -0.0485 -0.1369
vn 0.9958 -0.0547 -0.0735
vn 0.3434 -0.7953 -0.4996
vn 0.4917 -0.0353 -0.8700
vn 0.4797 -0.6556 -0.5832
vn 0.2117 0.0040 -0.9773
vn -0.9094 -0.0149 0.4156
vn -0.7639 0.4722 0.4399
vn 0.0019 0.4792 0.8777
vn 0.7641 0.4726 0.4391
vn 0.2553 0.8697 0.4225
vn 0.7624 0.4716 -0.4431
vn 0.5022 0.8647 -0.0049
vn 0.2552 0.8642 -0.4336
vn -0.2540 0.8642 -0.4343
vn -0.5023 0.8647 -0.0061
vn -0.2561 0.8696 0.4221
vn 0.5850 0.6573 -0.4750
vn 0.6642 0.6503 0.3687
vn 0.8309 0.5342 -0.1556
vn 0.2974 0.6454 0.7036
vn -0.5464 0.6880 0.4776
vn -0.2433 0.5538 0.7963
vn 0.5759 -0.0344 -0.8168
vn -0.3136 0.6453 -0.6966
vn 0.1811 0.6338 -0.7520
vn -0.3075 -0.0977 -0.9465
vn -0.8050 -0.0708 -0.5890
vn -0.6475 0.6683 -0.3662
vn -0.7781 0.6257 0.0551
vn -0.8068 -0.0806 0.5853
vn 0.0213 -0.0457 0.9987
vn 0.8051 -0.0985 0.5850
vn 0.9419 -0.0448 0.3330
vn 0.8049 -0.1006 -0.5848
vn -0.0835 -0.0136 0.9964
vn -0.0378 -0.9988 -0.0296
vn -0.0468 -0.9982 0.0368
vn 0.0159 -0.9988 0.0472
vn 0.0155 -0.9987 -0.0488
vn 0.0530 -0.9986 0.0002
vn 0.8253 -0.0082 0.5647
vn 0.9034 -0.0057 -0.4287
vn 0.0036 0.9999 -0.0148
vn -0.0138 0.9999 0.0038
vn -0.0095 0.9999 0.0051
vn 0.0084 0.9999 0.0112
vn -0.0129 0.9999 -0.0115
vn -0.0164 0.9999 -0.0005
vn -0.0855 -0.9955 -0.0411
vn -0.0685 -0.9931 -0.0950
vn -0.0898 -0.9955 0.0292
vn -0.0814 -0.9954 0.0502
vn -0.0072 -0.9956 0.0937
vn 0.0022 -0.9955 0.0952
vn 0.0002 -0.9966 -0.0824
vn 0.0701 -0.9931 -0.0936
vn 0.0806 -0.9955 0.0489
vn 0.0829 -0.9958 0.0389
vn 0.0862 -0.9954 -0.0407
vn 0.3749 -0.1768 0.9100
vn 0.6990 0.1756 0.6932
vn 0.9501 -0.1330 0.2823
vn 0.9576 0.2470 -0.1480
vn 0.8557 0.5024 -0.1238
vn 0.4615 0.8871 0.0006
vn 0.6605 0.0805 -0.7465
vn 0.3840 0.2033 -0.9007
vn 0.8480 0.1082 -0.5188
vn 0.6112 0.0134 -0.7913
vn -0.0951 -0.0531 -0.9941
vn -0.1901 -0.1531 -0.9698
vn 0.1314 0.1818 -0.9745
vn -0.3668 -0.3418 -0.8652
vn -0.8263 0.2723 -0.4930
vn -0.9709 -0.2172 0.1008
vn -0.8175 0.2000 0.5401
vn -0.4244 -0.0248 0.9052
vn -0.3284 0.0550 0.9429
vn -0.1633 0.6519 0.7406
vn -0.4638 0.2499 0.8500
vn -0.5320 0.4417 -0.7224
vn 0.2243 0.1861 -0.9566
vn 0.9016 0.2090 -0.3788
vn 0.7827 0.1715 0.5983
vn 0.5462 0.2733 0.7918
vn -0.0456 0.2804 0.9588
vn -0.9805 0.1814 0.0758
vn -0.8691 0.4024 0.2877
vn -0.6117 0.2115 -0.7623
vn -0.9729 0.1363 -0.1870
vn -0.7862 -0.5897 0.1846
vn -0.9206 0.0670 0.3848
vn 0.9389 -0.3399 -0.0532
vn 0.9763 0.1582 -0.1477
vn 0.9770 0.0516 0.2071
vn 0.5068 -0.7683 0.3910
vn 0.9597 0.0470 -0.2771
vn 0.7286 -0.1697 -0.6636
vn 0.0072 0.1275 -0.9918
vn -0.1741 -0.0340 -0.9841
vn -0.9093 -0.0555 -0.4125
vn -0.9093 -0.0556 -0.4125
vn -0.4397 -0.6177 0.6521
vn -0.0276 0.0429 0.9987
vn 0.2666 -0.6460 0.7152
vn 0.5026 0.0499 0.8631
vn 0.7129 -0.7011 -0.0119
vn -0.9143 -0.4050 0.0069
vn -0.2196 -0.7907 0.5715
vn -0.1827 -0.7530 -0.6322
vn 0.8691 -0.4946 0.0063
vn 0.2124 -0.1527 0.9652
vn 0.8661 -0.0020 0.4998
vn 0.8660 -0.0011 0.5001
vn 0.0016 -0.0005 1.0000
vn -0.0017 0.0007 1.0000
vn -0.0016 0.0002 -1.0000
vn 0.0017 0.0013 -1.0000
vn 0.8658 0.0012 -0.5004
vn 0.8659 0.0020 -0.5003
vn -0.9534 -0.0332 0.2998
vn -0.9435 -0.0252 -0.3306
vn 0.7643 -0.5957 0.2469
vn 0.0315 -0.7175 0.6959
vn 0.1167 -0.5936 -0.7962
vn 0.0318 -0.8910 -0.4528
vn 0.0151 -0.9966 -0.0807
vn -0.0517 -0.9973 -0.0518
vn -0.1076 -0.9941 -0.0139
vn -0.1597 -0.9858 0.0509
vn -0.0401 0.8883 -0.4576
vn -0.8019 0.3573 -0.4788
vn -0.3715 0.9238 -0.0930
vn -0.7486 0.4913 0.4452
vn 0.5190 0.6735 0.5263
vn 0.5685 0.5596 0.6030
vn -0.3988 0.6401 0.6567
vn 0.0001 1.0000 0.0005
vn -0.7127 0.6707 -0.2053
vn 0.5163 0.6458 0.5624
vn -0.2357 0.2600 -0.9364
vn 0.8766 0.2723 -0.3968
vn 0.0797 0.9952 -0.0561
vn 0.1167 0.9927 -0.0294
vn 0.0818 0.9956 0.0465
vn -0.0016 0.9948 0.1017
vn 0.0669 0.9945 0.0803
vn -0.0020 0.9949 0.1005
vn -0.0811 0.9957 0.0455
vn -0.0716 0.9954 0.0634
vn -0.0877 0.9952 -0.0434
vn -0.0847 0.9951 -0.0510
vn -0.0049 0.9941 -0.1088
vn 0.0840 0.9844 -0.1547
vn -0.8660 -0.0020 -0.5000
vn -0.8658 -0.0010 -0.5004
vn -0.8660 0.0011 0.5001
vn -0.8661 0.0020 0.4998
vn 0.0121 -0.9999 -0.0021
vn 0.0118 -0.9998 0.0130
vn -0.0635 -0.9980 -0.0000
vn -0.0193 -0.9998 0.0027
vn 0.0131 -0.9999 -0.0024
vn -0.0111 -0.9999 0.0128
vn 0.0028 -1.0000 0.0039
vn -0.1325 -0.9879 0.0802
vn -0.1006 -0.9910 0.0880
vn 0.6933 -0.7172 -0.0711
vn 0.0920 -0.9954 -0.0276
vn 0.9740 -0.2136 -0.0748
vn 0.0212 -0.9908 -0.1333
vn 0.0112 -0.9051 -0.4251
vn 0.6675 -0.7262 -0.1644
vn -0.3774 -0.7586 -0.5312
vn -0.1197 -0.6333 0.7646
vn -0.3008 0.0696 0.9512
vn 0.9933 -0.0700 0.0917
vn 0.3603 0.9282 -0.0927
vn 0.3566 0.6733 0.6477
vn 0.0368 0.9429 0.3310
vn 0.1326 -0.3221 -0.9374
vn -0.5858 0.2583 -0.7682
vn -0.9047 -0.2509 0.3442
vn -0.8015 -0.4118 -0.4337
vn -0.9692 0.1135 0.2185
vn -0.9750 0.1175 -0.1885
vn -0.6637 -0.4823 -0.5717
vn -0.2978 -0.8692 0.3947
vn -0.2677 0.9618 -0.0566
vn 0.0407 0.6733 0.7383
vn -0.3243 0.8814 -0.3435
vn -0.9382 0.2219 -0.2655
vn 1.0000 0.0000 0.0002
vn 1.0000 -0.0001 -0.0000
vn 0.9844 -0.1688 -0.0505
vn 0.9898 -0.1363 -0.0408
vn 1.0000 -0.0001 0.0003
vn 1.0000 -0.0012 0.0010
vn 0.9065 0.4054 0.1180
vn 0.8785 0.4588 0.1333
vn 0.7897 -0.3491 -0.5045
vn 0.2431 -0.7864 -0.5678
vn 0.4611 -0.5921 -0.6609
vn -0.7683 -0.3883 0.5089
vn -0.8614 -0.4909 0.1302
vn -0.7514 0.4400 -0.4916
vn -0.5621 -0.8260 0.0425
vn -0.8083 -0.5888 -0.0021
vn -0.9677 -0.2387 -0.0810
vn -0.2707 -0.5858 -0.7639
vn -0.8420 -0.0151 -0.5393
vn 0.0203 0.7838 -0.6206
vn -0.6906 0.5863 -0.4234
vn -0.0043 -0.7179 0.6961
vn -0.5686 -0.6197 0.5410
vn -0.8540 -0.5105 -0.1004
vn -0.6500 0.0076 0.7599
vn -0.7110 -0.0151 0.7030
vn -0.6463 -0.0001 0.7631
vn -0.6380 -0.0396 0.7690
vn -0.2376 0.6901 0.6836
vn -0.2752 0.5714 0.7731
vn -0.2643 -0.3168 0.9109
vn -0.2656 -0.8590 0.4376
vn -0.9013 -0.4089 -0.1430
vn -0.6316 0.2428 0.7363
vn -0.0788 0.5778 0.8123
vn -0.1218 0.9471 0.2970
vn -0.6416 0.6846 0.3460
vn -0.0259 0.3975 0.9173
vn -0.0300 0.4016 0.9153
vn -0.0049 0.3896 -0.9210
vn 0.5472 0.3289 -0.7696
vn -0.0135 -0.9013 0.4331
vn 0.5501 -0.7499 0.3673
vn 0.5765 0.5695 0.5860
vn -0.0023 0.6841 0.7293
vn 0.5904 -0.5450 0.5954
vn 0.0124 -0.7142 0.6998
vn 0.9117 -0.3013 -0.2793
vn 0.5502 -0.5523 -0.6263
vn -0.7473 0.6232 0.2305
vn -0.6896 0.0165 0.7240
vn -0.8701 0.0187 0.4926
vn -0.7553 -0.0127 0.6552
vn -0.9972 -0.0667 0.0335
vn -0.4868 0.7184 0.4969
vn -0.9631 0.1397 -0.2299
vn -0.9760 0.1120 -0.1867
vn -0.9993 -0.0173 -0.0342
vn -0.7857 -0.4975 0.3678
vn -0.5256 -0.2543 0.8119
vn -0.4938 -0.8669 -0.0680
vn -0.6264 -0.1999 -0.7534
vn -0.6711 0.6979 -0.2501
vn 0.3150 0.0462 0.9480
vn 0.3712 -0.7798 0.5042
vn 0.3621 0.8171 0.4486
vn -0.1342 -0.6981 -0.7033
vn -0.8349 -0.0222 -0.5499
vn -0.1469 0.6690 -0.7286
vn -0.8971 0.3588 -0.2578
vn -0.7240 0.3661 0.5847
vn -0.9164 0.4002 0.0064
vn -0.9594 -0.2800 0.0334
vn -0.1282 -0.9315 -0.3403
vn -0.9860 0.0412 0.1617
vn -0.0242 -0.7402 0.6719
vn -0.9724 0.2238 -0.0665
vn -0.5780 -0.7062 -0.4089
vn -0.9269 -0.1482 0.3447
vn -0.6072 -0.5850 0.5377
vn -0.0618 -0.7474 0.6615
vn -0.9249 0.2588 -0.2784
vn -0.9687 -0.0400 -0.2451
vn -0.6437 0.1434 0.7517
vn -0.0856 0.9162 0.3915
vn -0.1576 0.7150 -0.6811
vn -0.0520 0.7623 -0.6451
vn 0.7797 -0.2179 -0.5869
vn -0.6549 -0.2445 -0.7150
vn -0.8270 -0.5348 -0.1733
vn -0.2523 -0.8160 -0.5201
vn 0.8752 -0.4126 0.2527
vn -0.0896 -0.9017 0.4231
vn 0.1912 0.3866 0.9022
vn -0.1705 0.5296 0.8309
vn 0.0105 0.7401 0.6724
vn 0.0756 0.8938 0.4421
vn -0.0574 0.9442 -0.3243
vn -0.0227 0.8010 -0.5983
vn 0.8322 -0.2807 -0.4781
vn -0.9532 -0.2684 0.1393
vn -0.7575 -0.6486 0.0742
vn -0.8903 0.4544 0.0311
vn -0.8605 -0.4967 -0.1135
vn -0.9335 -0.3495 -0.0800
vn -0.9574 0.2416 -0.1580
vn -0.9501 0.3038 -0.0710
vn -0.5210 -0.7456 -0.4156
vn -0.5772 -0.6432 -0.5032
vn 0.0665 -0.9978 -0.0021
vn -0.0607 -0.9940 -0.0910
vn -0.6022 -0.7984 0.0035
vn 0.0092 -0.9999 0.0125
vn -0.0072 -1.0000 0.0012
vn -0.2766 -0.9165 0.2891
vn -0.9600 -0.2629 0.0968
vn -0.0153 -0.7276 -0.6858
vn -0.5781 -0.5557 -0.5975
vn 0.0014 0.7574 -0.6530
vn -0.0158 0.6822 -0.7310
vn 0.0151 -0.1764 -0.9842
vn 0.0275 -0.2094 -0.9774
vn -0.8946 0.3255 0.3060
vn -0.0074 0.6567 0.7541
vn 0.8778 0.1487 -0.4553
vn 0.5814 0.2045 -0.7875
vn 0.8374 -0.0927 -0.5387
vn -0.5469 0.8365 0.0333
vn -0.5223 0.0717 -0.8497
vn -0.6694 -0.7423 -0.0300
vn -0.9619 -0.0383 0.2708
vn -0.6474 0.2256 0.7280
vn -0.7970 -0.5896 0.1309
vn -0.7269 -0.5956 0.3420
vn -0.9130 -0.2918 0.2849
vn -0.2219 -0.9577 -0.1830
vn -0.9091 -0.3765 -0.1781
vn -0.5766 -0.5986 0.5561
vn 0.5726 -0.5784 0.5810
vn 0.7930 -0.1969 0.5764
vn -0.7800 -0.2059 0.5909
vn 0.1132 -0.7334 -0.6703
vn -0.8736 -0.0693 -0.4816
vn -0.6512 0.4286 0.6263
vn -0.9973 -0.0477 0.0561
vn -0.9783 -0.0988 0.1819
vn -0.9943 -0.0553 0.0913
vn -0.8873 0.2903 -0.3584
vn -0.1107 0.6914 -0.7139
vn -0.9669 0.1818 -0.1789
vn 0.7406 0.0862 -0.6664
vn 0.9392 0.3297 -0.0959
vn -0.5336 -0.8390 0.1064
vn 0.0395 0.1682 0.9850
vn -0.0559 0.2417 0.9687
vn 0.8345 0.3908 0.3885
vn 0.1019 0.9944 -0.0282
vn 0.6260 0.7555 0.1935
vn -0.6899 0.5186 0.5051
vn -0.0601 0.7541 0.6540
vn -0.7802 0.4360 -0.4485
vn -0.8992 -0.1124 0.4228
vn -0.8847 -0.3645 -0.2906
vn -0.1551 0.9671 -0.2015
vn -0.8386 -0.4650 -0.2839
vn -0.0766 0.3528 0.9326
vn -0.9979 0.0647 -0.0030
vn -0.9926 0.1211 0.0133
vn -0.9959 0.0897 0.0097
vn -0.5801 0.6037 -0.5468
vn -0.9996 0.0299 -0.0003
vn -0.9936 0.0378 0.1062
vn -0.9420 -0.1770 0.2852
vn -0.9933 -0.0650 0.0960
vn -0.9660 -0.2518 -0.0582
vn -0.9783 -0.2070 -0.0102
vn -0.9947 0.0958 -0.0374
vn -0.9970 0.0754 0.0190
vn -0.8944 0.0181 0.4468
vn -0.9960 -0.0612 0.0646
vn -0.9993 -0.0144 0.0350
vn -0.9502 -0.2959 -0.0973
vn -0.9883 0.0771 -0.1313
vn -0.9357 0.3516 -0.0285
vn -0.9974 0.0344 -0.0626
vn -0.9369 0.3478 0.0365
vn -0.9982 0.0592 0.0012
vn -0.9852 0.0498 -0.1642
vn -0.9969 0.0398 -0.0678
vn -0.5577 -0.5920 -0.5819
vn -0.9824 -0.1847 -0.0271
vn -0.8150 0.0543 -0.5769
vn -0.0831 -0.8322 0.5482
vn 0.0831 -0.8322 -0.5482
vn 0.0946 -0.5333 0.8406
vn -0.0946 0.5333 0.8406
vn 0.0831 0.8322 0.5482
vn -0.0831 0.8322 -0.5482
vn 0.0946 0.5333 -0.8406
vn -0.0946 -0.5333 -0.8406
vn -0.0027 0.7494 0.6621
vn 0.5888 0.5550 0.5877
vn -0.1804 0.8501 -0.4948
vn -0.1238 0.5357 0.8353
vn 0.9184 -0.2741 0.2853
vn 0.5767 -0.5533 0.6011
vn -0.0057 -0.2139 0.9768
vn 0.6450 -0.1961 0.7386
vn -0.2086 -0.5020 0.8394
vn 0.0647 -0.9978 -0.0129
vn 0.6517 -0.7576 0.0364
vn 0.0230 -0.9997 0.0015
vn -0.0405 -0.9991 0.0092
vn -0.0052 0.6338 -0.7735
vn 0.5630 0.5223 -0.6405
vn 0.9282 -0.3367 -0.1581
vn 0.5661 -0.7519 -0.3379
vn 0.5430 0.1704 0.8222
vn 0.9919 0.0124 0.1264
vn -0.5959 0.7996 -0.0741
vn -0.0827 0.8535 -0.5145
vn -0.5169 0.4534 -0.7261
vn -0.1515 -0.0150 -0.9883
vn -0.6424 -0.2458 -0.7259
vn -0.5417 -0.8193 0.1877
vn -0.4231 0.0428 0.9050
vn -0.1145 0.6594 0.7430
vn -0.6713 0.6568 0.3435
vn 0.2211 0.9688 0.1120
vn 0.5618 0.5614 0.6077
vn 0.7841 0.1079 0.6111
vn 0.6000 0.5748 -0.5563
vn 0.9999 -0.0039 -0.0123
vn 0.7811 0.2394 -0.5766
vn 0.9997 -0.0110 -0.0232
vn 0.6391 0.4008 -0.6565
vn 0.5822 -0.1963 0.7890
vn 0.9206 -0.0043 -0.3905
vn 0.6409 -0.6016 0.4769
vn 0.5764 -0.5306 -0.6215
vn -0.9996 0.0043 0.0292
vn -0.9439 -0.2958 -0.1466
vn 0.0013 0.9783 -0.2073
vn -0.0125 0.9814 -0.1915
vn 0.2174 0.9371 0.2729
vn 0.0832 0.9438 0.3199
vn 0.9585 0.2535 0.1307
vn 0.4429 0.5122 0.7358
vn 0.1714 0.4939 0.8525
vn 0.8084 0.1580 0.5670
vn 0.9401 -0.2194 0.2609
vn -0.1058 -0.1487 0.9832
vn 0.2104 -0.2440 0.9467
vn -0.1160 -0.7568 0.6433
vn 0.9544 -0.2946 0.0489
vn 0.2433 -0.8074 0.5375
vn 0.9799 -0.1845 -0.0762
vn -0.2338 -0.9723 0.0040
vn 0.4884 -0.8360 -0.2500
vn -0.3949 -0.6868 -0.6102
vn 0.9815 -0.1096 -0.1569
vn 0.5209 -0.1939 -0.8313
vn -0.0028 -0.0820 -0.9966
vn -0.3014 0.4818 -0.8228
vn 0.5026 0.6774 -0.5371
vn -0.1274 0.8949 -0.4277
vn -0.9086 -0.3628 0.2068
vn -0.4965 -0.6380 -0.5887
vn -0.9966 -0.0195 0.0801
vn 0.1582 -0.8825 0.4429
vn -0.0084 -0.9999 -0.0093
vn 0.0047 -1.0000 -0.0021
vn -0.2644 -0.9642 0.0196
vn -0.7782 0.5557 -0.2927
vn -0.7036 -0.0062 0.7105
vn -0.3999 -0.5431 -0.7383
vn 0.3580 -0.8174 -0.4513
vn 0.3673 -0.0721 -0.9273
vn 0.2868 -0.6830 0.6717
vn -0.4048 0.8786 -0.2534
vn -0.9961 0.0877 -0.0025
vn -0.9971 0.0760 -0.0000
vn -0.9931 -0.0420 0.1092
vn -0.9929 -0.1187 0.0088
vn -1.0000 0.0035 0.0069
vn -0.9999 -0.0152 -0.0003
vn -0.9929 0.0989 0.0663
vn -0.9961 -0.0458 0.0751
vn -1.0000 0.0058 0.0060
vn -0.9726 0.1512 0.1767
vn -0.9390 0.0078 -0.3438
vn -0.9846 -0.1328 0.1133
vn -0.9834 0.1742 -0.0500
vn -0.9727 0.0744 -0.2199
vn -0.9904 -0.0860 -0.1086
vn -0.9801 0.1237 -0.1551
vn -0.9910 0.1252 0.0472
vn -0.9778 -0.2053 0.0426
vn -0.9866 0.1495 -0.0654
vn -1.0000 0.0008 -0.0011
vn -0.9948 -0.0513 -0.0878
vn -0.9877 -0.1459 -0.0556
vn -0.5259 -0.7268 0.4417
vn 0.0291 0.6991 -0.7145
vn -0.0048 0.6744 0.7383
vn -0.0485 0.4065 -0.9124
vn 0.3363 -0.5808 -0.7414
vn -0.6969 -0.5937 -0.4022
vn -0.1188 -0.6712 0.7317
vn -0.6955 -0.5163 0.4998
vn -0.3605 0.3038 -0.8819
vn 0.0563 -0.8275 -0.5586
vn -0.9925 -0.1154 -0.0408
vn -0.9998 -0.0161 -0.0149
vn -0.9961 -0.0792 -0.0382
vn -0.9611 0.1208 -0.2483
vn -0.0946 -0.9466 -0.3082
vn -0.6375 -0.7564 0.1466
vn 0.8288 0.2284 -0.5107
vn 0.4792 0.1522 -0.8644
vn 0.9169 0.0437 -0.3968
vn 0.9145 -0.1157 -0.3878
vn -0.0091 0.5525 -0.8335
vn -0.0052 0.7186 -0.6954
vn -0.1223 0.5943 -0.7949
vn 0.0473 0.8356 -0.5473
vn -0.0166 0.9929 -0.1179
vn 0.0745 0.9895 0.1239
vn 0.2150 0.9256 0.3115
vn 0.1271 0.7110 0.6916
vn -0.0856 0.9059 0.4147
vn -0.1596 -0.1894 0.9688
vn 0.1236 -0.5802 0.8051
vn 0.0546 -0.2136 0.9754
vn 0.4163 -0.8581 -0.3005
vn 0.3872 -0.8737 0.2946
vn 1.0000 0.0001 -0.0005
vn -0.9023 -0.3192 0.2897
vn -0.9996 -0.0260 0.0116
vn -0.8146 -0.5704 0.1051
vn -1.0000 0.0009 0.0000
vn -1.0000 -0.0003 0.0005
vn -0.7379 -0.4897 0.4644
vn -0.9685 0.0217 0.2482
vn 0.0043 0.1318 0.9913
vn 0.0462 -0.6319 0.7737
vn 0.0887 -0.0635 0.9940
vn -0.0724 -0.0060 0.9974
vn 0.7232 -0.6899 0.0307
vn 0.9959 -0.0648 0.0629
vn 0.7758 0.5331 0.3375
vn 0.9997 -0.0246 -0.0067
vn 0.9952 -0.0887 -0.0414
vn 0.9368 -0.1672 0.3073
vn 0.9996 0.0085 0.0274
vn 0.5730 0.5883 0.5706
vn 0.9162 -0.3133 -0.2501
vn 1.0000 0.0001 -0.0000
vn 0.9980 0.0621 0.0139
vn 1.0000 -0.0003 -0.0000
vn 1.0000 0.0001 0.0001
vn 1.0000 0.0003 -0.0004
vn 1.0000 -0.0001 -0.0001
vn 1.0000 0.0002 0.0008
vn 1.0000 -0.0002 0.0001
vn 1.0000 -0.0000 -0.0002
vn 1.0000 0.0001 -0.0001
vn 1.0000 0.0004 -0.0005
vn 1.0000 0.0004 -0.0002
vn 1.0000 0.0001 0.0005
vn 0.9984 -0.0558 -0.0038
vn 0.7554 -0.6482 0.0960
vn 1.0000 -0.0027 0.0014
vn 0.9974 -0.0664 0.0264
vn 1.0000 0.0000 -0.0001
vn 1.0000 -0.0000 0.0001
vn 1.0000 -0.0049 0.0012
vn 0.9999 -0.0154 0.0078
vn 0.9998 -0.0181 -0.0039
vn 1.0000 0.0002 0.0001
vn -0.0330 0.6701 -0.7416
vn -0.0007 -0.6849 -0.7286
vn -0.0482 0.9977 0.0483
vn -0.5708 0.7433 0.3489
vn -0.1304 0.7653 0.6303
vn 0.0681 -0.9010 0.4284
vn 0.6709 -0.7387 0.0646
vn 0.5864 -0.6625 0.4661
vn -0.3207 -0.7718 0.5491
vn 0.2743 -0.6462 0.7121
vn 0.6759 -0.2656 0.6875
vn 0.5588 -0.0431 0.8282
vn 0.1637 0.1714 0.9715
vn -0.3753 -0.0881 0.9227
vn -0.0340 -0.1871 0.9817
vn 0.6583 0.4351 0.6143
vn -0.0344 0.8779 0.4776
vn 0.0252 0.6659 0.7456
vn 0.9855 0.1511 0.0774
vn -0.1130 0.6821 0.7225
vn 0.1323 0.9775 0.1641
vn 0.6927 0.7159 -0.0881
vn 0.5345 0.7198 -0.4430
vn 0.3475 0.6393 -0.6860
vn -0.4376 0.7784 -0.4500
vn 0.0626 0.9323 -0.3562
vn 0.6938 0.1817 -0.6969
vn -0.1067 0.0982 -0.9894
vn 0.5780 -0.0379 -0.8151
vn -0.3006 0.0537 -0.9522
vn 0.2292 -0.3808 -0.8958
vn 0.9669 -0.1499 -0.2067
vn -0.3011 -0.5835 -0.7542
vn 0.6290 -0.7535 -0.1913
vn 0.2006 -0.8561 -0.4764
vn -0.2050 -0.9708 -0.1245
vn -0.0419 -0.9953 -0.0868
vn -0.0504 -0.3077 -0.9502
vn -0.0549 -0.4336 -0.8994
vn -0.0219 -0.8062 -0.5913
vn -0.0029 -0.9965 -0.0837
vn 0.1088 -0.8371 -0.5362
vn -0.0003 -0.9955 -0.0946
vn -0.1111 -0.9195 0.3770
vn 0.0043 -0.4882 0.8727
vn 0.1326 -0.8680 0.4785
vn 0.0072 -0.4985 0.8669
vn -0.1226 0.0321 0.9919
vn -0.0116 0.0835 0.9964
vn 0.6973 0.1208 0.7065
vn 0.9754 -0.0965 0.1981
vn 0.7123 -0.6047 0.3565
vn 0.9840 -0.1756 0.0300
vn 0.7163 -0.6696 -0.1964
vn 0.9798 0.0986 0.1738
vn 0.7603 0.4979 0.4172
vn 0.9815 0.1888 0.0325
vn 0.7381 -0.0463 -0.6731
vn 0.4551 0.4894 -0.7439
vn 0.9844 -0.1103 -0.1368
vn 0.6430 0.7419 -0.1901
vn 0.0361 0.7789 -0.6261
vn 0.6025 0.6473 -0.4669
vn -0.1776 0.5305 -0.8289
vn -0.0393 0.7397 -0.6718
vn 0.2636 0.1911 0.9455
vn 0.2511 0.8729 0.4182
vn 0.3219 -0.8148 -0.4822
vn 0.3461 -0.0465 -0.9371
vn -0.0039 -0.9976 -0.0691
vn -0.0293 -0.9285 0.3701
vn 0.2368 -0.7386 0.6312
vn -0.4626 -0.3808 0.8006
vn 0.2366 -0.0353 0.9710
vn -0.5748 0.3898 0.7195
vn 0.3781 0.8057 0.4559
vn -0.1520 0.9813 -0.1180
vn -0.5040 0.8635 -0.0163
vn 0.1943 0.7533 -0.6283
vn -0.5864 0.4239 -0.6902
vn 0.2825 0.0262 -0.9589
vn -0.6052 -0.4325 -0.6683
vn 0.2514 -0.8685 -0.4271
vn -0.8178 -0.4169 0.3967
vn -0.7849 0.0060 0.6197
vn 0.0127 -0.7540 -0.6568
vn -0.0712 -0.1741 0.9821
vn -0.0945 0.9580 0.2708
vn -0.0935 -0.6433 -0.7599
vn -0.0920 -0.9934 -0.0687
vn 0.3194 0.8001 -0.5077
vn -0.0970 0.5675 -0.8176
vn -0.0107 -0.9999 0.0049
vn -0.0213 -0.9998 0.0024
vn -0.0118 -0.9999 -0.0001
vn -0.6085 -0.0778 0.7898
vn -0.6741 0.0032 0.7386
vn -0.6884 0.0099 0.7253
vn -0.6349 -0.0061 0.7726
vn -0.6449 -0.0070 0.7643
vn -0.7829 -0.0163 0.6220
vn -0.2421 0.9051 0.3494
vn 0.9524 -0.1809 -0.2452
vn 0.9652 0.0388 -0.2586
vn 0.9519 0.2104 -0.2226
vn 0.9654 -0.0155 0.2603
vn 0.9624 -0.1755 0.2074
vn 0.9019 0.4270 -0.0656
vn 0.8455 0.3311 0.4189
vn 0.9546 -0.2932 -0.0522
vn 0.9780 -0.2008 0.0575
vn -0.4778 0.8212 0.3119
vn 0.3930 0.4604 0.7960
vn 0.4349 0.4418 0.7847
vn 0.0291 -0.1695 0.9851
vn 0.8103 -0.1685 0.5613
vn 0.3785 -0.2660 0.8865
vn 0.9595 -0.0813 0.2699
vn -0.3258 -0.7659 0.5543
vn 0.4653 -0.8481 0.2536
vn -0.2093 -0.9777 -0.0177
vn 0.2535 -0.8052 -0.5361
vn -0.1675 -0.7377 -0.6540
vn 0.9447 -0.0666 -0.3211
vn 0.3095 -0.1925 -0.9312
vn 0.8132 -0.1180 -0.5698
vn -0.0694 -0.0643 -0.9955
vn 0.4106 0.3790 -0.8293
vn -0.1918 0.5953 -0.7802
vn 0.9204 0.3855 -0.0650
vn 0.2533 0.9539 -0.1609
vn 0.9953 0.0960 -0.0162
vn 0.6134 0.7616 -0.2089
vn -0.2245 -0.9428 -0.2466
vn -0.2550 0.2670 0.9294
vn -0.2233 0.6640 -0.7136
vn 0.3364 0.8220 -0.4596
vn -0.0095 -0.9998 0.0164
vn -0.0425 -0.9991 0.0096
vn 0.0115 -0.9999 -0.0004
vn -0.0656 -0.9978 0.0001
vn 0.0459 -0.9989 0.0134
vn 0.0017 -1.0000 -0.0028
vn -0.0015 -1.0000 0.0017
vn 0.0131 -0.9999 0.0060
vn -0.0087 -1.0000 -0.0000
vn 0.0114 -0.9999 -0.0004
vn -0.0127 -0.9999 -0.0005
vn 0.0003 -1.0000 0.0004
vn 0.0159 -0.9999 -0.0001
vn 0.5268 -0.0035 -0.8500
vn 0.1020 -0.9947 -0.0105
vn 0.0035 -1.0000 0.0055
vn -0.0079 -0.9999 -0.0153
vn -0.7068 -0.7075 0.0007
vn 0.0019 -0.6962 -0.7179
vn 0.0014 -0.5546 0.8321
vn -0.0006 0.5683 0.8228
vn -0.7073 0.7070 0.0000
vn -1.0000 -0.0002 0.0039
vn -1.0000 -0.0027 0.0001
vn -1.0000 -0.0011 0.0002
vn -1.0000 0.0001 -0.0076
vn -1.0000 0.0003 -0.0040
vn -1.0000 0.0007 -0.0010
vn -1.0000 -0.0010 0.0011
vn -0.9999 0.0095 -0.0107
vn -1.0000 0.0012 -0.0051
vn -1.0000 -0.0008 0.0001
vn -1.0000 -0.0014 -0.0070
vn -1.0000 -0.0029 0.0065
vn -1.0000 -0.0031 -0.0005
vn -1.0000 0.0003 -0.0019
vn -1.0000 0.0005 0.0004
vn -1.0000 0.0010 -0.0007
vn 0.0072 0.6403 -0.7681
vn -1.0000 -0.0003 -0.0009
vn -1.0000 0.0005 0.0003
vn -0.9068 0.0198 0.4210
vn -1.0000 -0.0014 -0.0003
vn 0.2348 0.9625 -0.1356
vn 0.2144 0.7075 -0.6734
vn 0.0273 0.3248 -0.9454
vn -0.5093 -0.1536 -0.8468
vn -0.9558 0.2811 -0.0864
vn -0.6546 -0.5676 -0.4994
vn -0.3531 -0.9272 -0.1250
vn -0.3188 -0.5382 -0.7802
vn 0.1082 -0.7422 -0.6614
vn 0.5354 -0.7720 -0.3426
vn 0.8702 -0.4718 -0.1417
vn 0.5551 -0.2399 -0.7965
vn 0.8349 0.5429 -0.0907
vn 0.4752 0.4026 -0.7823
vn -0.0514 0.9971 -0.0567
vn 0.3616 0.9235 -0.1281
vn 0.0720 0.6767 -0.7327
vn -0.5999 0.3075 -0.7386
vn -0.8274 -0.1181 -0.5491
vn -0.0096 -0.8120 -0.5835
vn 0.7899 -0.1013 -0.6048
vn 0.7813 0.1461 -0.6069
vn 0.4627 0.7852 -0.4114
vn -0.3310 0.6955 -0.6378
vn -0.6286 0.6688 -0.3969
vn 0.0202 0.0157 -0.9997
vn 0.0250 -0.0179 -0.9995
vn -0.0464 -0.0322 -0.9984
vn -0.0200 0.0258 -0.9995
vn 0.7122 -0.7010 0.0365
vn 0.7500 -0.3334 -0.5712
vn 0.6881 0.7246 0.0399
vn 0.1613 0.7733 -0.6132
vn -0.6384 0.7668 0.0664
vn -0.8143 0.2470 -0.5252
vn -0.7475 -0.6622 0.0524
vn -0.3501 -0.6720 -0.6526
vn 0.9384 0.3189 0.1331
vn 0.8757 -0.4786 -0.0646
vn 0.8730 0.3925 0.2895
vn 0.0952 0.9810 0.1694
vn 0.1044 0.9614 0.2547
vn -0.6114 0.7261 0.3145
vn -0.9410 0.3112 0.1330
vn -0.9610 -0.2509 0.1162
vn -0.4864 -0.8233 0.2926
vn -0.8045 -0.5800 0.1275
vn -0.6256 -0.7746 0.0928
vn 0.2042 -0.9366 0.2847
vn 0.2567 -0.9425 0.2140
vn 0.7453 -0.6537 0.1310
vn 0.5835 0.5791 0.5694
vn 0.6033 -0.0638 0.7950
vn 0.5870 0.5584 -0.5862
vn 0.6058 -0.4064 -0.6839
vn 0.4936 0.8630 -0.1075
vn -0.6423 0.2356 -0.7293
vn -0.1597 0.3490 -0.9234
vn -0.9992 0.0272 0.0302
vn -0.4201 0.7974 0.4333
vn -0.0271 0.9753 0.2193
vn 0.3151 0.9460 0.0761
vn 0.8559 0.4548 0.2462
vn 0.5298 0.8293 -0.1777
vn -0.5282 0.8105 -0.2533
vn 0.0623 -0.9295 -0.3636
vn -0.6485 -0.6936 0.3137
vn 0.4709 0.8441 0.2565
vn -0.2971 0.9434 0.1474
vn 0.9531 0.2869 0.0963
vn -0.3916 0.9096 -0.1389
vn -0.5289 0.7209 0.4478
vn 0.2255 0.9239 0.3093
vn 0.1362 -0.9870 0.0857
vn 0.0590 -0.9981 0.0181
vn 0.8486 0.2605 0.4605
vn 0.6222 0.7636 -0.1727
vn 0.8983 -0.4390 0.0180
vn 0.3080 0.9514 0.0024
vn 0.1326 0.9748 0.1794
vn 0.6808 0.7276 -0.0844
vn -0.5883 0.1906 0.7859
vn 0.1639 0.9556 0.2449
vn -0.5655 0.8247 -0.0127
vn -0.4145 0.5868 0.6956
vn -0.8919 -0.4501 0.0433
vn -0.5671 0.8236 0.0067
vn -0.2727 0.0020 -0.9621
vn -0.0074 -0.0436 -0.9990
vn -0.6904 -0.0651 -0.7205
vn 0.2805 0.0005 -0.9599
vn 0.6939 -0.0697 -0.7167
vn 0.0115 -0.0471 -0.9988
vn -0.0212 0.2726 -0.9619
vn 0.5945 -0.0832 -0.7998
vn -0.1561 -0.2547 -0.9543
vn -0.7636 -0.0988 -0.6380
vn -0.0301 -0.2479 -0.9683
vn 0.9699 -0.2267 -0.0884
vn 0.1818 -0.1845 -0.9659
vn -0.4263 0.0142 -0.9044
vn -0.8772 -0.1881 0.4417
vn -0.7138 0.6854 -0.1441
vn -0.5056 0.5394 -0.6734
vn -0.2676 0.1860 -0.9454
vn -0.9710 0.2390 0.0064
vn -0.9883 0.1502 0.0268
vn -0.9489 -0.2899 -0.1248
vn -0.7199 -0.1681 -0.6734
vn 0.8836 0.4135 -0.2199
vn 0.9927 0.1188 0.0206
vn 0.8958 -0.4445 0.0061
vn 0.8862 -0.4376 -0.1523
vn -0.3483 -0.9182 -0.1885
vn 0.3642 -0.9101 -0.1976
vn 0.0388 -0.8174 -0.5748
vn -0.7021 0.6963 -0.1490
vn -0.9652 -0.2212 -0.1396
vn -0.2794 0.9598 0.0259
vn 0.2609 0.9577 -0.1210
vn 0.6969 0.7152 0.0534
vn 0.9917 0.1283 -0.0128
vn 0.9463 0.2977 -0.1258
vn 0.9613 -0.2344 -0.1446
vn 0.9410 -0.2667 -0.2084
vn 0.7193 -0.6947 -0.0029
vn 0.2686 -0.9559 -0.1189
vn -0.2195 -0.9671 -0.1285
vn -0.7031 -0.7110 0.0094
vn 0.5056 -0.5394 -0.6734
vn 0.7199 0.1681 -0.6734
vn 0.2676 -0.1860 -0.9454
vn -0.2143 -0.7075 -0.6734
vn -0.0273 -0.3248 -0.9454
vn -0.2949 -0.1388 -0.9454
vn 0.2949 0.1388 -0.9454
vn 0.9883 -0.1502 0.0268
vn -0.6921 0.0043 -0.7217
vn -0.7226 -0.0029 -0.6912
vn -0.7226 0.0029 0.6912
vn -0.6921 -0.0043 0.7217
vn 0.7226 0.0029 -0.6912
vn 0.6921 -0.0043 -0.7218
vn -0.9961 -0.0492 -0.0728
vn -0.2883 0.0920 -0.9531
vn -0.6417 0.7178 -0.2700
vn -0.4528 -0.4987 -0.7391
vn -0.6120 -0.3108 -0.7272
vn -0.2011 0.7585 -0.6199
vn 0.2301 0.9557 -0.1834
vn 0.6527 -0.3449 -0.6746
vn 0.5068 -0.5572 -0.6578
vn 0.4406 0.5422 -0.7155
vn 0.5766 0.3127 -0.7548
vn 0.9947 -0.0934 0.0427
vn 0.7846 -0.1315 -0.6059
vn 0.5335 0.8452 -0.0312
vn 0.1915 0.9801 0.0514
vn -0.6861 0.7267 -0.0343
vn -0.8572 0.5150 0.0047
vn -0.8783 -0.4779 -0.0129
vn -0.6967 -0.3956 -0.5984
vn 0.1040 -0.9944 0.0169
vn 0.1632 -0.7823 -0.6012
vn -0.0269 0.0328 0.9991
vn 0.0561 0.1734 0.9832
vn -0.5839 0.5751 0.5730
vn 0.2664 0.3581 0.8949
vn 0.5811 0.0119 0.8137
vn 0.0661 -0.5696 0.8193
vn -0.0173 -0.0538 0.9984
vn -0.0192 -0.5789 0.8152
vn -0.0417 -0.0190 0.9989
vn -0.7181 -0.3207 0.6177
vn -0.0704 0.0140 0.9974
vn 0.3690 -0.2855 0.8845
vn 0.2280 -0.7710 0.5947
vn 0.1548 -0.7513 -0.6415
vn -0.1925 -0.7512 -0.6314
vn -0.1111 0.0071 0.9938
vn 0.0001 0.0253 0.9997
vn 0.0248 -0.0000 0.9997
vn -0.0486 -0.0300 0.9984
vn -0.0248 0.0142 0.9996
vn -0.0605 0.1033 0.9928
vn 0.2653 0.5071 0.8200
vn 0.1818 -0.9832 -0.0155
vn 0.2269 0.9373 -0.2646
vn 0.6215 0.2744 0.7338
vn -0.9962 0.0071 -0.0862
vn -0.7536 -0.1072 -0.6485
vn -0.9992 -0.0124 0.0374
vn -0.7782 0.0006 0.6280
vn -0.7382 -0.0139 -0.6744
vn -1.0000 0.0034 -0.0026
vn -0.9941 -0.0010 -0.1082
vn -0.5367 -0.1931 0.8214
vn -0.9704 -0.1538 0.1859
vn -0.0674 -0.2338 0.9699
vn -0.1385 -0.4819 0.8652
vn 0.4670 -0.1430 0.8726
vn 0.8164 0.1587 0.5553
vn 0.5000 0.3361 0.7981
vn -0.9803 0.1805 -0.0806
vn -0.3856 0.2789 0.8795
vn -0.5989 -0.0639 0.7982
vn -0.4391 0.8928 0.1005
vn -0.6396 0.5041 0.5804
vn -0.7651 0.6170 0.1844
vn -0.0625 0.6271 0.7764
vn 0.5803 0.8059 0.1173
vn 0.1100 0.5374 0.8361
vn 0.5690 0.8184 -0.0808
vn 0.4305 0.3499 0.8320
vn 0.7375 0.4960 0.4582
vn 0.6824 -0.0994 0.7242
vn 0.9104 -0.4085 0.0648
vn 0.3795 -0.3090 0.8721
vn 0.1940 -0.9727 0.1275
vn 0.4611 -0.6676 0.5845
vn 0.8033 -0.5875 0.0976
vn 0.2062 -0.9602 0.1885
vn -0.0005 -0.7067 0.7075
vn -0.2432 -0.8473 0.4721
vn -0.3563 -0.3821 0.8527
vn -0.7313 -0.4532 -0.5097
vn -0.7863 -0.1199 0.6060
vn 0.3945 0.9185 -0.0271
vn 0.9181 0.3941 -0.0426
vn 0.9359 -0.3524 -0.0005
vn 0.4669 -0.8843 -0.0039
vn -0.3903 -0.9207 -0.0022
vn -0.3804 0.9248 -0.0037
vn -0.8951 0.4459 -0.0061
vn -0.9405 -0.3399 -0.0032
vn 0.3760 -0.6551 0.6553
vn 0.5730 -0.3769 -0.7278
vn -0.0112 -0.8388 -0.5443
vn -0.9651 0.2617 0.0036
vn -0.7194 0.1890 -0.6684
vn -0.3653 0.4520 -0.8138
vn -0.5311 0.8106 -0.2469
vn 0.0475 0.9152 -0.4001
vn 0.0405 0.9901 0.1345
vn 0.6174 0.4863 -0.6184
vn 0.3884 0.9198 0.0569
vn 0.7848 0.1062 -0.6105
vn 0.8873 0.4397 0.1388
vn 0.9294 -0.3667 0.0427
vn 0.6924 -0.6912 0.2067
vn -0.3538 -0.4819 -0.8016
vn -0.4746 -0.8451 -0.2460
vn -0.7117 -0.2557 -0.6543
vn -0.7524 -0.6443 0.1369
vn -0.9991 0.0342 0.0237
vn -0.1288 0.1051 0.9861
vn -0.1152 -0.0745 -0.9906
vn -0.0379 -0.0690 -0.9969
vn -0.0912 -0.0006 -0.9958
vn -0.1085 -0.0604 -0.9923
vn -0.3248 0.3530 -0.8775
vn -0.0221 0.1329 -0.9909
vn -0.0314 0.0380 -0.9988
vn 0.0263 0.0498 -0.9984
vn 0.0735 0.0043 -0.9973
vn 0.0159 0.0487 -0.9987
vn 0.0871 -0.0063 -0.9962
vn 0.3470 -0.1764 -0.9211
vn 0.0407 -0.0626 -0.9972
vn -0.0034 -0.2093 -0.9778
vn -0.8293 0.3058 -0.4677
vn 0.4559 0.1625 -0.8751
vn -0.0489 0.9738 -0.2220
vn 0.9990 0.0418 0.0167
vn 0.9976 -0.0158 -0.0674
vn 0.1467 0.0246 -0.9889
vn 0.1000 0.0631 -0.9930
vn -0.9901 0.1154 -0.0802
vn -0.7734 0.1129 -0.6238
vn -0.7531 0.0447 0.6564
vn 0.1117 0.0930 0.9894
vn 0.4058 -0.0455 0.9128
vn 0.8156 0.0149 -0.5784
vn 0.8157 -0.0150 0.5783
vn 0.6188 -0.0110 -0.7854
vn -0.6213 0.0114 -0.7835
vn -0.7488 -0.0079 -0.6628
vn -0.7488 0.0079 0.6628
vn -0.6213 -0.0114 0.7835
vn 0.6188 0.0110 0.7854
vn 0.1910 -0.8110 0.5530
vn 0.7375 0.6188 0.2705
vn 0.9837 -0.0185 0.1787
vn -0.1060 0.5916 -0.7992
vn -0.6617 0.6150 0.4288
vn 0.1667 -0.0549 0.9845
vn -0.9872 -0.1549 0.0375
vn -0.6916 -0.6677 -0.2754
vn 0.0179 -0.9960 -0.0872
vn -0.4939 -0.8524 -0.1718
vn 0.8122 -0.5829 -0.0234
vn 0.9223 0.2454 -0.2986
vn 0.2877 0.9516 -0.1080
vn -0.4746 0.8802 0.0076
vn -0.8841 0.4645 -0.0505
vn 0.6769 0.6024 0.4230
vn -0.0180 0.8110 0.5847
vn 0.1092 0.0801 0.9908
vn -0.2925 0.3787 0.8781
vn 0.3781 -0.0151 0.9256
vn -0.9859 0.1652 0.0271
vn 0.9886 0.1388 -0.0586
vn -0.7614 0.6459 -0.0557
vn 0.6701 -0.7260 -0.1548
vn 0.6825 0.7135 0.1586
vn -0.3658 0.9060 0.2129
vn 0.0831 -0.2065 -0.9749
vn -0.7387 -0.0450 0.6725
vn 0.2312 -0.3981 0.8877
vn -0.1295 -0.1717 0.9766
vn 0.7148 -0.0183 0.6991
vn 0.9964 -0.0285 -0.0793
vn 0.9960 -0.0159 0.0882
vn 0.9970 -0.0061 0.0771
vn 1.0000 -0.0089 0.0002
vn 0.5904 0.8071 0.0018
vn -0.7515 0.1102 -0.6504
vn -0.9942 -0.0895 -0.0601
vn -0.9981 0.0189 0.0584
vn -0.9999 0.0085 -0.0055
vn -0.9971 0.0550 0.0532
vn -0.9980 0.0633 0.0012
vn -0.8740 0.4512 -0.1805
vn -0.8921 0.4517 -0.0102
vn -0.3681 0.9295 0.0235
vn -0.9033 0.0376 0.4273
vn -0.9974 -0.0523 0.0506
vn -0.8845 -0.4223 -0.1984
vn -0.9949 -0.1006 0.0108
vn 0.9433 -0.0392 0.3297
vn 0.9768 -0.0122 0.2139
vn -0.1020 0.9931 0.0583
vn 0.2215 0.9749 0.0224
vn 0.4938 0.6370 -0.5919
vn 0.5218 0.8530 -0.0028
vn 0.2919 0.8712 -0.3946
vn 0.2363 0.9467 -0.2190
vn 0.5998 -0.8000 0.0137
vn 0.4271 -0.9039 -0.0219
vn 0.0260 -0.9991 0.0332
vn -0.3686 -0.9291 -0.0319
vn -0.6242 -0.7812 0.0112
vn -0.3641 0.9310 0.0268
vn -0.0455 0.0694 -0.9965
vn 0.0402 0.0158 -0.9991
vn 0.0350 -0.0647 -0.9973
vn -0.1489 -0.1300 -0.9803
vn -0.2908 0.9564 -0.0273
vn 0.6226 -0.7810 -0.0499
vn 0.7337 0.6568 0.1739
vn 0.9768 0.2096 -0.0443
vn 0.6921 0.0043 0.7218
vn 0.7226 -0.0029 0.6912
vn 0.1093 -0.0026 -0.9940
vn -0.6123 -0.3822 -0.6921
vn -0.1197 0.0016 -0.9928
vn -0.0030 -0.0103 -0.9999
vn -0.5827 0.5625 -0.5866
vn 0.0066 -0.0106 -0.9999
vn -0.0153 -0.8000 0.5998
vn -0.0105 -0.9998 -0.0147
vn -0.0289 -0.9986 0.0436
vn 0.0208 -0.9995 -0.0233
vn 0.0007 -1.0000 0.0032
vn -0.0918 -0.9947 0.0469
vn 0.0073 -0.9999 -0.0083
vn -0.1327 -0.9911 0.0034
vn -0.0032 -0.9999 0.0095
vn 0.3641 -0.9310 0.0268
vn -0.9976 0.0500 0.0470
vn -0.5547 0.5832 0.5935
vn -0.9975 0.0230 -0.0668
vn -0.6027 0.6137 -0.5100
vn -0.9975 -0.0052 -0.0704
vn -0.9969 -0.0054 -0.0780
vn -0.9985 -0.0366 0.0414
vn -0.9983 0.0034 0.0575
vn -0.9920 -0.1261 -0.0020
vn -0.8842 0.4598 0.0820
vn -0.9966 -0.0801 -0.0187
vn -0.9969 -0.0687 0.0389
vn -0.6814 -0.0466 0.7305
vn -1.0000 0.0074 0.0011
vn -0.9986 -0.0181 0.0505
vn -0.9964 -0.0044 0.0847
vn -0.9984 -0.0560 -0.0007
vn -0.8468 -0.4991 -0.1840
vn 0.6242 0.7808 0.0268
vn 0.7760 0.5771 -0.2546
vn 0.0504 0.9987 0.0116
vn 0.6294 0.7754 0.0518
vn 0.0531 0.9985 0.0097
vn -0.0048 0.9994 0.0331
vn -0.0507 0.9987 0.0012
vn -0.0318 0.9995 -0.0008
vn -0.0533 0.9740 -0.2203
vn 0.0087 0.9999 0.0129
vn -0.2345 -0.4221 0.8757
vn -0.3618 -0.2698 0.8924
vn -0.0703 -0.4989 0.8638
vn 0.1939 -0.4983 0.8451
vn 0.5900 -0.0612 0.8051
vn -0.0372 0.4898 0.8711
vn 0.4559 -0.7607 0.4620
vn 0.8034 -0.4311 -0.4107
vn -0.3089 0.9469 0.0893
vn -0.7117 0.4265 0.5581
vn -0.8141 0.0873 0.5742
vn 0.6584 0.5007 0.5619
vn -0.6242 -0.7808 0.0268
vn 0.1260 0.9862 0.1075
vn -0.6210 0.5639 0.5444
vn -0.8159 0.0347 0.5772
vn -0.3944 -0.9062 0.1524
vn 0.8288 -0.5324 0.1720
vn 0.6837 0.6675 0.2951
vn 0.5549 -0.7351 -0.3895
vn 0.9936 0.0936 0.0624
vn 0.0144 -0.9438 -0.3302
vn -0.7968 -0.5563 0.2357
vn -0.0592 0.8087 -0.5852
vn 0.5715 0.6607 0.4867
vn 0.0059 0.9999 0.0109
vn -0.0683 0.9963 -0.0520
vn -0.2478 0.9686 -0.0222
vn -0.9998 -0.0173 0.0018
vn -0.9284 -0.3479 -0.1303
vn 0.4740 -0.8720 -0.1226
vn 0.8576 0.5057 -0.0931
vn -0.4052 0.9081 -0.1061
vn 0.9978 0.0208 -0.0627
vn 0.9968 0.0266 0.0749
vn 0.9951 -0.0861 0.0491
vn 0.9909 -0.1205 0.0602
vn 0.9972 -0.0638 -0.0387
vn 0.9986 0.0063 -0.0531
vn 0.9992 -0.0119 -0.0390
vn 0.9975 0.0024 0.0706
vn 1.0000 0.0003 0.0027
vn 0.9996 -0.0012 0.0295
vn 0.9987 0.0497 -0.0128
vn 0.9996 0.0295 0.0032
vn 0.9976 0.0111 0.0690
vn 0.9987 0.0150 -0.0490
vn 0.9985 -0.0026 -0.0543
vn 1.0000 0.0074 -0.0019
vn 0.9961 -0.0079 0.0876
vn 0.9999 0.0133 -0.0037
vn 0.7165 0.0072 0.6975
vn 0.3316 0.0005 0.9434
vn 0.1491 -0.0005 0.9888
vn -0.0358 0.2902 -0.9563
vn -0.4809 -0.0098 -0.8767
vn -0.0399 0.7952 -0.6050
vn 0.0938 0.2681 -0.9588
vn 0.4503 -0.0021 -0.8929
vn 0.9899 0.0022 0.1415
vn -0.9753 0.0048 0.2206
vn -0.9853 0.0044 0.1711
vn 0.5792 -0.8152 -0.0009
vn -0.6709 -0.7415 0.0084
vn 0.6982 -0.7159 0.0030
vn -0.5601 0.0101 -0.8283
vn -0.6093 0.5199 -0.5987
vn 0.7544 -0.3960 -0.5235
vn -0.1813 -0.9500 -0.2543
vn -0.0579 -0.9944 0.0888
vn -0.0166 -0.9974 0.0697
vn -0.6661 -0.7296 0.1549
vn -0.0439 -0.0709 0.9965
vn -0.7949 0.0240 0.6062
vn -0.4594 0.0399 0.8873
vn -0.2802 0.9198 0.2748
vn -0.1962 0.9518 0.2358
vn 0.8276 0.5591 0.0498
vn 0.0529 0.1048 0.9931
vn 0.6849 0.5603 0.4658
vn 0.3460 0.1754 0.9217
vn 0.4425 -0.1804 0.8784
vn 0.7601 -0.2449 0.6018
vn 0.3683 -0.5171 0.7726
vn 0.4041 0.4500 0.7964
vn -0.3742 0.4178 0.8279
vn -0.5074 -0.2812 0.8145
vn 0.7061 -0.7081 -0.0057
vn 1.0000 -0.0019 -0.0032
vn 0.9594 -0.2788 -0.0433
vn 1.0000 0.0054 -0.0034
vn 0.7010 0.7131 -0.0044
vn 0.8943 -0.3069 0.3257
vn 0.8882 0.2510 0.3848
vn 0.9092 -0.3229 -0.2628
vn 0.9962 0.0868 -0.0018
vn 1.0000 0.0057 -0.0067
vn 0.9999 0.0102 -0.0064
vn 0.9998 0.0089 -0.0205
vn 0.8927 -0.4428 -0.0839
vn 0.9294 -0.1728 0.3261
vn 0.9199 0.3856 0.0718
vn 0.9730 0.0909 0.2123
vn 0.8997 0.2323 0.3696
vn 0.8730 -0.0121 -0.4876
vn 1.0000 -0.0023 0.0046
vn 0.8860 0.4085 -0.2196
vn 0.7012 -0.7129 0.0084
vn 0.7005 0.7136 0.0052
vn 0.9999 0.0104 0.0043
vn 1.0000 0.0062 0.0047
vn -0.9991 -0.0435 -0.0003
vn -1.0000 -0.0055 -0.0058
vn -1.0000 0.0011 -0.0008
vn -0.9761 0.2171 -0.0015
vn -0.9998 0.0031 0.0183
vn -1.0000 -0.0064 -0.0072
vn -0.1201 -0.8706 0.4771
vn -0.7028 -0.7113 -0.0060
vn 0.4032 -0.8295 0.3866
vn -0.5380 -0.8387 0.0846
vn 0.4714 -0.8538 -0.2210
vn -0.7003 -0.7137 0.0162
vn -0.0444 -0.8709 -0.4895
vn -0.4265 -0.8345 -0.3490
vn 0.4326 -0.8857 -0.1687
vn -0.2488 -0.9672 0.0501
vn -0.9721 0.1641 -0.1677
vn -0.9860 0.1638 0.0297
vn -0.0060 0.9990 0.0441
vn 0.5976 0.7915 -0.1277
vn 0.9940 -0.0524 0.0961
vn -0.2074 -0.4775 0.8538
vn -0.2998 -0.9526 0.0520
vn -0.7332 -0.6492 0.2025
vn -0.7787 0.0301 0.6267
vn -0.5179 -0.2146 0.8281
vn -0.3126 0.2923 0.9038
vn -0.2765 0.8006 0.5317
vn 0.0881 0.4868 0.8691
vn 0.6465 0.5198 0.5585
vn 0.4615 0.0255 0.8868
vn 0.7047 -0.5026 0.5008
vn 0.3141 -0.3490 0.8829
vn 0.1024 -0.2009 0.9742
vn 0.6487 -0.2604 -0.7151
vn 0.4029 -0.5276 0.7479
vn 0.7015 0.6566 0.2771
vn 0.0112 0.0208 -0.9997
vn -0.1650 0.0393 -0.9855
vn -0.0138 -0.0160 -0.9998
vn -0.0760 -0.1040 -0.9917
vn 0.0750 -0.1516 -0.9856
vn -0.0782 0.2452 -0.9663
vn 0.0091 -0.0115 -0.9999
vn 0.1088 -0.4042 -0.9082
vn 0.4258 0.0805 -0.9012
vn 0.2016 -0.4402 -0.8750
vn 0.4759 0.0498 -0.8781
vn 0.0051 0.5044 -0.8634
vn 0.0044 0.0035 -1.0000
vn 0.0654 0.4435 -0.8939
vn -0.0102 0.0128 -0.9999
vn -0.3915 0.1124 -0.9133
vn -0.0220 -0.0009 -0.9998
vn -0.2139 -0.4483 -0.8679
vn 0.0056 0.0093 -0.9999
vn -0.3085 -0.2583 -0.9155
vn 0.0600 -0.0085 -0.9982
vn -0.4931 0.1828 -0.8505
vn 0.0656 0.0202 -0.9976
vn -0.9999 -0.0087 0.0119
vn -0.9998 0.0074 0.0164
vn -1.0000 0.0049 -0.0035
vn -0.9999 0.0022 0.0115
vn -1.0000 0.0002 0.0041
vn -0.9998 -0.0185 -0.0078
vn -0.9998 -0.0133 -0.0138
vn -1.0000 -0.0045 0.0024
vn -1.0000 -0.0040 0.0060
vn -1.0000 0.0009 0.0057
vn -1.0000 0.0048 0.0022
vn -0.9389 -0.3443 -0.0035
vn -0.9997 -0.0055 -0.0217
vn -0.9999 0.0107 0.0063
vn -0.6975 0.7164 -0.0134
vn -0.9992 0.0347 -0.0188
vn -0.9916 0.1294 0.0006
vn -0.9998 -0.0070 -0.0205
vn -0.9999 0.0110 -0.0080
vn -1.0000 -0.0026 -0.0030
vn -1.0000 -0.0001 -0.0024
vn -1.0000 -0.0000 0.0045
vn -0.9999 -0.0028 -0.0113
vn -0.9995 0.0088 0.0301
vn -1.0000 -0.0022 0.0065
vn -0.9999 0.0151 0.0007
vn -0.9918 -0.1277 -0.0014
vn -0.9264 0.3766 -0.0006
vn -1.0000 0.0003 -0.0010
vn -1.0000 -0.0005 -0.0033
vn -0.9999 -0.0122 0.0049
vn -1.0000 0.0056 -0.0014
vn 0.4058 0.1463 -0.9022
vn -0.6943 -0.3522 -0.6276
vn -0.4951 0.6147 -0.6141
vn 0.0908 -0.4040 -0.9102
vn 0.6221 0.3085 -0.7195
vn -0.4604 -0.0359 -0.8870
vn 0.6935 -0.3858 -0.6084
vn -0.0915 0.4869 -0.8686
vn 0.0054 -0.0051 -1.0000
vn 0.6489 0.7601 -0.0357
vn 0.9994 -0.0227 0.0260
vn 0.6339 -0.5986 -0.4897
vn 0.5985 0.2976 0.7437
vn 0.5748 0.2136 -0.7899
vn 0.4845 -0.8702 -0.0898
vn -0.2301 -0.9694 0.0856
vn -0.9430 -0.3221 -0.0833
vn -0.9855 0.1605 0.0546
vn -0.0086 0.9936 0.1124
vn 0.9897 -0.0625 0.1284
vn -1.0000 0.0067 -0.0034
vn -1.0000 -0.0044 -0.0003
vn -1.0000 0.0015 -0.0022
vn -1.0000 0.0028 0.0027
vn -1.0000 0.0080 -0.0042
vn -0.9999 -0.0114 -0.0001
vn -1.0000 0.0035 0.0016
vn -0.9986 0.0412 -0.0318
vn -0.9999 -0.0162 0.0012
vn -1.0000 0.0020 -0.0044
vn -1.0000 0.0036 -0.0015
vn -1.0000 0.0022 0.0038
vn -0.9999 0.0117 0.0020
vn -0.9999 -0.0114 0.0010
vn -0.9999 0.0048 -0.0095
vn 0.0530 -0.1612 -0.9855
vn 0.8018 -0.1869 -0.5676
vn -0.0504 -0.3248 -0.9445
vn -0.3810 -0.1086 -0.9182
vn -0.5776 0.7543 -0.3121
vn 0.0394 0.0567 -0.9976
vn 0.1090 0.1810 -0.9774
vn 0.2065 0.1589 -0.9655
vn 0.5453 -0.8327 -0.0966
vn -0.8143 -0.5800 0.0207
vn -0.5074 0.8617 -0.0032
vn 0.8631 0.5006 -0.0663
vn 0.5401 -0.5350 -0.6496
vn 0.8321 -0.3907 0.3936
vn 0.8545 -0.2219 0.4697
vn -0.1013 0.9466 0.3062
vn 0.1253 0.6535 -0.7465
vn -0.7007 0.7135 0.0049
vn 0.6115 -0.7183 -0.3317
vn 0.5670 0.1400 -0.8117
vn 0.5581 -0.4415 0.7025
vn -0.9564 -0.2204 -0.1917
vn -0.0086 -0.8579 0.5138
vn -0.9595 0.2123 0.1849
vn 0.0119 0.0542 0.9985
vn -0.0133 0.5304 0.8476
vn 0.0033 0.9763 0.2166
vn -0.9606 0.0088 0.2779
vn -0.8134 0.4496 0.3690
vn 0.0393 0.7687 -0.6384
vn -0.9169 -0.1034 -0.3855
vn 0.0158 -0.1210 -0.9925
vn -0.9143 -0.4000 0.0635
vn 0.0134 -0.8932 -0.4495
vn 0.1361 -0.3809 0.9145
vn 0.6727 -0.0511 0.7382
vn 0.1892 0.7333 0.6530
vn -0.4422 -0.2036 0.8735
vn -0.2892 0.5861 0.7569
vn -0.6434 0.1105 -0.7575
vn 0.3103 -0.0459 -0.9495
vn -0.6378 -0.4022 -0.6568
vn -0.9335 0.1905 0.3037
vn -0.4931 -0.8363 -0.2397
vn -0.9019 0.0027 -0.4319
vn -0.6368 -0.7562 0.1504
vn -0.6709 -0.4420 0.5954
vn -0.9540 0.2600 -0.1491
vn -0.6508 -0.0853 0.7544
vn -0.6611 0.4961 0.5628
vn -0.9820 -0.0520 -0.1817
vn -0.7138 0.6993 0.0388
vn -0.8532 -0.4645 -0.2373
vn -0.6932 0.5505 -0.4653
vn -0.0928 0.1885 0.9777
vn 0.0881 -0.3338 -0.9385
vn -0.4743 0.8131 -0.3376
vn -0.5486 0.8249 0.1362
vn 0.0071 1.0000 -0.0052
vn -0.2021 0.9606 0.1908
vn 0.4769 0.8144 -0.3307
vn 0.6131 0.7784 0.1351
vn 0.2639 0.8124 0.5200
vn -0.4448 0.8515 -0.2776
vn -0.0098 0.9999 -0.0063
vn 0.4883 0.8723 -0.0256
vn -0.0289 0.8296 -0.5576
vn 0.0792 0.8631 -0.4988
vn -0.6222 0.7817 0.0424
vn -0.4689 0.5813 -0.6650
vn -0.6474 -0.0870 -0.7572
vn -0.6315 -0.5952 -0.4970
vn -0.6272 -0.7502 0.2094
vn -0.5403 -0.6211 0.5677
vn -0.6339 0.0899 0.7681
vn -0.6687 0.5038 0.5468
vn -0.8545 -0.4042 -0.3263
vn -0.6421 -0.7660 -0.0307
vn -0.7964 -0.2599 -0.5460
vn -0.7715 0.3135 0.5536
vn -0.0771 -0.9418 0.3271
vn 0.6140 -0.7495 -0.2477
vn 0.5994 -0.4107 0.6870
vn -0.0496 0.1941 0.9797
vn 0.0466 0.9077 0.4169
vn -0.0445 0.9084 -0.4157
vn 0.5661 0.1653 -0.8076
vn -0.0856 -0.5188 -0.8506
vn -0.6989 0.5627 -0.4415
vn -0.6785 -0.3338 -0.6543
vn -0.7602 0.2765 0.5880
vn -0.9597 -0.1944 0.2031
vn -0.1149 0.7620 0.6373
vn -0.5852 0.8107 -0.0183
vn 0.8957 -0.4345 0.0946
vn 0.5052 0.2522 0.8253
vn 0.6517 -0.7582 0.0208
vn 0.7536 0.2833 -0.5931
vn -0.2027 -0.7711 -0.6036
vn -0.5518 0.5707 -0.6081
vn 0.3987 -0.2586 -0.8799
vn -0.0721 0.7056 -0.7049
vn -0.1282 -0.9198 -0.3710
vn 0.0744 -0.8648 0.4965
vn 0.0534 0.1555 0.9864
vn 0.7548 0.6246 0.2003
vn -0.9975 0.0704 0.0100
vn -0.9998 -0.0006 0.0173
vn -0.9991 -0.0404 0.0144
vn 0.1402 0.1010 0.9850
vn -0.1522 -0.8814 -0.4471
vn -0.5820 0.0022 0.8132
vn 0.7892 -0.0175 0.6139
vn 0.1573 -0.7165 0.6796
vn -0.2241 -0.5844 0.7799
vn -0.2828 -0.2494 0.9262
vn 0.1662 -0.1193 0.9789
vn -0.0107 0.2747 0.9615
vn 0.3770 0.5935 0.7111
vn 0.7135 0.6209 -0.3246
vn -0.5814 0.6105 0.5379
vn 0.6414 0.7105 -0.2895
vn 0.6224 -0.0089 -0.7827
vn 0.6320 -0.7423 -0.2225
vn 0.5920 -0.3650 0.7186
vn -0.0774 0.2808 0.9567
vn 0.6092 0.5741 0.5471
vn -0.6899 0.7237 0.0157
vn 0.0488 0.9955 -0.0818
vn 0.2634 0.9630 0.0575
vn 0.8312 0.5553 0.0265
vn 0.7782 -0.6280 -0.0064
vn -0.2154 -0.9765 0.0088
vn 0.0441 -0.9989 -0.0180
vn -0.9938 -0.1055 0.0356
vn -1.0000 -0.0071 0.0036
vn -1.0000 0.0045 0.0061
vn -0.5883 -0.6124 -0.5281
vn 0.3611 -0.6184 -0.6980
vn 0.7113 -0.6246 0.3225
vn 0.1960 0.0943 0.9761
vn -0.6842 0.7107 0.1635
vn -0.9755 -0.1552 -0.1557
vn 0.4884 0.8722 0.0266
vn 0.2215 -0.5769 0.7862
vn 0.5004 0.3903 0.7728
vn 0.5005 0.3901 0.7728
vn 0.5002 0.3903 0.7729
vn -0.3667 0.4368 0.8214
vn -0.3667 0.4368 0.8215
vn -0.5066 -0.2404 0.8280
vn -0.0252 -0.0374 0.9990
vn -0.0047 -0.0113 0.9999
vn 0.0026 0.0018 1.0000
vn -0.0038 -0.0030 1.0000
vn -0.0002 0.0263 0.9997
vn 0.0095 -0.0108 0.9999
vn 0.0180 -0.0059 0.9998
vn -0.0100 0.0132 0.9999
vn 0.1106 0.1319 0.9851
vn 0.9901 0.1288 -0.0551
vn 0.1875 0.0188 0.9821
vn -0.5807 0.0653 0.8115
vn -0.9887 0.0581 0.1383
vn -0.9999 -0.0119 0.0104
vn -0.6767 -0.0010 -0.7362
vn -0.0141 0.0279 -0.9995
vn -0.1384 0.0125 0.9903
vn -0.0265 0.0901 0.9956
vn -0.4715 0.1114 0.8748
vn -0.9759 0.0945 0.1965
vn -0.7486 0.1208 -0.6520
vn 0.3029 0.6416 -0.7047
vn 0.7358 0.6551 -0.1716
vn 0.6108 0.6449 0.4594
vn 0.9942 0.0278 -0.1041
vn -1.0000 0.0059 -0.0072
vn 0.3318 -0.2672 -0.9047
vn 0.5872 0.6410 -0.4943
vn 0.5289 0.7744 0.3473
vn 0.5690 0.0253 0.8219
vn 0.9418 0.2901 0.1699
vn 0.9394 -0.3318 0.0862
vn 0.0319 -0.1096 0.9935
vn -0.7686 -0.0664 0.6363
vn -0.9897 -0.0377 -0.1384
vn -1.0000 -0.0055 -0.0074
vn -0.0341 -0.9871 0.1566
vn 0.1302 0.9882 -0.0807
vn 0.1155 0.2608 -0.9584
vn -0.0934 -0.9858 -0.1395
vn -0.0421 0.1025 0.9938
vn 0.0868 0.9322 0.3514
vn 0.0372 0.9928 -0.1135
vn 0.0290 0.2962 -0.9547
vn 0.8871 -0.4584 -0.0544
vn 0.9413 0.3344 -0.0466
vn 0.8602 0.5088 0.0355
vn -0.2384 -0.9672 -0.0872
vn 0.6450 -0.7621 0.0561
vn -0.9780 -0.1869 -0.0925
vn -0.2368 0.9709 -0.0365
vn 0.0052 0.9989 0.0461
vn -0.1944 -0.6220 -0.7585
vn -0.4976 0.3404 -0.7978
vn -0.4976 0.3402 -0.7979
vn -0.4977 0.3404 -0.7978
vn 0.4883 0.0875 -0.8683
vn 0.2356 -0.5343 -0.8118
vn 0.5081 0.0352 -0.8606
vn -0.4285 0.3684 -0.8251
vn -0.4272 0.3670 -0.8263
vn -0.4276 0.3672 -0.8260
vn 0.4483 0.8084 -0.3815
vn 0.0317 0.4106 0.9112
vn 0.0201 0.6506 0.7592
vn 0.0490 -0.6583 0.7511
vn 0.0139 -0.9566 -0.2911
vn -0.0030 -0.4292 -0.9032
vn -0.0249 0.2627 -0.9646
vn -0.0206 0.5398 -0.8415
vn -0.0111 0.9780 -0.2084
vn -0.0080 0.9741 0.2260
vn -0.9990 -0.0268 -0.0357
vn 0.6503 -0.0134 -0.7596
vn -0.4447 -0.6211 -0.6453
vn -0.1850 0.6424 -0.7437
vn -0.1852 0.6424 -0.7437
vn -0.1853 0.6424 -0.7436
vn -0.3740 -0.9244 0.0748
vn -0.8370 -0.5411 -0.0813
vn -0.9771 0.2027 0.0652
vn -0.3273 0.9432 -0.0563
vn 0.1266 0.9881 0.0874
vn 0.9616 -0.2493 0.1152
vn 0.0036 0.4738 -0.8806
vn 0.0843 -0.0125 -0.9964
vn -0.8263 -0.0059 -0.5633
vn -0.7572 0.4756 -0.4477
vn -0.3588 -0.7694 -0.5284
vn -0.0524 0.5454 -0.8365
vn -0.3002 -0.0200 -0.9537
vn -0.0520 -0.6809 -0.7306
vn -0.7136 -0.6286 -0.3093
vn -0.6105 -0.7591 -0.2260
vn -0.6224 -0.7606 0.1846
vn -0.7014 -0.5083 0.4997
vn -0.3981 -0.7923 0.4623
vn -0.3576 -0.0114 0.9338
vn 0.0252 -0.8315 0.5549
vn -0.4470 -0.4029 0.7987
vn -0.4337 -0.0290 0.9006
vn 0.6687 -0.6370 0.3835
vn 0.5016 -0.7827 0.3685
vn 0.4707 -0.0477 0.8810
vn 0.2969 -0.7340 0.6108
vn 0.5921 -0.7953 -0.1301
vn 0.6555 -0.6082 -0.4477
vn 0.3082 -0.8099 -0.4991
vn 0.4295 -0.0641 -0.9008
vn 0.1730 -0.0175 -0.9848
vn -0.9077 -0.0058 0.4196
vn -0.7637 0.4744 0.4378
vn 0.0009 0.4711 0.8821
vn 0.7619 0.4741 0.4412
vn 0.2493 0.8639 0.4376
vn 0.7641 0.4721 -0.4396
vn 0.5026 0.8645 0.0017
vn 0.2559 0.8669 -0.4278
vn -0.2405 0.8700 -0.4304
vn -0.4978 0.8673 -0.0002
vn -0.2476 0.8646 0.4373
vn 0.4940 0.6553 -0.5714
vn 0.0924 0.4405 -0.8930
vn -0.2484 0.6635 -0.7057
vn 0.4659 -0.0099 -0.8848
vn -0.2010 -0.0425 -0.9787
vn -0.5918 -0.0247 -0.8057
vn -0.5706 0.6572 -0.4925
vn -0.8691 -0.0246 -0.4941
vn -0.9691 -0.0092 0.2463
vn -0.7607 0.6366 -0.1264
vn -0.6583 0.6675 0.3481
vn -0.8685 -0.0456 0.4935
vn -0.3444 -0.0154 0.9387
vn -0.3439 0.6297 0.6966
vn 0.0365 0.0070 0.9993
vn 0.2315 0.6346 0.7374
vn 0.6358 0.6528 0.4119
vn 0.8050 -0.0987 0.5850
vn 0.9988 -0.0472 -0.0136
vn 0.7698 0.6132 -0.1775
vn 0.8083 -0.0448 -0.5871
vn -0.0845 -0.0084 0.9964
vn 0.0138 -0.9989 -0.0440
vn -0.0266 -0.9990 -0.0362
vn -0.0487 -0.9988 0.0004
vn -0.0324 -0.9986 0.0417
vn 0.0201 -0.9984 0.0528
vn 0.0541 -0.9985 -0.0004
vn 0.8249 -0.0050 0.5653
vn 0.9077 -0.0088 -0.4195
vn 0.0180 0.9998 -0.0021
vn -0.0018 1.0000 0.0006
vn -0.0050 1.0000 -0.0041
vn -0.0055 0.9996 0.0261
vn -0.0121 0.9999 -0.0033
vn -0.0196 0.9998 -0.0014
vn -0.0014 0.4715 -0.8819
vn 0.0838 -0.0089 -0.9964
vn -0.8241 -0.0053 -0.5663
vn -0.7628 0.4763 -0.4374
vn -0.4648 -0.7662 -0.4437
vn -0.1013 -0.7761 -0.6225
vn -0.4681 -0.0388 -0.8828
vn -0.0403 -0.6824 -0.7299
vn -0.7164 -0.6199 -0.3201
vn -0.6064 -0.7952 0.0005
vn -0.6084 -0.6091 0.5088
vn -0.4233 -0.8108 0.4043
vn -0.3643 -0.0586 0.9294
vn -0.0267 -0.7749 0.6315
vn 0.1342 -0.7103 0.6910
vn -0.3192 -0.0441 0.9466
vn 0.4581 -0.7922 0.4033
vn 0.3630 0.0066 0.9318
vn 0.7959 -0.4969 0.3459
vn 0.5876 -0.7986 -0.1301
vn 0.6204 -0.6532 -0.4340
vn 0.3034 -0.8066 -0.5072
vn 0.4404 -0.0619 -0.8956
vn 0.1668 -0.0147 -0.9859
vn -0.9085 -0.0123 0.4177
vn -0.7565 0.4762 0.4483
vn 0.2550 0.8670 0.4282
vn 0.0079 0.4746 0.8802
vn 0.7640 0.4735 0.4383
vn 0.7619 0.4735 -0.4420
vn 0.5026 0.8645 -0.0003
vn 0.2505 0.8639 -0.4369
vn -0.2463 0.8646 -0.4380
vn -0.4976 0.8674 -0.0012
vn -0.2410 0.8701 0.4299
vn -0.1539 0.6766 0.7201
vn 0.2500 0.5042 0.8266
vn 0.6070 0.6382 0.4736
vn -0.7339 0.6450 0.2130
vn -0.5541 0.5574 0.6183
vn 0.0566 0.6387 -0.7674
vn -0.0933 -0.0182 -0.9955
vn -0.4299 0.6578 -0.6185
vn -0.6949 0.6390 -0.3297
vn -0.8055 -0.0934 -0.5852
vn -0.9983 -0.0425 -0.0409
vn -0.8688 -0.0390 0.4936
vn -0.6620 0.0068 0.7495
vn -0.2012 -0.0480 0.9784
vn 0.3430 -0.0527 0.9378
vn 0.9584 -0.0359 0.2832
vn 0.7579 0.6477 -0.0780
vn 0.5267 0.6450 -0.5537
vn 0.8693 -0.0144 -0.4940
vn 0.7723 0.0044 -0.6353
vn 0.2011 -0.0576 -0.9779
vn -0.0827 -0.0159 0.9964
vn 0.0192 -0.9983 0.0555
vn -0.0354 -0.9982 0.0474
vn -0.0180 -0.9985 -0.0511
vn -0.0483 -0.9988 0.0005
vn 0.0532 -0.9986 0.0010
vn 0.0335 -0.9984 -0.0448
vn 0.8252 -0.0070 0.5647
vn 0.9074 -0.0081 -0.4202
vn 0.0052 0.9999 0.0090
vn 0.0010 1.0000 -0.0056
vn 0.0016 0.9998 -0.0220
vn 0.0060 0.9999 -0.0102
vn -0.0168 0.9999 0.0012
vn -0.0103 0.9999 -0.0060
vn -0.0070 -0.4742 0.8804
vn 0.0792 0.0111 0.9968
vn -0.8299 0.0062 0.5578
vn -0.7649 -0.4745 0.4357
vn -0.4483 0.7742 0.4469
vn -0.0078 0.7891 0.6143
vn -0.4152 0.0145 0.9096
vn -0.0293 0.5276 0.8490
vn -0.6904 0.6281 0.3589
vn -0.6085 0.7932 0.0242
vn -0.9866 0.0673 -0.1483
vn -0.4438 0.8048 -0.3942
vn -0.3912 0.0161 -0.9202
vn -0.0096 0.7847 -0.6197
vn 0.0406 0.5562 -0.8301
vn -0.4367 0.0297 -0.8991
vn -0.3615 0.3514 -0.8636
vn 0.4344 0.8008 -0.4124
vn 0.3519 0.0045 -0.9360
vn 0.6862 0.6198 -0.3807
vn 0.5955 0.7981 0.0921
vn 0.6090 0.6582 0.4425
vn 0.5018 -0.6281 0.5947
vn 0.4681 0.0421 0.8827
vn 0.3684 0.0176 0.9295
vn -0.8970 0.0027 -0.4421
vn -0.7596 -0.4753 -0.4439
vn 0.0013 -0.4716 -0.8818
vn 0.7632 -0.4728 -0.4404
vn 0.2490 -0.8642 -0.4373
vn 0.4986 -0.8668 -0.0072
vn 0.7576 -0.4786 0.4439
vn 0.2407 -0.8702 0.4298
vn -0.2523 -0.8676 0.4284
vn -0.4984 -0.8669 -0.0015
vn -0.2449 -0.8658 -0.4364
vn 0.4850 -0.6456 -0.5900
vn -0.5009 -0.6402 -0.5825
vn 0.0332 -0.5845 -0.8107
vn -0.3447 0.0426 0.9377
vn -0.6833 -0.6224 0.3817
vn -0.2489 -0.6620 0.7070
vn -0.9646 0.0498 0.2588
vn -0.7410 -0.6416 -0.1982
vn -0.8061 0.0856 -0.5856
vn -0.3527 0.0452 -0.9346
vn 0.2008 0.0570 -0.9780
vn 0.7739 -0.0057 -0.6333
vn 0.9620 -0.0028 -0.2732
vn 0.6948 -0.6580 -0.2905
vn 0.7438 -0.6522 0.1463
vn 0.5829 -0.6521 0.4848
vn 0.8689 0.0364 0.4937
vn 0.5918 0.0333 0.8054
vn 0.2256 -0.6483 0.7272
vn -0.0652 0.0019 -0.9979
vn -0.0106 0.9996 -0.0244
vn -0.0521 0.9986 0.0017
vn -0.0164 0.9986 -0.0511
vn 0.0500 0.9987 -0.0005
vn 0.0305 0.9988 0.0391
vn -0.0201 0.9986 0.0494
vn 0.0307 0.9986 -0.0439
vn 0.8309 0.0006 -0.5565
vn 0.9013 0.0051 0.4332
vn -0.0272 -0.9996 0.0073
vn -0.0235 -0.9997 -0.0013
vn 0.0070 -0.9999 0.0147
vn 0.0189 -0.9997 0.0129
vn 0.0021 -1.0000 -0.0022
vn -0.0020 -1.0000 -0.0009
vn -0.0028 -0.4730 0.8811
vn 0.0794 0.0065 0.9968
vn -0.8293 0.0039 0.5588
vn -0.7636 -0.4715 0.4412
vn -0.4700 0.7699 0.4317
vn -0.1086 0.7852 0.6096
vn -0.5062 0.0478 0.8611
vn -0.0321 0.6888 0.7242
vn -0.7046 0.6238 0.3383
vn -0.6167 0.7867 0.0289
vn -0.7168 0.4970 -0.4890
vn -0.4370 0.8122 -0.3866
vn -0.3848 -0.0047 -0.9230
vn 0.0600 -0.5232 -0.8501
vn -0.4748 0.4171 -0.7750
vn -0.4501 0.0126 -0.8929
vn 0.4125 -0.1056 -0.9048
vn 0.4187 0.0570 -0.9063
vn 0.6822 0.6375 -0.3580
vn 0.4661 0.0697 -0.8820
vn 0.2791 0.7888 -0.5476
vn 0.6148 0.7753 -0.1447
vn 0.3182 0.9240 -0.2120
vn 0.6616 0.5813 0.4737
vn 0.5929 0.7700 0.2357
vn 0.3313 0.7957 0.5071
vn 0.4196 0.0530 0.9062
vn 0.2046 0.0113 0.9788
vn -0.8966 0.0014 -0.4428
vn -0.7637 -0.4748 -0.4373
vn -0.0021 -0.4756 -0.8797
vn 0.7637 -0.4714 -0.4411
vn 0.2549 -0.8646 -0.4330
vn 0.7603 -0.4766 0.4412
vn 0.5024 -0.8646 -0.0057
vn 0.2464 -0.8663 0.4345
vn -0.2531 -0.8642 0.4349
vn -0.5005 -0.8657 0.0072
vn -0.2517 -0.8669 -0.4304
vn 0.6040 -0.6473 0.4649
vn 0.7000 -0.6529 -0.2892
vn 0.7961 -0.5898 0.1357
vn 0.0270 -0.6434 -0.7650
vn 0.5385 -0.5794 -0.6118
vn -0.4642 -0.5394 0.7026
vn -0.6958 -0.6502 0.3052
vn -0.0893 -0.6799 0.7279
vn 0.3165 -0.4725 0.8226
vn 0.3429 0.0507 0.9380
vn -0.2010 0.0414 0.9787
vn -0.5703 -0.0109 0.8213
vn -0.8679 0.0552 0.4936
vn -0.9996 0.0291 0.0008
vn -0.7279 -0.6365 -0.2552
vn -0.5722 0.0145 -0.8200
vn -0.3884 -0.6513 -0.6519
vn -0.2015 -0.0019 -0.9795
vn 0.5620 0.0460 -0.8258
vn 0.8057 0.0902 -0.5854
vn 0.9623 0.0506 0.2673
vn -0.0649 -0.0005 -0.9979
vn -0.0312 0.9951 -0.0937
vn -0.0194 0.9991 -0.0371
vn 0.0081 0.9994 -0.0327
vn -0.0473 0.9989 0.0006
vn 0.0467 0.9989 0.0006
vn -0.0326 0.9985 0.0432
vn 0.0182 0.9987 0.0472
vn 0.8309 -0.0010 -0.5564
vn 0.9008 0.0023 0.4342
vn -0.0192 -0.9998 -0.0003
vn -0.0224 -0.9997 -0.0005
vn 0.0031 -0.9999 -0.0101
vn 0.0026 -1.0000 0.0002
vn 0.0038 -0.9999 -0.0099
vn 0.0044 -0.9999 -0.0094
vn -0.0011 -0.4745 0.8803
vn 0.0654 -0.0004 0.9979
vn -0.8295 0.0026 0.5585
vn -0.7657 -0.4771 0.4314
vn -0.4525 0.7838 0.4252
vn -0.0640 0.7813 0.6209
vn -0.4454 0.0282 0.8949
vn -0.0064 0.6988 0.7153
vn -0.7065 0.6243 0.3332
vn -0.6250 0.7795 -0.0427
vn -0.7154 0.5071 -0.4807
vn -0.3937 0.7944 -0.4625
vn -0.3543 0.0133 -0.9350
vn -0.0179 0.7766 -0.6298
vn -0.4772 0.4136 -0.7754
vn -0.4593 0.0334 -0.8877
vn 0.3794 0.7939 -0.4752
vn 0.3106 0.0322 -0.9500
vn 0.5382 0.6556 -0.5297
vn 0.3543 0.0433 -0.9341
vn 0.2060 0.8015 -0.5613
vn 0.8212 0.0225 -0.5702
vn 0.6185 0.7557 -0.2152
vn 0.7336 0.6254 0.2659
vn 0.7832 -0.5923 0.1892
vn 0.3722 0.8155 0.4432
vn 0.5292 0.0829 0.8444
vn 0.2801 0.0191 0.9598
vn -0.8960 0.0052 -0.4440
vn -0.7605 -0.4730 -0.4450
vn 0.0102 -0.4768 -0.8789
vn 0.7652 -0.4756 -0.4339
vn 0.2510 -0.8699 -0.4246
vn 0.4992 -0.8664 0.0090
vn 0.7626 -0.4713 0.4430
vn 0.2550 -0.8644 0.4335
vn -0.2483 -0.8656 0.4347
vn -0.4944 -0.8692 -0.0079
vn -0.2505 -0.8662 -0.4324
vn 0.7143 -0.6666 0.2134
vn 0.3318 -0.9167 -0.2224
vn 0.7824 -0.5530 -0.2863
vn -0.3569 -0.4875 -0.7968
vn -0.0126 -0.5598 -0.8285
vn 0.5849 -0.1687 -0.7934
vn -0.6234 -0.5295 -0.5753
vn -0.7625 -0.6440 -0.0612
vn -0.6862 -0.6815 0.2545
vn 0.0037 -0.6627 0.7488
vn -0.4503 -0.5415 0.7099
vn 0.5381 0.0426 0.8418
vn -0.3075 0.0946 0.9468
vn -0.5856 0.0474 0.8092
vn -0.9951 0.0990 0.0001
vn -0.9289 0.0425 -0.3679
vn -0.3078 0.0871 -0.9474
vn 0.3124 0.0636 -0.9478
vn 0.8062 0.0833 -0.5858
vn 1.0000 -0.0019 0.0055
vn 0.5275 -0.6187 0.5822
vn 0.8052 0.0981 0.5849
vn -0.0683 0.0037 -0.9977
vn 0.0521 0.9986 0.0009
vn 0.0160 0.9986 0.0510
vn 0.0150 0.9987 -0.0483
vn -0.0443 0.9984 -0.0346
vn -0.0464 0.9983 0.0354
vn 0.8321 0.0066 -0.5545
vn 0.8964 0.0022 0.4432
vn 0.0008 -1.0000 -0.0068
vn -0.0029 -0.9999 0.0164
vn -0.0004 -1.0000 -0.0042
vn 0.0132 -0.9998 0.0143
vn 0.0132 -0.9997 0.0216
vn 0.0095 -0.9999 -0.0064
vn 0.0014 -0.4736 0.8807
vn 0.0654 -0.0002 0.9979
vn -0.8304 0.0025 0.5572
vn -0.7619 -0.4724 0.4431
vn -0.4747 0.7849 0.3984
vn 0.0106 0.7939 0.6079
vn -0.4416 -0.0223 0.8970
vn -0.7729 0.6104 -0.1734
vn -0.6243 0.7811 0.0128
vn -0.3076 0.6631 0.6824
vn -0.4688 0.8034 -0.3671
vn -0.5120 0.0365 -0.8582
vn -0.0777 0.7906 -0.6074
vn -0.0465 0.6849 -0.7271
vn -0.5914 0.0609 -0.8040
vn 0.3455 0.8143 -0.4663
vn 0.2609 0.0168 -0.9652
vn 0.6830 0.6439 -0.3449
vn 0.4850 0.0697 -0.8717
vn 0.6153 0.7863 -0.0563
vn 0.5976 0.6205 0.5077
vn 0.4286 0.7990 0.4218
vn 0.3989 0.0670 0.9146
vn -0.8953 0.0002 -0.4454
vn -0.7650 -0.4769 -0.4328
vn 0.2524 -0.8660 -0.4317
vn 0.0013 -0.4740 -0.8805
vn 0.7637 -0.4736 -0.4387
vn 0.7631 -0.4723 0.4412
vn 0.5034 -0.8641 0.0022
vn 0.2543 -0.8639 0.4347
vn -0.2470 -0.8652 0.4364
vn -0.4946 -0.8691 0.0091
vn -0.2489 -0.8658 -0.4340
vn 0.3954 -0.6494 0.6496
vn 0.7475 -0.6434 -0.1651
vn 0.8059 -0.5343 0.2549
vn -0.5477 0.0425 0.8356
vn -0.5456 -0.6503 0.5287
vn -0.0705 -0.6180 0.7830
vn -0.8057 0.0895 0.5855
vn -0.9560 0.0453 -0.2897
vn -0.7370 -0.6378 0.2237
vn -0.6849 -0.6300 -0.3660
vn -0.3061 0.0626 -0.9500
vn -0.2742 -0.6594 -0.7000
vn 0.1536 -0.6525 -0.7420
vn 0.3076 0.0917 -0.9471
vn 0.9488 0.0361 -0.3137
vn 0.4672 -0.6408 -0.6092
vn 0.9963 0.0860 -0.0001
vn 0.6039 0.0360 0.7962
vn 0.3083 0.0674 0.9489
vn -0.0686 -0.0014 -0.9976
vn -0.0167 0.9985 -0.0519
vn 0.0434 0.9984 -0.0352
vn -0.0196 0.9984 0.0535
vn -0.0478 0.9989 0.0002
vn 0.0481 0.9982 0.0356
vn 0.8316 0.0011 -0.5553
vn 0.8969 -0.0001 0.4423
vn -0.0186 -0.9998 0.0046
vn -0.0159 -0.9999 -0.0057
vn 0.0048 -1.0000 -0.0003
vn -0.0067 -0.9996 0.0277
vn -0.0047 -1.0000 -0.0085
vn 0.0110 -0.9999 -0.0116
vn 0.6538 0.4448 -0.6121
vn 0.1871 -0.6322 -0.7518
vn -0.6529 -0.1202 -0.7479
vn -0.9046 0.1253 -0.4075
vn -0.9767 -0.1622 0.1403
vn -0.6958 0.3473 0.6287
vn -0.0591 -0.1876 0.9805
vn 0.4066 0.0653 0.9113
vn 0.8433 0.0553 0.5346
vn 0.9562 -0.0599 0.2864
vn 0.8185 0.1067 -0.5645
vn 0.8846 0.1642 -0.4366
vn -0.1182 0.6030 -0.7890
vn -0.5760 -0.4592 -0.6763
vn 0.7239 -0.6449 0.2452
vn 0.6365 0.7217 0.2722
vn 0.9166 -0.0292 -0.3987
vn 0.9975 -0.0207 -0.0672
vn -0.0794 0.0566 -0.9952
vn -0.5264 -0.0294 -0.8497
vn -0.9866 0.0072 0.1632
vn -0.9716 0.0962 0.2163
vn -0.6593 -0.6610 0.3585
vn -0.7206 0.6070 0.3351
vn 0.0010 1.0000 0.0005
vn 0.0002 1.0000 -0.0000
vn 0.0005 1.0000 0.0004
vn -0.0002 -1.0000 0.0001
vn -0.0009 -1.0000 0.0003
vn -0.0002 -1.0000 -0.0001
vn -0.0004 -1.0000 0.0000
vn -0.4259 0.5086 -0.7483
vn 0.5140 -0.1472 -0.8451
vn -0.9378 0.2534 -0.2374
vn -0.9013 -0.2414 0.3596
vn -0.5191 0.3393 0.7845
vn 0.1019 0.0214 0.9946
vn 0.2546 -0.0881 0.9630
vn 0.7734 0.1193 0.6226
vn 0.9613 -0.0590 0.2689
vn 0.9461 0.1348 -0.2944
vn 0.7156 -0.1956 -0.6705
vn -0.2641 -0.6224 -0.7368
vn -0.6278 0.4572 -0.6300
vn 0.9254 -0.3342 0.1788
vn 0.4965 0.8608 0.1118
vn 0.9737 -0.2267 0.0237
vn 0.7277 -0.1529 -0.6687
vn 0.2548 -0.0358 -0.9663
vn -0.6674 -0.2082 -0.7150
vn -0.9929 0.1005 -0.0641
vn -0.4595 -0.8595 0.2239
vn -0.8513 0.3963 0.3439
vn 0.0006 1.0000 -0.0001
vn 0.0001 1.0000 -0.0003
vn 0.0002 1.0000 0.0001
vn 0.0008 1.0000 -0.0006
vn -0.0000 -1.0000 0.0008
vn -0.0070 -0.9998 -0.0175
vn -0.0003 -1.0000 -0.0005
vn 0.0002 -1.0000 -0.0005
vn -0.0019 -1.0000 -0.0003
vn -0.4158 0.5185 -0.7472
vn 0.6275 -0.1483 -0.7644
vn -0.9073 0.2200 -0.3583
vn -0.8684 -0.4380 0.2327
vn -0.4737 0.0704 0.8779
vn -0.2692 0.1561 0.9503
vn 0.4125 -0.0956 0.9059
vn 0.6606 -0.0136 0.7506
vn 0.9626 -0.0382 0.2684
vn 0.9928 0.0810 -0.0882
vn 0.7968 -0.0842 -0.5983
vn 0.3693 -0.6145 -0.6972
vn -0.6257 0.1462 -0.7662
vn 0.5203 -0.8283 0.2080
vn 0.8068 0.5448 0.2286
vn 0.9908 0.0588 -0.1222
vn 0.8644 -0.0092 -0.5028
vn 0.0091 -0.0145 -0.9999
vn -0.1850 0.0369 -0.9820
vn -0.9989 -0.0470 0.0069
vn -0.9583 -0.0781 -0.2749
vn -0.5350 0.8039 0.2599
vn -0.8151 -0.5239 0.2472
vn -0.0166 0.9986 -0.0495
vn 0.0005 1.0000 0.0002
vn -0.0001 -1.0000 -0.0000
vn -0.0032 -0.9990 -0.0453
vn -0.0004 -1.0000 0.0003
vn 0.6218 -0.2923 0.7266
vn -0.0875 0.6442 0.7599
vn -0.7757 0.3578 0.5199
vn -0.9883 0.0055 -0.1524
vn -0.9599 -0.1408 -0.2425
vn -0.5485 0.2214 -0.8063
vn -0.1192 -0.0495 -0.9916
vn 0.3921 0.1967 -0.8986
vn 0.8017 -0.0626 -0.5945
vn 0.9612 0.2343 -0.1459
vn 0.6566 0.5694 0.4947
vn 0.7046 -0.1492 0.6938
vn -0.7144 -0.0452 0.6982
vn 0.5285 0.8144 -0.2395
vn 0.8845 -0.3728 -0.2806
vn 0.9696 -0.1246 -0.2107
vn 0.8952 -0.0711 0.4400
vn 0.5345 -0.0520 0.8436
vn -0.2920 0.0178 0.9562
vn -0.8281 -0.1739 0.5330
vn -0.4860 0.8734 -0.0301
vn -0.7671 -0.6050 -0.2132
vn 0.0002 -1.0000 0.0001
vn 0.0001 -1.0000 -0.0005
vn 0.0009 -1.0000 -0.0006
vn -0.0200 -0.9985 0.0505
vn -0.0006 1.0000 -0.0010
vn -0.0005 1.0000 0.0006
vn 0.0000 1.0000 0.0003
vn 0.6866 0.3540 -0.6350
vn -0.1528 -0.6140 -0.7743
vn -0.7329 -0.2232 -0.6427
vn -0.9933 -0.0159 -0.1148
vn -0.9870 -0.0489 0.1532
vn -0.4833 0.0783 0.8719
vn -0.7599 -0.0245 0.6496
vn 0.1197 -0.2217 0.9677
vn 0.5494 0.0537 0.8338
vn 0.8615 -0.0619 0.5040
vn 0.9715 0.2257 0.0717
vn 0.7214 0.5341 -0.4408
vn 0.6091 0.0248 -0.7927
vn -0.6086 -0.0179 -0.7933
vn 0.8136 -0.4825 0.3246
vn 0.4580 0.8430 0.2819
vn 0.9965 -0.0739 0.0383
vn 0.8121 0.1236 -0.5702
vn 0.0705 0.0103 -0.9975
vn -0.3612 -0.0677 -0.9300
vn -0.9390 -0.0132 -0.3435
vn -0.9795 0.0680 0.1897
vn -0.5015 -0.8217 0.2708
vn -0.8381 0.4742 0.2697
vn 0.0009 1.0000 -0.0004
vn 0.0002 1.0000 -0.0004
vn 0.0017 1.0000 0.0015
vn -0.0000 -1.0000 -0.0007
vn -0.0005 -1.0000 -0.0003
vn -0.0513 -0.9956 -0.0781
vn -0.0001 -1.0000 0.0008
vn 0.2486 -0.4662 0.8490
vn -0.0839 0.6375 0.7659
vn -0.7248 -0.2162 0.6542
vn -0.9912 0.0119 0.1316
vn -0.7898 0.0574 0.6107
vn -0.9897 0.0260 0.1410
vn -0.7045 0.0077 -0.7097
vn -0.5203 -0.0269 -0.8536
vn 0.1941 -0.3373 -0.9212
vn 0.7249 0.1651 -0.6688
vn 0.9340 -0.3417 -0.1044
vn 0.6633 -0.5773 0.4763
vn 0.6715 0.0547 0.7390
vn -0.7001 -0.0088 0.7140
vn 0.7987 0.5767 -0.1719
vn 0.7499 -0.6320 -0.1955
vn 0.9936 -0.0165 -0.1119
vn 0.9453 0.1016 -0.3101
vn 0.6513 -0.1636 0.7409
vn 0.0854 0.0567 0.9947
vn -0.7037 -0.0447 0.7091
vn -0.9596 0.2107 0.1864
vn -0.8675 0.4844 -0.1131
vn -0.9342 -0.0130 -0.3566
vn -0.5774 -0.8037 -0.1440
vn -0.6662 0.7206 -0.1920
vn 0.0003 -1.0000 -0.0001
vn -0.0001 -1.0000 0.0013
vn 0.0001 -1.0000 0.0011
vn 0.0001 1.0000 -0.0008
vn -0.0002 1.0000 -0.0008
vn 0.0002 1.0000 0.0008
vn -0.0004 1.0000 0.0003
vn -0.0526 0.9954 0.0801
vn -0.6107 0.2952 -0.7348
vn 0.1015 0.8609 -0.4985
vn -0.1395 0.9725 0.1867
vn 0.1965 0.4478 -0.8723
vn 0.4719 0.3328 -0.8164
vn -0.2105 0.1743 -0.9619
vn 0.1909 0.0792 -0.9784
vn 0.5656 -0.0638 -0.8222
vn 0.5495 0.2367 -0.8012
vn 0.8686 0.4367 -0.2343
vn 0.9630 0.2276 -0.1445
vn 0.6184 0.6346 -0.4636
vn 0.8977 0.2231 0.3798
vn 0.8456 0.4498 0.2875
vn 0.8188 -0.0952 0.5662
vn 0.2992 -0.7128 0.6344
vn 0.4999 0.4528 0.7383
vn 0.7715 -0.0187 0.6360
vn -0.0479 0.4587 0.8873
vn 0.0456 -0.1431 0.9887
vn 0.3764 -0.2966 -0.8777
vn 0.7166 -0.0940 -0.6911
vn 0.4157 0.5623 -0.7149
vn 0.5728 0.3264 -0.7519
vn 0.6981 0.5009 -0.5117
vn 0.6842 0.7051 0.1861
vn 0.3829 0.9183 -0.1010
vn 0.5586 0.8111 -0.1732
vn 0.4552 0.8080 0.3740
vn 0.5855 0.6166 0.5263
vn 0.2389 0.6257 0.7426
vn 0.6970 0.2424 0.6749
vn 0.4389 0.3584 0.8239
vn 0.6260 0.0405 0.7787
vn -0.4601 -0.0086 -0.8878
vn -0.4574 0.4567 -0.7630
vn 0.4600 0.4242 -0.7800
vn 0.5171 -0.0490 -0.8545
vn -0.9833 0.0017 0.1820
vn -0.5863 0.4932 0.6427
vn -0.9903 0.1382 0.0100
vn -0.5934 0.7504 -0.2911
vn -0.8060 0.3177 -0.4994
vn -0.8865 -0.2657 -0.3788
vn -0.8312 0.0288 -0.5553
vn -0.9045 -0.0013 -0.4266
vn -0.9977 -0.0445 0.0513
vn -0.9443 -0.1327 -0.3011
vn -0.7536 0.0327 -0.6565
vn 0.0464 -0.0109 -0.9989
vn -0.0905 -0.1600 -0.9830
vn 0.9990 -0.0395 0.0200
vn 0.8519 -0.0298 -0.5229
vn 0.8662 -0.0645 -0.4956
vn 0.8707 -0.0007 0.4919
vn 0.9148 -0.1029 0.3906
vn 0.9523 -0.0679 0.2975
vn 0.4071 -0.0064 0.9134
vn 0.8013 0.0668 0.5946
vn 0.5392 -0.1286 0.8323
vn -0.5590 -0.0402 0.8282
vn -0.0478 0.0620 0.9969
vn -0.2331 -0.0855 0.9687
vn -0.8545 -0.0360 0.5182
vn -0.8175 0.0328 0.5750
vn 0.2558 -0.7428 -0.6187
vn 0.2887 -0.7429 -0.6040
vn 0.5962 -0.7306 -0.3329
vn 0.6771 -0.7272 0.1129
vn 0.5864 -0.7389 -0.3320
vn 0.7014 -0.7012 -0.1281
vn 0.4680 -0.7997 0.3762
vn 0.3506 -0.8492 0.3950
vn -0.0771 -0.6904 0.7194
vn 0.3674 -0.7386 0.5652
vn 0.1842 -0.6959 0.6941
vn -0.3229 -0.7910 0.5196
vn -0.3442 -0.8410 0.4175
vn -0.6927 -0.7108 0.1222
vn -0.6226 -0.6475 0.4393
vn -0.6952 -0.7126 0.0948
vn -0.6858 -0.6948 -0.2166
vn -0.6867 -0.6939 -0.2165
vn -0.3888 -0.7299 -0.5622
vn -0.4021 -0.7353 -0.5456
vn -0.4163 -0.7957 -0.4400
vn -0.1457 -0.9891 -0.0226
vn -0.0011 -0.9902 -0.1396
vn 0.3491 -0.8009 -0.4865
vn -0.0118 -0.7983 0.6022
vn -0.0666 -0.9889 0.1331
vn -0.5830 -0.7577 0.2931
vn 0.5589 -0.8036 0.2045
vn 0.0803 -0.9911 0.1062
vn 0.1311 -0.9905 -0.0403
vn -0.6682 -0.5965 -0.4446
vn -0.4711 -0.3365 -0.8154
vn -0.8610 0.0300 -0.5077
vn -0.0398 -0.3238 -0.9453
vn -0.9559 0.2934 -0.0113
vn -0.9854 -0.1697 -0.0161
vn -0.8397 0.1331 -0.5265
vn -0.9910 -0.1096 -0.0767
vn -0.7327 -0.6699 -0.1198
vn -0.9684 -0.0015 0.2493
vn -0.6047 -0.4585 0.6512
vn -0.6545 -0.6384 0.4051
vn -0.3666 -0.2482 0.8967
vn -0.8131 0.0330 0.5812
vn -0.2371 0.0081 0.9714
vn -0.1954 0.0945 0.9762
vn -0.5520 -0.0574 0.8319
vn -0.5383 0.2498 0.8049
vn -0.6315 -0.0161 -0.7752
vn -0.3603 0.4338 -0.8258
vn -0.0417 0.0519 0.9978
vn 0.0076 0.4133 0.9106
vn 0.0229 0.9697 0.2431
vn 0.0331 0.9156 -0.4008
vn -0.2786 -0.0325 -0.9599
vn 0.0348 0.3997 -0.9160
vn 0.0395 -0.0609 -0.9974
vn -0.4290 0.3052 0.8502
vn 0.4224 -0.2613 0.8679
vn -0.2837 0.7323 0.6191
vn -0.5463 0.8222 0.1601
vn -0.3119 0.9100 -0.2730
vn -0.4984 0.6225 -0.6034
vn -0.3813 0.2466 -0.8910
vn -0.4391 -0.3133 -0.8420
vn -0.0486 -0.8379 -0.5436
vn -0.0166 -0.9998 0.0072
vn -0.6007 -0.5781 0.5522
vn -0.0245 -0.9980 -0.0577
vn -0.8351 -0.5323 -0.1389
vn -0.0170 -0.5115 0.8591
vn -0.8391 -0.3747 0.3944
vn -0.0106 0.3999 0.9165
vn -0.8577 0.1958 0.4754
vn -0.0182 0.9998 -0.0073
vn -0.9415 0.3225 -0.0974
vn 0.2970 -0.0944 0.9502
vn 0.6940 -0.2832 0.6619
vn 0.3954 -0.4555 0.7976
vn 0.6946 -0.5404 0.4749
vn 0.3071 -0.8057 0.5065
vn 0.3915 -0.9200 0.0143
vn 0.6200 -0.7846 0.0010
vn 0.5091 -0.8175 -0.2693
vn 0.7062 -0.6181 -0.3452
vn -0.0848 0.0094 0.9963
vn -0.6122 -0.0956 0.7849
vn 0.0474 -0.0717 0.9963
vn -0.6340 -0.7714 -0.0538
vn -0.0107 -0.9422 0.3350
vn -0.0634 -0.5445 -0.8364
vn -0.6019 -0.2722 -0.7508
vn -0.0231 -0.1019 -0.9945
vn -0.0897 0.3878 -0.9174
vn -0.8803 -0.0302 -0.4734
vn 0.0865 0.0842 -0.9927
vn 0.1539 0.2551 -0.9546
vn 0.4362 0.4517 -0.7783
vn 0.3059 0.9249 -0.2256
vn 0.4151 0.8167 0.4009
vn 0.3984 0.4155 0.8177
vn 0.1410 0.5802 0.8022
vn 0.6770 0.5606 0.4769
vn 0.7634 0.5732 -0.2976
vn 0.5990 0.3988 -0.6944
vn -0.6301 -0.4750 -0.6143
vn 0.0439 -0.8755 -0.4812
vn -0.6113 -0.7914 -0.0035
vn 0.0334 -0.9139 0.4045
vn -0.5938 -0.4316 0.6791
vn 0.0141 -0.4757 0.8795
vn 0.9269 0.2318 -0.2951
vn -0.2710 -0.1114 -0.9561
vn 0.8189 -0.4294 -0.3807
vn 0.0840 -0.9962 0.0222
vn 0.7925 -0.5642 0.2314
vn 0.0188 -0.0672 0.9976
vn 0.8740 0.1177 0.4714
vn -0.9946 -0.1034 -0.0034
vn 0.9993 0.0373 -0.0075
vn 0.9993 0.0356 0.0081
vn 0.9993 0.0290 0.0234
vn 0.9968 -0.0197 -0.0777
vn 0.0263 0.9970 -0.0727
vn 0.2539 0.8635 0.4358
vn 0.9382 -0.0077 0.3460
vn 0.9842 0.0166 -0.1761
vn 0.7831 -0.0057 -0.6218
vn 0.6670 0.0334 0.7443
vn 0.6667 0.0329 0.7446
vn 0.6667 0.0328 0.7446
vn 0.4394 -0.0120 -0.8982
vn -0.9859 0.1400 0.0920
vn -0.9895 0.0233 -0.1426
vn -0.0170 -0.9459 -0.3239
vn -0.1565 -0.9876 0.0130
vn -0.8286 -0.0169 0.5596
vn -0.9985 0.0154 -0.0532
vn -0.9862 0.0110 -0.1654
vn -0.9914 0.0127 -0.1303
vn -0.9998 0.0176 0.0011
vn -0.1010 0.0023 -0.9949
vn -0.0515 0.6673 0.7430
vn -0.1497 0.5352 0.8314
vn -0.0034 0.6245 -0.7811
vn -0.1945 0.9652 -0.1751
vn 0.8964 0.4429 -0.0156
vn 0.4683 0.4452 0.7632
vn 0.1348 0.9621 0.2370
vn -0.4413 0.4165 0.7949
vn -0.8968 0.4424 -0.0092
vn -0.8586 -0.0449 0.5107
vn 0.8573 -0.0329 -0.5137
vn 0.8401 0.4626 -0.2832
vn 0.9161 0.3081 0.2566
usemtl Default_OBJ.001
s 1
f 9//1 1//2 2//3
f 9//1 2//3 3//4
f 3//4 2//3 4//5
f 3//4 4//5 5//6
f 5//6 4//5 6//7
f 5//6 6//7 7//8
f 7//8 6//7 8//9
f 7//8 8//9 9//1
f 9//1 8//9 1//2
f 10//10 11//11 12//12
f 87//13 13//14 14//15
f 87//13 14//15 15//16
f 15//16 14//15 16//17
f 15//16 16//17 17//18
f 17//18 16//17 18//19
f 17//18 18//19 19//20
f 19//20 18//19 20//21
f 19//20 20//21 21//22
f 21//22 20//21 22//23
f 21//22 22//23 23//24
f 23//24 22//23 24//25
f 23//24 24//25 25//26
f 25//26 24//25 26//27
f 25//26 26//27 27//28
f 27//28 26//27 28//29
f 27//28 28//29 29//30
f 29//30 28//29 30//31
f 29//30 30//31 31//32
f 31//32 30//31 32//33
f 31//32 32//33 33//34
f 33//34 32//33 34//35
f 33//34 34//35 35//36
f 35//36 34//35 36//37
f 36//38 34//39 11//11
f 36//38 11//11 10//10
f 37//40 38//41 39//42
f 37//40 39//42 40//43
f 40//43 39//42 41//44
f 41//44 39//42 42//45
f 41//44 42//45 43//46
f 43//46 42//45 44//47
f 43//46 44//47 45//48
f 43//46 45//48 37//40
f 37//40 45//48 38//41
f 54//49 53//50 46//51
f 46//51 53//50 47//52
f 46//51 47//52 48//53
f 48//53 47//52 49//54
f 48//53 49//54 50//55
f 50//55 49//54 51//56
f 50//55 51//56 52//57
f 52//57 51//56 53//50
f 52//57 53//50 54//49
f 63//58 62//59 55//60
f 55//60 62//59 56//61
f 55//60 56//61 57//62
f 57//62 56//61 58//63
f 58//63 56//61 59//64
f 58//63 59//64 60//65
f 60//65 59//64 61//66
f 60//65 61//66 62//59
f 60//65 62//59 63//58
f 64//67 65//68 66//69
f 64//67 66//69 67//70
f 67//70 66//69 68//71
f 67//70 68//71 69//72
f 69//72 68//71 70//73
f 69//72 70//73 71//74
f 71//74 70//73 72//75
f 71//74 72//75 73//76
f 73//76 72//75 74//77
f 73//76 74//77 75//78
f 75//78 74//77 76//79
f 75//78 76//79 77//80
f 77//80 76//79 78//81
f 77//80 78//81 79//82
f 79//82 78//81 80//83
f 79//82 80//83 81//84
f 81//84 80//83 82//85
f 81//84 82//85 83//86
f 83//86 82//85 84//87
f 83//86 84//87 85//88
f 85//88 84//87 65//68
f 85//88 65//68 64//67
f 10//10 12//12 86//89
f 86//89 12//12 13//14
f 16//90 52//90 54//90
f 50//90 52//90 14//90
f 12//90 48//90 13//90
f 50//90 14//90 13//90
f 81//90 46//90 12//90
f 12//90 46//90 48//90
f 14//90 52//90 16//90
f 54//90 85//90 64//90
f 83//90 54//90 46//90
f 50//90 13//90 48//90
f 54//90 83//90 85//90
f 83//90 46//90 81//90
f 26//90 37//90 40//90
f 37//90 26//90 24//90
f 69//90 40//90 67//90
f 40//90 69//90 71//90
f 20//90 43//90 37//90
f 20//90 37//90 22//90
f 67//90 40//90 41//90
f 54//90 64//90 16//90
f 16//90 64//90 41//90
f 43//90 20//90 18//90
f 43//90 18//90 41//90
f 41//90 18//90 16//90
f 37//90 24//90 22//90
f 41//90 64//90 67//90
f 60//90 26//90 71//90
f 71//90 26//90 40//90
f 26//90 60//90 63//90
f 26//90 63//90 28//90
f 55//90 57//90 30//90
f 30//90 57//90 32//90
f 32//90 57//90 58//90
f 32//90 58//90 34//90
f 73//90 60//90 71//90
f 58//90 60//90 73//90
f 63//90 55//90 28//90
f 28//90 55//90 30//90
f 58//90 75//90 77//90
f 58//90 73//90 75//90
f 12//90 5//90 7//90
f 12//90 7//90 81//90
f 58//90 77//90 34//90
f 34//90 77//90 9//90
f 34//90 9//90 3//90
f 34//90 3//90 11//90
f 79//90 81//90 7//90
f 9//90 77//90 79//90
f 9//90 79//90 7//90
f 5//90 12//90 11//90
f 5//90 11//90 3//90
f 86//89 13//14 87//13
f 35//91 2//91 1//91
f 78//91 1//91 80//91
f 8//91 6//91 86//91
f 4//91 36//91 10//91
f 4//91 2//91 36//91
f 36//91 2//91 35//91
f 86//91 6//91 10//91
f 10//91 6//91 4//91
f 1//91 78//91 76//91
f 1//91 8//91 80//91
f 8//91 82//91 80//91
f 25//91 62//91 61//91
f 29//91 62//91 27//91
f 62//91 25//91 27//91
f 74//91 72//91 61//91
f 56//91 31//91 33//91
f 56//91 33//91 59//91
f 59//91 35//91 76//91
f 76//91 35//91 1//91
f 31//91 56//91 62//91
f 31//91 62//91 29//91
f 61//91 72//91 70//91
f 74//91 61//91 59//91
f 59//91 33//91 35//91
f 59//91 76//91 74//91
f 39//91 25//91 70//91
f 70//91 25//91 61//91
f 25//91 39//91 38//91
f 25//91 38//91 23//91
f 38//91 45//91 23//91
f 23//91 45//91 21//91
f 68//91 39//91 70//91
f 45//91 44//91 21//91
f 21//91 44//91 19//91
f 19//91 44//91 42//91
f 19//91 42//91 17//91
f 42//91 39//91 68//91
f 42//91 66//91 65//91
f 42//91 68//91 66//91
f 8//91 86//91 82//91
f 82//91 86//91 47//91
f 86//91 49//91 47//91
f 42//91 65//91 17//91
f 17//91 65//91 53//91
f 53//91 65//91 84//91
f 53//91 84//91 47//91
f 51//91 15//91 53//91
f 53//91 15//91 17//91
f 15//91 51//91 87//91
f 87//91 51//91 49//91
f 87//91 49//91 86//91
f 47//91 84//91 82//91
f 88//92 89//93 91//94
f 91//94 89//93 92//95
f 91//94 92//95 93//96
f 93//96 92//95 94//97
f 93//96 94//97 95//98
f 95//98 94//97 96//99
f 95//98 96//99 97//100
f 97//100 96//99 98//101
f 97//100 98//101 99//102
f 99//102 98//101 100//103
f 99//102 100//103 90//104
f 101//105 102//106 103//107
f 101//105 103//107 104//108
f 104//108 103//107 105//109
f 104//108 105//109 106//110
f 106//110 105//109 107//111
f 106//110 107//111 108//112
f 108//112 107//111 109//113
f 108//112 109//113 90//104
f 109//113 99//114 90//104
f 102//106 88//92 91//115
f 107//116 99//114 109//113
f 105//117 93//117 95//117
f 103//118 93//117 105//117
f 107//116 97//117 99//114
f 105//117 95//117 107//116
f 107//116 95//117 97//117
f 102//106 91//115 103//118
f 103//118 91//115 93//117
f 108//112 90//104 100//103
f 106//119 98//120 96//121
f 106//119 96//121 94//121
f 106//119 94//121 104//122
f 108//112 98//120 106//119
f 104//122 92//123 101//105
f 108//112 100//103 98//120
f 101//105 92//123 89//93
f 104//122 94//121 92//123
f 89//93 88//92 101//105
f 101//105 88//92 102//106
f 112//124 111//125 110//126
f 111//125 113//127 110//126
f 240//128 245//129 239//130
f 239//130 245//129 244//131
f 241//132 238//133 242//134
f 242//134 238//133 221//135
f 117//136 114//137 115//138
f 114//137 117//136 116//139
f 118//140 117//136 119//141
f 119//141 117//136 115//138
f 127//142 120//143 121//144
f 121//144 120//143 122//145
f 121//146 122//147 123//148
f 123//148 122//147 124//149
f 124//149 122//147 125//150
f 124//149 125//150 126//151
f 124//152 126//153 127//142
f 127//142 126//153 120//143
f 127//154 130//155 131//156
f 129//121 127//154 131//156
f 127//154 121//157 130//155
f 127//154 129//121 124//158
f 124//158 129//121 128//159
f 130//155 121//157 132//160
f 121//157 123//161 132//160
f 123//161 124//158 132//160
f 132//160 124//158 128//159
f 133//121 131//156 138//162
f 133//121 138//162 134//121
f 130//155 140//163 135//164
f 130//155 135//164 138//162
f 136//121 137//165 139//121
f 137//165 136//121 140//163
f 137//165 140//163 130//155
f 134//121 138//162 136//121
f 134//121 136//121 139//121
f 130//155 138//162 131//156
f 141//121 145//121 139//121
f 110//126 142//166 143//167
f 137//165 144//121 139//121
f 139//121 144//121 141//121
f 110//126 143//167 137//165
f 137//165 143//167 144//121
f 113//127 146//168 142//166
f 113//127 142//166 110//126
f 145//121 141//121 146//168
f 146//168 113//127 147//169
f 146//168 147//169 145//121
f 149//121 148//121 152//170
f 152//170 148//121 147//169
f 128//159 150//171 132//160
f 113//127 151//172 152//170
f 113//127 152//170 147//169
f 132//160 150//171 151//172
f 148//121 149//121 150//171
f 148//121 150//171 128//159
f 132//160 151//172 113//127
f 140//173 153//174 154//175
f 140//176 154//177 135//178
f 135//178 154//177 138//179
f 138//179 154//177 155//180
f 138//179 155//180 156//181
f 138//179 156//181 136//182
f 136//182 156//181 157//183
f 136//182 157//183 140//173
f 140//173 157//183 153//174
f 139//184 158//185 134//186
f 134//186 158//185 159//187
f 134//186 159//187 133//188
f 133//188 159//187 160//189
f 133//190 160//191 131//192
f 131//192 160//191 161//193
f 131//192 161//193 129//194
f 129//194 161//193 128//195
f 128//195 161//193 162//196
f 128//195 162//196 148//197
f 148//197 162//196 163//198
f 148//197 163//198 164//199
f 148//197 164//199 147//200
f 147//200 164//199 165//201
f 147//202 165//203 145//204
f 145//204 165//203 166//205
f 145//204 166//205 139//184
f 139//184 166//205 158//185
f 152//206 167//207 149//208
f 149//208 167//207 168//209
f 149//208 168//209 150//210
f 150//210 168//209 169//211
f 150//210 169//211 151//212
f 151//212 169//211 170//213
f 151//212 170//213 171//214
f 151//215 171//216 152//206
f 152//206 171//216 167//207
f 179//217 172//218 173//219
f 173//219 172//218 174//220
f 173//219 174//220 175//221
f 175//221 174//220 176//222
f 175//221 176//222 177//223
f 177//223 176//222 178//224
f 177//223 178//224 179//217
f 179//217 178//224 172//218
f 143//225 183//226 144//227
f 144//227 183//226 180//228
f 144//227 180//228 141//229
f 141//229 180//228 181//230
f 141//229 181//230 146//231
f 146//231 181//230 182//232
f 146//231 182//232 142//233
f 142//233 182//232 183//234
f 142//235 183//226 143//225
f 184//236 199//237 185//238
f 184//236 185//238 186//239
f 186//239 185//238 187//240
f 186//239 187//240 188//241
f 186//239 188//241 189//242
f 189//242 188//241 190//243
f 189//244 190//245 191//246
f 191//246 190//245 192//247
f 191//246 192//247 193//248
f 193//248 192//247 194//249
f 193//250 194//251 195//252
f 195//252 194//251 196//253
f 195//252 196//253 197//254
f 197//254 196//253 198//255
f 198//255 196//253 199//237
f 198//255 199//237 184//236
f 206//256 200//257 201//258
f 201//258 200//257 202//259
f 201//258 202//259 203//260
f 203//260 202//259 204//261
f 203//260 204//261 205//262
f 205//262 204//261 200//257
f 205//262 200//257 206//256
f 176//263 116//139 207//264
f 116//139 176//263 174//265
f 243//266 178//267 207//264
f 207//264 178//267 176//263
f 174//265 192//268 116//139
f 192//268 174//265 172//121
f 192//268 172//121 194//121
f 194//121 172//121 196//269
f 196//269 172//121 178//267
f 208//270 210//271 243//266
f 243//266 210//271 209//272
f 243//266 209//272 211//273
f 243//266 211//273 196//269
f 243//266 196//269 178//267
f 211//273 212//121 196//269
f 199//121 210//271 208//270
f 196//269 212//121 199//121
f 199//121 212//121 210//271
f 216//274 213//121 208//270
f 187//121 185//121 214//121
f 208//270 213//121 199//121
f 199//121 213//121 185//121
f 185//121 213//121 214//121
f 114//137 216//274 208//270
f 187//121 214//121 215//275
f 187//121 215//275 188//276
f 188//276 215//275 116//139
f 116//139 215//275 114//137
f 114//137 215//275 216//274
f 190//121 200//277 204//278
f 190//121 204//278 192//268
f 188//276 200//277 190//121
f 192//268 204//278 116//139
f 116//139 204//278 202//279
f 202//279 200//277 116//139
f 116//139 200//277 188//276
f 118//140 119//141 218//280
f 218//280 119//141 217//281
f 170//282 169//283 218//280
f 218//280 169//283 162//284
f 162//284 169//283 168//117
f 168//117 163//117 162//284
f 167//285 217//281 164//286
f 167//285 171//287 217//281
f 218//280 171//287 170//282
f 217//281 171//287 218//280
f 163//117 168//117 164//286
f 164//286 168//117 167//285
f 165//117 164//286 182//288
f 165//117 181//117 166//117
f 181//117 165//117 182//288
f 166//117 181//117 180//117
f 166//117 180//117 158//117
f 217//281 182//288 164//286
f 219//289 180//117 183//290
f 219//289 183//290 217//281
f 217//281 183//290 182//288
f 155//291 220//292 160//293
f 219//289 157//117 158//117
f 219//289 158//117 180//117
f 221//135 154//294 153//295
f 158//117 156//117 159//117
f 157//117 156//117 158//117
f 221//135 153//295 219//289
f 219//289 153//295 157//117
f 159//117 156//117 155//291
f 159//117 155//291 160//293
f 220//292 155//291 154//294
f 220//292 154//294 221//135
f 218//280 125//296 220//292
f 220//292 125//296 122//297
f 126//117 161//117 120//298
f 120//298 161//117 160//293
f 125//296 218//280 162//284
f 125//296 162//284 126//117
f 161//117 126//117 162//284
f 122//297 120//298 220//292
f 220//292 120//298 160//293
f 225//299 216//300 222//301
f 222//301 216//300 215//302
f 222//303 215//304 223//305
f 223//305 215//304 224//306
f 224//306 215//304 214//307
f 224//306 214//307 225//299
f 225//299 214//307 213//308
f 225//299 213//308 216//300
f 229//309 210//310 226//311
f 226//311 210//310 227//312
f 227//312 210//310 212//313
f 227//312 212//313 228//314
f 228//314 212//313 211//315
f 228//314 211//315 209//316
f 228//317 209//318 229//309
f 229//309 209//318 210//310
f 230//319 203//320 205//117
f 203//320 230//319 231//321
f 191//117 205//117 206//117
f 191//117 206//117 189//117
f 189//117 206//117 186//322
f 186//322 206//117 201//323
f 232//324 201//323 231//321
f 231//321 201//323 203//320
f 186//322 224//117 184//117
f 184//117 224//117 225//325
f 184//117 225//325 233//326
f 232//324 223//327 186//322
f 232//324 186//322 201//323
f 224//117 186//322 223//327
f 233//326 225//325 232//324
f 232//324 225//325 222//328
f 232//324 222//328 223//327
f 197//117 198//117 227//117
f 234//329 228//330 235//331
f 235//331 228//330 229//332
f 198//117 226//117 227//117
f 197//117 227//117 228//330
f 197//117 228//330 195//333
f 235//331 229//332 233//326
f 229//332 226//117 233//326
f 233//326 226//117 184//117
f 184//117 226//117 198//117
f 175//334 234//329 230//319
f 173//117 175//334 230//319
f 234//329 175//334 177//335
f 234//329 177//335 179//336
f 234//329 179//336 195//333
f 234//329 195//333 228//330
f 195//333 179//336 173//117
f 195//333 173//117 193//117
f 230//319 205//117 191//117
f 230//319 191//117 173//117
f 173//117 191//117 193//117
f 237//337 111//125 236//338
f 236//338 111//125 112//124
f 231//321 237//337 236//338
f 231//321 236//338 232//324
f 220//292 221//135 238//133
f 235//331 240//128 239//130
f 235//331 239//130 234//329
f 241//132 242//134 207//264
f 207//264 242//134 243//266
f 207//339 234//340 239//341
f 207//339 239//341 241//342
f 218//343 113//344 111//345
f 218//343 111//345 118//346
f 231//347 230//344 116//348
f 116//348 230//344 234//340
f 116//348 234//340 207//339
f 117//349 237//350 231//347
f 118//346 111//345 237//350
f 118//346 237//350 117//349
f 117//349 231//347 116//348
f 218//343 132//351 113//344
f 241//342 239//341 244//352
f 241//342 244//352 238//353
f 218//343 220//354 132//351
f 132//351 220//354 238//353
f 132//351 238//353 244//352
f 244//131 245//129 132//160
f 245//129 130//155 132//160
f 208//355 243//356 235//357
f 235//357 233//355 208//355
f 208//355 233//355 232//358
f 208//355 232//358 114//359
f 114//359 232//358 236//360
f 114//359 236//360 115//361
f 242//362 240//363 235//357
f 221//364 245//361 240//363
f 221//364 240//363 242//362
f 242//362 235//357 243//356
f 221//364 130//365 245//361
f 115//361 236//360 112//366
f 115//361 112//366 119//366
f 110//367 137//355 219//355
f 219//355 137//355 130//365
f 219//355 130//365 221//364
f 219//355 217//368 110//367
f 110//367 217//368 119//366
f 110//367 119//366 112//366
f 248//369 252//370 251//371
f 251//371 252//370 250//372
f 249//373 250//372 246//374
f 249//375 246//376 247//377
f 246//374 250//372 252//370
f 416//378 253//379 254//380
f 256//381 335//382 332//383
f 256//381 332//383 331//384
f 255//385 269//386 270//387
f 255//385 270//387 447//388
f 331//384 338//389 256//381
f 256//381 338//389 456//390
f 328//391 329//392 467//393
f 467//393 329//392 257//394
f 255//385 261//395 260//396
f 416//378 254//380 448//397
f 416//378 448//397 499//398
f 257//394 258//399 306//400
f 257//394 306//400 256//381
f 256//381 306//400 335//382
f 255//385 447//388 555//401
f 254//380 248//369 458//402
f 254//380 458//402 255//385
f 255//385 458//402 261//395
f 256//381 456//390 541//403
f 555//401 467//393 255//385
f 255//385 467//393 257//394
f 260//396 269//386 255//385
f 253//379 252//370 254//380
f 254//380 252//370 248//369
f 541//403 448//397 256//381
f 256//381 448//397 254//380
f 257//394 329//392 535//404
f 257//394 535//404 258//399
f 259//405 260//396 261//395
f 266//406 263//407 264//408
f 264//408 263//407 265//409
f 264//408 265//409 560//410
f 560//410 265//409 267//411
f 265//409 263//407 267//411
f 270//387 269//386 268//412
f 271//413 287//414 272//415
f 271//413 272//415 273//416
f 273//416 272//415 274//417
f 273//416 274//417 275//418
f 273//416 275//418 276//419
f 276//419 275//418 277//420
f 276//419 277//420 278//421
f 278//421 277//420 279//422
f 278//421 279//422 280//423
f 280//423 279//422 281//424
f 280//423 281//424 282//425
f 282//425 281//424 283//426
f 282//425 283//426 284//427
f 284//427 283//426 285//427
f 284//427 285//427 286//414
f 286//414 285//427 287//414
f 286//414 287//414 271//413
f 303//428 304//429 416//430
f 304//429 303//428 449//431
f 305//432 306//400 334//433
f 334//433 306//400 258//399
f 307//434 308//435 309//436
f 311//437 313//438 312//439
f 317//440 318//441 319//442
f 319//442 318//441 320//443
f 319//442 320//443 321//444
f 321//444 320//443 322//445
f 322//445 320//443 323//446
f 322//445 323//446 324//447
f 324//447 323//446 317//440
f 317//440 323//446 318//441
f 321//444 322//445 319//442
f 325//448 333//449 538//450
f 327//451 328//391 333//452
f 333//452 328//391 467//393
f 330//453 537//454 329//455
f 336//456 335//382 305//432
f 305//432 335//382 306//400
f 337//457 331//384 336//458
f 336//458 331//384 332//383
f 346//459 347//460 345//461
f 326//462 447//463 355//464
f 355//464 447//463 356//465
f 363//466 362//467 364//468
f 363//466 364//468 365//469
f 363//466 365//469 366//470
f 366//470 365//469 367//471
f 366//470 367//471 368//472
f 370//473 371//474 372//475
f 370//473 369//121 373//476
f 376//477 375//478 372//475
f 374//479 375//478 376//477
f 373//476 378//480 370//473
f 370//473 378//480 371//474
f 373//476 369//121 377//121
f 372//475 371//474 376//477
f 375//478 374//479 373//476
f 374//479 378//480 373//476
f 380//481 381//482 382//483
f 384//484 379//485 388//486
f 379//485 384//484 380//481
f 380//481 383//487 379//485
f 379//485 383//487 385//488
f 379//485 385//488 386//489
f 383//487 382//483 377//121
f 377//121 382//483 373//476
f 382//483 383//487 380//481
f 387//490 388//486 382//483
f 388//486 387//490 389//491
f 388//486 389//491 384//484
f 382//483 381//482 387//490
f 390//492 324//447 317//440
f 390//492 317//440 391//493
f 386//489 322//445 392//494
f 364//495 317//440 393//496
f 393//496 317//440 319//442
f 393//496 319//442 385//488
f 385//488 319//442 386//489
f 386//489 319//442 322//445
f 392//494 322//445 324//447
f 392//494 324//447 390//492
f 370//473 394//497 369//121
f 395//498 396//499 370//473
f 370//473 396//499 397//500
f 401//501 394//497 397//500
f 397//500 394//497 370//473
f 391//493 398//502 399//503
f 403//504 400//505 401//501
f 399//503 398//502 402//506
f 399//503 402//506 396//499
f 399//503 396//499 395//498
f 401//501 400//505 394//497
f 317//440 364//495 391//493
f 391//493 364//495 403//504
f 403//504 401//501 398//502
f 403//504 398//502 391//493
f 405//507 372//508 404//509
f 310//510 391//511 313//438
f 313//438 391//511 399//503
f 406//512 391//513 310//510
f 390//492 408//514 407//515
f 409//516 386//517 410//518
f 412//519 379//520 411//521
f 388//522 503//523 504//524
f 413//525 382//526 504//524
f 504//524 382//526 388//522
f 414//527 415//528 337//529
f 355//464 268//412 538//530
f 538//530 268//412 269//386
f 408//514 390//492 406//512
f 406//512 390//492 391//513
f 421//531 417//532 418//533
f 419//534 420//535 421//536
f 381//482 426//537 424//538
f 381//482 424//538 387//490
f 387//490 424//538 389//491
f 389//491 424//538 425//539
f 389//491 425//539 384//484
f 384//484 425//539 426//540
f 384//484 426//537 380//481
f 380//481 426//537 381//482
f 411//521 379//520 386//517
f 411//521 386//517 409//516
f 259//541 261//395 457//542
f 457//542 261//395 458//402
f 303//428 416//378 500//543
f 500//543 416//378 499//398
f 396//499 445//544 397//500
f 397//500 445//544 442//545
f 397//500 442//545 401//501
f 401//501 442//545 443//546
f 401//501 443//546 398//502
f 398//502 443//546 444//547
f 398//502 444//547 402//506
f 402//506 444//547 445//544
f 402//506 445//544 396//499
f 334//548 258//399 330//453
f 330//453 258//399 534//549
f 268//412 355//464 356//465
f 399//503 311//437 312//439
f 399//503 312//439 313//438
f 415//550 448//397 441//551
f 441//551 448//397 541//403
f 453//552 304//429 449//431
f 452//553 453//552 449//431
f 451//554 452//553 449//431
f 450//555 449//555 252//555
f 454//556 449//431 246//557
f 252//558 449//558 454//558
f 455//559 246//557 303//428
f 303//428 246//557 449//431
f 392//494 307//434 309//436
f 392//494 309//436 308//435
f 466//560 366//561 368//562
f 466//563 368//472 459//564
f 459//564 368//472 357//565
f 459//564 357//565 460//566
f 460//566 357//565 358//567
f 460//566 358//567 461//568
f 461//568 358//567 359//569
f 461//570 359//569 462//571
f 462//571 359//569 360//572
f 462//571 360//572 361//573
f 462//574 361//573 463//575
f 463//575 361//573 362//576
f 463//577 362//467 464//578
f 464//578 362//467 363//466
f 464//578 363//466 465//579
f 465//579 363//466 366//580
f 465//581 366//561 466//560
f 503//523 388//522 412//519
f 412//519 388//522 379//520
f 311//437 399//503 316//582
f 316//582 399//503 395//498
f 420//583 254//584 421//585
f 421//531 254//586 255//587
f 421//531 255//587 417//532
f 472//588 474//589 473//588
f 477//588 479//590 474//589
f 477//588 474//589 472//588
f 475//588 476//591 485//592
f 485//592 476//591 469//589
f 477//588 478//593 479//590
f 486//594 487//594 480//591
f 480//591 487//594 481//591
f 470//588 471//588 482//590
f 470//588 482//590 475//588
f 475//588 482//590 476//591
f 470//588 483//588 471//588
f 472//588 473//588 470//588
f 470//588 473//588 483//588
f 480//591 481//591 484//588
f 480//591 484//588 477//588
f 485//592 488//592 486//594
f 486//594 488//592 487//594
f 485//592 469//589 488//592
f 477//588 484//588 478//593
f 276//595 494//596 493//597
f 494//598 276//598 278//598
f 280//599 492//599 278//599
f 278//600 492//600 494//600
f 280//601 491//601 492//601
f 282//602 491//602 280//602
f 282//603 495//603 491//603
f 284//604 496//605 282//606
f 282//607 496//607 495//607
f 284//604 497//608 496//605
f 497//609 284//609 286//609
f 271//610 490//610 286//610
f 286//611 490//611 497//611
f 271//612 489//612 490//612
f 273//613 489//613 271//613
f 273//614 498//614 489//614
f 276//595 493//597 273//615
f 273//616 493//616 498//616
f 441//617 456//390 446//618
f 446//618 456//390 338//389
f 538//619 269//386 259//405
f 259//405 269//386 260//396
f 458//402 248//369 250//620
f 458//402 250//620 247//621
f 501//622 373//623 502//624
f 502//624 373//623 382//625
f 376//477 507//626 374//479
f 374//479 507//626 505//627
f 374//479 505//627 378//480
f 378//480 505//627 506//628
f 378//480 506//628 371//474
f 371//474 506//628 507//626
f 371//474 507//626 376//477
f 333//629 467//393 326//630
f 326//630 467//393 555//401
f 468//631 508//632 509//633
f 511//634 494//635 492//636
f 510//637 494//637 511//637
f 510//638 493//638 494//638
f 512//639 498//640 493//641
f 512//642 493//642 510//642
f 498//640 512//639 489//643
f 513//644 489//644 512//644
f 489//645 513//645 490//645
f 514//646 490//647 513//648
f 470//649 497//650 490//647
f 475//651 497//651 470//651
f 475//652 496//652 497//652
f 485//653 495//654 496//655
f 485//656 496//656 475//656
f 495//654 485//653 491//657
f 486//658 491//658 485//658
f 491//659 486//659 492//659
f 480//660 492//636 486//661
f 470//649 490//647 514//646
f 470//662 514//663 472//664
f 472//664 514//663 515//665
f 472//666 515//667 477//668
f 477//668 515//667 516//669
f 477//668 516//669 480//670
f 480//670 516//669 511//671
f 480//660 511//634 492//636
f 262//672 517//673 518//674
f 527//675 528//676 519//677
f 417//678 255//679 520//680
f 520//680 255//679 257//681
f 418//682 520//680 521//683
f 521//683 520//680 257//681
f 521//683 257//681 522//684
f 522//684 257//681 523//685
f 526//686 524//687 525//688
f 521//689 523//690 526//691
f 307//434 392//494 407//515
f 407//515 392//494 390//492
f 529//692 395//693 405//507
f 405//507 395//693 370//694
f 405//507 370//694 372//508
f 530//695 455//696 415//528
f 537//454 330//453 534//549
f 326//630 555//401 447//388
f 375//697 314//698 315//699
f 264//408 560//410 531//700
f 264//408 531//700 266//406
f 524//701 256//702 532//703
f 532//703 256//702 254//584
f 525//704 532//703 419//705
f 419//705 532//703 254//584
f 419//705 254//584 533//706
f 533//706 254//584 420//583
f 501//622 506//707 505//708
f 405//507 507//709 506//707
f 501//622 347//460 348//710
f 501//622 348//710 506//707
f 506//707 349//711 350//712
f 405//507 506//707 350//712
f 349//711 506//707 348//710
f 502//713 345//461 501//622
f 501//622 345//461 347//460
f 501//622 505//708 314//698
f 314//698 505//708 315//699
f 315//699 505//708 507//709
f 315//699 507//709 405//507
f 315//699 405//507 404//509
f 443//117 406//512 444//714
f 444//714 406//512 310//510
f 351//715 529//716 405//507
f 351//715 405//507 350//712
f 313//438 444//714 310//510
f 529//716 351//715 352//717
f 529//716 352//717 406//512
f 406//512 352//717 353//718
f 406//512 443//117 529//716
f 442//719 311//437 316//582
f 442//719 445//720 311//437
f 311//437 445//720 313//438
f 313//438 445//720 444//714
f 443//117 442//719 529//716
f 529//716 442//719 316//582
f 354//721 408//722 406//512
f 354//721 406//512 353//718
f 354//721 339//723 408//722
f 408//722 339//723 340//724
f 308//435 320//725 410//518
f 409//516 320//725 318//117
f 323//726 407//515 408//722
f 409//516 341//727 342//728
f 409//516 342//728 411//521
f 320//725 308//435 323//726
f 323//726 308//435 307//434
f 318//117 323//726 408//722
f 407//515 323//726 307//434
f 408//722 340//724 409//516
f 409//516 340//724 341//727
f 410//518 320//725 409//516
f 409//516 318//117 408//722
f 425//729 343//730 426//731
f 426//731 343//730 344//732
f 411//521 425//729 412//519
f 412//519 425//729 503//523
f 502//713 424//733 426//731
f 503//523 425//729 424//733
f 503//523 424//733 504//524
f 504//524 424//733 502//713
f 504//524 502//713 413//525
f 345//461 426//731 344//732
f 426//731 345//461 502//713
f 425//729 411//521 342//728
f 425//729 342//728 343//730
f 314//698 375//697 501//622
f 501//622 375//697 373//623
f 395//498 529//716 316//582
f 246//376 455//734 247//377
f 536//735 537//454 534//549
f 536//735 534//549 535//404
f 334//548 330//453 333//736
f 333//629 326//630 538//530
f 538//530 326//630 355//464
f 446//618 337//737 441//551
f 441//551 337//737 415//550
f 455//559 303//428 415//738
f 333//736 330//453 327//451
f 305//432 334//433 336//458
f 336//458 334//433 337//457
f 457//542 455//739 259//405
f 259//405 455//739 538//619
f 415//738 303//428 500//543
f 410//518 386//740 308//435
f 308//435 386//740 392//494
f 367//471 385//741 383//742
f 367//471 383//742 368//472
f 368//472 383//742 357//565
f 357//565 383//743 377//744
f 357//565 377//744 358//567
f 358//567 377//745 369//746
f 358//567 369//746 359//569
f 359//569 369//746 360//572
f 360//572 369//747 394//748
f 360//572 394//748 361//573
f 361//573 394//748 400//749
f 361//573 400//749 362//576
f 362//576 400//749 403//750
f 362//576 403//750 364//751
f 364//495 393//496 365//752
f 365//752 393//496 385//741
f 365//752 385//741 367//471
f 539//753 337//529 334//754
f 540//755 334//754 333//449
f 430//756 347//460 346//459
f 347//757 430//756 429//758
f 347//460 429//759 348//710
f 348//710 429//760 349//711
f 350//712 349//711 428//761
f 428//762 349//763 429//764
f 350//765 428//762 435//766
f 350//712 435//767 351//715
f 351//715 435//767 427//768
f 351//715 427//768 352//717
f 352//717 427//768 434//769
f 352//717 434//769 353//718
f 353//718 434//769 433//770
f 353//718 433//770 354//721
f 354//721 433//770 440//771
f 354//721 440//771 339//723
f 339//723 440//771 340//724
f 340//724 440//771 432//772
f 340//724 432//772 439//773
f 340//724 439//773 341//727
f 341//727 439//773 342//728
f 342//728 439//773 438//774
f 342//728 438//774 343//730
f 343//775 438//776 437//777
f 343//730 437//778 344//732
f 344//779 437//780 431//781
f 344//732 431//782 345//461
f 345//783 431//784 436//785
f 345//461 436//786 346//459
f 346//459 436//785 430//756
f 509//787 564//788 468//631
f 418//789 521//689 421//536
f 525//790 419//534 526//691
f 419//534 521//689 526//691
f 419//534 421//536 521//689
f 502//588 382//526 413//525
f 404//509 372//791 315//699
f 315//699 372//791 375//697
f 516//792 545//793 544//794
f 515//794 542//794 545//793
f 515//794 545//793 516//792
f 514//793 546//793 515//794
f 515//794 546//793 542//794
f 514//793 547//793 546//793
f 516//792 544//794 511//794
f 513//793 548//793 514//793
f 514//793 548//793 547//793
f 512//794 553//794 513//793
f 513//793 553//794 549//793
f 510//795 543//796 512//794
f 511//794 550//792 510//795
f 510//795 550//792 543//796
f 511//794 544//794 551//797
f 513//793 549//793 548//793
f 512//794 543//796 552//798
f 511//794 551//797 550//792
f 512//794 552//798 553//794
f 416//430 304//429 452//799
f 416//430 452//799 554//800
f 416//801 554//802 451//801
f 416//803 451//554 449//431
f 416//804 449//805 450//805
f 416//378 450//806 253//379
f 446//618 338//389 337//737
f 337//737 338//389 331//384
f 457//542 458//402 455//739
f 455//739 458//402 247//621
f 531//700 559//807 266//406
f 266//406 559//807 263//407
f 330//453 329//392 327//451
f 327//451 329//392 328//391
f 356//465 447//463 270//808
f 258//399 535//404 534//549
f 329//455 537//454 556//809
f 556//809 536//810 329//455
f 329//811 536//812 557//811
f 329//392 557//813 535//404
f 500//543 499//398 415//814
f 415//814 499//398 448//397
f 540//815 465//816 539//817
f 539//817 465//816 466//818
f 539//817 466//818 414//819
f 414//819 466//818 459//820
f 414//819 459//820 530//821
f 530//821 459//820 460//822
f 530//821 460//822 461//823
f 530//821 461//823 558//824
f 558//824 461//823 462//825
f 558//824 462//825 325//826
f 325//826 462//825 463//827
f 325//826 463//827 464//828
f 325//826 464//828 540//815
f 540//815 464//828 465//816
f 523//685 257//681 526//829
f 526//686 257//830 256//831
f 526//686 256//831 524//687
f 565//832 508//833 283//834
f 423//835 277//836 275//837
f 275//837 561//838 423//835
f 561//838 275//837 274//839
f 518//674 561//840 274//841
f 518//674 274//841 262//672
f 262//672 274//842 517//673
f 274//843 562//843 517//843
f 272//844 562//844 274//844
f 272//845 563//845 562//845
f 287//846 563//847 272//848
f 563//847 287//846 527//849
f 285//850 528//676 527//675
f 285//851 527//851 287//851
f 519//677 528//676 285//852
f 283//853 564//788 285//852
f 285//852 564//788 519//677
f 508//632 468//631 564//788
f 283//853 508//632 564//788
f 281//854 565//832 283//834
f 565//855 281//856 566//857
f 566//857 281//856 279//858
f 277//859 567//860 279//861
f 279//858 567//862 566//857
f 423//863 422//864 277//865
f 277//859 422//864 567//860
f 567//860 422//864 423//863
f 567//860 423//863 543//866
f 488//867 565//868 566//869
f 550//870 566//869 567//860
f 550//870 567//860 543//866
f 469//871 565//868 488//867
f 509//872 469//871 564//873
f 509//872 508//874 469//871
f 508//874 565//868 469//871
f 469//871 519//875 564//873
f 476//876 519//875 469//871
f 527//877 519//875 476//876
f 476//876 563//878 527//877
f 482//879 563//878 476//876
f 517//880 562//881 552//882
f 552//883 562//884 553//885
f 552//882 518//886 517//880
f 543//866 561//887 552//888
f 552//882 561//889 518//886
f 543//866 423//863 561//887
f 545//890 542//891 560//892
f 560//892 542//891 531//893
f 559//807 531//893 546//894
f 546//894 531//893 542//891
f 479//895 559//807 474//896
f 267//897 263//898 478//899
f 478//899 263//898 479//900
f 479//895 263//407 559//807
f 578//901 579//902 484//903
f 544//904 579//902 568//905
f 481//906 569//906 484//906
f 484//903 569//907 578//901
f 481//908 570//909 569//910
f 582//911 570//909 481//912
f 582//913 481//914 487//915
f 487//915 571//916 582//913
f 581//917 571//916 487//915
f 487//915 572//918 581//917
f 550//870 580//919 583//920
f 550//870 583//920 573//921
f 488//867 573//921 487//915
f 487//915 573//921 572//918
f 574//922 580//919 551//923
f 551//923 580//919 550//870
f 551//923 575//924 574//922
f 551//923 576//925 575//924
f 544//904 577//926 576//925
f 544//904 576//925 551//923
f 568//905 577//926 544//904
f 579//902 544//904 484//903
f 484//903 544//904 545//890
f 484//903 545//890 478//899
f 478//899 545//890 560//892
f 478//899 560//892 267//897
f 566//869 550//870 488//867
f 488//867 550//870 573//921
f 559//807 546//894 474//896
f 474//896 546//894 547//927
f 474//896 547//927 473//928
f 473//928 547//927 548//929
f 473//928 548//929 483//930
f 483//930 548//929 549//931
f 483//930 549//931 471//932
f 471//932 549//931 553//885
f 471//932 553//885 482//933
f 482//933 553//885 562//884
f 482//879 562//934 563//878
f 288//935 431//784 300//936
f 300//937 431//781 437//780
f 300//938 437//939 296//940
f 296//941 437//777 438//776
f 296//942 438//774 439//773
f 296//940 439//943 297//944
f 297//944 439//943 289//945
f 289//946 439//773 432//772
f 289//946 432//772 298//947
f 298//947 432//772 440//771
f 298//947 440//771 299//948
f 299//948 440//771 290//949
f 290//949 440//771 433//770
f 290//949 433//770 302//950
f 302//950 433//770 434//769
f 302//950 434//769 291//951
f 291//951 434//769 427//768
f 427//768 292//952 291//951
f 427//768 435//767 292//953
f 292//954 435//955 293//956
f 293//957 435//958 294//959
f 435//766 428//762 294//960
f 294//960 428//762 429//764
f 294//959 429//758 295//961
f 295//961 429//758 430//756
f 295//961 430//756 301//962
f 301//962 430//756 288//935
f 288//935 430//756 436//785
f 288//935 436//785 431//784
f 441//551 541//403 456//390
f 336//458 332//383 335//382
f 558//963 538//450 455//696
f 414//527 337//529 539//753
f 530//695 415//528 414//527
f 558//963 455//696 530//695
f 325//448 538//450 558//963
f 540//755 333//449 325//448
f 539//753 334//754 540//755
f 578//901 301//962 579//902
f 288//935 579//902 301//962
f 288//935 568//905 579//902
f 300//936 568//905 288//935
f 300//964 577//965 568//966
f 585//967 577//965 300//964
f 296//940 585//968 300//938
f 297//944 575//924 296//940
f 296//940 575//924 585//968
f 297//969 586//970 575//971
f 289//945 574//922 297//944
f 297//969 574//972 586//970
f 574//922 289//945 580//919
f 580//973 289//946 298//947
f 580//973 298//947 299//948
f 580//919 299//948 583//920
f 290//949 583//920 299//948
f 290//949 573//921 583//920
f 302//950 572//974 290//949
f 290//949 572//918 573//921
f 291//951 581//975 302//950
f 572//918 302//976 581//917
f 581//975 291//951 292//952
f 581//917 292//954 571//916
f 292//954 582//913 571//916
f 293//957 570//909 582//911
f 293//956 582//913 292//954
f 570//909 293//957 294//959
f 294//959 584//977 570//909
f 295//961 569//907 584//977
f 295//961 584//977 294//959
f 301//962 578//901 295//961
f 295//961 578//901 569//907
f 570//909 584//977 569//910
f 574//978 575//971 586//970
f 585//968 576//925 577//979
f 585//968 575//924 576//925
f 587//980 596//981 588//982
f 591//983 594//984 592//985
f 591//983 592//985 600//986
f 593//987 603//988 594//984
f 593//987 594//984 591//983
f 595//989 596//981 587//980
f 597//990 598//991 599//992
f 600//986 592//985 601//993
f 600//986 601//993 607//994
f 602//995 603//988 593//987
f 602//995 588//982 603//988
f 587//980 588//982 602//995
f 604//996 606//997 605//998
f 598//991 606//997 599//992
f 599//992 606//997 604//996
f 597//990 590//999 598//991
f 589//1000 590//999 597//990
f 607//994 608//1001 589//1000
f 589//1000 608//1001 590//999
f 607//994 601//993 608//1001
f 604//996 605//998 595//989
f 595//989 605//998 596//981
f 595//1002 609//1003 604//1004
f 610//1005 597//990 599//992
f 610//1005 599//992 604//996
f 609//1006 595//1006 611//1006
f 611//1007 595//1007 587//1007
f 587//1008 602//995 593//987
f 623//1009 606//1010 612//1011
f 612//1011 606//1010 598//1012
f 612//1011 598//1012 613//1013
f 613//1013 598//1012 590//1014
f 613//1013 590//1014 614//1015
f 614//1015 590//1014 608//1016
f 614//1015 608//1016 615//1017
f 615//1017 608//1016 601//1018
f 615//1017 601//1018 616//1019
f 616//1020 601//1021 592//1022
f 616//1020 592//1022 617//1023
f 617//1023 592//1022 594//1024
f 617//1023 594//1024 618//1025
f 618//1025 594//1024 603//1026
f 618//1025 603//1026 619//1027
f 619//1028 603//1029 588//1030
f 619//1028 588//1030 620//1031
f 620//1031 588//1030 596//1032
f 620//1031 596//1032 621//1033
f 621//1033 596//1032 605//1034
f 621//1033 605//1034 622//1035
f 622//1035 605//1034 623//1036
f 623//1009 605//1037 606//1010
f 617//1038 653//1039 616//1040
f 617//1038 651//1041 652//1042
f 617//1038 652//1042 653//1039
f 615//1043 656//1044 657//1045
f 615//1043 657//1045 614//1046
f 621//1047 646//1048 620//1049
f 619//1050 647//1051 649//1052
f 619//1050 649//1052 618//1053
f 618//1053 649//1052 651//1041
f 618//1053 651//1041 617//1038
f 615//1043 655//1054 656//1044
f 620//1049 646//1048 647//1051
f 620//1049 647//1051 619//1050
f 653//1039 654//1055 616//1040
f 616//1040 654//1055 615//1043
f 615//1043 654//1055 655//1054
f 614//1046 657//1045 658//1056
f 613//1057 661//1058 612//1059
f 623//1060 642//1061 622//1062
f 612//1059 661//1058 662//1063
f 612//1059 662//1063 623//1060
f 623//1060 662//1063 642//1061
f 642//1061 643//1064 622//1062
f 622//1062 643//1064 644//1065
f 622//1062 644//1065 621//1047
f 614//1046 658//1056 613//1057
f 613//1057 658//1056 659//1066
f 613//1057 659//1066 660//1067
f 613//1057 660//1067 661//1058
f 621//1047 644//1065 645//1068
f 621//1047 645//1068 646//1048
f 638//1069 631//1070 624//1071
f 641//1072 637//1073 626//1074
f 650//1075 651//1041 649//1052
f 648//1076 649//1052 647//1051
f 664//1077 633//1078 663//1079
f 663//1080 633//1081 632//1082
f 663//1080 632//1082 638//1083
f 665//1084 634//1085 664//1077
f 664//1077 634//1085 633//1078
f 667//1086 635//1087 665//1084
f 665//1084 635//1087 634//1085
f 666//1088 637//1073 636//1089
f 666//1088 636//1089 667//1086
f 667//1086 636//1089 635//1087
f 670//1090 626//1074 668//1091
f 668//1091 626//1074 637//1092
f 668//1093 637//1073 666//1088
f 669//1094 627//1095 625//1096
f 669//1097 625//1098 670//1090
f 670//1090 625//1098 626//1074
f 671//1099 628//1100 627//1101
f 671//1102 627//1095 669//1094
f 673//1103 630//1104 629//1105
f 673//1106 629//1107 672//1108
f 672//1108 629//1107 671//1099
f 671//1099 629//1107 628//1100
f 675//1109 639//1110 640//1111
f 675//1109 640//1111 673//1103
f 673//1103 640//1111 630//1104
f 663//1080 638//1083 674//1112
f 674//1113 638//1069 624//1071
f 674//1113 624//1071 675//1109
f 675//1109 624//1071 639//1110
f 666//1114 642//1061 668//1115
f 667//1116 643//1064 666//1114
f 666//1114 643//1064 642//1061
f 665//1117 645//1068 644//1065
f 665//1118 644//1065 667//1116
f 667//1116 644//1065 643//1064
f 665//1117 646//1048 645//1068
f 664//1119 646//1048 665//1117
f 664//1119 647//1051 646//1048
f 663//1120 649//1052 648//1076
f 663//1120 648//1076 664//1119
f 664//1119 648//1076 647//1051
f 674//1121 650//1075 663//1120
f 663//1120 650//1075 649//1052
f 674//1121 651//1041 650//1075
f 675//1122 651//1041 674//1121
f 675//1122 652//1042 651//1041
f 675//1122 653//1039 652//1042
f 673//1123 653//1039 675//1122
f 673//1123 655//1054 654//1055
f 673//1123 654//1055 653//1039
f 672//1124 656//1044 655//1054
f 672//1124 655//1054 673//1123
f 671//1125 656//1044 672//1124
f 671//1125 657//1045 656//1044
f 669//1126 658//1056 671//1125
f 671//1125 658//1056 657//1045
f 669//1126 659//1066 658//1056
f 670//1127 660//1067 659//1066
f 670//1128 659//1066 669//1126
f 668//1129 661//1058 670//1127
f 670//1127 661//1058 660//1067
f 642//1061 662//1063 668//1115
f 668//1115 662//1063 661//1058
f 676//1130 687//1131 604//1132
f 676//1130 604//1132 677//1133
f 604//1004 609//1003 677//1134
f 677//1135 609//1136 678//1137
f 609//1138 611//1138 678//1138
f 678//1139 611//1140 679//1141
f 611//1140 587//1142 679//1141
f 679//1143 587//1144 680//1145
f 680//1145 587//1144 681//1146
f 587//1144 593//1147 681//1146
f 681//1146 593//1147 682//1148
f 593//987 591//983 682//1149
f 682//1150 591//1151 683//1152
f 591//983 600//986 683//1152
f 683//1152 600//986 684//1153
f 684//1153 600//986 607//1154
f 684//1153 607//1154 685//1155
f 607//1156 589//1156 685//1156
f 685//1157 589//1157 686//1157
f 589//1158 597//1158 686//1158
f 597//990 610//1005 686//1159
f 686//1160 610//1161 687//1131
f 687//1131 610//1161 604//1132
f 688//1162 641//1162 697//1162
f 641//1072 688//1163 637//1073
f 689//1164 636//1089 688//1165
f 688//1163 636//1089 637//1073
f 636//1089 689//1164 635//1087
f 690//1166 634//1085 689//1167
f 689//1164 634//1085 635//1087
f 634//1085 690//1166 633//1078
f 633//1081 690//1168 691//1169
f 691//1169 632//1082 633//1081
f 632//1082 691//1169 638//1083
f 638//1069 691//1170 631//1070
f 631//1070 691//1171 692//1172
f 692//1172 624//1071 631//1070
f 693//1173 624//1071 692//1174
f 624//1071 693//1173 639//1110
f 639//1110 693//1173 640//1111
f 694//1175 630//1104 693//1176
f 693//1177 630//1104 640//1111
f 630//1104 694//1175 629//1105
f 629//1107 694//1178 695//1179
f 695//1179 628//1100 629//1107
f 628//1100 695//1179 627//1101
f 627//1095 695//1180 696//1181
f 696//1181 625//1096 627//1095
f 697//1182 625//1098 696//1183
f 625//1098 697//1182 626//1074
f 697//1182 641//1072 626//1074
f 682//1150 692//1184 681//1146
f 681//1146 692//1184 691//1185
f 681//1146 691//1185 680//1145
f 680//1145 691//1185 679//1143
f 679//1143 691//1185 690//1186
f 679//1143 690//1186 678//1137
f 678//1137 690//1186 689//1187
f 678//1137 689//1187 677//1135
f 686//1160 696//1188 685//1155
f 685//1155 696//1188 695//1189
f 685//1155 695//1189 684//1153
f 684//1153 695//1189 694//1190
f 684//1153 694//1190 683//1152
f 683//1152 694//1190 693//1191
f 683//1152 693//1191 682//1150
f 682//1150 693//1191 692//1184
f 677//1135 689//1187 676//1130
f 676//1130 689//1187 688//1192
f 676//1130 688//1192 687//1131
f 687//1131 688//1192 697//1193
f 687//1131 697//1193 686//1160
f 686//1160 697//1193 696//1188
f 698//1194 699//1195 700//1196
f 700//1196 699//1195 701//1197
f 701//1197 699//1195 702//1198
f 702//1198 699//1195 703//1199
f 703//1199 699//1195 704//1200
f 704//1200 699//1195 705//1201
f 704//1202 705//1203 706//1204
f 706//1204 705//1203 707//1205
f 707//1205 705//1203 708//1206
f 708//1206 705//1203 709//1207
f 709//1207 705//1203 710//1208
f 710//1208 705//1203 711//1209
f 711//1209 705//1203 712//1210
f 712//1210 705//1203 713//1211
f 713//1211 705//1203 714//1212
f 713//1213 714//1214 715//1215
f 715//1215 714//1214 716//1216
f 716//1216 714//1214 717//1217
f 717//1217 714//1214 718//1218
f 718//1218 714//1214 719//1219
f 719//1219 714//1214 720//1220
f 719//1221 720//1222 721//1223
f 721//1223 720//1222 722//1224
f 722//1224 720//1222 723//1225
f 723//1225 720//1222 724//1226
f 724//1226 720//1222 725//1227
f 725//1227 720//1222 726//1228
f 726//1228 720//1222 727//1229
f 726//1230 727//1231 728//1232
f 728//1232 727//1231 729//1233
f 729//1233 727//1231 730//1234
f 730//1234 727//1231 731//1235
f 731//1235 727//1231 732//1236
f 731//1237 732//1238 733//1239
f 733//1239 732//1238 734//1240
f 734//1240 732//1238 735//1241
f 735//1241 732//1238 736//1242
f 736//1242 732//1238 737//1243
f 737//1243 732//1238 738//1244
f 738//1244 732//1238 739//1245
f 739//1245 732//1238 699//1246
f 739//1247 699//1195 698//1194
f 699//1195 740//1248 741//1249
f 699//1195 741//1249 742//1250
f 699//1195 742//1250 743//1251
f 699//1195 743//1251 744//1252
f 699//1195 744//1252 705//1201
f 705//1203 744//1253 745//1254
f 705//1203 745//1254 746//1255
f 705//1203 746//1255 747//1256
f 705//1203 747//1256 748//1257
f 705//1203 748//1257 749//1258
f 705//1203 749//1258 750//1259
f 705//1203 750//1259 751//1260
f 705//1203 751//1260 714//1212
f 714//1214 751//1261 752//1262
f 714//1214 752//1262 753//1263
f 714//1214 753//1263 754//1264
f 714//1214 754//1264 755//1265
f 714//1214 755//1265 756//1266
f 714//1214 756//1266 757//1267
f 714//1214 757//1267 758//1268
f 714//1214 758//1268 720//1220
f 720//1222 758//1269 759//1270
f 720//1222 759//1270 760//1271
f 720//1222 760//1271 761//1272
f 720//1222 761//1272 762//1273
f 720//1222 762//1273 763//1274
f 720//1222 763//1274 727//1229
f 727//1231 763//1275 764//1276
f 727//1231 764//1276 765//1277
f 727//1231 765//1277 766//1278
f 727//1231 766//1278 767//1279
f 727//1231 767//1279 732//1236
f 732//1238 767//1280 768//1281
f 732//1238 768//1281 769//1282
f 732//1238 769//1282 770//1283
f 732//1238 770//1283 771//1284
f 732//1238 771//1284 772//1285
f 732//1238 772//1285 699//1246
f 699//1195 772//1286 773//1287
f 699//1195 773//1287 774//1288
f 699//1195 774//1288 775//1289
f 699//1195 775//1289 740//1248
f 775//1290 700//1291 740//1290
f 740//1292 701//1292 741//1292
f 742//1293 702//1294 703//1293
f 742//1293 703//1293 743//1295
f 744//1296 704//1297 706//1296
f 744//1296 706//1296 745//1296
f 745//1298 706//1298 707//1298
f 746//1299 707//1300 708//1301
f 746//1299 708//1301 747//1302
f 747//1303 708//1304 709//1303
f 748//1305 709//1306 710//1305
f 748//1305 710//1305 749//1307
f 750//1308 712//1308 751//1308
f 751//1309 712//1309 713//1309
f 751//1309 713//1309 752//1309
f 752//1310 713//1311 715//1311
f 752//1310 715//1311 753//1310
f 755//1312 717//1313 718//1314
f 756//1315 718//1316 719//1315
f 757//1317 719//1318 721//1317
f 757//1317 721//1317 758//1319
f 760//1320 723//1321 724//1320
f 760//1320 724//1320 761//1320
f 762//1322 725//1323 726//1322
f 762//1322 726//1322 763//1322
f 763//1324 726//1324 728//1324
f 763//1324 728//1324 764//1325
f 764//1326 728//1326 729//1326
f 766//1327 730//1327 731//1327
f 767//1328 733//1328 768//1328
f 768//1329 734//1329 769//1329
f 769//1330 734//1330 735//1330
f 769//1330 735//1330 770//1330
f 771//1331 736//1332 737//1331
f 772//1333 737//1333 738//1333
f 774//1334 698//1335 775//1334
f 775//1290 698//1291 700//1291
f 781//1336 782//1337 777//1338
f 782//1337 781//1336 800//1339
f 787//1340 788//1341 789//1342
f 791//1343 780//1344 790//1345
f 780//1344 791//1343 779//1346
f 793//1347 779//1346 792//1348
f 793//1347 780//1344 779//1346
f 782//1337 797//1349 794//1350
f 794//1350 799//1351 782//1337
f 792//1348 799//1351 794//1350
f 795//1352 796//1353 780//1344
f 795//1352 780//1344 793//1347
f 797//1349 782//1337 800//1339
f 797//1349 800//1339 798//1354
f 792//1348 779//1346 799//1351
f 798//1354 800//1339 796//1353
f 798//1354 796//1353 795//1352
f 786//1355 797//1355 787//1355
f 787//1356 797//1356 798//1356
f 787//1340 798//1357 788//1341
f 788//1358 798//1359 801//1360
f 788//1341 801//1361 789//1342
f 789//1362 801//1360 795//1363
f 797//1364 786//1365 785//1366
f 797//1349 785//1367 794//1350
f 794//1368 785//1366 784//1369
f 794//1350 784//1370 792//1348
f 792//1348 784//1371 793//1347
f 793//1372 784//1372 783//1372
f 789//1373 795//1374 783//1375
f 783//1376 795//1376 793//1376
f 795//1363 801//1360 798//1359
f 789//1373 778//1377 787//1378
f 789//1373 790//1345 778//1377
f 787//1378 778//1377 781//1336
f 787//1378 781//1336 786//1365
f 783//1375 791//1343 790//1345
f 783//1375 790//1345 789//1373
f 784//1369 791//1343 783//1375
f 786//1365 781//1336 777//1338
f 786//1365 777//1338 785//1366
f 785//1366 776//1379 784//1369
f 785//1366 777//1338 776//1379
f 784//1369 776//1379 791//1343
f 778//1377 800//1339 781//1336
f 800//1339 778//1377 796//1353
f 790//1345 796//1353 778//1377
f 796//1353 790//1345 780//1344
f 776//1379 779//1346 791//1343
f 779//1346 776//1379 799//1351
f 777//1338 799//1351 776//1379
f 799//1351 777//1338 782//1337
f 810//49 809//50 802//51
f 802//51 809//50 803//52
f 802//51 803//52 804//53
f 804//53 803//52 805//54
f 804//53 805//54 806//55
f 806//55 805//54 807//56
f 806//55 807//56 808//57
f 808//57 807//56 809//50
f 808//57 809//50 810//49
f 811//10 812//11 813//12
f 811//10 813//12 814//89
f 814//89 813//12 815//14
f 816//40 817//41 818//42
f 816//40 818//42 819//43
f 819//43 818//42 820//44
f 820//44 818//42 821//45
f 820//44 821//45 822//46
f 822//46 821//45 823//47
f 822//46 823//47 824//48
f 822//46 824//48 816//40
f 816//40 824//48 817//41
f 835//91 834//91 827//91
f 828//91 827//91 829//91
f 831//91 832//91 814//91
f 833//91 830//91 811//91
f 833//91 834//91 830//91
f 830//91 834//91 835//91
f 814//91 832//91 811//91
f 811//91 832//91 833//91
f 827//91 828//91 836//91
f 827//91 831//91 829//91
f 831//91 854//91 829//91
f 839//91 838//91 842//91
f 837//91 838//91 840//91
f 838//91 839//91 840//91
f 844//91 841//91 842//91
f 825//91 826//91 843//91
f 825//91 843//91 845//91
f 845//91 835//91 836//91
f 836//91 835//91 827//91
f 826//91 825//91 838//91
f 826//91 838//91 837//91
f 842//91 841//91 846//91
f 844//91 842//91 845//91
f 845//91 843//91 835//91
f 845//91 836//91 844//91
f 818//91 839//91 846//91
f 846//91 839//91 842//91
f 839//91 818//91 817//91
f 839//91 817//91 848//91
f 817//91 824//91 848//91
f 848//91 824//91 847//91
f 849//91 818//91 846//91
f 824//91 823//91 847//91
f 847//91 823//91 852//91
f 852//91 823//91 821//91
f 852//91 821//91 851//91
f 821//91 818//91 849//91
f 821//91 853//91 850//91
f 821//91 849//91 853//91
f 831//91 814//91 854//91
f 854//91 814//91 803//91
f 814//91 805//91 803//91
f 821//91 850//91 851//91
f 851//91 850//91 809//91
f 809//91 850//91 855//91
f 809//91 855//91 803//91
f 807//91 856//91 809//91
f 809//91 856//91 851//91
f 856//91 807//91 857//91
f 857//91 807//91 805//91
f 857//91 805//91 814//91
f 803//91 855//91 854//91
f 857//13 815//14 858//15
f 857//13 858//15 856//16
f 856//16 858//15 859//17
f 856//16 859//17 851//18
f 851//18 859//17 860//19
f 851//18 860//19 852//20
f 852//20 860//19 861//21
f 852//20 861//21 847//22
f 847//22 861//21 862//23
f 847//22 862//23 848//24
f 848//24 862//23 863//25
f 848//24 863//25 839//26
f 839//26 863//25 864//27
f 839//26 864//27 840//28
f 840//28 864//27 865//29
f 840//28 865//29 837//30
f 837//30 865//29 866//31
f 837//30 866//31 826//32
f 826//32 866//31 867//33
f 826//32 867//33 843//34
f 843//34 867//33 868//35
f 843//34 868//35 835//36
f 835//36 868//35 830//37
f 830//38 868//39 812//11
f 830//38 812//11 811//10
f 872//1 827//2 834//3
f 872//1 834//3 869//4
f 869//4 834//3 833//5
f 869//4 833//5 870//6
f 870//6 833//5 832//7
f 870//6 832//7 871//8
f 871//8 832//7 831//9
f 871//8 831//9 872//1
f 872//1 831//9 827//2
f 877//58 838//59 873//60
f 873//60 838//59 825//61
f 873//60 825//61 874//62
f 874//62 825//61 875//63
f 875//63 825//61 845//64
f 875//63 845//64 876//65
f 876//65 845//64 842//66
f 876//65 842//66 838//59
f 876//65 838//59 877//58
f 878//67 850//68 853//69
f 878//67 853//69 879//70
f 879//70 853//69 849//71
f 879//70 849//71 880//72
f 880//72 849//71 846//73
f 880//72 846//73 881//74
f 881//74 846//73 841//75
f 881//74 841//75 882//76
f 882//76 841//75 844//77
f 882//76 844//77 883//78
f 883//78 844//77 836//79
f 883//78 836//79 884//80
f 884//80 836//79 828//81
f 884//80 828//81 885//82
f 885//82 828//81 829//83
f 885//82 829//83 886//84
f 886//84 829//83 854//85
f 886//84 854//85 887//86
f 887//86 854//85 855//87
f 887//86 855//87 888//88
f 888//88 855//87 850//68
f 888//88 850//68 878//67
f 814//89 815//14 857//13
f 859//90 808//90 810//90
f 806//90 808//90 858//90
f 813//90 804//90 815//90
f 806//90 858//90 815//90
f 886//90 802//90 813//90
f 813//90 802//90 804//90
f 858//90 808//90 859//90
f 810//90 888//90 878//90
f 887//90 810//90 802//90
f 806//90 815//90 804//90
f 810//90 887//90 888//90
f 887//90 802//90 886//90
f 864//90 816//90 819//90
f 816//90 864//90 863//90
f 880//90 819//90 879//90
f 819//90 880//90 881//90
f 861//90 822//90 816//90
f 861//90 816//90 862//90
f 879//90 819//90 820//90
f 810//90 878//90 859//90
f 859//90 878//90 820//90
f 822//90 861//90 860//90
f 822//90 860//90 820//90
f 820//90 860//90 859//90
f 816//90 863//90 862//90
f 820//90 878//90 879//90
f 876//90 864//90 881//90
f 881//90 864//90 819//90
f 864//90 876//90 877//90
f 864//90 877//90 865//90
f 873//90 874//90 866//90
f 866//90 874//90 867//90
f 867//90 874//90 875//90
f 867//90 875//90 868//90
f 882//90 876//90 881//90
f 875//90 876//90 882//90
f 877//90 873//90 865//90
f 865//90 873//90 866//90
f 875//90 883//90 884//90
f 875//90 882//90 883//90
f 813//90 870//90 871//90
f 813//90 871//90 886//90
f 875//90 884//90 868//90
f 868//90 884//90 872//90
f 868//90 872//90 869//90
f 868//90 869//90 812//90
f 885//90 886//90 871//90
f 872//90 884//90 885//90
f 872//90 885//90 871//90
f 870//90 813//90 812//90
f 870//90 812//90 869//90
f 889//1380 890//1380 903//1380
f 890//1381 889//1382 891//1383
f 892//1384 970//1385 889//1386
f 889//1382 970//1385 891//1383
f 892//1384 894//1387 970//1385
f 893//1388 894//1388 892//1388
f 893//1389 895//1390 894//1387
f 895//1390 893//1389 971//1391
f 971//1391 893//1392 896//1393
f 896//1393 972//1394 971//1391
f 972//1394 896//1393 905//1395
f 905//1396 896//1396 897//1396
f 905//1395 897//1397 918//1398
f 898//1399 973//1400 897//1401
f 897//1397 973//1400 918//1398
f 898//1399 974//1402 973//1400
f 899//1403 974//1403 898//1403
f 899//1404 915//1405 974//1402
f 915//1405 899//1404 900//1406
f 900//1407 899//1408 901//1409
f 900//1407 901//1409 975//1410
f 975//1411 901//1411 902//1411
f 975//1410 902//1412 911//1413
f 903//1414 976//1415 902//1416
f 902//1412 976//1415 911//1413
f 903//1414 890//1381 976//1415
f 907//1417 972//1394 904//1418
f 904//1418 972//1394 905//1395
f 908//1419 895//1390 906//1420
f 906//1420 895//1390 971//1391
f 906//1420 971//1391 907//1417
f 907//1417 971//1391 972//1394
f 909//1421 970//1385 908//1419
f 908//1419 970//1385 894//1387
f 908//1419 894//1387 895//1390
f 2583//1422 890//1381 891//1383
f 2583//1422 891//1383 909//1421
f 909//1421 891//1383 970//1385
f 912//1423 976//1415 890//1381
f 912//1423 890//1381 2583//1422
f 910//1424 975//1410 911//1413
f 910//1424 911//1413 912//1423
f 912//1423 911//1413 976//1415
f 913//1425 900//1407 975//1410
f 913//1425 975//1410 910//1424
f 916//1426 974//1402 915//1405
f 916//1426 915//1405 914//1427
f 914//1427 915//1405 900//1406
f 914//1428 900//1407 913//1425
f 917//1429 973//1400 916//1426
f 916//1426 973//1400 974//1402
f 904//1418 905//1395 918//1398
f 904//1418 918//1398 917//1429
f 917//1429 918//1398 973//1400
f 909//1430 920//1431 2583//1432
f 2583//1432 920//1431 919//1433
f 908//1434 921//1435 909//1436
f 909//1436 921//1435 922//1437
f 909//1436 922//1437 920//1431
f 908//1434 923//1438 921//1435
f 906//1439 924//1440 908//1434
f 908//1434 924//1440 923//1438
f 907//1441 926//1442 906//1439
f 906//1439 926//1442 924//1440
f 907//1441 925//1443 926//1442
f 904//1444 927//1445 925//1443
f 904//1446 925//1443 907//1441
f 917//1447 927//1445 904//1444
f 917//1447 928//1448 927//1445
f 917//1447 929//1449 928//1448
f 916//1450 930//1451 917//1447
f 917//1447 930//1451 929//1449
f 916//1450 931//1452 930//1451
f 914//1453 932//1454 931//1452
f 914//1455 931//1452 916//1450
f 913//1456 933//1457 932//1454
f 913//1458 932//1454 914//1453
f 913//1456 934//1459 933//1457
f 910//1460 987//1461 934//1459
f 910//1462 934//1459 913//1456
f 910//1460 936//1463 987//1461
f 912//1464 935//1465 936//1463
f 912//1464 936//1463 910//1460
f 912//1464 937//1466 935//1465
f 2583//1432 919//1433 912//1464
f 912//1464 919//1433 937//1466
f 945//1467 892//1468 938//1469
f 938//1469 892//1468 889//1470
f 938//1469 889//1470 939//1471
f 939//1471 889//1470 903//1472
f 939//1471 903//1472 940//1473
f 940//1473 903//1472 941//1474
f 941//1474 903//1472 902//1475
f 948//1476 897//1477 942//1478
f 942//1478 897//1477 943//1479
f 943//1479 897//1477 896//1480
f 943//1479 896//1480 944//1481
f 944//1481 896//1480 893//1482
f 944//1481 893//1482 945//1467
f 945//1467 893//1482 892//1468
f 941//1474 902//1475 901//1483
f 941//1474 901//1483 946//1484
f 946//1484 901//1483 947//1485
f 947//1485 901//1483 899//1486
f 947//1485 899//1486 948//1476
f 948//1476 899//1486 898//1487
f 948//1476 898//1487 897//1477
f 958//1488 964//1489 960//1490
f 962//1491 479//1492 952//1493
f 952//1493 479//1492 953//1494
f 951//1495 962//1491 952//1493
f 951//1495 963//1496 962//1491
f 957//1497 964//1489 958//1488
f 956//1498 965//1499 957//1497
f 957//1497 965//1499 964//1489
f 954//1500 961//1501 955//1502
f 950//1503 969//1504 963//1496
f 950//1503 963//1496 951//1495
f 959//1505 960//1490 966//1506
f 959//1505 966//1506 949//1507
f 961//1501 967//1508 955//1502
f 955//1502 967//1508 956//1498
f 956//1498 967//1508 965//1499
f 954//1500 968//1509 961//1501
f 953//1494 968//1509 954//1500
f 958//1488 960//1490 959//1505
f 953//1494 479//1492 968//1509
f 966//1506 969//1504 949//1507
f 949//1507 969//1504 950//1503
f 939//1471 953//1494 938//1469
f 953//1510 954//1510 938//1510
f 938//1511 954//1511 945//1511
f 954//1512 955//1512 945//1512
f 945//1467 955//1513 944//1481
f 955//1513 956//1514 944//1481
f 944//1481 956//1515 943//1479
f 956//1515 957//1516 943//1479
f 943//1479 957//1516 942//1478
f 942//1517 957//1517 948//1517
f 957//1497 958//1488 948//1518
f 958//1488 959//1505 948//1519
f 948//1476 959//1520 947//1485
f 947//1485 959//1520 949//1521
f 947//1485 949//1521 946//1522
f 949//1521 950//1523 946//1522
f 946//1484 950//1524 941//1474
f 950//1525 951//1525 941//1525
f 941//1474 951//1526 940//1473
f 951//1527 952//1493 940//1473
f 940//1473 952//1493 939//1471
f 939//1471 952//1493 953//1494
f 977//1528 479//1529 962//1530
f 977//1528 962//1530 978//1531
f 978//1531 962//1530 963//1532
f 978//1531 963//1532 979//1533
f 979//1533 963//1532 969//1534
f 979//1533 969//1534 980//1535
f 980//1535 969//1534 966//1536
f 980//1535 966//1536 981//1537
f 981//1538 966//1539 960//1540
f 981//1538 960//1540 964//1541
f 981//1538 964//1541 982//1542
f 982//1542 964//1541 983//1543
f 983//1543 964//1541 965//1544
f 983//1543 965//1544 984//1545
f 984//1546 965//1547 967//1548
f 984//1546 967//1548 961//1549
f 984//1546 961//1549 985//1550
f 985//1550 961//1549 968//1551
f 985//1550 968//1551 986//1552
f 986//1552 968//1551 479//1529
f 986//1552 479//1529 977//1528
f 936//1463 935//1465 987//1461
f 933//1457 934//1459 932//1454
f 930//1451 931//1452 929//1449
f 923//1438 924//1440 921//1435
f 982//1553 928//1448 981//1554
f 981//1554 928//1448 929//1449
f 981//1554 929//1449 931//1452
f 980//1555 932//1454 979//1556
f 979//1556 932//1454 934//1459
f 978//1557 935//1465 937//1466
f 978//1557 937//1466 977//1558
f 977//1558 919//1433 920//1431
f 977//1558 920//1431 986//1559
f 986//1559 922//1437 985//1560
f 985//1560 922//1437 921//1435
f 983//1561 925//1443 982//1553
f 981//1554 931//1452 980//1555
f 980//1555 931//1452 932//1454
f 977//1558 937//1466 919//1433
f 986//1559 920//1431 922//1437
f 925//1443 927//1445 982//1553
f 982//1553 927//1445 928//1448
f 979//1556 934//1459 978//1557
f 978//1557 934//1459 987//1461
f 984//1562 926//1442 983//1561
f 983//1561 926//1442 925//1443
f 978//1557 987//1461 935//1465
f 985//1560 921//1435 924//1440
f 985//1560 924//1440 984//1562
f 984//1562 924//1440 926//1442
f 988//90 989//90 990//90
f 990//90 989//90 991//90
f 990//90 991//90 992//90
f 992//90 991//90 993//90
f 1006//90 1005//90 994//90
f 1006//90 994//90 995//90
f 995//90 994//90 996//90
f 995//90 996//90 988//90
f 988//90 996//90 989//90
f 992//90 993//90 997//90
f 997//90 993//90 998//90
f 997//90 998//90 999//90
f 999//90 998//90 1000//90
f 999//90 1000//90 1001//90
f 1001//90 1000//90 1002//90
f 1001//90 1002//90 1003//90
f 1001//90 1003//90 1004//90
f 1004//90 1003//90 1005//90
f 1004//90 1005//90 1006//90
f 1027//1563 1007//1564 1008//1565
f 1027//1563 1008//1565 1009//1566
f 1009//1566 1008//1565 1010//1567
f 1009//1566 1010//1567 1011//1568
f 1011//1568 1010//1567 1012//1569
f 1011//1568 1012//1569 1013//1570
f 1013//1571 1014//1572 1015//1573
f 1015//1573 1014//1572 1016//1574
f 1015//1573 1016//1574 1017//1575
f 1017//1575 1016//1574 1018//1576
f 1017//1575 1018//1576 1019//1577
f 1019//1577 1018//1576 1020//1578
f 1019//1577 1020//1578 1021//1579
f 1021//1579 1020//1578 1022//1580
f 1021//1579 1022//1580 1023//1581
f 1023//1581 1022//1580 1024//1582
f 1023//1581 1024//1582 1025//1583
f 1025//1584 1024//1585 1026//1586
f 1025//1584 1026//1586 1007//1564
f 1025//1584 1007//1564 1027//1563
f 999//1587 1028//1588 997//1589
f 997//1589 1028//1588 1029//1590
f 997//1589 1029//1590 1030//1591
f 997//1589 1030//1591 992//1592
f 992//1592 1030//1591 1031//1593
f 992//1592 1031//1593 990//1594
f 990//1594 1031//1593 1032//1595
f 990//1594 1032//1595 988//1596
f 988//1596 1032//1595 1033//1597
f 988//1596 1033//1597 1034//1598
f 988//1596 1034//1598 995//1599
f 995//1599 1034//1598 1035//1600
f 995//1599 1035//1600 1036//1601
f 995//1599 1036//1601 1006//1602
f 1006//1602 1036//1601 1037//1603
f 1006//1602 1037//1603 1004//1604
f 1004//1604 1037//1603 1038//1605
f 1004//1604 1038//1605 1001//1606
f 1001//1606 1038//1605 1039//1607
f 1001//1606 1039//1607 999//1608
f 999//1587 1039//1609 1040//1610
f 999//1587 1040//1610 1028//1588
f 1033//1611 1054//1612 1034//1613
f 1033//1614 1042//1615 1054//1612
f 1042//1615 1033//1614 1032//1616
f 1042//1617 1032//1618 1043//1619
f 1053//1620 1043//1619 1032//1618
f 1031//1621 1053//1620 1032//1618
f 1053//1620 1031//1621 1030//1622
f 1053//1623 1030//1624 1044//1625
f 1044//1625 1030//1624 1029//1626
f 1044//1625 1029//1627 1045//1628
f 1028//1629 1046//1630 1029//1631
f 1029//1627 1046//1632 1045//1628
f 1028//1629 1052//1633 1046//1630
f 1052//1633 1028//1629 1040//1634
f 1052//1633 1040//1634 1048//1635
f 1040//1634 1039//1636 1048//1635
f 1047//1637 1048//1635 1039//1636
f 1047//1637 1039//1636 1041//1638
f 1038//1639 1041//1640 1039//1641
f 1041//1640 1038//1639 1049//1642
f 1049//1642 1038//1639 1037//1643
f 1037//1643 1050//1644 1049//1642
f 1036//1645 1050//1644 1037//1643
f 1050//1644 1036//1645 1051//1646
f 1051//1647 1036//1647 1035//1647
f 1054//1612 1051//1648 1035//1649
f 1034//1613 1054//1612 1035//1649
f 1042//1617 1056//1650 1055//1651
f 1042//1615 1055//1652 1054//1612
f 1043//1653 1057//1654 1056//1655
f 1043//1619 1056//1650 1042//1617
f 1057//1656 1043//1619 1053//1620
f 1053//1657 1058//1658 1057//1654
f 1058//1659 1053//1623 1044//1625
f 1058//1659 1044//1625 1045//1628
f 1045//1628 1059//1660 1058//1659
f 1059//1661 1045//1628 1046//1632
f 1059//1662 1046//1663 1060//1664
f 1060//1665 1046//1630 1052//1633
f 1048//1635 1060//1664 1052//1633
f 1048//1635 1061//1666 1060//1664
f 1061//1666 1048//1635 1047//1637
f 1047//1637 1062//1667 1061//1666
f 1062//1667 1047//1637 1041//1638
f 1049//1668 1063//1669 1062//1667
f 1049//1642 1062//1670 1041//1640
f 1063//1669 1049//1642 1050//1644
f 1050//1644 1064//1671 1063//1669
f 1064//1671 1050//1644 1051//1646
f 1064//1671 1051//1646 1055//1672
f 1055//1652 1051//1648 1054//1612
f 1065//1673 1056//1655 1066//1674
f 1066//1674 1056//1655 1057//1654
f 1066//1674 1057//1654 1067//1675
f 1067//1675 1057//1654 1058//1658
f 1067//1675 1058//1658 1068//1676
f 1068//1676 1058//1658 1059//1662
f 1068//1676 1059//1662 280//1677
f 280//1677 1059//1662 1060//1664
f 280//1677 1060//1664 1069//1678
f 1069//1678 1060//1664 1061//1666
f 1072//1679 1064//1671 1070//1680
f 1070//1680 1064//1671 271//1681
f 271//1681 1064//1671 1055//1672
f 271//1681 1055//1672 1065//1673
f 1065//1673 1055//1672 1056//1655
f 1069//1678 1061//1666 1062//1667
f 1069//1678 1062//1667 1071//1682
f 1071//1682 1062//1667 1072//1679
f 1072//1679 1062//1667 1063//1669
f 1072//1679 1063//1669 1064//1671
f 1073//1683 1024//1684 1022//1685
f 1073//1683 1022//1685 1074//1686
f 1075//1687 1026//1688 1073//1683
f 1073//1683 1026//1688 1024//1684
f 1079//1689 1016//1690 1076//1691
f 1076//1691 1016//1690 1014//1572
f 1078//1692 1012//1693 1077//1694
f 1078//1692 1013//1571 1012//1693
f 1076//1691 1014//1572 1078//1692
f 1078//1692 1014//1572 1013//1571
f 1079//1689 1018//1695 1016//1690
f 599//1696 1007//1697 1075//1687
f 1075//1687 1007//1697 1026//1688
f 1012//1693 1010//1698 1077//1694
f 1077//1694 1010//1698 1080//1699
f 1081//1700 1018//1695 1079//1689
f 1022//1685 1020//1701 1074//1686
f 1074//1686 1020//1701 1081//1700
f 1081//1700 1020//1701 1018//1695
f 1080//1699 1007//1697 599//1696
f 1010//1698 1008//1702 1080//1699
f 1080//1699 1008//1702 1007//1697
f 271//1703 599//1696 1070//1704
f 1070//1705 599//1696 1075//1687
f 1070//1705 1075//1687 1072//1706
f 1072//1707 1075//1708 1073//1709
f 1072//1707 1073//1709 1071//1710
f 1071//1711 1073//1711 1074//1711
f 1071//1712 1074//1712 1069//1712
f 1069//1713 1074//1713 1081//1713
f 1069//1714 1081//1714 280//1714
f 280//1715 1081//1715 1079//1715
f 280//1716 1079//1716 1068//1716
f 1079//1717 1082//1717 1068//1717
f 1068//1718 1082//1718 1067//1718
f 1082//1719 1076//1719 1067//1719
f 1067//1720 1076//1720 1066//1720
f 1076//1721 1078//1721 1066//1721
f 1066//1722 1078//1722 1065//1722
f 1078//1723 1077//1724 1065//1725
f 1077//1724 1080//1726 1065//1725
f 1065//1725 1080//1726 271//1727
f 271//1703 1080//1699 599//1696
f 1076//1728 1082//1728 1079//1728
f 1023//91 1093//91 1083//91
f 1023//91 1083//91 1021//91
f 1021//91 1083//91 1084//91
f 1021//91 1084//91 1019//91
f 1019//91 1084//91 1085//1729
f 1019//91 1085//1729 1017//91
f 1017//91 1085//1729 1015//1730
f 1015//1730 1085//1729 1086//1731
f 1015//1730 1086//1731 1013//1732
f 1013//1732 1086//1731 1087//1733
f 1013//1732 1087//1733 1011//1734
f 1011//1734 1087//1733 1088//1735
f 1011//1734 1088//1735 1089//1736
f 1011//1734 1089//1736 1009//91
f 1009//91 1089//1736 1090//91
f 1009//91 1090//91 1027//1737
f 1027//1737 1090//91 1091//1738
f 1027//1737 1091//1738 1025//91
f 1025//91 1091//1738 1092//91
f 1025//91 1092//91 1023//91
f 1023//91 1092//91 1093//91
f 1094//1739 1091//1740 1090//1741
f 1094//1742 1090//1743 1095//1744
f 1095//1744 1090//1743 1089//1736
f 1095//1744 1089//1736 1088//1735
f 1096//1745 1088//1746 1087//1733
f 1096//1745 1087//1733 1086//1731
f 1097//1747 1086//1748 1085//1749
f 1097//1747 1085//1749 1098//1750
f 1098//1750 1085//1749 1084//1751
f 1098//1750 1084//1751 1099//1752
f 1099//1752 1084//1751 1083//1753
f 1099//1752 1083//1753 1100//1754
f 1100//1754 1083//1753 1093//1755
f 1100//1754 1093//1755 1101//1756
f 1101//1756 1093//1755 1092//1757
f 1101//1756 1092//1757 1102//1758
f 1102//1758 1092//1757 1091//1740
f 1102//1758 1091//1740 1094//1739
f 1112//1759 998//1760 1103//1761
f 1103//1761 998//1760 993//1762
f 1103//1761 993//1762 1104//1763
f 1104//1763 993//1762 991//1764
f 1104//1763 991//1764 1105//1765
f 1105//1765 991//1764 989//1766
f 1105//1765 989//1766 1106//1767
f 1106//1767 989//1766 996//1768
f 1106//1767 996//1768 1107//1769
f 1107//1769 996//1768 606//1770
f 606//1771 996//1772 994//1773
f 606//1771 994//1773 1108//1774
f 1108//1774 994//1773 1005//1775
f 1108//1774 1005//1775 1109//1776
f 1109//1776 1005//1775 1003//1777
f 1109//1776 1003//1777 1110//1778
f 1110//1778 1003//1777 1002//1779
f 1110//1778 1002//1779 1111//1780
f 1111//1780 1002//1779 1000//1781
f 1111//1780 1000//1781 1112//1759
f 1112//1759 1000//1781 998//1760
f 1107//1782 1094//1783 1095//1784
f 1107//1782 1095//1784 1106//1785
f 1106//1785 1095//1784 1088//1746
f 1106//1785 1088//1746 1105//1786
f 1105//1786 1088//1746 1096//1745
f 1105//1786 1096//1745 1104//1787
f 1104//1787 1096//1745 1086//1748
f 1104//1787 1086//1748 1103//1788
f 1103//1788 1086//1748 1097//1747
f 1103//1788 1097//1747 1098//91
f 1103//1788 1098//91 1112//91
f 1094//1783 1107//1782 606//1783
f 1094//1783 606//1783 1102//91
f 1102//91 606//1783 1108//91
f 1102//91 1108//91 1101//91
f 1101//91 1108//91 1109//91
f 1101//91 1109//91 1110//91
f 1101//91 1110//91 1100//91
f 1100//91 1110//91 1111//91
f 1100//91 1111//91 1099//91
f 1099//91 1111//91 1098//91
f 1098//91 1111//91 1112//91
f 1115//1789 1121//1790 1116//1791
f 1115//1792 1116//1791 1117//1793
f 1117//1793 1116//1791 1113//1794
f 1117//1793 1113//1794 1114//1795
f 1113//1794 1128//1796 1127//1797
f 1118//1798 1129//1799 1126//1800
f 1126//1800 1119//1801 1118//1798
f 1128//1796 1113//1794 1116//1791
f 1128//1796 1116//1791 1122//1802
f 1122//1802 1116//1791 1123//1803
f 1122//1802 1123//1803 1120//1804
f 1116//1791 1126//1800 1124//1805
f 1126//1800 1116//1791 1119//1801
f 1123//1803 1116//1791 1124//1805
f 1124//1805 1125//1806 1123//1803
f 1132//1807 1121//1790 1115//1789
f 1133//1808 1129//1799 1118//1798
f 1121//1790 1119//1801 1116//1791
f 1129//1799 1158//1809 1126//1800
f 1130//1810 1129//1799 1131//1811
f 1132//1807 1131//1811 1129//1799
f 1132//1807 1129//1799 1133//1808
f 1127//1797 1114//1795 1113//1794
f 1114//1795 1127//1797 1134//1812
f 1114//1813 1134//1812 1240//1814
f 1128//1796 1183//1815 1127//1797
f 1122//1802 1135//1816 1128//1796
f 1128//1796 1135//1816 1136//1817
f 1120//1804 1137//1818 1122//1802
f 1122//1802 1137//1818 1135//1816
f 1123//1803 1156//1819 1120//1804
f 1120//1804 1156//1819 1137//1818
f 1123//1803 1125//1806 1156//1819
f 1156//1819 1125//1806 1157//1820
f 1125//1806 1124//1805 1157//1820
f 1126//1800 1138//1821 1124//1805
f 1124//1805 1138//1821 1157//1820
f 1129//1799 1130//1810 1158//1809
f 1158//1809 1130//1822 1201//1823
f 1139//1824 1202//1825 1130//1810
f 1130//1826 1202//1825 1201//1823
f 1126//1800 1158//1809 1138//1821
f 1131//1811 1139//1824 1130//1810
f 1143//1827 1131//1811 1142//1828
f 1140//1829 1142//1828 1132//1807
f 1132//1807 1142//1828 1131//1811
f 1143//1827 1139//1824 1131//1811
f 1140//1829 1132//1807 1165//1830
f 1165//1830 1145//1831 1140//1829
f 1139//1824 1143//1827 1141//1832
f 1139//1824 1141//1832 1159//1833
f 1145//1831 1164//1834 1160//1835
f 1145//1831 1160//1835 1144//1836
f 1144//1836 1160//1835 1141//1832
f 1145//1831 1165//1830 1164//1834
f 1133//1808 1121//1790 1132//1807
f 1134//1812 1149//1837 1148//1838
f 1175//1839 1147//1840 1150//1841
f 1210//1842 1150//1841 1153//1843
f 1153//1843 1150//1841 1149//1837
f 1153//1843 1149//1837 1134//1812
f 1134//1812 1148//1838 1240//1814
f 1240//1814 1148//1838 1146//1844
f 1146//1844 1152//1845 1173//1846
f 1147//1840 1175//1839 1152//1845
f 1147//1840 1152//1845 1151//1847
f 1151//1847 1152//1845 1146//1844
f 1240//1814 1146//1844 1173//1846
f 1153//1843 1134//1812 1154//1848
f 1128//1796 1136//1817 1183//1815
f 1127//1797 1183//1815 1155//1849
f 1154//1848 1134//1812 1127//1797
f 1155//1849 1154//1848 1127//1797
f 1195//1850 1154//1848 1155//1849
f 1202//1825 1139//1824 1203//1851
f 1203//1851 1139//1824 1204//1852
f 1139//1824 1159//1833 1204//1852
f 1162//1853 1159//1833 1141//1832
f 1162//1853 1141//1832 1160//1835
f 1161//1854 1162//1853 1160//1835
f 1160//1835 1163//1855 1161//1854
f 1206//1856 1164//1834 1165//1830
f 1163//1855 1160//1835 1164//1834
f 1145//1857 1144//1836 1166//1858
f 1141//1832 1167//1859 1144//1836
f 1143//1860 1168//1861 1141//1832
f 1141//1832 1168//1861 1167//1859
f 1142//1828 1169//1862 1143//1860
f 1143//1860 1169//1862 1168//1861
f 1140//1829 1170//1863 1142//1828
f 1140//1829 1171//1864 1170//1863
f 1145//1857 1166//1858 1171//1864
f 1145//1857 1171//1864 1140//1829
f 1152//1845 1172//1865 1173//1846
f 1172//1865 1152//1845 1174//1866
f 1174//1866 1152//1845 1175//1839
f 1177//1867 1175//1839 1150//1841
f 1175//1839 1177//1867 1176//1868
f 1210//1842 1177//1867 1150//1841
f 1210//1842 1153//1843 1211//1869
f 1154//1848 1211//1869 1153//1843
f 1146//1844 1148//1838 1178//1870
f 1149//1871 1180//1872 1179//1873
f 1149//1871 1179//1873 1148//1838
f 1150//1841 1180//1872 1149//1871
f 1150//1841 1181//1874 1180//1872
f 1147//1840 1182//1875 1150//1841
f 1150//1841 1182//1875 1181//1874
f 1147//1840 1151//1847 1182//1875
f 1146//1844 1178//1870 1151//1847
f 1154//1848 1195//1850 1211//1869
f 1211//1869 1195//1850 1199//1876
f 1186//1877 1199//1876 1195//1850
f 1224//1878 1185//1879 1223//1880
f 1231//1881 1189//1882 1190//1883
f 1231//1881 1190//1883 1230//1884
f 1135//1816 1183//1815 1136//1817
f 1155//1849 1183//1815 1195//1850
f 1224//1878 1225//1885 1185//1879
f 1191//1886 1197//1887 1184//1888
f 1191//1886 1184//1888 1193//1889
f 1193//1889 1184//1888 1194//1890
f 1196//1891 1201//1823 1202//1825
f 1138//1821 1192//1892 1157//1820
f 1197//1887 1189//1882 1232//1893
f 1198//1894 1222//1895 1193//1889
f 1198//1894 1193//1889 1194//1890
f 1196//1891 1192//1892 1201//1823
f 1201//1823 1192//1892 1138//1821
f 1200//1896 1227//1897 1229//1898
f 1230//1884 1190//1883 1229//1899
f 1196//1891 1203//1851 1228//1900
f 1196//1891 1228//1900 1200//1896
f 1200//1896 1228//1900 1227//1897
f 1196//1891 1202//1825 1203//1851
f 1201//1823 1138//1821 1158//1809
f 1159//1833 1203//1851 1204//1852
f 1205//1901 1162//1853 1161//1854
f 1161//1854 1163//1855 1233//1902
f 1164//1834 1233//1902 1163//1855
f 1164//1834 1206//1856 1233//1902
f 1206//1856 1165//1830 1207//1903
f 1170//1863 1169//1862 1142//1828
f 1167//1859 1166//1858 1144//1836
f 1172//1865 1208//1904 1173//1846
f 1172//1865 1174//1866 1241//1905
f 1175//1839 1241//1905 1174//1866
f 1175//1839 1176//1868 1209//1906
f 1175//1907 1209//1906 1241//1908
f 1176//1868 1177//1867 1209//1906
f 1148//1838 1179//1873 1178//1870
f 1156//1819 1254//1909 1137//1818
f 1137//1818 1254//1909 1248//1910
f 1212//1911 1225//1885 1187//1912
f 1212//1911 1187//1912 1213//1913
f 1213//1914 1187//1915 1188//1916
f 1213//1914 1188//1916 1214//1917
f 1214//1917 1188//1916 1199//1876
f 1193//1918 1215//1919 1191//1886
f 1217//1920 1218//1921 1193//1918
f 1215//1919 1216//1922 1191//1886
f 1193//1918 1218//1921 1215//1919
f 1219//1923 1196//1924 1200//1925
f 1219//1923 1220//1926 1196//1924
f 1196//1924 1220//1926 1221//1927
f 1187//1915 1226//1928 1188//1916
f 1233//1902 1206//1856 1207//1903
f 1161//1854 1233//1902 1205//1901
f 1234//1929 1168//1861 1235//1930
f 1235//1930 1168//1861 1169//1862
f 1235//1930 1170//1863 1236//1931
f 1170//1863 1235//1930 1169//1862
f 1237//1932 1236//1931 1171//1864
f 1171//1864 1236//1931 1170//1863
f 1237//1932 1171//1864 1166//1858
f 1237//1932 1166//1858 1238//1933
f 1167//1859 1238//1933 1166//1858
f 1167//1859 1239//1934 1238//1933
f 1168//1861 1234//1929 1167//1859
f 1167//1859 1234//1929 1239//1934
f 1208//1904 1172//1865 1241//1905
f 1242//1935 1180//1872 1243//1936
f 1243//1936 1180//1872 1181//1874
f 1244//1937 1181//1874 1182//1875
f 1181//1874 1244//1937 1243//1936
f 1151//1847 1245//1938 1182//1875
f 1182//1875 1245//1938 1244//1937
f 1245//1938 1151//1847 1178//1870
f 1245//1938 1178//1870 1246//1939
f 1178//1870 1247//1940 1246//1939
f 1179//1873 1247//1940 1178//1870
f 1180//1872 1242//1935 1179//1873
f 1179//1873 1242//1935 1247//1940
f 1308//1941 1135//1816 1248//1910
f 1248//1910 1135//1816 1137//1818
f 1251//1942 1314//1943 1313//1944
f 1312//1945 1250//1946 1313//1944
f 1250//1946 1312//1945 1249//1947
f 1316//1948 1251//1942 1318//1949
f 1318//1949 1251//1942 1252//1950
f 1251//1942 1313//1944 1250//1946
f 1319//1951 1255//1952 1320//1953
f 1318//1949 1252//1950 1317//1954
f 1251//1942 1316//1948 1315//1955
f 1256//1956 1257//1957 1327//1958
f 1258//1959 1325//1960 1253//1961
f 1251//1942 1315//1955 1314//1943
f 1324//1962 1253//1961 1325//1960
f 1260//1963 1261//1964 1253//1961
f 1260//1963 1253//1961 1324//1962
f 1265//1965 1214//1917 1264//1966
f 1260//1963 1320//1953 1261//1964
f 1317//1954 1252//1950 1262//1967
f 1259//1968 1256//1956 1326//1969
f 1255//1952 1319//1951 1262//1967
f 1258//1959 1259//1968 1325//1960
f 1305//1970 1263//1971 1308//1941
f 1263//1971 1305//1970 1306//1972
f 1254//1909 1156//1819 1249//1973
f 1249//1974 1156//1819 1157//1820
f 1215//1975 1344//1976 1345//1977
f 1344//1976 1215//1975 1418//1978
f 1418//1978 1215//1975 1218//1979
f 1217//1920 1258//1959 1266//1980
f 1193//1918 1258//1959 1217//1920
f 1267//1981 1191//1886 1216//1922
f 1253//1982 1191//1886 1267//1981
f 1215//1975 1345//1977 1216//1983
f 1216//1983 1345//1977 1268//1984
f 1271//1985 1272//1986 1270//421
f 1270//421 1272//1986 1269//91
f 1221//1927 1273//1987 1271//1985
f 1274//1988 1273//1987 1220//1926
f 1220//1926 1273//1987 1221//1927
f 1270//421 1269//91 1274//1988
f 1270//421 1274//1988 1220//1926
f 1275//1989 1276//1990 1278//1991
f 1279//1992 1278//1991 1277//1993
f 1277//1993 1278//1991 1276//1990
f 1280//1994 1279//1992 1277//1993
f 1281//91 1280//1994 1270//421
f 1276//1990 1275//1989 1270//421
f 1270//421 1275//1989 1281//91
f 1286//91 1282//1995 1271//1985
f 1221//1927 1283//1996 1284//1997
f 1284//1997 1283//1996 1285//1998
f 1285//1998 1286//91 1271//1985
f 1271//1985 1282//1995 1221//1927
f 1221//1927 1282//1995 1283//1996
f 1280//1994 1289//91 1287//1999
f 1277//1993 1284//1997 1288//2000
f 1271//1985 1287//1999 1284//1997
f 1271//1985 1284//1997 1285//1998
f 1288//2000 1289//91 1280//1994
f 1290//2001 1220//1926 1291//2002
f 1287//1999 1271//1985 1280//1994
f 1280//1994 1271//1985 1270//421
f 1290//2001 1292//91 1270//421
f 1291//2002 1293//91 1290//2001
f 1220//1926 1290//2001 1270//421
f 1270//421 1292//91 1293//91
f 1270//421 1293//91 1291//2002
f 1295//2003 1294//2004 1270//421
f 1270//421 1294//2004 1276//1990
f 1291//2002 1276//1990 1296//2005
f 1291//2002 1295//2003 1270//421
f 1294//2004 1296//2005 1276//1990
f 1277//1993 1288//2000 1280//1994
f 1220//1926 1276//1990 1291//2002
f 1487//2006 1184//1888 1197//1887
f 1184//1888 1487//2006 1488//2007
f 1297//2008 1194//1890 1488//2007
f 1488//2007 1194//1890 1184//1888
f 1489//2009 1194//1890 1297//2008
f 1298//2010 1198//1894 1489//2009
f 1489//2009 1198//1894 1194//1890
f 1299//2011 1230//1884 1229//1899
f 1135//1816 1308//1941 1183//2012
f 1183//2012 1308//1941 1263//1971
f 1253//1982 1267//1981 1301//2013
f 1253//1982 1300//2014 1258//1959
f 1253//1982 1301//2013 1300//2014
f 1300//2014 1266//1980 1258//1959
f 1251//2015 1302//2016 1252//2017
f 1277//1993 1276//1990 1302//2016
f 1302//2016 1251//2015 1277//1993
f 1304//2018 1213//1914 1214//1917
f 1303//2019 1212//1911 1213//1913
f 1308//1941 1307//2020 1305//1970
f 1248//1910 1309//2021 1308//1941
f 1310//2022 1312//1945 1311//2023
f 1312//1945 1310//2022 1249//1947
f 1321//2024 1319//1951 1320//1953
f 1322//2025 1320//1953 1260//1963
f 1323//2026 1322//2025 1260//1963
f 1260//1963 1324//1962 1323//2026
f 1192//1892 1250//2027 1157//1820
f 1157//1820 1250//2027 1249//1974
f 1257//1957 1330//2028 1329//2029
f 1343//2030 1336//2031 1331//2032
f 1339//2033 1332//2034 1185//1879
f 1328//2035 1333//2036 1341//2037
f 1257//1957 1329//2029 1212//1911
f 1212//1911 1329//2029 1334//2038
f 1341//2037 1335//2039 1328//2035
f 1337//2040 1331//2032 1336//2031
f 1336//2031 1338//2041 1225//1885
f 1225//1885 1338//2041 1339//2033
f 1225//1885 1339//2033 1185//1879
f 1340//2042 1337//2040 1212//1911
f 1336//2031 1225//1885 1212//1911
f 1336//2031 1212//1911 1337//2040
f 1212//1911 1334//2038 1340//2042
f 1341//2037 1331//2032 1342//2043
f 1341//2037 1342//2043 1335//2039
f 1331//2032 1341//2037 1343//2030
f 1264//1966 1214//1917 1186//1877
f 1186//1877 1214//1917 1199//1876
f 1222//2044 1259//1968 1193//1918
f 1193//1918 1259//1968 1258//1959
f 1266//1980 1347//2045 1217//1920
f 1216//1922 1348//2046 1267//1981
f 1191//1886 1253//1982 1197//1887
f 1197//1887 1253//1982 1261//2047
f 1345//1977 1349//2048 1268//2049
f 1221//1927 1284//1997 1277//1993
f 1279//2050 1350//2050 1278//2050
f 1279//2051 1351//2051 1350//2051
f 1280//1994 1351//2052 1279//1992
f 1280//2053 1352//2053 1351//2053
f 1280//2054 1353//2054 1352//2054
f 1281//2055 1353//2055 1280//2055
f 1275//2056 1353//2056 1281//2056
f 1275//2057 1354//2057 1353//2057
f 1275//2058 1350//2058 1354//2058
f 1278//2059 1350//2059 1275//2059
f 1271//1985 1355//2060 1272//1986
f 1271//2061 1356//2061 1355//2061
f 1273//1987 1356//2062 1271//1985
f 1273//2063 1357//2063 1356//2063
f 1274//2064 1357//2064 1273//2064
f 1274//2065 1358//2065 1357//2065
f 1269//2066 1358//2066 1274//2066
f 1269//2067 1359//2067 1358//2067
f 1272//2068 1359//2068 1269//2068
f 1355//2069 1359//2069 1272//2069
f 1283//2070 1361//2070 1285//2070
f 1285//2071 1361//2071 1360//2071
f 1283//2072 1362//2072 1361//2072
f 1282//2073 1362//2073 1283//2073
f 1282//2074 1363//2074 1362//2074
f 1286//2075 1363//2075 1282//2075
f 1286//2076 1360//2076 1363//2076
f 1285//2077 1360//2077 1286//2077
f 1288//2078 1365//2078 1364//2078
f 1284//2079 1365//2079 1288//2079
f 1284//2080 1366//2080 1365//2080
f 1287//1999 1366//2081 1284//1997
f 1287//2082 1367//2082 1366//2082
f 1289//2083 1367//2083 1287//2083
f 1289//2084 1364//2084 1367//2084
f 1288//2085 1364//2085 1289//2085
f 1292//2086 1368//2086 1293//2086
f 1292//2087 1369//2087 1368//2087
f 1292//2088 1370//2089 1369//2089
f 1290//2090 1370//2090 1292//2090
f 1290//2091 1371//2091 1370//2091
f 1293//2092 1371//2092 1290//2092
f 1293//2093 1372//2094 1371//2094
f 1293//2095 1368//2095 1372//2095
f 1294//2096 1373//2096 1296//2096
f 1294//2097 1374//2097 1373//2097
f 1295//2098 1374//2098 1294//2098
f 1295//2099 1375//2100 1374//2099
f 1291//2002 1375//2101 1295//2003
f 1291//2102 1376//2102 1375//2102
f 1296//2103 1376//2103 1291//2103
f 1296//2104 1373//2104 1376//2104
f 1197//1887 1499//2105 1487//2006
f 1523//2106 1222//1895 1198//1894
f 1298//2010 1523//2107 1198//1894
f 1223//1880 1222//2044 1491//2108
f 1491//2108 1222//2044 1523//2107
f 1377//2109 1224//1878 1491//2108
f 1491//2108 1224//1878 1223//1880
f 1224//1878 1377//2109 1225//1885
f 1225//1885 1377//2109 1494//2110
f 1378//2111 1299//2011 1229//1898
f 1230//1884 1299//2011 1496//2112
f 1230//1884 1496//2112 1231//1881
f 1231//1881 1496//2112 1497//2113
f 1231//1881 1497//2113 1189//1882
f 1232//1893 1189//1882 1379//2114
f 1379//2114 1189//1882 1497//2113
f 1499//2105 1232//1893 1379//2114
f 1232//1893 1499//2105 1197//1887
f 1234//2115 1238//1933 1239//1934
f 1238//1933 1234//2115 1235//1930
f 1238//1933 1235//1930 1236//1931
f 1236//1931 1237//1932 1238//1933
f 1243//1936 1245//1938 1246//1939
f 1246//1939 1242//1935 1243//1936
f 1245//1938 1243//1936 1244//1937
f 1242//1935 1246//1939 1247//1940
f 1300//2116 1501//2117 1266//2118
f 1266//2118 1501//2117 1500//2119
f 1300//2116 1502//2120 1501//2117
f 1502//2120 1300//2116 1503//2121
f 1503//2121 1300//2116 1301//2122
f 1619//2123 1305//1970 1307//2020
f 1549//2124 1307//2020 1308//1941
f 1248//1910 1548//2125 1309//2021
f 1548//2125 1380//2126 1309//2021
f 1309//2021 1380//2126 1308//1941
f 1380//2126 1549//2124 1308//1941
f 1548//2125 1248//1910 1551//2127
f 1551//2127 1248//1910 1254//1909
f 1551//2127 1254//1909 1249//1973
f 1551//2127 1249//1973 1550//2128
f 1550//2128 1249//1947 1310//2022
f 1550//2128 1310//2022 1552//2129
f 1552//2129 1310//2022 1311//2023
f 1508//2130 1322//2025 1323//2026
f 1508//2130 1323//2026 1381//2131
f 1381//2131 1323//2026 1324//1962
f 1381//2131 1324//1962 1562//2132
f 1562//2132 1324//1962 1383//2133
f 1383//2133 1324//1962 1325//1960
f 1382//2134 1383//2133 1325//1960
f 1382//2134 1325//1960 1259//1968
f 1185//1879 1332//2034 1384//2135
f 1328//2035 1330//2028 1257//1957
f 1333//2036 1328//2035 1384//2135
f 1384//2135 1328//2035 1257//1957
f 1384//2135 1257//1957 1185//1879
f 1185//1879 1257//1957 1256//1956
f 1185//1879 1256//1956 1223//1880
f 1349//2048 1345//1977 1385//2136
f 1418//1978 1346//2137 1344//1976
f 1344//1976 1346//2137 1385//2136
f 1345//1977 1344//1976 1385//2136
f 1391//2138 1480//2139 1392//2140
f 1393//2141 1500//2119 1392//2140
f 1393//2141 1392//2140 1394//2142
f 1394//2142 1392//2140 1480//2139
f 1394//2142 1395//2143 1393//2141
f 1393//2141 1395//2143 1396//2144
f 1500//2119 1393//2141 1266//2118
f 1266//2145 1393//2141 1396//2144
f 1395//2143 1397//2146 1396//2144
f 1397//2146 1398//2147 1399//2148
f 1399//2148 1398//2147 1400//2149
f 1397//2146 1399//2148 1396//2144
f 1396//2144 1399//2148 1266//2145
f 1400//2149 1266//2145 1399//2148
f 1398//2147 1401//2150 1400//2149
f 1266//2151 1400//2149 1402//2152
f 1402//2152 1400//2149 1401//2150
f 1402//2152 1401//2150 1403//2153
f 1402//2152 1403//2153 1390//2154
f 1402//2152 1390//2154 1347//2045
f 1402//2155 1347//2045 1266//1980
f 1403//2153 1404//2156 1390//2154
f 1347//2045 1390//2154 1406//2157
f 1406//2157 1390//2154 1404//2156
f 1406//2157 1404//2156 1405//2158
f 1406//2157 1405//2158 1407//2159
f 1407//2159 1405//2158 1408//2160
f 1347//2045 1406//2157 1217//1920
f 1217//1920 1406//2157 1407//2159
f 1409//2161 1407//2159 1408//2160
f 1409//2161 1408//2160 1410//2162
f 1217//2163 1407//2159 1409//2161
f 1409//2161 1410//2162 1411//2164
f 1409//2161 1411//2164 1217//1920
f 1410//2162 1412//2165 1411//2164
f 1217//1920 1411//2164 1218//1921
f 1413//2166 1218//2167 1411//2164
f 1413//2166 1411//2164 1412//2165
f 1413//2166 1412//2165 1414//2168
f 1413//2166 1414//2168 1415//2169
f 1414//2168 1416//2170 1415//2169
f 1413//2166 1415//2169 1218//2167
f 1415//2169 1416//2170 1417//2171
f 1218//2167 1415//2169 1417//2171
f 1218//1979 1417//2171 1418//1978
f 1416//2170 1420//2172 1417//2171
f 1417//2171 1420//2172 1419//2173
f 1417//2171 1419//2173 1418//1978
f 1418//1978 1419//2173 1422//2174
f 1422//2174 1419//2173 1420//2172
f 1422//2174 1420//2172 1421//2175
f 1422//2174 1421//2175 1423//2176
f 1418//1978 1422//2174 1346//2177
f 1346//2177 1422//2174 1423//2176
f 1421//2175 1425//2178 1423//2176
f 1346//2177 1423//2176 1424//2179
f 1424//2179 1423//2176 1425//2178
f 1424//2179 1425//2178 1426//2180
f 1424//2179 1426//2180 1389//2181
f 1424//2179 1389//2181 1385//2182
f 1424//2183 1385//2136 1346//2137
f 1426//2180 1427//2184 1389//2181
f 1385//2182 1389//2181 1427//2184
f 1385//2182 1427//2184 1428//2185
f 1385//2182 1428//2185 1429//2186
f 1428//2185 1431//2187 1429//2186
f 1430//2188 1429//2186 1431//2187
f 1430//2188 1431//2187 1432//2189
f 1430//2188 1432//2189 1433//2190
f 1385//2182 1429//2186 1430//2188
f 1385//2136 1430//2191 1349//2048
f 1349//2192 1430//2188 1433//2190
f 1432//2189 1435//2193 1433//2190
f 1434//2194 1349//2192 1433//2190
f 1434//2194 1433//2190 1435//2193
f 1434//2194 1435//2193 1436//2195
f 1434//2194 1436//2195 1437//2196
f 1349//2192 1434//2194 1437//2196
f 1349//2192 1437//2196 1268//1984
f 1438//2197 1268//1984 1437//2196
f 1438//2197 1437//2196 1439//2198
f 1439//2198 1437//2196 1436//2195
f 1439//2198 1441//2199 1438//2197
f 1438//2197 1441//2199 1440//2200
f 1268//1984 1438//2197 1216//1983
f 1216//2201 1438//2197 1440//2200
f 1441//2199 1443//2202 1442//2203
f 1442//2203 1443//2202 1444//2204
f 1441//2199 1442//2203 1440//2200
f 1440//2200 1442//2203 1216//2201
f 1444//2204 1216//2201 1442//2203
f 1443//2202 1446//2205 1444//2204
f 1216//2206 1444//2204 1445//2207
f 1445//2207 1444//2204 1446//2205
f 1445//2207 1446//2205 1447//2208
f 1445//2207 1447//2208 1388//2209
f 1445//2207 1388//2209 1348//2046
f 1445//2207 1348//2046 1216//1922
f 1447//2208 1449//2210 1388//2209
f 1348//2046 1388//2209 1448//2211
f 1448//2211 1388//2209 1449//2210
f 1448//2211 1449//2210 1450//2212
f 1348//2046 1448//2211 1267//1981
f 1450//2212 1451//2213 1452//2214
f 1448//2211 1450//2212 1452//2214
f 1448//2211 1452//2214 1267//1981
f 1453//2215 1452//2214 1451//2213
f 1453//2215 1451//2213 1454//2216
f 1267//2217 1452//2214 1453//2215
f 1453//2215 1454//2216 1455//2218
f 1453//2215 1455//2218 1267//2217
f 1454//2216 1456//2219 1455//2218
f 1267//2217 1455//2218 1301//2220
f 1458//2221 1301//2222 1455//2218
f 1458//2221 1455//2218 1456//2219
f 1458//2221 1456//2219 1457//2223
f 1458//2221 1457//2223 1459//2224
f 1457//2223 1460//2225 1459//2224
f 1458//2221 1459//2224 1301//2222
f 1460//2225 1462//2226 1459//2224
f 1459//2224 1462//2226 1461//2227
f 1301//2222 1459//2224 1461//2227
f 1301//2122 1461//2227 1503//2121
f 1462//2226 1464//2228 1461//2227
f 1461//2227 1464//2228 1463//2229
f 1461//2227 1463//2229 1503//2121
f 1503//2121 1463//2229 1466//2230
f 1466//2230 1463//2229 1464//2228
f 1466//2230 1464//2228 1465//2231
f 1466//2230 1465//2231 1467//2232
f 1467//2232 1387//2233 1503//2121
f 1503//2121 1466//2230 1467//2232
f 1465//2231 1468//2234 1467//2232
f 1387//2233 1467//2232 1469//2235
f 1469//2235 1467//2232 1468//2234
f 1469//2235 1468//2234 1470//2236
f 1469//2235 1470//2236 1386//2237
f 1469//2235 1386//2237 1387//2233
f 1470//2236 1472//2238 1386//2237
f 1471//2239 1386//2237 1472//2238
f 1471//2239 1472//2238 1473//2240
f 1471//2239 1473//2240 1474//2241
f 1387//2233 1386//2237 1471//2239
f 1473//2240 1475//2242 1474//2241
f 1474//2241 1520//2243 1471//2239
f 1476//2244 1474//2241 1475//2242
f 1476//2244 1475//2242 1477//2245
f 1476//2244 1477//2245 1478//2246
f 1520//2243 1474//2241 1476//2244
f 1520//2247 1476//2244 1478//2246
f 1392//2140 1500//2119 1391//2138
f 1477//2245 1479//2248 1478//2246
f 1520//2247 1478//2246 1500//2249
f 1391//2138 1500//2119 1478//2246
f 1391//2138 1478//2246 1479//2248
f 1391//2138 1479//2248 1480//2139
f 1276//1990 1220//1926 1302//2016
f 1302//2016 1220//1926 1219//1923
f 1277//1993 1251//2015 1250//2027
f 1277//1993 1250//2027 1221//1927
f 1221//1927 1250//2027 1192//1892
f 1221//1927 1192//1892 1196//1924
f 1351//2250 1352//2250 1481//2250
f 1352//2251 1353//2251 1481//2251
f 1353//2252 1354//2253 1481//2252
f 1354//2254 1350//2254 1481//2254
f 1351//2255 1481//2255 1350//2255
f 1355//2256 1356//2257 1482//2256
f 1356//2258 1357//2259 1482//2260
f 1357//2261 1358//2261 1482//2261
f 1358//2262 1359//2262 1482//2262
f 1359//2263 1355//2263 1482//2263
f 1360//2264 1361//2264 1483//2264
f 1361//2265 1362//2265 1483//2265
f 1362//2266 1363//2266 1483//2266
f 1363//2267 1360//2267 1483//2267
f 1365//2268 1366//2268 1484//2268
f 1366//2269 1367//2269 1484//2269
f 1367//2270 1364//2270 1484//2270
f 1365//2271 1484//2271 1364//2271
f 1368//2272 1369//2272 1485//2272
f 1369//2273 1370//2273 1485//2273
f 1370//2274 1371//2274 1485//2274
f 1371//2275 1372//2275 1485//2275
f 1372//2276 1368//2276 1485//2276
f 1373//2272 1374//2272 1486//2272
f 1374//2277 1375//2278 1486//2279
f 1375//2280 1376//2280 1486//2280
f 1376//2281 1373//2281 1486//2281
f 1499//2105 1488//2007 1487//2006
f 1297//2008 1488//2007 1489//2009
f 1491//2108 1492//2282 1490//2283
f 1490//2284 1492//2285 1661//2286
f 1492//2282 1491//2108 1493//2287
f 1491//2108 1523//2107 1493//2287
f 1490//2283 1377//2109 1491//2108
f 1377//2109 1495//2288 1494//2110
f 1535//2289 1496//2112 1378//2111
f 1378//2111 1496//2112 1299//2011
f 1522//2290 1379//2114 1497//2113
f 1522//2290 1497//2113 1498//2291
f 1498//2291 1497//2113 1604//2292
f 1505//2293 1257//1957 1504//2294
f 1504//2294 1257//1957 1212//1911
f 1265//1965 1545//2295 1214//1917
f 1214//1917 1545//2295 1543//2296
f 1306//1972 1305//1970 1547//2297
f 1545//2295 1265//1965 1306//2298
f 1545//2299 1306//1972 1546//2300
f 1546//2300 1306//1972 1547//2297
f 1547//2297 1305//1970 1619//2123
f 1619//2123 1307//2301 1506//2302
f 1307//2020 1549//2124 1506//2302
f 1552//2129 1311//2023 1312//1945
f 1552//2129 1312//1945 1620//2303
f 1620//2303 1312//1945 1555//2304
f 1555//2304 1312//1945 1313//1944
f 1314//1943 1554//2305 1555//2304
f 1314//1943 1555//2306 1313//1944
f 1554//2305 1314//1943 1507//2307
f 1507//2307 1314//1943 1315//1955
f 1319//1951 1560//2308 1262//1967
f 1262//1967 1560//2308 1557//2309
f 1560//2308 1319//1951 1321//2024
f 1560//2308 1321//2024 1559//2310
f 1559//2310 1321//2024 1320//1953
f 1320//1953 1322//2025 1559//2310
f 1559//2310 1322//2025 1561//2311
f 1508//2130 1561//2311 1322//2025
f 1259//1968 1563//2312 1382//2134
f 1563//2312 1326//1969 1509//2313
f 1326//1969 1563//2312 1259//1968
f 1326//1969 1256//1956 1509//2313
f 1509//2313 1256//1956 1565//2314
f 1257//1957 1505//2293 1566//2315
f 1257//1957 1566//2315 1327//1958
f 1327//1958 1566//2315 1256//1956
f 1256//1956 1566//2315 1565//2314
f 1259//1968 1222//2044 1256//1956
f 1256//1956 1222//2044 1223//1880
f 1320//1953 1189//1882 1261//2047
f 1261//2047 1189//1882 1197//1887
f 1427//2184 1405//2158 1428//2185
f 1416//2170 1427//2184 1421//2175
f 1428//2185 1450//2212 1447//2208
f 1447//2208 1446//2205 1428//2185
f 1421//2175 1420//2172 1416//2170
f 1432//2189 1428//2185 1435//2193
f 1431//2187 1428//2185 1432//2189
f 1480//2139 1517//2316 1511//2317
f 1428//2185 1519//2318 1512//2319
f 1460//2225 1454//2216 1450//2212
f 1460//2225 1450//2212 1462//2226
f 1426//2180 1425//2178 1427//2184
f 1427//2184 1425//2178 1421//2175
f 1416//2170 1414//2168 1405//2158
f 1416//2170 1405//2158 1427//2184
f 1414//2168 1410//2162 1405//2158
f 1408//2160 1405//2158 1410//2162
f 1449//2210 1447//2208 1450//2212
f 1403//2153 1510//2320 1404//2156
f 1515//2321 1403//2153 1516//2322
f 1450//2212 1513//2323 1514//2324
f 1450//2212 1514//2324 1517//2316
f 1450//2212 1517//2316 1473//2240
f 1456//2219 1460//2225 1457//2223
f 1456//2219 1454//2216 1460//2225
f 1454//2216 1451//2213 1450//2212
f 1403//2153 1515//2321 1510//2320
f 1479//2248 1517//2316 1480//2139
f 1405//2158 1404//2156 1510//2320
f 1428//2185 1512//2319 1518//2325
f 1428//2185 1518//2325 1450//2212
f 1450//2212 1518//2325 1513//2323
f 1470//2236 1473//2240 1472//2238
f 1470//2236 1468//2234 1473//2240
f 1473//2240 1468//2234 1465//2231
f 1465//2231 1464//2228 1450//2212
f 1465//2231 1450//2212 1473//2240
f 1414//2168 1412//2165 1410//2162
f 1443//2202 1441//2199 1428//2185
f 1443//2202 1428//2185 1446//2205
f 1439//2198 1436//2195 1435//2193
f 1398//2147 1397//2146 1403//2153
f 1397//2146 1395//2143 1403//2153
f 1403//2153 1395//2143 1516//2322
f 1395//2143 1394//2142 1511//2317
f 1511//2317 1394//2142 1480//2139
f 1477//2245 1475//2242 1517//2316
f 1517//2316 1475//2242 1473//2240
f 1462//2226 1450//2212 1464//2228
f 1441//2199 1439//2198 1428//2185
f 1428//2185 1439//2198 1435//2193
f 1403//2153 1401//2150 1398//2147
f 1479//2248 1477//2245 1517//2316
f 1395//2143 1511//2317 1516//2322
f 1510//2320 1519//2318 1405//2158
f 1405//2158 1519//2318 1428//2185
f 1520//2243 1387//2233 1471//2239
f 1499//2105 1379//2114 1522//2290
f 1298//2010 1493//2287 1523//2107
f 1521//2326 1489//2009 1488//2007
f 1522//2290 1488//2007 1499//2105
f 1488//2007 1522//2290 1521//2326
f 1489//2009 1521//2326 1493//2287
f 1493//2287 1298//2010 1489//2009
f 1377//2109 1528//2327 1524//2328
f 1377//2109 1524//2328 1495//2288
f 1495//2288 1524//2328 1529//2329
f 1526//2330 1661//2331 1525//2332
f 1525//2332 1661//2331 1586//2333
f 1661//2331 1526//2330 1490//2283
f 1526//2330 1527//2334 1490//2283
f 1490//2283 1527//2334 1528//2327
f 1530//2335 1584//2336 1529//2329
f 1530//2335 1529//2329 1524//2328
f 1490//2283 1528//2327 1377//2109
f 1525//2332 1584//2336 1530//2335
f 1525//2332 1586//2333 1584//2336
f 1495//2288 1529//2329 1531//2337
f 1532//2338 1209//1906 1177//1867
f 1494//2110 1495//2288 1534//2339
f 1534//2339 1495//2288 1531//2337
f 1533//2340 1592//2341 1534//2339
f 1534//2339 1592//2341 1494//2110
f 1532//2338 1211//1869 1593//2342
f 1532//2338 1593//2342 1533//2340
f 1533//2340 1593//2342 1592//2341
f 1210//1842 1532//2338 1177//1867
f 1532//2338 1210//1842 1211//1869
f 1535//2289 1536//2343 1537//2344
f 1538//2345 1540//2346 1595//2347
f 1538//2345 1604//2292 1539//2348
f 1497//2113 1539//2348 1604//2292
f 1604//2292 1538//2345 1595//2347
f 1599//2349 1597//2350 1536//2343
f 1536//2343 1597//2350 1540//2346
f 1540//2346 1597//2350 1595//2347
f 1536//2343 1535//2289 1599//2349
f 1535//2289 1537//2344 1496//2112
f 1497//2113 1496//2112 1541//2351
f 1539//2348 1497//2113 1541//2351
f 1537//2344 1541//2351 1496//2112
f 1500//2119 1501//2117 1520//2243
f 1503//2121 1387//2233 1502//2120
f 1502//2120 1387//2233 1520//2243
f 1520//2243 1501//2117 1502//2120
f 1505//2293 1504//2294 1542//2352
f 1545//2295 1544//2353 1543//2296
f 1553//2354 1556//2355 1554//2305
f 1554//2305 1556//2355 1555//2304
f 1553//2354 1507//2356 1626//2357
f 1507//2307 1553//2354 1554//2305
f 1558//2358 1627//2359 1560//2308
f 1560//2308 1627//2360 1557//2309
f 1558//2358 1560//2308 1559//2310
f 1558//2358 1559//2310 1793//2361
f 1793//2361 1559//2362 1635//2363
f 1559//2310 1561//2311 1635//2363
f 1562//2132 1383//2133 1381//2131
f 1563//2312 1383//2133 1382//2134
f 1637//2364 1509//2313 1565//2314
f 1637//2364 1565//2314 1564//2365
f 1505//2293 1565//2314 1566//2315
f 1567//2366 1335//2039 1342//2043
f 1567//2366 1342//2043 1568//2367
f 1568//2367 1342//2043 1331//2032
f 1568//2367 1331//2032 1569//2368
f 1569//2368 1331//2032 1337//2040
f 1569//2368 1337//2040 1570//2369
f 1570//2370 1337//2040 1340//2042
f 1570//2370 1340//2042 1334//2038
f 1570//2370 1334//2038 1571//2371
f 1571//2371 1334//2038 1329//2029
f 1571//2371 1329//2029 1572//2372
f 1572//2373 1329//2029 1330//2028
f 1572//2373 1330//2028 1573//2374
f 1573//2374 1330//2028 1328//2035
f 1573//2374 1328//2035 1567//2375
f 1567//2366 1328//2035 1335//2039
f 1574//2376 1336//2031 1575//2377
f 1575//2378 1336//2031 1343//2030
f 1575//2378 1343//2030 1576//2379
f 1576//2380 1343//2030 1341//2037
f 1576//2380 1341//2037 1577//2381
f 1577//2382 1341//2037 1333//2036
f 1577//2382 1333//2036 1578//2383
f 1578//2384 1333//2036 1384//2135
f 1578//2384 1384//2135 1579//2385
f 1579//2386 1384//2135 1332//2034
f 1579//2386 1332//2034 1339//2033
f 1579//2386 1339//2033 1580//2387
f 1580//2387 1339//2033 1338//2041
f 1580//2387 1338//2041 1574//2388
f 1574//2376 1338//2041 1336//2031
f 1255//1952 1190//1883 1189//1882
f 1255//1952 1189//1882 1320//1953
f 1302//2016 1219//1923 1252//2389
f 1252//2389 1219//1923 1200//2390
f 1529//2329 1582//2391 1581//2392
f 1584//2336 1582//2391 1529//2329
f 1583//2393 1582//2391 1584//2336
f 1584//2336 1586//2333 1583//2393
f 1583//2393 1586//2394 1585//2395
f 1524//2396 1588//2397 1530//2398
f 1530//2398 1588//2397 1587//2399
f 1524//2396 1589//2400 1588//2397
f 1528//2401 1589//2400 1524//2396
f 1526//2402 1590//2403 1527//2334
f 1526//2402 1591//2404 1590//2403
f 1530//2398 1587//2399 1525//2405
f 1525//2405 1587//2399 1591//2404
f 1525//2405 1591//2404 1526//2402
f 1581//2392 1531//2337 1529//2329
f 1595//2347 1597//2350 1594//2406
f 1594//2406 1597//2350 1598//2407
f 1598//2407 1597//2350 1596//2408
f 1600//2409 1597//2350 1599//2349
f 1596//2408 1597//2350 1600//2409
f 1540//2410 1601//2411 1536//2343
f 1540//2410 1602//2412 1601//2411
f 1538//2345 1602//2412 1540//2410
f 1541//2351 1603//2413 1539//2348
f 1541//2351 1537//2344 1603//2413
f 1536//2343 1601//2411 1537//2344
f 1183//2012 1263//1971 1306//2298
f 1183//2012 1306//2298 1195//1850
f 1195//1850 1306//2298 1265//1965
f 1605//2414 1565//2314 1612//2415
f 1565//2314 1605//2414 1606//2416
f 1565//2314 1606//2416 1564//2365
f 1608//2417 1681//2418 1607//2419
f 1607//2419 1681//2418 1682//2420
f 1607//2419 1682//2420 1679//2421
f 1609//2422 1608//2417 1610//2423
f 1564//2365 1606//2416 1611//2424
f 1608//2417 1609//2422 1681//2418
f 1542//2352 1609//2422 1610//2423
f 1607//2419 1679//2421 1611//2424
f 1542//2352 1610//2423 1612//2415
f 1542//2352 1612//2415 1505//2293
f 1611//2424 1679//2421 1680//2425
f 1612//2415 1565//2314 1505//2293
f 1564//2365 1611//2424 1680//2425
f 1689//2426 1544//2353 1618//2427
f 1692//2428 1614//2429 1616//2430
f 1614//2429 1692//2428 1691//2431
f 1693//2432 1616//2430 1613//2433
f 1614//2429 1691//2431 1690//2434
f 1614//2429 1690//2434 1617//2435
f 1617//2435 1690//2434 1618//2436
f 1616//2430 1693//2432 1692//2428
f 1615//2437 1545//2295 1613//2438
f 1545//2295 1615//2437 1618//2427
f 1545//2295 1618//2427 1544//2353
f 1613//2433 1545//2299 1546//2300
f 1547//2297 1619//2123 1546//2300
f 1546//2300 1619//2123 1613//2433
f 1700//2439 1619//2123 1506//2302
f 1551//2127 1701//2440 1702//2441
f 1551//2127 1702//2441 1548//2125
f 1701//2440 1552//2129 1620//2303
f 1702//2441 1506//2302 1549//2124
f 1702//2441 1700//2439 1506//2302
f 1552//2129 1701//2440 1550//2128
f 1550//2128 1701//2440 1551//2127
f 1548//2125 1702//2441 1549//2124
f 1549//2124 1380//2126 1548//2125
f 1621//2442 1620//2303 1555//2304
f 1621//2442 1555//2304 1556//2355
f 1622//2443 1785//2444 1556//2355
f 1626//2357 1623//2445 1553//2354
f 1625//2446 1703//2447 1622//2443
f 1624//2448 1707//2449 1625//2446
f 1625//2446 1707//2449 1705//2450
f 1625//2446 1705//2450 1703//2447
f 1624//2448 1708//2451 1707//2449
f 1623//2445 1626//2357 1624//2448
f 1785//2444 1622//2443 1703//2447
f 1558//2358 1632//2452 1631//2453
f 1558//2358 1631//2453 1627//2359
f 1631//2453 1629//2454 1627//2359
f 1627//2359 1629//2454 1628//2455
f 1630//2456 1558//2358 1793//2361
f 1630//2456 1632//2452 1558//2358
f 1630//2456 1793//2361 1633//2457
f 1633//2457 1793//2361 1717//2458
f 1634//2459 1715//2460 1628//2455
f 1634//2459 1628//2455 1629//2454
f 1633//2457 1717//2458 1716//2461
f 1633//2457 1716//2461 1634//2459
f 1634//2459 1716//2461 1715//2460
f 1561//2311 1508//2130 1635//2363
f 1636//2462 1381//2131 1383//2133
f 1637//2364 1383//2133 1563//2312
f 1383//2133 1637//2364 1636//2462
f 1381//2131 1636//2462 1635//2363
f 1635//2363 1508//2130 1381//2131
f 1563//2312 1509//2313 1637//2364
f 1638//2463 1567//2464 1568//2465
f 1638//2463 1568//2465 1639//2466
f 1639//2466 1568//2465 1569//2467
f 1639//2466 1569//2467 1640//2468
f 1640//2468 1569//2467 1570//2469
f 1640//2468 1570//2469 1641//2470
f 1641//2470 1570//2469 1571//2471
f 1641//2470 1571//2471 1642//2472
f 1642//2472 1571//2471 1572//2473
f 1642//2472 1572//2473 1573//2474
f 1642//2472 1573//2474 1643//2475
f 1643//2475 1573//2474 1567//2464
f 1643//2475 1567//2464 1638//2463
f 1649//2476 1580//2477 1644//2478
f 1644//2478 1580//2477 1574//2479
f 1644//2478 1574//2479 1645//2480
f 1645//2480 1574//2479 1575//2481
f 1645//2480 1575//2481 1646//2482
f 1646//2482 1575//2481 1576//2483
f 1646//2482 1576//2483 1647//2484
f 1647//2484 1576//2483 1577//2485
f 1647//2484 1577//2485 1578//2486
f 1647//2484 1578//2486 1648//2487
f 1648//2487 1578//2486 1579//2488
f 1648//2487 1579//2488 1649//2476
f 1649//2476 1579//2488 1580//2477
f 1190//1883 1255//1952 1229//1899
f 1229//1899 1255//1952 1262//2489
f 1650//2490 1651//2491 1513//2492
f 1513//2492 1651//2491 1514//2493
f 1514//2493 1651//2491 1652//2494
f 1514//2493 1652//2494 1517//2495
f 1517//2495 1652//2494 1653//2496
f 1517//2495 1653//2496 1511//2497
f 1511//2497 1653//2496 1654//2498
f 1511//2497 1654//2498 1516//2499
f 1516//2499 1654//2498 1655//2500
f 1516//2499 1655//2500 1515//2321
f 1515//2321 1655//2500 1510//2320
f 1510//2320 1655//2500 1656//2501
f 1510//2320 1656//2501 1519//2318
f 1519//2318 1656//2501 1657//2502
f 1519//2318 1657//2502 1512//2319
f 1512//2319 1657//2502 1658//2503
f 1512//2319 1658//2503 1659//2504
f 1512//2319 1659//2504 1518//2505
f 1518//2505 1659//2504 1650//2490
f 1518//2505 1650//2490 1513//2492
f 1492//2285 1664//2506 1663//2507
f 1492//2282 1493//2287 1665//2508
f 1492//2285 1663//2507 1662//2509
f 1492//2285 1662//2509 1660//2510
f 1661//2286 1492//2285 1660//2510
f 1664//2511 1492//2282 1665//2508
f 1661//2331 1493//2287 1521//2326
f 1522//2290 1498//2291 1521//2326
f 1521//2326 1498//2291 1666//2512
f 1661//2331 1521//2326 1666//2512
f 1581//2392 1582//2391 1668//2513
f 1583//2393 1668//2513 1582//2391
f 1667//2514 1668//2513 1583//2393
f 1583//2393 1585//2395 1667//2514
f 1667//2514 1585//2395 1586//2394
f 1527//2334 1590//2403 1528//2327
f 1755//2515 1233//1902 1756//2516
f 1755//2515 1205//1901 1233//1902
f 1771//2517 1749//2518 1672//2519
f 1770//2520 1749//2518 1771//2517
f 1668//2513 1667//2514 1766//2521
f 1750//2522 1767//2523 1766//2521
f 1750//2522 1766//2521 1667//2514
f 1531//2337 1668//2513 1765//2524
f 1668//2513 1766//2521 1765//2525
f 1761//2526 1241//1908 1209//1906
f 1760//2527 1241//1908 1761//2526
f 1241//1905 1743//2528 1208//1904
f 1767//2529 1750//2530 1751//2531
f 1767//2523 1751//2532 1768//2533
f 1768//2534 1751//2531 1669//2535
f 1768//2534 1669//2535 1769//2536
f 1769//2536 1669//2535 1770//2520
f 1770//2520 1669//2535 1670//2537
f 1770//2520 1670//2537 1671//2538
f 1770//2520 1671//2538 1749//2518
f 1746//2539 1772//2540 1745//2541
f 1745//2541 1772//2540 1672//2519
f 1672//2519 1772//2540 1771//2542
f 1747//2543 1753//2544 1752//2545
f 1747//2546 1752//2547 1746//2539
f 1746//2548 1752//2545 1772//2540
f 1753//2544 1747//2546 1754//2549
f 1754//2549 1747//2546 1748//2550
f 1754//2549 1748//2550 1755//2551
f 1755//2551 1748//2550 1205//1901
f 1233//1902 1207//1903 1756//2516
f 1756//2516 1207//1903 1757//2552
f 1757//2552 1207//1903 1742//2553
f 1757//2552 1742//2553 1758//2554
f 1758//2554 1742//2553 1744//2555
f 1758//2556 1744//2557 1759//2558
f 1759//2559 1744//2560 1743//2528
f 1759//2558 1743//2561 1241//1908
f 1759//2558 1241//1908 1760//2527
f 1761//2526 1209//1906 1532//2338
f 1761//2562 1532//2338 1762//2563
f 1762//2563 1532//2338 1763//2564
f 1763//2564 1532//2338 1533//2340
f 1763//2564 1533//2340 1534//2339
f 1763//2564 1534//2565 1764//2566
f 1764//2566 1534//2565 1765//2525
f 1765//2524 1534//2339 1531//2337
f 1187//1912 1225//1885 1494//2110
f 1211//1869 1199//1876 1593//2342
f 1593//2567 1199//1876 1188//1916
f 1226//1928 1593//2568 1188//1916
f 1593//2342 1226//2569 1592//2341
f 1592//2570 1226//1928 1187//1915
f 1494//2110 1592//2341 1187//2571
f 1670//2537 1595//2347 1594//2406
f 1598//2407 1671//2538 1594//2406
f 1671//2538 1670//2537 1594//2406
f 1671//2538 1598//2407 1749//2518
f 1596//2408 1749//2518 1598//2407
f 1672//2519 1596//2408 1600//2409
f 1600//2409 1599//2349 1672//2519
f 1195//1850 1265//1965 1186//1877
f 1186//1877 1265//1965 1264//1966
f 1673//2572 1542//2352 1504//2294
f 1781//2573 1609//2422 1673//2572
f 1673//2572 1609//2422 1542//2352
f 1674//2574 1689//2426 1782//2575
f 1543//2296 1544//2353 1674//2574
f 1674//2574 1544//2353 1689//2426
f 1673//2572 1504//2294 1675//2576
f 1675//2577 1504//2294 1677//2578
f 1675//2577 1677//2578 1676//2579
f 1676//2579 1677//2578 1678//2580
f 1676//2579 1678//2580 1674//2574
f 1674//2574 1678//2581 1543//2296
f 1679//2421 1682//2420 1680//2425
f 1609//2422 1683//2582 1681//2418
f 1612//2583 1610//2423 1684//2584
f 1607//2585 1685//2586 1608//2587
f 1607//2585 1686//2588 1685//2586
f 1611//2424 1686//2588 1607//2585
f 1605//2589 1687//2590 1606//2591
f 1612//2583 1684//2584 1687//2590
f 1612//2583 1687//2590 1605//2589
f 1689//2426 1618//2427 1688//2592
f 1618//2427 1690//2434 1688//2592
f 1691//2431 1692//2428 1783//2593
f 1693//2432 1613//2433 1694//2594
f 1694//2594 1613//2433 1619//2123
f 1613//2438 1616//2595 1695//2596
f 1614//2429 1696//2597 1616//2430
f 1614//2429 1617//2435 1696//2597
f 1618//2436 1697//2598 1617//2435
f 1615//2437 1698//2599 1618//2436
f 1618//2436 1698//2599 1697//2598
f 1615//2437 1699//2600 1698//2599
f 1613//2438 1695//2596 1699//2600
f 1613//2438 1699//2600 1615//2437
f 1619//2123 1700//2439 1694//2594
f 1701//2440 1620//2303 1621//2442
f 1701//2440 1621//2442 1785//2444
f 1785//2444 1621//2442 1556//2355
f 1703//2447 1705//2450 1704//2601
f 1706//2602 1705//2450 1707//2449
f 1626//2357 1708//2451 1624//2448
f 1553//2354 1623//2445 1709//2603
f 1624//2448 1710//2604 1623//2445
f 1624//2448 1625//2446 1710//2604
f 1622//2605 1711//2606 1625//2446
f 1622//2605 1712//2607 1711//2606
f 1556//2355 1713//2608 1622//2443
f 1622//2605 1713//2608 1712//2607
f 1553//2354 1709//2603 1713//2608
f 1553//2354 1713//2608 1556//2355
f 1714//2609 1628//2455 1715//2460
f 1716//2461 1717//2458 1791//2610
f 1632//2611 1718//2612 1631//2453
f 1630//2456 1719//2613 1632//2614
f 1632//2611 1719//2613 1718//2612
f 1630//2456 1633//2457 1719//2613
f 1634//2615 1720//2616 1633//2457
f 1655//2617 1723//2617 1656//2617
f 1723//2618 1655//2619 1724//2620
f 1655//2621 1725//2622 1724//2623
f 1726//2624 1725//2625 1654//2626
f 1654//2627 1725//2627 1655//2627
f 1722//2628 1726//2629 1654//2630
f 1722//2628 1654//2630 1653//2631
f 1722//2628 1653//2631 1727//2632
f 1727//2633 1653//2633 1652//2633
f 1727//2634 1652//2635 1728//2636
f 1651//2637 1729//2637 1652//2637
f 1652//2638 1729//2639 1728//2640
f 1651//2641 1730//2642 1729//2643
f 1650//2644 1721//2645 1651//2646
f 1721//2647 1730//2642 1651//2641
f 1721//2645 1650//2644 1659//2648
f 1721//2649 1659//2650 1731//2651
f 1731//2652 1659//2653 1732//2654
f 1732//2655 1659//2655 1658//2655
f 1658//2656 1734//2657 1732//2658
f 1733//2659 1734//2660 1657//2661
f 1657//2662 1734//2662 1658//2662
f 1735//2663 1733//2664 1657//2665
f 1656//2666 1735//2663 1657//2665
f 1656//2666 1723//2667 1735//2663
f 1229//1899 1262//2489 1200//2668
f 1200//2390 1262//2669 1252//2389
f 1531//2337 1581//2392 1668//2513
f 1736//2670 1589//2400 1737//2671
f 1737//2671 1589//2400 1528//2401
f 1738//2672 1528//2401 1590//2403
f 1528//2401 1738//2672 1737//2671
f 1591//2404 1739//2673 1590//2403
f 1590//2403 1739//2673 1738//2672
f 1739//2673 1591//2404 1587//2399
f 1739//2673 1587//2399 1740//2674
f 1588//2397 1741//2675 1587//2399
f 1587//2399 1741//2675 1740//2674
f 1589//2400 1736//2670 1588//2397
f 1588//2397 1736//2670 1741//2675
f 1596//2408 1672//2519 1749//2518
f 1773//2676 1538//2345 1774//2677
f 1774//2677 1538//2345 1539//2348
f 1774//2677 1539//2348 1603//2413
f 1774//2677 1603//2413 1775//2678
f 1776//2679 1775//2678 1537//2344
f 1537//2344 1775//2678 1603//2413
f 1776//2679 1537//2344 1601//2411
f 1776//2679 1601//2411 1777//2680
f 1602//2412 1778//2681 1601//2411
f 1601//2411 1778//2681 1777//2680
f 1538//2345 1773//2676 1602//2412
f 1602//2412 1773//2676 1778//2681
f 1781//2573 1683//2582 1609//2422
f 1782//2575 1689//2426 1688//2592
f 1780//2682 1779//2683 1680//2425
f 1680//2425 1682//2420 1780//2682
f 1780//2682 1682//2420 1823//2684
f 1681//2418 1823//2684 1682//2420
f 1683//2582 1781//2573 1681//2418
f 1681//2418 1781//2685 1823//2684
f 1611//2424 1606//2416 1686//2588
f 1610//2423 1608//2417 1684//2584
f 1688//2592 1690//2434 1782//2575
f 1782//2575 1690//2434 1819//2686
f 1691//2431 1819//2686 1690//2434
f 1691//2431 1783//2593 1819//2686
f 1784//2687 1783//2593 1692//2428
f 1616//2595 1696//2688 1695//2596
f 1786//2689 1703//2447 1704//2601
f 1786//2689 1704//2601 1705//2450
f 1786//2689 1705//2690 1787//2691
f 1706//2602 1787//2692 1705//2450
f 1788//2693 1787//2692 1706//2602
f 1707//2449 1788//2694 1706//2602
f 1708//2451 1788//2694 1707//2449
f 1623//2445 1710//2604 1709//2603
f 1714//2609 1789//2695 1628//2455
f 1715//2696 1789//2695 1714//2609
f 1789//2695 1715//2696 1790//2697
f 1716//2461 1790//2698 1715//2460
f 1716//2461 1791//2610 1790//2698
f 1792//2699 1791//2610 1717//2458
f 1634//2615 1629//2700 1720//2616
f 1637//2364 1564//2365 1636//2462
f 1636//2462 1564//2701 1794//2702
f 1793//2361 1635//2363 1794//2702
f 1635//2363 1636//2462 1794//2702
f 1641//2703 1795//2704 1640//2705
f 1640//2705 1795//2704 1796//2706
f 1642//2707 1797//2708 1641//2703
f 1641//2703 1797//2708 1795//2704
f 1643//2709 1798//2710 1642//2707
f 1642//2707 1798//2710 1797//2708
f 1638//2711 1799//2712 1643//2709
f 1643//2709 1799//2712 1798//2710
f 1639//2713 1800//2714 1638//2711
f 1638//2711 1800//2714 1799//2712
f 1640//2705 1796//2706 1639//2713
f 1639//2713 1796//2706 1800//2714
f 1647//2715 1801//2716 1646//2717
f 1646//2717 1801//2716 1802//2718
f 1648//2719 1803//2720 1647//2715
f 1647//2715 1803//2720 1801//2716
f 1649//2721 1804//2722 1648//2719
f 1648//2719 1804//2722 1803//2720
f 1644//2723 1805//2724 1649//2721
f 1649//2721 1805//2724 1804//2722
f 1645//2725 1806//2726 1644//2723
f 1644//2723 1806//2726 1805//2724
f 1646//2717 1802//2718 1645//2725
f 1645//2725 1802//2718 1806//2726
f 1742//2553 1132//1807 1115//1789
f 1207//1903 1165//1830 1742//2553
f 1742//2553 1165//1830 1132//1807
f 1208//1904 1743//2528 1173//1846
f 1743//2528 1240//1814 1173//1846
f 1117//1793 1114//1795 1744//2727
f 1114//1813 1240//1814 1744//2728
f 1744//2560 1240//1814 1743//2528
f 1742//2553 1115//1789 1744//2555
f 1744//2727 1115//1792 1117//1793
f 1378//2111 1745//2541 1535//2289
f 1672//2519 1599//2349 1745//2541
f 1745//2541 1599//2349 1535//2289
f 1748//2550 1162//1853 1205//1901
f 1748//2550 1159//1833 1162//1853
f 1747//2546 1858//2729 1748//2550
f 1748//2550 1858//2730 1159//1833
f 1745//2541 1378//2111 1746//2539
f 1746//2539 1378//2111 1859//2731
f 1746//2539 1859//2731 1747//2546
f 1747//2546 1859//2731 1858//2729
f 1669//2535 1498//2291 1604//2292
f 1669//2535 1604//2292 1670//2537
f 1670//2537 1604//2292 1595//2347
f 1751//2531 1661//2331 1666//2512
f 1751//2531 1666//2512 1669//2535
f 1669//2535 1666//2512 1498//2291
f 1750//2530 1661//2331 1751//2531
f 1667//2514 1586//2394 1750//2522
f 1750//2530 1586//2333 1661//2331
f 1815//2732 1807//2733 1752//2545
f 1753//2544 1815//2732 1752//2545
f 1810//2734 1761//2562 1762//2563
f 1768//2533 1812//2735 1767//2523
f 1772//2540 1807//2733 1771//2542
f 1768//2534 1769//2536 1809//2736
f 1766//2521 1813//2737 1765//2525
f 1765//2525 1813//2737 1811//2738
f 1765//2525 1811//2738 1764//2566
f 1764//2566 1811//2738 1860//2739
f 1764//2566 1860//2739 1763//2564
f 1860//2739 1810//2734 1762//2563
f 1860//2739 1762//2563 1763//2564
f 1761//2562 1810//2734 1808//2740
f 1761//2526 1808//2741 1760//2527
f 1757//2552 1758//2554 1864//2742
f 1864//2743 1758//2556 1759//2558
f 1756//2516 1757//2552 1818//2744
f 1815//2732 1753//2544 1754//2549
f 1768//2534 1809//2736 1812//2735
f 1767//2523 1812//2735 1766//2521
f 1766//2521 1812//2735 1813//2737
f 1770//2520 1771//2517 1809//2736
f 1770//2520 1809//2736 1769//2536
f 1771//2745 1807//2733 1814//2746
f 1771//2745 1814//2746 1809//2736
f 1755//2747 1818//2744 1817//2748
f 1816//2749 1754//2750 1817//2748
f 1817//2751 1754//2549 1755//2551
f 1755//2515 1756//2516 1818//2744
f 1818//2744 1757//2552 1864//2743
f 1808//2740 1864//2743 1760//2527
f 1760//2527 1864//2743 1759//2558
f 1754//2549 1816//2749 1815//2732
f 1807//2733 1772//2540 1752//2545
f 1504//2294 1212//1911 1677//2578
f 1677//2752 1212//1911 1303//2019
f 1677//2753 1303//2019 1213//1913
f 1677//2578 1213//2754 1678//2580
f 1678//2755 1213//1914 1304//2018
f 1214//1917 1543//2296 1304//2018
f 1304//2756 1543//2296 1678//2581
f 1880//2757 1819//2686 1879//2758
f 1880//2757 1782//2575 1819//2686
f 1894//2759 1823//2684 1889//2760
f 1790//2698 1792//2699 1868//2761
f 1886//2762 1790//2763 1892//2764
f 1868//2765 1892//2764 1790//2763
f 1789//2695 1790//2697 1885//2766
f 1790//2763 1886//2762 1885//2767
f 1787//2692 1788//2693 1895//2768
f 1895//2769 1788//2770 1874//2771
f 1787//2691 1866//2772 1786//2689
f 1892//2764 1868//2765 1891//2773
f 1891//2774 1868//2775 1869//2776
f 1891//2773 1869//2777 1893//2778
f 1893//2779 1869//2776 1820//2780
f 1893//2779 1820//2780 1890//2781
f 1890//2781 1820//2780 1779//2782
f 1890//2781 1779//2782 1894//2759
f 1894//2759 1779//2683 1823//2684
f 1675//2576 1887//2783 1673//2572
f 1673//2572 1887//2783 1888//2784
f 1673//2572 1888//2784 1781//2573
f 1781//2573 1888//2784 1889//2785
f 1781//2685 1889//2760 1823//2684
f 1676//2786 1882//2787 1883//2788
f 1676//2579 1883//2789 1675//2577
f 1675//2790 1883//2788 1887//2783
f 1882//2791 1676//2579 1881//2792
f 1881//2792 1676//2579 1674//2574
f 1881//2792 1674//2574 1880//2793
f 1880//2793 1674//2574 1782//2575
f 1819//2686 1784//2687 1879//2758
f 1879//2758 1784//2794 1878//2795
f 1878//2795 1784//2796 1865//2797
f 1878//2795 1865//2797 1877//2798
f 1877//2798 1865//2797 1867//2799
f 1877//2798 1867//2799 1876//2800
f 1876//2800 1867//2799 1875//2801
f 1875//2802 1867//2803 1866//2772
f 1875//2804 1866//2805 1895//2806
f 1895//2768 1866//2807 1787//2692
f 1874//2808 1788//2694 1870//2809
f 1874//2771 1870//2810 1873//2811
f 1873//2812 1870//2809 1871//2813
f 1873//2812 1871//2813 1821//2814
f 1821//2814 1871//2813 1872//2815
f 1821//2814 1872//2815 1884//2816
f 1884//2816 1872//2815 1822//2817
f 1884//2816 1822//2818 1885//2819
f 1885//2820 1822//2821 1789//2695
f 1779//2683 1780//2682 1823//2684
f 1824//2822 1685//2586 1825//2823
f 1825//2823 1685//2586 1686//2588
f 1825//2823 1686//2588 1606//2591
f 1825//2823 1606//2591 1826//2824
f 1827//2825 1826//2824 1687//2590
f 1687//2590 1826//2824 1606//2591
f 1827//2825 1687//2590 1684//2584
f 1827//2825 1684//2584 1828//2826
f 1684//2584 1829//2827 1828//2826
f 1608//2587 1829//2827 1684//2584
f 1685//2586 1824//2822 1608//2587
f 1608//2587 1824//2822 1829//2827
f 1819//2686 1783//2593 1784//2687
f 1830//2828 1617//2435 1831//2829
f 1831//2829 1617//2435 1697//2598
f 1831//2829 1697//2598 1698//2599
f 1831//2829 1698//2599 1832//2830
f 1833//2831 1832//2830 1699//2600
f 1699//2600 1832//2830 1698//2599
f 1833//2831 1699//2600 1695//2596
f 1833//2831 1695//2596 1834//2832
f 1695//2596 1835//2833 1834//2832
f 1696//2597 1835//2833 1695//2596
f 1617//2435 1830//2828 1696//2597
f 1696//2597 1830//2828 1835//2833
f 1694//2594 1700//2439 1836//2834
f 1836//2834 1700//2439 1702//2441
f 1701//2440 1785//2444 1702//2441
f 1702//2441 1785//2444 1836//2834
f 1837//2835 1625//2446 1838//2836
f 1838//2836 1625//2446 1711//2606
f 1839//2837 1711//2606 1712//2607
f 1711//2606 1839//2837 1838//2836
f 1713//2608 1840//2838 1712//2607
f 1712//2607 1840//2838 1839//2837
f 1840//2838 1713//2608 1709//2603
f 1840//2838 1709//2603 1841//2839
f 1709//2603 1842//2840 1841//2839
f 1710//2604 1842//2840 1709//2603
f 1625//2446 1837//2835 1710//2604
f 1710//2604 1837//2835 1842//2840
f 1791//2610 1792//2699 1790//2698
f 1843//2841 1719//2613 1844//2842
f 1844//2842 1719//2613 1633//2457
f 1844//2842 1633//2457 1720//2616
f 1844//2842 1720//2616 1845//2843
f 1846//2844 1845//2843 1629//2454
f 1629//2454 1845//2843 1720//2616
f 1846//2844 1629//2454 1631//2453
f 1846//2844 1631//2453 1847//2845
f 1718//2612 1848//2846 1847//2845
f 1718//2612 1847//2845 1631//2453
f 1719//2613 1843//2841 1718//2612
f 1718//2612 1843//2841 1848//2846
f 1849//2847 1723//2618 1724//2620
f 1849//2848 1724//2849 1850//2850
f 1724//2623 1725//2622 1850//2851
f 1850//2850 1725//2852 1851//2853
f 1725//2625 1726//2624 1851//2854
f 1851//2853 1726//2855 1908//2856
f 1908//2856 1726//2629 1722//2628
f 1908//2856 1722//2628 1852//2857
f 1852//2858 1722//2628 1727//2632
f 1852//2857 1727//2859 1853//2860
f 1853//2861 1727//2634 1728//2636
f 1728//2640 1729//2639 1853//2862
f 1853//2860 1729//2863 1854//2864
f 1730//2642 1854//2865 1729//2643
f 1854//2866 1730//2642 1721//2647
f 1854//2864 1721//2867 1906//2868
f 1906//2868 1721//2867 1855//2869
f 1855//2870 1721//2649 1731//2651
f 1855//2871 1731//2652 1732//2654
f 1855//2869 1732//2872 1856//2873
f 1732//2658 1734//2657 1856//2874
f 1856//2873 1734//2875 1857//2876
f 1734//2660 1733//2659 1857//2877
f 1857//2876 1733//2878 1907//2879
f 1907//2879 1733//2664 1735//2663
f 1907//2879 1735//2663 1849//2848
f 1849//2880 1735//2663 1723//2667
f 1737//2671 1739//2673 1740//2674
f 1737//2671 1738//2672 1739//2673
f 1736//2670 1740//2674 1741//2675
f 1740//2674 1736//2670 1737//2671
f 1774//2677 1775//2678 1776//2679
f 1774//2677 1776//2679 1777//2680
f 1777//2680 1778//2681 1773//2676
f 1777//2680 1773//2676 1774//2677
f 1890//2781 1894//2759 1889//2760
f 1900//2881 1800//2882 1896//2883
f 1896//2883 1800//2882 1796//2884
f 1896//2883 1796//2884 1795//2885
f 1896//2883 1795//2885 1897//2886
f 1897//2886 1795//2885 1898//2887
f 1898//2887 1795//2885 1797//2888
f 1898//2887 1797//2888 1798//2889
f 1898//2887 1798//2889 1899//2890
f 1899//2890 1798//2889 1799//2891
f 1899//2890 1799//2891 1900//2881
f 1900//2881 1799//2891 1800//2882
f 1905//2892 1803//2893 1901//2894
f 1901//2894 1803//2893 1804//2895
f 1901//2894 1804//2895 1902//2896
f 1902//2896 1804//2895 1805//2897
f 1902//2896 1805//2897 1806//2898
f 1902//2896 1806//2898 1903//2899
f 1903//2899 1806//2898 1802//2900
f 1903//2899 1802//2900 1904//2901
f 1904//2901 1802//2900 1801//2902
f 1904//2901 1801//2902 1905//2892
f 1905//2892 1801//2902 1803//2893
f 1203//1851 1159//1833 1228//1900
f 1228//2903 1159//1833 1858//2730
f 1859//2731 1378//2111 1227//2904
f 1228//1900 1858//2905 1227//1897
f 1227//2906 1858//2729 1859//2731
f 1810//2734 1909//2907 1916//2908
f 1861//2909 1910//2910 1811//2738
f 1911//2911 1810//2734 1860//2739
f 1912//2912 1916//2908 1909//2907
f 1810//2734 1911//2911 1915//2913
f 1810//2734 1915//2913 1909//2907
f 1910//2910 1918//2914 1811//2738
f 1918//2914 1913//2915 1811//2738
f 1910//2910 1861//2909 1914//2916
f 1909//2907 1915//2913 1910//2910
f 1811//2738 1913//2915 1860//2739
f 1915//2913 1911//2911 1917//2917
f 1915//2913 1918//2914 1910//2910
f 1918//2914 1919//2918 1913//2915
f 1920//2919 1914//2916 1925//2920
f 1808//2740 1810//2734 1916//2908
f 1861//2909 1925//2920 1914//2916
f 1920//2919 1912//2912 1914//2916
f 1808//2740 1920//2919 1923//2921
f 1925//2920 1861//2909 1813//2737
f 1923//2921 1920//2919 1921//2922
f 1813//2737 1861//2909 1811//2738
f 1923//2921 1921//2922 1922//2923
f 1922//2923 1921//2922 1924//2924
f 1808//2740 1916//2908 1920//2919
f 1912//2912 1920//2919 1916//2908
f 1924//2924 1925//2920 1922//2923
f 1922//2923 1925//2920 1813//2737
f 1912//2912 1910//2910 1914//2916
f 1912//2912 1909//2907 1910//2910
f 1928//2925 1929//2926 1864//2743
f 1926//2927 1927//2928 1812//2735
f 1927//2928 1923//2921 1922//2923
f 1927//2928 1922//2923 1812//2735
f 1928//2925 1923//2921 1927//2928
f 1928//2925 1864//2743 1923//2921
f 1931//2929 1930//2930 1932//2931
f 1931//2929 1932//2931 1862//2932
f 1923//2921 1864//2743 1808//2740
f 1812//2735 1922//2923 1813//2737
f 1933//2933 1862//2932 1932//2931
f 1814//2746 1862//2932 1809//2736
f 1930//2930 1931//2929 1818//2744
f 1930//2930 1818//2744 1929//2926
f 1929//2926 1818//2744 1864//2743
f 1812//2735 1809//2736 1926//2927
f 1926//2927 1809//2736 1933//2933
f 1933//2933 1809//2736 1862//2932
f 1818//2744 1931//2929 1817//2748
f 1937//2934 1939//2935 1936//2936
f 1862//2932 1935//2937 1931//2929
f 1931//2929 1935//2937 1934//2938
f 1814//2746 1807//2733 1863//2939
f 1814//2746 1938//2940 1862//2932
f 1936//2936 1940//2941 1817//2748
f 1817//2748 1940//2941 1816//2749
f 1862//2932 1938//2940 1935//2937
f 1863//2939 1936//2936 1938//2940
f 1936//2936 1939//2935 1940//2941
f 1934//2938 1936//2936 1931//2929
f 1931//2929 1936//2936 1817//2748
f 1936//2936 1863//2939 1937//2934
f 1814//2746 1863//2939 1938//2940
f 1937//2934 1941//2942 1939//2935
f 1939//2935 1941//2942 1942//2943
f 1807//2733 1941//2942 1863//2939
f 1940//2941 1942//2943 1816//2749
f 1943//2944 1807//2733 1815//2732
f 1943//2944 1945//2945 1807//2733
f 1807//2733 1945//2945 1941//2942
f 1942//2943 1946//2946 1816//2749
f 1946//2946 1944//2947 1816//2749
f 1937//2934 1863//2939 1941//2942
f 1942//2943 1940//2941 1939//2935
f 1816//2749 1944//2947 1815//2732
f 1945//2945 1943//2944 1947//2948
f 1946//2946 1948//2949 1944//2947
f 1946//2946 1942//2943 1945//2945
f 1945//2945 1942//2943 1941//2942
f 1703//2447 1786//2689 1866//2772
f 1784//2687 1692//2428 1693//2432
f 1865//2797 1694//2594 1867//2799
f 1865//2797 1693//2432 1694//2594
f 1865//2797 1784//2796 1693//2950
f 1866//2772 1785//2444 1703//2447
f 1867//2799 1836//2834 1785//2444
f 1867//2803 1785//2444 1866//2772
f 1867//2799 1694//2594 1836//2834
f 1820//2780 1564//2701 1779//2782
f 1779//2683 1564//2365 1680//2425
f 1869//2776 1793//2361 1794//2702
f 1869//2776 1794//2702 1820//2780
f 1820//2780 1794//2702 1564//2701
f 1868//2775 1793//2361 1869//2776
f 1792//2699 1717//2458 1868//2761
f 1868//2775 1717//2458 1793//2361
f 1627//2359 1628//2455 1789//2695
f 1870//2809 1788//2694 1708//2451
f 1822//2817 1557//2309 1627//2360
f 1822//2821 1627//2359 1789//2695
f 1870//2809 1507//2356 1871//2813
f 1871//2813 1507//2307 1974//2951
f 1871//2813 1974//2951 1872//2815
f 1872//2815 1974//2951 1973//2952
f 1872//2815 1973//2952 1822//2817
f 1822//2817 1973//2952 1557//2309
f 1626//2357 1870//2809 1708//2451
f 1870//2809 1626//2357 1507//2356
f 1949//2953 1821//2814 1884//2816
f 1891//2773 1956//2954 1892//2764
f 1821//2814 1949//2953 1873//2812
f 1875//2804 1895//2806 1958//2955
f 1958//2956 1877//2798 1876//2800
f 1880//2757 1879//2758 1953//2957
f 1953//2957 1980//2958 1880//2959
f 1880//2793 1980//2958 1881//2792
f 1881//2792 1980//2958 1952//2960
f 1881//2792 1952//2960 1882//2791
f 1882//2791 1952//2960 1954//2961
f 1882//2787 1954//2961 1883//2788
f 1883//2788 1954//2961 1887//2783
f 1887//2783 1954//2961 1955//2962
f 1887//2783 1955//2962 1888//2784
f 1888//2784 1955//2962 1889//2785
f 1955//2962 1950//2963 1889//2785
f 1889//2964 1950//2963 1957//2965
f 1889//2760 1957//2965 1890//2781
f 1890//2781 1957//2965 1893//2779
f 1893//2779 1957//2965 1956//2966
f 1893//2778 1956//2954 1891//2773
f 1953//2957 1877//2798 1958//2956
f 1878//2795 1877//2798 1953//2957
f 1878//2795 1953//2957 1879//2758
f 1876//2800 1875//2801 1958//2967
f 1959//2968 1958//2956 1895//2769
f 1959//2968 1895//2769 1874//2771
f 1874//2771 1873//2811 1975//2969
f 1874//2771 1975//2969 1959//2968
f 1975//2969 1873//2812 1949//2953
f 1977//2970 1951//2971 1885//2767
f 1885//2819 1951//2971 1949//2953
f 1892//2764 1956//2954 1886//2762
f 1886//2972 1956//2966 1977//2970
f 1886//2762 1977//2970 1885//2767
f 1884//2816 1885//2819 1949//2953
f 1828//2826 1825//2823 1826//2824
f 1826//2824 1827//2825 1828//2826
f 1828//2826 1824//2822 1825//2823
f 1824//2822 1828//2826 1829//2827
f 1834//2832 1830//2828 1831//2829
f 1831//2829 1832//2830 1833//2831
f 1834//2832 1835//2833 1830//2828
f 1831//2829 1833//2831 1834//2832
f 1841//2839 1838//2973 1839//2837
f 1839//2837 1840//2838 1841//2839
f 1837//2835 1841//2839 1842//2840
f 1841//2839 1837//2835 1838//2973
f 1844//2842 1845//2843 1846//2844
f 1844//2842 1846//2844 1847//2845
f 1843//2974 1847//2845 1848//2846
f 1847//2845 1843//2974 1844//2842
f 1896//2975 1960//2976 1900//2977
f 1900//2977 1960//2976 1961//2978
f 1900//2977 1961//2978 1962//2979
f 1900//2977 1962//2979 1899//2980
f 1899//2980 1962//2979 1898//2981
f 1898//2981 1962//2979 1963//2982
f 1898//2981 1963//2982 1897//2983
f 1897//2983 1963//2982 1896//2984
f 1896//2975 1963//2985 1960//2976
f 1904//2986 1964//2987 1903//2988
f 1903//2988 1964//2987 1965//2989
f 1903//2988 1965//2989 1902//2990
f 1902//2990 1965//2989 1966//2991
f 1902//2990 1966//2991 1901//2992
f 1901//2992 1966//2991 1905//2993
f 1905//2993 1966//2991 1967//2994
f 1905//2993 1967//2994 1904//2986
f 1904//2986 1967//2994 1964//2987
f 1851//2853 1908//2856 1850//2850
f 1907//2879 1856//2873 1857//2876
f 1378//2111 1229//1898 1227//1897
f 1968//2995 1932//2996 1930//2997
f 1968//2995 1930//2997 1969//2998
f 1969//2998 1930//2997 1929//2999
f 1969//2998 1929//2999 1928//3000
f 1969//3001 1928//3002 1970//3003
f 1970//3003 1928//3002 1927//3004
f 1970//3003 1927//3004 1971//3005
f 1971//3005 1927//3004 1926//3006
f 1971//3005 1926//3006 1972//3007
f 1972//3007 1926//3006 1933//3008
f 1972//3007 1933//3008 1932//3009
f 1972//3010 1932//2996 1968//2995
f 1963//3011 1981//3012 1982//3013
f 1963//3011 1982//3013 1960//3014
f 1960//3014 1982//3013 1983//3015
f 1960//3014 1983//3015 1984//3016
f 1960//3014 1984//3016 1961//3017
f 1961//3017 1984//3016 1985//3018
f 1961//3017 1985//3018 1962//3019
f 1962//3019 1985//3018 1986//3020
f 1962//3019 1986//3020 1987//3021
f 1962//3019 1987//3021 1963//3011
f 1963//3011 1987//3021 1981//3012
f 1967//3022 1988//3023 1964//3024
f 1964//3024 1988//3023 1989//3025
f 1964//3024 1989//3025 1965//3026
f 1965//3026 1989//3025 1990//3027
f 1965//3026 1990//3027 1991//3028
f 1965//3026 1991//3028 1966//3029
f 1966//3029 1991//3028 1992//3030
f 1966//3029 1992//3030 1993//3031
f 1966//3029 1993//3031 1967//3022
f 1967//3022 1993//3031 1994//3032
f 1967//3022 1994//3032 1988//3023
f 1860//2739 1919//2918 1917//2917
f 1860//2739 1913//2915 1919//2918
f 1860//2739 1917//2917 1911//2911
f 1917//2917 1919//2918 1915//2913
f 1919//2918 1918//2914 1915//2913
f 1920//2919 1925//2920 1924//2924
f 1920//2919 1924//2924 1921//2922
f 1972//3010 1969//793 1971//3005
f 1968//2995 1969//793 1972//3010
f 1971//3005 1969//793 1970//3003
f 1938//2940 1936//2936 1934//2938
f 1938//2940 1934//2938 1935//2937
f 1815//2732 1948//2949 1947//2948
f 1815//2732 1947//2948 1943//2944
f 1815//2732 1944//2947 1948//2949
f 1947//2948 1948//2949 1945//2945
f 1948//2949 1946//2946 1945//2945
f 1507//2307 1315//1955 1974//2951
f 1974//3033 1315//1955 1316//1948
f 1973//2952 1974//2951 1318//1949
f 1973//3034 1318//1949 1317//1954
f 1262//1967 1557//2309 1317//1954
f 1317//3035 1557//2309 1973//2952
f 1975//2969 1995//3036 2002//3037
f 1976//3038 2000//3039 1951//2971
f 1996//3040 1975//2969 1949//2953
f 2000//3039 1976//3038 1999//3041
f 1975//2969 1996//3040 2001//3042
f 1975//2969 2001//3042 1995//3036
f 2000//3039 2004//3043 1951//2971
f 2004//3043 1997//3044 1951//2971
f 1998//3045 2002//3037 1995//3036
f 1995//3036 2001//3042 2000//3039
f 1951//2971 1997//3044 1949//2953
f 2001//3042 1996//3040 2003//3046
f 2001//3042 2004//3043 2000//3039
f 2004//3043 2005//3047 1997//3044
f 2006//3048 1999//3041 2011//3049
f 1976//3038 2011//3049 1999//3041
f 2006//3048 1998//3045 1999//3041
f 1959//2968 2006//3048 2009//3050
f 1975//2969 2002//3037 1959//2968
f 1959//2968 2002//3037 2006//3048
f 2011//3049 1976//3038 1977//2970
f 2009//3050 2006//3048 2007//3051
f 1977//2970 1976//3038 1951//2971
f 2009//3050 2007//3051 2008//3052
f 2008//3052 2007//3051 2010//3053
f 2000//3039 1999//3041 1995//3036
f 1998//3045 2006//3048 2002//3037
f 2010//3053 2011//3049 2008//3052
f 2008//3052 2011//3049 1977//2970
f 1998//3045 1995//3036 1999//3041
f 2012//3054 2013//3055 1958//2956
f 2014//3056 1956//2966 1957//2965
f 2014//3056 1957//2965 2015//3057
f 1956//2966 2014//3056 2012//3054
f 2016//3058 1953//2957 1958//2956
f 2016//3058 1958//2956 2013//3055
f 1958//2956 2009//3050 2012//3054
f 2017//3059 2016//3058 2018//3060
f 2017//3059 2018//3060 1978//3061
f 2012//3054 2009//3050 2008//3052
f 2012//3054 2008//3052 1956//2966
f 2009//3050 1958//2956 1959//2968
f 1956//2966 2008//3052 1977//2970
f 2015//3057 1978//3061 2018//3060
f 1950//2963 1978//3061 1957//2965
f 2016//3058 2017//3059 1953//2957
f 2015//3057 1957//2965 1978//3061
f 1953//2957 2017//3059 1980//2958
f 1950//2963 1955//2962 1979//3062
f 1950//2963 2023//3063 1978//3061
f 1978//3061 2020//3064 2017//3059
f 2017//3059 2020//3064 2021//3065
f 1978//3061 2023//3063 2020//3064
f 2019//3066 2025//3067 2024//3068
f 2024//3068 2022//3069 1980//2958
f 1979//3062 2024//3068 2023//3063
f 1980//2958 2022//3069 1952//2960
f 2024//3068 1979//3062 2019//3066
f 1950//2963 1979//3062 2023//3063
f 2022//3069 2024//3068 2025//3067
f 2021//3065 2024//3068 2017//3059
f 2017//3059 2024//3068 1980//2958
f 2019//3066 2026//3070 2025//3067
f 2025//3067 2026//3070 2027//3071
f 1955//2962 2026//3070 1979//3062
f 2022//3069 2027//3071 1952//2960
f 2031//3072 2028//3073 1952//2960
f 2029//3074 1955//2962 1954//2961
f 2031//3072 1952//2960 2027//3071
f 2019//3066 1979//3062 2026//3070
f 2027//3071 2022//3069 2025//3067
f 2029//3074 2030//3075 1955//2962
f 1955//2962 2030//3075 2026//3070
f 1952//2960 2028//3073 1954//2961
f 2031//3072 2032//3076 2028//3073
f 2030//3075 2029//3074 2033//3077
f 2031//3072 2027//3071 2030//3075
f 2030//3075 2027//3071 2026//3070
f 2034//3078 1907//2879 1849//2848
f 2035//3079 1853//2860 1854//2864
f 2035//3079 1854//2864 1906//2868
f 2035//3079 1906//2868 2036//3080
f 2036//3080 1906//2868 1855//2869
f 2036//3080 1855//2869 1856//2873
f 2036//3080 1856//2873 1907//2879
f 2036//3080 1907//2879 2034//3078
f 2034//3078 1849//2848 1850//2850
f 2034//3078 1850//2850 2037//3081
f 2037//3081 1850//2850 1908//2856
f 2037//3081 1908//2856 1852//2857
f 2037//3081 1852//2857 1853//2860
f 2037//3081 1853//2860 2035//3079
f 1974//2951 1316//1948 1318//1949
f 2038//3082 2018//3083 2039//3084
f 2039//3084 2018//3083 2016//3085
f 2039//3084 2016//3085 2040//3086
f 2040//3086 2016//3085 2013//3087
f 2040//3086 2013//3087 2012//3088
f 2040//3086 2012//3088 2041//3089
f 2041//3089 2012//3088 2014//3090
f 2041//3089 2014//3090 2042//3091
f 2042//3091 2014//3090 2043//3092
f 2043//3092 2014//3090 2015//3093
f 2043//3092 2015//3093 2038//3082
f 2038//3082 2015//3093 2018//3083
f 1983//3015 1982//3013 2044//3094
f 2046//3095 1984//3016 1983//3015
f 1986//3020 1985//3018 2045//3096
f 2045//3096 1985//3018 2047//3097
f 2047//3097 1985//3018 1984//3016
f 2047//3097 1984//3016 2046//3095
f 2046//3095 1983//3015 2044//3094
f 2044//3094 1982//3013 2048//3098
f 1982//3013 1981//3012 2048//3098
f 1987//3021 1986//3020 2045//3096
f 2048//3098 1981//3012 1987//3021
f 1992//3030 1991//3028 2049//3099
f 2052//3100 1988//3023 2050//3101
f 2052//3100 1989//3025 1988//3023
f 1991//3028 1990//3027 2049//3099
f 2049//3099 1990//3027 2051//3102
f 2051//3102 1990//3027 1989//3025
f 2051//3102 1989//3025 2052//3100
f 2053//3103 1994//3032 1993//3031
f 2053//3103 1993//3031 1992//3030
f 1988//3023 1994//3032 2050//3101
f 2050//3101 1994//3032 2053//3103
f 2061//3104 2054//3105 2036//3106
f 2036//3106 2054//3105 2035//3107
f 2062//3108 2056//3108 2055//3108
f 2057//3109 2058//3109 2059//3109
f 2058//3110 2060//3110 2059//3110
f 2061//3111 2062//3111 2055//3111
f 2036//3106 2062//3112 2061//3104
f 2036//3113 2060//3113 2062//3113
f 2059//3114 2060//3115 2036//3116
f 2037//3117 2063//3118 2057//3119
f 2057//3120 2063//3120 2058//3120
f 2037//3121 2056//3121 2063//3121
f 2055//3122 2056//3123 2037//3124
f 2036//3116 2034//3125 2059//3114
f 2059//3114 2034//3125 2064//3126
f 2057//3119 2064//3126 2037//3117
f 2037//3117 2064//3126 2034//3125
f 2037//3124 2035//3107 2055//3122
f 2055//3122 2035//3107 2054//3105
f 1949//2953 2005//3047 2003//3046
f 1949//2953 1997//3044 2005//3047
f 1949//2953 2003//3046 1996//3040
f 2003//3046 2005//3047 2001//3042
f 2005//3047 2004//3043 2001//3042
f 2006//3048 2011//3049 2010//3053
f 2006//3048 2010//3053 2007//3051
f 2043//3092 2040//588 2042//3091
f 2043//3092 2038//3082 2039//588
f 2043//3092 2039//588 2040//588
f 2042//3091 2040//588 2041//3089
f 2023//3063 2024//3068 2021//3065
f 2023//3063 2021//3065 2020//3064
f 1954//2961 2032//3076 2033//3077
f 1954//2961 2028//3073 2032//3076
f 1954//2961 2033//3077 2029//3074
f 2033//3077 2032//3076 2030//3075
f 2032//3076 2031//3072 2030//3075
f 2065//3127 2048//3128 1987//3129
f 2065//3127 1987//3129 2066//3130
f 2066//3130 1987//3129 2045//3131
f 2066//3130 2045//3131 2067//3132
f 2067//3132 2045//3131 2047//3133
f 2067//3132 2047//3133 2068//3134
f 2068//3134 2047//3133 2046//3135
f 2068//3134 2046//3135 2069//3136
f 2069//3136 2046//3135 2044//3137
f 2069//3136 2044//3137 2070//3138
f 2070//3138 2044//3137 2048//3128
f 2070//3138 2048//3128 2065//3127
f 2071//3139 2053//3140 1992//3030
f 2071//3139 1992//3030 2072//3141
f 2072//3141 1992//3030 2049//3099
f 2072//3141 2049//3099 2073//3142
f 2073//3142 2049//3099 2051//3143
f 2073//3142 2051//3143 2074//3144
f 2074//3144 2051//3143 2052//3145
f 2074//3144 2052//3145 2075//3146
f 2075//3146 2052//3145 2050//3147
f 2075//3146 2050//3147 2076//3148
f 2076//3148 2050//3147 2053//3140
f 2076//3148 2053//3140 2071//3139
f 2054//3105 2061//3104 2055//3122
f 2064//3126 2057//3119 2059//3114
f 2062//3149 2060//3149 2077//3149
f 2060//3150 2058//3150 2077//3150
f 2058//3151 2063//3152 2077//3152
f 2063//3153 2056//3153 2077//3153
f 2056//3154 2062//3154 2077//3154
f 2067//3132 2069//3155 2070//3138
f 2070//3138 2066//3156 2067//3132
f 2068//3134 2069//3155 2067//3132
f 2065//3127 2066//3156 2070//3138
f 2073//3142 2075//3157 2076//3158
f 2071//3139 2072//3141 2073//3142
f 2073//3142 2076//3158 2071//3139
f 2074//3144 2075//3157 2073//3142
f 2080//3159 2078//3160 2079//3161
f 2083//3162 2081//3163 2080//3159
f 2080//3159 2081//3163 2078//3160
f 2084//3164 2082//3165 2083//3162
f 2083//3162 2082//3165 2081//3163
f 2084//3164 2085//3166 2082//3165
f 2089//3167 2086//3168 2084//3164
f 2084//3164 2086//3168 2085//3166
f 2089//3167 2090//3169 2086//3168
f 2087//3170 2088//3171 2089//3167
f 2089//3167 2088//3171 2090//3169
f 2091//3172 2092//3173 2087//3170
f 2087//3170 2092//3173 2088//3171
f 2091//3172 2093//3174 2092//3173
f 2094//3175 2093//3174 2091//3172
f 2094//3175 2096//3176 2093//3174
f 2097//3177 2095//3178 2094//3175
f 2094//3175 2095//3178 2096//3176
f 2097//3177 2100//3179 2098//3180
f 2097//3177 2098//3180 2095//3178
f 2099//3181 2100//3179 2097//3177
f 2102//3182 2101//3183 2100//3179
f 2102//3184 2100//3179 2099//3181
f 2102//3182 2104//3185 2101//3183
f 2103//3186 2105//3187 2104//3185
f 2103//3188 2104//3185 2102//3182
f 2108//3189 2106//3190 2103//3186
f 2103//3186 2106//3190 2105//3187
f 2079//3161 2107//3191 2108//3189
f 2108//3189 2107//3191 2106//3190
f 2079//3161 2078//3160 2107//3191
f 2085//3166 2086//3168 2082//3165
f 2109//3192 2090//3169 2088//3171
f 2109//3192 2088//3171 2110//3193
f 2115//3194 2101//3183 2111//3195
f 2111//3195 2101//3183 2104//3185
f 2112//3196 2107//3191 2078//3160
f 2110//3193 2092//3173 2113//3197
f 2114//3198 2098//3180 2115//3194
f 2115//3194 2098//3180 2100//3179
f 2100//3179 2101//3183 2115//3194
f 2116//3199 2106//3190 2107//3191
f 2116//3199 2107//3191 2112//3196
f 2112//3196 2081//3163 2117//3200
f 2117//3200 2081//3163 2082//3165
f 2118//3201 2086//3168 2109//3192
f 2109//3192 2086//3168 2090//3169
f 2088//3171 2092//3173 2110//3193
f 2111//3195 2104//3185 2105//3187
f 2111//3195 2105//3187 2106//3190
f 2111//3195 2106//3190 2116//3199
f 2119//3202 2095//3178 2098//3180
f 2119//3202 2098//3180 2114//3198
f 2112//3196 2078//3160 2081//3163
f 2117//3200 2082//3165 2118//3201
f 2118//3201 2082//3165 2086//3168
f 2092//3173 2093//3174 2113//3197
f 2113//3197 2093//3174 2119//3202
f 2119//3202 2093//3174 2096//3176
f 2119//3202 2096//3176 2095//3178
f 2112//3203 2131//3204 2120//3205
f 2112//3203 2120//3205 2116//3206
f 2116//3206 2120//3205 2121//3207
f 2116//3206 2121//3207 2111//3208
f 2111//3208 2121//3207 2122//3209
f 2111//3208 2122//3209 2115//3210
f 2115//3210 2122//3209 2123//3211
f 2115//3210 2123//3211 2114//3212
f 2114//3212 2123//3211 2119//3213
f 2119//3214 2123//3215 2124//3216
f 2119//3214 2124//3216 2125//3217
f 2119//3214 2125//3217 2113//3218
f 2113//3218 2125//3217 2126//3219
f 2113//3218 2126//3219 2110//3220
f 2110//3220 2126//3219 2109//3221
f 2109//3222 2126//3223 2127//3224
f 2109//3222 2127//3224 2128//3225
f 2109//3222 2128//3225 2118//3226
f 2118//3226 2128//3225 2129//3227
f 2118//3226 2129//3227 2117//3228
f 2117//3228 2129//3227 2130//3229
f 2117//3228 2130//3229 2112//3203
f 2112//3203 2130//3229 2131//3204
f 2132//3230 2122//3231 2121//3232
f 2132//3230 2121//3232 2135//3233
f 2133//3234 2120//3235 2131//3236
f 2133//3234 2131//3236 2134//3237
f 2135//3233 2121//3232 2133//3234
f 2133//3234 2121//3232 2120//3235
f 2136//3238 2123//3239 2132//3230
f 2132//3230 2123//3239 2122//3231
f 2136//3238 2124//3240 2123//3239
f 2137//3241 2126//3242 2125//3243
f 2137//3241 2125//3243 2138//3244
f 2139//3245 2126//3242 2137//3241
f 2139//3245 2127//3246 2126//3242
f 2141//3247 2129//3248 2140//3249
f 2140//3249 2129//3248 2128//3250
f 2134//3237 2130//3251 2141//3247
f 2141//3247 2130//3251 2129//3248
f 2138//3244 2125//3243 2124//3240
f 2138//3244 2124//3240 2136//3238
f 2128//3250 2127//3246 2140//3249
f 2140//3249 2127//3246 2139//3245
f 2134//3237 2131//3236 2130//3251
f 2135//3252 2142//3252 2132//3252
f 2143//3253 2142//3253 2135//3253
f 2143//3254 2135//3233 2133//3234
f 2134//3237 2141//3247 2144//3255
f 2144//3256 2141//3256 2140//3256
f 2145//3257 2155//3258 2134//3237
f 2145//3257 2134//3237 2146//3259
f 2134//3260 2144//3260 2146//3260
f 2146//3261 2144//3262 2147//3263
f 2144//3264 2140//3264 2147//3264
f 2147//3263 2140//3265 2148//3266
f 2140//3265 2139//3267 2148//3266
f 2148//3266 2139//3267 2149//3268
f 2139//3267 2137//3269 2149//3268
f 2149//3268 2137//3269 2150//3270
f 2137//3241 2138//3244 2150//3271
f 2150//3270 2138//3272 2151//3273
f 2138//3244 2136//3238 2151//3274
f 2151//3274 2136//3238 2152//3275
f 2152//3275 2136//3238 2132//3276
f 2132//3276 2142//3277 2152//3275
f 2152//3278 2142//3279 2153//3280
f 2142//3281 2143//3281 2153//3281
f 2153//3280 2143//3282 2154//3283
f 2143//3284 2133//3284 2154//3284
f 2154//3283 2133//3234 2155//3258
f 2155//3258 2133//3234 2134//3237
f 2150//3270 2156//3285 2149//3268
f 2149//3268 2156//3285 2157//3286
f 2149//3268 2157//3286 2148//3266
f 2148//3266 2157//3286 2158//3287
f 2148//3266 2158//3287 2147//3263
f 2147//3263 2158//3287 2159//3288
f 2153//3280 2165//3289 2160//3290
f 2153//3280 2160//3290 2152//3278
f 2152//3278 2160//3290 2161//3291
f 2152//3278 2161//3291 2151//3273
f 2151//3273 2161//3291 2162//3292
f 2151//3273 2162//3292 2150//3270
f 2150//3270 2162//3292 2156//3285
f 2147//3263 2159//3288 2146//3261
f 2146//3261 2159//3288 2145//3257
f 2145//3257 2159//3288 2163//3293
f 2145//3257 2163//3293 2155//3258
f 2155//3258 2163//3293 2164//3294
f 2155//3258 2164//3294 2154//3283
f 2154//3283 2164//3294 2165//3289
f 2154//3283 2165//3289 2153//3280
f 2163//3295 2166//3296 2164//3297
f 2159//3298 2167//3299 2163//3300
f 2163//3295 2167//3299 2166//3296
f 2167//3299 2159//3298 2168//3301
f 2159//3298 2169//3302 2168//3301
f 2158//3303 2169//3303 2159//3303
f 2158//3304 2170//3305 2169//3302
f 2170//3305 2158//3304 2157//3306
f 2157//3306 2180//3307 2170//3305
f 2180//3307 2157//3306 2179//3308
f 2179//3309 2157//3309 2156//3309
f 2179//3310 2156//3311 2171//3312
f 2162//3313 2181//3314 2156//3315
f 2156//3311 2181//3314 2171//3312
f 2162//3313 2172//3316 2181//3314
f 2161//3317 2172//3317 2162//3317
f 2161//3318 2178//3319 2172//3316
f 2178//3319 2161//3318 2173//3320
f 2173//3320 2161//3321 2160//3322
f 2160//3322 2182//3323 2173//3320
f 2182//3323 2160//3322 2174//3324
f 2174//3325 2160//3325 2165//3325
f 2174//3324 2165//3326 2175//3327
f 2164//3328 2176//3329 2165//3330
f 2165//3326 2176//3331 2175//3327
f 2176//3329 2164//3328 2177//3332
f 2164//3328 2166//3333 2177//3332
f 2175//3327 2182//3323 2174//3324
f 2089//3334 2180//3307 2087//3335
f 2087//3335 2180//3307 2179//3308
f 2084//3336 2169//3302 2170//3305
f 2084//3336 2170//3305 2089//3334
f 2089//3334 2170//3305 2180//3307
f 2083//3337 2168//3301 2084//3336
f 2084//3336 2168//3301 2169//3302
f 2080//3338 2166//3296 2167//3299
f 2080//3338 2167//3299 2083//3337
f 2083//3337 2167//3299 2168//3301
f 2108//3339 2177//3332 2079//3340
f 2079//3340 2177//3332 2166//3333
f 2079//3341 2166//3296 2080//3338
f 2103//3342 2175//3327 2176//3331
f 2103//3343 2176//3329 2108//3339
f 2108//3339 2176//3329 2177//3332
f 2102//3344 2182//3323 2175//3327
f 2102//3345 2175//3327 2103//3342
f 2097//3346 2178//3319 2099//3347
f 2099//3347 2178//3319 2173//3320
f 2099//3347 2173//3320 2102//3344
f 2102//3344 2173//3320 2182//3323
f 2094//3348 2181//3314 2172//3316
f 2094//3348 2172//3316 2097//3346
f 2097//3346 2172//3316 2178//3319
f 2087//3335 2179//3308 2091//3349
f 2091//3350 2179//3310 2171//3312
f 2091//3350 2171//3312 2094//3348
f 2094//3348 2171//3312 2181//3314
f 2188//3351 2189//3352 2190//3353
f 2193//1379 2192//3354 2194//3355
f 2192//3354 2193//1379 2191//3356
f 2185//3357 2194//3355 2184//3358
f 2186//3359 2193//1379 2185//3357
f 2186//3359 2183//1338 2193//1379
f 2188//1378 2195//1336 2187//3360
f 2188//1378 2197//1377 2195//1336
f 2184//3358 2194//3355 2196//1345
f 2184//3358 2196//1345 2190//3361
f 2185//3357 2193//1379 2194//3355
f 2190//3361 2197//1377 2188//1378
f 2190//3361 2196//1345 2197//1377
f 2187//3360 2195//1336 2183//1338
f 2187//3360 2183//1338 2186//3359
f 2198//3362 2194//3355 2192//3354
f 2194//3355 2198//3362 2196//1345
f 2200//3363 2192//3354 2199//3364
f 2199//3364 2192//3354 2191//3356
f 2199//3364 2191//3356 2204//3365
f 2200//3363 2198//3362 2192//3354
f 2205//3366 2203//3367 2204//3365
f 2203//3367 2205//3366 2202//3368
f 2203//3367 2202//3368 2201//3369
f 2204//3365 2191//3356 2205//3366
f 2206//3370 2207//3371 2200//3363
f 2200//3363 2207//3371 2198//3362
f 2201//3369 2202//3368 2207//3371
f 2201//3369 2207//3371 2206//3370
f 2187//3372 2204//3365 2203//3367
f 2187//3373 2203//3373 2188//3373
f 2188//3374 2203//3374 2201//3374
f 2188//3351 2201//3375 2189//3352
f 2189//3376 2201//3369 2206//3370
f 2189//3352 2206//3377 2190//3353
f 2190//3378 2206//3370 2200//3363
f 2204//3379 2187//3360 2186//3359
f 2204//3380 2186//3359 2185//3357
f 2185//3381 2199//3381 2204//3381
f 2199//3382 2185//3383 2208//3384
f 2208//3385 2185//3385 2184//3385
f 2190//3361 2200//3386 2184//3358
f 2184//3387 2200//3388 2208//3384
f 2199//3382 2208//3384 2200//3388
f 2205//3366 2195//1336 2202//3368
f 2195//1336 2205//3366 2183//1338
f 2183//1338 2191//3356 2193//1379
f 2191//3356 2183//1338 2205//3366
f 2197//1377 2202//3368 2195//1336
f 2202//3368 2197//1377 2207//3371
f 2196//1345 2207//3371 2197//1377
f 2207//3371 2196//1345 2198//3362
f 2213//3389 2210//3390 2211//3391
f 2214//3392 2212//3393 2213//3389
f 2213//3389 2212//3393 2210//3390
f 2211//3391 2209//3394 2213//3389
f 2215//90 2216//90 2217//90
f 2217//90 2216//90 2218//90
f 2217//90 2218//90 2219//90
f 2220//90 2221//90 2217//90
f 2217//90 2221//90 2222//90
f 2217//90 2222//90 2215//90
f 2223//90 2224//90 2217//90
f 2217//90 2224//90 2225//90
f 2217//90 2225//90 2220//90
f 2226//90 2227//90 2217//90
f 2217//90 2227//90 2228//90
f 2217//90 2228//90 2223//90
f 2229//90 2230//90 2217//90
f 2217//90 2230//90 2231//90
f 2217//90 2231//90 2226//90
f 2232//90 2233//90 2217//90
f 2217//90 2233//90 2234//90
f 2217//90 2234//90 2229//90
f 2235//90 2236//90 2217//90
f 2217//90 2236//90 2237//90
f 2217//90 2237//90 2232//90
f 2238//90 2239//90 2217//90
f 2217//90 2239//90 2240//90
f 2217//90 2240//90 2235//90
f 2241//90 2242//90 2217//90
f 2217//90 2242//90 2243//90
f 2217//90 2243//90 2238//90
f 2244//90 2245//90 2217//90
f 2217//90 2245//90 2246//90
f 2217//90 2246//90 2241//90
f 2247//90 2248//90 2217//90
f 2217//90 2248//90 2249//90
f 2217//90 2249//90 2244//90
f 2219//90 2250//90 2217//90
f 2217//90 2250//90 2251//90
f 2217//90 2251//90 2247//90
f 2252//1290 2236//1291 2253//1290
f 2253//1292 2235//1292 2254//1292
f 2255//1293 2240//1294 2239//1293
f 2255//1293 2239//1293 2256//1295
f 2256//3395 2239//3396 2238//3396
f 2256//3395 2238//3396 2257//3395
f 2257//1296 2238//1297 2243//1296
f 2257//1296 2243//1296 2258//1296
f 2258//1298 2243//1298 2242//1298
f 2259//1303 2241//3397 2246//1303
f 2260//1305 2246//1307 2245//1305
f 2260//1305 2245//1305 2261//1305
f 2261//3398 2245//3399 2244//3398
f 2261//3398 2244//3398 2262//3398
f 2263//1311 2248//1311 2247//1311
f 2264//3400 2247//3401 2251//3400
f 2264//3400 2251//3400 2265//3400
f 2265//3402 2250//3402 2266//3403
f 2267//1315 2219//1316 2218//1315
f 2267//1315 2218//1315 2268//3404
f 2269//3405 2216//3406 2215//3405
f 2270//3407 2215//3408 2222//3407
f 2270//3407 2222//3407 2271//3409
f 2271//3410 2222//3410 2221//3410
f 2271//3410 2221//3410 2272//3410
f 2272//3411 2221//3411 2220//3411
f 2273//1322 2225//1322 2274//1322
f 2275//3412 2224//1326 2223//1326
f 2275//3412 2223//1326 2276//3412
f 2276//3413 2228//3414 2277//3413
f 2277//3415 2228//1327 2227//1327
f 2277//3415 2227//1327 2278//3415
f 2278//1328 2227//3416 2226//1328
f 2278//1328 2226//1328 2279//1328
f 2280//3417 2230//3417 2229//3417
f 2280//3417 2229//3417 2281//3417
f 2281//3418 2229//3419 2234//3418
f 2281//3418 2234//3418 2282//3418
f 2282//1333 2234//1333 2233//1333
f 2282//1333 2233//1333 2283//3420
f 2283//3421 2232//3421 2284//3421
f 2284//1334 2237//1335 2252//1334
f 2252//1290 2237//1291 2236//1291
f 2285//3422 2268//3422 2269//3422
f 2285//3423 2269//3423 2270//3423
f 2271//3424 2285//3424 2270//3424
f 2272//3425 2285//3425 2271//3425
f 2273//3426 2285//3426 2272//3426
f 2275//3427 2286//3427 2274//3427
f 2274//3428 2286//3428 2273//3428
f 2273//3429 2286//3430 2285//3431
f 2276//3432 2286//3432 2275//3432
f 2277//3433 2286//3433 2276//3433
f 2278//3434 2286//3434 2277//3434
f 2279//3435 2287//3435 2278//3435
f 2287//3436 2286//3430 2278//3437
f 2280//3438 2287//3438 2288//3438
f 2288//3439 2287//3439 2279//3439
f 2281//3440 2287//3440 2280//3440
f 2282//3441 2287//3441 2281//3441
f 2283//3442 2287//3442 2282//3442
f 2252//3443 2289//3443 2284//3443
f 2284//3444 2289//3444 2283//3444
f 2283//3445 2289//3446 2287//3436
f 2253//3447 2289//3447 2252//3447
f 2254//3448 2289//3448 2253//3448
f 2255//3449 2290//3449 2254//3449
f 2290//3450 2289//3446 2254//3451
f 2257//3452 2290//3452 2256//3452
f 2256//3453 2290//3453 2255//3453
f 2258//3454 2290//3454 2257//3454
f 2291//3455 2290//3455 2258//3455
f 2259//3456 2292//3456 2291//3456
f 2291//3457 2292//3458 2290//3450
f 2261//3459 2292//3459 2260//3459
f 2260//3460 2292//3460 2259//3460
f 2262//3461 2293//3461 2261//3461
f 2261//3462 2293//3463 2292//3458
f 2294//3464 2293//3464 2262//3464
f 2263//3465 2293//3465 2294//3465
f 2265//3466 2295//3466 2264//3466
f 2264//3467 2295//3467 2263//3467
f 2263//3468 2295//3469 2293//3463
f 2266//3470 2295//3470 2265//3470
f 2267//3471 2295//3471 2266//3471
f 2285//3431 2295//3469 2268//3472
f 2268//3473 2295//3473 2267//3473
f 2296//3474 2293//3463 2297//3475
f 2297//3475 2293//3463 2295//3469
f 2298//3476 2287//3436 2289//3446
f 2298//3476 2289//3446 2299//3477
f 2299//3477 2289//3446 2300//3478
f 2289//3446 2290//3450 2300//3478
f 2300//3478 2290//3450 2292//3458
f 2300//3478 2292//3458 2296//3474
f 2296//3474 2292//3458 2293//3463
f 2297//3475 2295//3469 2301//3479
f 2301//3479 2295//3469 2285//3431
f 2302//3480 2286//3430 2298//3476
f 2298//3476 2286//3430 2287//3436
f 2301//3479 2285//3431 2302//3480
f 2302//3480 2285//3431 2286//3430
f 2301//3479 2306//3481 2307//3482
f 2301//3479 2307//3482 2297//3475
f 2300//3478 2305//3483 2299//3477
f 2305//3483 2300//3478 2304//3484
f 2304//3484 2300//3478 2296//3474
f 2304//3484 2296//3474 2297//3475
f 2304//3484 2297//3475 2307//3482
f 2306//3481 2301//3479 2302//3480
f 2298//3476 2303//3485 2302//3480
f 2308//3486 2298//3476 2299//3477
f 2308//3486 2299//3477 2305//3483
f 2306//3481 2302//3480 2303//3485
f 2303//3485 2298//3476 2308//3486
f 2307//3487 2209//3394 2304//3488
f 2304//3488 2209//3394 2211//3391
f 2304//3488 2211//3391 2305//3489
f 2305//3489 2211//3391 2210//3490
f 2303//3491 2214//3392 2306//3492
f 2306//3492 2214//3392 2213//3493
f 2305//3489 2210//3490 2308//3494
f 2308//3494 2210//3490 2212//3393
f 2308//3494 2212//3393 2303//3491
f 2303//3491 2212//3393 2214//3392
f 2306//3492 2213//3493 2307//3487
f 2307//3487 2213//3493 2209//3394
f 2309//3495 2310//3496 2312//3497
f 2312//3497 2310//3496 2313//3498
f 2312//3497 2313//3498 2314//3499
f 2314//3499 2313//3498 2315//3500
f 2314//3499 2315//3500 2316//3501
f 2316//3501 2315//3500 2317//3502
f 2316//3501 2317//3502 2318//3503
f 2318//3503 2317//3502 2319//3504
f 2319//3504 2317//3502 2320//3505
f 2319//3504 2320//3505 2321//3506
f 2321//3506 2320//3505 2322//3507
f 2321//3506 2322//3507 2323//3508
f 2323//3508 2322//3507 2311//3509
f 2324//3510 2325//3511 2326//3512
f 2326//3512 2325//3511 2327//3513
f 2326//3512 2327//3513 2328//3514
f 2328//3514 2327//3513 2329//3515
f 2328//3514 2329//3515 2330//3516
f 2330//3516 2329//3515 2331//3517
f 2330//3518 2331//3519 2332//3520
f 2332//3520 2331//3519 2333//3521
f 2333//3521 2331//3519 2334//3522
f 2333//3521 2334//3522 2311//3509
f 2311//3509 2334//3522 2323//3508
f 2331//3523 2323//3508 2334//3522
f 2325//3511 2309//3495 2312//3524
f 2331//3523 2321//3525 2323//3508
f 2331//3523 2319//117 2321//3525
f 2329//117 2318//117 2331//3523
f 2331//3523 2318//117 2319//117
f 2329//117 2316//117 2318//117
f 2325//3511 2312//3524 2314//3526
f 2325//3511 2314//3526 2327//3527
f 2314//3526 2316//117 2327//3527
f 2327//3527 2316//117 2329//117
f 2326//3528 2310//3496 2324//3510
f 2333//3521 2322//3529 2332//3530
f 2333//3521 2311//3509 2322//3529
f 2328//121 2315//121 2326//3528
f 2326//3528 2315//121 2313//3531
f 2332//3530 2320//121 2317//121
f 2332//3530 2317//121 2330//121
f 2332//3530 2322//3529 2320//121
f 2326//3528 2313//3531 2310//3496
f 2330//121 2317//121 2328//121
f 2317//121 2315//121 2328//121
f 2310//3496 2309//3495 2324//3510
f 2324//3510 2309//3495 2325//3511
f 2344//3532 2342//3533 2336//3534
f 2338//3535 2335//3536 2336//3534
f 2338//3535 2339//3537 2335//3536
f 2340//3538 2343//3539 2341//3540
f 2340//3538 2341//3540 2337//3541
f 2343//3539 2340//3538 2342//3533
f 2342//3533 2344//3532 2343//3539
f 2336//3534 2335//3536 2344//3532
f 2345//1352 2346//3542 2339//3537
f 2345//1352 2339//3537 2338//3535
f 2337//3541 2341//3540 2346//3542
f 2337//3541 2346//3542 2345//1352
f 2349//3543 2343//3539 2348//3544
f 2343//3539 2349//3543 2341//3540
f 2335//3536 2351//3545 2344//3532
f 2351//3545 2335//3536 2350//3546
f 2356//3547 2357//3548 2358//3549
f 2358//3550 2347//1377 2356//3551
f 2356//3551 2347//1377 2349//3543
f 2356//3551 2349//3543 2355//3552
f 2358//3550 2359//1345 2347//1377
f 2352//3553 2350//3546 2359//1345
f 2352//3553 2359//1345 2358//3550
f 2353//3554 2350//3546 2352//3553
f 2353//3554 2351//3545 2350//3546
f 2354//3555 2351//3545 2353//3554
f 2354//3555 2348//3544 2351//3545
f 2355//3552 2349//3543 2348//3544
f 2355//3552 2348//3544 2354//3555
f 2355//3556 2342//3533 2340//3538
f 2355//3557 2340//3557 2356//3557
f 2356//3558 2340//3558 2337//3558
f 2356//3547 2337//1357 2357//3548
f 2357//1358 2337//3559 2360//3560
f 2357//3548 2360//3561 2358//3549
f 2358//3562 2360//3560 2345//3563
f 2342//3564 2355//3552 2354//3555
f 2353//3554 2336//3565 2354//3555
f 2354//3566 2336//3534 2342//3533
f 2336//3567 2353//3567 2338//3567
f 2338//3568 2353//3568 2352//3568
f 2358//3550 2345//3569 2352//3553
f 2352//3570 2345//3570 2338//3570
f 2345//3563 2360//3560 2337//3559
f 2348//3544 2344//3532 2351//3545
f 2344//3532 2348//3544 2343//3539
f 2347//1377 2341//3540 2349//3543
f 2341//3540 2347//1377 2346//3542
f 2359//1345 2346//3542 2347//1377
f 2346//3542 2359//1345 2339//3537
f 2350//3546 2339//3537 2359//1345
f 2339//3537 2350//3546 2335//3536
f 2363//3571 2364//3572 2362//3573
f 2362//3573 2364//3572 2361//3574
f 2371//3575 2370//3576 2361//3577
f 2371//3575 2361//3577 2365//3578
f 2373//3579 2366//3580 2367//3581
f 2367//3581 2366//3580 2368//3582
f 2365//3578 2361//3577 2364//3583
f 2365//3578 2364//3583 2369//3584
f 2372//3585 2370//3576 2371//3575
f 2367//3581 2368//3582 2372//3585
f 2372//3585 2368//3582 2370//3576
f 2369//3584 2364//3583 2373//3579
f 2373//3579 2364//3583 2366//3580
f 2373//3579 2378//3586 2375//3587
f 2373//3579 2375//3587 2369//3584
f 2369//3584 2375//3587 2365//3578
f 2365//3578 2375//3588 2376//3589
f 2365//3578 2376//3589 2371//3575
f 2371//3575 2376//3589 2377//3590
f 2371//3575 2377//3590 2372//3585
f 2372//3585 2377//3590 2378//3586
f 2362//3573 2361//3574 2380//3591
f 2380//3591 2361//3574 2381//3592
f 2381//3593 2361//3593 2370//3593
f 2382//3594 2368//3595 2374//3596
f 2374//3596 2368//3595 2366//3597
f 2386//3598 2384//3599 2383//3600
f 2384//3599 2386//3598 2385//3601
f 2393//3602 2386//3598 2387//3603
f 2389//3604 2388//3605 2390//3606
f 2389//3604 2390//3606 2391//3607
f 2392//3608 2391//3609 2385//3610
f 2392//3608 2385//3610 2393//3602
f 2393//3602 2385//3610 2386//3598
f 2398//3611 2399//3612 2396//3613
f 2396//3613 2399//3612 2397//3614
f 2396//3613 2397//3614 2395//3615
f 2400//3616 2395//3615 2397//3614
f 2395//3615 2400//3616 2394//3617
f 2394//3617 2400//3616 2401//3618
f 2394//3617 2401//3618 2403//3619
f 2403//3619 2401//3618 2402//3620
f 2392//3608 2399//3621 2391//3609
f 2391//3609 2399//3621 2404//3622
f 2391//3609 2404//3622 2389//3623
f 2387//3603 2401//3624 2400//3625
f 2387//3603 2400//3625 2393//3626
f 2389//3623 2404//3622 2402//3627
f 2389//3623 2402//3627 2388//3628
f 2393//3626 2400//3625 2392//3608
f 2392//3608 2400//3625 2397//3629
f 2388//3628 2402//3627 2401//3624
f 2388//3628 2401//3624 2387//3603
f 2392//3608 2397//3629 2399//3621
f 2411//3630 2415//3631 2412//3632
f 2413//3633 2414//3634 2415//3631
f 2413//3633 2415//3631 2411//3630
f 2419//3635 2416//3636 2417//3637
f 2411//3630 2412//3632 2418//3638
f 2411//3630 2418//3638 2419//3635
f 2419//3635 2418//3638 2416//3636
f 2420//3639 2421//3640 2413//3633
f 2413//3633 2421//3640 2414//3634
f 2417//3637 2416//3636 2421//3640
f 2417//3637 2421//3640 2420//3639
f 2422//3641 2416//3642 2410//3643
f 2410//3643 2416//3642 2418//3644
f 2423//3645 2421//3646 2422//3641
f 2422//3641 2421//3646 2416//3642
f 2424//3647 2414//3648 2423//3645
f 2421//3646 2423//3645 2414//3648
f 2425//3649 2415//3650 2424//3647
f 2424//3647 2415//3650 2414//3648
f 2417//3637 2430//3651 2427//3652
f 2417//3637 2427//3652 2419//3653
f 2419//3653 2427//3652 2428//3654
f 2413//3633 2429//3655 2420//3639
f 2420//3639 2429//3656 2430//3651
f 2420//3639 2430//3651 2417//3637
f 2430//3651 2428//3654 2427//3652
f 2428//3654 2430//3651 2429//3655
f 2436//3657 2435//3658 2437//3659
f 2436//3657 2437//3659 2438//3660
f 2438//3660 2437//3659 2439//3661
f 2440//3662 2439//3661 2434//3663
f 2445//3664 2446//3665 2441//3666
f 2445//3664 2441//3666 2440//3662
f 2443//3667 2442//3668 2438//3660
f 2438//3660 2442//3668 2432//3669
f 2440//3662 2441//3666 2443//3667
f 2443//3667 2441//3666 2444//3670
f 2443//3667 2444//3670 2442//3668
f 2445//3664 2447//3671 2446//3665
f 2436//3657 2431//3672 2447//3671
f 2436//3657 2447//3671 2445//3664
f 2438//3660 2432//3669 2431//3672
f 2438//3660 2431//3672 2436//3657
f 2449//3673 2444//3674 2448//3675
f 2448//3675 2444//3674 2441//3676
f 2448//3675 2441//3676 2446//3677
f 2380//3591 2381//3592 2379//3678
f 2379//3678 2381//3592 2370//3679
f 2474//3680 2475//3681 2450//3682
f 2474//3680 2450//3682 2451//3683
f 2451//3683 2450//3682 2452//3684
f 2452//3685 2450//3686 2453//3687
f 2452//3685 2453//3687 2454//3688
f 2452//3685 2454//3688 2455//3689
f 2455//3689 2454//3688 2456//3690
f 2455//3689 2456//3690 2457//3691
f 2457//3691 2456//3690 2458//3692
f 2457//3691 2458//3692 2459//3693
f 2459//3693 2458//3692 2460//3694
f 2459//3693 2460//3694 2461//3695
f 2461//3695 2460//3694 2462//3696
f 2461//3695 2462//3696 2463//3697
f 2463//3697 2462//3696 2464//3698
f 2463//3697 2464//3698 2465//3699
f 2465//3699 2464//3698 2466//3700
f 2465//3699 2466//3700 2467//3701
f 2467//3701 2466//3700 2468//3702
f 2467//3701 2468//3702 2469//3703
f 2469//3703 2468//3702 2470//3704
f 2470//3705 2468//3706 2471//3707
f 2470//3705 2471//3707 2472//3708
f 2470//3705 2472//3708 2473//3709
f 2475//3681 2474//3680 2476//3710
f 2476//3710 2474//3680 2472//3708
f 2472//3708 2474//3680 2473//3709
f 2477//3711 2483//3712 2484//3713
f 2477//3711 2484//3713 2482//3714
f 2482//3714 2484//3713 2481//3715
f 2481//3715 2484//3713 2485//3716
f 2481//3715 2485//3716 2480//3717
f 2480//3717 2485//3716 2486//3718
f 2480//3717 2486//3718 2479//3719
f 2479//3719 2486//3718 2487//3720
f 2479//3719 2487//3720 2478//3721
f 2478//3721 2487//3720 2488//3722
f 2478//3721 2488//3722 2477//3711
f 2477//3711 2488//3722 2483//3712
f 2489//3723 2484//3713 2483//3712
f 2490//3724 2486//3718 2485//3716
f 2496//3725 2489//3723 2491//3726
f 2491//3726 2489//3723 2483//3712
f 2491//3726 2483//3712 2488//3722
f 2491//3726 2488//3722 2492//3727
f 2492//3727 2488//3722 2487//3720
f 2492//3727 2487//3720 2493//3728
f 2493//3728 2487//3720 2486//3718
f 2493//3728 2486//3718 2494//3729
f 2494//3729 2486//3718 2490//3724
f 2494//3729 2490//3724 2485//3716
f 2494//3729 2485//3716 2495//3730
f 2495//3730 2485//3716 2484//3713
f 2495//3730 2484//3713 2496//3725
f 2496//3725 2484//3713 2489//3723
f 2497//3731 2493//3728 2498//3732
f 2497//3731 2498//3732 2499//3733
f 2499//3733 2498//3732 2500//3734
f 2500//3734 2498//3732 2495//3735
f 2500//3734 2495//3735 2501//3736
f 2501//3736 2495//3735 2502//3737
f 2501//3736 2502//3737 2503//3738
f 2503//3738 2502//3737 2492//3727
f 2503//3738 2492//3727 2504//3739
f 2504//3739 2492//3727 2493//3728
f 2504//3739 2493//3728 2497//3731
f 2507//3740 2508//3741 2509//3742
f 2509//3742 2508//3741 2510//3743
f 2515//3744 2514//3745 2540//3746
f 2507//3740 2506//3747 2508//3741
f 2508//3741 2513//3748 2510//3743
f 2540//3746 2514//3745 2511//3749
f 2511//3749 2514//3745 2512//3750
f 2511//3749 2512//3750 2506//3747
f 2511//3749 2506//3747 2507//3740
f 2510//3743 2513//3748 2515//3744
f 2515//3744 2513//3748 2514//3745
f 2516//3751 2503//3738 2504//3739
f 2505//3752 2497//3731 2499//3753
f 2505//3752 2499//3753 2518//3754
f 2532//3755 2499//3753 2500//3756
f 2500//3756 2517//3757 2532//3755
f 2516//3751 2504//3739 2505//3752
f 2505//3752 2504//3739 2497//3731
f 2517//3757 2500//3756 2519//3758
f 2507//3740 2503//3738 2516//3751
f 2500//3756 2501//3759 2519//3758
f 2503//3738 2507//3740 2509//3742
f 2503//3738 2509//3742 2501//3759
f 2501//3759 2509//3742 2519//3758
f 2530//3760 2529//3761 2520//3762
f 2520//3762 2529//3761 2521//3763
f 2522//3764 2523//3765 2524//3766
f 2520//3762 2521//3763 2525//3767
f 2525//3767 2521//3763 2526//3768
f 2525//3767 2526//3768 2527//3769
f 2523//3765 2522//3764 2526//3768
f 2528//3770 2526//3768 2522//3764
f 2532//3755 2531//3771 2518//3754
f 2532//3755 2518//3754 2499//3753
f 2518//3754 2531//3771 2529//3761
f 2518//3754 2529//3761 2530//3760
f 2524//3766 2523//3765 2531//3771
f 2524//3766 2531//3771 2532//3755
f 2537//3772 2538//3773 2533//3774
f 2528//3770 2536//3775 2527//3769
f 2528//3770 2527//3769 2526//3768
f 2536//3775 2528//3770 2535//3776
f 2536//3775 2535//3776 2534//3777
f 2542//3778 2515//3744 2534//3777
f 2533//3774 2538//3773 2539//3779
f 2533//3774 2539//3779 2540//3746
f 2540//3746 2539//3779 2515//3744
f 2515//3744 2539//3779 2534//3777
f 2527//3769 2536//3775 2541//3780
f 2527//3769 2541//3780 2537//3772
f 2537//3772 2541//3780 2538//3773
f 2534//3777 2535//3776 2542//3778
f 2507//3781 2543//3782 2544//3783
f 2507//3781 2544//3783 2511//3784
f 2511//3784 2544//3783 2545//3785
f 2511//3784 2545//3785 2540//3786
f 2540//3786 2545//3785 2546//3787
f 2540//3786 2546//3787 2533//3788
f 2533//3788 2546//3787 2547//3789
f 2533//3788 2547//3789 2537//3790
f 2537//3790 2547//3789 2548//3791
f 2537//3790 2548//3791 2549//3792
f 2537//3790 2549//3792 2527//3793
f 2527//3793 2549//3792 2550//3794
f 2527//3793 2550//3794 2525//3795
f 2525//3795 2550//3794 2551//3796
f 2525//3795 2551//3796 2520//3797
f 2520//3797 2551//3796 2552//3798
f 2520//3797 2552//3798 2530//3799
f 2530//3799 2552//3798 2553//3800
f 2530//3799 2553//3800 2518//3801
f 2518//3801 2553//3800 2505//3686
f 2505//3802 2553//3803 2554//3804
f 2505//3802 2554//3804 2555//3805
f 2505//3802 2555//3805 2516//3806
f 2543//3782 2507//3781 2555//3805
f 2555//3805 2507//3781 2516//3806
f 2556//3807 2544//3808 2543//588
f 2556//3807 2543//588 2558//588
f 2558//588 2543//588 2555//3805
f 2558//588 2555//3805 2559//588
f 2562//588 2560//3809 2561//594
f 2546//3810 2545//591 917//588
f 2558//588 2559//588 2562//588
f 2558//588 2562//588 2563//588
f 2563//588 2562//588 2561//594
f 2560//3809 917//588 2561//594
f 2561//594 917//588 2545//591
f 2561//594 2545//591 2557//3811
f 2557//3811 2545//591 2544//3808
f 2548//588 2547//3812 2564//3813
f 2566//3814 2547//3812 2546//3810
f 2567//3815 917//588 2568//3816
f 2565//588 2549//588 2548//588
f 2565//588 2548//588 2564//3813
f 2549//588 2565//588 2569//588
f 2567//3815 2568//3816 2570//588
f 2567//3815 2570//588 2571//588
f 2571//588 2570//588 2565//588
f 2565//588 2570//588 2569//588
f 2566//3814 2546//3810 917//588
f 2566//3814 917//588 2567//3815
f 2569//588 2572//588 2549//588
f 2549//588 2572//588 2573//588
f 2573//588 2572//588 2574//588
f 2575//3817 2550//588 2573//588
f 2573//588 2550//588 2549//588
f 2575//3817 2551//3818 2550//588
f 2576//588 2552//3798 2551//3796
f 2583//590 2553//3819 2552//3798
f 2579//588 2577//3820 2578//592
f 2577//3820 2583//590 2578//592
f 2578//592 2583//590 2552//3798
f 2578//592 2552//3798 2576//588
f 2572//588 2579//588 2574//588
f 2574//588 2579//588 2578//592
f 2580//588 2581//588 2582//588
f 2580//588 2555//3805 2585//588
f 2580//588 2582//588 2555//3805
f 2555//3805 2582//588 2559//588
f 2585//588 2555//3805 2554//3804
f 2554//3821 2553//3819 2586//3822
f 2586//3822 2553//3819 2583//590
f 2586//3822 2583//590 2584//3823
f 2583//590 2587//591 2584//3823
f 2584//3823 2587//591 2581//588
f 2581//588 2587//591 2582//588
f 2515//3824 917//3825 2560//3826
f 2515//3824 2560//3826 2562//3827
f 2515//3828 2562//3829 2510//3830
f 2510//3830 2562//3829 2509//3831
f 2509//3831 2562//3829 2559//3832
f 2509//3831 2559//3832 2519//3833
f 2519//3833 2559//3832 2582//3834
f 2519//3833 2582//3834 2517//3835
f 2517//3835 2582//3834 2587//3836
f 2517//3835 2587//3836 2583//3837
f 2517//3835 2583//3837 2532//3838
f 2532//3838 2583//3837 2577//3839
f 2532//3838 2577//3839 2524//3840
f 2524//3840 2577//3839 2579//3841
f 2524//3840 2579//3841 2522//3842
f 2522//3842 2579//3841 2572//3843
f 2522//3842 2572//3843 2528//3844
f 2528//3844 2572//3843 2569//3845
f 2528//3844 2569//3845 2535//3846
f 2535//3846 2569//3845 2570//3847
f 2535//3846 2570//3847 2542//3848
f 2542//3848 2570//3847 2568//3849
f 2542//3848 2568//3849 917//3825
f 2542//3848 917//3825 2515//3824
f 2589//3850 2588//3851 2586//3822
f 2584//3852 2589//3850 2586//3822
f 2581//3853 2590//3854 2589//3850
f 2581//3853 2589//3850 2584//3852
f 2588//3851 2591//3855 2592//3856
f 2589//3850 2590//3857 2588//3851
f 2588//3851 2590//3857 2591//3855
f 2592//3856 2593//3858 2588//3851
f 2554//3821 2593//3858 2585//3859
f 2585//3859 2593//3858 2592//3856
f 2586//3822 2588//3851 2554//3821
f 2554//3821 2588//3851 2593//3858
f 2585//3859 2592//3856 2580//3860
f 2580//3860 2592//3856 2591//3861
f 2580//3860 2591//3861 2581//3853
f 2581//3853 2591//3861 2590//3854
f 2595//3862 2594//3863 2551//3818
f 2575//3817 2595//3862 2551//3818
f 2573//3853 2596//3854 2595//3862
f 2573//3853 2595//3862 2575//3817
f 2594//3863 2596//3864 2597//3855
f 2595//3862 2596//3864 2594//3863
f 2597//3855 2598//3856 2594//3863
f 2598//3856 2599//3865 2594//3863
f 2576//3866 2599//3865 2578//3867
f 2578//3867 2599//3865 2598//3856
f 2551//3818 2594//3863 2576//3866
f 2576//3866 2594//3863 2599//3865
f 2578//3867 2598//3856 2574//3860
f 2574//3860 2598//3856 2597//3861
f 2574//3860 2597//3861 2573//3853
f 2573//3853 2597//3861 2596//3854
f 2601//3868 2600//3869 2565//3870
f 2564//3813 2601//3868 2565//3870
f 2547//3812 2602//3871 2601//3868
f 2547//3812 2601//3868 2564//3813
f 2602//3872 2603//3873 2600//3869
f 2600//3869 2601//3868 2602//3872
f 2600//3869 2603//3873 2605//3856
f 2604//3865 2600//3869 2605//3856
f 2565//3870 2600//3869 2571//3874
f 2571//3874 2600//3869 2604//3865
f 2607//3875 2606//3876 2563//3877
f 2561//3852 2607//3875 2563//3877
f 2557//3811 2608//3878 2607//3875
f 2557//3811 2607//3875 2561//3852
f 2609//3879 2611//3880 2606//3881
f 2609//3879 2606//3881 2607//3882
f 2607//3882 2608//3878 2609//3879
f 2609//3879 2610//3883 2611//3880
f 2556//3807 2610//3883 2544//3808
f 2544//3808 2610//3883 2609//3879
f 2523//3765 2612//3884 2613//3885
f 2523//3765 2613//3885 2531//3886
f 2531//3886 2613//3885 2614//3887
f 2531//3886 2614//3887 2529//3888
f 2529//3888 2614//3887 2615//3889
f 2529//3888 2615//3889 2521//3763
f 2521//3763 2615//3889 2616//3890
f 2521//3763 2616//3890 2526//3768
f 2526//3768 2616//3890 2617//3891
f 2526//3768 2617//3891 2612//3884
f 2526//3768 2612//3884 2523//3765
f 2618//3892 2617//3891 2616//3890
f 2619//3893 2615//3889 2614//3894
f 2612//3884 2626//3895 2620//3896
f 2612//3884 2620//3896 2613//3885
f 2613//3885 2620//3896 2621//3897
f 2613//3885 2621//3897 2614//3887
f 2614//3894 2621//3898 2622//3899
f 2614//3894 2622//3899 2619//3893
f 2619//3893 2622//3899 2623//3900
f 2619//3893 2623//3900 2615//3889
f 2615//3889 2623//3900 2624//3901
f 2615//3889 2624//3901 2616//3890
f 2616//3890 2624//3901 2625//3902
f 2616//3890 2625//3902 2618//3892
f 2618//3892 2625//3902 2617//3891
f 2617//3891 2625//3902 2626//3895
f 2617//3891 2626//3895 2612//3884
f 2633//3903 2632//3904 2634//3905
f 2637//3906 2636//3907 2638//3908
f 2637//3906 2638//3908 2639//3909
f 2639//3909 2638//3908 2632//3904
f 2645//3910 2652//3911 2646//3912
f 2647//3913 2646//3914 2648//3915
f 2651//3916 2650//3917 2652//3918
f 2368//3595 2382//3594 2379//3678
f 2368//3595 2379//3678 2370//3679
f 2374//3596 2366//3597 2363//3571
f 2363//3571 2366//3597 2364//3572
f 2496//3725 2502//3919 2495//3730
f 2495//3735 2498//3732 2494//3729
f 2494//3729 2498//3732 2493//3728
f 2491//3920 2492//3921 2502//3919
f 2491//3920 2502//3919 2496//3725
f 2620//3922 2653//3923 2621//3924
f 2621//3924 2653//3923 2622//3899
f 2625//3902 2624//3901 2654//3925
f 2625//3902 2654//3925 2626//3895
f 2626//3895 2654//3925 2620//3896
f 2628//3926 2623//3900 2622//3899
f 2628//3926 2622//3899 2653//3923
f 2628//3926 2653//3923 2627//3927
f 2627//3927 2653//3923 2620//3922
f 2627//3927 2620//3922 2631//3928
f 2631//3928 2620//3922 2654//3929
f 2631//3928 2654//3929 2630//3930
f 2630//3930 2654//3929 2629//3931
f 2629//3931 2654//3929 2624//3932
f 2629//3931 2624//3932 2623//3900
f 2629//3931 2623//3900 2628//3926
f 2541//3780 2634//3905 2538//3773
f 2538//3773 2634//3905 2632//3933
f 2538//3773 2632//3933 2539//3779
f 2539//3779 2632//3933 2638//3934
f 2539//3779 2638//3934 2534//3777
f 2534//3777 2638//3934 2636//3935
f 2534//3777 2636//3935 2536//3936
f 2536//3936 2636//3935 2635//3937
f 2536//3936 2635//3937 2541//3780
f 2541//3780 2635//3937 2634//3905
f 2632//3904 2655//3938 2639//3909
f 2639//3909 2655//3938 2656//3939
f 2639//3909 2656//3939 2637//3940
f 2637//3940 2656//3939 2657//3941
f 2637//3940 2657//3941 2636//3942
f 2636//3942 2657//3941 2658//3943
f 2636//3942 2658//3943 2659//3944
f 2636//3942 2659//3944 2635//3937
f 2635//3937 2659//3944 2660//3945
f 2635//3937 2660//3945 2634//3905
f 2634//3905 2660//3945 2661//3946
f 2634//3905 2661//3946 2633//3903
f 2633//3903 2661//3946 2662//3947
f 2633//3903 2662//3947 2632//3904
f 2632//3904 2662//3947 2655//3938
f 2660//3945 2659//3944 2661//3946
f 2643//3948 2661//3946 2659//3944
f 2643//3948 2659//3944 2642//3949
f 2642//3949 2659//3944 2658//3943
f 2642//3949 2658//3943 2657//3941
f 2642//3949 2657//3941 2641//3950
f 2641//3950 2657//3941 2656//3939
f 2641//3950 2656//3939 2640//3951
f 2640//3951 2656//3939 2655//3938
f 2640//3951 2655//3938 2644//3952
f 2644//3952 2655//3938 2662//3947
f 2644//3952 2662//3947 2643//3948
f 2643//3948 2662//3947 2661//3946
f 2512//3953 2663//3954 2506//3955
f 2506//3955 2663//3954 2664//3956
f 2506//3955 2664//3956 2665//3957
f 2506//3955 2665//3957 2508//3958
f 2508//3958 2665//3957 2666//3959
f 2508//3958 2666//3959 2513//3960
f 2513//3960 2666//3959 2667//3961
f 2513//3960 2667//3961 2514//3962
f 2514//3962 2667//3961 2668//3963
f 2514//3962 2668//3963 2669//3964
f 2514//3962 2669//3964 2512//3953
f 2512//3953 2669//3964 2663//3954
f 2669//3964 2652//3918 2663//3954
f 2663//3965 2652//3911 2645//3910
f 2663//3965 2645//3910 2646//3912
f 2663//3965 2646//3912 2664//3956
f 2664//3956 2646//3912 2647//3913
f 2664//3956 2647//3913 2665//3957
f 2665//3957 2647//3913 2648//3915
f 2665//3957 2648//3915 2666//3959
f 2666//3959 2648//3915 2649//3966
f 2666//3959 2649//3966 2667//3961
f 2667//3961 2649//3966 2650//3917
f 2667//3961 2650//3917 2651//3916
f 2667//3961 2651//3916 2668//3963
f 2668//3963 2651//3916 2652//3918
f 2668//3963 2652//3918 2669//3964
f 2406//3967 2646//3968 2652//3969
f 2406//3967 2652//3969 2405//3970
f 2405//3970 2652//3969 2409//3971
f 2409//3971 2652//3969 2650//3972
f 2409//3971 2650//3972 2408//3973
f 2408//3973 2650//3972 2649//3966
f 2408//3973 2649//3966 2407//3974
f 2407//3974 2649//3966 2648//3915
f 2407//3974 2648//3915 2406//3967
f 2406//3967 2648//3915 2646//3968
f 2410//3643 2418//3644 2426//3975
f 2426//3975 2418//3644 2412//3976
f 2426//3975 2412//3976 2425//3649
f 2425//3649 2412//3976 2415//3650
f 2419//3653 2428//3654 2411//3977
f 2411//3977 2428//3654 2429//3655
f 2411//3977 2429//3655 2413//3633
f 2440//3662 2434//3663 2445//3978
f 2445//3978 2434//3663 2435//3658
f 2445//3978 2435//3658 2436//3979
f 2438//3660 2439//3661 2443//3667
f 2443//3667 2439//3661 2440//3662
f 2437//3659 2434//3663 2439//3661
f 2437//3659 2435//3658 2434//3663
f 2571//3874 2604//3865 2567//3867
f 2567//3867 2604//3865 2605//3856
f 2566//3814 2603//3980 2547//3812
f 2547//3812 2603//3980 2602//3871
f 2567//3867 2605//3856 2566//3814
f 2566//3814 2605//3856 2603//3980
f 2558//3981 2611//3982 2556//3807
f 2556//3807 2611//3982 2610//3883
f 2563//3877 2606//3876 2558//3981
f 2558//3981 2606//3876 2611//3982
f 2544//3808 2609//3879 2557//3811
f 2557//3811 2609//3879 2608//3878
f 2374//3983 2471//3984 2382//3985
f 2471//3984 2468//3986 2382//3985
f 2380//3987 2671//3988 2670//3989
f 2471//3984 2374//3983 2472//3990
f 2472//3990 2374//3983 2363//3991
f 2472//3990 2363//3991 2362//3992
f 2362//3992 2380//3987 2476//3993
f 2476//3993 2380//3987 2670//3989
f 2672//3994 2379//3995 2382//3985
f 2672//3994 2382//3985 2673//3996
f 2673//3996 2382//3985 2468//3986
f 2472//3990 2362//3992 2476//3993
f 2380//3987 2379//3995 2671//3988
f 2671//3988 2379//3995 2672//3994
f 2476//3993 2422//3997 2410//3998
f 2426//3999 2425//4000 2450//4001
f 2475//4002 2410//3998 2426//3999
f 2476//3993 2410//3998 2475//4002
f 2475//4002 2426//3999 2450//4001
f 2450//4001 2425//4000 2453//4003
f 2453//4003 2425//4000 2424//4004
f 2453//4003 2424//4004 2674//4005
f 2476//3993 2670//3989 2422//3997
f 2674//4005 2424//4004 2675//4006
f 2675//4006 2424//4004 2423//4007
f 2423//4007 2422//3997 2675//4006
f 2675//4006 2422//3997 2670//3989
f 2676//4008 2448//4009 2677//4010
f 2676//4008 2677//4010 2678//4011
f 2678//4011 2677//4010 2674//4005
f 2456//4012 2433//4013 2458//4014
f 2674//4005 2677//4010 2692//4015
f 2433//4013 2456//4012 2691//4016
f 2454//4017 2692//4015 2456//4012
f 2692//4015 2691//4016 2456//4012
f 2674//4005 2692//4015 2453//4003
f 2692//4015 2454//4017 2453//4003
f 2433//4013 2449//4018 2458//4014
f 2448//4009 2676//4008 2680//4019
f 2458//4014 2449//4018 2460//4020
f 2680//4019 2398//4021 2460//4020
f 2680//4019 2460//4020 2448//4009
f 2448//4009 2460//4020 2449//4018
f 2395//4022 2394//4023 2464//4024
f 2464//4024 2394//4023 2466//4025
f 2466//4025 2394//4023 2403//4026
f 2466//4025 2403//4026 2468//3986
f 2468//3986 2403//4026 2673//3996
f 2693//4027 2679//4028 2673//3996
f 2693//4027 2673//3996 2403//4026
f 2395//4022 2464//4024 2396//4029
f 2396//4029 2464//4024 2462//4030
f 2460//4020 2398//4021 2396//4029
f 2460//4020 2396//4029 2462//4030
f 2679//4028 2693//4027 2680//4019
f 2680//4019 2693//4027 2398//4021
f 2681//4031 2674//4032 2675//4033
f 2681//4034 2675//4035 2682//4036
f 2682//4036 2675//4035 2683//4037
f 2683//4037 2675//4035 2670//4038
f 2683//4037 2670//4038 2684//4039
f 2684//4039 2670//4038 2671//4040
f 2684//4039 2671//4040 2685//4041
f 2685//4041 2671//4040 2672//4042
f 2685//4041 2672//4042 2686//4043
f 2686//4043 2672//4042 2673//4044
f 2686//4043 2673//4044 2687//4045
f 2687//4045 2673//4044 2679//4046
f 2687//4045 2679//4046 2688//4047
f 2688//4047 2679//4046 2680//4048
f 2688//4047 2680//4048 2689//4049
f 2689//4049 2680//4048 2676//4050
f 2689//4049 2676//4050 2690//4051
f 2690//4051 2676//4050 2678//4052
f 2690//4051 2678//4052 2674//4053
f 2690//4054 2674//4032 2681//4031
f 2470//4055 2405//4056 2409//4057
f 2474//4058 2407//4059 2473//4060
f 2473//4060 2407//4059 2406//4061
f 2686//4062 2409//4057 2408//4063
f 2685//4064 2408//4063 2684//4065
f 2470//4055 2409//4057 2469//4066
f 2408//4063 2685//4064 2686//4062
f 2408//4063 2407//4059 2684//4065
f 2407//4059 2474//4058 2684//4065
f 2473//4060 2406//4061 2470//4055
f 2470//4055 2406//4061 2405//4056
f 2642//4067 2641//3950 2688//4068
f 2465//4069 2644//4070 2643//4071
f 2688//4068 2641//3950 2687//4072
f 2465//4069 2643//4071 2463//4073
f 2689//4074 2642//4067 2688//4068
f 2686//4062 2641//3950 2469//4066
f 2686//4062 2469//4066 2409//4057
f 2642//4067 2461//4075 2643//4071
f 2643//4071 2461//4075 2463//4073
f 2641//3950 2640//3951 2469//4066
f 2687//4072 2641//3950 2686//4062
f 2644//4070 2465//4069 2640//3951
f 2640//3951 2465//4069 2467//4076
f 2640//3951 2467//4076 2469//4066
f 2689//4074 2631//4077 2461//4075
f 2689//4074 2461//4075 2642//4067
f 2461//4075 2631//4077 2630//3930
f 2461//4075 2630//3930 2459//4078
f 2459//4078 2630//3930 2457//4079
f 2457//4079 2629//3931 2628//3926
f 2457//4079 2628//3926 2455//4080
f 2455//4080 2628//3926 2452//4081
f 2627//3927 2452//4081 2628//3926
f 2630//3930 2629//3931 2457//4079
f 2690//4082 2627//3927 2631//4077
f 2690//4082 2631//4077 2689//4074
f 2627//3927 2690//4082 2681//4083
f 2478//3721 2477//3711 2474//4058
f 2681//4083 2480//4084 2452//4081
f 2681//4083 2452//4081 2627//3927
f 2684//4065 2482//4085 2683//4086
f 2474//4058 2477//3711 2684//4065
f 2684//4065 2477//3711 2482//4085
f 2482//4085 2481//4087 2683//4086
f 2683//4086 2481//4087 2682//4088
f 2682//4088 2481//4087 2681//4083
f 2681//4083 2481//4087 2480//4084
f 2480//4084 2479//3719 2452//4081
f 2452//4081 2479//3719 2451//4089
f 2451//4089 2479//3719 2474//4058
f 2474//4058 2479//3719 2478//3721
f 2433//4090 2442//4091 2449//3673
f 2444//3674 2449//3673 2442//4091
f 2691//4092 2432//4093 2433//4090
f 2433//4090 2432//4093 2442//4091
f 2448//3675 2446//3677 2677//4094
f 2677//4094 2446//3677 2447//4095
f 2677//4094 2447//4095 2692//4096
f 2692//4096 2447//4095 2431//4097
f 2692//4096 2431//4097 2691//4092
f 2691//4092 2431//4097 2432//4093
f 2693//4098 2404//4099 2398//3611
f 2398//3611 2404//4099 2399//3612
f 2403//3619 2402//3620 2693//4098
f 2693//4098 2402//3620 2404//4099
f 2387//3603 2386//3598 2383//3600
f 2387//3603 2383//3600 2388//3628
f 2388//3628 2383//3600 2390//3606
f 2390//3606 2383//3600 2384//3599
f 2390//3606 2384//3599 2391//3607
f 2391//3607 2384//3599 2385//3601
f 2372//3585 2378//3586 2367//3581
f 2367//3581 2378//3586 2373//3579
f 2378//3586 2376//4100 2375//3587
f 2377//3590 2376//4100 2378//3586
f 2695//4101 2698//4102 2694//4103
f 2694//4103 2699//4104 2695//4101
f 2696//4105 2699//4104 2697//4106
f 2699//4104 2696//4105 2695//4101
f 2702//4107 2700//4107 2701//4107
f 2702//4108 2701//4108 2703//4108
f 2704//4109 2702//4109 2703//4109
f 2705//4110 2702//4110 2704//4110
f 2706//4111 2702//4111 2705//4111
f 2707//4112 2702//4112 2708//4112
f 2708//4113 2702//4113 2706//4113
f 2709//4114 2710//4114 2707//4114
f 2707//4115 2710//4116 2702//4117
f 2711//4118 2710//4118 2709//4118
f 2712//4119 2710//4119 2711//4119
f 2713//4120 2715//4120 2712//4120
f 2715//4121 2710//4116 2712//4122
f 2714//4123 2715//4123 2716//4123
f 2716//4124 2715//4124 2713//4124
f 2717//4125 2715//4125 2714//4125
f 2718//4126 2721//4126 2717//4126
f 2717//4127 2721//4128 2715//4121
f 2719//4129 2721//4129 2718//4129
f 2720//4130 2721//4130 2722//4130
f 2722//4131 2721//4131 2719//4131
f 2723//4132 2721//4132 2720//4132
f 2724//4133 2725//4133 2723//4133
f 2723//4134 2725//4135 2721//4128
f 2726//4136 2725//4136 2724//4136
f 2727//4137 2725//4137 2728//4137
f 2728//4138 2725//4138 2726//4138
f 2729//4139 2725//4139 2727//4139
f 2730//4140 2725//4140 2729//4140
f 2731//4141 2732//4141 2730//4141
f 2730//4142 2732//4143 2725//4135
f 2733//4144 2732//4144 2734//4144
f 2734//4145 2732//4145 2731//4145
f 2735//4146 2732//4146 2733//4146
f 2736//4147 2732//4147 2735//4147
f 2737//4148 2738//4148 2736//4148
f 2736//4149 2738//4150 2732//4143
f 2739//4151 2738//4151 2740//4151
f 2740//4152 2738//4152 2737//4152
f 2741//4153 2742//4153 2739//4153
f 2739//4154 2742//4155 2738//4150
f 2743//4156 2742//4156 2741//4156
f 2702//4117 2742//4155 2700//4157
f 2700//4158 2742//4158 2743//4158
f 2747//4159 2721//4128 2744//4160
f 2744//4160 2721//4128 2725//4135
f 2744//4160 2725//4135 2745//4161
f 2745//4161 2725//4135 2732//4143
f 2745//4161 2732//4143 2746//4162
f 2747//4159 2715//4121 2721//4128
f 2750//4163 2702//4117 2748//4164
f 2702//4117 2710//4116 2748//4164
f 2748//4164 2710//4116 2747//4159
f 2747//4159 2710//4116 2715//4121
f 2746//4162 2732//4143 2738//4150
f 2746//4162 2738//4150 2749//4165
f 2749//4165 2738//4150 2742//4155
f 2749//4165 2742//4155 2750//4163
f 2750//4163 2742//4155 2702//4117
f 2746//4162 2751//4166 2745//4161
f 2745//4161 2752//4167 2744//4160
f 2752//4167 2745//4161 2751//4166
f 2755//4168 2750//4163 2753//4169
f 2753//4169 2750//4163 2748//4164
f 2753//4169 2748//4164 2747//4159
f 2753//4169 2747//4159 2754//4170
f 2754//4170 2747//4159 2744//4160
f 2754//4170 2744//4160 2752//4167
f 2751//4166 2746//4162 2756//4171
f 2746//4162 2749//4165 2756//4171
f 2756//4171 2749//4165 2750//4163
f 2756//4171 2750//4163 2755//4168
f 2751//4172 2698//4102 2752//4173
f 2752//4173 2698//4102 2695//4174
f 2756//4175 2694//4103 2751//4172
f 2751//4172 2694//4103 2698//4102
f 2752//4173 2695//4174 2754//4176
f 2754//4176 2695//4174 2696//4105
f 2724//4177 2757//4178 2758//4177
f 2724//4177 2758//4177 2726//4177
f 2726//1293 2759//1293 2728//1293
f 2728//4179 2759//4180 2760//4179
f 2728//4179 2760//4179 2727//4179
f 2727//4181 2760//4182 2761//4181
f 2727//4181 2761//4181 2729//4181
f 2729//1298 2761//1298 2762//1298
f 2729//1298 2762//1298 2730//4183
f 2731//1303 2763//3397 2764//1303
f 2733//3398 2765//3398 2735//3398
f 2735//1308 2765//4184 2766//1308
f 2736//4185 2766//4185 2767//4185
f 2736//4185 2767//4185 2737//4185
f 2737//4186 2767//1311 2768//1311
f 2740//3400 2768//3401 2769//3400
f 2740//3400 2769//3400 2739//3400
f 2741//4187 2770//4187 2743//4188
f 2743//3404 2771//4189 2700//3404
f 2700//4190 2772//4190 2701//4190
f 2703//3407 2773//3408 2774//3407
f 2703//3407 2774//3407 2704//3409
f 2704//3410 2774//3410 2775//3410
f 2704//3410 2775//3410 2705//4191
f 2705//4192 2775//4193 2776//4194
f 2705//4192 2776//4194 2706//4192
f 2706//4195 2776//4195 2777//4195
f 2708//1324 2777//1324 2778//1324
f 2708//1324 2778//1324 2707//1325
f 2707//1326 2778//1326 2779//1326
f 2709//3414 2780//3414 2711//3413
f 2711//3415 2780//1327 2781//1327
f 2712//1328 2782//3416 2713//1328
f 2713//1329 2782//4196 2783//1329
f 2713//1329 2783//1329 2716//1329
f 2716//4197 2783//4198 2784//4197
f 2719//4199 2785//4200 2786//4201
f 2722//4202 2786//4203 2787//4202
f 2722//4202 2787//4202 2720//1334
f 2720//4204 2787//4205 2788//4204
f 2773//90 2772//90 2789//90
f 2789//90 2772//90 2771//90
f 2789//90 2771//90 2770//90
f 2776//90 2775//90 2789//90
f 2789//90 2775//90 2774//90
f 2789//90 2774//90 2773//90
f 2779//90 2778//90 2789//90
f 2789//90 2778//90 2777//90
f 2789//90 2777//90 2776//90
f 2782//90 2781//90 2789//90
f 2789//90 2781//90 2780//90
f 2789//90 2780//90 2779//90
f 2790//90 2784//90 2789//90
f 2789//90 2784//90 2783//90
f 2789//90 2783//90 2782//90
f 2786//90 2785//90 2789//90
f 2789//90 2785//90 2791//90
f 2789//90 2791//90 2790//90
f 2757//90 2788//90 2789//90
f 2789//90 2788//90 2787//90
f 2789//90 2787//90 2786//90
f 2760//90 2759//90 2789//90
f 2789//90 2759//90 2758//90
f 2789//90 2758//90 2757//90
f 2763//90 2762//90 2789//90
f 2789//90 2762//90 2761//90
f 2789//90 2761//90 2760//90
f 2765//90 2792//90 2789//90
f 2789//90 2792//90 2764//90
f 2789//90 2764//90 2763//90
f 2768//90 2767//90 2789//90
f 2789//90 2767//90 2766//90
f 2789//90 2766//90 2765//90
f 2770//90 2793//90 2789//90
f 2789//90 2793//90 2769//90
f 2789//90 2769//90 2768//90
f 2755//4206 2699//4207 2756//4175
f 2756//4175 2699//4207 2694//4103
f 2753//4208 2697//4106 2755//4206
f 2755//4206 2697//4106 2699//4207
f 2754//4176 2696//4105 2753//4208
f 2753//4208 2696//4105 2697//4106
f 2840//4209 2795//4210 2796//4211
f 2840//4209 2796//4211 2834//4212
f 2805//4213 2806//4214 2803//4215
f 2803//4215 2806//4214 2807//4216
f 2817//4217 2807//4216 2806//4214
f 2802//4218 2808//4219 2809//4220
f 2809//4221 2808//4222 2810//4223
f 2813//4224 2809//4221 2810//4223
f 2812//4225 2811//4226 2813//4224
f 2813//4224 2811//4226 2814//4227
f 2814//4227 2809//4221 2813//4224
f 2808//4219 2802//4218 2797//4228
f 2808//4222 2797//4229 2815//4230
f 2815//4231 2797//4228 2801//4232
f 2815//4230 2801//4233 2816//4234
f 2801//4232 2800//4235 2816//4234
f 2816//4234 2800//4235 2817//4217
f 2817//4217 2800//4236 2799//4237
f 2798//4238 2807//4216 2817//4217
f 2798//4238 2817//4217 2799//4237
f 2805//4239 2803//4240 2804//4241
f 2805//4242 2804//4241 2818//4243
f 2805//4213 2818//4244 2819//4245
f 2819//4245 2818//4246 2812//4225
f 2812//4225 2818//4243 2811//4226
f 2816//4234 2828//4247 2815//4230
f 2817//4217 2827//4248 2816//4234
f 2816//4234 2827//4248 2828//4247
f 2813//4224 2822//4249 2812//4225
f 2812//4225 2822//4249 2819//4245
f 2819//4245 2822//4249 2823//4250
f 2805//4213 2824//4251 2806//4214
f 2815//4230 2832//4252 2808//4222
f 2808//4222 2832//4252 2831//4253
f 2828//4247 2829//4254 2815//4230
f 2815//4230 2829//4254 2832//4252
f 2810//4223 2820//4255 2813//4224
f 2813//4224 2820//4255 2822//4249
f 2819//4245 2823//4250 2805//4213
f 2805//4213 2823//4250 2824//4251
f 2806//4214 2824//4251 2826//4256
f 2806//4214 2826//4256 2817//4217
f 2817//4217 2826//4256 2827//4248
f 2808//4222 2831//4253 2810//4223
f 2810//4223 2831//4253 2820//4255
f 2811//4226 2804//4241 2814//4227
f 2804//4241 2811//4226 2818//4243
f 2830//4257 2831//4253 2832//4252
f 2825//4258 2826//4256 2824//4251
f 2821//4259 2822//4260 2820//4261
f 2827//4248 2837//4262 2828//4247
f 2836//4263 2827//4248 2826//4256
f 2825//4258 2838//4264 2836//4265
f 2825//4258 2836//4266 2826//4256
f 2824//4251 2838//4264 2825//4258
f 2824//4251 2823//4250 2835//4267
f 2822//4260 2839//4268 2835//4269
f 2822//4249 2835//4267 2823//4250
f 2821//4259 2839//4268 2822//4260
f 2831//4253 2796//4211 2795//4210
f 2831//4253 2795//4270 2820//4255
f 2830//4257 2796//4211 2831//4253
f 2832//4252 2829//4254 2833//4271
f 2828//4247 2837//4262 2833//4272
f 2828//4247 2833//4273 2829//4254
f 2840//4209 2839//4268 2821//4274
f 2840//4209 2821//4274 2795//4210
f 2795//4275 2821//4259 2820//4261
f 2834//4212 2796//4211 2830//4276
f 2834//4212 2830//4276 2833//4272
f 2833//4271 2830//4257 2832//4252
f 2794//4277 2837//4262 2827//4278
f 2794//4277 2827//4278 2836//4265
f 2841//4279 2838//4264 2824//4280
f 2841//4279 2824//4280 2835//4269
f 2841//4279 2840//4209 2794//4277
f 2840//4209 2834//4212 2794//4277
f 2797//4228 2802//4218 2807//4216
f 2797//4228 2807//4216 2798//4238
f 2809//4221 2803//4240 2802//4218
f 2802//4218 2803//4240 2807//4216
f 2834//4212 2833//4272 2837//4262
f 2834//4212 2837//4262 2794//4277
f 2804//4241 2803//4240 2814//4227
f 2814//4227 2803//4240 2809//4221
f 2798//4238 2799//4281 2797//4228
f 2797//4228 2799//4281 2800//4235
f 2800//4235 2801//4232 2797//4228
f 2794//4277 2836//4265 2841//4279
f 2841//4279 2836//4265 2838//4264
f 2841//4279 2835//4269 2840//4209
f 2840//4209 2835//4269 2839//4268
f 2843//4282 2844//3391 2846//4283
f 2842//4284 2846//4283 2845//4285
f 2846//4283 2842//4284 2843//4282
f 2844//3391 2847//3394 2846//4283
f 2849//3489 2843//4286 2848//4287
f 2848//4287 2843//4286 2842//4284
f 2850//4288 2844//3391 2849//3489
f 2849//3489 2844//3391 2843//4286
f 2851//3487 2847//3394 2850//4288
f 2850//4288 2847//3394 2844//3391
f 2853//4289 2862//4290 2854//4291
f 2854//4291 2862//4290 2863//4292
f 2852//4293 2861//4294 2862//4290
f 2852//4293 2862//4290 2853//4289
f 2854//4291 2863//4292 2855//4295
f 2855//4295 2863//4292 2864//4296
f 2864//4296 2865//4297 2855//4295
f 2855//4295 2865//4297 2856//4298
f 2858//4299 2860//4300 2852//4293
f 2852//4293 2860//4300 2861//4294
f 2856//4298 2865//4297 2866//4301
f 2857//4302 2856//4298 2859//4303
f 2857//4302 2859//4303 2858//4299
f 2858//4299 2859//4303 2860//4300
f 2859//4303 2856//4298 2866//4301
f 2859//4304 2867//4304 2868//4304
f 2859//4305 2868//4305 2869//4305
f 2870//4109 2859//4109 2869//4109
f 2871//4306 2859//4306 2870//4306
f 2872//4307 2859//4307 2871//4307
f 2873//4308 2860//4308 2874//4308
f 2874//4309 2860//4309 2872//4309
f 2872//4310 2860//4300 2859//4303
f 2875//4311 2860//4311 2873//4311
f 2876//4312 2860//4312 2875//4312
f 2877//4313 2860//4313 2876//4313
f 2878//4314 2861//4314 2877//4314
f 2877//4315 2861//4294 2860//4300
f 2879//4316 2861//4316 2880//4316
f 2880//4317 2861//4317 2878//4317
f 2881//4318 2861//4318 2879//4318
f 2882//4319 2861//4319 2881//4319
f 2883//4320 2862//4320 2882//4320
f 2862//4290 2861//4294 2882//4321
f 2884//4322 2862//4322 2885//4322
f 2885//4323 2862//4323 2883//4323
f 2886//4324 2862//4324 2884//4324
f 2887//4133 2863//4133 2886//4133
f 2886//4325 2863//4292 2862//4290
f 2888//4136 2863//4136 2887//4136
f 2889//4137 2863//4137 2890//4137
f 2890//4138 2863//4138 2888//4138
f 2891//4139 2863//4139 2889//4139
f 2892//4140 2863//4140 2891//4140
f 2893//4326 2864//4326 2892//4326
f 2892//4327 2864//4296 2863//4292
f 2894//4328 2864//4328 2895//4328
f 2895//4329 2864//4329 2893//4329
f 2896//4330 2865//4330 2894//4330
f 2894//4331 2865//4297 2864//4296
f 2897//4332 2865//4332 2896//4332
f 2898//4333 2865//4333 2897//4333
f 2899//4334 2865//4334 2900//4334
f 2900//4335 2865//4335 2898//4335
f 2901//4336 2866//4336 2899//4336
f 2899//4337 2866//4301 2865//4297
f 2902//4338 2866//4338 2901//4338
f 2859//4303 2866//4301 2867//4339
f 2867//4340 2866//4340 2902//4340
f 2903//90 2904//90 2905//90
f 2905//90 2904//90 2906//90
f 2905//90 2906//90 2907//90
f 2908//90 2909//90 2905//90
f 2905//90 2909//90 2910//90
f 2905//90 2910//90 2903//90
f 2911//90 2912//90 2905//90
f 2905//90 2912//90 2913//90
f 2905//90 2913//90 2908//90
f 2914//90 2915//90 2905//90
f 2905//90 2915//90 2916//90
f 2905//90 2916//90 2911//90
f 2917//90 2918//90 2905//90
f 2905//90 2918//90 2919//90
f 2905//90 2919//90 2914//90
f 2920//90 2921//90 2905//90
f 2905//90 2921//90 2922//90
f 2905//90 2922//90 2917//90
f 2923//90 2924//90 2905//90
f 2905//90 2924//90 2925//90
f 2905//90 2925//90 2920//90
f 2926//90 2927//90 2905//90
f 2905//90 2927//90 2928//90
f 2905//90 2928//90 2923//90
f 2929//90 2930//90 2905//90
f 2905//90 2930//90 2931//90
f 2905//90 2931//90 2926//90
f 2932//90 2933//90 2905//90
f 2905//90 2933//90 2934//90
f 2905//90 2934//90 2929//90
f 2935//90 2936//90 2905//90
f 2905//90 2936//90 2937//90
f 2905//90 2937//90 2932//90
f 2907//90 2938//90 2905//90
f 2905//90 2938//90 2939//90
f 2905//90 2939//90 2935//90
f 2884//4204 2924//4204 2886//1290
f 2886//4341 2924//4342 2923//4343
f 2887//4177 2923//4178 2928//4177
f 2888//1293 2927//1293 2890//1293
f 2890//4179 2926//4179 2889//4179
f 2891//1298 2931//1298 2930//1298
f 2892//1299 2930//1300 2929//1301
f 2893//1303 2929//1304 2934//1303
f 2895//1305 2934//1306 2933//1305
f 2894//3399 2932//3399 2896//4344
f 2896//1308 2932//4184 2937//1308
f 2896//1308 2937//1308 2897//1308
f 2897//4185 2937//4185 2936//4185
f 2897//4185 2936//4185 2898//4185
f 2900//3400 2935//3401 2939//3400
f 2899//3402 2938//3402 2901//3403
f 2901//4187 2938//4187 2907//4187
f 2901//4187 2907//4187 2902//4188
f 2902//3404 2906//4189 2867//3404
f 2867//4190 2906//4190 2904//4190
f 2869//3407 2903//3408 2910//3407
f 2869//3407 2910//3407 2870//3409
f 2870//1320 2909//1320 2871//1320
f 2871//4345 2909//4192 2908//4345
f 2871//4345 2908//4345 2872//4345
f 2872//4195 2908//4195 2913//4195
f 2872//4195 2913//4195 2874//4346
f 2874//1324 2913//1324 2912//1324
f 2873//1326 2911//1326 2875//1326
f 2875//3414 2911//3414 2916//3414
f 2875//3414 2916//3414 2876//3413
f 2880//4197 2918//4197 2879//4347
f 2879//3417 2918//3417 2917//3417
f 2879//3417 2917//3417 2881//3417
f 2883//4199 2921//4200 2920//4201
f 2883//4199 2920//4201 2885//4199
f 2941//4208 2845//4285 2940//4348
f 2940//4348 2845//4285 2846//4349
f 2848//4287 2842//4284 2941//4208
f 2941//4208 2842//4284 2845//4285
f 2941//4350 2858//4299 2852//4293
f 2858//4299 2941//4350 2940//4351
f 2848//4352 2852//4293 2853//4289
f 2849//4353 2854//4291 2850//4354
f 2850//4354 2854//4291 2855//4295
f 2848//4352 2853//4289 2849//4353
f 2849//4353 2853//4289 2854//4291
f 2940//4351 2857//4302 2858//4299
f 2941//4350 2852//4293 2848//4352
f 2856//4298 2851//4355 2850//4354
f 2856//4298 2850//4354 2855//4295
f 2851//4355 2856//4298 2940//4351
f 2940//4351 2856//4298 2857//4302
f 2940//4348 2846//4349 2851//3487
f 2851//3487 2846//4349 2847//3394
f 2945//4356 2943//4357 2947//4358
f 2943//4357 2944//4103 2947//4358
f 2945//4356 2947//4358 2942//4359
f 2944//4103 2943//4357 2946//4360
f 2949//4361 2947//4362 2948//4175
f 2948//4175 2947//4362 2944//4103
f 722//90 721//90 2950//90
f 2950//90 721//90 719//90
f 2950//90 719//90 718//90
f 725//90 724//90 2950//90
f 2950//90 724//90 723//90
f 2950//90 723//90 722//90
f 729//90 728//90 2950//90
f 2950//90 728//90 726//90
f 2950//90 726//90 725//90
f 733//90 731//90 2950//90
f 2950//90 731//90 730//90
f 2950//90 730//90 729//90
f 736//90 735//90 2950//90
f 2950//90 735//90 734//90
f 2950//90 734//90 733//90
f 739//90 738//90 2950//90
f 2950//90 738//90 737//90
f 2950//90 737//90 736//90
f 701//90 700//90 2950//90
f 2950//90 700//90 698//90
f 2950//90 698//90 739//90
f 704//90 703//90 2950//90
f 2950//90 703//90 702//90
f 2950//90 702//90 701//90
f 708//90 707//90 2950//90
f 2950//90 707//90 706//90
f 2950//90 706//90 704//90
f 711//90 710//90 2950//90
f 2950//90 710//90 709//90
f 2950//90 709//90 708//90
f 715//90 713//90 2950//90
f 2950//90 713//90 712//90
f 2950//90 712//90 711//90
f 718//90 717//90 2950//90
f 2950//90 717//90 716//90
f 2950//90 716//90 715//90
f 740//1292 700//4341 701//1292
f 741//4177 701//4178 702//4177
f 741//4177 702//4177 742//4177
f 743//3395 703//3396 704//3396
f 743//3395 704//3396 744//3395
f 745//1298 707//1298 746//4183
f 747//1303 709//1303 748//4363
f 749//3399 710//4364 711//3399
f 749//3399 711//3399 750//4344
f 750//1308 711//4184 712//1308
f 753//3400 715//3401 716//3400
f 753//3400 716//3400 754//3400
f 754//3402 716//3402 717//3402
f 754//3402 717//3402 755//3403
f 755//1312 718//1314 756//1312
f 756//1315 719//1315 757//3404
f 758//4365 721//3406 722//3405
f 758//4365 722//3405 759//4366
f 759//3407 722//3408 723//3407
f 759//3407 723//3407 760//3409
f 761//4192 724//4192 725//4192
f 761//4192 725//4192 762//4192
f 764//1326 729//1326 765//3412
f 765//3413 729//3414 730//3414
f 765//3413 730//3414 766//3413
f 766//1327 731//1327 767//3415
f 767//1328 731//3416 733//1328
f 768//1329 733//4196 734//1329
f 770//4367 735//4367 736//4367
f 770//4367 736//4367 771//4368
f 771//1331 737//1331 772//1331
f 772//1333 738//1333 773//3420
f 773//4369 738//3421 739//3421
f 773//4369 739//3421 774//4369
f 774//1334 739//1335 698//1335
f 2955//4370 2956//4371 2959//4372
f 2955//4370 2959//4372 2954//4373
f 2952//4374 2961//4375 2951//4376
f 2960//4377 2958//4378 2951//4376
f 2960//4377 2951//4376 2961//4375
f 2962//4379 2954//4380 2963//4381
f 2963//4381 2954//4380 2959//4372
f 2961//4375 2952//4374 2964//4382
f 2965//4383 2957//4384 2960//4377
f 2960//4377 2957//4384 2958//4378
f 2964//4382 2952//4374 2953//4385
f 2964//4382 2953//4385 2962//4379
f 2962//4379 2953//4385 2954//4380
f 2959//4372 2956//4371 2965//4383
f 2965//4383 2956//4371 2957//4384
f 2967//4386 2945//4356 2966//4387
f 2966//4387 2945//4356 2942//4359
f 2959//4372 2968//4388 2963//4381
f 2948//4389 2960//4377 2961//4375
f 2948//4389 2961//4375 2949//4390
f 2963//4381 2967//4391 2962//4379
f 2967//4391 2963//4381 2968//4388
f 2969//4392 2965//4383 2960//4377
f 2969//4392 2960//4377 2948//4389
f 2949//4390 2961//4375 2966//4393
f 2966//4393 2961//4375 2964//4382
f 2964//4382 2962//4379 2966//4393
f 2966//4393 2962//4379 2967//4391
f 2968//4388 2959//4372 2969//4392
f 2969//4392 2959//4372 2965//4383
f 2948//4175 2944//4103 2969//4172
f 2969//4172 2944//4103 2946//4360
f 2951//4394 757//4394 758//4394
f 2951//4395 758//4395 759//4395
f 760//4396 2952//4396 759//4396
f 759//4396 2952//4374 2951//4376
f 761//4397 2952//4397 760//4397
f 762//4398 2952//4398 761//4398
f 764//4399 2952//4399 763//4399
f 763//4400 2952//4400 762//4400
f 765//4401 2953//4401 764//4401
f 764//4402 2953//4385 2952//4374
f 766//4403 2953//4403 765//4403
f 767//4404 2953//4404 766//4404
f 768//4405 2953//4405 767//4405
f 770//4406 2953//4406 769//4406
f 769//4407 2953//4407 768//4407
f 771//4408 2954//4408 770//4408
f 770//4409 2954//4380 2953//4385
f 772//4410 2954//4410 771//4410
f 773//4411 2954//4411 772//4411
f 775//4412 2954//4412 774//4412
f 774//4413 2954//4413 773//4413
f 740//4414 2955//4414 775//4414
f 775//4415 2955//4370 2954//4373
f 741//4416 2955//4416 740//4416
f 742//4417 2955//4417 741//4417
f 744//4418 2956//4418 743//4418
f 743//4419 2956//4371 2955//4370
f 743//4420 2955//4420 742//4420
f 745//4421 2956//4421 744//4421
f 746//4422 2956//4422 745//4422
f 747//4423 2956//4423 746//4423
f 749//4424 2956//4424 748//4424
f 748//4425 2956//4425 747//4425
f 750//4426 2957//4426 749//4426
f 749//4427 2957//4384 2956//4371
f 751//4428 2957//4428 750//4428
f 752//4429 2957//4429 751//4429
f 754//4430 2958//4430 753//4430
f 753//4431 2958//4431 752//4431
f 752//4432 2958//4378 2957//4384
f 755//4433 2958//4433 754//4433
f 756//4434 2958//4434 755//4434
f 757//4435 2951//4435 756//4435
f 756//4436 2951//4376 2958//4378
f 2968//4437 2943//4438 2967//4386
f 2967//4386 2943//4438 2945//4356
f 2966//4387 2942//4359 2949//4361
f 2949//4361 2942//4359 2947//4362
f 2969//4172 2946//4360 2968//4437
f 2968//4437 2946//4360 2943//4438
f 2925//4439 2970//4440 2924//4441
f 2924//4441 2970//4440 2923//4442
f 2923//4442 2970//4440 2928//4443
f 2928//4443 2970//4440 2927//4444
f 2927//4444 2970//4440 2971//4445
f 2927//4446 2971//4447 2926//4448
f 2926//4448 2971//4447 2931//4449
f 2931//4449 2971//4447 2930//4450
f 2930//4450 2971//4447 2929//4451
f 2929//4451 2971//4447 2934//4452
f 2934//4452 2971//4447 2972//4453
f 2934//4454 2972//4455 2933//4456
f 2933//4456 2972//4455 2932//4457
f 2932//4457 2972//4455 2937//4458
f 2937//4458 2972//4455 2936//4459
f 2936//4459 2972//4455 2935//4460
f 2935//4460 2972//4455 2939//4461
f 2939//4461 2972//4455 2973//4462
f 2939//4463 2973//4464 2938//4465
f 2938//4465 2973//4464 2907//4466
f 2907//4466 2973//4464 2906//4467
f 2906//4467 2973//4464 2904//4468
f 2904//4468 2973//4464 2903//4469
f 2903//4469 2973//4464 2910//4470
f 2910//4470 2973//4464 2909//4471
f 2909//4471 2973//4464 2908//4472
f 2908//4472 2973//4464 2913//4473
f 2913//4473 2973//4464 2974//4474
f 2913//4475 2974//4476 2912//4477
f 2912//4477 2974//4476 2911//4478
f 2911//4478 2974//4476 2916//4479
f 2916//4479 2974//4476 2915//4480
f 2915//4480 2974//4476 2914//4481
f 2914//4481 2974//4476 2919//4482
f 2919//4482 2974//4476 2918//4483
f 2918//4483 2974//4476 2917//4484
f 2917//4484 2974//4476 2922//4485
f 2922//4485 2974//4476 2970//4486
f 2922//4487 2970//4440 2921//4488
f 2921//4488 2970//4440 2920//4489
f 2920//4489 2970//4440 2925//4439
f 2974//4490 2975//4491 2970//4492
f 2975//4491 2886//4493 2970//4492
f 2970//4440 2886//4494 2887//4495
f 2970//4440 2887//4495 2888//4496
f 2970//4440 2888//4496 2890//4497
f 2970//4440 2890//4497 2889//4498
f 2970//4440 2889//4498 2891//4499
f 2970//4440 2891//4499 2971//4445
f 2971//4447 2891//4500 2892//4501
f 2971//4447 2892//4501 2893//4502
f 2971//4447 2893//4502 2895//4503
f 2971//4447 2895//4503 2894//4504
f 2971//4447 2894//4504 2972//4453
f 2972//4455 2894//4505 2896//4506
f 2972//4455 2896//4506 2897//4507
f 2972//4455 2897//4507 2898//4508
f 2972//4455 2898//4508 2900//4509
f 2972//4455 2900//4509 2899//4510
f 2972//4455 2899//4510 2973//4462
f 2973//4464 2899//4511 2901//4512
f 2973//4464 2901//4512 2902//4513
f 2973//4464 2902//4513 2867//4514
f 2973//4464 2867//4514 2868//4515
f 2973//4464 2868//4515 2869//4516
f 2973//4464 2869//4516 2870//4517
f 2973//4464 2870//4517 2871//4518
f 2973//4464 2871//4518 2872//4519
f 2973//4464 2872//4519 2974//4474
f 2974//4490 2872//4520 2874//4521
f 2974//4490 2874//4521 2873//4522
f 2974//4490 2873//4522 2875//4523
f 2974//4490 2875//4523 2876//4524
f 2974//4490 2876//4524 2877//4525
f 2974//4490 2877//4525 2878//4526
f 2974//4490 2878//4526 2880//4527
f 2974//4490 2880//4527 2975//4491
f 2975//4491 2880//4528 2879//4529
f 2975//4491 2879//4529 2881//4530
f 2975//4491 2881//4530 2882//4531
f 2975//4491 2882//4531 2883//4532
f 2975//4491 2883//4532 2885//4533
f 2975//4491 2885//4533 2884//4534
f 2975//4491 2884//4534 2886//4493
f 2886//4341 2923//4343 2887//1292
f 2887//4177 2928//4177 2888//4177
f 2888//1293 2928//1293 2927//1293
f 2890//4179 2927//4180 2926//4179
f 2889//4181 2926//4182 2931//4181
f 2889//4181 2931//4181 2891//4181
f 2891//1298 2930//1298 2892//4183
f 2892//1299 2929//1301 2893//1302
f 2893//1303 2934//1303 2895//4363
f 2895//1305 2933//1305 2894//1307
f 2894//3399 2933//4364 2932//3399
f 2898//4186 2936//1311 2935//1311
f 2898//4186 2935//1311 2900//4186
f 2900//3400 2939//3400 2899//3400
f 2899//3402 2939//3402 2938//3402
f 2902//3404 2907//4189 2906//4189
f 2867//4190 2904//4190 2868//4190
f 2868//4366 2904//4366 2903//4366
f 2868//4366 2903//4366 2869//4366
f 2870//1320 2910//1320 2909//1320
f 2874//1324 2912//1324 2873//1325
f 2873//1326 2912//1326 2911//1326
f 2876//3415 2916//1327 2915//1327
f 2876//3415 2915//1327 2877//3415
f 2877//1328 2915//4535 2914//1328
f 2877//1328 2914//1328 2878//1328
f 2878//1329 2914//4196 2919//1329
f 2878//1329 2919//1329 2880//1329
f 2880//4197 2919//4198 2918//4197
f 2881//1331 2917//4536 2922//1331
f 2881//1331 2922//1331 2882//1331
f 2882//1333 2922//1333 2921//1333
f 2882//1333 2921//1333 2883//3420
f 2885//4202 2920//4203 2925//4202
f 2885//4202 2925//4202 2884//1334
f 2884//4204 2925//4205 2924//4204
f 2977//3537 2978//3546 2979//3536
f 2978//3546 2977//3537 2976//1345
f 2980//3534 2979//3536 2984//3532
f 2989//3535 2979//3536 2980//3534
f 2981//4537 2985//3368 2983//1353
f 2981//4537 2983//1353 2982//1352
f 2986//4538 2988//3539 2985//3368
f 2986//4538 2985//3368 2981//4537
f 2988//3539 2986//4538 2987//4539
f 2987//4539 2984//3532 2988//3539
f 2980//3534 2984//3532 2987//4539
f 2989//3535 2977//3537 2979//3536
f 2982//1352 2983//1353 2977//3537
f 2982//1352 2977//3537 2989//3535
f 2979//3536 2992//3545 2984//3532
f 2992//3545 2979//3536 2978//3546
f 2993//4540 2991//1377 2990//4541
f 2993//4540 2990//4541 2995//3552
f 2996//3550 2991//1377 2993//4540
f 2996//3550 2976//1345 2991//1377
f 2994//4542 2978//3546 2997//3553
f 2998//3555 2992//3545 2994//4542
f 2997//3553 2978//3546 2976//1345
f 2997//3553 2976//1345 2996//3550
f 2994//4542 2992//3545 2978//3546
f 2998//3555 2999//3544 2992//3545
f 2995//3552 2990//4541 2999//3544
f 2995//3552 2999//3544 2998//3555
f 2993//4543 3000//4544 2996//4545
f 2998//3555 2987//4546 2995//3552
f 2995//4547 2987//4539 2986//4538
f 2995//3557 2986//3557 2993//3557
f 2993//3374 2986//3374 2981//3374
f 2993//4543 2981//1357 3000//4544
f 3000//4548 2981//4549 3001//4550
f 3000//4544 3001//4551 2996//4545
f 2996//4552 3001//4550 2982//4553
f 2994//4542 2980//4554 2998//3555
f 2998//3566 2980//3534 2987//4539
f 2980//4555 2994//4555 2989//4555
f 2989//4556 2994//4556 2997//4556
f 2996//3550 2982//3569 2997//3553
f 2997//4557 2982//4557 2989//4557
f 2982//4553 3001//4550 2981//4549
f 2976//1345 2983//1353 2991//1377
f 2983//1353 2976//1345 2977//3537
f 2999//3544 2984//3532 2992//3545
f 2984//3532 2999//3544 2988//3539
f 2988//3539 2990//4541 2985//3368
f 2990//4541 2988//3539 2999//3544
f 2985//3368 2991//1377 2983//1353
f 2991//1377 2985//3368 2990//4541
f 2787//4558 3002//4559 2788//4560
f 2788//4560 3002//4559 2757//4561
f 2757//4561 3002//4559 2758//4562
f 2758//4562 3002//4559 2759//4563
f 2759//4563 3002//4559 2760//4564
f 2760//4564 3002//4559 2761//4565
f 2761//4565 3002//4559 3003//4566
f 2761//4567 3003//4568 2762//4569
f 2762//4569 3003//4568 2763//4570
f 2763//4570 3003//4568 2764//4571
f 2764//4571 3003//4568 2792//4572
f 2792//4572 3003//4568 2765//4573
f 2765//4573 3003//4568 3004//4574
f 2765//4575 3004//4576 2766//4577
f 2766//4577 3004//4576 2767//4578
f 2767//4578 3004//4576 2768//4579
f 2768//4579 3004//4576 2769//4580
f 2769//4580 3004//4576 2793//4581
f 2793//4581 3004//4576 2770//4582
f 2770//4582 3004//4576 2771//4583
f 2771//4583 3004//4576 2772//4584
f 2772//4584 3004//4576 3005//4585
f 2772//4586 3005//4587 2773//4588
f 2773//4588 3005//4587 2774//4589
f 2774//4589 3005//4587 2775//4590
f 2775//4590 3005//4587 2776//4591
f 2776//4591 3005//4587 2777//4592
f 2777//4592 3005//4587 2778//4593
f 2778//4593 3005//4587 2779//4594
f 2779//4594 3005//4587 3006//4595
f 2779//4596 3006//4597 2780//4598
f 2780//4598 3006//4597 2781//4599
f 2781//4599 3006//4597 2782//4600
f 2782//4600 3006//4597 2783//4601
f 2783//4601 3006//4597 2784//4602
f 2784//4602 3006//4597 2790//4603
f 2790//4603 3006//4597 3007//4604
f 2790//4605 3007//4606 2791//4607
f 2791//4607 3007//4606 2785//4608
f 2785//4608 3007//4606 2786//4609
f 2786//4609 3007//4606 2787//4610
f 2787//4610 3007//4606 3002//4611
f 3002//4559 2723//4612 2724//4613
f 3002//4559 2724//4613 2726//4614
f 3002//4559 2726//4614 2728//4615
f 3002//4559 2728//4615 2727//4616
f 3002//4559 2727//4616 2729//4617
f 3002//4559 2729//4617 3003//4566
f 3003//4568 2729//4618 2730//4619
f 3003//4568 2730//4619 2731//4620
f 3003//4568 2731//4620 2734//4621
f 3003//4568 2734//4621 2733//4622
f 3003//4568 2733//4622 2735//4623
f 3003//4568 2735//4623 2736//4624
f 3003//4568 2736//4624 3004//4574
f 3004//4576 2736//4625 2737//4626
f 3004//4576 2737//4626 2740//4627
f 3004//4576 2740//4627 2739//4628
f 3004//4576 2739//4628 2741//4629
f 3004//4576 2741//4629 2743//4630
f 3004//4576 2743//4630 2700//4631
f 3004//4576 2700//4631 2701//4632
f 3004//4576 2701//4632 3005//4585
f 3005//4587 2701//4633 2703//4634
f 3005//4587 2703//4634 2704//4635
f 3005//4587 2704//4635 2705//4636
f 3005//4587 2705//4636 2706//4637
f 3005//4587 2706//4637 3006//4595
f 3006//4597 2706//4638 2708//4639
f 3006//4597 2708//4639 2707//4640
f 3006//4597 2707//4640 2709//4641
f 3006//4597 2709//4641 2711//4642
f 3006//4597 2711//4642 2712//4643
f 3006//4597 2712//4643 2713//4644
f 3006//4597 2713//4644 2716//4645
f 3006//4597 2716//4645 3007//4604
f 3007//4606 2716//4528 2714//4646
f 3007//4606 2714//4646 2717//4647
f 3007//4606 2717//4647 2718//4648
f 3007//4606 2718//4648 2719//4649
f 3007//4606 2719//4649 2722//4650
f 3007//4606 2722//4650 3002//4611
f 3002//4559 2722//4651 2720//4652
f 3002//4559 2720//4652 2723//4612
f 2720//4204 2788//4204 2723//1290
f 2723//4341 2788//4342 2757//4343
f 2723//4341 2757//4343 2724//1292
f 2726//1293 2758//1293 2759//1293
f 2730//1300 2762//1300 2763//1300
f 2730//1300 2763//1300 2731//1301
f 2731//1303 2764//1303 2734//1303
f 2734//1305 2764//1307 2792//1305
f 2734//1305 2792//1305 2733//1305
f 2733//3398 2792//3399 2765//3398
f 2735//1308 2766//1308 2736//4653
f 2737//4186 2768//1311 2740//4186
f 2739//3402 2769//3402 2793//3402
f 2739//3402 2793//3402 2741//3403
f 2741//4187 2793//4187 2770//4187
f 2743//3404 2770//4189 2771//4189
f 2700//4190 2771//4190 2772//4190
f 2701//4366 2772//4366 2773//4366
f 2701//4366 2773//4366 2703//4366
f 2706//4195 2777//4195 2708//4346
f 2707//1326 2779//1326 2709//3412
f 2709//3414 2779//3414 2780//3414
f 2711//3415 2781//1327 2712//3415
f 2712//1328 2781//4535 2782//3416
f 2716//4197 2784//4197 2714//4347
f 2714//4654 2784//4655 2790//4654
f 2714//4654 2790//4654 2717//4654
f 2717//3418 2790//3419 2791//3418
f 2717//3418 2791//3418 2718//3418
f 2718//1333 2791//1333 2785//1333
f 2718//1333 2785//1333 2719//3420
f 2719//4199 2786//4201 2722//4199
f 3009//4656 3010//4657 3011//4658
f 3012//4659 3013//4660 3014//4661
f 3010//4657 2253//4662 2254//4663
f 3010//4657 2254//4663 2255//4664
f 3010//4657 2255//4664 3011//4658
f 3011//4665 2255//4666 2256//4667
f 3011//4665 2256//4667 2257//4668
f 3011//4665 2257//4668 2258//4669
f 3011//4665 2258//4669 2291//4670
f 3011//4665 2291//4670 3012//4671
f 3012//4659 2291//4672 2259//4673
f 3012//4659 2259//4673 2260//4674
f 3012//4659 2260//4674 2261//4675
f 3012//4659 2261//4675 2262//4676
f 3012//4659 2262//4676 2294//4677
f 3012//4659 2294//4677 2263//4678
f 3012//4659 2263//4678 3013//4660
f 3013//4660 2263//4679 2264//4680
f 3013//4660 2264//4680 2265//4681
f 3013//4660 2265//4681 2266//4682
f 3013//4660 2266//4682 2267//4683
f 3013//4660 2267//4683 2268//4684
f 3013//4660 2268//4684 2269//4685
f 3013//4660 2269//4685 3014//4661
f 3014//4686 2269//4687 2270//4688
f 3014//4686 2270//4688 2271//4689
f 3014//4686 2271//4689 2272//4690
f 3014//4686 2272//4690 2273//4691
f 3014//4686 2273//4691 2274//4692
f 3014//4686 2274//4692 3008//4693
f 3008//4694 2274//4695 2275//4696
f 3008//4694 2275//4696 2276//4697
f 3008//4694 2276//4697 2277//4698
f 3008//4694 2277//4698 2278//4699
f 3008//4694 2278//4699 3009//4700
f 3009//4656 2278//4701 2279//4702
f 3009//4656 2279//4702 2288//4703
f 3009//4656 2288//4703 2280//4704
f 3009//4656 2280//4704 2281//4705
f 3009//4656 2281//4705 3010//4657
f 3010//4657 2281//4706 2282//4707
f 3010//4657 2282//4707 2283//4708
f 3010//4657 2283//4708 2284//4709
f 3010//4657 2284//4709 2252//4710
f 3010//4657 2252//4710 2253//4662
f 2237//4711 3011//4665 2236//4712
f 2236//4712 3011//4665 2235//4713
f 2235//4713 3011//4665 2240//4714
f 2240//4714 3011//4665 2239//4715
f 2239//4715 3011//4665 2238//4716
f 2238//4716 3011//4665 3012//4671
f 2238//4717 3012//4718 2243//4719
f 2243//4719 3012//4718 2242//4720
f 2242//4720 3012//4718 2241//4721
f 2241//4721 3012//4718 2246//4722
f 2246//4722 3012//4718 2245//4723
f 2245//4723 3012//4718 2244//4724
f 2244//4724 3012//4718 2249//4725
f 2249//4725 3012//4718 2248//4726
f 2248//4726 3012//4718 2247//4727
f 2247//4727 3012//4718 2251//4728
f 2251//4728 3012//4718 3014//4729
f 2251//4730 3014//4686 2250//4731
f 2250//4731 3014//4686 2219//4732
f 2219//4732 3014//4686 2218//4733
f 2218//4733 3014//4686 2216//4734
f 2216//4734 3014//4686 2215//4735
f 2215//4735 3014//4686 2222//4736
f 2222//4736 3014//4686 2221//4737
f 2221//4737 3014//4686 3008//4693
f 2221//4738 3008//4694 2220//4739
f 2220//4739 3008//4694 2225//4740
f 2225//4740 3008//4694 2224//4741
f 2224//4741 3008//4694 2223//4742
f 2223//4742 3008//4694 3009//4700
f 2223//4743 3009//4744 2228//4745
f 2228//4745 3009//4744 2227//4746
f 2227//4746 3009//4744 2226//4747
f 2226//4747 3009//4744 2231//4748
f 2231//4748 3009//4744 2230//4749
f 2230//4749 3009//4744 2229//4750
f 2229//4750 3009//4744 2234//4751
f 2234//4751 3009//4744 2233//4752
f 2233//4752 3009//4744 2232//4753
f 2232//4753 3009//4744 3011//4754
f 2232//4755 3011//4665 2237//4711
f 2253//1292 2236//4341 2235//1292
f 2254//4177 2235//4178 2240//4177
f 2254//4177 2240//4177 2255//4177
f 2258//1298 2242//1298 2291//4183
f 2291//1300 2242//1300 2241//1300
f 2291//1300 2241//1300 2259//1301
f 2259//1303 2246//1303 2260//1303
f 2262//1308 2244//4184 2249//1308
f 2262//1308 2249//1308 2294//4653
f 2294//1309 2249//1309 2248//1309
f 2294//1309 2248//1309 2263//1309
f 2263//1311 2247//1311 2264//1311
f 2265//3402 2251//3402 2250//3402
f 2266//4756 2250//1313 2219//1314
f 2266//4756 2219//1314 2267//1312
f 2268//1317 2218//1318 2216//1317
f 2268//1317 2216//1317 2269//1319
f 2269//3405 2215//3405 2270//4366
f 2272//3411 2220//3411 2273//4194
f 2273//1322 2220//1323 2225//1322
f 2274//1324 2225//1324 2224//1324
f 2274//1324 2224//1324 2275//1325
f 2276//3413 2223//3414 2228//3414
f 2279//1329 2226//4196 2231//1329
f 2279//1329 2231//1329 2288//1329
f 2288//1330 2231//1330 2230//1330
f 2288//1330 2230//1330 2280//1330
f 2283//3421 2233//3421 2232//3421
f 2284//1334 2232//1335 2237//1335
f 3191//4757 3015//4758 3185//4759
f 3185//4759 3015//4760 3016//4761
f 3018//4762 3019//4763 3025//4764
f 3025//4764 3019//4763 3017//4765
f 3021//4766 3022//4767 3023//4768
f 3023//4768 3026//4769 3024//4770
f 3020//4771 3024//4770 3017//4765
f 3027//4772 3023//4768 3022//4767
f 3024//4770 3020//4771 3023//4768
f 3023//4768 3020//4771 3021//4766
f 3024//4770 3025//4764 3017//4765
f 3028//4773 3032//4774 3176//4775
f 3028//4776 3176//4776 3022//4776
f 3022//4767 3176//4777 3027//4772
f 3077//4778 3030//4779 3029//4780
f 3030//4779 3031//4781 3029//4780
f 3029//4780 3031//4781 3036//4782
f 3032//4774 3028//4773 3033//4783
f 3033//4783 3028//4773 3034//4784
f 3033//4783 3034//4784 3029//4780
f 3033//4783 3029//4780 3036//4782
f 3033//4783 3036//4782 3035//4785
f 3042//4786 3037//4787 3038//4788
f 3038//4788 3041//4789 3042//4786
f 3046//4790 3040//4791 3038//4788
f 3038//4788 3040//4791 3041//4789
f 3039//4792 3038//4788 3037//4787
f 3044//4793 3043//4794 3045//4795
f 3044//4793 3045//4795 3046//4796
f 3038//4788 3039//4792 3044//4793
f 3044//4793 3039//4792 3043//4794
f 3047//4797 3042//4786 3048//4798
f 3048//4798 3042//4786 3041//4789
f 3048//4798 3041//4789 3040//4791
f 3048//4798 3040//4791 3049//4799
f 3049//4799 3040//4791 3050//4800
f 3050//4800 3040//4791 3046//4790
f 3050//4800 3046//4790 3051//4801
f 3051//4801 3046//4796 3045//4795
f 3051//4801 3045//4795 3043//4794
f 3051//4801 3043//4794 3052//4802
f 3052//4802 3043//4794 3039//4792
f 3052//4802 3039//4792 3267//4803
f 3267//4803 3039//4792 3053//4804
f 3053//4804 3039//4792 3037//4787
f 3053//4804 3037//4787 3047//4805
f 3047//4797 3037//4787 3042//4786
f 3057//4806 3059//4807 3058//4808
f 3056//4809 3059//4807 3057//4806
f 3061//4810 3060//4811 3065//4812
f 3066//4813 3065//4814 3064//4815
f 3066//4813 3064//4815 3063//4816
f 3066//4813 3063//4816 3062//4817
f 3070//4818 3068//4819 3067//4820
f 3068//4819 3070//4818 3069//4821
f 3035//4785 3072//4822 3071//4823
f 3015//4758 3076//4824 3077//4778
f 3077//4778 3076//4824 3078//4825
f 3079//4826 3182//4827 3178//4828
f 3079//4826 3178//4828 3080//4829
f 3080//4829 3178//4828 3081//4830
f 3081//4830 3178//4828 3106//4831
f 3081//4830 3106//4831 3082//4832
f 3082//4832 3106//4831 3179//4833
f 3082//4832 3179//4833 3083//4834
f 3083//4834 3179//4833 3087//4835
f 3087//4835 3179//4833 3177//4836
f 3087//4835 3177//4836 3084//4837
f 3084//4837 3177//4836 3181//4838
f 3084//4837 3181//4838 3085//4839
f 3085//4839 3181//4838 3180//4840
f 3085//4839 3180//4840 3086//4841
f 3086//4841 3180//4840 3182//4827
f 3086//4841 3182//4827 3079//4826
f 3089//4842 3264//4843 3088//4844
f 3090//4845 3089//4842 3088//4844
f 3088//4844 3091//4846 3090//4845
f 3256//4847 3091//4846 3092//4848
f 3128//4849 3254//4850 3094//4851
f 3128//4849 3094//4851 3095//4852
f 3094//4851 3096//4853 3242//4854
f 3094//4851 3242//4854 3095//4852
f 3094//4851 3241//4855 3096//4853
f 3049//4799 3098//4856 3253//4857
f 3049//4799 3099//4858 3098//4859
f 3252//4860 3099//4858 3049//4799
f 3252//4860 3100//4861 3099//4858
f 3100//4861 3252//4860 3251//4862
f 3251//4863 3101//4864 3100//4861
f 3052//4802 3101//4865 3251//4862
f 3102//4866 3101//4864 3052//4867
f 3267//4803 3102//4868 3052//4802
f 3250//4869 3103//4870 3267//4803
f 3267//4871 3103//4870 3102//4866
f 3047//4805 3103//4870 3250//4869
f 3253//4857 3098//4856 3047//4797
f 3047//4805 3098//4872 3103//4870
f 3104//4873 3105//4874 3106//4831
f 3107//4875 3019//4763 3018//4762
f 3107//4875 3018//4762 3109//4876
f 3107//4875 3109//4876 3108//4877
f 3076//4824 3110//4878 3111//4879
f 3111//4879 3110//4878 3112//4880
f 3113//4881 3112//4880 3183//4882
f 3026//4769 3023//4768 3033//4783
f 3026//4769 3033//4783 3114//4883
f 3071//4823 3072//4822 3173//4884
f 3173//4884 3072//4822 3078//4825
f 3076//4824 3111//4879 3173//4884
f 3076//4824 3173//4884 3078//4825
f 3114//4883 3033//4783 3035//4785
f 3114//4883 3035//4785 3071//4823
f 3183//4882 3115//4885 3113//4881
f 3113//4881 3115//4885 3116//4886
f 3113//4881 3116//4886 3117//4887
f 3117//4887 3116//4886 3136//4888
f 3117//4887 3136//4888 3118//4889
f 3118//4889 3136//4888 3174//4890
f 3108//4877 3109//4876 3120//4891
f 3108//4877 3120//4891 3119//4892
f 3119//4892 3120//4891 3174//4890
f 3173//4884 3121//4893 3071//4823
f 3114//4883 3122//4894 3026//4769
f 3026//4769 3123//4895 3109//4896
f 3118//4889 3174//4890 3120//4897
f 3112//4880 3124//4898 3231//4899
f 3112//4880 3231//4899 3111//4879
f 3111//4879 3231//4899 3173//4884
f 3173//4884 3231//4899 3233//4900
f 3173//4884 3233//4900 3232//4901
f 3173//4884 3232//4901 3121//4893
f 3121//4893 3232//4901 3125//4902
f 3121//4893 3125//4902 3071//4823
f 3172//4903 3126//4904 3127//4905
f 3118//4889 3127//4905 3117//4887
f 3117//4887 3127//4905 3240//4906
f 3117//4887 3240//4906 3113//4881
f 3113//4881 3240//4906 3112//4880
f 3112//4880 3240//4906 3124//4898
f 3071//4823 3125//4902 3234//4907
f 3071//4823 3234//4907 3122//4894
f 3122//4894 3234//4907 3235//4908
f 3122//4894 3235//4908 3026//4769
f 3026//4769 3235//4908 3236//4909
f 3026//4769 3236//4909 3123//4895
f 3123//4895 3236//4909 3172//4903
f 3132//4910 3254//4850 3128//4849
f 3129//4911 3135//4912 3131//4913
f 3131//4913 3128//4849 3129//4911
f 3131//4913 3132//4910 3128//4849
f 3088//4844 3264//4843 3133//4914
f 3136//4888 3137//4915 3138//4916
f 3136//4888 3138//4916 3174//4890
f 3139//4917 3141//4918 3140//4919
f 3141//4918 3142//4920 3140//4921
f 3140//4921 3142//4920 3137//4915
f 3143//4922 3144//4923 3116//4886
f 3116//4886 3144//4923 3145//4924
f 3116//4886 3145//4924 3140//4921
f 3116//4886 3140//4921 3137//4915
f 3116//4886 3137//4915 3136//4888
f 3143//4922 3116//4886 3148//4925
f 3148//4925 3116//4886 3115//4885
f 3144//4923 3143//4922 3146//4926
f 3144//4927 3146//4927 3153//4927
f 3153//4928 3146//4929 3147//4930
f 3154//4931 3046//4932 3155//4933
f 3155//4933 3046//4932 3038//4788
f 3154//4931 3044//4793 3046//4932
f 3164//4934 3163//4935 3156//4936
f 3156//4936 3163//4937 3157//4938
f 3156//4936 3157//4938 3158//4939
f 3158//4939 3157//4938 3159//4940
f 3158//4939 3159//4940 3160//4941
f 3160//4941 3159//4940 3161//4942
f 3160//4941 3161//4942 3162//4943
f 3162//4943 3161//4942 3163//4935
f 3162//4943 3163//4935 3164//4934
f 3164//4934 3156//4936 3165//4944
f 3165//4944 3156//4936 3158//4939
f 3165//4944 3158//4939 3166//4945
f 3166//4945 3158//4939 3160//4941
f 3166//4945 3160//4941 3167//4946
f 3167//4946 3160//4941 3162//4943
f 3167//4946 3162//4943 3164//4934
f 3056//4809 3171//4947 3059//4807
f 3059//4807 3171//4947 3168//4948
f 3059//4807 3168//4948 3058//4808
f 3058//4808 3168//4948 3169//4949
f 3058//4808 3169//4949 3057//4806
f 3057//4806 3169//4949 3170//4950
f 3057//4806 3170//4950 3056//4809
f 3056//4809 3170//4950 3171//4947
f 3171//4947 3164//4934 3168//4948
f 3168//4948 3164//4934 3165//4951
f 3168//4948 3165//4951 3169//4949
f 3169//4949 3165//4951 3166//4952
f 3169//4949 3166//4952 3167//4953
f 3169//4949 3167//4946 3170//4950
f 3170//4950 3167//4946 3171//4947
f 3171//4947 3167//4946 3164//4934
f 3104//4873 3106//4831 3097//4954
f 3109//4896 3172//4903 3120//4897
f 3114//4883 3071//4823 3122//4894
f 3109//4896 3123//4895 3172//4903
f 3120//4897 3172//4903 3127//4905
f 3120//4897 3127//4905 3118//4889
f 3174//4890 3138//4916 3139//4917
f 3174//4890 3139//4917 3119//4892
f 3107//4875 3108//4877 3139//4917
f 3139//4917 3108//4877 3119//4892
f 3175//4955 3027//4772 3176//4777
f 3175//4956 3176//4775 3032//4774
f 3155//4933 3038//4788 3044//4793
f 3104//4873 3097//4954 3105//4874
f 3177//4836 3179//4833 3105//4874
f 3105//4874 3179//4833 3106//4831
f 3105//4874 3181//4838 3177//4836
f 3097//4954 3180//4840 3181//4838
f 3178//4828 3182//4827 3106//4831
f 3106//4831 3182//4827 3097//4954
f 3097//4954 3181//4838 3105//4874
f 3097//4954 3182//4827 3180//4840
f 3184//4957 3153//4928 3115//4885
f 3183//4882 3075//4958 3185//4759
f 3148//4925 3115//4885 3147//4930
f 3147//4930 3115//4885 3153//4928
f 3016//4761 3183//4882 3185//4759
f 3183//4882 3016//4761 3115//4885
f 3115//4885 3016//4761 3184//4957
f 3184//4957 3016//4761 3054//4959
f 3184//4957 3054//4959 3186//4960
f 3186//4960 3054//4959 3055//4961
f 3186//4960 3055//4961 3034//4784
f 3034//4784 3055//4961 3029//4780
f 3021//4766 3020//4771 3190//4962
f 3021//4963 3190//4962 3187//4964
f 3187//4964 3190//4962 3188//4965
f 3188//4965 3190//4962 3189//4966
f 3188//4965 3189//4966 3145//4924
f 3145//4924 3189//4966 3140//4967
f 3139//4968 3189//4966 3190//4962
f 3139//4968 3190//4962 3107//4969
f 3140//4967 3189//4966 3139//4968
f 3107//4969 3190//4962 3020//4771
f 3032//4774 3033//4783 3175//4970
f 3175//4970 3033//4783 3023//4971
f 3175//4972 3023//4768 3027//4772
f 3109//4896 3018//4762 3192//4973
f 3192//4973 3018//4762 3025//4764
f 3192//4973 3025//4764 3024//4770
f 3192//4973 3024//4770 3026//4769
f 3192//4973 3026//4769 3109//4896
f 3067//4820 3196//4974 3070//4818
f 3070//4818 3196//4974 3193//4975
f 3070//4818 3193//4975 3194//4976
f 3070//4818 3194//4976 3069//4821
f 3069//4821 3194//4976 3068//4819
f 3068//4819 3194//4976 3195//4977
f 3068//4819 3195//4977 3067//4820
f 3067//4820 3195//4977 3196//4974
f 3154//4931 3155//4933 3044//4793
f 3206//4978 3186//4960 3034//4784
f 3206//4978 3034//4784 3204//4979
f 3204//4979 3034//4784 3021//4766
f 3204//4980 3021//4963 3201//4981
f 3201//4981 3021//4963 3187//4964
f 3201//4981 3187//4964 3212//4982
f 3212//4982 3187//4964 3188//4965
f 3212//4982 3188//4965 3197//4983
f 3197//4983 3188//4965 3145//4924
f 3197//4983 3145//4924 3210//4984
f 3210//4984 3145//4924 3184//4957
f 3210//4984 3184//4957 3198//4985
f 3198//4985 3184//4957 3186//4960
f 3198//4985 3186//4960 3206//4978
f 3147//4930 3146//4929 3148//4986
f 3148//4987 3146//4926 3143//4922
f 3110//4878 3074//4988 3075//4958
f 3110//4878 3075//4958 3183//4882
f 3213//4989 3202//4990 3201//4981
f 3201//4991 3202//4992 3203//4993
f 3201//4981 3203//4994 3204//4980
f 3203//4995 3199//4996 3204//4979
f 3204//4979 3199//4996 3205//4997
f 3204//4979 3205//4997 3206//4978
f 3206//4978 3205//4997 3198//4985
f 3198//4985 3205//4997 3207//4998
f 3198//4985 3207//4998 3210//4984
f 3210//4984 3207//4998 3208//4999
f 3210//4984 3208//4999 3209//5000
f 3210//4984 3209//5000 3197//4983
f 3197//4983 3209//5000 3211//5001
f 3197//4983 3211//5001 3212//4982
f 3212//4982 3211//5001 3213//4989
f 3212//4982 3213//4989 3201//4981
f 3203//4995 3213//4989 3218//5002
f 3208//4999 3207//4998 3225//5003
f 3224//5004 3216//5005 3217//5006
f 3199//4996 3203//4995 3218//5002
f 3218//5002 3219//5007 3200//5008
f 3218//5009 3200//5010 3199//4996
f 3219//5007 3218//5002 3215//5011
f 3219//5007 3215//5011 3220//5012
f 3220//5012 3215//5011 3221//5013
f 3218//5002 3222//5014 3215//5011
f 3213//4989 3211//5001 3218//5002
f 3222//5014 3214//5015 3215//5011
f 3218//5002 3211//5001 3222//5014
f 3211//5001 3209//5000 3223//5016
f 3211//5001 3223//5016 3222//5014
f 3222//5014 3223//5016 3214//5015
f 3214//5015 3224//5004 3209//5000
f 3209//5000 3225//5003 3223//5016
f 3214//5015 3223//5016 3224//5004
f 3209//5000 3224//5004 3225//5003
f 3224//5004 3208//4999 3225//5003
f 3225//5003 3207//4998 3223//5016
f 3223//5016 3216//5005 3224//5004
f 3223//5016 3207//4998 3216//5005
f 3224//5004 3217//5006 3208//4999
f 3077//4778 3029//4780 3055//4961
f 3015//4760 3054//4959 3016//4761
f 3077//4778 3055//4961 3054//4959
f 3077//4778 3054//4959 3015//4760
f 3060//4811 3226//5017 3065//4812
f 3065//4812 3226//5017 3064//4815
f 3064//4815 3226//5017 3227//5018
f 3064//4815 3227//5018 3063//4816
f 3063//4816 3227//5019 3228//5020
f 3063//4816 3228//5020 3062//4817
f 3062//4817 3228//5020 3229//5021
f 3062//4817 3229//5021 3061//4810
f 3061//4810 3229//5021 3230//5022
f 3061//4810 3230//5022 3060//4811
f 3060//4811 3230//5022 3226//5017
f 3163//5023 3161//5024 3095//4852
f 3231//4899 3230//5025 3233//4900
f 3228//5026 3128//4849 3229//5027
f 3128//4849 3228//5026 3129//4911
f 3229//5027 3232//4901 3233//4900
f 3229//5027 3233//4900 3230//5025
f 3157//5028 3163//5023 3130//5029
f 3235//4908 3234//4907 3128//4849
f 3232//4901 3128//4849 3125//4902
f 3124//4898 3226//5030 3231//4899
f 3231//4899 3226//5030 3230//5025
f 3095//4852 3161//5024 3235//4908
f 3095//4852 3235//4908 3128//4849
f 3128//4849 3234//4907 3125//4902
f 3235//4908 3161//5024 3159//5031
f 3237//5032 3159//5031 3236//4909
f 3235//4908 3159//5031 3237//5032
f 3130//5029 3163//5023 3095//4852
f 3128//4849 3232//4901 3229//5027
f 3236//4909 3159//5031 3238//5033
f 3238//5033 3159//5031 3157//5028
f 3238//5033 3157//5028 3239//5034
f 3226//5030 3124//4898 3240//4906
f 3129//4911 3228//5026 3227//5035
f 3227//5035 3226//5030 3129//4911
f 3129//4911 3226//5030 3240//4906
f 3129//4911 3240//4906 3130//5029
f 3240//4906 3127//4905 3130//5029
f 3239//5034 3157//5028 3130//5029
f 3130//5029 3127//4905 3239//5034
f 3095//4852 3242//4854 3093//5036
f 3130//5029 3091//4846 3088//4844
f 3130//5029 3088//4844 3129//4911
f 3088//4844 3133//4914 3134//5037
f 3088//4844 3134//5037 3129//4911
f 3129//4911 3134//5037 3135//4912
f 3095//4852 3093//5036 3092//4848
f 3092//4848 3091//4846 3130//5029
f 3095//4852 3092//4848 3130//5029
f 3019//4763 3107//4875 3017//4765
f 3017//4765 3107//4969 3020//4771
f 3219//5038 3243//5038 3248//5038
f 3248//5039 3243//5039 3220//5039
f 3248//5040 3220//5040 3244//5040
f 3248//5041 3244//5042 3221//5041
f 3221//5043 3245//5044 3248//5045
f 3248//5045 3245//5044 3246//5046
f 3246//5047 3245//5048 3215//5011
f 3246//5047 3215//5011 3214//5015
f 3246//5047 3214//5015 3247//5049
f 3247//5049 3214//5015 3208//4999
f 3247//5049 3208//4999 3217//5006
f 3247//5049 3217//5006 3205//4997
f 3247//5049 3205//4997 3248//5045
f 3248//5045 3205//4997 3200//5010
f 3248//5045 3200//5010 3249//5050
f 3248//5051 3249//5052 3219//5052
f 3248//5045 3246//5046 3247//5049
f 3047//4805 3250//4869 3267//4803
f 3052//4802 3251//4862 3051//4801
f 3051//4801 3251//4862 3050//4800
f 3050//4800 3251//4862 3252//4860
f 3050//4800 3252//4860 3049//4799
f 3049//4799 3253//4857 3048//4798
f 3048//4798 3253//4857 3047//4797
f 3077//4778 3073//5053 3030//4779
f 3074//4988 3191//4757 3075//4958
f 3075//4958 3191//4757 3185//4759
f 3035//4785 3036//4782 3072//4822
f 3072//4822 3036//4782 3073//5053
f 3110//4878 3183//4882 3112//4880
f 3239//5034 3126//4904 3238//5033
f 3262//5054 3255//5055 3264//4843
f 3260//5056 3254//4850 3132//4910
f 3132//4910 3131//4913 3261//5057
f 3263//5058 3241//4855 3262//5054
f 3090//5059 3259//5060 3089//5061
f 3263//5058 3264//4843 3089//5061
f 3266//5062 3265//5063 3134//5037
f 3255//5055 3266//5062 3133//4914
f 3266//5062 3134//5037 3133//4914
f 3131//4913 3135//4912 3134//5037
f 3131//4913 3134//5037 3257//5064
f 3265//5063 3257//5064 3134//5037
f 3133//4914 3264//4843 3255//5055
f 3091//4846 3256//4847 3090//5059
f 3131//4913 3257//5064 3261//5057
f 3262//5054 3264//4843 3263//5058
f 3259//5060 3090//5059 3256//4847
f 3259//5060 3256//4847 3098//4872
f 3098//4872 3256//4847 3092//4848
f 3098//4859 3099//4858 3259//5060
f 3258//5065 3255//5066 3261//5057
f 3261//5057 3255//5066 3262//5067
f 3261//5057 3262//5067 3260//5068
f 3261//5057 3257//5064 3258//5065
f 3132//4910 3261//5057 3260//5068
f 3089//5061 3259//5060 3263//5058
f 3241//4855 3101//4864 3096//4853
f 3093//5036 3103//4870 3092//4848
f 3092//4848 3103//4870 3098//4872
f 3100//4861 3101//4864 3241//4855
f 3100//4861 3241//4855 3099//4858
f 3099//4858 3241//4855 3259//5060
f 3259//5060 3241//4855 3263//5058
f 3093//5036 3102//4866 3103//4870
f 3266//5069 3151//5069 3265//5069
f 3083//4834 3265//5070 3151//5071
f 3083//4834 3257//5064 3265//5072
f 3257//5064 3083//4834 3150//5073
f 3257//5064 3150//5073 3258//5065
f 3258//5074 3150//5073 3084//4837
f 3258//5074 3084//4837 3085//4839
f 3086//4841 3258//5065 3085//4839
f 3086//4841 3255//5066 3258//5065
f 3149//5075 3255//5066 3086//4841
f 3080//4829 3255//5066 3149//5075
f 3255//5076 3080//5076 3266//5076
f 3266//5077 3080//4829 3152//5078
f 3151//5071 3266//5079 3152//5078
f 3072//4822 3073//5053 3077//4778
f 3072//4822 3077//4778 3078//4825
f 3036//4782 3031//4781 3030//4779
f 3030//4779 3073//5053 3036//4782
f 3102//4866 3096//4853 3101//4864
f 3093//5036 3242//4854 3102//4866
f 3102//4866 3242//4854 3096//4853
f 3015//4758 3191//4757 3074//4988
f 3110//4878 3076//4824 3015//4758
f 3110//4878 3015//4758 3074//4988
f 3196//4974 3065//4814 3193//4975
f 3193//4975 3065//4814 3066//4813
f 3193//4975 3066//4813 3194//4976
f 3194//4976 3066//4813 3062//4817
f 3194//4976 3062//4817 3195//4977
f 3195//4977 3062//4817 3061//4810
f 3195//4977 3061//4810 3065//5080
f 3195//4977 3065//4814 3196//4974
f 3053//4804 3047//4805 3267//4803
f 3079//4826 3080//4829 3149//5075
f 3079//4826 3149//5075 3086//4841
f 3084//4837 3150//5073 3087//4835
f 3087//4835 3150//5073 3083//4834
f 3082//4832 3083//4834 3151//5071
f 3082//4832 3151//5071 3081//4830
f 3081//4830 3151//5071 3152//5078
f 3081//4830 3152//5078 3080//4829
f 3137//4915 3142//4920 3141//4918
f 3141//4918 3138//4916 3137//4915
f 3207//4998 3217//5006 3216//5005
f 3139//4917 3138//4916 3141//4918
f 3209//5000 3208//4999 3214//5015
f 3217//5006 3207//4998 3205//4997
f 3205//4997 3199//4996 3200//5010
f 3022//4767 3021//4766 3028//4773
f 3028//4773 3021//4766 3034//4784
f 3153//4928 3184//4957 3144//4923
f 3144//4923 3184//4957 3145//4924
f 3172//4903 3238//5033 3126//4904
f 3172//4903 3236//4909 3238//5033
f 3126//4904 3239//5034 3127//4905
f 3236//4909 3235//4908 3237//5032
f 3262//5067 3241//4855 3094//4851
f 3260//5068 3262//5067 3094//4851
f 3094//4851 3254//4850 3260//5068
f 3268//5081 3271//5082 3270//5083
f 3268//5081 3269//5084 3271//5082
f 3272//5085 3273//5086 3274//5087
f 3274//5087 3273//5086 3275//5088
f 3274//5087 3275//5088 3276//5089
f 3276//5089 3277//5090 3278//5091
f 3276//5092 3282//5093 3279//5094
f 3276//5092 3279//5094 3274//5095
f 3274//5095 3279//5094 3280//5096
f 3274//5095 3280//5096 3272//5085
f 3272//5085 3280//5096 3281//5097
f 3272//5085 3281//5097 3278//5091
f 3278//5091 3281//5097 3282//5093
f 3278//5091 3282//5093 3276//5092
f 3283//5098 3271//5082 3269//5084
f 3290//5099 3291//5100 3289//5101
f 3293//5102 3292//5103 3294//5104
f 3298//5105 3398//5106 3299//5107
f 3299//5107 3398//5106 3399//5108
f 3443//5109 3444//5110 3422//5111
f 3443//5109 3422//5111 3300//5112
f 3302//5113 3306//5114 3307//5115
f 3304//5116 3305//5117 3301//5118
f 3301//5118 3305//5117 3306//5114
f 3301//5118 3306//5114 3302//5113
f 3309//5119 3304//5116 3303//5120
f 3303//5120 3304//5116 3301//5118
f 3302//5113 3307//5115 3308//5121
f 3302//5113 3308//5121 3303//5120
f 3304//5116 3348//5122 3350//5123
f 3304//5116 3350//5123 3305//5117
f 3305//5117 3350//5123 3306//5114
f 3306//5114 3350//5124 3351//5125
f 3306//5114 3351//5125 3307//5115
f 3307//5115 3351//5125 3352//5126
f 3307//5115 3352//5126 3308//5121
f 3308//5121 3352//5127 3344//5128
f 3308//5121 3344//5128 3345//5129
f 3308//5121 3345//5129 3346//5130
f 3308//5121 3346//5130 3303//5120
f 3303//5120 3346//5130 3309//5119
f 3309//5119 3346//5130 3432//5131
f 3309//5119 3432//5131 3304//5116
f 3304//5116 3432//5131 3348//5122
f 3312//5132 3314//5133 3313//5134
f 3312//5132 3315//5135 3314//5133
f 3314//5133 3319//5136 3316//5137
f 3314//5133 3316//5137 3313//5134
f 3313//5134 3316//5137 3317//5138
f 3313//5134 3317//5138 3312//5132
f 3312//5132 3317//5138 3318//5139
f 3312//5132 3318//5139 3315//5135
f 3315//5135 3318//5139 3319//5136
f 3315//5135 3319//5136 3314//5133
f 3320//5140 3321//5141 3322//5142
f 3322//5142 3321//5141 3323//5143
f 3322//5142 3323//5143 3417//5144
f 3321//5141 3320//5140 3324//5145
f 3325//5146 3326//5147 3327//5148
f 3329//5149 3328//5150 3330//5151
f 3331//5152 3333//5153 3332//5154
f 3333//5155 3331//5156 3334//5157
f 3335//5158 3338//5159 3337//5160
f 3337//5160 3338//5159 3336//5161
f 3340//5162 3406//5163 3325//5164
f 3334//5165 3331//5152 3339//5166
f 3339//5166 3331//5152 3328//5150
f 3339//5166 3328//5150 3340//5162
f 3340//5162 3328//5150 3406//5163
f 3335//5158 3337//5160 3339//5166
f 3327//5148 3341//5167 3325//5164
f 3325//5164 3341//5167 3340//5162
f 3339//5166 3337//5160 3334//5165
f 3328//5150 3329//5149 3406//5163
f 3406//5163 3329//5149 3556//5168
f 3340//5162 3341//5167 3342//5169
f 3340//5162 3342//5169 3343//5170
f 3325//5146 3592//5171 3326//5147
f 3358//5172 3357//5173 3359//793
f 3359//793 3357//5173 3360//793
f 3359//793 3360//793 3361//5174
f 3359//793 3361//5174 3356//5175
f 3361//5174 3407//5176 3355//5177
f 3363//5178 3356//5175 3354//5179
f 3354//5179 3356//5175 3361//5174
f 3354//5179 3361//5174 3355//5177
f 3396//5180 3358//5172 3359//5181
f 3396//5180 3359//5181 3364//5182
f 3364//5182 3359//5181 3356//5175
f 3364//5182 3356//5175 3363//5178
f 3373//5183 3372//5184 3371//5185
f 3371//5185 3370//5186 3373//5183
f 3372//5184 3374//5187 3371//5185
f 3371//5185 3374//5187 3375//5188
f 3371//5185 3375//5188 3370//5186
f 3370//5186 3375//5188 3376//5189
f 3370//5186 3376//5189 3373//5183
f 3373//5183 3376//5189 3374//5187
f 3373//5183 3374//5187 3372//5184
f 3420//5190 3291//5100 3292//5103
f 3292//5103 3291//5100 3290//5099
f 3420//5190 3292//5103 3293//5102
f 3420//5190 3293//5102 3378//5191
f 3320//5140 3338//5159 3335//5158
f 3296//5192 3380//5193 3379//5194
f 3391//5195 3390//5196 3389//5197
f 3575//5198 3392//5199 3391//5195
f 3389//5197 3388//5200 3391//5195
f 3391//5195 3388//5200 3529//5201
f 3391//5195 3529//5201 3575//5198
f 3418//5202 3395//5203 3394//5204
f 3358//5172 3396//5180 3357//5173
f 3357//5205 3396//5206 3365//5207
f 3365//5207 3397//5208 3398//5209
f 3398//5106 3397//5210 3399//5108
f 3399//5108 3397//5210 3400//5211
f 3400//5211 3397//5210 3421//5212
f 3400//5211 3421//5212 3423//5213
f 3357//5205 3365//5207 3362//5214
f 3362//5214 3365//5207 3366//5215
f 3343//5170 3342//5169 3401//5216
f 3343//5170 3401//5216 3402//5217
f 3402//5217 3401//5216 3326//5218
f 3402//5217 3326//5218 3403//5219
f 3326//5147 3401//5220 3327//5148
f 3327//5148 3401//5220 3341//5167
f 3401//5220 3342//5169 3341//5167
f 3409//5221 3411//5222 3408//5223
f 3408//5223 3412//5224 3410//5225
f 3408//5223 3410//5225 3409//5221
f 3409//5221 3413//5226 3411//5222
f 3408//5223 3414//5227 3412//5224
f 3410//5225 3413//5226 3409//5221
f 3411//5222 3414//5227 3408//5223
f 3410//5225 3412//5224 3414//5227
f 3555//5228 3428//5229 3479//5230
f 3337//5160 3417//5231 3334//5157
f 3334//5157 3417//5231 3333//5155
f 3279//5094 3271//5082 3283//5098
f 3279//5094 3283//5098 3280//5096
f 3280//5096 3283//5098 3269//5084
f 3280//5096 3269//5084 3281//5097
f 3281//5097 3269//5084 3268//5081
f 3281//5097 3268//5081 3270//5083
f 3281//5097 3270//5083 3282//5093
f 3282//5093 3270//5083 3271//5082
f 3282//5093 3271//5082 3279//5094
f 3548//5232 3549//5233 3419//5234
f 3419//5234 3549//5233 3550//5235
f 3420//5236 3377//5237 3294//5238
f 3420//5190 3294//5104 3289//5101
f 3420//5190 3289//5101 3291//5100
f 3421//5212 3300//5112 3422//5111
f 3422//5111 3423//5213 3421//5212
f 3424//5239 3323//5143 3273//5086
f 3273//5086 3323//5143 3321//5240
f 3273//5086 3321//5240 3425//5241
f 3425//5241 3321//5240 3426//5242
f 3426//5242 3321//5240 3324//5145
f 3357//5205 3362//5214 3427//5243
f 3357//5205 3427//5243 3360//5244
f 3360//5244 3427//5243 3407//5176
f 3360//5244 3407//5176 3361//5174
f 3494//5245 3428//5229 3496//5246
f 3496//5246 3428//5229 3555//5228
f 3346//5130 3347//5247 3432//5131
f 3432//5131 3347//5247 3348//5122
f 3348//5122 3349//5248 3350//5123
f 3388//5200 3389//5197 3433//5249
f 3433//5249 3389//5197 3390//5250
f 3439//5251 3438//5252 3440//5253
f 3440//5253 3438//5252 3435//5254
f 3440//5253 3435//5254 3436//5255
f 3440//5253 3436//5255 3441//5256
f 3441//5256 3436//5255 3437//5257
f 3441//5256 3437//5257 3442//5258
f 3442//5258 3437//5257 3438//5252
f 3442//5258 3438//5252 3439//5251
f 3442//5258 3440//5253 3441//5256
f 3442//5258 3439//5251 3440//5253
f 3415//5259 3310//5260 3382//5261
f 3382//5261 3310//5260 3311//5262
f 3385//5263 3384//5264 3311//5262
f 3382//5261 3311//5262 3383//5265
f 3387//5266 3386//5267 3385//5263
f 3387//5266 3385//5263 3311//5262
f 3382//5261 3381//5268 3387//5266
f 3384//5264 3383//5265 3311//5262
f 3415//5259 3387//5269 3310//5260
f 3310//5260 3387//5269 3311//5262
f 3426//5242 3324//5145 3339//5166
f 3339//5166 3324//5145 3320//5140
f 3339//5166 3320//5140 3335//5158
f 3450//5270 3286//5271 3446//5272
f 3446//5272 3286//5273 3287//5274
f 3446//5272 3287//5274 3447//5275
f 3447//5275 3287//5274 3288//5276
f 3447//5275 3288//5276 3448//5277
f 3448//5277 3288//5276 3285//5278
f 3448//5277 3285//5278 3449//5279
f 3449//5279 3285//5278 3450//5270
f 3450//5270 3285//5278 3286//5271
f 3434//5280 3451//5281 3452//5282
f 3495//5283 3453//5284 3493//5285
f 3493//5285 3453//5284 3454//5286
f 3454//5286 3453//5284 3455//5287
f 3455//5287 3453//5284 3456//5288
f 3457//5289 3458//5290 3459//5291
f 3457//5289 3459//5291 3460//5292
f 3460//5292 3459//5291 3461//5293
f 3460//5292 3461//5293 3462//5294
f 3462//5294 3461//5293 3463//5295
f 3465//5296 3467//5297 3466//5298
f 3466//5298 3467//5297 3416//5299
f 3467//5297 3468//5300 3416//5301
f 3467//5297 3469//5302 3468//5300
f 3468//5300 3469//5302 3470//5303
f 3470//5303 3469//5302 3471//5304
f 3471//5304 3469//5302 3472//5305
f 3472//5305 3473//5306 3471//5304
f 3471//5304 3473//5306 3474//5307
f 3474//5307 3473//5306 3475//5308
f 3474//5307 3475//5308 3476//5309
f 3476//5309 3475//5308 3477//5310
f 3478//5311 3477//5310 3479//5230
f 3479//5230 3477//5310 3496//5246
f 3375//5188 3480//5312 3376//5189
f 3376//5189 3480//5312 3482//5313
f 3376//5189 3482//5313 3374//5187
f 3374//5187 3482//5313 3481//5314
f 3374//5187 3481//5314 3483//5315
f 3374//5187 3483//5316 3375//5188
f 3375//5188 3483//5316 3480//5312
f 3428//5229 3484//5317 3479//5230
f 3479//5230 3484//5317 3434//5280
f 3479//5230 3434//5280 3480//5312
f 3464//5318 3466//5298 3485//5319
f 3485//5319 3466//5298 3416//5320
f 3485//5319 3416//5320 3486//5321
f 3434//5280 3482//5313 3480//5312
f 3434//5280 3452//5282 3486//5321
f 3486//5321 3452//5282 3485//5319
f 3487//5322 3434//5280 3486//5321
f 3434//5280 3487//5322 3482//5313
f 3488//5323 3484//5317 3493//5285
f 3462//5294 3492//5324 3460//588
f 3489//5325 3460//588 3492//5324
f 3454//588 3488//5323 3493//5285
f 3490//5326 3492//5324 3462//5294
f 3488//5323 3454//588 3491//5327
f 3491//5327 3454//588 3455//5328
f 3457//588 3451//5281 3455//5328
f 3455//5328 3451//5281 3434//5280
f 3452//5282 3451//5281 3489//5325
f 3489//5325 3451//5281 3457//588
f 3455//5328 3434//5280 3491//5327
f 3489//5325 3457//588 3460//588
f 3494//5245 3495//5283 3428//5229
f 3428//5229 3495//5283 3484//5329
f 3495//5283 3501//588 3453//5284
f 3497//592 3453//5284 3501//588
f 3458//5290 3456//5288 3500//588
f 3453//5284 3497//592 3456//5288
f 3467//5297 3461//5293 3469//5302
f 3496//5246 3477//5310 3494//5245
f 3494//5245 3477//5310 3495//5283
f 3498//5330 3463//5295 3461//5293
f 3498//5330 3461//5293 3465//5296
f 3465//5296 3461//5293 3467//5297
f 3495//5283 3477//5310 3501//588
f 3501//588 3477//5310 3475//5331
f 3499//594 3469//5302 3461//5293
f 3500//588 3459//5291 3458//5290
f 3459//5291 3500//588 3461//5293
f 3501//588 3472//5305 3499//594
f 3473//5306 3472//5305 3501//588
f 3473//5306 3501//588 3475//5331
f 3499//594 3472//5305 3469//5302
f 3500//5332 3503//5332 3461//5332
f 3500//5333 3502//5334 3503//5335
f 3504//5336 3461//5337 3503//5338
f 3504//5336 3499//5339 3461//5337
f 3504//5336 3505//5340 3499//5339
f 3506//5341 3507//5342 3511//5343
f 3506//5341 3508//5344 3507//5342
f 3506//5341 3509//5345 3508//5344
f 3510//5346 3509//5345 3506//5341
f 3512//5347 3507//5342 3508//5344
f 3513//5348 3510//5346 3506//5341
f 3513//5348 3506//5341 3511//5343
f 3515//5349 3512//5347 3508//5344
f 3515//5350 3507//5342 3512//5347
f 3514//5351 3511//5351 3515//5351
f 3515//5352 3511//5343 3507//5342
f 3514//5353 3513//5348 3511//5354
f 3516//5355 3520//5356 3518//5357
f 3518//5357 3519//5358 3516//5355
f 3519//5358 3521//5359 3516//5355
f 3516//5355 3521//5359 3517//5360
f 3516//5355 3517//5360 3520//5356
f 3518//5357 3522//5361 3519//5358
f 3296//5192 3523//5362 3524//5363
f 3296//5192 3524//5363 3394//5204
f 3524//5363 3580//5364 3394//5204
f 3508//5344 3586//5365 3525//5366
f 3508//5344 3525//5366 3515//5349
f 3340//5367 3295//5368 3393//5369
f 3354//5370 3394//5204 3363//5178
f 3396//5206 3377//5237 3526//5371
f 3420//5236 3378//5191 3395//5203
f 3395//5203 3378//5191 3394//5204
f 3378//5191 3527//5372 3363//5178
f 3378//5191 3363//5178 3394//5204
f 3526//5371 3377//5237 3420//5236
f 3394//5204 3354//5370 3296//5192
f 3296//5192 3354//5370 3443//5373
f 3396//5206 3526//5371 3365//5207
f 3365//5207 3526//5371 3421//5212
f 3421//5212 3397//5208 3365//5207
f 3526//5371 3300//5112 3421//5212
f 3380//5193 3300//5112 3526//5371
f 3300//5112 3380//5193 3443//5373
f 3443//5373 3380//5193 3296//5192
f 3388//5374 3426//5242 3380//5193
f 3380//5193 3426//5242 3379//5194
f 3339//5375 3393//5369 3379//5194
f 3339//5375 3379//5194 3426//5242
f 3330//5151 3424//5376 3526//5371
f 3526//5371 3343//5170 3403//5377
f 3343//5170 3402//5217 3403//5377
f 3403//5377 3329//5149 3526//5371
f 3526//5371 3329//5149 3330//5151
f 3295//5368 3340//5367 3418//5202
f 3418//5202 3340//5367 3395//5203
f 3340//5367 3343//5170 3395//5203
f 3393//5369 3339//5375 3340//5367
f 3380//5193 3529//793 3388//5374
f 3526//5371 3529//793 3380//5193
f 3388//5200 3433//5249 3528//793
f 3528//793 3433//5249 3526//5371
f 3433//5249 3529//793 3526//5371
f 3526//5371 3424//5376 3528//793
f 3395//5203 3343//5170 3526//5371
f 3395//5203 3526//5371 3420//5236
f 3388//5374 3276//5089 3426//5242
f 3426//5242 3276//5089 3275//5088
f 3426//5242 3275//5088 3425//5241
f 3425//5241 3275//5088 3273//5086
f 3424//5239 3273//5086 3272//5085
f 3424//5239 3272//5085 3278//5091
f 3424//5239 3278//5091 3528//5378
f 3528//5378 3278//5091 3277//5090
f 3528//5378 3277//5090 3388//5374
f 3388//5374 3277//5090 3276//5089
f 3530//5379 3521//5359 3519//5358
f 3530//5379 3519//5358 3522//5361
f 3522//5361 3518//5357 3531//5380
f 3531//5380 3518//5357 3520//5356
f 3531//5380 3520//5356 3517//5360
f 3531//5380 3517//5360 3530//5379
f 3530//5379 3517//5360 3521//5359
f 3391//5195 3392//5199 3532//5381
f 3391//5195 3532//5381 3390//5196
f 3415//5259 3382//5261 3387//5269
f 3496//5246 3555//5228 3479//5230
f 3540//5382 3533//5383 3534//5384
f 3534//5384 3533//5383 3535//5385
f 3534//5384 3535//5385 3536//5386
f 3536//5386 3535//5385 3537//5387
f 3536//5386 3537//5387 3538//5388
f 3538//5388 3537//5387 3539//5389
f 3538//5388 3539//5389 3540//5382
f 3540//5382 3539//5389 3533//5383
f 3540//5382 3534//5384 3536//5386
f 3540//5382 3536//5386 3538//5388
f 3355//5177 3577//5390 3354//5179
f 3354//5179 3577//5390 3298//5105
f 3354//5179 3298//5105 3443//5109
f 3443//5109 3298//5105 3299//5107
f 3443//5109 3299//5107 3444//5110
f 3543//5391 3542//5392 3404//5393
f 3543//5391 3404//5393 3405//5394
f 3404//5393 3445//5395 3431//5396
f 3404//5393 3431//5396 3541//5397
f 3542//5392 3445//5395 3404//5393
f 3404//5393 3541//5397 3405//5394
f 3438//5252 3488//5323 3435//5254
f 3435//5254 3488//5323 3491//5327
f 3435//5254 3491//5327 3436//5255
f 3436//5255 3491//5327 3437//5257
f 3484//5317 3488//5323 3438//5252
f 3484//5317 3438//5252 3434//5280
f 3434//5280 3438//5252 3437//5257
f 3434//5280 3437//5257 3491//5327
f 3495//5283 3493//5285 3484//5317
f 3546//5398 3545//5399 3471//5400
f 3545//5399 3416//5320 3470//5303
f 3470//5303 3416//5320 3468//5300
f 3471//5400 3545//5399 3470//5303
f 3471//5400 3487//5322 3486//5321
f 3476//5401 3483//5316 3474//5402
f 3474//5402 3483//5316 3481//5314
f 3482//5313 3487//5322 3474//5402
f 3474//5402 3487//5322 3471//5400
f 3546//5398 3471//5400 3486//5321
f 3480//5312 3483//5316 3476//5401
f 3481//5314 3482//5313 3474//5402
f 3480//5312 3476//5401 3479//5230
f 3479//5230 3476//5401 3478//5311
f 3552//5403 3553//5404 3551//5405
f 3317//5138 3489//5325 3318//5139
f 3318//5139 3489//5325 3492//5406
f 3318//5139 3492//5406 3319//5136
f 3452//5282 3489//5325 3317//5138
f 3452//5282 3317//5138 3316//5137
f 3452//5282 3316//5137 3485//5319
f 3485//5319 3316//5137 3319//5136
f 3485//5319 3319//5136 3492//5406
f 3492//5406 3490//5407 3485//5319
f 3527//5372 3293//5102 3377//5237
f 3377//5237 3293//5102 3294//5238
f 3365//5207 3398//5209 3298//5105
f 3322//5142 3417//5144 3336//5408
f 3322//5142 3336//5408 3338//5159
f 3322//5142 3338//5159 3320//5140
f 3297//5409 3369//5410 3353//5411
f 3284//5412 3369//5410 3297//5409
f 3456//5288 3458//5290 3455//5287
f 3455//5287 3458//5290 3457//5289
f 3462//5294 3463//5295 3490//5326
f 3498//5330 3464//5318 3463//5295
f 3533//5383 3486//5321 3535//5385
f 3535//5385 3486//5321 3537//5387
f 3537//5387 3486//5321 3416//5320
f 3537//5387 3416//5320 3545//5399
f 3537//5387 3545//5399 3539//5389
f 3539//5389 3545//5399 3546//5398
f 3539//5389 3546//5398 3533//5383
f 3533//5383 3546//5398 3486//5321
f 3544//5413 3429//5414 3303//5120
f 3303//5120 3429//5414 3302//5113
f 3544//5413 3303//5120 3301//5415
f 3544//5413 3301//5415 3429//5414
f 3429//5414 3301//5415 3302//5113
f 3296//5192 3557//5416 3523//5362
f 3576//5417 3558//5418 3379//5194
f 3296//5192 3559//5419 3557//5416
f 3379//5194 3558//5418 3559//5419
f 3379//5194 3559//5419 3296//5192
f 3350//5123 3349//5248 3560//5420
f 3348//5122 3560//5420 3349//5248
f 3348//5122 3561//5421 3560//5422
f 3561//5421 3348//5122 3347//5247
f 3347//5247 3562//5423 3561//5424
f 3562//5423 3347//5247 3346//5130
f 3562//5423 3346//5130 3345//5129
f 3562//5425 3345//5129 3586//5426
f 3586//5426 3345//5129 3344//5128
f 3352//5127 3563//5427 3344//5128
f 3344//5128 3563//5427 3586//5428
f 3351//5125 3563//5429 3352//5126
f 3350//5124 3563//5430 3351//5125
f 3350//5431 3560//5431 3563//5431
f 3503//5338 3578//5432 3504//5336
f 3553//5404 3504//5433 3578//5434
f 3504//5433 3553//5404 3552//5403
f 3504//5336 3552//5435 3565//5436
f 3565//5437 3552//5403 3551//5405
f 3579//5438 3565//5437 3551//5405
f 3550//5235 3564//5439 3579//5438
f 3579//5440 3564//5441 3565//5436
f 3549//5233 3564//5441 3550//5235
f 3548//5232 3566//5442 3549//5233
f 3549//5233 3566//5443 3564//5441
f 3547//5444 3566//5445 3548//5232
f 3554//5446 3566//5447 3547//5444
f 3554//5446 3503//5448 3566//5447
f 3578//5434 3503//5449 3554//5446
f 3567//5450 3588//5451 3501//5452
f 3505//5340 3567//5450 3499//5339
f 3499//5339 3567//5450 3501//5452
f 3574//5453 3446//5272 3571//5454
f 3571//5454 3446//5272 3447//5275
f 3571//5454 3447//5275 3573//5455
f 3573//5455 3447//5275 3448//5277
f 3573//5455 3448//5277 3568//5456
f 3568//5456 3448//5277 3449//5279
f 3568//5456 3449//5279 3574//5453
f 3574//5453 3449//5279 3450//5270
f 3574//5453 3450//5270 3446//5272
f 3498//5330 3465//5296 3464//5318
f 3464//5318 3465//5296 3466//5298
f 3575//5198 3532//5381 3392//5199
f 3529//5457 3433//5249 3390//5250
f 3529//5201 3390//5196 3532//5381
f 3529//5201 3532//5381 3575//5198
f 3573//5455 3568//5456 3572//5458
f 3573//5455 3572//5458 3571//5459
f 3571//5459 3570//5460 3574//5461
f 3574//5461 3570//5460 3569//5462
f 3574//5461 3569//5462 3568//5463
f 3576//5417 3393//5369 3411//5222
f 3368//5464 3410//5225 3414//5227
f 3368//5464 3414//5227 3393//5369
f 3413//5226 3514//5353 3515//5465
f 3514//5353 3413//5226 3368//5464
f 3368//5464 3413//5226 3410//5225
f 3393//5369 3414//5227 3411//5222
f 3413//5226 3515//5465 3411//5222
f 3411//5222 3515//5465 3576//5417
f 3576//5417 3515//5465 3525//5366
f 3430//5466 3367//5467 3431//5396
f 3591//5468 3430//5466 3584//5469
f 3584//5469 3430//5466 3431//5396
f 3584//5469 3431//5396 3445//5395
f 3541//5397 3431//5396 3367//5467
f 3368//5464 3367//5467 3514//5353
f 3514//5353 3367//5467 3430//5466
f 3514//5353 3430//5466 3591//5468
f 3368//5464 3353//5411 3405//5394
f 3368//5464 3405//5394 3541//5397
f 3368//5464 3541//5397 3367//5467
f 3405//5394 3369//5410 3543//5391
f 3369//5410 3405//5394 3353//5411
f 3584//5469 3445//5395 3295//5368
f 3445//5395 3542//5392 3295//5368
f 3295//5368 3542//5392 3543//5391
f 3369//5410 3295//5368 3543//5391
f 3369//5410 3284//5412 3295//5368
f 3295//5368 3284//5412 3393//5369
f 3393//5369 3284//5412 3297//5409
f 3353//5411 3368//5464 3297//5409
f 3297//5409 3368//5464 3393//5369
f 3577//5390 3427//793 3362//793
f 3362//793 3366//5215 3577//5390
f 3355//5177 3407//5176 3427//793
f 3355//5177 3427//793 3577//5390
f 3396//5180 3570//5460 3377//5237
f 3377//5237 3570//5460 3571//5459
f 3377//5237 3571//5459 3527//5372
f 3527//5372 3571//5459 3572//5458
f 3527//5372 3572//5458 3363//5178
f 3363//5178 3572//5458 3568//5456
f 3363//5178 3568//5456 3364//5182
f 3364//5182 3568//5463 3569//5462
f 3364//5182 3569//5462 3570//5460
f 3364//5182 3570//5460 3396//5180
f 3387//5266 3579//5438 3386//5267
f 3386//5267 3579//5438 3551//5405
f 3386//5267 3551//5405 3553//5404
f 3386//5267 3553//5404 3385//5263
f 3385//5263 3553//5404 3578//5434
f 3385//5263 3578//5434 3384//5264
f 3384//5264 3578//5434 3554//5446
f 3384//5264 3554//5446 3547//5444
f 3384//5264 3547//5444 3383//5265
f 3383//5265 3547//5444 3548//5232
f 3383//5265 3548//5232 3382//5261
f 3382//5261 3548//5232 3419//5234
f 3382//5261 3419//5234 3381//5268
f 3381//5268 3419//5234 3550//5235
f 3381//5268 3550//5235 3579//5438
f 3381//5268 3579//5438 3387//5266
f 3337//5160 3336//5161 3417//5231
f 3400//5211 3422//5111 3444//793
f 3423//5213 3422//5111 3400//5211
f 3400//5211 3444//793 3299//5107
f 3400//5211 3299//5107 3399//5108
f 3378//5191 3293//5102 3527//5372
f 3288//5276 3286//5271 3285//5278
f 3288//5276 3287//5274 3286//5271
f 3292//5103 3290//5099 3289//5101
f 3292//5103 3289//5101 3294//5104
f 3330//5470 3328//5150 3332//5154
f 3332//5154 3328//5150 3331//5152
f 3522//5471 3584//5469 3530//5472
f 3418//5202 3530//5472 3584//5469
f 3531//5473 3394//5204 3580//5364
f 3531//5473 3580//5364 3581//5474
f 3531//5473 3530//5472 3394//5204
f 3394//5204 3530//5472 3418//5202
f 3531//5473 3581//5474 3582//5475
f 3531//5473 3582//5475 3522//5471
f 3522//5471 3582//5475 3584//5469
f 3523//5362 3583//5476 3524//5363
f 3418//5202 3584//5477 3295//5368
f 3585//5478 3513//5348 3591//5468
f 3514//5353 3591//5468 3513//5348
f 3586//5365 3508//5344 3509//5345
f 3585//5478 3510//5346 3513//5348
f 3510//5346 3585//5478 3586//5365
f 3510//5346 3586//5365 3509//5345
f 3393//5369 3576//5417 3379//5194
f 3576//5417 3525//5366 3563//5479
f 3567//5450 3559//5480 3588//5481
f 3588//5482 3559//5483 3558//5418
f 3588//5482 3558//5418 3561//5484
f 3505//5340 3559//5480 3567//5450
f 3505//5340 3557//5416 3559//5480
f 3557//5416 3583//5476 3523//5362
f 3581//5485 3580//5364 3566//5443
f 3589//5486 3581//5485 3502//5334
f 3502//5334 3581//5485 3566//5443
f 3589//5486 3582//5475 3581//5485
f 3582//5475 3589//5486 3587//5487
f 3591//5468 3587//5487 3585//5478
f 3576//5417 3563//5479 3560//5488
f 3586//5365 3563//5479 3525//5366
f 3588//5482 3561//5484 3562//5489
f 3560//5488 3561//5484 3558//5418
f 3566//5490 3503//5335 3502//5334
f 3562//5425 3586//5426 3587//5491
f 3587//5487 3586//5365 3585//5478
f 3558//5418 3576//5417 3560//5488
f 3584//5469 3582//5475 3587//5487
f 3591//5468 3590//5492 3587//5487
f 3590//5492 3584//5469 3587//5487
f 3583//5476 3557//5416 3505//5340
f 3580//5364 3564//5441 3566//5443
f 3505//5340 3504//5336 3583//5476
f 3504//5336 3565//5436 3583//5476
f 3564//5441 3524//5363 3583//5476
f 3564//5441 3583//5476 3565//5436
f 3564//5441 3580//5364 3524//5363
f 3584//5469 3590//5492 3591//5468
f 3501//5493 3588//5482 3562//5489
f 3501//5493 3562//5489 3497//5494
f 3497//5494 3562//5489 3587//5495
f 3456//5496 3587//5497 3589//5486
f 3502//5334 3500//5333 3589//5486
f 3456//5496 3589//5486 3500//5333
f 3497//5494 3587//5495 3456//5498
f 3490//5326 3463//5295 3464//5499
f 3490//5407 3464//5500 3485//5319
f 3476//5309 3477//5310 3478//5311
f 3365//5207 3298//5105 3366//5215
f 3366//5215 3298//5105 3577//5390
f 3406//5501 3592//5171 3325//5146
f 3556//5168 3592//5502 3406//5163
f 3424//5376 3330//5151 3417//5503
f 3417//5144 3323//5143 3424//5239
f 3330//5470 3333//5504 3417//5505
f 3330//5470 3332//5154 3333//5504
f 3329//5149 3592//5506 3556//5168
f 3403//5219 3326//5218 3329//5507
f 3329//5149 3326//5508 3592//5506
f 3593//5509 3594//5510 3596//5511
f 3593//5509 3596//5511 3595//5512
f 3598//5513 3605//5514 3599//5515
f 3605//5516 3600//5517 3599//5515
f 3606//5518 3600//5517 3605//5519
f 3606//5518 3601//5520 3600//5517
f 3606//5518 3602//5521 3601//5520
f 3607//5522 3603//5523 3602//5521
f 3607//5524 3602//5525 3606//5518
f 3608//5526 3604//5527 3603//5528
f 3608//5526 3603//5529 3607//5524
f 3608//5526 3597//5530 3604//5527
f 3609//5531 3597//5530 3608//5526
f 3597//5530 3609//5531 3598//5513
f 3605//5532 3598//5532 3609//5532
f 3595//5512 3596//5511 3611//5533
f 3595//5512 3611//5533 3610//5534
f 3613//5535 3614//5536 3612//5537
f 3614//5536 3615//5538 3612//5539
f 3615//5538 3593//5509 3612//5540
f 3593//5509 3595//5512 3612//5541
f 3595//5512 3610//5534 3612//5542
f 3610//5534 3613//5535 3612//5543
f 3626//5544 3623//5545 3622//5546
f 3617//5547 3631//5548 3627//5549
f 3627//5549 3626//5544 3617//5547
f 3626//5544 3627//5549 3623//5545
f 3623//5545 3627//5549 3628//5550
f 3623//5545 3628//5551 3622//5546
f 3622//5546 3628//5551 3621//5552
f 3621//5552 3628//5551 3629//5553
f 3621//5552 3629//5554 3620//5555
f 3620//5555 3629//5554 3618//5556
f 3618//5556 3629//5554 3630//5557
f 3618//5556 3630//5557 3619//5558
f 3619//5558 3630//5557 3624//5559
f 3624//5559 3630//5557 3631//5560
f 3624//5559 3631//5548 3625//5561
f 3625//5561 3631//5548 3617//5547
f 3610//5534 3611//5533 3632//5562
f 3610//5534 3632//5562 3613//5535
f 3630//5563 3603//5528 3604//5527
f 3597//5530 3630//5563 3604//5527
f 3608//5526 3605//5519 3609//5531
f 3606//5518 3605//5519 3608//5526
f 3608//5526 3607//5524 3606//5518
f 3631//5564 3598//5513 3599//5515
f 3631//5564 3599//5515 3627//5565
f 3599//5515 3600//5517 3627//5565
f 3603//5523 3629//5554 3602//5521
f 3602//5521 3629//5554 3628//5566
f 3629//5554 3603//5523 3630//5557
f 3630//5563 3597//5530 3631//5564
f 3631//5564 3597//5530 3598//5513
f 3627//5565 3600//5517 3601//5520
f 3627//5565 3601//5520 3628//5566
f 3628//5566 3601//5520 3602//5521
f 3613//5535 3632//5562 3633//5567
f 3613//5535 3633//5567 3614//5536
f 3614//5536 3633//5567 3616//5568
f 3614//5536 3616//5568 3615//5538
f 3611//5569 3624//5559 3632//5570
f 3632//5570 3624//5559 3625//5561
f 3611//5569 3619//5558 3624//5559
f 3596//5571 3619//5558 3611//5569
f 3596//5571 3618//5556 3619//5558
f 3594//5572 3618//5556 3596//5571
f 3621//5552 3594//5572 3616//5573
f 3594//5572 3621//5552 3620//5555
f 3594//5572 3620//5555 3618//5556
f 3616//5573 3633//5574 3622//5546
f 3616//5573 3622//5546 3621//5552
f 3633//5574 3626//5544 3622//5546
f 3632//5570 3625//5561 3617//5547
f 3632//5570 3617//5547 3633//5574
f 3633//5574 3617//5547 3626//5544
f 3615//5538 3616//5568 3594//5510
f 3615//5538 3594//5510 3593//5509
f 3634//5575 3635//5576 3637//5577
f 3634//5575 3637//5577 3636//5578
f 3640//5579 3646//5580 3647//5581
f 3647//5581 3641//5582 3640//5583
f 3647//5581 3642//5584 3641//5582
f 3648//5585 3642//5584 3647//5581
f 3648//5585 3643//5586 3642//5584
f 3649//5587 3644//5588 3643//5586
f 3649//5589 3643//5590 3648//5585
f 3650//5591 3645//5592 3644//5588
f 3650//5593 3644//5594 3649//5589
f 3638//5595 3645//5592 3650//5591
f 3651//5596 3638//5595 3650//5597
f 3638//5595 3651//5596 3639//5598
f 3646//5580 3639//5599 3651//5600
f 3639//5598 3646//5601 3640//5583
f 3636//5578 3637//5577 3653//5602
f 3636//5578 3653//5602 3652//5603
f 3655//5604 3656//5605 3654//5606
f 3656//5605 3657//5607 3654//5608
f 3657//5607 3634//5575 3654//5609
f 3634//5575 3636//5578 3654//5610
f 3636//5578 3652//5603 3654//5611
f 3652//5603 3655//5604 3654//5612
f 3659//5613 3663//5614 3664//5615
f 3665//5616 3666//5617 3662//5618
f 3673//5619 3661//5620 3660//5621
f 3661//5620 3673//5622 3669//5623
f 3669//5623 3668//5624 3661//5620
f 3669//5623 3667//5625 3668//5624
f 3667//5625 3669//5623 3670//5626
f 3670//5626 3666//5617 3667//5625
f 3670//5626 3662//5618 3666//5617
f 3662//5618 3670//5626 3671//5627
f 3671//5627 3665//5616 3662//5618
f 3671//5627 3663//5614 3665//5616
f 3663//5614 3671//5628 3672//5629
f 3672//5629 3664//5615 3663//5614
f 3672//5629 3659//5613 3664//5615
f 3659//5613 3672//5630 3673//5619
f 3673//5619 3660//5621 3659//5613
f 3652//5603 3653//5602 3674//5631
f 3652//5603 3674//5631 3655//5604
f 3647//5581 3646//5580 3650//5593
f 3648//5585 3647//5581 3650//5593
f 3650//5593 3649//5589 3648//5585
f 3669//5632 3641//5582 3642//5584
f 3669//5632 3642//5584 3670//5633
f 3670//5633 3642//5584 3643//5586
f 3670//5633 3643//5586 3671//5634
f 3671//5634 3643//5586 3644//5588
f 3639//5598 3640//5583 3673//5635
f 3673//5635 3640//5583 3669//5632
f 3669//5632 3640//5583 3641//5582
f 3672//5636 3645//5592 3638//5595
f 3672//5636 3638//5595 3673//5635
f 3673//5635 3638//5595 3639//5598
f 3644//5588 3645//5592 3671//5634
f 3671//5634 3645//5592 3672//5636
f 3655//5604 3674//5631 3675//5637
f 3655//5604 3675//5637 3656//5605
f 3656//5605 3675//5637 3658//5638
f 3656//5605 3658//5638 3657//5607
f 3651//5600 3650//5593 3646//5580
f 3660//5621 3674//5639 3659//5613
f 3659//5613 3674//5639 3653//5640
f 3663//5614 3659//5613 3653//5640
f 3637//5641 3663//5614 3653//5640
f 3635//5642 3665//5616 3637//5641
f 3637//5641 3665//5616 3663//5614
f 3666//5617 3635//5642 3658//5643
f 3658//5643 3667//5625 3666//5617
f 3675//5644 3661//5620 3668//5624
f 3635//5642 3666//5617 3665//5616
f 3674//5639 3660//5621 3661//5620
f 3674//5639 3661//5620 3675//5644
f 3675//5644 3667//5625 3658//5643
f 3675//5644 3668//5624 3667//5625
f 3657//5607 3658//5638 3635//5576
f 3657//5607 3635//5576 3634//5575
f 3679//5645 3686//5646 3680//5647
f 3679//5645 3680//5647 3676//5648
f 3676//5648 3680//5647 3681//5649
f 3676//5648 3681//5649 3677//5650
f 3685//5651 3684//5652 3686//5646
f 3677//5650 3681//5649 3683//5653
f 3683//5653 3681//5649 3682//5654
f 3683//5653 3682//5654 3678//5655
f 3678//5655 3682//5654 3684//5652
f 3685//5651 3686//5646 3679//5645
f 3678//5655 3684//5652 3685//5651
f 3690//5656 3689//5656 3688//5656
f 3690//5657 3691//5657 3689//5657
f 3692//5658 3691//5658 3690//5658
f 3692//5659 3693//5660 3691//5661
f 3692//5662 3701//5663 3693//5664
f 3694//5665 3701//5665 3692//5665
f 3694//5666 3696//5667 3701//5668
f 3695//5669 3696//5667 3694//5666
f 3695//5670 3697//5670 3696//5670
f 3698//5671 3697//5671 3695//5671
f 3698//5672 3699//5672 3697//5672
f 3688//5673 3699//5673 3698//5673
f 3688//5674 3689//5675 3699//5676
f 3708//5677 3700//5678 3701//5663
f 3701//5663 3700//5678 3702//5679
f 3701//5663 3702//5679 3693//5664
f 3693//5664 3702//5679 3703//5680
f 3693//5664 3703//5680 3704//5681
f 3704//5681 3703//5680 3705//5682
f 3704//5681 3705//5682 3699//5676
f 3699//5676 3705//5682 3706//5683
f 3699//5676 3706//5683 3707//5684
f 3707//5684 3706//5683 3708//5677
f 3708//5677 3706//5683 3709//5685
f 3708//5677 3709//5685 3700//5678
f 3686//5686 3712//5687 3680//5688
f 3710//5689 3684//5690 3682//5691
f 3710//5689 3711//5692 3684//5693
f 3711//5694 3713//5694 3684//5694
f 3684//5695 3713//5695 3686//5695
f 3686//5696 3713//5696 3714//5696
f 3712//5697 3686//5698 3714//5697
f 3680//5688 3712//5687 3715//5699
f 3680//5688 3715//5699 3681//5700
f 3681//5700 3715//5699 3716//5701
f 3681//5700 3716//5701 3682//5702
f 3682//5691 3716//5701 3717//5703
f 3682//5691 3717//5703 3710//5689
f 3711//5692 3710//5689 3718//5704
f 3711//5692 3718//5704 3729//5705
f 3710//5689 3717//5703 3718//5704
f 3718//5704 3717//5703 3719//5706
f 3727//5707 3712//5687 3721//5708
f 3683//5709 3722//5710 3677//5711
f 3677//5711 3722//5710 3723//5712
f 3685//5713 3720//5714 3678//5715
f 3678//5715 3720//5714 3724//5716
f 3728//5717 3718//5704 3725//5718
f 3726//5719 3727//5707 3721//5708
f 3726//5719 3721//5708 3728//5720
f 3728//5720 3721//5708 3729//5705
f 3728//5720 3729//5705 3718//5704
f 3725//5718 3718//5704 3719//5706
f 3725//5718 3719//5706 3730//5721
f 3730//5721 3719//5706 3731//5722
f 3730//5721 3731//5722 3726//5719
f 3726//5719 3731//5722 3727//5707
f 3711//5692 3729//5705 3713//5723
f 3713//5723 3729//5705 3721//5724
f 3713//5723 3721//5724 3714//5725
f 3714//5725 3721//5724 3712//5726
f 3708//5677 3701//5663 3696//5727
f 3708//5728 3696//5728 3697//5728
f 3708//5677 3697//5729 3707//5684
f 3697//5730 3699//5676 3707//5684
f 3699//5676 3689//5675 3704//5681
f 3704//5731 3689//5732 3691//5661
f 3704//5731 3691//5661 3693//5660
f 3732//5733 3734//5734 3733//5735
f 3732//5733 3735//154 3734//5734
f 3732//5733 3736//5736 3735//154
f 3709//5685 3734//5737 3700//5678
f 3700//5678 3734//5737 3735//5738
f 3700//5678 3735//5738 3702//5679
f 3702//5679 3735//5738 3736//5736
f 3702//5679 3736//5736 3703//5680
f 3703//5680 3736//5736 3732//5733
f 3703//5680 3732//5733 3705//5682
f 3705//5682 3732//5733 3706//5683
f 3706//5683 3732//5733 3733//5735
f 3706//5683 3733//5735 3734//5737
f 3706//5683 3734//5737 3709//5685
f 3712//5687 3731//5722 3715//5699
f 3715//5699 3731//5722 3716//5701
f 3716//5701 3731//5722 3719//5706
f 3716//5701 3719//5706 3717//5703
f 3726//5719 3725//117 3730//5721
f 3728//5720 3725//117 3726//5719
f 3712//5687 3727//5707 3731//5722
f 3724//5739 3692//5740 3722//5741
f 3723//5742 3722//5741 3690//5743
f 3722//5741 3692//5740 3690//5743
f 3723//5742 3688//5744 3687//5745
f 3687//5745 3688//5744 3698//5746
f 3687//5745 3698//5746 3695//5747
f 3687//5745 3695//5747 3737//5748
f 3724//5739 3720//5749 3692//5740
f 3690//5743 3688//5744 3723//5742
f 3737//5748 3695//5747 3720//5749
f 3720//5749 3695//5747 3694//5750
f 3720//5749 3694//5750 3692//5740
f 3678//5715 3724//5716 3722//5710
f 3678//5715 3722//5710 3683//5709
f 3679//5751 3737//5752 3685//5713
f 3685//5713 3737//5752 3720//5714
f 3676//5753 3687//5754 3737//5752
f 3676//5753 3737//5752 3679//5751
f 3677//5711 3723//5712 3676//5753
f 3676//5753 3723//5712 3687//5754
f 3740//5755 4001//5756 3739//5757
f 3920//5758 3739//5757 4001//5756
f 3755//5759 3738//5760 3747//5761
f 3757//5762 3758//5763 3759//5764
f 3760//5765 3759//5764 3758//5763
f 3759//5764 3760//5765 3761//5766
f 3761//5767 3760//5768 3762//5769
f 3775//5770 3770//5771 3771//5772
f 3775//5773 3771//5774 3772//5775
f 3772//5775 3771//5774 3773//5776
f 3773//5776 3771//5774 3774//5777
f 3773//5776 3774//5777 3775//5770
f 3775//5770 3774//5777 3770//5771
f 3776//5778 3777//5779 3778//5780
f 4106//5781 4111//5782 4031//5783
f 4031//5783 4111//5782 4101//5784
f 3781//5785 3782//5786 3780//5787
f 3780//5787 3782//5786 3776//5778
f 3780//5787 3776//5778 3779//5788
f 3782//5789 3781//5790 3783//5791
f 3783//5791 3784//5790 3785//5792
f 3783//5791 3781//5790 3784//5790
f 3783//5791 3786//5793 3782//5789
f 3782//5789 3786//5793 3787//5794
f 3787//5794 3786//5793 3788//5795
f 3787//5794 3788//5795 3789//5796
f 3790//5797 3789//5798 3781//5799
f 3803//5800 3804//5801 3968//5802
f 3972//5803 3807//5804 3973//5805
f 3808//5806 3809//5807 4037//5808
f 4037//5808 3809//5807 3810//5809
f 4038//5810 3811//5811 3808//5806
f 3808//5806 3811//5811 3816//5812
f 3814//5813 3744//5814 3815//5815
f 3815//5815 3812//5816 3814//5813
f 3809//5807 3808//5806 3816//5812
f 4037//5808 3810//5809 3819//5817
f 3819//5817 3810//5809 4007//5818
f 3825//5819 3777//5779 4041//5820
f 4041//5820 3777//5779 3826//5821
f 3777//5779 3825//5819 3827//5822
f 3827//5822 3825//5819 3828//5823
f 3833//5824 3834//5825 4043//5826
f 4043//5826 3834//5825 3835//5827
f 3840//5828 3841//5829 3843//5830
f 3843//5830 3841//5829 3842//5831
f 3846//5832 3847//5833 3849//5834
f 3849//5834 3847//5833 3848//5835
f 3928//5836 3929//5837 3848//5835
f 3848//5835 3929//5837 3849//5834
f 3778//5780 3777//5779 3827//5822
f 3829//5838 3778//5780 3827//5822
f 3856//5839 3857//5840 3853//5841
f 3865//5842 3950//5843 3866//5844
f 3866//5844 3954//5845 3867//5846
f 3865//5842 3864//5847 3951//5848
f 3865//5842 3951//5848 3950//5843
f 3867//5846 3952//5849 3865//5842
f 3865//5842 3952//5849 3864//5847
f 3954//5845 3953//5850 3867//5846
f 3867//5846 3953//5850 3952//5849
f 3866//5844 3950//5843 3949//5851
f 3866//5844 3949//5851 3954//5845
f 3868//5852 3866//5853 3867//5854
f 3832//5855 3831//5856 4042//5857
f 4042//5857 3831//5856 3851//5858
f 3804//5801 3803//5800 3971//5859
f 3974//5860 3874//5861 3954//5845
f 3941//5862 3902//5863 3926//5864
f 3926//5864 3902//5863 3901//5865
f 3898//5866 3875//5867 3895//5868
f 3895//5868 3875//5867 3876//5869
f 3938//5870 3903//5871 4113//5872
f 4113//5872 3903//5871 3879//5873
f 3882//5874 3883//5875 3884//5876
f 3882//5874 3884//5876 3885//5877
f 3885//5877 3884//5876 3886//5878
f 3885//5877 3886//5878 3887//5879
f 3888//5880 3889//5881 3890//5882
f 3888//5883 3890//5884 3891//5885
f 3891//5885 3890//5884 3892//5886
f 3891//5885 3892//5886 3893//5887
f 3893//5887 3892//5886 3894//5888
f 3894//5888 3892//5886 3887//5879
f 3898//5866 3895//5868 3889//5881
f 3888//5880 3894//5888 3889//5881
f 3889//5881 3894//5888 3887//5879
f 3889//5881 3887//5879 3898//5866
f 3898//5866 3887//5879 3886//5878
f 3896//5889 3897//5890 3898//5866
f 3899//5891 3875//5867 3897//5890
f 3897//5890 3875//5867 3898//5866
f 3875//5867 3899//5891 3900//5892
f 3900//5892 3899//5891 3901//5865
f 3902//5863 3878//5893 3901//5865
f 3901//5865 3878//5893 3900//5892
f 3904//5894 3881//5895 3903//5871
f 3904//5894 3903//5871 4048//5896
f 4048//5896 3903//5871 3934//5897
f 3908//5898 3907//5899 3986//5900
f 3907//5899 3905//5901 3986//5900
f 3986//5900 3905//5901 3822//5902
f 3911//5903 3806//5904 4034//5905
f 4034//5905 3806//5904 3912//5906
f 3917//5907 3918//5908 3919//5909
f 3919//5909 3918//5908 4035//5910
f 3897//5890 3896//5889 3926//5864
f 3910//5911 3909//5912 3968//5802
f 3968//5802 3909//5912 3803//5800
f 3844//5913 3845//5914 3927//5915
f 3844//5913 3927//5915 3928//5836
f 3928//5836 3927//5915 3929//5837
f 3930//5916 3931//5917 3967//5918
f 3930//5916 3933//5919 3932//5920
f 3967//5918 3933//5919 3930//5916
f 3934//5897 3903//5871 3938//5870
f 3881//5921 3935//5922 3883//5923
f 3898//5866 3886//5878 3896//5889
f 3939//5924 3940//5925 3941//5862
f 3941//5862 3940//5925 3902//5863
f 3943//5926 3942//5927 4056//5928
f 3943//5926 4056//5928 4057//5929
f 3944//5930 3934//5897 4068//5931
f 4068//5931 3934//5897 3938//5870
f 3946//5932 3771//5933 3769//5934
f 3946//5932 3774//91 3771//5933
f 3945//91 3770//91 3946//5932
f 3769//5934 3771//5933 3947//5935
f 3946//5932 3770//91 3774//91
f 3947//5935 3771//5933 3945//91
f 3945//91 3771//5933 3770//91
f 3948//5936 3945//5937 3816//5812
f 3816//5812 3945//5937 3946//5932
f 3946//5932 3809//5807 3816//5812
f 3957//5938 3958//5939 3956//5940
f 3884//5876 3965//5941 3886//5878
f 3765//5942 3766//5943 3966//5944
f 3765//5942 3966//5944 3767//5945
f 3767//5945 3966//5944 3768//5946
f 3969//5947 4036//5948 3972//5949
f 3972//5949 4036//5948 3967//5918
f 3970//5950 3969//5947 3973//5951
f 3969//5947 3972//5949 3973//5951
f 3912//5906 3910//5911 3968//5802
f 3804//5801 3971//5859 3968//5802
f 3910//5911 3912//5906 3806//5904
f 3903//5871 3881//5895 3879//5873
f 3879//5873 3881//5895 3880//5952
f 3949//5851 3974//5860 3954//5845
f 3954//5845 3975//5953 3953//5850
f 3953//5850 3975//5953 3952//5849
f 3952//5849 3975//5953 3864//5847
f 3951//5848 3864//5847 3976//5954
f 3951//5848 3976//5954 3950//5843
f 3950//5843 3976//5954 3974//5860
f 3950//5843 3974//5860 3949//5851
f 3978//5955 3751//5956 3752//5957
f 4100//5958 3980//5959 3981//5960
f 3978//5955 3977//5961 3750//5962
f 3978//5955 3750//5962 3751//5956
f 3975//5953 3870//5963 3864//5964
f 3981//5960 3980//5959 3979//5965
f 3753//5966 3754//5967 3981//5960
f 3915//5968 3974//5860 3976//5969
f 3943//5926 3976//5969 3864//5964
f 3983//5970 3984//5971 3750//5962
f 3983//5970 3750//5962 3977//5961
f 3916//5972 3753//5966 3979//5965
f 3979//5965 3753//5966 3981//5960
f 3916//5972 3979//5965 3752//5957
f 3752//5957 3979//5965 3978//5955
f 4100//5958 3988//5973 3985//5974
f 4100//5958 3985//5974 3982//5975
f 4100//5958 3982//5975 3980//5959
f 3980//5959 3982//5975 3987//91
f 3943//5926 3864//5964 3870//5963
f 3977//5961 3987//91 3982//5975
f 3981//5960 3754//5967 3943//5926
f 3870//5963 3975//5953 3986//5900
f 3977//5961 3978//5955 3987//91
f 3754//5967 3915//5968 3943//5926
f 3915//5968 3976//5969 3943//5926
f 3984//5971 3983//5970 3988//5973
f 3989//5976 3984//5971 3988//5973
f 3990//5977 3984//5971 3989//5976
f 3992//5978 3991//5979 3993//5980
f 3993//5980 3989//5976 3992//5978
f 3992//5978 3989//5976 4100//5958
f 3989//5976 3988//5973 4100//5958
f 3986//5900 3975//5953 3874//5861
f 3874//5861 3975//5953 3954//5845
f 3991//5979 3992//5978 3874//5861
f 3874//5861 3992//5978 3986//5900
f 3994//5981 3980//5982 3987//5983
f 3994//5981 3987//5983 3995//5984
f 3995//5984 3987//5983 3978//5985
f 3995//5984 3978//5985 3996//5986
f 3996//5986 3978//5985 3979//5987
f 3996//5986 3979//5987 3997//5988
f 3997//5988 3979//5987 3980//5982
f 3997//5988 3980//5982 3994//5981
f 3836//5989 3837//5990 3841//5829
f 3836//5989 3841//5829 3840//5828
f 3967//5918 3931//5917 3972//5949
f 3972//5803 3931//5917 3807//5804
f 3807//5804 3931//5917 4003//5991
f 4003//5991 3931//5917 3930//5916
f 4003//5991 3930//5916 4004//5992
f 4004//5992 3930//5916 3932//5920
f 4004//5992 3932//5920 3933//5919
f 4004//5992 3933//5919 3971//5859
f 3838//5993 3839//5994 4005//5995
f 3838//5993 4005//5995 4006//5996
f 4006//5996 4005//5995 3766//5943
f 4006//5996 3766//5943 3765//5942
f 4039//5997 3970//5950 3911//5903
f 3911//5903 3970//5950 3806//5904
f 3914//5998 3913//5999 3923//6000
f 3745//6001 3914//5998 3923//6000
f 4009//6002 4010//6003 4008//6004
f 4008//6004 4010//6003 4071//6005
f 4011//6006 4012//6007 4071//6005
f 4071//6005 4012//6007 4008//6004
f 3860//6008 3985//6009 3859//6010
f 3859//6010 3985//6009 3988//6011
f 3859//6010 3988//6011 3858//6012
f 3858//6012 3988//6011 3983//5970
f 3983//5970 3977//5961 3863//6013
f 3863//6013 3977//5961 3862//6014
f 3862//6014 3977//5961 3982//6015
f 3862//6014 3982//6015 3861//6016
f 3861//6016 3982//6015 3860//6008
f 3860//6008 3982//6017 3985//6009
f 4020//6018 4015//6019 4013//6020
f 3760//6021 3772//5775 4014//90
f 3760//6021 4014//90 3762//5769
f 4017//6022 4018//90 3773//6023
f 4017//6022 3773//6023 4016//6024
f 4013//6020 4019//6025 4018//90
f 3775//5773 3760//6021 3758//6026
f 3999//6027 3762//5769 4023//90
f 3762//5769 4014//90 4022//90
f 3760//6021 3775//5773 3772//5775
f 4017//6022 4013//6020 4018//90
f 4013//6020 4015//6019 4019//6025
f 4016//6024 3773//6023 3758//6026
f 3758//6026 3773//6023 3775//5773
f 3966//5944 4021//90 4023//90
f 3966//5944 4022//90 3768//5946
f 4022//90 3966//5944 3762//5769
f 3762//5769 3966//5944 4023//90
f 4005//90 4024//6028 4025//90
f 4005//90 4025//90 3766//90
f 3839//5994 4024//6028 4005//90
f 4021//90 3966//5944 4025//90
f 4025//90 3966//5944 3766//90
f 3863//6013 3862//6014 4026//6029
f 3858//6012 4027//6030 3859//6010
f 4026//6029 3861//6016 3859//6010
f 4026//6029 3862//6014 3861//6016
f 4027//6030 3863//6013 4026//6029
f 4027//6030 3858//6012 3983//5970
f 4027//6030 3983//5970 3863//6013
f 3859//6010 3861//6016 3860//6008
f 3841//5829 3837//5990 3842//5831
f 3834//5825 3833//5824 3904//5894
f 4028//6031 4029//6032 3833//5824
f 3833//5824 4029//6032 3904//5894
f 3918//5908 3917//5907 4028//6031
f 4028//6031 3917//5907 4029//6032
f 3788//5795 3956//6033 3789//5796
f 3789//6034 3956//5940 3964//6035
f 3789//6036 3964//6036 3781//6036
f 3781//6037 3964//6035 3963//6038
f 3963//6038 3962//6039 3781//6040
f 3781//6041 3962//6041 3784//6041
f 3784//6042 3962//6039 3961//6043
f 3784//6044 3961//6044 3785//6044
f 3961//6043 3960//6045 3785//6046
f 3785//5792 3960//6047 3783//5791
f 3783//6048 3960//6045 3959//6049
f 3783//6050 3959//6050 3786//6050
f 3959//6049 3958//5939 3786//6051
f 3958//5939 3957//5938 3786//6052
f 3786//6053 3957//6053 3788//6053
f 3788//6054 3957//5938 3956//5940
f 3899//5891 3926//5864 3901//5865
f 3810//5809 3769//6055 4007//6056
f 3811//5811 4007//5818 3948//5936
f 3811//5811 3948//5936 3816//5812
f 3810//5809 3809//5807 3769//6055
f 3779//5788 4030//6057 3780//5787
f 3780//5787 4030//6057 4031//5783
f 4032//6058 3935//5922 3881//5921
f 3873//6059 3748//6060 3869//6061
f 4034//5905 3912//5906 4033//6062
f 4033//6062 3912//5906 3968//5802
f 3815//5815 3744//5814 3743//6063
f 4007//6056 3947//6064 3948//5936
f 3948//5936 3947//6064 3945//5937
f 4000//6065 4026//6066 3859//6067
f 3806//5904 3805//6068 3910//5911
f 3910//5911 3805//6068 3909//5912
f 4034//6069 4038//6070 3753//5966
f 4035//6071 3915//5968 3754//5967
f 4033//6062 3933//5919 3819//6072
f 3819//6072 3933//5919 3967//5918
f 4042//6073 4036//6074 3832//6075
f 3886//5878 4037//6076 3819//6072
f 3886//5878 3819//6072 3896//5889
f 3896//5889 3819//6072 3967//5918
f 4033//6062 3819//6072 4034//6069
f 4034//6069 3819//6072 4038//6070
f 3754//5967 4037//6076 4035//6071
f 4035//6071 4037//6076 3886//5878
f 4036//6074 3896//5889 3967//5918
f 3896//5889 4036//6074 4042//6073
f 3896//5889 4042//6073 3926//6077
f 3753//5966 4038//6070 3808//6078
f 3753//5966 3808//6078 3754//5967
f 3754//5967 3808//6078 4037//6076
f 3832//6075 4036//6074 3752//5957
f 3752//5957 4036//6074 4039//6079
f 3915//5968 4035//6071 3918//6080
f 4034//6069 3753//5966 3916//5972
f 4034//6069 3916//5972 3911//6081
f 3825//6082 3990//5977 3828//6083
f 3974//5860 3915//5968 3918//6080
f 3911//6081 3916//5972 4039//6079
f 4039//6079 3916//5972 3752//5957
f 3990//5977 4040//6084 3939//6085
f 4028//6086 3974//5860 3918//6080
f 3832//6075 3752//5957 3751//5956
f 3832//6075 3751//5956 4041//6087
f 4041//6087 3751//5956 3750//5962
f 4041//6087 3750//5962 3825//6082
f 3825//6082 3750//5962 3984//5971
f 3825//6082 3984//5971 3990//5977
f 3828//6083 3990//5977 3830//6088
f 3830//6088 3990//5977 3939//6085
f 3939//6085 3941//91 3830//6088
f 3830//6088 3941//91 4042//6073
f 4042//6073 3941//91 3926//6077
f 4040//6084 3990//5977 3989//5976
f 4040//6084 3989//5976 3993//5980
f 4040//6084 3993//5980 4043//6089
f 4043//6089 3993//5980 3833//6090
f 3833//6090 3993//5980 3991//5979
f 3833//6090 3991//5979 4028//6086
f 4028//6086 3991//5979 3874//5861
f 4028//6086 3874//5861 3974//5860
f 3935//5922 4032//6058 4044//6091
f 3809//5807 3946//5932 3769//5934
f 4013//6020 4046//6092 4020//6018
f 4020//6018 4046//6092 4069//6093
f 4017//6022 4045//6094 4046//6092
f 4017//6022 4046//6092 4013//6020
f 3934//5897 3944//5930 4048//5896
f 3781//5799 3780//6095 3790//5797
f 3790//5797 3780//6095 4050//6096
f 3790//5797 4050//6096 3789//5798
f 3789//5798 4050//6096 4101//5784
f 3789//5798 4101//5784 3787//6097
f 3787//6097 4101//5784 3776//5778
f 3787//6097 3776//5778 3782//5786
f 3851//5858 4051//6098 3829//5838
f 4052//6099 3970//5950 3973//5951
f 3919//5909 4035//5910 3886//6100
f 3919//6101 3886//5878 3965//5941
f 3909//91 3805//91 4003//91
f 4003//91 4004//6102 3909//91
f 3909//91 4004//6102 3803//5800
f 4052//6103 3807//5804 4003//91
f 4052//6103 4003//91 3805//91
f 3807//5804 4052//6103 3973//5805
f 3971//5859 3803//5800 4004//6102
f 3876//5869 3875//5867 3900//5892
f 3878//5893 3936//6104 3877//6105
f 3877//6105 3936//6104 4112//6106
f 4054//6107 4055//6108 3763//6109
f 3758//6026 4055//6108 4016//6024
f 4055//6108 3758//6026 3763//6109
f 3763//6109 3758//6026 3764//6110
f 4045//6094 4017//6022 4016//6024
f 4055//6108 4054//6107 4016//6024
f 4016//6024 4054//6107 4045//6094
f 4036//5948 3969//5947 4039//5997
f 4039//5997 3969//5947 3970//5950
f 3767//5945 3768//5946 4058//6111
f 4058//6112 3768//6113 4022//6114
f 4058//6112 4022//6114 4059//6115
f 4059//6115 4022//6114 4014//6116
f 4059//6115 4014//6116 4060//6117
f 4060//6118 4014//6119 3772//5775
f 4060//6118 3772//5775 3773//5776
f 4060//6118 3773//5776 4061//6120
f 4061//6120 3773//5776 4018//6121
f 4061//6120 4018//6121 4062//6122
f 4062//6122 4018//6121 4019//6025
f 4063//6123 3998//6124 3994//90
f 3997//6125 3998//6124 4064//90
f 3997//6125 4064//90 3996//90
f 3996//90 4064//90 4065//90
f 3996//90 4065//90 3995//90
f 3995//90 4065//90 4066//90
f 3995//90 4066//90 3994//90
f 3994//90 4066//90 4063//6123
f 3994//90 3998//6124 3997//6125
f 3883//5923 3919//6101 3965//5941
f 3883//5923 3917//6126 3919//6101
f 3917//6126 4044//6091 4032//6127
f 3883//5923 4044//6091 3917//6126
f 3917//6126 4032//6127 4029//6128
f 3834//5825 4048//5896 3944//6129
f 3834//5825 3944//6129 3835//6130
f 3881//5895 3904//5894 4029//6128
f 3881//5895 4029//6128 4032//6127
f 3834//5825 3904//5894 4048//5896
f 3940//5925 4067//6131 3937//6132
f 3937//6132 4067//6131 4068//5931
f 4068//5931 4067//6131 3835//6130
f 4068//5931 3835//6130 3944//6129
f 3970//5950 4052//6099 3806//5904
f 3806//5904 4052//6099 3805//6068
f 3777//5779 3776//5778 3826//5821
f 3826//5821 3776//5778 4111//5782
f 3940//5925 3936//6104 3902//5863
f 3902//5863 3936//6104 3878//5893
f 4062//6122 4019//6025 4015//6019
f 4062//6122 4015//6019 4070//6133
f 4070//6133 4015//6019 4020//6018
f 4070//6133 4020//6018 4069//6093
f 3940//5925 3939//5924 4067//6131
f 4067//6131 3939//5924 4040//6134
f 4067//6131 4040//6134 4043//6135
f 4067//6136 4043//5826 3835//5827
f 4010//6003 4011//6006 4071//6005
f 3913//5999 4074//6137 4075//6138
f 4080//90 4076//90 4077//6139
f 4077//6139 4076//90 4074//6137
f 4074//6137 4076//90 4075//6138
f 4078//6140 4070//90 4069//6141
f 3913//5999 4069//6141 3942//5927
f 3942//5927 4069//6141 4046//90
f 4078//6140 4069//6141 3913//5999
f 4078//6140 3913//5999 4075//6138
f 4054//6107 3749//6142 4045//6143
f 4045//6143 3749//6142 4056//5928
f 4045//6143 4056//5928 4046//90
f 4046//90 4056//5928 3942//5927
f 4054//6107 3763//6109 3749//6142
f 4079//6144 3757//6145 3759//5764
f 3759//5764 3761//5766 4079//6144
f 4079//6144 3761//5766 3838//5993
f 3764//6110 3757//6145 4079//6144
f 3764//6110 4079//6144 3763//6109
f 3763//6109 4079//6144 3749//6142
f 4070//90 4078//6140 4080//90
f 4070//90 4080//90 4062//6146
f 4062//6146 4080//90 4077//6139
f 4081//6147 4062//6146 4077//6139
f 4082//5790 4059//6148 4060//6149
f 4062//6146 4081//6147 4083//6150
f 4062//6146 4083//6150 4061//6151
f 4082//5790 4060//6149 4084//6152
f 4084//6152 4060//6149 4061//6151
f 4084//6152 4061//6151 4083//6150
f 4082//5790 4085//6153 4059//6148
f 4086//6154 4077//6139 4012//6007
f 4086//6154 3767//6155 4087//6156
f 4087//6156 3767//6155 4058//6157
f 4087//6156 4058//6157 4085//6153
f 4085//6153 4058//6157 4059//6148
f 3767//6155 4086//6154 4012//6007
f 4072//90 4088//6158 4012//6007
f 4012//6007 4088//6158 3767//6155
f 4089//6159 3765//90 3767//6155
f 4089//6159 3767//6155 4088//6158
f 3838//5993 4006//5996 3765//90
f 4089//6159 4073//6160 3765//90
f 4012//6007 4090//6161 4072//90
f 4091//90 4090//6161 3843//90
f 4092//6162 4093//6163 3844//5913
f 4092//6162 3844//5913 4073//6160
f 4091//90 4094//6164 4093//6163
f 4091//90 4093//6163 4092//6162
f 4091//90 3843//90 4094//6164
f 3848//90 4095//90 3928//5836
f 3928//5836 4095//90 4079//6144
f 4073//6160 3844//5913 3928//5836
f 4095//90 3847//90 3843//90
f 3843//90 3847//90 4094//6164
f 4095//90 3848//90 3847//90
f 3836//90 4053//6165 3843//90
f 3843//90 4053//6165 4095//90
f 3843//90 4090//6161 3840//6166
f 4053//6165 3836//90 3840//6166
f 4053//6165 3840//6166 4096//6167
f 4077//6139 4008//6004 4012//6007
f 4077//6139 4009//6168 4008//6004
f 4096//6167 4012//6007 4074//6137
f 4074//6137 4012//6007 4009//6168
f 4074//6137 4009//6168 4077//6139
f 4073//6160 4098//90 3765//90
f 4073//6160 4097//90 4098//90
f 3928//5836 4097//90 4073//6160
f 3928//5836 4099//90 4097//90
f 4098//90 4099//90 3838//5993
f 3838//5993 4099//90 3928//5836
f 3765//90 4098//90 3838//5993
f 4079//6144 3838//5993 3928//5836
f 4012//6007 4096//6167 4090//6161
f 4090//6161 4096//6167 3840//6166
f 4100//5958 4095//6169 3992//5978
f 3992//5978 4095//6169 4053//6170
f 3981//6171 3857//6172 4108//6173
f 4108//6173 4079//6144 3981//6171
f 3981//6171 4079//6144 4100//5958
f 4100//5958 4079//6144 4095//6169
f 3884//5876 3883//5875 3965//5941
f 3740//5755 3908//5898 4001//5756
f 4111//5782 3776//5778 4101//5784
f 4085//6174 4102//6175 4103//6176
f 4085//6174 4103//6176 4087//6177
f 4087//6178 4103//6176 4117//6179
f 4104//6180 4086//6181 4087//6182
f 4104//6180 4087//6183 4117//6179
f 4086//6181 4104//6180 4118//6184
f 4119//6185 4077//6139 4086//6186
f 4119//6187 4086//6188 4118//6184
f 4077//6139 4119//6185 4081//6147
f 4081//6189 4119//6187 4120//6190
f 4121//6191 4083//6192 4081//6193
f 4121//6191 4081//6194 4120//6190
f 4121//6191 4122//6195 4083//6192
f 4083//6196 4122//6195 4123//6197
f 4083//6196 4123//6197 4084//6198
f 4084//6199 4123//6197 4115//6200
f 4115//6201 4082//6201 4084//6201
f 4116//6202 4082//6203 4115//6200
f 4082//6203 4116//6202 4085//6204
f 4085//6205 4116//6202 4102//6175
f 4063//6123 4066//6206 4024//6028
f 4024//6028 4066//6206 4025//6207
f 4025//6207 4066//6206 4021//6208
f 4021//6209 4066//6210 4065//6211
f 4021//6209 4065//6211 4023//6212
f 4023//6213 4065//6214 4064//6215
f 4023//6213 4064//6215 3999//6216
f 3999//6027 4064//6217 3998//6124
f 3959//6049 3797//6218 3958//5939
f 3958//5939 3797//6218 3796//6219
f 3958//5939 3796//6219 3795//6220
f 3958//5939 3795//6220 3956//5940
f 3956//5940 3795//6220 3794//6221
f 3956//5940 3794//6221 3793//6222
f 3956//5940 3793//6222 3964//6035
f 3797//6218 3959//6049 3798//6223
f 3798//6223 3959//6049 3799//6224
f 3799//6224 3959//6049 3960//6045
f 3799//6224 3960//6045 3791//6225
f 3963//6038 3802//6226 3962//6039
f 3962//6039 3802//6226 3801//6227
f 3964//6035 3793//6222 3792//6228
f 3964//6035 3792//6228 3963//6038
f 3963//6038 3792//6228 3802//6226
f 3960//6045 3961//6043 3791//6225
f 3791//6225 3961//6043 3800//6229
f 3800//6229 3961//6043 3962//6039
f 3800//6229 3962//6039 3801//6227
f 4094//6230 4110//6231 4093//6232
f 4093//6232 4110//6231 4105//6233
f 4093//6232 4105//6233 3845//5914
f 4093//6232 3845//5914 3844//5913
f 3843//5830 3842//5831 3837//5990
f 3843//5830 3837//5990 3836//5989
f 4031//5783 4030//6057 4106//5781
f 3936//6104 3940//5925 3937//6132
f 3937//6132 4068//5931 3938//5870
f 4047//6234 3859//6067 4027//6235
f 3926//5864 3899//5891 3897//5890
f 3900//5892 3878//5893 3876//5869
f 3876//5869 3878//5893 3877//6105
f 4110//6231 4094//6230 3846//5832
f 3846//5832 4094//6230 3847//5833
f 4107//6236 3865//6237 3866//5853
f 4101//5784 4050//6096 4031//5783
f 4031//5783 4050//6096 3780//5787
f 3819//5817 4007//5818 4038//5810
f 4038//5810 4007//5818 3811//5811
f 3749//6142 4079//6144 4108//6173
f 4056//5928 3749//6142 4057//5929
f 3881//5895 3883//5875 3880//5952
f 3880//5952 3883//5875 3882//5874
f 4012//6007 4011//6006 4010//6003
f 4012//6007 4010//6003 4009//6002
f 4033//6062 3968//5802 3933//5919
f 3933//5919 3968//5802 3971//5859
f 3794//6238 4073//6160 4089//6159
f 3794//6239 4092//6162 4073//6160
f 4092//6240 3794//6221 3795//6220
f 4092//6240 3795//6220 3796//6219
f 3796//6241 4091//6241 4092//6241
f 3797//6218 4091//6242 3796//6219
f 3797//6218 3798//6223 4091//6242
f 4091//6243 3798//6243 4090//6243
f 3799//6224 4090//6244 3798//6223
f 4090//6244 3799//6224 3791//6225
f 3800//6229 4072//6245 3791//6225
f 3791//6246 4072//6246 4090//6246
f 4072//6247 3800//6229 3801//6227
f 4072//6247 3801//6227 4088//6248
f 3802//6226 4088//6249 3801//6227
f 4088//6249 3802//6226 3792//6228
f 3792//6250 4089//6250 4088//6250
f 3793//6222 4089//6251 3792//6228
f 4089//6251 3793//6222 3794//6221
f 4007//6056 3769//6055 3947//6064
f 4057//5929 3857//5840 3981//5960
f 3981//5960 3943//5926 4057//5929
f 3831//5856 4030//6057 3851//5858
f 3851//5858 4030//6057 4051//6098
f 4030//6057 3831//5856 3850//6252
f 4030//6057 3850//6252 4106//5781
f 3826//5821 4111//5782 3850//6252
f 3850//6252 4111//5782 4106//5781
f 4051//6098 4030//6057 3779//5788
f 3779//5788 3778//5780 3829//5838
f 3829//5838 4051//6098 3779//5788
f 3779//5788 3776//5778 3778//5780
f 3831//5856 3832//5855 3850//6252
f 3742//6253 3743//6063 3744//5814
f 3877//91 3879//91 3876//91
f 3876//91 3879//91 3880//91
f 3882//91 3876//91 3880//91
f 3879//91 3877//91 4113//5872
f 4113//5872 3877//91 4112//6106
f 3882//91 3885//5877 3887//5879
f 3882//91 3892//91 3876//91
f 3876//91 3892//91 3890//91
f 3887//5879 3892//91 3882//91
f 3876//91 3890//91 3895//5868
f 3895//5868 3890//91 3889//5881
f 4041//5820 3826//5821 3832//5855
f 3832//5855 3826//5821 3850//6252
f 4063//6123 4024//6028 3839//5994
f 3761//5767 3762//5769 3999//6027
f 3761//5767 3999//6027 3998//6124
f 3839//5994 3838//5993 4063//6123
f 4063//6123 3838//5993 3998//6124
f 3998//6124 3838//5993 3761//5767
f 4112//6106 3936//6104 3937//6132
f 4112//6106 3937//6132 4113//5872
f 4113//5872 3937//6132 3938//5870
f 3764//6110 3758//6254 3757//6145
f 4076//6255 3868//5852 4075//6256
f 4078//6257 4107//6236 4080//6258
f 4075//6256 4109//6259 4078//6260
f 4080//6258 4107//6236 3866//5853
f 4080//6258 3866//5853 4076//6255
f 4076//6255 3866//5853 3868//5852
f 4075//6256 3868//5852 3867//5854
f 4075//6256 3867//5854 4109//6259
f 4078//6260 4109//6259 3865//6237
f 4078//6260 3865//6237 4107//6236
f 4114//6261 3870//6262 3871//6263
f 3812//5816 4057//5929 3749//6264
f 4108//6265 3857//5840 3854//6266
f 3749//6264 3814//5813 3812//5816
f 3814//5813 3855//6267 3852//6268
f 3856//5839 3855//6267 3854//6266
f 3855//6267 3856//5839 3853//5841
f 3812//5816 3815//5815 3743//6063
f 3813//6269 4057//5929 3812//5816
f 3813//6269 3812//5816 3743//6063
f 3814//5813 3749//6264 3855//6267
f 3855//6267 3749//6264 4108//6265
f 3855//6267 4108//6265 3854//6266
f 3857//5840 3856//5839 3854//6266
f 3743//6063 3742//6253 3813//6269
f 3852//6268 3742//6253 3814//5813
f 3814//5813 3742//6253 3744//5814
f 3855//6267 3853//5841 3852//6268
f 3852//6268 3853//5841 3742//6253
f 3742//6253 3853//5841 4057//5929
f 3742//6253 4057//5929 3813//6269
f 4057//5929 3853//5841 3857//5840
f 4042//5857 3851//5858 3830//6270
f 3830//6270 3851//5858 3829//5838
f 3929//5837 3927//5915 3849//5834
f 3846//5832 3849//5834 4110//6231
f 3849//5834 3845//5914 4105//90
f 3849//5834 4105//90 4110//6231
f 3849//5834 3927//5915 3845//5914
f 4126//6271 4104//6180 4125//6272
f 4125//6272 4104//6180 4117//6179
f 4125//6272 4117//6179 4124//6273
f 4124//6273 4117//6179 4103//6176
f 4130//6274 4122//6195 4129//6275
f 4129//6275 4122//6195 4121//6191
f 4124//6273 4103//6176 4132//6276
f 4132//6276 4103//6176 4102//6175
f 4132//6276 4102//6175 4116//6202
f 4132//6276 4116//6202 4131//6277
f 4120//6190 4119//6187 4127//6278
f 4127//6278 4119//6187 4126//6271
f 4126//6271 4119//6187 4118//6184
f 4126//6271 4118//6184 4104//6180
f 4127//6278 4128//6279 4120//6190
f 4120//6190 4128//6279 4121//6191
f 4121//6191 4128//6279 4129//6275
f 4131//6277 4116//6202 4115//6200
f 4131//6277 4115//6200 4130//6274
f 4130//6274 4115//6200 4123//6197
f 4130//6274 4123//6197 4122//6195
f 4133//6280 4132//6276 4131//6277
f 4133//6281 4131//6277 4130//6274
f 4133//6282 4130//6282 3894//6282
f 4130//6274 4129//6275 3894//6283
f 3894//6284 4129//6285 4134//6286
f 4129//6275 4128//6279 4134//6287
f 4134//6288 4128//6288 4135//6288
f 4128//6279 4127//6278 4135//6289
f 4135//6290 4127//6290 4136//6290
f 4136//6291 4127//6278 4126//6271
f 4136//6292 4126//6293 3888//6294
f 4126//6271 4125//6272 3888//6295
f 3888//6296 4125//6296 4137//6296
f 4125//6272 4124//6273 4137//6297
f 4137//6298 4124//6299 4133//6300
f 4124//6273 4132//6276 4133//6301
f 3888//5880 4137//6298 4133//6300
f 3888//5880 4133//6300 3894//5888
f 3894//6284 4134//6286 3893//5790
f 3893//5790 4134//6286 4135//6146
f 3893//5790 4135//6146 3891//6149
f 3891//6149 4135//6146 4136//6292
f 3891//6149 4136//6292 3888//6294
f 4099//6302 4000//6065 3859//6067
f 4099//6302 3859//6067 4097//6303
f 4097//6303 3859//6067 4047//6234
f 4097//6303 4047//6234 4027//6235
f 4097//6303 4027//6235 4098//6304
f 4098//6304 4027//6235 3921//6305
f 4098//6304 3921//6305 4026//6066
f 4098//6304 4026//6066 4099//6302
f 4099//6302 4026//6066 4000//6065
f 4044//6091 3883//5923 3935//5922
f 3923//6000 3741//6306 3924//6307
f 4109//6259 3867//5854 3865//6237
f 4096//6308 4049//291 3822//5902
f 3869//6061 3992//5978 3873//6059
f 3869//6061 3739//5757 3992//5978
f 3870//6262 3914//5998 3745//6001
f 3870//6262 3745//6001 3924//6307
f 3870//6262 3924//6307 3943//5926
f 3943//5926 3924//6307 3955//6309
f 3924//6307 3745//6001 3923//6000
f 3922//6310 3741//6306 3923//6000
f 3741//6306 3922//6310 3942//5927
f 3741//6306 3942//5927 3924//6307
f 3942//5927 3943//5926 3955//6309
f 3942//5927 3955//6309 3924//6307
f 3914//5998 3870//6262 4114//6261
f 3871//6263 3818//6311 3756//6312
f 3871//6263 3756//6312 4114//6261
f 3824//6313 3913//5999 3914//5998
f 3824//6313 3914//5998 3756//6312
f 3818//6311 3820//6314 4002//6315
f 3820//6314 3821//6316 3823//6317
f 3925//6318 3823//6317 3817//6319
f 3824//6313 4002//6315 3913//5999
f 3913//5999 4002//6315 3925//6318
f 3821//6316 3925//6318 3817//6319
f 4002//6315 3820//6314 3823//6317
f 4002//6315 3823//6317 3925//6318
f 3871//6263 3870//6262 3820//6314
f 3871//6263 3820//6314 3818//6311
f 3986//5900 3821//6316 3870//6262
f 3870//6262 3821//6316 3820//6314
f 3908//5898 3740//5755 3872//6320
f 3873//6059 3992//5978 3872//6320
f 3872//6320 3992//5978 4053//6170
f 3872//6320 4053//6170 3908//5898
f 3739//5757 3869//6061 3748//6060
f 3739//5757 3748//6060 3740//5755
f 3873//6059 3872//6320 3748//6060
f 3748//6060 3872//6320 3740//5755
f 3908//5898 3906//6321 3907//5899
f 3907//5899 3906//6321 3905//5901
f 3986//5900 3920//5758 3908//5898
f 3908//5898 3920//5758 4001//5756
f 3992//5978 3739//5757 3920//5758
f 4096//6308 3822//5902 3906//6321
f 3905//5901 3906//6321 3822//5902
f 3992//5978 3920//5758 3986//5900
f 4114//6261 3756//6312 3914//5998
f 3818//6311 4002//6315 3824//6313
f 3818//6311 3824//6313 3756//6312
f 4096//6308 3906//6321 3908//5898
f 4096//6308 3908//5898 4053//6170
f 3913//5999 3942//5927 3922//6310
f 3913//5999 3922//6310 3923//6000
f 4074//6137 3913//5999 3925//6318
f 4074//6137 3925//6318 4096//6308
f 3747//5761 3821//6316 4049//291
f 4096//6308 3925//6318 3755//5759
f 3755//5759 3746//6322 4096//6308
f 3755//5759 3747//5761 3746//6322
f 3746//6322 3747//5761 4049//291
f 3746//6322 4049//291 4096//6308
f 3821//6316 3747//5761 3738//5760
f 3821//6316 3738//5760 3925//6318
f 3738//5760 3755//5759 3925//6318
f 3822//5902 4049//291 3986//5900
f 3986//5900 4049//291 3821//6316
f 3821//6316 3817//6319 3823//6317
f 3830//6270 3829//5838 3828//5823
f 3828//5823 3829//5838 3827//5822
f 3921//6305 4027//6235 4026//6066
f 4145//6323 4144//6324 4146//6325
f 4146//6325 4147//6326 4145//6323
f 4145//6323 4147//6326 4148//6327
f 4145//6323 4163//6328 4150//6329
f 4145//6323 4150//6329 4144//6324
f 4138//6330 4151//6331 4149//6332
f 4149//6332 4152//422 4155//6333
f 4156//6334 4157//6335 4154//6336
f 4153//6337 4145//6323 4148//6327
f 4162//6338 4152//422 4149//6332
f 4160//6339 4158//6340 4159//6341
f 4138//6330 4141//6342 4140//6343
f 4154//6336 4161//6344 4151//6331
f 4151//6331 4161//6344 4144//6324
f 4151//6331 4144//6324 4149//6332
f 4154//6336 4157//6335 4161//6344
f 4161//6344 4157//6335 4148//6327
f 4148//6327 4157//6335 4153//6337
f 4159//6341 4158//6340 4150//6329
f 4150//6329 4158//6340 4144//6324
f 4144//6324 4158//6340 4162//6338
f 4144//6324 4162//6338 4149//6332
f 4156//6334 4154//6336 4153//6337
f 4156//6334 4153//6337 4157//6335
f 4149//6332 4155//6333 4143//6345
f 4160//6339 4159//6341 4164//6346
f 4163//6328 4145//6323 4142//6347
f 4142//6347 4145//6323 4153//6337
f 4143//6345 4155//6333 4163//6328
f 4143//6345 4163//6328 4142//6347
f 4140//6343 4141//6342 4153//6337
f 4149//6332 4143//6345 4138//6330
f 4138//6330 4143//6345 4141//6342
f 4154//6336 4139//6348 4140//6343
f 4154//6336 4140//6343 4153//6337
f 4153//6337 4141//6342 4142//6347
f 4151//6331 4139//6348 4154//6336
f 4144//6324 4161//6344 4146//6325
f 4146//6325 4161//6344 4147//6326
f 4148//6327 4147//6326 4161//6344
f 4151//6331 4138//6330 4139//6348
f 4139//6348 4138//6330 4140//6343
f 4142//6347 4141//6342 4143//6345
f 4162//6338 4158//6340 4152//422
f 4152//422 4158//6340 4160//6339
f 4152//422 4160//6339 4155//6333
f 4155//6333 4160//6339 4164//6346
f 4155//6333 4164//6346 4163//6328
f 4163//6328 4164//6346 4159//6341
f 4163//6328 4159//6341 4150//6329
f 4166//6349 4167//6350 4168//6351
f 4178//6352 4187//6353 4182//6354
f 4178//6352 4182//6354 4183//6355
f 4178//6352 4183//6355 4179//6356
f 4179//6356 4183//6355 4180//6357
f 4180//6357 4183//6355 4188//6358
f 4180//6357 4188//6358 4184//6359
f 4181//6360 4184//6359 4185//6361
f 4181//6360 4185//6361 4174//6362
f 4174//6362 4185//6361 4186//6363
f 4174//6362 4186//6363 4175//6364
f 4175//6364 4186//6363 4176//6365
f 4176//6365 4186//6363 4187//6353
f 4176//6365 4187//6353 4177//6366
f 4177//6366 4187//6353 4178//6352
f 4187//6353 4195//6367 4182//6354
f 4183//6355 4182//6354 4194//6368
f 4183//6355 4194//6368 4188//6358
f 4188//6358 4193//6369 4184//6359
f 4184//6359 4193//6369 4192//6370
f 4184//6359 4192//6370 4185//6361
f 4185//6361 4192//6370 4191//6371
f 4185//6361 4191//6371 4186//6363
f 4186//6363 4191//6371 4190//6372
f 4186//6363 4190//6372 4189//6373
f 4186//6363 4189//6373 4187//6353
f 4187//6353 4189//6373 4195//6367
f 4193//6369 4188//6358 4194//6368
f 4199//6374 4191//6371 4192//6370
f 4199//6374 4192//6370 4193//6369
f 4199//6374 4193//6369 4196//6375
f 4196//6375 4193//6369 4194//6368
f 4196//6375 4194//6368 4197//6376
f 4197//6376 4194//6368 4182//6354
f 4197//6376 4182//6354 4195//6367
f 4197//6376 4195//6367 4198//6377
f 4198//6377 4195//6367 4189//6373
f 4198//6377 4189//6373 4190//6372
f 4198//6377 4190//6372 4191//6371
f 4198//6377 4191//6371 4199//6374
f 4198//6378 4203//6379 4197//6380
f 4197//6380 4203//6379 4200//6381
f 4197//6380 4200//6381 4196//6382
f 4196//6382 4200//6381 4201//6383
f 4196//6382 4201//6383 4199//6384
f 4199//6384 4201//6383 4202//6385
f 4199//6384 4202//6385 4198//6378
f 4198//6378 4202//6385 4203//6379
f 4204//6386 4215//6387 4205//6388
f 4204//6386 4205//6388 4206//6389
f 4206//6389 4205//6388 4207//6390
f 4206//6389 4207//6390 4208//6391
f 4206//6389 4208//6391 4209//6392
f 4209//6392 4208//6391 4210//6393
f 4209//6392 4210//6393 4211//6394
f 4209//6395 4211//6394 4212//6396
f 4212//6396 4211//6394 4213//6397
f 4212//6398 4213//6397 4214//6399
f 4214//6399 4213//6397 4215//6387
f 4214//6399 4215//6387 4204//6386
f 4328//6400 4329//6401 4524//6402
f 4524//6402 4329//6401 4530//6403
f 4235//6404 4236//6405 4234//6406
f 4234//6406 4236//6405 4231//6407
f 4231//6407 4236//6405 4237//6408
f 4237//6409 4238//6410 4233//6411
f 4233//6411 4238//6410 4235//6404
f 4239//6412 4240//6413 4241//6414
f 4241//6414 4240//6413 4242//6415
f 4241//6414 4242//6415 4243//6416
f 4243//6416 4242//6415 4244//6417
f 4245//6418 4246//6419 4247//6420
f 4245//6418 4247//6420 4239//6412
f 4246//6419 4521//6421 4248//6422
f 4251//6423 4253//6424 4254//6425
f 4251//6423 4254//6425 4249//6426
f 4249//6426 4254//6425 4252//6427
f 4249//6426 4252//6427 4255//6428
f 4251//6429 4256//6430 4250//6431
f 4250//6431 4256//6430 4257//6432
f 4258//6433 4256//6430 4249//6426
f 4259//6434 4258//6433 4260//6435
f 4258//6433 4259//6434 4256//6430
f 4256//6430 4259//6434 4257//6432
f 4365//6436 4262//6437 4497//6438
f 4263//6439 4495//6440 4261//6441
f 4497//6438 4262//6437 4495//6440
f 4495//6440 4262//6437 4261//6441
f 4532//6442 4266//6443 4269//6444
f 4269//6444 4266//6443 4267//6445
f 4268//6446 4273//6447 4269//6444
f 4271//6448 4273//6447 4270//6449
f 4270//6449 4273//6447 4463//6450
f 4274//6451 4275//6452 4276//6453
f 4277//6454 4276//6455 4321//6456
f 4321//6456 4276//6455 4278//6457
f 4282//6458 4283//6459 4263//6460
f 4282//6458 4263//6460 4284//6461
f 4288//6462 4287//6463 4285//6464
f 4294//6465 4274//6451 4277//6454
f 4294//6465 4277//6454 4295//6466
f 4294//6465 4298//6467 4274//6451
f 4292//6468 4166//6349 4298//6467
f 4292//6468 4298//6467 4294//6465
f 4292//6468 4299//6469 4166//6349
f 4297//6470 4301//6471 4299//6469
f 4297//6470 4299//6469 4292//6468
f 4297//6470 4300//6472 4301//6471
f 4289//6473 4314//6474 4300//6472
f 4289//6473 4300//6472 4297//6470
f 4287//6463 4302//6475 4314//6474
f 4287//6463 4314//6474 4289//6473
f 4287//6463 4229//6476 4302//6475
f 4288//6462 4230//6477 4229//6476
f 4288//6462 4229//6476 4287//6463
f 4295//6466 4321//6456 4230//6477
f 4295//6466 4230//6477 4288//6462
f 4295//6466 4277//6454 4321//6456
f 4303//6478 4304//6479 4305//6480
f 4306//588 4278//6457 4276//6453
f 4167//6350 4275//6452 4168//6351
f 4308//6481 4303//6478 4309//6482
f 4312//588 4306//588 4275//6452
f 4275//6452 4306//588 4276//6453
f 4308//6481 4310//588 4303//6478
f 4303//6478 4310//588 4311//588
f 4167//6350 4312//588 4275//6452
f 4303//6478 4311//588 4304//6479
f 4304//6479 4311//588 4313//588
f 4278//6457 4306//588 4307//6483
f 4307//6483 4306//588 4310//588
f 4307//6483 4310//588 4308//6481
f 4313//588 4224//6484 4304//6479
f 4224//6484 4313//588 4167//6350
f 4167//6350 4313//588 4312//588
f 4314//6474 4305//6485 4300//6472
f 4317//6486 4318//6487 4449//6488
f 4449//6488 4318//6487 4448//6489
f 4319//6490 4320//6491 4317//6486
f 4317//6486 4320//6491 4318//6487
f 4295//6492 4296//6493 4294//6494
f 4288//6462 4286//6495 4295//6496
f 4294//6494 4293//6497 4292//6498
f 4289//6499 4290//6500 4287//6463
f 4292//6498 4291//6501 4297//6502
f 4306//6503 4326//6504 4322//6505
f 4306//6503 4322//6505 4310//6506
f 4310//6506 4322//6505 4323//6507
f 4310//6506 4323//6507 4311//6508
f 4311//6508 4323//6507 4313//6509
f 4313//6509 4323//6507 4324//6510
f 4313//6509 4324//6510 4312//6511
f 4312//6511 4324//6510 4325//6512
f 4312//6511 4325//6512 4306//6503
f 4306//6503 4325//6512 4326//6504
f 4300//6472 4305//6485 4301//6471
f 4301//6471 4305//6485 4304//6479
f 4333//6513 4409//6514 4327//6515
f 4410//6516 4411//6517 4328//6400
f 4327//6515 4409//6514 4328//6400
f 4328//6400 4411//6517 4329//6401
f 4328//6400 4409//6514 4410//6516
f 4329//6401 4413//6518 4330//6519
f 4329//6401 4330//6519 4331//6520
f 4414//6521 4334//6522 4330//6519
f 4334//6522 4414//6521 4332//6523
f 4334//6522 4332//6523 4327//6515
f 4327//6515 4332//6523 4333//6513
f 4329//6401 4412//6524 4413//6518
f 4411//6517 4412//6524 4329//6401
f 4331//6520 4330//6519 4334//6522
f 4202//6385 4201//6383 4200//6381
f 4202//6385 4200//6381 4203//6379
f 4335//6525 4331//6520 4502//6526
f 4502//6526 4331//6520 4432//6527
f 4341//6528 4338//6529 4339//6530
f 4340//6531 4336//6532 4337//6533
f 4342//6534 4343//6535 4344//6536
f 4344//6536 4343//6535 4346//6537
f 4348//6538 4349//6539 4347//6540
f 4349//6539 4348//6538 4483//6541
f 4260//6435 4253//6424 4259//6434
f 4259//6434 4253//6424 4251//6429
f 4259//6434 4251//6429 4257//6432
f 4362//6542 4348//6538 4363//6543
f 4362//6542 4486//6544 4348//6538
f 4486//6544 4362//6542 4363//6543
f 4374//6545 4373//6546 4375//6547
f 4374//6545 4375//6547 4376//6548
f 4377//6549 4378//6550 4379//6551
f 4373//6552 4381//6553 4384//6554
f 4380//6555 4381//6556 4373//6557
f 4380//6555 4382//6558 4381//6553
f 4379//6559 4389//6560 4380//6555
f 4380//6555 4389//6560 4382//6558
f 4379//6561 4388//6562 4389//6560
f 4378//6550 4388//6563 4379//6551
f 4378//6550 4383//6564 4388//6562
f 4377//6549 4383//6564 4378//6550
f 4377//6565 4387//6566 4383//6564
f 4376//6567 4387//6568 4377//6569
f 4376//6570 4386//6571 4387//6566
f 4375//6547 4385//6572 4376//6548
f 4376//6570 4385//6573 4386//6571
f 4375//6574 4384//6554 4385//6573
f 4373//6552 4384//6554 4375//6575
f 4389//6560 4388//6562 4397//6576
f 4397//6576 4388//6562 4394//6577
f 4394//6577 4388//6562 4383//6564
f 4394//6577 4383//6564 4395//6578
f 4395//6578 4383//6564 4387//6566
f 4395//6578 4387//6566 4396//6579
f 4396//6579 4387//6566 4386//6571
f 4396//6579 4386//6571 4390//6580
f 4382//6558 4393//6581 4381//6553
f 4381//6553 4393//6581 4392//6582
f 4381//6553 4392//6582 4384//6554
f 4384//6554 4392//6582 4391//6583
f 4393//6581 4382//6558 4397//6576
f 4382//6558 4389//6560 4397//6576
f 4390//6580 4386//6571 4385//6573
f 4390//6580 4385//6573 4391//6583
f 4391//6583 4385//6573 4384//6554
f 4401//6584 4402//6585 4400//6586
f 4408//6587 4407//6588 4406//6589
f 4408//6590 4406//6590 4409//6590
f 4406//6589 4405//6591 4409//6592
f 4409//6592 4405//6591 4404//6593
f 4409//6514 4404//6594 4410//6516
f 4404//6593 4403//6595 4410//6596
f 4410//6516 4403//6595 4411//6517
f 4411//6517 4403//6595 4402//6585
f 4411//6517 4402//6597 4412//6524
f 4412//6598 4402//6585 4401//6584
f 4412//6524 4401//6584 4413//6518
f 4401//6584 4400//6586 4413//6518
f 4413//6518 4400//6586 4399//6599
f 4413//6600 4399//6600 4414//6600
f 4399//6599 4398//6601 4414//6602
f 4414//6603 4398//6601 4408//6587
f 4408//6587 4398//6601 4407//6588
f 4408//6604 4332//6523 4414//6521
f 4414//6521 4330//6519 4413//6518
f 4409//6514 4333//6513 4408//6604
f 4408//6604 4333//6513 4332//6523
f 4415//6605 4416//6606 4417//6607
f 4415//6605 4417//6607 4418//6608
f 4418//6608 4417//6607 4419//6609
f 4419//6609 4417//6607 4420//6610
f 4420//6610 4417//6607 4421//6611
f 4420//6610 4421//6611 4422//6612
f 4420//6610 4422//6612 4423//6613
f 4423//6613 4422//6612 4424//6614
f 4424//6614 4422//6612 4425//6615
f 4424//6614 4425//6615 4426//6616
f 4426//6616 4425//6615 4427//6617
f 4426//6616 4427//6617 4428//6618
f 4428//6618 4427//6617 4416//6606
f 4428//6618 4416//6606 4415//6605
f 4242//6619 4433//6620 4434//6621
f 4435//6622 4443//6623 4436//6624
f 4436//6624 4443//6623 4437//6625
f 4436//6624 4437//6625 4438//6626
f 4438//6626 4437//6625 4439//6627
f 4438//6626 4439//6627 4440//6628
f 4438//6626 4440//6628 4441//6629
f 4441//6629 4440//6628 4442//6630
f 4441//6629 4442//6630 4435//6622
f 4435//6622 4442//6630 4443//6623
f 4447//121 4435//121 4444//121
f 4444//121 4435//121 4436//121
f 4444//121 4436//121 4445//121
f 4445//121 4436//121 4438//121
f 4445//121 4438//121 4446//121
f 4446//121 4438//121 4441//121
f 4446//121 4441//121 4447//121
f 4447//121 4441//121 4435//121
f 4450//6631 4447//6632 4444//6633
f 4450//6631 4444//6633 4451//6634
f 4451//6634 4444//6633 4445//6635
f 4451//6634 4445//6635 4452//6636
f 4452//6636 4445//6635 4446//6637
f 4452//6636 4446//6637 4453//6638
f 4453//6638 4446//6637 4447//6632
f 4453//6638 4447//6632 4450//6631
f 4346//6537 4343//6535 4345//6639
f 4346//6537 4345//6639 4342//6534
f 4456//6640 4233//6641 4454//6642
f 4454//6642 4233//6641 4234//6406
f 4454//6642 4234//6406 4455//6643
f 4455//6643 4234//6406 4231//6407
f 4455//6643 4231//6407 4232//6644
f 4455//6643 4232//6644 4456//6640
f 4456//6640 4232//6644 4233//6641
f 4370//6645 4374//6545 4369//6646
f 4369//6646 4374//6545 4368//6647
f 4368//6647 4374//6648 4376//6567
f 4368//6647 4376//6567 4377//6569
f 4368//6647 4377//6569 4367//6649
f 4367//6649 4377//6569 4366//6650
f 4366//6650 4377//6569 4379//6559
f 4366//6650 4379//6559 4372//6651
f 4372//6651 4379//6559 4380//6555
f 4372//6651 4380//6555 4371//6652
f 4371//6652 4380//6555 4373//6557
f 4371//6652 4373//6557 4370//6653
f 4370//6645 4373//6546 4374//6545
f 4184//6359 4181//6360 4180//6357
f 4272//6654 4460//6655 4457//6656
f 4457//6656 4460//6655 4458//6657
f 4176//6365 4264//6658 4458//6657
f 4264//6658 4176//6365 4459//6659
f 4272//6654 4174//6362 4175//6364
f 4272//6654 4175//6364 4460//6655
f 4460//6655 4175//6364 4176//6365
f 4173//6660 4174//6362 4272//6654
f 4265//6661 4176//6365 4177//6366
f 4273//6447 4181//6360 4173//6660
f 4173//6660 4181//6360 4174//6362
f 4268//6446 4178//6352 4179//6356
f 4268//6446 4179//6356 4180//6357
f 4268//6446 4180//6357 4273//6447
f 4177//6366 4178//6352 4265//6661
f 4265//6661 4178//6352 4268//6446
f 4180//6357 4181//6360 4273//6447
f 4265//6661 4461//6662 4176//6365
f 4176//6365 4461//6662 4459//6659
f 4171//6663 4173//6660 4170//6664
f 4170//6664 4173//6660 4462//6665
f 4462//6665 4173//6660 4272//6654
f 4264//6658 4265//6661 4458//6657
f 4458//6657 4265//6661 4463//6450
f 4173//6660 4172//6666 4273//6447
f 4273//6447 4172//6666 4272//6654
f 4273//6447 4464//6667 4463//6450
f 4463//6450 4464//6667 4465//6668
f 4465//6668 4458//6657 4463//6450
f 4272//6654 4457//6656 4273//6447
f 4457//6656 4464//6667 4273//6447
f 4467//6669 4469//6670 4468//6671
f 4478//6672 4476//6673 4479//6674
f 4483//6541 4347//6540 4349//6539
f 4482//6675 4483//6541 4484//6676
f 4483//6541 4482//6675 4485//6677
f 4484//6676 4485//6677 4482//6675
f 4358//6678 4357//6679 4225//6680
f 4455//6643 4456//6640 4454//6642
f 4280//6681 4279//6682 4294//6494
f 4294//6494 4279//6682 4487//6683
f 4280//6681 4294//6494 4296//6493
f 4280//6684 4296//6684 4281//6684
f 4281//6685 4296//6493 4295//6492
f 4295//6496 4286//6495 4281//6686
f 4281//6686 4286//6495 4365//6687
f 4290//6500 4284//6461 4263//6460
f 4284//6461 4290//6500 4289//6499
f 4284//6688 4289//6688 4282//6688
f 4289//6473 4297//6470 4282//6689
f 4282//6458 4297//6502 4291//6501
f 4294//6494 4487//6683 4293//6497
f 4293//6497 4487//6683 4488//6690
f 4488//6691 4292//6498 4293//6497
f 4283//6459 4282//6458 4291//6501
f 4283//6692 4291//6693 4489//6694
f 4489//6694 4291//6693 4488//6695
f 4488//6691 4291//6501 4292//6498
f 4261//6696 4290//6500 4263//6460
f 4261//6697 4287//6463 4290//6500
f 4261//6697 4285//6464 4287//6463
f 4285//6698 4261//6698 4262//6698
f 4285//6464 4262//6699 4288//6462
f 4262//6699 4286//6495 4288//6462
f 4365//6700 4286//6700 4262//6700
f 4281//6686 4365//6687 4279//6682
f 4281//6686 4279//6682 4280//6681
f 4298//6467 4168//6701 4274//6451
f 4274//6451 4168//6701 4275//6452
f 4493//6702 4426//6616 4428//6618
f 4493//6702 4428//6618 4415//6605
f 4493//6702 4415//6605 4491//6703
f 4491//6703 4415//6605 4418//6608
f 4491//6703 4418//6608 4419//6609
f 4491//6703 4419//6609 4492//6704
f 4492//6704 4419//6609 4420//6610
f 4492//6704 4420//6610 4423//6613
f 4492//6704 4423//6613 4465//6705
f 4465//6705 4423//6613 4424//6614
f 4465//6705 4424//6614 4493//6702
f 4493//6702 4424//6614 4426//6616
f 4493//6706 4458//6657 4465//6668
f 4465//6668 4464//6667 4492//6707
f 4492//6707 4464//6667 4457//6708
f 4492//6707 4457//6708 4491//6709
f 4491//6709 4457//6708 4493//6706
f 4493//6706 4457//6708 4458//6657
f 4461//6662 4265//6661 4459//6659
f 4459//6659 4265//6661 4264//6658
f 4449//6488 4448//6489 4316//6710
f 4316//6710 4448//6489 4315//6711
f 4319//121 4495//121 4316//121
f 4316//121 4495//121 4494//121
f 4317//121 4497//121 4319//121
f 4319//121 4497//121 4495//121
f 4316//121 4494//121 4449//121
f 4449//121 4494//121 4496//121
f 4449//121 4496//121 4317//121
f 4317//121 4496//121 4497//121
f 4274//6451 4276//6455 4277//6454
f 4173//6660 4171//6663 4172//6666
f 4172//6666 4171//6663 4170//6664
f 4314//6474 4303//6478 4305//6480
f 4431//6712 4432//6527 4531//6713
f 4530//6403 4502//6526 4429//6714
f 4530//6403 4429//6714 4524//6402
f 4524//6402 4429//6714 4490//6715
f 4523//6716 4430//6717 4431//6712
f 4523//6716 4431//6712 4531//6713
f 4524//6402 4490//6715 4523//6716
f 4523//6716 4490//6715 4430//6717
f 4258//6433 4255//6428 4252//6718
f 4258//6433 4252//6718 4254//6425
f 4258//6433 4254//6425 4260//6435
f 4318//6719 4342//6534 4448//6720
f 4448//6720 4342//6534 4345//6639
f 4248//6422 4453//117 4450//117
f 4249//6426 4320//6721 4251//6423
f 4251//6423 4320//6721 4315//6722
f 4251//6423 4315//6722 4256//6723
f 4256//6723 4315//6722 4343//6535
f 4318//6719 4433//6724 4242//6725
f 4343//6535 4342//6534 4248//6422
f 4248//6422 4342//6534 4318//6719
f 4248//6422 4318//6719 4242//6725
f 4343//6535 4315//6722 4345//6639
f 4345//6639 4315//6722 4448//6720
f 4248//6422 4450//117 4343//6535
f 4343//6535 4450//117 4451//117
f 4320//6721 4249//6426 4318//6719
f 4318//6719 4249//6426 4433//6724
f 4433//6724 4249//6426 4452//6726
f 4433//6724 4452//6726 4248//6422
f 4248//6422 4452//6726 4453//117
f 4256//6723 4452//6726 4249//6426
f 4343//6535 4451//117 4256//6723
f 4256//6723 4451//117 4452//6726
f 4266//6443 4271//6448 4267//6445
f 4267//6445 4271//6448 4269//6444
f 4521//6421 4245//6418 4248//6422
f 4245//6418 4433//6620 4248//6422
f 4245//6418 4241//90 4433//6620
f 4433//6620 4241//90 4243//6416
f 4245//6418 4239//6412 4241//90
f 4433//6620 4243//6416 4434//6621
f 4229//6476 4308//6481 4309//6482
f 4229//6476 4309//6727 4302//6475
f 4316//6710 4315//6711 4319//6490
f 4319//6490 4315//6711 4320//6491
f 4354//6728 4165//6729 4355//6730
f 4355//6730 4165//6729 4529//6731
f 4355//6730 4529//6731 4353//6732
f 4529//6731 4351//6733 4353//6732
f 4352//6734 4498//6735 4354//6728
f 4352//6734 4354//6728 4353//6732
f 4353//6732 4354//6728 4355//6730
f 4351//6733 4500//6736 4350//6737
f 4350//6737 4500//6736 4498//6735
f 4350//6737 4498//6735 4351//6733
f 4351//6733 4498//6735 4352//6734
f 4351//6733 4352//6734 4353//6732
f 4361//6738 4348//6538 4347//6540
f 4348//6538 4484//6676 4483//6541
f 4485//6677 4347//6540 4483//6541
f 4484//6676 4348//6538 4497//6438
f 4356//6739 4484//6676 4496//6740
f 4356//6739 4496//6740 4485//6677
f 4356//6739 4485//6677 4484//6676
f 4496//6740 4484//6676 4497//6438
f 4348//6538 4361//6738 4363//6543
f 4363//6543 4360//6741 4359//6742
f 4347//6540 4359//6742 4360//6741
f 4361//6738 4347//6540 4360//6741
f 4361//6738 4360//6741 4363//6543
f 4486//6544 4363//6543 4225//6680
f 4359//6742 4357//6679 4358//6678
f 4359//6742 4358//6678 4363//6543
f 4363//6543 4358//6678 4225//6680
f 4499//6743 4225//6680 4357//6679
f 4499//6743 4357//6679 4359//6742
f 4225//6680 4500//6736 4486//6544
f 4351//6733 4529//6731 4486//6544
f 4351//6733 4486//6544 4500//6736
f 4499//6743 4226//6744 4225//6680
f 4500//6736 4225//6680 4498//6735
f 4498//6735 4225//6680 4226//6744
f 4498//6735 4226//6744 4499//6743
f 4463//6450 4265//6661 4268//6745
f 4431//6712 4270//6449 4432//6527
f 4432//6527 4270//6449 4269//6444
f 4432//6527 4269//6444 4502//6526
f 4490//6715 4429//6714 4417//6607
f 4490//6715 4416//6606 4427//6617
f 4490//6715 4427//6617 4430//6717
f 4430//6717 4427//6617 4431//6712
f 4270//6449 4422//6612 4271//6448
f 4271//6448 4422//6612 4421//6611
f 4271//6448 4421//6611 4417//6607
f 4425//6615 4431//6712 4427//6617
f 4431//6712 4425//6615 4270//6449
f 4270//6449 4425//6615 4422//6612
f 4269//6444 4271//6448 4502//6526
f 4502//6526 4271//6448 4429//6714
f 4429//6714 4271//6448 4417//6607
f 4417//6607 4416//6606 4490//6715
f 4329//6401 4331//6520 4335//6525
f 4321//6456 4278//6457 4307//6483
f 4166//6349 4168//6701 4298//6467
f 4299//6469 4224//6746 4166//6349
f 4166//6349 4224//6746 4167//6350
f 4526//6747 4440//6748 4528//6749
f 4528//6749 4440//6748 4439//6750
f 4528//6749 4439//6750 4437//6751
f 4529//6731 4443//6752 4442//6753
f 4165//6729 4437//6751 4443//6752
f 4442//6753 4487//6754 4529//6731
f 4528//6749 4437//6751 4165//6729
f 4165//6729 4443//6752 4529//6731
f 4442//6753 4488//6755 4487//6754
f 4440//6748 4526//6747 4488//6755
f 4440//6748 4488//6755 4442//6753
f 4325//6512 4322//588 4326//6504
f 4325//6512 4323//588 4322//588
f 4325//6512 4324//6510 4323//588
f 4205//6388 4503//6756 4504//6757
f 4205//6388 4504//6757 4505//6758
f 4205//6388 4505//6758 4207//6390
f 4207//6390 4505//6758 4208//6391
f 4208//6391 4505//6758 4506//6759
f 4208//6391 4506//6759 4210//6393
f 4210//6393 4506//6759 4507//6760
f 4210//6393 4507//6760 4508//6761
f 4210//6393 4508//6761 4211//6394
f 4211//6394 4508//6761 4213//6397
f 4213//6397 4508//6761 4509//6762
f 4213//6397 4509//6762 4215//6387
f 4215//6387 4509//6762 4503//6763
f 4215//6387 4503//6756 4205//6388
f 4509//6764 4510//6765 4503//6766
f 4507//6760 4511//6767 4508//6761
f 4503//6756 4369//6646 4504//6757
f 4504//6757 4369//6646 4505//6758
f 4505//6758 4369//6646 4368//6647
f 4505//6758 4368//6647 4506//6759
f 4506//6759 4368//6647 4367//6649
f 4506//6759 4367//6649 4507//6760
f 4507//6760 4367//6649 4366//6650
f 4507//6760 4366//6650 4511//6767
f 4511//6767 4366//6650 4372//6651
f 4511//6767 4372//6651 4508//6761
f 4508//6761 4372//6651 4509//6762
f 4509//6764 4372//6651 4371//6652
f 4509//6764 4371//6652 4510//6765
f 4510//6765 4371//6652 4370//6653
f 4510//6765 4370//6653 4503//6766
f 4503//6756 4370//6645 4369//6646
f 4230//6477 4307//6768 4229//6476
f 4229//6476 4307//6768 4308//6481
f 4336//6532 4513//6769 4337//6533
f 4337//6533 4513//6769 4217//6770
f 4337//6533 4217//6770 4341//6528
f 4341//6528 4217//6770 4216//6771
f 4341//6528 4216//6771 4514//6772
f 4341//6528 4514//6772 4338//6529
f 4338//6529 4514//6772 4339//6530
f 4339//6530 4514//6772 4515//6773
f 4339//6530 4515//6773 4340//6531
f 4340//6531 4515//6773 4516//6774
f 4340//6531 4516//6774 4336//6532
f 4336//6532 4516//6774 4513//6769
f 4221//6775 4220//6776 4515//6773
f 4221//6775 4515//6773 4222//6777
f 4222//6777 4515//6773 4514//6772
f 4222//6777 4514//6772 4223//6778
f 4223//6778 4514//6772 4216//6771
f 4217//6770 4513//6769 4218//6779
f 4218//6779 4513//6769 4219//6780
f 4219//6780 4513//6769 4220//6776
f 4515//6773 4220//6776 4516//6774
f 4516//6774 4220//6776 4513//6769
f 4321//6456 4307//6768 4230//6477
f 4302//6475 4309//6727 4314//6474
f 4314//6474 4309//6727 4303//6478
f 4517//793 4214//793 4204//793
f 4517//793 4204//793 4206//793
f 4517//793 4206//793 4518//793
f 4518//793 4206//793 4209//793
f 4518//793 4209//793 4519//793
f 4519//793 4209//793 4212//793
f 4519//793 4212//793 4520//793
f 4520//793 4212//793 4214//793
f 4520//793 4214//793 4517//793
f 4523//6716 4531//6713 4327//6515
f 4327//6515 4531//6713 4334//6522
f 4328//6400 4344//6536 4346//6781
f 4328//6400 4346//6781 4327//6515
f 4327//6515 4346//6781 4342//6534
f 4257//6432 4237//6409 4236//6782
f 4257//6432 4236//6782 4344//6536
f 4521//6421 4238//6410 4237//6409
f 4344//6536 4236//6782 4342//6534
f 4342//6534 4236//6782 4235//6404
f 4238//6410 4521//6421 4342//6534
f 4238//6410 4342//6534 4235//6404
f 4257//6432 4245//6418 4521//6421
f 4246//6419 4522//6783 4327//6515
f 4246//6419 4327//6515 4521//6421
f 4521//6421 4327//6515 4342//6534
f 4251//6429 4250//6431 4524//6402
f 4251//6429 4524//6402 4257//6432
f 4250//6431 4257//6432 4344//6536
f 4243//6416 4239//6412 4257//6432
f 4257//6432 4239//6412 4247//6420
f 4240//6413 4522//6783 4247//6420
f 4247//6420 4522//6783 4257//6432
f 4257//6432 4522//6783 4246//6419
f 4257//6432 4246//6419 4245//6418
f 4260//6435 4243//6416 4257//6432
f 4260//6435 4257//6432 4253//6424
f 4253//6424 4257//6432 4524//6402
f 4253//6424 4524//6402 4254//6425
f 4254//6425 4524//6402 4255//6428
f 4254//6425 4255//6428 4260//6435
f 4260//6435 4255//6428 4243//6416
f 4434//6621 4523//6716 4244//6417
f 4244//6417 4523//6716 4522//6783
f 4244//6417 4522//6783 4243//6416
f 4243//6416 4522//6783 4240//6413
f 4243//6416 4240//6413 4239//6412
f 4237//6409 4257//6432 4521//6421
f 4249//6426 4434//6621 4258//6433
f 4258//6433 4434//6621 4243//6416
f 4258//6433 4243//6416 4255//6428
f 4249//6426 4255//6428 4524//6402
f 4249//6426 4524//6402 4434//6621
f 4344//6536 4328//6400 4524//6402
f 4344//6536 4524//6402 4250//6431
f 4522//6783 4523//6716 4327//6515
f 4524//6402 4523//6716 4434//6621
f 4301//6471 4224//6746 4299//6469
f 4301//6471 4304//6479 4224//6484
f 4172//6666 4462//6784 4272//6654
f 4172//6666 4170//6664 4462//6784
f 4216//6771 4517//6785 4223//6778
f 4223//6778 4517//6785 4222//6777
f 4222//6777 4517//6785 4518//6786
f 4222//6777 4518//6786 4221//6775
f 4221//6775 4518//6786 4519//6787
f 4221//6775 4519//6787 4220//6776
f 4220//6776 4519//6787 4219//6780
f 4219//6780 4519//6787 4218//6779
f 4218//6779 4519//6787 4520//6788
f 4218//6779 4520//6788 4217//6770
f 4217//6770 4520//6788 4517//6785
f 4217//6770 4517//6785 4216//6771
f 4233//6411 4235//6404 4234//6406
f 4231//6407 4237//6408 4232//6644
f 4232//6644 4237//6408 4233//6641
f 4469//6670 4525//6789 4527//6790
f 4469//6670 4527//6790 4468//6671
f 4468//6671 4527//6790 4528//6749
f 4501//6791 4494//6792 4169//6793
f 4169//6793 4494//6792 4495//6440
f 4169//6793 4495//6440 4364//6794
f 4495//6440 4227//6795 4364//6794
f 4512//6796 4501//6791 4364//6794
f 4364//6794 4501//6791 4169//6793
f 4227//6795 4475//6797 4228//6798
f 4228//6798 4512//6796 4227//6795
f 4227//6795 4512//6796 4364//6794
f 4470//6799 4471//6800 4466//6801
f 4525//6789 4469//6670 4526//6747
f 4526//6747 4469//6670 4471//6800
f 4471//6800 4469//6670 4467//6669
f 4468//6671 4466//6801 4467//6669
f 4476//6673 4475//6797 4472//6802
f 4472//6802 4475//6797 4474//6803
f 4227//6795 4495//6440 4474//6803
f 4227//6795 4474//6803 4475//6797
f 4472//6802 4473//6804 4476//6673
f 4471//6800 4473//6804 4472//6802
f 4471//6800 4470//6799 4473//6804
f 4525//6789 4526//6747 4527//6790
f 4475//6797 4476//6673 4228//6798
f 4228//6798 4476//6673 4477//6805
f 4478//6672 4479//6674 4473//6804
f 4473//6804 4479//6674 4476//6673
f 4477//6805 4476//6673 4478//6672
f 4473//6804 4481//6806 4478//6672
f 4478//6672 4481//6806 4480//6807
f 4478//6672 4480//6807 4466//6801
f 4466//6801 4480//6807 4481//6806
f 4470//6799 4466//6801 4481//6806
f 4470//6799 4481//6806 4473//6804
f 4526//6747 4528//6749 4527//6790
f 4434//6621 4244//6417 4242//6415
f 4242//6725 4240//6413 4246//6419
f 4247//6420 4246//6419 4240//6413
f 4242//6725 4246//6419 4248//6422
f 4337//6533 4339//6530 4340//6531
f 4337//6533 4341//6528 4339//6530
f 4494//6808 4528//6809 4496//6740
f 4496//6740 4528//6809 4165//6729
f 4487//6754 4279//6810 4529//6731
f 4279//6811 4365//6436 4529//6731
f 4529//6731 4365//6436 4497//6438
f 4497//6438 4348//6538 4529//6731
f 4529//6731 4348//6538 4486//6544
f 4526//6812 4489//6694 4488//6695
f 4489//6694 4526//6813 4283//6692
f 4263//6439 4283//6814 4526//6747
f 4526//6747 4471//6800 4472//6802
f 4495//6440 4472//6802 4474//6803
f 4472//6802 4495//6440 4526//6747
f 4495//6440 4263//6439 4526//6747
f 4494//6792 4501//6791 4512//6796
f 4494//6792 4512//6796 4228//6798
f 4477//6805 4478//6672 4528//6749
f 4528//6749 4478//6672 4466//6801
f 4466//6801 4468//6671 4528//6749
f 4528//6809 4494//6808 4228//6815
f 4528//6749 4228//6798 4477//6805
f 4165//6729 4354//6728 4498//6816
f 4498//6816 4499//6817 4165//6729
f 4165//6729 4499//6817 4496//6740
f 4499//6817 4359//6742 4496//6740
f 4496//6740 4359//6742 4347//6540
f 4347//6540 4485//6677 4496//6740
f 4471//6800 4467//6669 4466//6801
f 4407//6588 4391//6583 4392//6582
f 4407//6588 4392//6582 4406//6589
f 4406//6589 4392//6582 4393//6581
f 4406//6589 4393//6581 4405//6591
f 4400//6586 4390//6580 4399//6599
f 4399//6599 4390//6580 4398//6601
f 4398//6601 4390//6580 4391//6583
f 4398//6601 4391//6583 4407//6588
f 4390//6580 4400//6586 4396//6579
f 4397//6576 4404//6593 4393//6581
f 4393//6581 4404//6593 4405//6591
f 4396//6579 4400//6586 4402//6585
f 4396//6579 4402//6585 4395//6578
f 4395//6578 4402//6585 4403//6595
f 4395//6578 4403//6595 4394//6577
f 4394//6577 4403//6595 4397//6576
f 4397//6576 4403//6595 4404//6593
f 4329//6401 4502//6526 4530//6403
f 4329//6818 4335//6525 4502//6526
f 4334//6522 4531//6713 4331//6819
f 4331//6520 4531//6713 4432//6527
f 4176//6365 4458//6657 4460//6655
f 4463//6450 4268//6745 4270//6449
f 4270//6449 4268//6745 4269//6444
f 4532//6442 4269//6444 4273//6447
f 4271//6448 4266//6443 4532//6820
f 4271//6448 4532//6820 4273//6447
f 4540//6821 4541//6822 4542//588
f 4542//588 4541//6822 4543//588
f 4542//588 4543//588 4544//588
f 4544//588 4543//588 4545//6823
f 4544//588 4545//6823 4546//6824
f 4555//6825 4556//6826 4547//6827
f 4555//6828 4547//6829 4548//6830
f 4548//6830 4547//6829 4549//6831
f 4549//6831 4547//6829 4550//6832
f 4549//6831 4550//6832 4551//6833
f 4549//6834 4551//6835 4552//6836
f 4552//6836 4551//6835 4553//6837
f 4553//6837 4551//6835 4554//6838
f 4553//6837 4554//6838 4555//6825
f 4555//6825 4554//6838 4556//6826
f 4558//6839 4559//6839 4557//6839
f 4559//6840 4560//6840 4557//6840
f 4557//6841 4560//6841 4561//6841
f 4561//6842 4558//6842 4557//6842
f 4579//6843 4580//6844 4598//6845
f 4582//90 4598//6845 4580//6844
f 4582//90 4580//6844 4584//6846
f 4643//6847 4581//6848 4583//6849
f 4581//6848 4643//6847 4588//6850
f 4588//6850 4643//6847 4585//6851
f 4589//6852 4584//6846 4587//6853
f 4598//6845 4582//90 4586//6146
f 4586//6146 4585//6851 4598//6845
f 4586//6146 4589//6852 4585//6851
f 4589//6852 4587//6853 4590//6854
f 4643//6847 4583//6849 4580//6844
f 4580//6844 4583//6849 4584//6846
f 4584//6846 4583//6849 4587//6853
f 4589//6852 4590//6854 4585//6851
f 4585//6851 4590//6854 4588//6850
f 4592//6855 4593//6856 4594//6857
f 4594//6857 4593//6856 4578//6858
f 4579//6843 4598//6845 4578//6858
f 4595//6859 4579//6843 4578//6858
f 4595//6859 4578//6858 4593//6856
f 4599//6860 4592//6855 4591//6861
f 4595//6859 4596//6862 4579//6843
f 4579//6843 4596//6862 4597//6863
f 4592//6855 4594//6857 4598//6845
f 4592//6855 4598//6845 4591//6861
f 4596//6862 4599//6860 4597//6863
f 4597//6863 4599//6860 4591//6861
f 4598//6845 4600//90 4601//90
f 4760//6864 4004//6865 4602//6866
f 4760//6864 4602//6866 4585//6851
f 4598//6845 4601//90 4591//6861
f 4600//90 4598//6845 4585//6851
f 4591//6861 4601//90 4004//6865
f 4591//6861 4004//6865 4760//6864
f 4585//6851 4602//6866 4600//90
f 4701//6867 4603//6868 4604//6869
f 4606//6870 4605//6871 4607//6872
f 4579//6843 3694//6873 4645//6874
f 3694//6873 4608//6875 4645//6874
f 4579//6843 4610//6876 3694//6873
f 4645//6874 4608//6875 4611//6877
f 4645//6874 4611//6877 4609//6878
f 3688//6879 4612//6880 4597//6863
f 4597//6863 4612//6880 4610//6876
f 4597//6863 4610//6876 4579//6843
f 4609//6878 4611//6877 3688//6879
f 4609//6878 3688//6879 4597//6863
f 4619//6881 4613//6882 4614//6883
f 4614//6883 4613//6882 4615//6884
f 4614//6883 4615//6884 4616//6885
f 4614//6883 4616//6885 4617//6886
f 4617//6886 4616//6885 4618//6887
f 4617//6886 4618//6887 4619//6881
f 4619//6881 4618//6887 4613//6882
f 4620//6888 4621//6889 4622//6890
f 4620//6888 4622//6891 4623//6892
f 4623//6892 4622//6891 4624//6893
f 4624//6893 4622//6891 4625//6894
f 4624//6893 4625//6894 4626//6895
f 4626//6895 4625//6894 4627//6896
f 4626//6895 4627//6896 4628//6897
f 4628//6897 4627//6896 4629//6898
f 4628//6897 4629//6898 4630//6899
f 4630//6899 4629//6898 4621//6900
f 4630//6899 4621//6889 4620//6888
f 4598//6845 4632//6901 4631//6902
f 4598//6845 4631//6902 4578//6858
f 4578//6858 4631//6902 4813//6903
f 4578//6858 4813//6903 4594//6857
f 4598//6845 4594//6857 4632//6901
f 4604//6904 4637//6905 4607//6906
f 4633//6907 4634//6908 4607//6906
f 4607//6906 4637//6905 4633//6907
f 4635//6909 4637//6905 4604//6904
f 4639//6910 4641//6911 4642//6912
f 4634//6908 4640//6913 4607//6906
f 4607//6906 4640//6913 4636//6914
f 4642//6912 4604//6904 4639//6910
f 4642//6912 4644//6915 4604//6904
f 4645//6916 4636//6914 4646//6917
f 4645//6916 4646//6917 4579//6918
f 4579//6918 4646//6917 4638//6919
f 4580//6920 4638//6919 4647//6921
f 4635//6909 4604//6904 4644//6915
f 4643//6922 4648//6923 4639//6910
f 4639//6910 4648//6923 4641//6911
f 4579//6918 4638//6919 4580//6920
f 4647//6921 4643//6922 4580//6920
f 4607//6906 4636//6914 4645//6916
f 4640//6913 4643//6922 4647//6921
f 4634//6908 4649//6924 4640//6913
f 4644//6915 4650//6925 4635//6909
f 4635//6909 4650//6925 4651//6926
f 4640//6913 4649//6924 4643//6922
f 4649//6924 4651//6926 4643//6922
f 4651//6926 4650//6925 4643//6922
f 4643//6922 4650//6925 4648//6923
f 4537//6927 4658//6928 4535//6929
f 4537//6927 4538//6930 4658//6928
f 4535//6929 4536//6931 4537//6927
f 4657//6932 4535//6929 4658//6928
f 4656//6933 4534//6934 4657//6932
f 4657//6932 4658//6928 4656//6933
f 4539//6935 4659//6936 4538//6930
f 4538//6930 4659//6936 4658//6928
f 4657//6932 4534//6934 4535//6929
f 4533//6937 4656//6933 4659//6936
f 4533//6937 4659//6936 4539//6935
f 4534//6934 4656//6933 4533//6937
f 4662//6938 4604//6939 4603//6940
f 4639//6941 4665//6942 4663//6943
f 4662//6938 4664//6944 4604//6939
f 4604//6939 4664//6944 4639//6941
f 4664//6944 4665//6942 4639//6941
f 4666//6945 4668//6946 4667//6947
f 4668//6946 4666//6945 4670//6948
f 4666//6945 4667//6947 4738//6949
f 4660//6950 4669//6951 4670//6948
f 4660//6950 4670//6948 4666//6945
f 4667//6947 4675//6952 4738//6949
f 4738//6949 4675//6952 4660//6950
f 4660//6950 4675//6952 4669//6951
f 4645//6874 4609//6878 4730//6953
f 4673//6954 4607//6955 4605//6956
f 4670//6948 4674//6957 4668//6946
f 4675//6952 4676//6958 4669//6951
f 4677//6959 4678//6960 4679//6961
f 4677//6959 4679//6961 4680//6962
f 4680//6962 4679//6961 4681//6963
f 4680//6962 4681//6963 4682//6964
f 4682//6964 4681//6963 4683//6965
f 4682//6964 4683//6965 4684//6966
f 4684//6966 4683//6965 4685//6967
f 4684//6966 4685//6967 4678//6960
f 4684//6966 4678//6960 4677//6959
f 4686//6968 4687//6969 4690//6970
f 4688//6971 4687//6969 4686//6968
f 4686//6968 4690//6970 4689//6972
f 4699//6973 4558//6974 4698//6975
f 4698//6975 4558//6974 4561//6976
f 4698//6975 4561//6976 4550//6832
f 4550//6832 4561//6976 4560//6977
f 4550//6832 4560//6977 4551//6833
f 4551//6833 4560//6977 4559//6978
f 4551//6833 4559//6978 4699//6973
f 4699//6973 4559//6978 4558//6974
f 4701//6867 4676//6958 4675//6952
f 4655//6979 4675//6952 4667//6947
f 4700//6980 4669//6951 4676//6958
f 4700//6980 4676//6958 4701//6867
f 4654//6981 4652//6982 4702//6983
f 4701//6867 4577//6984 4603//6868
f 4603//6868 4577//6984 4653//6985
f 4675//6952 4702//6983 4701//6867
f 4701//6867 4702//6983 4652//6982
f 4701//6867 4652//6982 4577//6984
f 4653//6985 4654//6981 4603//6868
f 4675//6952 4655//6979 4702//6983
f 4577//6984 4652//6982 4653//6985
f 4603//6868 4654//6981 4605//6956
f 4654//6981 4655//6979 4605//6956
f 4655//6979 4667//6947 4668//6946
f 4655//6979 4668//6946 4605//6956
f 4674//6957 4670//6948 4673//6954
f 4605//6956 4674//6957 4673//6954
f 4670//6948 4669//6951 4673//6954
f 4673//6954 4669//6951 4700//6980
f 4605//6956 4668//6946 4674//6957
f 4533//6937 4539//6935 4701//6867
f 4538//6930 4700//6980 4701//6867
f 4538//6930 4701//6867 4539//6935
f 4604//6869 4534//6934 4533//6937
f 4604//6869 4533//6937 4701//6867
f 4704//6986 4661//6987 4697//6988
f 4607//6955 4575//6989 4604//6869
f 4691//6990 4703//6991 4697//6988
f 4703//6991 4576//6992 4697//6988
f 4697//6988 4576//6992 4704//6986
f 4607//6955 4576//6992 4575//6989
f 4575//6989 4576//6992 4703//6991
f 4700//6980 4538//6930 4537//6927
f 4691//6990 4535//6929 4534//6934
f 4691//6990 4537//6927 4536//6931
f 4604//6869 4575//6989 4534//6934
f 4534//6934 4575//6989 4691//6990
f 4700//6980 4537//6927 4691//6990
f 4700//6980 4691//6990 4673//6954
f 4673//6954 4691//6990 4705//6993
f 4673//6954 4705//6993 4661//6987
f 4673//6954 4661//6987 4607//6955
f 4607//6955 4661//6987 4576//6992
f 4691//6990 4536//6931 4535//6929
f 4706//6994 4712//6995 4634//6908
f 4706//6994 4634//6908 4707//6996
f 4707//6996 4634//6908 4633//6907
f 4707//6996 4633//6907 4708//6997
f 4708//6997 4633//6907 4637//6905
f 4708//6997 4637//6905 4709//6998
f 4708//6997 4709//6998 4710//6999
f 4710//6999 4709//6998 4651//7000
f 4710//6999 4651//7000 4711//7001
f 4711//7001 4651//7000 4712//6995
f 4711//7001 4712//6995 4706//6994
f 4716//7002 4640//6913 4713//7003
f 4713//7003 4640//6913 4647//6921
f 4713//7003 4647//6921 4638//6919
f 4713//7003 4638//6919 4714//7004
f 4714//7004 4638//6919 4646//6917
f 4714//7004 4646//6917 4715//7005
f 4715//7005 4646//6917 4636//6914
f 4715//7005 4636//6914 4716//7002
f 4716//7002 4636//6914 4640//6913
f 4592//6855 4721//7006 4717//7007
f 4592//6855 4717//7007 4593//6856
f 4593//6856 4717//7007 4718//7008
f 4593//6856 4718//7008 4595//6859
f 4595//6859 4718//7008 4719//7009
f 4595//6859 4719//7009 4596//6862
f 4596//6862 4719//7009 4720//7010
f 4596//6862 4720//7010 4599//6860
f 4599//6860 4720//7010 4721//7006
f 4599//6860 4721//7006 4592//6855
f 4663//6943 4722//7011 4639//6941
f 4723//7012 4724//7013 4726//90
f 4723//7012 4726//90 4725//7014
f 4727//7015 4606//7016 4728//7017
f 4728//7017 4606//7016 4729//7018
f 4728//7017 4729//7018 4730//7019
f 4728//7017 4730//7020 4731//7021
f 4731//7021 4730//7020 4732//7022
f 4732//7022 4730//7020 4733//7023
f 4732//7022 4733//7023 4734//7024
f 4734//7024 4733//7023 4735//7025
f 4734//7024 4735//7025 4736//7026
f 4736//7026 4735//7025 4737//7027
f 4736//7026 4737//7027 4727//7015
f 4727//7015 4737//7027 4606//7016
f 4613//588 4713//588 4615//588
f 4615//588 4713//588 4714//588
f 4615//588 4714//588 4616//588
f 4616//588 4714//588 4715//588
f 4616//588 4715//588 4618//588
f 4618//588 4715//588 4716//588
f 4618//588 4716//588 4613//588
f 4613//588 4716//588 4713//588
f 4741//7028 4740//7029 4739//7030
f 4739//7030 4742//7031 4741//7028
f 4743//7032 4742//7031 4739//7030
f 4654//6981 4653//6985 4652//6982
f 4702//6983 4655//6979 4654//6981
f 4755//7033 4744//7034 4745//7035
f 4745//7035 4744//7034 4746//7036
f 4745//7035 4746//7036 4806//7037
f 4806//7037 4746//7036 4747//7038
f 4806//7037 4747//7038 4748//7039
f 4748//7039 4747//7038 4749//7040
f 4749//7040 4747//7038 4750//7041
f 4749//7040 4750//7041 4751//7042
f 4751//7042 4750//7041 4752//7043
f 4752//7043 4750//7041 4753//7044
f 4752//7043 4753//7044 4781//7045
f 4781//7045 4753//7044 4754//7046
f 4781//7045 4754//7046 4830//7047
f 4830//7047 4754//7046 4755//7033
f 4755//7033 4754//7046 4756//7048
f 4755//7033 4756//7049 4744//7034
f 4759//7050 4760//6864 4762//7051
f 4762//7051 4760//6864 4643//6847
f 4759//7050 4696//7052 4760//6864
f 4757//7053 4762//7051 4643//6847
f 4758//7054 4761//7055 4639//6941
f 4761//7055 4763//7056 4639//6941
f 4760//6864 4696//7052 4695//7057
f 4692//7058 4758//7054 4693//7059
f 4693//7059 4758//7054 4639//6941
f 4764//7060 4758//7054 4692//7058
f 4696//7052 4759//7050 4764//7060
f 4722//7011 4694//7061 4693//7059
f 4722//7011 4693//7059 4639//6941
f 4639//6941 4763//7056 4643//6847
f 4643//6847 4763//7056 4757//7053
f 4696//7052 4764//7060 4692//7058
f 4760//6864 4695//7057 4694//7061
f 4760//6864 4694//7061 4722//7011
f 4573//7062 4727//7015 4572//7063
f 4572//7063 4727//7015 4728//7017
f 4572//7063 4728//7017 4571//7064
f 4571//7064 4728//7017 4570//7065
f 4570//7065 4728//7017 4731//7021
f 4570//7065 4731//7021 4569//7066
f 4569//7066 4731//7021 4732//7022
f 4569//7066 4732//7022 4734//7024
f 4569//7066 4734//7024 4568//7067
f 4568//7067 4734//7024 4567//7068
f 4567//7068 4734//7024 4736//7026
f 4567//7068 4736//7026 4574//7069
f 4574//7069 4736//7026 4573//7062
f 4573//7062 4736//7026 4727//7015
f 4765//7070 4572//7071 4766//7072
f 4766//7072 4572//7071 4771//7073
f 4602//7074 4767//7075 4768//7076
f 4602//7074 4768//7076 4600//7077
f 4600//7077 4768//7076 4769//7078
f 4600//7077 4769//7078 4601//7079
f 4601//7079 4769//7078 4770//7080
f 4601//7079 4770//7080 4004//7081
f 4004//7081 4770//7080 4767//7075
f 4004//7081 4767//7075 4602//7074
f 4772//7082 4773//7083 4672//7084
f 4672//7084 4773//7083 4671//7085
f 4774//7086 4568//7087 4771//7073
f 4771//7073 4568//7087 4766//7072
f 4717//7007 4721//7006 4775//90
f 4775//90 4721//7006 4720//90
f 4775//90 4720//90 4776//7088
f 4776//7088 4720//90 4719//90
f 4776//7088 4719//90 4718//7008
f 4777//7089 4629//7090 4627//6896
f 4777//7089 4627//6896 4625//6894
f 4625//6894 4622//6891 4778//793
f 4778//793 4622//6891 4621//6900
f 4778//793 4621//6900 4629//6898
f 3526//7091 4780//7092 4779//7093
f 4772//7094 4781//7045 4773//7083
f 4782//7095 4686//6968 4689//6972
f 4782//7095 4689//6972 4783//7096
f 4783//7096 4689//6972 4690//6970
f 4783//7096 4690//6970 4687//7097
f 4783//7096 4687//7097 4784//7098
f 4784//7098 4687//7097 4688//6971
f 4784//7098 4688//6971 4785//7099
f 4785//7099 4688//6971 4686//6968
f 4785//7099 4686//6968 4782//7095
f 4605//6871 4606//6870 4737//7100
f 4605//6871 4737//7100 4735//7101
f 4605//6871 4735//7101 4609//6878
f 4735//7101 4733//7102 4609//6878
f 4609//6878 4733//7102 4730//6953
f 4661//6987 4705//6993 4697//6988
f 4575//6989 4703//6991 4691//6990
f 4576//6992 4661//6987 4704//6986
f 4705//6993 4691//6990 4697//6988
f 4781//7045 4671//7085 4773//7083
f 4793//7103 4786//7104 4787//7105
f 4787//7105 4788//7106 4789//7107
f 4789//7107 4790//7108 4791//7109
f 4791//7109 4790//7108 4792//7110
f 4572//7111 4774//7086 4771//7073
f 4795//7112 4796//7113 4794//121
f 4798//121 4797//7114 4795//7112
f 4795//7112 4794//121 4798//121
f 4717//7007 4564//7115 4565//7116
f 4717//7007 4565//7116 4718//7008
f 4718//7008 4565//7116 4566//7117
f 4718//7008 4566//7117 4776//7088
f 4776//7088 4566//7117 4562//7118
f 4776//7088 4562//7118 4775//7119
f 4775//7119 4562//7118 4563//7120
f 4775//7119 4563//7120 4717//7007
f 4717//7007 4563//7120 4564//7115
f 4679//6961 4710//7121 4681//7122
f 4681//6963 4710//7123 4711//7124
f 4681//6963 4711//7124 4683//6965
f 4683//6965 4711//7124 4706//7125
f 4683//6965 4706//7125 4707//7126
f 4683//6965 4707//7126 4685//7127
f 4685//7127 4707//7126 4678//6960
f 4678//6960 4707//7126 4708//7128
f 4678//6960 4708//7128 4679//6961
f 4679//6961 4708//7128 4710//7121
f 4603//6940 4799//7129 4662//6938
f 4663//6943 4800//7130 4722//7011
f 4722//7011 4800//7130 4603//6940
f 4603//6940 4800//7130 4799//7129
f 4803//117 4802//7131 4801//7132
f 4801//7132 4804//117 4803//117
f 4801//7132 4805//7133 4804//117
f 4671//7134 4806//7135 4672//7084
f 4546//6824 4641//6911 4648//6923
f 4546//6824 4648//6923 4540//7136
f 4540//7136 4648//6923 4650//6925
f 4540//6821 4650//6925 4541//6822
f 4541//6822 4650//6925 4644//6915
f 4541//6822 4644//6915 4543//7137
f 4543//7137 4644//6915 4642//6912
f 4543//7137 4642//6912 4545//6823
f 4545//6823 4642//6912 4641//6911
f 4545//6823 4641//6911 4546//6824
f 4807//7138 4811//7138 4808//7138
f 4807//7139 4808//7140 4809//7141
f 4807//7142 4809//7143 4810//7142
f 4810//7144 4811//7144 4807//7144
f 4806//7135 4772//7082 4672//7084
f 4789//7145 4791//7109 4605//7146
f 4549//6834 4552//6836 4609//7147
f 4760//7148 4623//6892 4624//6893
f 4603//7149 4628//6897 4722//7150
f 4620//6888 4760//7148 4722//7150
f 4591//7151 4555//6828 4548//6830
f 4591//7151 4548//6830 4597//7152
f 4760//7148 4624//6893 4591//7151
f 4624//6893 4626//6895 4591//7151
f 4760//7148 4620//6888 4623//6892
f 4597//7152 4549//6834 4609//7147
f 4628//6897 4630//6899 4722//7150
f 4722//7150 4630//6899 4620//6888
f 4591//7151 4787//7153 4555//6828
f 4555//6828 4787//7153 4789//7145
f 4603//7149 4626//6895 4628//6897
f 4549//6834 4597//7152 4548//6830
f 4603//7149 4793//7103 4626//6895
f 4626//6895 4793//7103 4591//7151
f 4591//7151 4793//7103 4787//7153
f 4553//6837 4789//7145 4605//7146
f 4791//7109 4792//7110 4605//7146
f 4605//7146 4792//7110 4603//7149
f 4603//7149 4792//7110 4793//7103
f 4789//7145 4553//6837 4555//6828
f 4553//6837 4605//7146 4552//6836
f 4552//6836 4605//7146 4609//7147
f 4594//6857 4813//6903 4812//7154
f 4631//6902 4632//6901 4812//7154
f 4812//7154 4632//6901 4594//6857
f 4812//7154 4813//6903 4631//6902
f 4692//7155 4795//7112 4696//7156
f 4696//7156 4795//7112 4797//7114
f 4696//7156 4797//7114 4798//7157
f 4696//7158 4798//7159 4695//7057
f 4695//7057 4798//7159 4694//7061
f 4694//7061 4798//7159 4794//7160
f 4694//7061 4794//7160 4796//7113
f 4694//7061 4796//7113 4693//7059
f 4693//7059 4796//7113 4795//7112
f 4693//7059 4795//7112 4692//7155
f 4757//7161 4814//7162 4815//7163
f 4757//7053 4815//7164 4762//7051
f 4762//7051 4815//7164 4816//7165
f 4762//7051 4816//7165 4759//7050
f 4759//7050 4816//7165 4764//7060
f 4764//7060 4816//7165 4817//7166
f 4764//7060 4817//7166 4758//7054
f 4758//7054 4817//7166 4818//7167
f 4758//7054 4818//7167 4761//7055
f 4761//7055 4818//7167 4819//7168
f 4761//7055 4819//7168 4763//7056
f 4763//7056 4819//7168 4814//7162
f 4763//7056 4814//7162 4757//7161
f 4756//7049 4820//7169 4744//7034
f 4660//6950 4666//6945 4738//6949
f 4749//7040 4751//7042 4772//7170
f 4772//7170 4748//7039 4749//7040
f 4671//7085 4755//7033 4745//7035
f 4806//7037 4748//7039 4772//7170
f 4830//7047 4755//7033 4671//7085
f 4671//7085 4781//7045 4830//7047
f 4751//7042 4752//7043 4772//7170
f 4772//7170 4752//7043 4781//7045
f 4671//7085 4745//7035 4806//7037
f 4760//6864 4585//6851 4643//6847
f 4767//7075 4770//7080 4769//90
f 4767//7075 4769//90 4768//7076
f 4784//7171 4822//7172 4783//7173
f 4783//7173 4823//7174 4782//90
f 4782//90 4823//7174 4824//90
f 4782//90 4824//90 4785//7099
f 4785//7099 4824//90 4784//7098
f 4741//7028 4786//7104 4793//7103
f 4741//7028 4793//7103 4740//7029
f 4740//7029 4793//7103 4792//7110
f 4740//7029 4792//7110 4790//7108
f 4740//7029 4790//7108 4739//7030
f 4739//7030 4790//7108 4743//7032
f 4743//7032 4790//7108 4788//7106
f 4743//7032 4788//7106 4742//7031
f 4742//7031 4788//7106 4787//7105
f 4742//7031 4787//7105 4786//7104
f 4742//7031 4786//7104 4741//7028
f 4709//6998 4635//6909 4651//6926
f 4712//6995 4651//7175 4649//7176
f 4712//6995 4649//7176 4634//6908
f 4709//6998 4637//6905 4635//6909
f 4804//7177 3694//6873 4803//7178
f 4803//7178 3694//6873 4610//6876
f 4803//7178 4610//6876 4612//6880
f 4803//7179 4612//6880 4802//7131
f 4802//7131 4612//6880 4801//7132
f 4801//7132 4612//6880 3688//6879
f 4801//7132 3688//6879 4611//6877
f 4801//7132 4611//6877 4805//7133
f 4805//7133 4611//6877 4608//6875
f 4805//7133 4608//6875 4804//7177
f 4804//7177 4608//6875 3694//6873
f 4568//7067 4765//7070 4766//7072
f 4564//7115 4562//7118 4566//7117
f 4563//7120 4562//7118 4564//7115
f 4564//7115 4566//7117 4565//7116
f 4645//6874 4730//6953 4729//7180
f 4645//6874 4729//7180 4607//6872
f 4729//7180 4606//6870 4607//6872
f 4588//6850 4824//7181 4581//6848
f 4581//6848 4824//7181 4823//7174
f 4581//6848 4823//7174 4583//6849
f 4583//6849 4823//7174 4783//7173
f 4583//6849 4783//7173 4587//7182
f 4587//7182 4783//7173 4822//7172
f 4587//7182 4822//7172 4590//7183
f 4590//7183 4822//7172 4784//7171
f 4590//7183 4784//7171 4588//6850
f 4588//6850 4784//7171 4824//7181
f 4780//7092 4680//6962 4682//6964
f 4780//7092 4682//6964 4779//7093
f 4779//7093 4682//6964 4684//6966
f 4779//7093 4684//6966 3526//7091
f 3526//7091 4684//6966 4677//6959
f 3526//7091 4677//6959 4680//6962
f 3526//7091 4680//6962 4780//7092
f 4818//7167 4817//7166 4816//121
f 4818//7167 4814//121 4819//7168
f 4818//7167 4815//121 4814//121
f 4818//7167 4816//121 4815//121
f 4589//7184 4723//7012 4725//7014
f 4589//7184 4725//7014 4584//7185
f 4584//7185 4725//7014 4726//7186
f 4584//7185 4726//7186 4582//7187
f 4582//7187 4726//7186 4586//7188
f 4586//7188 4726//7186 4724//7013
f 4586//7188 4724//7013 4589//7184
f 4589//7184 4724//7013 4723//7012
f 4756//7189 4827//7190 4544//7191
f 4546//6824 4756//7192 4544//7193
f 4756//7192 4546//6824 4825//7194
f 4825//7194 4546//6824 4540//7136
f 4825//7194 4540//7136 4826//7195
f 4826//7195 4540//7136 4542//7196
f 4826//7195 4542//7196 4827//7190
f 4827//7190 4542//7196 4544//7191
f 4756//7197 4825//7197 4828//7197
f 4825//7198 4826//7199 4828//7200
f 4821//7201 4828//7201 4744//7201
f 4828//7202 4820//7202 4756//7202
f 4821//7203 4820//7203 4828//7203
f 4828//7204 4826//7205 4744//7206
f 4826//7207 4827//7207 4744//7207
f 4664//7208 4744//7034 4827//7209
f 4756//7048 4665//7210 4664//7208
f 4827//7209 4756//7048 4664//7208
f 4665//7210 4756//7048 4754//7046
f 4665//7210 4754//7046 4663//7211
f 4663//7211 4754//7046 4753//7044
f 4663//7211 4753//7044 4800//7212
f 4800//7212 4753//7044 4750//7041
f 4800//7212 4750//7041 4747//7038
f 4800//7213 4747//7038 4799//7214
f 4799//7214 4747//7038 4746//7036
f 4799//7215 4746//7036 4662//7216
f 4662//7216 4746//7036 4664//7208
f 4664//7208 4746//7036 4744//7034
f 4572//7063 4571//7064 4774//7217
f 4765//7070 4574//7069 4573//7062
f 4765//7070 4573//7062 4572//7063
f 4568//7067 4567//7068 4765//7070
f 4774//7217 4570//7065 4569//7066
f 4774//7217 4569//7066 4568//7067
f 4774//7217 4571//7064 4570//7065
f 4765//7070 4567//7068 4574//7069
f 4617//7218 4619//7218 4829//7218
f 4619//7219 4614//7219 4829//7219
f 4614//7220 4617//7221 4829//7222
f 4658//6928 4659//6936 4656//6933
f 4789//7107 4788//7106 4790//7108
f 4699//793 4554//6838 4551//6835
f 4550//6832 4547//6829 4698//793
f 4698//793 4547//6829 4699//793
f 4699//793 4547//6829 4556//793
f 4699//793 4556//793 4554//6838
f 4629//7090 4811//7223 4778//7224
f 4778//7224 4811//7223 4810//7225
f 4778//7224 4810//7225 4625//7226
f 4625//7226 4810//7225 4809//7227
f 4625//7226 4809//7227 4777//7089
f 4777//7089 4809//7227 4808//7228
f 4777//7089 4808//7228 4629//7090
f 4629//7090 4808//7228 4811//7223
f 4831//7229 4832//7230 4834//7231
f 4831//7229 4834//7231 4833//7232
f 4838//7233 4837//7234 4844//7235
f 4838//7233 4844//7236 4845//7237
f 4845//7237 4839//7238 4838//7233
f 4840//7239 4839//7238 4845//7237
f 4846//7240 4840//7239 4845//7237
f 4846//7240 4841//7241 4840//7239
f 4847//7242 4842//7243 4841//7241
f 4847//7244 4841//7245 4846//7240
f 4848//7246 4843//7247 4842//7243
f 4848//7246 4842//7248 4847//7249
f 4848//7246 4835//7250 4843//7247
f 4849//7251 4835//7250 4848//7246
f 4835//7250 4849//7251 4836//7252
f 4844//7236 4836//7253 4849//7251
f 4836//7252 4844//7254 4837//7234
f 4833//7232 4834//7231 4851//7255
f 4833//7232 4851//7255 4850//7256
f 4853//7257 4854//7258 4852//7259
f 4854//7258 4855//7260 4852//7261
f 4852//7262 4855//7260 4831//7229
f 4831//7229 4833//7232 4852//7263
f 4852//7264 4833//7232 4850//7256
f 4850//7256 4853//7257 4852//7265
f 4865//7266 4857//7267 4864//7268
f 4872//7269 4864//7268 4857//7267
f 4864//7268 4872//7270 4867//7271
f 4867//7271 4863//7272 4864//7268
f 4863//7272 4867//7271 4868//7273
f 4863//7272 4868//7274 4866//7275
f 4868//7274 4858//7276 4866//7275
f 4858//7276 4868//7274 4869//7277
f 4858//7276 4869//7278 4862//7279
f 4862//7279 4869//7278 4870//7280
f 4870//7280 4861//7281 4862//7279
f 4870//7280 4859//7282 4861//7281
f 4859//7282 4870//7283 4871//7284
f 4871//7284 4860//7285 4859//7282
f 4860//7285 4871//7284 4872//7286
f 4860//7285 4872//7269 4865//7266
f 4872//7269 4857//7267 4865//7266
f 4850//7256 4851//7255 4873//7287
f 4850//7256 4873//7287 4853//7257
f 4837//7234 4838//7233 4836//7252
f 4844//7236 4849//7251 4848//7246
f 4845//7237 4844//7236 4848//7246
f 4848//7246 4847//7249 4845//7237
f 4872//7288 4836//7252 4838//7233
f 4872//7288 4838//7233 4867//7289
f 4868//7290 4839//7238 4840//7239
f 4868//7290 4840//7239 4869//7291
f 4869//7291 4840//7239 4841//7241
f 4867//7289 4838//7233 4868//7290
f 4868//7290 4838//7233 4839//7238
f 4869//7291 4841//7241 4842//7243
f 4869//7291 4842//7243 4870//7292
f 4871//7293 4835//7250 4872//7288
f 4872//7288 4835//7250 4836//7252
f 4870//7292 4842//7243 4843//7247
f 4870//7292 4843//7247 4871//7293
f 4871//7293 4843//7247 4835//7250
f 4853//7257 4873//7287 4874//7294
f 4853//7257 4874//7294 4854//7258
f 4854//7258 4874//7294 4856//7295
f 4854//7258 4856//7295 4855//7260
f 4846//7240 4845//7237 4847//7244
f 4851//7296 4865//7266 4873//7297
f 4834//7298 4859//7282 4851//7296
f 4851//7296 4859//7282 4860//7285
f 4865//7266 4851//7296 4860//7285
f 4832//7299 4859//7282 4834//7298
f 4862//7279 4832//7299 4858//7276
f 4858//7276 4832//7299 4856//7300
f 4856//7300 4866//7275 4858//7276
f 4874//7301 4866//7275 4856//7300
f 4832//7299 4862//7279 4861//7281
f 4832//7299 4861//7281 4859//7282
f 4874//7301 4864//7268 4863//7272
f 4873//7297 4865//7266 4864//7268
f 4873//7297 4864//7268 4874//7301
f 4874//7301 4863//7272 4866//7275
f 4855//7260 4856//7295 4832//7230
f 4855//7260 4832//7230 4831//7229
f 4875//7302 4876//7303 4878//7304
f 4875//7302 4878//7304 4877//7305
f 4882//7306 4881//7307 4887//7308
f 4882//7306 4887//7309 4888//7310
f 4888//7310 4883//7311 4882//7306
f 4889//7312 4883//7311 4888//7310
f 4889//7312 4884//7313 4883//7311
f 4890//7314 4885//7315 4884//7313
f 4890//7316 4884//7317 4889//7312
f 4886//7318 4885//7315 4890//7319
f 4891//7320 4886//7318 4890//7316
f 4891//7320 4879//7321 4886//7318
f 4892//7322 4879//7321 4891//7320
f 4879//7321 4892//7322 4880//7323
f 4887//7309 4880//7324 4892//7322
f 4880//7323 4887//7325 4881//7307
f 4877//7305 4878//7304 4894//7326
f 4877//7305 4894//7326 4893//7327
f 4895//7328 4896//7329 4897//7330
f 4897//7330 4898//7331 4895//7332
f 4898//7331 4875//7302 4895//7333
f 4875//7302 4877//7305 4895//7334
f 4895//7335 4877//7305 4893//7327
f 4893//7327 4896//7329 4895//7336
f 4902//7337 4903//7338 4904//7339
f 4902//7337 4901//7340 4905//7341
f 4907//7342 4910//7343 4900//7344
f 4910//7343 4906//7345 4900//7344
f 4906//7345 4910//7346 4911//7347
f 4911//7347 4901//7340 4906//7345
f 4901//7340 4911//7347 4912//7348
f 4901//7340 4912//7349 4905//7341
f 4912//7349 4902//7337 4905//7341
f 4902//7337 4912//7350 4913//7351
f 4913//7351 4903//7338 4902//7337
f 4913//7351 4904//7339 4903//7338
f 4904//7339 4913//7351 4914//7352
f 4914//7352 4909//7353 4904//7339
f 4914//7352 4908//7354 4909//7353
f 4908//7354 4914//7355 4915//7356
f 4915//7356 4907//7342 4908//7354
f 4907//7342 4915//7357 4910//7343
f 4893//7327 4894//7326 4916//7358
f 4893//7327 4916//7358 4896//7329
f 4890//7316 4889//7312 4892//7322
f 4888//7310 4887//7309 4892//7322
f 4892//7322 4889//7312 4888//7310
f 4884//7313 4913//7359 4912//7360
f 4913//7359 4884//7313 4885//7315
f 4913//7359 4885//7315 4886//7318
f 4910//7361 4880//7323 4881//7307
f 4911//7362 4883//7311 4912//7360
f 4912//7360 4883//7311 4884//7313
f 4913//7359 4886//7318 4914//7363
f 4910//7361 4881//7307 4882//7306
f 4910//7361 4882//7306 4911//7362
f 4911//7362 4882//7306 4883//7311
f 4886//7318 4879//7321 4914//7363
f 4914//7363 4879//7321 4915//7364
f 4915//7364 4879//7321 4880//7323
f 4915//7364 4880//7323 4910//7361
f 4896//7329 4916//7358 4917//7365
f 4896//7329 4917//7365 4897//7330
f 4897//7330 4917//7365 4899//7366
f 4897//7330 4899//7366 4898//7331
f 4891//7320 4890//7316 4892//7322
f 4878//7367 4904//7339 4909//7353
f 4894//7368 4908//7354 4916//7369
f 4878//7367 4909//7353 4894//7368
f 4876//7370 4904//7339 4878//7367
f 4902//7337 4876//7370 4899//7371
f 4906//7345 4899//7371 4917//7372
f 4894//7368 4909//7353 4908//7354
f 4876//7370 4902//7337 4904//7339
f 4906//7345 4917//7372 4900//7344
f 4916//7369 4908//7354 4907//7342
f 4916//7369 4907//7342 4900//7344
f 4916//7369 4900//7344 4917//7372
f 4899//7371 4906//7345 4901//7340
f 4902//7337 4899//7371 4901//7340
f 4898//7331 4899//7366 4876//7303
f 4898//7331 4876//7303 4875//7302
f 4918//7373 4919//7374 4921//7375
f 4918//7373 4921//7375 4920//7376
f 4925//7377 4924//7378 4930//7379
f 4925//7377 4930//7380 4931//7381
f 4931//7381 4926//7382 4925//7377
f 4932//7383 4926//7382 4931//7381
f 4932//7383 4927//7384 4926//7382
f 4933//7385 4928//7386 4927//7384
f 4933//7387 4927//7388 4932//7389
f 4929//7390 4928//7386 4933//7391
f 4934//7392 4929//7390 4933//7387
f 4934//7392 4922//7393 4929//7390
f 4935//7394 4922//7393 4934//7392
f 4922//7393 4935//7394 4923//7395
f 4930//7380 4923//7396 4935//7394
f 4923//7395 4930//7397 4924//7378
f 4920//7376 4921//7375 4937//7398
f 4920//7376 4937//7398 4936//7399
f 4939//7400 4940//7401 4938//7402
f 4938//7403 4940//7401 4941//7404
f 4941//7404 4918//7373 4938//7405
f 4938//7406 4918//7373 4920//7376
f 4938//7407 4920//7376 4936//7399
f 4938//7408 4936//7399 4939//7400
f 4945//7409 4949//7410 4948//7411
f 4953//7412 4951//7413 4952//7414
f 4951//7413 4953//7412 4954//7415
f 4951//7413 4954//7415 4950//7416
f 4954//7415 4949//7410 4950//7416
f 4949//7410 4954//7417 4955//7418
f 4949//7410 4955//7418 4948//7411
f 4948//7411 4955//7418 4956//7419
f 4948//7411 4956//7420 4945//7409
f 4945//7409 4956//7420 4957//7421
f 4945//7409 4957//7421 4946//7422
f 4957//7421 4947//7423 4946//7422
f 4957//7421 4943//7424 4947//7423
f 4943//7424 4957//7425 4958//7426
f 4958//7426 4944//7427 4943//7424
f 4944//7427 4958//7426 4953//7412
f 4953//7412 4952//7414 4944//7427
f 4936//7399 4937//7398 4959//7428
f 4936//7399 4959//7428 4939//7400
f 4923//7395 4924//7378 4922//7393
f 4932//7429 4935//7394 4934//7392
f 4932//7429 4931//7381 4935//7394
f 4954//7430 4926//7382 4927//7384
f 4954//7430 4927//7384 4955//7431
f 4957//7432 4922//7393 4958//7433
f 4953//7434 4925//7377 4954//7430
f 4954//7430 4925//7377 4926//7382
f 4955//7431 4927//7384 4928//7386
f 4956//7435 4929//7390 4957//7432
f 4957//7432 4929//7390 4922//7393
f 4955//7431 4928//7386 4956//7435
f 4956//7435 4928//7386 4929//7390
f 4958//7433 4922//7393 4924//7378
f 4958//7433 4924//7378 4953//7434
f 4953//7434 4924//7378 4925//7377
f 4939//7400 4959//7428 4960//7436
f 4939//7400 4960//7436 4940//7401
f 4940//7401 4960//7436 4942//7437
f 4940//7401 4942//7437 4941//7404
f 4933//7387 4932//7389 4934//7392
f 4930//7380 4935//7394 4931//7381
f 4960//7438 4952//7414 4951//7413
f 4960//7438 4951//7413 4942//7439
f 4951//7413 4950//7416 4942//7439
f 4942//7439 4950//7416 4949//7410
f 4944//7427 4959//7440 4943//7424
f 4943//7424 4959//7440 4937//7441
f 4921//7442 4945//7409 4946//7422
f 4949//7410 4919//7443 4942//7439
f 4959//7440 4944//7427 4952//7414
f 4959//7440 4952//7414 4960//7438
f 4921//7442 4946//7422 4937//7441
f 4937//7441 4946//7422 4947//7423
f 4919//7443 4945//7409 4921//7442
f 4919//7443 4949//7410 4945//7409
f 4943//7424 4937//7441 4947//7423
f 4941//7404 4942//7437 4919//7374
f 4941//7404 4919//7374 4918//7373
f 4961//7444 4962//7445 4964//7446
f 4961//7444 4964//7446 4963//7447
f 4969//7448 4968//7449 4974//7450
f 4969//7448 4974//7451 4975//7452
f 4975//7452 4970//7453 4969//7448
f 4976//7454 4970//7453 4975//7452
f 4976//7454 4971//7455 4970//7453
f 4977//7456 4972//7457 4971//7455
f 4977//7458 4971//7459 4976//7454
f 4973//7460 4972//7457 4977//7461
f 4978//7462 4973//7463 4977//7464
f 4978//7462 4965//7465 4973//7466
f 4979//7467 4965//7465 4978//7462
f 4965//7465 4979//7467 4966//7468
f 4966//7468 4979//7467 4967//7469
f 4974//7451 4967//7470 4979//7467
f 4967//7469 4974//7471 4968//7449
f 4963//7447 4964//7446 4981//7472
f 4963//7447 4981//7472 4980//7473
f 4983//7474 4984//7475 4982//7476
f 4984//7475 4985//7477 4982//7478
f 4982//7479 4985//7477 4961//7444
f 4961//7444 4963//7447 4982//7480
f 4982//7481 4963//7447 4980//7473
f 4982//7482 4980//7473 4983//7474
f 4994//7483 4990//7484 4997//7485
f 4990//7484 4991//7486 4989//7487
f 4987//7488 4993//7489 4996//7490
f 4996//7490 4994//7483 4995//7491
f 4996//7490 5003//7492 4998//7493
f 4996//7490 4998//7494 4987//7488
f 4998//7494 4993//7489 4987//7488
f 4993//7489 4998//7495 4999//7496
f 4999//7496 4988//7497 4993//7489
f 4988//7497 4999//7496 5000//7498
f 4988//7497 5000//7498 4992//7499
f 4992//7499 5000//7498 5001//7500
f 4992//7499 5001//7501 4991//7486
f 4991//7486 5001//7501 4989//7487
f 4989//7487 5001//7501 5002//7502
f 4989//7487 5002//7503 4990//7484
f 4990//7484 5002//7503 4997//7485
f 5002//7503 4994//7483 4997//7485
f 4994//7483 5002//7503 5003//7492
f 5003//7492 4995//7491 4994//7483
f 5003//7492 4996//7490 4995//7491
f 4980//7473 4981//7472 5004//7504
f 4980//7473 5004//7504 4983//7474
f 5005//7505 4972//7457 4973//7460
f 4974//7451 4979//7467 4978//7462
f 4978//7462 4975//7452 4974//7451
f 4978//7462 4977//7464 4975//7452
f 5000//7506 5005//7505 5001//7507
f 5001//7507 5005//7505 4973//7466
f 4999//7508 4970//7453 4971//7455
f 4999//7508 4971//7455 5000//7506
f 5000//7506 4971//7455 5005//7505
f 5001//7507 4973//7466 5002//7509
f 5002//7509 4973//7466 4965//7465
f 4998//7510 4969//7448 4999//7508
f 4999//7508 4969//7448 4970//7453
f 5002//7509 4965//7465 4966//7468
f 5002//7509 4966//7468 5003//7511
f 5003//7511 4966//7468 4967//7469
f 4967//7469 4968//7449 5003//7511
f 5003//7511 4968//7449 4998//7510
f 4998//7510 4968//7449 4969//7448
f 4983//7474 5004//7504 5006//7512
f 4983//7474 5006//7512 4984//7475
f 4984//7475 5006//7512 4986//7513
f 4984//7475 4986//7513 4985//7477
f 4976//7454 4975//7452 4977//7458
f 5006//7514 4988//7497 4986//7515
f 4993//7489 5006//7514 4996//7490
f 4986//7515 4988//7497 4992//7499
f 5006//7514 4993//7489 4988//7497
f 4996//7490 5006//7514 5004//7516
f 4996//7490 5004//7516 4994//7483
f 4994//7483 5004//7516 4981//7517
f 4981//7517 4990//7484 4994//7483
f 4964//7518 4990//7484 4981//7517
f 4962//7519 4991//7486 4964//7518
f 4992//7499 4962//7519 4986//7515
f 4962//7519 4992//7499 4991//7486
f 4964//7518 4991//7486 4990//7484
f 4972//7457 5005//7505 4971//7455
f 4985//7477 4986//7513 4962//7445
f 4985//7477 4962//7445 4961//7444
f 5007//7520 5008//7521 5010//7522
f 5007//7520 5010//7522 5009//7523
f 5013//7524 5012//7525 5019//7526
f 5013//7524 5019//7527 5020//7528
f 5020//7528 5014//7529 5013//7524
f 5021//7530 5014//7529 5020//7528
f 5021//7530 5015//7531 5014//7529
f 5022//7532 5016//7533 5015//7531
f 5022//7534 5015//7535 5021//7530
f 5017//7536 5016//7533 5022//7537
f 5023//7538 5017//7539 5022//7540
f 5023//7541 5018//7542 5017//7536
f 5018//7542 5023//7538 5024//7543
f 5024//7543 5011//7544 5018//7542
f 5011//7544 5024//7543 5049//7545
f 5019//7527 5049//7546 5024//7543
f 5049//7545 5019//7547 5012//7525
f 5009//7523 5010//7522 5026//7548
f 5009//7523 5026//7548 5025//7549
f 5028//7550 5029//7551 5027//7552
f 5027//7553 5029//7551 5030//7554
f 5030//7554 5007//7520 5027//7555
f 5007//7520 5009//7523 5027//7556
f 5009//7523 5025//7549 5027//7557
f 5025//7549 5028//7550 5027//7558
f 5033//7559 5032//7560 5034//7561
f 5036//7562 5035//7563 5032//7564
f 5037//7565 5035//7563 5036//7562
f 5036//7562 5038//7566 5037//7565
f 5039//7567 5041//7568 5040//7569
f 5047//7570 5040//7569 5041//7568
f 5040//7569 5047//7571 5043//7572
f 5040//7569 5043//7572 5039//7567
f 5043//7572 5038//7566 5039//7567
f 5038//7566 5043//7573 5044//7574
f 5044//7574 5037//7565 5038//7566
f 5044//7574 5035//7563 5037//7565
f 5035//7563 5044//7575 5045//7576
f 5035//7563 5045//7576 5032//7564
f 5032//7564 5045//7576 5046//7577
f 5032//7560 5046//7578 5034//7561
f 5034//7561 5046//7578 5033//7559
f 5046//7578 5042//7579 5033//7559
f 5042//7579 5046//7580 5047//7570
f 5042//7579 5047//7570 5041//7568
f 5025//7549 5026//7548 5048//7581
f 5025//7549 5048//7581 5028//7550
f 5018//7542 5011//7544 5049//7545
f 5024//7543 5023//7538 5022//7540
f 5020//7528 5019//7527 5024//7543
f 5024//7543 5022//7540 5020//7528
f 5046//7582 5018//7542 5049//7545
f 5046//7582 5049//7545 5047//7583
f 5045//7584 5016//7533 5017//7536
f 5044//7585 5015//7531 5045//7584
f 5045//7584 5015//7531 5016//7533
f 5045//7584 5017//7536 5046//7582
f 5046//7582 5017//7536 5018//7542
f 5049//7545 5012//7525 5047//7583
f 5047//7583 5012//7525 5043//7586
f 5043//7586 5012//7525 5013//7524
f 5013//7524 5014//7529 5043//7586
f 5043//7586 5014//7529 5044//7585
f 5044//7585 5014//7529 5015//7531
f 5028//7550 5048//7581 5050//7587
f 5028//7550 5050//7587 5029//7551
f 5029//7551 5050//7587 5031//7588
f 5029//7551 5031//7588 5030//7554
f 5021//7530 5020//7528 5022//7534
f 5050//7589 5038//7566 5031//7590
f 5048//7591 5041//7568 5050//7589
f 5026//7592 5041//7568 5048//7591
f 5031//7590 5036//7562 5008//7593
f 5050//7589 5039//7567 5038//7566
f 5050//7589 5041//7568 5039//7567
f 5026//7592 5033//7559 5042//7579
f 5008//7593 5036//7562 5032//7560
f 5008//7593 5032//7560 5010//7594
f 5041//7568 5026//7592 5042//7579
f 5031//7590 5038//7566 5036//7562
f 5010//7594 5033//7559 5026//7592
f 5010//7594 5032//7560 5033//7559
f 5030//7554 5031//7588 5008//7521
f 5030//7554 5008//7521 5007//7520
f 5051//7595 5052//7596 5054//7597
f 5051//7595 5054//7597 5053//7598
f 5057//7599 5056//7600 5063//7601
f 5064//7602 5058//7603 5057//7599
f 5064//7602 5057//7599 5063//7604
f 5064//7602 5059//7605 5058//7603
f 5065//7606 5060//7607 5059//7605
f 5065//7608 5059//7609 5064//7602
f 5061//7610 5060//7607 5065//7611
f 5066//7612 5061//7613 5065//7608
f 5066//7612 5062//7614 5061//7610
f 5067//7615 5062//7614 5066//7612
f 5062//7614 5067//7615 5055//7616
f 5063//7604 5055//7616 5067//7615
f 5055//7616 5063//7617 5056//7600
f 5053//7598 5054//7597 5069//7618
f 5053//7598 5069//7618 5068//7619
f 5070//7620 5071//7621 5072//7622
f 5072//7622 5073//7623 5070//7624
f 5073//7623 5051//7595 5070//7625
f 5051//7595 5053//7598 5070//7626
f 5053//7598 5068//7619 5070//7627
f 5068//7619 5071//7621 5070//7628
f 5076//7629 5079//7630 5075//7631
f 5085//7632 5084//7633 5077//7634
f 5084//7633 5085//7632 5086//7635
f 5084//7633 5086//7636 5083//7637
f 5083//7637 5086//7636 5082//7638
f 5082//7638 5086//7636 5087//7639
f 5087//7639 5078//7640 5082//7638
f 5087//7639 5081//7641 5078//7640
f 5081//7641 5087//7639 5088//7642
f 5081//7641 5088//7643 5080//7644
f 5080//7644 5088//7643 5079//7630
f 5079//7630 5088//7643 5089//7645
f 5079//7630 5089//7646 5075//7631
f 5075//7631 5089//7646 5076//7629
f 5076//7629 5089//7646 5085//7647
f 5076//7629 5085//7632 5077//7634
f 5068//7619 5069//7618 5090//7648
f 5068//7619 5090//7648 5071//7621
f 5063//7604 5067//7615 5066//7612
f 5066//7612 5064//7602 5063//7604
f 5066//7612 5065//7608 5064//7602
f 5087//7649 5059//7605 5060//7607
f 5088//7650 5061//7610 5062//7614
f 5087//7649 5060//7607 5061//7610
f 5087//7649 5061//7610 5088//7650
f 5085//7651 5057//7599 5086//7652
f 5057//7599 5058//7603 5086//7652
f 5086//7652 5058//7603 5059//7605
f 5086//7652 5059//7605 5087//7649
f 5088//7650 5062//7614 5089//7653
f 5062//7614 5055//7616 5089//7653
f 5089//7653 5055//7616 5056//7600
f 5089//7653 5056//7600 5085//7651
f 5085//7651 5056//7600 5057//7599
f 5071//7621 5090//7648 5091//7654
f 5071//7621 5091//7654 5072//7622
f 5072//7622 5091//7654 5074//7655
f 5072//7622 5074//7655 5073//7623
f 5091//7656 5084//7633 5083//7637
f 5091//7656 5082//7638 5074//7657
f 5069//7658 5076//7629 5090//7659
f 5074//7657 5078//7640 5052//7660
f 5091//7656 5083//7637 5082//7638
f 5054//7661 5079//7630 5069//7658
f 5078//7640 5074//7657 5082//7638
f 5090//7659 5076//7629 5077//7634
f 5090//7659 5077//7634 5084//7633
f 5090//7659 5084//7633 5091//7656
f 5069//7658 5079//7630 5076//7629
f 5054//7661 5081//7641 5080//7644
f 5052//7660 5081//7641 5054//7661
f 5054//7661 5080//7644 5079//7630
f 5052//7660 5078//7640 5081//7641
f 5073//7623 5074//7655 5052//7596
f 5073//7623 5052//7596 5051//7595
f 5092//7662 5093//7663 5095//7664
f 5095//7664 5093//7663 5096//7665
f 5095//7664 5096//7665 5097//7666
f 5097//7666 5096//7665 5098//7667
f 5097//7666 5098//7667 5099//7668
f 5099//7668 5098//7667 5100//7669
f 5099//7668 5100//7669 5101//7670
f 5099//7668 5101//7670 5102//7671
f 5102//7671 5101//7670 5103//7672
f 5102//7671 5103//7672 5104//7673
f 5104//7673 5103//7672 5105//7674
f 5105//7674 5103//7672 5094//7675
f 5106//7676 5107//7677 5108//7678
f 5108//7678 5107//7677 5109//7679
f 5108//7678 5109//7679 5110//7680
f 5108//7678 5110//7680 5111//7681
f 5111//7681 5110//7680 5112//7682
f 5111//7681 5112//7682 5113//7683
f 5113//7683 5112//7682 5114//7684
f 5114//7684 5112//7682 5115//7685
f 5114//7684 5115//7685 5094//7675
f 5094//7675 5115//7685 5105//7674
f 5107//7677 5095//7686 5109//7687
f 5109//7687 5095//7686 5097//121
f 5107//7677 5092//7662 5095//7686
f 5102//121 5104//7688 5112//279
f 5109//7687 5099//121 5110//121
f 5104//7688 5105//7674 5112//279
f 5112//279 5105//7674 5115//7685
f 5110//121 5099//121 5102//121
f 5110//121 5102//121 5112//279
f 5109//7687 5097//121 5099//121
f 5108//7689 5096//7690 5106//7676
f 5096//7690 5093//7663 5106//7676
f 5108//7689 5098//117 5096//7690
f 5113//7691 5103//7692 5101//117
f 5114//7684 5094//7675 5103//7692
f 5114//7684 5103//7692 5113//7691
f 5113//7691 5101//117 5111//117
f 5111//117 5101//117 5100//117
f 5111//117 5100//117 5108//7689
f 5108//7689 5100//117 5098//117
f 5093//7663 5092//7662 5106//7676
f 5106//7676 5092//7662 5107//7677
f 5119//7693 5116//7694 5120//7695
f 5119//7693 5120//7695 5121//7696
f 5121//7696 5120//7695 5122//7697
f 5121//7696 5122//7697 5123//7698
f 5123//7698 5122//7697 5124//7699
f 5123//7698 5124//7699 5125//7700
f 5123//7698 5125//7700 5126//7701
f 5126//7701 5125//7700 5127//7702
f 5126//7701 5127//7702 5128//7703
f 5128//7703 5127//7702 5117//7704
f 5128//7703 5117//7704 5118//7705
f 5129//7706 5130//7707 5131//7708
f 5131//7708 5130//7707 5132//7709
f 5132//7709 5130//7707 5133//7710
f 5132//7709 5133//7710 5134//7711
f 5134//7711 5133//7710 5135//7712
f 5134//7711 5135//7712 5136//7713
f 5136//7713 5135//7712 5137//7714
f 5136//7713 5137//7714 5117//7704
f 5117//7704 5137//7714 5118//7705
f 5137//7714 5128//7715 5118//7705
f 5133//7716 5126//121 5135//7717
f 5130//7707 5119//7693 5121//7718
f 5135//7717 5128//7715 5137//7714
f 5135//7717 5126//121 5128//7715
f 5130//7707 5121//7718 5133//7716
f 5130//7707 5116//7694 5119//7693
f 5133//7716 5123//121 5126//121
f 5133//7716 5121//7718 5123//121
f 5131//7719 5120//7720 5129//7706
f 5129//7706 5120//7720 5116//7694
f 5136//7713 5125//7721 5134//7722
f 5136//7713 5127//7723 5125//7721
f 5136//7713 5117//7704 5127//7723
f 5132//117 5122//117 5120//7720
f 5132//117 5120//7720 5131//7719
f 5132//117 5124//117 5122//117
f 5125//7721 5124//117 5134//7722
f 5134//7722 5124//117 5132//117
f 5129//7706 5116//7694 5130//7707
f 5140//7724 5138//7725 5141//7726
f 5140//7724 5141//7726 5142//7727
f 5142//7727 5141//7726 5143//7728
f 5142//7727 5143//7728 5144//7729
f 5144//7729 5143//7728 5145//7730
f 5145//7730 5143//7728 5146//7731
f 5145//7730 5146//7731 5147//7732
f 5147//7732 5146//7731 5148//7733
f 5147//7732 5148//7733 5149//7734
f 5149//7734 5148//7733 5150//7735
f 5149//7734 5150//7735 5139//7736
f 5151//7737 5152//7738 5153//7739
f 5151//7737 5153//7739 5154//7740
f 5154//7740 5153//7739 5155//7741
f 5155//7741 5153//7739 5156//7742
f 5155//7741 5156//7742 5157//7743
f 5157//7743 5156//7742 5158//7744
f 5157//7743 5158//7744 5159//7745
f 5157//7743 5159//7745 5160//7746
f 5160//7746 5159//7745 5139//7736
f 5159//7745 5149//7747 5139//7736
f 5152//7738 5140//7724 5153//7687
f 5158//7748 5149//7747 5159//7745
f 5158//7748 5147//121 5149//7747
f 5156//121 5145//121 5158//7748
f 5158//7748 5145//121 5147//121
f 5156//121 5144//121 5145//121
f 5153//7687 5144//121 5156//121
f 5140//7724 5142//121 5153//7687
f 5153//7687 5142//121 5144//121
f 5152//7738 5138//7725 5140//7724
f 5157//7749 5148//117 5146//117
f 5160//7746 5139//7736 5150//7735
f 5160//7746 5150//7735 5157//7749
f 5138//7725 5151//7737 5141//7750
f 5157//7749 5150//7735 5148//117
f 5154//7751 5141//7750 5151//7737
f 5155//117 5143//117 5154//7751
f 5155//117 5146//117 5143//117
f 5157//7749 5146//117 5155//117
f 5154//7751 5143//117 5141//7750
f 5151//7737 5138//7725 5152//7738
f 5161//7752 5162//7753 5164//7754
f 5164//7754 5162//7753 5165//7755
f 5164//7754 5165//7755 5166//7756
f 5166//7756 5165//7755 5167//7757
f 5167//7757 5165//7755 5168//7758
f 5167//7757 5168//7758 5169//7759
f 5169//7759 5168//7758 5170//7760
f 5169//7759 5170//7760 5171//7761
f 5171//7761 5170//7760 5172//7762
f 5171//7761 5172//7762 5173//7763
f 5173//7763 5172//7762 5163//7764
f 5174//7765 5175//7766 5176//7767
f 5174//7765 5176//7767 5177//7768
f 5177//7768 5176//7767 5178//7769
f 5177//7768 5178//7769 5179//7770
f 5179//7770 5178//7769 5180//7771
f 5179//7770 5180//7771 5181//7772
f 5181//7772 5180//7771 5182//7773
f 5181//7772 5182//7773 5163//7764
f 5175//7766 5161//7752 5164//3526
f 5175//7766 5164//3526 5176//7774
f 5180//7775 5171//7776 5182//7773
f 5182//7773 5171//7776 5173//7777
f 5176//7774 5164//3526 5166//117
f 5176//7774 5166//117 5178//117
f 5178//117 5166//117 5167//117
f 5180//7775 5169//117 5171//7776
f 5182//7773 5173//7777 5163//7764
f 5178//117 5167//117 5180//7775
f 5180//7775 5167//117 5169//117
f 5177//825 5165//7778 5174//7765
f 5181//7772 5163//7764 5172//7762
f 5174//7765 5165//7778 5162//7753
f 5181//7772 5172//7762 5170//7779
f 5181//7772 5170//7779 5179//7780
f 5179//7780 5168//121 5177//825
f 5177//825 5168//121 5165//7778
f 5179//7780 5170//7779 5168//121
f 5162//7753 5161//7752 5174//7765
f 5174//7765 5161//7752 5175//7766
f 5183//7781 5184//7782 5186//7783
f 5186//7783 5184//7782 5187//7784
f 5186//7783 5187//7784 5188//7785
f 5188//7785 5187//7784 5189//7786
f 5188//7785 5189//7786 5190//7787
f 5190//7787 5189//7786 5191//7788
f 5191//7788 5189//7786 5192//7789
f 5191//7788 5192//7789 5193//7790
f 5193//7790 5192//7789 5194//7791
f 5193//7790 5194//7791 5195//7792
f 5195//7792 5194//7791 5196//7793
f 5195//7792 5196//7793 5185//7794
f 5197//7795 5198//7796 5199//7797
f 5199//7797 5198//7796 5200//7798
f 5199//7797 5200//7798 5201//7799
f 5201//7799 5200//7798 5202//7800
f 5201//7799 5202//7800 5203//7801
f 5203//7801 5202//7800 5204//7802
f 5203//7801 5204//7802 5205//7803
f 5205//7803 5204//7802 5206//7804
f 5205//7803 5206//7804 5185//7794
f 5202//121 5193//121 5204//265
f 5204//265 5193//121 5195//7792
f 5198//7796 5188//7805 5200//7806
f 5198//7796 5183//7781 5186//7807
f 5204//265 5195//7792 5206//7804
f 5206//7804 5195//7792 5185//7794
f 5200//7806 5188//7805 5190//121
f 5198//7796 5186//7807 5188//7805
f 5202//121 5191//121 5193//121
f 5200//7806 5190//121 5202//121
f 5202//121 5190//121 5191//121
f 5203//7808 5194//7809 5192//117
f 5203//7808 5192//117 5201//117
f 5205//7803 5194//7809 5203//7808
f 5199//287 5184//7782 5197//7795
f 5205//7803 5185//7794 5196//7810
f 5199//287 5187//7811 5184//7782
f 5201//117 5189//117 5199//287
f 5199//287 5189//117 5187//7811
f 5192//117 5189//117 5201//117
f 5205//7803 5196//7810 5194//7809
f 5184//7782 5183//7781 5197//7795
f 5197//7795 5183//7781 5198//7796
f 5207//7812 5208//7813 5210//7814
f 5210//7815 5208//7816 5211//7817
f 5210//7815 5211//7817 5212//7818
f 5210//7815 5212//7818 5213//7819
f 5213//7819 5212//7818 5214//7820
f 5213//7819 5214//7820 5215//7821
f 5215//7821 5214//7820 5216//7822
f 5215//7821 5216//7822 5217//7823
f 5217//7823 5216//7822 5218//7824
f 5217//7823 5218//7824 5209//7825
f 5219//7826 5220//7827 5221//7828
f 5221//7828 5220//7827 5222//7829
f 5221//7828 5222//7829 5223//7830
f 5221//7828 5223//7830 5224//7831
f 5224//7831 5223//7830 5225//7832
f 5224//7831 5225//7832 5226//7833
f 5226//7833 5225//7832 5227//7834
f 5226//7835 5227//7836 5228//7837
f 5228//7837 5227//7836 5209//7825
f 5225//7838 5215//117 5217//7823
f 5225//7838 5217//7823 5227//7836
f 5222//7839 5213//117 5223//117
f 5220//7827 5207//7812 5222//7839
f 5225//7838 5213//117 5215//117
f 5223//117 5213//117 5225//7838
f 5222//7839 5210//7840 5213//117
f 5222//7839 5207//7812 5210//7840
f 5227//7836 5217//7823 5209//7825
f 5221//7841 5211//7842 5208//7813
f 5212//121 5211//7842 5221//7841
f 5224//121 5212//121 5221//7841
f 5226//7843 5214//121 5224//121
f 5226//7843 5216//7844 5214//121
f 5228//7837 5216//7844 5226//7843
f 5221//7841 5208//7813 5219//7826
f 5228//7837 5209//7825 5218//7845
f 5224//121 5214//121 5212//121
f 5228//7837 5218//7845 5216//7844
f 5208//7813 5207//7812 5219//7826
f 5219//7826 5207//7812 5220//7827
f 5345//7846 5286//7847 5229//7848
f 5231//7849 5353//7850 5232//7851
f 5232//7852 5353//7853 5233//7854
f 5354//7855 5233//7856 5353//7857
f 5233//7856 5354//7855 5234//7858
f 5354//7855 5235//7859 5234//7860
f 5234//7860 5235//7859 5236//7861
f 5235//7859 5237//7862 5236//7863
f 5236//7861 5237//7862 5284//7864
f 5284//7864 5281//7865 5236//7861
f 5293//7866 5323//7867 5326//7868
f 5326//7868 5323//7869 5239//7870
f 5238//7871 5327//7872 5239//7873
f 5239//7870 5327//7872 5326//7868
f 5327//7872 5238//7871 5328//7874
f 5328//7874 5238//7871 5240//7875
f 5328//7876 5240//7877 5289//7878
f 5240//7877 5241//7879 5289//7878
f 5250//7880 5251//7881 5232//7852
f 5248//7882 5249//7883 5232//7852
f 5232//7852 5249//7883 5250//7880
f 5333//7884 5252//7885 5253//7886
f 5253//7886 5252//7885 5254//7887
f 5253//7886 5254//7887 5255//7888
f 5253//7886 5255//7888 5256//7889
f 5257//7890 5260//7891 5243//7892
f 5243//7893 5260//7893 5266//7893
f 5250//7880 5260//7894 5257//7890
f 5249//7883 5261//7895 5250//7880
f 5250//7896 5261//7896 5260//7896
f 5247//7897 5261//7898 5249//7883
f 5247//7899 5262//7899 5261//7899
f 5258//7900 5262//7901 5247//7897
f 5258//7902 5263//7902 5262//7902
f 5245//7903 5263//7904 5258//7900
f 5245//7905 5264//7905 5263//7905
f 5259//7906 5264//7907 5245//7903
f 5259//7908 5265//7908 5264//7908
f 5243//7892 5265//7909 5259//7906
f 5243//7910 5266//7910 5265//7910
f 5267//7911 5261//7912 5268//7913
f 5268//7914 5261//7915 5262//7916
f 5268//7914 5262//7916 5263//7917
f 5268//7914 5263//7917 5269//7918
f 5269//7919 5263//7920 5264//7921
f 5269//7919 5264//7921 5265//7922
f 5269//7919 5265//7922 5270//7923
f 5270//7924 5265//7925 5266//7926
f 5270//7924 5266//7926 5260//7927
f 5270//7928 5260//7929 5271//7930
f 5271//7930 5260//7929 5261//7912
f 5271//7930 5261//7912 5267//7911
f 5273//7931 5268//7932 5269//7933
f 5273//7931 5269//7933 5272//7934
f 5275//7935 5267//7936 5274//7937
f 5274//7937 5267//7936 5268//7932
f 5274//7937 5268//7932 5273//7931
f 5276//7938 5271//7939 5275//7935
f 5275//7935 5271//7939 5267//7936
f 5272//7934 5269//7933 5270//7940
f 5272//7934 5270//7940 5276//7938
f 5276//7938 5270//7940 5271//7939
f 5236//7861 5281//7865 5234//7860
f 5341//7941 5340//7942 5282//7943
f 5282//7943 5340//7942 5345//7944
f 5283//7945 5339//7946 5282//7947
f 5282//7948 5339//7949 5341//7941
f 5283//7950 5342//7951 5339//7952
f 5230//7953 5342//7951 5283//7954
f 5281//7865 5284//7864 5338//7955
f 5281//7956 5338//7957 5283//7958
f 5283//7954 5338//7955 5230//7953
f 5282//7959 5345//7846 5343//7960
f 5282//7947 5343//7960 5232//7851
f 5231//7849 5232//7851 5343//7960
f 5252//7885 5241//7961 5240//7962
f 5252//7885 5240//7962 5238//7963
f 5252//7885 5238//7963 5254//7887
f 5254//7887 5238//7963 5239//7964
f 5254//7887 5239//7964 5255//7888
f 5255//7965 5239//7966 5323//7967
f 5298//7968 5311//7969 5299//7970
f 5298//7968 5299//7970 5300//7971
f 5300//7971 5299//7970 5301//7972
f 5300//7971 5301//7972 5302//7973
f 5302//7973 5301//7972 5303//7974
f 5302//7973 5303//7974 5304//7975
f 5304//7975 5303//7974 5309//7976
f 5310//7977 5311//7969 5312//7978
f 5312//7978 5311//7969 5298//7968
f 5294//7979 5314//7980 5317//7981
f 5317//7981 5314//7980 5315//7982
f 5317//7981 5315//7982 5318//7983
f 5318//7983 5315//7982 5316//7984
f 5318//7983 5316//7984 5297//7985
f 5297//7985 5316//7984 5319//7986
f 5289//7987 5241//7988 5290//7989
f 5290//7989 5241//7988 5321//7990
f 5290//7989 5321//7990 5291//7991
f 5291//7992 5321//7993 5292//7994
f 5292//7994 5321//7993 5322//7995
f 5292//7994 5322//7995 5293//7866
f 5293//7866 5322//7995 5323//7867
f 5278//7996 5324//7997 5277//7998
f 5317//7981 5277//7998 5324//7997
f 5317//7981 5324//7997 5325//7999
f 5317//8000 5325//7999 5294//7979
f 5294//7979 5325//7999 5295//8001
f 5295//8001 5325//7999 5280//8002
f 5295//8001 5280//8002 5279//8003
f 5297//7985 5319//7986 5296//8004
f 5296//8004 5319//7986 5313//8005
f 5296//8004 5313//8005 5295//8001
f 5295//8001 5313//8005 5314//7980
f 5295//8001 5314//7980 5294//7979
f 5319//7986 5310//7977 5312//7978
f 5319//7986 5312//7978 5313//8005
f 5313//8005 5312//7978 5298//7968
f 5313//8005 5298//7968 5300//7971
f 5313//8005 5300//7971 5314//7980
f 5314//7980 5300//7971 5315//7982
f 5315//7982 5300//7971 5302//7973
f 5315//7982 5302//7973 5316//7984
f 5316//7984 5302//7973 5304//7975
f 5316//7984 5304//7975 5319//7986
f 5319//7986 5304//7975 5309//7976
f 5319//7986 5309//7976 5310//7977
f 5286//8006 5293//7866 5350//8007
f 5326//7868 5350//8007 5293//7866
f 5326//7868 5346//8008 5350//8007
f 5326//7868 5349//8009 5346//8008
f 5349//8009 5326//7868 5327//7872
f 5348//8010 5349//8009 5327//7872
f 5328//7874 5348//8010 5327//7872
f 5348//8010 5328//7874 5347//8011
f 5289//7878 5347//8011 5328//7876
f 5289//7878 5285//8012 5347//8011
f 5285//8012 5284//7864 5237//7862
f 5285//8012 5237//7862 5287//8013
f 5287//8013 5237//7862 5235//7859
f 5287//8013 5235//7859 5288//8014
f 5288//8014 5235//7859 5354//7855
f 5288//8014 5354//7855 5353//7857
f 5288//8014 5353//7857 5286//8015
f 5286//7847 5353//7850 5231//7849
f 5255//7965 5323//7967 5329//8016
f 5329//8016 5323//7967 5322//8017
f 5329//8016 5322//8017 5330//8018
f 5330//8018 5322//8017 5321//8019
f 5330//8018 5321//8019 5331//8020
f 5331//8020 5321//8019 5241//8021
f 5331//8020 5241//8021 5252//7885
f 5255//7965 5329//8016 5330//8018
f 5308//8022 5256//8023 5307//8024
f 5307//8024 5256//8023 5332//8025
f 5307//8024 5332//8025 5306//8026
f 5306//8026 5332//8025 5333//8027
f 5306//8026 5333//8027 5305//8028
f 5256//7889 5255//7888 5330//8018
f 5256//7889 5330//8018 5332//8029
f 5332//8029 5330//8018 5331//8020
f 5332//8029 5331//8020 5333//7884
f 5333//7884 5331//8020 5252//7885
f 5308//8022 5301//8030 5334//8031
f 5334//8031 5301//8030 5299//8032
f 5334//8031 5299//8032 5305//8028
f 5305//8028 5299//8032 5311//7969
f 5305//8028 5311//7969 5306//8026
f 5306//8026 5311//7969 5310//7977
f 5306//8026 5310//7977 5307//8024
f 5307//8024 5310//7977 5309//7976
f 5307//8024 5309//7976 5303//8033
f 5307//8024 5303//8033 5308//8022
f 5308//8022 5303//8033 5301//8030
f 5305//8028 5333//8027 5253//8034
f 5305//8028 5253//8034 5334//8035
f 5334//8035 5253//8034 5308//8022
f 5308//8022 5253//8034 5256//8023
f 5276//7938 5336//8036 5272//7934
f 5272//7934 5336//8037 5335//8038
f 5275//8039 5277//8040 5336//8041
f 5336//8036 5276//7938 5275//7935
f 5273//7931 5272//7934 5279//8042
f 5272//7934 5335//8038 5279//8042
f 5277//7998 5275//7935 5278//7996
f 5324//7997 5337//8043 5325//7999
f 5337//8043 5320//8044 5325//7999
f 5320//8044 5280//8002 5325//7999
f 5286//7847 5231//7849 5229//7848
f 5229//7848 5231//7849 5343//7960
f 5229//7848 5343//7960 5345//7846
f 5338//7955 5284//7864 5285//8012
f 5289//7878 5338//7955 5285//8012
f 5290//7989 5230//7953 5289//7987
f 5289//7878 5230//7953 5338//7955
f 5342//7951 5230//7953 5290//7989
f 5342//7951 5290//7989 5291//7991
f 5342//7951 5291//7991 5339//7952
f 5292//8045 5341//7941 5339//7949
f 5292//7994 5339//8046 5291//7992
f 5293//7866 5340//7942 5292//7994
f 5292//8045 5340//7942 5341//7941
f 5293//7866 5345//7944 5340//7942
f 5286//8006 5345//7944 5293//7866
f 5337//8047 5278//7996 5274//7937
f 5273//7931 5337//8047 5274//7937
f 5320//8048 5337//8049 5273//8050
f 5273//8050 5280//8051 5320//8048
f 5274//7937 5278//7996 5275//7935
f 5280//8002 5273//8052 5279//8003
f 5277//7998 5317//7981 5318//7983
f 5318//7983 5336//8053 5277//8054
f 5336//8053 5318//7983 5297//7985
f 5335//8055 5336//8056 5297//7985
f 5335//8055 5297//7985 5296//8004
f 5295//8001 5335//8055 5296//8004
f 5295//8001 5279//8003 5335//8055
f 5247//7897 5246//8057 5234//7858
f 5258//7900 5234//7858 5245//7903
f 5245//7903 5234//7858 5244//8058
f 5247//7897 5234//7858 5258//7900
f 5248//7882 5232//7852 5233//7854
f 5246//8057 5233//7856 5234//7858
f 5244//8058 5234//7858 5281//8059
f 5344//8060 5259//7906 5281//7956
f 5281//7956 5259//7906 5245//7903
f 5245//7903 5244//8058 5281//7956
f 5243//7892 5242//8061 5282//7947
f 5257//7890 5282//7947 5250//7880
f 5250//7880 5282//7947 5251//7881
f 5243//7892 5282//7947 5257//7890
f 5344//8060 5281//7956 5283//7958
f 5242//8061 5283//7945 5282//7947
f 5251//7881 5282//7947 5232//7851
f 5283//8062 5259//7906 5344//8060
f 5242//8061 5243//7892 5283//8062
f 5283//8062 5243//7892 5259//7906
f 5233//8063 5249//7883 5248//7882
f 5246//8057 5247//7897 5233//8063
f 5233//8063 5247//7897 5249//7883
f 5349//8009 5348//8010 5351//8064
f 5348//8010 5347//8011 5352//8065
f 5352//8065 5351//8064 5348//8010
f 5351//8064 5346//8008 5349//8009
f 5347//8011 5285//8012 5287//8013
f 5287//8013 5352//8065 5347//8011
f 5288//8014 5352//8065 5287//8013
f 5288//8014 5351//8064 5352//8065
f 5288//8014 5346//8008 5351//8064
f 5286//8015 5346//8008 5288//8014
f 5346//8008 5286//8006 5350//8007
f 5278//7996 5337//8043 5324//7997
